{"type": "FeatureCollection", "features": [{"type": "Feature", "properties": {"STATEFP": "06", "COUNTYFP": "037", "TRACTCE": "670003", "BLKGRPCE": "2", "GEOIDFQ": "1500000US060376700032", "GEOID": "060376700032", "NAME": "2", "NAMELSAD": "Block Group 2", "LSAD": "BG", "ALAND": 403464, "AWATER": 0, "lat": 33.7944573441774, "lon": -118.31968155034458, "pop_total": 2088.0, "hh_total": 593.0, "hh_family": 475.0, "kids_0_4": 77.0, "kids_5_9": 24.0, "kids_10_14": 83.0, "kids_15_17": 264.0, "med_hh_income": 165168.0, "mean_hh_income": "148536.0876897133", "med_home_value": 959300.0, "upper_quartile_home_value": 1102800.0, "hh_income_total": 593.0, "hh_income_<10k": 0.0, "hh_income_10_15k": 0.0, "hh_income_15_20k": 18.0, "hh_income_20_25k": 0.0, "hh_income_25_30k": 12.0, "hh_income_30_35k": 0.0, "hh_income_35_40k": 0.0, "hh_income_40_45k": 15.0, "hh_income_45_50k": 42.0, "hh_income_50_60k": 63.0, "hh_income_60_75k": 45.0, "hh_income_75_100k": 67.0, "hh_income_100_125k": 8.0, "hh_income_125_150k": 16.0, "hh_income_150_200k": 129.0, "hh_income_200k+": 178.0}, "geometry": {"type": "Polygon", "coordinates": [[[-118.322659, 33.798246], [-118.317229, 33.798213], [-118.317241, 33.789533], [-118.319967, 33.78953], [-118.319957, 33.79242], [-118.322672, 33.79243], [-118.322659, 33.798246]]]}}, {"type": "Feature", "properties": {"STATEFP": "06", "COUNTYFP": "037", "TRACTCE": "651201", "BLKGRPCE": "1", "GEOIDFQ": "1500000US060376512011", "GEOID": "060376512011", "NAME": "1", "NAMELSAD": "Block Group 1", "LSAD": "BG", "ALAND": 365066, "AWATER": 0, "lat": 33.82313546801951, "lon": -118.37215645670153, "pop_total": 979.0, "hh_total": 338.0, "hh_family": 288.0, "kids_0_4": 57.0, "kids_5_9": 36.0, "kids_10_14": 55.0, "kids_15_17": 47.0, "med_hh_income": 158750.0, "mean_hh_income": "292160.05917159765", "med_home_value": 1195100.0, "upper_quartile_home_value": 1920700.0, "hh_income_total": 338.0, "hh_income_<10k": 0.0, "hh_income_10_15k": 0.0, "hh_income_15_20k": 0.0, "hh_income_20_25k": 0.0, "hh_income_25_30k": 0.0, "hh_income_30_35k": 10.0, "hh_income_35_40k": 0.0, "hh_income_40_45k": 0.0, "hh_income_45_50k": 0.0, "hh_income_50_60k": 9.0, "hh_income_60_75k": 0.0, "hh_income_75_100k": 48.0, "hh_income_100_125k": 69.0, "hh_income_125_150k": 33.0, "hh_income_150_200k": 57.0, "hh_income_200k+": 112.0}, "geometry": {"type": "Polygon", "coordinates": [[[-118.374416, 33.827402], [-118.372924, 33.827657], [-118.372286, 33.827421], [-118.370609, 33.827082], [-118.369775, 33.824197], [-118.369685, 33.819052], [-118.372792, 33.819032], [-118.374426, 33.819611], [-118.374416, 33.827402]]]}}, {"type": "Feature", "properties": {"STATEFP": "06", "COUNTYFP": "037", "TRACTCE": "620703", "BLKGRPCE": "1", "GEOIDFQ": "1500000US060376207031", "GEOID": "060376207031", "NAME": "1", "NAMELSAD": "Block Group 1", "LSAD": "BG", "ALAND": 129804, "AWATER": 0, "lat": 33.85996349825756, "lon": -118.3842539984171, "pop_total": 1049.0, "hh_total": 379.0, "hh_family": 251.0, "kids_0_4": 62.0, "kids_5_9": 75.0, "kids_10_14": 40.0, "kids_15_17": 61.0, "med_hh_income": 250001.0, "mean_hh_income": "262346.96569920843", "med_home_value": 1417700.0, "upper_quartile_home_value": 1632800.0, "hh_income_total": 379.0, "hh_income_<10k": 0.0, "hh_income_10_15k": 0.0, "hh_income_15_20k": 0.0, "hh_income_20_25k": 0.0, "hh_income_25_30k": 0.0, "hh_income_30_35k": 0.0, "hh_income_35_40k": 0.0, "hh_income_40_45k": 0.0, "hh_income_45_50k": 0.0, "hh_income_50_60k": 0.0, "hh_income_60_75k": 12.0, "hh_income_75_100k": 16.0, "hh_income_100_125k": 0.0, "hh_income_125_150k": 8.0, "hh_income_150_200k": 29.0, "hh_income_200k+": 314.0}, "geometry": {"type": "Polygon", "coordinates": [[[-118.385866, 33.864406], [-118.384525, 33.862294], [-118.383694, 33.86268], [-118.383236, 33.86268], [-118.383228, 33.857188], [-118.383027, 33.856731], [-118.384853, 33.85663], [-118.385276, 33.861392], [-118.385866, 33.864406]]]}}, {"type": "Feature", "properties": {"STATEFP": "06", "COUNTYFP": "037", "TRACTCE": "620400", "BLKGRPCE": "2", "GEOIDFQ": "1500000US060376204002", "GEOID": "060376204002", "NAME": "2", "NAMELSAD": "Block Group 2", "LSAD": "BG", "ALAND": 203886, "AWATER": 0, "lat": 33.88964184583808, "lon": -118.38086451436249, "pop_total": 767.0, "hh_total": 296.0, "hh_family": 219.0, "kids_0_4": 0.0, "kids_5_9": 71.0, "kids_10_14": 38.0, "kids_15_17": 22.0, "med_hh_income": 175833.0, "mean_hh_income": "187520.6081081081", "med_home_value": 2000001.0, "upper_quartile_home_value": 2000001.0, "hh_income_total": 296.0, "hh_income_<10k": 17.0, "hh_income_10_15k": 0.0, "hh_income_15_20k": 0.0, "hh_income_20_25k": 0.0, "hh_income_25_30k": 0.0, "hh_income_30_35k": 0.0, "hh_income_35_40k": 0.0, "hh_income_40_45k": 0.0, "hh_income_45_50k": 0.0, "hh_income_50_60k": 0.0, "hh_income_60_75k": 11.0, "hh_income_75_100k": 25.0, "hh_income_100_125k": 9.0, "hh_income_125_150k": 17.0, "hh_income_150_200k": 95.0, "hh_income_200k+": 122.0}, "geometry": {"type": "Polygon", "coordinates": [[[-118.383046, 33.891927], [-118.378688, 33.891917], [-118.37868, 33.887376], [-118.383031, 33.887345], [-118.383046, 33.891927]]]}}, {"type": "Feature", "properties": {"STATEFP": "06", "COUNTYFP": "037", "TRACTCE": "650200", "BLKGRPCE": "4", "GEOIDFQ": "1500000US060376502004", "GEOID": "060376502004", "NAME": "4", "NAMELSAD": "Block Group 4", "LSAD": "BG", "ALAND": 1131795, "AWATER": 0, "lat": 33.861042034073336, "lon": -118.32375050332156, "pop_total": 1612.0, "hh_total": 486.0, "hh_family": 441.0, "kids_0_4": 178.0, "kids_5_9": 147.0, "kids_10_14": 27.0, "kids_15_17": 28.0, "med_hh_income": 141667.0, "mean_hh_income": "145906.37860082305", "med_home_value": 835800.0, "upper_quartile_home_value": 932500.0, "hh_income_total": 486.0, "hh_income_<10k": 0.0, "hh_income_10_15k": 0.0, "hh_income_15_20k": 0.0, "hh_income_20_25k": 9.0, "hh_income_25_30k": 0.0, "hh_income_30_35k": 0.0, "hh_income_35_40k": 0.0, "hh_income_40_45k": 11.0, "hh_income_45_50k": 27.0, "hh_income_50_60k": 6.0, "hh_income_60_75k": 20.0, "hh_income_75_100k": 34.0, "hh_income_100_125k": 109.0, "hh_income_125_150k": 63.0, "hh_income_150_200k": 121.0, "hh_income_200k+": 86.0}, "geometry": {"type": "Polygon", "coordinates": [[[-118.333331, 33.860568], [-118.332471, 33.860553], [-118.332451, 33.865585], [-118.330992, 33.86606], [-118.326445, 33.864706], [-118.317788, 33.862083], [-118.311982, 33.860388], [-118.309149, 33.859952], [-118.30915, 33.858348], [-118.333322, 33.858327], [-118.333331, 33.860568]]]}}, {"type": "Feature", "properties": {"STATEFP": "06", "COUNTYFP": "037", "TRACTCE": "620305", "BLKGRPCE": "3", "GEOIDFQ": "1500000US060376203053", "GEOID": "060376203053", "NAME": "3", "NAMELSAD": "Block Group 3", "LSAD": "BG", "ALAND": 81052, "AWATER": 0, "lat": 33.898676919740204, "lon": -118.41718722741578, "pop_total": 763.0, "hh_total": 326.0, "hh_family": 182.0, "kids_0_4": 19.0, "kids_5_9": 102.0, "kids_10_14": 0.0, "kids_15_17": 14.0, "med_hh_income": 245469.0, "mean_hh_income": "394970.245398773", "med_home_value": 2000001.0, "upper_quartile_home_value": 2000001.0, "hh_income_total": 326.0, "hh_income_<10k": 16.0, "hh_income_10_15k": 0.0, "hh_income_15_20k": 0.0, "hh_income_20_25k": 5.0, "hh_income_25_30k": 0.0, "hh_income_30_35k": 0.0, "hh_income_35_40k": 0.0, "hh_income_40_45k": 0.0, "hh_income_45_50k": 0.0, "hh_income_50_60k": 0.0, "hh_income_60_75k": 0.0, "hh_income_75_100k": 0.0, "hh_income_100_125k": 20.0, "hh_income_125_150k": 0.0, "hh_income_150_200k": 87.0, "hh_income_200k+": 198.0}, "geometry": {"type": "Polygon", "coordinates": [[[-118.419597107128, 33.8988941702146], [-118.414339, 33.900572], [-118.415642, 33.899477], [-118.415106, 33.898236], [-118.41866295288, 33.8970993504998], [-118.419597107128, 33.8988941702146]]]}}, {"type": "Feature", "properties": {"STATEFP": "06", "COUNTYFP": "037", "TRACTCE": "620400", "BLKGRPCE": "3", "GEOIDFQ": "1500000US060376204003", "GEOID": "060376204003", "NAME": "3", "NAMELSAD": "Block Group 3", "LSAD": "BG", "ALAND": 437608, "AWATER": 10360, "lat": 33.89070247578015, "lon": -118.3867314057463, "pop_total": 1254.0, "hh_total": 484.0, "hh_family": 375.0, "kids_0_4": 63.0, "kids_5_9": 71.0, "kids_10_14": 90.0, "kids_15_17": 154.0, "med_hh_income": 125250.0, "mean_hh_income": "219729.95867768594", "med_home_value": 1968100.0, "upper_quartile_home_value": 2000001.0, "hh_income_total": 484.0, "hh_income_<10k": 0.0, "hh_income_10_15k": 0.0, "hh_income_15_20k": 0.0, "hh_income_20_25k": 0.0, "hh_income_25_30k": 0.0, "hh_income_30_35k": 0.0, "hh_income_35_40k": 0.0, "hh_income_40_45k": 0.0, "hh_income_45_50k": 49.0, "hh_income_50_60k": 1.0, "hh_income_60_75k": 29.0, "hh_income_75_100k": 142.0, "hh_income_100_125k": 19.0, "hh_income_125_150k": 20.0, "hh_income_150_200k": 54.0, "hh_income_200k+": 170.0}, "geometry": {"type": "Polygon", "coordinates": [[[-118.389824, 33.894636], [-118.385152, 33.894636], [-118.385143, 33.891923], [-118.383046, 33.891927], [-118.383031, 33.887345], [-118.385177, 33.887368], [-118.387366, 33.887371], [-118.389806, 33.887368], [-118.389824, 33.894636]]]}}, {"type": "Feature", "properties": {"STATEFP": "06", "COUNTYFP": "037", "TRACTCE": "620601", "BLKGRPCE": "1", "GEOIDFQ": "1500000US060376206011", "GEOID": "060376206011", "NAME": "1", "NAMELSAD": "Block Group 1", "LSAD": "BG", "ALAND": 719126, "AWATER": 0, "lat": 33.86937932868159, "lon": -118.3570722011793, "pop_total": 936.0, "hh_total": 364.0, "hh_family": 230.0, "kids_0_4": 13.0, "kids_5_9": 120.0, "kids_10_14": 104.0, "kids_15_17": 39.0, "med_hh_income": -666666666.0, "mean_hh_income": "125932.96703296703", "med_home_value": 785700.0, "upper_quartile_home_value": 909100.0, "hh_income_total": 364.0, "hh_income_<10k": 12.0, "hh_income_10_15k": 14.0, "hh_income_15_20k": 12.0, "hh_income_20_25k": 0.0, "hh_income_25_30k": 0.0, "hh_income_30_35k": 34.0, "hh_income_35_40k": 0.0, "hh_income_40_45k": 0.0, "hh_income_45_50k": 8.0, "hh_income_50_60k": 52.0, "hh_income_60_75k": 47.0, "hh_income_75_100k": 12.0, "hh_income_100_125k": 20.0, "hh_income_125_150k": 66.0, "hh_income_150_200k": 11.0, "hh_income_200k+": 76.0}, "geometry": {"type": "Polygon", "coordinates": [[[-118.362182, 33.872856], [-118.36129, 33.872858], [-118.358828, 33.872857], [-118.354711, 33.872854], [-118.352509, 33.874317], [-118.352497, 33.872787], [-118.352462, 33.868789], [-118.352461, 33.865526], [-118.352644, 33.865548], [-118.358956, 33.865542], [-118.361179, 33.865529], [-118.361189, 33.868436], [-118.36217, 33.867827], [-118.362171, 33.868046], [-118.362182, 33.872856]]]}}, {"type": "Feature", "properties": {"STATEFP": "06", "COUNTYFP": "037", "TRACTCE": "650501", "BLKGRPCE": "2", "GEOIDFQ": "1500000US060376505012", "GEOID": "060376505012", "NAME": "2", "NAMELSAD": "Block Group 2", "LSAD": "BG", "ALAND": 220201, "AWATER": 0, "lat": 33.85383091333597, "lon": -118.35673788482664, "pop_total": 733.0, "hh_total": 240.0, "hh_family": 222.0, "kids_0_4": 33.0, "kids_5_9": 60.0, "kids_10_14": 91.0, "kids_15_17": 30.0, "med_hh_income": 223750.0, "mean_hh_income": "205694.16666666666", "med_home_value": 1167900.0, "upper_quartile_home_value": 1406300.0, "hh_income_total": 240.0, "hh_income_<10k": 0.0, "hh_income_10_15k": 0.0, "hh_income_15_20k": 0.0, "hh_income_20_25k": 0.0, "hh_income_25_30k": 0.0, "hh_income_30_35k": 0.0, "hh_income_35_40k": 8.0, "hh_income_40_45k": 9.0, "hh_income_45_50k": 0.0, "hh_income_50_60k": 9.0, "hh_income_60_75k": 21.0, "hh_income_75_100k": 0.0, "hh_income_100_125k": 0.0, "hh_income_125_150k": 36.0, "hh_income_150_200k": 12.0, "hh_income_200k+": 145.0}, "geometry": {"type": "Polygon", "coordinates": [[[-118.360522, 33.85485], [-118.356393, 33.855632], [-118.353855, 33.855636], [-118.35361, 33.855502], [-118.353594, 33.852032], [-118.35385, 33.852149], [-118.359656, 33.852188], [-118.360407, 33.854275], [-118.360522, 33.85485]]]}}, {"type": "Feature", "properties": {"STATEFP": "06", "COUNTYFP": "037", "TRACTCE": "620501", "BLKGRPCE": "5", "GEOIDFQ": "1500000US060376205015", "GEOID": "060376205015", "NAME": "5", "NAMELSAD": "Block Group 5", "LSAD": "BG", "ALAND": 105842, "AWATER": 0, "lat": 33.88142866598345, "lon": -118.37676488039116, "pop_total": 553.0, "hh_total": 225.0, "hh_family": 100.0, "kids_0_4": 0.0, "kids_5_9": 41.0, "kids_10_14": 50.0, "kids_15_17": 0.0, "med_hh_income": 162917.0, "mean_hh_income": "169795.11111111112", "med_home_value": 1555200.0, "upper_quartile_home_value": 1673700.0, "hh_income_total": 225.0, "hh_income_<10k": 0.0, "hh_income_10_15k": 0.0, "hh_income_15_20k": 0.0, "hh_income_20_25k": 0.0, "hh_income_25_30k": 0.0, "hh_income_30_35k": 17.0, "hh_income_35_40k": 0.0, "hh_income_40_45k": 0.0, "hh_income_45_50k": 0.0, "hh_income_50_60k": 0.0, "hh_income_60_75k": 0.0, "hh_income_75_100k": 65.0, "hh_income_100_125k": 0.0, "hh_income_125_150k": 14.0, "hh_income_150_200k": 73.0, "hh_income_200k+": 56.0}, "geometry": {"type": "Polygon", "coordinates": [[[-118.378666, 33.88278], [-118.374868, 33.882786], [-118.374859, 33.880078], [-118.378667, 33.880073], [-118.378666, 33.88278]]]}}, {"type": "Feature", "properties": {"STATEFP": "06", "COUNTYFP": "037", "TRACTCE": "670406", "BLKGRPCE": "1", "GEOIDFQ": "1500000US060376704061", "GEOID": "060376704061", "NAME": "1", "NAMELSAD": "Block Group 1", "LSAD": "BG", "ALAND": 1188202, "AWATER": 0, "lat": 33.763106561648414, "lon": -118.38529142404994, "pop_total": 1712.0, "hh_total": 597.0, "hh_family": 490.0, "kids_0_4": 20.0, "kids_5_9": 118.0, "kids_10_14": 153.0, "kids_15_17": 65.0, "med_hh_income": 217917.0, "mean_hh_income": "326279.0619765494", "med_home_value": 2000001.0, "upper_quartile_home_value": 2000001.0, "hh_income_total": 597.0, "hh_income_<10k": 53.0, "hh_income_10_15k": 0.0, "hh_income_15_20k": 0.0, "hh_income_20_25k": 12.0, "hh_income_25_30k": 0.0, "hh_income_30_35k": 11.0, "hh_income_35_40k": 7.0, "hh_income_40_45k": 0.0, "hh_income_45_50k": 6.0, "hh_income_50_60k": 17.0, "hh_income_60_75k": 4.0, "hh_income_75_100k": 39.0, "hh_income_100_125k": 36.0, "hh_income_125_150k": 10.0, "hh_income_150_200k": 67.0, "hh_income_200k+": 335.0}, "geometry": {"type": "Polygon", "coordinates": [[[-118.392538, 33.762213], [-118.391443, 33.763803], [-118.39081, 33.765436], [-118.388542, 33.766316], [-118.386786, 33.768605], [-118.380796, 33.76937], [-118.380717, 33.768927], [-118.378651, 33.761654], [-118.378774, 33.759282], [-118.383669, 33.759036], [-118.388114, 33.757074], [-118.388849, 33.757164], [-118.390921, 33.759634], [-118.393344, 33.760997], [-118.392538, 33.762213]]]}}, {"type": "Feature", "properties": {"STATEFP": "06", "COUNTYFP": "037", "TRACTCE": "651304", "BLKGRPCE": "3", "GEOIDFQ": "1500000US060376513043", "GEOID": "060376513043", "NAME": "3", "NAMELSAD": "Block Group 3", "LSAD": "BG", "ALAND": 440305, "AWATER": 808062, "lat": 33.81020931223924, "lon": -118.39008253537504, "pop_total": 1522.0, "hh_total": 918.0, "hh_family": 224.0, "kids_0_4": 45.0, "kids_5_9": 95.0, "kids_10_14": 0.0, "kids_15_17": 0.0, "med_hh_income": 115132.0, "mean_hh_income": "172112.09150326796", "med_home_value": 1334700.0, "upper_quartile_home_value": 2000001.0, "hh_income_total": 918.0, "hh_income_<10k": 82.0, "hh_income_10_15k": 37.0, "hh_income_15_20k": 19.0, "hh_income_20_25k": 0.0, "hh_income_25_30k": 6.0, "hh_income_30_35k": 19.0, "hh_income_35_40k": 21.0, "hh_income_40_45k": 62.0, "hh_income_45_50k": 0.0, "hh_income_50_60k": 0.0, "hh_income_60_75k": 38.0, "hh_income_75_100k": 35.0, "hh_income_100_125k": 213.0, "hh_income_125_150k": 66.0, "hh_income_150_200k": 65.0, "hh_income_200k+": 255.0}, "geometry": {"type": "Polygon", "coordinates": [[[-118.391679, 33.811039], [-118.390964199251, 33.8151981636148], [-118.387907, 33.814615], [-118.386407, 33.815225], [-118.386465, 33.813778], [-118.386761, 33.811275], [-118.39053, 33.80676], [-118.391114, 33.804946], [-118.390491, 33.804902], [-118.390526, 33.804248], [-118.393971529621, 33.804258334305], [-118.391679, 33.811039]]]}}, {"type": "Feature", "properties": {"STATEFP": "06", "COUNTYFP": "037", "TRACTCE": "620501", "BLKGRPCE": "1", "GEOIDFQ": "1500000US060376205011", "GEOID": "060376205011", "NAME": "1", "NAMELSAD": "Block Group 1", "LSAD": "BG", "ALAND": 164193, "AWATER": 0, "lat": 33.88563903665034, "lon": -118.37232258500885, "pop_total": 1441.0, "hh_total": 524.0, "hh_family": 301.0, "kids_0_4": 99.0, "kids_5_9": 145.0, "kids_10_14": 110.0, "kids_15_17": 72.0, "med_hh_income": 140417.0, "mean_hh_income": "166708.20610687023", "med_home_value": 1091400.0, "upper_quartile_home_value": 1508800.0, "hh_income_total": 524.0, "hh_income_<10k": 0.0, "hh_income_10_15k": 13.0, "hh_income_15_20k": 0.0, "hh_income_20_25k": 0.0, "hh_income_25_30k": 0.0, "hh_income_30_35k": 24.0, "hh_income_35_40k": 16.0, "hh_income_40_45k": 0.0, "hh_income_45_50k": 0.0, "hh_income_50_60k": 35.0, "hh_income_60_75k": 0.0, "hh_income_75_100k": 16.0, "hh_income_100_125k": 138.0, "hh_income_125_150k": 67.0, "hh_income_150_200k": 52.0, "hh_income_200k+": 163.0}, "geometry": {"type": "Polygon", "coordinates": [[[-118.374881, 33.887381], [-118.370146, 33.887386], [-118.369952, 33.886896], [-118.369965, 33.883728], [-118.372764, 33.883724], [-118.374875, 33.884654], [-118.374881, 33.887381]]]}}, {"type": "Feature", "properties": {"STATEFP": "06", "COUNTYFP": "037", "TRACTCE": "621104", "BLKGRPCE": "4", "GEOIDFQ": "1500000US060376211044", "GEOID": "060376211044", "NAME": "4", "NAMELSAD": "Block Group 4", "LSAD": "BG", "ALAND": 297555, "AWATER": 0, "lat": 33.859352656400894, "lon": -118.39584503307329, "pop_total": 1690.0, "hh_total": 896.0, "hh_family": 377.0, "kids_0_4": 107.0, "kids_5_9": 36.0, "kids_10_14": 77.0, "kids_15_17": 17.0, "med_hh_income": 107045.0, "mean_hh_income": "161307.5892857143", "med_home_value": 1877100.0, "upper_quartile_home_value": 2000001.0, "hh_income_total": 896.0, "hh_income_<10k": 37.0, "hh_income_10_15k": 21.0, "hh_income_15_20k": 0.0, "hh_income_20_25k": 0.0, "hh_income_25_30k": 0.0, "hh_income_30_35k": 0.0, "hh_income_35_40k": 0.0, "hh_income_40_45k": 105.0, "hh_income_45_50k": 0.0, "hh_income_50_60k": 24.0, "hh_income_60_75k": 117.0, "hh_income_75_100k": 126.0, "hh_income_100_125k": 49.0, "hh_income_125_150k": 117.0, "hh_income_150_200k": 92.0, "hh_income_200k+": 208.0}, "geometry": {"type": "Polygon", "coordinates": [[[-118.397968, 33.86402], [-118.395419, 33.864589], [-118.394234, 33.860162], [-118.394431, 33.855141], [-118.393272, 33.853861], [-118.395608, 33.853068], [-118.396602, 33.856734], [-118.39732, 33.859609], [-118.398411, 33.863752], [-118.397968, 33.86402]]]}}, {"type": "Feature", "properties": {"STATEFP": "06", "COUNTYFP": "037", "TRACTCE": "604102", "BLKGRPCE": "2", "GEOIDFQ": "1500000US060376041022", "GEOID": "060376041022", "NAME": "2", "NAMELSAD": "Block Group 2", "LSAD": "BG", "ALAND": 242482, "AWATER": 0, "lat": 33.87981125931577, "lon": -118.35043061674425, "pop_total": 1545.0, "hh_total": 473.0, "hh_family": 381.0, "kids_0_4": 147.0, "kids_5_9": 217.0, "kids_10_14": 105.0, "kids_15_17": 63.0, "med_hh_income": 92279.0, "mean_hh_income": "93851.16279069768", "med_home_value": 683600.0, "upper_quartile_home_value": 853300.0, "hh_income_total": 473.0, "hh_income_<10k": 16.0, "hh_income_10_15k": 0.0, "hh_income_15_20k": 36.0, "hh_income_20_25k": 19.0, "hh_income_25_30k": 8.0, "hh_income_30_35k": 29.0, "hh_income_35_40k": 0.0, "hh_income_40_45k": 25.0, "hh_income_45_50k": 0.0, "hh_income_50_60k": 23.0, "hh_income_60_75k": 0.0, "hh_income_75_100k": 106.0, "hh_income_100_125k": 105.0, "hh_income_125_150k": 21.0, "hh_income_150_200k": 80.0, "hh_income_200k+": 5.0}, "geometry": {"type": "Polygon", "coordinates": [[[-118.352375, 33.884377], [-118.34915, 33.881895], [-118.347528, 33.880115], [-118.34884, 33.876635], [-118.352359, 33.876632], [-118.352357, 33.880157], [-118.352343, 33.883569], [-118.352375, 33.884377]]]}}, {"type": "Feature", "properties": {"STATEFP": "06", "COUNTYFP": "037", "TRACTCE": "602302", "BLKGRPCE": "4", "GEOIDFQ": "1500000US060376023024", "GEOID": "060376023024", "NAME": "4", "NAMELSAD": "Block Group 4", "LSAD": "BG", "ALAND": 914911, "AWATER": 0, "lat": 33.89939565182584, "lon": -118.37446263031222, "pop_total": 1490.0, "hh_total": 647.0, "hh_family": 422.0, "kids_0_4": 106.0, "kids_5_9": 202.0, "kids_10_14": 56.0, "kids_15_17": 22.0, "med_hh_income": 160313.0, "mean_hh_income": "170798.14528593508", "med_home_value": 1099200.0, "upper_quartile_home_value": 1245900.0, "hh_income_total": 647.0, "hh_income_<10k": 24.0, "hh_income_10_15k": 9.0, "hh_income_15_20k": 12.0, "hh_income_20_25k": 0.0, "hh_income_25_30k": 0.0, "hh_income_30_35k": 12.0, "hh_income_35_40k": 0.0, "hh_income_40_45k": 9.0, "hh_income_45_50k": 0.0, "hh_income_50_60k": 28.0, "hh_income_60_75k": 20.0, "hh_income_75_100k": 93.0, "hh_income_100_125k": 48.0, "hh_income_125_150k": 53.0, "hh_income_150_200k": 59.0, "hh_income_200k+": 280.0}, "geometry": {"type": "Polygon", "coordinates": [[[-118.378701, 33.901905], [-118.378703, 33.906524], [-118.374285, 33.906543], [-118.374358, 33.901823], [-118.372966, 33.901841], [-118.370548, 33.901761], [-118.370324, 33.901757], [-118.370207, 33.898935], [-118.369981, 33.898286], [-118.368814, 33.896921], [-118.36803, 33.896203], [-118.365858, 33.894643], [-118.37006, 33.894615], [-118.37015, 33.894615], [-118.378721, 33.894646], [-118.378701, 33.901905]]]}}, {"type": "Feature", "properties": {"STATEFP": "06", "COUNTYFP": "037", "TRACTCE": "650300", "BLKGRPCE": "3", "GEOIDFQ": "1500000US060376503003", "GEOID": "060376503003", "NAME": "3", "NAMELSAD": "Block Group 3", "LSAD": "BG", "ALAND": 232296, "AWATER": 0, "lat": 33.866994721729185, "lon": -118.34887110085937, "pop_total": 1845.0, "hh_total": 579.0, "hh_family": 418.0, "kids_0_4": 11.0, "kids_5_9": 45.0, "kids_10_14": 76.0, "kids_15_17": 198.0, "med_hh_income": 86397.0, "mean_hh_income": "108323.31606217616", "med_home_value": 799500.0, "upper_quartile_home_value": 899800.0, "hh_income_total": 579.0, "hh_income_<10k": 0.0, "hh_income_10_15k": 0.0, "hh_income_15_20k": 0.0, "hh_income_20_25k": 0.0, "hh_income_25_30k": 10.0, "hh_income_30_35k": 0.0, "hh_income_35_40k": 15.0, "hh_income_40_45k": 39.0, "hh_income_45_50k": 0.0, "hh_income_50_60k": 32.0, "hh_income_60_75k": 168.0, "hh_income_75_100k": 33.0, "hh_income_100_125k": 115.0, "hh_income_125_150k": 0.0, "hh_income_150_200k": 124.0, "hh_income_200k+": 43.0}, "geometry": {"type": "Polygon", "coordinates": [[[-118.352462, 33.868789], [-118.346609, 33.86871], [-118.346611, 33.86679], [-118.343791, 33.86681], [-118.343793, 33.865571], [-118.352461, 33.865526], [-118.352462, 33.868789]]]}}, {"type": "Feature", "properties": {"STATEFP": "06", "COUNTYFP": "037", "TRACTCE": "604001", "BLKGRPCE": "3", "GEOIDFQ": "1500000US060376040013", "GEOID": "060376040013", "NAME": "3", "NAMELSAD": "Block Group 3", "LSAD": "BG", "ALAND": 110910, "AWATER": 0, "lat": 33.882310981103245, "lon": -118.36007411486912, "pop_total": 587.0, "hh_total": 209.0, "hh_family": 151.0, "kids_0_4": 31.0, "kids_5_9": 27.0, "kids_10_14": 32.0, "kids_15_17": 0.0, "med_hh_income": 111420.0, "mean_hh_income": "98768.42105263157", "med_home_value": 703100.0, "upper_quartile_home_value": 858000.0, "hh_income_total": 209.0, "hh_income_<10k": 11.0, "hh_income_10_15k": 11.0, "hh_income_15_20k": 0.0, "hh_income_20_25k": 0.0, "hh_income_25_30k": 0.0, "hh_income_30_35k": 0.0, "hh_income_35_40k": 0.0, "hh_income_40_45k": 0.0, "hh_income_45_50k": 0.0, "hh_income_50_60k": 25.0, "hh_income_60_75k": 39.0, "hh_income_75_100k": 6.0, "hh_income_100_125k": 46.0, "hh_income_125_150k": 46.0, "hh_income_150_200k": 25.0, "hh_income_200k+": 0.0}, "geometry": {"type": "Polygon", "coordinates": [[[-118.361319, 33.884501], [-118.358825, 33.8845], [-118.358837, 33.883534], [-118.358834, 33.880115], [-118.361309, 33.88012], [-118.361317, 33.883538], [-118.361319, 33.884501]]]}}, {"type": "Feature", "properties": {"STATEFP": "06", "COUNTYFP": "037", "TRACTCE": "543503", "BLKGRPCE": "1", "GEOIDFQ": "1500000US060375435031", "GEOID": "060375435031", "NAME": "1", "NAMELSAD": "Block Group 1", "LSAD": "BG", "ALAND": 435763, "AWATER": 12058, "lat": 33.8344898843846, "lon": -118.29400354543489, "pop_total": 1888.0, "hh_total": 796.0, "hh_family": 518.0, "kids_0_4": 117.0, "kids_5_9": 19.0, "kids_10_14": 35.0, "kids_15_17": 26.0, "med_hh_income": 90682.0, "mean_hh_income": "113134.54773869347", "med_home_value": 763400.0, "upper_quartile_home_value": 881700.0, "hh_income_total": 796.0, "hh_income_<10k": 0.0, "hh_income_10_15k": 0.0, "hh_income_15_20k": 0.0, "hh_income_20_25k": 10.0, "hh_income_25_30k": 0.0, "hh_income_30_35k": 8.0, "hh_income_35_40k": 181.0, "hh_income_40_45k": 8.0, "hh_income_45_50k": 76.0, "hh_income_50_60k": 45.0, "hh_income_60_75k": 35.0, "hh_income_75_100k": 79.0, "hh_income_100_125k": 45.0, "hh_income_125_150k": 26.0, "hh_income_150_200k": 191.0, "hh_income_200k+": 92.0}, "geometry": {"type": "Polygon", "coordinates": [[[-118.299196, 33.835571], [-118.291981, 33.835688], [-118.291538, 33.836104], [-118.291371, 33.841045], [-118.29003, 33.842035], [-118.290301, 33.831575], [-118.299192, 33.831549], [-118.299196, 33.835571]]]}}, {"type": "Feature", "properties": {"STATEFP": "06", "COUNTYFP": "037", "TRACTCE": "651101", "BLKGRPCE": "2", "GEOIDFQ": "1500000US060376511012", "GEOID": "060376511012", "NAME": "2", "NAMELSAD": "Block Group 2", "LSAD": "BG", "ALAND": 4700070, "AWATER": 2404, "lat": 33.80650567345575, "lon": -118.33818108984612, "pop_total": 2208.0, "hh_total": 816.0, "hh_family": 585.0, "kids_0_4": 82.0, "kids_5_9": 261.0, "kids_10_14": 157.0, "kids_15_17": 80.0, "med_hh_income": 111923.0, "mean_hh_income": "129442.76960784313", "med_home_value": 1178800.0, "upper_quartile_home_value": 1431200.0, "hh_income_total": 816.0, "hh_income_<10k": 39.0, "hh_income_10_15k": 14.0, "hh_income_15_20k": 0.0, "hh_income_20_25k": 14.0, "hh_income_25_30k": 0.0, "hh_income_30_35k": 17.0, "hh_income_35_40k": 48.0, "hh_income_40_45k": 34.0, "hh_income_45_50k": 0.0, "hh_income_50_60k": 36.0, "hh_income_60_75k": 50.0, "hh_income_75_100k": 139.0, "hh_income_100_125k": 61.0, "hh_income_125_150k": 183.0, "hh_income_150_200k": 53.0, "hh_income_200k+": 128.0}, "geometry": {"type": "Polygon", "coordinates": [[[-118.350982, 33.815868], [-118.347746, 33.81458], [-118.347671, 33.818491], [-118.342896, 33.818505], [-118.341011, 33.81833], [-118.341065, 33.819433], [-118.340064, 33.822379], [-118.336555, 33.821786], [-118.336885, 33.81523], [-118.330897, 33.812683], [-118.328032, 33.812774], [-118.327998, 33.809843], [-118.327941, 33.806862], [-118.327948, 33.805904], [-118.327924, 33.803334], [-118.325943, 33.803326], [-118.325952, 33.800857], [-118.328091, 33.800863], [-118.328111, 33.798239], [-118.32819, 33.790265], [-118.326446, 33.789545], [-118.328186, 33.789551], [-118.32867, 33.789563], [-118.330089, 33.789946], [-118.33315, 33.792088], [-118.337231, 33.795064], [-118.344482, 33.800995], [-118.348134, 33.803775], [-118.350999, 33.805025], [-118.350982, 33.815868]]]}}, {"type": "Feature", "properties": {"STATEFP": "06", "COUNTYFP": "037", "TRACTCE": "620602", "BLKGRPCE": "4", "GEOIDFQ": "1500000US060376206024", "GEOID": "060376206024", "NAME": "4", "NAMELSAD": "Block Group 4", "LSAD": "BG", "ALAND": 323498, "AWATER": 0, "lat": 33.86125461643866, "lon": -118.370168413577, "pop_total": 1608.0, "hh_total": 622.0, "hh_family": 464.0, "kids_0_4": 140.0, "kids_5_9": 81.0, "kids_10_14": 115.0, "kids_15_17": 87.0, "med_hh_income": 175732.0, "mean_hh_income": "239248.3922829582", "med_home_value": 978800.0, "upper_quartile_home_value": 1623700.0, "hh_income_total": 622.0, "hh_income_<10k": 0.0, "hh_income_10_15k": 0.0, "hh_income_15_20k": 0.0, "hh_income_20_25k": 0.0, "hh_income_25_30k": 0.0, "hh_income_30_35k": 0.0, "hh_income_35_40k": 0.0, "hh_income_40_45k": 0.0, "hh_income_45_50k": 0.0, "hh_income_50_60k": 19.0, "hh_income_60_75k": 21.0, "hh_income_75_100k": 56.0, "hh_income_100_125k": 38.0, "hh_income_125_150k": 15.0, "hh_income_150_200k": 209.0, "hh_income_200k+": 264.0}, "geometry": {"type": "Polygon", "coordinates": [[[-118.372702, 33.863356], [-118.372705, 33.864291], [-118.367706, 33.864397], [-118.367693, 33.860166], [-118.367145, 33.858274], [-118.369867, 33.85827], [-118.372797, 33.858262], [-118.372702, 33.863356]]]}}, {"type": "Feature", "properties": {"STATEFP": "06", "COUNTYFP": "037", "TRACTCE": "543603", "BLKGRPCE": "1", "GEOIDFQ": "1500000US060375436031", "GEOID": "060375436031", "NAME": "1", "NAMELSAD": "Block Group 1", "LSAD": "BG", "ALAND": 742590, "AWATER": 0, "lat": 33.80107302999423, "lon": -118.29380620842173, "pop_total": 2164.0, "hh_total": 957.0, "hh_family": 608.0, "kids_0_4": 28.0, "kids_5_9": 44.0, "kids_10_14": 108.0, "kids_15_17": 56.0, "med_hh_income": 52135.0, "mean_hh_income": "85558.82967607105", "med_home_value": 181600.0, "upper_quartile_home_value": -666666666.0, "hh_income_total": 957.0, "hh_income_<10k": 69.0, "hh_income_10_15k": 36.0, "hh_income_15_20k": 54.0, "hh_income_20_25k": 21.0, "hh_income_25_30k": 138.0, "hh_income_30_35k": 34.0, "hh_income_35_40k": 54.0, "hh_income_40_45k": 47.0, "hh_income_45_50k": 5.0, "hh_income_50_60k": 69.0, "hh_income_60_75k": 35.0, "hh_income_75_100k": 103.0, "hh_income_100_125k": 89.0, "hh_income_125_150k": 50.0, "hh_income_150_200k": 19.0, "hh_income_200k+": 134.0}, "geometry": {"type": "Polygon", "coordinates": [[[-118.299114, 33.803405], [-118.298796, 33.806248], [-118.297012, 33.804809], [-118.29636, 33.804512], [-118.295122, 33.804218], [-118.288566, 33.804268], [-118.288767, 33.801089], [-118.286737, 33.797818], [-118.28895, 33.797761], [-118.295918, 33.797785], [-118.299065, 33.797783], [-118.299146, 33.797796], [-118.299114, 33.803405]]]}}, {"type": "Feature", "properties": {"STATEFP": "06", "COUNTYFP": "037", "TRACTCE": "651002", "BLKGRPCE": "4", "GEOIDFQ": "1500000US060376510024", "GEOID": "060376510024", "NAME": "4", "NAMELSAD": "Block Group 4", "LSAD": "BG", "ALAND": 247132, "AWATER": 0, "lat": 33.80835446145787, "lon": -118.3239399732753, "pop_total": 1171.0, "hh_total": 364.0, "hh_family": 286.0, "kids_0_4": 38.0, "kids_5_9": 60.0, "kids_10_14": 127.0, "kids_15_17": 16.0, "med_hh_income": 154239.0, "mean_hh_income": "226585.989010989", "med_home_value": 1078500.0, "upper_quartile_home_value": 1217100.0, "hh_income_total": 364.0, "hh_income_<10k": 12.0, "hh_income_10_15k": 0.0, "hh_income_15_20k": 0.0, "hh_income_20_25k": 0.0, "hh_income_25_30k": 0.0, "hh_income_30_35k": 0.0, "hh_income_35_40k": 10.0, "hh_income_40_45k": 0.0, "hh_income_45_50k": 0.0, "hh_income_50_60k": 13.0, "hh_income_60_75k": 8.0, "hh_income_75_100k": 77.0, "hh_income_100_125k": 30.0, "hh_income_125_150k": 0.0, "hh_income_150_200k": 78.0, "hh_income_200k+": 136.0}, "geometry": {"type": "Polygon", "coordinates": [[[-118.327998, 33.809843], [-118.319899, 33.809842], [-118.319911, 33.808386], [-118.319916, 33.807661], [-118.319919, 33.806861], [-118.327941, 33.806862], [-118.327998, 33.809843]]]}}, {"type": "Feature", "properties": {"STATEFP": "06", "COUNTYFP": "037", "TRACTCE": "650702", "BLKGRPCE": "3", "GEOIDFQ": "1500000US060376507023", "GEOID": "060376507023", "NAME": "3", "NAMELSAD": "Block Group 3", "LSAD": "BG", "ALAND": 387805, "AWATER": 0, "lat": 33.828753712982696, "lon": -118.36490018731793, "pop_total": 1448.0, "hh_total": 523.0, "hh_family": 413.0, "kids_0_4": 136.0, "kids_5_9": 86.0, "kids_10_14": 95.0, "kids_15_17": 23.0, "med_hh_income": 143813.0, "mean_hh_income": "179692.1606118547", "med_home_value": 1124400.0, "upper_quartile_home_value": 1281300.0, "hh_income_total": 523.0, "hh_income_<10k": 8.0, "hh_income_10_15k": 32.0, "hh_income_15_20k": 0.0, "hh_income_20_25k": 0.0, "hh_income_25_30k": 0.0, "hh_income_30_35k": 7.0, "hh_income_35_40k": 7.0, "hh_income_40_45k": 18.0, "hh_income_45_50k": 7.0, "hh_income_50_60k": 20.0, "hh_income_60_75k": 13.0, "hh_income_75_100k": 30.0, "hh_income_100_125k": 77.0, "hh_income_125_150k": 66.0, "hh_income_150_200k": 66.0, "hh_income_200k+": 172.0}, "geometry": {"type": "Polygon", "coordinates": [[[-118.369235, 33.83141], [-118.366451, 33.831364], [-118.361257, 33.83031], [-118.359935, 33.827566], [-118.359815, 33.826224], [-118.36154, 33.826376], [-118.36924, 33.82699], [-118.369235, 33.83141]]]}}, {"type": "Feature", "properties": {"STATEFP": "06", "COUNTYFP": "037", "TRACTCE": "293206", "BLKGRPCE": "1", "GEOIDFQ": "1500000US060372932061", "GEOID": "060372932061", "NAME": "1", "NAMELSAD": "Block Group 1", "LSAD": "BG", "ALAND": 205480, "AWATER": 0, "lat": 33.82458342827671, "lon": -118.30459377954094, "pop_total": 1084.0, "hh_total": 350.0, "hh_family": 258.0, "kids_0_4": 48.0, "kids_5_9": 85.0, "kids_10_14": 68.0, "kids_15_17": 68.0, "med_hh_income": 73897.0, "mean_hh_income": "90871.71428571429", "med_home_value": 832000.0, "upper_quartile_home_value": 929400.0, "hh_income_total": 350.0, "hh_income_<10k": 15.0, "hh_income_10_15k": 14.0, "hh_income_15_20k": 15.0, "hh_income_20_25k": 25.0, "hh_income_25_30k": 0.0, "hh_income_30_35k": 29.0, "hh_income_35_40k": 25.0, "hh_income_40_45k": 20.0, "hh_income_45_50k": 0.0, "hh_income_50_60k": 7.0, "hh_income_60_75k": 40.0, "hh_income_75_100k": 29.0, "hh_income_100_125k": 25.0, "hh_income_125_150k": 46.0, "hh_income_150_200k": 29.0, "hh_income_200k+": 31.0}, "geometry": {"type": "Polygon", "coordinates": [[[-118.309019, 33.825625], [-118.299185, 33.825696], [-118.299184, 33.824506], [-118.301531, 33.824534], [-118.301517, 33.82338], [-118.308991, 33.823317], [-118.309019, 33.825625]]]}}, {"type": "Feature", "properties": {"STATEFP": "06", "COUNTYFP": "037", "TRACTCE": "651002", "BLKGRPCE": "2", "GEOIDFQ": "1500000US060376510022", "GEOID": "060376510022", "NAME": "2", "NAMELSAD": "Block Group 2", "LSAD": "BG", "ALAND": 324167, "AWATER": 0, "lat": 33.81522589215686, "lon": -118.32404588565248, "pop_total": 1137.0, "hh_total": 331.0, "hh_family": 278.0, "kids_0_4": 15.0, "kids_5_9": 58.0, "kids_10_14": 26.0, "kids_15_17": 68.0, "med_hh_income": 184931.0, "mean_hh_income": "263225.37764350453", "med_home_value": 1129600.0, "upper_quartile_home_value": 1355300.0, "hh_income_total": 331.0, "hh_income_<10k": 0.0, "hh_income_10_15k": 0.0, "hh_income_15_20k": 0.0, "hh_income_20_25k": 0.0, "hh_income_25_30k": 10.0, "hh_income_30_35k": 0.0, "hh_income_35_40k": 0.0, "hh_income_40_45k": 0.0, "hh_income_45_50k": 14.0, "hh_income_50_60k": 9.0, "hh_income_60_75k": 9.0, "hh_income_75_100k": 15.0, "hh_income_100_125k": 48.0, "hh_income_125_150k": 30.0, "hh_income_150_200k": 49.0, "hh_income_200k+": 147.0}, "geometry": {"type": "Polygon", "coordinates": [[[-118.328025, 33.817124], [-118.319854, 33.817091], [-118.319858, 33.815635], [-118.319871, 33.813458], [-118.325307, 33.813478], [-118.328032, 33.812774], [-118.328025, 33.817124]]]}}, {"type": "Feature", "properties": {"STATEFP": "06", "COUNTYFP": "037", "TRACTCE": "620601", "BLKGRPCE": "2", "GEOIDFQ": "1500000US060376206012", "GEOID": "060376206012", "NAME": "2", "NAMELSAD": "Block Group 2", "LSAD": "BG", "ALAND": 208124, "AWATER": 0, "lat": 33.870447185261206, "lon": -118.364284736638, "pop_total": 1369.0, "hh_total": 528.0, "hh_family": 327.0, "kids_0_4": 177.0, "kids_5_9": 117.0, "kids_10_14": 38.0, "kids_15_17": 39.0, "med_hh_income": 175214.0, "mean_hh_income": "193412.6893939394", "med_home_value": 1083800.0, "upper_quartile_home_value": 1193600.0, "hh_income_total": 528.0, "hh_income_<10k": 31.0, "hh_income_10_15k": 0.0, "hh_income_15_20k": 12.0, "hh_income_20_25k": 0.0, "hh_income_25_30k": 0.0, "hh_income_30_35k": 0.0, "hh_income_35_40k": 0.0, "hh_income_40_45k": 0.0, "hh_income_45_50k": 32.0, "hh_income_50_60k": 0.0, "hh_income_60_75k": 37.0, "hh_income_75_100k": 28.0, "hh_income_100_125k": 46.0, "hh_income_125_150k": 75.0, "hh_income_150_200k": 51.0, "hh_income_200k+": 216.0}, "geometry": {"type": "Polygon", "coordinates": [[[-118.366399, 33.872847], [-118.364292, 33.872852], [-118.362182, 33.872856], [-118.362171, 33.868046], [-118.366387, 33.868039], [-118.36639, 33.869029], [-118.366399, 33.872847]]]}}, {"type": "Feature", "properties": {"STATEFP": "06", "COUNTYFP": "037", "TRACTCE": "621104", "BLKGRPCE": "2", "GEOIDFQ": "1500000US060376211042", "GEOID": "060376211042", "NAME": "2", "NAMELSAD": "Block Group 2", "LSAD": "BG", "ALAND": 220230, "AWATER": 606445, "lat": 33.85953912493272, "lon": -118.39946820292812, "pop_total": 816.0, "hh_total": 426.0, "hh_family": 146.0, "kids_0_4": 0.0, "kids_5_9": 95.0, "kids_10_14": 34.0, "kids_15_17": 19.0, "med_hh_income": 119509.0, "mean_hh_income": "151774.17840375588", "med_home_value": 2000001.0, "upper_quartile_home_value": 2000001.0, "hh_income_total": 426.0, "hh_income_<10k": 21.0, "hh_income_10_15k": 0.0, "hh_income_15_20k": 0.0, "hh_income_20_25k": 0.0, "hh_income_25_30k": 0.0, "hh_income_30_35k": 0.0, "hh_income_35_40k": 18.0, "hh_income_40_45k": 16.0, "hh_income_45_50k": 0.0, "hh_income_50_60k": 16.0, "hh_income_60_75k": 9.0, "hh_income_75_100k": 0.0, "hh_income_100_125k": 168.0, "hh_income_125_150k": 32.0, "hh_income_150_200k": 58.0, "hh_income_200k+": 88.0}, "geometry": {"type": "Polygon", "coordinates": [[[-118.401664, 33.861913], [-118.399481, 33.862414], [-118.398411, 33.863752], [-118.39732, 33.859609], [-118.400628, 33.859018], [-118.399573, 33.856182], [-118.397872, 33.852393], [-118.399400773018, 33.851911951475], [-118.399228, 33.855132], [-118.402144772201, 33.8618266911608], [-118.401664, 33.861913]]]}}, {"type": "Feature", "properties": {"STATEFP": "06", "COUNTYFP": "037", "TRACTCE": "620801", "BLKGRPCE": "3", "GEOIDFQ": "1500000US060376208013", "GEOID": "060376208013", "NAME": "3", "NAMELSAD": "Block Group 3", "LSAD": "BG", "ALAND": 191562, "AWATER": 0, "lat": 33.876639018237604, "lon": -118.38577627867718, "pop_total": 944.0, "hh_total": 266.0, "hh_family": 241.0, "kids_0_4": 179.0, "kids_5_9": 85.0, "kids_10_14": 82.0, "kids_15_17": 61.0, "med_hh_income": 250001.0, "mean_hh_income": "373915.037593985", "med_home_value": 2000001.0, "upper_quartile_home_value": 2000001.0, "hh_income_total": 266.0, "hh_income_<10k": 0.0, "hh_income_10_15k": 18.0, "hh_income_15_20k": 0.0, "hh_income_20_25k": 0.0, "hh_income_25_30k": 0.0, "hh_income_30_35k": 0.0, "hh_income_35_40k": 0.0, "hh_income_40_45k": 0.0, "hh_income_45_50k": 0.0, "hh_income_50_60k": 0.0, "hh_income_60_75k": 10.0, "hh_income_75_100k": 0.0, "hh_income_100_125k": 15.0, "hh_income_125_150k": 14.0, "hh_income_150_200k": 39.0, "hh_income_200k+": 170.0}, "geometry": {"type": "Polygon", "coordinates": [[[-118.387352, 33.879427], [-118.385126, 33.879436], [-118.383009, 33.879423], [-118.382996, 33.877551], [-118.385122, 33.87756], [-118.385116, 33.872852], [-118.387365, 33.872861], [-118.387352, 33.879427]]]}}, {"type": "Feature", "properties": {"STATEFP": "06", "COUNTYFP": "037", "TRACTCE": "621201", "BLKGRPCE": "1", "GEOIDFQ": "1500000US060376212011", "GEOID": "060376212011", "NAME": "1", "NAMELSAD": "Block Group 1", "LSAD": "BG", "ALAND": 554059, "AWATER": 0, "lat": 33.85405779750263, "lon": -118.38260214512738, "pop_total": 2478.0, "hh_total": 880.0, "hh_family": 310.0, "kids_0_4": 168.0, "kids_5_9": 100.0, "kids_10_14": 104.0, "kids_15_17": 27.0, "med_hh_income": 154896.0, "mean_hh_income": "204691.25", "med_home_value": 1779600.0, "upper_quartile_home_value": 2000001.0, "hh_income_total": 880.0, "hh_income_<10k": 15.0, "hh_income_10_15k": 0.0, "hh_income_15_20k": 0.0, "hh_income_20_25k": 16.0, "hh_income_25_30k": 14.0, "hh_income_30_35k": 0.0, "hh_income_35_40k": 0.0, "hh_income_40_45k": 16.0, "hh_income_45_50k": 0.0, "hh_income_50_60k": 24.0, "hh_income_60_75k": 194.0, "hh_income_75_100k": 21.0, "hh_income_100_125k": 38.0, "hh_income_125_150k": 79.0, "hh_income_150_200k": 118.0, "hh_income_200k+": 345.0}, "geometry": {"type": "Polygon", "coordinates": [[[-118.390308, 33.854854], [-118.384853, 33.85663], [-118.383027, 33.856731], [-118.378868, 33.858076], [-118.378219, 33.854993], [-118.37837, 33.854952], [-118.377948, 33.852849], [-118.378191, 33.852032], [-118.381513, 33.84948], [-118.385243, 33.852376], [-118.389556, 33.854545], [-118.390142, 33.854356], [-118.390308, 33.854854]]]}}, {"type": "Feature", "properties": {"STATEFP": "06", "COUNTYFP": "037", "TRACTCE": "620201", "BLKGRPCE": "2", "GEOIDFQ": "1500000US060376202012", "GEOID": "060376202012", "NAME": "2", "NAMELSAD": "Block Group 2", "LSAD": "BG", "ALAND": 158791, "AWATER": 183201, "lat": 33.901899860659974, "lon": -118.41920190026612, "pop_total": 684.0, "hh_total": 415.0, "hh_family": 144.0, "kids_0_4": 51.0, "kids_5_9": 18.0, "kids_10_14": 22.0, "kids_15_17": 0.0, "med_hh_income": 163403.0, "mean_hh_income": "203130.60240963855", "med_home_value": 1935800.0, "upper_quartile_home_value": 2000001.0, "hh_income_total": 415.0, "hh_income_<10k": 15.0, "hh_income_10_15k": 0.0, "hh_income_15_20k": 32.0, "hh_income_20_25k": 0.0, "hh_income_25_30k": 0.0, "hh_income_30_35k": 0.0, "hh_income_35_40k": 0.0, "hh_income_40_45k": 0.0, "hh_income_45_50k": 14.0, "hh_income_50_60k": 3.0, "hh_income_60_75k": 0.0, "hh_income_75_100k": 85.0, "hh_income_100_125k": 15.0, "hh_income_125_150k": 33.0, "hh_income_150_200k": 89.0, "hh_income_200k+": 129.0}, "geometry": {"type": "Polygon", "coordinates": [[[-118.421492885637, 33.9025365886384], [-118.418411, 33.903713], [-118.417476, 33.901774], [-118.415774, 33.901649], [-118.419695, 33.900389], [-118.420257354695, 33.9001627244743], [-118.421492885637, 33.9025365886384]]]}}, {"type": "Feature", "properties": {"STATEFP": "06", "COUNTYFP": "037", "TRACTCE": "670407", "BLKGRPCE": "2", "GEOIDFQ": "1500000US060376704072", "GEOID": "060376704072", "NAME": "2", "NAMELSAD": "Block Group 2", "LSAD": "BG", "ALAND": 295646, "AWATER": 0, "lat": 33.77524473843635, "lon": -118.38786727878735, "pop_total": 1766.0, "hh_total": 740.0, "hh_family": 500.0, "kids_0_4": 83.0, "kids_5_9": 126.0, "kids_10_14": 102.0, "kids_15_17": 112.0, "med_hh_income": 176979.0, "mean_hh_income": "288190.8108108108", "med_home_value": 854800.0, "upper_quartile_home_value": 1312500.0, "hh_income_total": 740.0, "hh_income_<10k": 46.0, "hh_income_10_15k": 0.0, "hh_income_15_20k": 0.0, "hh_income_20_25k": 0.0, "hh_income_25_30k": 0.0, "hh_income_30_35k": 0.0, "hh_income_35_40k": 0.0, "hh_income_40_45k": 0.0, "hh_income_45_50k": 0.0, "hh_income_50_60k": 69.0, "hh_income_60_75k": 0.0, "hh_income_75_100k": 72.0, "hh_income_100_125k": 59.0, "hh_income_125_150k": 86.0, "hh_income_150_200k": 112.0, "hh_income_200k+": 296.0}, "geometry": {"type": "Polygon", "coordinates": [[[-118.392541, 33.777462], [-118.391035, 33.779036], [-118.390407, 33.777235], [-118.38851, 33.776419], [-118.385081, 33.776729], [-118.381419, 33.774562], [-118.383763, 33.774747], [-118.383387, 33.772917], [-118.381575, 33.771855], [-118.384609, 33.771378], [-118.384113, 33.774295], [-118.388118, 33.774648], [-118.389395, 33.776204], [-118.390282, 33.773872], [-118.392238, 33.772921], [-118.392541, 33.777462]]]}}, {"type": "Feature", "properties": {"STATEFP": "06", "COUNTYFP": "037", "TRACTCE": "620701", "BLKGRPCE": "3", "GEOIDFQ": "1500000US060376207013", "GEOID": "060376207013", "NAME": "3", "NAMELSAD": "Block Group 3", "LSAD": "BG", "ALAND": 181784, "AWATER": 0, "lat": 33.87070669458129, "lon": -118.38456508058988, "pop_total": 1197.0, "hh_total": 499.0, "hh_family": 392.0, "kids_0_4": 41.0, "kids_5_9": 56.0, "kids_10_14": 72.0, "kids_15_17": 54.0, "med_hh_income": 198631.0, "mean_hh_income": "166449.8997995992", "med_home_value": 1153600.0, "upper_quartile_home_value": 1555200.0, "hh_income_total": 499.0, "hh_income_<10k": 0.0, "hh_income_10_15k": 0.0, "hh_income_15_20k": 70.0, "hh_income_20_25k": 0.0, "hh_income_25_30k": 0.0, "hh_income_30_35k": 0.0, "hh_income_35_40k": 0.0, "hh_income_40_45k": 0.0, "hh_income_45_50k": 24.0, "hh_income_50_60k": 51.0, "hh_income_60_75k": 0.0, "hh_income_75_100k": 15.0, "hh_income_100_125k": 31.0, "hh_income_125_150k": 13.0, "hh_income_150_200k": 80.0, "hh_income_200k+": 215.0}, "geometry": {"type": "Polygon", "coordinates": [[[-118.387365, 33.872861], [-118.385116, 33.872852], [-118.382742, 33.872846], [-118.382722, 33.868624], [-118.38407, 33.867177], [-118.387275, 33.872029], [-118.387365, 33.872861]]]}}, {"type": "Feature", "properties": {"STATEFP": "06", "COUNTYFP": "037", "TRACTCE": "620001", "BLKGRPCE": "3", "GEOIDFQ": "1500000US060376200013", "GEOID": "060376200013", "NAME": "3", "NAMELSAD": "Block Group 3", "LSAD": "BG", "ALAND": 416332, "AWATER": 0, "lat": 33.928245147941205, "lon": -118.40795081050808, "pop_total": 1928.0, "hh_total": 794.0, "hh_family": 454.0, "kids_0_4": 72.0, "kids_5_9": 115.0, "kids_10_14": 159.0, "kids_15_17": 76.0, "med_hh_income": 183000.0, "mean_hh_income": "272689.79848866496", "med_home_value": 1651700.0, "upper_quartile_home_value": 1925800.0, "hh_income_total": 794.0, "hh_income_<10k": 9.0, "hh_income_10_15k": 0.0, "hh_income_15_20k": 0.0, "hh_income_20_25k": 0.0, "hh_income_25_30k": 0.0, "hh_income_30_35k": 10.0, "hh_income_35_40k": 19.0, "hh_income_40_45k": 12.0, "hh_income_45_50k": 0.0, "hh_income_50_60k": 18.0, "hh_income_60_75k": 62.0, "hh_income_75_100k": 73.0, "hh_income_100_125k": 27.0, "hh_income_125_150k": 7.0, "hh_income_150_200k": 175.0, "hh_income_200k+": 382.0}, "geometry": {"type": "Polygon", "coordinates": [[[-118.411367, 33.931296], [-118.403966, 33.931299], [-118.401862, 33.930873], [-118.40486, 33.930865], [-118.404847, 33.926037], [-118.404846, 33.925076], [-118.41121, 33.925063], [-118.411225, 33.93085], [-118.411367, 33.931296]]]}}, {"type": "Feature", "properties": {"STATEFP": "06", "COUNTYFP": "037", "TRACTCE": "621204", "BLKGRPCE": "2", "GEOIDFQ": "1500000US060376212042", "GEOID": "060376212042", "NAME": "2", "NAMELSAD": "Block Group 2", "LSAD": "BG", "ALAND": 475771, "AWATER": 1811, "lat": 33.85058479912131, "lon": -118.39255720154638, "pop_total": 401.0, "hh_total": 171.0, "hh_family": 129.0, "kids_0_4": 20.0, "kids_5_9": 41.0, "kids_10_14": 40.0, "kids_15_17": 0.0, "med_hh_income": 182118.0, "mean_hh_income": "227085.9649122807", "med_home_value": 1229200.0, "upper_quartile_home_value": 1828100.0, "hh_income_total": 171.0, "hh_income_<10k": 0.0, "hh_income_10_15k": 9.0, "hh_income_15_20k": 0.0, "hh_income_20_25k": 22.0, "hh_income_25_30k": 0.0, "hh_income_30_35k": 0.0, "hh_income_35_40k": 0.0, "hh_income_40_45k": 0.0, "hh_income_45_50k": 0.0, "hh_income_50_60k": 13.0, "hh_income_60_75k": 11.0, "hh_income_75_100k": 0.0, "hh_income_100_125k": 0.0, "hh_income_125_150k": 0.0, "hh_income_150_200k": 53.0, "hh_income_200k+": 63.0}, "geometry": {"type": "Polygon", "coordinates": [[[-118.395608, 33.853068], [-118.393272, 33.853861], [-118.390308, 33.854854], [-118.390142, 33.854356], [-118.388525, 33.849103], [-118.391934, 33.846418], [-118.393505, 33.84605], [-118.3974, 33.852504], [-118.395608, 33.853068]]]}}, {"type": "Feature", "properties": {"STATEFP": "06", "COUNTYFP": "037", "TRACTCE": "543503", "BLKGRPCE": "2", "GEOIDFQ": "1500000US060375435032", "GEOID": "060375435032", "NAME": "2", "NAMELSAD": "Block Group 2", "LSAD": "BG", "ALAND": 354900, "AWATER": 0, "lat": 33.83708071272259, "lon": -118.28850098348684, "pop_total": 1173.0, "hh_total": 414.0, "hh_family": 234.0, "kids_0_4": 36.0, "kids_5_9": 33.0, "kids_10_14": 40.0, "kids_15_17": 15.0, "med_hh_income": 92143.0, "mean_hh_income": "117010.14492753622", "med_home_value": 730600.0, "upper_quartile_home_value": 864300.0, "hh_income_total": 414.0, "hh_income_<10k": 37.0, "hh_income_10_15k": 0.0, "hh_income_15_20k": 0.0, "hh_income_20_25k": 17.0, "hh_income_25_30k": 0.0, "hh_income_30_35k": 0.0, "hh_income_35_40k": 0.0, "hh_income_40_45k": 0.0, "hh_income_45_50k": 0.0, "hh_income_50_60k": 16.0, "hh_income_60_75k": 59.0, "hh_income_75_100k": 98.0, "hh_income_100_125k": 15.0, "hh_income_125_150k": 60.0, "hh_income_150_200k": 32.0, "hh_income_200k+": 80.0}, "geometry": {"type": "Polygon", "coordinates": [[[-118.29003, 33.842035], [-118.285939, 33.842073], [-118.287145, 33.837136], [-118.287232, 33.831596], [-118.290301, 33.831575], [-118.29003, 33.842035]]]}}, {"type": "Feature", "properties": {"STATEFP": "06", "COUNTYFP": "037", "TRACTCE": "620901", "BLKGRPCE": "3", "GEOIDFQ": "1500000US060376209013", "GEOID": "060376209013", "NAME": "3", "NAMELSAD": "Block Group 3", "LSAD": "BG", "ALAND": 227318, "AWATER": 0, "lat": 33.88442890495725, "lon": -118.4039271503811, "pop_total": 568.0, "hh_total": 247.0, "hh_family": 156.0, "kids_0_4": 23.0, "kids_5_9": 0.0, "kids_10_14": 59.0, "kids_15_17": 52.0, "med_hh_income": 250001.0, "mean_hh_income": "324952.22672064777", "med_home_value": 2000001.0, "upper_quartile_home_value": 2000001.0, "hh_income_total": 247.0, "hh_income_<10k": 5.0, "hh_income_10_15k": 0.0, "hh_income_15_20k": 0.0, "hh_income_20_25k": 0.0, "hh_income_25_30k": 0.0, "hh_income_30_35k": 0.0, "hh_income_35_40k": 0.0, "hh_income_40_45k": 6.0, "hh_income_45_50k": 0.0, "hh_income_50_60k": 5.0, "hh_income_60_75k": 7.0, "hh_income_75_100k": 16.0, "hh_income_100_125k": 0.0, "hh_income_125_150k": 0.0, "hh_income_150_200k": 63.0, "hh_income_200k+": 145.0}, "geometry": {"type": "Polygon", "coordinates": [[[-118.407684, 33.885836], [-118.403296, 33.887371], [-118.40209, 33.887373], [-118.402061, 33.880142], [-118.402508, 33.879936], [-118.404383, 33.882508], [-118.407684, 33.885836]]]}}, {"type": "Feature", "properties": {"STATEFP": "06", "COUNTYFP": "037", "TRACTCE": "651001", "BLKGRPCE": "4", "GEOIDFQ": "1500000US060376510014", "GEOID": "060376510014", "NAME": "4", "NAMELSAD": "Block Group 4", "LSAD": "BG", "ALAND": 240407, "AWATER": 1784, "lat": 33.80593616312642, "lon": -118.31168382248472, "pop_total": 1188.0, "hh_total": 465.0, "hh_family": 281.0, "kids_0_4": 8.0, "kids_5_9": 86.0, "kids_10_14": 17.0, "kids_15_17": 0.0, "med_hh_income": 134129.0, "mean_hh_income": "176210.96774193548", "med_home_value": 1096000.0, "upper_quartile_home_value": 1200800.0, "hh_income_total": 465.0, "hh_income_<10k": 8.0, "hh_income_10_15k": 0.0, "hh_income_15_20k": 0.0, "hh_income_20_25k": 0.0, "hh_income_25_30k": 43.0, "hh_income_30_35k": 0.0, "hh_income_35_40k": 7.0, "hh_income_40_45k": 0.0, "hh_income_45_50k": 39.0, "hh_income_50_60k": 23.0, "hh_income_60_75k": 26.0, "hh_income_75_100k": 43.0, "hh_income_100_125k": 0.0, "hh_income_125_150k": 63.0, "hh_income_150_200k": 81.0, "hh_income_200k+": 132.0}, "geometry": {"type": "Polygon", "coordinates": [[[-118.319911, 33.808386], [-118.309912, 33.808352], [-118.309228, 33.80845], [-118.308871, 33.807213], [-118.30879, 33.802217], [-118.311748, 33.802216], [-118.311704, 33.807645], [-118.319916, 33.807661], [-118.319911, 33.808386]]]}}, {"type": "Feature", "properties": {"STATEFP": "06", "COUNTYFP": "037", "TRACTCE": "651402", "BLKGRPCE": "2", "GEOIDFQ": "1500000US060376514022", "GEOID": "060376514022", "NAME": "2", "NAMELSAD": "Block Group 2", "LSAD": "BG", "ALAND": 502657, "AWATER": 0, "lat": 33.80212377257776, "lon": -118.35032050385992, "pop_total": 1956.0, "hh_total": 698.0, "hh_family": 511.0, "kids_0_4": 145.0, "kids_5_9": 168.0, "kids_10_14": 239.0, "kids_15_17": 74.0, "med_hh_income": 170300.0, "mean_hh_income": "172916.76217765044", "med_home_value": 1123300.0, "upper_quartile_home_value": 1220100.0, "hh_income_total": 698.0, "hh_income_<10k": 0.0, "hh_income_10_15k": 9.0, "hh_income_15_20k": 14.0, "hh_income_20_25k": 0.0, "hh_income_25_30k": 13.0, "hh_income_30_35k": 11.0, "hh_income_35_40k": 0.0, "hh_income_40_45k": 0.0, "hh_income_45_50k": 5.0, "hh_income_50_60k": 18.0, "hh_income_60_75k": 113.0, "hh_income_75_100k": 18.0, "hh_income_100_125k": 59.0, "hh_income_125_150k": 19.0, "hh_income_150_200k": 234.0, "hh_income_200k+": 185.0}, "geometry": {"type": "Polygon", "coordinates": [[[-118.354433, 33.804472], [-118.3544, 33.806351], [-118.350999, 33.805025], [-118.348134, 33.803775], [-118.344482, 33.800995], [-118.344926, 33.799064], [-118.345478, 33.798482], [-118.347254, 33.799088], [-118.351032, 33.799381], [-118.351718, 33.799379], [-118.356993, 33.804674], [-118.354433, 33.804472]]]}}, {"type": "Feature", "properties": {"STATEFP": "06", "COUNTYFP": "037", "TRACTCE": "294410", "BLKGRPCE": "1", "GEOIDFQ": "1500000US060372944101", "GEOID": "060372944101", "NAME": "1", "NAMELSAD": "Block Group 1", "LSAD": "BG", "ALAND": 345964, "AWATER": 0, "lat": 33.79539335055114, "lon": -118.29240632876416, "pop_total": 1982.0, "hh_total": 509.0, "hh_family": 410.0, "kids_0_4": 125.0, "kids_5_9": 199.0, "kids_10_14": 142.0, "kids_15_17": 79.0, "med_hh_income": 63438.0, "mean_hh_income": "85392.73084479371", "med_home_value": 677600.0, "upper_quartile_home_value": 822100.0, "hh_income_total": 509.0, "hh_income_<10k": 0.0, "hh_income_10_15k": 0.0, "hh_income_15_20k": 47.0, "hh_income_20_25k": 12.0, "hh_income_25_30k": 20.0, "hh_income_30_35k": 8.0, "hh_income_35_40k": 44.0, "hh_income_40_45k": 19.0, "hh_income_45_50k": 29.0, "hh_income_50_60k": 50.0, "hh_income_60_75k": 72.0, "hh_income_75_100k": 99.0, "hh_income_100_125k": 32.0, "hh_income_125_150k": 0.0, "hh_income_150_200k": 26.0, "hh_income_200k+": 51.0}, "geometry": {"type": "Polygon", "coordinates": [[[-118.295929, 33.79472], [-118.295918, 33.797785], [-118.28895, 33.797761], [-118.288819, 33.795218], [-118.28892, 33.794697], [-118.288926, 33.792786], [-118.292762, 33.793238], [-118.295936, 33.79281], [-118.295929, 33.79472]]]}}, {"type": "Feature", "properties": {"STATEFP": "06", "COUNTYFP": "037", "TRACTCE": "650502", "BLKGRPCE": "2", "GEOIDFQ": "1500000US060376505022", "GEOID": "060376505022", "NAME": "2", "NAMELSAD": "Block Group 2", "LSAD": "BG", "ALAND": 523153, "AWATER": 0, "lat": 33.85313428842192, "lon": -118.36611056865046, "pop_total": 1570.0, "hh_total": 583.0, "hh_family": 433.0, "kids_0_4": 88.0, "kids_5_9": 88.0, "kids_10_14": 20.0, "kids_15_17": 26.0, "med_hh_income": 128854.0, "mean_hh_income": "141755.57461406518", "med_home_value": 1095600.0, "upper_quartile_home_value": 1276800.0, "hh_income_total": 583.0, "hh_income_<10k": 11.0, "hh_income_10_15k": 7.0, "hh_income_15_20k": 16.0, "hh_income_20_25k": 0.0, "hh_income_25_30k": 53.0, "hh_income_30_35k": 0.0, "hh_income_35_40k": 6.0, "hh_income_40_45k": 0.0, "hh_income_45_50k": 37.0, "hh_income_50_60k": 6.0, "hh_income_60_75k": 19.0, "hh_income_75_100k": 57.0, "hh_income_100_125k": 73.0, "hh_income_125_150k": 85.0, "hh_income_150_200k": 78.0, "hh_income_200k+": 135.0}, "geometry": {"type": "Polygon", "coordinates": [[[-118.369867, 33.85827], [-118.367145, 33.858274], [-118.365412, 33.858276], [-118.365248, 33.856312], [-118.363421, 33.853625], [-118.362195, 33.851354], [-118.362319, 33.848608], [-118.368127, 33.848606], [-118.36837, 33.853037], [-118.369606, 33.855746], [-118.369867, 33.85827]]]}}, {"type": "Feature", "properties": {"STATEFP": "06", "COUNTYFP": "037", "TRACTCE": "620301", "BLKGRPCE": "2", "GEOIDFQ": "1500000US060376203012", "GEOID": "060376203012", "NAME": "2", "NAMELSAD": "Block Group 2", "LSAD": "BG", "ALAND": 248478, "AWATER": 0, "lat": 33.89743500883776, "lon": -118.40492161939996, "pop_total": 1295.0, "hh_total": 389.0, "hh_family": 352.0, "kids_0_4": 36.0, "kids_5_9": 244.0, "kids_10_14": 113.0, "kids_15_17": 65.0, "med_hh_income": 239345.0, "mean_hh_income": "403817.2236503856", "med_home_value": 2000001.0, "upper_quartile_home_value": 2000001.0, "hh_income_total": 389.0, "hh_income_<10k": 23.0, "hh_income_10_15k": 0.0, "hh_income_15_20k": 0.0, "hh_income_20_25k": 0.0, "hh_income_25_30k": 0.0, "hh_income_30_35k": 0.0, "hh_income_35_40k": 9.0, "hh_income_40_45k": 0.0, "hh_income_45_50k": 0.0, "hh_income_50_60k": 0.0, "hh_income_60_75k": 20.0, "hh_income_75_100k": 9.0, "hh_income_100_125k": 24.0, "hh_income_125_150k": 39.0, "hh_income_150_200k": 42.0, "hh_income_200k+": 223.0}, "geometry": {"type": "Polygon", "coordinates": [[[-118.407196, 33.900001], [-118.402571, 33.900016], [-118.402607, 33.895123], [-118.403457, 33.894997], [-118.407167, 33.894614], [-118.407192, 33.898647], [-118.407196, 33.900001]]]}}, {"type": "Feature", "properties": {"STATEFP": "06", "COUNTYFP": "037", "TRACTCE": "543502", "BLKGRPCE": "2", "GEOIDFQ": "1500000US060375435022", "GEOID": "060375435022", "NAME": "2", "NAMELSAD": "Block Group 2", "LSAD": "BG", "ALAND": 161052, "AWATER": 0, "lat": 33.84283503840863, "lon": -118.29468803586255, "pop_total": 1040.0, "hh_total": 356.0, "hh_family": 267.0, "kids_0_4": 91.0, "kids_5_9": 49.0, "kids_10_14": 61.0, "kids_15_17": 40.0, "med_hh_income": 140250.0, "mean_hh_income": "112475.2808988764", "med_home_value": 543700.0, "upper_quartile_home_value": 658200.0, "hh_income_total": 356.0, "hh_income_<10k": 0.0, "hh_income_10_15k": 0.0, "hh_income_15_20k": 0.0, "hh_income_20_25k": 7.0, "hh_income_25_30k": 11.0, "hh_income_30_35k": 11.0, "hh_income_35_40k": 9.0, "hh_income_40_45k": 54.0, "hh_income_45_50k": 17.0, "hh_income_50_60k": 0.0, "hh_income_60_75k": 17.0, "hh_income_75_100k": 20.0, "hh_income_100_125k": 21.0, "hh_income_125_150k": 133.0, "hh_income_150_200k": 38.0, "hh_income_200k+": 18.0}, "geometry": {"type": "Polygon", "coordinates": [[[-118.299197, 33.843654], [-118.291629, 33.843702], [-118.290323, 33.843763], [-118.29003, 33.842035], [-118.299203, 33.841951], [-118.299197, 33.843654]]]}}, {"type": "Feature", "properties": {"STATEFP": "06", "COUNTYFP": "037", "TRACTCE": "670003", "BLKGRPCE": "3", "GEOIDFQ": "1500000US060376700033", "GEOID": "060376700033", "NAME": "3", "NAMELSAD": "Block Group 3", "LSAD": "BG", "ALAND": 394224, "AWATER": 0, "lat": 33.79278992529479, "lon": -118.32511622181516, "pop_total": 1834.0, "hh_total": 641.0, "hh_family": 453.0, "kids_0_4": 40.0, "kids_5_9": 201.0, "kids_10_14": 21.0, "kids_15_17": 61.0, "med_hh_income": 108681.0, "mean_hh_income": "141796.09984399375", "med_home_value": 899200.0, "upper_quartile_home_value": 1061400.0, "hh_income_total": 641.0, "hh_income_<10k": 61.0, "hh_income_10_15k": 0.0, "hh_income_15_20k": 0.0, "hh_income_20_25k": 18.0, "hh_income_25_30k": 0.0, "hh_income_30_35k": 0.0, "hh_income_35_40k": 0.0, "hh_income_40_45k": 30.0, "hh_income_45_50k": 0.0, "hh_income_50_60k": 16.0, "hh_income_60_75k": 0.0, "hh_income_75_100k": 173.0, "hh_income_100_125k": 40.0, "hh_income_125_150k": 23.0, "hh_income_150_200k": 62.0, "hh_income_200k+": 218.0}, "geometry": {"type": "Polygon", "coordinates": [[[-118.328111, 33.798239], [-118.325349, 33.79824], [-118.325384, 33.792436], [-118.322672, 33.79243], [-118.319957, 33.79242], [-118.319967, 33.78953], [-118.322684, 33.789544], [-118.326257, 33.789546], [-118.326446, 33.789545], [-118.32819, 33.790265], [-118.328111, 33.798239]]]}}, {"type": "Feature", "properties": {"STATEFP": "06", "COUNTYFP": "037", "TRACTCE": "621201", "BLKGRPCE": "2", "GEOIDFQ": "1500000US060376212012", "GEOID": "060376212012", "NAME": "2", "NAMELSAD": "Block Group 2", "LSAD": "BG", "ALAND": 695467, "AWATER": 0, "lat": 33.84590531893914, "lon": -118.38091705697214, "pop_total": 1917.0, "hh_total": 720.0, "hh_family": 522.0, "kids_0_4": 118.0, "kids_5_9": 15.0, "kids_10_14": 101.0, "kids_15_17": 74.0, "med_hh_income": 190978.0, "mean_hh_income": "242942.63888888888", "med_home_value": 1243900.0, "upper_quartile_home_value": 1645500.0, "hh_income_total": 720.0, "hh_income_<10k": 0.0, "hh_income_10_15k": 0.0, "hh_income_15_20k": 0.0, "hh_income_20_25k": 0.0, "hh_income_25_30k": 0.0, "hh_income_30_35k": 15.0, "hh_income_35_40k": 0.0, "hh_income_40_45k": 0.0, "hh_income_45_50k": 0.0, "hh_income_50_60k": 67.0, "hh_income_60_75k": 36.0, "hh_income_75_100k": 60.0, "hh_income_100_125k": 0.0, "hh_income_125_150k": 94.0, "hh_income_150_200k": 130.0, "hh_income_200k+": 318.0}, "geometry": {"type": "Polygon", "coordinates": [[[-118.387254, 33.844963], [-118.381513, 33.84948], [-118.378191, 33.852032], [-118.377948, 33.852849], [-118.377093, 33.848594], [-118.375915, 33.842667], [-118.380358, 33.842366], [-118.385794, 33.842055], [-118.387254, 33.844963]]]}}, {"type": "Feature", "properties": {"STATEFP": "06", "COUNTYFP": "037", "TRACTCE": "620102", "BLKGRPCE": "3", "GEOIDFQ": "1500000US060376201023", "GEOID": "060376201023", "NAME": "3", "NAMELSAD": "Block Group 3", "LSAD": "BG", "ALAND": 380623, "AWATER": 0, "lat": 33.92081627709407, "lon": -118.42158172138471, "pop_total": 2068.0, "hh_total": 1016.0, "hh_family": 446.0, "kids_0_4": 73.0, "kids_5_9": 47.0, "kids_10_14": 41.0, "kids_15_17": 55.0, "med_hh_income": 170227.0, "mean_hh_income": "191740.35433070865", "med_home_value": 1810200.0, "upper_quartile_home_value": 2000001.0, "hh_income_total": 1016.0, "hh_income_<10k": 18.0, "hh_income_10_15k": 9.0, "hh_income_15_20k": 35.0, "hh_income_20_25k": 7.0, "hh_income_25_30k": 5.0, "hh_income_30_35k": 38.0, "hh_income_35_40k": 3.0, "hh_income_40_45k": 21.0, "hh_income_45_50k": 0.0, "hh_income_50_60k": 14.0, "hh_income_60_75k": 15.0, "hh_income_75_100k": 120.0, "hh_income_100_125k": 48.0, "hh_income_125_150k": 91.0, "hh_income_150_200k": 268.0, "hh_income_200k+": 324.0}, "geometry": {"type": "Polygon", "coordinates": [[[-118.426574, 33.923583], [-118.423858, 33.923581], [-118.418332, 33.92358], [-118.418317, 33.918969], [-118.419468, 33.918891], [-118.419456, 33.916346], [-118.422221, 33.916329], [-118.422222, 33.919957], [-118.424391, 33.919958], [-118.424396, 33.92177], [-118.426571, 33.921769], [-118.426574, 33.923583]]]}}, {"type": "Feature", "properties": {"STATEFP": "06", "COUNTYFP": "037", "TRACTCE": "670413", "BLKGRPCE": "1", "GEOIDFQ": "1500000US060376704131", "GEOID": "060376704131", "NAME": "1", "NAMELSAD": "Block Group 1", "LSAD": "BG", "ALAND": 944562, "AWATER": 0, "lat": 33.77764418525321, "lon": -118.3972627939807, "pop_total": 2040.0, "hh_total": 722.0, "hh_family": 569.0, "kids_0_4": 90.0, "kids_5_9": 143.0, "kids_10_14": 188.0, "kids_15_17": 77.0, "med_hh_income": 220711.0, "mean_hh_income": "245110.94182825484", "med_home_value": 1568000.0, "upper_quartile_home_value": 1729200.0, "hh_income_total": 722.0, "hh_income_<10k": 17.0, "hh_income_10_15k": 0.0, "hh_income_15_20k": 23.0, "hh_income_20_25k": 0.0, "hh_income_25_30k": 0.0, "hh_income_30_35k": 13.0, "hh_income_35_40k": 0.0, "hh_income_40_45k": 0.0, "hh_income_45_50k": 28.0, "hh_income_50_60k": 0.0, "hh_income_60_75k": 8.0, "hh_income_75_100k": 26.0, "hh_income_100_125k": 87.0, "hh_income_125_150k": 32.0, "hh_income_150_200k": 78.0, "hh_income_200k+": 410.0}, "geometry": {"type": "Polygon", "coordinates": [[[-118.403696, 33.781753], [-118.392356, 33.781765], [-118.392272, 33.780996], [-118.391035, 33.779036], [-118.392541, 33.777462], [-118.392238, 33.772921], [-118.396262, 33.77119], [-118.400119, 33.776869], [-118.403171, 33.775439], [-118.40368, 33.772511], [-118.403702, 33.781359], [-118.403696, 33.781753]]]}}, {"type": "Feature", "properties": {"STATEFP": "06", "COUNTYFP": "037", "TRACTCE": "651302", "BLKGRPCE": "5", "GEOIDFQ": "1500000US060376513025", "GEOID": "060376513025", "NAME": "5", "NAMELSAD": "Block Group 5", "LSAD": "BG", "ALAND": 289563, "AWATER": 0, "lat": 33.807734980328114, "lon": -118.38087934601667, "pop_total": 931.0, "hh_total": 359.0, "hh_family": 314.0, "kids_0_4": 16.0, "kids_5_9": 15.0, "kids_10_14": 0.0, "kids_15_17": 0.0, "med_hh_income": 111922.0, "mean_hh_income": "158292.20055710306", "med_home_value": 2000001.0, "upper_quartile_home_value": 2000001.0, "hh_income_total": 359.0, "hh_income_<10k": 16.0, "hh_income_10_15k": 0.0, "hh_income_15_20k": 0.0, "hh_income_20_25k": 39.0, "hh_income_25_30k": 0.0, "hh_income_30_35k": 0.0, "hh_income_35_40k": 0.0, "hh_income_40_45k": 0.0, "hh_income_45_50k": 14.0, "hh_income_50_60k": 14.0, "hh_income_60_75k": 0.0, "hh_income_75_100k": 0.0, "hh_income_100_125k": 121.0, "hh_income_125_150k": 0.0, "hh_income_150_200k": 33.0, "hh_income_200k+": 122.0}, "geometry": {"type": "Polygon", "coordinates": [[[-118.383517, 33.810933], [-118.380312, 33.810839], [-118.37757, 33.807978], [-118.379465, 33.806189], [-118.378132, 33.804217], [-118.383109, 33.804229], [-118.381592, 33.806809], [-118.384652, 33.810494], [-118.383517, 33.810933]]]}}, {"type": "Feature", "properties": {"STATEFP": "06", "COUNTYFP": "037", "TRACTCE": "670102", "BLKGRPCE": "2", "GEOIDFQ": "1500000US060376701022", "GEOID": "060376701022", "NAME": "2", "NAMELSAD": "Block Group 2", "LSAD": "BG", "ALAND": 186774, "AWATER": 0, "lat": 33.78770967787305, "lon": -118.32536431388668, "pop_total": 1157.0, "hh_total": 447.0, "hh_family": 331.0, "kids_0_4": 154.0, "kids_5_9": 41.0, "kids_10_14": 59.0, "kids_15_17": 36.0, "med_hh_income": 94663.0, "mean_hh_income": "102043.62416107382", "med_home_value": 849300.0, "upper_quartile_home_value": 968800.0, "hh_income_total": 447.0, "hh_income_<10k": 14.0, "hh_income_10_15k": 0.0, "hh_income_15_20k": 7.0, "hh_income_20_25k": 7.0, "hh_income_25_30k": 10.0, "hh_income_30_35k": 12.0, "hh_income_35_40k": 14.0, "hh_income_40_45k": 3.0, "hh_income_45_50k": 0.0, "hh_income_50_60k": 0.0, "hh_income_60_75k": 102.0, "hh_income_75_100k": 109.0, "hh_income_100_125k": 67.0, "hh_income_125_150k": 37.0, "hh_income_150_200k": 33.0, "hh_income_200k+": 32.0}, "geometry": {"type": "Polygon", "coordinates": [[[-118.328671, 33.789017], [-118.326252, 33.788516], [-118.326257, 33.789546], [-118.322684, 33.789544], [-118.322662, 33.785866], [-118.322684, 33.785111], [-118.322828, 33.785866], [-118.323149, 33.785865], [-118.325568, 33.786194], [-118.327798, 33.786199], [-118.32868, 33.787257], [-118.328671, 33.789017]]]}}, {"type": "Feature", "properties": {"STATEFP": "06", "COUNTYFP": "037", "TRACTCE": "650904", "BLKGRPCE": "2", "GEOIDFQ": "1500000US060376509042", "GEOID": "060376509042", "NAME": "2", "NAMELSAD": "Block Group 2", "LSAD": "BG", "ALAND": 828945, "AWATER": 0, "lat": 33.82511115318364, "lon": -118.32389342758171, "pop_total": 1724.0, "hh_total": 583.0, "hh_family": 471.0, "kids_0_4": 199.0, "kids_5_9": 120.0, "kids_10_14": 78.0, "kids_15_17": 58.0, "med_hh_income": 151821.0, "mean_hh_income": "167050.42881646656", "med_home_value": 849200.0, "upper_quartile_home_value": 992400.0, "hh_income_total": 583.0, "hh_income_<10k": 1.0, "hh_income_10_15k": 23.0, "hh_income_15_20k": 0.0, "hh_income_20_25k": 0.0, "hh_income_25_30k": 0.0, "hh_income_30_35k": 49.0, "hh_income_35_40k": 0.0, "hh_income_40_45k": 7.0, "hh_income_45_50k": 0.0, "hh_income_50_60k": 0.0, "hh_income_60_75k": 16.0, "hh_income_75_100k": 44.0, "hh_income_100_125k": 67.0, "hh_income_125_150k": 59.0, "hh_income_150_200k": 144.0, "hh_income_200k+": 173.0}, "geometry": {"type": "Polygon", "coordinates": [[[-118.328565, 33.831307], [-118.324917, 33.831315], [-118.324445, 33.829789], [-118.315267, 33.821199], [-118.318845, 33.821692], [-118.319742, 33.820124], [-118.328422, 33.821936], [-118.328528, 33.827044], [-118.328565, 33.831307]]]}}, {"type": "Feature", "properties": {"STATEFP": "06", "COUNTYFP": "037", "TRACTCE": "293206", "BLKGRPCE": "2", "GEOIDFQ": "1500000US060372932062", "GEOID": "060372932062", "NAME": "2", "NAMELSAD": "Block Group 2", "LSAD": "BG", "ALAND": 211385, "AWATER": 0, "lat": 33.82251604827809, "lon": -118.30255627924308, "pop_total": 1612.0, "hh_total": 444.0, "hh_family": 378.0, "kids_0_4": 56.0, "kids_5_9": 135.0, "kids_10_14": 78.0, "kids_15_17": 26.0, "med_hh_income": 77917.0, "mean_hh_income": "90693.24324324324", "med_home_value": 726900.0, "upper_quartile_home_value": 860800.0, "hh_income_total": 444.0, "hh_income_<10k": 0.0, "hh_income_10_15k": 0.0, "hh_income_15_20k": 15.0, "hh_income_20_25k": 28.0, "hh_income_25_30k": 45.0, "hh_income_30_35k": 57.0, "hh_income_35_40k": 15.0, "hh_income_40_45k": 5.0, "hh_income_45_50k": 28.0, "hh_income_50_60k": 7.0, "hh_income_60_75k": 19.0, "hh_income_75_100k": 130.0, "hh_income_100_125k": 12.0, "hh_income_125_150k": 0.0, "hh_income_150_200k": 32.0, "hh_income_200k+": 51.0}, "geometry": {"type": "Polygon", "coordinates": [[[-118.308991, 33.823317], [-118.301517, 33.82338], [-118.301531, 33.824534], [-118.299184, 33.824506], [-118.29907, 33.820215], [-118.300042, 33.820539], [-118.308984, 33.822781], [-118.308991, 33.823317]]]}}, {"type": "Feature", "properties": {"STATEFP": "06", "COUNTYFP": "037", "TRACTCE": "650903", "BLKGRPCE": "3", "GEOIDFQ": "1500000US060376509033", "GEOID": "060376509033", "NAME": "3", "NAMELSAD": "Block Group 3", "LSAD": "BG", "ALAND": 409874, "AWATER": 0, "lat": 33.82771604142537, "lon": -118.31961706231262, "pop_total": 935.0, "hh_total": 409.0, "hh_family": 197.0, "kids_0_4": 130.0, "kids_5_9": 100.0, "kids_10_14": 0.0, "kids_15_17": 21.0, "med_hh_income": 87529.0, "mean_hh_income": "101497.06601466992", "med_home_value": 831700.0, "upper_quartile_home_value": 923100.0, "hh_income_total": 409.0, "hh_income_<10k": 0.0, "hh_income_10_15k": 0.0, "hh_income_15_20k": 0.0, "hh_income_20_25k": 19.0, "hh_income_25_30k": 66.0, "hh_income_30_35k": 0.0, "hh_income_35_40k": 9.0, "hh_income_40_45k": 0.0, "hh_income_45_50k": 16.0, "hh_income_50_60k": 0.0, "hh_income_60_75k": 0.0, "hh_income_75_100k": 147.0, "hh_income_100_125k": 34.0, "hh_income_125_150k": 45.0, "hh_income_150_200k": 16.0, "hh_income_200k+": 57.0}, "geometry": {"type": "Polygon", "coordinates": [[[-118.324917, 33.831315], [-118.322484, 33.831334], [-118.317779, 33.831384], [-118.317719, 33.824847], [-118.314302, 33.824009], [-118.315267, 33.821199], [-118.324445, 33.829789], [-118.324917, 33.831315]]]}}, {"type": "Feature", "properties": {"STATEFP": "06", "COUNTYFP": "037", "TRACTCE": "620703", "BLKGRPCE": "2", "GEOIDFQ": "1500000US060376207032", "GEOID": "060376207032", "NAME": "2", "NAMELSAD": "Block Group 2", "LSAD": "BG", "ALAND": 190326, "AWATER": 0, "lat": 33.86496494889122, "lon": -118.38346495623763, "pop_total": 1310.0, "hh_total": 403.0, "hh_family": 316.0, "kids_0_4": 200.0, "kids_5_9": 58.0, "kids_10_14": 61.0, "kids_15_17": 94.0, "med_hh_income": 241311.0, "mean_hh_income": "282162.5310173697", "med_home_value": 1586800.0, "upper_quartile_home_value": 1710700.0, "hh_income_total": 403.0, "hh_income_<10k": 0.0, "hh_income_10_15k": 0.0, "hh_income_15_20k": 0.0, "hh_income_20_25k": 0.0, "hh_income_25_30k": 0.0, "hh_income_30_35k": 0.0, "hh_income_35_40k": 0.0, "hh_income_40_45k": 0.0, "hh_income_45_50k": 0.0, "hh_income_50_60k": 10.0, "hh_income_60_75k": 11.0, "hh_income_75_100k": 13.0, "hh_income_100_125k": 7.0, "hh_income_125_150k": 16.0, "hh_income_150_200k": 100.0, "hh_income_200k+": 246.0}, "geometry": {"type": "Polygon", "coordinates": [[[-118.386581, 33.8655], [-118.38407, 33.867177], [-118.38114, 33.86708], [-118.381131, 33.863343], [-118.383694, 33.86268], [-118.384525, 33.862294], [-118.385866, 33.864406], [-118.386581, 33.8655]]]}}, {"type": "Feature", "properties": {"STATEFP": "06", "COUNTYFP": "037", "TRACTCE": "621005", "BLKGRPCE": "4", "GEOIDFQ": "1500000US060376210054", "GEOID": "060376210054", "NAME": "4", "NAMELSAD": "Block Group 4", "LSAD": "BG", "ALAND": 145564, "AWATER": 0, "lat": 33.86970698159392, "lon": -118.40213979023285, "pop_total": 1132.0, "hh_total": 503.0, "hh_family": 305.0, "kids_0_4": 104.0, "kids_5_9": 106.0, "kids_10_14": 20.0, "kids_15_17": 62.0, "med_hh_income": 250001.0, "mean_hh_income": "299538.3697813121", "med_home_value": 2000001.0, "upper_quartile_home_value": 2000001.0, "hh_income_total": 503.0, "hh_income_<10k": 0.0, "hh_income_10_15k": 0.0, "hh_income_15_20k": 0.0, "hh_income_20_25k": 0.0, "hh_income_25_30k": 0.0, "hh_income_30_35k": 0.0, "hh_income_35_40k": 39.0, "hh_income_40_45k": 0.0, "hh_income_45_50k": 0.0, "hh_income_50_60k": 10.0, "hh_income_60_75k": 85.0, "hh_income_75_100k": 0.0, "hh_income_100_125k": 22.0, "hh_income_125_150k": 64.0, "hh_income_150_200k": 0.0, "hh_income_200k+": 283.0}, "geometry": {"type": "Polygon", "coordinates": [[[-118.404771, 33.871353], [-118.401852, 33.872245], [-118.401453, 33.870787], [-118.399448, 33.867799], [-118.401769, 33.867252], [-118.403581, 33.869391], [-118.404771, 33.871353]]]}}, {"type": "Feature", "properties": {"STATEFP": "06", "COUNTYFP": "037", "TRACTCE": "650801", "BLKGRPCE": "1", "GEOIDFQ": "1500000US060376508011", "GEOID": "060376508011", "NAME": "1", "NAMELSAD": "Block Group 1", "LSAD": "BG", "ALAND": 442231, "AWATER": 0, "lat": 33.82908126664073, "lon": -118.33362864430299, "pop_total": 2053.0, "hh_total": 891.0, "hh_family": 538.0, "kids_0_4": 88.0, "kids_5_9": 119.0, "kids_10_14": 87.0, "kids_15_17": 26.0, "med_hh_income": 134234.0, "mean_hh_income": "153776.9921436588", "med_home_value": 841500.0, "upper_quartile_home_value": 964900.0, "hh_income_total": 891.0, "hh_income_<10k": 68.0, "hh_income_10_15k": 0.0, "hh_income_15_20k": 0.0, "hh_income_20_25k": 7.0, "hh_income_25_30k": 37.0, "hh_income_30_35k": 0.0, "hh_income_35_40k": 0.0, "hh_income_40_45k": 8.0, "hh_income_45_50k": 33.0, "hh_income_50_60k": 9.0, "hh_income_60_75k": 62.0, "hh_income_75_100k": 153.0, "hh_income_100_125k": 38.0, "hh_income_125_150k": 96.0, "hh_income_150_200k": 195.0, "hh_income_200k+": 185.0}, "geometry": {"type": "Polygon", "coordinates": [[[-118.339528, 33.829371], [-118.338087, 33.829378], [-118.338087, 33.831226], [-118.328565, 33.831307], [-118.328528, 33.827044], [-118.335433, 33.826952], [-118.338825, 33.82703], [-118.339528, 33.829371]]]}}, {"type": "Feature", "properties": {"STATEFP": "06", "COUNTYFP": "037", "TRACTCE": "650604", "BLKGRPCE": "4", "GEOIDFQ": "1500000US060376506044", "GEOID": "060376506044", "NAME": "4", "NAMELSAD": "Block Group 4", "LSAD": "BG", "ALAND": 166987, "AWATER": 0, "lat": 33.83946294491374, "lon": -118.35143694719582, "pop_total": 1662.0, "hh_total": 718.0, "hh_family": 434.0, "kids_0_4": 16.0, "kids_5_9": 288.0, "kids_10_14": 34.0, "kids_15_17": 36.0, "med_hh_income": 52390.0, "mean_hh_income": "71240.94707520891", "med_home_value": -666666666.0, "upper_quartile_home_value": -666666666.0, "hh_income_total": 718.0, "hh_income_<10k": 14.0, "hh_income_10_15k": 8.0, "hh_income_15_20k": 8.0, "hh_income_20_25k": 0.0, "hh_income_25_30k": 14.0, "hh_income_30_35k": 53.0, "hh_income_35_40k": 12.0, "hh_income_40_45k": 0.0, "hh_income_45_50k": 54.0, "hh_income_50_60k": 205.0, "hh_income_60_75k": 135.0, "hh_income_75_100k": 105.0, "hh_income_100_125k": 37.0, "hh_income_125_150k": 0.0, "hh_income_150_200k": 59.0, "hh_income_200k+": 14.0}, "geometry": {"type": "Polygon", "coordinates": [[[-118.353611, 33.841366], [-118.349318, 33.841351], [-118.349318, 33.837538], [-118.353505, 33.837565], [-118.353611, 33.841366]]]}}, {"type": "Feature", "properties": {"STATEFP": "06", "COUNTYFP": "037", "TRACTCE": "604102", "BLKGRPCE": "1", "GEOIDFQ": "1500000US060376041021", "GEOID": "060376041021", "NAME": "1", "NAMELSAD": "Block Group 1", "LSAD": "BG", "ALAND": 290973, "AWATER": 0, "lat": 33.878062839044446, "lon": -118.34702664490693, "pop_total": 1106.0, "hh_total": 380.0, "hh_family": 288.0, "kids_0_4": 64.0, "kids_5_9": 79.0, "kids_10_14": 66.0, "kids_15_17": 33.0, "med_hh_income": 87000.0, "mean_hh_income": "101411.05263157895", "med_home_value": 761800.0, "upper_quartile_home_value": 880900.0, "hh_income_total": 380.0, "hh_income_<10k": 8.0, "hh_income_10_15k": 15.0, "hh_income_15_20k": 16.0, "hh_income_20_25k": 13.0, "hh_income_25_30k": 40.0, "hh_income_30_35k": 0.0, "hh_income_35_40k": 0.0, "hh_income_40_45k": 2.0, "hh_income_45_50k": 5.0, "hh_income_50_60k": 60.0, "hh_income_60_75k": 7.0, "hh_income_75_100k": 33.0, "hh_income_100_125k": 41.0, "hh_income_125_150k": 74.0, "hh_income_150_200k": 47.0, "hh_income_200k+": 19.0}, "geometry": {"type": "Polygon", "coordinates": [[[-118.352359, 33.876632], [-118.34884, 33.876635], [-118.347528, 33.880115], [-118.346076, 33.880118], [-118.346084, 33.881852], [-118.343805, 33.881858], [-118.343775, 33.877302], [-118.343776, 33.877234], [-118.344886, 33.876877], [-118.351992, 33.874579], [-118.352348, 33.874428], [-118.352359, 33.876632]]]}}, {"type": "Feature", "properties": {"STATEFP": "06", "COUNTYFP": "037", "TRACTCE": "620802", "BLKGRPCE": "2", "GEOIDFQ": "1500000US060376208022", "GEOID": "060376208022", "NAME": "2", "NAMELSAD": "Block Group 2", "LSAD": "BG", "ALAND": 324649, "AWATER": 0, "lat": 33.88372931538301, "lon": -118.38952885054246, "pop_total": 1422.0, "hh_total": 646.0, "hh_family": 517.0, "kids_0_4": 23.0, "kids_5_9": 43.0, "kids_10_14": 10.0, "kids_15_17": 18.0, "med_hh_income": 154842.0, "mean_hh_income": "225080.18575851392", "med_home_value": 2000001.0, "upper_quartile_home_value": 2000001.0, "hh_income_total": 646.0, "hh_income_<10k": 5.0, "hh_income_10_15k": 0.0, "hh_income_15_20k": 0.0, "hh_income_20_25k": 44.0, "hh_income_25_30k": 0.0, "hh_income_30_35k": 0.0, "hh_income_35_40k": 0.0, "hh_income_40_45k": 0.0, "hh_income_45_50k": 0.0, "hh_income_50_60k": 0.0, "hh_income_60_75k": 18.0, "hh_income_75_100k": 24.0, "hh_income_100_125k": 15.0, "hh_income_125_150k": 10.0, "hh_income_150_200k": 266.0, "hh_income_200k+": 264.0}, "geometry": {"type": "Polygon", "coordinates": [[[-118.391712, 33.887355], [-118.389806, 33.887368], [-118.387366, 33.887371], [-118.387354, 33.880092], [-118.391685, 33.880085], [-118.391712, 33.887355]]]}}, {"type": "Feature", "properties": {"STATEFP": "06", "COUNTYFP": "037", "TRACTCE": "650802", "BLKGRPCE": "1", "GEOIDFQ": "1500000US060376508021", "GEOID": "060376508021", "NAME": "1", "NAMELSAD": "Block Group 1", "LSAD": "BG", "ALAND": 159330, "AWATER": 0, "lat": 33.82537286020412, "lon": -118.3374928848885, "pop_total": 2463.0, "hh_total": 795.0, "hh_family": 668.0, "kids_0_4": 142.0, "kids_5_9": 243.0, "kids_10_14": 359.0, "kids_15_17": 78.0, "med_hh_income": 134531.0, "mean_hh_income": "142639.74842767295", "med_home_value": 845600.0, "upper_quartile_home_value": 939500.0, "hh_income_total": 795.0, "hh_income_<10k": 34.0, "hh_income_10_15k": 0.0, "hh_income_15_20k": 0.0, "hh_income_20_25k": 0.0, "hh_income_25_30k": 9.0, "hh_income_30_35k": 37.0, "hh_income_35_40k": 18.0, "hh_income_40_45k": 25.0, "hh_income_45_50k": 0.0, "hh_income_50_60k": 0.0, "hh_income_60_75k": 53.0, "hh_income_75_100k": 35.0, "hh_income_100_125k": 99.0, "hh_income_125_150k": 162.0, "hh_income_150_200k": 68.0, "hh_income_200k+": 255.0}, "geometry": {"type": "Polygon", "coordinates": [[[-118.339906, 33.827126], [-118.338825, 33.82703], [-118.335433, 33.826952], [-118.335178, 33.823638], [-118.335649, 33.823383], [-118.339791, 33.824209], [-118.339906, 33.827126]]]}}, {"type": "Feature", "properties": {"STATEFP": "06", "COUNTYFP": "037", "TRACTCE": "650904", "BLKGRPCE": "1", "GEOIDFQ": "1500000US060376509041", "GEOID": "060376509041", "NAME": "1", "NAMELSAD": "Block Group 1", "LSAD": "BG", "ALAND": 105863, "AWATER": 0, "lat": 33.82018162702327, "lon": -118.316261814516, "pop_total": 733.0, "hh_total": 325.0, "hh_family": 190.0, "kids_0_4": 159.0, "kids_5_9": 44.0, "kids_10_14": 0.0, "kids_15_17": 0.0, "med_hh_income": 109145.0, "mean_hh_income": "138134.76923076922", "med_home_value": 643600.0, "upper_quartile_home_value": 776600.0, "hh_income_total": 325.0, "hh_income_<10k": 10.0, "hh_income_10_15k": 0.0, "hh_income_15_20k": 0.0, "hh_income_20_25k": 12.0, "hh_income_25_30k": 0.0, "hh_income_30_35k": 0.0, "hh_income_35_40k": 22.0, "hh_income_40_45k": 0.0, "hh_income_45_50k": 0.0, "hh_income_50_60k": 15.0, "hh_income_60_75k": 0.0, "hh_income_75_100k": 75.0, "hh_income_100_125k": 89.0, "hh_income_125_150k": 25.0, "hh_income_150_200k": 16.0, "hh_income_200k+": 61.0}, "geometry": {"type": "Polygon", "coordinates": [[[-118.318845, 33.821692], [-118.315267, 33.821199], [-118.311724, 33.817989], [-118.314188, 33.818909], [-118.319742, 33.820124], [-118.318845, 33.821692]]]}}, {"type": "Feature", "properties": {"STATEFP": "06", "COUNTYFP": "037", "TRACTCE": "651222", "BLKGRPCE": "3", "GEOIDFQ": "1500000US060376512223", "GEOID": "060376512223", "NAME": "3", "NAMELSAD": "Block Group 3", "LSAD": "BG", "ALAND": 590287, "AWATER": 26109, "lat": 33.81334775257383, "lon": -118.35433209878535, "pop_total": 1686.0, "hh_total": 685.0, "hh_family": 423.0, "kids_0_4": 39.0, "kids_5_9": 44.0, "kids_10_14": 107.0, "kids_15_17": 94.0, "med_hh_income": 106615.0, "mean_hh_income": "139800.43795620438", "med_home_value": 1012200.0, "upper_quartile_home_value": 1214900.0, "hh_income_total": 685.0, "hh_income_<10k": 20.0, "hh_income_10_15k": 0.0, "hh_income_15_20k": 0.0, "hh_income_20_25k": 12.0, "hh_income_25_30k": 0.0, "hh_income_30_35k": 32.0, "hh_income_35_40k": 0.0, "hh_income_40_45k": 0.0, "hh_income_45_50k": 0.0, "hh_income_50_60k": 45.0, "hh_income_60_75k": 52.0, "hh_income_75_100k": 94.0, "hh_income_100_125k": 168.0, "hh_income_125_150k": 50.0, "hh_income_150_200k": 41.0, "hh_income_200k+": 171.0}, "geometry": {"type": "Polygon", "coordinates": [[[-118.359774, 33.820424], [-118.354377, 33.817628], [-118.350982, 33.815868], [-118.350999, 33.805025], [-118.3544, 33.806351], [-118.354398, 33.814357], [-118.357804, 33.81449], [-118.358117, 33.815132], [-118.359782, 33.817029], [-118.359774, 33.820424]]]}}, {"type": "Feature", "properties": {"STATEFP": "06", "COUNTYFP": "037", "TRACTCE": "621301", "BLKGRPCE": "1", "GEOIDFQ": "1500000US060376213011", "GEOID": "060376213011", "NAME": "1", "NAMELSAD": "Block Group 1", "LSAD": "BG", "ALAND": 336642, "AWATER": 0, "lat": 33.8391596346354, "lon": -118.3827601286525, "pop_total": 1774.0, "hh_total": 738.0, "hh_family": 461.0, "kids_0_4": 149.0, "kids_5_9": 199.0, "kids_10_14": 92.0, "kids_15_17": 85.0, "med_hh_income": 148310.0, "mean_hh_income": "191952.57452574527", "med_home_value": 1582400.0, "upper_quartile_home_value": 2000001.0, "hh_income_total": 738.0, "hh_income_<10k": 81.0, "hh_income_10_15k": 75.0, "hh_income_15_20k": 20.0, "hh_income_20_25k": 0.0, "hh_income_25_30k": 21.0, "hh_income_30_35k": 0.0, "hh_income_35_40k": 0.0, "hh_income_40_45k": 14.0, "hh_income_45_50k": 0.0, "hh_income_50_60k": 13.0, "hh_income_60_75k": 13.0, "hh_income_75_100k": 63.0, "hh_income_100_125k": 18.0, "hh_income_125_150k": 99.0, "hh_income_150_200k": 59.0, "hh_income_200k+": 262.0}, "geometry": {"type": "Polygon", "coordinates": [[[-118.385794, 33.842055], [-118.380358, 33.842366], [-118.380108, 33.840623], [-118.3802, 33.835538], [-118.385271, 33.8365], [-118.385794, 33.842055]]]}}, {"type": "Feature", "properties": {"STATEFP": "06", "COUNTYFP": "037", "TRACTCE": "621324", "BLKGRPCE": "3", "GEOIDFQ": "1500000US060376213243", "GEOID": "060376213243", "NAME": "3", "NAMELSAD": "Block Group 3", "LSAD": "BG", "ALAND": 211894, "AWATER": 0, "lat": 33.831769633997844, "lon": -118.38679907251291, "pop_total": 1446.0, "hh_total": 629.0, "hh_family": 268.0, "kids_0_4": 41.0, "kids_5_9": 0.0, "kids_10_14": 319.0, "kids_15_17": 17.0, "med_hh_income": -666666666.0, "mean_hh_income": "183040.69952305246", "med_home_value": 1383900.0, "upper_quartile_home_value": 2000001.0, "hh_income_total": 629.0, "hh_income_<10k": 13.0, "hh_income_10_15k": 0.0, "hh_income_15_20k": 0.0, "hh_income_20_25k": 0.0, "hh_income_25_30k": 0.0, "hh_income_30_35k": 0.0, "hh_income_35_40k": 18.0, "hh_income_40_45k": 0.0, "hh_income_45_50k": 0.0, "hh_income_50_60k": 14.0, "hh_income_60_75k": 35.0, "hh_income_75_100k": 145.0, "hh_income_100_125k": 93.0, "hh_income_125_150k": 0.0, "hh_income_150_200k": 66.0, "hh_income_200k+": 245.0}, "geometry": {"type": "Polygon", "coordinates": [[[-118.387807, 33.835176], [-118.385309, 33.834717], [-118.385113, 33.834706], [-118.384947, 33.831276], [-118.385523, 33.828809], [-118.389015, 33.82893], [-118.387807, 33.835176]]]}}, {"type": "Feature", "properties": {"STATEFP": "06", "COUNTYFP": "037", "TRACTCE": "602302", "BLKGRPCE": "2", "GEOIDFQ": "1500000US060376023022", "GEOID": "060376023022", "NAME": "2", "NAMELSAD": "Block Group 2", "LSAD": "BG", "ALAND": 174720, "AWATER": 0, "lat": 33.9050640239079, "lon": -118.37283704765052, "pop_total": 555.0, "hh_total": 195.0, "hh_family": 153.0, "kids_0_4": 46.0, "kids_5_9": 21.0, "kids_10_14": 43.0, "kids_15_17": 51.0, "med_hh_income": 175170.0, "mean_hh_income": "204246.66666666666", "med_home_value": 1198400.0, "upper_quartile_home_value": 1414600.0, "hh_income_total": 195.0, "hh_income_<10k": 0.0, "hh_income_10_15k": 0.0, "hh_income_15_20k": 0.0, "hh_income_20_25k": 0.0, "hh_income_25_30k": 0.0, "hh_income_30_35k": 0.0, "hh_income_35_40k": 0.0, "hh_income_40_45k": 0.0, "hh_income_45_50k": 0.0, "hh_income_50_60k": 0.0, "hh_income_60_75k": 0.0, "hh_income_75_100k": 28.0, "hh_income_100_125k": 11.0, "hh_income_125_150k": 8.0, "hh_income_150_200k": 80.0, "hh_income_200k+": 68.0}, "geometry": {"type": "Polygon", "coordinates": [[[-118.374285, 33.906543], [-118.374272, 33.907889], [-118.371212, 33.907927], [-118.371266, 33.902901], [-118.372691, 33.902488], [-118.372966, 33.901841], [-118.374358, 33.901823], [-118.374285, 33.906543]]]}}, {"type": "Feature", "properties": {"STATEFP": "06", "COUNTYFP": "037", "TRACTCE": "293307", "BLKGRPCE": "1", "GEOIDFQ": "1500000US060372933071", "GEOID": "060372933071", "NAME": "1", "NAMELSAD": "Block Group 1", "LSAD": "BG", "ALAND": 120860, "AWATER": 0, "lat": 33.78573174048163, "lon": -118.30170315070193, "pop_total": 1346.0, "hh_total": 564.0, "hh_family": 371.0, "kids_0_4": 51.0, "kids_5_9": 41.0, "kids_10_14": 99.0, "kids_15_17": 4.0, "med_hh_income": 69615.0, "mean_hh_income": "98323.58156028368", "med_home_value": 469500.0, "upper_quartile_home_value": 586400.0, "hh_income_total": 564.0, "hh_income_<10k": 16.0, "hh_income_10_15k": 21.0, "hh_income_15_20k": 31.0, "hh_income_20_25k": 0.0, "hh_income_25_30k": 18.0, "hh_income_30_35k": 22.0, "hh_income_35_40k": 46.0, "hh_income_40_45k": 11.0, "hh_income_45_50k": 25.0, "hh_income_50_60k": 33.0, "hh_income_60_75k": 80.0, "hh_income_75_100k": 107.0, "hh_income_100_125k": 50.0, "hh_income_125_150k": 43.0, "hh_income_150_200k": 29.0, "hh_income_200k+": 32.0}, "geometry": {"type": "Polygon", "coordinates": [[[-118.304285, 33.786849], [-118.301175, 33.786841], [-118.299933, 33.788184], [-118.29995, 33.783487], [-118.302021, 33.784491], [-118.30429, 33.785452], [-118.304285, 33.786849]]]}}, {"type": "Feature", "properties": {"STATEFP": "06", "COUNTYFP": "037", "TRACTCE": "604002", "BLKGRPCE": "4", "GEOIDFQ": "1500000US060376040024", "GEOID": "060376040024", "NAME": "4", "NAMELSAD": "Block Group 4", "LSAD": "BG", "ALAND": 133595, "AWATER": 0, "lat": 33.8783743676743, "lon": -118.35945380820807, "pop_total": 551.0, "hh_total": 226.0, "hh_family": 138.0, "kids_0_4": 0.0, "kids_5_9": 54.0, "kids_10_14": 31.0, "kids_15_17": 10.0, "med_hh_income": 140132.0, "mean_hh_income": "129914.6017699115", "med_home_value": 694200.0, "upper_quartile_home_value": 824700.0, "hh_income_total": 226.0, "hh_income_<10k": 15.0, "hh_income_10_15k": 27.0, "hh_income_15_20k": 0.0, "hh_income_20_25k": 0.0, "hh_income_25_30k": 0.0, "hh_income_30_35k": 9.0, "hh_income_35_40k": 0.0, "hh_income_40_45k": 0.0, "hh_income_45_50k": 0.0, "hh_income_50_60k": 0.0, "hh_income_60_75k": 10.0, "hh_income_75_100k": 40.0, "hh_income_100_125k": 0.0, "hh_income_125_150k": 48.0, "hh_income_150_200k": 42.0, "hh_income_200k+": 35.0}, "geometry": {"type": "Polygon", "coordinates": [[[-118.361309, 33.88012], [-118.358834, 33.880115], [-118.357606, 33.880156], [-118.357606, 33.876631], [-118.358829, 33.876624], [-118.3613, 33.87662], [-118.361309, 33.88012]]]}}, {"type": "Feature", "properties": {"STATEFP": "06", "COUNTYFP": "037", "TRACTCE": "651102", "BLKGRPCE": "2", "GEOIDFQ": "1500000US060376511022", "GEOID": "060376511022", "NAME": "2", "NAMELSAD": "Block Group 2", "LSAD": "BG", "ALAND": 469665, "AWATER": 0, "lat": 33.82171689063043, "lon": -118.34395588526863, "pop_total": 1897.0, "hh_total": 912.0, "hh_family": 561.0, "kids_0_4": 130.0, "kids_5_9": 77.0, "kids_10_14": 88.0, "kids_15_17": 27.0, "med_hh_income": 62778.0, "mean_hh_income": "88828.72807017544", "med_home_value": 733900.0, "upper_quartile_home_value": 1083100.0, "hh_income_total": 912.0, "hh_income_<10k": 92.0, "hh_income_10_15k": 26.0, "hh_income_15_20k": 11.0, "hh_income_20_25k": 17.0, "hh_income_25_30k": 17.0, "hh_income_30_35k": 53.0, "hh_income_35_40k": 7.0, "hh_income_40_45k": 133.0, "hh_income_45_50k": 19.0, "hh_income_50_60k": 57.0, "hh_income_60_75k": 50.0, "hh_income_75_100k": 115.0, "hh_income_100_125k": 57.0, "hh_income_125_150k": 139.0, "hh_income_150_200k": 54.0, "hh_income_200k+": 65.0}, "geometry": {"type": "Polygon", "coordinates": [[[-118.347121, 33.824339], [-118.346955, 33.825199], [-118.344899, 33.825051], [-118.343909, 33.824952], [-118.339791, 33.824209], [-118.340064, 33.822379], [-118.341065, 33.819433], [-118.341011, 33.81833], [-118.342896, 33.818505], [-118.347671, 33.818491], [-118.347121, 33.824339]]]}}, {"type": "Feature", "properties": {"STATEFP": "06", "COUNTYFP": "037", "TRACTCE": "294421", "BLKGRPCE": "2", "GEOIDFQ": "1500000US060372944212", "GEOID": "060372944212", "NAME": "2", "NAMELSAD": "Block Group 2", "LSAD": "BG", "ALAND": 340610, "AWATER": 0, "lat": 33.79090937612971, "lon": -118.29692515707062, "pop_total": 1020.0, "hh_total": 272.0, "hh_family": 250.0, "kids_0_4": 57.0, "kids_5_9": 40.0, "kids_10_14": 133.0, "kids_15_17": 54.0, "med_hh_income": 58750.0, "mean_hh_income": "71280.14705882352", "med_home_value": -666666666.0, "upper_quartile_home_value": 1110100.0, "hh_income_total": 272.0, "hh_income_<10k": 21.0, "hh_income_10_15k": 0.0, "hh_income_15_20k": 0.0, "hh_income_20_25k": 0.0, "hh_income_25_30k": 7.0, "hh_income_30_35k": 0.0, "hh_income_35_40k": 0.0, "hh_income_40_45k": 0.0, "hh_income_45_50k": 0.0, "hh_income_50_60k": 122.0, "hh_income_60_75k": 18.0, "hh_income_75_100k": 30.0, "hh_income_100_125k": 55.0, "hh_income_125_150k": 8.0, "hh_income_150_200k": 11.0, "hh_income_200k+": 0.0}, "geometry": {"type": "Polygon", "coordinates": [[[-118.299918, 33.792473], [-118.29991, 33.794733], [-118.299207, 33.794731], [-118.295929, 33.79472], [-118.295936, 33.79281], [-118.295943, 33.790922], [-118.291703, 33.790992], [-118.297177, 33.785912], [-118.297488, 33.784799], [-118.297479, 33.789923], [-118.299929, 33.789452], [-118.299918, 33.792473]]]}}, {"type": "Feature", "properties": {"STATEFP": "06", "COUNTYFP": "037", "TRACTCE": "980005", "BLKGRPCE": "1", "GEOIDFQ": "1500000US060379800051", "GEOID": "060379800051", "NAME": "1", "NAMELSAD": "Block Group 1", "LSAD": "BG", "ALAND": 4051700, "AWATER": 1644, "lat": 33.85320447640998, "lon": -118.32736144704003, "pop_total": 0.0, "hh_total": 0.0, "hh_family": 0.0, "kids_0_4": 0.0, "kids_5_9": 0.0, "kids_10_14": 0.0, "kids_15_17": 0.0, "med_hh_income": -666666666.0, "mean_hh_income": "<NA>", "med_home_value": -666666666.0, "upper_quartile_home_value": -666666666.0, "hh_income_total": 0.0, "hh_income_<10k": 0.0, "hh_income_10_15k": 0.0, "hh_income_15_20k": 0.0, "hh_income_20_25k": 0.0, "hh_income_25_30k": 0.0, "hh_income_30_35k": 0.0, "hh_income_35_40k": 0.0, "hh_income_40_45k": 0.0, "hh_income_45_50k": 0.0, "hh_income_50_60k": 0.0, "hh_income_60_75k": 0.0, "hh_income_75_100k": 0.0, "hh_income_100_125k": 0.0, "hh_income_125_150k": 0.0, "hh_income_150_200k": 0.0, "hh_income_200k+": 0.0}, "geometry": {"type": "Polygon", "coordinates": [[[-118.351777, 33.858227], [-118.34368, 33.858324], [-118.333322, 33.858327], [-118.30915, 33.858348], [-118.309137, 33.847393], [-118.317144, 33.847474], [-118.317758, 33.847403], [-118.318485, 33.847292], [-118.328682, 33.847274], [-118.336606, 33.847284], [-118.338031, 33.847587], [-118.352262, 33.858162], [-118.351777, 33.858227]]]}}, {"type": "Feature", "properties": {"STATEFP": "06", "COUNTYFP": "037", "TRACTCE": "604002", "BLKGRPCE": "1", "GEOIDFQ": "1500000US060376040021", "GEOID": "060376040021", "NAME": "1", "NAMELSAD": "Block Group 1", "LSAD": "BG", "ALAND": 190111, "AWATER": 0, "lat": 33.87839413048473, "lon": -118.35498200003556, "pop_total": 842.0, "hh_total": 317.0, "hh_family": 167.0, "kids_0_4": 0.0, "kids_5_9": 27.0, "kids_10_14": 34.0, "kids_15_17": 67.0, "med_hh_income": 57917.0, "mean_hh_income": "92006.62460567824", "med_home_value": 687500.0, "upper_quartile_home_value": 953100.0, "hh_income_total": 317.0, "hh_income_<10k": 0.0, "hh_income_10_15k": 9.0, "hh_income_15_20k": 16.0, "hh_income_20_25k": 0.0, "hh_income_25_30k": 10.0, "hh_income_30_35k": 9.0, "hh_income_35_40k": 9.0, "hh_income_40_45k": 70.0, "hh_income_45_50k": 9.0, "hh_income_50_60k": 39.0, "hh_income_60_75k": 51.0, "hh_income_75_100k": 17.0, "hh_income_100_125k": 0.0, "hh_income_125_150k": 0.0, "hh_income_150_200k": 27.0, "hh_income_200k+": 51.0}, "geometry": {"type": "Polygon", "coordinates": [[[-118.357606, 33.880156], [-118.352357, 33.880157], [-118.352359, 33.876632], [-118.357606, 33.876631], [-118.357606, 33.880156]]]}}, {"type": "Feature", "properties": {"STATEFP": "06", "COUNTYFP": "037", "TRACTCE": "620305", "BLKGRPCE": "5", "GEOIDFQ": "1500000US060376203055", "GEOID": "060376203055", "NAME": "5", "NAMELSAD": "Block Group 5", "LSAD": "BG", "ALAND": 83860, "AWATER": 0, "lat": 33.89290824665186, "lon": -118.41461759564365, "pop_total": 361.0, "hh_total": 210.0, "hh_family": 95.0, "kids_0_4": 0.0, "kids_5_9": 0.0, "kids_10_14": 0.0, "kids_15_17": 15.0, "med_hh_income": 120875.0, "mean_hh_income": "172089.52380952382", "med_home_value": 2000001.0, "upper_quartile_home_value": 2000001.0, "hh_income_total": 210.0, "hh_income_<10k": 0.0, "hh_income_10_15k": 0.0, "hh_income_15_20k": 0.0, "hh_income_20_25k": 0.0, "hh_income_25_30k": 0.0, "hh_income_30_35k": 0.0, "hh_income_35_40k": 0.0, "hh_income_40_45k": 0.0, "hh_income_45_50k": 0.0, "hh_income_50_60k": 0.0, "hh_income_60_75k": 0.0, "hh_income_75_100k": 76.0, "hh_income_100_125k": 55.0, "hh_income_125_150k": 0.0, "hh_income_150_200k": 14.0, "hh_income_200k+": 65.0}, "geometry": {"type": "Polygon", "coordinates": [[[-118.416787936099, 33.8934968222322], [-118.413534, 33.894705], [-118.412592, 33.892904], [-118.413553, 33.891774], [-118.415514893335, 33.8910508854343], [-118.416787936099, 33.8934968222322]]]}}, {"type": "Feature", "properties": {"STATEFP": "06", "COUNTYFP": "037", "TRACTCE": "620521", "BLKGRPCE": "4", "GEOIDFQ": "1500000US060376205214", "GEOID": "060376205214", "NAME": "4", "NAMELSAD": "Block Group 4", "LSAD": "BG", "ALAND": 161033, "AWATER": 0, "lat": 33.87788973978149, "lon": -118.3681769825483, "pop_total": 1207.0, "hh_total": 380.0, "hh_family": 292.0, "kids_0_4": 67.0, "kids_5_9": 105.0, "kids_10_14": 194.0, "kids_15_17": 8.0, "med_hh_income": 187614.0, "mean_hh_income": "234749.73684210525", "med_home_value": 1246600.0, "upper_quartile_home_value": 1429900.0, "hh_income_total": 380.0, "hh_income_<10k": 0.0, "hh_income_10_15k": 7.0, "hh_income_15_20k": 0.0, "hh_income_20_25k": 10.0, "hh_income_25_30k": 18.0, "hh_income_30_35k": 0.0, "hh_income_35_40k": 8.0, "hh_income_40_45k": 0.0, "hh_income_45_50k": 0.0, "hh_income_50_60k": 0.0, "hh_income_60_75k": 17.0, "hh_income_75_100k": 29.0, "hh_income_100_125k": 10.0, "hh_income_125_150k": 35.0, "hh_income_150_200k": 77.0, "hh_income_200k+": 169.0}, "geometry": {"type": "Polygon", "coordinates": [[[-118.369954, 33.880096], [-118.366414, 33.880115], [-118.366407, 33.87661], [-118.366405, 33.875676], [-118.369938, 33.875669], [-118.369954, 33.880096]]]}}, {"type": "Feature", "properties": {"STATEFP": "06", "COUNTYFP": "037", "TRACTCE": "620522", "BLKGRPCE": "2", "GEOIDFQ": "1500000US060376205222", "GEOID": "060376205222", "NAME": "2", "NAMELSAD": "Block Group 2", "LSAD": "BG", "ALAND": 295485, "AWATER": 0, "lat": 33.877666785959065, "lon": -118.3766540847248, "pop_total": 1999.0, "hh_total": 743.0, "hh_family": 535.0, "kids_0_4": 124.0, "kids_5_9": 185.0, "kids_10_14": 180.0, "kids_15_17": 70.0, "med_hh_income": 163413.0, "mean_hh_income": "186499.73082099596", "med_home_value": 1340600.0, "upper_quartile_home_value": 1547800.0, "hh_income_total": 743.0, "hh_income_<10k": 21.0, "hh_income_10_15k": 9.0, "hh_income_15_20k": 0.0, "hh_income_20_25k": 0.0, "hh_income_25_30k": 0.0, "hh_income_30_35k": 37.0, "hh_income_35_40k": 0.0, "hh_income_40_45k": 24.0, "hh_income_45_50k": 72.0, "hh_income_50_60k": 4.0, "hh_income_60_75k": 42.0, "hh_income_75_100k": 40.0, "hh_income_100_125k": 21.0, "hh_income_125_150k": 62.0, "hh_income_150_200k": 192.0, "hh_income_200k+": 219.0}, "geometry": {"type": "Polygon", "coordinates": [[[-118.380037, 33.8794], [-118.378667, 33.880073], [-118.374859, 33.880078], [-118.374854, 33.878463], [-118.372745, 33.878467], [-118.372735, 33.875664], [-118.380065, 33.875663], [-118.380037, 33.8794]]]}}, {"type": "Feature", "properties": {"STATEFP": "06", "COUNTYFP": "037", "TRACTCE": "621324", "BLKGRPCE": "1", "GEOIDFQ": "1500000US060376213241", "GEOID": "060376213241", "NAME": "1", "NAMELSAD": "Block Group 1", "LSAD": "BG", "ALAND": 237564, "AWATER": 736749, "lat": 33.83431797158106, "lon": -118.38922727466326, "pop_total": 1438.0, "hh_total": 930.0, "hh_family": 333.0, "kids_0_4": 24.0, "kids_5_9": 0.0, "kids_10_14": 45.0, "kids_15_17": 0.0, "med_hh_income": 128482.0, "mean_hh_income": "181471.93548387097", "med_home_value": 1430300.0, "upper_quartile_home_value": 2000001.0, "hh_income_total": 930.0, "hh_income_<10k": 77.0, "hh_income_10_15k": 48.0, "hh_income_15_20k": 16.0, "hh_income_20_25k": 0.0, "hh_income_25_30k": 13.0, "hh_income_30_35k": 0.0, "hh_income_35_40k": 0.0, "hh_income_40_45k": 0.0, "hh_income_45_50k": 0.0, "hh_income_50_60k": 12.0, "hh_income_60_75k": 32.0, "hh_income_75_100k": 119.0, "hh_income_100_125k": 126.0, "hh_income_125_150k": 72.0, "hh_income_150_200k": 149.0, "hh_income_200k+": 266.0}, "geometry": {"type": "Polygon", "coordinates": [[[-118.391461640674, 33.8387444209217], [-118.390036, 33.83891], [-118.389777, 33.838684], [-118.389065, 33.838453], [-118.388044, 33.838238], [-118.387807, 33.835176], [-118.389015, 33.82893], [-118.390146560072, 33.8289149090327], [-118.390213, 33.836203], [-118.390549, 33.838779], [-118.391461640674, 33.8387444209217]]]}}, {"type": "Feature", "properties": {"STATEFP": "06", "COUNTYFP": "037", "TRACTCE": "650401", "BLKGRPCE": "2", "GEOIDFQ": "1500000US060376504012", "GEOID": "060376504012", "NAME": "2", "NAMELSAD": "Block Group 2", "LSAD": "BG", "ALAND": 259615, "AWATER": 0, "lat": 33.8354501889756, "lon": -118.33971772812835, "pop_total": 581.0, "hh_total": 211.0, "hh_family": 180.0, "kids_0_4": 0.0, "kids_5_9": 50.0, "kids_10_14": 19.0, "kids_15_17": 24.0, "med_hh_income": 124653.0, "mean_hh_income": "133717.5355450237", "med_home_value": 1003500.0, "upper_quartile_home_value": 1158000.0, "hh_income_total": 211.0, "hh_income_<10k": 10.0, "hh_income_10_15k": 0.0, "hh_income_15_20k": 11.0, "hh_income_20_25k": 8.0, "hh_income_25_30k": 0.0, "hh_income_30_35k": 0.0, "hh_income_35_40k": 0.0, "hh_income_40_45k": 0.0, "hh_income_45_50k": 0.0, "hh_income_50_60k": 7.0, "hh_income_60_75k": 18.0, "hh_income_75_100k": 7.0, "hh_income_100_125k": 47.0, "hh_income_125_150k": 24.0, "hh_income_150_200k": 25.0, "hh_income_200k+": 54.0}, "geometry": {"type": "Polygon", "coordinates": [[[-118.344786, 33.83749], [-118.339889, 33.836238], [-118.333806, 33.836306], [-118.333386, 33.834371], [-118.344858, 33.834262], [-118.344786, 33.83749]]]}}, {"type": "Feature", "properties": {"STATEFP": "06", "COUNTYFP": "037", "TRACTCE": "650901", "BLKGRPCE": "1", "GEOIDFQ": "1500000US060376509011", "GEOID": "060376509011", "NAME": "1", "NAMELSAD": "Block Group 1", "LSAD": "BG", "ALAND": 916435, "AWATER": 0, "lat": 33.84285502004083, "lon": -118.32360852376478, "pop_total": 1675.0, "hh_total": 659.0, "hh_family": 337.0, "kids_0_4": 33.0, "kids_5_9": 19.0, "kids_10_14": 248.0, "kids_15_17": 36.0, "med_hh_income": 78090.0, "mean_hh_income": "97277.3899848255", "med_home_value": 747900.0, "upper_quartile_home_value": 1141200.0, "hh_income_total": 659.0, "hh_income_<10k": 104.0, "hh_income_10_15k": 54.0, "hh_income_15_20k": 0.0, "hh_income_20_25k": 0.0, "hh_income_25_30k": 0.0, "hh_income_30_35k": 12.0, "hh_income_35_40k": 49.0, "hh_income_40_45k": 13.0, "hh_income_45_50k": 0.0, "hh_income_50_60k": 67.0, "hh_income_60_75k": 22.0, "hh_income_75_100k": 118.0, "hh_income_100_125k": 16.0, "hh_income_125_150k": 80.0, "hh_income_150_200k": 44.0, "hh_income_200k+": 80.0}, "geometry": {"type": "Polygon", "coordinates": [[[-118.328682, 33.847274], [-118.318485, 33.847292], [-118.317758, 33.847403], [-118.318842, 33.844444], [-118.318627, 33.839598], [-118.320462, 33.837947], [-118.324932, 33.838025], [-118.326306, 33.839355], [-118.327443, 33.837874], [-118.328676, 33.839338], [-118.328682, 33.847274]]]}}, {"type": "Feature", "properties": {"STATEFP": "06", "COUNTYFP": "037", "TRACTCE": "651304", "BLKGRPCE": "1", "GEOIDFQ": "1500000US060376513041", "GEOID": "060376513041", "NAME": "1", "NAMELSAD": "Block Group 1", "LSAD": "BG", "ALAND": 232677, "AWATER": 0, "lat": 33.81514305949732, "lon": -118.38457323746943, "pop_total": 584.0, "hh_total": 365.0, "hh_family": 139.0, "kids_0_4": 0.0, "kids_5_9": 45.0, "kids_10_14": 0.0, "kids_15_17": 0.0, "med_hh_income": 107303.0, "mean_hh_income": "191460.0", "med_home_value": 1408100.0, "upper_quartile_home_value": 1692700.0, "hh_income_total": 365.0, "hh_income_<10k": 39.0, "hh_income_10_15k": 0.0, "hh_income_15_20k": 0.0, "hh_income_20_25k": 24.0, "hh_income_25_30k": 12.0, "hh_income_30_35k": 0.0, "hh_income_35_40k": 0.0, "hh_income_40_45k": 23.0, "hh_income_45_50k": 21.0, "hh_income_50_60k": 13.0, "hh_income_60_75k": 0.0, "hh_income_75_100k": 33.0, "hh_income_100_125k": 51.0, "hh_income_125_150k": 0.0, "hh_income_150_200k": 0.0, "hh_income_200k+": 149.0}, "geometry": {"type": "Polygon", "coordinates": [[[-118.386465, 33.813778], [-118.386407, 33.815225], [-118.38509, 33.817612], [-118.38538, 33.818921], [-118.384304, 33.81893], [-118.383133, 33.818529], [-118.381824, 33.817726], [-118.381868, 33.817666], [-118.381949, 33.817201], [-118.3837, 33.814641], [-118.383453, 33.811838], [-118.386761, 33.811275], [-118.386465, 33.813778]]]}}, {"type": "Feature", "properties": {"STATEFP": "06", "COUNTYFP": "037", "TRACTCE": "651402", "BLKGRPCE": "4", "GEOIDFQ": "1500000US060376514024", "GEOID": "060376514024", "NAME": "4", "NAMELSAD": "Block Group 4", "LSAD": "BG", "ALAND": 176339, "AWATER": 0, "lat": 33.795855999874085, "lon": -118.3427765347973, "pop_total": 678.0, "hh_total": 288.0, "hh_family": 239.0, "kids_0_4": 70.0, "kids_5_9": 38.0, "kids_10_14": 0.0, "kids_15_17": 69.0, "med_hh_income": -666666666.0, "mean_hh_income": "87870.83333333333", "med_home_value": 1083900.0, "upper_quartile_home_value": 1186600.0, "hh_income_total": 288.0, "hh_income_<10k": 31.0, "hh_income_10_15k": 0.0, "hh_income_15_20k": 0.0, "hh_income_20_25k": 0.0, "hh_income_25_30k": 0.0, "hh_income_30_35k": 17.0, "hh_income_35_40k": 16.0, "hh_income_40_45k": 33.0, "hh_income_45_50k": 58.0, "hh_income_50_60k": 0.0, "hh_income_60_75k": 13.0, "hh_income_75_100k": 18.0, "hh_income_100_125k": 11.0, "hh_income_125_150k": 45.0, "hh_income_150_200k": 0.0, "hh_income_200k+": 46.0}, "geometry": {"type": "Polygon", "coordinates": [[[-118.346881, 33.797099], [-118.345934, 33.797738], [-118.345478, 33.798482], [-118.340774, 33.796613], [-118.341122, 33.794983], [-118.339484, 33.794339], [-118.338031, 33.793295], [-118.336921, 33.793], [-118.337773, 33.792352], [-118.339064, 33.792976], [-118.339992, 33.793724], [-118.346483, 33.796265], [-118.34693, 33.796706], [-118.346881, 33.797099]]]}}, {"type": "Feature", "properties": {"STATEFP": "06", "COUNTYFP": "037", "TRACTCE": "543503", "BLKGRPCE": "3", "GEOIDFQ": "1500000US060375435033", "GEOID": "060375435033", "NAME": "3", "NAMELSAD": "Block Group 3", "LSAD": "BG", "ALAND": 872939, "AWATER": 0, "lat": 33.828014134097884, "lon": -118.2931848310517, "pop_total": 2268.0, "hh_total": 719.0, "hh_family": 485.0, "kids_0_4": 108.0, "kids_5_9": 18.0, "kids_10_14": 57.0, "kids_15_17": 69.0, "med_hh_income": 105875.0, "mean_hh_income": "119971.76634214187", "med_home_value": 595900.0, "upper_quartile_home_value": 738000.0, "hh_income_total": 719.0, "hh_income_<10k": 12.0, "hh_income_10_15k": 0.0, "hh_income_15_20k": 0.0, "hh_income_20_25k": 36.0, "hh_income_25_30k": 0.0, "hh_income_30_35k": 0.0, "hh_income_35_40k": 0.0, "hh_income_40_45k": 0.0, "hh_income_45_50k": 44.0, "hh_income_50_60k": 106.0, "hh_income_60_75k": 27.0, "hh_income_75_100k": 100.0, "hh_income_100_125k": 103.0, "hh_income_125_150k": 38.0, "hh_income_150_200k": 156.0, "hh_income_200k+": 97.0}, "geometry": {"type": "Polygon", "coordinates": [[[-118.299192, 33.831549], [-118.290301, 33.831575], [-118.287232, 33.831596], [-118.287228, 33.824383], [-118.294737, 33.824491], [-118.299184, 33.824506], [-118.299185, 33.825696], [-118.299189, 33.828113], [-118.299192, 33.831549]]]}}, {"type": "Feature", "properties": {"STATEFP": "06", "COUNTYFP": "037", "TRACTCE": "670001", "BLKGRPCE": "2", "GEOIDFQ": "1500000US060376700012", "GEOID": "060376700012", "NAME": "2", "NAMELSAD": "Block Group 2", "LSAD": "BG", "ALAND": 462227, "AWATER": 0, "lat": 33.80429046014102, "lon": -118.31998768009313, "pop_total": 1464.0, "hh_total": 670.0, "hh_family": 394.0, "kids_0_4": 51.0, "kids_5_9": 29.0, "kids_10_14": 59.0, "kids_15_17": 63.0, "med_hh_income": 87143.0, "mean_hh_income": "134947.91044776118", "med_home_value": 707800.0, "upper_quartile_home_value": 923900.0, "hh_income_total": 670.0, "hh_income_<10k": 22.0, "hh_income_10_15k": 0.0, "hh_income_15_20k": 38.0, "hh_income_20_25k": 12.0, "hh_income_25_30k": 43.0, "hh_income_30_35k": 7.0, "hh_income_35_40k": 9.0, "hh_income_40_45k": 37.0, "hh_income_45_50k": 10.0, "hh_income_50_60k": 43.0, "hh_income_60_75k": 63.0, "hh_income_75_100k": 59.0, "hh_income_100_125k": 62.0, "hh_income_125_150k": 30.0, "hh_income_150_200k": 67.0, "hh_income_200k+": 168.0}, "geometry": {"type": "Polygon", "coordinates": [[[-118.327941, 33.806862], [-118.319919, 33.806861], [-118.319928, 33.805477], [-118.31467, 33.805483], [-118.314516, 33.800088], [-118.317165, 33.801202], [-118.32263, 33.803587], [-118.327948, 33.805904], [-118.327941, 33.806862]]]}}, {"type": "Feature", "properties": {"STATEFP": "06", "COUNTYFP": "037", "TRACTCE": "670201", "BLKGRPCE": "1", "GEOIDFQ": "1500000US060376702011", "GEOID": "060376702011", "NAME": "1", "NAMELSAD": "Block Group 1", "LSAD": "BG", "ALAND": 1535885, "AWATER": 0, "lat": 33.776960273049276, "lon": -118.35587034793284, "pop_total": 1876.0, "hh_total": 623.0, "hh_family": 550.0, "kids_0_4": 104.0, "kids_5_9": 286.0, "kids_10_14": 84.0, "kids_15_17": 54.0, "med_hh_income": 250001.0, "mean_hh_income": "275904.8154093098", "med_home_value": 2000001.0, "upper_quartile_home_value": 2000001.0, "hh_income_total": 623.0, "hh_income_<10k": 0.0, "hh_income_10_15k": 0.0, "hh_income_15_20k": 5.0, "hh_income_20_25k": 22.0, "hh_income_25_30k": 0.0, "hh_income_30_35k": 0.0, "hh_income_35_40k": 0.0, "hh_income_40_45k": 75.0, "hh_income_45_50k": 0.0, "hh_income_50_60k": 16.0, "hh_income_60_75k": 7.0, "hh_income_75_100k": 19.0, "hh_income_100_125k": 0.0, "hh_income_125_150k": 32.0, "hh_income_150_200k": 16.0, "hh_income_200k+": 431.0}, "geometry": {"type": "Polygon", "coordinates": [[[-118.362994, 33.778884], [-118.360757, 33.781086], [-118.357559, 33.7818], [-118.356975, 33.782979], [-118.354208, 33.783476], [-118.353024, 33.781805], [-118.35242, 33.782213], [-118.35196, 33.783208], [-118.350991, 33.784035], [-118.346895, 33.781149], [-118.345537, 33.780754], [-118.345711, 33.778124], [-118.345889, 33.777554], [-118.348449, 33.779386], [-118.351072, 33.775548], [-118.351924, 33.774686], [-118.359707, 33.767919], [-118.363276, 33.769151], [-118.36272, 33.771188], [-118.360054, 33.773471], [-118.362641, 33.775614], [-118.363575, 33.77814], [-118.362994, 33.778884]]]}}, {"type": "Feature", "properties": {"STATEFP": "06", "COUNTYFP": "037", "TRACTCE": "980013", "BLKGRPCE": "1", "GEOIDFQ": "1500000US060379800131", "GEOID": "060379800131", "NAME": "1", "NAMELSAD": "Block Group 1", "LSAD": "BG", "ALAND": 5308102, "AWATER": 0, "lat": 33.91651861519338, "lon": -118.38714974719, "pop_total": 0.0, "hh_total": 0.0, "hh_family": 0.0, "kids_0_4": 0.0, "kids_5_9": 0.0, "kids_10_14": 0.0, "kids_15_17": 0.0, "med_hh_income": -666666666.0, "mean_hh_income": "<NA>", "med_home_value": -666666666.0, "upper_quartile_home_value": -666666666.0, "hh_income_total": 0.0, "hh_income_<10k": 0.0, "hh_income_10_15k": 0.0, "hh_income_15_20k": 0.0, "hh_income_20_25k": 0.0, "hh_income_25_30k": 0.0, "hh_income_30_35k": 0.0, "hh_income_35_40k": 0.0, "hh_income_40_45k": 0.0, "hh_income_45_50k": 0.0, "hh_income_50_60k": 0.0, "hh_income_60_75k": 0.0, "hh_income_75_100k": 0.0, "hh_income_100_125k": 0.0, "hh_income_125_150k": 0.0, "hh_income_150_200k": 0.0, "hh_income_200k+": 0.0}, "geometry": {"type": "Polygon", "coordinates": [[[-118.396278, 33.927016], [-118.396105, 33.9309], [-118.380286, 33.930923], [-118.378869, 33.930923], [-118.378728, 33.930895], [-118.378429, 33.929008], [-118.378377, 33.923654], [-118.378373, 33.920008], [-118.376532, 33.920009], [-118.376527, 33.917182], [-118.374341, 33.916306], [-118.377958, 33.916321], [-118.37868, 33.91489], [-118.378686, 33.90946], [-118.378703, 33.906524], [-118.378701, 33.901905], [-118.396173, 33.901866], [-118.395887, 33.906768], [-118.395969, 33.9164], [-118.396263, 33.923617], [-118.396278, 33.927016]]]}}, {"type": "Feature", "properties": {"STATEFP": "06", "COUNTYFP": "037", "TRACTCE": "620301", "BLKGRPCE": "1", "GEOIDFQ": "1500000US060376203011", "GEOID": "060376203011", "NAME": "1", "NAMELSAD": "Block Group 1", "LSAD": "BG", "ALAND": 306820, "AWATER": 0, "lat": 33.89929644752865, "lon": -118.40004743288013, "pop_total": 1055.0, "hh_total": 363.0, "hh_family": 251.0, "kids_0_4": 106.0, "kids_5_9": 100.0, "kids_10_14": 89.0, "kids_15_17": 22.0, "med_hh_income": 210393.0, "mean_hh_income": "272791.18457300274", "med_home_value": 2000001.0, "upper_quartile_home_value": 2000001.0, "hh_income_total": 363.0, "hh_income_<10k": 0.0, "hh_income_10_15k": 0.0, "hh_income_15_20k": 0.0, "hh_income_20_25k": 0.0, "hh_income_25_30k": 0.0, "hh_income_30_35k": 15.0, "hh_income_35_40k": 29.0, "hh_income_40_45k": 0.0, "hh_income_45_50k": 11.0, "hh_income_50_60k": 4.0, "hh_income_60_75k": 0.0, "hh_income_75_100k": 27.0, "hh_income_100_125k": 24.0, "hh_income_125_150k": 25.0, "hh_income_150_200k": 26.0, "hh_income_200k+": 202.0}, "geometry": {"type": "Polygon", "coordinates": [[[-118.403457, 33.894997], [-118.402607, 33.895123], [-118.402571, 33.900016], [-118.402582, 33.90195], [-118.39858, 33.901968], [-118.396173, 33.901866], [-118.396126, 33.900313], [-118.400609, 33.895995], [-118.401507, 33.895283], [-118.403387, 33.89478], [-118.403457, 33.894997]]]}}, {"type": "Feature", "properties": {"STATEFP": "06", "COUNTYFP": "037", "TRACTCE": "543606", "BLKGRPCE": "1", "GEOIDFQ": "1500000US060375436061", "GEOID": "060375436061", "NAME": "1", "NAMELSAD": "Block Group 1", "LSAD": "BG", "ALAND": 247735, "AWATER": 0, "lat": 33.82174994935701, "lon": -118.29692140961812, "pop_total": 1230.0, "hh_total": 449.0, "hh_family": 355.0, "kids_0_4": 39.0, "kids_5_9": 124.0, "kids_10_14": 187.0, "kids_15_17": 30.0, "med_hh_income": 47875.0, "mean_hh_income": "51807.79510022272", "med_home_value": -666666666.0, "upper_quartile_home_value": 450000.0, "hh_income_total": 449.0, "hh_income_<10k": 0.0, "hh_income_10_15k": 22.0, "hh_income_15_20k": 0.0, "hh_income_20_25k": 6.0, "hh_income_25_30k": 32.0, "hh_income_30_35k": 107.0, "hh_income_35_40k": 0.0, "hh_income_40_45k": 20.0, "hh_income_45_50k": 46.0, "hh_income_50_60k": 108.0, "hh_income_60_75k": 54.0, "hh_income_75_100k": 0.0, "hh_income_100_125k": 25.0, "hh_income_125_150k": 29.0, "hh_income_150_200k": 0.0, "hh_income_200k+": 0.0}, "geometry": {"type": "Polygon", "coordinates": [[[-118.299184, 33.824506], [-118.294737, 33.824491], [-118.294716, 33.818975], [-118.299065, 33.818985], [-118.299083, 33.819742], [-118.29907, 33.820215], [-118.299184, 33.824506]]]}}, {"type": "Feature", "properties": {"STATEFP": "06", "COUNTYFP": "037", "TRACTCE": "543502", "BLKGRPCE": "3", "GEOIDFQ": "1500000US060375435023", "GEOID": "060375435023", "NAME": "3", "NAMELSAD": "Block Group 3", "LSAD": "BG", "ALAND": 502648, "AWATER": 11899, "lat": 33.838867296904226, "lon": -118.2952772542317, "pop_total": 1913.0, "hh_total": 741.0, "hh_family": 513.0, "kids_0_4": 22.0, "kids_5_9": 46.0, "kids_10_14": 130.0, "kids_15_17": 66.0, "med_hh_income": 129149.0, "mean_hh_income": "146269.7705802969", "med_home_value": 818000.0, "upper_quartile_home_value": 913500.0, "hh_income_total": 741.0, "hh_income_<10k": 71.0, "hh_income_10_15k": 0.0, "hh_income_15_20k": 0.0, "hh_income_20_25k": 0.0, "hh_income_25_30k": 21.0, "hh_income_30_35k": 7.0, "hh_income_35_40k": 11.0, "hh_income_40_45k": 11.0, "hh_income_45_50k": 28.0, "hh_income_50_60k": 13.0, "hh_income_60_75k": 11.0, "hh_income_75_100k": 68.0, "hh_income_100_125k": 82.0, "hh_income_125_150k": 104.0, "hh_income_150_200k": 106.0, "hh_income_200k+": 208.0}, "geometry": {"type": "Polygon", "coordinates": [[[-118.299203, 33.841951], [-118.29003, 33.842035], [-118.291371, 33.841045], [-118.291538, 33.836104], [-118.291981, 33.835688], [-118.299196, 33.835571], [-118.299203, 33.841951]]]}}, {"type": "Feature", "properties": {"STATEFP": "06", "COUNTYFP": "037", "TRACTCE": "650300", "BLKGRPCE": "4", "GEOIDFQ": "1500000US060376503004", "GEOID": "060376503004", "NAME": "4", "NAMELSAD": "Block Group 4", "LSAD": "BG", "ALAND": 248328, "AWATER": 0, "lat": 33.86395772253215, "lon": -118.34890308010627, "pop_total": 1919.0, "hh_total": 600.0, "hh_family": 419.0, "kids_0_4": 108.0, "kids_5_9": 202.0, "kids_10_14": 77.0, "kids_15_17": 62.0, "med_hh_income": 98914.0, "mean_hh_income": "131318.16666666666", "med_home_value": 923100.0, "upper_quartile_home_value": 1158700.0, "hh_income_total": 600.0, "hh_income_<10k": 0.0, "hh_income_10_15k": 0.0, "hh_income_15_20k": 35.0, "hh_income_20_25k": 15.0, "hh_income_25_30k": 0.0, "hh_income_30_35k": 0.0, "hh_income_35_40k": 30.0, "hh_income_40_45k": 38.0, "hh_income_45_50k": 0.0, "hh_income_50_60k": 45.0, "hh_income_60_75k": 56.0, "hh_income_75_100k": 114.0, "hh_income_100_125k": 17.0, "hh_income_125_150k": 44.0, "hh_income_150_200k": 29.0, "hh_income_200k+": 177.0}, "geometry": {"type": "Polygon", "coordinates": [[[-118.352461, 33.865526], [-118.343793, 33.865571], [-118.343778, 33.864108], [-118.347067, 33.864107], [-118.347058, 33.861965], [-118.352443, 33.86192], [-118.352461, 33.865526]]]}}, {"type": "Feature", "properties": {"STATEFP": "06", "COUNTYFP": "037", "TRACTCE": "650200", "BLKGRPCE": "2", "GEOIDFQ": "1500000US060376502002", "GEOID": "060376502002", "NAME": "2", "NAMELSAD": "Block Group 2", "LSAD": "BG", "ALAND": 537963, "AWATER": 0, "lat": 33.86326453520192, "lon": -118.33808792146958, "pop_total": 1335.0, "hh_total": 415.0, "hh_family": 361.0, "kids_0_4": 102.0, "kids_5_9": 100.0, "kids_10_14": 85.0, "kids_15_17": 27.0, "med_hh_income": 198672.0, "mean_hh_income": "212484.09638554216", "med_home_value": 996300.0, "upper_quartile_home_value": 1141500.0, "hh_income_total": 415.0, "hh_income_<10k": 0.0, "hh_income_10_15k": 10.0, "hh_income_15_20k": 9.0, "hh_income_20_25k": 0.0, "hh_income_25_30k": 0.0, "hh_income_30_35k": 0.0, "hh_income_35_40k": 0.0, "hh_income_40_45k": 0.0, "hh_income_45_50k": 0.0, "hh_income_50_60k": 17.0, "hh_income_60_75k": 0.0, "hh_income_75_100k": 54.0, "hh_income_100_125k": 7.0, "hh_income_125_150k": 7.0, "hh_income_150_200k": 112.0, "hh_income_200k+": 199.0}, "geometry": {"type": "Polygon", "coordinates": [[[-118.343778, 33.864108], [-118.343793, 33.865571], [-118.332451, 33.865585], [-118.332471, 33.860553], [-118.333331, 33.860568], [-118.33345, 33.861007], [-118.343794, 33.860968], [-118.343778, 33.864108]]]}}, {"type": "Feature", "properties": {"STATEFP": "06", "COUNTYFP": "037", "TRACTCE": "651222", "BLKGRPCE": "2", "GEOIDFQ": "1500000US060376512222", "GEOID": "060376512222", "NAME": "2", "NAMELSAD": "Block Group 2", "LSAD": "BG", "ALAND": 257418, "AWATER": 0, "lat": 33.810708969824375, "lon": -118.35605171010583, "pop_total": 901.0, "hh_total": 372.0, "hh_family": 214.0, "kids_0_4": 24.0, "kids_5_9": 58.0, "kids_10_14": 65.0, "kids_15_17": 47.0, "med_hh_income": 137550.0, "mean_hh_income": "125363.97849462366", "med_home_value": 1179700.0, "upper_quartile_home_value": 1294600.0, "hh_income_total": 372.0, "hh_income_<10k": 0.0, "hh_income_10_15k": 0.0, "hh_income_15_20k": 0.0, "hh_income_20_25k": 0.0, "hh_income_25_30k": 0.0, "hh_income_30_35k": 0.0, "hh_income_35_40k": 0.0, "hh_income_40_45k": 56.0, "hh_income_45_50k": 0.0, "hh_income_50_60k": 61.0, "hh_income_60_75k": 0.0, "hh_income_75_100k": 53.0, "hh_income_100_125k": 15.0, "hh_income_125_150k": 95.0, "hh_income_150_200k": 30.0, "hh_income_200k+": 62.0}, "geometry": {"type": "Polygon", "coordinates": [[[-118.357804, 33.81449], [-118.354398, 33.814357], [-118.3544, 33.806351], [-118.357785, 33.80766], [-118.357804, 33.81449]]]}}, {"type": "Feature", "properties": {"STATEFP": "06", "COUNTYFP": "037", "TRACTCE": "650300", "BLKGRPCE": "2", "GEOIDFQ": "1500000US060376503002", "GEOID": "060376503002", "NAME": "2", "NAMELSAD": "Block Group 2", "LSAD": "BG", "ALAND": 410234, "AWATER": 0, "lat": 33.870358427765254, "lon": -118.34775802175261, "pop_total": 1899.0, "hh_total": 507.0, "hh_family": 446.0, "kids_0_4": 165.0, "kids_5_9": 267.0, "kids_10_14": 48.0, "kids_15_17": 28.0, "med_hh_income": 152798.0, "mean_hh_income": "213281.8540433925", "med_home_value": 941700.0, "upper_quartile_home_value": 1094700.0, "hh_income_total": 507.0, "hh_income_<10k": 0.0, "hh_income_10_15k": 0.0, "hh_income_15_20k": 17.0, "hh_income_20_25k": 0.0, "hh_income_25_30k": 31.0, "hh_income_30_35k": 0.0, "hh_income_35_40k": 0.0, "hh_income_40_45k": 14.0, "hh_income_45_50k": 0.0, "hh_income_50_60k": 0.0, "hh_income_60_75k": 29.0, "hh_income_75_100k": 80.0, "hh_income_100_125k": 35.0, "hh_income_125_150k": 45.0, "hh_income_150_200k": 21.0, "hh_income_200k+": 235.0}, "geometry": {"type": "Polygon", "coordinates": [[[-118.352497, 33.872787], [-118.343875, 33.872776], [-118.343791, 33.86681], [-118.346611, 33.86679], [-118.346609, 33.86871], [-118.352462, 33.868789], [-118.352497, 33.872787]]]}}, {"type": "Feature", "properties": {"STATEFP": "06", "COUNTYFP": "037", "TRACTCE": "620400", "BLKGRPCE": "1", "GEOIDFQ": "1500000US060376204001", "GEOID": "060376204001", "NAME": "1", "NAMELSAD": "Block Group 1", "LSAD": "BG", "ALAND": 1466668, "AWATER": 0, "lat": 33.89765742820422, "lon": -118.3867103669007, "pop_total": 1428.0, "hh_total": 642.0, "hh_family": 429.0, "kids_0_4": 44.0, "kids_5_9": 56.0, "kids_10_14": 154.0, "kids_15_17": 38.0, "med_hh_income": 184444.0, "mean_hh_income": "255772.58566978193", "med_home_value": 1703500.0, "upper_quartile_home_value": 2000001.0, "hh_income_total": 642.0, "hh_income_<10k": 39.0, "hh_income_10_15k": 0.0, "hh_income_15_20k": 0.0, "hh_income_20_25k": 0.0, "hh_income_25_30k": 0.0, "hh_income_30_35k": 0.0, "hh_income_35_40k": 0.0, "hh_income_40_45k": 0.0, "hh_income_45_50k": 26.0, "hh_income_50_60k": 57.0, "hh_income_60_75k": 21.0, "hh_income_75_100k": 87.0, "hh_income_100_125k": 14.0, "hh_income_125_150k": 23.0, "hh_income_150_200k": 120.0, "hh_income_200k+": 255.0}, "geometry": {"type": "Polygon", "coordinates": [[[-118.396173, 33.901866], [-118.378701, 33.901905], [-118.378721, 33.894646], [-118.378688, 33.891917], [-118.383046, 33.891927], [-118.385143, 33.891923], [-118.385152, 33.894636], [-118.389824, 33.894636], [-118.395994, 33.894618], [-118.396041, 33.899886], [-118.396126, 33.900313], [-118.396173, 33.901866]]]}}, {"type": "Feature", "properties": {"STATEFP": "06", "COUNTYFP": "037", "TRACTCE": "651304", "BLKGRPCE": "2", "GEOIDFQ": "1500000US060376513042", "GEOID": "060376513042", "NAME": "2", "NAMELSAD": "Block Group 2", "LSAD": "BG", "ALAND": 248998, "AWATER": 0, "lat": 33.81500221508143, "lon": -118.37954194434165, "pop_total": 828.0, "hh_total": 413.0, "hh_family": 216.0, "kids_0_4": 81.0, "kids_5_9": 46.0, "kids_10_14": 57.0, "kids_15_17": 0.0, "med_hh_income": 93609.0, "mean_hh_income": "170910.89588377724", "med_home_value": 1633200.0, "upper_quartile_home_value": 1920900.0, "hh_income_total": 413.0, "hh_income_<10k": 6.0, "hh_income_10_15k": 0.0, "hh_income_15_20k": 14.0, "hh_income_20_25k": 19.0, "hh_income_25_30k": 0.0, "hh_income_30_35k": 0.0, "hh_income_35_40k": 19.0, "hh_income_40_45k": 18.0, "hh_income_45_50k": 0.0, "hh_income_50_60k": 0.0, "hh_income_60_75k": 11.0, "hh_income_75_100k": 159.0, "hh_income_100_125k": 0.0, "hh_income_125_150k": 54.0, "hh_income_150_200k": 28.0, "hh_income_200k+": 85.0}, "geometry": {"type": "Polygon", "coordinates": [[[-118.3837, 33.814641], [-118.381949, 33.817201], [-118.381868, 33.817666], [-118.381824, 33.817726], [-118.379745, 33.816518], [-118.375745, 33.815892], [-118.37571, 33.815809], [-118.375547, 33.814129], [-118.380171, 33.812622], [-118.382846, 33.814759], [-118.3837, 33.814641]]]}}, {"type": "Feature", "properties": {"STATEFP": "06", "COUNTYFP": "037", "TRACTCE": "604002", "BLKGRPCE": "3", "GEOIDFQ": "1500000US060376040023", "GEOID": "060376040023", "NAME": "3", "NAMELSAD": "Block Group 3", "LSAD": "BG", "ALAND": 95136, "AWATER": 0, "lat": 33.874740889547596, "lon": -118.36006147889849, "pop_total": 567.0, "hh_total": 227.0, "hh_family": 118.0, "kids_0_4": 11.0, "kids_5_9": 12.0, "kids_10_14": 39.0, "kids_15_17": 48.0, "med_hh_income": 95905.0, "mean_hh_income": "111166.9603524229", "med_home_value": 933800.0, "upper_quartile_home_value": 1093800.0, "hh_income_total": 227.0, "hh_income_<10k": 0.0, "hh_income_10_15k": 0.0, "hh_income_15_20k": 0.0, "hh_income_20_25k": 0.0, "hh_income_25_30k": 0.0, "hh_income_30_35k": 10.0, "hh_income_35_40k": 11.0, "hh_income_40_45k": 0.0, "hh_income_45_50k": 0.0, "hh_income_50_60k": 10.0, "hh_income_60_75k": 0.0, "hh_income_75_100k": 101.0, "hh_income_100_125k": 55.0, "hh_income_125_150k": 0.0, "hh_income_150_200k": 22.0, "hh_income_200k+": 18.0}, "geometry": {"type": "Polygon", "coordinates": [[[-118.3613, 33.87662], [-118.358829, 33.876624], [-118.358828, 33.872857], [-118.36129, 33.872858], [-118.3613, 33.87662]]]}}, {"type": "Feature", "properties": {"STATEFP": "06", "COUNTYFP": "037", "TRACTCE": "620301", "BLKGRPCE": "4", "GEOIDFQ": "1500000US060376203014", "GEOID": "060376203014", "NAME": "4", "NAMELSAD": "Block Group 4", "LSAD": "BG", "ALAND": 223472, "AWATER": 0, "lat": 33.89603497133066, "lon": -118.4086972240257, "pop_total": 993.0, "hh_total": 367.0, "hh_family": 244.0, "kids_0_4": 47.0, "kids_5_9": 55.0, "kids_10_14": 87.0, "kids_15_17": 79.0, "med_hh_income": 250001.0, "mean_hh_income": "352927.2479564033", "med_home_value": 2000001.0, "upper_quartile_home_value": 2000001.0, "hh_income_total": 367.0, "hh_income_<10k": 0.0, "hh_income_10_15k": 0.0, "hh_income_15_20k": 0.0, "hh_income_20_25k": 0.0, "hh_income_25_30k": 9.0, "hh_income_30_35k": 55.0, "hh_income_35_40k": 0.0, "hh_income_40_45k": 0.0, "hh_income_45_50k": 0.0, "hh_income_50_60k": 0.0, "hh_income_60_75k": 0.0, "hh_income_75_100k": 0.0, "hh_income_100_125k": 43.0, "hh_income_125_150k": 14.0, "hh_income_150_200k": 12.0, "hh_income_200k+": 234.0}, "geometry": {"type": "Polygon", "coordinates": [[[-118.412159, 33.898632], [-118.407192, 33.898647], [-118.407167, 33.894614], [-118.403457, 33.894997], [-118.403387, 33.89478], [-118.404259, 33.894751], [-118.407911, 33.89241], [-118.407947, 33.892759], [-118.411239, 33.895988], [-118.412159, 33.898632]]]}}, {"type": "Feature", "properties": {"STATEFP": "06", "COUNTYFP": "037", "TRACTCE": "621102", "BLKGRPCE": "1", "GEOIDFQ": "1500000US060376211021", "GEOID": "060376211021", "NAME": "1", "NAMELSAD": "Block Group 1", "LSAD": "BG", "ALAND": 218117, "AWATER": 0, "lat": 33.86254995547236, "lon": -118.38879739743676, "pop_total": 987.0, "hh_total": 373.0, "hh_family": 240.0, "kids_0_4": 8.0, "kids_5_9": 78.0, "kids_10_14": 64.0, "kids_15_17": 31.0, "med_hh_income": 200250.0, "mean_hh_income": "275428.15013404825", "med_home_value": 1935500.0, "upper_quartile_home_value": 2000001.0, "hh_income_total": 373.0, "hh_income_<10k": 8.0, "hh_income_10_15k": 0.0, "hh_income_15_20k": 0.0, "hh_income_20_25k": 0.0, "hh_income_25_30k": 0.0, "hh_income_30_35k": 0.0, "hh_income_35_40k": 0.0, "hh_income_40_45k": 0.0, "hh_income_45_50k": 0.0, "hh_income_50_60k": 5.0, "hh_income_60_75k": 2.0, "hh_income_75_100k": 22.0, "hh_income_100_125k": 71.0, "hh_income_125_150k": 69.0, "hh_income_150_200k": 7.0, "hh_income_200k+": 189.0}, "geometry": {"type": "Polygon", "coordinates": [[[-118.392809, 33.863983], [-118.390052, 33.863273], [-118.386581, 33.8655], [-118.385866, 33.864406], [-118.385276, 33.861392], [-118.391754, 33.860273], [-118.392809, 33.863983]]]}}, {"type": "Feature", "properties": {"STATEFP": "06", "COUNTYFP": "037", "TRACTCE": "670003", "BLKGRPCE": "4", "GEOIDFQ": "1500000US060376700034", "GEOID": "060376700034", "NAME": "4", "NAMELSAD": "Block Group 4", "LSAD": "BG", "ALAND": 466972, "AWATER": 0, "lat": 33.79931933249333, "lon": -118.32481818038222, "pop_total": 1362.0, "hh_total": 681.0, "hh_family": 331.0, "kids_0_4": 90.0, "kids_5_9": 57.0, "kids_10_14": 79.0, "kids_15_17": 19.0, "med_hh_income": 81332.0, "mean_hh_income": "93188.98678414097", "med_home_value": 423800.0, "upper_quartile_home_value": 733600.0, "hh_income_total": 681.0, "hh_income_<10k": 36.0, "hh_income_10_15k": 0.0, "hh_income_15_20k": 25.0, "hh_income_20_25k": 75.0, "hh_income_25_30k": 27.0, "hh_income_30_35k": 17.0, "hh_income_35_40k": 0.0, "hh_income_40_45k": 0.0, "hh_income_45_50k": 8.0, "hh_income_50_60k": 85.0, "hh_income_60_75k": 43.0, "hh_income_75_100k": 152.0, "hh_income_100_125k": 17.0, "hh_income_125_150k": 71.0, "hh_income_150_200k": 35.0, "hh_income_200k+": 90.0}, "geometry": {"type": "Polygon", "coordinates": [[[-118.328091, 33.800863], [-118.325952, 33.800857], [-118.325943, 33.803326], [-118.327924, 33.803334], [-118.327948, 33.805904], [-118.32263, 33.803587], [-118.322659, 33.798246], [-118.322672, 33.79243], [-118.325384, 33.792436], [-118.325349, 33.79824], [-118.328111, 33.798239], [-118.328091, 33.800863]]]}}, {"type": "Feature", "properties": {"STATEFP": "06", "COUNTYFP": "037", "TRACTCE": "621400", "BLKGRPCE": "3", "GEOIDFQ": "1500000US060376214003", "GEOID": "060376214003", "NAME": "3", "NAMELSAD": "Block Group 3", "LSAD": "BG", "ALAND": 203200, "AWATER": 0, "lat": 33.82380416017815, "lon": -118.37991923727034, "pop_total": 908.0, "hh_total": 219.0, "hh_family": 185.0, "kids_0_4": 17.0, "kids_5_9": 88.0, "kids_10_14": 244.0, "kids_15_17": 16.0, "med_hh_income": 237090.0, "mean_hh_income": "329557.9908675799", "med_home_value": 2000001.0, "upper_quartile_home_value": 2000001.0, "hh_income_total": 219.0, "hh_income_<10k": 0.0, "hh_income_10_15k": 0.0, "hh_income_15_20k": 0.0, "hh_income_20_25k": 0.0, "hh_income_25_30k": 11.0, "hh_income_30_35k": 19.0, "hh_income_35_40k": 0.0, "hh_income_40_45k": 0.0, "hh_income_45_50k": 0.0, "hh_income_50_60k": 0.0, "hh_income_60_75k": 0.0, "hh_income_75_100k": 0.0, "hh_income_100_125k": 0.0, "hh_income_125_150k": 0.0, "hh_income_150_200k": 0.0, "hh_income_200k+": 189.0}, "geometry": {"type": "Polygon", "coordinates": [[[-118.385559, 33.825665], [-118.376881, 33.824985], [-118.376897, 33.820836], [-118.37886, 33.821482], [-118.382171, 33.824371], [-118.385506, 33.824622], [-118.385559, 33.825665]]]}}, {"type": "Feature", "properties": {"STATEFP": "06", "COUNTYFP": "037", "TRACTCE": "293203", "BLKGRPCE": "2", "GEOIDFQ": "1500000US060372932032", "GEOID": "060372932032", "NAME": "2", "NAMELSAD": "Block Group 2", "LSAD": "BG", "ALAND": 121856, "AWATER": 0, "lat": 33.829112515411566, "lon": -118.30637629716138, "pop_total": 652.0, "hh_total": 275.0, "hh_family": 164.0, "kids_0_4": 38.0, "kids_5_9": 37.0, "kids_10_14": 23.0, "kids_15_17": 26.0, "med_hh_income": 67679.0, "mean_hh_income": "76814.90909090909", "med_home_value": 821400.0, "upper_quartile_home_value": 986600.0, "hh_income_total": 275.0, "hh_income_<10k": 0.0, "hh_income_10_15k": 0.0, "hh_income_15_20k": 0.0, "hh_income_20_25k": 39.0, "hh_income_25_30k": 17.0, "hh_income_30_35k": 0.0, "hh_income_35_40k": 28.0, "hh_income_40_45k": 36.0, "hh_income_45_50k": 0.0, "hh_income_50_60k": 16.0, "hh_income_60_75k": 21.0, "hh_income_75_100k": 34.0, "hh_income_100_125k": 47.0, "hh_income_125_150k": 7.0, "hh_income_150_200k": 30.0, "hh_income_200k+": 0.0}, "geometry": {"type": "Polygon", "coordinates": [[[-118.309009, 33.830242], [-118.303804, 33.830286], [-118.30379, 33.829132], [-118.303777, 33.827978], [-118.308915, 33.827934], [-118.309009, 33.830242]]]}}, {"type": "Feature", "properties": {"STATEFP": "06", "COUNTYFP": "037", "TRACTCE": "621204", "BLKGRPCE": "1", "GEOIDFQ": "1500000US060376212041", "GEOID": "060376212041", "NAME": "1", "NAMELSAD": "Block Group 1", "LSAD": "BG", "ALAND": 283767, "AWATER": 1027036, "lat": 33.845322533068824, "lon": -118.39623986291149, "pop_total": 305.0, "hh_total": 234.0, "hh_family": 8.0, "kids_0_4": 0.0, "kids_5_9": 0.0, "kids_10_14": 0.0, "kids_15_17": 0.0, "med_hh_income": 128250.0, "mean_hh_income": "248110.2564102564", "med_home_value": -666666666.0, "upper_quartile_home_value": -666666666.0, "hh_income_total": 234.0, "hh_income_<10k": 13.0, "hh_income_10_15k": 0.0, "hh_income_15_20k": 0.0, "hh_income_20_25k": 0.0, "hh_income_25_30k": 0.0, "hh_income_30_35k": 10.0, "hh_income_35_40k": 10.0, "hh_income_40_45k": 0.0, "hh_income_45_50k": 0.0, "hh_income_50_60k": 11.0, "hh_income_60_75k": 10.0, "hh_income_75_100k": 38.0, "hh_income_100_125k": 22.0, "hh_income_125_150k": 18.0, "hh_income_150_200k": 23.0, "hh_income_200k+": 79.0}, "geometry": {"type": "Polygon", "coordinates": [[[-118.40157, 33.849382], [-118.399479, 33.850454], [-118.399400773018, 33.851911951475], [-118.397872, 33.852393], [-118.3974, 33.852504], [-118.393505, 33.84605], [-118.389065, 33.838453], [-118.389777, 33.838684], [-118.390036, 33.83891], [-118.391461640674, 33.8387444209217], [-118.392027, 33.838723], [-118.399709, 33.843508], [-118.401798, 33.847951], [-118.40157, 33.849382]]]}}, {"type": "Feature", "properties": {"STATEFP": "06", "COUNTYFP": "037", "TRACTCE": "620101", "BLKGRPCE": "2", "GEOIDFQ": "1500000US060376201012", "GEOID": "060376201012", "NAME": "2", "NAMELSAD": "Block Group 2", "LSAD": "BG", "ALAND": 477490, "AWATER": 0, "lat": 33.92630692446025, "lon": -118.4201219334922, "pop_total": 1799.0, "hh_total": 706.0, "hh_family": 510.0, "kids_0_4": 24.0, "kids_5_9": 155.0, "kids_10_14": 88.0, "kids_15_17": 143.0, "med_hh_income": 109792.0, "mean_hh_income": "149769.8300283286", "med_home_value": 1370800.0, "upper_quartile_home_value": 1879000.0, "hh_income_total": 706.0, "hh_income_<10k": 14.0, "hh_income_10_15k": 37.0, "hh_income_15_20k": 16.0, "hh_income_20_25k": 0.0, "hh_income_25_30k": 0.0, "hh_income_30_35k": 12.0, "hh_income_35_40k": 12.0, "hh_income_40_45k": 0.0, "hh_income_45_50k": 0.0, "hh_income_50_60k": 115.0, "hh_income_60_75k": 26.0, "hh_income_75_100k": 96.0, "hh_income_100_125k": 68.0, "hh_income_125_150k": 0.0, "hh_income_150_200k": 103.0, "hh_income_200k+": 207.0}, "geometry": {"type": "Polygon", "coordinates": [[[-118.425034, 33.928883], [-118.415952, 33.928902], [-118.415942, 33.923587], [-118.418332, 33.92358], [-118.423858, 33.923581], [-118.423853, 33.925037], [-118.425034, 33.928883]]]}}, {"type": "Feature", "properties": {"STATEFP": "06", "COUNTYFP": "037", "TRACTCE": "670324", "BLKGRPCE": "2", "GEOIDFQ": "1500000US060376703242", "GEOID": "060376703242", "NAME": "2", "NAMELSAD": "Block Group 2", "LSAD": "BG", "ALAND": 522175, "AWATER": 0, "lat": 33.80094360769889, "lon": -118.3622505792601, "pop_total": 1341.0, "hh_total": 570.0, "hh_family": 419.0, "kids_0_4": 55.0, "kids_5_9": 75.0, "kids_10_14": 18.0, "kids_15_17": 39.0, "med_hh_income": 210132.0, "mean_hh_income": "331794.91228070174", "med_home_value": 1769200.0, "upper_quartile_home_value": 2000001.0, "hh_income_total": 570.0, "hh_income_<10k": 27.0, "hh_income_10_15k": 0.0, "hh_income_15_20k": 0.0, "hh_income_20_25k": 0.0, "hh_income_25_30k": 0.0, "hh_income_30_35k": 18.0, "hh_income_35_40k": 0.0, "hh_income_40_45k": 0.0, "hh_income_45_50k": 0.0, "hh_income_50_60k": 0.0, "hh_income_60_75k": 18.0, "hh_income_75_100k": 21.0, "hh_income_100_125k": 53.0, "hh_income_125_150k": 14.0, "hh_income_150_200k": 133.0, "hh_income_200k+": 286.0}, "geometry": {"type": "Polygon", "coordinates": [[[-118.367565, 33.803998], [-118.367772, 33.804189], [-118.361701, 33.804173], [-118.355388, 33.798856], [-118.356938, 33.797678], [-118.359912, 33.797827], [-118.36541, 33.799002], [-118.367894, 33.801599], [-118.367565, 33.803998]]]}}, {"type": "Feature", "properties": {"STATEFP": "06", "COUNTYFP": "037", "TRACTCE": "651302", "BLKGRPCE": "1", "GEOIDFQ": "1500000US060376513021", "GEOID": "060376513021", "NAME": "1", "NAMELSAD": "Block Group 1", "LSAD": "BG", "ALAND": 377263, "AWATER": 0, "lat": 33.80832645880231, "lon": -118.36215572653967, "pop_total": 849.0, "hh_total": 429.0, "hh_family": 259.0, "kids_0_4": 0.0, "kids_5_9": 122.0, "kids_10_14": 0.0, "kids_15_17": 0.0, "med_hh_income": 101152.0, "mean_hh_income": "130318.88111888112", "med_home_value": 1230700.0, "upper_quartile_home_value": 1622500.0, "hh_income_total": 429.0, "hh_income_<10k": 51.0, "hh_income_10_15k": 34.0, "hh_income_15_20k": 0.0, "hh_income_20_25k": 0.0, "hh_income_25_30k": 0.0, "hh_income_30_35k": 27.0, "hh_income_35_40k": 15.0, "hh_income_40_45k": 0.0, "hh_income_45_50k": 15.0, "hh_income_50_60k": 0.0, "hh_income_60_75k": 39.0, "hh_income_75_100k": 10.0, "hh_income_100_125k": 51.0, "hh_income_125_150k": 36.0, "hh_income_150_200k": 47.0, "hh_income_200k+": 104.0}, "geometry": {"type": "Polygon", "coordinates": [[[-118.369554, 33.813406], [-118.365087, 33.810497], [-118.357785, 33.80766], [-118.3544, 33.806351], [-118.354433, 33.804472], [-118.356993, 33.804674], [-118.357939, 33.805379], [-118.36509, 33.807927], [-118.36803, 33.809736], [-118.369311, 33.811776], [-118.370509, 33.812855], [-118.369554, 33.813406]]]}}, {"type": "Feature", "properties": {"STATEFP": "06", "COUNTYFP": "037", "TRACTCE": "650200", "BLKGRPCE": "3", "GEOIDFQ": "1500000US060376502003", "GEOID": "060376502003", "NAME": "3", "NAMELSAD": "Block Group 3", "LSAD": "BG", "ALAND": 470995, "AWATER": 0, "lat": 33.868494332387485, "lon": -118.34011749071628, "pop_total": 1954.0, "hh_total": 562.0, "hh_family": 456.0, "kids_0_4": 82.0, "kids_5_9": 275.0, "kids_10_14": 173.0, "kids_15_17": 0.0, "med_hh_income": 122016.0, "mean_hh_income": "147950.17793594307", "med_home_value": 943400.0, "upper_quartile_home_value": 1123900.0, "hh_income_total": 562.0, "hh_income_<10k": 0.0, "hh_income_10_15k": 0.0, "hh_income_15_20k": 0.0, "hh_income_20_25k": 11.0, "hh_income_25_30k": 17.0, "hh_income_30_35k": 59.0, "hh_income_35_40k": 8.0, "hh_income_40_45k": 0.0, "hh_income_45_50k": 0.0, "hh_income_50_60k": 32.0, "hh_income_60_75k": 29.0, "hh_income_75_100k": 48.0, "hh_income_100_125k": 104.0, "hh_income_125_150k": 33.0, "hh_income_150_200k": 107.0, "hh_income_200k+": 114.0}, "geometry": {"type": "Polygon", "coordinates": [[[-118.344207, 33.875902], [-118.342, 33.872772], [-118.338973, 33.869167], [-118.334883, 33.867225], [-118.330992, 33.86606], [-118.332451, 33.865585], [-118.343793, 33.865571], [-118.343791, 33.86681], [-118.343875, 33.872776], [-118.344371, 33.875243], [-118.344207, 33.875902]]]}}, {"type": "Feature", "properties": {"STATEFP": "06", "COUNTYFP": "037", "TRACTCE": "621301", "BLKGRPCE": "3", "GEOIDFQ": "1500000US060376213013", "GEOID": "060376213013", "NAME": "3", "NAMELSAD": "Block Group 3", "LSAD": "BG", "ALAND": 488137, "AWATER": 0, "lat": 33.83163154604351, "lon": -118.37679978250175, "pop_total": 1917.0, "hh_total": 904.0, "hh_family": 539.0, "kids_0_4": 63.0, "kids_5_9": 121.0, "kids_10_14": 16.0, "kids_15_17": 76.0, "med_hh_income": 99926.0, "mean_hh_income": "139283.51769911504", "med_home_value": 813400.0, "upper_quartile_home_value": 1029400.0, "hh_income_total": 904.0, "hh_income_<10k": 14.0, "hh_income_10_15k": 0.0, "hh_income_15_20k": 0.0, "hh_income_20_25k": 17.0, "hh_income_25_30k": 0.0, "hh_income_30_35k": 0.0, "hh_income_35_40k": 18.0, "hh_income_40_45k": 0.0, "hh_income_45_50k": 16.0, "hh_income_50_60k": 0.0, "hh_income_60_75k": 241.0, "hh_income_75_100k": 148.0, "hh_income_100_125k": 141.0, "hh_income_125_150k": 9.0, "hh_income_150_200k": 144.0, "hh_income_200k+": 156.0}, "geometry": {"type": "Polygon", "coordinates": [[[-118.380581, 33.829798], [-118.379008, 33.835323], [-118.376252, 33.835047], [-118.37643, 33.836949], [-118.374832, 33.83721], [-118.372924, 33.827657], [-118.374583, 33.828086], [-118.376864, 33.828111], [-118.38177, 33.828414], [-118.380581, 33.829798]]]}}, {"type": "Feature", "properties": {"STATEFP": "06", "COUNTYFP": "037", "TRACTCE": "620303", "BLKGRPCE": "1", "GEOIDFQ": "1500000US060376203031", "GEOID": "060376203031", "NAME": "1", "NAMELSAD": "Block Group 1", "LSAD": "BG", "ALAND": 301048, "AWATER": 0, "lat": 33.89528880206902, "lon": -118.39815058577955, "pop_total": 1412.0, "hh_total": 466.0, "hh_family": 388.0, "kids_0_4": 98.0, "kids_5_9": 151.0, "kids_10_14": 154.0, "kids_15_17": 48.0, "med_hh_income": 250001.0, "mean_hh_income": "368951.9313304721", "med_home_value": 2000001.0, "upper_quartile_home_value": 2000001.0, "hh_income_total": 466.0, "hh_income_<10k": 0.0, "hh_income_10_15k": 0.0, "hh_income_15_20k": 7.0, "hh_income_20_25k": 0.0, "hh_income_25_30k": 7.0, "hh_income_30_35k": 0.0, "hh_income_35_40k": 11.0, "hh_income_40_45k": 36.0, "hh_income_45_50k": 0.0, "hh_income_50_60k": 10.0, "hh_income_60_75k": 15.0, "hh_income_75_100k": 16.0, "hh_income_100_125k": 29.0, "hh_income_125_150k": 0.0, "hh_income_150_200k": 17.0, "hh_income_200k+": 318.0}, "geometry": {"type": "Polygon", "coordinates": [[[-118.40066, 33.895599], [-118.400609, 33.895995], [-118.396126, 33.900313], [-118.396041, 33.899886], [-118.395994, 33.894618], [-118.395983, 33.892302], [-118.401313, 33.892282], [-118.40066, 33.895599]]]}}, {"type": "Feature", "properties": {"STATEFP": "06", "COUNTYFP": "037", "TRACTCE": "650200", "BLKGRPCE": "1", "GEOIDFQ": "1500000US060376502001", "GEOID": "060376502001", "NAME": "1", "NAMELSAD": "Block Group 1", "LSAD": "BG", "ALAND": 283425, "AWATER": 0, "lat": 33.859657844063115, "lon": -118.33852523149515, "pop_total": 1020.0, "hh_total": 349.0, "hh_family": 262.0, "kids_0_4": 34.0, "kids_5_9": 14.0, "kids_10_14": 55.0, "kids_15_17": 45.0, "med_hh_income": 107538.0, "mean_hh_income": "123565.32951289398", "med_home_value": 904600.0, "upper_quartile_home_value": 1075400.0, "hh_income_total": 349.0, "hh_income_<10k": 9.0, "hh_income_10_15k": 0.0, "hh_income_15_20k": 14.0, "hh_income_20_25k": 0.0, "hh_income_25_30k": 0.0, "hh_income_30_35k": 0.0, "hh_income_35_40k": 0.0, "hh_income_40_45k": 11.0, "hh_income_45_50k": 0.0, "hh_income_50_60k": 20.0, "hh_income_60_75k": 45.0, "hh_income_75_100k": 75.0, "hh_income_100_125k": 51.0, "hh_income_125_150k": 23.0, "hh_income_150_200k": 42.0, "hh_income_200k+": 59.0}, "geometry": {"type": "Polygon", "coordinates": [[[-118.343794, 33.860968], [-118.33345, 33.861007], [-118.333331, 33.860568], [-118.333322, 33.858327], [-118.34368, 33.858324], [-118.343794, 33.860968]]]}}, {"type": "Feature", "properties": {"STATEFP": "06", "COUNTYFP": "037", "TRACTCE": "620602", "BLKGRPCE": "3", "GEOIDFQ": "1500000US060376206023", "GEOID": "060376206023", "NAME": "3", "NAMELSAD": "Block Group 3", "LSAD": "BG", "ALAND": 324614, "AWATER": 0, "lat": 33.86320159485166, "lon": -118.36502810655247, "pop_total": 553.0, "hh_total": 165.0, "hh_family": 126.0, "kids_0_4": 17.0, "kids_5_9": 15.0, "kids_10_14": 39.0, "kids_15_17": 0.0, "med_hh_income": -666666666.0, "mean_hh_income": "179931.51515151514", "med_home_value": 1118100.0, "upper_quartile_home_value": 1239600.0, "hh_income_total": 165.0, "hh_income_<10k": 0.0, "hh_income_10_15k": 0.0, "hh_income_15_20k": 0.0, "hh_income_20_25k": 0.0, "hh_income_25_30k": 0.0, "hh_income_30_35k": 19.0, "hh_income_35_40k": 0.0, "hh_income_40_45k": 25.0, "hh_income_45_50k": 0.0, "hh_income_50_60k": 0.0, "hh_income_60_75k": 0.0, "hh_income_75_100k": 48.0, "hh_income_100_125k": 0.0, "hh_income_125_150k": 37.0, "hh_income_150_200k": 0.0, "hh_income_200k+": 36.0}, "geometry": {"type": "Polygon", "coordinates": [[[-118.367706, 33.864397], [-118.366371, 33.86523], [-118.36217, 33.867827], [-118.361189, 33.868436], [-118.361179, 33.865529], [-118.363059, 33.865535], [-118.36307, 33.861965], [-118.364901, 33.861962], [-118.364897, 33.858277], [-118.365412, 33.858276], [-118.367145, 33.858274], [-118.367693, 33.860166], [-118.367706, 33.864397]]]}}, {"type": "Feature", "properties": {"STATEFP": "06", "COUNTYFP": "037", "TRACTCE": "620303", "BLKGRPCE": "3", "GEOIDFQ": "1500000US060376203033", "GEOID": "060376203033", "NAME": "3", "NAMELSAD": "Block Group 3", "LSAD": "BG", "ALAND": 264201, "AWATER": 0, "lat": 33.8888490455858, "lon": -118.40616871954714, "pop_total": 1061.0, "hh_total": 471.0, "hh_family": 253.0, "kids_0_4": 9.0, "kids_5_9": 80.0, "kids_10_14": 110.0, "kids_15_17": 58.0, "med_hh_income": 189472.0, "mean_hh_income": "323517.40976645437", "med_home_value": 2000001.0, "upper_quartile_home_value": 2000001.0, "hh_income_total": 471.0, "hh_income_<10k": 21.0, "hh_income_10_15k": 0.0, "hh_income_15_20k": 0.0, "hh_income_20_25k": 15.0, "hh_income_25_30k": 0.0, "hh_income_30_35k": 0.0, "hh_income_35_40k": 0.0, "hh_income_40_45k": 0.0, "hh_income_45_50k": 0.0, "hh_income_50_60k": 29.0, "hh_income_60_75k": 9.0, "hh_income_75_100k": 18.0, "hh_income_100_125k": 56.0, "hh_income_125_150k": 16.0, "hh_income_150_200k": 81.0, "hh_income_200k+": 226.0}, "geometry": {"type": "Polygon", "coordinates": [[[-118.409614, 33.889879], [-118.406017, 33.891373], [-118.403325, 33.891293], [-118.403296, 33.887371], [-118.407684, 33.885836], [-118.409189, 33.888278], [-118.409614, 33.889879]]]}}, {"type": "Feature", "properties": {"STATEFP": "06", "COUNTYFP": "037", "TRACTCE": "620701", "BLKGRPCE": "2", "GEOIDFQ": "1500000US060376207012", "GEOID": "060376207012", "NAME": "2", "NAMELSAD": "Block Group 2", "LSAD": "BG", "ALAND": 320038, "AWATER": 0, "lat": 33.8691939376383, "lon": -118.37914109103872, "pop_total": 1855.0, "hh_total": 822.0, "hh_family": 376.0, "kids_0_4": 130.0, "kids_5_9": 125.0, "kids_10_14": 125.0, "kids_15_17": 134.0, "med_hh_income": 97409.0, "mean_hh_income": "175583.69829683698", "med_home_value": 1196400.0, "upper_quartile_home_value": 1588400.0, "hh_income_total": 822.0, "hh_income_<10k": 40.0, "hh_income_10_15k": 16.0, "hh_income_15_20k": 0.0, "hh_income_20_25k": 19.0, "hh_income_25_30k": 0.0, "hh_income_30_35k": 50.0, "hh_income_35_40k": 49.0, "hh_income_40_45k": 0.0, "hh_income_45_50k": 0.0, "hh_income_50_60k": 88.0, "hh_income_60_75k": 55.0, "hh_income_75_100k": 96.0, "hh_income_100_125k": 40.0, "hh_income_125_150k": 28.0, "hh_income_150_200k": 64.0, "hh_income_200k+": 277.0}, "geometry": {"type": "Polygon", "coordinates": [[[-118.382722, 33.868624], [-118.382742, 33.872846], [-118.379955, 33.872834], [-118.379045, 33.872829], [-118.379041, 33.870931], [-118.381144, 33.869003], [-118.372712, 33.869018], [-118.372707, 33.867095], [-118.38114, 33.86708], [-118.38407, 33.867177], [-118.382722, 33.868624]]]}}, {"type": "Feature", "properties": {"STATEFP": "06", "COUNTYFP": "037", "TRACTCE": "293302", "BLKGRPCE": "2", "GEOIDFQ": "1500000US060372933022", "GEOID": "060372933022", "NAME": "2", "NAMELSAD": "Block Group 2", "LSAD": "BG", "ALAND": 356525, "AWATER": 0, "lat": 33.798071750898885, "lon": -118.30517470267144, "pop_total": 1985.0, "hh_total": 602.0, "hh_family": 459.0, "kids_0_4": 68.0, "kids_5_9": 101.0, "kids_10_14": 126.0, "kids_15_17": 154.0, "med_hh_income": 76486.0, "mean_hh_income": "111644.35215946844", "med_home_value": 716400.0, "upper_quartile_home_value": 889100.0, "hh_income_total": 602.0, "hh_income_<10k": 21.0, "hh_income_10_15k": 0.0, "hh_income_15_20k": 23.0, "hh_income_20_25k": 0.0, "hh_income_25_30k": 0.0, "hh_income_30_35k": 0.0, "hh_income_35_40k": 56.0, "hh_income_40_45k": 21.0, "hh_income_45_50k": 4.0, "hh_income_50_60k": 46.0, "hh_income_60_75k": 86.0, "hh_income_75_100k": 136.0, "hh_income_100_125k": 27.0, "hh_income_125_150k": 37.0, "hh_income_150_200k": 47.0, "hh_income_200k+": 98.0}, "geometry": {"type": "Polygon", "coordinates": [[[-118.308781, 33.800958], [-118.301875, 33.800942], [-118.304035, 33.799486], [-118.304245, 33.797813], [-118.299899, 33.797799], [-118.299906, 33.79575], [-118.308737, 33.79578], [-118.308753, 33.797834], [-118.308781, 33.800958]]]}}, {"type": "Feature", "properties": {"STATEFP": "06", "COUNTYFP": "037", "TRACTCE": "621001", "BLKGRPCE": "2", "GEOIDFQ": "1500000US060376210012", "GEOID": "060376210012", "NAME": "2", "NAMELSAD": "Block Group 2", "LSAD": "BG", "ALAND": 221793, "AWATER": 0, "lat": 33.87012223009553, "lon": -118.39265822581287, "pop_total": 1047.0, "hh_total": 419.0, "hh_family": 268.0, "kids_0_4": 93.0, "kids_5_9": 106.0, "kids_10_14": 25.0, "kids_15_17": 31.0, "med_hh_income": 250001.0, "mean_hh_income": "306525.2983293556", "med_home_value": 1940800.0, "upper_quartile_home_value": 2000001.0, "hh_income_total": 419.0, "hh_income_<10k": 20.0, "hh_income_10_15k": 10.0, "hh_income_15_20k": 0.0, "hh_income_20_25k": 0.0, "hh_income_25_30k": 12.0, "hh_income_30_35k": 0.0, "hh_income_35_40k": 0.0, "hh_income_40_45k": 9.0, "hh_income_45_50k": 0.0, "hh_income_50_60k": 12.0, "hh_income_60_75k": 10.0, "hh_income_75_100k": 32.0, "hh_income_100_125k": 18.0, "hh_income_125_150k": 29.0, "hh_income_150_200k": 37.0, "hh_income_200k+": 230.0}, "geometry": {"type": "Polygon", "coordinates": [[[-118.395522, 33.872831], [-118.391371, 33.872812], [-118.389531, 33.869982], [-118.391769, 33.869686], [-118.390712, 33.867114], [-118.393529, 33.866544], [-118.395161, 33.872201], [-118.395522, 33.872831]]]}}, {"type": "Feature", "properties": {"STATEFP": "06", "COUNTYFP": "037", "TRACTCE": "650604", "BLKGRPCE": "1", "GEOIDFQ": "1500000US060376506041", "GEOID": "060376506041", "NAME": "1", "NAMELSAD": "Block Group 1", "LSAD": "BG", "ALAND": 79642, "AWATER": 0, "lat": 33.84226717477532, "lon": -118.35146531092778, "pop_total": 1156.0, "hh_total": 577.0, "hh_family": 221.0, "kids_0_4": 30.0, "kids_5_9": 58.0, "kids_10_14": 85.0, "kids_15_17": 85.0, "med_hh_income": 84763.0, "mean_hh_income": "99767.24436741768", "med_home_value": -666666666.0, "upper_quartile_home_value": -666666666.0, "hh_income_total": 577.0, "hh_income_<10k": 9.0, "hh_income_10_15k": 0.0, "hh_income_15_20k": 19.0, "hh_income_20_25k": 0.0, "hh_income_25_30k": 0.0, "hh_income_30_35k": 0.0, "hh_income_35_40k": 44.0, "hh_income_40_45k": 0.0, "hh_income_45_50k": 0.0, "hh_income_50_60k": 86.0, "hh_income_60_75k": 18.0, "hh_income_75_100k": 147.0, "hh_income_100_125k": 159.0, "hh_income_125_150k": 26.0, "hh_income_150_200k": 50.0, "hh_income_200k+": 19.0}, "geometry": {"type": "Polygon", "coordinates": [[[-118.353606, 33.84319], [-118.349316, 33.843162], [-118.349318, 33.841351], [-118.353611, 33.841366], [-118.353606, 33.84319]]]}}, {"type": "Feature", "properties": {"STATEFP": "06", "COUNTYFP": "037", "TRACTCE": "620305", "BLKGRPCE": "1", "GEOIDFQ": "1500000US060376203051", "GEOID": "060376203051", "NAME": "1", "NAMELSAD": "Block Group 1", "LSAD": "BG", "ALAND": 295030, "AWATER": 1275093, "lat": 33.90053982526846, "lon": -118.41686666977417, "pop_total": 502.0, "hh_total": 230.0, "hh_family": 129.0, "kids_0_4": 0.0, "kids_5_9": 0.0, "kids_10_14": 0.0, "kids_15_17": 20.0, "med_hh_income": 170064.0, "mean_hh_income": "217513.47826086957", "med_home_value": 2000001.0, "upper_quartile_home_value": 2000001.0, "hh_income_total": 230.0, "hh_income_<10k": 0.0, "hh_income_10_15k": 0.0, "hh_income_15_20k": 0.0, "hh_income_20_25k": 0.0, "hh_income_25_30k": 0.0, "hh_income_30_35k": 0.0, "hh_income_35_40k": 0.0, "hh_income_40_45k": 0.0, "hh_income_45_50k": 0.0, "hh_income_50_60k": 0.0, "hh_income_60_75k": 0.0, "hh_income_75_100k": 49.0, "hh_income_100_125k": 13.0, "hh_income_125_150k": 40.0, "hh_income_150_200k": 74.0, "hh_income_200k+": 54.0}, "geometry": {"type": "Polygon", "coordinates": [[[-118.419695, 33.900389], [-118.415774, 33.901649], [-118.415042, 33.901842], [-118.412505, 33.901905], [-118.41241, 33.901438], [-118.414724, 33.90143], [-118.414339, 33.900572], [-118.419597107128, 33.8988941702146], [-118.420257354695, 33.9001627244743], [-118.419695, 33.900389]]]}}, {"type": "Feature", "properties": {"STATEFP": "06", "COUNTYFP": "037", "TRACTCE": "650401", "BLKGRPCE": "3", "GEOIDFQ": "1500000US060376504013", "GEOID": "060376504013", "NAME": "3", "NAMELSAD": "Block Group 3", "LSAD": "BG", "ALAND": 259980, "AWATER": 0, "lat": 33.83355223307571, "lon": -118.33677786702556, "pop_total": 808.0, "hh_total": 256.0, "hh_family": 235.0, "kids_0_4": 56.0, "kids_5_9": 9.0, "kids_10_14": 38.0, "kids_15_17": 28.0, "med_hh_income": 164643.0, "mean_hh_income": "185747.65625", "med_home_value": 1027500.0, "upper_quartile_home_value": 1244700.0, "hh_income_total": 256.0, "hh_income_<10k": 0.0, "hh_income_10_15k": 0.0, "hh_income_15_20k": 0.0, "hh_income_20_25k": 7.0, "hh_income_25_30k": 0.0, "hh_income_30_35k": 0.0, "hh_income_35_40k": 0.0, "hh_income_40_45k": 0.0, "hh_income_45_50k": 0.0, "hh_income_50_60k": 35.0, "hh_income_60_75k": 0.0, "hh_income_75_100k": 0.0, "hh_income_100_125k": 10.0, "hh_income_125_150k": 27.0, "hh_income_150_200k": 75.0, "hh_income_200k+": 102.0}, "geometry": {"type": "Polygon", "coordinates": [[[-118.344858, 33.834262], [-118.333386, 33.834371], [-118.328627, 33.834398], [-118.328603, 33.832861], [-118.344877, 33.832677], [-118.344858, 33.834262]]]}}, {"type": "Feature", "properties": {"STATEFP": "06", "COUNTYFP": "037", "TRACTCE": "670102", "BLKGRPCE": "1", "GEOIDFQ": "1500000US060376701021", "GEOID": "060376701021", "NAME": "1", "NAMELSAD": "Block Group 1", "LSAD": "BG", "ALAND": 362728, "AWATER": 0, "lat": 33.78736624682296, "lon": -118.31858935620755, "pop_total": 2843.0, "hh_total": 1075.0, "hh_family": 818.0, "kids_0_4": 97.0, "kids_5_9": 189.0, "kids_10_14": 104.0, "kids_15_17": 143.0, "med_hh_income": 96202.0, "mean_hh_income": "115185.48837209302", "med_home_value": 580800.0, "upper_quartile_home_value": 792400.0, "hh_income_total": 1075.0, "hh_income_<10k": 16.0, "hh_income_10_15k": 12.0, "hh_income_15_20k": 51.0, "hh_income_20_25k": 0.0, "hh_income_25_30k": 127.0, "hh_income_30_35k": 11.0, "hh_income_35_40k": 43.0, "hh_income_40_45k": 89.0, "hh_income_45_50k": 17.0, "hh_income_50_60k": 8.0, "hh_income_60_75k": 119.0, "hh_income_75_100k": 82.0, "hh_income_100_125k": 65.0, "hh_income_125_150k": 122.0, "hh_income_150_200k": 138.0, "hh_income_200k+": 175.0}, "geometry": {"type": "Polygon", "coordinates": [[[-118.322662, 33.785866], [-118.322684, 33.789544], [-118.319967, 33.78953], [-118.317241, 33.789533], [-118.314522, 33.789516], [-118.314568, 33.785324], [-118.317924, 33.785322], [-118.318622, 33.784453], [-118.322302, 33.785867], [-118.322684, 33.785111], [-118.322662, 33.785866]]]}}, {"type": "Feature", "properties": {"STATEFP": "06", "COUNTYFP": "037", "TRACTCE": "293204", "BLKGRPCE": "2", "GEOIDFQ": "1500000US060372932042", "GEOID": "060372932042", "NAME": "2", "NAMELSAD": "Block Group 2", "LSAD": "BG", "ALAND": 282649, "AWATER": 0, "lat": 33.82713896585449, "lon": -118.30360944907663, "pop_total": 1323.0, "hh_total": 374.0, "hh_family": 311.0, "kids_0_4": 138.0, "kids_5_9": 110.0, "kids_10_14": 72.0, "kids_15_17": 119.0, "med_hh_income": 81786.0, "mean_hh_income": "88078.60962566845", "med_home_value": 639600.0, "upper_quartile_home_value": 756900.0, "hh_income_total": 374.0, "hh_income_<10k": 0.0, "hh_income_10_15k": 0.0, "hh_income_15_20k": 0.0, "hh_income_20_25k": 0.0, "hh_income_25_30k": 0.0, "hh_income_30_35k": 0.0, "hh_income_35_40k": 102.0, "hh_income_40_45k": 10.0, "hh_income_45_50k": 0.0, "hh_income_50_60k": 9.0, "hh_income_60_75k": 48.0, "hh_income_75_100k": 74.0, "hh_income_100_125k": 54.0, "hh_income_125_150k": 8.0, "hh_income_150_200k": 69.0, "hh_income_200k+": 0.0}, "geometry": {"type": "Polygon", "coordinates": [[[-118.308915, 33.827934], [-118.303777, 33.827978], [-118.30379, 33.829132], [-118.299529, 33.829168], [-118.299189, 33.828113], [-118.299185, 33.825696], [-118.309019, 33.825625], [-118.308915, 33.827934]]]}}, {"type": "Feature", "properties": {"STATEFP": "06", "COUNTYFP": "037", "TRACTCE": "602201", "BLKGRPCE": "1", "GEOIDFQ": "1500000US060376022011", "GEOID": "060376022011", "NAME": "1", "NAMELSAD": "Block Group 1", "LSAD": "BG", "ALAND": 224899, "AWATER": 0, "lat": 33.92633542447155, "lon": -118.37638238833478, "pop_total": 1094.0, "hh_total": 376.0, "hh_family": 241.0, "kids_0_4": 102.0, "kids_5_9": 57.0, "kids_10_14": 0.0, "kids_15_17": 17.0, "med_hh_income": 109670.0, "mean_hh_income": "142705.05319148937", "med_home_value": 1073300.0, "upper_quartile_home_value": 1163100.0, "hh_income_total": 376.0, "hh_income_<10k": 20.0, "hh_income_10_15k": 0.0, "hh_income_15_20k": 14.0, "hh_income_20_25k": 0.0, "hh_income_25_30k": 0.0, "hh_income_30_35k": 0.0, "hh_income_35_40k": 0.0, "hh_income_40_45k": 0.0, "hh_income_45_50k": 0.0, "hh_income_50_60k": 8.0, "hh_income_60_75k": 12.0, "hh_income_75_100k": 72.0, "hh_income_100_125k": 69.0, "hh_income_125_150k": 8.0, "hh_income_150_200k": 102.0, "hh_income_200k+": 71.0}, "geometry": {"type": "Polygon", "coordinates": [[[-118.378429, 33.929008], [-118.374381, 33.929013], [-118.374342, 33.923661], [-118.378377, 33.923654], [-118.378429, 33.929008]]]}}, {"type": "Feature", "properties": {"STATEFP": "06", "COUNTYFP": "037", "TRACTCE": "620521", "BLKGRPCE": "1", "GEOIDFQ": "1500000US060376205211", "GEOID": "060376205211", "NAME": "1", "NAMELSAD": "Block Group 1", "LSAD": "BG", "ALAND": 183444, "AWATER": 0, "lat": 33.87836615122063, "lon": -118.36385810680265, "pop_total": 1878.0, "hh_total": 650.0, "hh_family": 441.0, "kids_0_4": 289.0, "kids_5_9": 229.0, "kids_10_14": 85.0, "kids_15_17": 24.0, "med_hh_income": 142315.0, "mean_hh_income": "162905.23076923078", "med_home_value": 1096500.0, "upper_quartile_home_value": -666666666.0, "hh_income_total": 650.0, "hh_income_<10k": 9.0, "hh_income_10_15k": 0.0, "hh_income_15_20k": 49.0, "hh_income_20_25k": 17.0, "hh_income_25_30k": 0.0, "hh_income_30_35k": 0.0, "hh_income_35_40k": 0.0, "hh_income_40_45k": 0.0, "hh_income_45_50k": 0.0, "hh_income_50_60k": 51.0, "hh_income_60_75k": 6.0, "hh_income_75_100k": 78.0, "hh_income_100_125k": 58.0, "hh_income_125_150k": 127.0, "hh_income_150_200k": 60.0, "hh_income_200k+": 195.0}, "geometry": {"type": "Polygon", "coordinates": [[[-118.366414, 33.880115], [-118.361309, 33.88012], [-118.3613, 33.87662], [-118.366407, 33.87661], [-118.366414, 33.880115]]]}}, {"type": "Feature", "properties": {"STATEFP": "06", "COUNTYFP": "037", "TRACTCE": "620602", "BLKGRPCE": "1", "GEOIDFQ": "1500000US060376206021", "GEOID": "060376206021", "NAME": "1", "NAMELSAD": "Block Group 1", "LSAD": "BG", "ALAND": 317069, "AWATER": 0, "lat": 33.860974815013556, "lon": -118.35860033623712, "pop_total": 1404.0, "hh_total": 500.0, "hh_family": 325.0, "kids_0_4": 54.0, "kids_5_9": 0.0, "kids_10_14": 73.0, "kids_15_17": 127.0, "med_hh_income": 165109.0, "mean_hh_income": "177188.2", "med_home_value": 1096000.0, "upper_quartile_home_value": 1402200.0, "hh_income_total": 500.0, "hh_income_<10k": 11.0, "hh_income_10_15k": 0.0, "hh_income_15_20k": 0.0, "hh_income_20_25k": 0.0, "hh_income_25_30k": 0.0, "hh_income_30_35k": 0.0, "hh_income_35_40k": 46.0, "hh_income_40_45k": 0.0, "hh_income_45_50k": 0.0, "hh_income_50_60k": 0.0, "hh_income_60_75k": 0.0, "hh_income_75_100k": 174.0, "hh_income_100_125k": 0.0, "hh_income_125_150k": 17.0, "hh_income_150_200k": 46.0, "hh_income_200k+": 206.0}, "geometry": {"type": "Polygon", "coordinates": [[[-118.361189, 33.859229], [-118.361179, 33.865529], [-118.358956, 33.865542], [-118.358953, 33.86373], [-118.35774, 33.862026], [-118.353308, 33.858771], [-118.353627, 33.858316], [-118.361369, 33.858283], [-118.361189, 33.859229]]]}}, {"type": "Feature", "properties": {"STATEFP": "06", "COUNTYFP": "037", "TRACTCE": "293203", "BLKGRPCE": "1", "GEOIDFQ": "1500000US060372932031", "GEOID": "060372932031", "NAME": "1", "NAMELSAD": "Block Group 1", "LSAD": "BG", "ALAND": 341429, "AWATER": 2388, "lat": 33.83352333687952, "lon": -118.30653502481826, "pop_total": 2133.0, "hh_total": 730.0, "hh_family": 493.0, "kids_0_4": 176.0, "kids_5_9": 123.0, "kids_10_14": 88.0, "kids_15_17": 74.0, "med_hh_income": 82256.0, "mean_hh_income": "98935.20547945205", "med_home_value": 854900.0, "upper_quartile_home_value": 958100.0, "hh_income_total": 730.0, "hh_income_<10k": 20.0, "hh_income_10_15k": 28.0, "hh_income_15_20k": 6.0, "hh_income_20_25k": 27.0, "hh_income_25_30k": 27.0, "hh_income_30_35k": 33.0, "hh_income_35_40k": 25.0, "hh_income_40_45k": 64.0, "hh_income_45_50k": 21.0, "hh_income_50_60k": 60.0, "hh_income_60_75k": 17.0, "hh_income_75_100k": 94.0, "hh_income_100_125k": 31.0, "hh_income_125_150k": 115.0, "hh_income_150_200k": 101.0, "hh_income_200k+": 61.0}, "geometry": {"type": "Polygon", "coordinates": [[[-118.309118, 33.837359], [-118.303877, 33.836162], [-118.303804, 33.830286], [-118.309009, 33.830242], [-118.309118, 33.837359]]]}}, {"type": "Feature", "properties": {"STATEFP": "06", "COUNTYFP": "037", "TRACTCE": "670001", "BLKGRPCE": "1", "GEOIDFQ": "1500000US060376700011", "GEOID": "060376700011", "NAME": "1", "NAMELSAD": "Block Group 1", "LSAD": "BG", "ALAND": 476910, "AWATER": 0, "lat": 33.80346766707587, "lon": -118.31340873257984, "pop_total": 2015.0, "hh_total": 586.0, "hh_family": 473.0, "kids_0_4": 145.0, "kids_5_9": 106.0, "kids_10_14": 175.0, "kids_15_17": 152.0, "med_hh_income": 108929.0, "mean_hh_income": "144598.80546075085", "med_home_value": 791300.0, "upper_quartile_home_value": 981700.0, "hh_income_total": 586.0, "hh_income_<10k": 21.0, "hh_income_10_15k": 9.0, "hh_income_15_20k": 10.0, "hh_income_20_25k": 0.0, "hh_income_25_30k": 16.0, "hh_income_30_35k": 9.0, "hh_income_35_40k": 35.0, "hh_income_40_45k": 0.0, "hh_income_45_50k": 0.0, "hh_income_50_60k": 0.0, "hh_income_60_75k": 89.0, "hh_income_75_100k": 81.0, "hh_income_100_125k": 104.0, "hh_income_125_150k": 28.0, "hh_income_150_200k": 37.0, "hh_income_200k+": 147.0}, "geometry": {"type": "Polygon", "coordinates": [[[-118.319919, 33.806861], [-118.319916, 33.807661], [-118.311704, 33.807645], [-118.311748, 33.802216], [-118.30879, 33.802217], [-118.308781, 33.800958], [-118.308753, 33.797834], [-118.310475, 33.798197], [-118.312013, 33.798964], [-118.314516, 33.800088], [-118.31467, 33.805483], [-118.319928, 33.805477], [-118.319919, 33.806861]]]}}, {"type": "Feature", "properties": {"STATEFP": "06", "COUNTYFP": "037", "TRACTCE": "650702", "BLKGRPCE": "2", "GEOIDFQ": "1500000US060376507022", "GEOID": "060376507022", "NAME": "2", "NAMELSAD": "Block Group 2", "LSAD": "BG", "ALAND": 498615, "AWATER": 0, "lat": 33.83422952515806, "lon": -118.36547616257722, "pop_total": 1599.0, "hh_total": 579.0, "hh_family": 458.0, "kids_0_4": 39.0, "kids_5_9": 88.0, "kids_10_14": 99.0, "kids_15_17": 52.0, "med_hh_income": 159792.0, "mean_hh_income": "192342.6597582038", "med_home_value": 1173200.0, "upper_quartile_home_value": 1365200.0, "hh_income_total": 579.0, "hh_income_<10k": 7.0, "hh_income_10_15k": 8.0, "hh_income_15_20k": 0.0, "hh_income_20_25k": 6.0, "hh_income_25_30k": 0.0, "hh_income_30_35k": 49.0, "hh_income_35_40k": 0.0, "hh_income_40_45k": 0.0, "hh_income_45_50k": 0.0, "hh_income_50_60k": 16.0, "hh_income_60_75k": 31.0, "hh_income_75_100k": 28.0, "hh_income_100_125k": 52.0, "hh_income_125_150k": 65.0, "hh_income_150_200k": 129.0, "hh_income_200k+": 188.0}, "geometry": {"type": "Polygon", "coordinates": [[[-118.369299, 33.837605], [-118.362356, 33.837588], [-118.362333, 33.836248], [-118.361824, 33.833491], [-118.361257, 33.83031], [-118.366451, 33.831364], [-118.369235, 33.83141], [-118.369299, 33.837605]]]}}, {"type": "Feature", "properties": {"STATEFP": "06", "COUNTYFP": "037", "TRACTCE": "293306", "BLKGRPCE": "1", "GEOIDFQ": "1500000US060372933061", "GEOID": "060372933061", "NAME": "1", "NAMELSAD": "Block Group 1", "LSAD": "BG", "ALAND": 289687, "AWATER": 1884, "lat": 33.783932825189964, "lon": -118.30659407782852, "pop_total": 1226.0, "hh_total": 372.0, "hh_family": 323.0, "kids_0_4": 75.0, "kids_5_9": 93.0, "kids_10_14": 94.0, "kids_15_17": 15.0, "med_hh_income": 109000.0, "mean_hh_income": "131530.64516129033", "med_home_value": 776300.0, "upper_quartile_home_value": 929400.0, "hh_income_total": 372.0, "hh_income_<10k": 0.0, "hh_income_10_15k": 9.0, "hh_income_15_20k": 0.0, "hh_income_20_25k": 0.0, "hh_income_25_30k": 3.0, "hh_income_30_35k": 0.0, "hh_income_35_40k": 6.0, "hh_income_40_45k": 0.0, "hh_income_45_50k": 0.0, "hh_income_50_60k": 15.0, "hh_income_60_75k": 52.0, "hh_income_75_100k": 79.0, "hh_income_100_125k": 60.0, "hh_income_125_150k": 42.0, "hh_income_150_200k": 31.0, "hh_income_200k+": 75.0}, "geometry": {"type": "Polygon", "coordinates": [[[-118.309924, 33.781947], [-118.30894, 33.782216], [-118.308704, 33.783666], [-118.308699, 33.785185], [-118.308697, 33.786051], [-118.308694, 33.78686], [-118.307532, 33.786825], [-118.304285, 33.786849], [-118.30429, 33.785452], [-118.302021, 33.784491], [-118.304986, 33.783661], [-118.304795, 33.781262], [-118.308945, 33.780817], [-118.309762, 33.78083], [-118.309924, 33.781947]]]}}, {"type": "Feature", "properties": {"STATEFP": "06", "COUNTYFP": "037", "TRACTCE": "650300", "BLKGRPCE": "1", "GEOIDFQ": "1500000US060376503001", "GEOID": "060376503001", "NAME": "1", "NAMELSAD": "Block Group 1", "LSAD": "BG", "ALAND": 252323, "AWATER": 0, "lat": 33.874316129895426, "lon": -118.3477568567783, "pop_total": 1256.0, "hh_total": 427.0, "hh_family": 318.0, "kids_0_4": 0.0, "kids_5_9": 121.0, "kids_10_14": 173.0, "kids_15_17": 117.0, "med_hh_income": 66693.0, "mean_hh_income": "83327.1662763466", "med_home_value": 835300.0, "upper_quartile_home_value": 934000.0, "hh_income_total": 427.0, "hh_income_<10k": 14.0, "hh_income_10_15k": 0.0, "hh_income_15_20k": 0.0, "hh_income_20_25k": 0.0, "hh_income_25_30k": 0.0, "hh_income_30_35k": 64.0, "hh_income_35_40k": 0.0, "hh_income_40_45k": 9.0, "hh_income_45_50k": 0.0, "hh_income_50_60k": 0.0, "hh_income_60_75k": 162.0, "hh_income_75_100k": 63.0, "hh_income_100_125k": 52.0, "hh_income_125_150k": 22.0, "hh_income_150_200k": 27.0, "hh_income_200k+": 14.0}, "geometry": {"type": "Polygon", "coordinates": [[[-118.352509, 33.874317], [-118.352348, 33.874428], [-118.351992, 33.874579], [-118.344886, 33.876877], [-118.344207, 33.875902], [-118.344371, 33.875243], [-118.343875, 33.872776], [-118.352497, 33.872787], [-118.352509, 33.874317]]]}}, {"type": "Feature", "properties": {"STATEFP": "06", "COUNTYFP": "037", "TRACTCE": "621104", "BLKGRPCE": "5", "GEOIDFQ": "1500000US060376211045", "GEOID": "060376211045", "NAME": "5", "NAMELSAD": "Block Group 5", "LSAD": "BG", "ALAND": 97981, "AWATER": 0, "lat": 33.857910447135986, "lon": -118.3985404585232, "pop_total": 962.0, "hh_total": 467.0, "hh_family": 214.0, "kids_0_4": 49.0, "kids_5_9": 184.0, "kids_10_14": 7.0, "kids_15_17": 49.0, "med_hh_income": 200795.0, "mean_hh_income": "248434.04710920772", "med_home_value": 1680600.0, "upper_quartile_home_value": 2000001.0, "hh_income_total": 467.0, "hh_income_<10k": 20.0, "hh_income_10_15k": 0.0, "hh_income_15_20k": 0.0, "hh_income_20_25k": 0.0, "hh_income_25_30k": 0.0, "hh_income_30_35k": 0.0, "hh_income_35_40k": 0.0, "hh_income_40_45k": 0.0, "hh_income_45_50k": 0.0, "hh_income_50_60k": 0.0, "hh_income_60_75k": 0.0, "hh_income_75_100k": 105.0, "hh_income_100_125k": 19.0, "hh_income_125_150k": 79.0, "hh_income_150_200k": 0.0, "hh_income_200k+": 244.0}, "geometry": {"type": "Polygon", "coordinates": [[[-118.400628, 33.859018], [-118.39732, 33.859609], [-118.396602, 33.856734], [-118.399573, 33.856182], [-118.400628, 33.859018]]]}}, {"type": "Feature", "properties": {"STATEFP": "06", "COUNTYFP": "037", "TRACTCE": "620901", "BLKGRPCE": "1", "GEOIDFQ": "1500000US060376209011", "GEOID": "060376209011", "NAME": "1", "NAMELSAD": "Block Group 1", "LSAD": "BG", "ALAND": 411035, "AWATER": 0, "lat": 33.8840638374581, "lon": -118.39916503283261, "pop_total": 1363.0, "hh_total": 487.0, "hh_family": 377.0, "kids_0_4": 82.0, "kids_5_9": 30.0, "kids_10_14": 100.0, "kids_15_17": 164.0, "med_hh_income": 250001.0, "mean_hh_income": "378896.3039014374", "med_home_value": 2000001.0, "upper_quartile_home_value": 2000001.0, "hh_income_total": 487.0, "hh_income_<10k": 24.0, "hh_income_10_15k": 0.0, "hh_income_15_20k": 0.0, "hh_income_20_25k": 15.0, "hh_income_25_30k": 0.0, "hh_income_30_35k": 0.0, "hh_income_35_40k": 0.0, "hh_income_40_45k": 0.0, "hh_income_45_50k": 8.0, "hh_income_50_60k": 13.0, "hh_income_60_75k": 30.0, "hh_income_75_100k": 18.0, "hh_income_100_125k": 19.0, "hh_income_125_150k": 32.0, "hh_income_150_200k": 16.0, "hh_income_200k+": 312.0}, "geometry": {"type": "Polygon", "coordinates": [[[-118.40209, 33.887373], [-118.395965, 33.887369], [-118.395976, 33.881371], [-118.399266, 33.881368], [-118.399269, 33.880145], [-118.402061, 33.880142], [-118.40209, 33.887373]]]}}, {"type": "Feature", "properties": {"STATEFP": "06", "COUNTYFP": "037", "TRACTCE": "670002", "BLKGRPCE": "2", "GEOIDFQ": "1500000US060376700022", "GEOID": "060376700022", "NAME": "2", "NAMELSAD": "Block Group 2", "LSAD": "BG", "ALAND": 568470, "AWATER": 0, "lat": 33.79482385786169, "lon": -118.3147123644458, "pop_total": 2402.0, "hh_total": 1005.0, "hh_family": 599.0, "kids_0_4": 296.0, "kids_5_9": 56.0, "kids_10_14": 96.0, "kids_15_17": 22.0, "med_hh_income": 75195.0, "mean_hh_income": "120193.93034825871", "med_home_value": 836300.0, "upper_quartile_home_value": 939100.0, "hh_income_total": 1005.0, "hh_income_<10k": 76.0, "hh_income_10_15k": 0.0, "hh_income_15_20k": 41.0, "hh_income_20_25k": 18.0, "hh_income_25_30k": 91.0, "hh_income_30_35k": 50.0, "hh_income_35_40k": 0.0, "hh_income_40_45k": 11.0, "hh_income_45_50k": 15.0, "hh_income_50_60k": 70.0, "hh_income_60_75k": 128.0, "hh_income_75_100k": 81.0, "hh_income_100_125k": 43.0, "hh_income_125_150k": 110.0, "hh_income_150_200k": 162.0, "hh_income_200k+": 109.0}, "geometry": {"type": "Polygon", "coordinates": [[[-118.317229, 33.798213], [-118.317165, 33.801202], [-118.314516, 33.800088], [-118.312013, 33.798964], [-118.312025, 33.789479], [-118.314522, 33.789516], [-118.317241, 33.789533], [-118.317229, 33.798213]]]}}, {"type": "Feature", "properties": {"STATEFP": "06", "COUNTYFP": "037", "TRACTCE": "670101", "BLKGRPCE": "2", "GEOIDFQ": "1500000US060376701012", "GEOID": "060376701012", "NAME": "2", "NAMELSAD": "Block Group 2", "LSAD": "BG", "ALAND": 209798, "AWATER": 0, "lat": 33.7877329922053, "lon": -118.31166619496935, "pop_total": 602.0, "hh_total": 268.0, "hh_family": 169.0, "kids_0_4": 0.0, "kids_5_9": 43.0, "kids_10_14": 15.0, "kids_15_17": 18.0, "med_hh_income": -666666666.0, "mean_hh_income": "91940.29850746269", "med_home_value": -666666666.0, "upper_quartile_home_value": 798800.0, "hh_income_total": 268.0, "hh_income_<10k": 0.0, "hh_income_10_15k": 77.0, "hh_income_15_20k": 0.0, "hh_income_20_25k": 0.0, "hh_income_25_30k": 31.0, "hh_income_30_35k": 0.0, "hh_income_35_40k": 11.0, "hh_income_40_45k": 0.0, "hh_income_45_50k": 0.0, "hh_income_50_60k": 0.0, "hh_income_60_75k": 4.0, "hh_income_75_100k": 40.0, "hh_income_100_125k": 0.0, "hh_income_125_150k": 37.0, "hh_income_150_200k": 39.0, "hh_income_200k+": 29.0}, "geometry": {"type": "Polygon", "coordinates": [[[-118.314522, 33.789516], [-118.312025, 33.789479], [-118.308685, 33.789471], [-118.308694, 33.78686], [-118.308697, 33.786051], [-118.313624, 33.786047], [-118.314568, 33.785324], [-118.314522, 33.789516]]]}}, {"type": "Feature", "properties": {"STATEFP": "06", "COUNTYFP": "037", "TRACTCE": "620703", "BLKGRPCE": "3", "GEOIDFQ": "1500000US060376207033", "GEOID": "060376207033", "NAME": "3", "NAMELSAD": "Block Group 3", "LSAD": "BG", "ALAND": 257309, "AWATER": 0, "lat": 33.86026938598436, "lon": -118.38113840115668, "pop_total": 1278.0, "hh_total": 418.0, "hh_family": 340.0, "kids_0_4": 151.0, "kids_5_9": 146.0, "kids_10_14": 95.0, "kids_15_17": 57.0, "med_hh_income": 195385.0, "mean_hh_income": "279673.6842105263", "med_home_value": 1318500.0, "upper_quartile_home_value": 1580900.0, "hh_income_total": 418.0, "hh_income_<10k": 31.0, "hh_income_10_15k": 12.0, "hh_income_15_20k": 0.0, "hh_income_20_25k": 0.0, "hh_income_25_30k": 0.0, "hh_income_30_35k": 9.0, "hh_income_35_40k": 0.0, "hh_income_40_45k": 0.0, "hh_income_45_50k": 0.0, "hh_income_50_60k": 0.0, "hh_income_60_75k": 0.0, "hh_income_75_100k": 0.0, "hh_income_100_125k": 38.0, "hh_income_125_150k": 75.0, "hh_income_150_200k": 63.0, "hh_income_200k+": 190.0}, "geometry": {"type": "Polygon", "coordinates": [[[-118.383694, 33.86268], [-118.381131, 33.863343], [-118.379024, 33.863345], [-118.378868, 33.858076], [-118.383027, 33.856731], [-118.383228, 33.857188], [-118.383236, 33.86268], [-118.383694, 33.86268]]]}}, {"type": "Feature", "properties": {"STATEFP": "06", "COUNTYFP": "037", "TRACTCE": "651102", "BLKGRPCE": "1", "GEOIDFQ": "1500000US060376511021", "GEOID": "060376511021", "NAME": "1", "NAMELSAD": "Block Group 1", "LSAD": "BG", "ALAND": 369753, "AWATER": 0, "lat": 33.82051163455764, "lon": -118.34919910395963, "pop_total": 2162.0, "hh_total": 868.0, "hh_family": 563.0, "kids_0_4": 176.0, "kids_5_9": 130.0, "kids_10_14": 67.0, "kids_15_17": 69.0, "med_hh_income": 121779.0, "mean_hh_income": "146625.0", "med_home_value": 1066500.0, "upper_quartile_home_value": 1176400.0, "hh_income_total": 868.0, "hh_income_<10k": 27.0, "hh_income_10_15k": 8.0, "hh_income_15_20k": 0.0, "hh_income_20_25k": 27.0, "hh_income_25_30k": 0.0, "hh_income_30_35k": 0.0, "hh_income_35_40k": 14.0, "hh_income_40_45k": 61.0, "hh_income_45_50k": 52.0, "hh_income_50_60k": 59.0, "hh_income_60_75k": 77.0, "hh_income_75_100k": 68.0, "hh_income_100_125k": 56.0, "hh_income_125_150k": 90.0, "hh_income_150_200k": 54.0, "hh_income_200k+": 275.0}, "geometry": {"type": "Polygon", "coordinates": [[[-118.351324, 33.825578], [-118.346955, 33.825199], [-118.347121, 33.824339], [-118.347671, 33.818491], [-118.347746, 33.81458], [-118.350982, 33.815868], [-118.350948, 33.823973], [-118.351324, 33.825578]]]}}, {"type": "Feature", "properties": {"STATEFP": "06", "COUNTYFP": "037", "TRACTCE": "620002", "BLKGRPCE": "2", "GEOIDFQ": "1500000US060376200022", "GEOID": "060376200022", "NAME": "2", "NAMELSAD": "Block Group 2", "LSAD": "BG", "ALAND": 645287, "AWATER": 0, "lat": 33.91998403685515, "lon": -118.40047261551096, "pop_total": 1231.0, "hh_total": 514.0, "hh_family": 334.0, "kids_0_4": 42.0, "kids_5_9": 23.0, "kids_10_14": 134.0, "kids_15_17": 15.0, "med_hh_income": 204375.0, "mean_hh_income": "259909.1439688716", "med_home_value": 1456900.0, "upper_quartile_home_value": 1926500.0, "hh_income_total": 514.0, "hh_income_<10k": 24.0, "hh_income_10_15k": 8.0, "hh_income_15_20k": 0.0, "hh_income_20_25k": 9.0, "hh_income_25_30k": 8.0, "hh_income_30_35k": 6.0, "hh_income_35_40k": 0.0, "hh_income_40_45k": 0.0, "hh_income_45_50k": 5.0, "hh_income_50_60k": 6.0, "hh_income_60_75k": 53.0, "hh_income_75_100k": 40.0, "hh_income_100_125k": 15.0, "hh_income_125_150k": 13.0, "hh_income_150_200k": 44.0, "hh_income_200k+": 283.0}, "geometry": {"type": "Polygon", "coordinates": [[[-118.404838, 33.923609], [-118.396263, 33.923617], [-118.395969, 33.9164], [-118.40481, 33.916383], [-118.404836, 33.920862], [-118.404838, 33.923609]]]}}, {"type": "Feature", "properties": {"STATEFP": "06", "COUNTYFP": "037", "TRACTCE": "543603", "BLKGRPCE": "2", "GEOIDFQ": "1500000US060375436032", "GEOID": "060375436032", "NAME": "2", "NAMELSAD": "Block Group 2", "LSAD": "BG", "ALAND": 735578, "AWATER": 0, "lat": 33.80791779201294, "lon": -118.29367452642263, "pop_total": 1631.0, "hh_total": 552.0, "hh_family": 511.0, "kids_0_4": 43.0, "kids_5_9": 85.0, "kids_10_14": 41.0, "kids_15_17": 82.0, "med_hh_income": 130139.0, "mean_hh_income": "135529.71014492755", "med_home_value": 866500.0, "upper_quartile_home_value": 982700.0, "hh_income_total": 552.0, "hh_income_<10k": 4.0, "hh_income_10_15k": 0.0, "hh_income_15_20k": 0.0, "hh_income_20_25k": 0.0, "hh_income_25_30k": 0.0, "hh_income_30_35k": 87.0, "hh_income_35_40k": 11.0, "hh_income_40_45k": 0.0, "hh_income_45_50k": 13.0, "hh_income_50_60k": 6.0, "hh_income_60_75k": 0.0, "hh_income_75_100k": 90.0, "hh_income_100_125k": 51.0, "hh_income_125_150k": 111.0, "hh_income_150_200k": 96.0, "hh_income_200k+": 83.0}, "geometry": {"type": "Polygon", "coordinates": [[[-118.29834, 33.813055], [-118.292639, 33.811009], [-118.287508, 33.808959], [-118.288566, 33.804268], [-118.295122, 33.804218], [-118.29636, 33.804512], [-118.297012, 33.804809], [-118.298796, 33.806248], [-118.29834, 33.813055]]]}}, {"type": "Feature", "properties": {"STATEFP": "06", "COUNTYFP": "037", "TRACTCE": "620101", "BLKGRPCE": "3", "GEOIDFQ": "1500000US060376201013", "GEOID": "060376201013", "NAME": "3", "NAMELSAD": "Block Group 3", "LSAD": "BG", "ALAND": 485166, "AWATER": 3064, "lat": 33.92854358205601, "lon": -118.42380798684299, "pop_total": 2214.0, "hh_total": 846.0, "hh_family": 505.0, "kids_0_4": 67.0, "kids_5_9": 224.0, "kids_10_14": 124.0, "kids_15_17": 45.0, "med_hh_income": 130109.0, "mean_hh_income": "182464.6572104019", "med_home_value": 746100.0, "upper_quartile_home_value": 1199100.0, "hh_income_total": 846.0, "hh_income_<10k": 40.0, "hh_income_10_15k": 0.0, "hh_income_15_20k": 0.0, "hh_income_20_25k": 25.0, "hh_income_25_30k": 0.0, "hh_income_30_35k": 0.0, "hh_income_35_40k": 13.0, "hh_income_40_45k": 0.0, "hh_income_45_50k": 0.0, "hh_income_50_60k": 24.0, "hh_income_60_75k": 13.0, "hh_income_75_100k": 179.0, "hh_income_100_125k": 127.0, "hh_income_125_150k": 81.0, "hh_income_150_200k": 170.0, "hh_income_200k+": 174.0}, "geometry": {"type": "Polygon", "coordinates": [[[-118.428769, 33.930891], [-118.425842, 33.931255], [-118.415962, 33.931292], [-118.415952, 33.928902], [-118.425034, 33.928883], [-118.423853, 33.925037], [-118.423858, 33.923581], [-118.426574, 33.923583], [-118.42766, 33.923582], [-118.427667, 33.927203], [-118.428754, 33.927201], [-118.428769, 33.930891]]]}}, {"type": "Feature", "properties": {"STATEFP": "06", "COUNTYFP": "037", "TRACTCE": "621104", "BLKGRPCE": "1", "GEOIDFQ": "1500000US060376211041", "GEOID": "060376211041", "NAME": "1", "NAMELSAD": "Block Group 1", "LSAD": "BG", "ALAND": 324755, "AWATER": 0, "lat": 33.85897697937276, "lon": -118.39299194700011, "pop_total": 1611.0, "hh_total": 722.0, "hh_family": 349.0, "kids_0_4": 85.0, "kids_5_9": 102.0, "kids_10_14": 178.0, "kids_15_17": 47.0, "med_hh_income": 232833.0, "mean_hh_income": "268070.6371191136", "med_home_value": 2000001.0, "upper_quartile_home_value": 2000001.0, "hh_income_total": 722.0, "hh_income_<10k": 26.0, "hh_income_10_15k": 0.0, "hh_income_15_20k": 3.0, "hh_income_20_25k": 0.0, "hh_income_25_30k": 0.0, "hh_income_30_35k": 16.0, "hh_income_35_40k": 32.0, "hh_income_40_45k": 0.0, "hh_income_45_50k": 16.0, "hh_income_50_60k": 18.0, "hh_income_60_75k": 0.0, "hh_income_75_100k": 100.0, "hh_income_100_125k": 42.0, "hh_income_125_150k": 24.0, "hh_income_150_200k": 52.0, "hh_income_200k+": 393.0}, "geometry": {"type": "Polygon", "coordinates": [[[-118.395419, 33.864589], [-118.394089, 33.864839], [-118.392899, 33.864328], [-118.392809, 33.863983], [-118.391754, 33.860273], [-118.390308, 33.854854], [-118.393272, 33.853861], [-118.394431, 33.855141], [-118.394234, 33.860162], [-118.395419, 33.864589]]]}}, {"type": "Feature", "properties": {"STATEFP": "06", "COUNTYFP": "037", "TRACTCE": "670407", "BLKGRPCE": "3", "GEOIDFQ": "1500000US060376704073", "GEOID": "060376704073", "NAME": "3", "NAMELSAD": "Block Group 3", "LSAD": "BG", "ALAND": 650120, "AWATER": 0, "lat": 33.77089515915366, "lon": -118.38749273608579, "pop_total": 1246.0, "hh_total": 489.0, "hh_family": 438.0, "kids_0_4": 13.0, "kids_5_9": 70.0, "kids_10_14": 67.0, "kids_15_17": 30.0, "med_hh_income": 190342.0, "mean_hh_income": "187205.93047034764", "med_home_value": 2000001.0, "upper_quartile_home_value": 2000001.0, "hh_income_total": 489.0, "hh_income_<10k": 13.0, "hh_income_10_15k": 0.0, "hh_income_15_20k": 0.0, "hh_income_20_25k": 0.0, "hh_income_25_30k": 0.0, "hh_income_30_35k": 0.0, "hh_income_35_40k": 0.0, "hh_income_40_45k": 16.0, "hh_income_45_50k": 0.0, "hh_income_50_60k": 18.0, "hh_income_60_75k": 39.0, "hh_income_75_100k": 46.0, "hh_income_100_125k": 56.0, "hh_income_125_150k": 16.0, "hh_income_150_200k": 189.0, "hh_income_200k+": 96.0}, "geometry": {"type": "Polygon", "coordinates": [[[-118.392238, 33.772921], [-118.390282, 33.773872], [-118.389395, 33.776204], [-118.388118, 33.774648], [-118.384113, 33.774295], [-118.384609, 33.771378], [-118.381575, 33.771855], [-118.380796, 33.76937], [-118.386786, 33.768605], [-118.388542, 33.766316], [-118.39081, 33.765436], [-118.390811, 33.767253], [-118.392238, 33.772921]]]}}, {"type": "Feature", "properties": {"STATEFP": "06", "COUNTYFP": "037", "TRACTCE": "543607", "BLKGRPCE": "1", "GEOIDFQ": "1500000US060375436071", "GEOID": "060375436071", "NAME": "1", "NAMELSAD": "Block Group 1", "LSAD": "BG", "ALAND": 292803, "AWATER": 0, "lat": 33.81427867472074, "lon": -118.28574800888329, "pop_total": 873.0, "hh_total": 252.0, "hh_family": 236.0, "kids_0_4": 20.0, "kids_5_9": 37.0, "kids_10_14": 0.0, "kids_15_17": 52.0, "med_hh_income": 110379.0, "mean_hh_income": "106919.04761904762", "med_home_value": 683600.0, "upper_quartile_home_value": 860600.0, "hh_income_total": 252.0, "hh_income_<10k": 8.0, "hh_income_10_15k": 0.0, "hh_income_15_20k": 0.0, "hh_income_20_25k": 6.0, "hh_income_25_30k": 0.0, "hh_income_30_35k": 0.0, "hh_income_35_40k": 0.0, "hh_income_40_45k": 0.0, "hh_income_45_50k": 0.0, "hh_income_50_60k": 12.0, "hh_income_60_75k": 0.0, "hh_income_75_100k": 95.0, "hh_income_100_125k": 50.0, "hh_income_125_150k": 26.0, "hh_income_150_200k": 55.0, "hh_income_200k+": 0.0}, "geometry": {"type": "Polygon", "coordinates": [[[-118.287233, 33.810414], [-118.287191, 33.818957], [-118.283654, 33.81895], [-118.283696, 33.815828], [-118.284311, 33.813404], [-118.285436, 33.813429], [-118.28539, 33.810319], [-118.284457, 33.807774], [-118.285025, 33.807935], [-118.287508, 33.808959], [-118.287233, 33.810414]]]}}, {"type": "Feature", "properties": {"STATEFP": "06", "COUNTYFP": "037", "TRACTCE": "294410", "BLKGRPCE": "2", "GEOIDFQ": "1500000US060372944102", "GEOID": "060372944102", "NAME": "2", "NAMELSAD": "Block Group 2", "LSAD": "BG", "ALAND": 487823, "AWATER": 0, "lat": 33.79321942916845, "lon": -118.28821650874396, "pop_total": 3160.0, "hh_total": 1123.0, "hh_family": 759.0, "kids_0_4": 208.0, "kids_5_9": 99.0, "kids_10_14": 369.0, "kids_15_17": 133.0, "med_hh_income": 73934.0, "mean_hh_income": "92968.12110418522", "med_home_value": 442500.0, "upper_quartile_home_value": 598100.0, "hh_income_total": 1123.0, "hh_income_<10k": 56.0, "hh_income_10_15k": 121.0, "hh_income_15_20k": 66.0, "hh_income_20_25k": 30.0, "hh_income_25_30k": 31.0, "hh_income_30_35k": 33.0, "hh_income_35_40k": 0.0, "hh_income_40_45k": 43.0, "hh_income_45_50k": 69.0, "hh_income_50_60k": 53.0, "hh_income_60_75k": 74.0, "hh_income_75_100k": 160.0, "hh_income_100_125k": 82.0, "hh_income_125_150k": 76.0, "hh_income_150_200k": 131.0, "hh_income_200k+": 98.0}, "geometry": {"type": "Polygon", "coordinates": [[[-118.295936, 33.79281], [-118.292762, 33.793238], [-118.288926, 33.792786], [-118.28892, 33.794697], [-118.288819, 33.795218], [-118.28895, 33.797761], [-118.286737, 33.797818], [-118.286546, 33.797643], [-118.285463, 33.796479], [-118.281925, 33.790554], [-118.284481, 33.790848], [-118.291703, 33.790992], [-118.295943, 33.790922], [-118.295936, 33.79281]]]}}, {"type": "Feature", "properties": {"STATEFP": "06", "COUNTYFP": "037", "TRACTCE": "621005", "BLKGRPCE": "2", "GEOIDFQ": "1500000US060376210052", "GEOID": "060376210052", "NAME": "2", "NAMELSAD": "Block Group 2", "LSAD": "BG", "ALAND": 317500, "AWATER": 0, "lat": 33.86608273309471, "lon": -118.39886182751935, "pop_total": 1129.0, "hh_total": 657.0, "hh_family": 340.0, "kids_0_4": 12.0, "kids_5_9": 29.0, "kids_10_14": 32.0, "kids_15_17": 42.0, "med_hh_income": 135625.0, "mean_hh_income": "218091.93302891933", "med_home_value": 1963700.0, "upper_quartile_home_value": 2000001.0, "hh_income_total": 657.0, "hh_income_<10k": 0.0, "hh_income_10_15k": 0.0, "hh_income_15_20k": 14.0, "hh_income_20_25k": 29.0, "hh_income_25_30k": 14.0, "hh_income_30_35k": 0.0, "hh_income_35_40k": 38.0, "hh_income_40_45k": 0.0, "hh_income_45_50k": 15.0, "hh_income_50_60k": 49.0, "hh_income_60_75k": 37.0, "hh_income_75_100k": 0.0, "hh_income_100_125k": 103.0, "hh_income_125_150k": 97.0, "hh_income_150_200k": 66.0, "hh_income_200k+": 195.0}, "geometry": {"type": "Polygon", "coordinates": [[[-118.402189, 33.863391], [-118.400408, 33.863751], [-118.401769, 33.867252], [-118.399448, 33.867799], [-118.401453, 33.870787], [-118.399201, 33.869417], [-118.397323, 33.869782], [-118.396281, 33.867466], [-118.395419, 33.864589], [-118.397968, 33.86402], [-118.398411, 33.863752], [-118.399481, 33.862414], [-118.401664, 33.861913], [-118.402189, 33.863391]]]}}, {"type": "Feature", "properties": {"STATEFP": "06", "COUNTYFP": "037", "TRACTCE": "620904", "BLKGRPCE": "1", "GEOIDFQ": "1500000US060376209041", "GEOID": "060376209041", "NAME": "1", "NAMELSAD": "Block Group 1", "LSAD": "BG", "ALAND": 235914, "AWATER": 413509, "lat": 33.88217341301609, "lon": -118.40935534190241, "pop_total": 696.0, "hh_total": 277.0, "hh_family": 190.0, "kids_0_4": 15.0, "kids_5_9": 84.0, "kids_10_14": 10.0, "kids_15_17": 59.0, "med_hh_income": 229519.0, "mean_hh_income": "295983.393501805", "med_home_value": 2000001.0, "upper_quartile_home_value": 2000001.0, "hh_income_total": 277.0, "hh_income_<10k": 12.0, "hh_income_10_15k": 0.0, "hh_income_15_20k": 0.0, "hh_income_20_25k": 0.0, "hh_income_25_30k": 0.0, "hh_income_30_35k": 0.0, "hh_income_35_40k": 0.0, "hh_income_40_45k": 0.0, "hh_income_45_50k": 0.0, "hh_income_50_60k": 0.0, "hh_income_60_75k": 13.0, "hh_income_75_100k": 46.0, "hh_income_100_125k": 27.0, "hh_income_125_150k": 0.0, "hh_income_150_200k": 12.0, "hh_income_200k+": 167.0}, "geometry": {"type": "Polygon", "coordinates": [[[-118.412005510604, 33.8843081988504], [-118.408706, 33.885461], [-118.409081, 33.884902], [-118.406641, 33.880164], [-118.409651786911, 33.8790570888607], [-118.411601, 33.883531], [-118.412005510604, 33.8843081988504]]]}}, {"type": "Feature", "properties": {"STATEFP": "06", "COUNTYFP": "037", "TRACTCE": "620201", "BLKGRPCE": "1", "GEOIDFQ": "1500000US060376202011", "GEOID": "060376202011", "NAME": "1", "NAMELSAD": "Block Group 1", "LSAD": "BG", "ALAND": 70792, "AWATER": 0, "lat": 33.904339450750996, "lon": -118.42057283354644, "pop_total": 864.0, "hh_total": 470.0, "hh_family": 199.0, "kids_0_4": 9.0, "kids_5_9": 72.0, "kids_10_14": 57.0, "kids_15_17": 22.0, "med_hh_income": 152500.0, "mean_hh_income": "302360.8510638298", "med_home_value": 2000001.0, "upper_quartile_home_value": 2000001.0, "hh_income_total": 470.0, "hh_income_<10k": 17.0, "hh_income_10_15k": 0.0, "hh_income_15_20k": 7.0, "hh_income_20_25k": 10.0, "hh_income_25_30k": 0.0, "hh_income_30_35k": 5.0, "hh_income_35_40k": 0.0, "hh_income_40_45k": 0.0, "hh_income_45_50k": 0.0, "hh_income_50_60k": 31.0, "hh_income_60_75k": 17.0, "hh_income_75_100k": 36.0, "hh_income_100_125k": 27.0, "hh_income_125_150k": 53.0, "hh_income_150_200k": 60.0, "hh_income_200k+": 207.0}, "geometry": {"type": "Polygon", "coordinates": [[[-118.422753072278, 33.9049578245664], [-118.419625, 33.906141], [-118.418411, 33.903713], [-118.421492885637, 33.9025365886384], [-118.422753072278, 33.9049578245664]]]}}, {"type": "Feature", "properties": {"STATEFP": "06", "COUNTYFP": "037", "TRACTCE": "621400", "BLKGRPCE": "4", "GEOIDFQ": "1500000US060376214004", "GEOID": "060376214004", "NAME": "4", "NAMELSAD": "Block Group 4", "LSAD": "BG", "ALAND": 246179, "AWATER": 0, "lat": 33.82689233426363, "lon": -118.38159503238019, "pop_total": 1272.0, "hh_total": 445.0, "hh_family": 338.0, "kids_0_4": 93.0, "kids_5_9": 87.0, "kids_10_14": 77.0, "kids_15_17": 0.0, "med_hh_income": 212578.0, "mean_hh_income": "218598.42696629214", "med_home_value": 1726400.0, "upper_quartile_home_value": 2000001.0, "hh_income_total": 445.0, "hh_income_<10k": 0.0, "hh_income_10_15k": 0.0, "hh_income_15_20k": 0.0, "hh_income_20_25k": 0.0, "hh_income_25_30k": 8.0, "hh_income_30_35k": 0.0, "hh_income_35_40k": 0.0, "hh_income_40_45k": 0.0, "hh_income_45_50k": 15.0, "hh_income_50_60k": 0.0, "hh_income_60_75k": 17.0, "hh_income_75_100k": 18.0, "hh_income_100_125k": 43.0, "hh_income_125_150k": 82.0, "hh_income_150_200k": 11.0, "hh_income_200k+": 251.0}, "geometry": {"type": "Polygon", "coordinates": [[[-118.385665, 33.828271], [-118.385523, 33.828809], [-118.384447, 33.828624], [-118.38177, 33.828414], [-118.376864, 33.828111], [-118.37688, 33.827063], [-118.379655, 33.827289], [-118.379787, 33.826258], [-118.37688, 33.826023], [-118.376881, 33.824985], [-118.385559, 33.825665], [-118.385665, 33.828271]]]}}, {"type": "Feature", "properties": {"STATEFP": "06", "COUNTYFP": "037", "TRACTCE": "293304", "BLKGRPCE": "2", "GEOIDFQ": "1500000US060372933042", "GEOID": "060372933042", "NAME": "2", "NAMELSAD": "Block Group 2", "LSAD": "BG", "ALAND": 194646, "AWATER": 0, "lat": 33.790516167097536, "lon": -118.30417507061311, "pop_total": 1802.0, "hh_total": 651.0, "hh_family": 430.0, "kids_0_4": 180.0, "kids_5_9": 206.0, "kids_10_14": 61.0, "kids_15_17": 31.0, "med_hh_income": 50609.0, "mean_hh_income": "85130.5683563748", "med_home_value": 433800.0, "upper_quartile_home_value": 499300.0, "hh_income_total": 651.0, "hh_income_<10k": 40.0, "hh_income_10_15k": 11.0, "hh_income_15_20k": 0.0, "hh_income_20_25k": 16.0, "hh_income_25_30k": 8.0, "hh_income_30_35k": 14.0, "hh_income_35_40k": 0.0, "hh_income_40_45k": 89.0, "hh_income_45_50k": 138.0, "hh_income_50_60k": 62.0, "hh_income_60_75k": 79.0, "hh_income_75_100k": 53.0, "hh_income_100_125k": 76.0, "hh_income_125_150k": 34.0, "hh_income_150_200k": 0.0, "hh_income_200k+": 31.0}, "geometry": {"type": "Polygon", "coordinates": [[[-118.308701, 33.79149], [-118.301156, 33.791472], [-118.299918, 33.792473], [-118.299929, 33.789452], [-118.308685, 33.789471], [-118.308692, 33.790487], [-118.308697, 33.790987], [-118.308701, 33.79149]]]}}, {"type": "Feature", "properties": {"STATEFP": "06", "COUNTYFP": "037", "TRACTCE": "620801", "BLKGRPCE": "5", "GEOIDFQ": "1500000US060376208015", "GEOID": "060376208015", "NAME": "5", "NAMELSAD": "Block Group 5", "LSAD": "BG", "ALAND": 180149, "AWATER": 0, "lat": 33.88338963020172, "lon": -118.38625127992802, "pop_total": 235.0, "hh_total": 95.0, "hh_family": 83.0, "kids_0_4": 10.0, "kids_5_9": 18.0, "kids_10_14": 0.0, "kids_15_17": 18.0, "med_hh_income": 86771.0, "mean_hh_income": "173646.31578947368", "med_home_value": 2000001.0, "upper_quartile_home_value": 2000001.0, "hh_income_total": 95.0, "hh_income_<10k": 0.0, "hh_income_10_15k": 0.0, "hh_income_15_20k": 0.0, "hh_income_20_25k": 0.0, "hh_income_25_30k": 0.0, "hh_income_30_35k": 0.0, "hh_income_35_40k": 18.0, "hh_income_40_45k": 0.0, "hh_income_45_50k": 0.0, "hh_income_50_60k": 12.0, "hh_income_60_75k": 0.0, "hh_income_75_100k": 31.0, "hh_income_100_125k": 0.0, "hh_income_125_150k": 0.0, "hh_income_150_200k": 6.0, "hh_income_200k+": 28.0}, "geometry": {"type": "Polygon", "coordinates": [[[-118.387366, 33.887371], [-118.385177, 33.887368], [-118.385136, 33.883733], [-118.385126, 33.879436], [-118.387352, 33.879427], [-118.387354, 33.880092], [-118.387366, 33.887371]]]}}, {"type": "Feature", "properties": {"STATEFP": "06", "COUNTYFP": "037", "TRACTCE": "670101", "BLKGRPCE": "1", "GEOIDFQ": "1500000US060376701011", "GEOID": "060376701011", "NAME": "1", "NAMELSAD": "Block Group 1", "LSAD": "BG", "ALAND": 891262, "AWATER": 0, "lat": 33.78061432038043, "lon": -118.31272320288852, "pop_total": 3061.0, "hh_total": 886.0, "hh_family": 616.0, "kids_0_4": 334.0, "kids_5_9": 211.0, "kids_10_14": 229.0, "kids_15_17": 203.0, "med_hh_income": 93000.0, "mean_hh_income": "124287.13318284425", "med_home_value": 858500.0, "upper_quartile_home_value": 979300.0, "hh_income_total": 886.0, "hh_income_<10k": 20.0, "hh_income_10_15k": 57.0, "hh_income_15_20k": 0.0, "hh_income_20_25k": 0.0, "hh_income_25_30k": 95.0, "hh_income_30_35k": 54.0, "hh_income_35_40k": 30.0, "hh_income_40_45k": 0.0, "hh_income_45_50k": 10.0, "hh_income_50_60k": 30.0, "hh_income_60_75k": 19.0, "hh_income_75_100k": 148.0, "hh_income_100_125k": 30.0, "hh_income_125_150k": 49.0, "hh_income_150_200k": 200.0, "hh_income_200k+": 144.0}, "geometry": {"type": "Polygon", "coordinates": [[[-118.31657, 33.783651], [-118.318622, 33.784453], [-118.317924, 33.785322], [-118.314568, 33.785324], [-118.313624, 33.786047], [-118.308697, 33.786051], [-118.308699, 33.785185], [-118.308704, 33.783666], [-118.30894, 33.782216], [-118.309924, 33.781947], [-118.309762, 33.78083], [-118.309486, 33.779053], [-118.307826, 33.779328], [-118.306427, 33.774958], [-118.308923, 33.774964], [-118.309353, 33.776428], [-118.311772, 33.777128], [-118.312744, 33.775523], [-118.318283, 33.774982], [-118.31828, 33.77529], [-118.315172, 33.778742], [-118.316495, 33.780942], [-118.318941, 33.781681], [-118.31657, 33.783651]]]}}, {"type": "Feature", "properties": {"STATEFP": "06", "COUNTYFP": "037", "TRACTCE": "650702", "BLKGRPCE": "1", "GEOIDFQ": "1500000US060376507021", "GEOID": "060376507021", "NAME": "1", "NAMELSAD": "Block Group 1", "LSAD": "BG", "ALAND": 512546, "AWATER": 0, "lat": 33.83296989734815, "lon": -118.37167379033698, "pop_total": 1558.0, "hh_total": 513.0, "hh_family": 369.0, "kids_0_4": 106.0, "kids_5_9": 87.0, "kids_10_14": 54.0, "kids_15_17": 56.0, "med_hh_income": 153063.0, "mean_hh_income": "176950.68226120857", "med_home_value": 986600.0, "upper_quartile_home_value": 1277800.0, "hh_income_total": 513.0, "hh_income_<10k": 0.0, "hh_income_10_15k": 0.0, "hh_income_15_20k": 0.0, "hh_income_20_25k": 0.0, "hh_income_25_30k": 0.0, "hh_income_30_35k": 0.0, "hh_income_35_40k": 51.0, "hh_income_40_45k": 0.0, "hh_income_45_50k": 12.0, "hh_income_50_60k": 0.0, "hh_income_60_75k": 9.0, "hh_income_75_100k": 78.0, "hh_income_100_125k": 73.0, "hh_income_125_150k": 20.0, "hh_income_150_200k": 130.0, "hh_income_200k+": 140.0}, "geometry": {"type": "Polygon", "coordinates": [[[-118.375163, 33.838888], [-118.372754, 33.837785], [-118.371037, 33.837604], [-118.369299, 33.837605], [-118.369235, 33.83141], [-118.36924, 33.82699], [-118.370609, 33.827082], [-118.372286, 33.827421], [-118.372924, 33.827657], [-118.374832, 33.83721], [-118.375163, 33.838888]]]}}, {"type": "Feature", "properties": {"STATEFP": "06", "COUNTYFP": "037", "TRACTCE": "650801", "BLKGRPCE": "2", "GEOIDFQ": "1500000US060376508012", "GEOID": "060376508012", "NAME": "2", "NAMELSAD": "Block Group 2", "LSAD": "BG", "ALAND": 298476, "AWATER": 0, "lat": 33.82479537979143, "lon": -118.33170538252195, "pop_total": 1811.0, "hh_total": 636.0, "hh_family": 461.0, "kids_0_4": 91.0, "kids_5_9": 218.0, "kids_10_14": 137.0, "kids_15_17": 9.0, "med_hh_income": 147849.0, "mean_hh_income": "168047.01257861636", "med_home_value": 958900.0, "upper_quartile_home_value": 1143100.0, "hh_income_total": 636.0, "hh_income_<10k": 21.0, "hh_income_10_15k": 14.0, "hh_income_15_20k": 0.0, "hh_income_20_25k": 0.0, "hh_income_25_30k": 0.0, "hh_income_30_35k": 19.0, "hh_income_35_40k": 0.0, "hh_income_40_45k": 0.0, "hh_income_45_50k": 0.0, "hh_income_50_60k": 24.0, "hh_income_60_75k": 0.0, "hh_income_75_100k": 54.0, "hh_income_100_125k": 81.0, "hh_income_125_150k": 142.0, "hh_income_150_200k": 41.0, "hh_income_200k+": 240.0}, "geometry": {"type": "Polygon", "coordinates": [[[-118.335178, 33.823638], [-118.335433, 33.826952], [-118.328528, 33.827044], [-118.328422, 33.821936], [-118.335649, 33.823383], [-118.335178, 33.823638]]]}}, {"type": "Feature", "properties": {"STATEFP": "06", "COUNTYFP": "037", "TRACTCE": "670407", "BLKGRPCE": "1", "GEOIDFQ": "1500000US060376704071", "GEOID": "060376704071", "NAME": "1", "NAMELSAD": "Block Group 1", "LSAD": "BG", "ALAND": 312243, "AWATER": 0, "lat": 33.77735095863216, "lon": -118.38473801828971, "pop_total": 2837.0, "hh_total": 1062.0, "hh_family": 687.0, "kids_0_4": 111.0, "kids_5_9": 277.0, "kids_10_14": 348.0, "kids_15_17": 226.0, "med_hh_income": 119459.0, "mean_hh_income": "128876.45951035782", "med_home_value": 1106600.0, "upper_quartile_home_value": 1309500.0, "hh_income_total": 1062.0, "hh_income_<10k": 59.0, "hh_income_10_15k": 15.0, "hh_income_15_20k": 0.0, "hh_income_20_25k": 14.0, "hh_income_25_30k": 40.0, "hh_income_30_35k": 0.0, "hh_income_35_40k": 0.0, "hh_income_40_45k": 16.0, "hh_income_45_50k": 29.0, "hh_income_50_60k": 78.0, "hh_income_60_75k": 28.0, "hh_income_75_100k": 98.0, "hh_income_100_125k": 162.0, "hh_income_125_150k": 74.0, "hh_income_150_200k": 352.0, "hh_income_200k+": 97.0}, "geometry": {"type": "Polygon", "coordinates": [[[-118.391035, 33.779036], [-118.390034, 33.779273], [-118.380507, 33.778307], [-118.378934, 33.777192], [-118.380839, 33.774751], [-118.381419, 33.774562], [-118.385081, 33.776729], [-118.38851, 33.776419], [-118.390407, 33.777235], [-118.391035, 33.779036]]]}}, {"type": "Feature", "properties": {"STATEFP": "06", "COUNTYFP": "037", "TRACTCE": "620904", "BLKGRPCE": "2", "GEOIDFQ": "1500000US060376209042", "GEOID": "060376209042", "NAME": "2", "NAMELSAD": "Block Group 2", "LSAD": "BG", "ALAND": 170723, "AWATER": 0, "lat": 33.88251658572121, "lon": -118.40627496155808, "pop_total": 1207.0, "hh_total": 442.0, "hh_family": 377.0, "kids_0_4": 46.0, "kids_5_9": 101.0, "kids_10_14": 116.0, "kids_15_17": 45.0, "med_hh_income": 205643.0, "mean_hh_income": "327100.2262443439", "med_home_value": 2000001.0, "upper_quartile_home_value": 2000001.0, "hh_income_total": 442.0, "hh_income_<10k": 52.0, "hh_income_10_15k": 0.0, "hh_income_15_20k": 0.0, "hh_income_20_25k": 0.0, "hh_income_25_30k": 0.0, "hh_income_30_35k": 0.0, "hh_income_35_40k": 0.0, "hh_income_40_45k": 0.0, "hh_income_45_50k": 0.0, "hh_income_50_60k": 0.0, "hh_income_60_75k": 0.0, "hh_income_75_100k": 19.0, "hh_income_100_125k": 45.0, "hh_income_125_150k": 39.0, "hh_income_150_200k": 57.0, "hh_income_200k+": 230.0}, "geometry": {"type": "Polygon", "coordinates": [[[-118.408706, 33.885461], [-118.407684, 33.885836], [-118.404383, 33.882508], [-118.402508, 33.879936], [-118.403124, 33.880657], [-118.40634, 33.879533], [-118.406641, 33.880164], [-118.409081, 33.884902], [-118.408706, 33.885461]]]}}, {"type": "Feature", "properties": {"STATEFP": "06", "COUNTYFP": "037", "TRACTCE": "620801", "BLKGRPCE": "4", "GEOIDFQ": "1500000US060376208014", "GEOID": "060376208014", "NAME": "4", "NAMELSAD": "Block Group 4", "LSAD": "BG", "ALAND": 304109, "AWATER": 0, "lat": 33.87580564601212, "lon": -118.38237758420487, "pop_total": 1192.0, "hh_total": 408.0, "hh_family": 349.0, "kids_0_4": 47.0, "kids_5_9": 32.0, "kids_10_14": 140.0, "kids_15_17": 132.0, "med_hh_income": 156793.0, "mean_hh_income": "217601.22549019608", "med_home_value": 2000001.0, "upper_quartile_home_value": 2000001.0, "hh_income_total": 408.0, "hh_income_<10k": 0.0, "hh_income_10_15k": 0.0, "hh_income_15_20k": 0.0, "hh_income_20_25k": 0.0, "hh_income_25_30k": 16.0, "hh_income_30_35k": 0.0, "hh_income_35_40k": 0.0, "hh_income_40_45k": 0.0, "hh_income_45_50k": 22.0, "hh_income_50_60k": 0.0, "hh_income_60_75k": 22.0, "hh_income_75_100k": 21.0, "hh_income_100_125k": 75.0, "hh_income_125_150k": 15.0, "hh_income_150_200k": 55.0, "hh_income_200k+": 182.0}, "geometry": {"type": "Polygon", "coordinates": [[[-118.385122, 33.87756], [-118.382996, 33.877551], [-118.383009, 33.879423], [-118.380037, 33.8794], [-118.380065, 33.875663], [-118.379955, 33.872834], [-118.382742, 33.872846], [-118.385116, 33.872852], [-118.385122, 33.87756]]]}}, {"type": "Feature", "properties": {"STATEFP": "06", "COUNTYFP": "037", "TRACTCE": "621326", "BLKGRPCE": "1", "GEOIDFQ": "1500000US060376213261", "GEOID": "060376213261", "NAME": "1", "NAMELSAD": "Block Group 1", "LSAD": "BG", "ALAND": 300258, "AWATER": 963934, "lat": 33.81710258685282, "lon": -118.38815359640577, "pop_total": 996.0, "hh_total": 590.0, "hh_family": 156.0, "kids_0_4": 31.0, "kids_5_9": 0.0, "kids_10_14": 0.0, "kids_15_17": 0.0, "med_hh_income": 97227.0, "mean_hh_income": "158500.0", "med_home_value": -666666666.0, "upper_quartile_home_value": -666666666.0, "hh_income_total": 590.0, "hh_income_<10k": 10.0, "hh_income_10_15k": 0.0, "hh_income_15_20k": 10.0, "hh_income_20_25k": 0.0, "hh_income_25_30k": 8.0, "hh_income_30_35k": 0.0, "hh_income_35_40k": 28.0, "hh_income_40_45k": 10.0, "hh_income_45_50k": 0.0, "hh_income_50_60k": 29.0, "hh_income_60_75k": 47.0, "hh_income_75_100k": 166.0, "hh_income_100_125k": 79.0, "hh_income_125_150k": 0.0, "hh_income_150_200k": 92.0, "hh_income_200k+": 111.0}, "geometry": {"type": "Polygon", "coordinates": [[[-118.390225172569, 33.8194982890517], [-118.38538, 33.818921], [-118.38509, 33.817612], [-118.386407, 33.815225], [-118.387907, 33.814615], [-118.390964199251, 33.8151981636148], [-118.390225172569, 33.8194982890517]]]}}, {"type": "Feature", "properties": {"STATEFP": "06", "COUNTYFP": "037", "TRACTCE": "543605", "BLKGRPCE": "2", "GEOIDFQ": "1500000US060375436052", "GEOID": "060375436052", "NAME": "2", "NAMELSAD": "Block Group 2", "LSAD": "BG", "ALAND": 381981, "AWATER": 0, "lat": 33.81433850945492, "lon": -118.28925771084045, "pop_total": 1511.0, "hh_total": 648.0, "hh_family": 460.0, "kids_0_4": 52.0, "kids_5_9": 129.0, "kids_10_14": 61.0, "kids_15_17": 0.0, "med_hh_income": 90494.0, "mean_hh_income": "107940.12345679013", "med_home_value": 486000.0, "upper_quartile_home_value": 655200.0, "hh_income_total": 648.0, "hh_income_<10k": 13.0, "hh_income_10_15k": 8.0, "hh_income_15_20k": 38.0, "hh_income_20_25k": 6.0, "hh_income_25_30k": 0.0, "hh_income_30_35k": 24.0, "hh_income_35_40k": 20.0, "hh_income_40_45k": 49.0, "hh_income_45_50k": 8.0, "hh_income_50_60k": 23.0, "hh_income_60_75k": 26.0, "hh_income_75_100k": 181.0, "hh_income_100_125k": 18.0, "hh_income_125_150k": 99.0, "hh_income_150_200k": 58.0, "hh_income_200k+": 77.0}, "geometry": {"type": "Polygon", "coordinates": [[[-118.291726, 33.812594], [-118.290371, 33.812111], [-118.290555, 33.816687], [-118.292143, 33.817369], [-118.292139, 33.818965], [-118.287191, 33.818957], [-118.287233, 33.810414], [-118.287508, 33.808959], [-118.292639, 33.811009], [-118.291726, 33.812594]]]}}, {"type": "Feature", "properties": {"STATEFP": "06", "COUNTYFP": "037", "TRACTCE": "620801", "BLKGRPCE": "1", "GEOIDFQ": "1500000US060376208011", "GEOID": "060376208011", "NAME": "1", "NAMELSAD": "Block Group 1", "LSAD": "BG", "ALAND": 240909, "AWATER": 0, "lat": 33.88554254236208, "lon": -118.381908891793, "pop_total": 388.0, "hh_total": 168.0, "hh_family": 116.0, "kids_0_4": 27.0, "kids_5_9": 0.0, "kids_10_14": 0.0, "kids_15_17": 15.0, "med_hh_income": -666666666.0, "mean_hh_income": "232213.09523809524", "med_home_value": 2000001.0, "upper_quartile_home_value": 2000001.0, "hh_income_total": 168.0, "hh_income_<10k": 0.0, "hh_income_10_15k": 0.0, "hh_income_15_20k": 0.0, "hh_income_20_25k": 0.0, "hh_income_25_30k": 0.0, "hh_income_30_35k": 0.0, "hh_income_35_40k": 9.0, "hh_income_40_45k": 0.0, "hh_income_45_50k": 0.0, "hh_income_50_60k": 0.0, "hh_income_60_75k": 7.0, "hh_income_75_100k": 41.0, "hh_income_100_125k": 30.0, "hh_income_125_150k": 0.0, "hh_income_150_200k": 0.0, "hh_income_200k+": 81.0}, "geometry": {"type": "Polygon", "coordinates": [[[-118.385177, 33.887368], [-118.383031, 33.887345], [-118.37868, 33.887376], [-118.378664, 33.883714], [-118.385136, 33.883733], [-118.385177, 33.887368]]]}}, {"type": "Feature", "properties": {"STATEFP": "06", "COUNTYFP": "037", "TRACTCE": "620303", "BLKGRPCE": "2", "GEOIDFQ": "1500000US060376203032", "GEOID": "060376203032", "NAME": "2", "NAMELSAD": "Block Group 2", "LSAD": "BG", "ALAND": 349514, "AWATER": 0, "lat": 33.88971702357609, "lon": -118.39948455884972, "pop_total": 1546.0, "hh_total": 607.0, "hh_family": 393.0, "kids_0_4": 150.0, "kids_5_9": 179.0, "kids_10_14": 78.0, "kids_15_17": 60.0, "med_hh_income": 129250.0, "mean_hh_income": "290021.9110378913", "med_home_value": 2000001.0, "upper_quartile_home_value": 2000001.0, "hh_income_total": 607.0, "hh_income_<10k": 6.0, "hh_income_10_15k": 0.0, "hh_income_15_20k": 63.0, "hh_income_20_25k": 9.0, "hh_income_25_30k": 0.0, "hh_income_30_35k": 8.0, "hh_income_35_40k": 0.0, "hh_income_40_45k": 0.0, "hh_income_45_50k": 0.0, "hh_income_50_60k": 37.0, "hh_income_60_75k": 96.0, "hh_income_75_100k": 8.0, "hh_income_100_125k": 66.0, "hh_income_125_150k": 26.0, "hh_income_150_200k": 78.0, "hh_income_200k+": 210.0}, "geometry": {"type": "Polygon", "coordinates": [[[-118.403325, 33.891293], [-118.401304, 33.891301], [-118.401313, 33.892282], [-118.395983, 33.892302], [-118.395965, 33.887369], [-118.40209, 33.887373], [-118.403296, 33.887371], [-118.403325, 33.891293]]]}}, {"type": "Feature", "properties": {"STATEFP": "06", "COUNTYFP": "037", "TRACTCE": "620301", "BLKGRPCE": "3", "GEOIDFQ": "1500000US060376203013", "GEOID": "060376203013", "NAME": "3", "NAMELSAD": "Block Group 3", "LSAD": "BG", "ALAND": 259901, "AWATER": 0, "lat": 33.900538442775556, "lon": -118.40795617050449, "pop_total": 880.0, "hh_total": 368.0, "hh_family": 248.0, "kids_0_4": 11.0, "kids_5_9": 73.0, "kids_10_14": 63.0, "kids_15_17": 99.0, "med_hh_income": 165427.0, "mean_hh_income": "255273.09782608695", "med_home_value": 2000001.0, "upper_quartile_home_value": 2000001.0, "hh_income_total": 368.0, "hh_income_<10k": 11.0, "hh_income_10_15k": 0.0, "hh_income_15_20k": 18.0, "hh_income_20_25k": 0.0, "hh_income_25_30k": 0.0, "hh_income_30_35k": 9.0, "hh_income_35_40k": 0.0, "hh_income_40_45k": 22.0, "hh_income_45_50k": 0.0, "hh_income_50_60k": 10.0, "hh_income_60_75k": 23.0, "hh_income_75_100k": 15.0, "hh_income_100_125k": 7.0, "hh_income_125_150k": 8.0, "hh_income_150_200k": 95.0, "hh_income_200k+": 150.0}, "geometry": {"type": "Polygon", "coordinates": [[[-118.412505, 33.901905], [-118.402582, 33.90195], [-118.402571, 33.900016], [-118.407196, 33.900001], [-118.407192, 33.898647], [-118.412159, 33.898632], [-118.411876, 33.900621], [-118.41241, 33.901438], [-118.412505, 33.901905]]]}}, {"type": "Feature", "properties": {"STATEFP": "06", "COUNTYFP": "037", "TRACTCE": "621301", "BLKGRPCE": "4", "GEOIDFQ": "1500000US060376213014", "GEOID": "060376213014", "NAME": "4", "NAMELSAD": "Block Group 4", "LSAD": "BG", "ALAND": 395169, "AWATER": 0, "lat": 33.832495995657844, "lon": -118.38258862740553, "pop_total": 1768.0, "hh_total": 568.0, "hh_family": 340.0, "kids_0_4": 196.0, "kids_5_9": 105.0, "kids_10_14": 102.0, "kids_15_17": 106.0, "med_hh_income": 189881.0, "mean_hh_income": "270693.838028169", "med_home_value": 1701400.0, "upper_quartile_home_value": 2000001.0, "hh_income_total": 568.0, "hh_income_<10k": 47.0, "hh_income_10_15k": 0.0, "hh_income_15_20k": 0.0, "hh_income_20_25k": 0.0, "hh_income_25_30k": 0.0, "hh_income_30_35k": 11.0, "hh_income_35_40k": 0.0, "hh_income_40_45k": 0.0, "hh_income_45_50k": 0.0, "hh_income_50_60k": 65.0, "hh_income_60_75k": 0.0, "hh_income_75_100k": 33.0, "hh_income_100_125k": 61.0, "hh_income_125_150k": 0.0, "hh_income_150_200k": 83.0, "hh_income_200k+": 268.0}, "geometry": {"type": "Polygon", "coordinates": [[[-118.384947, 33.831276], [-118.385113, 33.834706], [-118.385271, 33.8365], [-118.3802, 33.835538], [-118.379008, 33.835323], [-118.380581, 33.829798], [-118.38177, 33.828414], [-118.384447, 33.828624], [-118.385523, 33.828809], [-118.384947, 33.831276]]]}}, {"type": "Feature", "properties": {"STATEFP": "06", "COUNTYFP": "037", "TRACTCE": "650901", "BLKGRPCE": "4", "GEOIDFQ": "1500000US060376509014", "GEOID": "060376509014", "NAME": "4", "NAMELSAD": "Block Group 4", "LSAD": "BG", "ALAND": 1023249, "AWATER": 0, "lat": 33.831850201342334, "lon": -118.31365738236336, "pop_total": 1295.0, "hh_total": 646.0, "hh_family": 302.0, "kids_0_4": 0.0, "kids_5_9": 6.0, "kids_10_14": 35.0, "kids_15_17": 96.0, "med_hh_income": 123514.0, "mean_hh_income": "129267.80185758515", "med_home_value": 844200.0, "upper_quartile_home_value": 1142100.0, "hh_income_total": 646.0, "hh_income_<10k": 15.0, "hh_income_10_15k": 0.0, "hh_income_15_20k": 0.0, "hh_income_20_25k": 0.0, "hh_income_25_30k": 29.0, "hh_income_30_35k": 12.0, "hh_income_35_40k": 0.0, "hh_income_40_45k": 41.0, "hh_income_45_50k": 34.0, "hh_income_50_60k": 63.0, "hh_income_60_75k": 12.0, "hh_income_75_100k": 28.0, "hh_income_100_125k": 111.0, "hh_income_125_150k": 44.0, "hh_income_150_200k": 109.0, "hh_income_200k+": 148.0}, "geometry": {"type": "Polygon", "coordinates": [[[-118.322498, 33.834467], [-118.32039, 33.834415], [-118.31792, 33.836337], [-118.31645, 33.837421], [-118.315298, 33.836364], [-118.30912, 33.838077], [-118.309118, 33.837359], [-118.309009, 33.830242], [-118.308915, 33.827934], [-118.309019, 33.825625], [-118.308991, 33.823317], [-118.308984, 33.822781], [-118.312361, 33.823773], [-118.313084, 33.82384], [-118.313021, 33.824061], [-118.313004, 33.831434], [-118.317779, 33.831384], [-118.322484, 33.831334], [-118.322498, 33.834467]]]}}, {"type": "Feature", "properties": {"STATEFP": "06", "COUNTYFP": "037", "TRACTCE": "651201", "BLKGRPCE": "4", "GEOIDFQ": "1500000US060376512014", "GEOID": "060376512014", "NAME": "4", "NAMELSAD": "Block Group 4", "LSAD": "BG", "ALAND": 520361, "AWATER": 0, "lat": 33.81690656660025, "lon": -118.36877933905802, "pop_total": 856.0, "hh_total": 415.0, "hh_family": 284.0, "kids_0_4": 0.0, "kids_5_9": 13.0, "kids_10_14": 93.0, "kids_15_17": 36.0, "med_hh_income": 200598.0, "mean_hh_income": "194017.5903614458", "med_home_value": 1311300.0, "upper_quartile_home_value": 1573800.0, "hh_income_total": 415.0, "hh_income_<10k": 0.0, "hh_income_10_15k": 7.0, "hh_income_15_20k": 0.0, "hh_income_20_25k": 14.0, "hh_income_25_30k": 0.0, "hh_income_30_35k": 10.0, "hh_income_35_40k": 0.0, "hh_income_40_45k": 9.0, "hh_income_45_50k": 7.0, "hh_income_50_60k": 0.0, "hh_income_60_75k": 10.0, "hh_income_75_100k": 54.0, "hh_income_100_125k": 41.0, "hh_income_125_150k": 8.0, "hh_income_150_200k": 42.0, "hh_income_200k+": 213.0}, "geometry": {"type": "Polygon", "coordinates": [[[-118.37443, 33.815656], [-118.374426, 33.819611], [-118.372792, 33.819032], [-118.369685, 33.819052], [-118.363603, 33.819255], [-118.36249, 33.818633], [-118.362414, 33.816612], [-118.369554, 33.813406], [-118.37106, 33.81433], [-118.374432, 33.815565], [-118.37443, 33.815656]]]}}, {"type": "Feature", "properties": {"STATEFP": "06", "COUNTYFP": "037", "TRACTCE": "651002", "BLKGRPCE": "1", "GEOIDFQ": "1500000US060376510021", "GEOID": "060376510021", "NAME": "1", "NAMELSAD": "Block Group 1", "LSAD": "BG", "ALAND": 329479, "AWATER": 0, "lat": 33.81911068577191, "lon": -118.32425901347806, "pop_total": 1368.0, "hh_total": 568.0, "hh_family": 313.0, "kids_0_4": 64.0, "kids_5_9": 84.0, "kids_10_14": 102.0, "kids_15_17": 67.0, "med_hh_income": 112955.0, "mean_hh_income": "155801.7605633803", "med_home_value": 975900.0, "upper_quartile_home_value": 1183700.0, "hh_income_total": 568.0, "hh_income_<10k": 11.0, "hh_income_10_15k": 15.0, "hh_income_15_20k": 0.0, "hh_income_20_25k": 0.0, "hh_income_25_30k": 10.0, "hh_income_30_35k": 11.0, "hh_income_35_40k": 29.0, "hh_income_40_45k": 28.0, "hh_income_45_50k": 66.0, "hh_income_50_60k": 7.0, "hh_income_60_75k": 13.0, "hh_income_75_100k": 74.0, "hh_income_100_125k": 59.0, "hh_income_125_150k": 35.0, "hh_income_150_200k": 67.0, "hh_income_200k+": 143.0}, "geometry": {"type": "Polygon", "coordinates": [[[-118.328422, 33.821936], [-118.319742, 33.820124], [-118.319854, 33.817091], [-118.328025, 33.817124], [-118.328048, 33.820037], [-118.328422, 33.821936]]]}}, {"type": "Feature", "properties": {"STATEFP": "06", "COUNTYFP": "037", "TRACTCE": "621005", "BLKGRPCE": "1", "GEOIDFQ": "1500000US060376210051", "GEOID": "060376210051", "NAME": "1", "NAMELSAD": "Block Group 1", "LSAD": "BG", "ALAND": 89068, "AWATER": 0, "lat": 33.87602469691699, "lon": -118.40469538030837, "pop_total": 484.0, "hh_total": 275.0, "hh_family": 124.0, "kids_0_4": 0.0, "kids_5_9": 24.0, "kids_10_14": 0.0, "kids_15_17": 0.0, "med_hh_income": -666666666.0, "mean_hh_income": "233661.45454545456", "med_home_value": 2000001.0, "upper_quartile_home_value": 2000001.0, "hh_income_total": 275.0, "hh_income_<10k": 97.0, "hh_income_10_15k": 14.0, "hh_income_15_20k": 0.0, "hh_income_20_25k": 0.0, "hh_income_25_30k": 0.0, "hh_income_30_35k": 0.0, "hh_income_35_40k": 0.0, "hh_income_40_45k": 0.0, "hh_income_45_50k": 0.0, "hh_income_50_60k": 0.0, "hh_income_60_75k": 0.0, "hh_income_75_100k": 0.0, "hh_income_100_125k": 16.0, "hh_income_125_150k": 18.0, "hh_income_150_200k": 42.0, "hh_income_200k+": 88.0}, "geometry": {"type": "Polygon", "coordinates": [[[-118.407334, 33.875986], [-118.404539, 33.877146], [-118.40276, 33.877046], [-118.401987, 33.877102], [-118.4018, 33.876287], [-118.406469, 33.874438], [-118.407022, 33.875428], [-118.407334, 33.875986]]]}}, {"type": "Feature", "properties": {"STATEFP": "06", "COUNTYFP": "037", "TRACTCE": "621102", "BLKGRPCE": "2", "GEOIDFQ": "1500000US060376211022", "GEOID": "060376211022", "NAME": "2", "NAMELSAD": "Block Group 2", "LSAD": "BG", "ALAND": 325680, "AWATER": 0, "lat": 33.85832815828763, "lon": -118.3881436708188, "pop_total": 2403.0, "hh_total": 866.0, "hh_family": 543.0, "kids_0_4": 142.0, "kids_5_9": 229.0, "kids_10_14": 146.0, "kids_15_17": 100.0, "med_hh_income": 198750.0, "mean_hh_income": "296059.93071593536", "med_home_value": 1745800.0, "upper_quartile_home_value": 2000001.0, "hh_income_total": 866.0, "hh_income_<10k": 0.0, "hh_income_10_15k": 0.0, "hh_income_15_20k": 7.0, "hh_income_20_25k": 11.0, "hh_income_25_30k": 13.0, "hh_income_30_35k": 0.0, "hh_income_35_40k": 12.0, "hh_income_40_45k": 23.0, "hh_income_45_50k": 0.0, "hh_income_50_60k": 6.0, "hh_income_60_75k": 29.0, "hh_income_75_100k": 60.0, "hh_income_100_125k": 29.0, "hh_income_125_150k": 61.0, "hh_income_150_200k": 182.0, "hh_income_200k+": 433.0}, "geometry": {"type": "Polygon", "coordinates": [[[-118.391754, 33.860273], [-118.385276, 33.861392], [-118.384853, 33.85663], [-118.390308, 33.854854], [-118.391754, 33.860273]]]}}, {"type": "Feature", "properties": {"STATEFP": "06", "COUNTYFP": "037", "TRACTCE": "670324", "BLKGRPCE": "3", "GEOIDFQ": "1500000US060376703243", "GEOID": "060376703243", "NAME": "3", "NAMELSAD": "Block Group 3", "LSAD": "BG", "ALAND": 1682769, "AWATER": 588420, "lat": 33.79730765804447, "lon": -118.39442311632169, "pop_total": 985.0, "hh_total": 475.0, "hh_family": 291.0, "kids_0_4": 0.0, "kids_5_9": 0.0, "kids_10_14": 69.0, "kids_15_17": 30.0, "med_hh_income": 250001.0, "mean_hh_income": "443023.36842105264", "med_home_value": 2000001.0, "upper_quartile_home_value": 2000001.0, "hh_income_total": 475.0, "hh_income_<10k": 0.0, "hh_income_10_15k": 0.0, "hh_income_15_20k": 0.0, "hh_income_20_25k": 0.0, "hh_income_25_30k": 0.0, "hh_income_30_35k": 0.0, "hh_income_35_40k": 0.0, "hh_income_40_45k": 0.0, "hh_income_45_50k": 0.0, "hh_income_50_60k": 0.0, "hh_income_60_75k": 12.0, "hh_income_75_100k": 30.0, "hh_income_100_125k": 0.0, "hh_income_125_150k": 15.0, "hh_income_150_200k": 32.0, "hh_income_200k+": 386.0}, "geometry": {"type": "Polygon", "coordinates": [[[-118.407426, 33.797313], [-118.405378, 33.799733], [-118.393997, 33.804183], [-118.393971529621, 33.804258334305], [-118.390526, 33.804248], [-118.394339, 33.802272], [-118.397647, 33.801785], [-118.396626, 33.800369], [-118.391163, 33.801206], [-118.389679, 33.79822], [-118.38662, 33.798401], [-118.382433, 33.796626], [-118.380309, 33.79653], [-118.378538, 33.795466], [-118.380885, 33.793555], [-118.384209, 33.793424], [-118.384789, 33.791085], [-118.388475, 33.793302], [-118.391384, 33.794194], [-118.39163, 33.795529], [-118.391883, 33.795981], [-118.396715, 33.794613], [-118.400649, 33.794268], [-118.399645, 33.796522], [-118.403011, 33.795583], [-118.404022, 33.792827], [-118.404918, 33.794165], [-118.40714575325, 33.7934829610792], [-118.407426, 33.797313]]]}}, {"type": "Feature", "properties": {"STATEFP": "06", "COUNTYFP": "037", "TRACTCE": "620102", "BLKGRPCE": "1", "GEOIDFQ": "1500000US060376201021", "GEOID": "060376201021", "NAME": "1", "NAMELSAD": "Block Group 1", "LSAD": "BG", "ALAND": 253474, "AWATER": 0, "lat": 33.921535949169574, "lon": -118.4155003246205, "pop_total": 1046.0, "hh_total": 532.0, "hh_family": 245.0, "kids_0_4": 0.0, "kids_5_9": 67.0, "kids_10_14": 35.0, "kids_15_17": 53.0, "med_hh_income": 144125.0, "mean_hh_income": "216135.15037593985", "med_home_value": 1711300.0, "upper_quartile_home_value": 2000001.0, "hh_income_total": 532.0, "hh_income_<10k": 24.0, "hh_income_10_15k": 9.0, "hh_income_15_20k": 10.0, "hh_income_20_25k": 0.0, "hh_income_25_30k": 0.0, "hh_income_30_35k": 16.0, "hh_income_35_40k": 0.0, "hh_income_40_45k": 9.0, "hh_income_45_50k": 9.0, "hh_income_50_60k": 8.0, "hh_income_60_75k": 41.0, "hh_income_75_100k": 45.0, "hh_income_100_125k": 55.0, "hh_income_125_150k": 64.0, "hh_income_150_200k": 27.0, "hh_income_200k+": 215.0}, "geometry": {"type": "Polygon", "coordinates": [[[-118.418332, 33.92358], [-118.415942, 33.923587], [-118.411212, 33.923596], [-118.411208, 33.922228], [-118.413534, 33.922223], [-118.413519, 33.919405], [-118.415504, 33.919021], [-118.418317, 33.918969], [-118.418332, 33.92358]]]}}, {"type": "Feature", "properties": {"STATEFP": "06", "COUNTYFP": "037", "TRACTCE": "292002", "BLKGRPCE": "2", "GEOIDFQ": "1500000US060372920022", "GEOID": "060372920022", "NAME": "2", "NAMELSAD": "Block Group 2", "LSAD": "BG", "ALAND": 245837, "AWATER": 2204, "lat": 33.837730150938405, "lon": -118.30429338650515, "pop_total": 931.0, "hh_total": 275.0, "hh_family": 193.0, "kids_0_4": 23.0, "kids_5_9": 155.0, "kids_10_14": 22.0, "kids_15_17": 14.0, "med_hh_income": 137902.0, "mean_hh_income": "138094.9090909091", "med_home_value": 718200.0, "upper_quartile_home_value": 863700.0, "hh_income_total": 275.0, "hh_income_<10k": 0.0, "hh_income_10_15k": 0.0, "hh_income_15_20k": 0.0, "hh_income_20_25k": 9.0, "hh_income_25_30k": 0.0, "hh_income_30_35k": 0.0, "hh_income_35_40k": 0.0, "hh_income_40_45k": 26.0, "hh_income_45_50k": 3.0, "hh_income_50_60k": 15.0, "hh_income_60_75k": 13.0, "hh_income_75_100k": 13.0, "hh_income_100_125k": 46.0, "hh_income_125_150k": 60.0, "hh_income_150_200k": 38.0, "hh_income_200k+": 52.0}, "geometry": {"type": "Polygon", "coordinates": [[[-118.309122, 33.838207], [-118.306003, 33.840298], [-118.303922, 33.839932], [-118.303902, 33.838226], [-118.299553, 33.837991], [-118.299551, 33.835564], [-118.300235, 33.835641], [-118.303877, 33.836162], [-118.309118, 33.837359], [-118.30912, 33.838077], [-118.309122, 33.838207]]]}}, {"type": "Feature", "properties": {"STATEFP": "06", "COUNTYFP": "037", "TRACTCE": "650300", "BLKGRPCE": "5", "GEOIDFQ": "1500000US060376503005", "GEOID": "060376503005", "NAME": "5", "NAMELSAD": "Block Group 5", "LSAD": "BG", "ALAND": 733301, "AWATER": 0, "lat": 33.861612927592205, "lon": -118.35102889899957, "pop_total": 975.0, "hh_total": 455.0, "hh_family": 208.0, "kids_0_4": 0.0, "kids_5_9": 27.0, "kids_10_14": 54.0, "kids_15_17": 15.0, "med_hh_income": 51296.0, "mean_hh_income": "54109.01098901099", "med_home_value": 942300.0, "upper_quartile_home_value": 1100800.0, "hh_income_total": 455.0, "hh_income_<10k": 20.0, "hh_income_10_15k": 0.0, "hh_income_15_20k": 99.0, "hh_income_20_25k": 0.0, "hh_income_25_30k": 0.0, "hh_income_30_35k": 0.0, "hh_income_35_40k": 27.0, "hh_income_40_45k": 39.0, "hh_income_45_50k": 0.0, "hh_income_50_60k": 102.0, "hh_income_60_75k": 88.0, "hh_income_75_100k": 39.0, "hh_income_100_125k": 27.0, "hh_income_125_150k": 0.0, "hh_income_150_200k": 14.0, "hh_income_200k+": 0.0}, "geometry": {"type": "Polygon", "coordinates": [[[-118.358956, 33.865542], [-118.352644, 33.865548], [-118.352461, 33.865526], [-118.352443, 33.86192], [-118.347058, 33.861965], [-118.347067, 33.864107], [-118.343778, 33.864108], [-118.343794, 33.860968], [-118.34368, 33.858324], [-118.351777, 33.858227], [-118.352262, 33.858162], [-118.353495, 33.85813], [-118.353714, 33.858151], [-118.353627, 33.858316], [-118.353308, 33.858771], [-118.35774, 33.862026], [-118.358953, 33.86373], [-118.358956, 33.865542]]]}}, {"type": "Feature", "properties": {"STATEFP": "06", "COUNTYFP": "037", "TRACTCE": "670202", "BLKGRPCE": "1", "GEOIDFQ": "1500000US060376702021", "GEOID": "060376702021", "NAME": "1", "NAMELSAD": "Block Group 1", "LSAD": "BG", "ALAND": 2984028, "AWATER": 0, "lat": 33.78852508485709, "lon": -118.35794448683951, "pop_total": 2559.0, "hh_total": 805.0, "hh_family": 696.0, "kids_0_4": 128.0, "kids_5_9": 221.0, "kids_10_14": 181.0, "kids_15_17": 101.0, "med_hh_income": 234750.0, "mean_hh_income": "281097.7639751553", "med_home_value": 1697900.0, "upper_quartile_home_value": 2000001.0, "hh_income_total": 805.0, "hh_income_<10k": 4.0, "hh_income_10_15k": 5.0, "hh_income_15_20k": 0.0, "hh_income_20_25k": 7.0, "hh_income_25_30k": 0.0, "hh_income_30_35k": 0.0, "hh_income_35_40k": 5.0, "hh_income_40_45k": 0.0, "hh_income_45_50k": 11.0, "hh_income_50_60k": 26.0, "hh_income_60_75k": 8.0, "hh_income_75_100k": 49.0, "hh_income_100_125k": 45.0, "hh_income_125_150k": 68.0, "hh_income_150_200k": 124.0, "hh_income_200k+": 453.0}, "geometry": {"type": "Polygon", "coordinates": [[[-118.372147, 33.787476], [-118.367825, 33.791478], [-118.368649, 33.792686], [-118.367495, 33.794149], [-118.367143, 33.795205], [-118.351054, 33.795205], [-118.342017, 33.787585], [-118.345415, 33.785226], [-118.350991, 33.784035], [-118.35196, 33.783208], [-118.35242, 33.782213], [-118.353024, 33.781805], [-118.354208, 33.783476], [-118.356975, 33.782979], [-118.357559, 33.7818], [-118.360757, 33.781086], [-118.362994, 33.778884], [-118.363988, 33.778639], [-118.365689, 33.785683], [-118.367353, 33.784863], [-118.372592, 33.785559], [-118.372147, 33.787476]]]}}, {"type": "Feature", "properties": {"STATEFP": "06", "COUNTYFP": "037", "TRACTCE": "294421", "BLKGRPCE": "3", "GEOIDFQ": "1500000US060372944213", "GEOID": "060372944213", "NAME": "3", "NAMELSAD": "Block Group 3", "LSAD": "BG", "ALAND": 124863, "AWATER": 0, "lat": 33.796256669765086, "lon": -118.29791375848775, "pop_total": 852.0, "hh_total": 321.0, "hh_family": 202.0, "kids_0_4": 65.0, "kids_5_9": 59.0, "kids_10_14": 76.0, "kids_15_17": 14.0, "med_hh_income": 64464.0, "mean_hh_income": "70457.00934579439", "med_home_value": 468400.0, "upper_quartile_home_value": 580900.0, "hh_income_total": 321.0, "hh_income_<10k": 0.0, "hh_income_10_15k": 35.0, "hh_income_15_20k": 0.0, "hh_income_20_25k": 0.0, "hh_income_25_30k": 6.0, "hh_income_30_35k": 0.0, "hh_income_35_40k": 0.0, "hh_income_40_45k": 12.0, "hh_income_45_50k": 67.0, "hh_income_50_60k": 25.0, "hh_income_60_75k": 61.0, "hh_income_75_100k": 49.0, "hh_income_100_125k": 36.0, "hh_income_125_150k": 13.0, "hh_income_150_200k": 17.0, "hh_income_200k+": 0.0}, "geometry": {"type": "Polygon", "coordinates": [[[-118.299906, 33.79575], [-118.299899, 33.797799], [-118.299146, 33.797796], [-118.299065, 33.797783], [-118.295918, 33.797785], [-118.295929, 33.79472], [-118.299207, 33.794731], [-118.29991, 33.794733], [-118.299906, 33.79575]]]}}, {"type": "Feature", "properties": {"STATEFP": "06", "COUNTYFP": "037", "TRACTCE": "543502", "BLKGRPCE": "1", "GEOIDFQ": "1500000US060375435021", "GEOID": "060375435021", "NAME": "1", "NAMELSAD": "Block Group 1", "LSAD": "BG", "ALAND": 436696, "AWATER": 9356, "lat": 33.84465398828515, "lon": -118.29156258538647, "pop_total": 1597.0, "hh_total": 590.0, "hh_family": 445.0, "kids_0_4": 19.0, "kids_5_9": 13.0, "kids_10_14": 147.0, "kids_15_17": 0.0, "med_hh_income": 84778.0, "mean_hh_income": "102857.45762711864", "med_home_value": 455700.0, "upper_quartile_home_value": 657100.0, "hh_income_total": 590.0, "hh_income_<10k": 32.0, "hh_income_10_15k": 0.0, "hh_income_15_20k": 52.0, "hh_income_20_25k": 10.0, "hh_income_25_30k": 0.0, "hh_income_30_35k": 33.0, "hh_income_35_40k": 0.0, "hh_income_40_45k": 9.0, "hh_income_45_50k": 0.0, "hh_income_50_60k": 37.0, "hh_income_60_75k": 81.0, "hh_income_75_100k": 108.0, "hh_income_100_125k": 41.0, "hh_income_125_150k": 15.0, "hh_income_150_200k": 148.0, "hh_income_200k+": 24.0}, "geometry": {"type": "Polygon", "coordinates": [[[-118.299207, 33.846319], [-118.298284, 33.846349], [-118.286017, 33.846253], [-118.284917, 33.846239], [-118.285939, 33.842073], [-118.29003, 33.842035], [-118.290323, 33.843763], [-118.291629, 33.843702], [-118.299197, 33.843654], [-118.299207, 33.846319]]]}}, {"type": "Feature", "properties": {"STATEFP": "06", "COUNTYFP": "037", "TRACTCE": "602201", "BLKGRPCE": "3", "GEOIDFQ": "1500000US060376022013", "GEOID": "060376022013", "NAME": "3", "NAMELSAD": "Block Group 3", "LSAD": "BG", "ALAND": 681891, "AWATER": 0, "lat": 33.920356543468486, "lon": -118.3727204831014, "pop_total": 1395.0, "hh_total": 537.0, "hh_family": 413.0, "kids_0_4": 60.0, "kids_5_9": 141.0, "kids_10_14": 13.0, "kids_15_17": 0.0, "med_hh_income": 150804.0, "mean_hh_income": "156641.5270018622", "med_home_value": 940100.0, "upper_quartile_home_value": 1115300.0, "hh_income_total": 537.0, "hh_income_<10k": 25.0, "hh_income_10_15k": 0.0, "hh_income_15_20k": 0.0, "hh_income_20_25k": 23.0, "hh_income_25_30k": 37.0, "hh_income_30_35k": 31.0, "hh_income_35_40k": 0.0, "hh_income_40_45k": 11.0, "hh_income_45_50k": 7.0, "hh_income_50_60k": 45.0, "hh_income_60_75k": 25.0, "hh_income_75_100k": 14.0, "hh_income_100_125k": 35.0, "hh_income_125_150k": 11.0, "hh_income_150_200k": 137.0, "hh_income_200k+": 136.0}, "geometry": {"type": "Polygon", "coordinates": [[[-118.378377, 33.923654], [-118.374342, 33.923661], [-118.370264, 33.923659], [-118.367263, 33.923913], [-118.366835, 33.923838], [-118.367256, 33.923398], [-118.368828, 33.916978], [-118.36866, 33.916377], [-118.369987, 33.916319], [-118.370082, 33.91632], [-118.374341, 33.916306], [-118.376527, 33.917182], [-118.376532, 33.920009], [-118.378373, 33.920008], [-118.378377, 33.923654]]]}}, {"type": "Feature", "properties": {"STATEFP": "06", "COUNTYFP": "037", "TRACTCE": "602302", "BLKGRPCE": "3", "GEOIDFQ": "1500000US060376023023", "GEOID": "060376023023", "NAME": "3", "NAMELSAD": "Block Group 3", "LSAD": "BG", "ALAND": 581638, "AWATER": 0, "lat": 33.91177458659264, "lon": -118.37340158120413, "pop_total": 2274.0, "hh_total": 823.0, "hh_family": 592.0, "kids_0_4": 249.0, "kids_5_9": 145.0, "kids_10_14": 149.0, "kids_15_17": 43.0, "med_hh_income": 174904.0, "mean_hh_income": "236032.32077764277", "med_home_value": 1070900.0, "upper_quartile_home_value": 1212500.0, "hh_income_total": 823.0, "hh_income_<10k": 7.0, "hh_income_10_15k": 39.0, "hh_income_15_20k": 0.0, "hh_income_20_25k": 53.0, "hh_income_25_30k": 0.0, "hh_income_30_35k": 0.0, "hh_income_35_40k": 9.0, "hh_income_40_45k": 0.0, "hh_income_45_50k": 0.0, "hh_income_50_60k": 5.0, "hh_income_60_75k": 43.0, "hh_income_75_100k": 9.0, "hh_income_100_125k": 25.0, "hh_income_125_150k": 120.0, "hh_income_150_200k": 173.0, "hh_income_200k+": 340.0}, "geometry": {"type": "Polygon", "coordinates": [[[-118.37868, 33.91489], [-118.377958, 33.916321], [-118.374341, 33.916306], [-118.370082, 33.91632], [-118.370269, 33.914397], [-118.370326, 33.901885], [-118.370324, 33.901757], [-118.370548, 33.901761], [-118.372966, 33.901841], [-118.372691, 33.902488], [-118.371266, 33.902901], [-118.371212, 33.907927], [-118.374272, 33.907889], [-118.37427, 33.911259], [-118.373327, 33.911956], [-118.374309, 33.913508], [-118.378126, 33.91167], [-118.378686, 33.90946], [-118.37868, 33.91489]]]}}, {"type": "Feature", "properties": {"STATEFP": "06", "COUNTYFP": "037", "TRACTCE": "651101", "BLKGRPCE": "1", "GEOIDFQ": "1500000US060376511011", "GEOID": "060376511011", "NAME": "1", "NAMELSAD": "Block Group 1", "LSAD": "BG", "ALAND": 871360, "AWATER": 0, "lat": 33.81841311074788, "lon": -118.33273497991064, "pop_total": 2470.0, "hh_total": 931.0, "hh_family": 647.0, "kids_0_4": 41.0, "kids_5_9": 142.0, "kids_10_14": 100.0, "kids_15_17": 78.0, "med_hh_income": 172625.0, "mean_hh_income": "198264.76906552096", "med_home_value": 1205500.0, "upper_quartile_home_value": 1442200.0, "hh_income_total": 931.0, "hh_income_<10k": 6.0, "hh_income_10_15k": 16.0, "hh_income_15_20k": 17.0, "hh_income_20_25k": 13.0, "hh_income_25_30k": 0.0, "hh_income_30_35k": 72.0, "hh_income_35_40k": 0.0, "hh_income_40_45k": 0.0, "hh_income_45_50k": 8.0, "hh_income_50_60k": 93.0, "hh_income_60_75k": 32.0, "hh_income_75_100k": 60.0, "hh_income_100_125k": 104.0, "hh_income_125_150k": 15.0, "hh_income_150_200k": 108.0, "hh_income_200k+": 387.0}, "geometry": {"type": "Polygon", "coordinates": [[[-118.339791, 33.824209], [-118.335649, 33.823383], [-118.328422, 33.821936], [-118.328048, 33.820037], [-118.328025, 33.817124], [-118.328032, 33.812774], [-118.330897, 33.812683], [-118.336885, 33.81523], [-118.336555, 33.821786], [-118.340064, 33.822379], [-118.339791, 33.824209]]]}}, {"type": "Feature", "properties": {"STATEFP": "06", "COUNTYFP": "037", "TRACTCE": "620002", "BLKGRPCE": "3", "GEOIDFQ": "1500000US060376200023", "GEOID": "060376200023", "NAME": "3", "NAMELSAD": "Block Group 3", "LSAD": "BG", "ALAND": 247567, "AWATER": 0, "lat": 33.92183417635413, "lon": -118.40947683668834, "pop_total": 1120.0, "hh_total": 466.0, "hh_family": 260.0, "kids_0_4": 23.0, "kids_5_9": 59.0, "kids_10_14": 57.0, "kids_15_17": 54.0, "med_hh_income": 71667.0, "mean_hh_income": "116830.04291845493", "med_home_value": 1300000.0, "upper_quartile_home_value": 2000001.0, "hh_income_total": 466.0, "hh_income_<10k": 42.0, "hh_income_10_15k": 20.0, "hh_income_15_20k": 5.0, "hh_income_20_25k": 57.0, "hh_income_25_30k": 0.0, "hh_income_30_35k": 43.0, "hh_income_35_40k": 0.0, "hh_income_40_45k": 0.0, "hh_income_45_50k": 6.0, "hh_income_50_60k": 0.0, "hh_income_60_75k": 65.0, "hh_income_75_100k": 48.0, "hh_income_100_125k": 12.0, "hh_income_125_150k": 16.0, "hh_income_150_200k": 29.0, "hh_income_200k+": 123.0}, "geometry": {"type": "Polygon", "coordinates": [[[-118.413534, 33.922223], [-118.411208, 33.922228], [-118.411212, 33.923596], [-118.404838, 33.923609], [-118.404836, 33.920862], [-118.407749, 33.922234], [-118.407743, 33.920848], [-118.40999, 33.920844], [-118.411198, 33.919413], [-118.413519, 33.919405], [-118.413534, 33.922223]]]}}, {"type": "Feature", "properties": {"STATEFP": "06", "COUNTYFP": "037", "TRACTCE": "620901", "BLKGRPCE": "2", "GEOIDFQ": "1500000US060376209012", "GEOID": "060376209012", "NAME": "2", "NAMELSAD": "Block Group 2", "LSAD": "BG", "ALAND": 235055, "AWATER": 0, "lat": 33.87902251297825, "lon": -118.39880657336327, "pop_total": 746.0, "hh_total": 320.0, "hh_family": 163.0, "kids_0_4": 0.0, "kids_5_9": 83.0, "kids_10_14": 98.0, "kids_15_17": 19.0, "med_hh_income": -666666666.0, "mean_hh_income": "268830.3125", "med_home_value": 2000001.0, "upper_quartile_home_value": 2000001.0, "hh_income_total": 320.0, "hh_income_<10k": 6.0, "hh_income_10_15k": 5.0, "hh_income_15_20k": 0.0, "hh_income_20_25k": 0.0, "hh_income_25_30k": 0.0, "hh_income_30_35k": 0.0, "hh_income_35_40k": 0.0, "hh_income_40_45k": 0.0, "hh_income_45_50k": 0.0, "hh_income_50_60k": 6.0, "hh_income_60_75k": 6.0, "hh_income_75_100k": 15.0, "hh_income_100_125k": 110.0, "hh_income_125_150k": 5.0, "hh_income_150_200k": 5.0, "hh_income_200k+": 162.0}, "geometry": {"type": "Polygon", "coordinates": [[[-118.402061, 33.880142], [-118.399269, 33.880145], [-118.399266, 33.881368], [-118.395976, 33.881371], [-118.395961, 33.88013], [-118.395963, 33.877101], [-118.401784, 33.877102], [-118.402508, 33.879936], [-118.402061, 33.880142]]]}}, {"type": "Feature", "properties": {"STATEFP": "06", "COUNTYFP": "037", "TRACTCE": "651001", "BLKGRPCE": "1", "GEOIDFQ": "1500000US060376510011", "GEOID": "060376510011", "NAME": "1", "NAMELSAD": "Block Group 1", "LSAD": "BG", "ALAND": 350562, "AWATER": 0, "lat": 33.817283327685594, "lon": -118.31511094270397, "pop_total": 937.0, "hh_total": 285.0, "hh_family": 245.0, "kids_0_4": 86.0, "kids_5_9": 40.0, "kids_10_14": 85.0, "kids_15_17": 27.0, "med_hh_income": 129679.0, "mean_hh_income": "159305.61403508772", "med_home_value": 970100.0, "upper_quartile_home_value": 1239000.0, "hh_income_total": 285.0, "hh_income_<10k": 0.0, "hh_income_10_15k": 0.0, "hh_income_15_20k": 8.0, "hh_income_20_25k": 5.0, "hh_income_25_30k": 0.0, "hh_income_30_35k": 0.0, "hh_income_35_40k": 11.0, "hh_income_40_45k": 8.0, "hh_income_45_50k": 13.0, "hh_income_50_60k": 7.0, "hh_income_60_75k": 11.0, "hh_income_75_100k": 24.0, "hh_income_100_125k": 25.0, "hh_income_125_150k": 75.0, "hh_income_150_200k": 40.0, "hh_income_200k+": 58.0}, "geometry": {"type": "Polygon", "coordinates": [[[-118.319854, 33.817091], [-118.319742, 33.820124], [-118.314188, 33.818909], [-118.311724, 33.817989], [-118.308924, 33.817038], [-118.308936, 33.813457], [-118.310883, 33.816453], [-118.31168, 33.815851], [-118.319858, 33.815635], [-118.319854, 33.817091]]]}}, {"type": "Feature", "properties": {"STATEFP": "06", "COUNTYFP": "037", "TRACTCE": "293304", "BLKGRPCE": "1", "GEOIDFQ": "1500000US060372933041", "GEOID": "060372933041", "NAME": "1", "NAMELSAD": "Block Group 1", "LSAD": "BG", "ALAND": 374850, "AWATER": 0, "lat": 33.79365479124435, "lon": -118.30438454540486, "pop_total": 2994.0, "hh_total": 924.0, "hh_family": 675.0, "kids_0_4": 155.0, "kids_5_9": 147.0, "kids_10_14": 239.0, "kids_15_17": 136.0, "med_hh_income": 72303.0, "mean_hh_income": "102021.53679653679", "med_home_value": 835400.0, "upper_quartile_home_value": 943700.0, "hh_income_total": 924.0, "hh_income_<10k": 18.0, "hh_income_10_15k": 58.0, "hh_income_15_20k": 119.0, "hh_income_20_25k": 0.0, "hh_income_25_30k": 0.0, "hh_income_30_35k": 7.0, "hh_income_35_40k": 20.0, "hh_income_40_45k": 15.0, "hh_income_45_50k": 7.0, "hh_income_50_60k": 125.0, "hh_income_60_75k": 116.0, "hh_income_75_100k": 73.0, "hh_income_100_125k": 88.0, "hh_income_125_150k": 74.0, "hh_income_150_200k": 87.0, "hh_income_200k+": 117.0}, "geometry": {"type": "Polygon", "coordinates": [[[-118.308737, 33.79578], [-118.299906, 33.79575], [-118.29991, 33.794733], [-118.299918, 33.792473], [-118.301156, 33.791472], [-118.308701, 33.79149], [-118.308737, 33.79578]]]}}, {"type": "Feature", "properties": {"STATEFP": "06", "COUNTYFP": "037", "TRACTCE": "650901", "BLKGRPCE": "3", "GEOIDFQ": "1500000US060376509013", "GEOID": "060376509013", "NAME": "3", "NAMELSAD": "Block Group 3", "LSAD": "BG", "ALAND": 385523, "AWATER": 0, "lat": 33.83412273536442, "lon": -118.3247315897943, "pop_total": 825.0, "hh_total": 437.0, "hh_family": 234.0, "kids_0_4": 14.0, "kids_5_9": 23.0, "kids_10_14": 8.0, "kids_15_17": 40.0, "med_hh_income": 118672.0, "mean_hh_income": "152077.80320366131", "med_home_value": 1030400.0, "upper_quartile_home_value": 1188100.0, "hh_income_total": 437.0, "hh_income_<10k": 16.0, "hh_income_10_15k": 0.0, "hh_income_15_20k": 20.0, "hh_income_20_25k": 0.0, "hh_income_25_30k": 0.0, "hh_income_30_35k": 12.0, "hh_income_35_40k": 0.0, "hh_income_40_45k": 0.0, "hh_income_45_50k": 0.0, "hh_income_50_60k": 10.0, "hh_income_60_75k": 34.0, "hh_income_75_100k": 65.0, "hh_income_100_125k": 70.0, "hh_income_125_150k": 48.0, "hh_income_150_200k": 47.0, "hh_income_200k+": 115.0}, "geometry": {"type": "Polygon", "coordinates": [[[-118.328661, 33.836349], [-118.31792, 33.836337], [-118.32039, 33.834415], [-118.322498, 33.834467], [-118.322484, 33.831334], [-118.324917, 33.831315], [-118.328565, 33.831307], [-118.328603, 33.832861], [-118.328627, 33.834398], [-118.328661, 33.836349]]]}}, {"type": "Feature", "properties": {"STATEFP": "06", "COUNTYFP": "037", "TRACTCE": "651001", "BLKGRPCE": "3", "GEOIDFQ": "1500000US060376510013", "GEOID": "060376510013", "NAME": "3", "NAMELSAD": "Block Group 3", "LSAD": "BG", "ALAND": 497311, "AWATER": 0, "lat": 33.81053822497666, "lon": -118.31429937112738, "pop_total": 2263.0, "hh_total": 834.0, "hh_family": 597.0, "kids_0_4": 85.0, "kids_5_9": 24.0, "kids_10_14": 182.0, "kids_15_17": 83.0, "med_hh_income": 81957.0, "mean_hh_income": "126872.30215827338", "med_home_value": 956900.0, "upper_quartile_home_value": 1147800.0, "hh_income_total": 834.0, "hh_income_<10k": 84.0, "hh_income_10_15k": 0.0, "hh_income_15_20k": 21.0, "hh_income_20_25k": 6.0, "hh_income_25_30k": 59.0, "hh_income_30_35k": 27.0, "hh_income_35_40k": 27.0, "hh_income_40_45k": 0.0, "hh_income_45_50k": 0.0, "hh_income_50_60k": 72.0, "hh_income_60_75k": 95.0, "hh_income_75_100k": 48.0, "hh_income_100_125k": 55.0, "hh_income_125_150k": 57.0, "hh_income_150_200k": 83.0, "hh_income_200k+": 200.0}, "geometry": {"type": "Polygon", "coordinates": [[[-118.319899, 33.809842], [-118.319875, 33.812752], [-118.308938, 33.812715], [-118.308804, 33.811039], [-118.308254, 33.809014], [-118.309228, 33.80845], [-118.309912, 33.808352], [-118.319911, 33.808386], [-118.319899, 33.809842]]]}}, {"type": "Feature", "properties": {"STATEFP": "06", "COUNTYFP": "037", "TRACTCE": "620521", "BLKGRPCE": "3", "GEOIDFQ": "1500000US060376205213", "GEOID": "060376205213", "NAME": "3", "NAMELSAD": "Block Group 3", "LSAD": "BG", "ALAND": 143468, "AWATER": 0, "lat": 33.874187645370824, "lon": -118.36725358419878, "pop_total": 631.0, "hh_total": 219.0, "hh_family": 165.0, "kids_0_4": 119.0, "kids_5_9": 61.0, "kids_10_14": 15.0, "kids_15_17": 11.0, "med_hh_income": 68958.0, "mean_hh_income": "127735.1598173516", "med_home_value": 1058800.0, "upper_quartile_home_value": 1346200.0, "hh_income_total": 219.0, "hh_income_<10k": 8.0, "hh_income_10_15k": 12.0, "hh_income_15_20k": 9.0, "hh_income_20_25k": 8.0, "hh_income_25_30k": 10.0, "hh_income_30_35k": 0.0, "hh_income_35_40k": 43.0, "hh_income_40_45k": 0.0, "hh_income_45_50k": 0.0, "hh_income_50_60k": 0.0, "hh_income_60_75k": 22.0, "hh_income_75_100k": 26.0, "hh_income_100_125k": 5.0, "hh_income_125_150k": 20.0, "hh_income_150_200k": 4.0, "hh_income_200k+": 52.0}, "geometry": {"type": "Polygon", "coordinates": [[[-118.369938, 33.875669], [-118.366405, 33.875676], [-118.364296, 33.874747], [-118.364292, 33.872852], [-118.366399, 33.872847], [-118.369931, 33.872841], [-118.369938, 33.875669]]]}}, {"type": "Feature", "properties": {"STATEFP": "06", "COUNTYFP": "037", "TRACTCE": "293302", "BLKGRPCE": "1", "GEOIDFQ": "1500000US060372933021", "GEOID": "060372933021", "NAME": "1", "NAMELSAD": "Block Group 1", "LSAD": "BG", "ALAND": 762812, "AWATER": 0, "lat": 33.80317615414169, "lon": -118.30374432193989, "pop_total": 2511.0, "hh_total": 983.0, "hh_family": 679.0, "kids_0_4": 99.0, "kids_5_9": 180.0, "kids_10_14": 158.0, "kids_15_17": 47.0, "med_hh_income": 119531.0, "mean_hh_income": "181641.2004069176", "med_home_value": 662200.0, "upper_quartile_home_value": 777700.0, "hh_income_total": 983.0, "hh_income_<10k": 54.0, "hh_income_10_15k": 17.0, "hh_income_15_20k": 24.0, "hh_income_20_25k": 18.0, "hh_income_25_30k": 10.0, "hh_income_30_35k": 47.0, "hh_income_35_40k": 0.0, "hh_income_40_45k": 27.0, "hh_income_45_50k": 5.0, "hh_income_50_60k": 13.0, "hh_income_60_75k": 69.0, "hh_income_75_100k": 60.0, "hh_income_100_125k": 149.0, "hh_income_125_150k": 82.0, "hh_income_150_200k": 190.0, "hh_income_200k+": 218.0}, "geometry": {"type": "Polygon", "coordinates": [[[-118.309228, 33.80845], [-118.308254, 33.809014], [-118.307584, 33.807183], [-118.30153, 33.807195], [-118.299342, 33.805369], [-118.299114, 33.803405], [-118.299146, 33.797796], [-118.299899, 33.797799], [-118.304245, 33.797813], [-118.304035, 33.799486], [-118.301875, 33.800942], [-118.308781, 33.800958], [-118.30879, 33.802217], [-118.308871, 33.807213], [-118.309228, 33.80845]]]}}, {"type": "Feature", "properties": {"STATEFP": "06", "COUNTYFP": "037", "TRACTCE": "651001", "BLKGRPCE": "2", "GEOIDFQ": "1500000US060376510012", "GEOID": "060376510012", "NAME": "2", "NAMELSAD": "Block Group 2", "LSAD": "BG", "ALAND": 328449, "AWATER": 0, "lat": 33.81422559449687, "lon": -118.31456592142402, "pop_total": 884.0, "hh_total": 418.0, "hh_family": 204.0, "kids_0_4": 19.0, "kids_5_9": 0.0, "kids_10_14": 81.0, "kids_15_17": 34.0, "med_hh_income": 205417.0, "mean_hh_income": "381123.2057416268", "med_home_value": 905900.0, "upper_quartile_home_value": 1050000.0, "hh_income_total": 418.0, "hh_income_<10k": 0.0, "hh_income_10_15k": 0.0, "hh_income_15_20k": 0.0, "hh_income_20_25k": 11.0, "hh_income_25_30k": 11.0, "hh_income_30_35k": 11.0, "hh_income_35_40k": 0.0, "hh_income_40_45k": 82.0, "hh_income_45_50k": 0.0, "hh_income_50_60k": 0.0, "hh_income_60_75k": 14.0, "hh_income_75_100k": 30.0, "hh_income_100_125k": 17.0, "hh_income_125_150k": 14.0, "hh_income_150_200k": 11.0, "hh_income_200k+": 217.0}, "geometry": {"type": "Polygon", "coordinates": [[[-118.319871, 33.813458], [-118.319858, 33.815635], [-118.31168, 33.815851], [-118.310883, 33.816453], [-118.308936, 33.813457], [-118.308938, 33.812715], [-118.319875, 33.812752], [-118.319871, 33.813458]]]}}, {"type": "Feature", "properties": {"STATEFP": "06", "COUNTYFP": "037", "TRACTCE": "670500", "BLKGRPCE": "1", "GEOIDFQ": "1500000US060376705001", "GEOID": "060376705001", "NAME": "1", "NAMELSAD": "Block Group 1", "LSAD": "BG", "ALAND": 7744892, "AWATER": 0, "lat": 33.76005894260872, "lon": -118.34711518743153, "pop_total": 1511.0, "hh_total": 583.0, "hh_family": 488.0, "kids_0_4": 36.0, "kids_5_9": 73.0, "kids_10_14": 92.0, "kids_15_17": 60.0, "med_hh_income": 250001.0, "mean_hh_income": "450967.92452830187", "med_home_value": 2000001.0, "upper_quartile_home_value": 2000001.0, "hh_income_total": 583.0, "hh_income_<10k": 20.0, "hh_income_10_15k": 4.0, "hh_income_15_20k": 0.0, "hh_income_20_25k": 0.0, "hh_income_25_30k": 13.0, "hh_income_30_35k": 19.0, "hh_income_35_40k": 0.0, "hh_income_40_45k": 3.0, "hh_income_45_50k": 10.0, "hh_income_50_60k": 11.0, "hh_income_60_75k": 13.0, "hh_income_75_100k": 15.0, "hh_income_100_125k": 12.0, "hh_income_125_150k": 35.0, "hh_income_150_200k": 61.0, "hh_income_200k+": 367.0}, "geometry": {"type": "Polygon", "coordinates": [[[-118.36582, 33.766965], [-118.364456, 33.768232], [-118.363276, 33.769151], [-118.359707, 33.767919], [-118.351924, 33.774686], [-118.351072, 33.775548], [-118.348449, 33.779386], [-118.345889, 33.777554], [-118.338568, 33.772386], [-118.337134, 33.771949], [-118.332779, 33.771821], [-118.3339, 33.768916], [-118.337174, 33.767678], [-118.338768, 33.765944], [-118.337564, 33.76347], [-118.334765, 33.761106], [-118.33041, 33.759915], [-118.33017, 33.758843], [-118.331725, 33.758293], [-118.331837, 33.755733], [-118.330653, 33.751406], [-118.332038, 33.751772], [-118.333829, 33.751054], [-118.336314, 33.748026], [-118.338218, 33.747644], [-118.33822, 33.745617], [-118.339993, 33.742803], [-118.345036, 33.745053], [-118.346382, 33.74232], [-118.350629, 33.743601], [-118.353064, 33.745775], [-118.355348, 33.743758], [-118.357162, 33.746582], [-118.356317, 33.748454], [-118.354493, 33.749728], [-118.354024, 33.751081], [-118.354944, 33.753741], [-118.355666, 33.756083], [-118.361776, 33.758825], [-118.364548, 33.759452], [-118.364243, 33.760964], [-118.365245, 33.760927], [-118.365756, 33.762487], [-118.365238, 33.762294], [-118.364677, 33.765469], [-118.36582, 33.766965]]]}}, {"type": "Feature", "properties": {"STATEFP": "06", "COUNTYFP": "037", "TRACTCE": "620801", "BLKGRPCE": "2", "GEOIDFQ": "1500000US060376208012", "GEOID": "060376208012", "NAME": "2", "NAMELSAD": "Block Group 2", "LSAD": "BG", "ALAND": 277038, "AWATER": 0, "lat": 33.881602667458445, "lon": -118.38194245064224, "pop_total": 1207.0, "hh_total": 383.0, "hh_family": 369.0, "kids_0_4": 110.0, "kids_5_9": 89.0, "kids_10_14": 66.0, "kids_15_17": 38.0, "med_hh_income": 250001.0, "mean_hh_income": "373739.6866840731", "med_home_value": 2000001.0, "upper_quartile_home_value": 2000001.0, "hh_income_total": 383.0, "hh_income_<10k": 24.0, "hh_income_10_15k": 0.0, "hh_income_15_20k": 0.0, "hh_income_20_25k": 0.0, "hh_income_25_30k": 0.0, "hh_income_30_35k": 0.0, "hh_income_35_40k": 0.0, "hh_income_40_45k": 0.0, "hh_income_45_50k": 10.0, "hh_income_50_60k": 0.0, "hh_income_60_75k": 6.0, "hh_income_75_100k": 42.0, "hh_income_100_125k": 20.0, "hh_income_125_150k": 0.0, "hh_income_150_200k": 48.0, "hh_income_200k+": 233.0}, "geometry": {"type": "Polygon", "coordinates": [[[-118.385136, 33.883733], [-118.378664, 33.883714], [-118.378666, 33.88278], [-118.378667, 33.880073], [-118.380037, 33.8794], [-118.383009, 33.879423], [-118.385126, 33.879436], [-118.385136, 33.883733]]]}}, {"type": "Feature", "properties": {"STATEFP": "06", "COUNTYFP": "037", "TRACTCE": "651302", "BLKGRPCE": "4", "GEOIDFQ": "1500000US060376513024", "GEOID": "060376513024", "NAME": "4", "NAMELSAD": "Block Group 4", "LSAD": "BG", "ALAND": 238827, "AWATER": 0, "lat": 33.807095353436175, "lon": -118.37671288537855, "pop_total": 601.0, "hh_total": 233.0, "hh_family": 146.0, "kids_0_4": 102.0, "kids_5_9": 51.0, "kids_10_14": 59.0, "kids_15_17": 0.0, "med_hh_income": 247569.0, "mean_hh_income": "246495.2789699571", "med_home_value": 1694000.0, "upper_quartile_home_value": 2000001.0, "hh_income_total": 233.0, "hh_income_<10k": 0.0, "hh_income_10_15k": 0.0, "hh_income_15_20k": 0.0, "hh_income_20_25k": 0.0, "hh_income_25_30k": 0.0, "hh_income_30_35k": 0.0, "hh_income_35_40k": 0.0, "hh_income_40_45k": 13.0, "hh_income_45_50k": 0.0, "hh_income_50_60k": 0.0, "hh_income_60_75k": 0.0, "hh_income_75_100k": 0.0, "hh_income_100_125k": 0.0, "hh_income_125_150k": 74.0, "hh_income_150_200k": 6.0, "hh_income_200k+": 140.0}, "geometry": {"type": "Polygon", "coordinates": [[[-118.379117, 33.810764], [-118.377257, 33.810313], [-118.378333, 33.809801], [-118.374317, 33.809194], [-118.374318, 33.807174], [-118.374417, 33.804213], [-118.378132, 33.804217], [-118.379465, 33.806189], [-118.37757, 33.807978], [-118.380312, 33.810839], [-118.379117, 33.810764]]]}}, {"type": "Feature", "properties": {"STATEFP": "06", "COUNTYFP": "037", "TRACTCE": "650701", "BLKGRPCE": "2", "GEOIDFQ": "1500000US060376507012", "GEOID": "060376507012", "NAME": "2", "NAMELSAD": "Block Group 2", "LSAD": "BG", "ALAND": 1802362, "AWATER": 0, "lat": 33.83133601021684, "lon": -118.35223388249509, "pop_total": 1706.0, "hh_total": 681.0, "hh_family": 442.0, "kids_0_4": 60.0, "kids_5_9": 159.0, "kids_10_14": 113.0, "kids_15_17": 80.0, "med_hh_income": 139821.0, "mean_hh_income": "157362.11453744493", "med_home_value": 1001400.0, "upper_quartile_home_value": 1192200.0, "hh_income_total": 681.0, "hh_income_<10k": 22.0, "hh_income_10_15k": 34.0, "hh_income_15_20k": 8.0, "hh_income_20_25k": 20.0, "hh_income_25_30k": 27.0, "hh_income_30_35k": 5.0, "hh_income_35_40k": 39.0, "hh_income_40_45k": 27.0, "hh_income_45_50k": 0.0, "hh_income_50_60k": 19.0, "hh_income_60_75k": 23.0, "hh_income_75_100k": 28.0, "hh_income_100_125k": 51.0, "hh_income_125_150k": 54.0, "hh_income_150_200k": 76.0, "hh_income_200k+": 248.0}, "geometry": {"type": "Polygon", "coordinates": [[[-118.361824, 33.833491], [-118.356654, 33.834126], [-118.357031, 33.836134], [-118.357067, 33.837571], [-118.353707, 33.837565], [-118.353505, 33.837565], [-118.349318, 33.837538], [-118.344786, 33.83749], [-118.344858, 33.834262], [-118.344877, 33.832677], [-118.344889, 33.831176], [-118.344899, 33.825051], [-118.346955, 33.825199], [-118.351324, 33.825578], [-118.351548, 33.825586], [-118.354216, 33.825804], [-118.359757, 33.826219], [-118.359815, 33.826224], [-118.359935, 33.827566], [-118.361257, 33.83031], [-118.361824, 33.833491]]]}}, {"type": "Feature", "properties": {"STATEFP": "06", "COUNTYFP": "037", "TRACTCE": "651401", "BLKGRPCE": "2", "GEOIDFQ": "1500000US060376514012", "GEOID": "060376514012", "NAME": "2", "NAMELSAD": "Block Group 2", "LSAD": "BG", "ALAND": 364146, "AWATER": 0, "lat": 33.786112647700264, "lon": -118.33708029429113, "pop_total": 1138.0, "hh_total": 431.0, "hh_family": 284.0, "kids_0_4": 83.0, "kids_5_9": 72.0, "kids_10_14": 108.0, "kids_15_17": 52.0, "med_hh_income": 101186.0, "mean_hh_income": "135224.5939675174", "med_home_value": 1160600.0, "upper_quartile_home_value": 1263200.0, "hh_income_total": 431.0, "hh_income_<10k": 17.0, "hh_income_10_15k": 6.0, "hh_income_15_20k": 0.0, "hh_income_20_25k": 6.0, "hh_income_25_30k": 20.0, "hh_income_30_35k": 32.0, "hh_income_35_40k": 0.0, "hh_income_40_45k": 0.0, "hh_income_45_50k": 26.0, "hh_income_50_60k": 15.0, "hh_income_60_75k": 37.0, "hh_income_75_100k": 38.0, "hh_income_100_125k": 85.0, "hh_income_125_150k": 13.0, "hh_income_150_200k": 62.0, "hh_income_200k+": 74.0}, "geometry": {"type": "Polygon", "coordinates": [[[-118.342017, 33.787585], [-118.338713, 33.789653], [-118.337632, 33.78998], [-118.336828, 33.7902], [-118.334125, 33.785462], [-118.333503, 33.785343], [-118.333526, 33.782463], [-118.334719, 33.781427], [-118.340483, 33.786292], [-118.342017, 33.787585]]]}}, {"type": "Feature", "properties": {"STATEFP": "06", "COUNTYFP": "037", "TRACTCE": "620501", "BLKGRPCE": "4", "GEOIDFQ": "1500000US060376205014", "GEOID": "060376205014", "NAME": "4", "NAMELSAD": "Block Group 4", "LSAD": "BG", "ALAND": 203542, "AWATER": 0, "lat": 33.88201691331221, "lon": -118.37250526473072, "pop_total": 855.0, "hh_total": 282.0, "hh_family": 219.0, "kids_0_4": 53.0, "kids_5_9": 206.0, "kids_10_14": 44.0, "kids_15_17": 0.0, "med_hh_income": -666666666.0, "mean_hh_income": "216952.48226950355", "med_home_value": 1537800.0, "upper_quartile_home_value": 1643900.0, "hh_income_total": 282.0, "hh_income_<10k": 0.0, "hh_income_10_15k": 0.0, "hh_income_15_20k": 0.0, "hh_income_20_25k": 0.0, "hh_income_25_30k": 0.0, "hh_income_30_35k": 18.0, "hh_income_35_40k": 0.0, "hh_income_40_45k": 0.0, "hh_income_45_50k": 20.0, "hh_income_50_60k": 0.0, "hh_income_60_75k": 0.0, "hh_income_75_100k": 107.0, "hh_income_100_125k": 0.0, "hh_income_125_150k": 20.0, "hh_income_150_200k": 0.0, "hh_income_200k+": 117.0}, "geometry": {"type": "Polygon", "coordinates": [[[-118.374875, 33.884654], [-118.372764, 33.883724], [-118.369965, 33.883728], [-118.369954, 33.880096], [-118.374859, 33.880078], [-118.374868, 33.882786], [-118.374875, 33.884654]]]}}, {"type": "Feature", "properties": {"STATEFP": "06", "COUNTYFP": "037", "TRACTCE": "670002", "BLKGRPCE": "1", "GEOIDFQ": "1500000US060376700021", "GEOID": "060376700021", "NAME": "1", "NAMELSAD": "Block Group 1", "LSAD": "BG", "ALAND": 298462, "AWATER": 0, "lat": 33.79386604691621, "lon": -118.31040383268113, "pop_total": 857.0, "hh_total": 340.0, "hh_family": 254.0, "kids_0_4": 11.0, "kids_5_9": 29.0, "kids_10_14": 64.0, "kids_15_17": 15.0, "med_hh_income": -666666666.0, "mean_hh_income": "85822.05882352941", "med_home_value": 858900.0, "upper_quartile_home_value": 1013200.0, "hh_income_total": 340.0, "hh_income_<10k": 21.0, "hh_income_10_15k": 9.0, "hh_income_15_20k": 38.0, "hh_income_20_25k": 25.0, "hh_income_25_30k": 64.0, "hh_income_30_35k": 8.0, "hh_income_35_40k": 0.0, "hh_income_40_45k": 0.0, "hh_income_45_50k": 0.0, "hh_income_50_60k": 18.0, "hh_income_60_75k": 3.0, "hh_income_75_100k": 40.0, "hh_income_100_125k": 9.0, "hh_income_125_150k": 39.0, "hh_income_150_200k": 27.0, "hh_income_200k+": 39.0}, "geometry": {"type": "Polygon", "coordinates": [[[-118.312013, 33.798964], [-118.310475, 33.798197], [-118.308753, 33.797834], [-118.308737, 33.79578], [-118.308701, 33.79149], [-118.308697, 33.790987], [-118.308692, 33.790487], [-118.308685, 33.789471], [-118.312025, 33.789479], [-118.312013, 33.798964]]]}}, {"type": "Feature", "properties": {"STATEFP": "06", "COUNTYFP": "037", "TRACTCE": "670417", "BLKGRPCE": "1", "GEOIDFQ": "1500000US060376704171", "GEOID": "060376704171", "NAME": "1", "NAMELSAD": "Block Group 1", "LSAD": "BG", "ALAND": 2021778, "AWATER": 0, "lat": 33.77615606097555, "lon": -118.36911803413297, "pop_total": 2780.0, "hh_total": 1040.0, "hh_family": 811.0, "kids_0_4": 98.0, "kids_5_9": 176.0, "kids_10_14": 216.0, "kids_15_17": 107.0, "med_hh_income": 163088.0, "mean_hh_income": "219021.34615384616", "med_home_value": 1589800.0, "upper_quartile_home_value": 1924200.0, "hh_income_total": 1040.0, "hh_income_<10k": 4.0, "hh_income_10_15k": 22.0, "hh_income_15_20k": 4.0, "hh_income_20_25k": 12.0, "hh_income_25_30k": 31.0, "hh_income_30_35k": 4.0, "hh_income_35_40k": 16.0, "hh_income_40_45k": 0.0, "hh_income_45_50k": 15.0, "hh_income_50_60k": 38.0, "hh_income_60_75k": 33.0, "hh_income_75_100k": 80.0, "hh_income_100_125k": 90.0, "hh_income_125_150k": 95.0, "hh_income_150_200k": 135.0, "hh_income_200k+": 461.0}, "geometry": {"type": "Polygon", "coordinates": [[[-118.37828, 33.776708], [-118.37471, 33.777535], [-118.374375, 33.778868], [-118.372843, 33.784587], [-118.372592, 33.785559], [-118.367353, 33.784863], [-118.365689, 33.785683], [-118.363988, 33.778639], [-118.362994, 33.778884], [-118.363575, 33.77814], [-118.362641, 33.775614], [-118.360054, 33.773471], [-118.36272, 33.771188], [-118.363276, 33.769151], [-118.364456, 33.768232], [-118.366736, 33.767772], [-118.370253, 33.768415], [-118.375288, 33.77176], [-118.37693, 33.773097], [-118.378531, 33.775769], [-118.37828, 33.776708]]]}}, {"type": "Feature", "properties": {"STATEFP": "06", "COUNTYFP": "037", "TRACTCE": "604001", "BLKGRPCE": "2", "GEOIDFQ": "1500000US060376040012", "GEOID": "060376040012", "NAME": "2", "NAMELSAD": "Block Group 2", "LSAD": "BG", "ALAND": 225045, "AWATER": 0, "lat": 33.88184778256244, "lon": -118.35559324058731, "pop_total": 2278.0, "hh_total": 665.0, "hh_family": 464.0, "kids_0_4": 77.0, "kids_5_9": 124.0, "kids_10_14": 210.0, "kids_15_17": 70.0, "med_hh_income": 77837.0, "mean_hh_income": "85433.23308270676", "med_home_value": 674400.0, "upper_quartile_home_value": 799400.0, "hh_income_total": 665.0, "hh_income_<10k": 37.0, "hh_income_10_15k": 0.0, "hh_income_15_20k": 16.0, "hh_income_20_25k": 0.0, "hh_income_25_30k": 22.0, "hh_income_30_35k": 0.0, "hh_income_35_40k": 29.0, "hh_income_40_45k": 37.0, "hh_income_45_50k": 33.0, "hh_income_50_60k": 107.0, "hh_income_60_75k": 48.0, "hh_income_75_100k": 79.0, "hh_income_100_125k": 128.0, "hh_income_125_150k": 44.0, "hh_income_150_200k": 77.0, "hh_income_200k+": 8.0}, "geometry": {"type": "Polygon", "coordinates": [[[-118.358837, 33.883534], [-118.352916, 33.883546], [-118.352343, 33.883569], [-118.352357, 33.880157], [-118.357606, 33.880156], [-118.358834, 33.880115], [-118.358837, 33.883534]]]}}, {"type": "Feature", "properties": {"STATEFP": "06", "COUNTYFP": "037", "TRACTCE": "620602", "BLKGRPCE": "5", "GEOIDFQ": "1500000US060376206025", "GEOID": "060376206025", "NAME": "5", "NAMELSAD": "Block Group 5", "LSAD": "BG", "ALAND": 175028, "AWATER": 0, "lat": 33.865761940917004, "lon": -118.36965240898438, "pop_total": 1623.0, "hh_total": 577.0, "hh_family": 461.0, "kids_0_4": 83.0, "kids_5_9": 167.0, "kids_10_14": 69.0, "kids_15_17": 66.0, "med_hh_income": 145104.0, "mean_hh_income": "172632.92894280763", "med_home_value": 1281500.0, "upper_quartile_home_value": 1480000.0, "hh_income_total": 577.0, "hh_income_<10k": 0.0, "hh_income_10_15k": 0.0, "hh_income_15_20k": 16.0, "hh_income_20_25k": 0.0, "hh_income_25_30k": 0.0, "hh_income_30_35k": 16.0, "hh_income_35_40k": 0.0, "hh_income_40_45k": 0.0, "hh_income_45_50k": 58.0, "hh_income_50_60k": 33.0, "hh_income_60_75k": 18.0, "hh_income_75_100k": 13.0, "hh_income_100_125k": 63.0, "hh_income_125_150k": 83.0, "hh_income_150_200k": 95.0, "hh_income_200k+": 182.0}, "geometry": {"type": "Polygon", "coordinates": [[[-118.372707, 33.867095], [-118.366385, 33.867106], [-118.366371, 33.86523], [-118.367706, 33.864397], [-118.372705, 33.864291], [-118.372707, 33.867095]]]}}, {"type": "Feature", "properties": {"STATEFP": "06", "COUNTYFP": "037", "TRACTCE": "620602", "BLKGRPCE": "2", "GEOIDFQ": "1500000US060376206022", "GEOID": "060376206022", "NAME": "2", "NAMELSAD": "Block Group 2", "LSAD": "BG", "ALAND": 208527, "AWATER": 0, "lat": 33.86132814528032, "lon": -118.36274671667665, "pop_total": 658.0, "hh_total": 240.0, "hh_family": 202.0, "kids_0_4": 0.0, "kids_5_9": 12.0, "kids_10_14": 21.0, "kids_15_17": 7.0, "med_hh_income": 97319.0, "mean_hh_income": "130027.08333333333", "med_home_value": 843200.0, "upper_quartile_home_value": 979500.0, "hh_income_total": 240.0, "hh_income_<10k": 1.0, "hh_income_10_15k": 0.0, "hh_income_15_20k": 0.0, "hh_income_20_25k": 0.0, "hh_income_25_30k": 0.0, "hh_income_30_35k": 0.0, "hh_income_35_40k": 0.0, "hh_income_40_45k": 0.0, "hh_income_45_50k": 0.0, "hh_income_50_60k": 0.0, "hh_income_60_75k": 9.0, "hh_income_75_100k": 115.0, "hh_income_100_125k": 23.0, "hh_income_125_150k": 48.0, "hh_income_150_200k": 0.0, "hh_income_200k+": 44.0}, "geometry": {"type": "Polygon", "coordinates": [[[-118.364901, 33.861962], [-118.36307, 33.861965], [-118.363059, 33.865535], [-118.361179, 33.865529], [-118.361189, 33.859229], [-118.361369, 33.858283], [-118.364897, 33.858277], [-118.364901, 33.861962]]]}}, {"type": "Feature", "properties": {"STATEFP": "06", "COUNTYFP": "037", "TRACTCE": "651302", "BLKGRPCE": "3", "GEOIDFQ": "1500000US060376513023", "GEOID": "060376513023", "NAME": "3", "NAMELSAD": "Block Group 3", "LSAD": "BG", "ALAND": 326766, "AWATER": 0, "lat": 33.805271069192635, "lon": -118.36879130793204, "pop_total": 1020.0, "hh_total": 340.0, "hh_family": 285.0, "kids_0_4": 11.0, "kids_5_9": 75.0, "kids_10_14": 287.0, "kids_15_17": 0.0, "med_hh_income": 188690.0, "mean_hh_income": "241126.4705882353", "med_home_value": 1620600.0, "upper_quartile_home_value": 1737500.0, "hh_income_total": 340.0, "hh_income_<10k": 0.0, "hh_income_10_15k": 0.0, "hh_income_15_20k": 0.0, "hh_income_20_25k": 14.0, "hh_income_25_30k": 0.0, "hh_income_30_35k": 0.0, "hh_income_35_40k": 0.0, "hh_income_40_45k": 0.0, "hh_income_45_50k": 0.0, "hh_income_50_60k": 21.0, "hh_income_60_75k": 14.0, "hh_income_75_100k": 32.0, "hh_income_100_125k": 10.0, "hh_income_125_150k": 29.0, "hh_income_150_200k": 105.0, "hh_income_200k+": 115.0}, "geometry": {"type": "Polygon", "coordinates": [[[-118.374318, 33.807174], [-118.370947, 33.80727], [-118.369836, 33.808177], [-118.366934, 33.806938], [-118.36605, 33.805023], [-118.361676, 33.804298], [-118.356265, 33.800161], [-118.35384, 33.798794], [-118.355247, 33.79945], [-118.355388, 33.798856], [-118.361701, 33.804173], [-118.367772, 33.804189], [-118.374417, 33.804213], [-118.374318, 33.807174]]]}}, {"type": "Feature", "properties": {"STATEFP": "06", "COUNTYFP": "037", "TRACTCE": "620001", "BLKGRPCE": "1", "GEOIDFQ": "1500000US060376200011", "GEOID": "060376200011", "NAME": "1", "NAMELSAD": "Block Group 1", "LSAD": "BG", "ALAND": 411203, "AWATER": 0, "lat": 33.92865517808295, "lon": -118.40073028594985, "pop_total": 1064.0, "hh_total": 432.0, "hh_family": 312.0, "kids_0_4": 61.0, "kids_5_9": 65.0, "kids_10_14": 103.0, "kids_15_17": 21.0, "med_hh_income": 144696.0, "mean_hh_income": "221156.94444444444", "med_home_value": 1657500.0, "upper_quartile_home_value": 2000001.0, "hh_income_total": 432.0, "hh_income_<10k": 0.0, "hh_income_10_15k": 0.0, "hh_income_15_20k": 12.0, "hh_income_20_25k": 0.0, "hh_income_25_30k": 8.0, "hh_income_30_35k": 0.0, "hh_income_35_40k": 0.0, "hh_income_40_45k": 0.0, "hh_income_45_50k": 0.0, "hh_income_50_60k": 0.0, "hh_income_60_75k": 53.0, "hh_income_75_100k": 16.0, "hh_income_100_125k": 62.0, "hh_income_125_150k": 74.0, "hh_income_150_200k": 66.0, "hh_income_200k+": 141.0}, "geometry": {"type": "Polygon", "coordinates": [[[-118.40486, 33.930865], [-118.401862, 33.930873], [-118.403966, 33.931299], [-118.397616, 33.930889], [-118.396105, 33.9309], [-118.396278, 33.927016], [-118.398968, 33.927011], [-118.398963, 33.926047], [-118.404847, 33.926037], [-118.40486, 33.930865]]]}}, {"type": "Feature", "properties": {"STATEFP": "06", "COUNTYFP": "037", "TRACTCE": "650603", "BLKGRPCE": "1", "GEOIDFQ": "1500000US060376506031", "GEOID": "060376506031", "NAME": "1", "NAMELSAD": "Block Group 1", "LSAD": "BG", "ALAND": 861366, "AWATER": 0, "lat": 33.84563643767056, "lon": -118.36908742315214, "pop_total": 2455.0, "hh_total": 931.0, "hh_family": 714.0, "kids_0_4": 76.0, "kids_5_9": 251.0, "kids_10_14": 117.0, "kids_15_17": 70.0, "med_hh_income": 119115.0, "mean_hh_income": "177341.35338345866", "med_home_value": 1312200.0, "upper_quartile_home_value": 1465300.0, "hh_income_total": 931.0, "hh_income_<10k": 77.0, "hh_income_10_15k": 0.0, "hh_income_15_20k": 14.0, "hh_income_20_25k": 6.0, "hh_income_25_30k": 12.0, "hh_income_30_35k": 27.0, "hh_income_35_40k": 46.0, "hh_income_40_45k": 39.0, "hh_income_45_50k": 0.0, "hh_income_50_60k": 10.0, "hh_income_60_75k": 62.0, "hh_income_75_100k": 94.0, "hh_income_100_125k": 121.0, "hh_income_125_150k": 46.0, "hh_income_150_200k": 62.0, "hh_income_200k+": 315.0}, "geometry": {"type": "Polygon", "coordinates": [[[-118.376552, 33.848707], [-118.368127, 33.848606], [-118.362319, 33.848608], [-118.36235, 33.843164], [-118.363378, 33.841355], [-118.363852, 33.841358], [-118.366688, 33.841359], [-118.366688, 33.843166], [-118.372154, 33.843038], [-118.373404, 33.843701], [-118.375915, 33.842667], [-118.377093, 33.848594], [-118.376552, 33.848707]]]}}, {"type": "Feature", "properties": {"STATEFP": "06", "COUNTYFP": "037", "TRACTCE": "651201", "BLKGRPCE": "2", "GEOIDFQ": "1500000US060376512012", "GEOID": "060376512012", "NAME": "2", "NAMELSAD": "Block Group 2", "LSAD": "BG", "ALAND": 654107, "AWATER": 0, "lat": 33.822999520636984, "lon": -118.36580044449504, "pop_total": 2182.0, "hh_total": 676.0, "hh_family": 572.0, "kids_0_4": 116.0, "kids_5_9": 144.0, "kids_10_14": 204.0, "kids_15_17": 258.0, "med_hh_income": 149853.0, "mean_hh_income": "189451.47928994082", "med_home_value": 1192200.0, "upper_quartile_home_value": 1644000.0, "hh_income_total": 676.0, "hh_income_<10k": 0.0, "hh_income_10_15k": 0.0, "hh_income_15_20k": 0.0, "hh_income_20_25k": 0.0, "hh_income_25_30k": 0.0, "hh_income_30_35k": 127.0, "hh_income_35_40k": 0.0, "hh_income_40_45k": 25.0, "hh_income_45_50k": 35.0, "hh_income_50_60k": 10.0, "hh_income_60_75k": 29.0, "hh_income_75_100k": 54.0, "hh_income_100_125k": 0.0, "hh_income_125_150k": 59.0, "hh_income_150_200k": 106.0, "hh_income_200k+": 231.0}, "geometry": {"type": "Polygon", "coordinates": [[[-118.370609, 33.827082], [-118.36924, 33.82699], [-118.36154, 33.826376], [-118.36152, 33.820407], [-118.36249, 33.818633], [-118.363603, 33.819255], [-118.369685, 33.819052], [-118.369775, 33.824197], [-118.370609, 33.827082]]]}}, {"type": "Feature", "properties": {"STATEFP": "06", "COUNTYFP": "037", "TRACTCE": "650502", "BLKGRPCE": "1", "GEOIDFQ": "1500000US060376505021", "GEOID": "060376505021", "NAME": "1", "NAMELSAD": "Block Group 1", "LSAD": "BG", "ALAND": 809999, "AWATER": 0, "lat": 33.853021777233806, "lon": -118.37299817207398, "pop_total": 2644.0, "hh_total": 1058.0, "hh_family": 741.0, "kids_0_4": 87.0, "kids_5_9": 208.0, "kids_10_14": 174.0, "kids_15_17": 54.0, "med_hh_income": 153125.0, "mean_hh_income": "195059.07372400755", "med_home_value": 1401900.0, "upper_quartile_home_value": 1652500.0, "hh_income_total": 1058.0, "hh_income_<10k": 28.0, "hh_income_10_15k": 0.0, "hh_income_15_20k": 9.0, "hh_income_20_25k": 11.0, "hh_income_25_30k": 9.0, "hh_income_30_35k": 11.0, "hh_income_35_40k": 23.0, "hh_income_40_45k": 14.0, "hh_income_45_50k": 13.0, "hh_income_50_60k": 83.0, "hh_income_60_75k": 30.0, "hh_income_75_100k": 86.0, "hh_income_100_125k": 59.0, "hh_income_125_150k": 151.0, "hh_income_150_200k": 74.0, "hh_income_200k+": 457.0}, "geometry": {"type": "Polygon", "coordinates": [[[-118.378219, 33.854993], [-118.375063, 33.856148], [-118.37549, 33.858256], [-118.372797, 33.858262], [-118.369867, 33.85827], [-118.369606, 33.855746], [-118.36837, 33.853037], [-118.368127, 33.848606], [-118.376552, 33.848707], [-118.377093, 33.848594], [-118.377948, 33.852849], [-118.37837, 33.854952], [-118.378219, 33.854993]]]}}, {"type": "Feature", "properties": {"STATEFP": "06", "COUNTYFP": "037", "TRACTCE": "670702", "BLKGRPCE": "1", "GEOIDFQ": "1500000US060376707021", "GEOID": "060376707021", "NAME": "1", "NAMELSAD": "Block Group 1", "LSAD": "BG", "ALAND": 908827, "AWATER": 94012, "lat": 33.76993835953731, "lon": -118.32487096980589, "pop_total": 1328.0, "hh_total": 260.0, "hh_family": 250.0, "kids_0_4": 0.0, "kids_5_9": 28.0, "kids_10_14": 65.0, "kids_15_17": 43.0, "med_hh_income": -666666666.0, "mean_hh_income": "149580.38461538462", "med_home_value": 1415200.0, "upper_quartile_home_value": 1615400.0, "hh_income_total": 260.0, "hh_income_<10k": 0.0, "hh_income_10_15k": 0.0, "hh_income_15_20k": 0.0, "hh_income_20_25k": 0.0, "hh_income_25_30k": 0.0, "hh_income_30_35k": 0.0, "hh_income_35_40k": 0.0, "hh_income_40_45k": 13.0, "hh_income_45_50k": 0.0, "hh_income_50_60k": 122.0, "hh_income_60_75k": 18.0, "hh_income_75_100k": 0.0, "hh_income_100_125k": 0.0, "hh_income_125_150k": 0.0, "hh_income_150_200k": 39.0, "hh_income_200k+": 68.0}, "geometry": {"type": "Polygon", "coordinates": [[[-118.337174, 33.767678], [-118.3339, 33.768916], [-118.332779, 33.771821], [-118.328757, 33.772146], [-118.31828, 33.77529], [-118.318283, 33.774982], [-118.318305, 33.770117], [-118.318348, 33.764906], [-118.318598, 33.76492], [-118.32158, 33.765083], [-118.323632, 33.768452], [-118.327371, 33.767018], [-118.3302, 33.767412], [-118.331752, 33.766911], [-118.331634, 33.76822], [-118.330319, 33.76865], [-118.331, 33.769569], [-118.333007, 33.76871], [-118.333425, 33.767496], [-118.335636, 33.766523], [-118.337174, 33.767678]]]}}, {"type": "Feature", "properties": {"STATEFP": "06", "COUNTYFP": "037", "TRACTCE": "602302", "BLKGRPCE": "1", "GEOIDFQ": "1500000US060376023021", "GEOID": "060376023021", "NAME": "1", "NAMELSAD": "Block Group 1", "LSAD": "BG", "ALAND": 276273, "AWATER": 0, "lat": 33.909606562952504, "lon": -118.3762144437321, "pop_total": 477.0, "hh_total": 191.0, "hh_family": 143.0, "kids_0_4": 64.0, "kids_5_9": 65.0, "kids_10_14": 0.0, "kids_15_17": 12.0, "med_hh_income": 172031.0, "mean_hh_income": "226338.21989528797", "med_home_value": 1386800.0, "upper_quartile_home_value": 1613400.0, "hh_income_total": 191.0, "hh_income_<10k": 24.0, "hh_income_10_15k": 0.0, "hh_income_15_20k": 0.0, "hh_income_20_25k": 0.0, "hh_income_25_30k": 0.0, "hh_income_30_35k": 12.0, "hh_income_35_40k": 0.0, "hh_income_40_45k": 0.0, "hh_income_45_50k": 0.0, "hh_income_50_60k": 0.0, "hh_income_60_75k": 6.0, "hh_income_75_100k": 20.0, "hh_income_100_125k": 0.0, "hh_income_125_150k": 0.0, "hh_income_150_200k": 35.0, "hh_income_200k+": 94.0}, "geometry": {"type": "Polygon", "coordinates": [[[-118.378686, 33.90946], [-118.378126, 33.91167], [-118.374309, 33.913508], [-118.373327, 33.911956], [-118.37427, 33.911259], [-118.374272, 33.907889], [-118.374285, 33.906543], [-118.378703, 33.906524], [-118.378686, 33.90946]]]}}, {"type": "Feature", "properties": {"STATEFP": "06", "COUNTYFP": "037", "TRACTCE": "670603", "BLKGRPCE": "1", "GEOIDFQ": "1500000US060376706031", "GEOID": "060376706031", "NAME": "1", "NAMELSAD": "Block Group 1", "LSAD": "BG", "ALAND": 3899420, "AWATER": 0, "lat": 33.75129287830026, "lon": -118.38353189747191, "pop_total": 1856.0, "hh_total": 656.0, "hh_family": 549.0, "kids_0_4": 24.0, "kids_5_9": 55.0, "kids_10_14": 171.0, "kids_15_17": 76.0, "med_hh_income": 199000.0, "mean_hh_income": "247272.56097560975", "med_home_value": 2000001.0, "upper_quartile_home_value": 2000001.0, "hh_income_total": 656.0, "hh_income_<10k": 38.0, "hh_income_10_15k": 0.0, "hh_income_15_20k": 14.0, "hh_income_20_25k": 21.0, "hh_income_25_30k": 24.0, "hh_income_30_35k": 0.0, "hh_income_35_40k": 0.0, "hh_income_40_45k": 0.0, "hh_income_45_50k": 0.0, "hh_income_50_60k": 0.0, "hh_income_60_75k": 26.0, "hh_income_75_100k": 8.0, "hh_income_100_125k": 88.0, "hh_income_125_150k": 53.0, "hh_income_150_200k": 60.0, "hh_income_200k+": 324.0}, "geometry": {"type": "Polygon", "coordinates": [[[-118.402175, 33.741492], [-118.400591, 33.742722], [-118.400866, 33.745338], [-118.397353, 33.746256], [-118.393096, 33.74906], [-118.392402, 33.750017], [-118.392742, 33.751146], [-118.395938, 33.752611], [-118.396488, 33.753703], [-118.394719, 33.758751], [-118.393344, 33.760997], [-118.390921, 33.759634], [-118.388849, 33.757164], [-118.388114, 33.757074], [-118.383669, 33.759036], [-118.378774, 33.759282], [-118.376118, 33.759516], [-118.369808, 33.762908], [-118.370009, 33.760523], [-118.37071, 33.759799], [-118.37023, 33.757978], [-118.371551, 33.756764], [-118.374061, 33.753349], [-118.373885, 33.751563], [-118.371957, 33.749531], [-118.370724, 33.746799], [-118.370642, 33.744658], [-118.371332, 33.743198], [-118.372937, 33.742507], [-118.373687, 33.74127], [-118.37709, 33.742916], [-118.379084, 33.743221], [-118.383089, 33.744756], [-118.38831, 33.74535], [-118.391124, 33.744848], [-118.400671, 33.741505], [-118.402175, 33.741492]]]}}, {"type": "Feature", "properties": {"STATEFP": "06", "COUNTYFP": "037", "TRACTCE": "670418", "BLKGRPCE": "2", "GEOIDFQ": "1500000US060376704182", "GEOID": "060376704182", "NAME": "2", "NAMELSAD": "Block Group 2", "LSAD": "BG", "ALAND": 1289485, "AWATER": 0, "lat": 33.78952038601513, "lon": -118.37555605156211, "pop_total": 2388.0, "hh_total": 784.0, "hh_family": 720.0, "kids_0_4": 79.0, "kids_5_9": 139.0, "kids_10_14": 174.0, "kids_15_17": 110.0, "med_hh_income": 186970.0, "mean_hh_income": "262605.35714285716", "med_home_value": 1620700.0, "upper_quartile_home_value": 1934300.0, "hh_income_total": 784.0, "hh_income_<10k": 26.0, "hh_income_10_15k": 9.0, "hh_income_15_20k": 0.0, "hh_income_20_25k": 12.0, "hh_income_25_30k": 0.0, "hh_income_30_35k": 0.0, "hh_income_35_40k": 0.0, "hh_income_40_45k": 0.0, "hh_income_45_50k": 11.0, "hh_income_50_60k": 30.0, "hh_income_60_75k": 8.0, "hh_income_75_100k": 11.0, "hh_income_100_125k": 151.0, "hh_income_125_150k": 67.0, "hh_income_150_200k": 74.0, "hh_income_200k+": 385.0}, "geometry": {"type": "Polygon", "coordinates": [[[-118.384789, 33.791085], [-118.384209, 33.793424], [-118.380885, 33.793555], [-118.378538, 33.795466], [-118.377941, 33.795003], [-118.371697, 33.794707], [-118.369231, 33.79516], [-118.368844, 33.794154], [-118.367495, 33.794149], [-118.368649, 33.792686], [-118.367825, 33.791478], [-118.372147, 33.787476], [-118.372592, 33.785559], [-118.372843, 33.784587], [-118.374375, 33.778868], [-118.374289, 33.779374], [-118.376191, 33.780134], [-118.378968, 33.78429], [-118.376625, 33.787665], [-118.379486, 33.78921], [-118.384762, 33.791079], [-118.384789, 33.791085]]]}}, {"type": "Feature", "properties": {"STATEFP": "06", "COUNTYFP": "037", "TRACTCE": "620802", "BLKGRPCE": "1", "GEOIDFQ": "1500000US060376208021", "GEOID": "060376208021", "NAME": "1", "NAMELSAD": "Block Group 1", "LSAD": "BG", "ALAND": 318277, "AWATER": 0, "lat": 33.88373016502165, "lon": -118.39383280647027, "pop_total": 1092.0, "hh_total": 375.0, "hh_family": 331.0, "kids_0_4": 75.0, "kids_5_9": 226.0, "kids_10_14": 0.0, "kids_15_17": 22.0, "med_hh_income": -666666666.0, "mean_hh_income": "330174.6666666667", "med_home_value": 2000001.0, "upper_quartile_home_value": 2000001.0, "hh_income_total": 375.0, "hh_income_<10k": 0.0, "hh_income_10_15k": 22.0, "hh_income_15_20k": 0.0, "hh_income_20_25k": 0.0, "hh_income_25_30k": 0.0, "hh_income_30_35k": 0.0, "hh_income_35_40k": 0.0, "hh_income_40_45k": 0.0, "hh_income_45_50k": 0.0, "hh_income_50_60k": 0.0, "hh_income_60_75k": 0.0, "hh_income_75_100k": 47.0, "hh_income_100_125k": 56.0, "hh_income_125_150k": 0.0, "hh_income_150_200k": 65.0, "hh_income_200k+": 185.0}, "geometry": {"type": "Polygon", "coordinates": [[[-118.395965, 33.887369], [-118.391712, 33.887355], [-118.391685, 33.880085], [-118.395961, 33.88013], [-118.395976, 33.881371], [-118.395965, 33.887369]]]}}, {"type": "Feature", "properties": {"STATEFP": "06", "COUNTYFP": "037", "TRACTCE": "292001", "BLKGRPCE": "2", "GEOIDFQ": "1500000US060372920012", "GEOID": "060372920012", "NAME": "2", "NAMELSAD": "Block Group 2", "LSAD": "BG", "ALAND": 156272, "AWATER": 0, "lat": 33.84124004124633, "lon": -118.30707683519309, "pop_total": 1626.0, "hh_total": 484.0, "hh_family": 382.0, "kids_0_4": 159.0, "kids_5_9": 61.0, "kids_10_14": 155.0, "kids_15_17": 52.0, "med_hh_income": 51681.0, "mean_hh_income": "57918.801652892565", "med_home_value": -666666666.0, "upper_quartile_home_value": -666666666.0, "hh_income_total": 484.0, "hh_income_<10k": 60.0, "hh_income_10_15k": 18.0, "hh_income_15_20k": 26.0, "hh_income_20_25k": 6.0, "hh_income_25_30k": 53.0, "hh_income_30_35k": 0.0, "hh_income_35_40k": 0.0, "hh_income_40_45k": 32.0, "hh_income_45_50k": 8.0, "hh_income_50_60k": 120.0, "hh_income_60_75k": 10.0, "hh_income_75_100k": 76.0, "hh_income_100_125k": 27.0, "hh_income_125_150k": 41.0, "hh_income_150_200k": 7.0, "hh_income_200k+": 0.0}, "geometry": {"type": "Polygon", "coordinates": [[[-118.309123, 33.84286], [-118.303958, 33.842904], [-118.303946, 33.841911], [-118.306003, 33.840298], [-118.309122, 33.838207], [-118.309123, 33.84286]]]}}, {"type": "Feature", "properties": {"STATEFP": "06", "COUNTYFP": "037", "TRACTCE": "543605", "BLKGRPCE": "1", "GEOIDFQ": "1500000US060375436051", "GEOID": "060375436051", "NAME": "1", "NAMELSAD": "Block Group 1", "LSAD": "BG", "ALAND": 574419, "AWATER": 0, "lat": 33.81539193511725, "lon": -118.29486401838871, "pop_total": 2673.0, "hh_total": 912.0, "hh_family": 698.0, "kids_0_4": 77.0, "kids_5_9": 198.0, "kids_10_14": 144.0, "kids_15_17": 56.0, "med_hh_income": 105776.0, "mean_hh_income": "136806.57894736843", "med_home_value": 699600.0, "upper_quartile_home_value": 849000.0, "hh_income_total": 912.0, "hh_income_<10k": 20.0, "hh_income_10_15k": 10.0, "hh_income_15_20k": 0.0, "hh_income_20_25k": 5.0, "hh_income_25_30k": 37.0, "hh_income_30_35k": 0.0, "hh_income_35_40k": 7.0, "hh_income_40_45k": 34.0, "hh_income_45_50k": 10.0, "hh_income_50_60k": 78.0, "hh_income_60_75k": 100.0, "hh_income_75_100k": 60.0, "hh_income_100_125k": 221.0, "hh_income_125_150k": 55.0, "hh_income_150_200k": 124.0, "hh_income_200k+": 151.0}, "geometry": {"type": "Polygon", "coordinates": [[[-118.299065, 33.818985], [-118.294716, 33.818975], [-118.292139, 33.818965], [-118.292143, 33.817369], [-118.290555, 33.816687], [-118.290371, 33.812111], [-118.291726, 33.812594], [-118.292639, 33.811009], [-118.29834, 33.813055], [-118.298494, 33.813139], [-118.298491, 33.813363], [-118.299258, 33.813646], [-118.299065, 33.818985]]]}}, {"type": "Feature", "properties": {"STATEFP": "06", "COUNTYFP": "037", "TRACTCE": "293204", "BLKGRPCE": "1", "GEOIDFQ": "1500000US060372932041", "GEOID": "060372932041", "NAME": "1", "NAMELSAD": "Block Group 1", "LSAD": "BG", "ALAND": 320375, "AWATER": 1719, "lat": 33.832482415909695, "lon": -118.3015392822053, "pop_total": 2371.0, "hh_total": 629.0, "hh_family": 484.0, "kids_0_4": 140.0, "kids_5_9": 207.0, "kids_10_14": 176.0, "kids_15_17": 336.0, "med_hh_income": 125506.0, "mean_hh_income": "121352.78219395866", "med_home_value": 693900.0, "upper_quartile_home_value": 858700.0, "hh_income_total": 629.0, "hh_income_<10k": 22.0, "hh_income_10_15k": 0.0, "hh_income_15_20k": 0.0, "hh_income_20_25k": 15.0, "hh_income_25_30k": 0.0, "hh_income_30_35k": 10.0, "hh_income_35_40k": 12.0, "hh_income_40_45k": 21.0, "hh_income_45_50k": 15.0, "hh_income_50_60k": 29.0, "hh_income_60_75k": 95.0, "hh_income_75_100k": 31.0, "hh_income_100_125k": 39.0, "hh_income_125_150k": 141.0, "hh_income_150_200k": 68.0, "hh_income_200k+": 131.0}, "geometry": {"type": "Polygon", "coordinates": [[[-118.303877, 33.836162], [-118.300235, 33.835641], [-118.299551, 33.835564], [-118.299196, 33.835571], [-118.299192, 33.831549], [-118.299189, 33.828113], [-118.299529, 33.829168], [-118.30379, 33.829132], [-118.303804, 33.830286], [-118.303877, 33.836162]]]}}, {"type": "Feature", "properties": {"STATEFP": "06", "COUNTYFP": "037", "TRACTCE": "651221", "BLKGRPCE": "2", "GEOIDFQ": "1500000US060376512212", "GEOID": "060376512212", "NAME": "2", "NAMELSAD": "Block Group 2", "LSAD": "BG", "ALAND": 307658, "AWATER": 0, "lat": 33.8211261601688, "lon": -118.35259943718445, "pop_total": 1446.0, "hh_total": 550.0, "hh_family": 351.0, "kids_0_4": 49.0, "kids_5_9": 122.0, "kids_10_14": 227.0, "kids_15_17": 36.0, "med_hh_income": 79412.0, "mean_hh_income": "120885.27272727272", "med_home_value": 1408100.0, "upper_quartile_home_value": 1620400.0, "hh_income_total": 550.0, "hh_income_<10k": 78.0, "hh_income_10_15k": 8.0, "hh_income_15_20k": 13.0, "hh_income_20_25k": 0.0, "hh_income_25_30k": 15.0, "hh_income_30_35k": 0.0, "hh_income_35_40k": 33.0, "hh_income_40_45k": 8.0, "hh_income_45_50k": 5.0, "hh_income_50_60k": 48.0, "hh_income_60_75k": 45.0, "hh_income_75_100k": 38.0, "hh_income_100_125k": 101.0, "hh_income_125_150k": 48.0, "hh_income_150_200k": 32.0, "hh_income_200k+": 78.0}, "geometry": {"type": "Polygon", "coordinates": [[[-118.354216, 33.825804], [-118.351548, 33.825586], [-118.351324, 33.825578], [-118.350948, 33.823973], [-118.350982, 33.815868], [-118.354377, 33.817628], [-118.354216, 33.825804]]]}}, {"type": "Feature", "properties": {"STATEFP": "06", "COUNTYFP": "037", "TRACTCE": "650606", "BLKGRPCE": "1", "GEOIDFQ": "1500000US060376506061", "GEOID": "060376506061", "NAME": "1", "NAMELSAD": "Block Group 1", "LSAD": "BG", "ALAND": 423279, "AWATER": 0, "lat": 33.84070738888166, "lon": -118.3566888399078, "pop_total": 2082.0, "hh_total": 693.0, "hh_family": 438.0, "kids_0_4": 50.0, "kids_5_9": 68.0, "kids_10_14": 36.0, "kids_15_17": 28.0, "med_hh_income": 70474.0, "mean_hh_income": "93973.01587301587", "med_home_value": -666666666.0, "upper_quartile_home_value": 1107600.0, "hh_income_total": 693.0, "hh_income_<10k": 0.0, "hh_income_10_15k": 23.0, "hh_income_15_20k": 46.0, "hh_income_20_25k": 79.0, "hh_income_25_30k": 19.0, "hh_income_30_35k": 0.0, "hh_income_35_40k": 0.0, "hh_income_40_45k": 50.0, "hh_income_45_50k": 45.0, "hh_income_50_60k": 43.0, "hh_income_60_75k": 65.0, "hh_income_75_100k": 145.0, "hh_income_100_125k": 43.0, "hh_income_125_150k": 28.0, "hh_income_150_200k": 44.0, "hh_income_200k+": 63.0}, "geometry": {"type": "Polygon", "coordinates": [[[-118.362348, 33.839524], [-118.358025, 33.839504], [-118.358012, 33.841351], [-118.357991, 33.844992], [-118.353855, 33.844981], [-118.353614, 33.844981], [-118.353606, 33.84319], [-118.353611, 33.841366], [-118.353505, 33.837565], [-118.353707, 33.837565], [-118.357067, 33.837571], [-118.362356, 33.837588], [-118.362348, 33.839524]]]}}, {"type": "Feature", "properties": {"STATEFP": "06", "COUNTYFP": "037", "TRACTCE": "620704", "BLKGRPCE": "2", "GEOIDFQ": "1500000US060376207042", "GEOID": "060376207042", "NAME": "2", "NAMELSAD": "Block Group 2", "LSAD": "BG", "ALAND": 424031, "AWATER": 0, "lat": 33.859938823491554, "lon": -118.3761155887206, "pop_total": 1208.0, "hh_total": 404.0, "hh_family": 310.0, "kids_0_4": 86.0, "kids_5_9": 50.0, "kids_10_14": 73.0, "kids_15_17": 35.0, "med_hh_income": 159000.0, "mean_hh_income": "219474.25742574257", "med_home_value": 1471200.0, "upper_quartile_home_value": 2000001.0, "hh_income_total": 404.0, "hh_income_<10k": 0.0, "hh_income_10_15k": 0.0, "hh_income_15_20k": 0.0, "hh_income_20_25k": 22.0, "hh_income_25_30k": 0.0, "hh_income_30_35k": 0.0, "hh_income_35_40k": 0.0, "hh_income_40_45k": 0.0, "hh_income_45_50k": 6.0, "hh_income_50_60k": 0.0, "hh_income_60_75k": 17.0, "hh_income_75_100k": 63.0, "hh_income_100_125k": 65.0, "hh_income_125_150k": 0.0, "hh_income_150_200k": 108.0, "hh_income_200k+": 123.0}, "geometry": {"type": "Polygon", "coordinates": [[[-118.379024, 33.863345], [-118.372702, 33.863356], [-118.372797, 33.858262], [-118.37549, 33.858256], [-118.375063, 33.856148], [-118.378219, 33.854993], [-118.378868, 33.858076], [-118.379024, 33.863345]]]}}, {"type": "Feature", "properties": {"STATEFP": "06", "COUNTYFP": "037", "TRACTCE": "292001", "BLKGRPCE": "1", "GEOIDFQ": "1500000US060372920011", "GEOID": "060372920011", "NAME": "1", "NAMELSAD": "Block Group 1", "LSAD": "BG", "ALAND": 3373750, "AWATER": 0, "lat": 33.85176800393273, "lon": -118.29903534289713, "pop_total": 2885.0, "hh_total": 860.0, "hh_family": 639.0, "kids_0_4": 145.0, "kids_5_9": 203.0, "kids_10_14": 177.0, "kids_15_17": 260.0, "med_hh_income": 52000.0, "mean_hh_income": "78122.67441860466", "med_home_value": 685400.0, "upper_quartile_home_value": 953100.0, "hh_income_total": 860.0, "hh_income_<10k": 16.0, "hh_income_10_15k": 129.0, "hh_income_15_20k": 41.0, "hh_income_20_25k": 88.0, "hh_income_25_30k": 25.0, "hh_income_30_35k": 0.0, "hh_income_35_40k": 23.0, "hh_income_40_45k": 42.0, "hh_income_45_50k": 54.0, "hh_income_50_60k": 82.0, "hh_income_60_75k": 89.0, "hh_income_75_100k": 84.0, "hh_income_100_125k": 63.0, "hh_income_125_150k": 4.0, "hh_income_150_200k": 67.0, "hh_income_200k+": 53.0}, "geometry": {"type": "Polygon", "coordinates": [[[-118.309149, 33.859952], [-118.292759, 33.859906], [-118.290524, 33.859541], [-118.290523, 33.858699], [-118.290518, 33.854223], [-118.285254, 33.854157], [-118.286036, 33.852248], [-118.286017, 33.846253], [-118.298284, 33.846349], [-118.299207, 33.846319], [-118.299197, 33.843654], [-118.299203, 33.841951], [-118.303946, 33.841911], [-118.303958, 33.842904], [-118.309123, 33.84286], [-118.309137, 33.847393], [-118.30915, 33.858348], [-118.309149, 33.859952]]]}}, {"type": "Feature", "properties": {"STATEFP": "06", "COUNTYFP": "037", "TRACTCE": "650607", "BLKGRPCE": "1", "GEOIDFQ": "1500000US060376506071", "GEOID": "060376506071", "NAME": "1", "NAMELSAD": "Block Group 1", "LSAD": "BG", "ALAND": 505720, "AWATER": 0, "lat": 33.8455128583566, "lon": -118.35878552953785, "pop_total": 2680.0, "hh_total": 1104.0, "hh_family": 712.0, "kids_0_4": 140.0, "kids_5_9": 146.0, "kids_10_14": 141.0, "kids_15_17": 126.0, "med_hh_income": 99342.0, "mean_hh_income": "128481.61231884058", "med_home_value": 1066300.0, "upper_quartile_home_value": 1179100.0, "hh_income_total": 1104.0, "hh_income_<10k": 0.0, "hh_income_10_15k": 0.0, "hh_income_15_20k": 0.0, "hh_income_20_25k": 0.0, "hh_income_25_30k": 14.0, "hh_income_30_35k": 16.0, "hh_income_35_40k": 0.0, "hh_income_40_45k": 10.0, "hh_income_45_50k": 0.0, "hh_income_50_60k": 120.0, "hh_income_60_75k": 69.0, "hh_income_75_100k": 333.0, "hh_income_100_125k": 156.0, "hh_income_125_150k": 73.0, "hh_income_150_200k": 142.0, "hh_income_200k+": 171.0}, "geometry": {"type": "Polygon", "coordinates": [[[-118.36235, 33.843164], [-118.362319, 33.848608], [-118.35383, 33.848592], [-118.353612, 33.84859], [-118.353614, 33.844981], [-118.353855, 33.844981], [-118.357991, 33.844992], [-118.358012, 33.841351], [-118.363378, 33.841355], [-118.36235, 33.843164]]]}}, {"type": "Feature", "properties": {"STATEFP": "06", "COUNTYFP": "037", "TRACTCE": "621005", "BLKGRPCE": "6", "GEOIDFQ": "1500000US060376210056", "GEOID": "060376210056", "NAME": "6", "NAMELSAD": "Block Group 6", "LSAD": "BG", "ALAND": 293983, "AWATER": 945338, "lat": 33.86956613598093, "lon": -118.40440223078137, "pop_total": 720.0, "hh_total": 381.0, "hh_family": 169.0, "kids_0_4": 13.0, "kids_5_9": 17.0, "kids_10_14": 39.0, "kids_15_17": 0.0, "med_hh_income": 163563.0, "mean_hh_income": "173642.78215223097", "med_home_value": 2000001.0, "upper_quartile_home_value": 2000001.0, "hh_income_total": 381.0, "hh_income_<10k": 7.0, "hh_income_10_15k": 16.0, "hh_income_15_20k": 0.0, "hh_income_20_25k": 0.0, "hh_income_25_30k": 0.0, "hh_income_30_35k": 4.0, "hh_income_35_40k": 16.0, "hh_income_40_45k": 5.0, "hh_income_45_50k": 26.0, "hh_income_50_60k": 7.0, "hh_income_60_75k": 24.0, "hh_income_75_100k": 6.0, "hh_income_100_125k": 22.0, "hh_income_125_150k": 49.0, "hh_income_150_200k": 38.0, "hh_income_200k+": 161.0}, "geometry": {"type": "Polygon", "coordinates": [[[-118.407192, 33.877747], [-118.404539, 33.877146], [-118.407334, 33.875986], [-118.407022, 33.875428], [-118.405325, 33.871155], [-118.404771, 33.871353], [-118.403581, 33.869391], [-118.401769, 33.867252], [-118.400408, 33.863751], [-118.402189, 33.863391], [-118.401664, 33.861913], [-118.402144772201, 33.8618266911608], [-118.408855163508, 33.8772286472528], [-118.407192, 33.877747]]]}}, {"type": "Feature", "properties": {"STATEFP": "06", "COUNTYFP": "037", "TRACTCE": "621005", "BLKGRPCE": "3", "GEOIDFQ": "1500000US060376210053", "GEOID": "060376210053", "NAME": "3", "NAMELSAD": "Block Group 3", "LSAD": "BG", "ALAND": 209355, "AWATER": 0, "lat": 33.87209923525822, "lon": -118.4013815323427, "pop_total": 391.0, "hh_total": 211.0, "hh_family": 140.0, "kids_0_4": 0.0, "kids_5_9": 0.0, "kids_10_14": 24.0, "kids_15_17": 0.0, "med_hh_income": -666666666.0, "mean_hh_income": "167947.8672985782", "med_home_value": 2000001.0, "upper_quartile_home_value": 2000001.0, "hh_income_total": 211.0, "hh_income_<10k": 13.0, "hh_income_10_15k": 0.0, "hh_income_15_20k": 13.0, "hh_income_20_25k": 0.0, "hh_income_25_30k": 17.0, "hh_income_30_35k": 11.0, "hh_income_35_40k": 0.0, "hh_income_40_45k": 0.0, "hh_income_45_50k": 0.0, "hh_income_50_60k": 28.0, "hh_income_60_75k": 0.0, "hh_income_75_100k": 13.0, "hh_income_100_125k": 0.0, "hh_income_125_150k": 13.0, "hh_income_150_200k": 44.0, "hh_income_200k+": 59.0}, "geometry": {"type": "Polygon", "coordinates": [[[-118.406469, 33.874438], [-118.405625, 33.872838], [-118.400782, 33.874527], [-118.398969, 33.872788], [-118.397323, 33.869782], [-118.399201, 33.869417], [-118.401453, 33.870787], [-118.401852, 33.872245], [-118.404771, 33.871353], [-118.405325, 33.871155], [-118.407022, 33.875428], [-118.406469, 33.874438]]]}}, {"type": "Feature", "properties": {"STATEFP": "06", "COUNTYFP": "037", "TRACTCE": "293205", "BLKGRPCE": "1", "GEOIDFQ": "1500000US060372932051", "GEOID": "060372932051", "NAME": "1", "NAMELSAD": "Block Group 1", "LSAD": "BG", "ALAND": 495572, "AWATER": 0, "lat": 33.81757517353106, "lon": -118.30343939409472, "pop_total": 1934.0, "hh_total": 696.0, "hh_family": 491.0, "kids_0_4": 182.0, "kids_5_9": 85.0, "kids_10_14": 58.0, "kids_15_17": 47.0, "med_hh_income": 58750.0, "mean_hh_income": "95525.28735632185", "med_home_value": 442900.0, "upper_quartile_home_value": 673900.0, "hh_income_total": 696.0, "hh_income_<10k": 0.0, "hh_income_10_15k": 0.0, "hh_income_15_20k": 0.0, "hh_income_20_25k": 40.0, "hh_income_25_30k": 0.0, "hh_income_30_35k": 0.0, "hh_income_35_40k": 38.0, "hh_income_40_45k": 56.0, "hh_income_45_50k": 101.0, "hh_income_50_60k": 134.0, "hh_income_60_75k": 71.0, "hh_income_75_100k": 0.0, "hh_income_100_125k": 80.0, "hh_income_125_150k": 45.0, "hh_income_150_200k": 77.0, "hh_income_200k+": 54.0}, "geometry": {"type": "Polygon", "coordinates": [[[-118.308953, 33.820189], [-118.299426, 33.82014], [-118.299083, 33.819742], [-118.299065, 33.818985], [-118.299258, 33.813646], [-118.298491, 33.813363], [-118.298494, 33.813139], [-118.308924, 33.817038], [-118.308953, 33.820189]]]}}, {"type": "Feature", "properties": {"STATEFP": "06", "COUNTYFP": "037", "TRACTCE": "621005", "BLKGRPCE": "5", "GEOIDFQ": "1500000US060376210055", "GEOID": "060376210055", "NAME": "5", "NAMELSAD": "Block Group 5", "LSAD": "BG", "ALAND": 92779, "AWATER": 0, "lat": 33.874519691408004, "lon": -118.40366308982578, "pop_total": 893.0, "hh_total": 479.0, "hh_family": 177.0, "kids_0_4": 28.0, "kids_5_9": 0.0, "kids_10_14": 96.0, "kids_15_17": 97.0, "med_hh_income": 151742.0, "mean_hh_income": "266171.39874739037", "med_home_value": 2000001.0, "upper_quartile_home_value": 2000001.0, "hh_income_total": 479.0, "hh_income_<10k": 0.0, "hh_income_10_15k": 0.0, "hh_income_15_20k": 16.0, "hh_income_20_25k": 0.0, "hh_income_25_30k": 0.0, "hh_income_30_35k": 0.0, "hh_income_35_40k": 0.0, "hh_income_40_45k": 0.0, "hh_income_45_50k": 22.0, "hh_income_50_60k": 44.0, "hh_income_60_75k": 0.0, "hh_income_75_100k": 103.0, "hh_income_100_125k": 0.0, "hh_income_125_150k": 12.0, "hh_income_150_200k": 61.0, "hh_income_200k+": 221.0}, "geometry": {"type": "Polygon", "coordinates": [[[-118.406469, 33.874438], [-118.4018, 33.876287], [-118.401648, 33.875695], [-118.400782, 33.874527], [-118.405625, 33.872838], [-118.406469, 33.874438]]]}}, {"type": "Feature", "properties": {"STATEFP": "06", "COUNTYFP": "037", "TRACTCE": "293205", "BLKGRPCE": "2", "GEOIDFQ": "1500000US060372932052", "GEOID": "060372932052", "NAME": "2", "NAMELSAD": "Block Group 2", "LSAD": "BG", "ALAND": 139970, "AWATER": 0, "lat": 33.82103484547328, "lon": -118.30546525443002, "pop_total": 1438.0, "hh_total": 425.0, "hh_family": 313.0, "kids_0_4": 73.0, "kids_5_9": 114.0, "kids_10_14": 54.0, "kids_15_17": 45.0, "med_hh_income": 54870.0, "mean_hh_income": "58510.117647058825", "med_home_value": -666666666.0, "upper_quartile_home_value": -666666666.0, "hh_income_total": 425.0, "hh_income_<10k": 19.0, "hh_income_10_15k": 0.0, "hh_income_15_20k": 45.0, "hh_income_20_25k": 38.0, "hh_income_25_30k": 35.0, "hh_income_30_35k": 0.0, "hh_income_35_40k": 30.0, "hh_income_40_45k": 0.0, "hh_income_45_50k": 0.0, "hh_income_50_60k": 83.0, "hh_income_60_75k": 23.0, "hh_income_75_100k": 122.0, "hh_income_100_125k": 11.0, "hh_income_125_150k": 10.0, "hh_income_150_200k": 9.0, "hh_income_200k+": 0.0}, "geometry": {"type": "Polygon", "coordinates": [[[-118.308984, 33.822781], [-118.300042, 33.820539], [-118.29907, 33.820215], [-118.299083, 33.819742], [-118.299426, 33.82014], [-118.308953, 33.820189], [-118.308984, 33.822781]]]}}, {"type": "Feature", "properties": {"STATEFP": "06", "COUNTYFP": "037", "TRACTCE": "620904", "BLKGRPCE": "3", "GEOIDFQ": "1500000US060376209043", "GEOID": "060376209043", "NAME": "3", "NAMELSAD": "Block Group 3", "LSAD": "BG", "ALAND": 169541, "AWATER": 0, "lat": 33.87863494186726, "lon": -118.40536760393346, "pop_total": 879.0, "hh_total": 348.0, "hh_family": 191.0, "kids_0_4": 34.0, "kids_5_9": 55.0, "kids_10_14": 61.0, "kids_15_17": 46.0, "med_hh_income": 227500.0, "mean_hh_income": "305333.0459770115", "med_home_value": 2000001.0, "upper_quartile_home_value": 2000001.0, "hh_income_total": 348.0, "hh_income_<10k": 28.0, "hh_income_10_15k": 0.0, "hh_income_15_20k": 0.0, "hh_income_20_25k": 0.0, "hh_income_25_30k": 0.0, "hh_income_30_35k": 0.0, "hh_income_35_40k": 8.0, "hh_income_40_45k": 0.0, "hh_income_45_50k": 0.0, "hh_income_50_60k": 0.0, "hh_income_60_75k": 0.0, "hh_income_75_100k": 10.0, "hh_income_100_125k": 34.0, "hh_income_125_150k": 11.0, "hh_income_150_200k": 65.0, "hh_income_200k+": 192.0}, "geometry": {"type": "Polygon", "coordinates": [[[-118.409651786911, 33.8790570888607], [-118.406641, 33.880164], [-118.40634, 33.879533], [-118.403124, 33.880657], [-118.402508, 33.879936], [-118.401784, 33.877102], [-118.401987, 33.877102], [-118.40276, 33.877046], [-118.404539, 33.877146], [-118.407192, 33.877747], [-118.408855163508, 33.8772286472528], [-118.409651786911, 33.8790570888607]]]}}, {"type": "Feature", "properties": {"STATEFP": "06", "COUNTYFP": "037", "TRACTCE": "650501", "BLKGRPCE": "3", "GEOIDFQ": "1500000US060376505013", "GEOID": "060376505013", "NAME": "3", "NAMELSAD": "Block Group 3", "LSAD": "BG", "ALAND": 395125, "AWATER": 0, "lat": 33.85663531469369, "lon": -118.35981153925039, "pop_total": 802.0, "hh_total": 325.0, "hh_family": 224.0, "kids_0_4": 23.0, "kids_5_9": 19.0, "kids_10_14": 42.0, "kids_15_17": 19.0, "med_hh_income": 124219.0, "mean_hh_income": "153358.76923076922", "med_home_value": 1080100.0, "upper_quartile_home_value": 1174800.0, "hh_income_total": 325.0, "hh_income_<10k": 16.0, "hh_income_10_15k": 9.0, "hh_income_15_20k": 8.0, "hh_income_20_25k": 0.0, "hh_income_25_30k": 0.0, "hh_income_30_35k": 17.0, "hh_income_35_40k": 0.0, "hh_income_40_45k": 0.0, "hh_income_45_50k": 13.0, "hh_income_50_60k": 16.0, "hh_income_60_75k": 53.0, "hh_income_75_100k": 9.0, "hh_income_100_125k": 24.0, "hh_income_125_150k": 24.0, "hh_income_150_200k": 0.0, "hh_income_200k+": 136.0}, "geometry": {"type": "Polygon", "coordinates": [[[-118.365412, 33.858276], [-118.364897, 33.858277], [-118.361369, 33.858283], [-118.353627, 33.858316], [-118.353714, 33.858151], [-118.353495, 33.85813], [-118.35361, 33.855502], [-118.353855, 33.855636], [-118.356393, 33.855632], [-118.360522, 33.85485], [-118.362206, 33.854405], [-118.363421, 33.853625], [-118.365248, 33.856312], [-118.365412, 33.858276]]]}}, {"type": "Feature", "properties": {"STATEFP": "06", "COUNTYFP": "037", "TRACTCE": "293307", "BLKGRPCE": "2", "GEOIDFQ": "1500000US060372933072", "GEOID": "060372933072", "NAME": "2", "NAMELSAD": "Block Group 2", "LSAD": "BG", "ALAND": 218032, "AWATER": 0, "lat": 33.78818376953787, "lon": -118.3044677753659, "pop_total": 1186.0, "hh_total": 337.0, "hh_family": 262.0, "kids_0_4": 138.0, "kids_5_9": 90.0, "kids_10_14": 193.0, "kids_15_17": 23.0, "med_hh_income": 46914.0, "mean_hh_income": "63761.12759643917", "med_home_value": 809000.0, "upper_quartile_home_value": 967000.0, "hh_income_total": 337.0, "hh_income_<10k": 13.0, "hh_income_10_15k": 19.0, "hh_income_15_20k": 54.0, "hh_income_20_25k": 0.0, "hh_income_25_30k": 9.0, "hh_income_30_35k": 0.0, "hh_income_35_40k": 0.0, "hh_income_40_45k": 0.0, "hh_income_45_50k": 96.0, "hh_income_50_60k": 19.0, "hh_income_60_75k": 18.0, "hh_income_75_100k": 36.0, "hh_income_100_125k": 35.0, "hh_income_125_150k": 10.0, "hh_income_150_200k": 21.0, "hh_income_200k+": 7.0}, "geometry": {"type": "Polygon", "coordinates": [[[-118.308685, 33.789471], [-118.299929, 33.789452], [-118.299933, 33.788184], [-118.301175, 33.786841], [-118.304285, 33.786849], [-118.307532, 33.786825], [-118.308694, 33.78686], [-118.308685, 33.789471]]]}}, {"type": "Feature", "properties": {"STATEFP": "06", "COUNTYFP": "037", "TRACTCE": "294421", "BLKGRPCE": "1", "GEOIDFQ": "1500000US060372944211", "GEOID": "060372944211", "NAME": "1", "NAMELSAD": "Block Group 1", "LSAD": "BG", "ALAND": 207784, "AWATER": 0, "lat": 33.785557142121625, "lon": -118.29828206953695, "pop_total": 822.0, "hh_total": 371.0, "hh_family": 203.0, "kids_0_4": 23.0, "kids_5_9": 72.0, "kids_10_14": 20.0, "kids_15_17": 22.0, "med_hh_income": 71202.0, "mean_hh_income": "80518.32884097035", "med_home_value": 425900.0, "upper_quartile_home_value": 573900.0, "hh_income_total": 371.0, "hh_income_<10k": 30.0, "hh_income_10_15k": 33.0, "hh_income_15_20k": 0.0, "hh_income_20_25k": 0.0, "hh_income_25_30k": 32.0, "hh_income_30_35k": 0.0, "hh_income_35_40k": 6.0, "hh_income_40_45k": 3.0, "hh_income_45_50k": 18.0, "hh_income_50_60k": 7.0, "hh_income_60_75k": 70.0, "hh_income_75_100k": 61.0, "hh_income_100_125k": 20.0, "hh_income_125_150k": 69.0, "hh_income_150_200k": 11.0, "hh_income_200k+": 11.0}, "geometry": {"type": "Polygon", "coordinates": [[[-118.299933, 33.788184], [-118.299929, 33.789452], [-118.297479, 33.789923], [-118.297488, 33.784799], [-118.297488, 33.78451], [-118.295474, 33.782374], [-118.295654, 33.781028], [-118.297492, 33.78208], [-118.29995, 33.783487], [-118.299933, 33.788184]]]}}, {"type": "Feature", "properties": {"STATEFP": "06", "COUNTYFP": "037", "TRACTCE": "670324", "BLKGRPCE": "1", "GEOIDFQ": "1500000US060376703241", "GEOID": "060376703241", "NAME": "1", "NAMELSAD": "Block Group 1", "LSAD": "BG", "ALAND": 687352, "AWATER": 0, "lat": 33.7975513645572, "lon": -118.3628109038303, "pop_total": 1412.0, "hh_total": 437.0, "hh_family": 344.0, "kids_0_4": 149.0, "kids_5_9": 396.0, "kids_10_14": 8.0, "kids_15_17": 0.0, "med_hh_income": 144512.0, "mean_hh_income": "294581.6933638444", "med_home_value": 1922500.0, "upper_quartile_home_value": 2000001.0, "hh_income_total": 437.0, "hh_income_<10k": 15.0, "hh_income_10_15k": 0.0, "hh_income_15_20k": 0.0, "hh_income_20_25k": 0.0, "hh_income_25_30k": 16.0, "hh_income_30_35k": 0.0, "hh_income_35_40k": 0.0, "hh_income_40_45k": 0.0, "hh_income_45_50k": 0.0, "hh_income_50_60k": 37.0, "hh_income_60_75k": 0.0, "hh_income_75_100k": 33.0, "hh_income_100_125k": 0.0, "hh_income_125_150k": 146.0, "hh_income_150_200k": 12.0, "hh_income_200k+": 178.0}, "geometry": {"type": "Polygon", "coordinates": [[[-118.369296, 33.803653], [-118.367565, 33.803998], [-118.367894, 33.801599], [-118.36541, 33.799002], [-118.359912, 33.797827], [-118.356938, 33.797678], [-118.355388, 33.798856], [-118.351054, 33.795205], [-118.367143, 33.795205], [-118.367495, 33.794149], [-118.368844, 33.794154], [-118.369231, 33.79516], [-118.368552, 33.796232], [-118.368812, 33.798867], [-118.370465, 33.800737], [-118.369296, 33.803653]]]}}, {"type": "Feature", "properties": {"STATEFP": "06", "COUNTYFP": "037", "TRACTCE": "620305", "BLKGRPCE": "6", "GEOIDFQ": "1500000US060376203056", "GEOID": "060376203056", "NAME": "6", "NAMELSAD": "Block Group 6", "LSAD": "BG", "ALAND": 147399, "AWATER": 0, "lat": 33.886531064650235, "lon": -118.41081438253765, "pop_total": 415.0, "hh_total": 130.0, "hh_family": 108.0, "kids_0_4": 74.0, "kids_5_9": 0.0, "kids_10_14": 89.0, "kids_15_17": 0.0, "med_hh_income": -666666666.0, "mean_hh_income": "123624.61538461539", "med_home_value": 1369300.0, "upper_quartile_home_value": 1522300.0, "hh_income_total": 130.0, "hh_income_<10k": 0.0, "hh_income_10_15k": 0.0, "hh_income_15_20k": 0.0, "hh_income_20_25k": 0.0, "hh_income_25_30k": 0.0, "hh_income_30_35k": 0.0, "hh_income_35_40k": 0.0, "hh_income_40_45k": 42.0, "hh_income_45_50k": 0.0, "hh_income_50_60k": 0.0, "hh_income_60_75k": 0.0, "hh_income_75_100k": 0.0, "hh_income_100_125k": 29.0, "hh_income_125_150k": 0.0, "hh_income_150_200k": 59.0, "hh_income_200k+": 0.0}, "geometry": {"type": "Polygon", "coordinates": [[[-118.413212, 33.887923], [-118.409189, 33.888278], [-118.407684, 33.885836], [-118.408706, 33.885461], [-118.412005510604, 33.8843081988504], [-118.413923829232, 33.8879939243082], [-118.413212, 33.887923]]]}}, {"type": "Feature", "properties": {"STATEFP": "06", "COUNTYFP": "037", "TRACTCE": "620522", "BLKGRPCE": "1", "GEOIDFQ": "1500000US060376205221", "GEOID": "060376205221", "NAME": "1", "NAMELSAD": "Block Group 1", "LSAD": "BG", "ALAND": 209910, "AWATER": 0, "lat": 33.87425144053708, "lon": -118.37637132933813, "pop_total": 1154.0, "hh_total": 511.0, "hh_family": 272.0, "kids_0_4": 66.0, "kids_5_9": 38.0, "kids_10_14": 49.0, "kids_15_17": 63.0, "med_hh_income": 164321.0, "mean_hh_income": "188909.98043052838", "med_home_value": 1226400.0, "upper_quartile_home_value": 1453500.0, "hh_income_total": 511.0, "hh_income_<10k": 14.0, "hh_income_10_15k": 0.0, "hh_income_15_20k": 54.0, "hh_income_20_25k": 0.0, "hh_income_25_30k": 0.0, "hh_income_30_35k": 0.0, "hh_income_35_40k": 0.0, "hh_income_40_45k": 0.0, "hh_income_45_50k": 14.0, "hh_income_50_60k": 17.0, "hh_income_60_75k": 26.0, "hh_income_75_100k": 41.0, "hh_income_100_125k": 33.0, "hh_income_125_150k": 8.0, "hh_income_150_200k": 114.0, "hh_income_200k+": 190.0}, "geometry": {"type": "Polygon", "coordinates": [[[-118.380065, 33.875663], [-118.372735, 33.875664], [-118.372725, 33.872837], [-118.379045, 33.872829], [-118.379955, 33.872834], [-118.380065, 33.875663]]]}}, {"type": "Feature", "properties": {"STATEFP": "06", "COUNTYFP": "037", "TRACTCE": "621104", "BLKGRPCE": "3", "GEOIDFQ": "1500000US060376211043", "GEOID": "060376211043", "NAME": "3", "NAMELSAD": "Block Group 3", "LSAD": "BG", "ALAND": 108327, "AWATER": 0, "lat": 33.85465671599219, "lon": -118.3974539412687, "pop_total": 1478.0, "hh_total": 625.0, "hh_family": 221.0, "kids_0_4": 0.0, "kids_5_9": 302.0, "kids_10_14": 0.0, "kids_15_17": 29.0, "med_hh_income": 114948.0, "mean_hh_income": "185055.52", "med_home_value": 1834500.0, "upper_quartile_home_value": 2000001.0, "hh_income_total": 625.0, "hh_income_<10k": 0.0, "hh_income_10_15k": 0.0, "hh_income_15_20k": 0.0, "hh_income_20_25k": 48.0, "hh_income_25_30k": 0.0, "hh_income_30_35k": 0.0, "hh_income_35_40k": 0.0, "hh_income_40_45k": 0.0, "hh_income_45_50k": 0.0, "hh_income_50_60k": 120.0, "hh_income_60_75k": 0.0, "hh_income_75_100k": 110.0, "hh_income_100_125k": 52.0, "hh_income_125_150k": 26.0, "hh_income_150_200k": 142.0, "hh_income_200k+": 127.0}, "geometry": {"type": "Polygon", "coordinates": [[[-118.399573, 33.856182], [-118.396602, 33.856734], [-118.395608, 33.853068], [-118.3974, 33.852504], [-118.397872, 33.852393], [-118.399573, 33.856182]]]}}, {"type": "Feature", "properties": {"STATEFP": "06", "COUNTYFP": "037", "TRACTCE": "621326", "BLKGRPCE": "2", "GEOIDFQ": "1500000US060376213262", "GEOID": "060376213262", "NAME": "2", "NAMELSAD": "Block Group 2", "LSAD": "BG", "ALAND": 194824, "AWATER": 0, "lat": 33.82670764000884, "lon": -118.3878819832803, "pop_total": 1124.0, "hh_total": 555.0, "hh_family": 328.0, "kids_0_4": 64.0, "kids_5_9": 18.0, "kids_10_14": 116.0, "kids_15_17": 73.0, "med_hh_income": 123368.0, "mean_hh_income": "164546.84684684683", "med_home_value": 2000001.0, "upper_quartile_home_value": 2000001.0, "hh_income_total": 555.0, "hh_income_<10k": 42.0, "hh_income_10_15k": 0.0, "hh_income_15_20k": 0.0, "hh_income_20_25k": 8.0, "hh_income_25_30k": 98.0, "hh_income_30_35k": 0.0, "hh_income_35_40k": 0.0, "hh_income_40_45k": 0.0, "hh_income_45_50k": 0.0, "hh_income_50_60k": 0.0, "hh_income_60_75k": 54.0, "hh_income_75_100k": 29.0, "hh_income_100_125k": 70.0, "hh_income_125_150k": 21.0, "hh_income_150_200k": 97.0, "hh_income_200k+": 136.0}, "geometry": {"type": "Polygon", "coordinates": [[[-118.390146560072, 33.8289149090327], [-118.389015, 33.82893], [-118.385523, 33.828809], [-118.385665, 33.828271], [-118.385559, 33.825665], [-118.385506, 33.824622], [-118.390106015008, 33.824467340709], [-118.390146560072, 33.8289149090327]]]}}, {"type": "Feature", "properties": {"STATEFP": "06", "COUNTYFP": "037", "TRACTCE": "621326", "BLKGRPCE": "3", "GEOIDFQ": "1500000US060376213263", "GEOID": "060376213263", "NAME": "3", "NAMELSAD": "Block Group 3", "LSAD": "BG", "ALAND": 244665, "AWATER": 0, "lat": 33.82183700353442, "lon": -118.38767164897735, "pop_total": 978.0, "hh_total": 593.0, "hh_family": 245.0, "kids_0_4": 7.0, "kids_5_9": 17.0, "kids_10_14": 7.0, "kids_15_17": 12.0, "med_hh_income": 121964.0, "mean_hh_income": "166301.85497470488", "med_home_value": 2000001.0, "upper_quartile_home_value": 2000001.0, "hh_income_total": 593.0, "hh_income_<10k": 16.0, "hh_income_10_15k": 15.0, "hh_income_15_20k": 0.0, "hh_income_20_25k": 0.0, "hh_income_25_30k": 0.0, "hh_income_30_35k": 10.0, "hh_income_35_40k": 0.0, "hh_income_40_45k": 10.0, "hh_income_45_50k": 48.0, "hh_income_50_60k": 80.0, "hh_income_60_75k": 27.0, "hh_income_75_100k": 55.0, "hh_income_100_125k": 37.0, "hh_income_125_150k": 90.0, "hh_income_150_200k": 63.0, "hh_income_200k+": 142.0}, "geometry": {"type": "Polygon", "coordinates": [[[-118.390069, 33.820407], [-118.390106015008, 33.824467340709], [-118.385506, 33.824622], [-118.385351, 33.821494], [-118.385164, 33.819877], [-118.38538, 33.818921], [-118.390225172569, 33.8194982890517], [-118.390069, 33.820407]]]}}, {"type": "Feature", "properties": {"STATEFP": "06", "COUNTYFP": "037", "TRACTCE": "650401", "BLKGRPCE": "1", "GEOIDFQ": "1500000US060376504011", "GEOID": "060376504011", "NAME": "1", "NAMELSAD": "Block Group 1", "LSAD": "BG", "ALAND": 2471544, "AWATER": 716, "lat": 33.845505984652384, "lon": -118.34091355637548, "pop_total": 1100.0, "hh_total": 419.0, "hh_family": 307.0, "kids_0_4": 67.0, "kids_5_9": 24.0, "kids_10_14": 73.0, "kids_15_17": 29.0, "med_hh_income": 138542.0, "mean_hh_income": "157936.03818615753", "med_home_value": 964100.0, "upper_quartile_home_value": 1134700.0, "hh_income_total": 419.0, "hh_income_<10k": 0.0, "hh_income_10_15k": 27.0, "hh_income_15_20k": 0.0, "hh_income_20_25k": 5.0, "hh_income_25_30k": 0.0, "hh_income_30_35k": 0.0, "hh_income_35_40k": 0.0, "hh_income_40_45k": 0.0, "hh_income_45_50k": 0.0, "hh_income_50_60k": 17.0, "hh_income_60_75k": 62.0, "hh_income_75_100k": 11.0, "hh_income_100_125k": 26.0, "hh_income_125_150k": 86.0, "hh_income_150_200k": 50.0, "hh_income_200k+": 135.0}, "geometry": {"type": "Polygon", "coordinates": [[[-118.353594, 33.852032], [-118.35361, 33.855502], [-118.353495, 33.85813], [-118.352262, 33.858162], [-118.338031, 33.847587], [-118.336606, 33.847284], [-118.328682, 33.847274], [-118.328676, 33.839338], [-118.334014, 33.83932], [-118.333976, 33.837379], [-118.333798, 33.836807], [-118.333806, 33.836306], [-118.339889, 33.836238], [-118.344786, 33.83749], [-118.344661, 33.838226], [-118.344656, 33.84136], [-118.344652, 33.843175], [-118.344695, 33.846167], [-118.345072, 33.847647], [-118.345119, 33.848493], [-118.353612, 33.84859], [-118.353594, 33.852032]]]}}, {"type": "Feature", "properties": {"STATEFP": "06", "COUNTYFP": "037", "TRACTCE": "650401", "BLKGRPCE": "4", "GEOIDFQ": "1500000US060376504014", "GEOID": "060376504014", "NAME": "4", "NAMELSAD": "Block Group 4", "LSAD": "BG", "ALAND": 258961, "AWATER": 0, "lat": 33.832004382954466, "lon": -118.33668673759429, "pop_total": 1352.0, "hh_total": 390.0, "hh_family": 337.0, "kids_0_4": 64.0, "kids_5_9": 0.0, "kids_10_14": 45.0, "kids_15_17": 66.0, "med_hh_income": 163561.0, "mean_hh_income": "185950.76923076922", "med_home_value": 1040500.0, "upper_quartile_home_value": 1171500.0, "hh_income_total": 390.0, "hh_income_<10k": 10.0, "hh_income_10_15k": 0.0, "hh_income_15_20k": 6.0, "hh_income_20_25k": 0.0, "hh_income_25_30k": 11.0, "hh_income_30_35k": 0.0, "hh_income_35_40k": 0.0, "hh_income_40_45k": 17.0, "hh_income_45_50k": 0.0, "hh_income_50_60k": 0.0, "hh_income_60_75k": 13.0, "hh_income_75_100k": 72.0, "hh_income_100_125k": 33.0, "hh_income_125_150k": 19.0, "hh_income_150_200k": 60.0, "hh_income_200k+": 149.0}, "geometry": {"type": "Polygon", "coordinates": [[[-118.344877, 33.832677], [-118.328603, 33.832861], [-118.328565, 33.831307], [-118.338087, 33.831226], [-118.344889, 33.831176], [-118.344877, 33.832677]]]}}, {"type": "Feature", "properties": {"STATEFP": "06", "COUNTYFP": "037", "TRACTCE": "650901", "BLKGRPCE": "2", "GEOIDFQ": "1500000US060376509012", "GEOID": "060376509012", "NAME": "2", "NAMELSAD": "Block Group 2", "LSAD": "BG", "ALAND": 1220023, "AWATER": 0, "lat": 33.84137016597816, "lon": -118.31564716845213, "pop_total": 1168.0, "hh_total": 517.0, "hh_family": 377.0, "kids_0_4": 28.0, "kids_5_9": 114.0, "kids_10_14": 36.0, "kids_15_17": 43.0, "med_hh_income": 128390.0, "mean_hh_income": "124097.2920696325", "med_home_value": 843200.0, "upper_quartile_home_value": 1254700.0, "hh_income_total": 517.0, "hh_income_<10k": 0.0, "hh_income_10_15k": 21.0, "hh_income_15_20k": 0.0, "hh_income_20_25k": 0.0, "hh_income_25_30k": 0.0, "hh_income_30_35k": 0.0, "hh_income_35_40k": 83.0, "hh_income_40_45k": 17.0, "hh_income_45_50k": 0.0, "hh_income_50_60k": 17.0, "hh_income_60_75k": 53.0, "hh_income_75_100k": 44.0, "hh_income_100_125k": 0.0, "hh_income_125_150k": 86.0, "hh_income_150_200k": 124.0, "hh_income_200k+": 72.0}, "geometry": {"type": "Polygon", "coordinates": [[[-118.328676, 33.839338], [-118.327443, 33.837874], [-118.326306, 33.839355], [-118.324932, 33.838025], [-118.320462, 33.837947], [-118.318627, 33.839598], [-118.318842, 33.844444], [-118.317758, 33.847403], [-118.317144, 33.847474], [-118.309137, 33.847393], [-118.309123, 33.84286], [-118.309122, 33.838207], [-118.30912, 33.838077], [-118.315298, 33.836364], [-118.31645, 33.837421], [-118.31792, 33.836337], [-118.328661, 33.836349], [-118.328676, 33.839338]]]}}, {"type": "Feature", "properties": {"STATEFP": "06", "COUNTYFP": "037", "TRACTCE": "651304", "BLKGRPCE": "5", "GEOIDFQ": "1500000US060376513045", "GEOID": "060376513045", "NAME": "5", "NAMELSAD": "Block Group 5", "LSAD": "BG", "ALAND": 296632, "AWATER": 0, "lat": 33.81277927940953, "lon": -118.37536663862977, "pop_total": 1000.0, "hh_total": 383.0, "hh_family": 256.0, "kids_0_4": 85.0, "kids_5_9": 22.0, "kids_10_14": 153.0, "kids_15_17": 88.0, "med_hh_income": 116918.0, "mean_hh_income": "256175.19582245432", "med_home_value": 1186600.0, "upper_quartile_home_value": 1613700.0, "hh_income_total": 383.0, "hh_income_<10k": 0.0, "hh_income_10_15k": 21.0, "hh_income_15_20k": 34.0, "hh_income_20_25k": 0.0, "hh_income_25_30k": 0.0, "hh_income_30_35k": 0.0, "hh_income_35_40k": 0.0, "hh_income_40_45k": 0.0, "hh_income_45_50k": 0.0, "hh_income_50_60k": 0.0, "hh_income_60_75k": 29.0, "hh_income_75_100k": 37.0, "hh_income_100_125k": 84.0, "hh_income_125_150k": 39.0, "hh_income_150_200k": 53.0, "hh_income_200k+": 86.0}, "geometry": {"type": "Polygon", "coordinates": [[[-118.380962, 33.811745], [-118.380171, 33.812622], [-118.375547, 33.814129], [-118.37571, 33.815809], [-118.375745, 33.815892], [-118.37443, 33.815656], [-118.374432, 33.815565], [-118.37106, 33.81433], [-118.369554, 33.813406], [-118.370509, 33.812855], [-118.37553, 33.810694], [-118.377257, 33.810313], [-118.379117, 33.810764], [-118.380312, 33.810839], [-118.380962, 33.811745]]]}}, {"type": "Feature", "properties": {"STATEFP": "06", "COUNTYFP": "037", "TRACTCE": "651402", "BLKGRPCE": "1", "GEOIDFQ": "1500000US060376514021", "GEOID": "060376514021", "NAME": "1", "NAMELSAD": "Block Group 1", "LSAD": "BG", "ALAND": 294641, "AWATER": 0, "lat": 33.795325621474824, "lon": -118.33922701633553, "pop_total": 1049.0, "hh_total": 408.0, "hh_family": 203.0, "kids_0_4": 22.0, "kids_5_9": 113.0, "kids_10_14": 197.0, "kids_15_17": 19.0, "med_hh_income": 86324.0, "mean_hh_income": "109638.48039215687", "med_home_value": 973700.0, "upper_quartile_home_value": 1168100.0, "hh_income_total": 408.0, "hh_income_<10k": 0.0, "hh_income_10_15k": 0.0, "hh_income_15_20k": 0.0, "hh_income_20_25k": 0.0, "hh_income_25_30k": 15.0, "hh_income_30_35k": 0.0, "hh_income_35_40k": 0.0, "hh_income_40_45k": 0.0, "hh_income_45_50k": 14.0, "hh_income_50_60k": 0.0, "hh_income_60_75k": 65.0, "hh_income_75_100k": 167.0, "hh_income_100_125k": 45.0, "hh_income_125_150k": 22.0, "hh_income_150_200k": 32.0, "hh_income_200k+": 48.0}, "geometry": {"type": "Polygon", "coordinates": [[[-118.344926, 33.799064], [-118.344482, 33.800995], [-118.337231, 33.795064], [-118.33315, 33.792088], [-118.335688, 33.790596], [-118.336828, 33.7902], [-118.337632, 33.78998], [-118.336277, 33.792797], [-118.336921, 33.793], [-118.338031, 33.793295], [-118.339484, 33.794339], [-118.341122, 33.794983], [-118.340774, 33.796613], [-118.345478, 33.798482], [-118.344926, 33.799064]]]}}, {"type": "Feature", "properties": {"STATEFP": "06", "COUNTYFP": "037", "TRACTCE": "670326", "BLKGRPCE": "2", "GEOIDFQ": "1500000US060376703262", "GEOID": "060376703262", "NAME": "2", "NAMELSAD": "Block Group 2", "LSAD": "BG", "ALAND": 2154859, "AWATER": 0, "lat": 33.78550876176358, "lon": -118.40381646336347, "pop_total": 1600.0, "hh_total": 668.0, "hh_family": 485.0, "kids_0_4": 50.0, "kids_5_9": 0.0, "kids_10_14": 191.0, "kids_15_17": 98.0, "med_hh_income": 250001.0, "mean_hh_income": "458989.97005988023", "med_home_value": 2000001.0, "upper_quartile_home_value": 2000001.0, "hh_income_total": 668.0, "hh_income_<10k": 18.0, "hh_income_10_15k": 0.0, "hh_income_15_20k": 0.0, "hh_income_20_25k": 0.0, "hh_income_25_30k": 31.0, "hh_income_30_35k": 25.0, "hh_income_35_40k": 8.0, "hh_income_40_45k": 0.0, "hh_income_45_50k": 0.0, "hh_income_50_60k": 53.0, "hh_income_60_75k": 25.0, "hh_income_75_100k": 0.0, "hh_income_100_125k": 20.0, "hh_income_125_150k": 71.0, "hh_income_150_200k": 24.0, "hh_income_200k+": 393.0}, "geometry": {"type": "Polygon", "coordinates": [[[-118.4152, 33.780709], [-118.41244, 33.785632], [-118.409766, 33.789098], [-118.404875, 33.792346], [-118.404918, 33.794165], [-118.404022, 33.792827], [-118.403011, 33.795583], [-118.399645, 33.796522], [-118.400649, 33.794268], [-118.396715, 33.794613], [-118.399138, 33.792734], [-118.397123, 33.792065], [-118.398804, 33.790406], [-118.40104, 33.789904], [-118.400257, 33.788741], [-118.399243, 33.789042], [-118.395644, 33.788352], [-118.398613, 33.787304], [-118.398664, 33.785819], [-118.39643, 33.78646], [-118.392623, 33.785519], [-118.391132, 33.784084], [-118.392356, 33.781765], [-118.403696, 33.781753], [-118.403702, 33.781359], [-118.404587, 33.781639], [-118.404342, 33.778187], [-118.404914, 33.776364], [-118.404293, 33.775029], [-118.405333, 33.774382], [-118.407007, 33.775279], [-118.409457, 33.77559], [-118.407701, 33.776449], [-118.407247, 33.779268], [-118.407946, 33.780496], [-118.409391, 33.780952], [-118.40998, 33.78005], [-118.412547, 33.779088], [-118.413421, 33.780095], [-118.4152, 33.780709]]]}}, {"type": "Feature", "properties": {"STATEFP": "06", "COUNTYFP": "037", "TRACTCE": "670326", "BLKGRPCE": "3", "GEOIDFQ": "1500000US060376703263", "GEOID": "060376703263", "NAME": "3", "NAMELSAD": "Block Group 3", "LSAD": "BG", "ALAND": 564588, "AWATER": 510448, "lat": 33.786059644714605, "lon": -118.41427703538251, "pop_total": 534.0, "hh_total": 212.0, "hh_family": 212.0, "kids_0_4": 0.0, "kids_5_9": 9.0, "kids_10_14": 9.0, "kids_15_17": 8.0, "med_hh_income": -666666666.0, "mean_hh_income": "236446.22641509434", "med_home_value": 2000001.0, "upper_quartile_home_value": 2000001.0, "hh_income_total": 212.0, "hh_income_<10k": 0.0, "hh_income_10_15k": 0.0, "hh_income_15_20k": 0.0, "hh_income_20_25k": 0.0, "hh_income_25_30k": 0.0, "hh_income_30_35k": 0.0, "hh_income_35_40k": 0.0, "hh_income_40_45k": 0.0, "hh_income_45_50k": 30.0, "hh_income_50_60k": 5.0, "hh_income_60_75k": 67.0, "hh_income_75_100k": 0.0, "hh_income_100_125k": 0.0, "hh_income_125_150k": 7.0, "hh_income_150_200k": 8.0, "hh_income_200k+": 95.0}, "geometry": {"type": "Polygon", "coordinates": [[[-118.418992, 33.784354], [-118.419839827393, 33.7850433998504], [-118.417521, 33.787012], [-118.406997, 33.79145], [-118.40714575325, 33.7934829610792], [-118.404918, 33.794165], [-118.404875, 33.792346], [-118.409766, 33.789098], [-118.41244, 33.785632], [-118.4152, 33.780709], [-118.417686, 33.781506], [-118.421017, 33.781855], [-118.418992, 33.784354]]]}}, {"type": "Feature", "properties": {"STATEFP": "06", "COUNTYFP": "037", "TRACTCE": "670328", "BLKGRPCE": "2", "GEOIDFQ": "1500000US060376703282", "GEOID": "060376703282", "NAME": "2", "NAMELSAD": "Block Group 2", "LSAD": "BG", "ALAND": 1130988, "AWATER": 1405510, "lat": 33.77012295550233, "lon": -118.4194491734496, "pop_total": 1266.0, "hh_total": 485.0, "hh_family": 424.0, "kids_0_4": 26.0, "kids_5_9": 73.0, "kids_10_14": 132.0, "kids_15_17": 34.0, "med_hh_income": 250001.0, "mean_hh_income": "354827.6288659794", "med_home_value": 2000001.0, "upper_quartile_home_value": 2000001.0, "hh_income_total": 485.0, "hh_income_<10k": 0.0, "hh_income_10_15k": 0.0, "hh_income_15_20k": 0.0, "hh_income_20_25k": 0.0, "hh_income_25_30k": 0.0, "hh_income_30_35k": 0.0, "hh_income_35_40k": 0.0, "hh_income_40_45k": 0.0, "hh_income_45_50k": 0.0, "hh_income_50_60k": 9.0, "hh_income_60_75k": 0.0, "hh_income_75_100k": 10.0, "hh_income_100_125k": 7.0, "hh_income_125_150k": 51.0, "hh_income_150_200k": 58.0, "hh_income_200k+": 350.0}, "geometry": {"type": "Polygon", "coordinates": [[[-118.428162, 33.774345], [-118.42442, 33.777811], [-118.423407, 33.782015], [-118.419839827393, 33.7850433998504], [-118.418992, 33.784354], [-118.421017, 33.781855], [-118.42201, 33.780379], [-118.424335, 33.776524], [-118.427019, 33.774215], [-118.426615, 33.773638], [-118.424654, 33.773452], [-118.424909, 33.774595], [-118.423449, 33.773958], [-118.421184, 33.771632], [-118.416842, 33.774055], [-118.413689, 33.769955], [-118.41357, 33.768368], [-118.414633, 33.762807], [-118.417871739077, 33.7623811279848], [-118.417944, 33.762559], [-118.421926, 33.763425], [-118.421731, 33.76592], [-118.42368, 33.766244], [-118.424459, 33.767216], [-118.421731, 33.768934], [-118.421848, 33.770975], [-118.423819, 33.772516], [-118.426837, 33.772401], [-118.428162, 33.774345]]]}}, {"type": "Feature", "properties": {"STATEFP": "06", "COUNTYFP": "037", "TRACTCE": "670416", "BLKGRPCE": "1", "GEOIDFQ": "1500000US060376704161", "GEOID": "060376704161", "NAME": "1", "NAMELSAD": "Block Group 1", "LSAD": "BG", "ALAND": 1653666, "AWATER": 1123792, "lat": 33.75754174697061, "lon": -118.40924823260255, "pop_total": 2002.0, "hh_total": 766.0, "hh_family": 657.0, "kids_0_4": 147.0, "kids_5_9": 80.0, "kids_10_14": 49.0, "kids_15_17": 172.0, "med_hh_income": 179375.0, "mean_hh_income": "303002.8720626632", "med_home_value": 2000001.0, "upper_quartile_home_value": 2000001.0, "hh_income_total": 766.0, "hh_income_<10k": 30.0, "hh_income_10_15k": 0.0, "hh_income_15_20k": 0.0, "hh_income_20_25k": 7.0, "hh_income_25_30k": 0.0, "hh_income_30_35k": 0.0, "hh_income_35_40k": 0.0, "hh_income_40_45k": 0.0, "hh_income_45_50k": 10.0, "hh_income_50_60k": 20.0, "hh_income_60_75k": 83.0, "hh_income_75_100k": 29.0, "hh_income_100_125k": 8.0, "hh_income_125_150k": 58.0, "hh_income_150_200k": 192.0, "hh_income_200k+": 329.0}, "geometry": {"type": "Polygon", "coordinates": [[[-118.414633, 33.762807], [-118.403673, 33.764249], [-118.40367, 33.765841], [-118.400018, 33.764993], [-118.396428, 33.762644], [-118.392538, 33.762213], [-118.393344, 33.760997], [-118.39715, 33.761329], [-118.399983, 33.762721], [-118.400949, 33.763771], [-118.405108, 33.763551], [-118.406632, 33.761848], [-118.406048, 33.758222], [-118.407107, 33.75435], [-118.405248, 33.751659], [-118.405852, 33.750844], [-118.404954, 33.748997], [-118.406398, 33.749584], [-118.413030593493, 33.7480000078583], [-118.412525, 33.74922], [-118.417871739077, 33.7623811279848], [-118.414633, 33.762807]]]}}, {"type": "Feature", "properties": {"STATEFP": "06", "COUNTYFP": "037", "TRACTCE": "670416", "BLKGRPCE": "2", "GEOIDFQ": "1500000US060376704162", "GEOID": "060376704162", "NAME": "2", "NAMELSAD": "Block Group 2", "LSAD": "BG", "ALAND": 1912809, "AWATER": 0, "lat": 33.75455686547832, "lon": -118.40049651301351, "pop_total": 2099.0, "hh_total": 791.0, "hh_family": 553.0, "kids_0_4": 235.0, "kids_5_9": 118.0, "kids_10_14": 159.0, "kids_15_17": 61.0, "med_hh_income": 152390.0, "mean_hh_income": "217453.603034134", "med_home_value": 2000001.0, "upper_quartile_home_value": 2000001.0, "hh_income_total": 791.0, "hh_income_<10k": 23.0, "hh_income_10_15k": 9.0, "hh_income_15_20k": 19.0, "hh_income_20_25k": 30.0, "hh_income_25_30k": 0.0, "hh_income_30_35k": 11.0, "hh_income_35_40k": 0.0, "hh_income_40_45k": 25.0, "hh_income_45_50k": 0.0, "hh_income_50_60k": 22.0, "hh_income_60_75k": 9.0, "hh_income_75_100k": 40.0, "hh_income_100_125k": 104.0, "hh_income_125_150k": 71.0, "hh_income_150_200k": 191.0, "hh_income_200k+": 237.0}, "geometry": {"type": "Polygon", "coordinates": [[[-118.406048, 33.758222], [-118.406632, 33.761848], [-118.405108, 33.763551], [-118.400949, 33.763771], [-118.399983, 33.762721], [-118.39715, 33.761329], [-118.393344, 33.760997], [-118.394719, 33.758751], [-118.396488, 33.753703], [-118.395938, 33.752611], [-118.392742, 33.751146], [-118.392402, 33.750017], [-118.393096, 33.74906], [-118.397353, 33.746256], [-118.400866, 33.745338], [-118.403562, 33.745507], [-118.404954, 33.748997], [-118.405852, 33.750844], [-118.405248, 33.751659], [-118.407107, 33.75435], [-118.406048, 33.758222]]]}}, {"type": "Feature", "properties": {"STATEFP": "06", "COUNTYFP": "037", "TRACTCE": "620701", "BLKGRPCE": "1", "GEOIDFQ": "1500000US060376207011", "GEOID": "060376207011", "NAME": "1", "NAMELSAD": "Block Group 1", "LSAD": "BG", "ALAND": 276718, "AWATER": 0, "lat": 33.87082372581519, "lon": -118.37617908156209, "pop_total": 2260.0, "hh_total": 968.0, "hh_family": 534.0, "kids_0_4": 204.0, "kids_5_9": 181.0, "kids_10_14": 67.0, "kids_15_17": 0.0, "med_hh_income": 143393.0, "mean_hh_income": "204787.70661157026", "med_home_value": 1168300.0, "upper_quartile_home_value": 1332700.0, "hh_income_total": 968.0, "hh_income_<10k": 51.0, "hh_income_10_15k": 0.0, "hh_income_15_20k": 0.0, "hh_income_20_25k": 0.0, "hh_income_25_30k": 0.0, "hh_income_30_35k": 0.0, "hh_income_35_40k": 20.0, "hh_income_40_45k": 0.0, "hh_income_45_50k": 0.0, "hh_income_50_60k": 0.0, "hh_income_60_75k": 123.0, "hh_income_75_100k": 187.0, "hh_income_100_125k": 65.0, "hh_income_125_150k": 47.0, "hh_income_150_200k": 109.0, "hh_income_200k+": 366.0}, "geometry": {"type": "Polygon", "coordinates": [[[-118.379041, 33.870931], [-118.379045, 33.872829], [-118.372725, 33.872837], [-118.372712, 33.869018], [-118.381144, 33.869003], [-118.379041, 33.870931]]]}}, {"type": "Feature", "properties": {"STATEFP": "06", "COUNTYFP": "037", "TRACTCE": "651201", "BLKGRPCE": "3", "GEOIDFQ": "1500000US060376512013", "GEOID": "060376512013", "NAME": "3", "NAMELSAD": "Block Group 3", "LSAD": "BG", "ALAND": 203291, "AWATER": 0, "lat": 33.82120110685224, "lon": -118.36082944771799, "pop_total": 604.0, "hh_total": 231.0, "hh_family": 195.0, "kids_0_4": 17.0, "kids_5_9": 0.0, "kids_10_14": 110.0, "kids_15_17": 0.0, "med_hh_income": -666666666.0, "mean_hh_income": "134121.21212121213", "med_home_value": 1116800.0, "upper_quartile_home_value": 1261000.0, "hh_income_total": 231.0, "hh_income_<10k": 0.0, "hh_income_10_15k": 0.0, "hh_income_15_20k": 0.0, "hh_income_20_25k": 0.0, "hh_income_25_30k": 8.0, "hh_income_30_35k": 0.0, "hh_income_35_40k": 10.0, "hh_income_40_45k": 24.0, "hh_income_45_50k": 0.0, "hh_income_50_60k": 0.0, "hh_income_60_75k": 27.0, "hh_income_75_100k": 24.0, "hh_income_100_125k": 27.0, "hh_income_125_150k": 0.0, "hh_income_150_200k": 74.0, "hh_income_200k+": 37.0}, "geometry": {"type": "Polygon", "coordinates": [[[-118.36249, 33.818633], [-118.36152, 33.820407], [-118.36154, 33.826376], [-118.359815, 33.826224], [-118.359757, 33.826219], [-118.359774, 33.820424], [-118.359782, 33.817029], [-118.361357, 33.817006], [-118.362414, 33.816612], [-118.36249, 33.818633]]]}}, {"type": "Feature", "properties": {"STATEFP": "06", "COUNTYFP": "037", "TRACTCE": "620601", "BLKGRPCE": "3", "GEOIDFQ": "1500000US060376206013", "GEOID": "060376206013", "NAME": "3", "NAMELSAD": "Block Group 3", "LSAD": "BG", "ALAND": 190631, "AWATER": 0, "lat": 33.86773060200127, "lon": -118.36793903713985, "pop_total": 2087.0, "hh_total": 718.0, "hh_family": 517.0, "kids_0_4": 249.0, "kids_5_9": 116.0, "kids_10_14": 77.0, "kids_15_17": 108.0, "med_hh_income": 120326.0, "mean_hh_income": "192764.62395543174", "med_home_value": 1235000.0, "upper_quartile_home_value": 1592400.0, "hh_income_total": 718.0, "hh_income_<10k": 0.0, "hh_income_10_15k": 0.0, "hh_income_15_20k": 0.0, "hh_income_20_25k": 0.0, "hh_income_25_30k": 0.0, "hh_income_30_35k": 38.0, "hh_income_35_40k": 21.0, "hh_income_40_45k": 0.0, "hh_income_45_50k": 48.0, "hh_income_50_60k": 47.0, "hh_income_60_75k": 105.0, "hh_income_75_100k": 13.0, "hh_income_100_125k": 107.0, "hh_income_125_150k": 160.0, "hh_income_150_200k": 31.0, "hh_income_200k+": 148.0}, "geometry": {"type": "Polygon", "coordinates": [[[-118.372712, 33.869018], [-118.36639, 33.869029], [-118.366387, 33.868039], [-118.362171, 33.868046], [-118.36217, 33.867827], [-118.366371, 33.86523], [-118.366385, 33.867106], [-118.372707, 33.867095], [-118.372712, 33.869018]]]}}, {"type": "Feature", "properties": {"STATEFP": "06", "COUNTYFP": "037", "TRACTCE": "621400", "BLKGRPCE": "1", "GEOIDFQ": "1500000US060376214001", "GEOID": "060376214001", "NAME": "1", "NAMELSAD": "Block Group 1", "LSAD": "BG", "ALAND": 513709, "AWATER": 0, "lat": 33.821197334251565, "lon": -118.37765396358616, "pop_total": 1270.0, "hh_total": 570.0, "hh_family": 356.0, "kids_0_4": 81.0, "kids_5_9": 0.0, "kids_10_14": 52.0, "kids_15_17": 65.0, "med_hh_income": 177622.0, "mean_hh_income": "200250.35087719298", "med_home_value": 1218100.0, "upper_quartile_home_value": 1503700.0, "hh_income_total": 570.0, "hh_income_<10k": 0.0, "hh_income_10_15k": 0.0, "hh_income_15_20k": 0.0, "hh_income_20_25k": 35.0, "hh_income_25_30k": 0.0, "hh_income_30_35k": 0.0, "hh_income_35_40k": 0.0, "hh_income_40_45k": 14.0, "hh_income_45_50k": 13.0, "hh_income_50_60k": 8.0, "hh_income_60_75k": 17.0, "hh_income_75_100k": 50.0, "hh_income_100_125k": 55.0, "hh_income_125_150k": 19.0, "hh_income_150_200k": 187.0, "hh_income_200k+": 172.0}, "geometry": {"type": "Polygon", "coordinates": [[[-118.385164, 33.819877], [-118.385351, 33.821494], [-118.384436, 33.821418], [-118.379963, 33.818351], [-118.376887, 33.817709], [-118.376897, 33.820836], [-118.376881, 33.824985], [-118.37688, 33.826023], [-118.379787, 33.826258], [-118.379655, 33.827289], [-118.37688, 33.827063], [-118.376864, 33.828111], [-118.374583, 33.828086], [-118.372924, 33.827657], [-118.374416, 33.827402], [-118.374426, 33.819611], [-118.37443, 33.815656], [-118.375745, 33.815892], [-118.379745, 33.816518], [-118.381824, 33.817726], [-118.383133, 33.818529], [-118.384304, 33.81893], [-118.38538, 33.818921], [-118.385164, 33.819877]]]}}, {"type": "Feature", "properties": {"STATEFP": "06", "COUNTYFP": "037", "TRACTCE": "651302", "BLKGRPCE": "6", "GEOIDFQ": "1500000US060376513026", "GEOID": "060376513026", "NAME": "6", "NAMELSAD": "Block Group 6", "LSAD": "BG", "ALAND": 347842, "AWATER": 0, "lat": 33.806553013312666, "lon": -118.385802104361, "pop_total": 841.0, "hh_total": 304.0, "hh_family": 292.0, "kids_0_4": 31.0, "kids_5_9": 0.0, "kids_10_14": 0.0, "kids_15_17": 0.0, "med_hh_income": 227105.0, "mean_hh_income": "233603.2894736842", "med_home_value": 1932900.0, "upper_quartile_home_value": 2000001.0, "hh_income_total": 304.0, "hh_income_<10k": 19.0, "hh_income_10_15k": 0.0, "hh_income_15_20k": 0.0, "hh_income_20_25k": 0.0, "hh_income_25_30k": 0.0, "hh_income_30_35k": 0.0, "hh_income_35_40k": 0.0, "hh_income_40_45k": 46.0, "hh_income_45_50k": 0.0, "hh_income_50_60k": 0.0, "hh_income_60_75k": 0.0, "hh_income_75_100k": 0.0, "hh_income_100_125k": 13.0, "hh_income_125_150k": 34.0, "hh_income_150_200k": 12.0, "hh_income_200k+": 180.0}, "geometry": {"type": "Polygon", "coordinates": [[[-118.390491, 33.804902], [-118.388704, 33.807966], [-118.387814, 33.807662], [-118.384652, 33.810494], [-118.381592, 33.806809], [-118.383109, 33.804229], [-118.390526, 33.804248], [-118.390491, 33.804902]]]}}, {"type": "Feature", "properties": {"STATEFP": "06", "COUNTYFP": "037", "TRACTCE": "620601", "BLKGRPCE": "4", "GEOIDFQ": "1500000US060376206014", "GEOID": "060376206014", "NAME": "4", "NAMELSAD": "Block Group 4", "LSAD": "BG", "ALAND": 247801, "AWATER": 0, "lat": 33.87093286610211, "lon": -118.36955663182242, "pop_total": 1773.0, "hh_total": 684.0, "hh_family": 399.0, "kids_0_4": 68.0, "kids_5_9": 183.0, "kids_10_14": 185.0, "kids_15_17": 10.0, "med_hh_income": 117598.0, "mean_hh_income": "127026.46198830409", "med_home_value": 896300.0, "upper_quartile_home_value": 1077300.0, "hh_income_total": 684.0, "hh_income_<10k": 20.0, "hh_income_10_15k": 0.0, "hh_income_15_20k": 15.0, "hh_income_20_25k": 51.0, "hh_income_25_30k": 0.0, "hh_income_30_35k": 0.0, "hh_income_35_40k": 0.0, "hh_income_40_45k": 15.0, "hh_income_45_50k": 7.0, "hh_income_50_60k": 0.0, "hh_income_60_75k": 18.0, "hh_income_75_100k": 79.0, "hh_income_100_125k": 186.0, "hh_income_125_150k": 73.0, "hh_income_150_200k": 134.0, "hh_income_200k+": 86.0}, "geometry": {"type": "Polygon", "coordinates": [[[-118.372725, 33.872837], [-118.369931, 33.872841], [-118.366399, 33.872847], [-118.36639, 33.869029], [-118.372712, 33.869018], [-118.372725, 33.872837]]]}}, {"type": "Feature", "properties": {"STATEFP": "06", "COUNTYFP": "037", "TRACTCE": "650603", "BLKGRPCE": "2", "GEOIDFQ": "1500000US060376506032", "GEOID": "060376506032", "NAME": "2", "NAMELSAD": "Block Group 2", "LSAD": "BG", "ALAND": 414875, "AWATER": 0, "lat": 33.84098194604012, "lon": -118.37094063001103, "pop_total": 1287.0, "hh_total": 556.0, "hh_family": 361.0, "kids_0_4": 91.0, "kids_5_9": 9.0, "kids_10_14": 52.0, "kids_15_17": 24.0, "med_hh_income": 116026.0, "mean_hh_income": "135864.74820143884", "med_home_value": 1265900.0, "upper_quartile_home_value": 1744000.0, "hh_income_total": 556.0, "hh_income_<10k": 0.0, "hh_income_10_15k": 8.0, "hh_income_15_20k": 17.0, "hh_income_20_25k": 69.0, "hh_income_25_30k": 10.0, "hh_income_30_35k": 7.0, "hh_income_35_40k": 80.0, "hh_income_40_45k": 0.0, "hh_income_45_50k": 0.0, "hh_income_50_60k": 8.0, "hh_income_60_75k": 33.0, "hh_income_75_100k": 25.0, "hh_income_100_125k": 60.0, "hh_income_125_150k": 28.0, "hh_income_150_200k": 47.0, "hh_income_200k+": 164.0}, "geometry": {"type": "Polygon", "coordinates": [[[-118.375915, 33.842667], [-118.373404, 33.843701], [-118.372154, 33.843038], [-118.366688, 33.843166], [-118.366688, 33.841359], [-118.363852, 33.841358], [-118.364, 33.839889], [-118.371039, 33.839953], [-118.371037, 33.837604], [-118.372754, 33.837785], [-118.375163, 33.838888], [-118.375915, 33.842667]]]}}, {"type": "Feature", "properties": {"STATEFP": "06", "COUNTYFP": "037", "TRACTCE": "620305", "BLKGRPCE": "4", "GEOIDFQ": "1500000US060376203054", "GEOID": "060376203054", "NAME": "4", "NAMELSAD": "Block Group 4", "LSAD": "BG", "ALAND": 138702, "AWATER": 0, "lat": 33.88967604730017, "lon": -118.41160355307036, "pop_total": 1128.0, "hh_total": 430.0, "hh_family": 296.0, "kids_0_4": 0.0, "kids_5_9": 56.0, "kids_10_14": 180.0, "kids_15_17": 94.0, "med_hh_income": -666666666.0, "mean_hh_income": "327733.0232558139", "med_home_value": 2000001.0, "upper_quartile_home_value": 2000001.0, "hh_income_total": 430.0, "hh_income_<10k": 0.0, "hh_income_10_15k": 0.0, "hh_income_15_20k": 23.0, "hh_income_20_25k": 15.0, "hh_income_25_30k": 0.0, "hh_income_30_35k": 60.0, "hh_income_35_40k": 0.0, "hh_income_40_45k": 0.0, "hh_income_45_50k": 0.0, "hh_income_50_60k": 42.0, "hh_income_60_75k": 0.0, "hh_income_75_100k": 27.0, "hh_income_100_125k": 0.0, "hh_income_125_150k": 12.0, "hh_income_150_200k": 38.0, "hh_income_200k+": 213.0}, "geometry": {"type": "Polygon", "coordinates": [[[-118.414871845701, 33.8898153779423], [-118.40905, 33.892031], [-118.407947, 33.892759], [-118.407911, 33.89241], [-118.41, 33.890548], [-118.409189, 33.888278], [-118.413212, 33.887923], [-118.413923829232, 33.8879939243082], [-118.414871845701, 33.8898153779423]]]}}, {"type": "Feature", "properties": {"STATEFP": "06", "COUNTYFP": "037", "TRACTCE": "621204", "BLKGRPCE": "3", "GEOIDFQ": "1500000US060376212043", "GEOID": "060376212043", "NAME": "3", "NAMELSAD": "Block Group 3", "LSAD": "BG", "ALAND": 383665, "AWATER": 0, "lat": 33.84401635282372, "lon": -118.38950631492486, "pop_total": 2023.0, "hh_total": 1345.0, "hh_family": 390.0, "kids_0_4": 41.0, "kids_5_9": 0.0, "kids_10_14": 98.0, "kids_15_17": 26.0, "med_hh_income": 95746.0, "mean_hh_income": "135908.1784386617", "med_home_value": 968800.0, "upper_quartile_home_value": 1198100.0, "hh_income_total": 1345.0, "hh_income_<10k": 66.0, "hh_income_10_15k": 12.0, "hh_income_15_20k": 46.0, "hh_income_20_25k": 106.0, "hh_income_25_30k": 12.0, "hh_income_30_35k": 0.0, "hh_income_35_40k": 28.0, "hh_income_40_45k": 11.0, "hh_income_45_50k": 7.0, "hh_income_50_60k": 98.0, "hh_income_60_75k": 48.0, "hh_income_75_100k": 282.0, "hh_income_100_125k": 107.0, "hh_income_125_150k": 57.0, "hh_income_150_200k": 183.0, "hh_income_200k+": 282.0}, "geometry": {"type": "Polygon", "coordinates": [[[-118.391934, 33.846418], [-118.388525, 33.849103], [-118.387254, 33.844963], [-118.385794, 33.842055], [-118.388442, 33.841905], [-118.388044, 33.838238], [-118.389065, 33.838453], [-118.393505, 33.84605], [-118.391934, 33.846418]]]}}, {"type": "Feature", "properties": {"STATEFP": "06", "COUNTYFP": "037", "TRACTCE": "650701", "BLKGRPCE": "1", "GEOIDFQ": "1500000US060376507011", "GEOID": "060376507011", "NAME": "1", "NAMELSAD": "Block Group 1", "LSAD": "BG", "ALAND": 203966, "AWATER": 0, "lat": 33.83569011168724, "lon": -118.35962277192131, "pop_total": 849.0, "hh_total": 295.0, "hh_family": 229.0, "kids_0_4": 53.0, "kids_5_9": 77.0, "kids_10_14": 73.0, "kids_15_17": 9.0, "med_hh_income": 177125.0, "mean_hh_income": "203385.7627118644", "med_home_value": 1151100.0, "upper_quartile_home_value": 1305400.0, "hh_income_total": 295.0, "hh_income_<10k": 0.0, "hh_income_10_15k": 0.0, "hh_income_15_20k": 0.0, "hh_income_20_25k": 0.0, "hh_income_25_30k": 0.0, "hh_income_30_35k": 0.0, "hh_income_35_40k": 0.0, "hh_income_40_45k": 0.0, "hh_income_45_50k": 7.0, "hh_income_50_60k": 19.0, "hh_income_60_75k": 6.0, "hh_income_75_100k": 63.0, "hh_income_100_125k": 21.0, "hh_income_125_150k": 5.0, "hh_income_150_200k": 38.0, "hh_income_200k+": 136.0}, "geometry": {"type": "Polygon", "coordinates": [[[-118.362356, 33.837588], [-118.357067, 33.837571], [-118.357031, 33.836134], [-118.356654, 33.834126], [-118.361824, 33.833491], [-118.362333, 33.836248], [-118.362356, 33.837588]]]}}, {"type": "Feature", "properties": {"STATEFP": "06", "COUNTYFP": "037", "TRACTCE": "620400", "BLKGRPCE": "4", "GEOIDFQ": "1500000US060376204004", "GEOID": "060376204004", "NAME": "4", "NAMELSAD": "Block Group 4", "LSAD": "BG", "ALAND": 459524, "AWATER": 0, "lat": 33.89099543438099, "lon": -118.39289510784674, "pop_total": 1769.0, "hh_total": 565.0, "hh_family": 465.0, "kids_0_4": 168.0, "kids_5_9": 250.0, "kids_10_14": 144.0, "kids_15_17": 49.0, "med_hh_income": 202880.0, "mean_hh_income": "269479.8230088496", "med_home_value": 2000001.0, "upper_quartile_home_value": 2000001.0, "hh_income_total": 565.0, "hh_income_<10k": 0.0, "hh_income_10_15k": 0.0, "hh_income_15_20k": 0.0, "hh_income_20_25k": 0.0, "hh_income_25_30k": 0.0, "hh_income_30_35k": 13.0, "hh_income_35_40k": 0.0, "hh_income_40_45k": 0.0, "hh_income_45_50k": 0.0, "hh_income_50_60k": 0.0, "hh_income_60_75k": 0.0, "hh_income_75_100k": 36.0, "hh_income_100_125k": 114.0, "hh_income_125_150k": 89.0, "hh_income_150_200k": 27.0, "hh_income_200k+": 286.0}, "geometry": {"type": "Polygon", "coordinates": [[[-118.395994, 33.894618], [-118.389824, 33.894636], [-118.389806, 33.887368], [-118.391712, 33.887355], [-118.395965, 33.887369], [-118.395983, 33.892302], [-118.395994, 33.894618]]]}}, {"type": "Feature", "properties": {"STATEFP": "06", "COUNTYFP": "037", "TRACTCE": "670413", "BLKGRPCE": "2", "GEOIDFQ": "1500000US060376704132", "GEOID": "060376704132", "NAME": "2", "NAMELSAD": "Block Group 2", "LSAD": "BG", "ALAND": 1242766, "AWATER": 0, "lat": 33.768825414306676, "lon": -118.39757815916835, "pop_total": 2774.0, "hh_total": 971.0, "hh_family": 738.0, "kids_0_4": 88.0, "kids_5_9": 254.0, "kids_10_14": 317.0, "kids_15_17": 98.0, "med_hh_income": 166250.0, "mean_hh_income": "207435.324407827", "med_home_value": 1610100.0, "upper_quartile_home_value": 1882400.0, "hh_income_total": 971.0, "hh_income_<10k": 18.0, "hh_income_10_15k": 0.0, "hh_income_15_20k": 0.0, "hh_income_20_25k": 9.0, "hh_income_25_30k": 34.0, "hh_income_30_35k": 13.0, "hh_income_35_40k": 0.0, "hh_income_40_45k": 19.0, "hh_income_45_50k": 0.0, "hh_income_50_60k": 26.0, "hh_income_60_75k": 15.0, "hh_income_75_100k": 140.0, "hh_income_100_125k": 71.0, "hh_income_125_150k": 108.0, "hh_income_150_200k": 69.0, "hh_income_200k+": 449.0}, "geometry": {"type": "Polygon", "coordinates": [[[-118.40368, 33.772511], [-118.403171, 33.775439], [-118.400119, 33.776869], [-118.396262, 33.77119], [-118.392238, 33.772921], [-118.390811, 33.767253], [-118.39081, 33.765436], [-118.391443, 33.763803], [-118.392538, 33.762213], [-118.396428, 33.762644], [-118.400018, 33.764993], [-118.40367, 33.765841], [-118.40368, 33.772511]]]}}, {"type": "Feature", "properties": {"STATEFP": "06", "COUNTYFP": "037", "TRACTCE": "650501", "BLKGRPCE": "1", "GEOIDFQ": "1500000US060376505011", "GEOID": "060376505011", "NAME": "1", "NAMELSAD": "Block Group 1", "LSAD": "BG", "ALAND": 377538, "AWATER": 0, "lat": 33.85091784054774, "lon": -118.35859301113675, "pop_total": 1244.0, "hh_total": 377.0, "hh_family": 352.0, "kids_0_4": 154.0, "kids_5_9": 109.0, "kids_10_14": 35.0, "kids_15_17": 37.0, "med_hh_income": 180144.0, "mean_hh_income": "184755.1724137931", "med_home_value": 1114900.0, "upper_quartile_home_value": 1337500.0, "hh_income_total": 377.0, "hh_income_<10k": 0.0, "hh_income_10_15k": 0.0, "hh_income_15_20k": 0.0, "hh_income_20_25k": 0.0, "hh_income_25_30k": 0.0, "hh_income_30_35k": 0.0, "hh_income_35_40k": 0.0, "hh_income_40_45k": 0.0, "hh_income_45_50k": 18.0, "hh_income_50_60k": 0.0, "hh_income_60_75k": 36.0, "hh_income_75_100k": 22.0, "hh_income_100_125k": 23.0, "hh_income_125_150k": 44.0, "hh_income_150_200k": 96.0, "hh_income_200k+": 138.0}, "geometry": {"type": "Polygon", "coordinates": [[[-118.362206, 33.854405], [-118.360522, 33.85485], [-118.360407, 33.854275], [-118.359656, 33.852188], [-118.35385, 33.852149], [-118.353594, 33.852032], [-118.353612, 33.84859], [-118.35383, 33.848592], [-118.362319, 33.848608], [-118.362195, 33.851354], [-118.363421, 33.853625], [-118.362206, 33.854405]]]}}, {"type": "Feature", "properties": {"STATEFP": "06", "COUNTYFP": "037", "TRACTCE": "620802", "BLKGRPCE": "3", "GEOIDFQ": "1500000US060376208023", "GEOID": "060376208023", "NAME": "3", "NAMELSAD": "Block Group 3", "LSAD": "BG", "ALAND": 643593, "AWATER": 0, "lat": 33.876495694025664, "lon": -118.39160194987018, "pop_total": 965.0, "hh_total": 332.0, "hh_family": 237.0, "kids_0_4": 84.0, "kids_5_9": 93.0, "kids_10_14": 49.0, "kids_15_17": 34.0, "med_hh_income": 214792.0, "mean_hh_income": "367537.0481927711", "med_home_value": 2000001.0, "upper_quartile_home_value": 2000001.0, "hh_income_total": 332.0, "hh_income_<10k": 17.0, "hh_income_10_15k": 0.0, "hh_income_15_20k": 21.0, "hh_income_20_25k": 0.0, "hh_income_25_30k": 0.0, "hh_income_30_35k": 11.0, "hh_income_35_40k": 0.0, "hh_income_40_45k": 0.0, "hh_income_45_50k": 0.0, "hh_income_50_60k": 9.0, "hh_income_60_75k": 0.0, "hh_income_75_100k": 42.0, "hh_income_100_125k": 0.0, "hh_income_125_150k": 55.0, "hh_income_150_200k": 0.0, "hh_income_200k+": 177.0}, "geometry": {"type": "Polygon", "coordinates": [[[-118.395961, 33.88013], [-118.391685, 33.880085], [-118.387354, 33.880092], [-118.387352, 33.879427], [-118.387365, 33.872861], [-118.39041, 33.872804], [-118.391371, 33.872812], [-118.395522, 33.872831], [-118.395963, 33.877101], [-118.395961, 33.88013]]]}}, {"type": "Feature", "properties": {"STATEFP": "06", "COUNTYFP": "037", "TRACTCE": "650606", "BLKGRPCE": "2", "GEOIDFQ": "1500000US060376506062", "GEOID": "060376506062", "NAME": "2", "NAMELSAD": "Block Group 2", "LSAD": "BG", "ALAND": 310071, "AWATER": 0, "lat": 33.83933712566721, "lon": -118.36472905135001, "pop_total": 2135.0, "hh_total": 978.0, "hh_family": 435.0, "kids_0_4": 74.0, "kids_5_9": 149.0, "kids_10_14": 159.0, "kids_15_17": 80.0, "med_hh_income": 130469.0, "mean_hh_income": "115593.9672801636", "med_home_value": 1031300.0, "upper_quartile_home_value": 1140600.0, "hh_income_total": 978.0, "hh_income_<10k": 59.0, "hh_income_10_15k": 26.0, "hh_income_15_20k": 21.0, "hh_income_20_25k": 52.0, "hh_income_25_30k": 0.0, "hh_income_30_35k": 0.0, "hh_income_35_40k": 0.0, "hh_income_40_45k": 36.0, "hh_income_45_50k": 25.0, "hh_income_50_60k": 28.0, "hh_income_60_75k": 30.0, "hh_income_75_100k": 183.0, "hh_income_100_125k": 26.0, "hh_income_125_150k": 139.0, "hh_income_150_200k": 223.0, "hh_income_200k+": 130.0}, "geometry": {"type": "Polygon", "coordinates": [[[-118.371039, 33.839953], [-118.364, 33.839889], [-118.363852, 33.841358], [-118.363378, 33.841355], [-118.358012, 33.841351], [-118.358025, 33.839504], [-118.362348, 33.839524], [-118.362356, 33.837588], [-118.369299, 33.837605], [-118.371037, 33.837604], [-118.371039, 33.839953]]]}}, {"type": "Feature", "properties": {"STATEFP": "06", "COUNTYFP": "037", "TRACTCE": "620305", "BLKGRPCE": "7", "GEOIDFQ": "1500000US060376203057", "GEOID": "060376203057", "NAME": "7", "NAMELSAD": "Block Group 7", "LSAD": "BG", "ALAND": 166100, "AWATER": 0, "lat": 33.895878360000275, "lon": -118.41555468512033, "pop_total": 1309.0, "hh_total": 496.0, "hh_family": 327.0, "kids_0_4": 0.0, "kids_5_9": 239.0, "kids_10_14": 209.0, "kids_15_17": 0.0, "med_hh_income": 147330.0, "mean_hh_income": "251369.5564516129", "med_home_value": 2000001.0, "upper_quartile_home_value": 2000001.0, "hh_income_total": 496.0, "hh_income_<10k": 0.0, "hh_income_10_15k": 0.0, "hh_income_15_20k": 0.0, "hh_income_20_25k": 0.0, "hh_income_25_30k": 0.0, "hh_income_30_35k": 0.0, "hh_income_35_40k": 0.0, "hh_income_40_45k": 0.0, "hh_income_45_50k": 14.0, "hh_income_50_60k": 14.0, "hh_income_60_75k": 0.0, "hh_income_75_100k": 21.0, "hh_income_100_125k": 16.0, "hh_income_125_150k": 189.0, "hh_income_150_200k": 45.0, "hh_income_200k+": 197.0}, "geometry": {"type": "Polygon", "coordinates": [[[-118.41866295288, 33.8970993504998], [-118.415106, 33.898236], [-118.414308, 33.896378], [-118.412731, 33.896839], [-118.412021, 33.895193], [-118.413534, 33.894705], [-118.416787936099, 33.8934968222322], [-118.41866295288, 33.8970993504998]]]}}, {"type": "Feature", "properties": {"STATEFP": "06", "COUNTYFP": "037", "TRACTCE": "650605", "BLKGRPCE": "1", "GEOIDFQ": "1500000US060376506051", "GEOID": "060376506051", "NAME": "1", "NAMELSAD": "Block Group 1", "LSAD": "BG", "ALAND": 484186, "AWATER": 3639, "lat": 33.845830093435495, "lon": -118.34921562317145, "pop_total": 2762.0, "hh_total": 996.0, "hh_family": 701.0, "kids_0_4": 272.0, "kids_5_9": 160.0, "kids_10_14": 172.0, "kids_15_17": 133.0, "med_hh_income": 106719.0, "mean_hh_income": "144459.13654618475", "med_home_value": 1059600.0, "upper_quartile_home_value": 1224900.0, "hh_income_total": 996.0, "hh_income_<10k": 13.0, "hh_income_10_15k": 15.0, "hh_income_15_20k": 8.0, "hh_income_20_25k": 0.0, "hh_income_25_30k": 0.0, "hh_income_30_35k": 20.0, "hh_income_35_40k": 20.0, "hh_income_40_45k": 0.0, "hh_income_45_50k": 15.0, "hh_income_50_60k": 109.0, "hh_income_60_75k": 63.0, "hh_income_75_100k": 200.0, "hh_income_100_125k": 90.0, "hh_income_125_150k": 124.0, "hh_income_150_200k": 90.0, "hh_income_200k+": 229.0}, "geometry": {"type": "Polygon", "coordinates": [[[-118.353612, 33.84859], [-118.345119, 33.848493], [-118.345072, 33.847647], [-118.344695, 33.846167], [-118.344652, 33.843175], [-118.349316, 33.843162], [-118.353606, 33.84319], [-118.353614, 33.844981], [-118.353612, 33.84859]]]}}, {"type": "Feature", "properties": {"STATEFP": "06", "COUNTYFP": "037", "TRACTCE": "602201", "BLKGRPCE": "2", "GEOIDFQ": "1500000US060376022012", "GEOID": "060376022012", "NAME": "2", "NAMELSAD": "Block Group 2", "LSAD": "BG", "ALAND": 353643, "AWATER": 0, "lat": 33.926380065142304, "lon": -118.37078831252502, "pop_total": 1101.0, "hh_total": 435.0, "hh_family": 174.0, "kids_0_4": 104.0, "kids_5_9": 63.0, "kids_10_14": 0.0, "kids_15_17": 0.0, "med_hh_income": 152039.0, "mean_hh_income": "164910.3448275862", "med_home_value": 843800.0, "upper_quartile_home_value": 967000.0, "hh_income_total": 435.0, "hh_income_<10k": 0.0, "hh_income_10_15k": 24.0, "hh_income_15_20k": 0.0, "hh_income_20_25k": 0.0, "hh_income_25_30k": 0.0, "hh_income_30_35k": 0.0, "hh_income_35_40k": 0.0, "hh_income_40_45k": 0.0, "hh_income_45_50k": 0.0, "hh_income_50_60k": 6.0, "hh_income_60_75k": 10.0, "hh_income_75_100k": 20.0, "hh_income_100_125k": 53.0, "hh_income_125_150k": 89.0, "hh_income_150_200k": 125.0, "hh_income_200k+": 108.0}, "geometry": {"type": "Polygon", "coordinates": [[[-118.374381, 33.929013], [-118.368375, 33.929021], [-118.367064, 33.929022], [-118.367263, 33.923913], [-118.370264, 33.923659], [-118.374342, 33.923661], [-118.374381, 33.929013]]]}}, {"type": "Feature", "properties": {"STATEFP": "06", "COUNTYFP": "037", "TRACTCE": "670418", "BLKGRPCE": "1", "GEOIDFQ": "1500000US060376704181", "GEOID": "060376704181", "NAME": "1", "NAMELSAD": "Block Group 1", "LSAD": "BG", "ALAND": 1237773, "AWATER": 0, "lat": 33.78306192729209, "lon": -118.38235210319023, "pop_total": 2050.0, "hh_total": 723.0, "hh_family": 564.0, "kids_0_4": 102.0, "kids_5_9": 66.0, "kids_10_14": 188.0, "kids_15_17": 124.0, "med_hh_income": 227969.0, "mean_hh_income": "262158.9211618257", "med_home_value": 1434200.0, "upper_quartile_home_value": 1954300.0, "hh_income_total": 723.0, "hh_income_<10k": 14.0, "hh_income_10_15k": 9.0, "hh_income_15_20k": 0.0, "hh_income_20_25k": 25.0, "hh_income_25_30k": 0.0, "hh_income_30_35k": 0.0, "hh_income_35_40k": 0.0, "hh_income_40_45k": 18.0, "hh_income_45_50k": 0.0, "hh_income_50_60k": 22.0, "hh_income_60_75k": 28.0, "hh_income_75_100k": 36.0, "hh_income_100_125k": 27.0, "hh_income_125_150k": 40.0, "hh_income_150_200k": 110.0, "hh_income_200k+": 394.0}, "geometry": {"type": "Polygon", "coordinates": [[[-118.392356, 33.781765], [-118.38711, 33.781771], [-118.384762, 33.791079], [-118.379486, 33.78921], [-118.376625, 33.787665], [-118.378968, 33.78429], [-118.376191, 33.780134], [-118.374289, 33.779374], [-118.374375, 33.778868], [-118.37471, 33.777535], [-118.37828, 33.776708], [-118.378934, 33.777192], [-118.380507, 33.778307], [-118.390034, 33.779273], [-118.391035, 33.779036], [-118.392272, 33.780996], [-118.392356, 33.781765]]]}}, {"type": "Feature", "properties": {"STATEFP": "06", "COUNTYFP": "037", "TRACTCE": "670604", "BLKGRPCE": "3", "GEOIDFQ": "1500000US060376706043", "GEOID": "060376706043", "NAME": "3", "NAMELSAD": "Block Group 3", "LSAD": "BG", "ALAND": 3115239, "AWATER": 0, "lat": 33.75059971622394, "lon": -118.36474116163926, "pop_total": 398.0, "hh_total": 136.0, "hh_family": 106.0, "kids_0_4": 24.0, "kids_5_9": 22.0, "kids_10_14": 2.0, "kids_15_17": 0.0, "med_hh_income": 250001.0, "mean_hh_income": "745673.5294117647", "med_home_value": 2000001.0, "upper_quartile_home_value": 2000001.0, "hh_income_total": 136.0, "hh_income_<10k": 0.0, "hh_income_10_15k": 0.0, "hh_income_15_20k": 0.0, "hh_income_20_25k": 0.0, "hh_income_25_30k": 0.0, "hh_income_30_35k": 0.0, "hh_income_35_40k": 0.0, "hh_income_40_45k": 0.0, "hh_income_45_50k": 0.0, "hh_income_50_60k": 14.0, "hh_income_60_75k": 0.0, "hh_income_75_100k": 0.0, "hh_income_100_125k": 16.0, "hh_income_125_150k": 0.0, "hh_income_150_200k": 18.0, "hh_income_200k+": 88.0}, "geometry": {"type": "Polygon", "coordinates": [[[-118.374061, 33.753349], [-118.371551, 33.756764], [-118.37023, 33.757978], [-118.37071, 33.759799], [-118.370009, 33.760523], [-118.369808, 33.762908], [-118.366929, 33.763263], [-118.365756, 33.762487], [-118.365245, 33.760927], [-118.364243, 33.760964], [-118.364548, 33.759452], [-118.361776, 33.758825], [-118.355666, 33.756083], [-118.354944, 33.753741], [-118.354024, 33.751081], [-118.354493, 33.749728], [-118.356317, 33.748454], [-118.357162, 33.746582], [-118.358299, 33.7454], [-118.360306, 33.74015], [-118.364762, 33.74077], [-118.370391, 33.739314], [-118.371573, 33.739515], [-118.373687, 33.74127], [-118.372937, 33.742507], [-118.371332, 33.743198], [-118.370642, 33.744658], [-118.370724, 33.746799], [-118.371957, 33.749531], [-118.373885, 33.751563], [-118.374061, 33.753349]]]}}, {"type": "Feature", "properties": {"STATEFP": "06", "COUNTYFP": "037", "TRACTCE": "650802", "BLKGRPCE": "2", "GEOIDFQ": "1500000US060376508022", "GEOID": "060376508022", "NAME": "2", "NAMELSAD": "Block Group 2", "LSAD": "BG", "ALAND": 388410, "AWATER": 0, "lat": 33.828131253195885, "lon": -118.34190976623609, "pop_total": 1166.0, "hh_total": 549.0, "hh_family": 239.0, "kids_0_4": 72.0, "kids_5_9": 116.0, "kids_10_14": 65.0, "kids_15_17": 40.0, "med_hh_income": -666666666.0, "mean_hh_income": "90158.65209471766", "med_home_value": 598400.0, "upper_quartile_home_value": 682200.0, "hh_income_total": 549.0, "hh_income_<10k": 25.0, "hh_income_10_15k": 150.0, "hh_income_15_20k": 0.0, "hh_income_20_25k": 13.0, "hh_income_25_30k": 12.0, "hh_income_30_35k": 0.0, "hh_income_35_40k": 0.0, "hh_income_40_45k": 10.0, "hh_income_45_50k": 13.0, "hh_income_50_60k": 13.0, "hh_income_60_75k": 54.0, "hh_income_75_100k": 8.0, "hh_income_100_125k": 19.0, "hh_income_125_150k": 103.0, "hh_income_150_200k": 97.0, "hh_income_200k+": 32.0}, "geometry": {"type": "Polygon", "coordinates": [[[-118.344889, 33.831176], [-118.338087, 33.831226], [-118.338087, 33.829378], [-118.339528, 33.829371], [-118.338825, 33.82703], [-118.339906, 33.827126], [-118.339791, 33.824209], [-118.343909, 33.824952], [-118.344899, 33.825051], [-118.344889, 33.831176]]]}}, {"type": "Feature", "properties": {"STATEFP": "06", "COUNTYFP": "037", "TRACTCE": "620001", "BLKGRPCE": "2", "GEOIDFQ": "1500000US060376200012", "GEOID": "060376200012", "NAME": "2", "NAMELSAD": "Block Group 2", "LSAD": "BG", "ALAND": 336043, "AWATER": 0, "lat": 33.924822970176095, "lon": -118.4024516175359, "pop_total": 1217.0, "hh_total": 463.0, "hh_family": 299.0, "kids_0_4": 92.0, "kids_5_9": 57.0, "kids_10_14": 154.0, "kids_15_17": 68.0, "med_hh_income": 132841.0, "mean_hh_income": "134876.45788336932", "med_home_value": 1768600.0, "upper_quartile_home_value": 2000001.0, "hh_income_total": 463.0, "hh_income_<10k": 0.0, "hh_income_10_15k": 0.0, "hh_income_15_20k": 0.0, "hh_income_20_25k": 69.0, "hh_income_25_30k": 6.0, "hh_income_30_35k": 0.0, "hh_income_35_40k": 8.0, "hh_income_40_45k": 0.0, "hh_income_45_50k": 0.0, "hh_income_50_60k": 9.0, "hh_income_60_75k": 76.0, "hh_income_75_100k": 17.0, "hh_income_100_125k": 32.0, "hh_income_125_150k": 35.0, "hh_income_150_200k": 144.0, "hh_income_200k+": 67.0}, "geometry": {"type": "Polygon", "coordinates": [[[-118.41121, 33.925063], [-118.404846, 33.925076], [-118.404847, 33.926037], [-118.398963, 33.926047], [-118.398968, 33.927011], [-118.396278, 33.927016], [-118.396263, 33.923617], [-118.404838, 33.923609], [-118.411212, 33.923596], [-118.41121, 33.925063]]]}}, {"type": "Feature", "properties": {"STATEFP": "06", "COUNTYFP": "037", "TRACTCE": "670003", "BLKGRPCE": "1", "GEOIDFQ": "1500000US060376700031", "GEOID": "060376700031", "NAME": "1", "NAMELSAD": "Block Group 1", "LSAD": "BG", "ALAND": 231435, "AWATER": 0, "lat": 33.800372479380286, "lon": -118.32017556796923, "pop_total": 724.0, "hh_total": 314.0, "hh_family": 217.0, "kids_0_4": 92.0, "kids_5_9": 15.0, "kids_10_14": 0.0, "kids_15_17": 0.0, "med_hh_income": 120365.0, "mean_hh_income": "93855.73248407643", "med_home_value": 732900.0, "upper_quartile_home_value": 974700.0, "hh_income_total": 314.0, "hh_income_<10k": 0.0, "hh_income_10_15k": 0.0, "hh_income_15_20k": 0.0, "hh_income_20_25k": 24.0, "hh_income_25_30k": 19.0, "hh_income_30_35k": 0.0, "hh_income_35_40k": 0.0, "hh_income_40_45k": 54.0, "hh_income_45_50k": 23.0, "hh_income_50_60k": 0.0, "hh_income_60_75k": 11.0, "hh_income_75_100k": 0.0, "hh_income_100_125k": 120.0, "hh_income_125_150k": 30.0, "hh_income_150_200k": 33.0, "hh_income_200k+": 0.0}, "geometry": {"type": "Polygon", "coordinates": [[[-118.32263, 33.803587], [-118.317165, 33.801202], [-118.317229, 33.798213], [-118.322659, 33.798246], [-118.32263, 33.803587]]]}}, {"type": "Feature", "properties": {"STATEFP": "06", "COUNTYFP": "037", "TRACTCE": "651222", "BLKGRPCE": "1", "GEOIDFQ": "1500000US060376512221", "GEOID": "060376512221", "NAME": "1", "NAMELSAD": "Block Group 1", "LSAD": "BG", "ALAND": 655590, "AWATER": 0, "lat": 33.81274824194454, "lon": -118.3621250272578, "pop_total": 3634.0, "hh_total": 1353.0, "hh_family": 781.0, "kids_0_4": 163.0, "kids_5_9": 401.0, "kids_10_14": 454.0, "kids_15_17": 206.0, "med_hh_income": 96453.0, "mean_hh_income": "116818.62527716186", "med_home_value": 1120600.0, "upper_quartile_home_value": 1228700.0, "hh_income_total": 1353.0, "hh_income_<10k": 24.0, "hh_income_10_15k": 0.0, "hh_income_15_20k": 20.0, "hh_income_20_25k": 0.0, "hh_income_25_30k": 0.0, "hh_income_30_35k": 0.0, "hh_income_35_40k": 62.0, "hh_income_40_45k": 14.0, "hh_income_45_50k": 0.0, "hh_income_50_60k": 101.0, "hh_income_60_75k": 237.0, "hh_income_75_100k": 283.0, "hh_income_100_125k": 148.0, "hh_income_125_150k": 181.0, "hh_income_150_200k": 88.0, "hh_income_200k+": 195.0}, "geometry": {"type": "Polygon", "coordinates": [[[-118.369554, 33.813406], [-118.362414, 33.816612], [-118.361357, 33.817006], [-118.359782, 33.817029], [-118.358117, 33.815132], [-118.357804, 33.81449], [-118.357785, 33.80766], [-118.365087, 33.810497], [-118.369554, 33.813406]]]}}, {"type": "Feature", "properties": {"STATEFP": "06", "COUNTYFP": "037", "TRACTCE": "621324", "BLKGRPCE": "2", "GEOIDFQ": "1500000US060376213242", "GEOID": "060376213242", "NAME": "2", "NAMELSAD": "Block Group 2", "LSAD": "BG", "ALAND": 190158, "AWATER": 0, "lat": 33.838454938219705, "lon": -118.38675370284403, "pop_total": 613.0, "hh_total": 415.0, "hh_family": 104.0, "kids_0_4": 22.0, "kids_5_9": 0.0, "kids_10_14": 0.0, "kids_15_17": 0.0, "med_hh_income": 97966.0, "mean_hh_income": "188069.39759036145", "med_home_value": 1566200.0, "upper_quartile_home_value": 1829000.0, "hh_income_total": 415.0, "hh_income_<10k": 14.0, "hh_income_10_15k": 0.0, "hh_income_15_20k": 0.0, "hh_income_20_25k": 21.0, "hh_income_25_30k": 0.0, "hh_income_30_35k": 0.0, "hh_income_35_40k": 0.0, "hh_income_40_45k": 0.0, "hh_income_45_50k": 27.0, "hh_income_50_60k": 88.0, "hh_income_60_75k": 0.0, "hh_income_75_100k": 99.0, "hh_income_100_125k": 35.0, "hh_income_125_150k": 0.0, "hh_income_150_200k": 47.0, "hh_income_200k+": 84.0}, "geometry": {"type": "Polygon", "coordinates": [[[-118.388442, 33.841905], [-118.385794, 33.842055], [-118.385271, 33.8365], [-118.385113, 33.834706], [-118.385309, 33.834717], [-118.387807, 33.835176], [-118.388044, 33.838238], [-118.388442, 33.841905]]]}}, {"type": "Feature", "properties": {"STATEFP": "06", "COUNTYFP": "037", "TRACTCE": "670326", "BLKGRPCE": "1", "GEOIDFQ": "1500000US060376703261", "GEOID": "060376703261", "NAME": "1", "NAMELSAD": "Block Group 1", "LSAD": "BG", "ALAND": 1319294, "AWATER": 0, "lat": 33.78908831269286, "lon": -118.39179279923833, "pop_total": 1103.0, "hh_total": 473.0, "hh_family": 312.0, "kids_0_4": 11.0, "kids_5_9": 70.0, "kids_10_14": 31.0, "kids_15_17": 73.0, "med_hh_income": 250001.0, "mean_hh_income": "498289.2177589852", "med_home_value": 2000001.0, "upper_quartile_home_value": 2000001.0, "hh_income_total": 473.0, "hh_income_<10k": 0.0, "hh_income_10_15k": 0.0, "hh_income_15_20k": 10.0, "hh_income_20_25k": 0.0, "hh_income_25_30k": 4.0, "hh_income_30_35k": 6.0, "hh_income_35_40k": 10.0, "hh_income_40_45k": 0.0, "hh_income_45_50k": 18.0, "hh_income_50_60k": 11.0, "hh_income_60_75k": 0.0, "hh_income_75_100k": 38.0, "hh_income_100_125k": 32.0, "hh_income_125_150k": 4.0, "hh_income_150_200k": 43.0, "hh_income_200k+": 297.0}, "geometry": {"type": "Polygon", "coordinates": [[[-118.40104, 33.789904], [-118.398804, 33.790406], [-118.397123, 33.792065], [-118.399138, 33.792734], [-118.396715, 33.794613], [-118.391883, 33.795981], [-118.39163, 33.795529], [-118.391384, 33.794194], [-118.388475, 33.793302], [-118.384789, 33.791085], [-118.384762, 33.791079], [-118.38711, 33.781771], [-118.392356, 33.781765], [-118.391132, 33.784084], [-118.392623, 33.785519], [-118.39643, 33.78646], [-118.398664, 33.785819], [-118.398613, 33.787304], [-118.395644, 33.788352], [-118.399243, 33.789042], [-118.400257, 33.788741], [-118.40104, 33.789904]]]}}, {"type": "Feature", "properties": {"STATEFP": "06", "COUNTYFP": "037", "TRACTCE": "650604", "BLKGRPCE": "3", "GEOIDFQ": "1500000US060376506043", "GEOID": "060376506043", "NAME": "3", "NAMELSAD": "Block Group 3", "LSAD": "BG", "ALAND": 181642, "AWATER": 0, "lat": 33.83943917366882, "lon": -118.34698847689056, "pop_total": 1668.0, "hh_total": 932.0, "hh_family": 307.0, "kids_0_4": 81.0, "kids_5_9": 21.0, "kids_10_14": 65.0, "kids_15_17": 0.0, "med_hh_income": 71439.0, "mean_hh_income": "129013.41201716739", "med_home_value": 809100.0, "upper_quartile_home_value": 1017000.0, "hh_income_total": 932.0, "hh_income_<10k": 65.0, "hh_income_10_15k": 122.0, "hh_income_15_20k": 0.0, "hh_income_20_25k": 52.0, "hh_income_25_30k": 0.0, "hh_income_30_35k": 0.0, "hh_income_35_40k": 60.0, "hh_income_40_45k": 0.0, "hh_income_45_50k": 21.0, "hh_income_50_60k": 26.0, "hh_income_60_75k": 162.0, "hh_income_75_100k": 12.0, "hh_income_100_125k": 50.0, "hh_income_125_150k": 63.0, "hh_income_150_200k": 68.0, "hh_income_200k+": 231.0}, "geometry": {"type": "Polygon", "coordinates": [[[-118.349318, 33.841351], [-118.344656, 33.84136], [-118.344661, 33.838226], [-118.344786, 33.83749], [-118.349318, 33.837538], [-118.349318, 33.841351]]]}}, {"type": "Feature", "properties": {"STATEFP": "06", "COUNTYFP": "037", "TRACTCE": "620521", "BLKGRPCE": "2", "GEOIDFQ": "1500000US060376205212", "GEOID": "060376205212", "NAME": "2", "NAMELSAD": "Block Group 2", "LSAD": "BG", "ALAND": 156268, "AWATER": 0, "lat": 33.874974141114734, "lon": -118.36330097801842, "pop_total": 870.0, "hh_total": 548.0, "hh_family": 134.0, "kids_0_4": 60.0, "kids_5_9": 0.0, "kids_10_14": 22.0, "kids_15_17": 0.0, "med_hh_income": 95032.0, "mean_hh_income": "135140.87591240875", "med_home_value": 1184000.0, "upper_quartile_home_value": 1367100.0, "hh_income_total": 548.0, "hh_income_<10k": 0.0, "hh_income_10_15k": 0.0, "hh_income_15_20k": 0.0, "hh_income_20_25k": 0.0, "hh_income_25_30k": 0.0, "hh_income_30_35k": 0.0, "hh_income_35_40k": 39.0, "hh_income_40_45k": 31.0, "hh_income_45_50k": 38.0, "hh_income_50_60k": 24.0, "hh_income_60_75k": 32.0, "hh_income_75_100k": 187.0, "hh_income_100_125k": 121.0, "hh_income_125_150k": 17.0, "hh_income_150_200k": 9.0, "hh_income_200k+": 50.0}, "geometry": {"type": "Polygon", "coordinates": [[[-118.366407, 33.87661], [-118.3613, 33.87662], [-118.36129, 33.872858], [-118.362182, 33.872856], [-118.364292, 33.872852], [-118.364296, 33.874747], [-118.366405, 33.875676], [-118.366407, 33.87661]]]}}, {"type": "Feature", "properties": {"STATEFP": "06", "COUNTYFP": "037", "TRACTCE": "650604", "BLKGRPCE": "2", "GEOIDFQ": "1500000US060376506042", "GEOID": "060376506042", "NAME": "2", "NAMELSAD": "Block Group 2", "LSAD": "BG", "ALAND": 87139, "AWATER": 0, "lat": 33.842262087157856, "lon": -118.34698464367534, "pop_total": 907.0, "hh_total": 450.0, "hh_family": 165.0, "kids_0_4": 0.0, "kids_5_9": 65.0, "kids_10_14": 103.0, "kids_15_17": 13.0, "med_hh_income": 65000.0, "mean_hh_income": "77286.22222222222", "med_home_value": -666666666.0, "upper_quartile_home_value": -666666666.0, "hh_income_total": 450.0, "hh_income_<10k": 30.0, "hh_income_10_15k": 0.0, "hh_income_15_20k": 0.0, "hh_income_20_25k": 0.0, "hh_income_25_30k": 34.0, "hh_income_30_35k": 10.0, "hh_income_35_40k": 0.0, "hh_income_40_45k": 61.0, "hh_income_45_50k": 0.0, "hh_income_50_60k": 41.0, "hh_income_60_75k": 128.0, "hh_income_75_100k": 11.0, "hh_income_100_125k": 0.0, "hh_income_125_150k": 124.0, "hh_income_150_200k": 11.0, "hh_income_200k+": 0.0}, "geometry": {"type": "Polygon", "coordinates": [[[-118.349316, 33.843162], [-118.344652, 33.843175], [-118.344656, 33.84136], [-118.349318, 33.841351], [-118.349316, 33.843162]]]}}, {"type": "Feature", "properties": {"STATEFP": "06", "COUNTYFP": "037", "TRACTCE": "651002", "BLKGRPCE": "3", "GEOIDFQ": "1500000US060376510023", "GEOID": "060376510023", "NAME": "3", "NAMELSAD": "Block Group 3", "LSAD": "BG", "ALAND": 283307, "AWATER": 0, "lat": 33.81160626008699, "lon": -118.32384881441627, "pop_total": 1121.0, "hh_total": 501.0, "hh_family": 297.0, "kids_0_4": 0.0, "kids_5_9": 18.0, "kids_10_14": 49.0, "kids_15_17": 43.0, "med_hh_income": 96094.0, "mean_hh_income": "130430.7385229541", "med_home_value": 1053400.0, "upper_quartile_home_value": 1201300.0, "hh_income_total": 501.0, "hh_income_<10k": 46.0, "hh_income_10_15k": 9.0, "hh_income_15_20k": 0.0, "hh_income_20_25k": 0.0, "hh_income_25_30k": 8.0, "hh_income_30_35k": 9.0, "hh_income_35_40k": 0.0, "hh_income_40_45k": 24.0, "hh_income_45_50k": 19.0, "hh_income_50_60k": 9.0, "hh_income_60_75k": 21.0, "hh_income_75_100k": 139.0, "hh_income_100_125k": 7.0, "hh_income_125_150k": 58.0, "hh_income_150_200k": 84.0, "hh_income_200k+": 68.0}, "geometry": {"type": "Polygon", "coordinates": [[[-118.328032, 33.812774], [-118.325307, 33.813478], [-118.319871, 33.813458], [-118.319875, 33.812752], [-118.319899, 33.809842], [-118.327998, 33.809843], [-118.328032, 33.812774]]]}}, {"type": "Feature", "properties": {"STATEFP": "06", "COUNTYFP": "037", "TRACTCE": "620501", "BLKGRPCE": "3", "GEOIDFQ": "1500000US060376205013", "GEOID": "060376205013", "NAME": "3", "NAMELSAD": "Block Group 3", "LSAD": "BG", "ALAND": 1045044, "AWATER": 0, "lat": 33.88854807192035, "lon": -118.36595262348325, "pop_total": 1013.0, "hh_total": 305.0, "hh_family": 276.0, "kids_0_4": 194.0, "kids_5_9": 68.0, "kids_10_14": 43.0, "kids_15_17": 26.0, "med_hh_income": -666666666.0, "mean_hh_income": "191763.2786885246", "med_home_value": 1140100.0, "upper_quartile_home_value": 1369200.0, "hh_income_total": 305.0, "hh_income_<10k": 0.0, "hh_income_10_15k": 0.0, "hh_income_15_20k": 21.0, "hh_income_20_25k": 0.0, "hh_income_25_30k": 0.0, "hh_income_30_35k": 0.0, "hh_income_35_40k": 0.0, "hh_income_40_45k": 0.0, "hh_income_45_50k": 37.0, "hh_income_50_60k": 19.0, "hh_income_60_75k": 41.0, "hh_income_75_100k": 18.0, "hh_income_100_125k": 15.0, "hh_income_125_150k": 0.0, "hh_income_150_200k": 0.0, "hh_income_200k+": 154.0}, "geometry": {"type": "Polygon", "coordinates": [[[-118.37015, 33.894615], [-118.37006, 33.894615], [-118.365858, 33.894643], [-118.36129, 33.894653], [-118.361327, 33.887374], [-118.361319, 33.884501], [-118.361317, 33.883538], [-118.363126, 33.88401], [-118.364905, 33.882322], [-118.365128, 33.887367], [-118.366456, 33.887365], [-118.366458, 33.885367], [-118.368619, 33.885222], [-118.365894, 33.881415], [-118.366414, 33.880115], [-118.369954, 33.880096], [-118.369965, 33.883728], [-118.369952, 33.886896], [-118.370146, 33.887386], [-118.37015, 33.894615]]]}}, {"type": "Feature", "properties": {"STATEFP": "06", "COUNTYFP": "037", "TRACTCE": "620501", "BLKGRPCE": "6", "GEOIDFQ": "1500000US060376205016", "GEOID": "060376205016", "NAME": "6", "NAMELSAD": "Block Group 6", "LSAD": "BG", "ALAND": 813623, "AWATER": 0, "lat": 33.88970581050913, "lon": -118.3749401003411, "pop_total": 1278.0, "hh_total": 529.0, "hh_family": 351.0, "kids_0_4": 80.0, "kids_5_9": 56.0, "kids_10_14": 61.0, "kids_15_17": 84.0, "med_hh_income": 176777.0, "mean_hh_income": "178408.69565217392", "med_home_value": 1436400.0, "upper_quartile_home_value": 1639800.0, "hh_income_total": 529.0, "hh_income_<10k": 0.0, "hh_income_10_15k": 0.0, "hh_income_15_20k": 0.0, "hh_income_20_25k": 0.0, "hh_income_25_30k": 0.0, "hh_income_30_35k": 18.0, "hh_income_35_40k": 0.0, "hh_income_40_45k": 0.0, "hh_income_45_50k": 17.0, "hh_income_50_60k": 36.0, "hh_income_60_75k": 0.0, "hh_income_75_100k": 48.0, "hh_income_100_125k": 25.0, "hh_income_125_150k": 25.0, "hh_income_150_200k": 147.0, "hh_income_200k+": 213.0}, "geometry": {"type": "Polygon", "coordinates": [[[-118.378721, 33.894646], [-118.37015, 33.894615], [-118.370146, 33.887386], [-118.374881, 33.887381], [-118.374875, 33.884654], [-118.374868, 33.882786], [-118.378666, 33.88278], [-118.378664, 33.883714], [-118.37868, 33.887376], [-118.378688, 33.891917], [-118.378721, 33.894646]]]}}, {"type": "Feature", "properties": {"STATEFP": "06", "COUNTYFP": "037", "TRACTCE": "620002", "BLKGRPCE": "1", "GEOIDFQ": "1500000US060376200021", "GEOID": "060376200021", "NAME": "1", "NAMELSAD": "Block Group 1", "LSAD": "BG", "ALAND": 291888, "AWATER": 0, "lat": 33.91874334505402, "lon": -118.40784305629285, "pop_total": 1057.0, "hh_total": 493.0, "hh_family": 170.0, "kids_0_4": 0.0, "kids_5_9": 58.0, "kids_10_14": 130.0, "kids_15_17": 63.0, "med_hh_income": 145417.0, "mean_hh_income": "144060.4462474645", "med_home_value": 1139700.0, "upper_quartile_home_value": -666666666.0, "hh_income_total": 493.0, "hh_income_<10k": 0.0, "hh_income_10_15k": 0.0, "hh_income_15_20k": 9.0, "hh_income_20_25k": 0.0, "hh_income_25_30k": 0.0, "hh_income_30_35k": 0.0, "hh_income_35_40k": 28.0, "hh_income_40_45k": 0.0, "hh_income_45_50k": 0.0, "hh_income_50_60k": 48.0, "hh_income_60_75k": 30.0, "hh_income_75_100k": 58.0, "hh_income_100_125k": 35.0, "hh_income_125_150k": 100.0, "hh_income_150_200k": 86.0, "hh_income_200k+": 99.0}, "geometry": {"type": "Polygon", "coordinates": [[[-118.411198, 33.919413], [-118.40999, 33.920844], [-118.407743, 33.920848], [-118.407749, 33.922234], [-118.404836, 33.920862], [-118.40481, 33.916383], [-118.411182, 33.916363], [-118.411198, 33.919413]]]}}, {"type": "Feature", "properties": {"STATEFP": "06", "COUNTYFP": "037", "TRACTCE": "651304", "BLKGRPCE": "4", "GEOIDFQ": "1500000US060376513044", "GEOID": "060376513044", "NAME": "4", "NAMELSAD": "Block Group 4", "LSAD": "BG", "ALAND": 212512, "AWATER": 0, "lat": 33.81061146914356, "lon": -118.38510529111802, "pop_total": 1081.0, "hh_total": 390.0, "hh_family": 341.0, "kids_0_4": 67.0, "kids_5_9": 0.0, "kids_10_14": 78.0, "kids_15_17": 78.0, "med_hh_income": 170476.0, "mean_hh_income": "169979.23076923078", "med_home_value": -666666666.0, "upper_quartile_home_value": 2000001.0, "hh_income_total": 390.0, "hh_income_<10k": 11.0, "hh_income_10_15k": 0.0, "hh_income_15_20k": 0.0, "hh_income_20_25k": 0.0, "hh_income_25_30k": 0.0, "hh_income_30_35k": 0.0, "hh_income_35_40k": 0.0, "hh_income_40_45k": 18.0, "hh_income_45_50k": 19.0, "hh_income_50_60k": 0.0, "hh_income_60_75k": 0.0, "hh_income_75_100k": 38.0, "hh_income_100_125k": 31.0, "hh_income_125_150k": 42.0, "hh_income_150_200k": 106.0, "hh_income_200k+": 125.0}, "geometry": {"type": "Polygon", "coordinates": [[[-118.39053, 33.80676], [-118.386761, 33.811275], [-118.383453, 33.811838], [-118.3837, 33.814641], [-118.382846, 33.814759], [-118.380171, 33.812622], [-118.380962, 33.811745], [-118.380312, 33.810839], [-118.383517, 33.810933], [-118.384652, 33.810494], [-118.387814, 33.807662], [-118.388704, 33.807966], [-118.390491, 33.804902], [-118.391114, 33.804946], [-118.39053, 33.80676]]]}}, {"type": "Feature", "properties": {"STATEFP": "06", "COUNTYFP": "037", "TRACTCE": "670328", "BLKGRPCE": "1", "GEOIDFQ": "1500000US060376703281", "GEOID": "060376703281", "NAME": "1", "NAMELSAD": "Block Group 1", "LSAD": "BG", "ALAND": 642164, "AWATER": 0, "lat": 33.7769057834083, "lon": -118.4204176111181, "pop_total": 635.0, "hh_total": 267.0, "hh_family": 218.0, "kids_0_4": 32.0, "kids_5_9": 0.0, "kids_10_14": 31.0, "kids_15_17": 36.0, "med_hh_income": 189583.0, "mean_hh_income": "274042.32209737826", "med_home_value": 2000001.0, "upper_quartile_home_value": 2000001.0, "hh_income_total": 267.0, "hh_income_<10k": 22.0, "hh_income_10_15k": 0.0, "hh_income_15_20k": 0.0, "hh_income_20_25k": 9.0, "hh_income_25_30k": 0.0, "hh_income_30_35k": 0.0, "hh_income_35_40k": 10.0, "hh_income_40_45k": 0.0, "hh_income_45_50k": 11.0, "hh_income_50_60k": 17.0, "hh_income_60_75k": 0.0, "hh_income_75_100k": 5.0, "hh_income_100_125k": 0.0, "hh_income_125_150k": 21.0, "hh_income_150_200k": 40.0, "hh_income_200k+": 132.0}, "geometry": {"type": "Polygon", "coordinates": [[[-118.427019, 33.774215], [-118.424335, 33.776524], [-118.42201, 33.780379], [-118.421017, 33.781855], [-118.417686, 33.781506], [-118.4152, 33.780709], [-118.417425, 33.776154], [-118.416842, 33.774055], [-118.421184, 33.771632], [-118.423449, 33.773958], [-118.424909, 33.774595], [-118.424654, 33.773452], [-118.426615, 33.773638], [-118.427019, 33.774215]]]}}, {"type": "Feature", "properties": {"STATEFP": "06", "COUNTYFP": "037", "TRACTCE": "621201", "BLKGRPCE": "3", "GEOIDFQ": "1500000US060376212013", "GEOID": "060376212013", "NAME": "3", "NAMELSAD": "Block Group 3", "LSAD": "BG", "ALAND": 390762, "AWATER": 0, "lat": 33.84993573941492, "lon": -118.38629761021066, "pop_total": 2700.0, "hh_total": 1341.0, "hh_family": 642.0, "kids_0_4": 156.0, "kids_5_9": 199.0, "kids_10_14": 262.0, "kids_15_17": 72.0, "med_hh_income": 114688.0, "mean_hh_income": "176168.3818046234", "med_home_value": 1035000.0, "upper_quartile_home_value": 1347500.0, "hh_income_total": 1341.0, "hh_income_<10k": 30.0, "hh_income_10_15k": 0.0, "hh_income_15_20k": 0.0, "hh_income_20_25k": 54.0, "hh_income_25_30k": 45.0, "hh_income_30_35k": 0.0, "hh_income_35_40k": 23.0, "hh_income_40_45k": 0.0, "hh_income_45_50k": 29.0, "hh_income_50_60k": 63.0, "hh_income_60_75k": 33.0, "hh_income_75_100k": 301.0, "hh_income_100_125k": 97.0, "hh_income_125_150k": 60.0, "hh_income_150_200k": 137.0, "hh_income_200k+": 469.0}, "geometry": {"type": "Polygon", "coordinates": [[[-118.389556, 33.854545], [-118.385243, 33.852376], [-118.381513, 33.84948], [-118.387254, 33.844963], [-118.388525, 33.849103], [-118.390142, 33.854356], [-118.389556, 33.854545]]]}}, {"type": "Feature", "properties": {"STATEFP": "06", "COUNTYFP": "037", "TRACTCE": "620102", "BLKGRPCE": "2", "GEOIDFQ": "1500000US060376201022", "GEOID": "060376201022", "NAME": "2", "NAMELSAD": "Block Group 2", "LSAD": "BG", "ALAND": 237816, "AWATER": 0, "lat": 33.91776122559993, "lon": -118.41517242467184, "pop_total": 721.0, "hh_total": 335.0, "hh_family": 135.0, "kids_0_4": 11.0, "kids_5_9": 26.0, "kids_10_14": 95.0, "kids_15_17": 19.0, "med_hh_income": 110208.0, "mean_hh_income": "138762.08955223882", "med_home_value": -666666666.0, "upper_quartile_home_value": -666666666.0, "hh_income_total": 335.0, "hh_income_<10k": 12.0, "hh_income_10_15k": 24.0, "hh_income_15_20k": 8.0, "hh_income_20_25k": 0.0, "hh_income_25_30k": 0.0, "hh_income_30_35k": 0.0, "hh_income_35_40k": 0.0, "hh_income_40_45k": 0.0, "hh_income_45_50k": 0.0, "hh_income_50_60k": 0.0, "hh_income_60_75k": 50.0, "hh_income_75_100k": 50.0, "hh_income_100_125k": 29.0, "hh_income_125_150k": 42.0, "hh_income_150_200k": 55.0, "hh_income_200k+": 65.0}, "geometry": {"type": "Polygon", "coordinates": [[[-118.419468, 33.918891], [-118.418317, 33.918969], [-118.415504, 33.919021], [-118.413519, 33.919405], [-118.411198, 33.919413], [-118.411182, 33.916363], [-118.419456, 33.916346], [-118.419468, 33.918891]]]}}, {"type": "Feature", "properties": {"STATEFP": "06", "COUNTYFP": "037", "TRACTCE": "543606", "BLKGRPCE": "2", "GEOIDFQ": "1500000US060375436062", "GEOID": "060375436062", "NAME": "2", "NAMELSAD": "Block Group 2", "LSAD": "BG", "ALAND": 422238, "AWATER": 0, "lat": 33.821699647965154, "lon": -118.2909784456913, "pop_total": 2821.0, "hh_total": 908.0, "hh_family": 689.0, "kids_0_4": 378.0, "kids_5_9": 115.0, "kids_10_14": 39.0, "kids_15_17": 82.0, "med_hh_income": 106512.0, "mean_hh_income": "112137.4449339207", "med_home_value": 653300.0, "upper_quartile_home_value": 811900.0, "hh_income_total": 908.0, "hh_income_<10k": 17.0, "hh_income_10_15k": 50.0, "hh_income_15_20k": 0.0, "hh_income_20_25k": 11.0, "hh_income_25_30k": 0.0, "hh_income_30_35k": 59.0, "hh_income_35_40k": 11.0, "hh_income_40_45k": 28.0, "hh_income_45_50k": 0.0, "hh_income_50_60k": 25.0, "hh_income_60_75k": 68.0, "hh_income_75_100k": 117.0, "hh_income_100_125k": 173.0, "hh_income_125_150k": 77.0, "hh_income_150_200k": 224.0, "hh_income_200k+": 48.0}, "geometry": {"type": "Polygon", "coordinates": [[[-118.294737, 33.824491], [-118.287228, 33.824383], [-118.287191, 33.818957], [-118.292139, 33.818965], [-118.294716, 33.818975], [-118.294737, 33.824491]]]}}, {"type": "Feature", "properties": {"STATEFP": "06", "COUNTYFP": "037", "TRACTCE": "670405", "BLKGRPCE": "1", "GEOIDFQ": "1500000US060376704051", "GEOID": "060376704051", "NAME": "1", "NAMELSAD": "Block Group 1", "LSAD": "BG", "ALAND": 1162018, "AWATER": 0, "lat": 33.765467636285955, "lon": -118.37348975234575, "pop_total": 1577.0, "hh_total": 656.0, "hh_family": 426.0, "kids_0_4": 27.0, "kids_5_9": 83.0, "kids_10_14": 120.0, "kids_15_17": 40.0, "med_hh_income": 147321.0, "mean_hh_income": "192889.93902439025", "med_home_value": 1792600.0, "upper_quartile_home_value": 2000001.0, "hh_income_total": 656.0, "hh_income_<10k": 33.0, "hh_income_10_15k": 17.0, "hh_income_15_20k": 20.0, "hh_income_20_25k": 20.0, "hh_income_25_30k": 34.0, "hh_income_30_35k": 28.0, "hh_income_35_40k": 34.0, "hh_income_40_45k": 15.0, "hh_income_45_50k": 0.0, "hh_income_50_60k": 24.0, "hh_income_60_75k": 24.0, "hh_income_75_100k": 0.0, "hh_income_100_125k": 34.0, "hh_income_125_150k": 46.0, "hh_income_150_200k": 64.0, "hh_income_200k+": 263.0}, "geometry": {"type": "Polygon", "coordinates": [[[-118.380717, 33.768927], [-118.376574, 33.770208], [-118.375288, 33.77176], [-118.370253, 33.768415], [-118.366736, 33.767772], [-118.364456, 33.768232], [-118.36582, 33.766965], [-118.364677, 33.765469], [-118.365238, 33.762294], [-118.365756, 33.762487], [-118.366929, 33.763263], [-118.369808, 33.762908], [-118.376118, 33.759516], [-118.378774, 33.759282], [-118.378651, 33.761654], [-118.380717, 33.768927]]]}}, {"type": "Feature", "properties": {"STATEFP": "06", "COUNTYFP": "037", "TRACTCE": "292002", "BLKGRPCE": "1", "GEOIDFQ": "1500000US060372920021", "GEOID": "060372920021", "NAME": "1", "NAMELSAD": "Block Group 1", "LSAD": "BG", "ALAND": 220344, "AWATER": 0, "lat": 33.83995305358689, "lon": -118.30174650198914, "pop_total": 1037.0, "hh_total": 259.0, "hh_family": 179.0, "kids_0_4": 79.0, "kids_5_9": 139.0, "kids_10_14": 59.0, "kids_15_17": 14.0, "med_hh_income": 83917.0, "mean_hh_income": "117981.46718146717", "med_home_value": 841300.0, "upper_quartile_home_value": 931300.0, "hh_income_total": 259.0, "hh_income_<10k": 0.0, "hh_income_10_15k": 0.0, "hh_income_15_20k": 0.0, "hh_income_20_25k": 0.0, "hh_income_25_30k": 35.0, "hh_income_30_35k": 10.0, "hh_income_35_40k": 19.0, "hh_income_40_45k": 0.0, "hh_income_45_50k": 0.0, "hh_income_50_60k": 0.0, "hh_income_60_75k": 33.0, "hh_income_75_100k": 59.0, "hh_income_100_125k": 25.0, "hh_income_125_150k": 7.0, "hh_income_150_200k": 36.0, "hh_income_200k+": 35.0}, "geometry": {"type": "Polygon", "coordinates": [[[-118.303946, 33.841911], [-118.299203, 33.841951], [-118.299196, 33.835571], [-118.299551, 33.835564], [-118.299553, 33.837991], [-118.303902, 33.838226], [-118.303922, 33.839932], [-118.306003, 33.840298], [-118.303946, 33.841911]]]}}, {"type": "Feature", "properties": {"STATEFP": "06", "COUNTYFP": "037", "TRACTCE": "620704", "BLKGRPCE": "1", "GEOIDFQ": "1500000US060376207041", "GEOID": "060376207041", "NAME": "1", "NAMELSAD": "Block Group 1", "LSAD": "BG", "ALAND": 323392, "AWATER": 0, "lat": 33.86521841739474, "lon": -118.37692018555707, "pop_total": 2609.0, "hh_total": 778.0, "hh_family": 645.0, "kids_0_4": 92.0, "kids_5_9": 348.0, "kids_10_14": 349.0, "kids_15_17": 140.0, "med_hh_income": 201773.0, "mean_hh_income": "276036.8894601542", "med_home_value": 1303000.0, "upper_quartile_home_value": 1499300.0, "hh_income_total": 778.0, "hh_income_<10k": 19.0, "hh_income_10_15k": 9.0, "hh_income_15_20k": 0.0, "hh_income_20_25k": 0.0, "hh_income_25_30k": 0.0, "hh_income_30_35k": 0.0, "hh_income_35_40k": 7.0, "hh_income_40_45k": 11.0, "hh_income_45_50k": 10.0, "hh_income_50_60k": 32.0, "hh_income_60_75k": 31.0, "hh_income_75_100k": 40.0, "hh_income_100_125k": 54.0, "hh_income_125_150k": 41.0, "hh_income_150_200k": 96.0, "hh_income_200k+": 428.0}, "geometry": {"type": "Polygon", "coordinates": [[[-118.38114, 33.86708], [-118.372707, 33.867095], [-118.372705, 33.864291], [-118.372702, 33.863356], [-118.379024, 33.863345], [-118.381131, 33.863343], [-118.38114, 33.86708]]]}}, {"type": "Feature", "properties": {"STATEFP": "06", "COUNTYFP": "037", "TRACTCE": "293306", "BLKGRPCE": "2", "GEOIDFQ": "1500000US060372933062", "GEOID": "060372933062", "NAME": "2", "NAMELSAD": "Block Group 2", "LSAD": "BG", "ALAND": 323865, "AWATER": 0, "lat": 33.781559760349445, "lon": -118.30315849749755, "pop_total": 1198.0, "hh_total": 503.0, "hh_family": 356.0, "kids_0_4": 78.0, "kids_5_9": 32.0, "kids_10_14": 31.0, "kids_15_17": 18.0, "med_hh_income": 120156.0, "mean_hh_income": "126458.84691848907", "med_home_value": 814800.0, "upper_quartile_home_value": 947100.0, "hh_income_total": 503.0, "hh_income_<10k": 34.0, "hh_income_10_15k": 25.0, "hh_income_15_20k": 0.0, "hh_income_20_25k": 9.0, "hh_income_25_30k": 0.0, "hh_income_30_35k": 15.0, "hh_income_35_40k": 6.0, "hh_income_40_45k": 16.0, "hh_income_45_50k": 0.0, "hh_income_50_60k": 52.0, "hh_income_60_75k": 22.0, "hh_income_75_100k": 41.0, "hh_income_100_125k": 59.0, "hh_income_125_150k": 27.0, "hh_income_150_200k": 92.0, "hh_income_200k+": 105.0}, "geometry": {"type": "Polygon", "coordinates": [[[-118.309762, 33.78083], [-118.308945, 33.780817], [-118.304795, 33.781262], [-118.304986, 33.783661], [-118.302021, 33.784491], [-118.29995, 33.783487], [-118.297492, 33.78208], [-118.299216, 33.780363], [-118.307826, 33.779328], [-118.309486, 33.779053], [-118.309762, 33.78083]]]}}, {"type": "Feature", "properties": {"STATEFP": "06", "COUNTYFP": "037", "TRACTCE": "620522", "BLKGRPCE": "3", "GEOIDFQ": "1500000US060376205223", "GEOID": "060376205223", "NAME": "3", "NAMELSAD": "Block Group 3", "LSAD": "BG", "ALAND": 242964, "AWATER": 0, "lat": 33.87686955485414, "lon": -118.37169386190794, "pop_total": 1463.0, "hh_total": 576.0, "hh_family": 338.0, "kids_0_4": 209.0, "kids_5_9": 126.0, "kids_10_14": 84.0, "kids_15_17": 18.0, "med_hh_income": 114359.0, "mean_hh_income": "196940.625", "med_home_value": 969400.0, "upper_quartile_home_value": 1347100.0, "hh_income_total": 576.0, "hh_income_<10k": 0.0, "hh_income_10_15k": 7.0, "hh_income_15_20k": 0.0, "hh_income_20_25k": 21.0, "hh_income_25_30k": 0.0, "hh_income_30_35k": 8.0, "hh_income_35_40k": 0.0, "hh_income_40_45k": 8.0, "hh_income_45_50k": 0.0, "hh_income_50_60k": 29.0, "hh_income_60_75k": 41.0, "hh_income_75_100k": 14.0, "hh_income_100_125k": 170.0, "hh_income_125_150k": 25.0, "hh_income_150_200k": 44.0, "hh_income_200k+": 209.0}, "geometry": {"type": "Polygon", "coordinates": [[[-118.374859, 33.880078], [-118.369954, 33.880096], [-118.369938, 33.875669], [-118.369931, 33.872841], [-118.372725, 33.872837], [-118.372735, 33.875664], [-118.372745, 33.878467], [-118.374854, 33.878463], [-118.374859, 33.880078]]]}}, {"type": "Feature", "properties": {"STATEFP": "06", "COUNTYFP": "037", "TRACTCE": "650401", "BLKGRPCE": "5", "GEOIDFQ": "1500000US060376504015", "GEOID": "060376504015", "NAME": "5", "NAMELSAD": "Block Group 5", "LSAD": "BG", "ALAND": 257218, "AWATER": 0, "lat": 33.83690467602415, "lon": -118.3312375690828, "pop_total": 632.0, "hh_total": 250.0, "hh_family": 190.0, "kids_0_4": 22.0, "kids_5_9": 24.0, "kids_10_14": 68.0, "kids_15_17": 13.0, "med_hh_income": 136875.0, "mean_hh_income": "151085.2", "med_home_value": 1048300.0, "upper_quartile_home_value": 1156500.0, "hh_income_total": 250.0, "hh_income_<10k": 11.0, "hh_income_10_15k": 0.0, "hh_income_15_20k": 21.0, "hh_income_20_25k": 0.0, "hh_income_25_30k": 0.0, "hh_income_30_35k": 0.0, "hh_income_35_40k": 8.0, "hh_income_40_45k": 0.0, "hh_income_45_50k": 10.0, "hh_income_50_60k": 5.0, "hh_income_60_75k": 18.0, "hh_income_75_100k": 17.0, "hh_income_100_125k": 29.0, "hh_income_125_150k": 8.0, "hh_income_150_200k": 44.0, "hh_income_200k+": 79.0}, "geometry": {"type": "Polygon", "coordinates": [[[-118.334014, 33.83932], [-118.328676, 33.839338], [-118.328661, 33.836349], [-118.328627, 33.834398], [-118.333386, 33.834371], [-118.333806, 33.836306], [-118.333798, 33.836807], [-118.333976, 33.837379], [-118.334014, 33.83932]]]}}, {"type": "Feature", "properties": {"STATEFP": "06", "COUNTYFP": "037", "TRACTCE": "651401", "BLKGRPCE": "1", "GEOIDFQ": "1500000US060376514011", "GEOID": "060376514011", "NAME": "1", "NAMELSAD": "Block Group 1", "LSAD": "BG", "ALAND": 641546, "AWATER": 0, "lat": 33.78695823632747, "lon": -118.33035602620943, "pop_total": 1280.0, "hh_total": 779.0, "hh_family": 275.0, "kids_0_4": 23.0, "kids_5_9": 21.0, "kids_10_14": 50.0, "kids_15_17": 0.0, "med_hh_income": -666666666.0, "mean_hh_income": "98901.2836970475", "med_home_value": 781900.0, "upper_quartile_home_value": 1157400.0, "hh_income_total": 779.0, "hh_income_<10k": 159.0, "hh_income_10_15k": 69.0, "hh_income_15_20k": 0.0, "hh_income_20_25k": 41.0, "hh_income_25_30k": 9.0, "hh_income_30_35k": 32.0, "hh_income_35_40k": 58.0, "hh_income_40_45k": 13.0, "hh_income_45_50k": 11.0, "hh_income_50_60k": 0.0, "hh_income_60_75k": 9.0, "hh_income_75_100k": 89.0, "hh_income_100_125k": 72.0, "hh_income_125_150k": 16.0, "hh_income_150_200k": 89.0, "hh_income_200k+": 112.0}, "geometry": {"type": "Polygon", "coordinates": [[[-118.335688, 33.790596], [-118.33315, 33.792088], [-118.330089, 33.789946], [-118.32867, 33.789563], [-118.328186, 33.789551], [-118.326446, 33.789545], [-118.326257, 33.789546], [-118.326252, 33.788516], [-118.328671, 33.789017], [-118.32868, 33.787257], [-118.327798, 33.786199], [-118.325568, 33.786194], [-118.323149, 33.785865], [-118.323149, 33.782521], [-118.324849, 33.782716], [-118.325015, 33.783094], [-118.329735, 33.783439], [-118.329731, 33.785222], [-118.328544, 33.785214], [-118.328419, 33.786126], [-118.329714, 33.786082], [-118.331677, 33.785441], [-118.333009, 33.784037], [-118.333651, 33.78052], [-118.334719, 33.781427], [-118.333526, 33.782463], [-118.333503, 33.785343], [-118.334125, 33.785462], [-118.336828, 33.7902], [-118.335688, 33.790596]]]}}, {"type": "Feature", "properties": {"STATEFP": "06", "COUNTYFP": "037", "TRACTCE": "670702", "BLKGRPCE": "2", "GEOIDFQ": "1500000US060376707022", "GEOID": "060376707022", "NAME": "2", "NAMELSAD": "Block Group 2", "LSAD": "BG", "ALAND": 1340602, "AWATER": 0, "lat": 33.76378070427664, "lon": -118.32829965251177, "pop_total": 1138.0, "hh_total": 450.0, "hh_family": 367.0, "kids_0_4": 0.0, "kids_5_9": 66.0, "kids_10_14": 104.0, "kids_15_17": 22.0, "med_hh_income": 250001.0, "mean_hh_income": "341929.55555555556", "med_home_value": 1445800.0, "upper_quartile_home_value": 1995500.0, "hh_income_total": 450.0, "hh_income_<10k": 0.0, "hh_income_10_15k": 0.0, "hh_income_15_20k": 0.0, "hh_income_20_25k": 0.0, "hh_income_25_30k": 0.0, "hh_income_30_35k": 0.0, "hh_income_35_40k": 0.0, "hh_income_40_45k": 0.0, "hh_income_45_50k": 0.0, "hh_income_50_60k": 11.0, "hh_income_60_75k": 10.0, "hh_income_75_100k": 41.0, "hh_income_100_125k": 10.0, "hh_income_125_150k": 18.0, "hh_income_150_200k": 0.0, "hh_income_200k+": 360.0}, "geometry": {"type": "Polygon", "coordinates": [[[-118.338768, 33.765944], [-118.337174, 33.767678], [-118.335636, 33.766523], [-118.333425, 33.767496], [-118.333007, 33.76871], [-118.331, 33.769569], [-118.330319, 33.76865], [-118.331634, 33.76822], [-118.331752, 33.766911], [-118.3302, 33.767412], [-118.327371, 33.767018], [-118.323632, 33.768452], [-118.32158, 33.765083], [-118.318598, 33.76492], [-118.318389, 33.76111], [-118.318416, 33.759185], [-118.322417, 33.761503], [-118.32585, 33.758863], [-118.327106, 33.759639], [-118.330028, 33.758907], [-118.33017, 33.758843], [-118.33041, 33.759915], [-118.334765, 33.761106], [-118.337564, 33.76347], [-118.338768, 33.765944]]]}}, {"type": "Feature", "properties": {"STATEFP": "06", "COUNTYFP": "037", "TRACTCE": "621001", "BLKGRPCE": "3", "GEOIDFQ": "1500000US060376210013", "GEOID": "060376210013", "NAME": "3", "NAMELSAD": "Block Group 3", "LSAD": "BG", "ALAND": 447111, "AWATER": 0, "lat": 33.87202349956278, "lon": -118.39700905792212, "pop_total": 2422.0, "hh_total": 1202.0, "hh_family": 580.0, "kids_0_4": 43.0, "kids_5_9": 139.0, "kids_10_14": 178.0, "kids_15_17": 152.0, "med_hh_income": 110333.0, "mean_hh_income": "209755.99001663894", "med_home_value": 1863700.0, "upper_quartile_home_value": 2000001.0, "hh_income_total": 1202.0, "hh_income_<10k": 27.0, "hh_income_10_15k": 86.0, "hh_income_15_20k": 51.0, "hh_income_20_25k": 114.0, "hh_income_25_30k": 14.0, "hh_income_30_35k": 11.0, "hh_income_35_40k": 10.0, "hh_income_40_45k": 0.0, "hh_income_45_50k": 0.0, "hh_income_50_60k": 42.0, "hh_income_60_75k": 83.0, "hh_income_75_100k": 135.0, "hh_income_100_125k": 68.0, "hh_income_125_150k": 49.0, "hh_income_150_200k": 69.0, "hh_income_200k+": 443.0}, "geometry": {"type": "Polygon", "coordinates": [[[-118.401987, 33.877102], [-118.401784, 33.877102], [-118.395963, 33.877101], [-118.395522, 33.872831], [-118.395161, 33.872201], [-118.393529, 33.866544], [-118.392899, 33.864328], [-118.394089, 33.864839], [-118.395419, 33.864589], [-118.396281, 33.867466], [-118.397323, 33.869782], [-118.398969, 33.872788], [-118.400782, 33.874527], [-118.401648, 33.875695], [-118.4018, 33.876287], [-118.401987, 33.877102]]]}}, {"type": "Feature", "properties": {"STATEFP": "06", "COUNTYFP": "037", "TRACTCE": "650903", "BLKGRPCE": "2", "GEOIDFQ": "1500000US060376509032", "GEOID": "060376509032", "NAME": "2", "NAMELSAD": "Block Group 2", "LSAD": "BG", "ALAND": 302525, "AWATER": 0, "lat": 33.820880391966995, "lon": -118.31164842589308, "pop_total": 2237.0, "hh_total": 640.0, "hh_family": 500.0, "kids_0_4": 261.0, "kids_5_9": 18.0, "kids_10_14": 235.0, "kids_15_17": 27.0, "med_hh_income": 75500.0, "mean_hh_income": "118221.875", "med_home_value": 907400.0, "upper_quartile_home_value": 1081600.0, "hh_income_total": 640.0, "hh_income_<10k": 0.0, "hh_income_10_15k": 0.0, "hh_income_15_20k": 0.0, "hh_income_20_25k": 17.0, "hh_income_25_30k": 0.0, "hh_income_30_35k": 0.0, "hh_income_35_40k": 0.0, "hh_income_40_45k": 38.0, "hh_income_45_50k": 0.0, "hh_income_50_60k": 90.0, "hh_income_60_75k": 171.0, "hh_income_75_100k": 32.0, "hh_income_100_125k": 104.0, "hh_income_125_150k": 34.0, "hh_income_150_200k": 53.0, "hh_income_200k+": 101.0}, "geometry": {"type": "Polygon", "coordinates": [[[-118.314302, 33.824009], [-118.313084, 33.82384], [-118.312361, 33.823773], [-118.308984, 33.822781], [-118.308953, 33.820189], [-118.308924, 33.817038], [-118.311724, 33.817989], [-118.315267, 33.821199], [-118.314302, 33.824009]]]}}, {"type": "Feature", "properties": {"STATEFP": "06", "COUNTYFP": "037", "TRACTCE": "650903", "BLKGRPCE": "1", "GEOIDFQ": "1500000US060376509031", "GEOID": "060376509031", "NAME": "1", "NAMELSAD": "Block Group 1", "LSAD": "BG", "ALAND": 346205, "AWATER": 0, "lat": 33.82785360975198, "lon": -118.3153193187599, "pop_total": 1529.0, "hh_total": 701.0, "hh_family": 350.0, "kids_0_4": 124.0, "kids_5_9": 36.0, "kids_10_14": 124.0, "kids_15_17": 9.0, "med_hh_income": 90673.0, "mean_hh_income": "121504.56490727531", "med_home_value": 929200.0, "upper_quartile_home_value": 1065000.0, "hh_income_total": 701.0, "hh_income_<10k": 102.0, "hh_income_10_15k": 0.0, "hh_income_15_20k": 0.0, "hh_income_20_25k": 0.0, "hh_income_25_30k": 35.0, "hh_income_30_35k": 0.0, "hh_income_35_40k": 22.0, "hh_income_40_45k": 0.0, "hh_income_45_50k": 52.0, "hh_income_50_60k": 60.0, "hh_income_60_75k": 41.0, "hh_income_75_100k": 76.0, "hh_income_100_125k": 60.0, "hh_income_125_150k": 48.0, "hh_income_150_200k": 61.0, "hh_income_200k+": 144.0}, "geometry": {"type": "Polygon", "coordinates": [[[-118.317779, 33.831384], [-118.313004, 33.831434], [-118.313021, 33.824061], [-118.313084, 33.82384], [-118.314302, 33.824009], [-118.317719, 33.824847], [-118.317779, 33.831384]]]}}, {"type": "Feature", "properties": {"STATEFP": "06", "COUNTYFP": "037", "TRACTCE": "620303", "BLKGRPCE": "4", "GEOIDFQ": "1500000US060376203034", "GEOID": "060376203034", "NAME": "4", "NAMELSAD": "Block Group 4", "LSAD": "BG", "ALAND": 243339, "AWATER": 0, "lat": 33.89268537273336, "lon": -118.40455179434058, "pop_total": 634.0, "hh_total": 239.0, "hh_family": 149.0, "kids_0_4": 15.0, "kids_5_9": 27.0, "kids_10_14": 86.0, "kids_15_17": 66.0, "med_hh_income": 250001.0, "mean_hh_income": "382166.94560669456", "med_home_value": 2000001.0, "upper_quartile_home_value": 2000001.0, "hh_income_total": 239.0, "hh_income_<10k": 0.0, "hh_income_10_15k": 15.0, "hh_income_15_20k": 0.0, "hh_income_20_25k": 0.0, "hh_income_25_30k": 0.0, "hh_income_30_35k": 0.0, "hh_income_35_40k": 0.0, "hh_income_40_45k": 0.0, "hh_income_45_50k": 8.0, "hh_income_50_60k": 20.0, "hh_income_60_75k": 9.0, "hh_income_75_100k": 5.0, "hh_income_100_125k": 18.0, "hh_income_125_150k": 0.0, "hh_income_150_200k": 25.0, "hh_income_200k+": 139.0}, "geometry": {"type": "Polygon", "coordinates": [[[-118.41, 33.890548], [-118.407911, 33.89241], [-118.404259, 33.894751], [-118.403387, 33.89478], [-118.401507, 33.895283], [-118.400609, 33.895995], [-118.40066, 33.895599], [-118.401313, 33.892282], [-118.401304, 33.891301], [-118.403325, 33.891293], [-118.406017, 33.891373], [-118.409614, 33.889879], [-118.409189, 33.888278], [-118.41, 33.890548]]]}}, {"type": "Feature", "properties": {"STATEFP": "06", "COUNTYFP": "037", "TRACTCE": "621400", "BLKGRPCE": "2", "GEOIDFQ": "1500000US060376214002", "GEOID": "060376214002", "NAME": "2", "NAMELSAD": "Block Group 2", "LSAD": "BG", "ALAND": 321874, "AWATER": 0, "lat": 33.82128768813097, "lon": -118.38118833081515, "pop_total": 1168.0, "hh_total": 510.0, "hh_family": 292.0, "kids_0_4": 70.0, "kids_5_9": 64.0, "kids_10_14": 97.0, "kids_15_17": 14.0, "med_hh_income": 125486.0, "mean_hh_income": "154990.19607843139", "med_home_value": 1701500.0, "upper_quartile_home_value": 2000001.0, "hh_income_total": 510.0, "hh_income_<10k": 0.0, "hh_income_10_15k": 12.0, "hh_income_15_20k": 0.0, "hh_income_20_25k": 0.0, "hh_income_25_30k": 33.0, "hh_income_30_35k": 0.0, "hh_income_35_40k": 63.0, "hh_income_40_45k": 0.0, "hh_income_45_50k": 0.0, "hh_income_50_60k": 0.0, "hh_income_60_75k": 40.0, "hh_income_75_100k": 31.0, "hh_income_100_125k": 69.0, "hh_income_125_150k": 57.0, "hh_income_150_200k": 82.0, "hh_income_200k+": 123.0}, "geometry": {"type": "Polygon", "coordinates": [[[-118.385506, 33.824622], [-118.382171, 33.824371], [-118.37886, 33.821482], [-118.376897, 33.820836], [-118.376887, 33.817709], [-118.379963, 33.818351], [-118.384436, 33.821418], [-118.385351, 33.821494], [-118.385506, 33.824622]]]}}, {"type": "Feature", "properties": {"STATEFP": "06", "COUNTYFP": "037", "TRACTCE": "651302", "BLKGRPCE": "2", "GEOIDFQ": "1500000US060376513022", "GEOID": "060376513022", "NAME": "2", "NAMELSAD": "Block Group 2", "LSAD": "BG", "ALAND": 807956, "AWATER": 0, "lat": 33.80633312594018, "lon": -118.36470537792455, "pop_total": 1574.0, "hh_total": 573.0, "hh_family": 401.0, "kids_0_4": 48.0, "kids_5_9": 76.0, "kids_10_14": 195.0, "kids_15_17": 66.0, "med_hh_income": 158264.0, "mean_hh_income": "183517.1029668412", "med_home_value": 1463700.0, "upper_quartile_home_value": 1726600.0, "hh_income_total": 573.0, "hh_income_<10k": 0.0, "hh_income_10_15k": 51.0, "hh_income_15_20k": 0.0, "hh_income_20_25k": 0.0, "hh_income_25_30k": 0.0, "hh_income_30_35k": 34.0, "hh_income_35_40k": 0.0, "hh_income_40_45k": 0.0, "hh_income_45_50k": 20.0, "hh_income_50_60k": 41.0, "hh_income_60_75k": 0.0, "hh_income_75_100k": 26.0, "hh_income_100_125k": 33.0, "hh_income_125_150k": 51.0, "hh_income_150_200k": 89.0, "hh_income_200k+": 228.0}, "geometry": {"type": "Polygon", "coordinates": [[[-118.377257, 33.810313], [-118.37553, 33.810694], [-118.370509, 33.812855], [-118.369311, 33.811776], [-118.36803, 33.809736], [-118.36509, 33.807927], [-118.357939, 33.805379], [-118.356993, 33.804674], [-118.351718, 33.799379], [-118.351032, 33.799381], [-118.35101, 33.798926], [-118.35384, 33.798794], [-118.356265, 33.800161], [-118.361676, 33.804298], [-118.36605, 33.805023], [-118.366934, 33.806938], [-118.369836, 33.808177], [-118.370947, 33.80727], [-118.374318, 33.807174], [-118.374317, 33.809194], [-118.378333, 33.809801], [-118.377257, 33.810313]]]}}, {"type": "Feature", "properties": {"STATEFP": "06", "COUNTYFP": "037", "TRACTCE": "620305", "BLKGRPCE": "2", "GEOIDFQ": "1500000US060376203052", "GEOID": "060376203052", "NAME": "2", "NAMELSAD": "Block Group 2", "LSAD": "BG", "ALAND": 353436, "AWATER": 0, "lat": 33.89544088633122, "lon": -118.41238058693372, "pop_total": 1560.0, "hh_total": 565.0, "hh_family": 344.0, "kids_0_4": 0.0, "kids_5_9": 49.0, "kids_10_14": 245.0, "kids_15_17": 156.0, "med_hh_income": 212092.0, "mean_hh_income": "244145.13274336283", "med_home_value": 2000001.0, "upper_quartile_home_value": 2000001.0, "hh_income_total": 565.0, "hh_income_<10k": 0.0, "hh_income_10_15k": 13.0, "hh_income_15_20k": 0.0, "hh_income_20_25k": 15.0, "hh_income_25_30k": 10.0, "hh_income_30_35k": 18.0, "hh_income_35_40k": 0.0, "hh_income_40_45k": 0.0, "hh_income_45_50k": 27.0, "hh_income_50_60k": 39.0, "hh_income_60_75k": 0.0, "hh_income_75_100k": 13.0, "hh_income_100_125k": 29.0, "hh_income_125_150k": 10.0, "hh_income_150_200k": 0.0, "hh_income_200k+": 391.0}, "geometry": {"type": "Polygon", "coordinates": [[[-118.415642, 33.899477], [-118.414339, 33.900572], [-118.414724, 33.90143], [-118.41241, 33.901438], [-118.411876, 33.900621], [-118.412159, 33.898632], [-118.411239, 33.895988], [-118.407947, 33.892759], [-118.40905, 33.892031], [-118.414871845701, 33.8898153779423], [-118.415514893335, 33.8910508854343], [-118.413553, 33.891774], [-118.412592, 33.892904], [-118.413534, 33.894705], [-118.412021, 33.895193], [-118.412731, 33.896839], [-118.414308, 33.896378], [-118.415106, 33.898236], [-118.415642, 33.899477]]]}}, {"type": "Feature", "properties": {"STATEFP": "06", "COUNTYFP": "037", "TRACTCE": "620501", "BLKGRPCE": "2", "GEOIDFQ": "1500000US060376205012", "GEOID": "060376205012", "NAME": "2", "NAMELSAD": "Block Group 2", "LSAD": "BG", "ALAND": 258117, "AWATER": 0, "lat": 33.88292647959571, "lon": -118.36461905408105, "pop_total": 668.0, "hh_total": 278.0, "hh_family": 265.0, "kids_0_4": 16.0, "kids_5_9": 17.0, "kids_10_14": 36.0, "kids_15_17": 0.0, "med_hh_income": 223750.0, "mean_hh_income": "205723.0215827338", "med_home_value": 970600.0, "upper_quartile_home_value": 1181300.0, "hh_income_total": 278.0, "hh_income_<10k": 0.0, "hh_income_10_15k": 0.0, "hh_income_15_20k": 0.0, "hh_income_20_25k": 0.0, "hh_income_25_30k": 0.0, "hh_income_30_35k": 0.0, "hh_income_35_40k": 0.0, "hh_income_40_45k": 0.0, "hh_income_45_50k": 0.0, "hh_income_50_60k": 0.0, "hh_income_60_75k": 19.0, "hh_income_75_100k": 0.0, "hh_income_100_125k": 26.0, "hh_income_125_150k": 46.0, "hh_income_150_200k": 24.0, "hh_income_200k+": 163.0}, "geometry": {"type": "Polygon", "coordinates": [[[-118.366458, 33.885367], [-118.366456, 33.887365], [-118.365128, 33.887367], [-118.364905, 33.882322], [-118.363126, 33.88401], [-118.361317, 33.883538], [-118.361309, 33.88012], [-118.366414, 33.880115], [-118.365894, 33.881415], [-118.368619, 33.885222], [-118.366458, 33.885367]]]}}, {"type": "Feature", "properties": {"STATEFP": "06", "COUNTYFP": "037", "TRACTCE": "621001", "BLKGRPCE": "1", "GEOIDFQ": "1500000US060376210011", "GEOID": "060376210011", "NAME": "1", "NAMELSAD": "Block Group 1", "LSAD": "BG", "ALAND": 282939, "AWATER": 0, "lat": 33.86629169754872, "lon": -118.39012085194068, "pop_total": 1083.0, "hh_total": 420.0, "hh_family": 290.0, "kids_0_4": 43.0, "kids_5_9": 21.0, "kids_10_14": 108.0, "kids_15_17": 33.0, "med_hh_income": 247500.0, "mean_hh_income": "331196.1904761905", "med_home_value": 2000001.0, "upper_quartile_home_value": 2000001.0, "hh_income_total": 420.0, "hh_income_<10k": 10.0, "hh_income_10_15k": 10.0, "hh_income_15_20k": 0.0, "hh_income_20_25k": 0.0, "hh_income_25_30k": 8.0, "hh_income_30_35k": 10.0, "hh_income_35_40k": 9.0, "hh_income_40_45k": 0.0, "hh_income_45_50k": 0.0, "hh_income_50_60k": 0.0, "hh_income_60_75k": 9.0, "hh_income_75_100k": 25.0, "hh_income_100_125k": 10.0, "hh_income_125_150k": 15.0, "hh_income_150_200k": 45.0, "hh_income_200k+": 269.0}, "geometry": {"type": "Polygon", "coordinates": [[[-118.393529, 33.866544], [-118.390712, 33.867114], [-118.391769, 33.869686], [-118.389531, 33.869982], [-118.386581, 33.8655], [-118.390052, 33.863273], [-118.392809, 33.863983], [-118.392899, 33.864328], [-118.393529, 33.866544]]]}}, {"type": "Feature", "properties": {"STATEFP": "06", "COUNTYFP": "037", "TRACTCE": "604002", "BLKGRPCE": "2", "GEOIDFQ": "1500000US060376040022", "GEOID": "060376040022", "NAME": "2", "NAMELSAD": "Block Group 2", "LSAD": "BG", "ALAND": 231832, "AWATER": 0, "lat": 33.87485437277937, "lon": -118.35579009803573, "pop_total": 1823.0, "hh_total": 731.0, "hh_family": 452.0, "kids_0_4": 108.0, "kids_5_9": 133.0, "kids_10_14": 128.0, "kids_15_17": 110.0, "med_hh_income": 56292.0, "mean_hh_income": "88585.90971272229", "med_home_value": 786500.0, "upper_quartile_home_value": 947000.0, "hh_income_total": 731.0, "hh_income_<10k": 7.0, "hh_income_10_15k": 24.0, "hh_income_15_20k": 54.0, "hh_income_20_25k": 10.0, "hh_income_25_30k": 121.0, "hh_income_30_35k": 35.0, "hh_income_35_40k": 24.0, "hh_income_40_45k": 18.0, "hh_income_45_50k": 47.0, "hh_income_50_60k": 40.0, "hh_income_60_75k": 33.0, "hh_income_75_100k": 60.0, "hh_income_100_125k": 146.0, "hh_income_125_150k": 2.0, "hh_income_150_200k": 0.0, "hh_income_200k+": 110.0}, "geometry": {"type": "Polygon", "coordinates": [[[-118.358829, 33.876624], [-118.357606, 33.876631], [-118.352359, 33.876632], [-118.352348, 33.874428], [-118.352509, 33.874317], [-118.354711, 33.872854], [-118.358828, 33.872857], [-118.358829, 33.876624]]]}}, {"type": "Feature", "properties": {"STATEFP": "06", "COUNTYFP": "037", "TRACTCE": "651221", "BLKGRPCE": "1", "GEOIDFQ": "1500000US060376512211", "GEOID": "060376512211", "NAME": "1", "NAMELSAD": "Block Group 1", "LSAD": "BG", "ALAND": 388574, "AWATER": 0, "lat": 33.822484557861124, "lon": -118.35687332045995, "pop_total": 2168.0, "hh_total": 879.0, "hh_family": 530.0, "kids_0_4": 67.0, "kids_5_9": 155.0, "kids_10_14": 148.0, "kids_15_17": 67.0, "med_hh_income": 106094.0, "mean_hh_income": "130404.55062571104", "med_home_value": 1141500.0, "upper_quartile_home_value": 1352400.0, "hh_income_total": 879.0, "hh_income_<10k": 13.0, "hh_income_10_15k": 0.0, "hh_income_15_20k": 18.0, "hh_income_20_25k": 0.0, "hh_income_25_30k": 0.0, "hh_income_30_35k": 0.0, "hh_income_35_40k": 85.0, "hh_income_40_45k": 32.0, "hh_income_45_50k": 9.0, "hh_income_50_60k": 45.0, "hh_income_60_75k": 80.0, "hh_income_75_100k": 123.0, "hh_income_100_125k": 152.0, "hh_income_125_150k": 35.0, "hh_income_150_200k": 176.0, "hh_income_200k+": 111.0}, "geometry": {"type": "Polygon", "coordinates": [[[-118.359757, 33.826219], [-118.354216, 33.825804], [-118.354377, 33.817628], [-118.359774, 33.820424], [-118.359757, 33.826219]]]}}, {"type": "Feature", "properties": {"STATEFP": "06", "COUNTYFP": "037", "TRACTCE": "670324", "BLKGRPCE": "4", "GEOIDFQ": "1500000US060376703244", "GEOID": "060376703244", "NAME": "4", "NAMELSAD": "Block Group 4", "LSAD": "BG", "ALAND": 1852500, "AWATER": 0, "lat": 33.80023285989193, "lon": -118.37988433042504, "pop_total": 1747.0, "hh_total": 615.0, "hh_family": 474.0, "kids_0_4": 75.0, "kids_5_9": 148.0, "kids_10_14": 281.0, "kids_15_17": 80.0, "med_hh_income": 222557.0, "mean_hh_income": "389755.9349593496", "med_home_value": 2000001.0, "upper_quartile_home_value": 2000001.0, "hh_income_total": 615.0, "hh_income_<10k": 46.0, "hh_income_10_15k": 13.0, "hh_income_15_20k": 17.0, "hh_income_20_25k": 0.0, "hh_income_25_30k": 1.0, "hh_income_30_35k": 0.0, "hh_income_35_40k": 60.0, "hh_income_40_45k": 0.0, "hh_income_45_50k": 0.0, "hh_income_50_60k": 14.0, "hh_income_60_75k": 0.0, "hh_income_75_100k": 16.0, "hh_income_100_125k": 25.0, "hh_income_125_150k": 23.0, "hh_income_150_200k": 87.0, "hh_income_200k+": 313.0}, "geometry": {"type": "Polygon", "coordinates": [[[-118.397647, 33.801785], [-118.394339, 33.802272], [-118.390526, 33.804248], [-118.383109, 33.804229], [-118.378132, 33.804217], [-118.374417, 33.804213], [-118.367772, 33.804189], [-118.367565, 33.803998], [-118.369296, 33.803653], [-118.370465, 33.800737], [-118.368812, 33.798867], [-118.368552, 33.796232], [-118.369231, 33.79516], [-118.371697, 33.794707], [-118.377941, 33.795003], [-118.378538, 33.795466], [-118.380309, 33.79653], [-118.382433, 33.796626], [-118.38662, 33.798401], [-118.389679, 33.79822], [-118.391163, 33.801206], [-118.396626, 33.800369], [-118.397647, 33.801785]]]}}, {"type": "Feature", "properties": {"STATEFP": "06", "COUNTYFP": "037", "TRACTCE": "620701", "BLKGRPCE": "4", "GEOIDFQ": "1500000US060376207014", "GEOID": "060376207014", "NAME": "4", "NAMELSAD": "Block Group 4", "LSAD": "BG", "ALAND": 240528, "AWATER": 0, "lat": 33.8695814682054, "lon": -118.3875199698356, "pop_total": 1813.0, "hh_total": 621.0, "hh_family": 467.0, "kids_0_4": 339.0, "kids_5_9": 63.0, "kids_10_14": 38.0, "kids_15_17": 55.0, "med_hh_income": 235505.0, "mean_hh_income": "252560.86956521738", "med_home_value": 1521500.0, "upper_quartile_home_value": 1734700.0, "hh_income_total": 621.0, "hh_income_<10k": 12.0, "hh_income_10_15k": 0.0, "hh_income_15_20k": 0.0, "hh_income_20_25k": 0.0, "hh_income_25_30k": 0.0, "hh_income_30_35k": 0.0, "hh_income_35_40k": 0.0, "hh_income_40_45k": 0.0, "hh_income_45_50k": 0.0, "hh_income_50_60k": 29.0, "hh_income_60_75k": 42.0, "hh_income_75_100k": 13.0, "hh_income_100_125k": 65.0, "hh_income_125_150k": 24.0, "hh_income_150_200k": 80.0, "hh_income_200k+": 356.0}, "geometry": {"type": "Polygon", "coordinates": [[[-118.39041, 33.872804], [-118.387365, 33.872861], [-118.387275, 33.872029], [-118.38407, 33.867177], [-118.386581, 33.8655], [-118.389531, 33.869982], [-118.391371, 33.872812], [-118.39041, 33.872804]]]}}, {"type": "Feature", "properties": {"STATEFP": "06", "COUNTYFP": "037", "TRACTCE": "670405", "BLKGRPCE": "2", "GEOIDFQ": "1500000US060376704052", "GEOID": "060376704052", "NAME": "2", "NAMELSAD": "Block Group 2", "LSAD": "BG", "ALAND": 337509, "AWATER": 0, "lat": 33.7726448254672, "lon": -118.37948329418917, "pop_total": 1134.0, "hh_total": 456.0, "hh_family": 328.0, "kids_0_4": 22.0, "kids_5_9": 159.0, "kids_10_14": 62.0, "kids_15_17": 59.0, "med_hh_income": -666666666.0, "mean_hh_income": "202097.36842105264", "med_home_value": 1127700.0, "upper_quartile_home_value": 1212000.0, "hh_income_total": 456.0, "hh_income_<10k": 35.0, "hh_income_10_15k": 0.0, "hh_income_15_20k": 47.0, "hh_income_20_25k": 0.0, "hh_income_25_30k": 5.0, "hh_income_30_35k": 6.0, "hh_income_35_40k": 6.0, "hh_income_40_45k": 8.0, "hh_income_45_50k": 5.0, "hh_income_50_60k": 48.0, "hh_income_60_75k": 13.0, "hh_income_75_100k": 12.0, "hh_income_100_125k": 30.0, "hh_income_125_150k": 14.0, "hh_income_150_200k": 9.0, "hh_income_200k+": 218.0}, "geometry": {"type": "Polygon", "coordinates": [[[-118.383763, 33.774747], [-118.381419, 33.774562], [-118.380839, 33.774751], [-118.378934, 33.777192], [-118.37828, 33.776708], [-118.378531, 33.775769], [-118.37693, 33.773097], [-118.375288, 33.77176], [-118.376574, 33.770208], [-118.380717, 33.768927], [-118.380796, 33.76937], [-118.381575, 33.771855], [-118.383387, 33.772917], [-118.383763, 33.774747]]]}}, {"type": "Feature", "properties": {"STATEFP": "06", "COUNTYFP": "037", "TRACTCE": "620101", "BLKGRPCE": "1", "GEOIDFQ": "1500000US060376201011", "GEOID": "060376201011", "NAME": "1", "NAMELSAD": "Block Group 1", "LSAD": "BG", "ALAND": 373270, "AWATER": 0, "lat": 33.92743975967492, "lon": -118.41358565915114, "pop_total": 1398.0, "hh_total": 528.0, "hh_family": 359.0, "kids_0_4": 37.0, "kids_5_9": 202.0, "kids_10_14": 0.0, "kids_15_17": 13.0, "med_hh_income": 166333.0, "mean_hh_income": "161229.16666666666", "med_home_value": 1562500.0, "upper_quartile_home_value": 2000001.0, "hh_income_total": 528.0, "hh_income_<10k": 18.0, "hh_income_10_15k": 0.0, "hh_income_15_20k": 0.0, "hh_income_20_25k": 0.0, "hh_income_25_30k": 0.0, "hh_income_30_35k": 25.0, "hh_income_35_40k": 0.0, "hh_income_40_45k": 0.0, "hh_income_45_50k": 13.0, "hh_income_50_60k": 0.0, "hh_income_60_75k": 17.0, "hh_income_75_100k": 72.0, "hh_income_100_125k": 75.0, "hh_income_125_150k": 17.0, "hh_income_150_200k": 169.0, "hh_income_200k+": 122.0}, "geometry": {"type": "Polygon", "coordinates": [[[-118.415962, 33.931292], [-118.411367, 33.931296], [-118.411225, 33.93085], [-118.41121, 33.925063], [-118.411212, 33.923596], [-118.415942, 33.923587], [-118.415952, 33.928902], [-118.415962, 33.931292]]]}}, {"type": "Feature", "properties": {"STATEFP": "06", "COUNTYFP": "037", "TRACTCE": "670604", "BLKGRPCE": "2", "GEOIDFQ": "1500000US060376706042", "GEOID": "060376706042", "NAME": "2", "NAMELSAD": "Block Group 2", "LSAD": "BG", "ALAND": 3907530, "AWATER": 7255843, "lat": 33.737130269346046, "lon": -118.37319367521435, "pop_total": 2030.0, "hh_total": 928.0, "hh_family": 524.0, "kids_0_4": 42.0, "kids_5_9": 96.0, "kids_10_14": 162.0, "kids_15_17": 64.0, "med_hh_income": 147679.0, "mean_hh_income": "182574.24568965516", "med_home_value": 1183100.0, "upper_quartile_home_value": 1624400.0, "hh_income_total": 928.0, "hh_income_<10k": 117.0, "hh_income_10_15k": 0.0, "hh_income_15_20k": 0.0, "hh_income_20_25k": 0.0, "hh_income_25_30k": 0.0, "hh_income_30_35k": 0.0, "hh_income_35_40k": 0.0, "hh_income_40_45k": 16.0, "hh_income_45_50k": 17.0, "hh_income_50_60k": 15.0, "hh_income_60_75k": 17.0, "hh_income_75_100k": 76.0, "hh_income_100_125k": 102.0, "hh_income_125_150k": 130.0, "hh_income_150_200k": 148.0, "hh_income_200k+": 290.0}, "geometry": {"type": "Polygon", "coordinates": [[[-118.413030593493, 33.7480000078583], [-118.406398, 33.749584], [-118.404954, 33.748997], [-118.403562, 33.745507], [-118.400866, 33.745338], [-118.400591, 33.742722], [-118.402175, 33.741492], [-118.400671, 33.741505], [-118.391124, 33.744848], [-118.38831, 33.74535], [-118.383089, 33.744756], [-118.379084, 33.743221], [-118.37709, 33.742916], [-118.373687, 33.74127], [-118.371573, 33.739515], [-118.370391, 33.739314], [-118.364762, 33.74077], [-118.360306, 33.74015], [-118.358205, 33.738954], [-118.355333, 33.735761], [-118.354064, 33.734801], [-118.351794, 33.73399], [-118.347238, 33.733162], [-118.344608, 33.731557], [-118.342197, 33.731278], [-118.337541, 33.729558], [-118.334924, 33.727459], [-118.329635, 33.727493], [-118.332893576362, 33.7221321552055], [-118.342622, 33.725971], [-118.351393, 33.727349], [-118.354705, 33.732317], [-118.360505, 33.736817], [-118.364253, 33.738167], [-118.367945, 33.738086], [-118.368738, 33.736257], [-118.369914, 33.736422], [-118.37017, 33.737895], [-118.372356, 33.738558], [-118.373676, 33.737295], [-118.375213, 33.737866], [-118.37509, 33.738844], [-118.376531, 33.740444], [-118.381707, 33.742378], [-118.385288, 33.742093], [-118.389448, 33.739656], [-118.392324, 33.739641], [-118.393427, 33.738859], [-118.395941, 33.737746], [-118.396972, 33.736467], [-118.399269, 33.736573], [-118.400481, 33.738543], [-118.40238, 33.739506], [-118.402941, 33.740709], [-118.405075, 33.741521], [-118.410465, 33.74104], [-118.411315, 33.741701], [-118.411044, 33.743221], [-118.41231, 33.744529], [-118.413341, 33.747251], [-118.413030593493, 33.7480000078583]]]}}, {"type": "Feature", "properties": {"STATEFP": "06", "COUNTYFP": "037", "TRACTCE": "670201", "BLKGRPCE": "2", "GEOIDFQ": "1500000US060376702012", "GEOID": "060376702012", "NAME": "2", "NAMELSAD": "Block Group 2", "LSAD": "BG", "ALAND": 3337260, "AWATER": 8019, "lat": 33.77914396791925, "lon": -118.33217709215059, "pop_total": 1771.0, "hh_total": 787.0, "hh_family": 481.0, "kids_0_4": 67.0, "kids_5_9": 155.0, "kids_10_14": 61.0, "kids_15_17": 44.0, "med_hh_income": 152656.0, "mean_hh_income": "176621.98221092758", "med_home_value": 1820900.0, "upper_quartile_home_value": 2000001.0, "hh_income_total": 787.0, "hh_income_<10k": 23.0, "hh_income_10_15k": 10.0, "hh_income_15_20k": 0.0, "hh_income_20_25k": 48.0, "hh_income_25_30k": 20.0, "hh_income_30_35k": 16.0, "hh_income_35_40k": 0.0, "hh_income_40_45k": 53.0, "hh_income_45_50k": 27.0, "hh_income_50_60k": 20.0, "hh_income_60_75k": 43.0, "hh_income_75_100k": 74.0, "hh_income_100_125k": 22.0, "hh_income_125_150k": 36.0, "hh_income_150_200k": 168.0, "hh_income_200k+": 227.0}, "geometry": {"type": "Polygon", "coordinates": [[[-118.350991, 33.784035], [-118.345415, 33.785226], [-118.342017, 33.787585], [-118.340483, 33.786292], [-118.334719, 33.781427], [-118.333651, 33.78052], [-118.333009, 33.784037], [-118.331677, 33.785441], [-118.329714, 33.786082], [-118.328419, 33.786126], [-118.328544, 33.785214], [-118.329731, 33.785222], [-118.329735, 33.783439], [-118.325015, 33.783094], [-118.324849, 33.782716], [-118.323149, 33.782521], [-118.323149, 33.785865], [-118.322828, 33.785866], [-118.322684, 33.785111], [-118.322302, 33.785867], [-118.318622, 33.784453], [-118.31657, 33.783651], [-118.318941, 33.781681], [-118.316495, 33.780942], [-118.315172, 33.778742], [-118.31828, 33.77529], [-118.328757, 33.772146], [-118.332779, 33.771821], [-118.337134, 33.771949], [-118.338568, 33.772386], [-118.345889, 33.777554], [-118.345711, 33.778124], [-118.345537, 33.780754], [-118.346895, 33.781149], [-118.350991, 33.784035]]]}}, {"type": "Feature", "properties": {"STATEFP": "06", "COUNTYFP": "037", "TRACTCE": "651402", "BLKGRPCE": "3", "GEOIDFQ": "1500000US060376514023", "GEOID": "060376514023", "NAME": "3", "NAMELSAD": "Block Group 3", "LSAD": "BG", "ALAND": 854218, "AWATER": 1183, "lat": 33.7938468390962, "lon": -118.34530456736398, "pop_total": 1768.0, "hh_total": 634.0, "hh_family": 450.0, "kids_0_4": 0.0, "kids_5_9": 50.0, "kids_10_14": 80.0, "kids_15_17": 71.0, "med_hh_income": 106053.0, "mean_hh_income": "161192.74447949528", "med_home_value": 1136300.0, "upper_quartile_home_value": 1229200.0, "hh_income_total": 634.0, "hh_income_<10k": 18.0, "hh_income_10_15k": 0.0, "hh_income_15_20k": 14.0, "hh_income_20_25k": 0.0, "hh_income_25_30k": 0.0, "hh_income_30_35k": 0.0, "hh_income_35_40k": 30.0, "hh_income_40_45k": 38.0, "hh_income_45_50k": 78.0, "hh_income_50_60k": 49.0, "hh_income_60_75k": 24.0, "hh_income_75_100k": 41.0, "hh_income_100_125k": 76.0, "hh_income_125_150k": 31.0, "hh_income_150_200k": 86.0, "hh_income_200k+": 149.0}, "geometry": {"type": "Polygon", "coordinates": [[[-118.355247, 33.79945], [-118.35384, 33.798794], [-118.35101, 33.798926], [-118.351032, 33.799381], [-118.347254, 33.799088], [-118.345478, 33.798482], [-118.345934, 33.797738], [-118.346881, 33.797099], [-118.34693, 33.796706], [-118.346483, 33.796265], [-118.339992, 33.793724], [-118.339064, 33.792976], [-118.337773, 33.792352], [-118.336921, 33.793], [-118.336277, 33.792797], [-118.337632, 33.78998], [-118.338713, 33.789653], [-118.342017, 33.787585], [-118.351054, 33.795205], [-118.355388, 33.798856], [-118.355247, 33.79945]]]}}, {"type": "Feature", "properties": {"STATEFP": "06", "COUNTYFP": "037", "TRACTCE": "604001", "BLKGRPCE": "1", "GEOIDFQ": "1500000US060376040011", "GEOID": "060376040011", "NAME": "1", "NAMELSAD": "Block Group 1", "LSAD": "BG", "ALAND": 323066, "AWATER": 0, "lat": 33.88555202793004, "lon": -118.35661377966339, "pop_total": 1752.0, "hh_total": 341.0, "hh_family": 271.0, "kids_0_4": 200.0, "kids_5_9": 66.0, "kids_10_14": 63.0, "kids_15_17": 249.0, "med_hh_income": 65469.0, "mean_hh_income": "85397.06744868035", "med_home_value": 721400.0, "upper_quartile_home_value": 863600.0, "hh_income_total": 341.0, "hh_income_<10k": 17.0, "hh_income_10_15k": 0.0, "hh_income_15_20k": 7.0, "hh_income_20_25k": 20.0, "hh_income_25_30k": 15.0, "hh_income_30_35k": 29.0, "hh_income_35_40k": 0.0, "hh_income_40_45k": 25.0, "hh_income_45_50k": 0.0, "hh_income_50_60k": 46.0, "hh_income_60_75k": 18.0, "hh_income_75_100k": 82.0, "hh_income_100_125k": 0.0, "hh_income_125_150k": 26.0, "hh_income_150_200k": 20.0, "hh_income_200k+": 36.0}, "geometry": {"type": "Polygon", "coordinates": [[[-118.361327, 33.887374], [-118.355796, 33.88734], [-118.352365, 33.887327], [-118.352375, 33.884377], [-118.352343, 33.883569], [-118.352916, 33.883546], [-118.358837, 33.883534], [-118.358825, 33.8845], [-118.361319, 33.884501], [-118.361327, 33.887374]]]}}, {"type": "Feature", "properties": {"STATEFP": "06", "COUNTYFP": "037", "TRACTCE": "670328", "BLKGRPCE": "3", "GEOIDFQ": "1500000US060376703283", "GEOID": "060376703283", "NAME": "3", "NAMELSAD": "Block Group 3", "LSAD": "BG", "ALAND": 1812462, "AWATER": 0, "lat": 33.77183040588546, "lon": -118.40991024792945, "pop_total": 2424.0, "hh_total": 830.0, "hh_family": 677.0, "kids_0_4": 109.0, "kids_5_9": 94.0, "kids_10_14": 293.0, "kids_15_17": 216.0, "med_hh_income": 213750.0, "mean_hh_income": "291525.7831325301", "med_home_value": 2000001.0, "upper_quartile_home_value": 2000001.0, "hh_income_total": 830.0, "hh_income_<10k": 10.0, "hh_income_10_15k": 10.0, "hh_income_15_20k": 18.0, "hh_income_20_25k": 16.0, "hh_income_25_30k": 25.0, "hh_income_30_35k": 0.0, "hh_income_35_40k": 0.0, "hh_income_40_45k": 0.0, "hh_income_45_50k": 0.0, "hh_income_50_60k": 28.0, "hh_income_60_75k": 63.0, "hh_income_75_100k": 107.0, "hh_income_100_125k": 28.0, "hh_income_125_150k": 40.0, "hh_income_150_200k": 44.0, "hh_income_200k+": 441.0}, "geometry": {"type": "Polygon", "coordinates": [[[-118.417425, 33.776154], [-118.4152, 33.780709], [-118.413421, 33.780095], [-118.412547, 33.779088], [-118.40998, 33.78005], [-118.409391, 33.780952], [-118.407946, 33.780496], [-118.407247, 33.779268], [-118.407701, 33.776449], [-118.409457, 33.77559], [-118.407007, 33.775279], [-118.405333, 33.774382], [-118.404293, 33.775029], [-118.404914, 33.776364], [-118.404342, 33.778187], [-118.404587, 33.781639], [-118.403702, 33.781359], [-118.40368, 33.772511], [-118.40367, 33.765841], [-118.403673, 33.764249], [-118.414633, 33.762807], [-118.41357, 33.768368], [-118.413689, 33.769955], [-118.416842, 33.774055], [-118.417425, 33.776154]]]}}, {"type": "Feature", "properties": {"STATEFP": "06", "COUNTYFP": "037", "TRACTCE": "980030", "BLKGRPCE": "1", "GEOIDFQ": "1500000US060379800301", "GEOID": "060379800301", "NAME": "1", "NAMELSAD": "Block Group 1", "LSAD": "BG", "ALAND": 4248793, "AWATER": 976856, "lat": 33.90963898158096, "lon": -118.4102019615017, "pop_total": 0.0, "hh_total": 0.0, "hh_family": 0.0, "kids_0_4": 0.0, "kids_5_9": 0.0, "kids_10_14": 0.0, "kids_15_17": 0.0, "med_hh_income": -666666666.0, "mean_hh_income": "<NA>", "med_home_value": -666666666.0, "upper_quartile_home_value": -666666666.0, "hh_income_total": 0.0, "hh_income_<10k": 0.0, "hh_income_10_15k": 0.0, "hh_income_15_20k": 0.0, "hh_income_20_25k": 0.0, "hh_income_25_30k": 0.0, "hh_income_30_35k": 0.0, "hh_income_35_40k": 0.0, "hh_income_40_45k": 0.0, "hh_income_45_50k": 0.0, "hh_income_50_60k": 0.0, "hh_income_60_75k": 0.0, "hh_income_75_100k": 0.0, "hh_income_100_125k": 0.0, "hh_income_125_150k": 0.0, "hh_income_150_200k": 0.0, "hh_income_200k+": 0.0}, "geometry": {"type": "Polygon", "coordinates": [[[-118.42866637404, 33.9163192358195], [-118.422221, 33.916329], [-118.419456, 33.916346], [-118.411182, 33.916363], [-118.40481, 33.916383], [-118.395969, 33.9164], [-118.395887, 33.906768], [-118.396173, 33.901866], [-118.39858, 33.901968], [-118.402582, 33.90195], [-118.412505, 33.901905], [-118.415042, 33.901842], [-118.415774, 33.901649], [-118.417476, 33.901774], [-118.418411, 33.903713], [-118.419625, 33.906141], [-118.422753072278, 33.9049578245664], [-118.42279752766, 33.9050432380802], [-118.42866637404, 33.9163192358195]]]}}, {"type": "Feature", "properties": {"STATEFP": "06", "COUNTYFP": "037", "TRACTCE": "621301", "BLKGRPCE": "2", "GEOIDFQ": "1500000US060376213012", "GEOID": "060376213012", "NAME": "2", "NAMELSAD": "Block Group 2", "LSAD": "BG", "ALAND": 342954, "AWATER": 0, "lat": 33.83896557703465, "lon": -118.37782883054491, "pop_total": 1718.0, "hh_total": 730.0, "hh_family": 369.0, "kids_0_4": 124.0, "kids_5_9": 99.0, "kids_10_14": 129.0, "kids_15_17": 62.0, "med_hh_income": 117287.0, "mean_hh_income": "131769.86301369863", "med_home_value": 1220200.0, "upper_quartile_home_value": 1604900.0, "hh_income_total": 730.0, "hh_income_<10k": 84.0, "hh_income_10_15k": 0.0, "hh_income_15_20k": 0.0, "hh_income_20_25k": 0.0, "hh_income_25_30k": 13.0, "hh_income_30_35k": 0.0, "hh_income_35_40k": 0.0, "hh_income_40_45k": 17.0, "hh_income_45_50k": 49.0, "hh_income_50_60k": 13.0, "hh_income_60_75k": 32.0, "hh_income_75_100k": 87.0, "hh_income_100_125k": 95.0, "hh_income_125_150k": 114.0, "hh_income_150_200k": 78.0, "hh_income_200k+": 148.0}, "geometry": {"type": "Polygon", "coordinates": [[[-118.380358, 33.842366], [-118.375915, 33.842667], [-118.375163, 33.838888], [-118.374832, 33.83721], [-118.37643, 33.836949], [-118.376252, 33.835047], [-118.379008, 33.835323], [-118.3802, 33.835538], [-118.380108, 33.840623], [-118.380358, 33.842366]]]}}, {"type": "Feature", "properties": {"STATEFP": "06", "COUNTYFP": "037", "TRACTCE": "293301", "BLKGRPCE": "1", "GEOIDFQ": "1500000US060372933011", "GEOID": "060372933011", "NAME": "1", "NAMELSAD": "Block Group 1", "LSAD": "BG", "ALAND": 844979, "AWATER": 0, "lat": 33.81111828363488, "lon": -118.30382877096838, "pop_total": 2556.0, "hh_total": 954.0, "hh_family": 655.0, "kids_0_4": 53.0, "kids_5_9": 174.0, "kids_10_14": 135.0, "kids_15_17": 159.0, "med_hh_income": 103375.0, "mean_hh_income": "147529.55974842768", "med_home_value": 701800.0, "upper_quartile_home_value": 851900.0, "hh_income_total": 954.0, "hh_income_<10k": 0.0, "hh_income_10_15k": 13.0, "hh_income_15_20k": 38.0, "hh_income_20_25k": 0.0, "hh_income_25_30k": 68.0, "hh_income_30_35k": 30.0, "hh_income_35_40k": 41.0, "hh_income_40_45k": 46.0, "hh_income_45_50k": 34.0, "hh_income_50_60k": 28.0, "hh_income_60_75k": 64.0, "hh_income_75_100k": 108.0, "hh_income_100_125k": 101.0, "hh_income_125_150k": 90.0, "hh_income_150_200k": 76.0, "hh_income_200k+": 217.0}, "geometry": {"type": "Polygon", "coordinates": [[[-118.308936, 33.813457], [-118.308924, 33.817038], [-118.298494, 33.813139], [-118.29834, 33.813055], [-118.298796, 33.806248], [-118.299114, 33.803405], [-118.299342, 33.805369], [-118.30153, 33.807195], [-118.307584, 33.807183], [-118.308254, 33.809014], [-118.308804, 33.811039], [-118.308938, 33.812715], [-118.308936, 33.813457]]]}}]}