{"type":"Topology","arcs":[[[9028,16289],[22,-15],[9,-31]],[[9059,16243],[26,-63],[6,-24],[6,-68],[15,-44],[26,-30]],[[9138,16014],[-1,-40],[-25,-107],[-5,2]],[[9107,15869],[-82,35],[-34,12]],[[8991,15916],[9,106],[10,67],[-87,16]],[[8923,16105],[1,78],[4,63],[-20,2],[-7,28],[128,-9],[-1,22]],[[8693,15702],[217,-31],[82,-10],[92,-13]],[[9084,15648],[-14,-141]],[[9070,15507],[-126,16],[-26,1],[-226,-2]],[[8692,15522],[1,180]],[[8694,15441],[204,2],[32,21],[135,-8]],[[9065,15456],[-3,-69],[-25,-7],[-19,-12],[-25,-6],[-36,3],[-8,-40]],[[8949,15325],[-63,0],[-29,4],[-69,-4],[-92,-2]],[[8696,15323],[-2,118]],[[9685,17100],[218,-13],[38,-4],[0,27],[55,9],[74,-13]],[[10070,17106],[66,-196]],[[10136,16910],[-44,-10],[-116,-16],[-30,-9],[-85,-35],[-44,-37]],[[9817,16803],[-129,114]],[[9688,16917],[-9,7]],[[9679,16924],[9,83],[-6,65],[3,28]],[[9614,17513],[135,-40]],[[9749,17473],[2,-142],[-18,-65]],[[9733,17266],[-124,72],[-23,-62],[-129,39]],[[9457,17315],[22,58],[51,101],[12,16],[26,15],[46,8]],[[9219,16545],[71,0],[6,-25],[15,-19],[165,74],[15,16]],[[9491,16591],[29,-23]],[[9520,16568],[32,-46]],[[9552,16522],[8,-19]],[[9560,16503],[-98,-43],[-56,-18],[-54,-28],[-31,-12],[-55,-6]],[[9266,16396],[-32,99]],[[9234,16495],[-15,50]],[[9064,17359],[13,-14],[129,-157]],[[9206,17188],[-67,-49],[-8,8],[-69,-49],[-11,0],[-64,-46]],[[8987,17052],[-108,129]],[[8879,17181],[63,55],[122,123]],[[10136,16910],[67,23],[100,22],[150,28],[87,13],[39,-2],[73,-18],[12,32],[211,578],[116,219],[40,70],[165,183],[27,32]],[[11223,18090],[53,-129],[7,-42],[-5,-48],[-31,-60],[-40,-73],[-54,-85],[-24,-47],[-19,-59],[2,-54],[28,-61],[79,-62],[55,-36],[57,-59],[48,-59],[28,-54],[35,-59],[-2,-87],[-24,-114],[-9,-110],[16,-120],[33,-95],[32,-81],[23,-47],[37,-52],[70,-57],[71,-49],[49,-42],[48,-106],[10,-56],[6,-64],[2,-62],[-11,-26],[-9,-50],[-19,-52],[-61,-96],[-46,-77],[-35,-48],[-22,-36],[-14,-38],[-1,-46],[25,-31],[51,-28],[67,-24],[73,-19],[50,-28],[54,-39],[85,-77],[60,-90],[24,-89],[21,-127],[14,-104],[4,-63],[50,-574],[-6,-211]],[[12158,13988],[-895,410],[-810,63]],[[10453,14461],[-8,31],[-95,101],[-10,27],[-1,33],[25,35],[21,13],[-54,41],[-39,8],[-8,35],[-13,92],[-50,-29],[17,35]],[[10238,14883],[12,26]],[[10250,14909],[96,57],[75,56],[30,34],[98,128]],[[10549,15184],[44,60],[19,34],[19,54],[5,31],[24,165]],[[10660,15528],[8,58],[12,53],[12,26],[21,17],[59,16],[-13,59],[-10,72]],[[10749,15829],[-13,53],[-9,14],[-111,-37],[-48,105],[-11,34]],[[10557,15998],[-19,26],[-81,177],[-20,32],[-125,98]],[[10312,16331],[-199,154],[-77,64],[-22,-9],[-1,-15]],[[10013,16525],[-34,-22],[-25,-37],[-46,-4],[-45,20],[-8,29],[-10,11],[-32,9],[-45,23],[-44,5],[-26,12],[-25,20],[-10,18],[-39,28]],[[9624,16637],[37,48],[28,58],[43,28],[35,4],[36,15],[14,13]],[[9973,15403],[269,-34],[8,56],[108,-13]],[[10358,15412],[-30,-202]],[[10328,15210],[-373,47]],[[9955,15257],[18,146]],[[7608,13002],[70,124],[46,75],[42,60]],[[7766,13261],[19,-11],[43,14],[21,-6],[-1,35],[24,-13],[26,16],[26,-3],[-3,-33],[18,-5],[41,16],[18,-4],[14,-14],[29,10],[32,31],[36,26],[39,-12],[13,-18],[19,-51],[174,21],[18,-2],[37,-34],[55,-27],[5,-40],[-21,-86],[-18,-16],[-23,-5],[-23,4],[-30,-13],[-3,-16],[7,-30],[20,-31],[25,-8],[25,6],[37,20],[48,-6]],[[8513,12976],[24,-38],[4,-35],[-14,-48],[-55,-28],[-45,-37],[-44,-9],[-24,-32],[2,-83],[-30,-2],[-39,30],[-16,1],[-30,-35],[5,-28],[32,-10]],[[8283,12622],[3,-14],[-11,-35],[-23,-20],[-25,6],[-4,-14],[34,-40],[11,-44],[-1,-19],[-39,-14],[-23,-44],[-17,-11],[-43,-13],[-354,551],[-24,27],[-38,28],[-52,21],[-69,15]],[[10067,16000],[15,-5]],[[10082,15995],[-25,-66],[-8,-131]],[[10049,15798],[-28,13],[-181,111]],[[9840,15922],[66,-4],[64,-18],[6,57],[-2,13],[9,61],[84,-31]],[[9192,19478],[15,-2],[58,14],[61,-26],[50,-15],[55,-43],[37,-49]],[[9468,19357],[-68,-54],[40,-51]],[[9440,19252],[-49,-54],[-114,-92],[1,-38],[10,-10],[2,-47],[-41,4],[-101,87],[-68,-71],[-14,-20],[1,-60],[-100,0]],[[8967,18951],[0,5]],[[8967,18956],[0,31],[7,69],[15,72],[21,64],[17,39],[53,93],[112,154]],[[7856,14093],[30,37],[39,40],[73,59]],[[7998,14229],[78,62],[62,54],[148,154],[68,55],[119,76]],[[8473,14630],[7,-1]],[[8480,14629],[71,-162],[20,-71],[8,-73]],[[8579,14323],[25,-343],[-4,-43],[-11,-23],[-29,-28],[-26,-16]],[[8534,13870],[-87,-16],[-39,-14],[-81,-37],[-43,-23]],[[8284,13780],[-25,35],[-25,16],[-124,67],[-7,0],[-59,39],[-45,17],[-38,34],[-42,56],[-63,49]],[[7915,14900],[0,-26],[18,0],[0,-60],[-7,-11],[-31,-18],[-2,-35]],[[7893,14750],[-30,4],[-67,2],[-24,14],[-10,22],[-7,47],[-34,58]],[[7721,14897],[14,4],[180,-1]],[[7421,17425],[217,2],[144,-3],[101,0],[318,-4]],[[8201,17420],[121,0],[45,22]],[[8367,17442],[80,-102],[43,-44]],[[8490,17296],[-106,-79],[-29,-10],[-70,-13],[-27,-12],[-84,-71],[-47,-47],[-14,-22],[-14,-58],[-1,-32],[4,-142],[0,-80],[3,-86],[-1,-99],[-3,-6]],[[8101,16539],[-32,21],[-23,6],[-56,5]],[[7990,16571],[-70,4],[-228,11]],[[7692,16586],[-2,317],[12,41],[16,23],[12,37],[12,108],[-70,1],[-35,6],[-15,22],[-69,21],[-21,-8],[-40,37],[-44,6],[-30,-9]],[[7418,17188],[-1,171],[4,66]],[[7172,16333],[60,55],[5,9]],[[7237,16397],[191,-81],[46,-18],[62,-17],[48,-8],[95,-2]],[[7679,16271],[-3,-18],[-21,-20],[43,-59],[32,-13],[144,0]],[[7874,16161],[2,-35],[1,-146],[-2,-59]],[[7875,15921],[-109,-54]],[[7766,15867],[-4,31],[-35,0],[-2,134],[-14,10],[-124,0]],[[7587,16042],[-19,29],[-6,36],[-19,-4],[-43,23],[-19,1],[-22,-10],[-40,-1],[-52,6],[-39,15],[-29,21],[-50,2],[-112,-1],[-33,-10],[-23,-17],[-23,-1]],[[7058,16131],[2,44],[12,44],[16,27],[84,87]],[[7071,15707],[41,0],[136,7],[52,6],[79,19],[139,49],[36,7]],[[7554,15795],[25,0]],[[7579,15795],[-35,-26],[-33,-35],[-100,-46],[-46,-43],[-39,-46],[47,-29],[29,12],[14,-10],[7,-29],[-25,-15],[-20,6],[-31,-1],[-12,-16],[7,-20],[13,-10],[36,-13],[11,-10],[-3,-18],[-41,-7],[-26,-23],[-7,-17],[0,-82]],[[7325,15317],[-151,0]],[[7174,15317],[10,40],[0,155],[-8,27],[-15,20],[-52,51],[-26,39],[-10,34],[-2,24]],[[7157,15185],[0,-124],[15,-41],[23,-29]],[[7195,14991],[-40,-54],[-15,-10],[-55,-21]],[[7085,14906],[-31,48],[-35,29],[-9,27],[1,71],[-2,32],[39,0],[9,23],[0,41],[7,8],[93,0]],[[6155,14890],[295,0]],[[6450,14890],[159,0]],[[6609,14890],[-2,-224]],[[6607,14666],[-26,2],[-108,-25],[-24,-19],[-30,-7],[-60,-24],[-25,-16],[-15,-23],[-52,2],[-33,11],[-20,1],[-14,-12],[42,-29],[-23,-20],[-48,1],[-9,24],[-21,1]],[[6141,14533],[4,77],[1,151],[10,105],[-1,24]],[[6607,14507],[-1,-28]],[[6606,14479],[0,-129],[-1,-64]],[[6605,14286],[-50,-1],[-43,7]],[[6512,14292],[-36,0],[-53,-15],[-41,-5],[-57,14]],[[6325,14286],[-14,64],[9,27],[31,63],[-19,66],[84,1],[0,32],[57,-18],[13,-12],[23,5],[31,-6],[67,-1]],[[6609,14890],[176,1]],[[6785,14891],[85,0]],[[6870,14891],[0,-89],[10,-51],[19,-39],[33,-40]],[[6932,14672],[-20,-17],[1,-31],[-61,-9],[-5,-33],[-10,-16],[-21,-13],[-30,-2],[-51,4],[-51,-7],[21,-67],[-99,-2]],[[6607,14507],[-2,17],[2,142]],[[6932,14672],[36,-35]],[[6968,14637],[49,-48]],[[7017,14589],[20,-21],[18,-30],[6,-30],[2,-123]],[[7063,14385],[-151,-15],[-42,-9],[-30,-13],[-75,-45],[-45,-14]],[[6720,14289],[-115,-3]],[[6968,14637],[54,42],[-30,82],[-2,56],[-6,33],[23,21],[20,5],[-4,19]],[[7023,14895],[24,0],[35,10]],[[7082,14905],[11,-47],[-5,-39],[12,-8],[51,0],[-2,-50],[46,-1],[15,-7],[22,-33],[-39,-22],[-18,-25],[-1,-25],[-27,1],[-14,-29],[-26,-9],[-48,-2],[-42,-20]],[[6410,13939],[47,-7],[15,15],[108,-31],[6,15],[0,41],[19,-1]],[[6605,13971],[-1,-86],[0,-233]],[[6604,13652],[0,-52]],[[6604,13600],[-19,0],[-7,39],[-68,0],[-7,36],[-24,-11],[-50,9],[-55,123],[-4,40],[34,44],[-28,24],[34,35]],[[7234,14058],[23,7],[40,0],[0,13],[106,1],[43,2],[86,-1]],[[7532,14080],[1,-265],[-2,-38],[1,-109]],[[7532,13668],[-55,-76],[-18,-34]],[[7459,13558],[-179,91]],[[7280,13649],[20,9],[0,96],[27,1],[36,31],[-31,25],[-59,3],[0,35],[-31,13],[-21,45],[19,7],[21,17],[23,-18],[18,-2],[0,60],[-4,45],[-39,30],[-25,12]],[[4424,10838],[83,51],[272,170],[65,38],[267,139],[87,43],[100,53],[351,182]],[[5649,11514],[38,-74],[30,-30],[60,-48],[13,-22],[42,-8],[22,-16],[34,-36],[49,-36],[41,-18],[17,5],[29,-3],[17,-27],[36,-16]],[[6077,11185],[23,-15],[15,-38],[18,-10],[60,1],[45,-11],[32,6],[24,-8],[47,-44],[33,2],[13,-5],[20,15],[26,-10]],[[6433,11068],[-55,-49],[-32,-18],[-276,-121],[-49,-28],[-109,-69],[-140,-92],[-196,-121],[-68,-36],[-83,-34]],[[5425,10500],[0,7],[-464,-3],[-237,-5],[3,204],[-15,9],[-170,-1],[-15,8],[-78,86],[-25,33]],[[471,18477],[105,-41],[124,-73],[50,-40],[80,-100],[138,-115],[40,-31],[42,-6],[153,2],[31,17],[15,26],[17,40],[32,20],[118,4],[21,-3],[135,-37],[45,-8],[60,-4],[98,-1],[65,-10],[34,-12],[84,-23],[85,-3],[20,-4],[37,-22],[56,-28],[37,-32],[25,-15],[36,-39],[26,-39]],[[2280,17900],[17,-62],[11,-95],[11,-40],[25,-50],[25,-36],[21,-21],[59,-43],[36,-61],[10,-4]],[[2495,17488],[71,-32],[12,-45],[12,-65],[19,-139],[-6,-174],[-16,-139],[-35,-73],[-19,-71],[0,-90],[18,-72],[34,-83],[38,-37],[20,-3],[68,14],[58,28],[50,35]],[[2819,16542],[53,-77],[17,-41],[-5,-54],[-3,-78],[-50,-45],[-34,-34],[-57,-51],[-70,-16],[-9,-26],[-15,-18],[9,-18],[-7,-11],[-30,-10],[-44,-41],[13,-12],[-17,-15],[-29,-12],[-9,-26],[5,-13],[-30,-34],[12,-51],[-4,-18],[27,-59],[-13,-25],[21,-4],[-11,-19],[6,-14],[-29,-41],[-2,-29],[-13,-14],[-34,-4],[-13,-45],[13,-11],[-8,-14],[14,-11],[-32,-54],[-19,-5],[-18,-36],[-13,-55],[7,-16],[-10,-62],[-42,-43],[12,-15],[-8,-16]],[[2350,15249],[-46,11],[10,-33],[-9,-8],[-22,9],[-41,30],[-56,-16],[-23,11],[-5,15],[-40,39],[0,33],[-14,25],[-19,11],[-7,26],[12,36],[-3,22],[-49,65],[-13,24],[-15,47],[-10,20],[-36,48],[-21,53],[-35,8],[-41,-8],[-41,19],[-65,-5],[-35,-15],[-35,-34],[-46,48],[-15,5],[-71,0],[-5,-18],[-41,-21],[-31,-24],[-51,-76],[-13,-49],[-52,-240],[-26,-65],[-83,-122],[-27,-37],[-25,-39],[-59,-56],[-58,-51],[-22,-40],[-168,-1],[-39,59],[-35,-1],[-12,-15],[-14,3],[-43,-4],[-19,20],[-25,12],[-45,2],[-41,24]],[[625,14996],[-9,155],[-13,343],[-2,25],[-13,335],[-5,65],[-6,163],[-2,103],[-9,15],[-6,176],[5,9],[-6,132],[-4,147],[-10,161],[-2,77],[-12,133],[-11,276],[-8,272],[-10,221],[-9,210],[-14,286],[-8,177]],[[4256,12455],[70,39],[234,123],[94,37],[37,21],[37,37],[26,47],[1,-104],[119,-1],[49,8],[61,1],[1,-271],[4,-3],[227,1]],[[5216,12390],[-11,-152],[-10,-232],[-1,-371]],[[5194,11635],[-80,-32],[-154,-47],[-43,-11],[-212,-46],[-150,-19],[-26,-6],[-91,-25],[-37,-15],[-133,-59],[-50,-25],[-27,-17],[-114,-88]],[[4077,11245],[-33,43],[-9,43],[1,219],[1,56],[-1,104],[3,310],[8,249],[1,70],[208,116]],[[3336,10298],[83,31],[138,59],[254,111]],[[3811,10499],[127,60],[79,41],[79,43],[328,195]],[[5425,10500],[0,-414]],[[5425,10086],[-276,0],[-186,-3]],[[4963,10083],[-232,-2],[0,-210],[-177,-2],[-291,-1]],[[4263,9868],[-117,-1],[-450,-2],[-287,2],[-73,-1]],[[3336,9866],[0,15]],[[3336,9881],[0,417]],[[7161,12576],[125,67],[55,32],[42,31],[53,45],[60,67],[40,58],[72,126]],[[8283,12622],[13,-13],[-11,-28],[43,-31],[-5,-14],[33,-24],[44,26],[36,-36],[11,-31],[0,-452],[-1,-79],[-17,-12],[17,-39],[10,-47],[2,-68],[10,-11],[30,-15]],[[8498,11748],[-48,10]],[[8450,11758],[-120,28],[-32,4],[-100,22],[-48,8],[-38,2],[-391,-1],[-347,1],[-166,2],[-87,-1]],[[7121,11823],[-19,47],[-7,57],[27,264],[8,54],[1,26],[30,305]],[[9396,13962],[152,3],[0,15]],[[9548,13980],[24,-12],[145,1],[3,-8],[-10,-136],[18,-10],[73,2],[33,-6],[34,-18],[20,-22],[19,-49],[51,-54],[6,-14],[0,-60],[11,-21],[21,-10],[35,-2],[105,-108],[35,-31],[15,-20]],[[10186,13402],[-16,9],[-274,-65],[-26,54],[-26,28],[-38,29]],[[9806,13457],[21,74],[4,32],[-4,26],[-17,33],[-33,31],[-76,43],[-240,132],[-37,29],[-15,21],[-10,29],[-3,55]],[[9806,13457],[-8,6],[-71,17],[-63,-8],[-46,13],[-17,10],[-21,-2],[-21,-14],[-7,-19],[21,-10],[4,-12],[-16,-16],[-32,13],[-10,27],[-21,4],[-21,-24],[-17,-4],[-25,7],[-19,26]],[[9416,13471],[35,34],[-16,35],[-39,29],[-2,20],[49,43],[-3,29],[-47,19],[-47,-10],[-58,20]],[[9288,13690],[-26,6],[-65,3],[-25,63],[-58,20],[-24,46]],[[9090,13828],[25,25],[17,46],[185,47],[79,16]],[[9205,14183],[70,43],[118,56]],[[9393,14282],[114,62],[51,35]],[[9558,14379],[1,-21],[-16,-26],[3,-144],[2,-208]],[[9090,13828],[-6,12],[-10,128],[66,33],[40,9],[18,-6],[20,11],[21,20],[26,64],[-13,26],[-9,36],[-24,-1],[-14,23]],[[8427,15971],[29,147]],[[8456,16118],[17,81]],[[8473,16199],[2,11]],[[8475,16210],[1,6]],[[8476,16216],[176,-122],[73,-60],[26,-16]],[[8751,16018],[-60,21],[2,-337]],[[8693,15702],[-84,10],[-38,-3],[-204,-40]],[[8367,15669],[60,302]],[[9388,14646],[125,10],[5,-8],[-6,-46],[-31,-9],[1,-31],[38,0],[-1,-23],[27,4],[37,13]],[[9583,14556],[25,-26],[28,-11],[-4,-20],[7,-25],[22,-19]],[[9661,14455],[-103,-76]],[[9393,14282],[-2,117],[0,84]],[[9391,14483],[-3,163]],[[9121,17414],[41,39],[39,44],[30,42],[27,49],[20,53]],[[9278,17641],[47,-4]],[[9325,17637],[47,-34],[72,-23],[18,2],[152,-69]],[[9457,17315],[-8,-20],[-52,-51],[-42,-36]],[[9355,17208],[-234,206]],[[9890,15050],[84,2],[110,-14]],[[10084,15038],[-7,-50],[-24,1],[21,-58],[-8,-57]],[[10066,14874],[-97,10],[-113,14]],[[9856,14898],[34,152]],[[8528,16583],[89,0],[29,-23],[62,-59],[29,-17]],[[8737,16484],[46,-33],[58,-67],[108,-36],[16,-8],[63,-51]],[[8923,16105],[0,-117],[-1,-44]],[[8922,15944],[-171,74]],[[8476,16216],[40,205],[5,41],[7,121]],[[5655,8257],[59,38],[20,26],[10,41],[19,46],[54,83],[52,51],[13,20],[6,27],[-1,451],[2,178],[-2,69],[0,171]],[[5887,9458],[-1,288],[1,342]],[[5887,10088],[206,0],[142,1],[356,0],[23,3]],[[6614,10092],[38,-47],[0,-182],[-34,-22],[1,-163],[65,-1],[-36,-28],[23,-582],[28,-731],[-46,-48],[-11,-21],[-19,-58],[0,-14]],[[6623,8195],[-33,-1],[-25,-11],[-20,-19],[-35,-17],[-17,-3],[-379,1],[-160,1],[-19,17],[-9,27],[-19,8],[-231,0],[-21,13],[0,46]],[[9164,16713],[42,-128]],[[9206,16585],[13,-40]],[[9234,16495],[-113,-27],[-13,40],[-110,-2]],[[8998,16506],[22,101],[6,9],[41,24],[97,73]],[[10250,14909],[43,87],[4,15]],[[10297,15011],[31,199]],[[10328,15210],[67,-8]],[[10395,15202],[100,-13],[54,-5]],[[6925,13022],[48,9],[165,1],[0,-10],[47,1],[16,-10],[-9,-64],[7,0],[-14,-135]],[[7185,12814],[-80,1],[-179,-1]],[[6926,12814],[-1,208]],[[9373,15606],[57,3],[174,15]],[[9604,15624],[14,1]],[[9618,15625],[-20,-162],[1,-96]],[[9599,15367],[-152,-54]],[[9447,15313],[-41,28],[-4,112],[-3,134],[-26,-1],[0,20]],[[9618,15625],[198,12]],[[9816,15637],[-14,-189],[1,-15]],[[9803,15433],[-204,-66]],[[4725,19488],[26,-43],[67,-130],[122,-244],[24,-33]],[[4964,19038],[26,-21],[27,-13],[114,-43],[145,-55],[110,-43],[43,-26],[173,-113],[39,-31],[80,-73],[40,-23],[35,-11],[101,-8],[74,-3],[84,3],[44,-3],[63,-15],[118,-26],[22,-8],[97,-69],[90,-45],[60,-33],[22,-21],[25,-60],[21,-27],[56,-39],[50,-31],[18,-5],[64,-7],[132,-3],[49,-12],[62,-27]],[[7048,18147],[-2,-30],[0,-291],[1,-406]],[[7047,17420],[-161,1]],[[6886,17421],[-21,57],[-27,10],[-7,11],[7,30],[-25,20],[-18,58],[-44,38],[-14,40],[16,23],[-2,13],[-28,27],[-12,32],[-18,19],[-20,4],[-10,22],[6,20],[-18,3],[-13,21],[-34,14],[-15,24],[-35,29],[-64,30],[-64,21],[-42,16],[-35,23],[-46,1],[-40,8],[-24,10],[-31,26],[-39,6],[-10,9]],[[6159,18086],[-53,-2],[-19,21],[-59,-5],[-33,14],[-17,0],[-17,-16],[-18,-2],[-74,46],[-38,43],[-29,22],[-32,31],[-52,19],[-2,33],[-20,16],[-26,11],[-20,17]],[[5650,18334],[-26,21],[-17,41],[-3,19],[-14,21],[-9,39],[-17,5],[-17,16],[-25,9],[-34,28],[-20,5],[-23,-7],[-27,25],[-40,13],[-48,28],[-45,-2],[-29,-6],[-60,16],[-30,14],[-35,-4],[-36,-19],[-23,-4],[-25,15],[-30,1],[-16,-14],[-24,5],[-19,-7],[-41,-31],[-53,43],[-70,7],[-25,-20],[-48,-10]],[[4721,18581],[2,376],[1,157],[1,374]],[[9803,15433],[180,59]],[[9983,15492],[-10,-89]],[[9955,15257],[-317,39],[-37,-1]],[[9601,15295],[-2,72]],[[9890,15050],[23,99]],[[9913,15149],[33,37],[9,71]],[[10297,15011],[-213,27]],[[4044,28795],[11,-58],[-16,-6],[-26,-26],[-55,-31],[3,-88],[27,-47],[-4,-77],[6,-25],[42,-84],[29,-24],[25,-11],[-17,-14],[-28,-46],[0,-11],[-35,-34],[-40,-17],[-30,-24],[-22,-40],[-31,-3],[-56,-58],[-49,-29],[-11,-21],[-40,-8],[-11,-13],[-18,12],[-21,-13],[-2,-14],[-43,-23],[-28,3],[-9,11],[-49,4],[-42,-14],[-27,-32],[-46,-11],[-16,-27],[-6,-34],[-48,-46],[-4,-18]],[[3357,27798],[-18,-8],[-47,6],[-35,-9],[-22,-17],[-15,1],[-54,14],[-17,-17],[-21,11],[-17,-4],[-42,-24],[-39,-13],[-36,1],[-17,-17],[-27,-6],[-35,-30],[-51,14],[-35,-8],[-34,22],[-8,-28],[34,-72],[17,-67],[43,-48],[32,-52],[39,-38],[32,-37],[25,-15],[61,-21],[16,-16],[-11,-21],[-41,-36],[-19,-38],[-53,-36],[-42,-36],[-16,17],[-37,-33],[-50,-57],[-6,-26],[11,-88],[27,-2],[0,-37],[10,-9],[25,4],[17,-16],[-35,-41],[-53,-117],[-14,-14],[-50,-37],[-53,-46],[-33,-54],[-33,-58],[-21,-19],[2,-46],[-23,-9],[-32,6],[-46,-10],[-28,0],[-29,-26],[-17,-39],[2,-47],[-35,-77],[-17,-10],[-25,-1],[-16,-9],[-28,-73],[12,-66],[8,-24],[7,-74],[-8,-37],[10,-52],[25,-75],[17,-19],[-9,-26],[-15,-15],[-34,-57],[68,2],[109,-25],[52,-6],[14,-56],[-3,-65],[-12,-56],[1,-53],[18,-49],[-17,-10],[0,-41],[-20,0],[-6,-19],[-24,-40],[-49,-7],[-9,-28],[-19,-20],[-13,-38],[5,-14],[-9,-24],[32,-16],[33,38],[37,13],[41,1],[38,38],[37,27],[57,13],[32,-2],[15,7],[11,34],[16,18],[28,11],[34,1],[15,16],[65,-3],[35,9],[38,0],[23,-7],[35,5],[40,-13],[33,-2],[19,-32],[41,15],[37,3],[15,11],[28,8],[39,1],[19,10],[12,20],[-4,12],[10,24],[21,26],[38,10],[44,-16],[35,5],[44,0],[16,53],[22,7],[25,35],[25,5],[27,-4],[68,-24],[31,21],[45,-17],[21,-1],[24,15],[31,-1],[41,22],[20,-12],[49,-3],[27,18],[14,20],[80,26],[2,-18],[-8,-41],[5,-34],[-14,-39],[50,9],[96,8],[44,16],[35,22],[40,45],[44,39],[15,44],[17,27],[57,14],[25,-2],[74,-36],[26,0],[20,22],[30,6],[48,-5],[19,17],[29,5],[37,-1],[64,15],[32,13],[56,12],[19,27],[4,43],[31,75],[6,27],[0,32],[39,10],[35,-19],[12,-17],[42,-32],[6,-51],[17,0],[16,-12],[27,-3],[121,2],[87,-1],[104,1]],[[5484,25850],[1,-23]],[[5485,25827],[-1,-415],[1,-240],[-2,-108],[-2,-50],[-8,-34],[-23,-78],[-104,-312],[-14,-50],[-106,6],[-19,-1],[-31,-18],[-58,-57],[-69,-30],[-29,-10],[-44,-8],[-49,5],[-66,2],[-48,-14],[-49,-23],[-24,-6],[-34,3],[-189,69],[-32,8],[-115,9],[-67,10],[-104,30],[-237,0],[-61,8],[-39,0],[-85,-18],[-77,-26],[-68,-17],[-70,-12],[-68,1],[-27,-4],[-61,-28],[-210,-41],[-75,-11],[-38,5],[-65,-6],[-112,-40],[18,-47],[21,-89],[22,-54],[25,-39],[21,-39],[24,-74],[23,-63],[12,-22],[31,-39],[73,-102],[26,-61],[29,-41],[93,-87],[43,-45],[120,-149],[15,-27],[15,-53],[7,-45],[-6,-84],[5,-41],[29,-58],[14,-17],[63,-46],[53,-27],[75,-21],[47,-19],[76,-40],[42,-27],[70,-64],[63,-107],[15,-46],[8,-57],[11,-31],[40,-86],[19,-47],[57,-241]],[[4205,22191],[13,-58],[5,-57],[-7,-134],[4,-90]],[[4220,21852],[-77,1]],[[4143,21853],[-80,92],[-37,40],[-66,77],[-23,22],[-128,79],[-29,15],[-129,36],[-53,12],[-90,23],[-60,18],[-22,1],[-93,-7],[-57,-6],[-42,-8],[-43,-27],[-68,-23],[-33,-1],[-44,15],[-38,8],[-48,1],[-37,16],[-38,34],[-41,27],[-80,40],[-88,57],[-67,40],[-142,72],[-33,46],[-17,43],[-27,36],[-53,24],[-36,33],[-11,18],[-23,92],[-36,83],[-52,113],[-8,35],[-31,81],[6,49],[-88,66],[-26,35],[-31,62],[-53,109],[-56,26],[-77,72],[-138,95],[-29,26],[-51,28],[-55,-3],[-50,27],[-61,71],[-55,43],[-46,26],[-109,67],[-33,23],[-40,20],[-15,-1],[-43,-15],[-25,-2],[-195,120],[-150,93],[-52,53],[-10,25],[-17,99],[-8,18],[-76,92],[-84,86],[-17,39],[-14,12],[-89,37],[-131,43],[-52,36]],[[170,24687],[0,5],[-20,364],[-2,98],[-29,533],[-24,446],[-20,263],[-11,238],[-5,53],[-6,115],[-1,65],[-4,35],[-7,200],[-5,121],[-17,321],[-19,405],[566,1],[791,-8],[190,1],[14,-1],[281,7],[354,6],[133,4],[202,-4],[265,-5],[0,195],[-8,142],[12,512],[356,4],[424,-8],[133,0],[331,0]],[[9606,15778],[26,1],[-7,37],[38,2],[11,28],[5,89],[-11,18],[1,64]],[[9669,16017],[33,20]],[[9702,16037],[45,-52],[32,-27],[61,-36]],[[10049,15798],[-47,-1],[-172,-7],[-5,-63],[-9,-90]],[[9604,15624],[7,68],[-2,74],[-3,12]],[[10238,14883],[-30,-21]],[[10208,14862],[-109,12],[-33,0]],[[3875,9057],[415,-324],[163,-116]],[[4453,8617],[337,-239],[173,-122],[78,-59],[22,-12],[39,-1],[26,-116],[8,-54]],[[5136,8014],[7,-103],[-3,-44],[-39,-122],[-21,-58],[-33,-76],[-9,-35],[5,-46]],[[5043,7530],[-37,-11],[-46,-21],[-18,1],[-20,-10],[-1,-16],[-15,-13],[-25,8],[-37,-10],[-17,-19],[-7,-19],[-64,-26],[-15,-30],[17,-41],[-16,-24],[-57,-30],[-22,-9],[-59,-7],[-23,-19],[-21,-32],[-72,-170],[-54,-42],[-25,-82],[-8,-40],[-19,-54],[3,-202]],[[4385,6612],[-181,-2],[-186,-5],[-103,-4]],[[3915,6601],[-1,222],[-80,133],[-10,5],[-18,71],[-15,32],[-23,95],[-19,59],[2,60],[18,-1],[17,9],[26,-13],[9,5],[4,34],[10,15],[33,9],[54,-1],[12,26],[18,-4],[12,22],[-6,31],[14,29],[-29,8],[6,36],[26,10],[-7,16],[18,35],[0,19],[16,15],[-77,118],[-168,211],[47,181],[-16,83],[-15,43],[-1,46],[-9,18],[-41,29],[-14,37],[-28,10],[-18,-22],[-42,4],[-23,41],[-9,35],[20,39],[0,34],[-28,20],[8,35],[21,21],[6,23],[-5,21],[-21,26],[-12,53],[15,41],[-2,27],[33,43],[23,17],[18,0],[46,27],[13,34],[55,54],[10,23],[22,8],[17,22],[48,77]],[[9279,14929],[29,-2],[70,19],[47,32]],[[9425,14978],[-34,-134],[-5,-43],[2,-155]],[[9391,14483],[-150,-1],[-17,4]],[[9224,14486],[10,17],[-11,26],[9,15],[10,52],[-17,124],[7,33],[35,122],[12,54]],[[1251,9338],[64,-28],[53,-11],[31,-2],[52,5],[78,21],[438,121],[90,30],[164,45],[49,16],[65,35],[48,16],[45,8]],[[2428,9594],[-2,-212],[0,-226],[-1,-84],[2,-242]],[[2427,8830],[-43,13],[-31,4],[-26,38],[-44,8],[-33,13],[-69,18],[-47,-2],[-37,-17],[-42,21],[-78,7],[-28,23],[-35,15],[-15,-23],[-28,-7],[-30,8],[-32,-8],[-19,1],[-47,15],[-54,-4],[-39,14],[-31,30],[-38,21],[-17,5],[-77,5],[-22,8],[-18,21],[-4,51],[-9,25],[-19,29],[-24,5],[2,13],[-15,25],[-44,15],[-13,-9],[-49,19],[-13,13],[1,15],[-13,28],[-32,33],[36,19]],[[9425,14978],[33,-24],[53,-10],[34,1],[60,-12]],[[9605,14933],[-2,-30],[22,-31],[-11,-51],[-10,-8],[-6,-71],[13,-31]],[[9611,14711],[-15,-15],[-22,-38],[-6,-24],[2,-47],[13,-31]],[[6610,15578],[119,-26],[24,-22],[116,-3],[11,32],[21,2]],[[6901,15561],[1,-49],[-17,-8],[16,-30],[0,-58],[6,-37],[-9,-8],[2,-55]],[[6900,15316],[-102,1],[-42,4]],[[6756,15321],[-64,21],[-83,40]],[[6609,15382],[2,28],[-1,168]],[[9864,16115],[29,50],[122,349],[-2,11]],[[10312,16331],[-17,5],[-63,-63]],[[10232,16273],[-79,-110],[-16,-6],[-12,-26]],[[10125,16131],[-58,-131]],[[9702,16037],[70,39],[48,23],[44,16]],[[9668,12975],[37,129],[20,62],[52,189]],[[9777,13355],[29,102]],[[10186,13402],[21,-7],[14,-30]],[[10221,13365],[-4,-30],[-2,-79],[-4,-31],[-22,-77],[-2,-20],[-14,-31],[-16,-6],[-319,-76],[-161,-40],[-9,0]],[[8952,14055],[171,80],[82,48]],[[9288,13690],[-49,-27],[-30,2],[-93,-1],[1,56],[-15,8],[-99,1],[1,100],[-95,-1],[-6,107],[2,55],[14,22],[36,22],[-3,21]],[[8579,14323],[103,44],[26,18]],[[8708,14385],[27,-23],[15,-35],[-7,-44],[35,0],[46,-10],[71,-9],[12,2],[57,51],[27,11]],[[8991,14328],[-5,-31],[-16,-55],[-18,-187]],[[8952,14055],[-158,-74],[-182,-91],[-41,-13],[-37,-7]],[[8991,14328],[12,67],[18,26],[-10,25]],[[9011,14446],[19,-14],[55,-20],[83,-25],[10,-1]],[[9178,14386],[10,-35],[-14,-37],[19,-34],[13,-48],[-1,-49]],[[8923,14612],[40,45]],[[8963,14657],[37,42],[65,67],[190,168]],[[9255,14934],[24,-5]],[[9224,14486],[-18,-37],[-15,-13],[3,-23],[-16,-27]],[[9011,14446],[-18,61],[2,21],[20,35],[-8,28],[-34,19],[-50,2]],[[10125,16131],[145,-53],[-23,-55]],[[10247,16023],[-23,-51],[-6,-26]],[[10218,15946],[-136,49]],[[10358,15412],[8,62]],[[10366,15474],[84,-10],[-5,-31],[27,-4]],[[10472,15429],[-16,-103],[-61,-124]],[[7051,11621],[74,111],[7,53],[-11,38]],[[8450,11758],[0,-337],[-2,-208],[1,-275],[-1,-532],[-1,-117]],[[8447,10289],[-453,2]],[[7994,10291],[-308,12],[-367,-5],[-138,0]],[[7181,10298],[-10,425],[232,2],[103,5],[1,479],[-71,40],[-41,10],[-87,43],[-17,0],[-72,-19],[-61,-14],[-5,214],[-12,49],[-23,27],[-56,41],[-11,21]],[[8737,16484],[94,143]],[[8831,16627],[130,196],[28,37],[46,35],[53,37]],[[9088,16932],[54,-63],[92,-104]],[[9234,16765],[-70,-52]],[[8998,16506],[-5,-31],[2,-28],[30,-119],[3,-39]],[[6666,11662],[-45,-103]],[[6621,11559],[-5,-14],[-47,-79],[-71,-114],[-17,-6],[-1,-17],[-67,-94],[-73,-3],[-1,-58],[44,-23],[53,-7],[16,-8],[32,-28]],[[6484,11108],[-51,-40]],[[6077,11185],[23,41],[-10,45],[-1,45],[-14,55],[0,29],[18,24],[15,46],[13,30],[22,23],[36,28],[27,36],[0,24],[30,7],[-1,20],[30,25],[6,21],[270,-2],[52,-20],[73,0]],[[7532,13668],[110,148],[158,202],[56,75]],[[8284,13780],[-47,-29],[-83,-62],[-77,-70],[-186,-202],[-79,-94],[-46,-62]],[[7766,13261],[-43,31],[-22,-3],[-15,16],[-33,7],[-16,-7],[-10,14],[-41,-7],[-28,10],[-5,-12],[-22,-9],[-20,5],[-11,16],[-39,-5],[-25,11],[-4,13],[-27,25],[-22,7]],[[7383,13373],[44,110],[32,75]],[[9601,15295],[3,-177]],[[9604,15118],[-49,-31],[-109,-88]],[[9446,14999],[1,314]],[[9244,15258],[22,6]],[[9266,15264],[181,49]],[[9446,14999],[-21,-21]],[[9255,14934],[63,55],[-1,161],[-93,49],[19,28],[1,31]],[[8922,15007],[15,28],[89,116],[25,25]],[[9051,15176],[65,42],[35,13],[93,27]],[[9255,14934],[-32,11],[-123,3],[-172,10]],[[8928,14958],[-2,48]],[[8926,15006],[-4,1]],[[9262,15622],[111,-16]],[[9266,15264],[-3,67],[-2,99],[3,20],[-2,172]],[[9065,15456],[5,51]],[[9084,15648],[178,-26]],[[9051,15176],[-108,6],[-2,88],[-20,4],[-4,17],[30,16],[2,18]],[[8694,15441],[-2,81]],[[8720,15132],[94,25],[-2,-148],[104,0],[6,-2]],[[8926,15006],[-47,-94],[-27,-36],[-24,-23],[-32,-24],[-246,-155],[-70,-45]],[[8473,14630],[-73,171],[-30,94]],[[8370,14895],[31,8],[41,1],[10,7],[27,-8],[216,1],[0,108],[-6,52],[-14,56],[45,12]],[[8342,15321],[354,2]],[[8696,15323],[-1,-108],[25,-83]],[[8370,14895],[-1,6]],[[8369,14901],[-19,99],[-5,65],[-2,98]],[[8343,15163],[-1,158]],[[8001,14657],[49,21],[97,66],[114,81],[36,29],[56,39]],[[8353,14893],[16,8]],[[7998,14229],[-1,59]],[[7997,14288],[0,235],[4,134]],[[7325,15317],[194,0],[244,1]],[[7763,15318],[0,-97],[-6,-21],[-34,-36],[-10,-19]],[[7713,15145],[-56,14],[-352,0],[0,41],[-33,3],[-33,-18],[-82,0]],[[7157,15185],[1,79],[16,53]],[[7713,15145],[42,-18],[29,-31]],[[7784,15096],[17,-36],[27,-29],[23,-13],[209,-54]],[[8060,14964],[124,-31]],[[8184,14933],[117,-31]],[[8301,14902],[-286,-2],[-100,0]],[[7721,14897],[-42,66]],[[7679,14963],[-20,37],[2,18],[52,127]],[[7875,15921],[106,41],[22,5],[206,2],[148,3],[70,-1]],[[8367,15669],[-76,-15],[-15,-6],[-61,-44],[-28,-11]],[[8187,15593],[-11,-1],[-272,-4],[-137,10]],[[7767,15598],[1,106],[77,1],[7,5],[1,126],[25,16],[-3,69]],[[7679,16271],[74,9],[58,15],[127,43],[31,8],[54,5],[47,-5],[34,-9],[46,-18]],[[8150,16319],[125,-54],[84,-32],[98,-26],[16,-8]],[[8456,16118],[-93,2],[-154,26],[-57,16],[-31,5],[-247,-6]],[[6884,17266],[9,4]],[[6893,17270],[14,-19],[25,-50],[99,-245],[19,-39],[34,-40],[144,-149]],[[7228,16728],[-160,-128],[-2,-21],[-256,-1]],[[6810,16578],[-209,89]],[[6601,16667],[-128,54]],[[6473,16721],[39,19],[164,23],[43,10],[0,63],[50,31],[22,31],[-8,44],[18,33],[35,130],[1,47],[-25,38],[-5,32],[77,44]],[[7579,15795],[19,-1],[55,15],[113,58]],[[7767,15598],[-2,-185]],[[7765,15413],[-2,-95]],[[6901,15561],[-1,161]],[[6900,15722],[122,-16],[49,1]],[[7174,15317],[-247,0]],[[6927,15317],[-27,-1]],[[7082,14905],[3,1]],[[7195,14991],[49,-24],[59,-18],[29,-16],[49,-43],[23,-30]],[[7404,14860],[16,-39],[4,-28],[-6,-245],[2,-22]],[[7420,14526],[-103,-33],[-38,-17],[-151,-72],[-65,-19]],[[9064,17359],[57,55]],[[9355,17208],[94,-82]],[[9449,17126],[-27,15],[-42,-8],[-83,-57]],[[9297,17076],[-91,112]],[[9404,17636],[118,0]],[[9522,17636],[232,0]],[[9754,17636],[-6,-36],[1,-127]],[[9325,17637],[79,-1]],[[8644,17834],[117,-106]],[[8761,17728],[-45,-40],[-18,15],[-131,-97],[6,-8]],[[8573,17598],[-206,-156]],[[8201,17420],[16,28],[26,64],[-1,46],[29,25],[12,24],[-9,9],[8,20],[15,5],[-2,20],[23,27],[18,44],[30,36],[15,36],[54,27],[30,3],[31,-20],[24,-5],[59,4],[36,21],[29,0]],[[9065,17959],[-13,-36],[31,-42],[-9,-51],[12,-41],[24,-15],[44,-8],[98,-93],[11,-26],[15,-6]],[[9121,17414],[-41,30],[-45,14],[-65,58]],[[8970,17516],[-25,56],[-184,156]],[[8644,17834],[14,13],[31,5],[17,12],[29,5],[38,-1],[17,10],[5,15],[61,52],[18,7],[30,0],[58,-8],[60,9],[26,11],[17,-5]],[[9405,17945],[118,1]],[[9523,17946],[0,-111],[-1,-199]],[[9404,17636],[1,309]],[[5657,15839],[50,-9],[84,-27],[31,-3],[108,0],[115,-17],[101,2]],[[6146,15785],[1,-181]],[[6147,15604],[-64,25],[-70,11],[-67,-5],[-50,-14],[-69,-29]],[[5827,15592],[-170,-71]],[[5657,15521],[0,5]],[[5657,15526],[-1,10],[1,303]],[[864,9503],[205,90],[155,66],[293,130],[122,53],[36,17],[161,71],[92,36],[133,44],[136,35],[277,58],[271,55],[353,74],[81,20],[79,22],[78,24]],[[3336,9881],[-128,-31],[-66,-18],[-74,-26],[-86,-34],[-370,-133],[-95,-29],[-89,-16]],[[1251,9338],[-97,43],[-213,63],[-38,9],[-36,3]],[[867,9456],[-3,47]],[[5043,7530],[15,3],[33,-6],[17,11],[24,-18],[28,-2],[24,-18],[22,4],[40,-5],[25,-20],[11,17],[33,-5],[20,8],[19,-18],[22,9],[41,0],[2,-15],[26,-1],[18,23],[36,20],[14,-6],[45,6],[39,19],[27,0],[16,11],[15,-2],[-1,-90],[1,-94],[2,-605],[-113,36],[-222,73]],[[5322,6865],[-23,11],[-82,61],[-20,26],[-60,152],[-34,72],[-36,125],[-44,138],[5,18],[19,28],[-4,34]],[[5322,6865],[-10,-20],[4,-14],[-13,-33],[-23,-34],[-52,-37],[-4,-16],[7,-50],[-61,-365]],[[5170,6296],[-69,45],[-80,46],[-79,54],[-91,53],[-57,26],[-98,32],[-114,34],[-92,16],[-105,10]],[[10377,15536],[6,21]],[[10383,15557],[213,-27],[51,-1]],[[10647,15529],[-13,-88],[-105,13],[-4,-31],[-53,6]],[[10366,15474],[11,62]],[[9416,15918],[61,5],[38,-6],[33,12],[54,52],[67,36]],[[9606,15778],[-176,-13],[-46,-3]],[[9384,15762],[-29,1],[-29,9],[-92,39],[4,82],[11,14],[22,3],[69,-15],[76,-1],[0,24]],[[4205,22191],[64,20],[95,38],[48,13],[141,25],[70,-12],[12,2],[82,68],[41,21],[63,27],[82,43],[150,88],[19,5],[81,5],[54,18],[39,24],[35,29],[36,14],[97,-8]],[[5414,22611],[12,-33],[-5,-83],[18,-27],[41,16],[25,20],[5,-110],[25,-41],[0,-80],[33,-4],[18,-17],[35,-73],[26,-15],[25,0],[-11,-37],[-14,-30],[5,-31],[1,-113],[53,-23],[95,-7],[18,-6],[36,-33],[27,15],[0,-49],[64,2],[17,24],[11,-24],[32,-36],[62,-53],[56,-68],[21,-82],[22,-50],[24,-23],[70,-21],[69,4],[16,-70],[21,-60]],[[6367,21393],[-120,-65],[-51,-48],[-237,-109],[-8,-16],[-57,-19],[-127,-79],[-134,-88],[-92,-131],[-219,-66],[-85,-54]],[[5237,20718],[-256,-163],[-68,-42],[-229,-122],[-94,-21],[-51,-4],[-9,-5],[-279,-120],[-35,-12]],[[4216,20229],[-64,85],[-10,25]],[[4142,20339],[0,25],[23,109],[5,46],[8,110],[16,48],[13,21],[109,132],[15,29],[57,179],[49,301],[5,60],[-2,33],[-19,106],[-8,14],[-52,60],[-21,30],[-51,82],[-48,56],[-18,46],[-3,26]],[[5136,8014],[36,29],[62,70],[30,20],[34,8],[68,7],[102,4],[29,7],[32,23]],[[5529,8182],[41,29],[85,46]],[[6623,8195],[155,1],[595,-1],[105,0]],[[7478,8195],[16,-37],[154,-388],[9,-17],[100,-159],[11,-29],[0,-33],[-16,-222],[-4,-25],[-23,-96],[-38,-85],[-97,-205],[-34,-75],[-23,-40],[-68,-72],[23,-21],[-16,-25],[10,-28],[-10,-10],[-28,-4],[-5,-32],[-21,-10],[-17,4],[-25,-12],[0,-27],[27,-38],[6,-21],[-6,-20],[-15,-16],[-54,-28],[-82,13],[-34,-22],[-59,-55],[-16,-27],[-49,-44],[-23,-12],[-130,11],[-69,0],[-40,9],[-78,26],[-53,6],[-31,-11],[-67,-38],[-96,-94],[-83,-46],[-85,-27],[-212,-53],[-171,-38],[-102,-11],[-127,-6],[-48,7],[-56,17],[-40,21],[-413,246]],[[5194,11635],[83,35],[24,16],[22,24],[85,130]],[[5408,11840],[11,-20],[60,-26],[55,-4],[18,-16],[1,-57],[10,-22],[48,-32],[9,-9],[1,-26],[-11,-31],[10,-37],[29,-46]],[[3811,10499],[-14,33],[-5,28],[-12,33],[-38,27],[1,61],[-32,44],[-11,8],[-11,39],[17,14],[25,-3],[7,16],[34,22],[19,34],[43,36],[26,35],[3,19],[-16,21],[-22,1],[-25,17],[5,13],[-23,24],[-44,-3],[48,38],[64,41],[123,77],[104,71]],[[6433,11068],[23,-7],[32,0],[24,-21],[31,-14],[8,-34],[10,-6],[22,-33],[-1,-34],[6,-30],[20,-5],[39,-30],[2,-12],[27,-21],[15,-24],[23,-56],[36,-27],[4,-44],[15,-21],[-14,-11],[20,-18],[2,-12],[-10,-32],[6,-30],[-3,-53],[15,-26],[14,-50],[13,-15],[-4,-19],[22,-69],[27,-9],[4,-26]],[[6861,10279],[-39,-19],[-25,-18],[-127,-115],[-33,-26],[-23,-9]],[[5887,10088],[-462,-2]],[[9733,17266],[-26,-73],[-22,-93]],[[9679,16924],[-230,202]],[[8187,15593],[1,-61]],[[8188,15532],[-217,1],[-1,-60],[6,-26],[-2,-27],[18,-2],[0,-16]],[[7992,15402],[-25,-1],[-45,10],[-157,2]],[[8656,24407],[-1,182],[2,7],[-2,103],[20,33],[50,71],[33,40],[49,74],[15,17],[68,58],[28,20],[-27,84],[2,16],[32,29],[20,28],[40,66],[-6,25],[-50,135],[2,147],[-31,33],[-9,52],[1,12],[30,36],[-1,18],[17,49],[20,33],[56,60],[22,33],[51,24],[93,77],[58,35],[37,4],[13,38],[12,11],[23,1],[33,18],[27,37],[16,32],[23,-4],[70,-27],[7,14],[4,40],[22,20],[48,30],[25,-4],[3,28],[-24,22],[4,25],[39,32],[24,5],[21,-9],[41,-37],[21,-10],[49,-6],[23,17],[3,11]],[[9802,26292],[38,3],[17,-17],[-4,-16],[28,-21],[53,-3],[9,-6],[21,-40],[66,-4],[25,-27],[52,10],[50,-25],[47,-7],[29,1],[18,-15],[71,81],[2,33],[12,15],[-13,12],[-25,3],[8,28],[33,39],[39,9],[52,29],[14,15],[7,23],[13,10],[20,-3],[25,-20],[48,-1],[30,27],[39,0],[5,16],[-6,30],[8,17],[35,19],[16,33],[32,10],[21,24],[4,28],[23,7],[-18,18],[-3,13],[22,12],[-16,15],[-1,15],[20,33],[29,18],[16,3],[17,-11],[38,16],[54,1],[38,13],[10,-9],[32,0],[6,19],[33,28],[16,7],[25,22],[38,1],[11,32],[25,-6],[26,7],[16,-5],[24,67],[34,70],[9,3],[116,139]],[[11381,27130],[45,-18],[19,0],[46,25],[72,25],[56,15],[98,9],[259,31],[174,10],[87,12],[53,-2],[80,-10],[20,-10],[1,-36],[74,-6]],[[12465,27175],[-1,-61],[28,-84],[37,-49],[33,-36],[58,-42],[18,-19],[28,-56],[23,-52],[37,-62],[26,-33],[43,-41],[27,-17]],[[12822,26623],[-2,-89],[-20,-45],[-27,-28],[-21,-10],[-39,-6],[-42,6],[-44,19],[-67,51],[-28,11],[-41,-12],[-18,-13],[-17,-26],[-12,-36],[-16,-31],[-34,-43],[-39,-34],[-54,-32],[-49,-24],[-94,-25],[-68,-9],[-135,2],[-70,-9],[-24,-14],[-14,-18],[-16,-84],[-22,-64],[-4,-51],[-14,-48],[-28,-51],[-56,-58],[-76,-46],[-106,-75],[-47,-56],[4,-59],[19,-44],[21,-34],[22,-26],[34,-22],[61,-17],[101,0],[44,-5],[47,-16],[21,-14],[49,-56],[12,-44],[-6,-37],[-14,-32],[-23,-28],[-39,-29],[-88,1],[-72,36],[-71,38],[-135,92],[-74,31],[-27,3],[-34,-11],[-51,-78],[-21,-64],[1,-70],[18,-52],[43,-61],[58,-59],[91,-59],[34,-13],[30,-1],[105,9],[82,21],[69,5],[86,-20],[83,-25],[92,-38],[33,-19],[41,-38],[54,-57],[37,-82],[-4,-41],[-7,-128],[0,-138],[18,-74],[0,-27],[-32,-28],[-45,-19],[-86,24],[-34,25],[-41,38],[-28,-8],[-9,-47],[-1,-127],[-25,-6],[-51,2],[-92,78],[-37,37],[-11,49],[-55,35],[-26,0],[-70,31],[-31,8],[-21,-3],[-16,-13],[-8,-27],[-3,-42],[-16,-31],[-17,-17],[-13,-37],[-44,-34],[-28,-16],[-62,-66],[-68,-38],[-79,-31],[-14,-39],[-32,-22],[-33,1],[0,-225]],[[11094,23745],[-216,-1],[-103,1],[-379,0]],[[10396,23745],[-135,2],[-60,-3],[-25,-9],[-64,-39],[-31,-10],[-53,-5],[-64,2],[-33,-8],[-35,-22],[-28,-35],[-14,-31],[-7,-41],[-20,-35],[-52,-55],[-31,-17],[-35,-11],[-44,-5],[-52,5],[-34,-4],[-34,-12],[-35,-6],[-126,-1],[-51,-17],[-52,-33],[-56,-13],[-323,-1],[-40,13],[-45,26],[-25,10],[-59,2],[-90,-20],[-45,4],[-64,23],[-105,18]],[[8429,23417],[-1,109],[-2,46],[2,182],[-2,131],[-3,336],[234,-1],[-1,187]],[[4267,16762],[31,-4],[30,-21],[21,-5],[27,17],[36,48],[33,8],[43,17],[23,28],[27,66],[32,22],[41,53],[5,25],[21,28],[27,11],[24,2],[33,31],[7,31],[38,-39],[24,-32],[10,-24],[18,-126],[22,-40]],[[4840,16858],[-23,-12],[-68,0],[1,-13],[29,-55],[0,-44],[21,-34],[3,-26],[-67,0],[-6,-14],[1,-72],[-1,-271],[-21,-11]],[[4709,16306],[-66,22],[-56,6],[-283,-12],[-38,-2]],[[4266,16320],[0,43],[2,218],[-1,181]],[[4840,16858],[35,-37],[105,-89],[26,-20],[186,-102],[35,-12],[110,-26],[148,-16],[40,-9],[130,-38]],[[5655,16509],[2,-376],[0,-294]],[[5657,15839],[-88,18],[-218,85],[-176,72],[-56,36],[-94,92],[-9,14],[-42,31],[-50,27],[-215,92]],[[3336,9866],[9,-217],[5,-100],[2,-94]],[[3352,9455],[1,-210],[-235,-1],[-231,1],[2,-167],[-2,-111],[-23,-2],[-21,7],[-39,-16],[-16,-16],[-41,-8],[-31,1],[-33,-28],[-38,3],[-29,-3],[-16,-9],[-39,-7],[-24,-28],[-36,-11],[-32,-17],[-42,-3]],[[6143,16258],[230,1]],[[6373,16259],[23,-34],[53,-38],[35,-36],[25,-6],[67,-39],[30,-36]],[[6606,16070],[-5,-24],[1,-36]],[[6602,16010],[-65,28],[-36,-12],[0,-55],[-27,-26],[-84,2],[-126,-4],[1,15],[-25,0]],[[6240,15958],[6,19],[57,1],[17,-10],[32,24],[50,0],[26,8],[-13,20],[-2,58],[5,7],[-28,27],[-5,81],[-40,-2],[-1,-24],[-89,-1],[-112,2]],[[6143,16168],[0,90]],[[6323,15630],[35,-2],[100,-13],[36,-8],[28,-21],[50,5],[38,-13]],[[6609,15382],[-266,128]],[[6343,15510],[-21,10]],[[6322,15520],[1,110]],[[6373,16259],[110,1],[123,0]],[[6606,16260],[91,-10],[80,-3],[57,6],[35,9],[241,78],[36,2],[26,-9]],[[7058,16131],[0,-70],[3,-18]],[[7061,16043],[-54,-6],[-30,21],[-33,-35],[-24,-36],[-21,-7],[-26,13],[-48,14],[-33,6],[-70,-5],[-30,6],[-56,30],[-30,26]],[[6927,15317],[0,-53],[-5,-247],[-49,-1],[-2,37],[-30,0],[-1,-79],[30,0],[0,-80]],[[6870,14894],[0,-3]],[[6785,14891],[21,3],[5,124],[-1,37],[-60,1],[6,265]],[[7067,14175],[35,-27],[25,-25],[71,-47],[36,-18]],[[7280,13649],[-27,16]],[[7253,13665],[-34,22],[-110,80],[-24,28],[-14,32],[-3,20],[-1,138]],[[7067,13985],[0,190]],[[8662,17030],[130,88]],[[8792,17118],[58,40],[29,23]],[[8987,17052],[69,-84],[32,-36]],[[8831,16627],[-90,109],[105,75],[-5,7],[71,50],[-102,126],[-141,-100],[20,-25],[-68,-49],[46,-57],[-103,-73],[-18,-2],[-12,14]],[[8534,16702],[7,138],[11,62],[24,48],[40,47],[46,33]],[[8528,16583],[6,119]],[[9297,17076],[-209,-144]],[[9297,17076],[59,-45],[74,-83],[-15,-33],[5,-32],[34,-27]],[[9454,16856],[-146,-38],[-14,-9]],[[9294,16809],[-60,-44]],[[5655,16509],[10,-4],[191,-56],[33,1],[113,43],[56,25],[83,41]],[[6141,16559],[2,-301]],[[6143,16168],[1,-202]],[[6144,15966],[2,-181]],[[6290,11963],[342,264]],[[6632,12227],[183,140],[72,51],[124,76],[150,82]],[[7121,11823],[-161,2],[-38,5],[-202,43]],[[6720,11873],[-313,67],[-117,23]],[[8970,17516],[-45,-45],[-147,-140]],[[8778,17331],[-36,55],[-169,212]],[[8792,17118],[12,23],[-57,73],[-38,66],[69,51]],[[8662,17030],[-22,36],[-150,230]],[[9065,17959],[16,11],[35,48],[31,6],[20,22],[5,16],[29,14],[10,20]],[[9211,18096],[47,-150]],[[9258,17946],[25,-75],[9,-51],[4,-65],[-8,-76],[-10,-38]],[[9258,17946],[147,-1]],[[9585,17979],[5,34],[18,41],[81,-2],[0,68],[81,-3],[-1,-28],[66,0]],[[9835,18089],[-14,-133],[2,-65],[15,-75],[60,-182]],[[9898,17634],[-52,4],[-92,-2]],[[9754,17636],[35,106],[-27,-8],[-54,-39],[-55,64],[80,56],[-54,61],[-16,-19],[-13,0],[-67,50],[53,56],[-30,17],[-21,-1]],[[9523,17946],[-1,25],[63,8]],[[9071,18537],[24,1],[36,-9],[44,-1],[72,-14],[22,5],[-2,17],[15,20],[28,4],[12,9],[14,34],[30,11],[19,-28],[13,6],[-5,28],[7,7],[54,-9],[23,-14],[5,26],[24,12],[12,-8],[-6,-20],[-6,-49],[10,-6],[21,18],[61,39],[7,33],[31,-1],[29,-49],[60,-20],[19,-22],[25,-47],[21,-25],[35,-81],[39,-28]],[[9864,18376],[-29,-287]],[[9211,18096],[-140,441]],[[6438,28806],[168,0],[402,-1],[528,-2],[434,2],[255,0],[183,1],[78,4],[548,-3],[47,1],[506,-2],[169,-1],[366,-9],[112,11],[977,5],[349,317]],[[11560,29129],[3,-229],[0,-169],[4,-399],[1,-258],[4,-337],[8,-5],[20,-40],[7,-30],[-5,-43],[-26,-74],[-53,-127],[-67,-170],[-25,-48],[-50,-70]],[[9802,26292],[-11,5],[8,27],[-34,20],[-20,20],[-27,9],[-20,14],[-3,20],[-14,15],[-15,-2],[-23,-25],[-36,-4],[-18,-7],[-16,25],[-45,10],[-30,-8],[-24,9],[-27,-5],[-38,23],[-1,40],[-42,5],[-79,-8],[-48,7],[-5,11],[13,19],[-22,6],[-17,18],[6,31],[-4,17],[-22,35],[-24,5],[-14,16],[-14,-2],[-13,20],[-16,-9],[-22,-24],[1,-17],[-17,-17],[-30,-12],[-70,-15],[-48,13],[-52,-8],[-25,-19],[-48,-18],[-30,-27],[-40,-6],[-31,11],[-33,25],[-13,17],[-7,29],[0,26],[-16,27],[-51,36],[-33,16],[-16,1],[-18,16],[-23,7],[-43,40],[-43,30],[-37,20],[-33,10],[-29,-4],[-9,-48],[-24,-20],[-43,-8],[-23,5],[-35,-5],[-41,-13],[-30,5],[-34,0],[-4,11],[9,47],[-25,29],[-28,5],[-32,-9],[-37,-20],[-20,-2],[-15,31],[1,23],[11,16],[2,23],[-10,21],[-29,38],[-13,41],[-9,13],[-79,0],[-63,-24],[-47,-10],[-110,-18],[-43,-2],[-29,18],[-11,19],[-2,51],[15,22],[1,20],[-13,40],[10,24],[-15,49],[-29,35],[-34,15],[-79,68],[-39,21]],[[7295,27317],[-40,20],[-65,37],[-20,9],[-17,26],[-28,22],[-3,14],[28,33],[84,34],[-1,38],[10,29],[-2,52],[26,31],[23,45],[-27,9],[-17,13],[-52,76],[-9,27],[1,66],[27,13],[41,-1],[54,3],[8,13],[-15,19],[-1,22],[18,41],[4,20],[-10,21],[4,36],[-11,16],[0,19],[-29,39],[-30,3],[-57,35],[-39,31],[-5,34],[-50,58],[-42,14],[-31,25],[-29,53],[-29,21],[-59,28],[-30,-5],[-23,3],[-59,-2],[-28,13],[-37,42],[-19,17],[-32,11],[-25,38],[-10,32],[-14,25],[-26,25],[-11,25],[-20,8],[-27,-9],[-20,21],[-31,19],[-22,4],[-30,23],[-3,55]],[[6143,13583],[51,-14],[68,-6],[43,5],[67,-29],[17,-2],[35,-23],[39,-12],[6,-34],[13,-29],[19,-12],[14,7],[53,-1],[21,-13],[16,1]],[[6605,13421],[20,8],[41,-14],[27,-3],[43,-27],[30,9],[43,7],[19,-6],[35,-1],[34,8],[29,-2],[59,-21],[58,-50]],[[7043,13329],[68,-16],[21,-18],[20,1],[18,16],[21,2],[76,-7],[48,11],[13,21],[0,21],[22,11],[33,2]],[[7383,13373],[-60,-144],[-51,-99],[-9,1],[-48,-79],[-33,-9],[-1,105],[2,38],[-59,-1],[0,-83],[-75,-1],[-1,87],[-15,-3],[-54,-48],[-8,21],[-35,-1],[0,56],[-9,7],[-62,0],[-10,-8],[1,-110],[19,-8],[0,-47],[8,-8],[35,0],[7,-17]],[[6926,12814],[-83,-1]],[[6843,12813],[-260,-3]],[[6583,12810],[-365,-1]],[[6218,12809],[-73,0]],[[6145,12809],[0,142],[-2,528],[0,104]],[[6536,12359],[41,19],[29,22]],[[6606,12400],[50,60],[39,37],[147,100],[1,216]],[[7185,12814],[-24,-238]],[[6632,12227],[-11,35],[-60,60],[-25,37]],[[8991,11412],[63,95],[199,324],[34,43],[56,56],[24,30],[28,49],[35,114]],[[9430,12123],[40,-8],[33,16]],[[9503,12131],[74,-145],[201,-807],[-146,-233]],[[9632,10946],[-218,0],[-60,-3],[-22,-9],[-20,-33],[-18,5],[-42,21],[-45,36],[-91,57],[-44,26],[-21,29],[-11,0],[-36,22],[-42,17],[-29,19],[-29,11],[-44,7],[10,42],[17,42],[48,78],[43,79],[13,20]],[[8442,9237],[250,-1],[20,211],[16,174],[8,66],[33,335],[25,260],[-84,6],[-263,1]],[[8498,11748],[97,-26],[72,-16],[80,-27],[-49,-167],[203,-49],[51,-20],[39,-31]],[[9632,10946],[-129,-169],[-411,-525],[208,-663],[30,-264],[-300,-459]],[[9030,8866],[-116,0],[-50,-37],[-29,-38],[-27,-68],[-7,-44],[-31,-40],[-38,-18],[-12,-10]],[[8720,8611],[-55,66],[-12,22],[-23,-16],[-155,-118],[-24,-2],[-13,26],[1,161],[4,61],[0,162],[-2,85],[2,67],[-1,112]],[[7551,14286],[224,0],[222,2]],[[7532,14080],[-3,160],[-8,30],[21,3],[9,13]],[[7529,14843],[24,-1],[-1,60],[17,2],[110,59]],[[7893,14750],[81,-16],[23,-21],[4,-56]],[[8001,14657],[-25,-5],[-167,-13],[-16,-2],[-99,-30]],[[7694,14607],[-4,79],[-63,0],[-32,-19],[-38,0],[-8,8],[0,93],[-25,0],[-1,62],[6,13]],[[7694,14607],[-163,-48]],[[7531,14559],[-111,-33]],[[7404,14860],[53,5],[21,7],[22,-6],[29,-23]],[[7992,15402],[157,1],[37,-11],[2,12],[0,128]],[[8367,15669],[-18,-93],[-5,-63]],[[8344,15513],[-2,-192]],[[8342,15321],[-408,-3],[-171,0]],[[8475,16210],[-59,42],[-3,6],[-114,80],[-46,42],[-67,66],[-85,93]],[[6141,16559],[123,64],[108,61],[33,14],[45,11],[23,12]],[[6601,16667],[3,-157],[2,-250]],[[6810,16578],[427,-181]],[[7640,16588],[52,-2]],[[7990,16571],[4,-189],[101,-17],[19,-17],[16,-4],[20,-25]],[[7679,16271],[-37,235],[-2,82]],[[7047,17420],[338,6],[36,-1]],[[7418,17188],[1,-88],[-8,-127],[-1,-51],[2,-264],[-4,-23],[-16,-26]],[[7392,16609],[-1,-3]],[[7391,16606],[-58,16],[-35,33],[-70,73]],[[6893,17270],[-29,30],[-50,36],[-161,79]],[[6653,17415],[20,7],[79,-1],[29,-5],[28,6],[77,-1]],[[7587,16042],[-100,0],[0,-26],[12,-49],[44,-4],[4,-13],[0,-65],[8,-26],[-1,-64]],[[7071,15707],[-5,195],[-6,51],[1,90]],[[7531,14559],[-3,-172],[1,-86],[22,-15]],[[7067,14175],[-1,165],[-3,45]],[[9661,14455],[81,79],[36,25]],[[9778,14559],[79,40],[49,34],[178,142],[124,87]],[[10453,14461],[-13,-23],[-21,-11],[-83,-27],[-29,-23],[-15,-23],[-2,-34],[7,-37],[28,-57],[21,-56],[5,-72],[-10,-65],[-52,-91],[-17,-52],[0,-36],[6,-42],[25,-63],[63,-139],[28,-96],[2,-32],[-71,-126]],[[10325,13356],[-104,9]],[[9261,13437],[-16,-21],[1,-29],[12,-16],[20,-8],[52,0],[-23,-20],[-42,-14],[0,-88],[-54,0],[0,-109]],[[9211,13132],[-235,-1],[-1,109],[-86,-1],[-18,43],[-94,61]],[[8777,13343],[33,62],[99,98],[140,23],[120,-15],[66,-46],[26,-28]],[[10232,16273],[75,-56],[43,-74],[-7,-18],[11,-51],[60,-132]],[[10414,15942],[-54,-21],[-22,-20]],[[10338,15901],[-24,9],[9,80],[-30,11],[3,28],[-28,10],[-3,-23],[-18,7]],[[9464,16275],[150,49]],[[9614,16324],[58,-231]],[[9672,16093],[-32,-14],[-24,25]],[[9616,16104],[-110,117]],[[9506,16221],[-38,38],[-4,16]],[[9373,15606],[0,48],[13,0],[-2,108]],[[7391,16606],[-44,-63],[-92,-129],[-18,-17]],[[9605,14933],[131,-19]],[[9736,14914],[120,-16]],[[9856,14898],[-34,-149]],[[9822,14749],[-48,5],[-21,-33],[-15,13],[-38,13],[-22,-1],[-38,-15],[-29,-20]],[[11560,29129],[271,247],[306,273],[421,-260],[16,-46],[-34,-44],[-8,-30],[-3,-41],[9,-54],[52,-117],[77,-76],[87,-54],[102,-37],[64,-14],[107,-6],[84,17],[192,75],[69,6],[66,-35],[33,-35],[12,-41],[0,-35],[-6,-29],[-24,-56],[-61,-94],[-20,-49],[-14,-54],[-5,-59],[-4,-219],[-26,-54],[-29,-47],[-50,-66],[-189,-233],[-91,-115],[-198,-262],[-125,-96],[-58,-44],[-68,-62],[-33,-48],[-17,-60]],[[1047,5799],[514,333],[28,23],[123,73],[47,23],[320,109],[112,21],[239,23],[25,-1],[94,-22],[27,-10],[18,-17],[27,-4],[231,47],[113,-12],[99,-13],[186,3],[63,10],[119,9],[74,-1],[108,9],[144,1],[116,-10],[41,-2]],[[3915,6391],[1,-128],[-11,-1415],[1079,-1],[595,-1],[868,-5],[689,-1],[644,0]],[[7780,4840],[275,-758]],[[8055,4082],[105,-550],[-260,-137],[-1065,-109],[-495,-51],[-933,-187],[-423,0],[-1274,-318],[-965,-84],[-18,-227],[13,-181],[691,-73],[1549,336],[400,87],[1288,236],[192,7],[1548,68],[0,-561],[166,1],[142,-126],[454,-383],[647,-242],[606,-261],[149,256],[-608,764],[84,454]],[[10048,2801],[52,282],[-816,560],[-851,593],[-266,464],[-22,141]],[[8145,4841],[-11,179],[51,212],[84,162],[166,160],[92,158],[189,239],[172,219],[13,355],[109,230],[15,492],[90,518],[-65,753],[-20,348]],[[9503,12131],[77,39],[155,92],[275,205],[72,88],[36,64],[59,122],[36,124],[7,112],[9,92],[49,163],[47,124]],[[12158,13988],[-10,-321],[-51,-1517],[-11,-304],[-2,-310],[-26,-120],[-55,-103],[-92,-77],[-51,-10],[-38,-38],[-14,-46],[-90,-785],[-89,-842],[-104,-914],[-138,-1107],[-90,-824],[-66,-604],[-133,-1211],[-126,-1149],[-71,-658],[-86,-800],[9,-86],[-4,-579],[-11,-1521],[-114,-28],[-127,-26],[-300,-8],[-99,0],[-233,46],[-155,32],[-331,154],[-90,59],[-69,52],[-174,166],[-118,124],[-91,5],[-67,12],[-91,7],[-85,15],[-165,54],[-92,25],[-96,46],[-85,44],[-69,52],[-116,74],[-140,118],[-75,95],[-82,48],[-76,65],[-41,31],[-114,115],[-98,115],[-22,50],[-150,-19],[-223,-23],[-256,-34],[-181,-28],[-205,-37],[-162,-24],[-137,-22],[-173,-34],[-494,-117],[-429,-107],[-92,-14],[-362,-71],[-311,-47],[-363,-35],[-324,-26],[-199,-4],[-247,33],[-154,37],[-174,59],[-185,74],[-157,85],[-108,66],[-60,-107],[-107,-158],[-162,-183],[-137,-119],[-176,-139],[-105,-47],[-167,-104],[-91,-52],[-37,683],[-36,826],[-48,1132],[-28,557],[-63,1245],[-30,667],[-14,282]],[[6606,12400],[-109,152],[-24,4],[-2,59],[22,31],[-14,12],[0,25],[-59,-1],[0,53],[26,0],[4,-13],[32,-1],[1,17],[30,0],[0,35],[70,1],[0,36]],[[9138,16014],[61,-64],[21,-11],[40,-7],[39,2],[36,-4],[67,-13],[14,1]],[[9084,15648],[15,162],[8,59]],[[8991,15916],[-69,28]],[[8344,15513],[80,-1],[25,8],[243,2]],[[10338,15901],[-60,-88],[0,-15],[36,-76]],[[10314,15722],[-180,51]],[[10134,15773],[52,146],[20,-7],[12,34]],[[9416,13471],[-28,11],[-57,-28],[-70,-17]],[[8777,13343],[-65,-120],[-28,-109],[14,-159],[7,-45],[8,-19]],[[8713,12891],[-24,21],[-176,64]],[[9919,19617],[27,-7],[42,-18]],[[9988,19592],[15,-10],[25,5],[13,14],[61,-11],[33,3],[-4,-21],[49,-24],[13,24],[26,-54],[1,-30],[12,-14],[25,11],[29,-9]],[[10286,19476],[-43,-23],[-9,-11],[16,-30],[2,-27],[-12,-15],[-1,-22],[-17,-16],[2,-27],[-14,-23],[-16,2],[-76,33],[-13,-7],[-42,11],[-51,4],[-25,15],[-21,30]],[[9966,19370],[-33,-6],[-49,-3]],[[9884,19361],[6,97],[7,44],[20,95],[2,20]],[[3352,9455],[23,-8],[26,-19],[245,-193],[229,-178]],[[3915,6601],[0,-210]],[[1047,5799],[-14,259],[-20,426],[-19,342],[-6,149],[-49,960],[-26,502],[2,20],[-28,585],[-20,414]],[[4897,27273],[203,0],[135,-1],[243,4],[136,-1]],[[5614,27275],[-6,-94],[-10,-43],[-19,-54],[-32,-62],[-111,-177],[-43,-74],[-8,-29],[-4,-60],[17,-66],[48,-150],[20,-68],[35,-80],[38,-55],[27,-32],[32,-50],[16,-40],[26,-42],[25,-27],[63,-42],[9,-17],[40,-15],[59,-18],[-17,-30],[-26,9],[-32,-37],[-27,14],[-21,-5],[-44,11],[-37,18],[-39,7],[-1,57],[-17,29],[-1,59],[-11,7],[-41,1],[-38,10]],[[5484,26130],[0,141],[-131,-1],[-35,2],[-426,0],[7,39],[-5,29],[3,62],[-1,70],[-13,14],[-25,7],[-6,15],[-23,23],[1,14],[20,40],[30,35],[-31,33],[-12,28],[-9,55],[1,40],[11,41],[22,2],[44,-9],[52,17],[34,-11],[-22,29],[2,52],[-4,32],[-24,56],[-31,-1],[-13,7],[-2,65],[-1,217]],[[9192,19478],[269,370]],[[9461,19848],[60,-14],[5,-10],[32,5],[39,-19],[73,18],[25,15],[21,-27],[-3,-44],[15,-34],[47,-28],[50,-4],[28,-37],[13,-8],[-3,-19],[14,-16],[42,-9]],[[9884,19361],[-20,15],[-34,-26],[-38,-7],[-11,-20],[-16,-11],[-38,14],[-60,-6],[-27,-13],[-35,-2],[-18,-6],[-17,7],[-44,-24],[-25,27],[-33,48]],[[8963,14657],[-34,32],[-1,65],[0,204]],[[9206,16585],[58,2],[53,24],[30,52],[78,-35],[66,-37]],[[4044,28795],[653,2],[6,7],[38,1],[188,-8],[55,0],[49,4],[345,1]],[[5378,28802],[16,-31],[8,-45],[-8,-48],[-75,-190],[-11,-32],[-6,-50],[11,-67],[-1,-63],[-28,-60],[-13,-41],[-1,-25],[9,-42],[19,-45],[6,-34],[-5,-42],[-17,-54],[2,-59],[24,-53],[227,-312],[25,-41],[32,-81],[9,-13],[12,-63],[1,-36]],[[4897,27273],[-155,0],[-26,-6],[-74,-43],[-168,-110],[-13,2],[-147,-1],[-121,1],[-69,-1],[-105,1],[-144,0],[-62,-9],[-108,9],[-142,-1],[-8,17],[12,21],[-6,34],[-16,9],[-8,18],[12,10],[-64,67],[-24,42],[-40,55],[-23,48],[-15,70],[4,50],[15,23],[3,19],[-8,28],[7,39],[-2,21],[5,43],[-10,43],[-40,26]],[[7053,18783],[16,3],[65,-14],[53,-25],[41,-11],[30,-14],[14,-13],[42,11],[49,2],[26,15],[29,-12],[57,-8],[21,19],[15,-3],[26,18],[24,3],[-2,-26],[35,-7],[16,-17],[50,-15]],[[7660,18689],[-10,-65],[1,-36],[11,-50],[15,-35],[-5,-25],[-70,-37],[-40,-29],[-36,-49],[-15,-45],[-4,-41],[2,-143],[1,-267],[-4,-23]],[[7506,17844],[-7,-12],[-65,-57],[-15,-32],[-4,-39],[1,-187],[5,-92]],[[7048,18147],[2,39],[-3,141],[0,96],[-14,1],[-251,113],[7,42],[10,22],[21,6],[53,28],[46,41],[36,46],[68,29],[30,32]],[[9864,18376],[38,370]],[[9902,18746],[12,110],[52,514]],[[10286,19476],[24,3],[10,19],[37,38],[49,6],[29,22],[14,-4],[13,-23],[24,-14],[8,7],[1,33],[12,17],[21,5],[19,-16],[-6,-27],[13,-22],[16,3],[29,32],[55,29],[35,-2],[8,27],[-14,17],[-4,28],[6,25],[21,35],[37,30],[20,39],[21,58],[26,27],[38,10],[136,176],[10,6],[-7,45],[27,33],[2,19],[-75,32],[-24,50],[-35,30],[2,33],[-10,14],[-45,-6],[-30,22],[-24,43]],[[10775,20375],[14,79],[22,6],[15,-19],[22,14],[1,18],[-13,44],[39,14],[2,59],[27,-15],[18,2],[53,86],[18,17],[15,3]],[[11008,20683],[17,21],[-8,28],[4,12],[4,49],[16,28],[23,16],[12,24],[11,71],[-11,17],[-15,6],[-9,21],[-5,41],[-33,29],[-38,22],[-21,-4],[-57,4],[-45,23],[-2,21],[-19,14],[-4,17],[-48,0],[-8,42],[-20,23]],[[10752,21208],[212,133],[329,207],[97,67]],[[11390,21615],[63,47],[116,91],[98,77],[46,30],[43,23],[39,15],[63,19],[96,19],[498,94],[105,26],[50,16],[53,21],[52,26],[368,214]],[[13080,22333],[-6,-56],[2,-35],[-2,-74],[6,-51],[-10,-17],[-31,-3],[-4,-17],[13,-39],[-5,-20],[-46,-30],[-6,-8],[0,-40],[-20,-40],[-13,-15],[-46,-35],[-66,-34],[-130,-57],[-87,-67],[-42,-35],[-103,-96],[-97,-108],[-19,-24],[-51,-77],[-34,-55],[-39,-92],[-41,-150],[0,-93],[38,-157],[111,-134],[381,-138],[174,-93],[171,-128],[109,-127],[160,-240],[13,-83],[-10,-194],[-58,-98],[-134,-69],[-197,-17],[-129,-3],[-60,-27],[-134,-72],[-175,-79],[-186,-59],[-92,-26],[-63,-49],[-38,-56],[-22,-41],[-3,-68],[15,-152],[22,-85],[-7,-47],[-49,-83],[-69,-45],[-111,-60],[-29,-6],[-296,-82],[-59,-22],[-33,-15],[-69,-63],[-151,-191],[0,-66]],[[10070,17106],[-172,528]],[[8442,9237],[-6,-51],[-51,-3],[-15,-13],[-4,-28],[-20,-14],[4,-30],[-21,-10],[-28,-23],[-69,-38],[-254,-1],[0,154],[1,58],[-230,-1],[-1,215],[-4,8],[3,100],[-1,105],[142,-1],[37,-13],[29,16],[47,7],[26,16],[37,36],[15,21],[33,35],[10,27],[7,41],[12,36],[3,26],[-6,36],[-22,47],[-45,57],[-25,20],[-23,28],[-19,34],[-16,108],[6,49]],[[6609,15382],[0,-27],[-1,-382],[1,-83]],[[6450,14890],[0,3],[-149,-1],[21,25],[18,50],[6,47],[19,24],[10,23],[-17,27],[-6,27],[15,46],[-4,87],[22,68],[-85,1],[-22,29],[0,18],[47,32],[1,109],[17,5]],[[9108,12955],[103,177]],[[9211,13132],[264,1],[12,7],[280,216],[10,-1]],[[9668,12975],[-6,-20]],[[9662,12955],[-29,1],[-525,-1]],[[9108,12955],[-88,-150],[-53,-59],[-48,0],[-16,7],[-129,-4]],[[8774,12749],[-61,142]],[[8923,14612],[-16,-14],[-44,-26],[-44,-20],[-25,-21],[-11,-20],[-13,-50],[-29,-49],[-33,-27]],[[9913,15149],[-92,11],[-87,-30],[1,-10]],[[9735,15120],[-131,-2]],[[9560,16503],[33,-91],[21,-88]],[[9464,16275],[-11,52],[-38,-5],[-59,68],[-31,-13],[-52,-5]],[[9273,16372],[-7,24]],[[9822,14749],[-27,-127],[-17,-63]],[[9983,15492],[31,11]],[[10014,15503],[120,37],[12,-31],[4,-29],[176,56],[17,4],[34,-4]],[[9736,14914],[-1,206]],[[7506,17844],[48,-44],[64,-48],[42,-7],[178,40],[44,8],[55,3],[38,7],[-1,165],[7,6],[89,20],[63,54],[-58,56],[14,50],[2,165]],[[8091,18319],[75,-67],[280,-248],[47,-39],[143,-125],[8,-6]],[[9902,18746],[-48,-1],[3,84],[-52,17],[-24,11],[-27,23],[-75,84],[-29,36],[-101,113],[-84,97],[-25,42]],[[9662,12955],[-131,-464],[-52,-183],[-49,-185]],[[9430,12123],[-50,13],[-59,47],[-58,109],[-20,43],[-86,46],[-116,27],[-91,67],[-109,148],[-67,126]],[[9454,16856],[39,12],[171,40],[24,9]],[[9624,16637],[-51,29],[-38,6]],[[9535,16672],[-23,4],[-52,19],[-20,18],[-42,6],[-58,20],[-9,26],[-37,44]],[[10333,15679],[278,104],[61,22],[77,24]],[[10660,15528],[-13,1]],[[10383,15557],[-6,26],[-38,80]],[[10339,15663],[-6,16]],[[10134,15773],[-85,25]],[[9702,16037],[-14,16],[-16,40]],[[9552,16522],[62,-65],[227,-312],[23,-30]],[[9520,16568],[15,104]],[[10557,15998],[-9,-5],[-134,-51]],[[6140,14282],[122,16],[21,1],[42,-13]],[[6512,14292],[-3,-38],[-13,-27],[25,-11],[-11,-51],[-47,-43],[21,-17],[-8,-10],[-1,-48],[-35,-3],[-21,-28],[0,-55],[-9,-22]],[[6604,13600],[1,-179]],[[6143,13583],[-1,330],[-1,100],[1,208],[-2,61]],[[10049,15798],[-17,-151]],[[10032,15647],[-216,-10]],[[10032,15647],[-18,-144]],[[10314,15722],[19,-43]],[[10339,15663],[-307,-16]],[[5378,28802],[170,1],[890,3]],[[7295,27317],[-44,-19],[-47,17],[-37,7],[-14,-2],[-6,-22],[-24,-18],[-25,-9],[-27,20],[-33,12],[-62,12],[-57,4],[-14,7],[-36,-2],[-15,-7],[-16,-30],[10,-13],[-44,-46],[-32,-29],[-18,-43],[2,-38],[-66,-19],[1,-36],[31,-10],[9,-13],[2,-28],[-23,-4],[-43,11],[-19,1],[-63,-11],[20,-139],[0,-60],[30,-30],[66,-56],[22,-13],[52,-4],[26,-46],[-1,-12],[-22,-33],[3,-45],[-6,-48],[-60,-8],[-25,-16],[0,-28],[-37,-43],[-6,-14],[32,-18],[-9,-38],[-2,-47],[14,-54],[13,-27],[0,-28],[-7,-21],[-32,-23],[-26,-10],[-40,-6],[-74,12],[-37,-2],[-28,-10],[-40,-37],[-47,-24],[-29,-22],[-13,-4],[0,-72],[76,-110],[30,-65]],[[6428,25808],[-28,-52],[-16,-40],[-9,-12],[-32,-10],[-34,0],[-26,-9],[-40,14],[-26,-6],[-33,-40],[-47,34],[-47,26],[-22,22],[-13,-1],[-49,22],[-43,-36],[-16,16],[-20,3],[-21,13],[-59,-9],[-7,-25],[4,-33],[-11,-39],[-161,-1],[-20,26],[-42,28],[-11,18],[-1,112],[-113,-2]],[[5484,25850],[0,280]],[[8656,24407],[-27,1],[-166,13],[-41,2],[-5,102],[-15,48],[-26,46],[-33,34],[-226,174],[-91,72],[-47,24],[-32,10],[-57,7],[-227,-2],[-248,-3],[-46,-2],[-67,5],[-43,6],[-88,27],[-124,55],[-483,209],[-28,15],[-30,26],[-21,31],[-15,46],[-2,34],[41,167],[3,27],[-10,53],[-53,122],[-21,52]],[[2819,16542],[33,23],[100,51],[72,33],[71,26],[52,9],[118,-33],[251,2],[44,-1],[19,4],[62,28],[109,36],[68,6],[118,-3],[29,-32],[74,16],[75,23],[35,19],[25,-16],[35,19],[44,16],[14,-6]],[[4266,16320],[-1,-178],[-1,-37],[1,-136],[0,-586],[1,-67],[21,-143]],[[4287,15173],[-145,-14],[-45,-5],[-51,-18],[-35,-19],[-94,-60]],[[3917,15057],[-113,-74]],[[3804,14983],[-2,58],[1,232],[0,220],[1,142],[-45,-10],[-36,11],[-23,27],[-20,12],[-38,1],[-29,20],[-52,18],[-30,-2],[-28,-13],[-28,-82],[-23,-58],[-15,-54],[-21,-25],[-5,-62],[1,-37],[-8,-15],[-54,-34],[-32,-27],[-82,-31],[-24,2],[-15,-11],[-55,-4],[-60,10],[-45,-7],[-20,-14],[-25,1],[-23,-8],[-23,7],[-26,-18],[-20,-5],[-54,14],[-29,18],[-27,1],[-28,-8],[-33,-3],[-43,-29],[-8,-19],[-16,0],[-28,-31],[-16,1],[-14,25],[-66,51],[-26,3],[-74,-24],[-12,9],[-39,6],[-25,-6],[-12,14]],[[4963,10083],[1,-189],[-2,-65],[3,-142],[-3,-28],[0,-118],[2,-59],[2,-290],[1,-156]],[[4967,9036],[-231,-1]],[[4736,9035],[-1,421],[-461,0],[-11,412]],[[8429,23417],[3,-278],[0,-233],[-1,-6],[-160,0],[-89,0],[-72,-39],[-29,-2],[-38,5],[-24,-3],[-46,-17],[-56,-36],[-10,-11]],[[7907,22797],[-57,-35],[-146,-55],[-97,-30],[-93,-26],[-56,-13],[-86,0],[-53,-20],[-26,-17],[-24,-22],[-19,-29],[-22,-20],[-35,-16],[-48,-7],[-32,-10],[-41,-20],[-61,-43],[-67,-2],[-123,38],[-93,-16],[-33,-11],[-51,-29],[-39,-4],[-85,1],[-57,8],[-49,-1],[-57,-12],[-52,10],[-124,14],[-22,8],[-90,48],[-66,32],[-40,12],[-135,12],[-58,10],[-91,25],[-84,17],[-181,17]],[[7839,21833],[18,55],[-14,133],[0,75],[10,75],[5,254],[-13,40],[-8,55],[2,54],[8,23],[23,116],[37,84]],[[10396,23745],[-2,-264],[-8,-22],[6,-61],[-7,-92],[-78,-294],[-6,-36],[-84,-298],[-46,-196],[-1,-25],[5,-234],[-26,-172]],[[10149,22051],[-17,-115],[-28,-46],[-60,-58],[-220,-219],[-50,-31],[-44,-17],[-49,-40],[-237,-1],[-122,1],[-293,4],[-155,2],[-24,3],[-26,12],[-78,71],[-23,15],[-25,7],[-120,1],[-14,-2],[-142,1],[0,-30]],[[8422,21609],[-38,-15],[-33,-4],[-44,-21],[-29,-45],[-14,-13],[-55,-10],[-1,-64],[3,-34],[-2,-32],[11,-28],[4,-60],[17,-73],[-13,-51],[1,-45],[7,-20],[-3,-38],[-11,-25],[1,-29],[-20,-22],[0,-54],[7,-53],[20,-85],[25,-46],[-19,-48],[-67,25],[-43,24],[-18,25],[-35,34],[-13,27],[-43,8],[-18,20],[-9,56],[-14,28],[0,68],[-19,0],[-13,17],[-52,45]],[[7892,21071],[-9,21],[-27,36],[3,46],[18,38],[9,71],[13,55],[6,52],[1,103],[-19,76],[-25,52],[-28,117],[-1,37],[6,58]],[[4216,20229],[315,-425],[89,-146],[73,-118]],[[4693,19540],[-51,-2],[-373,-1],[-234,2],[0,4],[-95,1],[-5,6],[25,29],[-24,14],[-47,8],[15,63],[5,61],[-90,40],[-14,-25],[-22,-27],[-13,-4],[5,-25],[0,-78],[-17,-17],[-72,-34],[-51,-11],[-71,29],[-13,15],[-46,33],[-18,7]],[[3487,19628],[23,20],[10,27],[-4,41],[4,43],[-5,23],[-54,43],[-12,26],[3,53],[17,24],[59,27],[29,21],[56,29],[29,27],[28,52],[-13,38],[-3,66],[-5,28],[13,22],[19,12],[27,4],[34,-13],[58,18],[27,18],[20,-3],[39,29],[18,-3],[35,38],[6,33],[20,26],[40,-22],[137,-36]],[[11094,23745],[0,-153],[-2,-167],[2,-44],[43,-189],[50,-210],[4,-43],[-7,-38],[-87,-204],[89,-1],[109,2],[146,-2],[-4,-135],[-11,-222],[-6,-56],[-16,-347],[-13,-212],[-1,-109]],[[10752,21208],[-3,-1]],[[10749,21207],[-2,36],[-13,10],[-14,-13],[-17,16],[1,14],[-65,38],[-8,21],[1,22],[14,11],[-8,25],[-18,16],[9,29],[18,37],[-6,54],[-23,62],[-31,1],[-38,27],[-31,32],[-6,19],[4,38],[12,19],[-3,14],[-43,37],[-3,18],[-23,18],[-20,6],[-20,18],[-25,44],[-11,10],[-56,19],[-42,34],[-61,38],[-15,14],[-17,33],[-40,27]],[[10618,21124],[131,83]],[[11008,20683],[-43,65],[1,19],[-111,-1],[-1,118],[-93,-1],[-1,83],[-168,-1]],[[10592,20965],[18,29],[11,29],[2,30],[-7,46],[2,25]],[[10618,21124],[-130,-81],[-283,-181],[-210,-131],[-43,-34],[-25,-23],[-35,-45],[-19,-31],[-27,-61],[-79,-201],[-28,-64]],[[9739,20272],[-20,-43],[-45,-81],[-49,-76],[-133,-184],[-31,-40]],[[9461,19848],[-70,-24],[-41,-3],[-36,21],[-31,-1],[-18,-15],[-17,0],[-52,19],[-20,0],[-27,-20],[-47,23],[-30,1],[-73,-78],[-51,2],[-10,-4]],[[8938,19769],[-87,90],[-148,146],[-47,48],[-137,158],[-16,44],[-26,170],[0,37],[41,311],[-1,51],[-81,337],[-5,43],[0,254],[-10,103],[1,48]],[[8938,19769],[-44,10],[-27,-9],[-18,-15],[-29,-33],[-18,-13],[-21,-1],[-36,18],[-30,9],[-26,-1],[-33,29],[-58,23],[-21,40],[-48,17],[-12,55],[-27,38],[-19,-45],[-19,-29],[-36,-19],[-143,15],[-18,5],[-118,71],[-44,16],[-130,2],[-57,114],[-12,45],[21,70],[-7,40],[-33,63],[-24,32],[-21,14]],[[7830,20330],[4,19],[-20,58],[-25,48],[4,24],[19,20],[5,17],[0,43],[-7,50],[11,63],[0,24],[-32,73],[-30,39],[-1,132],[3,79],[31,-4],[85,32],[15,24]],[[10592,20965],[-169,-247],[-20,-38],[-146,-306],[9,0]],[[10266,20374],[-54,-112]],[[10212,20262],[-171,-3],[-174,3],[-38,9],[-90,1]],[[10775,20375],[-22,-14],[-43,13],[-414,1],[-30,-1]],[[12822,26623],[26,-8],[101,-10],[55,0],[51,7],[85,2],[96,-4],[58,-18],[49,-27],[37,-39],[52,-103],[6,-56],[6,-91],[0,-73],[7,-61],[-2,-52],[-6,-47],[-47,-85],[-47,-62],[-82,-70],[-165,-88],[-56,-42],[-28,-28],[-19,-31],[-12,-36],[3,-69],[9,-31],[48,-73],[140,-137],[13,-25],[-6,-47],[-34,-67],[-24,-32],[-30,-79],[-13,-26],[-20,-12],[-33,0],[-39,14],[-46,9],[-31,-15],[-54,-36],[-75,-84],[4,-33],[15,-29],[22,-21],[28,-14],[65,-14],[35,-21],[11,-34],[-5,-65],[21,-78],[23,-149],[5,-73],[-26,-99],[-82,-100],[0,-93],[-17,-137],[-79,-130],[-14,-11],[-11,-29],[-5,-34],[7,-28],[11,-11],[34,-11],[77,2],[134,13],[77,-1],[63,-17],[125,-52],[64,-69],[45,-183],[37,-101],[66,-52],[61,-26],[70,-23],[85,-35],[53,-27],[71,-96],[38,-114],[11,-77],[-9,-26],[-77,-28],[-65,-36],[-91,-55],[-80,-42],[-74,-14],[-76,-8],[-66,-3],[-46,-11],[-50,-17],[-77,-38],[-40,-27],[-40,-40],[-29,-52],[-9,-44],[-5,-45]],[[776,11543],[13,2],[251,0],[37,6],[61,15],[41,15],[228,116],[21,7],[31,1],[134,-14],[159,1],[20,10],[18,19],[70,87],[75,83],[22,19],[74,50],[24,12],[123,48],[84,37],[169,74]],[[2431,12131],[-7,-119],[-8,-51],[-17,-74],[-2,-28],[0,-107]],[[2397,11752],[1,-190],[11,-81],[14,-56],[28,-92],[24,-155],[21,-63],[149,-275],[13,-44],[1,-95],[1,-208]],[[2660,10493],[-131,3],[-100,-4],[-327,-22],[-320,-19],[-69,2],[-381,52],[-43,-2],[-199,-48],[-73,-19],[-126,-37],[-67,-18]],[[824,10381],[-14,244],[-6,179],[-7,69],[0,92],[-2,50],[-12,111],[3,122],[19,17],[-1,133],[-26,59],[-2,86]],[[370,20715],[136,-85],[74,-56],[24,-23],[45,-51],[54,-72],[27,-28],[31,-22],[86,-35],[50,-23],[36,-26],[35,-40],[17,-27],[21,-73],[27,-143],[15,-29],[20,-22],[300,-252],[49,-31],[35,-14],[58,-12],[200,-16],[52,-12],[116,-44],[57,-16],[109,1],[51,-6],[22,-9],[37,-27],[130,-136],[346,-361],[84,-101]],[[2714,18924],[-51,-36],[-65,-39],[-20,-19],[-48,-68],[-100,-102],[-78,-121],[-35,-75],[-24,-90],[-9,-55],[-1,-89],[5,-124],[0,-81],[-8,-125]],[[471,18477],[-33,718],[-41,931],[-5,136],[-6,107],[-16,346]],[[10212,20262],[-145,-304],[-29,-65],[-13,-38],[-17,-69],[-20,-194]],[[7839,21833],[-75,-58],[-61,-64],[-40,-58],[-36,-17],[-47,-11],[-41,-35],[-26,-49],[-34,-40],[-83,-65],[-22,-9],[-53,-7],[-32,-11],[-33,-1],[-45,-27],[-25,4],[-25,14],[-15,-18],[-52,-36],[-19,-45],[-58,-55],[-20,-7],[-4,35],[-26,1],[-38,37],[-67,51],[-60,34],[-26,34],[1,24],[-18,98],[2,22],[-63,-15],[-11,2],[-98,-54],[-155,-81],[-67,-33]],[[6688,19951],[93,6],[-45,46],[-49,64],[-27,44],[2,10],[112,246],[11,19],[39,55],[25,-13],[17,-21],[67,-6],[15,9],[35,-26],[-7,-32],[21,-5],[0,-15],[28,-7],[34,-50],[23,-17],[8,-31],[-5,-25],[13,-28],[33,-11],[9,-13],[-9,-39],[6,-16],[31,-18],[-3,-22],[14,-35],[-7,-19],[13,-32],[26,-16],[14,-18],[25,-4],[35,-17],[27,38],[8,34],[29,17],[19,33],[27,25],[22,44],[22,59],[7,29],[23,22],[1,25],[-14,26],[-6,28],[14,30],[44,53],[202,3],[33,-6],[87,-44]],[[8938,19769],[7,-18],[-30,-4],[-27,-36],[-51,-5],[-22,-25],[-55,-21],[-18,36],[-29,-18],[-36,41],[-55,31],[-20,2],[-37,19],[-21,5],[-82,0],[-7,-8],[1,-161],[38,0],[10,-10],[0,-70],[-82,0],[-57,-5],[-116,3],[-77,0],[-42,-37],[-70,-34],[-34,-11],[-80,-12],[-32,5],[-80,-35],[-48,-1],[-24,-4],[-33,-33],[1,-35],[18,-3],[1,-29],[35,-25],[5,-35],[9,-19],[40,-20],[26,-25],[8,-26],[-5,-12],[-29,-5],[-3,-12],[18,-14],[-9,-22],[13,-6],[26,10],[23,-16],[-6,-14],[-34,-3],[-7,-41],[19,-6],[20,5],[9,-30]],[[7907,18980],[-5,-22],[28,0],[5,-37],[-9,-16],[23,-7],[-8,-26],[7,-27],[14,-12],[1,-16],[-21,-26],[2,-71],[-31,-44],[31,-13],[-14,-37],[-32,8]],[[7898,18634],[-58,9],[-89,23],[-24,11],[-52,5],[-15,7]],[[7660,18689],[24,124],[-92,1],[-156,0],[-41,-13],[-111,-27],[-22,4],[-34,35],[-113,69],[-10,17],[-2,147],[-8,45],[-62,58],[-57,39],[-15,20],[-8,35],[-36,-5],[-52,10],[-129,11],[-46,14],[-73,7],[0,10],[-30,4],[0,103],[-5,24],[1,83],[-10,2],[-142,-1],[40,41],[59,36],[35,-1],[26,7],[25,-3],[48,-17],[25,12],[-6,56],[-17,21],[7,31],[1,38],[31,6],[7,8],[0,111],[-3,40],[-15,28],[-6,32]],[[6861,10279],[8,-38],[19,-14],[0,-18],[13,-19],[-9,-22],[-30,-20],[-2,-29],[-12,-16],[2,-23],[-15,-26],[13,-23],[3,-34],[14,-16],[12,-66],[23,-17],[8,-22],[32,-10],[-19,-27],[8,-38],[16,-30],[2,-44],[11,-29],[11,-43],[19,-19],[44,-25],[48,-61],[33,-9],[40,-19],[38,1],[14,-23],[40,-28],[12,-30],[55,-40],[46,-20],[-18,-30],[-3,-21],[13,-44],[23,-41],[2,-13],[33,6],[46,0],[12,19],[20,-10],[-3,-23],[30,-5],[12,-27],[32,-16],[2,-17],[37,-4],[8,-16],[-3,-18],[29,-15],[26,8],[4,-21],[-15,-10],[7,-14],[33,9],[10,-8],[-15,-20],[27,-10],[11,-25],[24,-8],[16,19],[39,-33],[40,-25],[44,-55],[27,-22],[2,-24],[11,-49],[10,-13],[51,-1],[14,6],[39,-3],[26,31],[25,16],[22,-7],[16,-22],[30,-13],[50,22],[78,44],[13,-6],[-4,-25],[-19,-26],[-2,-18],[14,-16],[35,-12],[8,-25],[-35,-35],[-8,-32],[26,-32],[27,-15],[24,-1],[26,-25],[4,-25],[-22,-17],[-27,3],[-47,24],[-15,-2],[-16,-31],[-1,-41],[-12,-21],[-52,-13],[-35,-32],[-15,-19],[-1,-41],[-20,-34],[-33,-35],[-17,-31],[2,-19],[37,-39]],[[8117,8238],[-23,-16],[-1,-19],[17,-22],[-25,0],[-14,-14],[-30,18],[-22,-1],[-37,15],[-61,-9],[-36,7],[-44,-1],[-66,18],[-45,5],[-59,0],[-27,14],[-55,-19],[-27,12],[-58,3],[-19,10],[-23,-2],[16,-42]],[[2660,10493],[194,0],[32,9],[447,260],[3,-82],[0,-382]],[[864,9503],[-4,54],[-26,695],[-10,129]],[[6688,19951],[-37,2],[-86,8],[-39,-2],[-41,-10],[-41,-25],[-19,-33],[-30,-17],[-19,0],[-126,16],[-28,8],[-75,37],[-66,43],[-45,2],[-26,-5],[-83,-29],[-53,-4],[-72,14],[-75,-6],[-84,3],[-127,1],[-56,22],[-23,-2],[-65,-16],[-62,-44],[-70,-73],[-34,-24],[-32,-35],[-59,-46]],[[5115,19736],[-12,31],[-40,0],[2,75],[-8,12],[-70,-1],[18,44],[-10,52],[1,40],[7,50],[-21,38],[-12,40],[1,28],[19,27],[5,24],[-15,17],[16,16],[-3,30],[14,13],[14,41],[46,34],[14,23],[-4,35],[58,24],[62,12],[46,49],[17,6],[50,-12],[40,9],[26,22],[23,29],[23,15],[40,19],[-47,27],[-23,18],[-81,39],[-40,15],[-34,41]],[[5115,19736],[-38,-53],[-28,-32],[-8,-21],[0,-62],[-5,-29],[-114,-2],[-229,3]],[[5657,15526],[-98,-40],[-243,-96]],[[5316,15390],[-338,-135],[-37,-13],[-48,-10],[-47,-7],[-539,-50],[-20,-2]],[[4257,17612],[65,0],[54,16],[78,1],[35,18],[173,-1],[111,0],[29,-3],[2,-31],[-24,-35],[37,-22],[26,-23],[19,5],[37,46],[78,152],[24,40],[375,-337],[277,-2]],[[5653,17436],[0,-248]],[[5653,17188],[-157,141],[-510,-93],[-220,-50],[-104,-26],[-334,-76],[-64,-13]],[[4264,17071],[-7,261],[0,280]],[[4279,14242],[105,56],[38,26],[106,90],[28,11],[99,3],[42,12],[59,33]],[[4756,14473],[-1,-194],[30,3],[256,-1]],[[5041,14281],[-21,-71],[-74,-209]],[[4946,14001],[-14,-43],[-21,-99]],[[4911,13859],[-258,2]],[[4653,13861],[0,36],[-31,0],[-8,54],[-16,23],[-44,41],[-8,26],[25,24],[0,32],[-7,32],[-34,4],[-15,13]],[[4515,14146],[-15,24],[-30,1],[-85,16],[-20,-1],[-48,24],[-10,15],[-28,17]],[[707,12832],[29,-5],[20,25],[-15,16],[11,19],[-1,30],[7,13],[5,38],[35,25],[21,37],[23,-11],[17,4],[-2,44],[-15,31],[26,38],[7,48],[0,59],[27,53],[23,8],[78,7],[47,11],[19,-11],[11,-20],[13,-5],[50,7],[53,24],[20,36],[16,3],[25,-13],[21,6],[2,38],[-14,30],[13,32],[-25,40],[-23,3],[-23,24],[26,23],[23,9],[10,26],[14,0],[31,-35],[12,-26],[12,-7],[30,0],[23,13],[28,6],[24,-3],[14,-18],[22,3],[19,-12],[19,-27],[17,-8],[33,0],[11,-10],[20,5],[33,-12],[4,-11],[33,-10],[28,-25],[31,3],[20,-6],[46,-29],[22,10],[25,-3],[28,7],[29,-1],[18,-12],[10,-21],[27,-12],[-1,-25],[58,-22],[30,8],[47,-4],[17,-8],[52,10],[29,-5]],[[2182,13287],[21,-6],[15,-23],[12,-137],[30,2],[18,-6],[30,10],[17,-13],[40,-15],[34,1],[67,24],[13,13],[24,9],[27,-2],[19,12],[8,25],[33,33],[53,33],[61,23],[53,8],[21,10],[72,-1],[51,-10],[20,10],[16,29],[3,40],[7,16],[22,20],[9,20],[42,32],[33,14],[20,24],[21,7],[18,23],[6,28],[33,43],[38,28],[27,45],[-1,27],[13,12],[19,-7],[46,13],[14,9],[25,42],[3,29],[39,21],[24,29],[11,35],[19,40],[17,13],[35,7],[43,22],[23,32],[-1,37],[21,61],[18,12],[23,36],[2,21],[47,86],[47,95],[24,16]],[[3727,14344],[8,-13],[59,-22],[21,-16],[11,-18],[0,-259],[1,-82]],[[3827,13934],[-19,-18],[-155,-118],[-37,-36],[-23,-38],[2,-5],[-2,-136],[-1,-295],[-1,-54],[4,-4],[54,-3],[174,1],[-1,-236]],[[3822,12992],[-1,-136],[2,-24],[35,-12],[12,-16],[25,-7],[10,-71]],[[3905,12726],[-47,-14],[-196,-67],[-99,-26],[-210,-31],[-71,3],[-156,25],[-63,-1],[-59,-23],[-38,-32],[-121,-135],[-56,-57],[-99,-88],[-43,-31],[-73,-43],[-143,-75]],[[776,11543],[-14,132],[-11,67],[-21,59],[18,18],[-3,82],[17,20],[0,40],[-34,60],[-13,90],[5,39],[20,14],[-7,329],[-6,144],[-14,123],[-6,72]],[[4287,15173],[46,-304],[25,-58],[17,-19],[35,-26],[122,-63]],[[4532,14703],[-10,-11],[-53,-18],[-65,-57],[-45,-16],[-20,-29],[-21,8],[-24,-7],[-32,14],[-11,-6],[-26,21],[-24,7],[-22,-23],[-3,-36],[-18,-29],[-31,-7],[-19,2],[-47,-16]],[[4061,14500],[-27,381],[-8,6],[-92,0],[-15,8],[0,159],[-2,3]],[[8117,8238],[38,-6],[59,27],[55,38],[29,30],[15,29],[20,25],[31,27],[86,43],[36,16],[73,2],[45,11],[30,13],[30,52],[22,48],[34,18]],[[8145,4841],[-53,0],[2,-12],[-16,-39],[-31,-5],[-42,55],[-225,0]],[[4453,8617],[285,1],[-1,47],[0,321],[-1,49]],[[4967,9036],[366,3]],[[5333,9039],[-65,-89],[-40,-50],[-40,-60],[-62,-82],[33,-20],[40,-17],[22,-19],[55,-23],[13,-19],[-1,-40],[13,-34],[78,-51],[32,-32],[6,-26],[20,-38],[14,-46],[29,-18],[5,-29],[14,-22],[-3,-21],[26,-42],[-3,-52],[10,-27]],[[3209,19510],[27,10],[40,-6],[39,45],[54,45],[51,14],[46,3],[21,7]],[[4693,19540],[32,-52]],[[4721,18581],[0,-185],[3,-53],[12,-30],[5,-37]],[[4741,18276],[-3,-73],[-14,-38]],[[4724,18165],[-43,69],[-120,184],[-88,131],[-16,18],[-124,118],[-41,33],[-46,29],[-45,22],[-94,36],[-51,26],[-150,90],[-42,21],[-372,136]],[[3492,19078],[-411,149]],[[3081,19227],[23,25],[-7,17],[13,32],[-10,31],[-12,3],[-3,26],[16,22],[-12,17],[-6,30],[-26,34],[-2,22],[35,29],[38,9],[72,-18],[9,4]],[[8055,4082],[245,100],[60,-114],[110,-217],[64,-122],[76,-152],[111,-216],[22,-54],[5,-23],[0,-122],[-77,1],[-40,-9],[-47,-18],[-67,-4],[-32,-7],[-42,-23],[-81,-50],[0,-31],[10,-14],[0,-24],[116,-22],[56,-18],[131,-55],[47,-15],[126,-47],[85,18],[44,8],[72,-8],[50,3],[33,61],[0,176],[212,0],[232,0],[31,-2],[29,-12],[51,7],[47,-13],[-2,-13],[26,-3],[32,-44],[-2,-29],[-10,-16],[16,-10],[254,-148]],[[9071,18537],[-81,259],[-16,69],[-7,86]],[[7067,13985],[-88,0],[-11,6],[0,32],[-50,-5],[-15,-27],[-21,-5]],[[6882,13986],[-5,32],[-42,51],[-43,23],[-55,35],[-26,5]],[[6711,14132],[0,23],[10,31],[-1,103]],[[2714,18924],[34,16],[-7,39],[43,23],[32,25],[48,59],[50,21],[70,45],[38,3],[21,20],[16,38],[22,14]],[[3492,19078],[1,-164],[-13,0],[-1,-167],[-56,22],[-1,-51],[-73,13],[-1,-24],[102,-29],[-1,-180],[17,-16],[52,-77],[0,-21]],[[3518,18384],[-18,0],[-5,14],[-80,3],[-6,5],[-80,11],[-44,15],[-92,0],[-37,-6],[-34,-33],[-32,-74],[-32,-52],[-38,-48],[-21,-18],[-8,-58],[-17,-28],[-12,-32],[-48,-32],[-9,-34],[-39,-36],[-10,-24],[3,-20],[-10,-26],[-50,-11],[-14,-40],[37,-13]],[[2822,17847],[-20,-51],[-18,-21],[-1,-35],[-20,-44],[-5,-26],[-20,-39],[-26,-9],[-41,-6],[-34,1],[-55,-39],[-29,-76],[-18,-24],[-40,10]],[[3804,14983],[-94,-59],[-77,-40],[-92,-27],[-44,-15],[-122,-46],[-28,-13],[-46,-30],[-56,-54],[-35,-46],[-62,-92],[-29,-41],[-86,-88],[-56,-39],[-76,-31],[-1,-116],[-17,-33],[-50,-55],[-86,-152],[-93,-129],[-72,-78],[-51,-41],[-19,-25],[-28,-57],[-32,-45],[-112,-131],[-127,-147],[-26,-45],[-5,-21]],[[707,12832],[-17,356],[-14,341],[7,129],[-7,111],[-4,96],[0,113],[15,21],[-24,60],[-6,134],[-4,70],[-14,300],[-1,200],[-13,233]],[[3727,14344],[43,11],[15,13],[25,40],[27,7],[25,-3],[24,-18],[32,6],[66,67],[15,11],[54,10],[8,12]],[[4532,14703],[159,-82],[28,-21],[30,-45],[7,-41],[0,-41]],[[4279,14242],[-66,-33],[-85,-28],[-18,-8],[-45,-32],[-172,-138],[-66,-69]],[[6861,10279],[44,16],[28,3],[248,0]],[[7053,18783],[-53,57],[-27,8],[-28,34],[-34,17],[-6,22],[-18,16],[-41,3],[-33,13],[-13,23],[-52,17],[-36,5],[-59,18],[-53,5],[-45,-23],[-23,-27],[-19,-9],[-32,-5],[-72,-22],[-101,11],[-33,-1],[-86,-10],[-39,2],[-42,21],[-60,-2],[-56,21],[-55,34],[-54,27],[-54,20],[-32,3],[-31,-6],[-50,10],[-37,27],[-74,48],[-26,12],[-36,-2],[-40,-17],[-50,-11],[-15,4],[-22,21],[-28,4],[-55,-21],[-18,-35],[-35,-28],[-44,-14],[-37,-23],[-57,-19],[-26,1],[-62,31],[-18,-1],[-52,-11],[-20,7]],[[5653,17188],[61,-54],[70,-53]],[[5784,17081],[57,-37],[313,-186],[117,-51],[-22,55],[2,15],[24,34],[11,0],[44,27],[17,23],[8,36],[37,35],[50,27],[22,29],[16,34],[48,31],[63,9],[29,14],[44,9],[70,36],[21,-1],[18,12],[70,28],[41,6]],[[5655,16509],[-2,263],[0,416]],[[7907,18980],[296,6],[685,-30],[79,0]],[[8091,18319],[-61,53],[-23,25],[-36,50],[-33,55],[-25,64],[-15,68]],[[4143,21853],[-48,-1],[-26,-18],[-110,-205],[-45,-126],[-29,-46],[-32,-26],[-83,-37],[-82,-33],[-54,-25],[-27,-36],[-15,-48],[-21,-51],[-94,-195],[-20,-50],[-16,-49],[-24,-43],[-153,-160],[-65,-68],[-19,-13],[-30,-11],[-309,-64],[20,-61],[9,-45],[3,-122],[6,-8],[79,-34],[13,-9],[65,-132],[90,-138],[23,-17],[36,-17],[35,-2],[1,-353],[-3,-19],[-26,-52],[17,-29]],[[370,20715],[-4,95],[-25,248],[-24,497],[-44,914],[-60,1247],[0,114],[-3,30],[-14,274],[0,13],[-16,460],[-10,80]],[[5677,14270],[95,-60],[117,-48],[36,-5],[44,9]],[[5969,14166],[19,10],[61,49],[65,46],[26,11]],[[6143,13583],[-16,-7],[-64,-5],[-34,6],[-71,33],[-62,-13],[-26,-19],[-33,-66],[-58,-87],[-38,-39],[-73,-30]],[[5668,13356],[10,297],[-1,366],[0,251]],[[5658,14897],[103,-1],[47,-4],[260,-1],[87,1]],[[6155,14892],[0,-2]],[[6141,14533],[-2,-210],[1,-41]],[[5969,14166],[-51,92],[-19,58],[5,41],[44,31],[21,36],[10,50],[-9,28],[6,20],[33,62],[15,19],[-6,22],[-31,27],[-14,21],[-27,55],[-43,45],[-6,16],[-20,14],[-42,23],[-55,23],[-36,29],[-28,-1],[-26,18],[-32,0]],[[5658,14895],[0,2]],[[6219,17566],[33,-4],[67,-15],[156,-48],[35,-14],[143,-70]],[[5784,17081],[-12,21],[0,35],[175,0],[0,149],[173,0],[0,139],[94,2],[1,100],[4,39]],[[6219,17566],[-101,14]],[[6118,17580],[-1,263],[0,183],[42,8],[0,52]],[[5655,15318],[120,11],[52,0],[116,16],[34,10],[9,-11],[25,10]],[[6011,15354],[16,-30],[33,-2],[34,7],[3,-36],[45,11]],[[6142,15304],[4,-222]],[[6146,15082],[-109,18],[-24,2],[-120,1],[-236,-1]],[[5657,15102],[-2,216]],[[5827,15592],[26,-55],[40,-38],[52,-17],[69,-39],[18,-48],[-12,-12],[-9,-29]],[[5655,15318],[2,203]],[[6147,15604],[175,-84]],[[6155,14892],[-9,102],[0,88]],[[6142,15304],[2,244],[3,56]],[[6605,14286],[0,-315]],[[6711,14132],[9,-18],[2,-462],[-118,0]],[[6145,12809],[-123,-1]],[[6022,12808],[-142,-1],[-215,2]],[[5665,12809],[-1,392],[4,155]],[[6536,12359],[-73,107],[-46,38],[-93,36],[-7,5],[-9,45],[-19,44],[-4,25],[-16,40],[-36,49],[-17,18],[2,43]],[[9273,16372],[4,-12]],[[9277,16360],[-115,-30],[-100,-25],[16,-58],[-19,-4]],[[9335,16157],[171,64]],[[9616,16104],[-183,-68],[-54,-16]],[[9379,16020],[-44,137]],[[5041,14281],[407,2]],[[5448,14283],[188,3],[41,-16]],[[5668,13356],[-45,-14],[-48,4],[-13,-17],[-118,1]],[[5444,13330],[10,321],[-5,87],[-24,1],[-18,24],[-9,39],[-64,103],[-3,33],[-38,24],[-17,25],[-21,14],[-87,-19],[-6,-4],[-144,4],[-24,18],[-48,1]],[[5194,14766],[120,96],[13,6],[1,20],[107,0],[135,9],[88,0]],[[5658,14895],[18,-273],[7,-136],[-6,-216]],[[5448,14283],[7,193],[-10,123],[-46,-5],[-16,-6],[-87,-6],[-9,5],[-37,51],[-3,36],[-25,-2],[2,-51],[-53,-10],[-22,4],[-69,-5]],[[5080,14610],[12,29],[67,94],[35,33]],[[8301,14902],[42,6],[10,-15]],[[8176,15165],[131,1],[36,-3]],[[8184,14933],[-2,202],[-6,30]],[[8176,15165],[-136,-1]],[[8040,15164],[-219,-2],[-26,-59],[-11,-7]],[[6323,15757],[125,-19],[161,-10]],[[6609,15728],[1,-150]],[[6323,15630],[0,127]],[[5649,11514],[111,59],[53,30],[113,74],[91,68],[119,97],[154,121]],[[6720,11873],[-8,-7],[-6,-35],[-3,-77],[-37,-92]],[[6916,13654],[321,3],[16,8]],[[7043,13329],[-8,35],[8,36],[-12,61],[-15,34],[-36,44],[-38,36],[-26,69],[0,10]],[[3827,13934],[-1,-57],[21,-16],[78,0],[384,0]],[[4309,13861],[232,-1]],[[4541,13860],[4,-19],[23,-25],[-4,-46],[-36,-38],[-4,-21],[9,-62],[-93,0],[-2,-24],[-11,-2],[-20,-27],[-13,7],[-27,-40],[-4,-21],[5,-27],[1,-66],[22,-21],[31,-38]],[[4422,13390],[-6,-24],[-11,-11],[-27,0],[-22,-10],[-37,-7],[11,-67],[4,-71],[-10,-14],[-22,-9],[-15,-16],[1,-137],[-6,-5],[-109,0],[-145,-3],[-13,-24],[-193,0]],[[4422,13390],[21,9],[44,8],[30,0],[52,-40],[61,-16],[38,-5],[173,0]],[[4841,13346],[141,-1],[5,-13],[225,1],[6,-30]],[[5218,13303],[0,-57],[-4,-227],[-1,-211]],[[5213,12808],[2,-242]],[[5215,12566],[1,-176]],[[4256,12455],[-23,12],[-38,34],[-8,13],[2,38],[-27,15],[-25,2],[-42,-11],[-16,4],[-22,20],[-37,7],[-18,10],[-14,44],[-21,17],[-30,3]],[[3937,12663],[-29,1],[12,27],[-15,35]],[[7023,14895],[-153,-1]],[[4541,13860],[112,1]],[[4911,13859],[-35,-169],[-5,-35],[-2,-59],[0,-163],[-6,-26],[-22,-61]],[[5041,14281],[26,113],[4,33],[9,183]],[[7640,16588],[-95,4],[-81,6],[-72,11]],[[5658,14897],[-1,205]],[[6900,15722],[-74,4],[-101,-4],[-57,0],[-59,6]],[[6609,15728],[-11,59],[0,29],[-30,37],[-3,20],[36,2],[1,135]],[[5218,13303],[193,0],[16,3],[17,24]],[[5665,12809],[-324,3],[-128,-4]],[[5665,12809],[0,-138],[-8,-100],[-1,-150],[5,-38],[18,-39]],[[5679,12344],[-17,5],[-97,72],[-50,26],[-172,72],[-16,5],[-70,11],[-42,31]],[[6621,11559],[118,2],[82,6],[3,-203],[3,-4]],[[6827,11360],[-232,-171],[-63,-48],[-48,-33]],[[6022,12808],[-1,-308],[3,-115],[105,1],[5,-16],[26,-29],[2,-38],[-3,-84],[9,-19],[95,45],[-9,-255],[-19,-7],[-38,8],[-8,-6]],[[6189,11985],[-88,19],[-81,26],[-75,50]],[[5945,12080],[-48,34],[-28,32],[-38,68],[-26,27],[-99,74],[-27,29]],[[5408,11840],[22,34],[37,29],[30,8],[65,11],[40,12],[94,40],[150,56],[51,23],[48,27]],[[6189,11985],[101,-22]],[[9138,16014],[22,17],[86,25],[18,-43],[72,0],[43,7]],[[5333,9039],[81,113],[10,29],[1,82],[0,195],[412,0],[50,0]],[[8040,15164],[3,-54],[-5,-24],[23,-3],[-1,-119]],[[3518,18384],[48,0],[-1,-97],[6,-8],[397,-2],[201,1],[90,0],[-2,-423]],[[4257,17855],[-210,1],[-63,-13],[-160,-73],[-23,-6],[-46,0],[-101,26],[-46,8],[-64,7],[-33,0],[-41,-18],[-77,-65],[-95,-109],[-9,15],[-72,61],[-30,14],[-46,10],[-47,25],[-35,31],[-26,13],[-98,27],[-28,14],[-40,9],[-45,15]],[[4724,18165],[-3,-17],[0,-230],[-4,-27],[-16,-22],[-37,-15],[-93,-1],[-246,1],[-68,1]],[[4267,16762],[-1,254],[-2,55]],[[5650,18334],[2,-406],[2,-120]],[[5654,17808],[-57,51],[-87,60],[-92,68],[-135,108],[-48,29],[-134,62],[-57,35],[-37,20],[-44,17],[-51,12],[-34,3],[-137,3]],[[6144,15966],[26,0],[21,-9],[49,1]],[[6323,15757],[-90,14],[-46,9],[-41,5]],[[5654,17808],[1,-88],[-2,-191],[0,-93]],[[4257,17612],[0,243]],[[3937,12663],[-2,-165],[-6,-5],[-93,1],[-15,-7],[-1,-301],[-53,-9],[-52,-2],[-72,-9],[-175,-34],[-81,-10],[-71,-2],[-49,-4],[-54,-16],[-98,-41],[0,-96],[-108,-1],[-5,-5],[0,-89],[-5,-9],[-106,1],[-2,-38],[-18,-58],[-11,-12],[-463,0]],[[6827,11360],[66,49],[44,43],[114,169]],[[6882,13986],[8,-30],[27,-35],[2,-28],[-16,-49],[1,-25],[15,-31],[5,-46],[-8,-88]],[[9277,16360],[40,-147],[18,-56]],[[5316,15390],[31,-43],[-29,-29],[-21,-37],[-1,-54],[-30,-17],[-11,-14],[-20,-43],[-43,-23]],[[5192,15130],[-99,-39],[-16,-19],[-5,-41],[-25,-27],[-39,-76],[-16,-20],[-18,-8],[-6,-51],[-13,-14],[-33,-10],[-51,-29],[-30,-1],[-26,-14],[-48,-12],[-13,16],[-14,0],[-8,-20],[-24,-18],[-57,2],[-41,-11],[-20,-15],[-43,-9],[-15,-11]],[[4515,14146],[-20,-23],[13,-20],[0,-18],[-25,2],[-10,10],[-28,-12],[-25,-1],[2,-24],[0,-81],[-29,0],[-1,-15],[-69,-33],[-13,-16],[-1,-54]],[[5654,17808],[139,-144],[34,-24],[38,-18],[31,-7],[124,-16],[98,-19]],[[5194,14766],[-2,4],[0,97],[11,23],[-10,17],[-1,223]]],"transform":{"scale":[0.00003651451775190404,0.00003470204728658646],"translate":[-88.43200700000001,30.144425]},"objects":{"Geometry\\01-097":{"type":"GeometryCollection","geometries":[{"arcs":[[0,1,2,3,4,5]],"type":"Polygon","properties":{"GEOID":"010970026002"}},{"arcs":[[6,7,8,9]],"type":"Polygon","properties":{"GEOID":"010970028001"}},{"arcs":[[10,11,12,13]],"type":"Polygon","properties":{"GEOID":"010970028003"}},{"arcs":[[14,15,16,17,18,19]],"type":"Polygon","properties":{"GEOID":"010970076001"}},{"arcs":[[20,21,22,23]],"type":"Polygon","properties":{"GEOID":"010970075002"}},{"arcs":[[24,25,26,27,28,29,30]],"type":"Polygon","properties":{"GEOID":"010970007011"}},{"arcs":[[31,32,33,34]],"type":"Polygon","properties":{"GEOID":"010970040002"}},{"arcs":[[-17,35,36,37,38,39,40,41,42,43,44,45,46,47]],"type":"Polygon","properties":{"GEOID":"010970012001"}},{"arcs":[[48,49,50,51]],"type":"Polygon","properties":{"GEOID":"010970010021"}},{"arcs":[[52,53,54,55]],"type":"Polygon","properties":{"GEOID":"010970070002"}},{"arcs":[[56,57,58,59]],"type":"Polygon","properties":{"GEOID":"010970005002"}},{"arcs":[[60,61,62,63,64]],"type":"Polygon","properties":{"GEOID":"010970054002"}},{"arcs":[[65,66,67,68,69,70,71]],"type":"Polygon","properties":{"GEOID":"010970030002"}},{"arcs":[[72,73,74]],"type":"Polygon","properties":{"GEOID":"010970032052"}},{"arcs":[[75,76,77,78,79,80,81,82]],"type":"Polygon","properties":{"GEOID":"010970034022"}},{"arcs":[[83,84,85,86,87,88,89,90]],"type":"Polygon","properties":{"GEOID":"010970035011"}},{"arcs":[[91,92,93,94,95]],"type":"Polygon","properties":{"GEOID":"010970035021"}},{"arcs":[[96,97,98]],"type":"Polygon","properties":{"GEOID":"010970037041"}},{"arcs":[[99,100,101,102,103]],"type":"Polygon","properties":{"GEOID":"010970037051"}},{"arcs":[[104,105,106,107,108]],"type":"Polygon","properties":{"GEOID":"010970037052"}},{"arcs":[[-102,109,110,111,112,-105,113]],"type":"Polygon","properties":{"GEOID":"010970037061"}},{"arcs":[[-113,114,115,116,117,118,-106]],"type":"Polygon","properties":{"GEOID":"010970037062"}},{"arcs":[[119,120,121,-116]],"type":"Polygon","properties":{"GEOID":"010970037072"}},{"arcs":[[122,123,124,125]],"type":"Polygon","properties":{"GEOID":"010970037082"}},{"arcs":[[126,127,128,129,130]],"type":"Polygon","properties":{"GEOID":"010970037103"}},{"arcs":[[131,132,133,134,135]],"type":"Polygon","properties":{"GEOID":"010970067021"}},{"arcs":[[136,137,138,139,140,141]],"type":"Polygon","properties":{"GEOID":"010970064072"}},{"arcs":[[142,143,144,145]],"type":"Polygon","properties":{"GEOID":"010970065012"}},{"arcs":[[146,147,-136,148,149,150,151,152,153]],"type":"Polygon","properties":{"GEOID":"010970067023"}},{"arcs":[[154,-56,155,156,157,158]],"type":"Polygon","properties":{"GEOID":"010970070003"}},{"arcs":[[159,160,161,162]],"type":"Polygon","properties":{"GEOID":"010970074002"}},{"arcs":[[-163,163,164,165,166]],"type":"Polygon","properties":{"GEOID":"010970074003"}},{"arcs":[[167,168,169,-160,-167,170]],"type":"Polygon","properties":{"GEOID":"010970074004"}},{"arcs":[[171,172,173,174,175,176,177,178]],"type":"Polygon","properties":{"GEOID":"010970027002"}},{"arcs":[[179,180,181,-169,182,183]],"type":"Polygon","properties":{"GEOID":"010970023021"}},{"arcs":[[184,185,186,-24,187,188]],"type":"Polygon","properties":{"GEOID":"010970048001"}},{"arcs":[[189,190,191,192]],"type":"Polygon","properties":{"GEOID":"010970013022"}},{"arcs":[[193,194,-6,195,196,-176,197]],"type":"Polygon","properties":{"GEOID":"010970026003"}},{"arcs":[[198,199,200,201,202]],"type":"Polygon","properties":{"GEOID":"010970072011"}},{"arcs":[[203,204,-31,205,206]],"type":"Polygon","properties":{"GEOID":"010970007023"}},{"arcs":[[207,208,209,210,-41]],"type":"Polygon","properties":{"GEOID":"010970012002"}},{"arcs":[[211,212,213]],"type":"Polygon","properties":{"GEOID":"010970068022"}},{"arcs":[[214,215,216,217,218]],"type":"Polygon","properties":{"GEOID":"010970025011"}},{"arcs":[[219,220,221,-217]],"type":"Polygon","properties":{"GEOID":"010970009022"}},{"arcs":[[222,223,224,225,226,227,228,229]],"type":"Polygon","properties":{"GEOID":"010970061021"}},{"arcs":[[-222,230,231,-52,232,233]],"type":"Polygon","properties":{"GEOID":"010970009031"}},{"arcs":[[234,235,-51,-209,236,-190]],"type":"Polygon","properties":{"GEOID":"010970013021"}},{"arcs":[[237,238,239,240,241,242,243,244]],"type":"Polygon","properties":{"GEOID":"010970059001"}},{"arcs":[[245,246,247,-59,248,-220,-216,249]],"type":"Polygon","properties":{"GEOID":"010970009011"}},{"arcs":[[-237,-208,-40,250,251,-191]],"type":"Polygon","properties":{"GEOID":"010970013023"}},{"arcs":[[252,253,254,255,256,257]],"type":"Polygon","properties":{"GEOID":"010970073004"}},{"arcs":[[258,259,-184,260,261]],"type":"Polygon","properties":{"GEOID":"010970023012"}},{"arcs":[[262,263,264]],"type":"Polygon","properties":{"GEOID":"010970066003"}},{"arcs":[[265,266,267,-180,-260]],"type":"Polygon","properties":{"GEOID":"010970023022"}},{"arcs":[[268,269,270,271,272]],"type":"Polygon","properties":{"GEOID":"010970036062"}},{"arcs":[[273,-46,274,275,276,-60,-248,277]],"type":"Polygon","properties":{"GEOID":"010970005001"}},{"arcs":[[278,279,-162,280,281]],"type":"Polygon","properties":{"GEOID":"010970018002"}},{"arcs":[[282,-171,-166,283]],"type":"Polygon","properties":{"GEOID":"010970020001"}},{"arcs":[[284,285,286,287,-70]],"type":"Polygon","properties":{"GEOID":"010970021003"}},{"arcs":[[288,289,290,-283,-287]],"type":"Polygon","properties":{"GEOID":"010970022002"}},{"arcs":[[291,292,293,-262,294,-290,295]],"type":"Polygon","properties":{"GEOID":"010970022003"}},{"arcs":[[296,297,298,-57,-277]],"type":"Polygon","properties":{"GEOID":"010970004014"}},{"arcs":[[299,300,301,-210,-50]],"type":"Polygon","properties":{"GEOID":"010970011003"}},{"arcs":[[302,-158,303,304,305,306]],"type":"Polygon","properties":{"GEOID":"010970071021"}},{"arcs":[[307,308,309,310,-207,311,-195]],"type":"Polygon","properties":{"GEOID":"010970039021"}},{"arcs":[[312,313,314,-134,315]],"type":"Polygon","properties":{"GEOID":"010970071011"}},{"arcs":[[-129,316,-72,317,318,319]],"type":"Polygon","properties":{"GEOID":"010970030001"}},{"arcs":[[-218,-234,320,321,322]],"type":"Polygon","properties":{"GEOID":"010970024001"}},{"arcs":[[323,324,-323,325,-259,-294,326]],"type":"Polygon","properties":{"GEOID":"010970024002"}},{"arcs":[[327,328,-327,329,330,331]],"type":"Polygon","properties":{"GEOID":"010970024003"}},{"arcs":[[332,-219,-325,333]],"type":"Polygon","properties":{"GEOID":"010970025012"}},{"arcs":[[-12,334,-8,335,-334,-324,-329,336]],"type":"Polygon","properties":{"GEOID":"010970025013"}},{"arcs":[[-9,-335,-11,337]],"type":"Polygon","properties":{"GEOID":"010970028002"}},{"arcs":[[338,-332,339,-68,340,341]],"type":"Polygon","properties":{"GEOID":"010970029002"}},{"arcs":[[342,343,-342,344,345,346]],"type":"Polygon","properties":{"GEOID":"010970029003"}},{"arcs":[[347,348,-345,-341,-67,349,350]],"type":"Polygon","properties":{"GEOID":"010970031003"}},{"arcs":[[-95,351,352,353,354]],"type":"Polygon","properties":{"GEOID":"010970032031"}},{"arcs":[[355,356,357,358,359,-75,360,361]],"type":"Polygon","properties":{"GEOID":"010970032051"}},{"arcs":[[362,-179,363,364,365]],"type":"Polygon","properties":{"GEOID":"010970033021"}},{"arcs":[[366,367,-173,368,-86]],"type":"Polygon","properties":{"GEOID":"010970033022"}},{"arcs":[[369,370,371,372,373,374]],"type":"Polygon","properties":{"GEOID":"010970034083"}},{"arcs":[[375,-88,-366,376,377,-352,-94]],"type":"Polygon","properties":{"GEOID":"010970035022"}},{"arcs":[[378,379,-96,380,381,-270]],"type":"Polygon","properties":{"GEOID":"010970036061"}},{"arcs":[[382,-98,383,384,385,-117,-122]],"type":"Polygon","properties":{"GEOID":"010970037071"}},{"arcs":[[386,-189,387,388,389,-32]],"type":"Polygon","properties":{"GEOID":"010970040001"}},{"arcs":[[390,391,392,-21,-187,393]],"type":"Polygon","properties":{"GEOID":"010970048002"}},{"arcs":[[394,395,396,-77,397]],"type":"Polygon","properties":{"GEOID":"010970049001"}},{"arcs":[[398,-185,399,400,-395,401]],"type":"Polygon","properties":{"GEOID":"010970050002"}},{"arcs":[[402,403,-391,404]],"type":"Polygon","properties":{"GEOID":"010970051001"}},{"arcs":[[405,406,407,408,409,410]],"type":"Polygon","properties":{"GEOID":"010970064031"}},{"arcs":[[411,-154,412,-263,413,414]],"type":"Polygon","properties":{"GEOID":"010970066001"}},{"arcs":[[415,416]],"type":"Polygon","properties":{"GEOID":"010970073001"}},{"arcs":[[-417,417,418,-256]],"type":"Polygon","properties":{"GEOID":"010970073002"}},{"arcs":[[419,420,421,-301,422]],"type":"Polygon","properties":{"GEOID":"010970011001"}},{"arcs":[[423,-246,424,425]],"type":"Polygon","properties":{"GEOID":"010970025021"}},{"arcs":[[-242,426,427,428,429,430,431]],"type":"Polygon","properties":{"GEOID":"010970061041"}},{"arcs":[[432,433,-203,434,435,-418,-416,-255]],"type":"Polygon","properties":{"GEOID":"010970073003"}},{"arcs":[[-145,436,437,-132,-148,438]],"type":"Polygon","properties":{"GEOID":"010970065011"}},{"arcs":[[-135,439,440,-201,441,-149]],"type":"Polygon","properties":{"GEOID":"010970067022"}},{"arcs":[[-23,442,-20,443,-388,-188]],"type":"Polygon","properties":{"GEOID":"010970075001"}},{"arcs":[[-365,444,445,446,-377]],"type":"Polygon","properties":{"GEOID":"010970033012"}},{"arcs":[[447,448,449,450,451,452,453,454]],"type":"Polygon","properties":{"GEOID":"010970058001"}},{"arcs":[[455,456,457,458]],"type":"Polygon","properties":{"GEOID":"010970064022"}},{"arcs":[[459,460,461,-457]],"type":"Polygon","properties":{"GEOID":"010970064023"}},{"arcs":[[-413,-153,462,463,-264]],"type":"Polygon","properties":{"GEOID":"010970066002"}},{"arcs":[[-369,-172,-363,-87]],"type":"Polygon","properties":{"GEOID":"010970033023"}},{"arcs":[[464,465,466,467,468,469]],"type":"Polygon","properties":{"GEOID":"010970036022"}},{"arcs":[[470,-273,471,472,473]],"type":"Polygon","properties":{"GEOID":"010970036072"}},{"arcs":[[474,475,-91,476,477,-466]],"type":"Polygon","properties":{"GEOID":"010970036081"}},{"arcs":[[-271,-382,478,479,-111,480]],"type":"Polygon","properties":{"GEOID":"010970037042"}},{"arcs":[[481,-131,482,483,484]],"type":"Polygon","properties":{"GEOID":"010970037102"}},{"arcs":[[485,486,-34,487,-309,488,489]],"type":"Polygon","properties":{"GEOID":"010970039011"}},{"arcs":[[-489,-308,-194,490]],"type":"Polygon","properties":{"GEOID":"010970039012"}},{"arcs":[[-390,491,-488,-33]],"type":"Polygon","properties":{"GEOID":"010970040003"}},{"arcs":[[-492,492,493,494,-310]],"type":"Polygon","properties":{"GEOID":"010970041001"}},{"arcs":[[495,496,-470,497,498,-406,-461]],"type":"Polygon","properties":{"GEOID":"010970064021"}},{"arcs":[[499,500,-159,501,502]],"type":"Polygon","properties":{"GEOID":"010970071012"}},{"arcs":[[-401,503,504,-396]],"type":"Polygon","properties":{"GEOID":"010970049002"}},{"arcs":[[-504,-400,-387,-35,-487,505]],"type":"Polygon","properties":{"GEOID":"010970049003"}},{"arcs":[[-505,-506,-486,506,-78,-397]],"type":"Polygon","properties":{"GEOID":"010970049004"}},{"arcs":[[507,508,509,-399]],"type":"Polygon","properties":{"GEOID":"010970050001"}},{"arcs":[[510,-405,-394,-186,-510]],"type":"Polygon","properties":{"GEOID":"010970051002"}},{"arcs":[[511,512,513,514]],"type":"Polygon","properties":{"GEOID":"010970052001"}},{"arcs":[[515,-515,-392,-404]],"type":"Polygon","properties":{"GEOID":"010970052002"}},{"arcs":[[516,517,-512,-516,-403,-511,-509,518]],"type":"Polygon","properties":{"GEOID":"010970053001"}},{"arcs":[[519,520,-449,521,522]],"type":"Polygon","properties":{"GEOID":"010970058002"}},{"arcs":[[523,524,525,526,-214,527,528,529,530,531]],"type":"Polygon","properties":{"GEOID":"010970068021"}},{"arcs":[[532,533,-528,-213,534,-501,535]],"type":"Polygon","properties":{"GEOID":"010970069021"}},{"arcs":[[536,537,538,539]],"type":"Polygon","properties":{"GEOID":"010970070001"}},{"arcs":[[540,-304,-157,541,-540,542,543,544]],"type":"Polygon","properties":{"GEOID":"010970071031"}},{"arcs":[[545,-350,-66,-317,-128,546]],"type":"Polygon","properties":{"GEOID":"010970031001"}},{"arcs":[[547,-361,-74,548,549,550]],"type":"Polygon","properties":{"GEOID":"010970032021"}},{"arcs":[[-551,551,552,-385,553]],"type":"Polygon","properties":{"GEOID":"010970032022"}},{"arcs":[[-354,-362,-548,-554,-384,-97]],"type":"Polygon","properties":{"GEOID":"010970032032"}},{"arcs":[[-447,554,-445,-364,555,556,557,-378]],"type":"Polygon","properties":{"GEOID":"010970033011"}},{"arcs":[[-507,-490,-491,-198,-175,558,-79]],"type":"Polygon","properties":{"GEOID":"010970034021"}},{"arcs":[[559,-374,560,-475,-465,-497]],"type":"Polygon","properties":{"GEOID":"010970034041"}},{"arcs":[[-373,561,-84,-476,-561]],"type":"Polygon","properties":{"GEOID":"010970034051"}},{"arcs":[[562,-81,563,-367,564]],"type":"Polygon","properties":{"GEOID":"010970034061"}},{"arcs":[[-226,565,-83,566,567,568,-371,569,570]],"type":"Polygon","properties":{"GEOID":"010970034081"}},{"arcs":[[-90,571,-92,572,-477]],"type":"Polygon","properties":{"GEOID":"010970035012"}},{"arcs":[[-553,573,-547,-127,-482,574,-386]],"type":"Polygon","properties":{"GEOID":"010970037101"}},{"arcs":[[-182,575,576,-251,-39,577,578,-281,-161,-170]],"type":"Polygon","properties":{"GEOID":"010970074001"}},{"arcs":[[579,580,581]],"type":"Polygon","properties":{"GEOID":"010970019023"}},{"arcs":[[582,583,584,-297,-276]],"type":"Polygon","properties":{"GEOID":"010970004011"}},{"arcs":[[585,586,587,588,589]],"type":"Polygon","properties":{"GEOID":"010970007013"}},{"arcs":[[-425,-250,-215,590]],"type":"Polygon","properties":{"GEOID":"010970025022"}},{"arcs":[[-569,591,-562,-372]],"type":"Polygon","properties":{"GEOID":"010970034082"}},{"arcs":[[592,593,594,595,-267]],"type":"Polygon","properties":{"GEOID":"010970015011"}},{"arcs":[[-521,596,-450]],"type":"Polygon","properties":{"GEOID":"010970058003"}},{"arcs":[[597,598,599,600,601,602,-543,-539,603,-578,-38,604]],"type":"Polygon","properties":{"GEOID":"010979900000"}},{"arcs":[[-529,-534,605]],"type":"Polygon","properties":{"GEOID":"010970069022"}},{"arcs":[[-3,606,-426,-591,-333,-336,607]],"type":"Polygon","properties":{"GEOID":"010970025023"}},{"arcs":[[-5,608,-196]],"type":"Polygon","properties":{"GEOID":"010970026001"}},{"arcs":[[609,-338,-14,-343,-557]],"type":"Polygon","properties":{"GEOID":"010970028004"}},{"arcs":[[-178,-10,-610,-556]],"type":"Polygon","properties":{"GEOID":"010970028005"}},{"arcs":[[-13,-337,-328,-339,-344]],"type":"Polygon","properties":{"GEOID":"010970029001"}},{"arcs":[[-298,-585,610,611,612]],"type":"Polygon","properties":{"GEOID":"010970004012"}},{"arcs":[[-71,-288,-284,-165,613,-582,614,615,-54,-318]],"type":"Polygon","properties":{"GEOID":"010970020002"}},{"arcs":[[616,617,618,619,620]],"type":"Polygon","properties":{"GEOID":"010970055001"}},{"arcs":[[-197,-609,-4,-608,-7,-177]],"type":"Polygon","properties":{"GEOID":"010970027001"}},{"arcs":[[-414,-265,-464,621,-258,622,-598,623]],"type":"Polygon","properties":{"GEOID":"010970066004"}},{"arcs":[[624,625,626]],"type":"Polygon","properties":{"GEOID":"010970060001"}},{"arcs":[[627,628,-621,629,-61]],"type":"Polygon","properties":{"GEOID":"010970055002"}},{"arcs":[[-330,-293,630]],"type":"Polygon","properties":{"GEOID":"010970022001"}},{"arcs":[[631,-25,-205]],"type":"Polygon","properties":{"GEOID":"010970007022"}},{"arcs":[[632,633,-625,634,-238]],"type":"Polygon","properties":{"GEOID":"010970060003"}},{"arcs":[[635,636,637,-566,-225,638]],"type":"Polygon","properties":{"GEOID":"010970061032"}},{"arcs":[[-518,639,640,-619,641,642,643,644,645,646,-36,-16,647,-513]],"type":"Polygon","properties":{"GEOID":"010970038001"}},{"arcs":[[-305,-541,648]],"type":"Polygon","properties":{"GEOID":"010970071032"}},{"arcs":[[-472,649,-101,650]],"type":"Polygon","properties":{"GEOID":"010970037031"}},{"arcs":[[651,652,-279,653,654]],"type":"Polygon","properties":{"GEOID":"010970019011"}},{"arcs":[[-614,-164,-280,-653,-580]],"type":"Polygon","properties":{"GEOID":"010970019021"}},{"arcs":[[-581,-652,655,656,-615]],"type":"Polygon","properties":{"GEOID":"010970019022"}},{"arcs":[[-340,-331,-631,-292,657,-285,-69]],"type":"Polygon","properties":{"GEOID":"010970021001"}},{"arcs":[[-233,-236,658,659,-321]],"type":"Polygon","properties":{"GEOID":"010970014001"}},{"arcs":[[-29,660,-586,661,662]],"type":"Polygon","properties":{"GEOID":"010970007012"}},{"arcs":[[-596,663,-576,-181,-268]],"type":"Polygon","properties":{"GEOID":"010970015012"}},{"arcs":[[664,665,-423,-300,-49,-232]],"type":"Polygon","properties":{"GEOID":"010970010022"}},{"arcs":[[-235,-193,-594,666,-659]],"type":"Polygon","properties":{"GEOID":"010970014003"}},{"arcs":[[667,668,-398,-76,-638]],"type":"Polygon","properties":{"GEOID":"010970061031"}},{"arcs":[[-630,-620,-641,669,-62]],"type":"Polygon","properties":{"GEOID":"010970054001"}},{"arcs":[[-658,-296,-289,-286]],"type":"Polygon","properties":{"GEOID":"010970021002"}},{"arcs":[[-656,-655,670,671]],"type":"Polygon","properties":{"GEOID":"010970019012"}},{"arcs":[[-494,672,-18,-48,673,674]],"type":"Polygon","properties":{"GEOID":"010970077001"}},{"arcs":[[-389,-444,-19,-673,-493]],"type":"Polygon","properties":{"GEOID":"010970077002"}},{"arcs":[[675,-43,676,-421,677,678]],"type":"Polygon","properties":{"GEOID":"010970002001"}},{"arcs":[[-299,-613,679,-58]],"type":"Polygon","properties":{"GEOID":"010970004013"}},{"arcs":[[-322,-660,-667,-593,-266,-326]],"type":"Polygon","properties":{"GEOID":"010970014002"}},{"arcs":[[-595,-192,-252,-577,-664]],"type":"Polygon","properties":{"GEOID":"010970015021"}},{"arcs":[[-671,-654,-282,-579,-604,-538]],"type":"Polygon","properties":{"GEOID":"010970018001"}},{"arcs":[[-278,680,-587,-661,-28,681]],"type":"Polygon","properties":{"GEOID":"010970006001"}},{"arcs":[[-674,-47,-274,-682,-27,682]],"type":"Polygon","properties":{"GEOID":"010970006002"}},{"arcs":[[-311,-495,-675,-683,-26,-632,-204]],"type":"Polygon","properties":{"GEOID":"010970007021"}},{"arcs":[[-45,683,-583,-275]],"type":"Polygon","properties":{"GEOID":"010970004021"}},{"arcs":[[-22,-393,-514,-648,-15,-443]],"type":"Polygon","properties":{"GEOID":"010970076002"}},{"arcs":[[684,-108,685,-126,686,-524,687]],"type":"Polygon","properties":{"GEOID":"010970037081"}},{"arcs":[[688,689,-249]],"type":"Polygon","properties":{"GEOID":"010970009012"}},{"arcs":[[-690,690,-665,-231,-221]],"type":"Polygon","properties":{"GEOID":"010970009021"}},{"arcs":[[-680,-612,691,-679,692,-689]],"type":"Polygon","properties":{"GEOID":"010970010011"}},{"arcs":[[-693,-678,-420,-666,-691]],"type":"Polygon","properties":{"GEOID":"010970010012"}},{"arcs":[[693,-523,694,695,-240,696,-626,-634]],"type":"Polygon","properties":{"GEOID":"010970060002"}},{"arcs":[[-522,-448,697,-695]],"type":"Polygon","properties":{"GEOID":"010970059002"}},{"arcs":[[698,-459,699,700,701,702,-140]],"type":"Polygon","properties":{"GEOID":"010970064071"}},{"arcs":[[-422,-677,-42,-211,-302]],"type":"Polygon","properties":{"GEOID":"010970011002"}},{"arcs":[[-552,-550,-351,-546,-574]],"type":"Polygon","properties":{"GEOID":"010970031002"}},{"arcs":[[-89,-376,-93,-572]],"type":"Polygon","properties":{"GEOID":"010970035013"}},{"arcs":[[-151,703,704,705]],"type":"Polygon","properties":{"GEOID":"010970067042"}},{"arcs":[[-696,-698,-455,706,707,-427,-241]],"type":"Polygon","properties":{"GEOID":"010970059003"}},{"arcs":[[708,-707,-454,709,710,711,712]],"type":"Polygon","properties":{"GEOID":"010970057021"}},{"arcs":[[-431,713,714,715]],"type":"Polygon","properties":{"GEOID":"010970063052"}},{"arcs":[[-453,716,-645,717,718,-710]],"type":"Polygon","properties":{"GEOID":"010970057022"}},{"arcs":[[719,-718,-644,720,721]],"type":"Polygon","properties":{"GEOID":"010970056012"}},{"arcs":[[-711,-719,-720,722,723,724,725]],"type":"Polygon","properties":{"GEOID":"010970057012"}},{"arcs":[[-712,-726,726,727]],"type":"Polygon","properties":{"GEOID":"010970057011"}},{"arcs":[[-722,728,729,730,-723]],"type":"Polygon","properties":{"GEOID":"010970056021"}},{"arcs":[[-721,-643,731,-729]],"type":"Polygon","properties":{"GEOID":"010970056011"}},{"arcs":[[-452,732,-646,-717]],"type":"Polygon","properties":{"GEOID":"010970057023"}},{"arcs":[[733,734,735,736,737]],"type":"Polygon","properties":{"GEOID":"010970065053"}},{"arcs":[[738,739,-137,740]],"type":"Polygon","properties":{"GEOID":"010970062021"}},{"arcs":[[-731,741,-617,-629,-724]],"type":"Polygon","properties":{"GEOID":"010970056023"}},{"arcs":[[-742,-730,-732,-642,-618]],"type":"Polygon","properties":{"GEOID":"010970056022"}},{"arcs":[[-708,-709,742,-428]],"type":"Polygon","properties":{"GEOID":"010970061044"}},{"arcs":[[-584,-684,-44,-676,-692,-611]],"type":"Polygon","properties":{"GEOID":"010970002002"}},{"arcs":[[743,-727,744,745,746,747]],"type":"Polygon","properties":{"GEOID":"010970061072"}},{"arcs":[[-441,748,749,-435,-202]],"type":"Polygon","properties":{"GEOID":"010970072012"}},{"arcs":[[-737,750,-412,751]],"type":"Polygon","properties":{"GEOID":"010970065042"}},{"arcs":[[-429,-743,-713,-728,-744,752,753]],"type":"Polygon","properties":{"GEOID":"010970061042"}},{"arcs":[[-430,-754,754,-714]],"type":"Polygon","properties":{"GEOID":"010970061043"}},{"arcs":[[-458,-462,-411,755,756,-700]],"type":"Polygon","properties":{"GEOID":"010970064032"}},{"arcs":[[757,758,759,760]],"type":"Polygon","properties":{"GEOID":"010970063061"}},{"arcs":[[761,762,763,764,765,766,767]],"type":"Polygon","properties":{"GEOID":"010970064121"}},{"arcs":[[768,769,770,771,772,773,-734,774]],"type":"Polygon","properties":{"GEOID":"010970065051"}},{"arcs":[[-701,775,776,777]],"type":"Polygon","properties":{"GEOID":"010970064133"}},{"arcs":[[-623,-257,-419,-436,-750,778,-544,-603,779,-599]],"type":"Polygon","properties":{"GEOID":"010970072041"}},{"arcs":[[780,-705,781,782,-433,-254]],"type":"Polygon","properties":{"GEOID":"010970067032"}},{"arcs":[[783,-715,784,-230,785,786,787,788,789]],"type":"Polygon","properties":{"GEOID":"010970063051"}},{"arcs":[[790,-601]],"type":"Polygon","properties":{"GEOID":"010970072032"}},{"arcs":[[-63,-670,-640,-517,791]],"type":"Polygon","properties":{"GEOID":"010970054003"}},{"arcs":[[-118,-575,-485,792,793,794]],"type":"Polygon","properties":{"GEOID":"010970037121"}},{"arcs":[[-616,-657,-672,-537,-542,-156,-55]],"type":"Polygon","properties":{"GEOID":"010970070004"}},{"arcs":[[-740,795,-789,796,797,798,-138]],"type":"Polygon","properties":{"GEOID":"010970063042"}},{"arcs":[[-141,-703,799,-769,800]],"type":"Polygon","properties":{"GEOID":"010970064073"}},{"arcs":[[801,-777,802,-762,803,-771]],"type":"Polygon","properties":{"GEOID":"010970064131"}},{"arcs":[[804,-306,-649,-545,-779,-749]],"type":"Polygon","properties":{"GEOID":"010970071033"}},{"arcs":[[-755,-753,-748,-636,805,-223,-785]],"type":"Polygon","properties":{"GEOID":"010970061071"}},{"arcs":[[-152,-706,-781,-253,-622,-463]],"type":"Polygon","properties":{"GEOID":"010970067043"}},{"arcs":[[-635,-627,-697,-239]],"type":"Polygon","properties":{"GEOID":"010970060004"}},{"arcs":[[806,807,-375,-560,-496,808]],"type":"Polygon","properties":{"GEOID":"010970034102"}},{"arcs":[[-746,809,-64,-792,-519,-508,-402,-669,810]],"type":"Polygon","properties":{"GEOID":"010970061061"}},{"arcs":[[-555,-446]],"type":"Polygon","properties":{"GEOID":"010970033013"}},{"arcs":[[-244,811,-790,-796,-739,812]],"type":"Polygon","properties":{"GEOID":"010970062012"}},{"arcs":[[813,814,-688,815,816]],"type":"Polygon","properties":{"GEOID":"010970068042"}},{"arcs":[[-702,-778,-802,-770,-800]],"type":"Polygon","properties":{"GEOID":"010970064132"}},{"arcs":[[-602,-791,-600,-780]],"type":"Polygon","properties":{"GEOID":"010970072031"}},{"arcs":[[817,818,-104,819,-815,820,821]],"type":"Polygon","properties":{"GEOID":"010970064102"}},{"arcs":[[822,-570,-370,-808,823]],"type":"Polygon","properties":{"GEOID":"010970034101"}},{"arcs":[[-227,-571,-823,824,825]],"type":"Polygon","properties":{"GEOID":"010970034091"}},{"arcs":[[-637,-747,-811,-668]],"type":"Polygon","properties":{"GEOID":"010970061033"}},{"arcs":[[826,827,828,829,830]],"type":"Polygon","properties":{"GEOID":"010970064111"}},{"arcs":[[-409,831,-827,832]],"type":"Polygon","properties":{"GEOID":"010970064112"}},{"arcs":[[833,-473,-651,-100,-819,834,-829,835]],"type":"Polygon","properties":{"GEOID":"010970037032"}},{"arcs":[[-107,836,-123,-686]],"type":"Polygon","properties":{"GEOID":"010970037083"}},{"arcs":[[-837,-119,-795,837,-124]],"type":"Polygon","properties":{"GEOID":"010970037112"}},{"arcs":[[-816,-532,838,839,840]],"type":"Polygon","properties":{"GEOID":"010970068031"}},{"arcs":[[-530,-606,-533,841]],"type":"Polygon","properties":{"GEOID":"010970069023"}},{"arcs":[[-206,-30,-663,842,843,-1,-312]],"type":"Polygon","properties":{"GEOID":"010970008013"}},{"arcs":[[844,-589,845,846]],"type":"Polygon","properties":{"GEOID":"010970008021"}},{"arcs":[[847,848,-817,849,850,-764]],"type":"Polygon","properties":{"GEOID":"010970068041"}},{"arcs":[[851,-822,852,-849,853,854]],"type":"Polygon","properties":{"GEOID":"010970064081"}},{"arcs":[[-360,855,-348,-549,-73]],"type":"Polygon","properties":{"GEOID":"010970032053"}},{"arcs":[[856,-346,-349,-856,-359,857]],"type":"Polygon","properties":{"GEOID":"010970032072"}},{"arcs":[[-558,-347,-857,858,859,-356,-353]],"type":"Polygon","properties":{"GEOID":"010970032061"}},{"arcs":[[860,861,-471,862]],"type":"Polygon","properties":{"GEOID":"010970036073"}},{"arcs":[[863,-503,864,-316,-133]],"type":"Polygon","properties":{"GEOID":"010970071015"}},{"arcs":[[865,-483,-130,-320,-526,866]],"type":"Polygon","properties":{"GEOID":"010970037122"}},{"arcs":[[867,868,869,870,-772]],"type":"Polygon","properties":{"GEOID":"010970065032"}},{"arcs":[[-806,-639,-224]],"type":"Polygon","properties":{"GEOID":"010970061022"}},{"arcs":[[-871,871,872,873,874,875,-143,876,877,-773]],"type":"Polygon","properties":{"GEOID":"010970065013"}},{"arcs":[[-381,-355,-99,-383,-121,878,-479]],"type":"Polygon","properties":{"GEOID":"010970037044"}},{"arcs":[[879,-766,880,-872,-870]],"type":"Polygon","properties":{"GEOID":"010970065031"}},{"arcs":[[-854,-848,881]],"type":"Polygon","properties":{"GEOID":"010970064082"}},{"arcs":[[-567,-82,-563,882]],"type":"Polygon","properties":{"GEOID":"010970034023"}},{"arcs":[[-830,-835,-818,883]],"type":"Polygon","properties":{"GEOID":"010970064113"}},{"arcs":[[-467,-478,-573,-380,884,885]],"type":"Polygon","properties":{"GEOID":"010979800001"}},{"arcs":[[886,-850,-841,887,-874]],"type":"Polygon","properties":{"GEOID":"010970068032"}},{"arcs":[[-888,888,889,-875]],"type":"Polygon","properties":{"GEOID":"010970069032"}},{"arcs":[[890,891,-314]],"type":"Polygon","properties":{"GEOID":"010970071014"}},{"arcs":[[-840,892,893,894,-889]],"type":"Polygon","properties":{"GEOID":"010970069031"}},{"arcs":[[895,-894,896,-864,-438]],"type":"Polygon","properties":{"GEOID":"010970069043"}},{"arcs":[[-480,-879,-120,-115,-112]],"type":"Polygon","properties":{"GEOID":"010970037073"}},{"arcs":[[-846,-588,-681,-247,-424,-607,897]],"type":"Polygon","properties":{"GEOID":"010970008011"}},{"arcs":[[898,-199,-434,-783]],"type":"Polygon","properties":{"GEOID":"010970067031"}},{"arcs":[[899,-357,-860]],"type":"Polygon","properties":{"GEOID":"010970032073"}},{"arcs":[[-80,-559,-174,-368,-564]],"type":"Polygon","properties":{"GEOID":"010970034063"}},{"arcs":[[-592,-568,-883,-565,-85]],"type":"Polygon","properties":{"GEOID":"010970034062"}},{"arcs":[[900,901,-798]],"type":"Polygon","properties":{"GEOID":"010970063032"}},{"arcs":[[-788,902,-901,-797]],"type":"Polygon","properties":{"GEOID":"010970063041"}},{"arcs":[[-760,-809,-460,-456,903]],"type":"Polygon","properties":{"GEOID":"010970063062"}},{"arcs":[[-229,904,905,-786]],"type":"Polygon","properties":{"GEOID":"010970063071"}},{"arcs":[[906,-468,-886,-861,907,-499]],"type":"Polygon","properties":{"GEOID":"010970036023"}},{"arcs":[[-319,-53,-155,-535,-212,-527]],"type":"Polygon","properties":{"GEOID":"010970068023"}},{"arcs":[[-903,-787,-906,908,-758,909]],"type":"Polygon","properties":{"GEOID":"010970063072"}},{"arcs":[[-902,-910,-761,-904,-699,-139,-799]],"type":"Polygon","properties":{"GEOID":"010970063031"}},{"arcs":[[-774,-878,910,-735]],"type":"Polygon","properties":{"GEOID":"010970065052"}},{"arcs":[[-150,-442,-200,-899,-782,-704]],"type":"Polygon","properties":{"GEOID":"010970067041"}},{"arcs":[[-408,-836,-828,-832]],"type":"Polygon","properties":{"GEOID":"010970064114"}},{"arcs":[[-315,-892,911,-307,-805,-440]],"type":"Polygon","properties":{"GEOID":"010970071022"}},{"arcs":[[-838,-794,912,-867,-525,-687,-125]],"type":"Polygon","properties":{"GEOID":"010970037111"}},{"arcs":[[-844,913,-847,-898,-2]],"type":"Polygon","properties":{"GEOID":"010970008012"}},{"arcs":[[-243,-432,-716,-784,-812]],"type":"Polygon","properties":{"GEOID":"010970062011"}},{"arcs":[[-757,914,915,-776]],"type":"Polygon","properties":{"GEOID":"010970064091"}},{"arcs":[[-804,-768,916,-868]],"type":"Polygon","properties":{"GEOID":"010970064122"}},{"arcs":[[-725,-628,-65,-810,-745]],"type":"Polygon","properties":{"GEOID":"010970061062"}},{"arcs":[[-821,-814,-853]],"type":"Polygon","properties":{"GEOID":"010970064101"}},{"arcs":[[-909,917,-825,-824,-807,-759]],"type":"Polygon","properties":{"GEOID":"010970034103"}},{"arcs":[[-228,-826,-918,-905]],"type":"Polygon","properties":{"GEOID":"010970034092"}},{"arcs":[[-915,-756,-410,-833,-831,-884,-852,918]],"type":"Polygon","properties":{"GEOID":"010970064093"}},{"arcs":[[-469,-907,-498]],"type":"Polygon","properties":{"GEOID":"010970036021"}},{"arcs":[[-103,-114,-109,-685,-820]],"type":"Polygon","properties":{"GEOID":"010970037053"}},{"arcs":[[-272,-481,-110,-650]],"type":"Polygon","properties":{"GEOID":"010970037043"}},{"arcs":[[-876,-890,-895,-896,-437,-144]],"type":"Polygon","properties":{"GEOID":"010970069041"}},{"arcs":[[-839,-531,-842,-536,-500,-897,-893]],"type":"Polygon","properties":{"GEOID":"010970069042"}},{"arcs":[[-865,-502,-303,-912,-891,-313]],"type":"Polygon","properties":{"GEOID":"010970071013"}},{"arcs":[[-662,-590,-845,-914,-843]],"type":"Polygon","properties":{"GEOID":"010970008022"}},{"arcs":[[-919,-855,-882,-763,-803,-916]],"type":"Polygon","properties":{"GEOID":"010970064092"}},{"arcs":[[-765,-851,-887,-873,-881]],"type":"Polygon","properties":{"GEOID":"010970068043"}},{"arcs":[[-295,-261,-183,-168,-291]],"type":"Polygon","properties":{"GEOID":"010970023011"}},{"arcs":[[-859,-858,-358,-900]],"type":"Polygon","properties":{"GEOID":"010970032071"}},{"arcs":[[-908,-863,-474,-834,-407]],"type":"Polygon","properties":{"GEOID":"010970036071"}},{"arcs":[[-885,-379,-269,-862]],"type":"Polygon","properties":{"GEOID":"010970036063"}},{"arcs":[[-767,-880,-869,-917]],"type":"Polygon","properties":{"GEOID":"010970064123"}},{"arcs":[[-911,-877,-146,-439,-147,-751,-736]],"type":"Polygon","properties":{"GEOID":"010970065041"}},{"arcs":[[-484,-866,-913,-793]],"type":"Polygon","properties":{"GEOID":"010970037123"}}]}}}