{"type":"Topology","arcs":[[[3540,7312],[243,1]],[[3783,7313],[1,-65]],[[3784,7248],[-127,-1],[0,-130]],[[3657,7117],[-117,-1]],[[3540,7116],[-1,98],[1,98]],[[4341,7701],[0,-127],[-1,-27]],[[4340,7547],[-35,29]],[[4305,7576],[-92,78],[-64,53]],[[4149,7707],[177,0],[15,-6]],[[7185,8720],[1,262]],[[7186,8982],[22,26]],[[7208,9008],[181,1]],[[7389,9009],[-13,-35],[-50,-129],[-48,-130],[-94,-243],[0,-3]],[[7184,8469],[1,251]],[[9912,8480],[109,0]],[[10021,8480],[0,-192]],[[10021,8288],[-109,-2],[0,96]],[[9912,8382],[0,98]],[[11450,7699],[3,57],[88,0],[0,51],[5,0],[0,86],[13,0],[-1,69]],[[11558,7962],[66,0]],[[11624,7962],[-1,-18],[75,0],[-7,-119]],[[11691,7825],[-8,-130]],[[11683,7695],[-74,-1],[-63,2],[-93,-1],[-3,4]],[[33988,8410],[111,0],[127,4],[-1,129],[131,3],[68,0]],[[34424,8546],[0,-23],[-15,-27],[-3,-14],[1,-79],[17,-47],[2,-130],[0,-109],[-2,-71],[0,-66],[2,-80],[2,-8]],[[34428,7892],[-16,-17],[-23,-10],[-34,-3],[-2,20],[-24,13],[-33,-27],[-20,3],[-19,22],[-13,-8],[-3,-13],[-24,13],[-15,-19],[-6,-32],[-22,-37],[-34,-14],[-17,8],[-18,-1],[-17,12],[-46,20],[-24,29],[-16,7],[-37,42],[-1,13],[17,25],[8,6],[2,16],[-7,53],[5,50],[1,72],[-2,17],[0,258]],[[12675,13156],[48,14],[22,11],[9,18],[12,43],[14,30],[17,16],[29,8]],[[12826,13296],[18,-26]],[[12844,13270],[-2,-10],[5,-45],[-1,-30],[-5,-19],[-15,-24],[-18,-40],[13,1],[28,25],[10,-4],[12,6],[11,15],[19,15],[22,8],[12,10],[7,-4],[2,-21],[20,-27],[10,-25],[5,-24],[34,-15],[19,9],[15,-3],[32,5],[38,-2],[9,-15],[8,-28],[18,-10],[32,17],[29,-5],[13,-24],[8,-7],[37,-19],[31,-2],[10,-8],[1,-21],[10,-29],[30,-4],[25,-30],[9,17],[22,8],[12,-1],[25,-15],[18,2],[11,26],[13,5],[25,-8],[8,11],[-27,16],[-20,-5]],[[13474,12942],[1,14],[17,7],[13,11],[17,-21],[9,3],[3,22]],[[13534,12978],[19,-7],[4,-16],[19,0],[15,-8],[31,0],[24,-9],[27,5],[21,-1],[20,-13],[31,-8],[14,-15],[0,-24]],[[13759,12882],[-5,-31]],[[13754,12851],[-50,-28],[-14,-3],[-27,5],[-11,-3],[-19,-17],[-22,-8],[-18,1],[-20,10],[-41,9],[-17,-1],[-23,-20],[-16,-22],[-28,-6],[-21,-25],[-19,-11],[-5,-13],[5,-33],[-16,-19],[-46,-9],[-16,10]],[[13330,12668],[-4,12],[-1,35],[-14,27],[-19,11],[-23,9],[-7,11],[-9,30],[-16,18],[-25,4],[-22,11],[-22,0],[-14,9],[-9,15],[-11,9],[-25,4],[-19,18],[-36,14],[-30,0],[-16,-6],[-16,-25],[-5,-26],[4,-28],[-3,-12],[-16,-12],[-18,3],[-17,17],[-20,5],[-24,18],[-21,6],[-16,15],[-14,0],[-19,-13],[-15,-2],[-16,7],[-10,14],[-14,35],[2,25],[-17,67],[0,21],[27,39],[4,17],[-5,10],[-20,14],[-8,14],[-5,32],[-8,13],[-63,3]],[[29501,6285],[20,14],[21,-21],[22,-9],[29,-21],[29,-11],[27,6],[16,-8],[16,6],[29,-16],[17,-3],[18,5],[12,11],[39,0],[8,6],[10,21],[7,4],[78,-2],[30,-3],[49,1],[13,-11],[40,0],[8,-18],[34,0],[19,3],[17,13],[19,32],[28,14],[106,0],[1,34],[189,0],[16,5],[9,11],[17,-8],[139,187],[34,41],[15,22],[73,87],[50,51],[217,218],[159,158],[82,81],[184,182]],[[31447,7367],[71,3],[101,-2],[146,-1],[24,-2],[49,0],[15,10],[10,-10],[35,3],[22,-5],[27,4],[30,-16],[8,16],[127,0]],[[32112,7367],[-15,-30],[-49,-90],[-9,-27],[1,-14],[11,-18],[27,-19],[13,-25],[50,-27],[16,-2],[10,-12],[-3,-30],[-8,-12],[-26,-25],[-10,-36],[-5,-34],[34,-55],[4,-32],[69,-69],[7,-37],[2,-36],[8,-61],[-2,-15],[-8,-11],[-21,-15],[-29,-15],[-3,-7],[-3,-38],[7,-25],[27,-6],[15,-9],[9,-14],[0,-28],[-10,-40],[6,-50],[-14,-33],[6,-29],[0,-30],[12,-27],[17,-30],[29,-20],[10,-11],[-1,-40],[-47,-16],[-4,-21],[-1,-50],[-17,-16],[-22,-33],[-30,-32],[-23,-49],[-10,-46],[0,-27],[13,-8],[16,12],[16,3],[24,-14],[6,-8],[0,-17],[-13,-37]],[[32194,5824],[-400,-2],[-659,-2],[-470,-4],[-422,-2],[-24,1],[-178,-1],[-119,0]],[[29922,5814],[-21,22],[-6,22],[-5,35],[-14,25],[-14,33],[-18,21],[-74,58],[-11,11],[-43,34],[-18,25],[-6,19],[-40,63],[-29,30],[-17,10],[-11,12],[-49,25],[-22,4],[-15,9],[-8,13]],[[1411,4751],[39,-10],[19,-2],[71,2],[43,-9],[54,-19],[26,-3],[36,4],[40,14]],[[1739,4728],[37,5],[38,-2],[22,-6],[25,-15],[27,-20],[39,-17],[31,-3]],[[1958,4670],[3,0],[61,-155],[21,-47],[18,-27],[25,-43],[81,-123]],[[2167,4275],[-4,-6]],[[2163,4269],[-30,10],[-206,-3],[-107,1],[-75,-1]],[[1745,4276],[-40,-1],[-94,-92],[-15,-10],[-61,-33],[-26,-9],[-27,-3],[-24,-8],[-16,-11],[-25,-31]],[[1417,4078],[-27,17],[-61,34],[-38,33],[-53,76]],[[1238,4238],[-26,40],[-18,40],[-13,38],[-14,29],[-17,27],[-53,72]],[[1097,4484],[23,27],[12,24],[11,28],[18,34],[33,38],[45,30],[36,31],[52,34],[43,18],[41,3]],[[1748,3530],[26,1],[22,5],[16,-5],[23,-14],[36,17],[17,16],[82,-14],[35,8],[42,0]],[[2047,3544],[0,-120],[2,-29]],[[2049,3395],[-46,-3],[-47,-20],[-13,-14],[-10,-28],[-41,-29],[-70,-55]],[[1822,3246],[-21,42],[-36,37]],[[1765,3325],[-11,25],[-6,22],[-1,90],[1,68]],[[2740,3703],[38,-54],[22,-15],[58,-20],[25,-23],[27,-44],[15,-29],[7,-44],[-1,-50],[15,-36],[31,-60],[33,-52],[9,-38],[-3,-62],[6,-28],[17,-33],[47,-88],[188,-210],[39,-41],[41,-68],[10,-29],[42,-165],[13,-29],[58,-81],[9,-10],[86,-83],[10,-2],[69,-2]],[[3651,2307],[-19,-70],[-18,-40],[-25,-31],[-20,-16]],[[3569,2150],[-12,20],[-55,91],[-80,127],[-189,291],[-22,42],[-20,44]],[[3191,2765],[-65,146],[-32,63],[-135,257],[-83,159],[-18,30],[-40,60]],[[2818,3480],[-115,169]],[[2703,3649],[11,22],[11,8],[15,24]],[[2609,5064],[37,6],[118,1],[30,1],[63,0]],[[2857,5072],[96,0],[92,2]],[[3045,5074],[0,-6],[108,1]],[[3153,5069],[3,-355],[3,-82],[0,-83]],[[3159,4549],[-99,-1],[-228,-2],[2,-185]],[[2834,4361],[1,-76],[1,-261]],[[2836,4024],[-212,-1],[-5,-1]],[[2619,4022],[-5,620],[-2,115],[-2,131],[0,148],[-1,28]],[[3151,5331],[109,1],[108,0]],[[3368,5332],[3,-260]],[[3371,5072],[-189,-2],[-29,-1]],[[3153,5069],[-2,262]],[[3371,5072],[0,-163],[2,-98]],[[3373,4811],[-1,-48],[4,-113],[1,-99]],[[3377,4551],[-109,-1],[-109,-1]],[[2493,6333],[108,7],[163,15],[55,4]],[[2819,6359],[18,3],[153,15],[48,4]],[[3038,6381],[-1,-55],[0,-213]],[[3037,6113],[-326,-4],[2,-260]],[[2713,5849],[-109,-1]],[[2604,5848],[-2,260],[-108,-1]],[[2494,6107],[-1,226]],[[2606,5587],[108,2],[109,0]],[[2823,5589],[0,-59],[1,-88],[1,-114]],[[2825,5328],[-107,-1],[-50,0],[-60,-1]],[[2608,5326],[-2,261]],[[2499,5325],[109,1]],[[2608,5326],[-1,-193],[2,-69]],[[2609,5064],[-108,0]],[[2501,5064],[-2,261]],[[4128,5486],[109,0],[-1,116],[109,1]],[[4345,5603],[2,-260]],[[4347,5343],[-218,-2]],[[4129,5341],[-1,145]],[[3371,5072],[108,1],[109,0]],[[3588,5073],[2,-260]],[[3590,4813],[-217,-2]],[[2976,10053],[87,-1],[35,1],[110,1],[-1,64],[89,1],[-1,-41],[2,-154]],[[3297,9924],[0,-131]],[[3297,9793],[-105,-1],[-90,-2],[-183,-25]],[[2919,9765],[57,288]],[[2829,9400],[59,208],[31,157]],[[3297,9793],[1,-131]],[[3298,9662],[0,-182]],[[3298,9480],[-34,0],[-54,-4],[-69,-18]],[[3141,9458],[-55,-25],[-30,-18],[-47,-39],[-20,29],[-160,-5]],[[3368,5332],[109,2]],[[3477,5334],[109,2]],[[3586,5336],[2,-263]],[[3298,9662],[88,1],[146,1]],[[3532,9664],[1,-186]],[[3533,9478],[-138,2],[-97,0]],[[4535,7317],[1,-132]],[[4536,7185],[-43,0]],[[4493,7185],[-169,-1]],[[4324,7184],[-10,49],[-1,82],[222,2]],[[4341,7955],[217,-2]],[[4558,7953],[0,-90],[0,-168]],[[4558,7695],[-201,0],[-16,6]],[[4341,7701],[0,254]],[[5315,8212],[122,0]],[[5437,8212],[-1,-132],[1,-138]],[[5437,7942],[-110,1]],[[5327,7943],[-1,73],[5,0],[0,45],[-16,35],[0,116]],[[5217,8213],[98,-1]],[[5327,7943],[-34,-4],[-77,0]],[[5216,7939],[1,143],[0,131]],[[4536,7185],[177,-1],[15,-3],[12,-17],[11,-31],[13,-13],[15,-4]],[[4779,7116],[0,-60]],[[4779,7056],[-295,-1]],[[4484,7055],[0,69],[9,35],[0,26]],[[3787,6413],[118,0]],[[3905,6413],[0,-40],[1,-126],[2,-257]],[[3908,5990],[-120,-1]],[[3788,5989],[0,129]],[[3788,6118],[-1,295]],[[4016,5991],[108,-1]],[[4124,5990],[2,-128]],[[4126,5862],[1,-128]],[[4127,5734],[-109,-1]],[[4018,5733],[-1,128]],[[4017,5861],[-1,130]],[[3789,5859],[228,2]],[[4018,5733],[-230,0]],[[3788,5733],[1,126]],[[5326,8743],[82,0],[134,0],[67,1],[47,0]],[[5656,8744],[0,-131],[0,-142]],[[5656,8471],[-82,4]],[[5574,8475],[-84,2],[-54,0]],[[5436,8477],[-109,-1]],[[5327,8476],[-1,267]],[[6089,9556],[122,1]],[[6211,9557],[55,1],[153,-1]],[[6419,9557],[-2,-152],[-1,-141]],[[6416,9264],[-89,4],[-21,-2],[-42,-17]],[[6264,9249],[-31,3],[-23,14],[-44,53],[-23,14],[-25,5],[-29,0]],[[6089,9338],[0,218]],[[8826,7824],[109,1]],[[8935,7825],[0,-133]],[[8935,7692],[1,-261]],[[8936,7431],[-109,-1]],[[8827,7430],[-1,394]],[[6341,9796],[67,0],[19,-2],[94,-3]],[[6521,9791],[0,-178],[61,-1],[2,4],[0,78],[50,1]],[[6634,9695],[-1,-141]],[[6633,9554],[-98,3],[-27,-1],[-89,1]],[[6211,9557],[-10,22],[1,12],[20,3],[15,22],[0,32],[16,50],[15,-6],[43,-33],[21,-7],[25,-5],[3,18],[21,60],[-1,24],[-11,17],[-28,7],[0,23]],[[10563,9005],[110,1]],[[10673,9006],[109,0]],[[10782,9006],[0,-262]],[[10782,8744],[-109,-1]],[[10673,8743],[0,163],[-82,-1],[-1,17],[-26,-1],[-1,84]],[[10567,7699],[79,-2],[30,3],[108,0]],[[10784,7700],[0,-261]],[[10784,7439],[-31,1],[-77,-1]],[[10676,7439],[0,116],[-67,-2],[1,27],[-43,0],[0,119]],[[11066,7699],[45,1]],[[11111,7700],[0,-260]],[[11111,7440],[-110,-1]],[[11001,7439],[0,17],[-28,0],[0,98],[43,0],[0,62],[49,3],[1,80]],[[11111,7700],[217,0]],[[11328,7700],[0,-240],[0,-21]],[[11328,7439],[1,-130]],[[11329,7309],[-1,-186]],[[11328,7123],[-39,3],[-72,3],[-213,-7]],[[11004,7122],[-1,57],[106,0],[0,194],[2,67]],[[11328,7700],[122,-1]],[[11683,7695],[-16,-262]],[[11667,7433],[-214,17],[-36,-11],[-89,0]],[[11329,7309],[63,1],[31,9],[40,-2],[173,-13],[23,-1]],[[11659,7303],[-14,-231]],[[11645,7072],[-35,17],[-31,11],[-45,6],[-102,8],[-104,9]],[[11659,7303],[189,-1]],[[11848,7302],[-16,-114],[-12,-77],[-10,-71],[0,-11]],[[11810,7029],[-18,3],[-89,18],[-23,7],[-35,15]],[[13508,10016],[109,0]],[[13617,10016],[109,0]],[[13726,10016],[0,-245]],[[13726,9771],[-27,11],[-36,12],[-29,6],[-126,22]],[[13508,9822],[1,77],[-1,117]],[[13069,9368],[19,0],[13,-12],[43,-1],[-1,19],[7,4],[83,1],[3,-43],[0,-37],[-42,0],[2,-98]],[[13196,9201],[-128,0]],[[13068,9201],[0,67]],[[13068,9268],[1,100]],[[11888,6308],[59,25],[27,15],[22,17],[22,25],[25,34],[14,25],[60,150],[17,35],[117,158],[50,51],[45,49],[9,61],[0,38]],[[12355,6991],[55,1],[45,-2],[178,-35]],[[12633,6955],[-18,-127],[-7,-41],[-18,-88],[-19,-69]],[[12571,6630],[-12,-31],[-17,-34],[-26,-42]],[[12516,6523],[-36,-43],[-60,-59],[-67,-69]],[[12353,6352],[-16,12],[-26,14],[-19,3],[-138,-1],[-21,-8],[-35,-51],[-50,-49],[-30,-25],[-29,-16],[-56,-23],[-60,-10],[15,110]],[[11153,22078],[36,-1],[183,1]],[[11372,22078],[-1,-115],[0,-132],[-2,-14],[-105,0],[-16,-2],[11,-81],[0,-44],[-17,-39],[-1,-10],[12,-32],[-9,-11],[-3,-43]],[[11241,21555],[-84,2],[-50,-1]],[[11107,21556],[5,25],[10,10],[26,48],[4,24],[0,154],[0,49],[0,184],[1,28]],[[11024,9528],[7,3],[92,1],[40,-1],[180,2]],[[11343,9533],[19,-39],[43,-58],[17,-27],[52,-94],[27,-50],[29,-60],[26,-59],[33,-69],[31,-71]],[[11620,9006],[-294,0]],[[11326,9006],[-35,1],[-183,0]],[[11108,9007],[-1,211],[0,209],[-5,37],[-46,0],[-26,5],[-32,0]],[[10998,9469],[1,49],[25,10]],[[4002,9269],[32,11],[33,4],[22,-4],[25,-11],[20,-16],[28,-27],[22,-15],[25,-7],[70,8],[30,-3],[29,10],[10,-17],[20,-17],[43,-12],[15,-15],[10,-32],[0,-43]],[[4436,9083],[-8,-8],[1,-34],[-13,-20],[-25,-1],[-3,14],[-12,12],[-19,8],[-33,6],[-50,6],[-16,6],[-26,16],[-20,15],[-24,6],[-23,-10],[-11,-14],[-6,-21],[-48,-33],[-18,-10],[-26,-1],[-10,-7],[-30,0]],[[4016,9013],[-1,130]],[[4015,9143],[0,79],[-13,47]],[[10021,8480],[217,0]],[[10238,8480],[-2,-60],[0,-113],[107,2]],[[10343,8309],[76,0],[18,14],[19,2]],[[10456,8325],[0,-214],[1,-151]],[[10457,7960],[-217,0]],[[10240,7960],[-154,-1],[-64,1]],[[10022,7960],[-1,77],[0,183]],[[10021,8220],[0,68]],[[7427,9009],[100,-1],[308,1]],[[7835,9009],[-1,-152]],[[7834,8857],[-43,1],[-4,-28],[-13,-58],[-2,-33],[-40,-13],[-28,-18],[1,-32],[-8,-14],[-17,-11],[-15,2],[-21,22],[-37,-16],[-32,-7],[-29,-3]],[[7546,8649],[-3,26],[-9,38],[-1,31],[10,55],[0,11]],[[7543,8810],[-2,22],[-9,43],[-3,33],[-23,1],[-24,5],[-22,12],[-22,27],[-8,20],[-3,36]],[[3676,18914],[203,10],[124,3],[2,-27],[2,-234],[161,-7],[50,-3],[93,-2],[92,4],[0,-6],[33,9],[3,-254],[253,2],[24,-1],[67,7],[57,-3]],[[4840,18412],[80,0],[43,-1],[235,-3]],[[5198,18408],[-60,-80],[-22,-23],[-16,-9],[-21,-5],[-34,5],[-33,15],[-23,4],[-19,-2],[-32,-17],[-21,-28],[-53,-93],[-15,-48],[-3,-50],[8,-40],[18,-40],[83,-123],[13,-29],[6,-43],[-4,-46],[-21,-105],[-13,-27],[-32,-48],[-38,-36]],[[4866,17540],[-42,-27],[-26,-12],[-102,-37],[-55,-19],[-29,-2],[-35,10],[-141,67],[33,-86],[7,-26]],[[4476,17408],[-36,-2],[-65,2],[-22,28],[-45,33],[-34,14],[-26,39],[-24,41],[-21,-54],[-97,54],[-48,25],[-39,4],[-12,8],[-24,41],[-30,12],[-22,18],[-63,35],[-46,15],[-14,0],[-15,-11],[3,-16],[0,-37],[-6,-22],[-12,-20],[-16,-49],[-9,-7]],[[3753,17559],[-32,563],[-45,792]],[[3128,10660],[6,30],[74,425],[94,539],[15,79],[132,756],[103,584],[20,125],[3,9],[130,739],[192,1093],[-41,711],[-61,1082]],[[3795,16832],[14,-11],[27,-8],[8,-10],[8,-22],[32,-3],[9,5],[13,-8],[12,-33],[10,-7],[33,-14],[14,-1],[37,17],[17,-4],[23,9],[20,-11],[3,-15],[-8,-25],[-6,-48],[-20,-44],[20,-12],[14,-29],[14,5],[19,-7],[20,6],[2,-10],[-17,-35],[19,-7],[9,-32],[31,8],[31,42],[22,-9],[29,13],[7,-17],[14,5],[4,20],[7,3],[35,-12],[23,-3],[17,-11],[10,5],[16,-6],[13,14],[8,-4],[22,-53],[19,-18],[32,-10],[53,-35],[6,-1],[138,28],[41,-8],[16,-10],[24,-27],[14,33],[22,13],[21,4],[29,-14],[17,-22],[9,-30],[19,-93],[15,-27],[23,-73],[4,-27],[98,-5],[46,17],[24,-2],[17,-11],[52,-85],[8,-26],[6,-51],[-5,-60],[13,-25],[11,-7],[26,-4],[35,6],[28,10],[31,2],[17,-9],[48,-15],[11,-7],[23,-23],[33,5],[47,-3],[54,-10]],[[5555,15853],[16,-7],[28,0],[11,-7],[29,-7],[15,9],[31,1],[47,-30],[28,-10],[24,-29],[17,-31],[29,-29],[20,-43],[22,-28],[21,-11],[-19,-9],[-24,-6],[-11,16],[-22,13],[-7,11],[-13,-5],[-13,-23],[-2,-14],[-36,-16],[-5,-17],[-8,-3],[-8,-26],[-23,16],[-22,10],[-2,23],[10,15],[21,8],[-18,23],[-7,21],[-16,1],[-16,-11],[-23,0],[-9,9],[-17,-15],[14,-9],[-1,-16],[-12,-17],[-2,-19],[11,-66],[1,-13],[-9,-27],[14,-18],[12,-22],[20,-49],[-20,-21],[-14,4],[-87,63],[-11,6],[-51,4],[-70,4],[-22,-4],[-10,-25],[2,-42],[-17,-22],[-41,-27],[-18,-20],[-28,-9],[-37,-2],[-29,14],[-26,6],[-20,-1],[-22,-16],[-14,-1],[-21,8],[-19,-2],[-42,-32],[-6,-10],[2,-19],[11,-18],[9,-1],[17,11],[10,-1],[21,-25],[7,-19],[0,-32],[-3,-33],[-9,-46],[4,-10],[19,-22],[33,12],[18,-1],[15,5],[22,30],[10,5],[9,-17],[2,-40],[6,-15],[-18,-31],[-6,-32],[-15,-20],[-13,-34],[-15,-18],[-44,-8],[-8,-7],[-2,-23],[14,-17],[3,-16],[-7,-20],[-3,-21],[4,-11],[-7,-12],[-14,7],[-25,-3],[-41,-16],[-41,-18],[-49,-4],[-18,-22],[-18,-8],[14,29],[5,18],[29,10],[45,34],[22,18],[-55,-11],[-24,-10],[-36,17],[-10,-13],[-12,-36],[-12,-12],[-25,5],[-16,8],[-30,-18],[-3,-13],[8,-30],[-5,-27],[-26,-33],[2,-16],[9,-13],[34,-28],[19,-8],[-6,-32],[2,-10],[17,-10],[53,2],[33,-9],[5,-26],[21,-9],[-1,-19],[7,-20],[16,-21],[5,-38],[-5,-20],[-30,-46],[-6,-25],[0,-28],[-9,-24],[-13,-6],[3,-17],[-18,-27],[6,-11],[27,-2],[20,-9],[28,-23],[17,-45],[42,-32],[39,-17],[-49,-58],[-3,-52],[-27,-57],[26,-33],[36,-41],[19,-72],[16,-20],[43,-38],[3,-100],[-4,-46],[-8,-7],[-28,-9],[27,-30],[38,-18],[17,-11],[9,-20],[-7,-172],[33,-54],[20,5],[8,-22],[-4,-59],[6,-14],[23,-10],[14,-18],[-8,-72],[-29,-48],[-2,-21],[6,-20],[0,-42],[3,-23],[11,-22],[26,-4],[-15,24],[-1,45],[23,44],[12,20],[51,57],[18,51],[13,19],[15,11],[11,18],[19,39],[6,28],[12,31],[29,36],[19,32],[17,17],[19,34],[6,33],[6,12],[19,20],[1,44],[16,50],[5,24],[18,22],[15,12],[14,4],[14,32],[4,18],[19,10],[3,21],[14,11],[21,0],[26,21],[16,6],[30,57],[24,15],[25,-15],[20,-9],[23,-1],[62,11],[54,-12],[17,0],[20,8],[20,-2],[15,-23],[35,-8],[34,-13],[14,-2],[45,20],[33,4],[48,-30],[19,-4],[22,-14],[17,-20],[0,-19],[51,-12],[20,5],[20,11],[23,3],[31,24],[10,12],[7,20],[37,23],[15,16],[29,16],[14,4],[42,4],[42,-3],[-2,56],[30,-15],[21,-15],[25,-13],[25,-19],[26,-3],[39,-22],[13,-4],[19,8],[6,-12],[23,-18],[48,-11],[32,1],[14,7],[14,-5],[24,7],[13,-16],[27,-15],[10,-13],[45,-12],[9,-9],[14,-4],[3,-12],[15,-18],[38,-14],[58,-37],[48,-40],[42,-38],[9,-14],[7,-25],[39,-28],[42,-48],[27,-7],[24,-15],[13,4],[23,21],[38,1],[-5,-19],[-18,-12],[-2,-46],[6,-20],[24,-32],[5,-22],[0,-20],[8,-14],[16,-9],[45,-47],[47,-30],[43,6],[16,-3],[40,-16],[27,-20],[14,-24],[12,-28],[8,-9],[64,-28],[11,3],[4,22],[8,8],[1,30],[16,25],[19,19],[18,28],[43,29],[47,21],[17,5],[-11,35],[-5,47],[1,21],[8,67],[38,269],[9,69],[13,60],[61,337],[9,59],[12,73],[12,94],[3,38],[4,106],[-14,85],[-3,25],[-24,23],[-11,18],[-27,32],[-7,27],[-25,36],[-22,24],[-26,8],[-17,13],[-58,35],[-30,30],[-22,6],[0,15],[-6,13],[-18,21],[-57,27],[-31,2],[-41,23],[-20,19],[-20,7],[-26,17],[-44,38],[-37,41],[-13,27],[-13,17],[-6,26],[-23,5],[-7,19],[-49,46],[-14,8],[-25,29],[-46,23],[-25,24],[-48,31],[-19,15],[-44,23],[-16,24],[-11,45],[-10,17],[-35,31],[-11,15],[-10,31],[-14,21],[-29,12],[-32,17],[-124,49],[-55,27],[-57,22],[-17,8],[-31,22],[-49,31],[-96,77],[-35,31],[-31,45],[-16,17],[-58,49],[-50,39],[-42,28],[-48,30],[-110,88],[-16,9],[-70,25],[-26,11],[-120,59],[-157,89],[-163,87]],[[5824,16361],[-17,9],[-256,166],[-91,64],[-35,20],[-92,61],[-78,79],[-12,9],[-54,30],[-19,4],[-54,2],[-15,-5],[-20,-24],[-8,0],[-64,40],[-15,19],[8,25],[1,19],[-17,37],[-3,19],[-14,26],[-26,20],[-22,7],[-12,9],[-15,19],[-14,12]],[[4880,17028],[2,61],[16,-4],[8,9],[7,36],[-3,12],[0,67],[-20,26],[5,40],[-12,2],[-1,95],[-20,41],[2,83],[2,44]],[[5198,18408],[90,4],[63,8],[38,2],[88,-4],[342,-1]],[[5819,18417],[340,1],[267,2]],[[6426,18420],[530,0],[299,5],[158,-8]],[[7413,18417],[149,-11],[128,-3],[209,19],[15,4],[2,-301],[-5,0],[-2,-157],[0,-73],[367,0],[270,-3],[24,0]],[[8570,17892],[126,2],[71,-2],[2,-291],[1,-63],[-1,-161],[102,0],[160,1],[65,-3]],[[9096,17375],[-12,-69],[-12,-43],[-13,-35],[-18,-35],[-23,-38],[-33,-41],[-50,-44],[-24,-17],[-37,-21],[-64,-29],[-41,-21],[-120,-61],[-65,-29],[-40,-11],[-45,-10],[-42,-5],[-73,-4],[-62,8],[-105,7],[-37,-8],[-33,-12],[-38,-23],[-34,-32],[-21,-26],[-19,-31],[-23,-49],[-9,-35],[-7,-42],[-1,-106],[2,-49],[0,-136],[2,-58],[6,-43],[15,-74],[11,-39],[18,-50],[25,-58],[42,-72],[18,-24],[47,-56],[-11,0],[94,-113],[46,-59],[45,-50],[27,-19],[89,-48],[31,-25],[25,-27],[15,-23],[58,-103],[61,-113],[39,-67],[16,-33],[0,-44],[5,-23],[1,-22],[-6,-171],[0,-32],[-4,-34],[-9,-51],[0,-34],[6,-58],[13,-49],[4,-27],[7,-25],[25,-50],[12,-46],[4,-26],[-1,-32],[-4,-24],[-12,-33],[-20,-36],[-33,-41],[-41,-37],[-25,-17],[-34,-20],[-56,-21],[-76,-13],[-13,-4],[-23,-19],[-26,-34],[-24,-21],[-15,-18],[-9,-19],[-7,-35],[5,-51],[10,-36],[16,-38],[20,-35],[19,-25],[22,-22],[71,-54],[113,-77],[107,-86],[192,-153],[63,-52],[86,-68],[25,-22],[155,-142],[123,-116],[6,-3]],[[9388,13078],[134,-113],[92,-75],[43,-38],[42,-8],[12,3],[39,-43],[36,-45],[16,-17]],[[9802,12742],[4,-34],[0,-30],[-17,-130],[-8,-39],[-21,-128],[-24,-141],[-23,-143],[-14,-59],[-16,-53],[-16,-47],[-35,-89],[-32,-89],[-31,-78],[-32,-57],[-28,-38],[-54,-56],[-75,-75],[-66,-67],[-70,-77],[-48,-56],[-68,-89]],[[9128,11167],[-31,84],[-27,73],[-43,121],[-34,88],[-66,179],[-30,77],[-18,28],[-79,43],[36,-68],[82,-230],[19,-37],[38,-126],[24,-86],[-30,-87],[-34,-90],[-7,-12],[-28,-12],[-20,-11]],[[8880,11101],[-61,0],[-2,-9],[-98,-107],[-399,-205],[-69,-24],[-203,-54]],[[8048,10702],[-47,79],[1,52],[-52,0],[-1,257],[-105,2],[0,-255],[-2,-204]],[[7842,10633],[-99,-28],[-115,-32],[-116,0],[-217,-1],[-327,-3]],[[6968,10569],[-97,1],[-342,6]],[[6529,10576],[-197,3],[-296,3],[-32,-2],[-340,-4]],[[5664,10576],[-201,-1],[-236,-2],[-118,2],[-118,4],[-127,-2],[-58,4]],[[4806,10581],[-241,-2],[-103,0]],[[4462,10579],[-133,1],[-189,1]],[[4140,10581],[-482,2],[-175,-1]],[[3483,10582],[-267,0],[-76,-1],[-19,24],[7,55]],[[3590,4813],[0,-76],[3,-11],[1,-173]],[[3594,4553],[-109,-1]],[[3485,4552],[-108,-1]],[[5269,5068],[57,220],[6,42]],[[5332,5330],[46,-1]],[[5378,5329],[62,-1]],[[5440,5328],[0,-223],[-1,-38]],[[5439,5067],[-102,0],[-68,1]],[[2260,7441],[38,3],[195,-6],[0,-131]],[[2493,7307],[-272,5]],[[2221,7312],[39,129]],[[3034,8224],[117,0],[152,1]],[[3303,8225],[0,-130]],[[3303,8095],[-269,-2]],[[3034,8093],[0,131]],[[3036,8485],[265,3]],[[3301,8488],[1,-131]],[[3302,8357],[-69,-1],[-198,-1]],[[3035,8355],[1,130]],[[2815,8481],[221,4]],[[3035,8355],[-1,-131]],[[3034,8093],[0,-75]],[[3034,8018],[-217,1],[0,101]],[[2817,8120],[-1,233],[-1,128]],[[4462,10579],[-66,-50],[5,-21],[0,-40],[16,0],[0,-86],[2,-173]],[[4419,10209],[3,-400]],[[4422,9809],[-183,-2],[-30,-21]],[[4209,9786],[-51,131],[-26,139]],[[4132,10056],[1,15],[12,0],[-12,292],[6,98],[1,120]],[[4419,10209],[449,2]],[[4868,10211],[1,-174],[2,-225]],[[4871,9812],[-182,-2],[-42,1]],[[4647,9811],[-13,-1],[-212,-1]],[[4806,10581],[0,-38],[42,3],[25,-8],[-6,-24],[-2,-22],[1,-50],[1,-190],[1,-41]],[[7405,8533],[34,6],[50,18],[38,9],[6,5],[10,51],[3,27]],[[7834,8857],[-1,-307],[-5,-76]],[[7828,8474],[-108,-1]],[[7720,8473],[-171,-2],[-47,0],[-109,-2]],[[7393,8469],[0,64],[12,0]],[[5437,8212],[-1,265]],[[5574,8475],[-21,-94],[-14,-39]],[[5539,8342],[-20,-33],[-16,-38],[-8,-31],[-4,-29]],[[5491,8211],[-5,-44],[-1,-169],[-2,-34],[2,-22],[-48,0]],[[13070,6909],[111,1],[109,0]],[[13290,6910],[-20,-63],[-3,-111],[0,-31],[-9,-80],[-9,-14],[-57,-65],[-13,-4],[-38,7],[-17,-10],[-14,-23],[-23,-8]],[[13087,6508],[-17,1]],[[13070,6509],[-2,24],[0,288],[2,88]],[[13544,8402],[116,-1],[136,0],[22,7],[78,53],[25,15],[22,5]],[[13943,8481],[8,1],[211,-1],[218,-1]],[[14380,8480],[57,-1],[157,-6]],[[14594,8473],[177,-11],[43,-2]],[[14814,8460],[1,-255]],[[14815,8205],[-162,5],[-1,-15],[-54,-21],[1,-40],[-217,-102],[0,-79],[-12,1],[-173,0],[-8,-7],[-24,-11],[-228,-140],[6,-67]],[[13943,7729],[-400,1]],[[13543,7730],[0,148],[1,78],[-138,-1],[-2,2],[-53,0]],[[13351,7957],[-3,169],[7,-2],[67,0],[-1,44],[124,1],[0,166],[-1,67]],[[15034,6511],[1,-43],[8,-27],[-7,-11],[1,-25],[19,-38]],[[15056,6367],[-50,-37],[-22,-9]],[[14984,6321],[-34,-5],[-23,0]],[[14927,6316],[-1,196],[108,-1]],[[12004,10412],[26,35],[32,19],[30,40],[11,19],[4,19],[1,126],[4,18]],[[12112,10688],[21,42]],[[12133,10730],[186,-127],[74,-49]],[[12393,10554],[80,-56]],[[12473,10498],[-14,-28],[-13,-11],[9,-23],[11,-8],[30,-10],[48,1],[9,-12],[-4,-21],[-30,-15],[-26,-2],[-62,2],[-15,-11],[-12,-24],[-3,-14],[8,-25],[1,-24],[-6,-26],[-25,4],[-9,-7],[-27,-52],[-35,-24],[-22,16],[-20,26],[-18,1],[-32,22],[-16,6],[-11,12],[-2,17],[-10,27],[-16,53],[-6,5],[-36,-2],[-31,10],[-18,-1],[-19,-9],[-7,-9],[-12,-2],[-29,24],[1,48]],[[17864,13524],[23,21],[12,-1],[20,16],[24,-3],[5,15],[44,3],[9,5],[14,-5],[10,23],[15,3],[11,-18],[25,-10],[9,-21],[32,4],[20,8],[12,16],[17,2],[10,10],[4,20],[10,5],[56,-5],[30,3],[10,-4],[24,7],[15,1],[18,-14],[39,6],[9,5],[7,17],[10,12],[17,-27],[26,-1],[142,-27],[-7,-14],[-19,8],[-17,-20],[-17,-12],[-4,-24],[-11,-16],[-36,-42],[-19,-8],[-27,6],[-10,-6],[5,-16],[-6,-14],[-26,-15],[-45,-6],[-18,1],[-16,-8],[-10,-17],[8,-17],[15,14],[44,12],[19,0],[23,9],[21,-2],[25,-10],[6,-8],[11,-32],[24,-4],[33,-21],[26,-20],[13,-24],[13,-7],[6,-21],[-8,-15],[-16,10],[-24,-5],[6,-30],[-9,-23],[11,-13],[33,-18],[17,-24],[20,-9],[8,-13],[-3,-18],[13,-6],[6,-14],[-3,-24],[8,-5],[29,-3],[28,-7],[2,-14],[-29,-30],[-32,-26],[-4,-11],[5,-35],[3,-51],[-5,-17],[-27,-52],[-7,-27]],[[18619,12776],[-15,-5],[-19,-27],[-18,-10],[-19,4],[-28,-26],[-18,-4],[-20,18],[-10,-1],[-11,-16],[-13,-1],[-8,-22],[-11,-13],[-21,-1],[-9,-6],[-10,-29],[-30,-24],[-32,-7],[-28,-31],[-29,-11],[-18,-17],[-15,-22],[-10,4],[-31,-11],[-23,-2],[-38,6],[-37,-19],[-21,-16],[-28,-13],[-13,-3],[-8,8],[-9,25],[-23,27],[-3,29],[-14,38],[-11,13],[-26,3],[-14,9],[-4,15],[6,17],[-2,17],[-37,9],[-27,-19],[-13,3],[-8,17],[-12,9],[-24,0],[-27,23],[-20,-2],[-26,12],[-10,28],[18,39],[-13,7],[-11,-12],[-19,0],[-4,32]],[[17695,12818],[-16,9],[-15,-7],[-17,13],[-11,30],[-2,13],[26,47],[5,19],[17,19],[2,27],[25,19],[34,5],[13,14],[36,9],[-4,26],[-11,11],[4,21],[19,7],[26,-9],[17,-14],[19,9],[-4,19],[-14,9],[-7,30],[7,10],[-12,16],[-7,31],[23,18],[-11,19],[5,21],[-10,8],[-17,-9],[-11,2],[-21,-7],[-13,5],[-20,0],[-9,8],[-10,35],[0,13],[19,17],[16,4],[10,22],[17,1],[5,16],[14,12],[29,15],[10,19],[40,14],[5,8],[-11,16],[-2,20],[-14,26],[-5,20]],[[13414,13430],[17,0],[25,-8],[22,3],[33,-34],[16,5]],[[13527,13396],[-16,-9],[5,-31],[9,-8],[-2,-34],[16,-6],[3,-17],[12,-22],[12,-7],[14,11],[11,-18],[16,-8],[17,-19],[-19,-9],[-11,-19],[-26,0],[-22,13],[-13,3],[-24,-6],[-5,-9],[7,-13],[-2,-16],[-16,-22],[14,0],[14,14],[16,5],[-8,-25],[-21,-27],[1,-10],[20,-19],[2,-16],[14,-14],[-15,-4],[-13,22],[-11,5],[-15,-39],[-15,-5],[0,-39],[21,23],[7,18],[10,1],[11,-23],[22,-2],[4,-11],[-14,-12],[-3,-14]],[[13474,12942],[-18,-5],[-17,9],[-9,17],[-6,98],[-10,14],[-16,4],[-17,-4],[-15,7],[-14,34],[-8,9],[-29,20],[-14,31],[-18,13]],[[13283,13189],[4,32],[-8,16],[8,14],[41,-6],[7,-7],[-1,-17],[-10,-9],[-6,-30],[14,-10],[19,5],[29,39],[17,-19],[18,-12],[17,17],[2,17],[10,22],[-8,26],[-3,27],[-14,38],[-1,20],[12,20],[-10,17],[17,3],[-1,18],[-22,20]],[[2390,5324],[109,1]],[[2501,5064],[-109,-1]],[[2392,5063],[-2,261]],[[23152,13345],[22,-8],[29,-3],[55,-20],[31,-18],[23,-23],[25,-7],[21,-14],[130,2],[-5,11],[3,15],[-11,16],[-72,0],[1,9],[12,19],[-8,20]],[[23408,13344],[13,0],[6,-29],[-2,-9],[54,0],[19,-14],[18,-33],[37,-36],[12,-21],[-5,-18],[17,-17],[21,-5],[18,2],[18,-3],[2,10],[20,-12],[17,-35],[11,9],[24,-5],[11,-21],[22,-9],[32,-31],[19,-23],[17,-15],[13,-4],[25,3],[13,-14],[23,-35],[20,-12],[8,-25]],[[23911,12942],[-53,13],[-13,6],[-18,19],[-8,16],[-13,-5],[-11,8],[-7,16],[-14,8],[-14,23],[-10,3],[-42,-19],[-18,-15],[-14,2],[-8,23],[-15,16],[-5,19],[-18,8],[-21,20],[-19,7],[-9,-8],[-7,-18],[-22,-2],[-16,-9],[-39,-16],[5,-18],[4,-58],[18,-40],[27,-33],[6,-18],[-7,-10],[-54,-21],[-19,-3],[2,38],[-12,32],[-48,53],[-16,13],[-17,34],[-16,19],[-7,15]],[[23363,13060],[0,59],[-207,3]],[[23156,13122],[-2,83],[-2,140]],[[22016,13400],[-3,-8],[13,-19],[10,10],[23,-3],[7,20],[1,29],[6,0],[0,-25],[64,40],[21,-5],[16,-20],[4,17],[14,4],[9,-9],[17,13],[2,83],[78,-2],[6,7],[21,1],[5,-15],[28,-24],[6,-17],[32,23],[34,41],[22,6],[15,9],[20,2]],[[22487,13558],[-1,-5],[76,-54],[0,-102],[50,-1],[101,-3]],[[22713,13393],[-1,-97],[-99,2],[-2,17],[-52,-1],[0,-52],[25,-1],[-1,-128]],[[22583,13133],[-281,5],[-28,0],[2,-130],[-44,1],[-174,3],[-1,129],[-108,-1]],[[21949,13140],[1,80],[11,27],[5,26],[0,20],[-7,16],[4,9],[20,12],[-16,34],[-2,41],[51,-5]],[[3906,6493],[225,0]],[[4131,6493],[-9,-38],[2,-332],[0,-133]],[[4016,5991],[0,130],[-62,-2],[-2,268],[-47,26]],[[3905,6413],[1,80]],[[13726,10016],[217,-1]],[[13943,10015],[-1,-40],[2,-252]],[[13944,9723],[0,-79]],[[13944,9644],[-125,74],[-93,53]],[[14940,5960],[3,-3],[34,-91],[8,-9],[17,-2],[54,41],[5,8],[28,18],[40,33],[129,102]],[[15258,6057],[60,-108]],[[15318,5949],[-88,-71],[22,-42],[2,-50],[-9,-23],[7,-16],[69,0],[42,4],[42,13],[74,52]],[[15479,5816],[31,-59],[3,-27],[6,-15],[24,-34],[16,-58],[33,-48]],[[15592,5575],[-14,-53],[1,-39],[-2,-13],[-16,-44],[-4,-23],[2,-17],[20,-64],[3,-21],[-6,-31],[-8,-22],[-11,-48],[2,-24],[-14,-27],[-22,-32]],[[15523,5117],[-106,171],[-24,36],[-18,21],[-44,41],[-50,35],[-57,30],[-49,20],[-97,36],[-29,15],[-23,16],[-22,20],[-181,204]],[[14823,5762],[-3,108],[25,29],[21,29],[20,10],[36,-4],[18,26]],[[16587,7902],[50,27],[63,25],[57,18],[47,11],[30,9],[6,5],[86,112],[75,25],[62,50],[108,49],[39,30],[65,18],[109,7]],[[17384,8288],[0,-50],[-4,-17],[-18,-36],[-58,-108],[-66,-115],[-33,-54],[-17,-36],[1,-22],[10,-32],[14,-74],[7,-13],[11,-5],[115,0],[71,-1],[57,2],[73,0],[1,-7],[-3,-309],[-2,-203],[-2,-67],[-110,3],[-1,-127],[-110,2],[-218,5],[-111,4]],[[16991,7028],[-2,0]],[[16989,7028],[0,53],[0,166],[-1,168],[-68,0],[-9,4],[-45,1],[-15,-2],[-105,3]],[[16746,7421],[-66,1]],[[16680,7422],[-1,0]],[[16679,7422],[-3,40],[-5,26],[-67,327],[-10,41],[-7,46]],[[812,4812],[29,-42],[32,-60],[23,-39],[23,-29],[23,-22],[58,-41],[46,-35],[20,-19],[31,-41]],[[1097,4484],[-33,-35],[-31,-27],[-21,-12],[-33,-10],[-132,-18],[-15,0],[-40,7],[-24,12],[-38,31],[-148,106],[-37,21],[-24,7],[-38,1],[1,-36],[-11,-62],[-31,-135],[-2,-97],[-9,-15],[-19,-68],[-15,-69],[18,-26],[-34,-71],[7,-9],[25,16],[46,14],[13,7],[54,8],[24,-11],[9,-10],[20,-11],[18,-19],[13,10],[31,16],[15,-8]],[[656,3991],[-3,-187],[2,-73],[-1,-61],[6,-24],[11,-11],[59,-5],[18,2],[76,44],[22,25],[16,35],[17,18],[16,11],[25,11],[21,5]],[[941,3781],[9,-16],[-7,-27],[-12,-19],[2,-33],[5,-24],[-9,-65],[18,-29],[8,-53],[12,-12],[-15,-25],[11,-48],[12,-26],[0,-34],[8,-35],[-9,-46],[7,-12]],[[981,3277],[-21,-29],[-47,-39],[-33,-35]],[[880,3174],[-52,-58],[-32,-22],[-44,-39],[-14,-21],[-22,-59],[-37,2],[-24,11],[-8,9],[-5,28],[-17,4],[-34,39],[-56,38],[-56,27],[-43,7],[-46,-5],[-47,-10],[-69,-54],[-8,15],[-29,31],[-14,11]],[[223,3128],[-2,368],[-20,2],[-199,5],[-2,260],[437,1054],[375,-5]],[[4222,7969],[0,25],[41,-13],[29,-6],[49,-5]],[[4341,7970],[0,-15]],[[4149,7707],[-44,29],[-50,25],[-36,12]],[[4019,7773],[43,-2],[16,1],[78,0],[67,1],[-1,196]],[[12234,20781],[92,0],[127,2]],[[12453,20783],[99,0],[18,-3],[54,-14]],[[12624,20766],[19,-1],[13,-11]],[[12656,20754],[-21,-43],[-7,-26],[-10,-64]],[[12618,20621],[-21,-141],[1,-1],[-37,-253]],[[12561,20226],[-10,0],[-340,73]],[[12211,20299],[24,158],[0,23],[-1,301]],[[2167,4275],[9,12],[5,21],[0,74],[0,158],[-1,109],[-3,115],[-2,297]],[[2175,5061],[217,2]],[[2619,4022],[-40,-10],[-20,-1],[-43,10],[-21,1],[-87,-1],[-7,-2]],[[2401,4019],[-10,2],[-61,0]],[[2330,4021],[-41,59],[-33,51],[-93,138]],[[4868,10211],[224,2],[0,-26]],[[5092,10187],[3,-374]],[[5095,9813],[-224,-1]],[[4647,9811],[-1,-65],[2,-70],[1,-179]],[[4649,9497],[0,-87]],[[4649,9410],[-63,1],[-161,-2]],[[4425,9409],[-46,0],[-31,55],[-15,32]],[[4333,9496],[-25,46],[-46,107],[-53,137]],[[2719,9015],[110,385]],[[3141,9458],[2,-27],[1,-296],[0,-123]],[[3144,9012],[-110,0]],[[3034,9012],[-187,2],[-28,2],[-100,-1]],[[3782,7575],[63,0],[0,-33],[57,1]],[[3902,7543],[1,-99]],[[3903,7444],[0,-196]],[[3903,7248],[-119,0]],[[3783,7313],[1,66],[-2,65],[0,131]],[[6088,9800],[253,-4]],[[6089,9556],[-1,23],[0,221]],[[5657,9771],[0,76],[1,38],[1,172]],[[5659,10057],[100,-1],[54,1],[142,0],[78,1],[52,-2],[-1,-47],[4,-71],[0,-138]],[[6089,9556],[-130,5]],[[5959,9561],[14,58],[3,50],[-2,64],[4,45],[6,21],[-114,-1],[-29,3],[-38,0],[1,-60],[-6,-16],[10,-7],[9,-18],[0,-34],[-161,-1]],[[5656,9665],[1,106]],[[6954,7873],[-2,-130],[-3,-326]],[[6949,7417],[-218,1],[-163,0],[-57,1]],[[6511,7419],[2,193],[4,271],[0,83],[114,4],[324,13],[-1,-110]],[[6093,5503],[2,-122],[0,-59]],[[6095,5322],[-111,3],[-87,0],[-23,0]],[[5874,5325],[0,41],[-4,18],[-20,42],[-18,-12],[-20,-5],[-37,21],[-31,6],[-13,7],[-12,18],[0,64],[38,15],[22,-3],[0,26],[8,64],[240,-98],[66,-26]],[[4652,9013],[224,-1]],[[4876,9012],[115,0]],[[4991,9012],[5,-15],[0,-51]],[[4996,8946],[-106,-144],[-41,-55],[-100,-135]],[[4749,8612],[-24,45]],[[4725,8657],[-16,30],[-34,42],[-11,18],[-7,32],[-2,44],[-3,190]],[[3779,8882],[118,-1],[15,1],[104,0]],[[4016,8882],[41,3],[89,-2],[198,1],[-1,-55]],[[4343,8829],[0,-75]],[[4343,8754],[-21,0],[-185,-2],[-55,0]],[[4082,8752],[-66,0]],[[4016,8752],[-175,-1],[-62,0]],[[3779,8751],[0,131]],[[4436,9083],[0,-71],[32,1]],[[4468,9013],[0,-107],[-36,-2],[-8,-40],[-18,-36],[-8,52],[-19,5],[-36,-56]],[[4016,8882],[0,131]],[[9806,7435],[216,0],[1,1]],[[10023,7436],[109,0]],[[10132,7436],[0,-163]],[[10132,7273],[-109,0],[0,33],[-217,-1]],[[9806,7305],[0,130]],[[10782,8744],[218,0]],[[11000,8744],[0,-118],[109,0],[0,-14],[109,-1]],[[11218,8611],[0,-129]],[[11218,8482],[-326,-1]],[[10892,8481],[-109,0]],[[10783,8481],[-1,263]],[[11000,8864],[22,0],[0,-41],[142,-1],[54,2]],[[11218,8824],[0,-213]],[[11000,8744],[0,120]],[[10781,9268],[218,1]],[[10999,9269],[0,-85],[0,-66],[1,-111]],[[11000,9007],[-218,-1]],[[10782,9006],[0,131],[-1,131]],[[11108,9007],[-108,0]],[[10999,9269],[0,49],[-1,151]],[[10780,9533],[78,5]],[[10858,9538],[86,7],[15,-8],[65,-9]],[[10781,9268],[0,194],[-1,71]],[[4018,8229],[42,0],[144,92],[21,15],[117,73]],[[4342,8409],[0,-192]],[[4342,8217],[-93,1],[-28,-21],[-29,-18],[-31,-12],[-31,-3],[-112,-1]],[[4018,8163],[0,66]],[[5302,9012],[21,0]],[[5323,9012],[333,0]],[[5656,9012],[0,-268]],[[5326,8743],[-28,0],[1,79],[5,11],[-1,133],[-1,46]],[[13507,6600],[24,-3],[29,-14],[24,-28],[15,-27],[2,-28],[31,1],[0,-34],[6,-17],[44,-1]],[[13682,6449],[0,-67]],[[13682,6382],[-94,-1],[-79,0]],[[13509,6381],[-55,-1],[-60,-5],[-22,1],[-10,-4],[-37,-1],[-33,8],[-18,13],[-16,25],[-15,43],[-14,23],[-17,15],[-29,10]],[[13183,6508],[4,15],[29,-12],[74,2],[161,0],[21,10],[-8,20],[1,37],[13,0],[15,14],[14,6]],[[14597,8733],[0,115]],[[14597,8848],[32,-2],[25,-5],[110,0],[0,30],[51,-2]],[[14815,8869],[0,-70],[-1,-339]],[[14594,8473],[3,188],[0,72]],[[16556,6638],[1,169],[0,95]],[[16557,6902],[57,1],[378,-4]],[[16992,6899],[4,-522]],[[16996,6377],[-109,2],[-218,2],[-74,2],[-38,-1]],[[16557,6382],[-1,256]],[[16559,7164],[0,115],[1,16],[0,130]],[[16560,7425],[119,-3]],[[16680,7422],[-1,-137],[7,-28],[0,-96],[-2,-59],[-14,-29],[-1,-41],[114,-1]],[[16783,7031],[206,-3]],[[16991,7028],[1,-129]],[[16557,6902],[2,24],[0,195],[0,43]],[[16123,6642],[217,0]],[[16340,6642],[109,0],[84,-1],[23,-3]],[[16557,6382],[-324,0],[-40,1],[-16,10],[-26,26],[-27,4]],[[16124,6423],[-1,219]],[[7197,8466],[143,2],[53,1]],[[7393,8469],[1,-79],[0,-183]],[[7394,8207],[-199,-2]],[[7195,8205],[0,83],[2,64],[0,114]],[[8706,8549],[20,4],[49,0],[1,26],[47,-1],[0,-21],[65,0],[4,2],[-1,48],[41,1],[0,-51],[109,0]],[[9041,8557],[0,-12],[109,0]],[[9150,8545],[0,-69]],[[9150,8476],[-109,-1]],[[9041,8475],[-164,-1]],[[8877,8474],[-172,0]],[[8705,8474],[1,75]],[[9369,8148],[70,0],[0,-49],[9,-4],[29,1],[0,121],[109,0]],[[9586,8217],[1,-260]],[[9587,7957],[-109,-1]],[[9478,7956],[-109,0]],[[9369,7956],[0,192]],[[8703,7430],[124,0]],[[8936,7431],[109,0]],[[9045,7431],[0,-115]],[[9045,7316],[-109,0],[-108,-1],[0,18],[-125,-1]],[[8703,7332],[0,98]],[[5225,5068],[44,0]],[[5439,5067],[1,-118],[-1,-58],[0,-71],[2,-164],[1,-113]],[[5442,4543],[-218,0]],[[5224,4543],[-1,259],[2,23],[1,168],[-1,75]],[[2710,7653],[109,68]],[[2819,7721],[0,-23],[0,-263]],[[2819,7435],[1,-130]],[[2820,7305],[-110,-1]],[[2710,7304],[0,284],[2,27],[-2,38]],[[2819,7435],[218,0]],[[3037,7435],[0,-125]],[[3037,7310],[0,-5]],[[3037,7305],[-132,-1],[-85,1]],[[3037,7305],[0,-127]],[[3037,7178],[0,-4]],[[3037,7174],[-52,0],[-166,0],[1,131]],[[2307,7590],[52,0],[86,-2]],[[2445,7588],[62,-2],[64,6],[31,8]],[[2602,7600],[1,-133],[-2,-65],[0,-98]],[[2601,7304],[-108,3]],[[2260,7441],[18,56],[29,93]],[[3037,6113],[2,-197],[-27,0],[0,-65]],[[3012,5851],[-190,0]],[[2822,5851],[-109,-2]],[[2605,5726],[94,-1],[123,1]],[[2822,5726],[1,-137]],[[2606,5587],[-1,139]],[[3980,9404],[0,54],[3,36],[181,1],[169,1]],[[4425,9409],[0,-24],[25,-2],[26,-51],[-6,-27],[16,-38],[27,-95],[15,-24],[-3,-23],[2,-38],[26,-73]],[[4553,9014],[-13,0]],[[4540,9014],[-17,0],[-17,52],[-14,-1],[-15,-8],[-9,-44]],[[4002,9269],[-1,39],[8,23],[-29,54],[0,19]],[[4342,8217],[-1,-124]],[[4341,8093],[-15,5],[-96,1],[-152,1],[-60,-2]],[[4018,8098],[0,65]],[[4341,8093],[0,-123]],[[4222,7969],[-203,-1]],[[4019,7968],[0,71]],[[4019,8039],[-1,59]],[[4873,9412],[224,1]],[[5097,9413],[1,-212]],[[5098,9201],[1,-189]],[[5099,9012],[-108,0]],[[4876,9012],[0,26],[-3,374]],[[4649,9410],[224,2]],[[4652,9013],[-1,169],[-2,228]],[[4996,8475],[221,1]],[[5217,8476],[0,-263]],[[5216,7939],[-33,8],[-164,1],[-22,-2]],[[4997,7946],[-1,50],[1,218]],[[4997,8214],[0,11],[-1,250]],[[4933,8476],[63,-1]],[[4997,8214],[-137,0]],[[4860,8214],[-1,62],[22,0],[0,-31],[18,1],[1,30],[14,0],[1,60],[-16,0],[0,61],[23,0],[0,18],[-23,-1],[-1,30],[10,13],[24,0],[1,19]],[[3908,5990],[108,1]],[[3789,5859],[-1,130]],[[4470,5735],[146,1],[163,1]],[[4779,5737],[1,-130]],[[4780,5607],[-109,-1]],[[4671,5606],[-109,-1]],[[4562,5605],[-109,-1]],[[4453,5604],[0,114],[17,17]],[[4562,5605],[1,-215],[2,-45]],[[4565,5345],[-109,-2]],[[4456,5343],[-3,261]],[[5439,5740],[64,-8],[53,-12],[42,-14],[61,-25],[0,-90],[11,-61],[3,-31],[-2,-43]],[[5671,5456],[-41,11],[-3,37],[-18,37],[-4,21],[-13,1],[-1,-21],[-26,-1],[-3,-30],[-17,-17],[-16,-4],[0,-12],[-27,7],[-12,13],[-8,27],[1,25],[5,38],[-34,8],[-15,0]],[[5439,5596],[0,28]],[[5439,5624],[1,99],[-1,17]],[[5095,9813],[0,-149]],[[5095,9664],[-18,-2],[-94,0],[1,-161],[-139,-1],[-196,-3]],[[5664,10576],[-3,-259],[-1,-130]],[[5660,10187],[-309,-2],[-130,0],[-129,2]],[[5657,9771],[-137,0],[-87,-2],[0,-104],[-107,-1],[-108,1]],[[5218,9665],[1,57],[1,160],[1,173],[220,0],[135,2],[83,0]],[[13673,6802],[27,5],[136,-1],[1,-159]],[[13837,6647],[-110,1]],[[13727,6648],[-55,0],[-1,87],[2,67]],[[13290,6910],[217,0]],[[13507,6910],[0,-115],[-4,-40],[4,-7],[0,-52],[-4,-33],[4,-22],[0,-41]],[[13183,6508],[-73,0],[-17,-2]],[[13093,6506],[-6,2]],[[3772,10056],[201,1],[92,0],[67,-1]],[[3980,9404],[-163,-1],[-43,1]],[[3774,9404],[-1,77]],[[3773,9481],[0,184],[0,130]],[[3773,9795],[0,131],[-1,130]],[[5095,9664],[1,-123]],[[5096,9541],[1,-128]],[[5671,5456],[-12,-77],[-2,-50]],[[5657,5329],[-217,-1]],[[5440,5328],[-1,268]],[[6411,8468],[211,-2]],[[6622,8466],[118,-2],[53,1],[165,-2]],[[6958,8463],[225,3]],[[7183,8466],[14,0]],[[7195,8205],[0,-163],[-20,0],[-3,-186],[-22,-2],[-38,14],[-14,3],[-50,0],[-18,-3],[-31,0],[-45,5]],[[6511,7419],[-84,0]],[[6427,7419],[1,225],[1,144],[4,69],[6,46],[10,61],[-43,-2],[1,244],[2,183],[2,79]],[[5096,9541],[21,-6],[101,0]],[[5218,9535],[35,-1],[180,1],[0,-12]],[[5433,9523],[1,-119],[-66,1],[-48,6]],[[5320,9411],[-22,4],[-34,1],[-51,-2],[0,-87]],[[5213,9327],[-16,0],[-1,30],[-28,1],[0,56],[-71,-1]],[[5322,9222],[114,2],[16,-2],[186,-1],[-2,37],[20,0]],[[5656,9258],[-1,-103]],[[5655,9155],[1,-143]],[[5323,9012],[-1,141]],[[5322,9153],[0,69]],[[5433,9523],[69,1],[154,13]],[[5656,9537],[0,-279]],[[5322,9222],[-1,128],[-1,61]],[[5217,8743],[-1,269]],[[5216,9012],[86,0]],[[5327,8476],[-110,0]],[[5217,8476],[-1,68],[1,199]],[[5837,9150],[20,67],[30,132],[12,39]],[[5899,9388],[21,-10],[-1,-20],[20,-15],[31,1],[30,15],[14,-1],[1,-36],[22,4],[28,9],[24,3]],[[6089,9338],[0,-194]],[[6089,9144],[-245,7],[-7,-1]],[[7884,6107],[42,1],[17,7],[22,21],[12,25],[44,118],[15,53],[3,39]],[[8039,6371],[117,-1],[0,-3],[112,0]],[[8268,6367],[0,-164],[-3,-38],[33,3],[55,24],[23,2]],[[8376,6194],[0,-117],[-6,-29]],[[8370,6048],[-52,24],[-25,18],[-13,17],[-8,17],[-14,-8],[6,-26],[2,-242]],[[8266,5848],[-248,-1]],[[8018,5847],[-4,93],[-13,32],[-10,8]],[[7991,5980],[-23,7],[-85,2],[-13,6],[-18,18],[24,46],[8,48]],[[10019,9005],[163,0]],[[10182,9005],[1,-16],[13,-4],[29,2],[1,-104],[-5,-13],[5,-17],[0,-38],[-6,-21],[6,-19],[0,-32]],[[10226,8743],[-113,-1],[-34,3],[-59,-1]],[[10020,8744],[-1,261]],[[4018,8491],[82,0],[117,0]],[[4217,8491],[33,-2],[92,-10]],[[4342,8479],[0,-4]],[[4342,8475],[0,-66]],[[4018,8229],[-1,216],[1,46]],[[3782,8038],[237,1]],[[4019,7968],[-118,0],[1,-181]],[[3902,7787],[-120,-1]],[[3782,7786],[1,42],[-1,139]],[[3782,7967],[0,71]],[[4342,8217],[217,-1]],[[4559,8216],[-1,-99],[0,-164]],[[3035,7784],[143,0],[27,-1],[99,1]],[[3304,7784],[0,-212]],[[3304,7572],[-197,0],[-1,78],[-70,0]],[[3036,7650],[-1,134]],[[42744,13434],[335,-4],[1,-261],[109,-2],[5,-328],[0,-54],[113,-2],[0,-131],[109,1],[0,-255],[104,2],[0,-197],[1,-70],[22,-1],[82,0],[6,-67],[0,-197],[207,2],[13,-1],[1,268],[216,6]],[[44068,12143],[-1,-61],[2,-77],[0,-128],[-4,-423],[3,-99],[-4,4],[-1,-261],[2,-524]],[[44065,10574],[-219,-4],[-219,-5],[-2,261],[-1,262],[-219,-4],[-210,-7],[-10,-4]],[[43185,11073],[0,6],[-109,0],[-104,-1],[-7,4],[-111,-5],[-109,-2]],[[42745,11075],[1,262],[0,875],[-2,791],[1,398],[-1,33]],[[12782,14355],[-3,33],[20,4],[50,-17],[41,-12],[19,-10],[53,-14],[53,25],[13,-3],[20,-33],[2,-22],[-15,-20],[-12,-28],[0,-9],[13,-27],[20,-20],[23,-18],[25,-14],[8,-13],[0,-25],[-24,-70],[6,-22],[56,-22],[35,-8],[9,-13],[6,-30],[17,-34],[0,-47],[21,-10],[76,-16],[17,-18]],[[13331,13842],[-2,-34],[3,-28],[-9,-20],[-26,-27],[1,-11],[17,-11],[29,0],[4,-7],[1,-27],[-23,-22],[11,-20],[-1,-23],[-17,-15],[-9,-16],[4,-16],[-8,-25],[16,-45]],[[13322,13495],[-35,-39],[-20,-17],[-9,-33],[-11,-7],[-21,4],[-29,-6],[-31,-2],[-49,12],[-31,-8],[-56,-6],[-18,-8],[-31,0],[-53,-7],[-12,-4],[-23,-28],[-31,21],[-34,-17],[-12,-14]],[[12816,13336],[3,13],[-8,16],[2,11],[-9,18],[5,35],[-9,36],[-14,19],[-2,12],[6,18],[15,21],[-11,45],[-6,7],[-41,29],[-17,16],[-27,21],[-8,16],[10,64],[-5,42],[-13,30],[-4,43],[-6,14],[4,13],[26,13],[46,31],[16,23],[11,3],[36,-4],[25,-8],[9,22],[30,28],[-5,11],[-24,1],[-13,23],[-5,22],[-22,1],[3,25],[-24,25],[7,19],[4,34],[-19,-9],[-7,16],[-38,-6],[-4,11],[1,24],[15,10],[6,14],[20,13],[16,28],[11,-24],[20,-1],[9,-22],[18,-21],[14,-31],[-1,39],[-14,32],[-7,37],[-12,24],[-2,34],[-9,33],[-18,14],[-18,-4]],[[12102,9869],[18,8],[41,9],[187,0]],[[12348,9886],[0,-24],[59,0],[9,-2],[0,-79],[-73,0],[0,-81]],[[12343,9700],[-180,1]],[[12163,9701],[-5,28],[-30,71],[-26,69]],[[13754,12851],[15,0],[26,-8],[24,-3],[25,5],[38,-12],[12,-18],[7,-39],[17,-28],[13,-10],[36,0],[26,-7],[31,-17],[25,-8],[18,4],[9,23],[-7,14],[-20,12],[-16,23],[-20,20],[-10,26],[6,14],[27,24],[21,6],[19,11],[32,28],[15,4],[42,-4],[54,-10],[33,-23],[29,-5],[16,7],[10,11],[119,1],[-3,-33],[6,-4],[21,8],[18,0],[20,-8],[30,11],[13,23],[-6,17],[48,-6],[11,0],[40,23],[11,13]],[[14635,12936],[11,8],[15,-4],[27,-38],[29,-21],[12,1],[23,23],[13,9],[33,11],[26,26],[11,8],[31,9],[24,13],[21,16],[12,2],[24,-4],[22,-8],[30,-16],[32,-13],[20,7],[23,21],[18,24],[19,35],[13,8]],[[15124,13053],[32,-7],[13,2],[24,14],[33,-1],[35,5],[25,24],[12,4]],[[15298,13094],[12,-3],[17,-18],[11,-22],[19,-10],[13,-15],[22,-1],[23,15],[20,16],[56,38],[37,11],[25,-2],[31,-11],[25,-17],[48,-9],[27,-21],[21,-4],[18,-8],[60,-43],[27,-29],[16,-9],[18,2],[15,-4],[9,-8],[12,-27]],[[15880,12915],[6,-18],[8,-83],[5,-9],[38,-22],[-3,-20],[-18,-2],[-3,-17],[11,-81],[5,-51],[0,-52],[-7,-43],[-12,-36],[-53,-104],[-8,-29],[-5,-48],[-1,-29],[-15,-21],[-8,-24],[-1,-58],[-31,-34],[-26,-21],[-5,-10],[2,-42],[-1,-124],[3,-85],[1,-50],[-2,-41],[-18,-39],[-33,-53],[-40,-84],[-35,-62],[-4,-16],[6,-35],[9,-22],[21,-30],[-4,-14],[-22,-4],[-16,-15],[-9,-23],[-14,-12],[-5,-13]],[[15596,11339],[-23,-6],[-58,-41],[-38,-36],[-23,-35],[-14,-34],[-12,-46],[-25,-115],[-2,-26],[3,-23],[9,-26],[42,-55],[34,-52],[11,-26],[-1,-37],[-9,-29],[-27,-66],[-2,-23],[11,-21],[18,-21],[6,-20],[-3,-13],[-21,-32],[-8,-32],[-14,-25],[-8,-22],[3,-32],[14,-31],[0,-15],[-7,-14],[-25,-18],[-14,-41],[3,-25],[16,-23],[5,-16],[-8,-26],[-47,-38],[-11,-13],[-46,-63],[-17,-32],[-7,-53]],[[15301,10037],[-49,4],[-1,-128],[-197,-2]],[[15054,9911],[-20,0],[1,129],[-108,1],[-1,-172],[-23,11],[-15,19],[-20,18],[-22,-6],[-28,2],[-1,-59],[-47,10]],[[14770,9864],[-18,20],[-30,13],[-11,-16],[0,34],[-111,2],[-33,-1],[0,28],[-11,7],[-12,19],[-20,2],[-16,9],[-4,15],[-18,2],[-19,-5],[-25,30],[-21,8],[-14,0],[12,-55],[-35,0],[1,-58]],[[14385,9918],[-31,-1]],[[14354,9917],[-20,0],[14,100],[-23,0],[-16,-4],[-38,2]],[[14271,10015],[-1,100],[-36,0],[0,34],[-11,8],[0,148],[158,-2],[0,263],[-97,2],[-6,-27],[-18,-47],[-23,-38],[-19,-38],[-32,-44],[-25,-16],[-51,-18],[-17,-24],[-150,7]],[[13943,10323],[-9,4],[-52,72],[-57,56],[-53,44],[-44,41],[-14,2],[-12,11],[-57,-1],[-1,20],[-28,0]],[[13616,10572],[1,48],[-2,23],[-25,18],[-74,43],[-7,-2],[-15,-25],[-13,2],[-5,17],[11,11],[3,13],[-129,73],[-284,165]],[[13077,10958],[15,24],[18,13],[14,6],[77,15],[25,11],[23,18],[15,24],[5,19],[-6,33],[-10,16],[-42,48],[-20,18],[1,21],[-4,49],[0,20],[-15,60],[12,33],[12,22],[6,20],[-1,57],[-9,35],[-5,43],[56,28],[54,19],[17,17],[11,76],[15,40],[25,36],[30,34],[30,40],[14,29],[6,75],[-12,41],[-5,38],[2,76],[14,56],[8,16],[-2,42],[-29,20],[-26,28],[-10,22],[-32,107],[-5,34],[1,31],[19,62],[1,15],[-26,42],[-9,27],[-5,54]],[[79600,34914],[8,-29],[47,-141],[21,-45],[30,-40],[27,-29],[45,-32]],[[79778,34598],[1,-59],[-5,-24],[-7,-11],[-19,-11],[-80,-37],[-22,-6],[-156,1],[-38,1],[-50,-13],[-164,0],[1,59],[2,11],[25,58],[13,49],[12,0],[-1,75],[7,4],[154,-2],[12,31],[1,111],[67,0],[0,23],[30,0],[5,17],[34,39]],[[21988,17314],[98,-11],[71,-6],[174,-13],[468,0],[52,-6],[64,5],[215,1],[49,3],[417,1],[220,-8],[35,0]],[[23851,17280],[17,-58],[0,-51],[5,-22],[15,-8],[26,1],[9,-8],[6,-19],[28,-42],[4,-16],[-1,-48],[6,-22],[35,-62],[18,-58],[5,-28],[8,-19],[40,-58],[20,0],[38,22],[13,1],[8,-10],[7,-26],[7,-47],[9,-14],[33,-19],[14,-16],[18,-9],[22,-18],[19,5],[8,-8],[-30,-28],[-1,-17],[11,-3],[-7,-17],[16,-18],[14,-26],[11,-14],[20,-47],[41,-45],[23,-1],[42,-27],[33,-27],[80,-108],[15,-22],[10,-24],[22,-73],[4,-40],[18,-20],[17,-11],[53,-25],[47,-35],[27,-30],[90,-204],[49,-106],[14,-34],[1,-18],[-3,-24],[25,-31],[11,-19],[15,-51],[-22,-34],[10,-11],[41,7],[5,-7],[7,-47],[-16,-27],[5,-31],[17,-17],[16,-6],[26,-23],[9,-13],[-1,-22],[-4,-8],[-23,-15],[-42,-16],[-27,2],[-30,0],[-3,-12],[26,-17],[7,-38],[-2,-24],[-15,-34],[-42,-26],[-32,-5],[-51,-15],[-11,7],[-51,64],[-50,70],[-26,21],[-25,6],[-57,-17],[-31,-14],[-12,-10],[-24,-27],[-9,-16],[-8,-33],[-21,-41],[-2,-14],[17,-25],[6,-15],[20,-67],[5,-22],[20,-47],[24,-31],[21,-23],[33,-49],[12,-22],[5,-21],[11,-62],[2,-44],[-4,-18],[-12,-32],[-26,-21],[-21,-3],[-36,4],[-12,-4],[-23,-28],[-13,-39],[-10,-14],[-16,-7]],[[24491,14445],[-24,-4],[-57,-4],[-20,1],[-39,14],[-34,4],[-37,15],[-30,7],[-38,14],[-37,11],[-34,4],[-25,-6],[-103,-59]],[[24013,14442],[-83,-37],[-46,-16],[-38,-26],[-73,-61],[-46,-34],[-71,-60],[-23,-13],[-32,4],[-20,8],[-35,3],[-78,-17],[-25,-8],[-54,-6],[-24,0],[-1,-15]],[[23364,14164],[-151,-2],[-12,-7],[-5,-26],[-17,-20],[-27,-13],[-30,4],[-15,5],[-20,15],[-13,1],[-23,-10],[-26,-28],[-12,-23],[-19,-22],[-15,-10]],[[22979,14028],[-22,-24],[-53,-6],[-38,9],[-32,20],[-14,22],[-34,14],[-23,16],[-11,14],[-22,1],[-7,-11],[-40,-15],[-30,2],[-36,13],[-30,-14],[-36,-25],[-16,-16],[-14,-26],[-16,-6],[-76,-5],[-23,1],[-16,12],[-31,4],[-8,-12],[-33,-27],[-34,-5],[-14,-8],[-20,7],[-16,-3],[-38,14],[-14,15],[-23,-1],[-34,11],[-39,-2],[-15,-12],[-4,15],[-9,5],[-65,0],[0,-75],[-8,0],[-13,70],[-49,8],[-40,32],[10,29],[13,26],[39,34],[11,25],[12,39],[-10,-5],[-16,-20],[-5,-20],[-12,-4],[-23,3],[-12,17],[5,27],[-3,15],[-12,5],[-20,-25],[-13,10],[1,12],[27,47],[15,54],[12,21],[1,26],[7,19],[-3,14],[17,19],[-4,26],[3,14],[-6,31],[-1,23],[8,11],[21,-4],[19,27],[12,49],[-3,31],[11,9],[-3,13],[24,22],[17,40],[28,33],[23,12],[29,11],[19,20],[16,8],[-9,12],[-19,2],[-5,10],[12,19],[-30,15],[-18,1],[8,61],[31,31],[5,11],[12,51],[5,47],[13,31],[108,156],[11,25],[4,26],[3,317],[-33,10],[-137,17],[-16,6],[-4,35],[-82,34],[-50,1],[-37,18],[-38,13],[-18,19],[-6,14],[-26,19],[-19,23],[-17,32],[-6,25],[-12,17],[-19,0],[-12,5],[-6,14],[4,35],[-4,25],[-1,41],[9,53],[-15,21],[-6,29],[0,21],[5,29],[0,24],[11,11],[3,30],[5,15],[15,22],[67,11],[5,14],[12,1],[14,23],[0,17],[24,12],[28,18],[56,32],[16,13],[20,1],[2,30],[6,16],[14,5],[35,3],[8,24],[50,4],[10,32],[11,14],[25,20],[5,18],[-16,0],[1,17],[-12,8],[-32,34],[-28,25],[-19,12],[-48,18],[-4,8],[19,29],[42,26],[9,-4],[22,9],[13,-9],[14,5],[22,-6],[27,6],[9,8],[22,5],[6,29],[29,11],[-6,17],[11,10],[0,19],[-27,4],[-32,-8],[-5,14],[17,17],[-14,7],[-13,-1],[-28,11],[-15,2],[-29,18],[-2,15],[25,6],[13,8],[1,34],[15,6],[26,-4],[8,6],[-4,36],[-17,-12],[-7,2],[-16,49],[-26,36],[-5,15],[-1,31],[9,48],[-3,17],[-26,-48],[-7,-23],[-8,-9],[-57,-4],[-9,-6],[-34,-7],[-4,14],[11,15],[-3,44],[0,58],[8,39],[2,42]],[[1411,5365],[32,-34],[18,-23]],[[1461,5308],[-25,-17],[-14,-25],[-6,-18],[-16,11]],[[1400,5259],[-26,34],[-13,6],[-22,-7],[-20,2],[-42,-21],[-32,-2],[-16,-8],[-3,-10],[2,-24],[-9,-18],[-36,-15],[-13,-12],[-34,-17],[-12,-16]],[[1124,5151],[-33,24],[-23,8],[-33,2],[-31,-11],[-38,-24],[-24,-7],[-59,-11],[-2,-2]],[[881,5130],[-11,209],[0,138],[1,10],[205,-46],[34,-4],[68,-16],[25,-7],[65,-14],[11,-4],[132,-31]],[[3304,7442],[235,1]],[[3539,7443],[1,-131]],[[3540,7312],[-235,-1]],[[3305,7311],[-1,131]],[[11162,8288],[57,1],[-1,193]],[[11218,8482],[109,0]],[[11327,8482],[0,-193]],[[11327,8289],[0,-67]],[[11327,8222],[-165,0]],[[11162,8222],[0,66]],[[9802,12742],[27,-22],[35,-22],[109,-52],[15,-8],[34,-26],[21,-21],[34,-38]],[[10077,12553],[69,-77],[109,-123],[45,-50],[148,-166],[14,-17],[208,-232],[74,-85],[147,-164],[48,-50],[10,-13],[60,-61]],[[11009,11515],[55,-56],[221,-220],[29,-31],[30,-40]],[[11344,11168],[18,-28],[51,-87]],[[11413,11053],[-20,-16],[-51,-37],[-60,-46],[-32,-45]],[[11250,10909],[-103,-138],[-144,-192]],[[11003,10579],[-70,-94],[35,-164],[11,-46],[40,-120],[14,-36],[22,-40],[217,-300],[42,-55],[82,-104]],[[11396,9620],[0,-87]],[[11396,9533],[-53,0]],[[10858,9538],[16,34],[18,10],[-3,27],[-23,0],[1,35],[-6,19],[-20,28],[-46,41],[-9,11],[-10,26],[-44,39],[-36,50],[-18,24],[-6,13],[10,11],[-17,14],[-8,15],[-14,-5],[-23,11],[-42,26],[-24,10],[-53,47],[-30,12],[-38,31],[-38,3],[-12,6],[-10,-25],[-28,-46]],[[10345,10005],[-131,117],[-86,71],[-60,54]],[[10068,10247],[-73,64],[-190,171]],[[9805,10482],[-172,153]],[[9633,10635],[-318,281],[-65,58]],[[9250,10974],[-111,99],[-2,59],[-9,35]],[[17453,5829],[26,17],[25,11],[19,3],[120,0]],[[17643,5860],[1,-129],[-1,-261],[0,-98],[5,-27],[-4,-12]],[[17644,5333],[-38,-43],[-11,-10]],[[17595,5280],[-168,152]],[[17427,5432],[10,70],[16,43],[0,284]],[[9040,8737],[109,1]],[[9149,8738],[0,-98]],[[9149,8640],[1,-95]],[[9041,8557],[-1,180]],[[3037,6654],[273,1]],[[3310,6655],[2,-245]],[[3312,6410],[-93,-9],[-47,-7],[-33,-1],[-77,-6],[-23,-5]],[[3039,6382],[-1,171],[-54,0],[0,63],[54,0],[-1,38]],[[11762,9538],[101,-1],[35,1],[78,-2]],[[11976,9536],[0,-263]],[[11976,9273],[0,-5]],[[11976,9268],[-47,1],[-16,-2],[-35,-12],[-24,3],[-33,11],[-59,0]],[[11762,9269],[0,269]],[[11763,10804],[0,75]],[[11763,10879],[35,-2],[39,-27],[-9,-27],[0,-15],[56,0],[26,-8],[-27,-60],[-6,-35],[24,-8],[25,-1],[27,-13],[11,0],[43,27],[24,4],[50,-23],[31,-3]],[[12004,10412],[-22,-13],[-11,-13],[-7,-22],[3,-20],[7,-14],[19,-25],[5,-16],[-2,-47],[10,-31],[11,-22],[21,-54],[9,-40],[8,-70]],[[12055,10025],[8,-57],[32,-78],[7,-21]],[[12163,9701],[-16,-6],[-18,-14]],[[12129,9681],[-19,50],[-51,114]],[[12059,9845],[-35,82],[-59,143],[-17,46],[-55,129],[-30,60],[-73,121],[-19,28],[-61,104]],[[11710,10558],[20,66],[4,30],[11,3],[13,20],[5,16],[0,111]],[[8704,8047],[121,5],[0,36]],[[8825,8088],[218,1]],[[9043,8089],[0,-136]],[[9043,7953],[-109,1]],[[8934,7954],[-229,-1]],[[8705,7953],[-1,62]],[[8704,8015],[0,32]],[[2857,5329],[87,0],[99,1]],[[3043,5330],[2,-193],[0,-63]],[[2857,5072],[2,63],[-2,131],[0,63]],[[12798,9762],[112,0]],[[12910,9762],[-1,-232]],[[12909,9530],[-112,1]],[[12797,9531],[0,167],[1,64]],[[34000,12111],[105,0],[118,-4],[221,2]],[[34444,12109],[322,1],[114,0],[22,1],[194,0],[23,3],[140,-1],[62,-3],[0,-104],[-56,1],[0,-30],[56,5],[0,-139],[-1,-261],[-1,-197],[-1,-326],[0,-222],[1,-103],[-1,-196]],[[35318,10538],[-218,1]],[[35100,10539],[-193,2],[-44,7],[-45,1],[-387,0]],[[34431,10549],[-28,129],[-16,70],[-16,119],[-11,46],[-130,362],[-37,78],[-17,29],[-50,68],[-111,146],[-40,50]],[[33975,11646],[-31,35],[-60,64],[-18,23],[-11,27],[-4,20],[0,26],[10,32],[16,25],[68,86],[17,26],[20,41],[18,60]],[[3041,5590],[326,4]],[[3367,5594],[1,-262]],[[3151,5331],[-108,-1]],[[3043,5330],[-1,26],[-1,234]],[[19055,5358],[1,241]],[[19056,5599],[108,0]],[[19164,5599],[110,1]],[[19274,5600],[-1,-298],[-1,-94],[-217,0]],[[19055,5208],[0,150]],[[9045,7431],[108,1]],[[9153,7432],[1,-178],[-1,-82]],[[9153,7172],[-107,0],[-1,144]],[[8934,7954],[1,-129]],[[8826,7824],[-54,0],[-1,67],[-67,-76]],[[8704,7815],[1,138]],[[17959,37378],[23,-9],[70,-20],[43,-20],[152,-57],[40,-6],[86,3],[34,7],[41,12],[34,14],[73,47],[18,4],[41,0],[39,-3],[27,-11],[41,-25],[49,-13],[22,-1],[68,16],[79,10],[21,6],[18,9],[23,21],[28,38],[23,28],[31,28],[37,25],[24,12],[45,10],[29,5],[79,8],[55,12],[47,6],[29,1],[1,72]],[[19429,37607],[197,1],[57,8],[31,-1],[35,21],[23,7],[73,13],[36,2],[50,-3],[43,-9],[112,-35],[62,-23],[62,-30],[216,-101],[78,-37],[53,-22],[73,-23],[223,-72],[-20,-7],[-39,5],[-33,-1],[-21,-5],[-41,-15],[-187,-83],[-53,-33],[-41,-34],[-49,-53],[-220,-230]],[[20149,36847],[-4,6],[-24,90],[-29,189],[-15,93],[-14,53],[-33,33],[-66,27],[-41,10],[-20,16],[-40,-39],[-20,-7],[-60,-40],[-42,-40],[-23,-11],[-81,-24],[-9,-8],[-54,-7],[-48,9],[-56,33]],[[19470,37230],[-32,24],[-55,32],[-76,5],[-85,-31],[-122,-87],[-26,-13],[-201,-59],[-254,-75],[-323,-103],[-188,29],[-316,107],[-96,-48]],[[17696,37011],[-1,120],[-3,35],[-21,107],[-11,42],[-24,55],[-22,33],[-23,25],[-37,31],[-26,14],[289,-91],[140,-45],[2,41]],[[20037,40008],[21,17],[54,35],[345,215],[66,43],[35,19],[53,15],[837,187],[160,35],[8,-8],[16,-56],[45,-126],[16,-51],[8,-33],[6,-2],[0,-51],[5,-53],[47,-318],[9,-44],[19,-43],[301,-487],[14,-29],[40,-97],[17,-41],[8,-33],[3,-26],[7,-214],[14,-230],[6,-85],[25,-361],[30,-443],[6,-115],[-1,-26],[-8,-38],[-18,-45],[20,-17],[11,-24],[26,-212],[28,-211],[3,-14],[241,-4],[60,8],[149,30],[83,15],[1,-47],[-4,-175],[-1,-147],[-6,-422],[-10,-44]],[[22832,36255],[-25,-61],[-5,-24],[-1,-33],[3,-36],[21,-182],[-22,-13],[-67,-15],[-210,-11],[-223,2],[-235,50],[-130,54],[-111,135],[-107,64],[-89,43]],[[21631,36228],[1,98],[-1,99],[-246,0],[-350,-4],[-128,-1]],[[20907,36420],[-161,0],[2,132],[-221,0],[0,8],[-185,70],[-38,13],[-23,20],[-132,184]],[[19429,37607],[0,49],[-4,19],[-13,24],[-35,56],[-16,35],[-4,27],[-2,32],[-23,417],[-22,380],[-6,104],[2,23],[14,36],[18,19],[132,81],[15,18],[54,94],[12,29],[15,64],[34,116],[5,27],[13,97],[9,56],[10,28],[11,20],[120,171],[150,216],[99,140],[20,23]],[[15497,21339],[0,214],[-1,44]],[[15496,21597],[84,0],[190,2],[327,5],[112,2],[567,8],[21,4],[29,9],[31,19],[41,30]],[[16898,21676],[20,-13],[74,-37],[37,-10],[20,-2],[242,-2],[163,-1],[156,-1],[40,-7],[27,-12],[22,-15],[19,-18],[136,-161],[72,-84],[9,-10],[107,-93],[93,-82],[130,-113],[60,-47],[9,-5],[236,-75],[138,-44],[43,-11]],[[18751,20833],[110,2],[329,7]],[[19190,20842],[1,-261]],[[19191,20581],[-164,-2],[-34,1],[-240,-4],[-225,-1],[-469,-3],[-88,-2],[-78,1],[-17,-2],[-110,0],[-167,-2],[-82,0],[-91,2],[-196,0],[-219,2],[-10,-2],[-409,1]],[[16592,20570],[-56,-2],[-167,-5],[-109,1],[-171,0],[-209,-2],[-54,-2],[-109,0],[-220,-3]],[[15497,20557],[-1,261]],[[15496,20818],[1,63],[-1,67],[1,92],[-1,37]],[[15496,21077],[-1,24],[3,88],[-1,20],[0,130]],[[1238,4238],[-33,-30],[-15,-17]],[[1190,4191],[-72,58],[-16,5],[-27,0],[-13,-11],[-16,-34],[-44,8],[-21,-1],[-16,7],[-22,23],[-13,5],[-27,-12],[-9,-19],[-4,-30],[-12,-12],[-21,-11],[-20,-28],[-21,-13],[-33,-11],[-16,-15]],[[767,4100],[-3,-10],[3,-34],[11,-19],[2,-24],[6,-17],[0,-21],[-6,-13],[-12,-9],[-30,-12],[-12,-15],[-16,23],[-17,8],[-37,34]],[[4780,5607],[0,-96],[2,-164]],[[4782,5347],[-109,-1]],[[4673,5346],[-2,260]],[[23252,36006],[82,141],[83,142],[10,-22],[148,-17],[176,11],[81,14],[147,-14],[80,9],[53,-23],[9,-19],[10,8],[24,0],[26,8],[72,51],[27,14],[23,8],[38,7],[55,28],[118,111],[52,120],[41,52],[128,37],[80,37],[154,70],[275,28],[99,57],[18,6],[26,3],[32,-12],[143,33],[124,-20],[26,-13],[76,197],[14,14],[64,161],[47,114],[88,210],[-38,24]],[[25963,37581],[8,13],[26,67],[81,86],[82,102],[82,80],[-5,-25],[4,-20],[120,120],[76,73],[123,122],[52,52],[161,157],[69,70],[263,259],[110,107],[170,169],[54,52],[152,151],[142,140],[135,132],[186,183]],[[28054,39671],[6,-6],[292,-11],[93,0],[14,-8],[-1,-192],[-1,-192],[-1,-132],[2,-88],[8,-25],[9,-13],[39,-65],[2,-14],[22,-39],[10,-12],[26,-1],[91,2],[221,5],[-1,-76],[-3,-10],[-1,-157],[-2,-17],[1,-55],[1,-9],[-2,-196],[1,-150],[1,-351]],[[28881,37859],[-44,-22],[-32,-10],[-32,-1],[-20,-5],[-53,-27],[-26,-11],[-19,-3],[-111,29],[-1,5],[-31,-35],[-19,-14],[-16,-7],[-76,-13],[-46,6],[-26,9],[-75,-12],[-121,12],[-112,8],[-64,-11],[-29,-7],[-35,-20],[-32,-11],[-23,-4],[-65,5],[-19,-3],[-27,-10],[-66,-15],[-18,-8],[-33,-21],[-37,-16],[-73,-5],[-29,-9],[-21,-14],[-14,-18],[-8,-23],[-6,-42],[-17,-28],[-34,-20],[-27,-25],[-91,-116],[-35,-48],[-53,-46],[-32,-18],[-9,-10],[-2,-72],[-5,-38],[1,-22],[6,-19],[2,-30],[0,-171],[0,-152],[0,-130],[-1,-326],[0,-123],[-2,-380],[1,-57],[-1,-340],[-3,-97],[2,-109],[-2,-179],[1,-77],[0,-163],[-1,-11]],[[27120,34729],[-480,106],[-648,146],[-288,64],[-513,113],[-465,104],[-232,51],[-697,154],[-436,96]],[[23361,35563],[-1,11],[-151,33],[-35,9],[-64,23],[-74,19],[26,26],[55,94],[45,76],[90,152]],[[11573,21559],[219,3]],[[11792,21562],[110,1]],[[11902,21563],[110,1],[224,3]],[[12236,21567],[-5,-65],[1,-196]],[[12232,21306],[-437,-3],[-220,-4]],[[11575,21299],[-2,260]],[[11000,9007],[0,-143]],[[3690,6839],[27,1],[128,0]],[[3845,6840],[2,-193],[-1,-28]],[[3846,6619],[-60,-1]],[[3786,6618],[-68,0]],[[3718,6618],[0,29],[-30,-1],[0,155],[2,38]],[[3037,7178],[33,2],[153,0],[0,-130]],[[3223,7050],[-35,-1]],[[3188,7049],[-151,-1]],[[3037,7048],[0,126]],[[15309,40403],[343,26],[326,-7],[29,-3],[120,94],[140,109],[80,58],[27,22],[13,16],[17,7],[102,76],[49,40],[37,27],[27,17],[14,12],[38,44],[33,29],[22,30],[22,4],[12,-3],[7,8],[41,15],[42,9],[20,0],[22,9],[4,9],[8,40],[-5,12],[2,23],[-18,110],[2,16],[36,30],[24,32],[18,34],[45,33],[18,25],[37,33],[71,57],[33,30],[11,24],[13,17],[25,47],[36,57],[47,90],[19,17],[9,-5],[27,-25],[42,-51],[29,-38],[50,-55],[27,-42],[26,-34],[12,-5],[64,-51],[113,-92],[36,-32],[32,-25],[82,-66],[14,-14],[60,-49],[72,-62],[54,-40],[110,4],[140,-1],[39,4],[78,5],[44,5],[117,-8],[64,-8],[29,1],[49,5],[61,-16],[19,-16],[73,-71],[110,-110],[90,-70],[53,-75],[18,-16],[53,-31],[64,-51],[112,-95],[56,-44],[181,-149],[177,-150],[62,-50],[136,-105],[13,-11],[22,-31]],[[17959,37378],[-29,12],[-105,49],[-32,28],[-14,25],[-17,48],[-22,32],[-11,12],[-85,79],[-89,85],[-33,27],[-14,6],[-28,7],[-157,0],[-110,-1],[-141,6]],[[17072,37793],[-1,127],[1,127],[4,119],[-1,44],[-7,35],[2,34],[-2,35],[-184,1],[-85,-1],[-49,-2],[-10,-3],[-25,8],[-90,-4],[-5,21],[-53,51],[-14,46],[-14,17],[-24,4],[-12,10],[-35,55],[-26,44],[-15,35],[-15,51],[-45,129],[-20,40],[-16,46],[-8,37],[-12,89],[-11,52],[-47,82],[-29,37],[-13,25],[-41,45],[-10,26],[10,20],[3,45],[9,39],[19,30],[-7,63],[4,63],[-1,38],[-8,28],[1,36],[-3,13],[3,15],[2,228],[-1,18],[3,76],[-29,4],[-29,-24],[-18,-20],[-46,-37],[-60,0],[-5,17],[-31,13],[-36,29],[-34,7],[-12,7],[-35,37],[-14,17],[-21,42],[-16,25],[-34,17],[-20,28],[-28,14],[-29,21],[-27,50],[-21,20],[-11,5],[-44,37],[-39,27],[-30,9],[-116,19],[0,9],[-58,35],[-42,28]],[[9636,69200],[2,-266],[-112,1],[0,-514],[7,-2],[45,11],[26,0],[34,8],[18,6],[41,9],[28,-1],[42,-19],[20,-3],[30,-10],[28,-15],[18,-39],[9,-7],[39,11],[18,2],[15,7],[30,8],[13,-6],[8,-19],[15,-13],[18,-20],[32,-22],[25,-5],[28,-23],[30,-3],[28,-8],[7,3],[47,-8],[21,-17],[7,-11],[16,-11],[17,-2],[15,-10],[16,-1],[27,-10],[11,-11],[27,-6],[14,7],[32,26],[13,27],[9,37],[1,49],[11,44],[15,33],[5,-31],[29,2],[1,36],[90,2],[194,-1],[48,-1],[67,267],[19,71],[10,23],[43,71],[33,58],[73,146],[61,122],[8,16]],[[11158,69188],[514,1],[728,-3],[400,-1],[84,-1],[877,-4],[352,8],[669,-1],[257,2],[771,6],[524,4],[549,5],[197,-15],[775,2],[433,1],[691,2],[797,2],[237,1],[82,-1],[420,4],[553,-5],[560,0]],[[21628,69195],[-8,-447],[-11,-670],[-19,-1146],[-278,-3],[-136,-1],[-210,-5],[-197,1],[0,-306],[-114,0],[1,-255],[112,-1],[646,-5],[1,-236],[337,1],[130,1],[1,-52],[7,-362],[7,-365],[-2,-127],[-1,-134],[-1,-865],[-5,-319],[-1,-168],[-3,-112],[0,-101],[-7,-413]],[[21877,63105],[-5,-40],[1,-442],[2,-812],[-8,-1035],[0,-221],[-2,-328],[3,-378],[-1,-74],[-8,-777],[-1,-954],[0,-408],[0,-904],[0,-824],[-1,-256],[-8,-1398],[-2,-176],[-10,-903],[0,-695],[14,-478]],[[21851,52002],[0,-13],[0,-393],[0,-95],[-2,-337],[-3,-43],[4,-55],[-2,-466],[-1,-97],[0,-110],[-443,-7],[-982,-14],[-47,2],[-111,2],[-25,-10],[-14,1],[-21,8],[-246,6],[-198,0],[-17,6],[-49,-2],[-98,2],[-157,0],[-160,-8],[-147,10],[-505,4],[-200,-1],[-103,3],[-90,1],[-219,5],[-65,-3]],[[17950,50398],[-87,0],[-342,-2],[-4,-3],[-214,5],[-420,-3],[-273,1],[-970,1],[-353,0],[-588,1],[-305,-13],[-484,-2],[-55,0],[-92,20],[-272,5],[1,612],[2,483],[0,1356],[-1,185],[1,25],[0,575],[-1,434],[-5,405],[2,280],[-235,-27],[-602,-83],[-4,-4],[-211,-28],[-27,-2],[-38,2],[-54,-5],[-59,-8],[-15,-5],[-54,-27],[-9,-21],[0,-28],[-31,-52],[-47,-53],[-37,-37],[-79,-84],[-37,-35],[-23,-30],[-39,-37],[-42,-33],[-66,-66],[-15,-22],[-23,-23],[-15,-35],[-39,-18],[-16,-14],[-23,-30],[-29,-25],[-26,-29],[-41,-31],[-16,-21],[-11,-39],[-11,-21],[5,-43],[-1,-17],[-8,-22],[-31,-61],[-18,-44],[-15,-50],[-29,-59],[-22,-22],[-9,-17],[-13,-6],[-34,4],[-64,-14],[-63,-34],[-15,-4],[-41,-32],[-37,-23],[-54,-30],[-43,-33],[-25,-16],[-22,-18],[-30,-18],[-48,-36],[-28,-11],[-54,-29],[-37,-13],[-43,-23],[-21,-16],[-32,-16],[-50,-28],[-24,-10],[-63,-35],[-34,-23],[-11,-12],[-31,-42],[-23,-23],[-8,-12],[-30,-29],[-33,-35],[-85,-81],[-52,-54],[-26,-20],[-56,-51],[-42,-31],[-43,-35],[-18,-12],[-52,-42],[-74,-55],[-58,-34],[-68,-45],[-23,-14],[-106,-67],[-34,-15],[-34,-20],[-27,-11],[-27,-20],[-26,-13],[-38,-25],[-73,-42],[-76,-42],[-65,-31],[-18,-13],[-59,-32],[-81,-47],[-53,-36],[-38,-12],[-60,-37],[-31,-24],[-25,-14],[-55,-23],[-12,0],[-49,19],[-60,8],[-16,-1],[-23,-28],[-37,-75],[-14,-16],[-49,-19],[-58,-27],[-94,-52],[-78,-37],[-192,-104],[-48,-24],[-112,-51],[-61,-35],[-35,-25],[-67,-44],[-37,-20],[-20,-3],[-57,-28],[-55,-30],[-69,-31],[-50,-30],[-44,-22],[-74,-42],[-133,-66],[-31,-14],[-30,-18],[-64,-33],[-34,-20],[-40,-19],[-68,-35],[-55,-26],[-137,-80],[-32,-15],[-60,-36],[-60,-32],[-181,-106],[-44,-23],[-37,-26],[-38,-23],[-61,-22],[-15,-13],[-35,-49],[-11,-7],[-18,-1],[-42,-19],[-40,-9],[-58,-23],[-35,-20],[-98,-63],[-23,-11],[-25,-19],[-35,-20],[-26,-19],[-57,-33],[-18,-15],[-23,-9],[-63,-44],[-31,-19],[-29,-22],[-54,-25],[-29,-16],[-80,-41],[-89,-45],[-47,-17],[-74,-35],[-50,-22],[-33,-8],[-123,-46],[-55,-27],[-25,-9],[-58,-27],[-52,-27],[-70,-33],[-47,-19],[-86,-41],[-60,-32],[-56,-28],[-72,-37],[-33,-18],[-39,-19],[-64,-34],[-53,-21],[-26,1]],[[4281,49490],[-5,94],[-1,334],[-4,1058],[1,743],[1,302],[-2,527],[1,125],[0,297],[5,632],[-11,525],[-7,514],[-9,271],[-7,267],[28,482],[2,21],[-8,72],[-20,177],[-33,289],[3,452],[-1,155],[86,0],[13,530],[-16,530],[0,537],[5,537],[2,542],[0,268],[0,245],[-1,517],[0,351],[-113,0],[2,240],[2,13],[0,123],[-3,148],[2,67],[-6,190],[1,28],[-2,150],[-1,107],[2,112],[3,0],[7,227],[0,38],[2,135],[-2,7],[-1,117],[0,393],[1,232],[-1,279],[1,533],[204,-1],[76,3],[164,0],[0,1045],[-156,1],[-358,1],[-71,0],[-304,1],[0,538],[1,508],[444,-1],[-2,527],[-1,428],[0,627],[1,528],[2,373],[1,661],[32,-1],[970,-20],[511,-11],[391,-8],[392,-12],[1032,-4],[279,8],[439,-1],[675,-3],[717,-10]],[[10821,20509],[286,525]],[[11107,21034],[80,-1],[190,1],[199,3]],[[11576,21037],[2,-263]],[[11578,20774],[-200,-1],[0,-48],[-2,-55],[0,-159],[-111,2]],[[11265,20513],[-108,-2]],[[11157,20511],[-23,-1],[-89,0],[-133,-4],[-83,2],[-8,1]],[[13068,9004],[154,0]],[[13222,9004],[0,-101],[-23,3],[-131,1]],[[13068,8907],[0,97]],[[15074,35691],[7,24],[9,15],[101,127],[68,88],[38,56],[11,25],[2,22],[0,173],[0,515],[0,267],[-2,219],[0,463],[1,513],[477,-153],[400,-128],[384,-122],[56,-2],[130,-1],[316,1]],[[17696,37011],[-16,-8],[-171,-43],[-146,-7],[-171,17],[-180,-73],[-390,-235],[-11,-15],[-91,-89],[-86,-83],[-105,-114],[-90,-102],[-30,-40],[-11,-11],[-35,-45],[-80,-58],[-49,-103],[-53,-90],[-181,-246],[-56,-64],[-84,-27],[-314,-327],[-125,-317],[10,-246]],[[15231,34685],[-25,9],[-33,25],[-27,32],[-39,78],[-10,23],[-10,36],[-1,30],[0,161],[-1,38],[-12,99],[-2,28],[2,293],[0,119],[1,35]],[[11327,8614],[218,1],[0,16],[38,2]],[[11583,8633],[10,-28],[15,-122]],[[11608,8483],[-86,1]],[[11522,8484],[-101,-2],[-94,0]],[[11327,8482],[0,132]],[[3300,8748],[49,0],[146,1],[40,1]],[[3535,8750],[0,-130],[1,-131]],[[3536,8489],[-235,-1]],[[3301,8488],[0,130]],[[3301,8618],[-1,130]],[[17427,5432],[-44,37],[-24,15],[-41,19],[-122,34],[-68,24],[-80,48]],[[17048,5609],[10,28],[20,23],[30,12],[148,55],[95,36],[46,25],[56,41]],[[12236,21567],[55,2],[158,3]],[[12449,21572],[2,-266],[1,-196],[1,-327]],[[12234,20781],[-1,262],[-1,263]],[[12449,21572],[221,2]],[[12670,21574],[69,1]],[[12739,21575],[-9,-68],[-64,-475],[-15,-108],[-27,-158]],[[12739,21575],[207,3],[102,9]],[[13048,21587],[10,-62],[1,-37],[-5,-30],[-19,-43],[-217,-379]],[[12818,21036],[-162,-282]],[[13048,21587],[35,3],[24,-3]],[[13107,21587],[66,-8],[133,0]],[[13306,21579],[0,-93],[-2,-17],[-38,-84],[-4,-18],[2,-110],[1,-245]],[[13265,21012],[-157,-1],[-218,-5],[-40,2],[-26,15],[-6,13]],[[13306,21579],[41,0]],[[13347,21579],[130,0],[70,-5],[103,1]],[[13650,21575],[3,-259],[0,-196],[7,-50],[6,-10]],[[13666,21060],[-69,-1],[-37,-21],[-14,-2],[-72,-1],[-15,-3],[-25,-16],[-11,-2],[-158,-2]],[[19164,6122],[68,0],[114,2],[35,2]],[[19381,6126],[0,-175],[3,-50]],[[19384,5901],[-21,-18],[-18,-8],[-72,-14],[-109,-1]],[[19164,5860],[0,262]],[[18839,5860],[325,0]],[[19164,5860],[0,-261]],[[19056,5599],[-109,1],[-109,-1]],[[18838,5599],[1,261]],[[18839,5860],[0,232],[16,4],[29,25],[7,2],[152,0],[121,-1]],[[19384,5901],[-2,-33],[-10,-17],[-26,-62],[-1,-35],[2,-17],[15,-31],[4,-20],[2,-44],[-2,-42]],[[19366,5600],[-92,0]],[[15484,8836],[18,-50],[39,-56],[15,-10],[133,0]],[[15689,8720],[0,-84],[11,-45]],[[15700,8591],[-13,-6],[-42,-31],[-24,-10],[-30,-5],[-121,-4]],[[15470,8535],[0,266],[-2,32],[16,3]],[[15145,9001],[50,0]],[[15195,9001],[230,-2]],[[15425,8999],[12,-16],[14,-30],[20,-57],[13,-60]],[[15470,8535],[-64,-1]],[[15406,8534],[-115,190],[-24,41],[-17,32],[-72,118],[-24,37],[-6,22],[-3,27]],[[12633,6955],[91,-19],[13,-8],[83,-12],[26,1],[6,-7]],[[12852,6910],[0,-241],[1,-103]],[[12853,6566],[-16,0],[-1,62],[-105,-1],[0,-63],[-33,0],[0,66],[-127,0]],[[20982,13163],[169,-13],[52,-2],[200,0],[1,-93],[20,2],[21,24],[16,26],[40,25],[5,25],[-5,17],[1,44],[103,-1]],[[21605,13217],[-8,-28],[3,-41],[8,-23],[11,-17],[6,36],[120,-3],[70,-1],[134,0]],[[22583,13133],[201,-4],[18,3],[8,-8],[15,8],[28,-5],[123,-2],[119,0],[61,-3]],[[23363,13060],[1,-184],[2,-19],[-1,-44],[1,-83],[220,-3],[216,-1],[0,131],[94,0]],[[23896,12857],[44,-46],[24,-38],[27,-21],[34,-59],[23,-14],[10,-23],[12,-17],[29,-27],[6,-11],[17,-8],[-11,47],[-17,18],[-20,35],[-21,32],[-25,55],[4,9]],[[24032,12789],[20,20],[23,38],[19,-3],[11,16],[12,-2],[11,-18],[8,13],[-3,30],[2,20],[42,-14],[5,18],[14,-2],[-2,-26],[24,7],[32,-37],[12,-24],[1,-35],[56,-18],[28,-24],[17,-5],[17,2],[39,22],[32,13],[23,-17],[17,14],[16,-6],[9,20],[14,2],[8,-8],[23,9],[21,-7],[8,-7],[1,-20],[16,4],[18,21],[13,-9],[15,-3],[37,-15]],[[24691,12758],[5,-22],[80,-123],[10,-18],[-7,-26],[5,-19],[23,10],[16,-5],[23,-48],[18,3],[11,62],[14,17],[36,-3],[24,-20],[22,5],[11,22],[10,-1],[15,-12],[18,-1],[34,-25],[15,-5],[8,24],[20,40],[15,7],[20,-21],[46,5],[1,25],[7,8],[28,-7],[15,-12],[34,-2],[28,-24],[14,-20],[15,3],[36,16],[14,12],[13,-17],[20,-16],[18,6],[13,-1],[11,-23],[17,-19],[7,-20],[22,-24],[13,-28],[26,-8],[7,8],[-1,18],[9,7],[20,2],[13,15],[44,-35],[16,1],[12,8],[4,24],[11,24],[12,8],[44,-6],[10,-9],[14,-42],[21,-16],[15,-16],[6,-33],[8,-14],[36,-20],[12,-25],[31,-15],[29,6],[5,20],[15,12],[42,-16],[5,-11],[0,-31],[10,-27],[-14,-24],[2,-37],[-22,-75],[35,4],[10,11],[14,35],[-2,24],[8,20],[14,13],[11,25],[9,80],[-1,48],[3,22],[11,42],[-1,24],[4,17],[11,20],[72,-30],[34,-24],[57,-57],[87,-82],[114,-105],[24,-27],[16,-29],[18,-44],[8,-12],[21,-20],[36,-14],[18,10],[50,3],[10,-7],[18,0],[23,-10],[15,7],[21,-5],[10,4],[25,-13],[8,18],[-8,16],[-4,52],[6,14],[23,16],[1,12],[-17,19],[-3,27],[7,17],[18,18],[23,3],[24,-17],[14,13],[1,18],[15,26],[25,-8],[-2,30],[14,16],[24,-5],[2,11],[-9,16],[-1,18],[11,31],[-10,14],[-14,0],[-28,-19],[-22,-10],[-15,4],[-9,20],[20,27],[-42,27],[-9,11],[8,27],[1,15],[10,18],[22,26],[5,21],[23,25],[4,25],[13,28],[32,55],[4,13],[16,28],[33,42],[19,19],[15,22],[8,32],[0,26],[-14,12],[-10,38],[2,17],[-16,33],[4,7],[6,59],[-24,29],[8,42],[-5,29],[6,23],[-2,13],[-16,15],[-12,5],[5,21],[16,1],[16,10],[19,4],[4,17],[-2,22],[-21,54],[1,30],[21,10],[19,-9],[5,-12],[19,-7],[8,3],[-1,28],[9,13],[15,7],[19,21],[7,18],[22,40],[-6,32],[11,13],[6,-22],[20,-37],[6,-38],[17,-33],[9,-28],[27,-51],[14,-19],[23,-21],[16,-26],[12,-4],[77,12],[22,-2],[4,24],[13,17],[-8,21],[-43,30],[22,29],[23,14],[52,55]],[[27435,13500],[34,-41],[49,-43],[10,-15],[3,-15],[24,-26],[22,-16],[6,-9],[16,-5],[12,3],[44,-8],[31,-16],[10,-18],[15,-14],[13,-2],[3,-13],[11,-5],[8,-15],[28,-28],[21,-44],[17,-21],[-2,-27],[7,-11],[4,-21],[11,-11],[19,-8],[10,-20],[13,-12],[19,8],[10,-5],[11,6],[19,-17],[-7,-24],[4,-20],[33,1],[6,16],[46,-29],[6,-27],[8,-2],[11,-18],[26,-14],[21,-31],[8,-3],[14,-29],[9,-5],[36,-5],[32,-18],[22,-7],[15,4],[7,14],[29,10],[15,2],[38,-1],[28,15],[32,-11],[30,7],[1,33],[17,-4],[37,33],[4,22],[22,23],[8,1],[45,-18],[19,17],[68,24],[27,15],[22,16],[37,8],[42,25],[66,21],[10,0]],[[28827,13072],[1,-87],[1,-212],[4,-563],[-2,-308],[-11,-393],[-2,-463],[-119,0]],[[28699,11046],[-764,-35],[4,-77],[10,-947],[-422,-6],[3,-371],[1,-139],[-373,-9],[-95,2],[0,-286],[2,-39],[-1,-104],[2,-93],[-50,-4],[0,-354],[-1,-448],[3,-844],[0,-847],[0,-383],[1,-204]],[[27019,5858],[-267,4],[-58,-1],[-345,6],[-111,-1],[-152,-3],[-818,-3],[-213,-1],[-562,0],[-528,-2],[-31,3],[-390,-3],[-175,-1],[-247,4],[-25,5],[-442,0],[-289,3]],[[22366,5868],[-6,71],[-11,29],[-38,10],[-10,43],[-32,16],[1,22],[106,20],[-9,15],[-52,-9],[-21,22],[40,7],[4,38],[-26,-12],[-7,3],[22,36],[-5,51],[105,81],[-120,-14],[-34,31],[35,37],[68,20],[16,20],[6,29],[-4,35],[2,18],[-15,5],[-12,15],[-9,55],[12,19],[20,22],[17,37],[1,10],[12,22],[10,7],[-8,37],[-11,12],[15,33],[-13,-4],[-25,23],[22,20],[-18,3],[-4,13],[-18,9],[-4,9],[8,19],[-15,23],[-33,10],[7,16],[-12,4],[-2,12],[16,6],[4,9],[-37,12],[-17,12],[-3,25],[-19,26],[-5,19],[-23,2],[-20,-11],[-84,-71],[-11,-5],[-26,23],[-12,-3],[-21,17],[-36,17],[-33,19],[-18,41],[-21,-5],[-33,-31],[-18,-2],[-23,-18],[-10,1],[-27,30],[-23,44],[-21,12],[-53,-3],[-14,14],[-4,19],[-14,40],[-9,11],[-48,33],[-41,20],[-66,15],[-20,9],[-39,33],[-60,84],[-22,65],[-32,21],[-51,1],[-39,45],[-30,-5],[-17,-11],[-17,-35],[-12,-18],[-13,-10],[-44,-10],[-20,14],[-41,19],[-15,-2],[-18,-12],[0,-33],[-15,-41],[-11,48],[-7,12],[-25,17],[-78,36],[-71,4],[-16,-4],[-13,25],[-26,21],[-17,9],[-23,45],[-54,63],[-3,19],[-14,20],[-11,25],[-12,-11],[-5,-46],[-8,-33],[-13,-12],[-9,26],[4,16],[-17,-5],[-8,10],[11,31],[3,23],[-3,12],[-16,-14],[-19,2],[-9,-10],[-1,-37],[-9,-17],[2,-18],[-24,5],[-12,-17],[-16,12],[-18,-2],[-7,14],[15,3],[16,-5],[11,15],[15,9],[8,19],[-6,20],[-10,17],[11,27],[-4,6],[-18,-25],[-4,9],[26,35],[-4,15],[-15,20],[7,14],[-5,17],[-17,26],[10,34],[1,37],[9,-2],[23,-16],[22,-5],[36,19],[13,1],[22,13],[14,-14],[12,-5],[13,-21],[25,1],[8,13],[25,8],[21,-7],[9,11],[18,-13],[17,-41],[-3,-20],[19,14],[28,45],[19,-11],[18,15],[5,18],[12,16],[7,18],[26,12],[28,21],[45,41],[38,11],[4,13],[-6,22],[18,12],[39,5],[43,16],[32,1],[73,-14],[22,-11],[45,-3],[99,-39],[16,-12],[20,-27],[34,-29],[11,-22],[31,2],[8,-3],[24,-19],[2,-13],[18,-20],[30,5],[13,10],[26,-2],[32,7],[20,-10],[19,-22],[19,-15],[16,-5],[13,2],[21,-10],[55,-11],[23,-8],[24,12],[36,5],[32,11],[4,12],[19,35],[28,65],[18,28],[46,51],[6,16],[19,8],[11,17],[37,3],[1,25],[22,-1],[18,19],[6,20],[-7,15],[-25,2],[-4,15],[16,-3],[8,16],[15,0],[45,21],[12,-9],[9,10],[6,29],[8,14],[-1,16],[-25,14],[2,30],[13,-2],[22,8],[7,15],[10,10],[5,18],[-16,9],[19,12],[9,21],[-1,12],[8,13],[-14,14],[14,17],[-9,10],[3,20],[38,10],[-5,22],[-16,11],[-50,9],[-4,7],[30,42],[32,96],[-7,48],[18,0],[8,15],[-2,11],[-27,13],[0,6],[31,8],[-38,22],[16,15],[-22,63],[-22,19],[12,26],[-14,3],[-1,12],[15,11],[-19,6],[8,25],[13,4],[-2,41],[7,35],[-12,34],[-27,26],[-18,8],[-5,9],[12,24],[2,38],[25,-29],[21,-12],[27,17],[30,2],[22,5],[15,-10],[17,0],[42,-19],[23,-4],[1,19],[7,32],[6,10],[48,38],[17,22],[26,19],[22,6],[25,-14],[10,26],[-28,20],[-22,27],[-4,27],[-1,52],[-19,-31],[-20,57],[-10,15],[15,30],[-17,47],[-35,-11],[-31,-24],[-16,10],[-42,-19],[-2,12],[1,37],[-3,6],[-27,0],[-8,14],[-1,40],[7,21],[12,12],[52,18],[13,19],[-7,39],[1,12],[13,7],[31,3],[6,-4],[18,8],[5,13],[-18,5],[-3,13],[20,16],[4,13],[-4,16],[-41,34],[7,10],[19,0],[6,9],[-13,9],[2,18],[-34,-5],[-9,-5],[-11,12],[-27,-3],[-49,38],[-23,15],[-34,5],[-26,-5],[-25,-21],[-5,-13],[-43,23],[-24,4],[-7,11],[40,5],[27,0],[6,8],[28,63],[-7,31],[41,25],[14,6],[42,7],[22,-3],[23,-8],[11,-14],[25,-17],[28,44],[16,13],[25,5],[9,25],[33,3],[17,-11],[16,1],[10,12],[21,2],[3,9],[-24,24],[-36,8],[-52,23],[2,28],[5,6],[28,-1],[7,9],[-7,21],[1,21],[-28,24],[-11,33],[-24,16],[-31,39],[-13,6],[-40,-2],[-13,4],[-35,22],[-15,19],[-8,40],[-15,5],[-20,14],[-40,13],[-25,-28],[-22,9],[59,52],[35,17],[40,11],[48,10],[33,15],[16,26],[7,43],[15,22],[16,3],[72,-13],[64,-20],[17,-3],[27,5],[-20,25],[1,9],[17,10],[4,15],[11,69],[-15,11],[-43,5],[-29,12],[-19,33],[-15,2],[-20,-11],[-15,-2],[1,33],[-12,17],[-5,21],[-11,4],[-57,-18],[-21,-11],[-7,10],[2,27],[-3,27],[1,21],[-16,17],[-33,19],[-25,4],[-19,-6],[-13,4],[-31,32],[-4,16],[3,20],[14,43],[11,17],[-4,8],[-33,-7],[-30,18],[7,21],[23,18],[39,0],[7,12],[42,14],[2,18],[-19,21],[-29,1],[-26,5],[-25,12],[-11,15],[9,13],[18,-3],[11,4],[0,24],[-16,22],[-39,23],[-4,9],[26,33],[0,15],[-11,18],[-2,63],[-6,20],[-10,9],[-18,28],[-2,16],[-45,1],[-14,-12],[-24,3],[-15,-13],[-21,4],[-30,-11],[-27,18],[-11,34],[-10,-2],[-20,-28],[-31,4],[-26,10],[-19,0],[-25,15],[-42,16],[-32,-18],[-13,4],[-52,-99],[-9,-12],[-18,-10],[-19,-4],[-10,-23],[-4,-24],[-52,-91],[-32,-77],[-30,-51],[-23,-8],[-22,8],[-14,28],[-1,14],[-12,6],[-13,34],[-20,2],[-16,-35],[0,-32],[-19,-34],[-9,-4],[-14,11],[-12,1],[-23,-12],[-6,-14],[-21,-7],[-19,-19],[-14,3],[-26,-13],[17,-29],[3,-15],[12,-7],[17,-20],[1,-10],[-11,-13],[-29,-13],[-28,-38],[-19,-6],[-10,-12],[-12,-3],[-9,-11],[-15,-2],[-10,18],[-15,-9],[-10,-32],[-11,-12],[-22,-7],[-2,-22],[-41,-20],[-19,-20],[-22,-3],[-48,19],[19,-17],[28,-11],[-7,-18],[5,-17],[64,-17],[56,-1],[7,-10],[-60,-17],[-36,0],[-15,-8],[-21,-20],[-19,-3],[-35,-15],[-20,-4],[-12,5],[-40,-26],[-25,-7],[-23,0],[-45,-11],[-37,16],[-33,4],[-2,28],[-13,7],[-8,29],[-13,22],[-16,-1],[-15,-40],[-17,2],[-21,-7],[-8,20],[-17,-8],[-8,-22],[-14,4],[-28,-4],[-17,-26],[-11,-3],[-17,10],[-40,-8],[-11,5],[-23,32],[-1,10],[-22,0],[0,10],[18,4],[9,10],[17,2],[-2,14],[-69,-13],[-9,6],[-2,17],[-8,11],[-30,-24],[-23,-29],[-16,-15],[-15,-38],[-10,4],[-39,-1],[-15,-12],[-32,0],[-46,-18],[-23,-22],[-7,-12],[-15,-8],[-22,9],[-17,-12],[-2,-18],[15,-1],[10,-15],[-23,-17],[-19,0],[-21,9],[-21,-10],[-21,-4],[-3,-14],[-12,-8],[-13,12],[-14,-8],[-6,-32],[5,-15],[14,-14],[2,-17],[-9,-38],[-12,-6],[-8,19],[-11,0],[-19,-18],[-13,-21],[-14,-13],[-26,-6],[-17,28],[-15,5],[-17,-4],[-8,-11],[-7,-21],[-13,-4],[-29,5],[-17,11],[-24,9],[-27,1],[-14,-5],[-6,-29],[-29,-16],[-9,-17]],[[19647,10411],[-2,35],[5,50],[8,25],[3,20],[-9,27],[-17,29],[-4,38],[8,42],[6,19],[21,37],[14,45],[21,34],[-11,39],[9,37],[14,18],[12,33],[11,21],[1,30],[5,34],[1,33],[4,19],[19,32],[14,13],[4,25],[-1,53],[-3,40],[9,24],[2,45],[12,20],[7,28],[-1,73],[9,42],[-13,54],[-10,23],[-4,18],[1,32],[-17,10],[-6,28],[-1,31],[-18,24],[-35,0],[-27,-3],[-19,8],[7,44],[1,33],[31,15],[8,20],[-24,17],[-3,13],[25,36],[1,19],[-9,17],[-23,26],[-12,23],[-2,22],[-16,16],[10,37],[0,25],[-5,21],[2,12],[12,6],[23,-2],[11,10],[12,47],[1,29],[12,15],[14,26],[5,53],[2,40],[-2,24],[8,15],[-16,16],[-28,14],[-42,45],[-37,56],[5,-44],[14,-67],[13,-31],[-26,13],[-1,68],[-5,28],[-20,50],[-14,19],[-29,25],[-45,24],[-6,49],[-8,18],[-20,29],[-32,26],[-22,16],[-59,30]],[[19380,12739],[-2,25],[-10,20],[-11,6],[-22,1],[-27,-12],[-11,2],[-9,19],[7,35],[-4,17],[-11,15],[2,20],[23,20],[23,9],[29,34],[2,12],[-4,23],[6,30],[-8,23],[-5,43],[-9,27],[0,14],[9,23],[30,25],[-2,15],[-24,8],[-9,10],[-7,30],[-10,4],[-27,-12],[-12,1],[-20,11],[-10,11],[-4,16],[14,40],[-4,27],[16,33],[16,23],[25,8],[9,50],[11,5],[32,-12],[16,3],[9,17],[11,32],[39,7],[14,30],[4,30],[21,21],[11,28],[3,20],[10,16],[26,6],[30,19],[17,-8],[7,-16],[6,-42],[23,-29],[9,-3],[16,12],[8,22],[17,29],[27,28],[13,7],[22,-5],[9,-8],[20,-55],[6,-10],[15,-3],[27,5],[33,-10],[24,5],[25,24],[26,15],[16,3],[20,-9],[10,-16],[4,-46],[9,-20],[14,-1],[31,13],[41,4],[10,4],[8,18],[14,51],[6,12],[21,5],[38,-33],[8,-19],[4,-21],[11,-34],[16,-39],[16,-4],[33,9],[13,11],[7,33],[9,15],[11,6],[21,-2],[25,-21],[45,-16],[22,-55],[14,-22],[12,-7],[30,-9],[17,-23],[18,-16],[10,-27],[18,-17],[42,-5],[21,10],[22,-16],[15,-1],[35,10],[9,-24],[27,-1],[3,-17],[12,-10],[28,-5],[11,-26],[11,-12],[16,15],[19,11],[27,1],[9,-8],[21,-5],[34,-16],[13,-26],[15,-16],[18,-11],[11,-14],[16,-13],[10,-20],[14,-1],[5,11]],[[9636,69200],[513,-7],[496,-7],[513,2]],[[16990,12351],[-1,-37],[13,-23],[9,-6],[24,-1],[23,-9],[14,-16],[15,-6],[15,2],[18,-6],[10,-13],[3,-21],[-1,-20]],[[17132,12195],[2,-35],[10,-12],[42,-28],[25,-24],[17,-6],[31,13],[32,5],[17,-13],[7,-13],[8,-33],[37,-19],[44,-19],[11,-2],[32,2],[26,-5]],[[17473,12006],[-10,-7],[-19,8],[-27,-14],[-20,-1],[-31,11],[-18,12],[-19,18],[-27,-5],[-19,1],[-22,8],[-10,-2],[-61,-25],[-25,0],[-47,6],[-69,13],[-36,8],[-28,0],[-16,-4],[-23,-12],[-30,-28],[-14,-6],[-23,4],[-29,36],[-20,6],[-33,-23],[-9,-2],[-110,-16],[-86,-3],[-15,-5],[-31,-20],[-20,-3],[-50,16]],[[16476,11977],[7,24],[14,16],[20,76],[7,12],[13,-3],[8,-42],[1,-32],[16,-2],[20,40],[7,20],[11,17],[20,-3],[8,10],[-6,23],[3,11],[27,6],[17,8],[24,4],[15,-4],[17,1],[9,11],[12,-5],[18,1],[17,7],[7,14],[10,5],[13,36],[11,3],[16,-11],[17,0],[24,-15],[-13,-12],[-2,-12],[37,-12],[24,15],[26,4],[31,20],[6,23],[-9,43],[-9,22],[2,37],[-8,13],[26,5]],[[15880,12915],[14,-3],[8,14],[4,34],[24,61],[21,11],[21,-4],[45,15],[26,1],[42,-12],[23,14],[12,-1],[28,-13],[53,12],[20,10],[50,1],[17,-5],[18,-27],[11,-3],[38,13]],[[16355,13033],[30,-9],[38,-47],[17,-8],[34,-3],[23,4],[21,13],[38,3],[11,-8],[15,-29],[38,-32],[35,-19],[16,-22],[2,-18],[-12,-28],[-1,-28],[13,-25],[37,-44],[32,-81],[5,-7],[26,-17],[6,-24],[-16,-27],[1,-23],[15,-25],[7,-25],[10,-15],[15,-10],[14,-28],[6,-30],[0,-24],[4,-15],[12,-8],[44,2],[14,5],[38,22],[15,5],[16,-3],[11,-16],[5,-38]],[[16476,11977],[-40,12],[-20,-2],[-69,-27],[-21,0],[-19,10],[-18,23],[-7,22],[0,18],[14,36],[23,32],[-1,24],[-14,13],[-12,2],[-12,-6],[-7,-12],[-4,-33],[-27,-62],[-1,-22],[10,-44],[-2,-19],[-12,-24],[-11,-14],[-26,-24],[-6,-25],[10,-25],[2,-16],[-19,-117],[8,-37],[23,-20],[23,4],[12,11],[15,35],[14,12],[14,-1],[13,-15],[1,-26],[-11,-19],[-16,-13],[-73,-33],[-23,-15],[-25,-39],[-21,-11],[-19,16],[-7,25],[-10,14],[-21,1],[-14,-12],[-4,-14],[6,-23],[28,-28],[30,-46],[15,-14],[22,-11],[23,-2],[29,14],[19,38],[10,9],[54,5],[13,-8],[10,-24],[-2,-19],[-17,-40],[-1,-19],[17,-17],[27,-9],[9,-21],[9,-86],[6,-14],[11,-11],[16,-2],[14,7],[54,53],[17,9],[17,-6],[9,-19],[-2,-17],[-29,-44],[-33,-98],[-6,-14],[-18,-21],[-16,-8],[-50,-5],[-15,6],[-11,17],[-9,22],[-7,49],[-11,19],[-26,0],[-12,-16],[-67,-142],[-7,-11],[-17,-7],[-20,5],[-25,16],[-61,44],[-11,5],[-32,2],[-35,17],[-103,60],[-20,20],[-12,21],[-16,19],[-13,9],[-61,21],[-21,0],[-9,-8],[-6,-23],[6,-17],[27,-29],[8,-20],[-5,-20],[-19,-11],[-44,0],[-13,4],[-11,16],[-2,53],[-6,24],[-21,24],[-25,14],[-12,23],[3,39],[-6,16],[-14,9]],[[89163,11381],[-17,-18],[-142,-65],[-102,-51],[-30,-17],[-29,-48],[-64,-90],[-158,-131],[-48,-44],[-36,-25],[-49,-26],[-23,-10],[-52,-16],[-53,-20],[-66,-21],[-110,-37],[-18,2],[-156,68],[-286,-52],[-14,-7],[-127,-125],[-11,-11],[-18,-29],[-116,-202],[-34,-49],[-24,-32],[-23,-34],[-19,-32],[-30,-46],[-62,-82],[-48,-75],[-32,-65],[-24,-31],[-26,-51],[-14,-40],[-14,-22],[-193,-197],[-21,-23],[-21,-20],[-74,-48],[-52,-15],[-70,-25],[-31,-19],[-31,-6],[-104,-33],[-54,0],[-43,6],[-97,4],[-46,4],[-57,1],[-61,-12],[-64,-36],[-46,-49],[-37,-47],[-16,-32],[-34,-70],[-18,-58],[-7,-35],[-26,-52],[-55,-67],[-47,-61],[-50,-52],[-69,-38],[-72,-20],[-58,-9],[-32,-2],[-86,-24],[-57,-39],[-64,-57],[-74,-57],[-51,-38],[-37,-21],[-55,16],[-64,10],[-69,12],[-81,18],[-96,-7],[-18,1],[-24,-6],[-120,-46],[-73,-61],[-33,-25],[-44,-60],[-70,-90],[-60,-137],[-59,-72],[-23,-22],[-46,-153],[-90,-110],[-43,-47],[-20,-37],[-5,-32],[-27,-243],[-367,1]],[[83646,7510],[68,106],[46,64],[148,218],[591,888],[53,77],[113,110],[18,24],[50,105],[23,82],[67,114],[110,162],[87,128],[120,165],[94,130],[29,38],[94,138],[148,200],[27,53],[68,93],[161,267],[53,78],[179,264],[22,36],[207,302],[67,103],[251,374],[222,322],[11,14],[72,104],[26,51],[188,275],[98,147],[382,564],[71,105],[83,122],[57,100],[104,153],[77,113],[136,199],[59,91],[383,564],[58,-270],[47,-252],[131,-600],[25,-210],[34,-264],[14,-81],[23,-103],[65,-311],[164,-769],[63,-347],[30,-165]],[[32112,7367],[-1,101],[2,63],[32,-1],[14,-10],[22,6],[6,7],[5,30],[18,10],[10,28],[1,52],[1,234],[-5,4],[8,138],[-2,4]],[[32223,8033],[87,63],[262,189],[105,77],[63,43],[213,150],[30,17],[41,18],[30,17],[39,29],[25,13]],[[33118,8649],[88,42],[81,41],[86,28],[179,67]],[[33552,8827],[1,-222],[435,1]],[[33988,8606],[0,-132],[0,-64]],[[34428,7892],[17,-8],[37,6],[87,2],[34,-1],[11,-21],[6,-45],[-1,-49],[3,-27],[-2,-21],[2,-29],[-7,-17],[-13,-89],[0,-27],[-12,-24],[-2,-14],[-12,-9],[-5,-23],[-19,-21],[-74,-51],[-37,-38],[-7,-3]],[[34434,7383],[-444,0],[-226,1],[-211,-11],[-2,-666],[0,-312],[2,-571]],[[33553,5824],[-10,-1],[-515,-1],[-554,-1],[-280,3]],[[28699,11046],[13,-7],[36,-36],[47,-40],[61,-21],[19,-20],[3,-16],[18,-24],[7,-2],[24,-25],[20,-13],[8,-10],[17,-6],[24,17],[36,3],[28,-11],[-2,-19],[5,-8],[97,-46],[19,0],[6,5],[41,16],[32,-3],[32,5],[12,16],[23,14],[55,19],[24,3],[9,-5],[37,5],[14,-4],[22,-29],[36,-13],[40,-11],[21,-10],[25,6],[26,-16],[101,-38],[22,-4],[14,3],[29,14],[30,19],[34,29],[15,6],[40,-6],[37,9],[37,17],[21,18],[7,12],[-2,46],[9,12],[36,2],[22,7],[21,20],[29,7],[22,2],[30,-14],[37,-9],[17,11],[22,-10],[22,-23],[22,-14],[11,-25],[10,-31],[15,-8],[22,-29],[15,-42],[10,-17],[9,-34],[12,-8],[38,-37],[33,-43],[17,-33],[18,-5],[10,11],[22,4],[14,-10],[21,-1],[22,-9],[16,-1],[26,11],[23,22],[8,36],[18,26],[11,5],[28,-1],[44,37],[23,8],[14,-2],[17,15],[21,11],[33,0],[20,10],[18,3],[44,24],[34,6],[24,-9],[18,-1],[36,10],[63,41],[33,13],[45,0],[16,3],[23,-19],[11,-1],[21,-11],[14,1],[48,12],[23,-2],[42,66],[18,51],[-3,42],[2,16],[12,19],[37,39],[21,26],[59,79],[48,40],[64,45],[34,25],[31,27],[10,13],[10,23],[0,22],[-15,80],[-23,81],[1,34],[20,44],[18,21],[19,11],[176,68],[96,37],[76,30],[93,34]],[[32226,11779],[88,33],[62,24],[123,47],[54,17],[15,0],[16,-8],[33,-34],[33,-24],[40,-19],[30,-8],[24,1],[32,7],[18,-2],[92,-41],[107,-71],[28,-26],[27,-20],[72,-74]],[[33120,11581],[0,-53],[4,-26],[-3,-22],[7,-25],[-5,-25],[2,-20],[16,-27],[-4,-28],[-7,-11],[-11,-44],[2,-91],[19,-129],[21,-6],[22,0],[42,12],[-2,-58],[-2,-11],[1,-33],[6,-51],[-1,-95],[-1,-283],[-106,-1],[-2,-1],[-1,-237],[3,-34],[-14,-6],[-20,-27],[-14,-37],[-3,-25],[-23,5],[-27,-8],[-40,20],[-9,0],[-33,-15],[-39,10],[-54,2],[-39,13],[-20,-11],[29,-31],[52,-60],[29,-40],[41,-50],[29,-39],[10,-23],[46,-37],[24,-49],[12,-38],[9,-42],[26,-52],[11,-28],[17,-33],[54,-82],[26,-25],[54,-35],[21,-12],[26,-5],[167,-3],[25,-1],[25,-5],[104,-67],[16,-16],[26,-33],[65,-71],[48,-63],[32,-21]],[[33809,9242],[-181,1],[0,-24],[12,-21],[0,-85],[-56,1],[-72,-1],[-42,1],[-13,-3],[-9,-28],[1,-33],[-109,0],[0,-61],[-6,-7],[0,-72],[-202,-2],[-16,-1],[0,-91],[-10,-1],[-55,-11],[-64,14],[1,-42],[-1,-115],[6,-15],[19,-10],[13,5],[11,12],[66,41],[15,2],[1,-47]],[[32223,8033],[-218,-179],[-1,35],[0,65],[-2,191],[-53,3],[2,66],[-14,1],[-68,-1],[6,-65],[-5,-12],[-1,-54],[26,0],[0,-64],[-38,-2],[-69,0],[1,-69],[-1,-58],[-163,1],[-20,-3],[-90,1],[-36,4],[-18,-2],[-1,-87],[-55,18],[2,-13],[-1,-48],[-68,0],[-96,2],[-108,0],[-1,64],[-66,1],[-86,-1],[-67,-2],[2,-195],[-1,-65],[1,-114],[-2,-42],[59,-25],[12,-14]],[[30985,7370],[19,-43],[13,-21],[-26,5],[-50,-25],[-11,3],[-127,-10],[-48,-6],[-21,-10],[-36,-12],[-51,-8],[-26,5],[-25,0],[-61,-32],[-3,2],[-52,1],[-34,3],[-42,27],[-54,45],[-42,30],[-64,14],[-66,-13],[-48,-8],[-93,23],[-86,0],[-53,-30],[-39,-26],[-131,-1],[-48,-20],[-37,-27],[-138,-42],[-57,-26],[-18,-19],[-1,-15],[107,-265],[6,-27],[6,-14],[-2,-23],[7,-26],[-10,-34],[-15,-9],[-7,-18],[0,-39],[9,-65],[-10,-15],[-17,-16],[-2,-12],[-35,-51],[-29,-17],[-1,-12],[13,-4],[4,-14],[-10,-10],[10,-13],[-2,-16],[7,-7],[16,-1],[-7,-18],[37,-29],[-5,-31],[-4,-53],[6,-10]],[[29922,5814],[-306,-2],[-1,28],[-255,0],[-340,1],[-225,1],[-344,2],[-157,4],[-6,-2],[-356,3],[-172,-1],[-220,4],[-208,1],[-313,5]],[[14855,27846],[114,0],[219,-5],[121,-1],[429,0],[4,-586],[-2,-137],[1,-54],[-2,-35],[-2,-217],[3,-298],[5,-723],[0,-329],[2,-267],[216,-1],[221,-1],[1,-244],[0,-134],[-1,-152],[-44,0]],[[16140,24662],[-217,0],[-180,1]],[[15743,24663],[-476,2]],[[15267,24665],[-408,1]],[[14859,24666],[-1,331],[0,198],[2,266],[-1,84],[2,245],[0,203],[2,29],[-2,218],[-1,12],[-1,180],[-2,650],[0,31],[-2,459],[1,25],[-1,88],[1,113],[2,15],[-3,33]],[[19190,20842],[225,4],[372,5],[51,0],[41,-13],[406,-187],[58,-28],[22,-6],[136,-22],[165,1],[56,1],[147,1],[72,1],[323,2]],[[21264,20601],[14,-9],[85,-113],[11,-12],[-1,-14],[0,-394],[-3,-501],[-169,-2],[-56,-3],[6,-348],[3,-171],[-1,-73],[-2,-75],[5,-54],[-5,-18],[-3,-65],[-58,21],[-18,-2],[-85,13],[-17,-6],[-12,11],[-36,10],[-27,-3],[-16,5],[-64,8],[-95,12],[-24,6],[-26,-5],[-9,8],[-93,11],[-30,6],[-18,0],[-26,5],[-203,13],[-168,9],[5,-16],[-15,2]],[[20113,18857],[-115,37],[-136,45],[-19,3],[-106,7],[-46,-2],[-25,5],[-67,41],[-18,8],[-75,23],[-14,8],[-23,22],[-32,52],[-27,21],[-83,39],[-42,30],[-91,88]],[[19194,19284],[-2,516],[1,1],[-2,352],[0,428]],[[15474,7551],[90,0],[1,7],[31,-7],[95,-1]],[[15691,7550],[-1,-129]],[[15690,7421],[-217,0]],[[15473,7421],[1,130]],[[15255,7552],[32,1],[187,-2]],[[15473,7421],[-1,-196]],[[15472,7225],[-1,-65]],[[15471,7160],[-54,1]],[[15417,7161],[1,260],[-54,0],[-22,5],[-5,-5],[-82,2],[0,129]],[[15020,7563],[27,-9],[208,-2]],[[15417,7161],[-163,1]],[[15254,7162],[-232,4]],[[15022,7166],[-2,75],[1,189],[-1,133]],[[14842,21074],[245,1],[29,-1],[163,2],[82,-1],[135,2]],[[15496,20818],[-139,-2],[-16,-2],[-91,-1],[-188,0],[0,1],[-219,0]],[[14843,20814],[-1,260]],[[15497,20557],[-147,-2],[-327,-1],[-179,0]],[[14844,20554],[-1,260]],[[17861,5861],[225,0],[117,1]],[[18203,5862],[201,2]],[[18404,5864],[0,-51],[-109,1]],[[18295,5814],[-16,-4],[-33,-21],[-23,-23],[-4,-13],[-6,-53],[-20,-49],[-41,-13],[-44,-22],[-52,-30],[-12,-35],[-12,6],[-5,-18]],[[18027,5539],[-92,43],[-10,-38],[-18,-36],[-31,-48],[-22,-45],[-7,-9]],[[17847,5406],[1,64],[12,0],[0,130],[1,131],[0,130]],[[9633,10635],[-30,-48],[-14,-30],[-6,-27],[-2,-24]],[[9581,10506],[-40,2],[-38,15],[-25,21],[-52,58]],[[9426,10602],[-35,40],[-20,20],[-32,22],[-28,13],[-26,7],[-34,3]],[[9251,10707],[-1,267]],[[3037,7441],[91,0],[176,1]],[[3305,7311],[-268,-1]],[[3037,7435],[0,6]],[[13736,37800],[11,17],[44,85],[76,166],[54,132],[18,69],[36,92],[86,262],[11,18],[2,15],[83,261],[58,175],[25,53],[38,104],[6,22],[69,171],[8,31],[70,708],[1,100],[19,62],[6,64],[193,4],[264,3],[70,12],[211,2],[111,-1],[3,-24]],[[15074,35691],[0,61],[-2,90],[-13,19],[-19,44],[-28,87],[-36,106],[-31,106],[-35,115],[-10,24],[-8,34],[-22,69],[-27,70],[-55,155],[-29,86],[-33,101],[-24,71],[-27,72],[-54,151],[-13,41],[-13,32],[-10,34],[-9,42],[-19,108],[-18,98],[-2,15],[-105,1],[-1,252],[-1,8],[-82,0],[-234,4],[-171,4],[-207,9]],[[13991,19052],[1,62]],[[13992,19114],[-1,120],[101,2],[-3,261]],[[14089,19497],[15,1],[53,14],[78,7],[34,6],[189,34],[33,8],[42,16],[51,26],[37,17],[62,17],[22,10],[18,-23],[27,-13],[21,-25],[16,-15],[37,-44],[7,-5],[23,7]],[[14854,19535],[107,51],[55,26],[52,21],[0,-126],[30,4],[82,0],[-1,49],[-1,211],[92,0],[179,3],[543,6],[356,2],[27,-1],[-1,-65],[4,-44],[-4,-14],[2,-65],[32,2],[5,-4],[81,2],[-13,-19],[3,-30],[5,-7],[-4,-27],[14,-6],[0,-10],[19,4],[23,27],[24,12],[3,13],[22,8],[1,27],[5,6]],[[16596,19591],[143,0],[5,21],[8,175],[32,9],[78,19],[98,27],[59,50],[22,-27],[39,-4],[35,19],[7,0],[-5,-28],[8,-66],[9,-56],[14,-9],[65,-2],[41,3],[199,-2],[3,-195],[-4,-141],[2,-11],[-1,-110],[4,-61],[6,-25],[17,-14],[21,-34],[14,-3],[41,25],[251,166],[35,25],[102,67],[94,59],[25,7],[79,54],[17,14],[16,-2],[35,3],[21,-19],[18,6],[75,0],[0,12],[18,0],[0,414],[76,-70],[10,-7],[136,-69],[34,-24],[15,-24],[31,-77],[14,-24],[16,-15],[22,-11],[78,-18],[34,-15],[34,-28],[14,-16],[44,-63],[49,-63],[63,-63],[25,-19],[22,-7],[42,1],[17,-2],[28,-13],[48,-46]],[[20113,18857],[5,-25],[18,-26],[7,-21],[-3,-36],[5,-18],[-4,-17],[6,-19],[-5,-18],[8,-10],[8,-22],[7,-48],[11,-9],[-5,-43],[9,-6],[17,-26],[11,-23],[29,-23],[16,-23],[14,-10],[26,-35],[25,-21],[8,-19],[11,-10],[16,-33],[10,-12],[9,-31],[18,-5],[28,-37],[21,-39],[8,-67],[-4,-18],[-14,-18],[-23,-10],[-7,-21],[2,-18],[-24,-17],[-25,-11],[-26,-28],[16,-20],[4,-24],[-6,-20],[-16,-35],[-22,-19],[-41,-24],[-39,-14]],[[20222,17828],[-219,11],[-113,0],[-87,1],[-419,6],[-46,0],[-85,-3],[-76,1],[-140,0],[-134,0],[-211,11],[-172,0]],[[18520,17855],[-65,2],[-377,-4],[-71,0],[-578,9],[-1,-111],[3,-23],[-2,-312],[-1,-97],[-31,-1],[-380,9],[-38,0],[-95,5],[-10,-3],[-151,1],[-110,2],[1,13],[-76,5],[-216,2],[-156,3],[-376,-4],[-86,0],[-131,4],[-209,4],[-158,0],[-243,-7],[-260,0],[-163,1],[-53,1],[-180,0],[-56,2],[-81,-1],[-141,0],[-30,-3],[-2,-95]],[[13997,17257],[-21,30],[-27,13],[-2,10],[-21,14],[-8,19],[-6,38],[11,37],[25,151],[50,228],[-2,466],[-2,0],[-1,190],[0,103],[2,23],[-3,174],[-1,135],[3,105],[-3,59]],[[14815,8205],[0,-167],[27,5],[20,-6],[156,19],[9,-5]],[[15027,8051],[-4,-91],[-2,-130],[-1,-267]],[[15022,7166],[13,-71],[-7,-36],[1,-70],[2,-151]],[[15031,6838],[-159,65],[-58,0]],[[14814,6903],[-216,3],[1,-266],[-109,2],[-8,4],[-101,0]],[[14381,6646],[-1,85],[0,137],[1,42],[-110,0],[-277,-1],[-50,0]],[[13944,6909],[0,145]],[[13944,7054],[-1,48],[2,103],[-1,52],[1,114]],[[13945,7371],[-2,60],[0,71],[-1,158],[1,69]],[[14563,6377],[25,1]],[[14588,6378],[-1,-33],[5,-16],[14,-7],[57,0],[22,10],[46,-89],[12,6],[161,1],[13,6],[71,55],[-4,10]],[[15056,6367],[22,17]],[[15078,6384],[61,-109]],[[15139,6275],[-157,-124],[-52,-42],[-53,-41],[-24,-24],[87,-84]],[[14823,5762],[-69,78],[-22,19],[-32,20],[-19,9],[-45,14],[-38,21],[-29,28],[-27,38],[60,0],[0,6],[-1,170],[-1,126],[-31,49],[-6,37]],[[12416,5954],[31,15],[22,20],[9,13],[50,107],[7,31],[-3,45]],[[12532,6185],[15,-13],[19,-27],[15,2],[6,-27],[48,-2],[-1,-55],[7,-27],[19,-40],[22,-3],[68,1],[17,-38],[-7,-34],[1,-17]],[[12761,5905],[-20,-12],[-9,3],[-14,18],[-8,4],[-24,-9],[-14,0],[-40,28],[-19,21],[-36,26],[-15,6],[-34,7],[-1,-133],[-67,0]],[[12460,5864],[-170,-2],[-10,5]],[[12280,5867],[15,7],[42,30],[39,32],[40,18]],[[12554,6252],[52,55],[20,18],[32,20],[43,22],[18,19]],[[12719,6386],[20,4],[52,27]],[[12791,6417],[9,5]],[[12800,6422],[10,-32],[26,-45],[10,-14],[38,-23],[12,-20],[12,-34],[9,-62],[7,-71],[8,-90],[12,-76],[1,-68],[5,-35],[9,-25],[32,-67],[43,-70],[4,-11],[17,-102],[8,-10],[35,-5],[41,-49],[40,-36],[31,-46],[37,-45]],[[13247,5386],[20,-27],[5,-44]],[[13272,5315],[0,-7],[-74,1],[-187,-4],[-161,-5],[-213,-2]],[[12637,5298],[1,52],[-2,282],[1,81],[104,-5],[-4,49],[2,100],[19,-2],[-3,40],[6,10]],[[12532,6185],[2,24],[7,22],[13,21]],[[15203,6483],[57,45]],[[15260,6528],[60,-109]],[[15320,6419],[-103,-81],[-78,-63]],[[15078,6384],[125,99]],[[15320,6419],[60,-109]],[[15380,6310],[60,-108]],[[15440,6202],[-115,-91],[-31,-26],[-36,-28]],[[15258,6057],[-59,110],[-60,108]],[[15440,6202],[45,-82],[75,-135]],[[15560,5985],[40,-72],[-91,-72]],[[15509,5841],[-100,180],[-91,-72]],[[15278,22630],[0,10]],[[15278,22640],[52,-1],[192,2],[192,2]],[[15714,22643],[3,-521]],[[15717,22122],[-28,1],[-137,-3],[-130,-1],[-143,-3]],[[15279,22116],[-1,261]],[[15278,22377],[0,253]],[[15714,22643],[395,6],[25,-1],[17,-7]],[[16151,22641],[29,-22],[64,-77],[120,-143]],[[16364,22399],[-8,-4],[-150,-3],[-17,3],[-39,-4],[3,-37],[-2,-85],[1,-11],[1,-128],[-16,2],[-87,-4],[-32,2],[-14,-3],[-69,0],[-2,-35]],[[15933,22092],[-216,-3],[0,33]],[[15279,22113],[0,3]],[[15933,22092],[0,-226],[-216,-3],[-36,-2],[-183,-2],[0,-2],[-112,-2],[-107,2]],[[15279,21857],[0,256]],[[15743,24663],[-2,-30],[-6,-19],[-17,-31],[-9,-25],[-3,-18],[1,-204],[0,-329],[2,-257],[1,-325]],[[15710,23425],[-56,-2],[-35,2],[-99,-1],[-16,-5]],[[15504,23419],[-11,6],[-220,-1]],[[15273,23424],[-1,169],[2,90],[-3,1]],[[15271,23684],[-1,232],[-1,285],[-1,334],[5,29],[-7,64],[1,37]],[[11979,5861],[219,1]],[[12198,5862],[0,-131]],[[12198,5731],[-147,1],[-71,0]],[[11980,5732],[-1,129]],[[12198,5731],[0,-130]],[[12198,5601],[-124,-1],[-94,1],[0,131]],[[11759,6286],[13,-1],[116,23]],[[12353,6352],[-167,-167],[-43,-44]],[[12143,6141],[-12,16],[-11,-6],[-23,-2],[-11,10],[-32,18],[-49,-15],[-60,-34],[-16,-28],[-25,-20],[-8,6],[3,27],[-21,-51],[-21,1],[-26,15],[-17,46],[-59,0],[7,63],[-9,1],[-3,17]],[[11750,6205],[9,81]],[[15509,5841],[-30,-25]],[[16140,24662],[1,-25],[0,-163],[2,-261]],[[16143,24213],[4,-781]],[[16147,23432],[-216,-3],[-36,-1],[-185,-3]],[[15504,23419],[6,-37],[0,-67],[-3,-42],[1,-109]],[[15508,23164],[-234,-2]],[[15274,23162],[-1,262]],[[14826,24666],[33,0]],[[15271,23684],[-54,0],[-134,-2],[-253,-2]],[[14830,23680],[1,40],[-1,222]],[[14830,23942],[-2,259]],[[14828,24201],[-2,389],[0,76]],[[14395,23728],[14,-3],[19,-20],[16,-7],[127,0],[151,1],[51,-1],[43,-17],[14,-1]],[[15274,23162],[-62,-1],[-26,16],[-85,117],[-37,47],[-13,24],[-9,29],[-2,27],[-370,-4],[-23,31],[-31,33],[-4,-6]],[[14612,23475],[-32,30],[-184,170]],[[14396,23675],[-1,53]],[[15274,23162],[4,-522]],[[15278,22640],[-28,7],[-32,20],[-17,19],[-337,456],[-228,308],[-24,25]],[[12916,19108],[32,49],[16,17],[54,46],[76,54],[51,28],[18,8],[71,37],[15,5],[92,4],[59,-14],[116,-34]],[[13516,19308],[-7,-16],[-19,-17],[-25,-12],[-12,-12],[-11,-27],[-5,-101]],[[13437,19123],[0,-17],[29,-118],[-3,-26],[-14,-34],[1,-18]],[[13450,18910],[-135,-41],[-102,-40],[-141,-45]],[[13072,18784],[-55,220],[-7,20],[-20,21],[-48,17],[-15,16],[-11,30]],[[13516,19308],[4,20],[11,102],[-2,29],[-24,41],[-4,21],[8,63]],[[13509,19584],[67,-14],[22,-10],[30,-20],[21,-18],[18,-23],[13,-3],[310,0],[99,1]],[[13992,19114],[-31,-19],[-161,-59],[3,63],[-147,10],[-219,14]],[[12307,7698],[41,-1],[0,-81],[27,0],[0,79],[0,260]],[[12375,7955],[120,1]],[[12495,7956],[190,-1]],[[12685,7955],[-79,-116],[-91,-131],[-28,-41],[-103,-151]],[[12384,7516],[-3,11],[-13,16],[-28,44],[-33,29],[0,82]],[[12083,7942],[33,11],[16,2],[61,0]],[[12193,7955],[155,0]],[[12348,7955],[27,0]],[[12307,7698],[-57,-5],[-57,1]],[[12193,7694],[0,130],[-112,1],[0,84],[2,33]],[[12055,10025],[29,2],[89,1],[19,-3],[105,-38],[68,-26],[19,-1]],[[12384,9960],[33,0],[0,-7]],[[12417,9953],[-1,-31],[-34,-5],[-17,-14],[-17,-7],[0,-10]],[[12329,9432],[35,-38],[50,-46],[24,-28],[22,-39]],[[12460,9281],[6,-22]],[[12466,9259],[-48,0],[0,-25],[28,-4],[5,-29],[4,-65],[-128,2]],[[12327,9138],[-1,131]],[[12326,9269],[0,86],[-10,38],[4,20],[9,19]],[[12194,9005],[132,0]],[[12326,9005],[59,0],[-1,-64],[16,0],[-1,-135]],[[12399,8806],[-86,0]],[[12313,8806],[-119,0]],[[12194,8806],[0,199]],[[3306,7049],[177,2],[57,-1]],[[3540,7050],[1,-131]],[[3541,6919],[-118,0],[-116,-1]],[[3307,6918],[-1,131]],[[4127,5734],[72,1],[145,0]],[[4344,5735],[1,-132]],[[4128,5486],[-1,115]],[[4127,5601],[0,133]],[[4021,7315],[235,0]],[[4256,7315],[0,-131]],[[4256,7184],[-71,0]],[[4185,7184],[-164,0]],[[4021,7184],[0,131]],[[4021,7445],[59,-1],[175,2]],[[4255,7446],[1,-131]],[[4021,7315],[0,130]],[[4484,7055],[1,-132]],[[4485,6923],[-143,-1]],[[4342,6922],[0,180],[-2,17],[-16,65]],[[4535,7317],[63,-1],[14,5]],[[4612,7321],[125,-104],[38,-25]],[[4775,7192],[0,-6]],[[4775,7186],[0,-26],[4,-44]],[[10182,9005],[69,-1],[204,2]],[[10455,9006],[-1,-65],[1,-85],[0,-113]],[[10455,8743],[-108,0]],[[10347,8743],[-121,0]],[[7742,5925],[10,-2],[42,5],[23,8],[42,23],[28,12],[21,1],[74,-2],[9,10]],[[8018,5847],[-296,-1]],[[7722,5846],[0,14],[16,1],[2,15],[2,49]],[[12577,11270],[90,-56],[39,-22],[42,-29]],[[12748,11163],[-8,-26],[6,-43],[3,-68],[8,-17]],[[12757,11009],[-19,-4],[-62,24],[0,25],[-43,15],[0,-30],[-79,28],[-30,4],[0,-25]],[[12524,11046],[-22,4],[-35,3]],[[12467,11053],[-1,55],[-5,21],[-69,112],[-6,31],[16,3],[62,-15],[42,0],[17,-12],[21,3],[23,9],[10,10]],[[11810,7029],[32,-1]],[[11842,7028],[-16,-99],[-16,-115],[-2,-42],[0,-33],[7,-70],[-21,-40],[-8,-34],[-12,-150]],[[11774,6445],[-33,1],[-22,9],[-11,14],[-10,24],[-24,79],[-4,40],[1,64],[17,74],[20,138],[-2,21],[-11,21],[-40,44],[-13,31],[3,67]],[[9153,7172],[217,2]],[[9370,7174],[15,-1],[204,2],[-1,259]],[[9588,7434],[149,1]],[[9737,7435],[69,0]],[[9806,7305],[1,-224]],[[9807,7081],[-218,-6]],[[9589,7075],[-318,-11],[-39,0],[-35,3],[-43,0]],[[9154,7067],[-1,105]],[[11121,10670],[9,23],[38,52],[23,11],[3,24],[59,80],[7,0],[35,-53],[3,-36],[0,-141],[-127,0],[-49,0],[-1,40]],[[11762,9915],[149,1],[86,-129],[6,4],[31,33],[25,21]],[[12129,9681],[11,-31],[14,-28],[20,-33],[18,-25],[26,-28]],[[12218,9536],[-32,0]],[[12186,9536],[-56,-1],[-154,1]],[[11976,9536],[-1,137],[-24,8],[-27,21],[-162,0],[0,213]],[[4996,8946],[0,-197]],[[4996,8749],[0,-274]],[[4933,8476],[-155,1]],[[4778,8477],[-1,84],[-10,26],[-18,25]],[[5656,9258],[17,-1],[52,-12],[53,-1],[0,149],[-7,30],[16,12],[18,20],[25,34],[18,21],[61,42],[10,8]],[[5919,9560],[40,1]],[[5959,9561],[-10,-25],[-50,-148]],[[5837,9150],[-182,5]],[[6237,8863],[33,43],[11,38],[0,67]],[[6281,9011],[135,0]],[[6416,9011],[-1,-69],[-2,-203]],[[6413,8739],[-25,-1],[-22,-5],[-37,-22]],[[6329,8711],[-43,73]],[[6286,8784],[-30,53],[-19,26]],[[6416,9264],[0,-36],[-4,-60],[0,-85],[3,-28],[1,-44]],[[6281,9011],[-110,0]],[[6171,9011],[0,16],[-8,21],[4,21],[7,7],[25,3],[42,-14],[25,5],[14,0],[5,38],[1,60],[-7,26],[-7,14],[-8,41]],[[12186,9536],[8,-18],[-1,-246]],[[12193,9272],[-18,-1],[-199,2]],[[12218,9536],[89,-82],[22,-22]],[[12326,9269],[-132,-1]],[[12194,9268],[-1,4]],[[11620,9006],[110,0]],[[11730,9006],[14,-33],[16,-43],[16,-27],[10,-48],[0,-48],[31,-2],[158,1]],[[11975,8806],[1,-84],[-11,-34],[-1,-17]],[[11964,8671],[0,-133]],[[11964,8538],[-103,0],[-21,-2],[-31,-18],[-33,-32],[-27,-10],[-26,1]],[[11723,8477],[-70,6],[-45,0]],[[11583,8633],[2,9],[-28,61],[-26,44],[-9,41],[-9,21],[-186,0]],[[11327,8809],[0,57]],[[11327,8866],[-1,140]],[[11327,8289],[133,2],[33,2],[10,45],[15,129],[4,17]],[[11723,8477],[9,-16],[-11,-126],[-3,-58]],[[11718,8277],[-3,-50]],[[11715,8227],[-65,-4],[-107,-1]],[[11543,8222],[-68,1]],[[11475,8223],[-102,0],[-46,-1]],[[11715,8227],[-8,-129]],[[11707,8098],[-9,-136],[-74,0]],[[11558,7962],[-15,0]],[[11543,7962],[1,158],[24,-6],[21,-1],[0,92],[-46,-1],[0,18]],[[12634,10823],[28,0],[2,136],[1,5],[49,-19],[47,-16]],[[12761,10929],[0,-105],[15,0],[1,-130],[10,0],[1,-131]],[[12788,10563],[-99,0],[-53,-1]],[[12636,10562],[-2,261]],[[12416,10821],[218,2]],[[12636,10562],[-218,-2]],[[12418,10560],[-1,235],[-1,26]],[[14770,9864],[13,-18],[22,-7],[4,-17],[11,-9],[-3,-20]],[[14817,9793],[0,-58]],[[14817,9735],[-39,8],[-12,8],[-77,64],[-39,30],[-32,14],[-58,19],[-19,8],[0,-35],[-157,1]],[[14384,9852],[1,66]],[[14380,9399],[44,-8],[23,-1],[149,1]],[[14596,9391],[111,-1],[0,4],[104,-3],[4,2]],[[14815,9393],[1,-130]],[[14816,9263],[-110,0],[-108,1]],[[14598,9264],[-163,0],[-55,1]],[[14380,9265],[0,134]],[[19110,5157],[-5,26],[-16,8],[-22,-3],[-12,20]],[[19366,5600],[-1,-52],[-4,-30],[6,-26],[16,-15],[1,-131],[11,-9],[97,-5],[1,-124],[21,-6],[22,0],[21,4],[23,-2],[23,-8]],[[19603,5196],[-9,-27],[-36,-4],[-54,-12],[-8,-42],[-5,-13],[0,-29],[-10,-10],[-18,-5],[-20,3],[-6,-4],[-1,-40]],[[19436,5013],[-381,-1]],[[19055,5012],[0,36],[9,21],[35,19],[11,21],[0,48]],[[3305,7115],[157,2],[78,-1]],[[3657,7117],[0,-22]],[[3657,7095],[0,-44]],[[3657,7051],[-117,-1]],[[3306,7049],[-1,66]],[[4344,5735],[126,0]],[[4456,5343],[-109,0]],[[4255,7577],[50,-1]],[[4340,7547],[137,-113]],[[4477,7434],[135,-113]],[[4324,7184],[-68,0]],[[4255,7446],[0,131]],[[3962,7184],[59,0]],[[4185,7184],[0,-130]],[[4185,7054],[-61,-1],[1,-132]],[[4125,6921],[-103,0]],[[4022,6921],[-1,132],[-58,0],[-1,131]],[[3846,6619],[1,-88],[58,1],[1,-39]],[[3787,6413],[0,41]],[[3787,6454],[-1,164]],[[13944,9644],[0,-117]],[[13944,9527],[-98,0]],[[13846,9527],[-119,0]],[[13727,9527],[-1,195],[-217,1]],[[13509,9723],[0,35]],[[13509,9758],[-1,64]],[[12327,9138],[-1,-133]],[[12194,9005],[0,263]],[[15873,8996],[141,0]],[[16014,8996],[-3,-229],[-2,-25],[-1,-55],[2,-32],[1,-65]],[[16011,8590],[-95,3],[-56,-1],[-62,10]],[[15798,8602],[2,37],[12,23],[29,29],[9,26],[1,39],[10,35],[-9,35],[-2,49],[0,58],[4,14],[17,27],[2,22]],[[14588,6378],[133,0],[27,-3],[19,-6],[47,-25]],[[14814,6344],[45,-21],[34,-7],[34,0]],[[10112,13094],[3,-25],[-6,-50],[-25,-59],[-1,-10],[16,-47],[1,-11],[-13,-53],[0,-22],[-5,-33],[-13,-56],[-6,-9],[9,-40],[-20,-77],[27,-34],[-2,-15]],[[9388,13078],[30,81],[9,42],[28,150],[0,18],[93,155],[87,-57],[29,-77],[-2,-39],[142,-76],[92,-52],[18,-31],[6,2],[65,-8],[27,-9],[46,-13],[35,-2],[7,-9],[12,-59]],[[11326,10319],[218,-2],[61,58],[49,-73],[-2,98],[2,29],[7,25],[30,47],[19,57]],[[11762,9915],[1,10],[-109,0]],[[11654,9925],[-109,1]],[[11545,9926],[0,261],[-48,0],[-171,1],[0,131]],[[5658,7227],[2,199]],[[5660,7426],[106,-2],[136,-1],[82,-2]],[[5984,7421],[443,-2]],[[6427,7419],[-2,-128],[0,-132],[-1,-90],[-205,2],[-122,0],[-199,2],[-161,1],[-80,-1]],[[5657,7073],[1,154]],[[9043,7953],[110,2]],[[9153,7955],[-1,-131]],[[9152,7824],[-163,-1],[-54,2]],[[9803,8479],[109,1]],[[9912,8382],[-109,0]],[[9803,8382],[0,97]],[[10023,7697],[217,1]],[[10240,7698],[1,-262]],[[10241,7436],[-109,0]],[[10023,7436],[0,261]],[[10240,7698],[218,0]],[[10458,7698],[0,-261]],[[10458,7437],[-217,-1]],[[10455,9006],[108,-1]],[[10673,8743],[-109,1]],[[10564,8744],[-109,-1]],[[10457,7960],[2,-54],[0,-141],[-1,-67]],[[10240,7698],[0,262]],[[14599,9002],[94,0],[122,-1]],[[14815,9001],[0,-132]],[[14597,8848],[2,154]],[[14816,9263],[-1,-262]],[[14599,9002],[-1,262]],[[10260,21291],[124,249],[3,8]],[[10387,21548],[25,-1],[57,7],[124,0],[123,0]],[[10716,21554],[150,1],[68,2]],[[10934,21557],[53,-1],[120,0]],[[11241,21555],[150,2]],[[11391,21557],[-53,-97],[-4,-8],[-86,-157],[-141,-261]],[[11107,21034],[-129,-1],[-87,3],[-67,-1],[-97,-5],[-68,0],[-47,2],[-119,0]],[[10493,21032],[1,259],[-26,0],[-208,0]],[[6583,20504],[78,-1],[32,4],[59,-3],[107,0],[69,1],[93,-2],[132,2],[85,0],[230,3],[233,-4],[32,3],[23,-3],[50,-2],[83,0]],[[7889,20502],[9,-485],[-3,-126],[-4,-37],[2,-31],[0,-53],[4,-51]],[[7897,19719],[-108,0],[-215,0],[-40,-2],[-10,2],[-60,0],[-15,-2],[-91,-3],[-1,4],[-55,1],[-72,-1],[-184,1],[-16,-1],[-109,1],[-137,-3],[-112,-1],[-81,1]],[[6591,19716],[0,128],[-3,161],[-3,338],[-2,161]],[[4710,8477],[68,0]],[[4778,8477],[-1,-262]],[[4777,8215],[-53,0],[-14,69],[-4,33],[-3,68],[7,92]],[[4559,8216],[0,195]],[[4559,8411],[34,10],[25,16],[25,20],[23,13],[44,7]],[[4777,8215],[83,-1]],[[4997,7946],[-29,0],[-53,5],[-81,1]],[[4834,7952],[-58,0]],[[4776,7952],[-174,1],[-44,0]],[[15249,6767],[27,-2],[99,-1],[94,0],[217,-2]],[[15686,6762],[1,-123]],[[15687,6639],[-1,-32],[-7,-37]],[[15679,6570],[-39,68],[-45,1],[-94,-76]],[[15501,6563],[-97,-76],[-11,12],[-23,40],[-28,55],[-82,-66]],[[15260,6528],[-45,82],[-1,15],[7,18],[25,38],[4,13],[-1,73]],[[16783,7031],[5,303],[-67,2],[1,34],[14,1],[10,13],[0,37]],[[18621,5339],[30,17],[29,7],[14,-3],[14,8],[24,-1],[11,-14],[12,-6],[26,-3],[58,11]],[[18839,5355],[25,0],[23,-8],[53,15],[12,6],[42,7],[29,-6],[14,-9],[18,-2]],[[19110,5157],[-7,1],[-113,2],[-98,-9]],[[18892,5151],[-57,-6],[-52,9],[-133,-22]],[[18650,5132],[-27,51],[-3,11],[1,145]],[[18621,5600],[217,-1]],[[18838,5599],[1,-244]],[[18621,5339],[0,261]],[[5656,9665],[0,-128]],[[5218,9535],[0,130]],[[10522,21820],[28,56],[19,32],[15,36],[67,132]],[[10651,22076],[15,-2],[49,3]],[[10715,22077],[-1,-144],[1,-117]],[[10715,21816],[-1,-254],[2,-8]],[[10387,21548],[1,8],[16,24],[93,187],[11,11],[0,11],[14,31]],[[7740,5969],[7,40],[8,19],[45,57],[16,16],[22,6],[46,0]],[[7742,5925],[-10,8],[8,36]],[[11543,7962],[-90,0]],[[11453,7962],[9,185],[6,49],[7,27]],[[5099,9012],[117,0]],[[5217,8743],[-123,1],[-98,5]],[[1190,4191],[-7,-28]],[[1183,4163],[-75,0],[-35,8],[-2,-15],[6,-20],[-19,-15],[-16,-3],[-29,9],[-49,-1],[-27,-12],[-11,20],[-22,-18],[-5,-10],[-26,-19],[-10,3],[-40,-3],[-28,4],[-28,9]],[[5919,9560],[-80,-4],[-183,-19]],[[10458,7698],[109,1]],[[10676,7439],[-108,-2],[-110,0]],[[1819,3742],[62,14],[26,11],[73,51],[19,7],[32,-1],[23,-9]],[[2054,3815],[-14,-40],[-5,-29],[3,-21],[13,-46],[3,-19],[-7,-48],[0,-68]],[[1748,3530],[3,33],[9,27],[40,69],[10,21],[9,27],[0,35]],[[13666,21060],[95,1],[3,-130],[107,1],[1,-85],[4,-176],[106,1],[1,-48],[1,-206],[2,-79]],[[13986,20339],[-115,2],[-28,-7],[-30,9],[-2,13],[8,36],[-5,46],[2,72],[6,25],[-6,2],[-101,0],[-170,-3],[-131,-2]],[[13414,20532],[-128,-1],[-205,-3],[-40,1],[-75,17],[-337,71],[-11,4]],[[1958,4670],[-17,39],[-25,48],[-24,38],[-101,146],[-34,52],[-38,52]],[[1719,5045],[-8,10]],[[1711,5055],[35,0],[30,3],[129,1],[161,2],[109,0]],[[11780,12127],[-7,-51],[-20,-203],[-3,-9],[100,-144],[11,-21],[46,-68],[6,-5],[69,-3],[-1,59],[59,7],[1,45],[159,-1],[0,133],[218,-4],[2,-261],[-113,-2],[-11,-154],[73,-46],[84,-50],[58,-39],[66,-40]],[[12467,11053],[-38,-1],[-47,7],[-40,14],[-23,5],[-40,2],[-89,-1]],[[12190,11079],[-22,0],[-48,-13],[-44,-28],[-33,-14],[-28,-7]],[[12015,11017],[-42,-1],[-20,3],[-30,10],[-26,15],[-32,24]],[[11865,11068],[-34,45],[-16,34],[-13,34],[-25,78],[-6,24],[0,22],[9,30],[-19,63],[-4,44],[-13,30],[-3,24],[-4,84],[-5,31],[-1,36],[10,43],[1,36],[-14,80],[-14,59],[-6,65],[4,46],[-2,58],[6,11],[22,10],[12,13],[19,42],[11,17]],[[12748,11163],[109,-64],[0,-67]],[[12857,11032],[-1,-207],[0,-53]],[[12856,10772],[0,-201]],[[12856,10571],[-39,-7]],[[12817,10564],[-29,-1]],[[12761,10929],[0,63],[-4,17]],[[12853,6566],[0,-98],[4,-22]],[[12857,6446],[-29,-10],[-28,-14]],[[12791,6417],[-23,39],[-17,16],[-32,12],[-160,9],[-30,15],[-13,15]],[[12852,6910],[143,0],[75,-1]],[[13070,6509],[-12,-9],[-73,-30],[-32,-10],[-68,-8],[-28,-6]],[[14380,9526],[216,-1]],[[14596,9525],[0,-134]],[[14380,9399],[0,127]],[[2815,6792],[221,2]],[[3036,6794],[1,-140]],[[3039,6382],[-1,-1]],[[2819,6359],[2,32],[0,98],[3,32]],[[2824,6521],[1,53],[-2,145],[-8,73]],[[4126,5862],[89,0],[74,1],[345,3],[144,1],[1,-130]],[[3780,8228],[98,0],[80,1],[60,0]],[[3782,8038],[0,59]],[[3782,8097],[-1,72]],[[3781,8169],[-1,59]],[[3657,7095],[164,0],[83,1]],[[3904,7096],[0,-131],[0,-44]],[[3904,6921],[0,-81],[-59,0]],[[3690,6839],[-32,0]],[[3658,6839],[0,81]],[[3658,6920],[-1,131]],[[8935,7692],[218,2]],[[9153,7694],[0,-262]],[[10133,6653],[110,0]],[[10243,6653],[42,1],[175,0],[73,1],[36,-2],[108,0],[109,2]],[[10786,6655],[0,-169],[2,-69],[11,-79],[36,-175],[8,-37],[20,-103],[-80,-84],[-22,-41],[-18,-43],[-10,5],[-74,0]],[[10659,5860],[-198,1]],[[10461,5861],[0,156],[-1,280],[0,83],[-130,3],[-44,4],[-18,-3],[-26,2],[-108,2]],[[10134,6388],[-1,265]],[[9368,8363],[108,2],[0,113],[109,0]],[[9585,8478],[1,-192]],[[9586,8286],[-61,-8],[-157,-1]],[[9368,8277],[0,86]],[[9586,8217],[217,2]],[[9803,8219],[1,-47],[-1,-114],[2,-55],[0,-45]],[[9805,7958],[-109,-1],[-27,-1],[-82,1]],[[10021,8220],[-108,-1]],[[9913,8219],[-110,0]],[[9803,8219],[0,163]],[[10784,7439],[1,-318]],[[10785,7121],[-103,-9],[-114,-3],[-109,-5]],[[10459,7104],[0,74],[-1,259]],[[12524,11046],[0,-36],[-30,11],[-40,0],[0,-68],[-39,0],[1,-132]],[[12416,10821],[-248,-3]],[[12168,10818],[-1,99],[1,63],[7,32],[13,39],[2,28]],[[12096,10819],[72,-1]],[[12418,10560],[-25,-6]],[[12133,10730],[-108,73]],[[12025,10803],[14,16],[57,0]],[[12399,8806],[75,-1]],[[12474,8805],[3,-135]],[[12477,8670],[0,-63],[1,-70]],[[12478,8537],[-165,0]],[[12313,8537],[0,269]],[[13944,9527],[182,0],[36,-1]],[[14162,9526],[1,-81]],[[14163,9445],[-109,0],[-1,-73],[-109,0]],[[13944,9372],[0,155]],[[15471,8999],[215,-1]],[[15686,8998],[151,-2]],[[15837,8996],[-17,-42],[-20,-25],[-11,-9],[-31,-71],[-69,0],[0,-129]],[[15425,8999],[46,0]],[[11372,22339],[0,392]],[[11372,22731],[0,65],[197,5],[109,1],[1,-65],[109,2],[1,-131],[-1,-184],[5,-26]],[[11793,22398],[-78,-179]],[[11715,22219],[-54,-124]],[[11661,22095],[-20,4],[-29,-4],[-37,-12],[-16,-2],[-82,-1],[-105,-2]],[[11372,22078],[0,261]],[[19372,36957],[162,-2]],[[19534,36955],[1,-194]],[[19535,36761],[-82,0],[0,5],[-39,-2],[-41,-19],[-15,-2]],[[19358,36743],[1,26],[11,27],[2,161]],[[12234,20781],[-217,-2]],[[12017,20779],[-439,-5]],[[11576,21037],[-1,262]],[[3536,8489],[245,0]],[[3781,8489],[0,-130]],[[3781,8359],[-245,-1]],[[3536,8358],[-76,-1],[-158,0]],[[1943,6255],[46,3],[55,19],[49,13],[80,10]],[[2173,6300],[54,6],[159,14]],[[2386,6320],[50,7],[57,6]],[[2494,6107],[-109,0],[-68,-1],[-150,-1],[2,-261]],[[2169,5844],[-216,-2],[-72,1],[-22,5]],[[1859,5848],[17,138],[67,269]],[[2976,10053],[39,192],[80,221],[33,194]],[[3483,10582],[1,-158],[-7,0],[2,-116],[17,1],[75,12],[37,-15],[24,-21],[13,-26],[4,-35],[6,-25],[7,-15],[22,-23],[32,-11],[22,-13],[18,-23],[8,-21],[8,-37]],[[3772,10056],[-89,1],[-153,-2],[2,-65],[0,-65]],[[3532,9925],[-65,-1],[-170,0]],[[3298,9480],[1,-209]],[[3299,9271],[1,-260]],[[3300,9011],[-156,1]],[[3533,9478],[240,3]],[[3774,9404],[3,-6],[1,-125]],[[3778,9273],[-206,-1],[-38,0]],[[3534,9272],[-103,-1],[-132,0]],[[10345,10005],[141,-125]],[[10486,9880],[-16,-26],[-12,-31],[-5,-33]],[[10453,9790],[-218,-1]],[[10235,9789],[0,192],[1,22],[-15,7],[-55,49],[-9,-6],[-139,-1]],[[10018,10052],[1,107],[9,27],[40,61]],[[10486,9880],[227,-202],[28,-25],[24,-36],[13,-39],[2,-45]],[[10780,9533],[-72,-1],[-22,-1],[-125,-1]],[[10561,9530],[-107,-1]],[[10454,9529],[-1,83],[0,178]],[[9262,7432],[109,1]],[[9371,7433],[150,1]],[[9521,7434],[2,-131],[-152,0]],[[9371,7303],[-109,0],[0,37],[-14,5],[0,46],[14,7],[0,34]],[[10455,8480],[109,1]],[[10564,8481],[110,1]],[[10674,8482],[0,-224]],[[10674,8258],[0,-297]],[[10674,7961],[-28,-1],[-189,0]],[[10456,8325],[-1,155]],[[22713,13393],[97,-1],[40,1],[24,7],[28,17],[13,14],[18,27],[10,23],[7,31],[2,27],[-9,48],[12,4],[40,24],[19,0],[22,-16],[34,8]],[[23070,13607],[-2,-34],[8,-31],[-23,-4],[-17,-9],[8,-48],[23,-28],[-37,-21],[31,-26],[12,-16],[23,-7],[22,-16],[17,-8],[17,-14]],[[24956,14026],[5,-8],[20,-9],[15,-14],[54,-30],[27,-53],[14,-11],[61,-18],[70,-17],[22,-11],[14,-19],[17,-7],[8,-17],[15,-16],[11,-3],[46,-1],[29,-22],[70,0],[24,-36],[22,-21],[27,-14],[6,-41],[11,12],[49,-11],[42,11],[33,-7],[39,7],[22,-15],[26,-25],[13,-4],[78,-34]],[[25846,13592],[1,-16],[7,-15],[-13,-20],[-2,-22],[-8,-17],[-17,-8],[-18,-19],[-21,-14],[-12,-2],[-4,-21],[-1,-46],[-162,0],[0,-29],[-52,5],[-18,-8],[-17,-17],[-19,0],[-15,19],[-28,10],[-24,-11],[-35,3],[-16,-4],[-2,27],[-37,0],[-18,4],[-44,-1],[-78,0],[-251,-3],[-84,1],[-20,3],[-20,24],[-9,4],[-16,-2]],[[24793,13417],[-76,102]],[[24717,13519],[15,9],[13,37],[12,42],[28,20],[12,3],[18,16],[10,3],[56,-3],[2,24],[-2,122],[-9,3],[-34,-13],[-26,0],[-13,68],[3,25],[23,33],[0,48],[28,20],[41,12],[23,19],[8,-1],[26,-17],[5,37]],[[19280,36494],[173,-1]],[[19453,36493],[0,-128],[0,-196]],[[19453,36169],[0,-23],[6,-36],[18,-69]],[[19477,36041],[36,-145],[31,-111],[25,-61],[7,-27],[12,-52]],[[19588,35645],[-191,4],[-282,7],[-276,7],[1,328],[-2,196],[111,-3],[194,-7],[27,-2],[109,-2],[1,65],[1,235],[-1,21]],[[19453,36169],[187,-2],[2,261],[77,-1]],[[19719,36427],[-2,-212],[-1,-51]],[[19716,36164],[-3,-152],[4,-20],[10,-13],[25,-12],[-1,-11],[-120,47],[-154,38]],[[20525,36152],[166,2],[1,-134],[40,1],[12,6],[167,3],[0,153],[-6,30]],[[20905,36213],[4,21],[-1,62],[2,14],[-3,110]],[[21631,36228],[-1,-80],[-2,-80],[-2,-169],[-167,0],[-1,-67],[-56,1],[-3,-195],[-457,1],[-31,-2],[-387,1]],[[20524,35638],[1,133],[1,331],[-1,50]],[[15031,6838],[109,-45]],[[15140,6793],[3,-282],[38,12],[22,-40]],[[15034,6511],[-1,129],[-2,198]],[[12096,10819],[-2,18],[-13,1],[-11,18],[-13,4],[-26,28],[-3,11],[2,40],[-18,5],[4,13],[-1,60]],[[11765,10980],[30,21],[30,26],[40,41]],[[12025,10803],[-260,177]],[[10934,22077],[58,0]],[[10992,22077],[161,1]],[[10934,21557],[0,259]],[[10934,21816],[0,65],[1,52],[-1,144]],[[10715,21816],[219,0]],[[10911,22600],[31,65],[8,14],[91,182]],[[11041,22861],[221,0]],[[11262,22861],[-1,-65],[1,-65],[51,-1],[59,1]],[[11372,22339],[-218,1],[3,-4],[-113,3]],[[11044,22339],[-174,-1],[-89,0]],[[10781,22338],[130,262]],[[12853,23825],[22,16],[24,33],[26,19],[46,13],[12,5]],[[12983,23911],[26,24],[21,31],[16,20],[15,11],[71,38],[26,12],[71,14]],[[13229,24061],[10,-48],[8,-18],[17,-30],[13,-14],[266,-266],[97,-98],[79,-78],[65,-67]],[[13784,23442],[-30,-43],[-5,-19],[2,-229],[-200,0],[-22,-9],[7,-11],[39,-48],[11,-20],[14,-62],[23,-31],[3,-11],[0,-58],[-82,-7]],[[13544,22894],[1,37],[-7,68],[-15,25],[-28,33],[-11,8],[-25,45],[0,26],[-32,53],[-7,7],[-29,13],[-44,11],[-49,31],[-26,22],[-37,19],[-20,16],[-22,25],[-24,34],[-6,14],[-41,48],[-25,9],[-11,8],[-29,32],[-19,38],[-6,25],[-20,44],[-16,27],[-1,21],[-9,33],[-17,21],[-37,32],[-14,16],[-11,31],[-25,36],[-16,17],[-14,-8]],[[12852,23811],[-8,10]],[[12844,23821],[9,4]],[[36961,12113],[108,0],[4,437],[0,87],[62,1],[160,-1],[216,1]],[[37511,12638],[56,-1],[86,-3],[63,1],[13,4],[227,-1],[64,5],[36,10],[20,15],[4,21],[14,3],[28,-17],[20,-25],[25,-13],[108,-2],[108,0]],[[38383,12635],[-2,-261],[1,-132],[-2,-128],[6,1],[211,1],[219,-2],[-3,-498],[-1,-206],[-1,-83],[-1,-194],[231,0],[211,2],[18,-1],[-5,-33],[-4,-118],[1,-92],[-6,-54],[-9,-29]],[[39247,10808],[-60,0],[-159,-2],[-199,-1],[-452,8],[-56,0],[-55,-2],[-151,-1],[-172,-3],[-15,-5],[-27,1],[-76,-4],[-110,5],[-84,-1],[-284,-1],[-66,1],[0,-21],[-21,1],[-15,16],[-28,3],[-156,0],[0,-132],[-239,-1],[-133,-2],[-63,-3],[-47,-23],[-9,-10],[-20,-1],[-11,-15],[-18,-7],[-16,6],[-23,16],[-10,20],[-17,8],[-14,0],[-19,-11],[2,-30],[-3,-53],[-4,-22],[-12,-4],[-223,1],[-10,2],[-145,0],[-219,-2],[-53,0]],[[35755,10539],[0,262],[0,202],[-1,123],[3,196],[219,-1],[165,2],[270,-4],[6,2],[71,1],[140,-2],[1,194],[5,60],[17,3],[136,1],[168,2],[1,133],[2,130],[0,63],[3,207]],[[27120,34729],[147,-33],[57,-11],[265,-51],[75,-14],[209,-40],[562,-108],[0,10],[38,-7],[39,4],[45,-4],[101,-16],[61,-1],[40,-5],[99,-1],[21,4],[-1,86],[4,823],[2,396],[1,130],[1,214],[0,171],[-2,3],[2,125],[-1,310],[-1,168],[1,119],[-1,56],[1,227],[-2,36],[-2,388],[0,151]],[[28054,39671],[407,400],[139,138],[198,194],[93,90],[105,103],[133,139],[233,221],[288,281],[4,4],[234,230],[173,171],[110,106],[90,90],[15,13],[60,61],[173,167],[82,79],[14,20],[20,12],[30,31],[160,156],[46,49],[40,32],[43,43],[64,63],[62,57],[49,50],[120,116],[45,44],[61,64],[35,27],[32,31],[76,73],[105,106],[22,19],[91,89],[71,70],[171,248],[143,204],[311,446],[30,45],[25,34],[30,47],[24,30],[38,59],[26,30],[28,49],[55,72],[45,70],[43,63],[45,55],[82,88],[47,47],[65,67],[30,29],[49,53],[14,18],[38,34],[64,68],[44,43],[40,44],[33,31],[83,-53],[29,-16],[44,-49],[15,-5],[75,-4],[36,6],[31,0],[20,-12],[19,-29],[44,-163],[12,-62],[22,-165],[-1,-39],[-16,-42],[-28,-44],[-10,-21],[-20,-31],[-31,-34],[-5,-21],[3,-48],[20,-41],[4,-26],[0,-31],[-14,-34],[3,-61],[-8,-19],[-1,-15],[68,-107],[17,-59],[11,-21],[36,-24],[21,-22],[14,-24],[2,-21],[16,-297],[8,-133],[8,-29],[65,-204],[12,-35],[23,-53],[31,-45],[16,-35],[13,-39],[15,-27],[15,-10],[4,-18],[20,-37],[24,-27],[34,-3],[8,-4],[3,-22],[-5,-20],[6,-16],[16,-10],[30,-32],[61,-54],[27,-19],[25,-43],[28,-120],[7,-12],[22,-15],[20,-21],[20,-44],[7,-27],[15,-31],[6,-38],[19,-36],[5,-16],[32,0],[42,-8],[24,-10],[38,-25],[78,-77],[26,-15],[52,-6],[20,8],[86,43],[28,10],[32,3],[27,-2],[26,-8],[38,-22],[18,-15],[182,-230],[22,-23],[25,-17],[22,-11],[172,-38],[17,-3],[39,-13],[39,-19],[42,-25],[52,-42],[53,-44],[24,-14],[40,-13],[51,-7],[23,-6],[20,-11],[53,-47],[29,-36],[149,-153],[37,-20],[31,-2],[18,5],[33,21],[91,79],[18,11],[39,8],[25,-2],[89,-22],[43,-6],[38,7],[37,15],[118,48],[44,26],[27,23],[32,38],[54,92],[21,31],[26,23],[22,14],[38,12],[62,8],[46,16],[26,16],[23,20],[26,34],[28,47],[25,36],[13,13],[28,22],[37,15],[25,5],[117,2],[234,10],[412,16],[653,26],[809,31],[309,12],[438,16],[41,2],[153,5],[365,14],[106,1],[154,7],[100,1],[195,-7],[318,-14],[257,-12],[653,-23],[165,-8],[808,-34],[223,-9],[590,-26],[419,-17],[52,-3],[54,-8],[28,-8],[47,-17],[39,-19],[54,-37],[210,-133],[44,-30],[52,-34],[-9,-4],[-55,4],[-41,-1],[-33,2],[-20,-3],[-22,-14],[-65,23],[-57,1],[-10,-4],[-34,-30],[-20,-4],[-11,3],[-21,17],[-46,-35],[-81,-67],[-91,3],[-11,-5],[-61,28],[-300,-59],[-141,-54],[-10,-12],[-11,-39],[-9,-19],[-29,-22],[-78,-56],[-101,-72],[-79,-18],[-14,-7],[-26,-54],[-12,-16],[-79,-56],[-218,-158],[-61,-42],[-49,-37],[-252,-180],[-135,-60],[-39,-40],[-29,-47],[-82,-60],[-48,-32],[-80,-57],[-102,-76],[-50,-52],[-20,-53],[-6,-5],[-35,-10],[-12,-9],[-37,-42],[-120,-126],[-6,-11],[-1,-30],[-15,-22],[-27,-10],[-8,-21],[-26,-9],[-33,-21],[-91,-98],[-49,-50],[-121,-131],[1,-69],[0,-295],[-22,-29],[-215,142],[-219,-235],[-144,-152],[-100,-108],[-121,-128],[-192,-204],[-58,-64],[-70,-74],[-49,-42],[-39,-36],[-34,-37],[-61,-65],[-16,-21],[-33,-49],[-39,-63],[-31,-62],[-15,-27],[-65,-100],[-67,-104],[-143,-222],[-12,-18],[-107,-167],[-54,-82],[-99,-155],[-67,-103],[-51,-101],[-76,-144],[-20,-26],[-28,-25],[-29,-37],[-27,-45],[-26,-28],[-21,-10],[-27,-6],[-16,-18],[0,-30],[-14,-16],[-48,3],[-6,-35],[-5,-7],[-18,-3],[-9,-15],[-19,-18],[-11,-39],[-4,-3],[-43,10],[-4,11],[-14,-8],[-32,-6],[-28,-22],[-22,-11],[-38,-5],[-21,-36],[-22,-1],[-19,-10],[-51,-46],[-95,-66],[-58,-61],[-222,-213],[-10,-13],[-12,-32],[-8,-10],[-28,-4],[-28,-36],[-39,-25],[-46,-65],[-29,-14],[-28,-24],[-31,-42],[-20,-39],[-14,-16],[-33,-16],[-37,-11],[-503,-410],[-312,-259],[-206,-165],[-133,-115],[-63,-39],[-32,-16],[-9,-11],[-21,-7],[-12,-19],[-45,-27],[-10,-13],[-22,-37],[-20,-21],[-9,-30],[-54,0],[-46,-12],[-21,-19],[-8,-33],[-3,-28],[-20,-9],[-18,-19],[-110,-94],[-24,-32],[-36,-38],[-89,-51],[-31,-34],[-23,-52],[-67,-88],[-14,-31],[-63,-76],[-52,-52],[-364,-433],[-187,-227],[-11,-11],[-207,-241],[-119,-143],[-73,-91],[-32,-36],[-20,-48],[-47,-25],[-10,-27],[-32,-36],[-37,-33],[-89,-116],[-447,-882],[-60,-122],[-49,-96],[-165,-337],[8,-11]],[[34452,31042],[-170,-140],[-365,-226],[-262,-192],[-276,-192],[-107,-128],[-105,-136],[-125,-156],[-151,-186],[-132,-146],[27,-37],[-76,-91],[-22,31],[-80,-115],[-65,-69],[8,-22],[-60,-82],[-28,11],[-37,-39],[0,-23],[-9,-13]],[[32417,29091],[-19,23],[-25,11],[-21,4],[-10,-8],[-2,-16],[11,-20],[-25,-17],[-92,-70],[-39,-27],[-68,-46],[-367,-261],[-399,-285],[-305,-208],[-138,-102],[-30,-30],[-535,-581],[-315,-345],[-47,-46],[-89,-105],[-61,-39],[-185,-113],[-96,-62],[-191,14],[-171,-7],[-276,-4],[-167,-3],[-396,-10],[-446,-16],[-70,-29],[-93,-43],[-174,-77],[-44,-20],[-98,-38],[-92,-32],[-117,-10],[-299,-27],[-170,-8],[-396,-22],[-43,-2]],[[26317,26414],[117,70],[20,21],[23,41],[35,101],[26,54],[25,38],[35,90],[17,57],[36,76],[69,143],[9,25],[12,49],[37,150],[8,48],[17,53],[41,117],[23,69],[37,89],[28,64],[36,95],[14,33],[22,41],[43,75],[48,76],[18,30],[8,21],[19,68],[39,120],[16,46],[24,82],[47,176],[43,146],[15,44],[-49,26],[-79,40],[-87,46],[-74,43],[-75,41],[-66,25],[-38,8],[-32,3],[-37,14],[-40,22],[-12,12],[-23,36],[-24,31],[-19,36],[-18,54],[-5,65],[-14,20],[-106,100],[-175,169],[-132,125],[-64,62],[-80,76],[-72,70],[-356,339],[-181,173],[-49,47],[-90,85],[-24,19],[-47,28],[-94,68],[-29,10],[-45,7],[-27,14],[-45,28],[-287,170],[-24,17],[-24,21],[-56,58],[-157,165],[-7,13],[-15,51],[-32,102],[-3,19],[-1,83],[-11,53],[14,46],[13,80],[-5,18],[4,13],[11,10],[12,35],[32,55],[10,11],[15,6],[36,-12],[7,17],[-6,87],[4,25],[16,20],[1,16],[-10,15],[-33,12],[-14,37],[-9,12],[-40,28],[-20,23],[-59,60],[-53,80],[-25,33],[-29,52],[-66,109],[-48,82],[-19,31],[-86,129],[-42,69],[-22,52],[-19,54],[-6,54],[-11,110],[6,105],[4,56],[3,115],[-4,65],[-1,66],[-2,96],[-6,74],[-6,48],[-11,61],[-14,73],[-32,143],[-6,22],[-27,73],[-6,23],[-5,141],[-8,41],[-17,69],[-26,61],[-8,16],[-86,128],[-77,111],[-47,73],[-41,59],[-62,86],[-20,34],[-34,32],[-28,42],[-46,75],[-25,47],[-27,55],[-12,19],[-34,35],[-26,33],[-38,70],[-18,17],[-144,42],[20,17],[127,13],[155,198],[36,24],[2,20]],[[36988,9494],[288,2]],[[37276,9496],[216,2],[168,-1],[224,1],[50,0],[395,2],[153,1],[109,-1],[108,1],[112,0],[139,1],[298,1]],[[39248,9503],[2,-9],[-1,-58],[0,-298],[0,-160],[53,-1],[0,-4],[-58,0],[-133,5],[-322,-1],[-135,-1],[-17,2],[-124,-1],[-30,1],[-55,-6],[-81,0],[5,-232],[4,-122]],[[38356,8618],[-11,-2],[-23,-22],[-12,19],[-30,-18],[-11,5],[-11,-7],[-21,0],[-19,-14],[-8,9],[-16,3],[-25,24],[-10,-1],[-10,-22],[-14,-10],[-45,18],[-52,16],[-17,1],[-19,13],[-12,0],[-25,8],[-66,40],[-15,-4],[-28,0],[-19,12],[-19,4],[-39,2],[-61,1],[-89,-5],[-57,0],[-5,2],[-106,0],[13,18],[2,21],[-8,31],[-10,9],[-12,22],[-17,15],[8,11],[27,9],[-4,21],[15,23],[-14,44],[-6,108],[-162,195],[-13,-23],[-4,-35],[-12,-13],[-31,28],[-3,16],[-1,74],[-37,-33],[-27,-15],[-9,-29],[4,-48],[1,-164],[-3,-3],[-118,-1]],[[37040,8971],[-90,0]],[[36950,8971],[0,66],[37,-2],[0,214],[1,245]],[[13536,25875],[19,1],[37,17],[101,31],[6,-57],[8,-13],[13,-5],[6,-12],[-3,-19],[8,-20],[15,-16],[10,-19],[2,-19],[13,-18],[-4,-268],[-3,-253],[-1,-235],[-1,-36],[-11,-31],[-34,-76],[-16,-40],[-53,-122],[-2,-20],[19,-53],[10,-26],[-12,-9],[-32,-40],[-26,-19],[-150,-75],[14,-28],[4,-31],[-13,-42],[-13,-23],[-66,-70],[-14,-29],[0,-118]],[[13367,24082],[-39,-2],[-99,-19]],[[12983,23911],[-2,213],[-1,140],[-36,27],[-9,20],[1,27],[5,35],[11,42],[49,95],[149,336],[3,18],[-4,79],[-20,5],[-9,11],[-22,5],[3,26],[29,12],[11,-1],[19,-11],[30,-5],[20,-9],[1,108],[3,24],[0,92],[-85,2],[73,117],[118,188],[0,14],[88,139],[67,109],[61,106]],[[16123,7030],[0,132],[109,-1]],[[16232,7161],[0,-208],[1,-52]],[[16233,6901],[-111,0]],[[16122,6901],[1,129]],[[16232,7161],[164,2],[163,1]],[[16557,6902],[-26,-2],[-190,0]],[[16341,6900],[-108,1]],[[16341,6900],[0,-86],[-1,-40],[0,-132]],[[16123,6642],[-1,116]],[[16122,6758],[0,141]],[[16122,6899],[0,2]],[[13784,23442],[19,-21],[43,-55]],[[13846,23366],[30,-39],[30,-49],[17,-32],[17,-43],[13,-41],[8,-36],[8,-55],[2,-43],[2,-399]],[[13973,22629],[-25,0],[-27,4],[-31,-8],[-140,-1],[-27,4],[-124,-1]],[[13599,22627],[-4,17],[-16,16],[-15,20],[-5,14],[0,58],[-6,115],[-9,27]],[[12466,9259],[7,-23],[8,-61],[3,-49]],[[12484,9126],[-4,-121]],[[12480,9005],[1,-32],[-4,-79],[-3,-89]],[[12909,9530],[160,-1]],[[13069,9529],[0,-161]],[[13069,9368],[-124,1],[-149,0]],[[12796,9369],[1,162]],[[12576,23797],[120,153],[110,-120]],[[12806,23830],[-25,-31],[-1,-6],[-22,-24],[-28,-35],[-3,-15],[-1,-122],[-42,-1],[-20,4],[-118,-1]],[[12546,23599],[-3,11],[-72,53]],[[12471,23663],[41,51],[64,83]],[[12522,24249],[138,121]],[[12660,24370],[14,-59],[19,-120],[18,-66],[6,-32],[23,-64],[15,-8],[7,-34],[14,-44],[16,-41],[19,-26],[32,-36],[10,-15]],[[12844,23821],[-23,0],[-15,9]],[[12576,23797],[-21,24],[24,32],[-23,19]],[[12556,23872],[-1,41],[5,17],[-22,26],[46,60],[-21,23],[24,32],[-11,23],[-24,72],[-30,83]],[[12351,24098],[17,14],[154,137]],[[12556,23872],[-26,-15],[-30,4],[-25,15],[-21,8],[-43,-1],[-20,-9],[-32,-32],[-16,-6],[-74,-1],[-27,5],[-24,13]],[[12218,23853],[41,114],[18,40],[13,22],[21,29],[40,40]],[[12561,20226],[-34,-221]],[[12527,20005],[-9,3],[-222,47],[-117,26]],[[12179,20081],[32,218]],[[12527,20005],[-30,-207]],[[12497,19798],[-79,18],[-270,58]],[[12148,19874],[31,207]],[[11579,20274],[229,1],[43,14],[33,0],[81,-17],[41,277]],[[12006,20549],[11,74],[0,156]],[[12148,19874],[-210,44],[-24,9]],[[11914,19927],[-22,10],[-54,35],[-35,16],[-36,8],[-20,2],[-168,-5]],[[11579,19993],[0,281]],[[12294,5600],[116,-1],[7,21],[42,233],[1,11]],[[12637,5298],[-220,38],[-112,0]],[[12305,5336],[1,134],[0,78],[-10,0],[-2,52]],[[12198,5470],[-1,-133]],[[12197,5337],[-217,2]],[[11980,5339],[1,51],[-2,80],[219,0]],[[15813,6341],[193,154],[7,5],[-22,41],[-43,65],[-35,35]],[[15913,6641],[210,1]],[[16124,6423],[-20,-5],[-127,-100],[-90,-73]],[[15887,6245],[-35,33],[-16,23],[-23,40]],[[15688,6901],[333,0],[101,-2]],[[16122,6758],[-41,-4],[-102,1],[-18,2],[-275,5]],[[15686,6762],[2,139]],[[17643,5860],[109,1]],[[17752,5861],[109,0]],[[17847,5406],[-29,-24],[-21,-5],[-84,-3],[-23,-6],[-22,-13],[-24,-22]],[[19436,5013],[57,0],[0,-206]],[[19493,4807],[-80,2],[-248,9],[-110,-7]],[[19055,4811],[0,201]],[[19055,4811],[-218,-14]],[[18837,4797],[1,288],[5,9],[49,12],[0,45]],[[5304,19776],[163,0],[57,-2],[1,-64],[43,1],[65,-2],[108,0],[124,1],[372,4],[103,2],[91,-1],[17,-1],[92,2],[51,0]],[[6591,19716],[1,-66],[1,-179],[2,-15],[1,-131],[0,-57],[1,-148],[-1,-20],[3,-167],[-13,-8],[-17,11],[-35,-4],[-20,1],[-16,-42],[-1,-25],[103,-81],[1,-136],[-38,-37],[-5,-9],[-40,-37],[-16,-29],[-12,-39],[-12,-20],[-4,-17],[-17,-32],[-31,-9]],[[5819,18417],[-65,51],[-23,25],[-12,20],[-12,25],[-18,62],[-15,42],[-28,51],[-12,14],[-37,36],[-15,21],[-15,29],[-9,28],[-15,68],[-4,32],[1,24],[10,46],[16,54],[11,45],[0,32],[-9,39],[-25,71],[-10,22],[-20,36],[-35,38],[-17,13],[-144,102]],[[5317,19443],[9,43],[2,36],[-19,61],[-3,22],[-2,171]],[[4476,17408],[39,-113],[18,-3],[9,-54],[65,-5],[19,-3],[19,-10],[53,-39],[23,-25],[24,-36],[29,-20],[46,-24],[26,-30],[34,-18]],[[5824,16361],[-28,-40],[-3,-44],[-23,-20],[-18,-2],[-9,-33],[-33,-38],[-36,-17],[-11,5],[-16,-19],[-41,-16],[-18,-18],[-16,13],[-27,-26],[-29,-9],[-17,-1],[-3,-23],[-9,-31],[7,-25],[19,-1],[13,-19],[18,-16],[-1,-10],[-31,15],[-9,-2],[-20,-14],[-10,-14],[-24,5],[-16,13],[-41,8],[-46,19],[-30,15],[11,-22],[24,-19],[26,-28],[30,-15],[27,-37],[7,-6],[30,-11],[16,7],[26,4],[22,-15],[20,-21]],[[3795,16832],[-42,727]],[[17642,36415],[15,13],[44,51],[36,52],[7,19],[7,44],[-4,35],[-28,83],[-20,56],[-4,35],[1,104],[0,104]],[[19470,37230],[-9,-17],[-14,-15],[-15,-5],[-46,1],[-20,-5],[-11,-12],[-8,-21],[-1,-199],[26,0]],[[19358,36743],[-24,-2],[-66,0],[-10,3],[-88,51],[-8,2],[-1,113],[-58,-25],[-102,-37],[-162,-59],[-203,-75],[-46,-16]],[[18590,36698],[-183,-68],[-165,-59],[-227,-84],[-142,-51],[-68,-26],[-145,-54],[-18,59]],[[12441,23140],[0,-68],[2,-233]],[[12443,22839],[-20,5],[-24,27],[-7,4],[-99,3],[-69,-2]],[[12224,22876],[-1,229]],[[12223,23105],[0,33],[77,0],[141,2]],[[12443,22839],[2,-221]],[[12445,22618],[-64,-1],[-80,1],[-22,6],[-10,-9],[-43,0]],[[12226,22615],[-82,-1]],[[12144,22614],[25,22],[19,21],[19,37],[-27,81],[17,11],[12,26],[2,16],[-9,41],[22,7]],[[11885,22611],[23,51],[21,53],[12,35],[13,54],[17,97]],[[11971,22901],[37,193]],[[12008,23094],[12,37],[16,3],[96,1],[34,-29],[57,-1]],[[12144,22614],[-259,-3]],[[16557,6382],[3,-27],[1,-153],[-2,-18],[1,-71],[3,-37],[19,-23],[-20,0],[15,-26],[5,-20],[-16,-47],[-4,-22],[5,-20],[-7,-17],[1,-62]],[[16561,5839],[-49,25],[-119,49],[-40,19],[-55,33],[-48,36],[-28,25],[-29,34],[-28,11],[-40,31],[-28,24],[-84,58],[-22,11],[-59,24],[-45,26]],[[12150,23661],[68,192]],[[12471,23663],[-321,-2]],[[12148,19874],[-8,-57],[-83,-558],[-11,-81],[0,-229]],[[12046,18949],[-239,-3]],[[11807,18946],[-1,240],[2,32],[67,449],[39,260]],[[12497,19798],[-40,-265]],[[12457,19533],[-42,-281]],[[12415,19252],[-118,24],[-6,2],[-16,-110],[-2,-95],[1,-122],[-228,-2]],[[12415,19252],[-20,-134]],[[12395,19118],[-43,-287],[-5,-28],[-12,-46],[-31,-89],[-61,-172]],[[12243,18496],[-4,-10]],[[12239,18486],[-7,-4],[-156,-57]],[[12076,18425],[-29,1],[-221,-2],[-15,31],[-2,11],[-1,415],[-1,65]],[[13450,18910],[86,-345]],[[13536,18565],[-331,-118],[-17,-4],[-39,-1]],[[13149,18442],[0,33],[-6,27],[-71,282]],[[11587,18941],[188,2],[32,3]],[[12076,18425],[-29,-25],[-31,-33],[-10,9],[-37,11],[-104,-33],[-54,-20],[-220,-76]],[[11591,18258],[-1,165],[1,64],[-1,65],[-3,389]],[[3904,6921],[118,0]],[[4125,6921],[14,-35],[1,-267]],[[4140,6619],[-118,1],[-117,-2],[-59,1]],[[14817,9735],[-2,-96],[0,-115]],[[14815,9524],[-109,0]],[[14706,9524],[1,259],[-324,3]],[[14383,9786],[1,66]],[[35734,8685],[111,0],[36,-1],[76,3],[107,0],[302,2],[164,1],[0,66],[75,1],[0,-87],[54,0],[3,49],[13,20],[28,-16],[227,-1],[0,66],[42,-1],[0,-33],[68,0],[0,80],[0,137]],[[38356,8618],[-8,-305],[1,-301],[1,-572],[-232,-4],[-210,-3],[-433,-11],[-1,-43],[-296,-4],[-576,-3],[-1,110],[0,163],[-3,261],[-430,-2],[0,-509],[12,-27],[-440,-2],[-7,10]],[[35733,7376],[0,5],[0,394],[2,68],[-2,36],[1,79],[-1,128],[3,88],[0,92],[-1,60],[2,31],[-2,66],[-1,94],[1,40],[-2,57],[1,71]],[[36988,9494],[-93,1],[-271,-2]],[[36624,9493],[0,8],[-1,312],[55,9],[52,12],[61,16],[50,22],[52,5],[24,-4],[69,10],[29,14],[44,14],[1,-51],[200,0],[15,-1],[0,-193],[1,-170]],[[12844,13270],[25,21],[24,2],[9,-4],[9,-18],[22,9],[34,-24],[24,-10],[11,-10],[23,9],[21,-5],[7,-20],[47,7],[40,-16],[53,-6],[42,-25],[11,-11],[8,-19],[18,12],[11,27]],[[13322,13495],[12,13],[28,44],[9,5],[22,-3],[6,-5],[0,-68],[9,-20],[-6,-8],[12,-23]],[[12826,13296],[-9,28],[-1,12]],[[33988,8606],[1,78],[13,28],[-1,209],[5,16],[3,43]],[[34009,8980],[315,-1],[82,0]],[[34406,8979],[22,-4]],[[34428,8975],[-3,-9],[0,-156],[0,-135]],[[34425,8675],[-1,-129]],[[15054,9911],[-9,-30],[7,-11],[8,-47],[-14,-16],[-5,-21],[7,-45],[-5,-24],[-10,-10],[0,-65],[-13,-5],[1,-22]],[[15021,9615],[-40,13],[-19,20],[-30,11],[-27,31],[-28,25],[-1,12],[-19,28],[-28,14],[-12,24]],[[15301,10037],[-7,-65],[-1,-43],[3,-24],[-2,-35],[-7,-27],[-23,-52],[-21,-38],[-14,-45],[-3,-52],[3,-37],[10,-76],[-2,-22]],[[15237,9521],[-92,2]],[[15145,9523],[-146,0]],[[14999,9523],[0,66],[23,0],[-1,26]],[[14999,9523],[-184,1]],[[15687,6639],[125,0],[87,3],[14,-1]],[[15813,6341],[-61,109]],[[15752,6450],[-38,66],[-26,39]],[[15688,6555],[-9,15]],[[5219,7077],[84,0],[354,-4]],[[6949,7417],[1,-105],[-2,-114],[0,-176],[-1,-60],[-1,-538],[-3,-114],[0,-202],[-1,-263]],[[6942,5845],[-217,1],[-317,0],[-74,-1],[-59,1],[-181,-1],[-3,-60],[2,-282]],[[5874,5325],[-217,4]],[[5439,5740],[-25,1],[-191,-2]],[[5223,5739],[0,118],[-2,370]],[[5221,6227],[0,151],[15,2],[111,-1],[91,0],[217,-2],[1,131],[0,133],[2,212],[-27,0],[-28,10],[-45,30],[-20,9],[-19,2],[-248,-9],[-52,-4],[0,186]],[[7394,8207],[217,3]],[[7611,8210],[217,3]],[[7828,8213],[0,-96],[-3,-104],[2,-64]],[[7827,7949],[0,-232],[0,-30]],[[7827,7687],[-1,-264]],[[7826,7423],[2,-400]],[[7828,7023],[0,-120],[-110,0],[-191,-2],[-145,-1],[-2,-260],[-2,-131],[-1,-136]],[[7377,6373],[0,-263]],[[7377,6110],[-1,-190]],[[7376,5920],[1,-74]],[[7377,5846],[-435,-1]],[[3658,6920],[-117,-1]],[[4185,7054],[97,0],[0,-65],[2,-4],[1,-63]],[[4285,6922],[-160,-1]],[[3034,7963],[69,1]],[[3103,7964],[0,-90],[-68,-1]],[[3035,7873],[-1,90]],[[11707,8098],[17,-3],[11,-60],[91,0],[-1,33],[79,-1],[3,-6],[0,-105]],[[11907,7956],[-44,0],[-1,-131]],[[11862,7825],[-171,0]],[[14599,9002],[-219,0]],[[14380,9002],[0,263]],[[14816,9263],[109,1],[53,-5],[16,3],[107,1],[44,0]],[[15145,9263],[0,-262]],[[15145,9001],[-221,0]],[[14924,9001],[-109,0]],[[14163,9445],[0,-131],[0,-49]],[[14163,9265],[-219,0]],[[13944,9265],[0,107]],[[15145,9523],[0,-260]],[[14815,9393],[0,131]],[[14163,9265],[158,0]],[[14321,9265],[0,-95],[1,-63],[-6,-27],[-12,-7],[-69,0]],[[14235,9073],[-282,-2],[-8,-1]],[[13945,9070],[-1,195]],[[14235,9073],[1,-70]],[[14236,9003],[-72,0]],[[14164,9003],[-131,1]],[[14033,9004],[-88,0]],[[13945,9004],[0,66]],[[5837,9150],[-59,-140],[72,-1],[0,-74],[2,-37],[6,-23]],[[5858,8875],[-32,-14],[-17,-12],[-22,-25],[-15,-24],[-33,-73]],[[5739,8727],[-30,14],[-15,3],[-38,0]],[[20222,17828],[246,-10],[111,-4],[183,2],[170,-1],[92,2],[-2,-222],[-10,-100],[-19,-182],[-1,-7],[50,9],[109,10],[241,19],[78,-5],[188,-20],[164,1],[141,-8],[25,2]],[[22979,14028],[1,-107],[-42,-36],[-4,16],[-25,-11],[-15,4],[-9,-14],[-13,-4],[-13,-26],[-7,-6],[-18,5],[-27,-3],[8,-11],[-27,-34],[-8,13],[-8,-33],[-17,-31],[-37,3],[-17,-8],[-9,-14],[-32,-8],[-19,28],[-18,-22],[-16,-4],[-23,-18],[-6,-10],[-23,-1],[-22,-6],[-38,24],[-10,12],[-15,28],[0,16],[-11,17],[-11,7],[-24,0],[-15,-18],[-18,-11],[-3,-25],[9,-14],[0,-16],[17,-26],[38,-25],[26,-48],[9,-53]],[[22016,13400],[2,24],[-21,4],[-16,-8],[-21,17],[13,26],[-4,23],[6,11],[20,14],[-13,10],[-6,-13],[-12,-9],[-13,-1],[-21,-37],[-27,31],[0,36],[-16,22],[-20,8],[-13,17],[6,23],[14,14],[-35,14],[-10,10],[-8,17],[-14,4],[-18,-12],[-35,14],[-16,1],[-4,-7],[30,-22],[33,-45],[18,-32],[-15,-5],[-17,20],[-22,37],[-20,15],[-13,-3],[-2,-16],[-19,-29],[-10,14],[7,6],[3,26],[-4,7],[-29,5],[-3,-12],[-17,-2],[0,16],[-25,-4],[-12,2],[-25,16],[-15,-17],[-13,16],[5,32],[-9,17],[-32,24],[-26,-3],[-11,-17],[5,-19],[-7,-19],[-17,10],[-12,-7],[3,-27],[14,-8],[5,-16],[17,-8],[24,-19],[11,-19],[7,0],[11,-15],[1,-10],[15,-25],[10,-3],[19,4],[9,-13],[-13,-27],[-1,-54],[14,0],[22,16],[46,-24],[15,-22],[-21,6],[-17,-5],[-7,-17],[3,-18],[-12,-21],[-15,-4],[-15,-15],[2,-14],[11,-3],[-5,-36]],[[21613,13267],[-13,3],[5,18],[-17,5],[-20,-7],[-36,0],[1,-11],[-24,-9],[5,19],[-7,11],[-14,-5],[-19,11],[11,17],[-9,41],[9,17],[-1,13],[-26,-46],[-2,12],[-13,-1],[2,22],[11,27],[-15,-3],[-4,15],[7,32],[10,1],[4,25],[-13,9],[-15,-3],[-7,10],[-3,24],[-36,17],[-9,-9],[-17,17],[-37,-11],[-4,-9],[4,-15],[-23,-15],[-30,-28],[-41,10],[-15,-3],[-25,-16],[-17,27],[-27,-6],[-20,4],[-8,-5],[-14,-28],[9,-9],[43,-30],[11,-38],[14,-12],[8,-14],[28,-11],[9,-14],[19,-19],[17,-7],[0,-36],[26,-18],[0,-5],[-36,-16],[5,-19],[-17,-9],[-27,-5],[-19,6],[24,26],[-5,12],[-12,-8],[-15,-19],[-3,14],[-12,20],[-20,9],[-14,-1],[-11,27],[-26,13],[5,10],[-38,0],[-20,-22],[-5,36],[0,26],[-5,13],[-14,9],[-23,2],[-7,-46],[-1,-31],[-5,-10],[4,-18],[-10,-10],[-12,4],[-1,-79],[17,-2]],[[19380,12739],[-29,-35],[-57,-7],[-47,6],[-13,6],[-21,27],[-16,8],[-75,9],[-19,-2],[-88,-30],[-17,-7],[-14,-13],[-19,-31],[-20,-17],[-62,-35],[-20,-7],[-55,-6],[-33,-17],[-27,-5],[-14,-7],[-20,-19],[-25,-8],[-53,11],[-30,-1],[-8,10],[0,41],[-7,10],[-1,22],[13,19],[4,19],[0,25],[8,17],[11,8],[5,12],[-5,27],[-7,7]],[[17864,13524],[-15,15],[2,21],[-13,2],[-13,10],[-18,6],[-5,-22],[-24,-9],[-17,-14],[-12,29],[-21,0],[-15,9],[3,11],[16,4],[-7,25],[28,25],[24,-9],[-2,25],[28,31],[24,0],[0,17],[17,21],[2,11],[-13,12],[1,14],[18,27],[1,14],[13,3],[12,13],[14,3],[14,28],[7,5],[14,-14],[8,9],[-11,19],[-27,6],[-16,14],[-6,28],[-10,23],[1,8],[17,20],[4,12],[18,-3],[10,-13],[12,12],[-9,44],[13,2],[15,23],[15,5],[18,16],[-7,28],[16,13],[15,21],[18,18],[3,23],[5,5],[35,-7],[10,8],[13,20],[24,9],[-1,23],[7,14],[20,-4],[8,5],[8,30],[31,31],[20,-5],[20,32],[10,7],[22,-12],[18,1],[10,28],[21,9],[14,-7],[17,23],[24,13],[8,-4],[12,7],[6,35],[24,-2],[1,18],[8,18],[28,10],[16,-4],[21,29],[16,5],[-6,54],[4,6],[31,15],[23,-9],[13,5],[19,-11],[13,-2],[31,-33],[4,-17],[11,-10],[16,18],[29,2],[27,7],[40,18],[-5,12],[-28,-2],[-11,-6],[-15,3],[-24,18],[-13,-1],[-4,10],[6,19],[-19,15],[-9,26],[11,14],[-10,11],[-2,15],[7,24],[21,-1],[11,14],[18,-4],[8,-12],[16,-4],[20,-14],[8,4],[5,16],[13,0],[4,-14],[14,-2],[14,22],[15,13],[25,7],[14,26],[26,-4],[23,34],[19,33],[16,8],[15,-3],[37,4],[4,19],[12,22],[27,38],[17,35],[-7,26],[17,19],[-1,9],[12,21],[61,34],[12,12],[4,15],[14,5],[23,-10],[25,3],[9,39],[19,4],[23,11],[9,19],[10,0],[13,-16],[16,-6],[7,-8],[17,3],[17,-12],[14,0],[17,10],[6,10],[1,30],[-4,8],[14,14],[1,12],[-16,12],[13,12],[-10,19],[31,15],[14,23],[28,23],[-4,26],[4,12],[-8,25],[8,24],[28,53],[6,16],[13,13],[7,41],[-3,15],[-19,35],[-2,31],[-14,57],[-3,26],[2,20],[19,19],[17,9],[17,16],[3,45],[7,17],[25,-2],[23,30],[46,47],[18,36],[11,27],[22,15],[16,25],[6,31],[9,18],[17,54],[18,29],[28,38],[-11,11],[-30,21],[-41,11],[-26,0],[-10,14],[-18,3],[-22,13],[-20,-13],[-22,-31],[-7,-34],[-22,-25],[-28,-35],[-28,-16],[-19,10],[-19,4],[-38,20],[-27,-10],[-26,-3],[-15,6],[-29,1],[-36,-11],[-25,4],[-12,-13],[-23,-1],[-13,-9],[-13,-21],[-14,-7],[-29,-25],[-19,-11],[-21,2],[-12,7],[-22,-16],[-29,7],[-14,16],[-10,0],[-17,-11],[-63,-21],[-29,-5],[-29,1],[-14,4],[-24,17],[-31,9],[-7,28],[-14,9],[-20,-4],[-21,21],[-26,8],[-23,-24],[-30,0],[-5,22],[7,17],[1,24],[10,36],[-10,48],[-8,10],[-42,28],[-10,24],[-26,23],[-15,5],[-10,14],[-13,29],[-8,38],[-3,29],[6,20],[-3,12],[-14,21],[-19,15],[-14,40],[2,28],[-16,28],[-22,10],[-8,8],[-36,11],[-19,-9],[-21,-4],[-17,13],[-10,30],[1,38],[-5,14],[-25,-3],[-17,17],[11,32],[3,22],[44,30],[29,25],[9,12],[21,15],[7,25],[14,22],[3,15],[-11,19],[-13,35],[6,16],[-3,25],[17,18],[21,28],[6,24],[-3,33],[11,31],[35,59],[22,18],[5,24],[-3,42],[4,11],[16,12],[8,28],[11,14],[21,51],[5,25],[3,61],[5,19],[2,53],[-7,42],[-22,75],[-8,16],[-1,18],[-21,39],[-1,31],[-5,24],[-9,15],[-7,24],[0,26],[-5,22]],[[21264,20601],[163,3],[88,0],[78,2],[223,3],[324,1],[60,1],[44,-3],[50,1],[250,-3],[357,-4],[116,-2],[174,-1],[323,-4],[28,-1],[23,-5]],[[23565,20589],[-2,-461],[0,-188],[0,-130],[-1,-258],[-3,-526],[-1,-262],[-3,-282],[-1,-13],[-22,-77],[-2,-25],[17,-91],[2,-17],[-5,-73],[-8,-59],[-10,-41],[1,-29],[9,-48],[18,-193],[7,-59],[8,-24],[15,-21],[27,-33],[14,-27],[4,-17],[5,-47],[15,-40],[35,-50],[35,-40],[45,-43],[44,-38],[14,-16],[12,-21],[17,-60]],[[9807,6652],[109,1],[217,0]],[[10134,6388],[-109,4],[0,-148],[0,-113],[-103,1],[-6,1],[-108,0]],[[9808,6133],[0,256]],[[9808,6389],[0,19],[-1,244]],[[11391,21557],[78,0],[104,2]],[[11963,7563],[76,270],[32,122]],[[12071,7955],[12,0],[0,-13]],[[12193,7694],[0,-3]],[[12193,7691],[-2,-2],[-107,-126]],[[12084,7563],[-121,0]],[[11907,7956],[131,-1]],[[12038,7955],[33,0]],[[11963,7563],[-101,1]],[[11862,7564],[0,261]],[[12084,7563],[-4,-66],[1,-98],[-19,0]],[[12062,7399],[-40,0],[-159,34]],[[11863,7433],[-1,131]],[[12062,7399],[-19,-134]],[[12043,7265],[-100,21],[-53,3],[-42,13]],[[11848,7302],[14,35],[1,96]],[[12043,7265],[-22,-156]],[[12021,7109],[-11,-76],[-39,8],[-4,-31]],[[11967,7010],[-40,10]],[[11927,7020],[-37,7],[-48,1]],[[10142,7109],[62,-1],[70,-5]],[[10274,7103],[34,-3],[41,0],[110,4]],[[10459,7104],[0,-188],[-217,-1],[-1,-116],[2,-146]],[[10133,6653],[0,339],[8,48],[1,69]],[[10241,7436],[0,-314],[33,-19]],[[10142,7109],[-1,68],[-8,72],[-1,24]],[[14597,8733],[-22,8],[-195,0]],[[14380,8741],[0,162],[0,99]],[[14380,8611],[0,130]],[[14380,8480],[0,131]],[[14924,9001],[0,-470],[0,-20],[-45,-22],[-65,-29]],[[15406,8534],[54,-83],[13,-40],[1,-210],[-2,-137],[1,-130],[0,-103]],[[15473,7831],[-59,21],[-41,14],[-57,38],[-182,86],[-107,61]],[[11453,7962],[-125,-1]],[[11328,7961],[0,115],[1,75],[-2,71]],[[12473,10498],[65,-43],[19,-15],[19,-22],[20,-32],[24,-17],[30,-4],[42,13],[20,0],[10,-12],[1,-24],[-9,-15],[-18,-15],[-8,-20],[-1,-22]],[[12687,10270],[-110,0],[-2,-29],[-25,-43],[0,-30],[-9,-20],[6,-8],[14,3],[-8,-24],[-30,-6],[-24,-11],[-19,0],[-13,-5],[-36,-43],[29,1]],[[12460,10055],[0,-36],[-58,-1],[-13,-14],[-5,-44]],[[14706,9524],[-110,1]],[[14380,9526],[0,73],[3,187]],[[9647,16330],[47,3],[83,-19],[47,-7],[31,-3],[44,-9],[183,-48],[-1,201],[2,12],[18,53],[6,24],[-7,38],[-22,31],[1,48],[-1,73],[3,45],[-2,19],[-10,27],[8,50],[25,51],[30,77],[17,34],[46,64],[24,30],[15,14],[72,49],[33,21],[64,29],[257,111],[38,19],[71,53],[21,19],[61,79],[40,41],[37,25],[31,18],[39,16],[31,9],[30,13],[66,40],[101,77],[36,20],[19,4],[68,5],[32,6],[0,16]],[[11381,17808],[78,41],[105,39],[63,26],[50,25],[26,17],[40,30],[40,18],[159,37],[28,11],[23,15],[33,37],[35,51],[97,146],[26,43],[12,25],[17,42],[26,75]],[[12243,18496],[16,-3],[-14,-63],[45,1],[23,5],[224,-4],[1,0]],[[12538,18432],[196,5],[56,0],[95,2],[76,-1],[75,3],[113,1]],[[13536,18565],[52,19],[28,19],[61,86],[49,71],[18,18],[13,8],[27,6],[31,-2],[22,-8],[30,80],[5,9],[68,98],[45,68],[6,15]],[[13997,17257],[-3,-371]],[[13994,16886],[-208,-5],[1,-306],[-7,-25],[-3,-199],[-210,11],[-6,-204],[2,-161],[0,-166],[-2,-9],[-102,2]],[[13459,15824],[-67,0],[-187,5],[-63,0],[-6,4],[-226,-3],[-213,0],[0,-6],[-44,1],[-219,-6],[-74,9],[-235,2],[-40,1],[-112,-3],[-27,7],[-71,-6],[-164,-8],[-90,8],[-30,-1],[-116,1],[-83,-4],[-115,-1],[-262,-3],[-69,-4],[-295,7],[-109,0],[-74,-2],[-120,-2],[-21,1],[-67,-2],[-105,-1],[-73,-1],[1,57],[2,205],[-323,5],[-120,-1],[0,43],[3,82],[2,122]],[[34452,31042],[548,12],[444,-19],[154,-6],[723,13],[7,-515],[429,3],[12,-1057],[224,2],[562,5],[190,1],[322,-3],[32,0],[250,5],[141,2],[227,-2],[406,-8],[386,0],[316,1],[2,-537],[427,-4],[1,-163],[-1,-358],[-426,0],[2,-512],[426,-3],[1,-323],[0,-180],[-426,3],[1,-281],[1,-138],[0,-105],[426,3],[1,-106],[1,-388],[722,5],[853,6],[416,-14],[513,-17],[689,-9],[34,-1],[107,2],[214,-2],[732,-5],[414,-9],[293,4],[-24,-1053],[-2,-90],[-5,-423],[557,0],[238,3],[204,1],[346,-2],[376,10],[463,5],[7,-4],[463,0],[-2,-43],[125,6]],[[47994,24754],[80,6],[172,1],[189,-8],[-17,-549],[0,-20],[630,-14],[692,-15],[4,-1536],[-5,-942],[-19,-713],[1,-23],[-18,-252],[-8,-212],[19,-450],[932,-11],[2,-275],[388,-9],[6,273],[380,-15],[293,7],[0,-322],[1,-473],[-1,-236],[225,-1],[-1,-211],[4,-506],[0,-134],[8,-1369],[1,-500],[0,-486],[2,-477],[-762,7],[-116,0],[-161,3],[-339,-1],[-483,5],[-287,1],[-120,1],[-635,2],[-213,2],[-527,3],[-110,3],[-128,-20],[-805,5],[-233,2],[-7,1],[-517,6],[-453,2],[-263,1],[-237,2],[-172,3],[0,-137],[-8,-1174],[4,-380],[3,-305],[-1,-105],[-423,-4],[-624,-5]],[[44337,13200],[-53,-1],[-2,-282],[2,-246],[-106,-7],[-3,-88],[-4,-296],[-104,-4],[1,-133]],[[42744,13434],[-220,-6],[1,114],[-1,148],[-88,-1],[-327,8],[-267,-11],[-79,-3],[-121,-2],[-156,-1],[-46,1]],[[41440,13681],[-8,3],[-99,2],[-40,-2],[-75,0]],[[41218,13684],[-95,5],[-13,-1],[-100,3],[-66,-7],[-105,3],[-26,2],[-58,-4],[-114,-1],[-38,2],[-84,-2],[-285,-3],[-75,4],[-72,-3],[-152,-3],[-237,4],[-117,-8],[-217,5],[-107,5],[-74,1],[-385,1],[-24,-1],[-46,3],[-11,-6],[-218,-2],[-67,-1],[-264,5],[-95,-6],[-66,0],[-28,-2],[-239,4],[-225,7]],[[37515,13688],[2,518],[-102,0],[-508,-1],[-247,0],[-4,56],[4,204],[-7,122]],[[36653,14587],[7,75],[1,573],[0,18],[-341,1],[-104,-2],[7,863],[1,25],[4,681],[-454,17],[7,167],[12,328],[-8,1],[-188,0],[-293,-5],[-127,2],[-204,0],[-66,1],[0,140],[0,213],[-1,219],[2,514]],[[34908,18418],[0,123],[2,589],[3,104],[3,439],[1,236],[2,279],[-1,27],[4,791],[2,493],[-442,3],[0,1117],[0,988],[-894,-4],[-1,737],[0,452],[-323,-8],[-9,1615],[-3,485],[-327,-5],[-447,-29],[-83,2],[-3,259],[1,518],[-1,210],[1,1155],[1,101],[10,-22],[13,18]],[[13682,6449],[2,29],[-1,55],[44,0],[-1,20]],[[13726,6553],[109,0],[0,23],[48,-16],[61,-25]],[[13944,6535],[1,-152]],[[13945,6383],[-87,-2],[-176,1]],[[10023,26258],[107,-1],[166,2],[-2,263],[2,262],[13,0],[1,105],[-5,229],[-2,97],[2,95],[160,1],[208,-3],[16,-208],[2,-492],[-1,-90],[46,4],[77,1],[323,4],[-3,-448],[2,-16],[-1,-305],[6,-20],[190,2],[1,-47],[5,-21],[16,-49],[3,-92],[-4,-51],[1,-27],[-9,-64],[-4,-50],[-9,-94],[1,-36],[21,0],[-1,-43],[6,-37],[-5,-23],[0,-212]],[[11352,24894],[2,-220]],[[11354,24674],[-38,1],[-144,-1],[-181,1],[-31,1],[-156,1],[-113,2],[-3,34],[2,14],[-2,52],[3,31]],[[10691,24810],[-1,51],[-1,130],[-3,212],[1,13],[-66,-2],[-77,1],[-76,0],[5,266],[-266,-11],[-72,-1],[-52,2],[-58,0]],[[10025,25471],[0,261]],[[10025,25732],[0,93],[-2,168],[0,130],[0,135]],[[17473,12006],[35,-22],[13,11],[13,-15],[23,7],[10,19],[-2,26],[-10,37],[-22,-17],[-29,8],[-10,21],[-28,12],[1,37],[33,3],[23,15],[16,22],[22,18],[20,25],[17,34],[14,-5],[26,-2]],[[17638,12240],[26,-10],[25,-30],[7,-4]],[[17696,12196],[7,-4],[34,-46],[1,-18],[9,-18],[14,-13],[8,-15],[18,-7],[13,-27],[16,-13],[24,-40],[-14,-27],[-16,-7],[-53,-9],[-5,-25],[-1,-35],[19,-40],[13,-56],[18,-66],[17,-51],[32,-84],[3,-14],[5,-178],[2,-65],[-3,-354],[-1,-42],[-6,-41],[-4,-43],[3,-32],[-3,-43],[-20,-30],[-21,-20],[-75,19],[-9,10],[-18,2],[-15,11],[-25,-9],[-15,-18],[35,-16],[-4,-21],[7,-9],[22,-12],[-2,-13],[-12,-1],[6,-21],[-4,-16],[-15,4],[-18,-4],[-1,-15],[6,-14],[-22,-20],[-1,-15],[-29,-8],[-9,5],[-15,-4],[2,-16],[14,-26],[-27,0],[-6,-23],[-12,-4],[-5,-15],[-30,-14],[-8,8],[-8,-16],[-1,-42],[-5,-24],[1,-19],[-18,-2],[-8,-12],[5,-24],[-1,-19],[-22,0],[-25,-5],[-24,6],[-26,0],[-4,-10],[25,-10],[12,-19],[2,-13],[16,-2],[15,-18],[13,-6],[-1,-12],[-27,-21],[13,-15],[-2,-22],[-25,-6],[-32,-2],[28,-35],[3,-24],[6,-14],[2,-34],[-4,-17],[-15,-20],[-10,-25],[9,-47],[-8,-7],[4,-19],[-3,-12],[9,-23],[12,-17],[-12,-12],[-22,-4],[-6,-13],[-19,-19],[-11,-29],[1,-20],[22,-9],[4,-13],[-3,-14],[9,-31],[-17,-18],[7,-14],[10,6],[26,-34],[22,2],[11,6],[12,-3],[12,11],[16,-4],[36,2],[30,-5],[19,-15],[18,0],[3,-15],[-16,-27],[-20,-10],[-14,6],[-1,13],[-15,-2],[-5,-46],[-8,-5],[-19,16],[-7,16],[-17,6],[-5,-12],[6,-13],[10,-36],[-7,-27],[9,-16],[16,19],[-2,29],[23,-12],[-1,-16],[5,-23],[8,-11],[6,-31],[-20,-31],[-1,-14],[7,-32],[-3,-31],[-31,-26],[-4,-16],[-20,-54],[-14,-13],[6,-20],[26,-21],[0,-13],[-20,-15],[-14,1],[-53,46],[-29,16],[-11,-2],[-82,-51],[-4,-13],[-18,-29],[7,-16],[-1,-19],[-6,-32],[8,-36],[-1,-31],[-14,-21],[-18,-33],[-32,-51],[2,-13],[26,-8],[-11,-46],[8,-48],[14,-41],[68,-21],[37,-1],[20,-8],[-7,-15],[-22,-4],[-9,-11],[6,-35],[10,-4],[21,10],[12,-22],[2,-22],[146,1],[-3,-94]],[[17518,8505],[-17,-26],[-23,-14],[-18,-16],[-21,-8]],[[17439,8441],[-367,17],[-128,7],[-91,-3],[-76,-1],[0,57],[-5,120],[4,81],[-56,2],[0,31],[-28,1],[-1,31],[-27,1],[-1,61],[-110,3]],[[16553,8849],[-3,643],[-215,3],[-216,4],[-214,9],[0,128],[1,254],[-107,7],[0,-129],[-107,7],[0,257],[-371,4],[-20,1]],[[15574,13638],[20,-34],[11,11],[-7,12],[6,37],[5,11],[42,40],[23,27],[15,21]],[[15689,13763],[8,-1],[16,22],[17,16],[23,2],[11,-16],[5,-25],[-22,11],[-19,-10],[-6,-35],[15,-6],[4,-10],[15,1],[16,-18],[11,11],[15,-8],[15,0],[15,8],[1,40],[17,19],[56,-53],[20,-16],[14,-23],[13,-11],[15,-5],[39,-3],[29,5]],[[16032,13658],[11,-9],[9,4],[23,19],[18,9],[25,2],[18,-10],[12,-17],[24,-13],[10,-13],[15,-5],[8,-14],[4,-27],[-6,-17],[1,-18],[18,7],[2,9],[22,35],[22,8],[7,-3],[1,-26],[20,5],[4,-35],[5,-8],[23,3],[8,-5],[3,-18],[8,-23],[-3,-40],[-11,-26],[8,-3],[19,34],[22,21],[4,17],[20,16],[-2,32],[9,8],[10,-34],[-2,-24],[7,-8]],[[16428,13491],[-11,-35],[-6,-36],[0,-49],[-16,-32],[-3,-13],[5,-19],[-4,-13],[-19,-22],[-6,-48],[-15,-17],[-47,-10],[-16,-12],[-29,-12],[-16,-13],[-22,-4],[-24,6],[7,-17],[19,-11],[10,-16],[13,2],[13,9],[29,-16],[25,7],[13,-6],[7,-11],[15,-38],[5,-32]],[[15298,13094],[19,39],[19,50],[49,43],[13,-12],[46,14],[-11,21],[-8,48],[1,25],[6,21],[-3,24],[16,21],[10,-25],[19,-34],[12,-15],[12,1],[-8,29],[3,36],[11,22],[5,32],[7,15],[0,15],[-7,10],[-22,12],[-15,33],[10,14],[22,14],[6,14],[11,8],[24,-5],[21,20],[-6,38],[12,5],[2,11]],[[7889,20516],[21,-13],[109,-2],[309,-3],[1,5],[32,2],[35,-4],[36,-1],[72,3],[37,-2],[231,1]],[[8772,20502],[0,-1],[133,1],[110,4],[54,1],[146,0],[103,1],[39,-2],[37,2],[114,-1],[54,1],[44,-1],[143,1],[122,0]],[[9871,20508],[-143,-287],[-35,-71],[-20,-37],[-27,-54],[-14,-17],[-12,-25],[-19,-33]],[[9601,19984],[-14,-36],[-12,-23],[-11,-31],[-23,-44],[-63,-128]],[[9478,19722],[-75,0],[-68,3],[-22,6],[-19,-6],[2,-73],[1,-60],[-27,-2],[-28,2],[-38,-2],[-96,-1],[-28,1],[-2,130],[-111,-2],[-157,-4],[-39,2],[0,-121],[-109,105],[-15,2],[-13,13],[-64,0],[-36,-1],[-91,1],[-164,0],[-55,0],[-91,-2],[-67,3],[-60,15],[-1,-14],[-108,2]],[[7889,20502],[0,14]],[[8771,21213],[0,73],[129,3],[111,4],[170,5]],[[9181,21298],[144,-3],[35,-2],[202,-4],[82,-1],[164,2],[44,0],[114,1],[10,4],[36,-8],[44,-5],[1,11],[152,-1],[51,-1]],[[10260,21291],[-130,-261],[-64,-129]],[[10066,20901],[-13,-27],[-99,-198],[-11,-19],[-19,-42],[-53,-107]],[[8772,20502],[-1,129],[0,380],[-7,15],[8,64],[-1,123]],[[7413,18417],[1,25],[10,51],[11,30],[16,25],[16,39],[2,168],[0,52],[109,-2],[0,11],[30,22],[21,73],[21,39],[-3,19],[-6,16],[0,31],[10,23],[13,50],[7,9],[1,31],[19,38],[13,13],[8,19],[5,42],[9,36],[16,43],[11,37],[19,48],[30,51],[10,42],[49,89],[27,65],[10,26],[-1,41]],[[9478,19722],[-65,-131],[-159,-322],[-31,-73],[-51,-84],[-36,-81],[-67,-137],[-23,-43],[-80,-158],[-37,-90],[-49,-96],[-17,-23],[-37,-74],[-71,-145],[-80,-161],[-47,-95],[-58,-117]],[[11327,8866],[-109,0],[0,-42]],[[11661,22095],[-36,-84],[-51,-113],[-83,-157],[-100,-184]],[[33552,8827],[298,110]],[[33850,8937],[116,42],[43,1]],[[13331,13842],[22,-21],[12,-37],[9,-16],[10,-5],[18,2],[51,-6],[7,-21],[21,-48],[30,-43],[20,4],[10,-21],[12,-12],[13,-56],[9,-22],[3,-23],[11,-20],[-2,-31]],[[13587,13466],[-9,-23],[-20,-28],[-31,-19]],[[44065,10574],[-2,-523]],[[44063,10051],[-110,-3]],[[43953,10048],[-219,-5],[-55,0],[-55,-2]],[[43624,10041],[-165,-2],[-38,-1],[-237,-6]],[[43184,10032],[0,57],[3,471],[-1,256],[-1,230],[0,27]],[[7405,8533],[-1,60],[-26,4],[-18,10],[-19,22],[-11,31],[-2,24],[10,40],[11,15],[17,13],[21,6],[18,15],[16,21],[16,50],[14,21],[10,4],[19,-5],[14,-20],[-3,-24],[24,-7],[28,-3]],[[4342,8475],[26,-7],[42,-23],[8,-7],[38,-16],[28,-8],[29,-3],[46,0]],[[6171,9011],[-82,-1]],[[6089,9010],[0,134]],[[10893,7700],[49,0],[115,-1]],[[11057,7699],[9,0]],[[11001,7439],[-107,0],[-1,261]],[[10023,7697],[-1,259]],[[10022,7956],[0,4]],[[3304,7572],[0,-130]],[[3037,7441],[-1,209]],[[9152,7824],[1,-130]],[[9807,7081],[128,5],[24,2],[98,12],[49,7],[36,2]],[[9807,6652],[1,143],[-1,117],[0,149],[0,20]],[[15837,8996],[36,0]],[[15798,8602],[-69,-4],[-29,-7]],[[19719,36427],[186,-2]],[[19905,36425],[-3,-170],[-5,-40],[-22,-29],[-10,-27]],[[19865,36159],[-149,5]],[[19905,36425],[275,-3],[-1,-90]],[[20179,36332],[0,-178]],[[20179,36154],[-104,-3],[-210,8]],[[2602,7600],[35,12],[35,17],[38,24]],[[2710,7304],[-109,0]],[[2330,4021],[-146,-1]],[[2184,4020],[-125,-1]],[[2059,4019],[-24,8],[-19,11],[-23,6],[-56,2],[-37,-8],[-48,-17],[-29,-6],[-74,1]],[[1749,4016],[-1,94],[10,61],[-10,49],[-3,56]],[[2568,8483],[151,532]],[[3034,9012],[0,-134]],[[3034,8878],[0,-95],[1,-167],[155,1],[111,1]],[[2815,8481],[-247,2]],[[2422,7972],[28,96]],[[2450,8068],[6,2],[133,13],[154,24],[22,5],[52,8]],[[3034,8018],[0,-55]],[[3035,7873],[0,-89]],[[3035,7784],[-69,-2],[-30,-4],[-47,-15],[-70,-42]],[[2445,7588],[28,116]],[[2473,7704],[17,90],[10,59],[17,80],[14,35],[-109,4]],[[2385,6790],[82,-1],[348,3]],[[2824,6521],[-141,0],[-78,-2],[-217,0]],[[2388,6519],[-3,271]],[[2386,6320],[5,32],[-3,167]],[[7826,7423],[115,5],[109,-1]],[[8050,7427],[0,-115],[-1,-65],[0,-80],[218,1]],[[8267,7168],[217,1]],[[8484,7169],[219,0]],[[8703,7169],[3,-117]],[[8706,7052],[-83,-10],[-362,-12],[-103,-3],[-220,-9],[-110,5]],[[10020,8742],[0,2]],[[10347,8743],[1,-263]],[[10348,8480],[-110,0]],[[10021,8480],[-1,178],[0,84]],[[10134,6388],[0,-356],[2,-14],[-28,0],[-9,-5],[-65,57],[-10,22],[-42,2],[-24,6],[-37,3],[-44,1],[-71,-2]],[[9806,6102],[2,31]],[[11667,7433],[99,-1],[97,1]],[[11327,8614],[0,195]],[[12198,5862],[55,0],[27,5]],[[12294,5600],[-96,1]],[[11920,5861],[59,0]],[[12198,5601],[0,-131]],[[11980,5339],[-179,0],[-164,0],[-25,-2],[-61,0]],[[11551,5337],[174,273],[37,50],[119,149],[39,52]],[[14162,9526],[72,0]],[[14234,9526],[146,0]],[[14380,9265],[-59,0]],[[11578,20774],[0,-216]],[[11578,20558],[1,-284]],[[11579,20274],[-313,-2],[-1,241]],[[12921,19434],[40,266]],[[12961,19700],[228,-48],[213,-45],[107,-23]],[[12916,19108],[-22,84],[-3,27],[18,70],[0,64],[12,81]],[[19453,36493],[190,-4],[75,0]],[[19718,36489],[1,-62]],[[4558,7695],[1,-229],[1,-33]],[[4560,7433],[-83,1]],[[3303,8095],[235,1]],[[3538,8096],[244,1]],[[3782,7967],[-127,0],[-117,0]],[[3538,7967],[-117,-2],[-117,0]],[[3304,7965],[-1,130]],[[4968,7692],[90,1],[35,-2],[76,1],[49,-2]],[[5218,7690],[1,-260]],[[5219,7430],[-193,0]],[[5026,7430],[-5,47],[-12,88],[-10,43],[-13,41],[-18,43]],[[4774,7694],[194,-2]],[[5026,7430],[-28,0],[0,132],[-222,1]],[[4776,7563],[-2,131]],[[8703,7169],[0,163]],[[9154,7067],[-38,-3],[-48,-6],[-33,-2],[-99,-3],[-120,-4],[-77,3],[-33,0]],[[10564,8744],[0,-263]],[[10455,8480],[-107,0]],[[10784,7700],[109,0]],[[11004,7122],[-110,-3],[-109,2]],[[12417,9953],[101,1],[0,3],[168,-1]],[[12686,9956],[0,-75]],[[12686,9881],[-101,2],[-16,-14],[-52,-66],[-21,-34],[-14,-38],[-9,-55],[-1,-79],[-1,-64]],[[12471,9533],[-68,1],[0,34],[-60,0],[0,132]],[[12477,8670],[67,2],[84,-1]],[[12628,8671],[0,-202],[-68,2],[-66,-3],[-12,-7]],[[12482,8461],[-4,76]],[[11967,7010],[60,-11],[147,-18],[21,-1]],[[12195,6980],[51,3],[79,7],[30,1]],[[11888,6308],[20,158],[16,115],[5,68],[110,0],[0,35],[-15,0],[3,15],[10,15],[2,18],[-13,7],[-3,-14],[-10,-11],[-11,-1],[0,65],[-113,23],[11,38],[13,77],[14,104]],[[21851,52002],[26,1],[431,-3],[306,-7],[465,-20],[117,-1],[318,6],[104,-1],[12,-952],[3,-175],[237,-7],[644,8],[0,-14],[-23,-248],[8,-585],[12,-438],[20,-816],[11,-460],[3,-348],[4,-1226],[404,-18],[17,-1067],[426,7],[13,280],[7,215],[394,-14],[153,38],[34,2],[118,-1],[176,6],[-10,-523],[633,-8],[246,0],[2,-515],[332,-5],[428,-4],[227,8],[1223,8],[76,-6],[247,-29],[144,-27],[918,2],[341,1],[356,4],[368,1],[646,0],[433,5],[72,2],[114,135],[226,314],[511,741],[7,9],[226,384],[92,136],[51,80],[18,34],[40,53],[29,26],[17,38],[338,491],[89,155],[421,734],[357,717],[9,64],[22,4],[57,47],[51,179],[109,230],[148,20],[34,11],[352,135],[907,373],[374,154],[207,184],[463,414],[446,808],[28,39],[569,770],[337,287],[482,410],[379,321],[226,206],[197,80],[1,119],[7,922],[-1,728],[2,1],[0,245],[-312,-11],[-2,-5],[-431,7],[-515,9],[-414,0],[-797,72],[-716,58],[-378,31],[-165,14],[-160,15],[1,209],[-3,1097],[-3,1041],[-1,160],[15,347],[-424,3],[-15,301],[12,790],[-2,164],[0,318],[-1,40],[-712,-20],[-213,-1],[-408,-6],[0,514],[-462,0],[-906,0],[-865,2],[-412,1],[-1,76],[-16,967],[9,485],[10,56],[14,11],[-4,82],[-5,482],[-155,-5],[-222,2],[-325,0],[-381,-9],[-115,1],[-448,-1],[-220,-2],[-736,28],[-154,11],[-153,-9],[-340,-39],[-147,-14],[-460,-7],[-222,0],[-173,-8],[-34,1],[-602,-4],[-703,-1],[-598,6],[0,-26],[-123,0],[-82,12],[-685,11],[-376,13],[-410,-9],[-131,-2],[-2,-27],[-425,-3],[-112,-1],[-242,15],[-311,24],[-185,30],[-45,-68],[-97,-4],[-70,-6],[-28,3],[-989,7],[-255,1]],[[21628,69195],[486,-1],[482,0],[656,0],[1017,3],[608,2],[315,-3],[396,0],[652,1],[296,0],[331,-3],[211,-1],[631,1],[643,1],[378,1],[629,-5],[635,-3],[714,-2],[330,-1],[483,-3],[179,-1],[779,-2],[338,-8],[595,-2],[607,-5],[279,-6],[731,-5],[120,1],[328,-1],[120,-5],[314,-3],[567,-1],[1064,-14],[515,-7],[555,5],[38,0],[66,-2],[989,-7],[253,6],[374,1],[883,4],[575,-2],[46,-2],[145,1],[261,-2],[34,4],[296,-2],[384,-1],[265,-1],[79,8],[200,1],[38,9],[372,-7],[155,-8],[884,3],[189,-1],[53,1],[459,0],[935,3],[1006,4],[482,-4],[316,-6],[308,9],[197,-6],[236,0],[663,1],[518,0],[881,1],[373,-2],[4,556],[640,-3],[405,-5],[88,-2],[216,4],[435,11],[57,-1],[204,0],[52,-2],[75,-1],[8,3],[51,-53],[633,-714],[676,-764],[239,-272],[680,-769],[401,-454],[580,-658],[485,-551],[365,-414],[539,-610],[431,-488],[666,-754],[303,-346],[27,-27],[9,-14],[259,-295],[74,-85],[37,-41],[348,-396],[83,-95],[62,-70],[581,-661],[426,-483],[199,-227],[354,-408],[584,-669],[311,-341],[51,-57],[243,-274],[304,-355],[144,-164],[304,-352],[174,-203],[78,-92],[162,-185],[236,-270],[253,-288],[410,-467],[242,-278],[59,-67],[96,-140],[471,-544],[450,-521],[579,-671],[126,-140],[263,-268],[34,-34],[407,-491],[355,-402],[530,-597],[512,-579],[425,-479],[257,-307],[321,-368],[593,-678],[558,-638],[2,-3],[401,-458],[345,-395],[526,-624],[508,-602],[28,-27],[88,-95]],[[73687,46919],[26,-154],[7,-47],[14,-68],[21,-69],[18,-44],[79,-169],[133,-287],[20,-39],[36,-79],[111,-237],[10,-26],[6,-30],[3,-36],[1,-126],[2,-83],[5,-295],[3,-170],[7,-327],[2,-190],[9,-509],[13,-772],[4,-194],[2,-82],[6,-394],[3,-116],[1,-99],[3,-42],[8,-31],[60,-196],[11,-55],[-2,-29],[-4,-24],[-13,-35],[-136,-275],[-12,-28],[-8,-27],[-3,-42],[-20,-896],[-4,-191],[-6,-251],[0,-51],[-14,-628],[1,-30],[4,-25],[87,-347],[46,-190],[54,-215],[11,-51],[12,-76],[-267,-67],[-63,-19],[-322,-101],[-37,-7],[-71,-6],[-78,-1],[-32,-3],[-99,-14],[-212,-33],[-57,-14],[-25,-12],[-75,-43],[-35,-17],[-31,-11],[-32,-7],[-174,-23],[-43,-11],[-157,-67],[-32,-18],[-168,-103],[-184,-113],[-47,-26],[-28,-13],[-259,-97],[-61,-21],[-49,-12],[-61,-4],[-312,-17],[-377,-21],[-54,0],[-268,16],[-198,13],[-495,29],[-161,11],[-70,3],[-81,6],[-595,36],[-66,4],[-81,4],[-251,15],[-44,-2],[-44,-10],[-112,-39],[-28,-11],[-55,-34],[-135,-97],[-44,-34],[-31,-28],[-52,-54],[-170,-186],[-40,-46],[-25,-34],[-154,-213],[-40,-62],[-23,-48],[-17,-41],[-43,-121],[-57,-147],[-33,-67],[-120,-199],[-101,-165],[-75,-125],[-30,-56],[-83,-176],[-25,-47],[-58,-89],[-58,-86],[-48,-71],[-35,-47],[-202,-234],[-38,-41],[-244,-246],[-243,-245],[-181,-181],[-164,-165],[-40,-44],[-119,-133],[-30,-32],[-71,-81],[-63,-67],[-39,-45],[-23,-29],[-40,-58],[-97,-162],[-25,-45],[-57,-93],[-74,-127],[-18,-38],[-104,-256],[-29,-72],[-73,-180],[-96,-236],[-41,-100],[-29,-81],[-127,-403],[-35,-112],[-16,-43],[-71,-145],[-102,-202],[-20,-39],[-24,-39],[-32,-44],[-45,-48],[-83,-77],[-156,-145],[-40,-41],[-139,-167],[-50,-61],[-353,-424],[-159,-192],[-114,-136],[-56,-68],[-87,-103],[-43,-52],[-34,-38],[-56,-52],[-291,-234],[-35,-27],[-61,-53],[-56,-59],[-166,-175],[-36,-42],[-37,-53],[-28,-49],[-129,-233],[-41,-73],[-64,-117],[-30,-60],[-187,-408],[-92,-201],[-138,-301],[-27,-50],[-40,-72],[-86,-150],[-101,-180],[-60,-104],[-39,-75],[-52,-114],[-105,-226],[-57,-124],[-99,-215],[-79,-172],[-20,-42],[-77,-168],[-83,-181],[-123,-267],[-15,-30],[-23,-40],[-34,-46],[-22,-27],[-119,-134],[-198,-225],[-135,-153],[-38,-47],[-199,-288],[-70,-91],[-30,-38],[-163,-209],[-31,-35],[-22,-22],[-33,-28],[-83,-58],[-92,-63],[-28,-22],[-51,-50],[-59,-70],[-74,-85],[-80,-95],[-77,-88],[-32,-31],[-189,-166],[-52,-40],[-110,-64],[-69,-38],[-50,-27],[-41,-16],[-29,-9],[-58,-10],[-43,-3],[-54,3],[-95,10],[-370,42],[-77,8],[-72,8],[-145,16]],[[57233,23335],[-155,16],[-395,46],[-182,19],[-103,13],[-196,21],[-367,41],[-128,14],[-216,25],[-71,9],[-72,8],[-320,36],[-549,61],[-167,18],[-375,42],[-132,14],[-45,9],[-35,10],[-78,27],[-169,61],[-67,23],[-290,102],[-211,73],[-123,44],[-77,27],[-99,36],[-288,101],[-67,23],[-116,41],[-342,120],[-87,31],[-140,49],[-83,30],[-93,32],[-141,50],[-82,28],[-272,95],[-106,38],[-305,107],[-64,23],[-78,26],[-125,44],[-116,40],[-192,68],[-277,97],[-37,13],[-240,83],[-244,87],[-281,98],[-167,58],[-250,88],[-38,-19],[-20,3],[-50,23],[-60,21],[-203,74],[-21,9],[-13,-62],[-22,-27],[46,-15],[-46,-6],[-64,1],[-1,-21],[-1,-428],[16,-111],[6,-32],[5,-41],[12,-85],[6,-27],[12,-42],[12,-61]],[[25963,37581],[-21,24],[-8,29],[1,16],[7,21],[28,45],[23,40],[47,33],[6,9],[86,78],[12,17],[31,27],[46,59],[22,21],[-1,60],[5,54],[6,26],[39,76],[6,38],[14,62],[4,28],[2,28],[8,39],[1,20],[-8,46],[-1,53],[-11,38],[-1,19],[-13,75],[-14,45],[-29,38],[-29,47],[-52,61],[-40,44],[-29,40],[-26,45],[-21,41],[-14,22],[-28,50],[-16,22],[-33,31],[-7,17],[-34,18],[-43,37],[-32,39],[-22,54],[-7,32],[3,19],[11,37],[17,72],[5,44],[29,51],[-1,18],[3,31],[11,31],[8,15],[7,28],[-2,43],[-10,76],[0,51],[-4,57],[-9,75],[-4,42],[-9,49],[-10,94],[-5,70],[-1,38],[-12,96],[-3,73],[-1,48],[-7,55],[-3,75],[-5,56],[-10,85],[-2,50],[2,22],[18,85],[8,57],[6,23],[3,29],[22,99],[3,23],[2,76],[6,51],[-3,40],[16,83],[8,46],[2,27],[5,32],[8,87],[0,31],[-2,108],[4,65],[9,18],[-55,144],[-20,71],[-5,21],[-35,131],[-66,140],[-42,83],[-39,57],[-117,109],[-150,109],[-80,60],[-34,138],[-19,16],[-10,26],[-29,52],[-32,30],[-26,38],[-21,25],[-17,12],[-31,28],[-19,24],[-15,6],[-43,-1],[-32,11],[-18,22],[-20,16],[-24,10],[-14,23],[-15,6],[4,36],[-1,34],[2,75],[109,101],[20,21],[83,74],[39,29],[17,16],[74,104],[19,29],[12,33],[-10,29],[-46,6],[-4,9],[4,79],[-4,37],[-21,36],[-14,30],[-31,6],[-41,10],[-54,20],[-61,12],[-55,-8],[-38,-10],[-15,3],[-55,25],[-82,65],[-24,8],[-26,17],[-170,92],[-134,79],[-27,22],[-55,40],[-65,51],[-15,18],[-42,34],[-45,61],[-17,19],[-27,40],[-29,15],[-36,9],[-90,41],[-101,47],[-28,19],[-17,24],[-46,38],[-32,48],[-29,28],[-31,56],[-9,23],[-14,16],[-16,9],[-11,16],[-20,41],[-21,55],[-32,57],[-18,60],[-23,44],[-19,21],[-18,54],[-4,20],[-12,31],[-5,23],[-12,27],[-10,60],[-9,26],[-21,-9],[-54,-17],[-28,-11],[-45,-12],[-35,16],[-24,-12],[-20,-4],[-70,2],[-30,3],[-34,-2],[-67,2],[-15,4],[-25,26],[-29,20],[-32,8],[-35,14],[-18,-3],[-34,2],[-34,-4],[-15,2],[-28,-13],[-25,18],[-17,6],[-27,2],[-19,-13],[-25,-43],[-33,-10],[-15,3],[-89,38],[-89,47],[-41,31],[-65,39],[-35,24],[-42,24],[-90,48],[-21,4],[-43,3],[-45,-1],[-28,5],[-39,3],[-14,4],[-31,16],[-17,12],[-40,18],[-39,7],[-68,-7],[-36,-1],[-13,5],[-28,26],[-17,32],[-23,19],[-8,2],[-36,-14],[-23,-17],[-9,-16],[-8,7],[-11,40],[19,47],[12,45],[10,44],[6,21],[8,54],[-6,129],[2,37],[-5,45],[-7,28],[-19,53],[-9,49],[-2,27],[2,23],[10,46],[5,43],[-7,37],[-19,45],[-9,55],[-12,52],[-1,23],[-13,69],[-3,47],[4,42],[-2,32],[-13,52],[-25,83],[-19,89],[-10,18],[-128,1],[-218,10],[-4,264],[-1,257],[-618,-3],[-267,-7],[0,15],[-115,-3],[-55,2],[-259,-3],[-392,9],[-60,6],[-399,-31],[-529,19],[-393,22],[-13,510],[1,71],[6,216],[7,388],[6,235],[-16,361],[-8,247],[-1,53],[2,11],[0,251],[3,2],[-5,62],[-3,202]],[[11759,6286],[15,159]],[[11541,5338],[31,74],[10,30],[67,152],[35,136],[16,69],[20,119],[6,46],[8,102],[16,139]],[[12143,6141],[-38,-44],[-136,-175],[-49,-61]],[[11551,5337],[-10,1]],[[13837,6647],[108,0]],[[13945,6647],[-3,-48],[2,-64]],[[13726,6553],[0,49],[1,46]],[[19718,36489],[67,7],[57,14],[53,9],[33,2],[173,-2],[40,-3],[38,-6],[-1,29],[-21,30],[-97,92],[-45,43]],[[20015,36704],[115,123],[19,20]],[[20905,36213],[-13,5],[-33,4],[-74,3],[-15,5],[-15,13],[-22,38],[-26,16],[-69,29],[-128,54],[-23,-81],[-166,68],[-61,26],[-5,-27],[4,-20],[-5,-14],[-75,0]],[[9805,7958],[-1,-51],[1,-31],[0,-49],[0,-130]],[[9805,7697],[-62,-1]],[[9743,7696],[-155,0]],[[9588,7696],[-1,261]],[[11385,18203],[17,16],[40,-16],[149,55]],[[11381,17808],[-2,79],[-11,40],[0,9],[15,11],[0,81],[3,4],[-1,171]],[[12553,18595],[86,122],[71,104],[74,98]],[[12784,18919],[79,112],[53,77]],[[13072,18784],[-69,-26],[-12,-3],[-122,-46],[-6,0],[-215,-82],[-62,-19],[-33,-13]],[[12538,18432],[-13,1],[-20,12],[-12,13],[11,32],[38,56],[-14,14],[25,35]],[[42385,9508],[140,2],[147,3],[48,0]],[[42720,9513],[195,0],[267,-1]],[[43182,9512],[-1,-132],[3,-131],[-44,-1],[-13,3],[-53,32],[-1,-35],[-7,0],[2,-111],[-1,-18],[-74,0],[1,-86],[-8,-48]],[[42986,8985],[-72,1],[-59,-2],[-101,-1],[-1,-3],[-135,4],[-71,0],[5,10],[12,40],[0,43],[-20,78],[-15,-6],[-6,9],[-1,80],[-53,1],[-4,30],[-31,-1],[-33,8],[-14,10],[-3,45],[1,177]],[[79570,35008],[42,-29],[113,-78],[34,-21],[14,-3],[40,-19],[43,-32],[48,-49],[31,-51],[48,-54],[71,-77],[40,-50],[18,-25],[24,-54],[151,-367],[34,-83],[9,-27]],[[80330,33989],[-15,-2],[-26,5],[-26,12],[-8,0],[-12,-24],[-20,-16],[-27,-4],[-10,-17],[-27,-5],[-37,8],[-60,9],[-58,251],[-17,68],[-14,41],[-37,79],[-32,64],[-23,42],[-23,32],[-35,35],[-45,31]],[[79600,34914],[-30,94]],[[3304,7965],[-201,-1]],[[11162,8288],[-161,0],[-109,1]],[[10892,8289],[0,192]],[[17438,8331],[1,110]],[[17518,8505],[36,59],[5,31],[-10,42],[-3,20],[12,21],[16,-1],[15,10],[6,29],[-19,43],[17,60],[-1,31],[6,13],[21,8],[16,13],[12,16],[31,16],[21,2],[26,-17],[10,-2],[41,35],[16,6],[30,-6],[31,14],[24,7],[49,-4],[25,-13],[49,-5],[34,5],[10,17],[3,51],[18,44],[8,29],[15,31],[12,19],[-4,8],[5,54],[62,74],[14,33],[-5,38],[-4,58],[6,73],[20,30],[25,29],[41,59],[2,28],[-10,36],[-2,32],[-10,27],[0,27],[6,17],[12,1],[40,-10],[20,7],[30,18],[11,20],[7,20],[25,8],[23,2],[26,-5],[18,0],[71,23],[10,11],[11,-3],[24,1],[33,23],[40,37],[23,-1],[22,-26],[1,-45],[14,-22],[27,-12],[53,19],[38,-8],[31,-4],[17,-32],[17,-2],[29,27],[36,37],[87,17],[69,57],[54,39],[60,10],[63,-21],[32,26],[28,75],[11,16],[32,-19],[23,24],[53,75],[43,2],[23,15],[22,20],[0,17],[-13,14],[7,27],[14,26],[30,33],[26,51],[-16,20],[5,17],[34,22],[5,12]],[[22366,5868],[-40,1],[-322,-1],[-222,1]],[[21782,5869],[0,80],[2,261],[3,206],[-3,11],[-209,9],[-62,-8],[-58,4],[-124,0],[-154,-5],[-49,0],[-4,262],[-72,-4],[-176,-6],[-63,5],[-71,2],[-40,-1],[-76,-7],[-157,-11],[0,264],[-221,-18],[-72,-6],[-129,-8],[-10,3],[0,147],[-1,373],[-33,3],[-176,0],[-133,1]],[[19694,7426],[-175,-1],[-119,3],[-214,0],[-33,0],[4,521],[-30,-4]],[[19127,7945],[-386,-5],[-497,-8],[-403,-9],[-181,0],[-214,-2],[-7,-3],[-1,258],[0,155]],[[1183,4163],[8,-30],[9,-11],[33,-32],[9,-17],[1,-30],[47,-12],[16,-9],[19,-22]],[[1325,4000],[-36,-33],[-31,-14],[-42,-6],[-25,-10],[-22,-21],[-46,-70],[-17,-18],[-17,-14],[-44,-24],[-26,-9],[-26,-3],[-52,3]],[[1325,4000],[27,18],[27,13],[22,20],[16,27]],[[1417,4078],[94,-93],[25,-20]],[[1536,3965],[-27,-55],[-25,-34],[-38,-49],[-10,-18],[-20,-47],[-10,-46],[-6,-21],[-11,-20],[-27,-33],[-25,-50],[-16,-47],[-8,-15],[-38,-41],[-18,-29]],[[1257,3460],[-19,-6],[-19,15],[-16,-12],[-22,-5],[-20,7],[-23,13],[-3,-11],[16,-10],[0,-10],[-28,13],[-19,5],[-22,-2],[-14,-16],[-1,-30],[-11,-42],[-10,-18],[-37,-31],[-28,-43]],[[3304,7965],[0,-181]],[[2823,5589],[108,0],[110,1]],[[2857,5329],[-32,-1]],[[6529,10576],[0,-234],[0,-287]],[[6529,10055],[2,-263],[-10,-1]],[[5659,10057],[1,130]],[[3532,9794],[195,1],[46,0]],[[3532,9664],[0,130]],[[12305,5336],[-108,1]],[[42308,11070],[44,2],[47,-2],[101,2],[50,3],[31,-2],[52,0],[112,2]],[[43184,10032],[-165,-4],[-278,-6],[-26,1]],[[42715,10023],[-305,3],[-108,1]],[[42302,10027],[-1,49],[3,16],[3,74],[1,122],[-2,16],[3,73],[-3,16],[3,116],[-5,63],[1,81],[-1,28],[0,67],[-4,38],[0,27],[4,11],[-1,102],[4,29],[1,115]],[[3300,9011],[0,-132]],[[3300,8879],[-154,-1],[-112,0]],[[18621,5861],[218,-1]],[[18621,5600],[0,261]],[[5300,20493],[88,-1],[194,2],[101,-1],[217,2],[52,2],[2,-2],[170,2],[243,4],[76,-1],[41,3],[99,1]],[[5304,19776],[-2,164],[0,163],[-1,78],[-1,312]],[[12059,23369],[14,66],[11,38],[31,91],[35,97]],[[12546,23599],[0,-66],[-36,0],[-2,-9],[-46,-51],[-1,-27],[8,-24],[1,-78],[-7,-43],[-1,-46],[-18,-29],[-7,-24],[4,-62]],[[12008,23094],[51,275]],[[23911,12942],[11,-11],[7,-19],[18,-17],[7,-20],[0,-18],[-58,0]],[[21613,13267],[-7,-23],[-1,-27]],[[9805,7958],[109,0]],[[9914,7958],[-1,-179],[1,-82],[-109,0]],[[17384,8288],[54,43]],[[19127,7945],[-26,-31],[-26,-47],[-24,-30],[-39,-34],[-21,-20],[-10,-18],[-4,-19],[-16,-109],[-6,-17],[-15,-18],[-19,-14],[-30,-33],[-28,-23],[-29,-32],[-14,-26],[-13,-15],[38,-27],[118,-82],[19,-16],[33,-38],[16,-25],[34,-66],[48,-103]],[[19113,7102],[-150,0],[-18,-6],[-19,-20],[-10,-25],[4,-21],[-31,-34],[-17,-35],[-148,-20],[2,-108]],[[18726,6833],[2,-188],[-215,-5],[-1,-255],[-212,-5],[-216,1],[-212,2],[-175,-6],[-9,-6],[-7,-17],[-18,-7],[1,-36],[-14,-37],[-8,-5],[-22,3],[-9,-6],[-12,2],[-15,-14],[-28,10],[-6,-15],[6,-8],[-11,-28],[-7,-37],[0,-21],[13,-14],[29,-11],[3,-6]],[[17583,6124],[-23,-17],[-34,-14],[-20,-3],[-33,1],[-26,-4],[-19,3],[-26,9],[-23,2],[-15,-8],[-18,26],[-22,17],[-69,21],[-30,19],[-19,18],[-26,34],[-16,16],[-25,35],[-31,60],[-23,24],[-19,11],[-28,6],[-42,-3]],[[4342,8479],[0,57],[27,0],[-2,122],[-24,14],[0,82]],[[4540,9014],[8,-58],[8,-36],[3,-46],[-9,-62],[-4,-15],[-25,-48],[-6,-24],[5,-49],[24,-3],[6,-48],[0,-66],[-4,-14],[15,-16],[16,-5],[50,14],[9,16],[6,27],[11,19],[5,33],[12,17],[42,-1],[13,8]],[[3903,7183],[59,1]],[[3904,7096],[-1,87]],[[3037,6918],[108,0],[162,0]],[[3658,6839],[-117,-4],[0,-189],[1,-11]],[[3542,6635],[-45,17],[-22,4]],[[3475,6656],[-12,1],[-98,-1]],[[3365,6656],[-55,-1]],[[3036,6794],[1,31],[0,93]],[[3718,6618],[-117,1],[-19,2],[-40,14]],[[8050,7427],[218,1]],[[8268,7428],[0,-129],[-1,-131]],[[1677,5318],[130,92],[16,136]],[[1823,5546],[36,-1],[48,6],[46,12],[52,24],[46,27],[90,56],[29,16]],[[2170,5686],[1,-103]],[[2171,5583],[2,-261]],[[2173,5322],[-56,0],[-162,-1],[-109,-2],[-50,1],[-119,-2]],[[2173,5322],[2,-261]],[[1711,5055],[-16,22],[-37,40],[-95,90],[-94,92],[-8,9]],[[1411,5365],[74,-16],[179,-40],[13,9]],[[2494,6107],[0,-66],[1,-195]],[[2495,5846],[-108,0]],[[2387,5846],[-59,0],[-112,-2],[-47,0]],[[3787,6454],[-98,-9],[-30,-5],[-116,-11]],[[3543,6429],[0,37],[-1,103],[0,66]],[[3543,6429],[-69,-6]],[[3474,6423],[1,107],[0,126]],[[3365,6656],[1,-184],[0,-58]],[[3366,6414],[-54,-4]],[[3366,6414],[87,9],[21,0]],[[3474,6423],[-3,-31],[1,-274]],[[3472,6118],[-59,-2],[-104,0]],[[3309,6116],[-1,202],[4,62],[0,30]],[[3543,6429],[5,-29],[25,-55],[6,-39],[0,-129],[2,-59]],[[3581,6118],[-109,0]],[[3788,6118],[-98,1],[-109,-1]],[[3581,6118],[2,-327]],[[3583,5791],[-109,-1]],[[3474,5790],[0,131],[-2,85],[0,112]],[[3309,6116],[-54,-2],[-218,-1]],[[7377,6373],[150,-1],[11,2],[67,-2]],[[7605,6372],[2,-124],[2,-20]],[[7609,6228],[13,-78],[-5,-40]],[[7617,6110],[-33,11],[-30,2],[-33,-12],[-144,-1]],[[7605,6372],[218,0]],[[7823,6372],[0,-95],[8,-42]],[[7831,6235],[-6,-11],[-39,-28],[-74,-1],[1,35],[-83,0],[-21,-2]],[[7831,6235],[16,-31],[20,-28],[16,-48],[1,-21]],[[7740,5969],[-26,10],[-41,26]],[[7673,6005],[-18,11],[-26,10],[-22,1]],[[7607,6027],[2,45],[8,38]],[[7607,6027],[0,-18],[-20,0],[-18,-4],[-21,-12],[-29,-33],[-10,12],[-20,-23],[-17,-14],[-33,-13],[-63,-2]],[[7673,6005],[-111,-142],[-3,-17]],[[7559,5846],[-32,2],[-150,-2]],[[7722,5846],[-141,0],[-22,0]],[[11762,9538],[-108,-1]],[[11654,9537],[0,388]],[[2604,5848],[-109,-2]],[[2389,5585],[217,2]],[[2390,5324],[-1,105],[0,156]],[[3366,5731],[120,1],[-11,-21],[1,-117]],[[3476,5594],[-1,-17],[1,-225],[1,-18]],[[3367,5594],[-1,137]],[[3476,5594],[10,1],[207,2]],[[3693,5597],[1,-134]],[[3694,5463],[-112,-56],[-54,-27],[-38,-20],[-13,-26]],[[3694,5463],[0,-127]],[[3694,5336],[-108,0]],[[7823,6372],[112,-1],[104,0]],[[8268,6367],[215,2]],[[8483,6369],[4,-104],[-6,-70]],[[8481,6195],[-105,-1]],[[9581,10506],[0,-191]],[[9581,10315],[-219,1]],[[9362,10316],[-1,130],[4,40],[8,30],[22,45],[31,41]],[[9362,10316],[-110,0],[-1,391]],[[9153,7432],[109,0]],[[9371,7303],[0,-66],[-1,-63]],[[9521,7434],[67,0]],[[9584,8740],[109,1]],[[9693,8741],[109,0]],[[9802,8741],[0,-104],[0,-30],[1,-128]],[[9803,8479],[-218,-1]],[[9585,8478],[0,213]],[[9585,8691],[-1,49]],[[9586,8217],[0,69]],[[10112,13094],[49,-39],[86,-61],[218,-174],[97,-36],[110,86],[175,-135],[-12,-338],[245,-3],[37,0],[0,-63],[54,0],[1,-64],[54,-2],[0,-64],[77,-1]],[[11303,12200],[-51,-126]],[[11252,12074],[-18,-45],[-98,-223]],[[11136,11806],[-54,-124]],[[11082,11682],[-73,-167]],[[2173,5322],[54,0],[163,2]],[[3692,5724],[3,8],[93,1]],[[4127,5601],[-108,-1]],[[4019,5600],[-45,-1],[-184,-1],[0,-104],[0,-157]],[[3790,5337],[-96,-1]],[[3693,5597],[-1,15],[0,112]],[[4019,5600],[1,-115],[-109,-3],[1,-144]],[[3912,5338],[-57,1],[-65,-2]],[[4673,5346],[-108,-1]],[[4779,5737],[120,1],[171,0]],[[5070,5738],[-12,-81],[-2,-71],[-1,-253]],[[5055,5333],[-117,3],[-24,2],[-40,9],[-22,2],[-70,-2]],[[5070,5738],[153,1]],[[5223,5739],[0,-233],[1,-176]],[[5224,5330],[-95,3],[-74,0]],[[10235,9789],[-217,0]],[[10018,9789],[1,211],[-1,52]],[[10022,7956],[-21,2],[-87,0]],[[9914,7958],[-2,77],[1,74],[0,110]],[[11386,11255],[73,-53],[193,-147]],[[11652,11055],[-40,-30],[19,-37],[37,-22],[9,-7],[-12,-21],[-19,13],[-20,-37],[-52,-38]],[[11574,10876],[-18,-12],[3,-52]],[[11559,10812],[-89,149],[-57,92]],[[11344,11168],[11,26],[31,61]],[[11652,11055],[113,-75]],[[11765,10980],[-2,-101]],[[11763,10804],[-24,0],[-18,-4],[-34,-15],[-15,-3],[-24,7],[-44,36],[-14,16],[-16,35]],[[3532,9925],[0,-131]],[[12194,9005],[-218,0]],[[11976,9005],[-1,83],[1,180]],[[12194,8806],[-219,0]],[[11975,8806],[1,199]],[[12194,8806],[-1,-135]],[[12193,8671],[-229,0]],[[12193,8671],[0,-134]],[[12193,8537],[-229,1]],[[3534,9272],[0,-181],[0,-81]],[[3534,9010],[-65,0],[-169,1]],[[3778,9273],[0,-130]],[[3778,9143],[1,-131]],[[3779,9012],[-213,-1],[-32,-1]],[[11328,7961],[-217,0]],[[11111,7961],[-1,172]],[[11110,8133],[0,88],[52,1]],[[11328,7961],[0,-261]],[[11057,7699],[-1,197],[55,-1],[0,66]],[[4015,9143],[-168,-1],[-69,1]],[[3779,8882],[0,130]],[[4016,8752],[1,-131],[-1,-43],[2,-87]],[[4018,8491],[-90,0],[-147,-2]],[[3781,8489],[-2,262]],[[12857,11032],[111,0],[2,-7],[80,-48],[27,-19]],[[13077,10958],[-7,-20],[-1,-39],[1,-97]],[[13070,10802],[-102,-1],[-1,-31],[-38,0],[-14,3],[-59,-1]],[[13070,10802],[0,-65],[0,-164]],[[13070,10573],[-52,0],[-51,-2],[-111,0]],[[7208,9008],[209,247],[29,36]],[[7446,9291],[77,91],[159,192],[156,185]],[[7838,9759],[0,-248],[-1,-72]],[[7837,9439],[-1,-169],[-1,-261]],[[7427,9009],[-38,0]],[[11710,10558],[-39,68],[-68,111],[-44,75]],[[12687,10270],[0,-59]],[[12687,10211],[0,-128]],[[12687,10083],[-143,2],[-25,-1],[-1,-30],[-58,1]],[[4082,8752],[4,-42],[6,-28],[23,-61],[90,1],[14,-2],[0,-36],[-2,-27],[0,-66]],[[3300,8879],[0,-131]],[[3534,9010],[1,-129],[0,-131]],[[3779,8751],[-244,-1]],[[9743,7696],[0,-221],[-6,-40]],[[9588,7434],[0,262]],[[1536,3965],[30,-13],[39,1],[17,7],[26,18]],[[1648,3978],[14,-26],[9,-30],[17,-17],[-23,-33],[-16,-28],[-4,-22],[2,-30],[-11,-27],[-30,-28],[-3,-40],[4,-19]],[[1607,3678],[-22,-8],[-16,-16],[-23,-31],[-11,-24],[1,-30],[10,-20],[14,-11],[34,-6],[20,-19],[6,-39],[5,-15],[15,-22]],[[1640,3437],[-16,-13],[-57,9],[-18,11],[-17,20],[-13,8],[3,-27],[-7,-72],[-23,-93],[-20,-38],[-28,-4],[-61,21],[-64,13],[-16,47],[-16,5],[-8,20],[-2,24],[-17,21],[-5,17],[5,45],[-3,9]],[[1648,3978],[29,24],[19,9],[24,5],[29,0]],[[1749,4016],[-4,-29],[1,-87],[8,-39],[55,-88],[10,-31]],[[1748,3530],[-13,3],[-15,15],[-51,113],[-19,19],[-19,4],[-24,-6]],[[1765,3325],[-25,-11],[-21,3],[-19,15],[-10,23],[0,29],[-4,18],[-13,15],[-33,20]],[[2059,4019],[0,-142],[0,-42],[-5,-20]],[[2184,4020],[1,-131],[0,-130]],[[2185,3759],[-37,1],[-19,6],[-40,31],[-35,18]],[[3536,8358],[1,-131]],[[3537,8227],[1,-60]],[[3538,8167],[0,-71]],[[3303,8225],[-1,132]],[[3781,8359],[-1,-131]],[[3780,8228],[-143,0],[-100,-1]],[[3781,8169],[-243,-2]],[[5439,5624],[-15,-3],[-63,-62],[-8,-12],[-5,-21],[0,-93],[3,-5],[26,0],[1,-26],[-26,0],[-4,-28],[29,0],[1,-45]],[[5332,5330],[-108,0]],[[2185,3759],[0,-54]],[[2185,3705],[1,-164],[1,-92]],[[2187,3449],[-5,-34]],[[2182,3415],[-15,-5],[-21,-25],[-15,-11],[-21,8],[-26,0],[-35,13]],[[3538,7967],[-1,-98],[1,-83]],[[3538,7786],[-120,-1],[-114,-1]],[[3782,7786],[-66,0],[-59,-1],[-119,1]],[[4652,9013],[-99,1]],[[4019,7773],[-63,14],[-54,0]],[[7828,8474],[1,-34],[-1,-227]],[[7611,8210],[0,115],[67,1],[22,-5],[19,0],[1,152]],[[10235,9789],[1,-105],[0,-150]],[[10236,9534],[-77,1],[-43,2],[-97,3]],[[10019,9540],[0,121],[-1,105],[0,23]],[[10454,9529],[-114,-1],[-104,6]],[[8706,8736],[116,0]],[[8822,8736],[218,1]],[[8706,8549],[0,187]],[[8877,8474],[1,-114],[54,0],[1,-64]],[[8933,8296],[0,-16],[-109,-6],[-1,18],[-53,1],[-49,4],[-16,4]],[[8705,8301],[0,173]],[[9041,8475],[1,-179]],[[9042,8296],[-109,0]],[[9042,8296],[0,-82]],[[9042,8214],[-109,0],[-109,-1]],[[8824,8213],[-119,0]],[[8705,8213],[0,88]],[[8824,8213],[1,-125]],[[8704,8047],[1,166]],[[9042,8214],[1,-125]],[[9149,8738],[218,1]],[[9367,8739],[0,-179]],[[9367,8560],[-108,-1],[-1,82],[-109,-1]],[[10783,8481],[-109,1]],[[10454,9529],[-1,-195],[2,-328]],[[10019,9005],[-1,4],[-1,225],[2,28],[-20,84],[14,6],[5,21],[0,68],[1,99]],[[10561,9530],[1,-231],[1,-30]],[[10563,9269],[0,-264]],[[10781,9268],[-110,0]],[[10671,9268],[-108,1]],[[10671,9268],[1,-131],[1,-131]],[[3056,2734],[38,17],[24,5],[73,9]],[[3569,2150],[-25,-14],[-31,-9],[-28,-1],[-41,10],[-26,15]],[[3418,2151],[-23,19],[-44,45],[-24,21],[-62,44]],[[3265,2280],[-24,18],[-35,31],[-61,51],[-17,21],[-16,36],[-7,58],[-6,72],[-9,74],[-34,93]],[[3305,7311],[0,-196]],[[3306,7049],[-83,1]],[[3782,7786],[1,-145],[-1,-66]],[[3782,7575],[-243,-1]],[[3539,7574],[-1,212]],[[3539,7443],[0,131]],[[9253,9548],[36,2],[145,2],[148,0],[142,-2],[76,-2],[219,-8]],[[10020,8742],[-109,0]],[[9911,8742],[-1,263],[-217,-1]],[[9693,9004],[-110,1]],[[9583,9005],[-65,-1],[-152,1]],[[9366,9005],[-3,0]],[[9363,9005],[0,132],[0,149],[-1,241],[-102,1]],[[9260,9528],[-7,20]],[[9367,8560],[0,-29]],[[9367,8531],[1,-168]],[[9368,8277],[0,-62]],[[9368,8215],[-109,-2]],[[9259,8213],[1,83],[-1,180],[-109,0]],[[9368,8215],[1,-67]],[[9369,7956],[-108,-1]],[[9261,7955],[-1,95],[-1,163]],[[9367,8739],[217,1]],[[9585,8691],[-110,0],[1,-163],[-84,0],[-25,3]],[[9261,7955],[-108,0]],[[9153,7955],[-1,76],[-1,311],[0,70],[-1,64]],[[10674,7961],[109,0]],[[10783,7961],[1,-261]],[[10783,7961],[110,0]],[[10893,7961],[79,1],[139,-1]],[[12628,8671],[169,0]],[[12797,8671],[0,-134]],[[12797,8537],[0,-269],[193,0]],[[12990,8268],[79,0]],[[13069,8268],[0,-313]],[[13069,7955],[-160,1],[-224,-1]],[[12495,7956],[-1,60],[2,257],[-6,130],[-8,58]],[[12796,8805],[113,1]],[[12909,8806],[159,0]],[[13068,8806],[0,-200]],[[13068,8606],[0,-68]],[[13068,8538],[-159,-1]],[[12909,8537],[-112,0]],[[12797,8671],[-1,134]],[[2307,7590],[36,119]],[[2343,7709],[130,-5]],[[2343,7709],[42,137],[1,7],[36,119]],[[2181,7181],[21,-3],[31,2],[150,-3]],[[2383,7177],[0,-132]],[[2383,7045],[-122,1]],[[2261,7046],[-120,1]],[[2141,7047],[6,25],[34,109]],[[2601,7173],[0,131]],[[3037,7048],[0,-5]],[[3037,7043],[-218,0]],[[2819,7043],[-218,-1]],[[2601,7042],[0,131]],[[4019,7773],[1,-197]],[[4020,7576],[1,-131]],[[4021,7445],[-118,-1]],[[3902,7543],[0,244]],[[3903,7183],[0,65]],[[4255,7577],[-235,-1]],[[9363,9005],[-111,0]],[[9252,9005],[0,51],[0,472],[8,0]],[[9366,8883],[21,2],[32,-2],[165,1],[-1,121]],[[9693,9004],[0,-165],[0,-98]],[[9367,8739],[-1,144]],[[9911,8742],[-109,-1]],[[10892,8289],[0,-30]],[[10892,8259],[-106,0],[-112,-1]],[[10892,8259],[0,-133]],[[10892,8126],[1,-165]],[[12909,8537],[0,-135],[81,1],[0,-135]],[[2181,7181],[40,131]],[[2601,7173],[-27,0],[-191,4]],[[2601,7042],[-110,2]],[[2491,7044],[-108,1]],[[4560,7433],[62,0],[156,-2]],[[4778,7431],[1,-185],[-4,-54]],[[4558,7695],[216,-1]],[[4776,7563],[2,-132]],[[4776,7952],[-2,-258]],[[7827,7687],[37,-1],[118,2],[68,0]],[[8050,7688],[0,-261]],[[8050,7688],[218,1]],[[8268,7689],[0,-260]],[[8268,7429],[0,-1]],[[8704,7691],[0,124]],[[8703,7430],[1,261]],[[11110,8133],[-218,-7]],[[10786,6655],[-1,260],[110,1],[0,70],[-89,0],[-21,-7],[0,142]],[[11541,5338],[-67,0],[-60,2],[-65,-2],[-136,0],[-153,0],[-82,-1],[-17,1],[-191,0],[-113,2],[1,216],[-10,20],[-37,27],[78,148],[-16,13],[-4,31],[-10,-1],[0,66]],[[13069,9529],[112,0]],[[13181,9529],[0,-66],[38,3],[34,-5],[46,0],[22,-10],[55,-87],[10,-21],[5,-19],[4,-57]],[[13395,9267],[4,-38],[-5,-21]],[[13394,9208],[-13,-6],[-85,0]],[[13296,9202],[-100,-1]],[[13296,9202],[0,-198]],[[13296,9004],[-74,0]],[[13068,9004],[0,74]],[[13068,9078],[0,123]],[[13181,9529],[44,-1]],[[13225,9528],[111,0],[84,0],[89,0]],[[13509,9528],[218,-1]],[[13727,9527],[1,-182],[-27,1],[0,44],[-30,-8],[-40,0],[-1,-37],[41,0],[2,-78]],[[13673,9267],[-111,0]],[[13562,9267],[-167,0]],[[2169,5844],[1,-158]],[[1823,5546],[36,302]],[[4834,7952],[22,-29],[27,-47],[30,-56],[24,-53],[31,-75]],[[12911,10017],[106,0]],[[13017,10017],[208,-1]],[[13225,10016],[0,-97]],[[13225,9919],[0,-63]],[[13225,9856],[-155,10],[-133,9],[-27,0]],[[12910,9875],[1,142]],[[13225,9856],[0,-95]],[[13225,9761],[0,-233]],[[13069,9529],[0,170],[2,62],[-161,1]],[[12910,9762],[0,113]],[[12685,9857],[1,24]],[[12686,9881],[61,-2],[163,-4]],[[12798,9762],[-113,0]],[[12685,9762],[0,95]],[[12686,9956],[0,61]],[[12686,10017],[30,1],[136,-1]],[[12852,10017],[59,0]],[[12797,9531],[-113,1]],[[12684,9532],[0,113],[1,117]],[[12684,9532],[-50,-3],[-6,3],[-56,0]],[[12572,9532],[1,80],[0,231],[25,8],[35,5],[52,1]],[[12572,9532],[-101,1]],[[12796,9369],[-112,0],[0,29],[-55,1],[-57,-1],[-91,1],[-14,4]],[[12467,9403],[4,130]],[[12796,9369],[0,-97]],[[12796,9272],[-112,-1],[0,-6]],[[12684,9265],[-112,-1],[0,5],[-65,-1],[-41,-9]],[[12460,9281],[6,72],[1,50]],[[13068,9268],[-96,1],[-63,-2]],[[12909,9267],[-56,0],[0,-5],[-57,0],[0,10]],[[1343,4945],[22,-1],[29,5],[17,7],[77,58]],[[1488,5014],[21,-39],[37,-37],[43,-26],[22,-19],[41,-57],[18,-17],[26,-20],[16,-15],[19,-32],[8,-24]],[[1411,4751],[2,44],[-15,59],[-3,22],[-1,45],[-33,-2],[-19,2],[1,24]],[[13068,8538],[0,-135],[1,-135]],[[13068,8806],[0,101]],[[13296,9004],[103,0]],[[13399,9004],[114,0]],[[13513,9004],[-1,-200]],[[13512,8804],[-1,-200]],[[13511,8604],[-143,1],[-151,0]],[[13217,8605],[-149,1]],[[13512,8804],[212,0]],[[13724,8804],[220,0]],[[13944,8804],[-1,-200]],[[13943,8604],[-132,1],[-119,-1],[-181,0]],[[1488,5014],[31,13],[29,5],[28,-1],[24,-6],[39,-2],[36,5],[44,17]],[[13225,10016],[201,0]],[[13426,10016],[82,0]],[[13508,9822],[-82,14],[0,83],[-201,0]],[[13509,9758],[-154,0],[-49,3],[-81,0]],[[13509,9723],[-1,-130],[1,-65]],[[812,4812],[62,-1],[12,234],[-5,85]],[[1124,5151],[15,-19],[12,-22],[14,-39],[18,-36],[25,-26],[43,-32],[33,-18],[59,-14]],[[1400,5259],[-10,-12],[-14,0],[-35,-27],[-4,-16],[-10,2],[-20,-8],[-7,-23],[4,-20],[11,-13],[84,-61],[-32,-49],[-17,-39],[-7,-48]],[[13587,13466],[32,10],[12,10],[10,-7],[13,-27],[20,-18],[4,-20],[15,2],[22,-6],[23,1],[38,-9],[6,-5],[9,-23],[46,-24],[18,1],[21,-17],[27,-1],[7,-5],[40,-7],[25,-28],[30,-25],[12,-28],[4,-27],[16,-25]],[[14037,13188],[-14,5],[-16,33],[-13,3],[-12,17],[-13,1],[-14,12],[0,20],[-22,11],[-23,-25],[-25,-9],[-14,9],[-12,-7],[-28,-4],[-10,7],[-19,-6],[-17,13],[-12,-5],[4,-31],[-10,-21],[5,-16],[-1,-50],[22,-20],[13,-25],[0,-17],[-13,-8],[-19,7],[-11,-6],[-3,-20],[12,-20],[-4,-12],[-12,-8],[-6,-12],[17,-13],[9,-20],[11,-10],[8,-32],[10,-15],[-25,-27],[-21,-5]],[[30985,7370],[31,-1],[33,3],[13,-4],[37,3],[95,0],[48,-3],[58,2],[50,-1],[48,1],[49,-3]],[[17132,12195],[44,29],[19,27],[42,37],[13,7],[26,7],[52,36],[27,47],[20,-7],[4,-9],[10,-42],[19,-23],[21,-7],[25,15],[18,29],[14,-5],[4,-25],[0,-36],[21,-26],[13,3],[3,22],[13,16],[4,19],[29,-12],[30,-33],[35,-24]],[[80330,33989],[7,-14],[8,-34],[36,-166],[14,-63],[9,-30],[30,-81],[125,-305],[12,-34],[25,-88],[-10,-12],[-4,-43],[-5,-15],[-29,-31],[-19,-12],[-25,-22],[-41,-16],[-33,10],[-26,12],[-40,3],[-33,-8],[-32,12],[-26,-3],[-56,-12],[-44,18],[-27,-1],[-29,3],[-24,-13],[-65,-25],[-40,-33],[-17,-18],[-33,-21],[-22,-5],[-30,-1],[-54,-20],[-24,0],[-26,-11]],[[79782,32910],[-17,7],[-79,-34],[-14,-5],[-33,-1],[-83,-28],[-18,-11],[-44,-44],[-9,-23],[-71,-17],[-31,-9],[-34,-24],[-2,-21],[-11,-17],[-32,-34],[-20,-10],[-20,-16],[-27,-11],[-25,-29],[-47,-9],[-19,-11],[-21,-22],[-18,-12],[-22,-21],[-36,-7],[-17,-24],[-15,-10],[-15,-28],[-16,-20],[-19,26],[-9,27],[-15,24],[-28,26],[-18,-10],[-48,36],[-48,50],[-25,23],[-64,17],[-18,-1],[-28,-9],[-15,-11],[-18,-8],[-33,3],[-30,-4],[-19,-6],[-45,-21],[-20,-6],[-67,15],[-32,-3],[-15,4],[-25,1],[-21,8],[-63,19],[-39,-1],[-18,-10],[-25,-33],[-17,-15],[-50,-28],[-13,-13],[-49,-9],[-44,-2],[-15,-4],[-17,4],[-22,26],[-21,3],[-33,-2],[-53,10],[-42,40],[-29,6],[-34,-3],[-26,-9],[-26,0],[-48,-28],[-27,-7],[-14,-12],[-42,-59],[-15,-17],[-19,-50],[-12,-5],[-21,33],[-5,19],[-22,15],[-28,5],[-14,-16],[-7,-28],[-19,-6],[-15,4],[-6,10],[-18,-13],[-21,-20],[-12,1],[-4,21],[-12,4],[-77,-26],[-33,-39],[-10,-5],[-7,-15],[-36,-20],[-13,-12],[-17,-28],[-46,-18],[-13,-15],[-17,-1],[-29,-33],[-11,4],[-30,-6],[-29,-27],[-7,-13],[1,-14],[-10,-14],[-18,-1],[-14,-10],[-23,-4],[-17,-8],[-11,4],[-13,-17],[-16,-4],[-32,2],[-7,-2],[-13,-20],[-14,-9],[-10,-15],[-21,-25],[-22,-18],[-18,2],[-25,-11],[-27,-32],[-53,-1],[9,44],[52,155],[33,147],[8,200],[-17,110],[-62,482],[34,408],[30,392],[-60,305],[-125,229],[-160,189],[-176,193],[-104,346],[-9,296],[26,239],[82,219],[133,224],[26,140],[217,70],[356,115],[73,28],[296,129],[118,50],[26,-11],[21,-13],[15,-163],[209,8],[-1,45],[61,-48],[22,-28],[52,-109],[37,-82],[22,-44],[28,-38],[25,-23],[84,-71],[19,-23],[13,-24],[64,-161],[16,-29],[18,-24],[18,-15],[50,-32],[53,-31],[39,-25],[50,-46],[46,-44],[53,-49],[108,-102],[128,-119],[37,-27],[116,-67],[36,-20],[23,-25],[18,-28],[21,-22],[17,-9],[33,-4],[34,4],[20,-4],[27,-10],[213,-53],[67,-16],[118,-32],[66,-19],[38,-13],[59,-35]],[[23070,13607],[27,-17],[189,-4],[19,-8]],[[23305,13578],[4,-1],[-2,-92],[-8,-9],[-9,-38],[5,-30],[-1,-25],[15,0],[10,-14],[-1,-15],[42,1],[2,-14],[36,-1],[10,4]],[[880,3174],[21,-16],[18,-6],[13,-11],[7,-29],[1,-37],[12,-11],[-1,-11],[11,-38],[-54,-214],[3,-20],[-5,-14],[-20,-17],[-9,-15],[3,-29],[19,-33],[5,-17],[14,-16],[30,-9],[21,-26],[-8,-34],[-7,-18],[10,-27],[18,-21],[27,-20],[14,-16],[16,-38],[17,-20],[16,-3],[22,14],[10,-1],[9,-17],[-3,-24],[-16,-29]],[[1094,2351],[-12,-8],[-34,-2],[-33,-17],[-24,-2],[-44,26],[-18,-1],[-73,-14]],[[856,2333],[-29,30],[-132,134],[1,-5],[-158,163],[-314,327],[-1,146]],[[3309,6116],[1,-194],[4,-29],[9,-25],[32,-59],[7,-19]],[[3362,5790],[4,-21],[0,-38]],[[3366,5731],[-126,-2],[1,11],[16,12],[0,38],[-28,-1],[-135,-2],[0,65],[-82,-1]],[[4342,6922],[-57,0]],[[11396,9620],[0,159],[2,17],[38,0],[0,131]],[[11436,9927],[109,-1]],[[11654,9537],[-258,-4]],[[12313,8537],[-120,0]],[[11470,30707],[39,71],[31,74],[18,86],[6,41],[2,42],[7,36],[24,74],[33,72],[19,39],[30,40],[59,89],[5,11]],[[11743,31382],[22,24],[104,121],[38,52],[16,28],[53,56],[62,111],[68,115],[92,113],[108,119],[110,108],[144,166],[129,136],[25,23]],[[12714,32554],[92,88],[136,87],[63,38],[32,28],[75,68],[105,133],[123,171],[175,185],[152,97],[93,27],[36,6],[28,0],[45,-10],[51,-17],[59,-27],[41,-14],[60,-32],[98,-5],[183,108],[556,511],[158,214],[99,225],[56,229],[1,21]],[[15231,34685],[31,-9],[34,-23],[13,-3],[52,-1],[27,-23]],[[15388,34626],[84,-90],[17,-15],[28,-16],[9,-11],[-85,-83],[-16,-20],[-13,-22],[-79,-188],[-21,-47],[-23,-39],[-12,-18],[-416,-511],[-42,-52],[-23,-21],[-55,-38],[-51,-27],[-146,-67],[2,-7],[2,-60],[17,-61],[28,-62],[34,-101],[10,-18],[34,-50],[22,-25],[40,-25],[107,-88],[23,-32],[26,-29],[16,-9],[39,-35],[18,-31],[17,-20],[27,-47],[47,-67],[16,-32],[24,-23],[45,-53],[26,-26],[29,-23],[48,-52],[13,-22],[23,-16],[12,-16],[23,-14],[21,-24],[13,-7],[31,-28],[38,-50],[25,-19],[16,-18]],[[15456,32171],[35,-37],[25,-24],[43,-60],[16,-17],[18,-28],[13,-26],[27,-43],[47,-54],[19,-32],[65,-65],[15,-8],[25,-5],[22,-12],[46,-45],[20,26],[42,51],[514,598],[601,699],[438,508],[37,46],[48,73],[26,49],[23,31],[16,-7],[80,-28],[54,1],[44,12],[25,11],[37,27],[22,18],[37,44],[14,23],[11,41],[0,25],[107,2],[0,-26],[46,33],[41,-1],[135,51],[-1,21],[24,8],[458,198],[38,5],[11,-2],[36,24],[38,-14],[34,-30],[26,-17],[8,-19],[24,-29],[9,-31],[-5,-15],[4,-14],[33,-46],[35,-46],[23,34],[20,9],[104,21],[117,23]],[[19326,34102],[100,-471],[45,-213],[127,-595],[51,-240],[67,-315],[65,-306],[11,-42],[19,-48],[-184,-186],[-271,-277],[-249,-254],[-140,-134],[-9,-15],[-41,-42],[-565,-220],[-162,-60],[-181,-67]],[[18009,30617],[-50,-19],[-323,-132],[-168,-44],[-129,-28],[-374,-94],[-192,-52],[-105,-21],[-66,-54],[-163,-267],[-241,-380],[-38,-60],[-210,-173],[-230,-192],[-247,-208],[-40,-35],[-73,-59],[-36,-33],[-381,-318],[-79,-107]],[[14864,28341],[-147,-197],[-47,-65],[-37,-48],[-88,-120],[-38,-49],[-128,-176],[-359,-487],[-19,-21],[-85,-103],[-202,-229],[-65,-76],[-219,-254],[-254,-280],[-114,-137],[-61,-68],[-113,-129],[-131,-150]],[[12757,25752],[-159,-182],[-407,-458],[-9,-17]],[[12182,25095],[-42,11],[-14,25],[5,29],[-15,34],[-27,26],[-50,33],[-30,12],[-27,17],[-20,8],[-173,-3],[-34,5],[-26,13],[-30,32],[-19,30],[-2,130],[1,138],[1,43],[-111,3],[0,44],[-218,449],[-45,82],[-41,263],[-53,-1],[-25,203],[-56,448],[-2,134],[-2,517],[-63,-1],[-6,49],[-9,17],[-13,41],[1,22],[10,29],[-1,18],[-18,137],[-5,52],[-14,89],[-4,92],[35,0],[-1,46],[14,86],[22,74],[43,82],[23,49],[29,57],[33,87],[9,38],[9,68],[5,75],[-2,104],[3,90],[7,89],[15,67],[17,60],[26,66],[14,48],[7,36],[5,43],[-5,38],[-8,37],[-12,44],[-16,43],[-23,81],[-7,62],[-1,46],[10,44],[13,34],[26,50],[56,100],[19,44],[9,35],[-1,56],[-5,108],[11,75],[12,40],[16,37],[24,45],[34,58]],[[16364,22399],[14,-7],[184,-229],[32,-53],[25,-53],[45,-130],[22,-44],[27,-33],[133,-132],[30,-26],[22,-16]],[[15496,21597],[-217,-2]],[[15279,21595],[0,262]],[[35161,13159],[165,1],[0,-404],[87,0],[30,-2],[106,-1],[2,-29],[-1,-90],[218,1],[113,1],[106,-11],[-6,12],[-1,26],[3,238],[-1,24],[7,11],[26,10],[29,5],[34,12],[23,14],[22,0],[44,10],[18,15],[21,27],[1,133],[49,0],[111,-4],[165,-2],[52,3],[54,-1],[0,-77],[-1,-184],[-1,-262],[1,-130],[-2,-262],[-2,-129],[164,0],[53,-1],[111,0]],[[35755,10539],[-166,0],[-53,0],[-163,-1],[-55,0]],[[34444,12109],[0,70],[2,193],[217,1],[0,115],[2,143],[106,4],[110,0],[-1,260],[1,265],[280,-1]],[[4485,6923],[77,1],[158,0],[60,2],[-1,130]],[[4775,7186],[71,-42],[52,-23],[49,-14],[60,-11],[68,-8],[69,-10],[75,-1]],[[5221,6227],[-166,79],[-163,79],[-111,53],[-213,102],[-92,44],[-37,13],[-99,19],[-67,2],[-133,1]],[[23364,14164],[0,-69]],[[23364,14095],[0,-87]],[[23364,14008],[0,-95]],[[23364,13913],[-1,-81],[2,-62],[-28,1],[1,-125],[-20,-4],[3,-35],[-16,1],[0,-30]],[[12687,10083],[-1,-66]],[[12367,7306],[25,15],[22,28],[10,22],[-8,7],[28,42],[-25,35],[-35,61]],[[13069,7955],[1,-507],[-2,-335],[1,-156],[1,-48]],[[12355,6991],[-3,46],[-2,130],[7,33],[18,36],[42,58],[1,12],[-51,0]],[[17695,12818],[-17,-15],[4,-56],[-1,-33],[-22,-7],[-22,-14],[-21,3],[-26,-6],[-17,-24],[-7,-18],[-12,-3],[-5,-13],[11,-27],[2,-27],[20,-58],[18,-15],[-11,-35],[17,4],[4,-7],[-7,-32],[-18,-71],[8,-25],[-4,-25],[20,-18],[13,3],[13,-16],[-1,-21],[7,-7],[25,5],[5,-23],[30,-26],[-5,-15]],[[16428,13491],[13,29],[3,34],[14,23],[13,12],[6,15],[36,31],[10,4],[7,25],[23,21],[26,38],[24,41],[15,11],[16,24],[7,36],[6,17],[-7,14],[6,32],[24,32],[11,18],[37,13],[29,1],[31,24],[19,28],[18,3],[13,10],[21,4],[7,10],[5,29],[23,24],[5,10],[-10,19],[0,19],[12,20],[-2,19],[-16,3],[-16,-6],[-11,6],[-20,33],[-8,31],[-13,35],[-3,42],[-31,22],[-9,23],[0,21],[37,15],[13,15],[11,24],[5,43],[22,16],[8,15],[-1,28],[-9,18],[-4,34],[5,30],[-17,37],[-9,58],[11,35],[9,4],[32,2],[41,13],[2,13],[-15,18],[-11,49],[-8,8],[-23,-25],[-14,-1],[-16,-9],[-7,4],[0,44],[4,22],[31,61],[-1,16],[15,42],[-3,10],[-22,14],[-22,26],[-6,13],[2,16],[13,12],[19,9],[17,17],[9,19],[9,42],[-1,14],[-10,17],[12,14],[1,12],[12,8],[12,22],[6,22],[6,47],[1,18],[-9,45],[4,41],[-7,20],[-12,5],[-46,-6],[-29,1],[-9,7],[-15,27],[-1,11],[8,24],[-22,11],[-18,24],[-4,37],[-16,28],[-21,5],[-18,-9],[-22,-3],[-11,3],[-10,17],[-1,11],[-27,30],[-21,7],[-60,13],[-5,12],[1,19],[10,27],[7,8],[19,2],[10,23],[-7,46],[-11,22],[-12,45],[-14,17],[-8,26],[4,10],[19,24],[11,39],[-11,17],[-25,7],[-18,-3],[-7,12],[-32,15],[-25,21],[-28,32],[-20,37],[-15,59],[-2,23],[10,5],[14,-8],[24,5],[2,22],[-12,21],[-26,22],[-22,31],[-9,23],[-18,22],[-20,4],[-27,-19],[-19,-25],[-26,-28],[-18,-43],[-7,-1],[-15,21],[3,13],[-5,20],[-13,36],[-53,9],[-20,-1],[-25,-11],[-18,15],[-18,31],[-30,19],[-21,27],[-1,24],[-13,30],[-20,24],[-4,19],[6,38],[14,15],[10,2],[24,12],[8,20],[-1,27],[-8,13],[-15,10],[-27,4],[-10,5],[-2,13],[-20,24],[-22,9],[-19,15],[-26,5],[-3,16],[-10,16],[-12,11],[-30,3],[-5,-10],[-24,0],[-20,20],[-17,29],[-4,27],[-6,6],[-9,30],[-22,4],[-16,-7],[-16,-16],[-15,3],[-6,17],[-20,20],[-5,29],[-22,13],[-44,-24],[-12,-23],[3,-51],[7,-27],[8,-14],[-16,-22],[-14,2],[-41,34],[-8,54],[-6,49],[-20,16],[-24,11],[-13,-17],[5,-25],[-3,-10],[-16,-4],[-46,-19],[-24,-2],[-32,26],[-19,31],[-11,2],[-26,-9],[-29,-23],[-7,2],[-7,25],[-16,18],[-17,9],[-29,31],[-7,25],[-21,0],[-7,-11],[-4,-21],[-14,-34],[-16,-19],[-19,0],[-14,18],[-22,12],[-31,-11],[-19,-22],[-18,-6],[-17,4],[-33,-8],[-31,2],[-43,-18],[-31,-21],[-27,-34],[-31,6],[-15,9],[-34,42],[-16,9],[-38,6],[-44,-4],[-21,-8],[-36,-30],[-20,-4],[-14,9],[-12,23],[-6,30],[-17,14],[-12,0],[-36,-17],[-8,-27],[-12,-80],[-12,-15],[-20,-17],[-12,16],[-6,33],[-19,53],[-3,41],[-7,33],[-19,35],[-22,12],[-15,-6],[-14,-28],[-6,-78],[-18,-4],[-29,5],[-134,-33],[-40,-5],[-20,0],[-40,-21],[-12,0]],[[24437,23714],[112,130],[155,182],[62,95],[18,25],[45,37],[21,12],[77,21],[25,11],[35,29],[120,122],[98,90],[72,70],[38,44],[33,42],[34,51],[21,33],[11,25],[14,58],[12,18],[15,7],[13,-9],[0,49],[65,226],[3,3],[69,154],[74,145],[35,58],[154,238],[14,27],[17,27],[140,209],[48,75],[111,209],[28,55],[57,105],[6,9],[28,18]],[[34908,18418],[-208,1],[-757,-1],[-144,2],[-30,1]],[[33769,18421],[-241,1],[-627,-2],[-110,1],[-150,-3],[-196,-1],[-155,-2],[-2,-662],[-4,-560],[-1,-160],[-1,-20]],[[32282,17013],[-66,46],[-33,18],[-49,15],[-124,29],[-55,16],[-43,23],[-37,31],[-30,36],[-29,53],[-181,427],[-27,58],[-34,48],[-14,16],[-34,28],[-31,19],[-27,11],[-24,6],[-33,4],[-530,9],[-333,4],[-457,7],[-423,14],[-283,5],[-42,1],[-602,11],[-38,8],[-26,9],[-25,13],[-35,26],[-23,22],[-20,23],[-115,153],[-97,126],[-423,556],[-23,28],[-33,31],[-29,19],[-35,16],[-48,12],[-53,1],[-118,-2],[-110,-1],[-50,0],[-29,4],[-25,7],[-43,19],[-30,21],[-130,110],[-70,59],[-58,48],[-14,13],[-23,34],[-27,49],[-21,32],[-48,56],[-73,78],[-37,31],[-33,20],[-40,19],[-58,17],[-75,26],[-143,36],[-363,56],[-35,5],[-30,7],[-74,28],[-504,187],[-119,39],[-107,41],[-144,56],[-42,18],[-109,51],[-70,29],[-62,24],[-61,22],[-98,32],[-204,63],[-237,70],[-68,22],[-236,70],[-224,69],[-111,33]],[[23565,20589],[1,43],[1,486],[0,178],[1,533],[2,331],[-1,47],[0,228],[-1,247],[10,-1],[52,65],[49,55],[173,200],[28,30],[78,74],[13,19],[14,43],[12,17],[142,163],[126,150],[124,155],[48,62]],[[16014,8996],[25,-27],[18,-11],[32,-12],[52,-28],[23,-4],[54,-26],[9,-19],[-5,-28],[33,-11],[64,3],[20,5],[25,16]],[[16364,8854],[-11,-26],[-27,-24],[-13,-19],[-13,-28],[-2,-14],[-1,-83],[-2,-13],[-15,-17],[-23,-1],[-9,-6],[-9,-26],[-124,-8],[-104,1]],[[79570,35008],[-10,30],[-12,26],[-20,29],[-20,20],[-42,36],[122,-2],[59,0],[54,-1],[11,-3],[23,-42],[20,-49],[27,-29],[25,-17],[48,-29],[27,-20],[23,-38],[11,-13],[28,-24],[65,-37],[43,-12],[18,-14],[8,-14],[75,-131],[18,-14],[14,-1],[30,11],[20,18]],[[80235,34688],[65,-155],[17,-47],[34,-67],[27,-74],[61,-185],[56,-204],[27,-185],[17,-97],[3,-62],[-1,-38],[3,-17],[29,-107],[19,-86],[18,-90],[20,-74],[41,-98],[51,-88],[26,-50],[28,-63],[11,-60],[19,-61],[56,-133],[27,-60],[50,-121],[51,-89],[45,-77],[53,-85],[64,-77],[80,-106],[81,-83],[84,-85],[109,-100],[100,-84],[39,-22],[18,-21],[14,-29],[32,-42],[24,-27],[30,-39],[44,-72],[31,-46],[14,-43],[25,-48],[29,-46],[82,-114],[61,-52],[52,-32],[44,-29],[108,-53],[129,-61],[24,-29],[21,-19],[22,-13],[31,-11],[26,-17],[31,-27],[55,-44],[36,-40],[9,-33],[33,-136],[19,-49],[25,-78],[68,-51],[50,-25],[53,4],[84,-4],[58,-11],[32,-9],[27,-14],[24,-22],[16,-27],[33,-79],[14,-42],[12,-46],[8,-56],[4,-56],[-2,-41],[3,-55],[13,-85],[21,-93],[6,-48],[15,-83],[16,-71],[41,-117],[36,-77],[52,-84],[48,-83],[42,-82],[24,-56],[16,-61],[1,-41],[-2,-50],[3,-28],[12,-39],[33,-48],[37,-47],[16,-28],[9,-35],[-2,-38],[-10,-31],[-20,-37],[-30,-38],[-39,-36],[-44,-49],[-21,-17],[-23,-47],[-3,-25],[6,-32],[23,-30],[43,-40],[69,-60],[75,-74],[48,-69],[24,-37],[25,-34],[35,-36],[25,-44],[22,-42],[23,-58],[11,-47],[12,-42],[6,-65],[-4,-66],[-6,-60],[-21,-116],[3,-48],[15,-55],[33,-101],[5,-30],[14,-128],[252,-245],[111,-150],[-4,-292],[-25,-54],[-54,-58],[-221,-87],[-11,-26],[28,-81],[332,-472],[428,-398],[13,-38],[146,-339],[231,-581],[219,-477],[65,-475],[2,-332],[-72,-261],[-10,-28],[-23,-125],[-8,-73],[-6,-80],[-3,-94],[10,-141],[17,-141],[10,-114],[-4,-66],[-20,-105],[-26,-98],[-32,-97],[-44,-139],[-15,-65],[-5,-55],[4,-47],[13,-46],[38,-60],[55,-82],[103,-129],[76,-93],[35,-24],[34,-8],[46,3],[98,14],[97,15],[79,32],[105,38],[47,7],[57,3],[72,6],[61,21],[53,16],[44,8],[46,3],[29,-3],[39,-11],[35,-17],[32,-22],[28,-25],[31,-45],[31,-52],[27,-49],[42,-107],[53,-153],[19,-29],[33,-5],[51,-14],[92,-32],[52,-27],[42,-29],[76,-55],[47,-38],[42,-43],[103,-69],[88,-63],[154,-195],[36,-67],[29,-69],[9,-50],[-2,-51],[1,-99],[4,-34],[15,-47],[24,-54],[38,-60],[47,-46],[27,-14],[41,-26],[45,-21],[54,-18],[74,-5],[124,-2],[116,-17],[41,-16],[39,-25],[35,-35],[30,-47],[34,-60],[53,-84],[74,-103],[63,-75],[49,-29],[53,-43],[84,-88],[65,-70],[70,-82],[65,-82],[74,-89],[31,-60],[84,-219],[89,-108],[156,-70],[152,-54],[195,-18],[162,-21],[74,-79],[135,-110],[138,-62],[110,-79],[106,-104],[101,-155],[101,-197],[46,-135],[68,-178],[50,-118],[107,-261],[18,-86],[70,-77],[119,-131],[57,-44],[76,-93],[84,-85],[67,-96],[2,-83],[-25,-103],[-9,-80],[29,-262],[43,-166],[15,-112],[-11,-68],[-14,-69],[10,-95],[15,-74],[32,-120],[51,-127],[38,-98],[-7,-84],[-44,-69],[-55,-21],[-57,9],[-100,34],[-76,20],[-59,-2],[-78,-24],[-76,-22],[-88,4],[-106,30],[-88,16],[-15,-20],[-2,-23],[34,-112],[2,-73],[-15,-60],[-51,-73],[-178,-70],[-24,-14],[-25,-41],[-7,-21],[-1,-104],[-12,-42],[-41,-56],[-320,-328],[-203,-267],[-230,-285],[-88,-142],[-92,-93],[-198,-137],[-45,-54],[-17,-67],[2,-91],[18,-88],[3,-104],[-21,-96],[-31,-85],[-50,-52]],[[83646,7510],[-134,2],[-31,2],[-75,-2],[-107,1],[-428,-1]],[[82871,7512],[0,257],[-3,72],[-4,30],[-10,30],[-11,22],[-17,26],[-26,27],[-358,279],[-36,33],[-77,71],[-128,122],[-15,20],[-18,34],[-13,42],[-4,33],[0,46],[2,291],[-2,101],[-4,22],[-15,42],[-11,19],[-19,24],[-108,116],[-204,220],[-173,185],[-21,25],[-81,124],[-254,396],[-65,101],[-116,198],[-19,32],[-86,144],[-208,354],[-33,57],[-51,85],[-139,239],[-26,33],[-37,22],[-31,8],[-89,13],[-315,47],[-39,11],[-27,10],[-69,17],[-43,16],[-34,20],[-43,38],[-24,30],[-453,689],[-421,640],[-13,26],[-7,36],[-43,293],[-38,261],[-29,202],[-30,208],[-7,52],[-5,102],[-4,24],[-17,65],[-9,45],[-8,60],[-53,360],[-2,24],[-5,192],[-5,149],[-31,1034],[-14,501],[-10,352],[-18,555],[-13,428],[1,67],[43,226],[2,22],[2,103],[8,381],[19,889],[12,561],[5,202],[22,1102],[22,1071],[6,285],[9,412],[3,62],[32,451],[67,947],[54,755],[4,19],[20,38],[91,122],[34,47],[10,20],[125,265],[8,26],[-1,38],[-195,538],[-43,118],[-13,37],[-1,43],[25,105],[15,47],[46,118],[32,63],[9,27],[0,26],[-16,51],[-3,36],[9,35],[40,126],[12,32],[52,117],[77,179],[38,89],[9,34],[9,142],[0,25],[-39,433],[-11,69],[-10,38],[-4,33],[3,33],[5,17],[15,28],[49,53],[43,45],[44,35],[17,21],[12,35],[7,59],[12,85],[12,35],[30,31],[41,23],[18,16],[12,17],[9,26],[14,74],[50,283],[5,32],[20,102],[-2,285],[-3,38],[-18,84],[-10,64],[1,26],[6,28],[41,146],[61,132],[12,37],[10,19],[19,25],[9,20],[9,57],[7,16],[30,46],[42,61],[26,40],[14,32],[2,25],[4,186],[5,302],[3,61],[8,42],[9,27],[34,92],[27,69],[18,51],[6,25],[25,118],[24,409],[3,48],[-3,22],[-17,42],[-55,138],[-85,215],[-66,166]],[[73687,46919],[339,-370],[413,-476],[101,-114],[344,-400],[99,-111],[340,-397],[102,-116],[350,-407],[406,-482],[444,-523],[43,-49],[392,-460],[69,-78],[389,-452],[56,-67],[374,-436],[619,-729],[481,-561],[25,-31],[19,-70],[22,-43],[39,-143],[20,-101],[5,-101],[2,-104],[-6,-107],[-13,-85],[-23,-101],[-40,-122],[-29,-108],[-25,-91],[-8,-43],[-8,-98],[3,-121],[4,-103],[17,-81],[65,-192],[46,-234],[1,-63],[1,-157],[-32,-171],[-29,-119],[-16,-125],[-11,-91],[1,-122],[19,-102],[23,-80],[25,-155],[-8,-165],[-25,-119],[-66,-219],[-23,-96],[-17,-101],[-15,-118],[-1,-122],[39,-385],[20,-76],[33,-105],[60,-130],[60,-99],[45,-60],[16,-12],[47,-67],[50,-53],[51,-50],[74,-54],[78,-49],[69,-47],[46,-35],[87,-53],[36,-24],[42,-36],[48,-44],[45,-43],[115,-124],[47,-56],[55,-75],[61,-87],[21,-35]],[[82871,7512],[-406,-1],[-82,-3],[-349,0],[-594,0],[-568,0],[-620,1],[-363,0],[-254,0],[-371,-8],[-629,-3],[-520,-2],[-105,1],[-289,-1],[-754,0],[-13,1],[-108,-2],[-340,-3],[-392,3],[-57,-2],[-98,3],[-175,2],[-129,1],[-354,4],[-25,-1],[-124,1],[-79,1],[-55,-1],[-346,1],[-492,0]],[[74180,7504],[2,15],[-55,2],[-36,6],[-57,15],[-53,21],[-273,102],[-151,56],[-480,179],[-649,240],[-27,11],[-58,30],[-51,38],[-144,115],[-101,80],[-237,187],[-193,152],[-43,34],[7,3],[143,-6],[98,-7],[65,-3],[25,41],[36,34],[-169,300],[-26,55],[-39,65],[-17,47],[-23,83],[-26,80],[-26,91],[-14,20],[1,10],[79,264],[0,37],[-5,29],[-14,35],[-15,44],[-76,190],[-63,176],[-55,134],[-18,41],[-5,18],[-9,15],[-47,113],[-99,238],[-6,24],[-30,67],[-3,1],[-49,115],[-14,-15],[-47,-41],[-52,-30],[-19,-3],[-41,-30],[-27,-7],[-21,-12],[-34,-8],[-31,-24],[-46,-19],[-23,-4],[-19,-12],[-33,-15],[-48,-5],[-39,-7],[-77,-39],[-14,-10],[-51,-59],[-9,-17],[-16,-18],[-15,-4],[-16,-31],[-39,-34],[-78,-39],[-15,-12],[-11,-1],[-15,-11],[-26,-4],[-19,2],[-23,13],[-17,-3],[-57,85],[-2,21],[-60,101],[-56,83],[-10,10],[-16,3],[-45,62],[-50,78],[-103,155],[-134,198],[-32,51],[-34,46],[-38,45],[-131,141],[-88,95],[-301,323],[-32,36],[-306,328],[-140,151],[-183,197],[-98,106],[-280,301],[-203,218],[-140,151],[-101,107],[-24,27],[-83,88],[-61,67],[-63,67],[-90,98],[-10,10],[-126,136],[-9,9],[-94,100],[-18,22],[-99,104],[-38,42],[-114,122],[-22,20],[-31,21],[-51,21],[-32,6],[-41,-1],[-97,-16],[-42,-8],[-141,-24],[-43,-8],[-120,-20],[-138,-22],[-27,-2],[-41,2],[-114,3],[-246,12],[-38,3],[-38,7],[-39,12],[-125,54],[-43,13],[-45,7],[-42,-1],[-94,-14],[-33,5],[-40,21],[-225,216],[-27,27],[-150,143],[-158,154],[-72,68],[-329,318],[-40,44],[-109,150],[-13,19],[-65,88],[-26,38],[-100,137],[-25,37],[-29,38],[-61,86],[-175,242],[-32,47],[-23,41],[-72,139],[-88,170],[-115,222],[-159,306],[-16,28],[-249,404],[-51,81],[-21,31],[-27,35],[-175,181],[-48,49],[-99,102],[-92,96],[-144,147],[-42,47],[-87,122],[-75,111],[-41,57],[-122,177],[-29,36],[-41,41],[-32,27],[-131,94],[-257,187],[-70,50],[-167,120],[-66,40],[-134,69],[-298,156],[-251,129],[-149,78],[-58,38],[-98,77],[-84,66],[-39,27],[-104,68],[-88,59],[-52,45],[-27,29],[-33,41],[-57,68],[-19,18],[-30,16],[-118,44],[-38,19],[-25,17],[-29,29],[-109,143],[-126,171],[-305,408],[-77,104],[-44,58],[-42,57],[-82,109],[-354,473],[-70,94],[-132,176],[-57,76],[-75,99],[-150,200],[-105,141],[-57,74],[-63,85],[-18,23],[-37,29],[-25,12]],[[39247,10808],[-1,-22],[4,-107],[-1,-233],[0,-247],[-4,-41],[-2,-113],[5,-42],[1,-56],[-1,-92],[0,-346],[0,-6]],[[36624,9493],[-71,-1],[-149,1],[-267,0],[-162,-2],[-224,2]],[[35751,9493],[1,144],[0,179],[1,170],[3,127],[-1,39],[0,127],[-1,194],[1,66]],[[14485,14717],[9,-18],[33,-27],[20,7],[-1,20],[21,11],[9,-19],[-6,-21],[3,-16],[26,-30],[10,-3],[21,3],[6,-10],[-21,-56],[-3,-37],[5,-16],[14,-23],[-2,-24],[4,-18],[0,-45],[-10,-23],[-10,-66],[1,-24],[31,-32],[-1,-20],[-7,-10],[-28,-14],[-1,-6]],[[14608,14200],[-15,-11],[2,-16],[15,-21],[-9,-17],[-12,-8],[-5,-14],[-26,-93],[-1,-54],[-8,-24],[-13,-26],[-5,-37],[-6,-13],[4,-24],[22,-38],[-4,-18],[-15,-25],[-2,-16],[-14,-49],[-12,-29],[-1,-16],[-9,-20],[11,-38],[1,-21],[-2,-32],[-6,-15],[-16,-24],[-3,-13]],[[14479,13488],[-24,3]],[[14455,13491],[20,28],[17,33],[2,24],[-4,18],[-22,39],[-13,31],[-12,9],[-34,15],[-21,-5],[-22,23],[-20,4],[-9,7],[-21,37],[-24,18],[-29,7],[-36,22],[-17,-3],[-14,6],[-20,-4],[-10,3]],[[14166,13803],[11,19],[-7,21],[4,23],[-5,18],[7,10],[15,2],[8,15],[17,14],[23,9],[43,-5],[13,2],[-15,56],[-2,22],[8,39],[-6,29],[2,41],[-4,22],[14,45],[17,27],[3,21],[-3,19],[5,32],[-8,52],[-8,15],[-24,29],[0,17],[31,7],[11,8],[11,21],[21,25],[-10,4],[-13,-12],[-30,-12],[-24,8],[-4,15],[-11,3],[-19,-12],[-18,-2],[-18,12],[-22,-12],[-9,-12],[-25,-18],[-17,1],[-19,-16],[-5,16],[-14,23],[1,36],[6,7],[27,15],[5,20],[-5,13],[3,17],[9,7],[80,2],[28,19],[15,20],[59,33],[19,0],[19,-9],[5,27],[12,32],[11,9],[11,27],[15,11],[10,-26],[16,20],[30,20],[0,-31],[19,4]],[[16553,8849],[-9,-10],[-17,20],[-26,40],[-35,-9],[-22,2],[-12,-15],[-17,-4],[-41,-20],[-10,1]],[[16014,8996],[0,65],[-11,37],[-13,20],[-30,30],[-18,33],[-21,26],[-20,30],[-30,29],[-23,12],[-33,9],[-41,-4],[-28,-7],[-35,-15],[-24,-3]],[[15687,9258],[0,122],[3,142],[-52,3],[2,-6],[-115,2],[-54,-1],[-1,-74],[-21,-13],[-16,11],[-27,7],[-8,7],[-28,55],[-9,7]],[[15361,9520],[-10,2],[-73,-1]],[[15278,9521],[-41,0]],[[14057,13356],[21,8],[11,21],[60,-27],[14,0],[4,15],[20,22],[29,43],[0,14],[9,7],[26,-10],[14,4],[16,14],[23,-7],[20,13],[11,-11],[5,27],[28,-23],[28,-1],[59,26]],[[14479,13488],[20,-5],[0,-16],[10,-33],[29,-77],[10,-30],[14,-29],[-4,-22]],[[14558,13276],[-15,-5]],[[14543,13271],[-28,8],[-4,-14],[-17,-5],[-5,-20],[-24,-14],[-27,1],[-35,23],[-27,32],[-35,30],[-14,1],[2,-29],[-11,-17],[-21,-14],[-29,7],[-20,-2],[-26,-24],[-27,1],[-22,12],[-24,-19],[-18,-29],[-10,6]],[[14121,13205],[-25,57],[-20,32],[-2,29],[-17,33]],[[14481,14812],[11,18],[48,52],[8,38],[18,26],[3,12],[24,30],[16,1],[13,-12],[28,-5],[36,-1],[11,-25],[32,-50],[35,-26],[9,-12],[-3,-39],[10,-3],[6,13],[14,2],[20,-14],[0,-14],[27,23],[-4,19],[5,7],[20,8],[19,14]],[[14887,14874],[-5,-14],[-15,-23],[11,-35],[8,-16],[37,-31],[23,6],[13,-38],[37,-9],[7,19],[11,-20],[30,-35],[6,-17],[3,-31],[-24,3],[-9,-63],[3,-23],[-3,-23],[-16,-4],[-17,-13],[-9,14],[-10,4],[-5,-23],[5,-29],[-22,1],[-8,-16],[21,-9],[25,1],[3,-12],[-4,-25],[-23,2],[-23,-8],[-13,-16],[3,-32],[-15,-21],[0,-8],[-31,4],[2,-19],[-8,-11],[-11,-2],[-18,18],[0,25],[-12,2],[-13,-19],[3,-20],[-6,-16],[3,-26],[11,-12],[-7,-9],[7,-51],[14,-31],[20,-55],[-30,-3],[-10,-11],[-7,-24],[-12,-5],[-25,1],[-16,12],[-14,-1]],[[14752,14077],[-5,18],[-19,19],[-2,8],[16,26],[0,18],[9,14],[20,16],[-2,11],[-21,-9],[-32,-8],[-28,-16],[-20,-23],[-17,28],[-13,4],[-14,-16],[-21,8],[-2,15],[7,10]],[[14485,14717],[-1,29],[4,12],[-7,22],[15,20],[-15,12]],[[11888,13616],[55,-8],[35,-1],[26,-5],[14,-21],[19,-3],[18,-9],[21,-3],[26,-15],[20,-3],[20,4],[90,-6],[19,2],[15,8]],[[12266,13556],[16,2],[25,-15],[8,-23],[9,-5],[9,10],[14,-1],[12,-12],[30,-10],[101,18],[37,3],[15,-13],[18,-5],[33,-19],[9,-25],[18,-39],[1,-11]],[[12621,13411],[-14,11],[-32,14],[-34,2],[-13,8],[-15,-1],[-17,-11],[-17,5],[-15,-4],[-9,7],[0,24],[-17,-8],[-7,-12],[0,-21],[-80,-4],[-55,2],[-25,-8],[-6,-22],[-28,-23],[-8,-13],[-19,-4],[-11,12],[-14,2],[-10,26],[-55,-1],[-14,7],[-13,18],[-20,-1],[-15,-14],[-16,12],[-16,1],[-12,10],[-22,1],[-24,12],[-6,9],[1,54],[6,14],[-2,14],[-13,18],[-8,23],[-17,22],[-14,0],[-8,14],[-21,1]],[[11886,13607],[2,9]],[[12448,14421],[-6,-54],[-8,-15],[3,-25],[30,-23],[7,-13],[-16,-59],[-3,-31],[11,-42],[-4,-18],[-28,-24],[-2,-22],[-11,-28],[-28,-6],[-7,-11],[1,-14],[21,-28],[-6,-35],[3,-21],[13,-34],[5,-36],[-6,-41],[-11,-13],[4,-10],[39,-38],[8,-14],[1,-31],[6,-34],[-1,-16],[-8,-25],[-35,-39],[-13,-3],[-105,-9],[-28,-31],[-10,-8],[2,-14]],[[11888,13616],[-3,14],[-14,7],[-23,25],[-15,-5],[-32,23],[-11,-4],[-15,4],[-20,20],[-14,-5],[-26,17],[-11,32],[-39,37],[-19,-3],[-12,-17],[-20,0],[-68,37],[-16,41],[-32,40],[-18,38],[-6,34],[9,52],[8,24],[29,29],[16,-3],[15,6],[14,33],[28,8],[25,18],[7,32],[12,9],[6,15],[19,28],[23,7],[-3,37],[7,18],[12,9],[-9,24],[12,15],[12,35],[2,17],[15,14],[10,24],[-1,14],[21,5],[7,15],[10,-19],[24,-2],[11,-15],[16,19],[17,35],[26,23],[7,14],[5,24],[7,12],[30,-17],[25,-8],[70,1],[44,-13],[124,-50],[27,-10],[88,-36],[25,-6],[28,1],[21,6],[57,24],[16,2]],[[15413,13852],[202,175],[105,179],[22,22],[11,7],[10,-24],[25,2],[0,-17]],[[15788,14196],[-2,-30],[18,-22],[28,-6],[8,-11],[8,-43],[-1,-23],[-8,-52],[0,-29],[-5,-18],[1,-23],[-4,-22],[6,-20],[11,-17],[-2,-16],[-15,-7],[-18,5],[-35,2],[-23,-11],[-19,-4],[-11,-10],[-27,-53],[-9,-23]],[[15574,13638],[-25,40],[-22,23],[-19,5],[-13,-10],[-14,7],[-12,-10],[-15,-31],[5,-10],[-1,-35],[-10,-38],[3,-24],[-3,-14],[-20,-23],[-17,2],[1,32],[-5,10],[-20,15],[-21,28],[-18,0],[-14,11],[-15,-4],[-15,-27],[-10,-5]],[[15294,13580],[-15,46],[-15,8],[-9,25],[-6,4],[-34,-11],[-14,-19],[-4,-36],[-18,21],[-22,6],[-23,-4],[-18,19],[-20,4],[-12,-2],[-51,-37],[-20,-23],[-4,-24],[6,-15],[-8,-13],[-22,14],[-20,-13],[-42,20],[-25,19],[-14,-2],[-20,-29],[-21,0]],[[14843,13538],[30,30],[12,25],[34,-3],[21,-19],[9,0],[23,18],[9,29],[6,2],[-6,38],[0,17],[133,94],[48,20],[251,63]],[[13616,10572],[0,-130]],[[13616,10442],[-193,2]],[[13423,10444],[0,131],[-302,-1],[-51,-1]],[[14864,28341],[-14,-100],[8,-26],[0,-72],[-2,-30],[0,-38],[-2,-95],[1,-20],[0,-114]],[[14826,24666],[-248,-1],[-22,14],[-58,-42]],[[14498,24637],[-107,-77],[-39,-19],[-43,-10],[-31,-15],[-51,-36],[-269,-157],[-90,-52],[-125,-73],[-109,-60],[-148,-66],[-15,-20]],[[13471,24052],[-65,22],[-39,8]],[[13536,25875],[-29,-2],[-43,-40],[-72,-51],[-20,-11],[-64,-54],[-22,-25],[-12,-19],[-16,-49],[-18,-37],[-31,-46],[-17,-21],[-32,-31],[-7,5],[-50,14],[-26,16],[-21,19],[-32,23],[-38,31],[-65,50],[-36,46],[-8,6],[-47,8],[-24,10],[-27,22],[-22,13]],[[6576,21293],[80,0],[24,-5],[12,3],[105,-2],[55,1],[54,-1],[109,0],[163,3],[275,2],[219,-1],[12,0],[207,0]],[[7891,21293],[-2,-135],[-2,-134],[1,-131],[-1,-129],[2,-248]],[[6583,20504],[-1,102],[3,49],[-2,110],[-4,59],[1,88],[-1,117],[2,5],[-5,259]],[[11380,19988],[95,2],[104,3]],[[11587,18941],[-149,-2],[-53,0]],[[11385,18939],[0,2]],[[11385,18941],[-2,79],[0,128],[0,318]],[[11383,19466],[-2,194],[1,127],[-1,153],[-1,48]],[[11157,19985],[223,3]],[[11383,19466],[-220,-1],[-4,4],[0,87],[-1,58],[0,192],[-1,179]],[[9665,18410],[49,3],[111,1],[137,2],[272,1],[54,1]],[[10288,18418],[1,-253],[2,-4],[1,-262],[3,-72],[3,-19],[-6,-16],[0,-26],[3,-104],[1,-84],[-164,-97],[-59,-33],[-31,-15],[-30,-33],[-76,-44],[-10,-23],[-5,-26],[-21,-31],[-10,-9],[-9,11],[-18,35],[-9,5],[-18,-5],[-21,2],[-11,-13],[-36,-28],[-20,6],[-36,-3],[-14,-8],[-20,-4],[-12,16],[-15,3],[-8,-11],[-9,2],[-15,-10],[-28,5],[-26,-1],[-48,9],[-30,-17],[-37,4],[-13,-3],[-38,13],[-14,8],[-14,-16],[-16,2],[-32,-18],[-25,-18],[-45,-40],[-21,18],[-5,19],[-15,10]],[[9212,17240],[1,107],[0,30],[-117,-2]],[[9096,17375],[9,51],[12,46],[23,61],[26,53],[48,78],[176,274],[88,139],[21,34],[166,299]],[[10939,19464],[55,0],[32,-2],[54,1],[21,-46],[21,-35]],[[11122,19382],[8,-29],[20,-57],[10,-19],[-1,-144],[2,-117],[-1,-48],[2,-26],[187,0],[36,-1]],[[11385,18939],[1,-128],[1,-392],[-1,0]],[[11386,18419],[-57,-1],[-386,0]],[[10943,18418],[0,114],[2,80],[1,260],[-2,32],[1,36],[-1,157],[-1,86],[-3,81],[-1,66],[2,52],[-2,82]],[[10538,19988],[65,0],[27,-4],[88,0]],[[10718,19984],[1,-89],[0,-169],[2,-265]],[[10721,19461],[-18,1],[-144,0],[-55,1],[0,-195],[2,-69],[-219,1],[-2,-66],[3,-179],[0,-46],[0,-197],[3,-29],[0,-69],[0,-196]],[[10291,18418],[-3,0]],[[9665,18410],[178,318],[21,35],[35,49],[35,59],[33,61],[47,85],[122,229],[67,120],[22,43],[99,184],[141,257],[73,138]],[[3562,21272],[48,-6],[150,1],[7,2],[103,2],[109,1],[3,-2],[52,1],[164,0],[127,5],[203,-3],[54,1],[110,0],[61,2],[230,1],[92,2],[19,-2],[201,1]],[[5295,21278],[1,-140],[-1,-121],[1,-3],[0,-121],[4,-15],[-4,-12],[1,-26],[0,-104],[3,-243]],[[5317,19443],[-411,291]],[[4906,19734],[-259,183],[-52,35],[-165,118],[-32,26],[-97,91],[-97,92],[-47,43],[-279,263],[-161,151],[-152,143]],[[3565,20879],[-2,42],[0,113],[-2,194],[1,44]],[[42715,10023],[0,-112],[3,-42],[2,-356]],[[42385,9508],[-80,-2],[-2,260],[-1,261]],[[11157,19985],[-2,190],[0,140],[1,49],[-2,135],[3,12]],[[43621,9780],[220,6],[55,-1],[55,3],[1,72],[1,188]],[[44063,10051],[-1,-130],[0,-272],[-1,-122]],[[44061,9527],[-182,-4],[-261,-5]],[[43618,9518],[2,33],[0,99],[1,130]],[[10538,19988],[108,199],[175,322]],[[11157,19985],[-201,-1],[-145,0]],[[10811,19984],[-93,0]],[[11578,20558],[331,4],[34,0],[63,-13]],[[13538,19920],[-15,-45],[-4,-44],[1,-157],[-2,-30],[-9,-60]],[[12961,19700],[10,69],[30,201],[5,-1],[5,64],[299,-64],[82,-16],[146,-33]],[[36950,8971],[-173,1],[-169,1],[-206,0],[-202,1],[-455,2]],[[35745,8976],[1,160],[4,233],[1,124]],[[34597,8677],[265,3],[28,-1],[119,2],[86,0],[0,190],[2,27],[161,-1]],[[35258,8897],[-3,-24],[-11,-33],[-3,-22],[0,-145],[1,-187],[0,-113],[4,-20],[15,-33],[15,-19],[17,-36],[3,-24],[2,-144],[-1,-141]],[[35297,7956],[-16,10],[-16,17],[-38,77],[-13,24],[-21,28],[-33,27],[-40,17],[-40,3],[-355,-2],[-90,-2],[-21,3],[-25,17],[-10,14],[-69,133],[-4,19],[3,28],[14,37],[10,41],[1,75],[60,117],[3,38]],[[10493,21032],[1,-133],[-110,0],[-296,1],[-22,1]],[[8268,7689],[110,1]],[[8378,7690],[109,0]],[[8487,7690],[0,-49],[-1,-212]],[[8486,7429],[-41,-4],[0,4],[-106,-1],[-71,1]],[[12120,22089],[-1,-55],[-6,-22],[-10,-15],[-184,-213],[-13,-19],[-5,-23],[1,-179]],[[11792,21562],[-1,202],[0,234],[-1,88],[155,1],[64,1],[111,1]],[[12661,22096],[124,3],[58,0],[98,2],[60,-1],[-17,131],[-11,131],[-15,129],[5,78],[11,53],[-17,6]],[[12957,22628],[53,-1],[17,2],[12,-4],[24,1],[19,-16],[15,15],[8,-1]],[[13105,22624],[-2,-101],[1,-146]],[[13104,22377],[0,-291]],[[13104,22086],[1,-97],[0,-150],[2,-146],[0,-106]],[[12670,21574],[-2,95],[-3,46],[-1,120]],[[12664,21835],[-3,261]],[[12445,22618],[75,1]],[[12520,22619],[5,-49],[16,-41],[24,-33],[70,-88],[7,-23],[2,-289]],[[12644,22096],[-89,0],[-66,-2],[-79,0],[-175,-3],[-6,-1]],[[12229,22090],[-1,132],[0,129]],[[12228,22351],[1,91],[-3,78],[0,95]],[[13943,10323],[0,-15]],[[13943,10308],[-217,2],[0,-131],[-1,-65]],[[13725,10114],[-109,0]],[[13616,10114],[0,82]],[[13616,10196],[0,246]],[[10607,23644],[272,0],[55,0]],[[10934,23644],[0,-260]],[[10934,23384],[2,-85],[-1,-114],[-1,-62]],[[10934,23123],[-220,-2],[0,201],[2,59],[-107,2],[-4,43],[3,57],[-1,161]],[[12853,10211],[164,-1]],[[13017,10210],[0,-193]],[[12852,10017],[1,194]],[[13423,10444],[3,-247]],[[13426,10197],[0,-181]],[[13225,10016],[0,219],[0,116],[-154,-1]],[[13071,10350],[-1,223]],[[11652,24169],[-8,-30],[-8,-15],[26,-18]],[[11662,24106],[-73,-146]],[[11589,23960],[-100,-208],[-54,-106]],[[11435,23646],[-62,-2],[-109,0]],[[11264,23644],[-220,0],[-110,0]],[[10934,23644],[1,262],[4,134],[-2,37],[-1,88],[54,2],[56,-2],[109,1],[164,-1],[55,0],[87,5],[84,1],[79,2],[28,-4]],[[9144,26269],[115,-7],[164,-10],[135,-6]],[[9558,26246],[21,-81],[-1,-10],[58,-234],[75,-323],[-128,-3]],[[9583,25595],[0,131],[-268,9],[-170,5]],[[9145,25740],[0,75],[-2,189],[2,198],[-1,67]],[[10276,22339],[178,-2],[43,4]],[[10497,22341],[-2,-60],[-15,-50],[0,-19],[14,-63],[3,-31],[-1,-41]],[[10496,22077],[-81,0],[-138,-1]],[[10277,22076],[0,210],[4,48],[-5,5]],[[9175,22074],[7,2],[97,-1],[118,2],[220,0]],[[9617,22077],[220,1]],[[9837,22078],[0,-107],[-1,-155],[1,-5],[2,-148],[-1,-111],[383,1],[48,2],[63,-1],[55,-6]],[[9181,21298],[0,252],[-3,28],[-1,104],[0,109],[-1,21],[-1,262]],[[10057,21946],[88,1],[48,11],[41,-4],[15,-8],[23,-18],[17,-24],[12,-34],[3,-46]],[[10304,21824],[-4,-21],[-20,-66],[-4,-16],[-44,7],[-14,11],[-5,26],[-24,0],[0,-19],[-7,-16],[-9,-4],[-44,-1],[2,-38],[-74,0],[-1,26],[1,233]],[[10498,22863],[122,-2],[26,1],[149,-1],[139,1]],[[10934,22862],[107,-1]],[[10911,22600],[-196,-1],[0,-206],[0,-55],[-81,0],[-90,-1],[-47,4]],[[10497,22341],[3,61],[-2,67],[0,161],[-1,47],[-1,145],[2,41]],[[9179,23250],[220,1]],[[9399,23251],[0,-88],[-2,-61],[2,-110],[-2,-133]],[[9397,22859],[-220,-1]],[[9177,22858],[7,16],[-7,23],[2,126],[-2,97],[2,130]],[[9620,23122],[177,1],[41,-2],[221,4]],[[10059,23125],[-1,-66],[-3,-134],[0,-66]],[[10055,22859],[-147,2],[-288,0]],[[9620,22861],[-1,80],[1,181]],[[19165,6645],[-1,-114],[0,-148]],[[19164,6383],[-144,1],[-118,-1]],[[18902,6383],[-1,42],[7,226],[29,0],[8,72],[54,-4],[10,-14],[0,-42],[-6,-35],[26,-12],[25,-6],[20,2],[22,9],[25,20],[13,5],[31,-1]],[[18726,6833],[13,-23],[5,-18],[20,2],[11,-26],[10,-7],[9,7],[-5,14],[17,12],[-15,20],[14,2],[37,-32],[-3,-15],[-12,-11],[9,-13],[-18,-25],[-3,-23],[9,0],[6,13],[10,1],[15,-26],[25,-7],[6,-15],[-4,-21],[-10,-29],[-23,-78],[-10,-42],[14,-8],[-1,-20],[-10,-32],[5,-25],[0,-24]],[[18847,6384],[-45,-2],[-33,-14],[-17,-13],[-55,-51],[-13,-18],[-17,-30],[-23,-25],[-71,-49],[-20,-21],[-59,-80],[-36,-31],[-56,-35]],[[18402,6015],[-53,-33]],[[18349,5982],[-16,35],[-20,15],[-16,5],[-38,6],[-37,13],[-68,49],[-30,12],[-78,7],[-27,-3],[-69,-16],[-24,-8],[-55,-22],[-37,-27],[-47,-42],[-8,-13],[-21,-16],[-27,-12],[0,-22],[21,-82]],[[17643,5860],[-3,39],[-5,15],[-19,28],[-23,13],[-16,3],[-1,59],[8,16],[65,65],[5,18],[-6,18],[-26,5],[-21,-5],[-18,-10]],[[17048,5609],[-39,17],[-63,12],[-71,16]],[[16875,5654],[-35,13],[-21,13],[-52,38],[-90,50],[-80,51],[-36,20]],[[18295,5814],[1,-66],[0,-213]],[[18296,5535],[0,-156]],[[18296,5379],[-86,6],[-126,-52],[1,137],[-6,23],[4,25],[-35,11],[-21,10]],[[6412,8609],[131,-1],[7,5],[21,-5],[53,-1]],[[6624,8607],[-2,-71],[0,-70]],[[6411,8468],[1,141]],[[2383,7045],[0,-67]],[[2383,6978],[0,-65],[-124,2]],[[2259,6915],[2,37],[0,94]],[[2565,3516],[35,13],[91,100]],[[2691,3629],[12,20]],[[2818,3480],[-60,-107],[-46,-86]],[[2712,3287],[-68,66],[-10,12],[-26,41],[-18,38],[-25,72]],[[2494,3129],[27,4],[31,8],[55,17],[35,24]],[[2642,3182],[34,-55],[9,-48],[8,-14],[36,-38],[17,-22]],[[2746,3005],[-21,-15],[-18,-4],[-24,5],[-13,-4],[-51,-28],[-29,-23],[-7,16],[-15,20],[-10,22],[-25,1],[-31,20]],[[2502,3015],[-12,7],[6,29],[1,38],[-3,40]],[[12660,24370],[-6,36],[-63,164],[-31,106],[-17,63],[-8,38],[-13,35],[-24,36],[-18,32],[-42,39],[-100,80],[-25,9],[-42,21]],[[12271,25029],[28,18],[-60,29],[-57,19]],[[20179,36154],[17,-1],[84,0],[61,2],[35,4],[24,-10],[43,-1],[25,6],[32,-2],[9,6],[16,-6]],[[20524,35638],[-442,-5],[-80,2],[-321,6],[-93,4]],[[19358,36743],[0,-63],[-68,1],[-1,-135],[-87,2],[0,-52]],[[19202,36496],[-208,1],[-49,0],[-41,-3],[-86,-12],[-150,-24],[-49,-11]],[[18619,36447],[-1,106],[-3,37],[-7,39],[-18,69]],[[20015,36704],[-109,102]],[[19906,36806],[-106,100],[-31,25],[-27,14],[-44,9],[-164,1]],[[3308,2062],[43,5],[17,6],[15,13],[10,15],[25,50]],[[3569,2150],[30,-56],[30,-69],[43,-103]],[[3672,1922],[1,-106]],[[3673,1816],[-19,1],[-23,22],[-44,33],[-36,17],[-30,-1],[-16,-23],[-17,-7],[-15,10],[-24,-2],[-12,6],[-14,-7],[-10,3],[-22,20],[-13,22],[-13,13],[-37,8],[-13,-22],[-5,-17],[-8,-1],[-24,28],[1,21],[-19,14],[22,17],[11,4],[9,21],[14,5],[16,-5],[-15,32],[-9,34]],[[15388,34626],[16,31],[23,33],[19,22],[117,127],[122,134],[40,43],[64,64],[472,444],[52,50],[49,41],[133,88],[79,51],[62,42],[146,96],[267,175],[91,58],[131,87],[41,24]],[[17312,36236],[2,-32],[22,-47],[67,-164],[11,-18],[20,-10],[91,-2],[-3,-151],[17,-6],[32,-20],[19,-19],[23,-30],[20,-39],[15,-9],[93,3],[172,-4],[62,-10]],[[17975,35678],[-34,-170],[-27,-141],[-9,-38],[-24,-122],[-11,-61],[-83,-6],[-51,-92],[-239,-423],[-130,-176],[-124,-449],[-160,-46],[-44,-27],[-113,-107],[-165,-147],[-56,-62],[-63,-75],[-243,-279],[-226,-261],[-104,-119],[-321,-371],[-292,-335]],[[10903,31569],[17,2],[259,-4],[56,-15],[16,-7],[21,-4],[-62,-283],[-2,-25]],[[11208,31233],[1,-22],[17,-90],[4,-51],[-3,-40],[-7,-32],[-17,-46]],[[11203,30952],[-30,14],[-50,8],[-89,1],[-42,-2],[-50,-10],[-68,-10]],[[10874,30953],[0,13],[-18,31],[-6,19],[21,106],[13,38],[8,31],[13,37],[0,247],[-2,94]],[[2403,3760],[185,1],[20,-9],[18,-25],[65,-98]],[[2565,3516],[-23,65],[-29,79],[-1,9],[-28,13],[-81,44],[-4,5],[4,29]],[[11339,32047],[2,-101],[0,-150],[2,-20],[6,-10],[28,-26],[28,40],[10,9],[16,5],[23,-7],[12,-16],[41,-126],[8,-33],[7,-42],[1,-58]],[[11523,31512],[-1,-25],[-7,-46],[-10,-41],[-13,-35],[-17,-25],[-21,-22],[-117,-77],[-29,-14],[-36,-6],[-31,3],[-33,9]],[[10903,31569],[-2,107],[3,64],[2,207],[0,105],[3,-2],[122,21],[55,8],[22,-30],[231,-2]],[[13471,24052],[53,-18],[143,-48],[79,-24]],[[13746,23962],[3,-64],[23,0],[-1,-66],[-4,-71],[5,-28],[20,-23],[1,-130],[-6,-23],[20,-18],[26,-7],[-7,-30],[-42,-60]],[[19906,36806],[-22,-24],[-14,-2],[-116,-1],[-99,1]],[[19655,36780],[-40,-4],[-29,-17],[-27,-3],[-24,5]],[[14393,23941],[240,1],[197,0]],[[14395,23728],[-2,115],[0,98]],[[14828,24201],[-161,-1],[-75,1],[-172,-2]],[[14420,24199],[6,27],[21,16],[34,2],[18,16],[33,61],[23,39],[5,26],[0,37],[-64,95],[2,119]],[[11589,23960],[60,-42],[8,-4],[35,-2],[95,0],[72,0],[198,4],[26,1],[16,11]],[[12099,23928],[22,-33],[12,-24],[6,-34],[0,-39],[-8,-33],[-10,-18],[-30,-38],[-9,-27],[0,-24]],[[12082,23658],[-65,-1],[-147,-4],[-88,-2]],[[11782,23651],[-81,-1],[-124,-3],[-142,-1]],[[11301,23372],[63,124],[71,150]],[[11782,23651],[1,-261]],[[11783,23390],[-109,-2]],[[11674,23388],[-218,-3],[-83,-2]],[[11373,23383],[-24,-2],[-32,-8],[-16,-1]],[[11352,24894],[101,12],[80,9],[123,15],[277,33],[42,4],[74,9],[25,0],[34,-6]],[[12108,24970],[-16,-21],[-133,-264],[-30,-61]],[[11929,24624],[-142,-298],[-68,-107]],[[11719,24219],[-57,-113]],[[11652,24169],[23,49],[-15,11],[-118,143],[-6,19],[0,41],[-143,-4],[-2,40],[-12,32],[-2,23],[2,152],[-25,-1]],[[13326,22871],[32,-20],[17,-17],[90,-115],[35,-45],[18,-16]],[[13518,22658],[-14,-24],[-16,-15],[30,-45],[61,-109],[13,-29],[6,-29],[-3,-41],[-8,-22],[-11,-17],[-30,-26],[-21,-7],[-25,-1],[-22,7],[-57,30],[-34,10],[-25,-2],[-33,-17]],[[13329,22321],[-14,31],[-13,33],[-13,54]],[[13289,22439],[-10,43],[-8,26],[-19,41],[-57,171],[-4,29],[-2,48],[-7,26],[35,14],[46,1],[30,-4],[18,-7],[15,44]],[[14070,23416],[0,-45],[80,1],[-1,-23],[-22,-29],[-13,-26],[0,-27],[6,-15],[49,-58],[10,-18],[3,-18],[0,-49],[1,-442],[0,-35]],[[14183,22632],[-210,-3]],[[13846,23366],[12,23],[21,0],[29,16],[23,9],[139,2]],[[13650,21575],[36,0]],[[13686,21575],[97,1]],[[13783,21576],[0,-201],[-10,-108],[9,-111],[8,-9],[62,-37],[16,-27],[5,-26],[11,-23],[69,-102],[16,-34],[24,-7],[7,-13],[28,-87],[17,-15],[37,-12],[22,-3],[0,25],[-7,23],[-32,49],[-9,22],[4,42],[-3,16],[31,13],[21,0],[18,-7],[3,15],[-13,5],[-6,94],[-7,24],[-45,52],[10,14]],[[14069,21148],[27,-30],[34,-45],[20,-31],[37,-71],[15,-38],[7,-29],[5,-36],[0,-40],[-3,-29],[-7,-32],[-15,-50],[-1,-13],[0,-159]],[[14188,20545],[2,-262],[-109,-1]],[[14081,20282],[-95,-2],[0,59]],[[14183,22632],[219,3]],[[14402,22635],[246,1]],[[14648,22636],[1,-70],[-9,-37],[1,-132],[-37,0],[0,-46],[38,0],[0,-98],[1,-14],[12,-25],[-9,-18],[-4,-21],[0,-37],[47,0],[0,-46]],[[14689,22092],[-49,0]],[[14640,22092],[-45,2],[-36,19],[-134,2],[-150,-2],[-301,-5]],[[13974,22108],[-1,260],[0,261]],[[13977,21581],[89,2],[118,3],[328,5],[111,0]],[[14623,21591],[30,0],[188,2]],[[14841,21593],[-1,-50],[1,-118],[1,-89]],[[14842,21336],[0,-262]],[[14844,20554],[-288,-5],[-97,1],[-63,-3],[-208,-2]],[[14069,21148],[-45,49],[-23,34],[-14,43],[-8,37],[-2,148],[0,122]],[[10025,25471],[-219,-3]],[[9806,25468],[-1,261],[220,3]],[[11262,22861],[110,0]],[[11372,22861],[299,4],[-2,113],[1,67],[-1,84]],[[11669,23129],[72,0],[208,4],[1,-137],[-13,-18],[-19,-1],[-5,-17],[-30,-28],[-30,-3],[1,-56],[62,7],[55,21]],[[11885,22611],[-92,-213]],[[11715,22219],[25,-1],[9,4],[11,22],[29,27],[0,-54],[25,-2],[195,4],[0,130],[110,2],[109,0]],[[12229,22090],[-109,-1]],[[14648,22636],[214,1]],[[14862,22637],[6,-43],[0,-162],[-6,-26],[-18,-31]],[[14844,22375],[-2,-16],[-1,-267]],[[14841,22092],[-152,0]],[[11264,23644],[-3,-48],[-7,-16],[-25,-33],[-13,10],[-18,5],[-104,1],[-17,-2],[-22,-11],[-13,-12],[-17,-28],[-6,-30],[0,-96]],[[11019,23384],[-85,0]],[[12441,23140],[132,2]],[[12573,23142],[13,-81],[9,-50],[27,-128],[13,-37],[18,-34],[9,-33],[3,-59],[11,-45],[26,-49]],[[12702,22626],[-14,-6],[-98,0],[-70,-1]],[[16147,23432],[3,-390],[0,-64],[1,-337]],[[15714,22643],[-1,69],[0,59],[-1,227],[-1,85],[0,81],[-39,1],[-164,-1]],[[10715,22077],[219,0]],[[14841,22092],[199,1]],[[15040,22093],[0,-244],[-5,-45],[-10,-38],[0,-24],[9,-4],[6,-13],[-2,-31],[-6,-13],[9,-27],[0,-61]],[[15041,21593],[-200,0]],[[14841,21593],[0,253],[0,246]],[[14842,21336],[183,0],[90,0],[36,2],[59,-3],[69,0],[67,3],[69,-2],[82,3]],[[11372,23121],[66,2],[41,3],[144,2]],[[11623,23128],[46,1]],[[11372,22861],[1,130],[-1,130]],[[15752,6450],[-107,-85]],[[15645,6365],[-59,109],[102,81]],[[15686,8998],[1,260]],[[14057,13356],[-5,13],[-6,61],[21,24],[7,18],[3,23],[-9,19],[-1,13],[22,38],[-3,35],[26,45],[14,34],[9,29],[27,7],[4,12],[-11,28],[-12,16],[-17,9],[6,20],[17,-2],[17,5]],[[14558,13276],[17,-5],[25,12],[16,22],[0,22],[10,17],[-6,28],[4,16],[27,9],[21,58],[-7,21],[15,22],[23,8],[5,16],[-7,5],[-12,29],[3,14],[20,17],[2,24],[6,9],[-14,17],[-1,11],[15,25],[12,-2],[29,21],[7,-2],[14,-19],[8,9],[15,33],[-1,11],[23,30],[21,3],[18,21],[-13,36],[-30,36],[-4,11],[-15,14],[-3,32],[15,11],[39,2],[5,11],[-13,20],[-4,23],[-13,20],[-5,17],[-14,24]],[[14811,14035],[23,8],[15,17],[13,5],[46,-17],[36,-1],[16,-14],[26,42],[9,32]],[[14995,14107],[18,3],[36,29],[47,-2],[45,-38],[272,-247]],[[14843,13538],[-50,-30],[-28,-27],[-31,-26],[-30,-34],[-42,-73],[-9,-31],[-12,-26],[-24,-36],[-32,-36],[-6,-26],[7,-38]],[[14586,13155],[-7,1],[-22,33],[-9,34],[-13,13],[0,20],[8,15]],[[14887,14874],[6,-19],[14,-22],[10,-5],[4,17],[-6,15],[4,23],[17,-9],[16,15],[16,4],[18,16],[25,3],[13,-17],[19,-5],[-2,24],[4,13],[-8,22],[17,0],[22,-26],[21,0],[24,-17],[20,-31],[37,-11],[37,19],[29,-10],[48,0],[23,-13],[5,-39],[-6,-57],[-9,-56],[4,-29],[-2,-25],[-9,-19],[39,23],[26,1],[28,-9],[14,-13],[14,-36],[-3,-42],[-20,-41]],[[15396,14518],[-21,6],[-12,23],[-13,5],[-12,-8],[-2,-29],[-12,2],[0,-19],[14,-44],[-19,-38],[-13,8],[-15,-7],[-14,7],[-23,-7],[4,-15],[-10,-25],[4,-26],[-13,-2],[-34,6],[-13,-12],[1,-37],[-10,-15],[-22,-10],[-21,-24],[-14,5],[-11,36],[-23,6],[-16,11],[-19,2],[-36,14],[-22,2],[-10,-6],[-4,-25],[-17,-28],[-4,-20],[-22,-34],[-12,-11],[-7,-15],[35,-12],[3,-11],[21,-23],[-3,-33],[16,-8]],[[14811,14035],[-23,0],[-30,11],[-6,31]],[[9212,17240],[-2,-139],[1,-242],[195,-1],[22,-189],[-7,-174],[0,-37],[2,-84],[0,-29],[58,0],[20,5],[145,-5],[1,-15]],[[13459,15824],[4,-32],[7,-32],[13,-26],[9,-27],[18,-15],[3,-20],[7,-12],[10,-29],[13,-50],[10,-20],[6,-34],[14,-19],[12,-37],[27,-50],[26,-9],[10,-14],[6,-33],[6,-7],[31,-9],[13,-12],[9,-27],[5,-2],[42,12],[12,-4],[16,8],[27,-13],[13,-3],[43,8],[13,-2],[26,8],[26,-27],[47,-11],[16,2],[27,-5],[8,-13],[5,-27],[21,-13],[20,-2],[24,-9],[35,9],[38,-14],[11,14],[31,-9],[10,-27],[16,-15],[41,-20],[14,-17],[18,-14],[7,-12],[18,-9],[9,-12],[-7,-27],[8,-20],[-4,-17],[14,-43],[15,-14],[23,-5],[7,-12],[2,-33],[17,-22],[7,-17],[3,-23],[39,2],[5,-6],[-7,-22],[7,-20]],[[14121,13205],[-38,-13],[-35,-6],[-11,2]],[[12782,14355],[-41,-14],[-15,-2],[-17,5],[-58,30],[-28,13],[-37,11],[-107,24],[-31,-1]],[[11886,13607],[-12,-1],[-7,-14],[6,-18],[-29,-3],[-13,4],[-39,-1],[-35,7],[-1,-14],[20,-31],[28,-31],[-12,-23],[4,-15],[24,-6],[10,-20],[23,-32],[10,-27],[10,-16],[8,-34],[7,-12],[3,-20],[-9,-31],[3,-34],[6,-14],[15,-15],[4,-17],[28,-37],[29,-23],[41,38],[18,0],[13,-12],[17,-7],[12,1],[17,13],[16,4],[25,-9],[40,-4],[22,5],[48,-26],[22,4],[15,-10],[4,-45],[17,-16],[15,3],[21,18],[33,23],[23,4],[9,11],[19,4],[23,-32],[14,-9],[20,11],[15,-10],[35,1],[30,30],[18,23],[12,-16],[8,16],[15,3],[24,-9],[24,0],[13,5],[10,15]],[[11780,12127],[15,134],[73,-4],[3,120],[-13,-17],[-17,-3],[-33,0],[2,21],[-13,25],[-18,10],[-29,0],[-54,24],[-25,38],[-16,18],[-6,-357],[-313,0],[0,64],[-33,0]],[[15396,14518],[-2,-23],[6,-23],[18,-44],[9,-55],[6,-20],[13,-20],[3,-19],[-10,-21],[-10,-32],[-21,-37],[-9,-24],[-13,-47],[0,-26],[6,-21],[21,-254]],[[12621,13411],[6,-42],[25,23],[13,5],[51,-33],[21,-6],[14,6],[12,-2],[36,-30],[17,4]],[[12395,19118],[10,-3],[219,-47]],[[12624,19068],[34,-12],[73,-82],[53,-55]],[[11386,11255],[-47,36],[26,39],[7,17],[-9,27],[-12,21],[3,13],[17,40],[1,16],[16,25]],[[11388,11489],[55,124]],[[11443,11613],[53,124],[-203,127],[64,148],[-105,62]],[[14844,20554],[5,-517],[3,-271],[2,-231]],[[14089,19497],[-1,31]],[[14088,19528],[-3,223],[-2,358],[-2,173]],[[14271,10015],[-110,0]],[[14161,10015],[-218,0]],[[13943,10015],[1,98]],[[13944,10113],[-1,195]],[[5295,21278],[0,3]],[[5295,21281],[220,-1],[0,-2],[163,-1],[92,3],[75,-2],[53,2],[47,-1],[71,2],[157,1],[4,-5],[183,6],[49,5],[73,3],[94,2]],[[5291,22060],[115,1],[68,-1],[60,0],[178,0],[19,-1],[274,4],[112,0],[105,2],[139,3],[-6,20],[91,-46],[11,36],[19,-10],[16,5],[35,-1],[12,3],[31,-3],[64,3],[57,-1],[112,7],[54,-3],[163,3],[3,1],[108,-1],[125,3],[233,1],[135,-2],[110,1],[160,0]],[[7894,22084],[-2,-149],[-3,-54],[5,-77],[1,-117]],[[7895,21687],[3,-84],[-7,-310]],[[5295,21281],[0,100],[1,29],[-1,106],[-5,99],[-1,82],[3,11],[0,109],[2,52],[-2,81],[-1,110]],[[44059,8488],[2,199],[-1,63],[1,94],[1,162],[-1,72],[-1,221],[1,228]],[[44061,9527],[441,6],[328,4],[436,7],[110,1]],[[45376,9545],[1,-22],[0,-344],[0,-158],[42,1],[39,-2],[159,2],[0,-118],[-109,-1],[0,-108],[-78,0],[0,32],[-54,0],[-1,-636],[0,-749],[-966,10],[-49,0],[-297,4]],[[44063,7456],[-1,521],[-3,476],[0,35]],[[11122,19382],[8,0],[-38,169],[-22,91],[-12,39],[-18,42],[-21,35],[-29,35],[-110,109],[-35,35],[-34,47]],[[13783,21576],[122,3],[72,2]],[[10291,18418],[54,-1],[219,1],[164,-1]],[[10728,18417],[109,-3],[106,4]],[[11386,18419],[-2,-43],[1,-173]],[[4840,18412],[0,17],[-13,58],[5,34],[-3,71],[8,29],[3,32],[-3,51],[8,20],[5,67],[-4,38],[-35,65],[-13,38],[-12,47],[-24,49],[-1,13],[8,27],[3,36],[10,21],[7,27],[-5,26],[4,25],[-1,39],[6,31],[17,56],[2,38],[5,13],[2,35],[11,56],[8,69],[-1,22],[6,36],[27,42],[17,35],[11,41],[8,18]],[[10721,19461],[188,0],[30,3]],[[10728,18417],[0,290],[0,112],[-2,121],[0,182],[-5,339]],[[43184,10032],[-1,-157],[-1,-135],[0,-228]],[[3555,22570],[4,11],[44,-4],[36,-1],[331,5],[166,2],[29,2],[42,16],[281,166],[10,4],[92,56],[23,11],[26,7],[38,2],[308,-2],[92,0],[211,-1]],[[5288,22844],[0,-89],[-3,-173],[3,-33],[-1,-115],[1,-82],[1,-100],[-1,-54],[2,-65],[1,-73]],[[3562,21272],[0,59],[-1,151],[-1,178],[0,50],[-2,147],[-1,20],[0,246],[0,190],[0,102],[-2,155]],[[43182,9512],[106,1],[330,5]],[[44059,8488],[-441,6],[0,367],[1,135],[-111,-1],[-168,-5],[-150,-3],[-204,-2]],[[43624,10041],[-3,-261]],[[19381,6126],[1,44],[3,41],[-3,52]],[[19382,6263],[15,0],[26,-10],[28,13],[24,28],[12,7],[80,21],[4,35],[15,19],[20,10]],[[19606,6386],[84,3],[32,-6],[94,-10],[18,0],[39,13],[25,3],[105,1],[14,1],[20,11],[1,-67],[1,-206],[-5,-249],[-5,1],[0,-34],[28,0],[14,-30],[14,-47],[-2,-23],[5,-24],[-4,-27],[6,-15],[-3,-22],[-26,-79],[4,-23],[10,-11],[1,-58],[6,-26],[0,-28],[-7,-38],[-13,-21],[-31,-20],[-68,-106],[-6,-60]],[[19957,5189],[-20,3],[-104,1],[-83,-2],[-119,-1],[-28,6]],[[45376,9545],[222,3],[317,2],[338,3],[-1,68],[-1,127],[2,66],[-1,63],[2,160],[0,192],[0,214],[-1,114],[3,60],[-1,86],[1,156],[2,261]],[[46258,11120],[252,1],[183,0],[117,-2],[98,0],[68,-2],[149,-2],[185,1],[50,-1],[89,0],[54,2],[67,-3],[16,-2],[50,0],[17,4],[42,-1],[83,-6],[-1,-64],[1,-172],[0,-84],[0,-197],[184,-1],[149,1],[172,-1],[429,0],[172,0],[374,0],[173,1],[328,0],[436,-1],[198,1],[21,-1],[296,0],[224,0],[305,0],[99,0],[58,-1],[24,3],[19,6],[50,27],[19,22],[28,66],[128,-61],[52,-26],[140,-75],[57,-26],[87,-56],[107,-79],[89,-69],[23,-13],[173,-22],[20,-8],[25,-20],[66,-59],[16,-21],[146,-213],[38,-59],[25,-33],[103,-151],[4,-24],[1,-295],[2,-272],[0,-78],[1,-42],[24,-247],[17,-178],[176,-46],[48,-13],[158,-41],[52,-16],[163,-52],[213,-68],[243,-572],[225,-531],[-9,-425],[-2,-754],[0,-158]],[[54147,5911],[-531,2],[-344,-2],[-735,1],[-532,0],[-780,2],[-32,-6],[-484,2],[-485,1],[-644,0],[-260,0],[-375,3],[-830,-3],[-41,-4],[-528,0],[-919,0],[-735,-1],[-515,-1],[-23,1],[0,-26],[-75,0],[-214,1],[-110,0],[-6,-1],[-241,-1],[-162,1],[-110,0],[-619,-5]],[[43817,5875],[33,21],[46,0],[13,27],[7,8],[33,14],[30,2],[48,36],[11,38],[7,13],[26,79],[14,33],[7,31],[1,18],[18,29],[19,21],[13,28],[9,31],[4,40],[7,22],[-4,20],[-13,32],[-1,34],[5,18],[29,23],[11,22],[14,13],[14,5],[24,-9],[34,1],[21,13],[12,19],[-4,33],[1,24],[5,16],[29,41],[8,32],[-7,39],[0,29],[8,22],[19,29],[9,36],[-7,141],[-2,74],[-8,37],[-21,27],[-246,153],[-13,13],[-10,17],[-6,27],[-1,109]],[[8273,9658],[85,1],[133,0],[1,389]],[[8492,10048],[200,0],[17,2]],[[8709,10050],[-1,-500]],[[8708,9550],[-109,2],[0,-24]],[[8599,9528],[-51,1],[-111,-1],[-60,1]],[[8377,9529],[-104,-3]],[[8273,9526],[0,132]],[[44337,13200],[27,-134],[20,-96],[4,-31],[9,-36],[12,-59],[3,-22],[8,-14],[28,-138],[57,2],[-2,-11],[0,-102],[2,-8],[-2,-114],[1,-63],[24,2],[194,2],[0,-133],[-1,-275],[1,-85],[53,0],[20,-3],[116,3],[30,-1],[1,-31],[216,5],[1,-226],[152,3],[66,1],[346,-2],[98,1],[-1,-294],[20,6],[52,11],[43,1],[29,14],[31,3],[77,3],[184,3],[2,-92],[0,-170]],[[3676,18914],[-54,945],[-57,1003],[0,17]],[[6633,9554],[-1,-62],[17,6],[21,19],[29,10]],[[6699,9527],[0,-38],[11,0],[0,-26],[11,-19],[-7,-17],[0,-23],[12,-63],[-7,-55]],[[6719,9286],[-35,-12],[-107,-3],[-33,0],[-23,-4],[0,-257]],[[6521,9010],[-105,1]],[[6719,9286],[20,6],[19,-1],[24,-14],[16,-25]],[[6798,9252],[4,-16],[0,-35],[-5,-27],[-3,-46],[1,-18],[13,-31],[9,-37],[-3,-50]],[[6814,8992],[-64,22],[-52,2],[-70,-4]],[[6628,9012],[-36,-2],[-71,0]],[[6634,9695],[75,0],[23,-5],[1,24],[14,-1],[-4,30],[5,24],[-2,189],[1,94]],[[6747,10050],[149,-2],[69,-2]],[[6965,10046],[142,2],[78,0]],[[7185,10048],[-3,-79],[1,-194],[5,-45],[-1,-206]],[[7187,9524],[-71,0],[-5,-4],[0,-95],[-2,-16],[-23,12],[-15,16],[-44,61],[-24,19],[-17,6],[-23,2]],[[6963,9525],[-106,-1]],[[6857,9524],[-59,1],[-99,2]],[[36653,14587],[-10,9],[-124,2],[-96,0],[-216,1],[-219,4],[-62,0],[-104,3],[-162,0],[-112,-1],[-43,-2],[-73,2],[-42,-4],[-37,0],[-15,3],[-61,1],[-53,-5],[-57,-2]],[[35167,14598],[1,133],[2,262],[-1,65],[2,191],[-128,-1],[-554,3],[-368,4],[1,131],[0,191],[1,67],[0,281],[0,83],[1,460],[3,353],[-183,3],[-201,2],[4,195],[1,134],[3,198],[0,188],[3,11],[2,41],[-6,63],[-9,30],[-3,44],[-9,41],[-7,18],[2,52],[24,56],[26,37],[19,35],[15,57],[-4,56],[3,68],[-3,25],[-23,89],[-7,34],[-6,17],[1,106]],[[35167,14598],[-1,-67]],[[35166,14531],[-107,-2],[-176,2],[-37,-2],[-402,-2],[-109,0],[1,64],[-109,1],[-396,2],[-77,-1]],[[33754,14593],[-8,34],[-11,36],[-16,37],[-72,153],[-54,114],[-251,524],[-147,304],[-225,465],[-117,239],[-37,80],[-24,45],[-24,33],[-21,22],[-31,25],[-117,83],[-279,199],[-38,27]],[[33809,9242],[36,-1],[41,1],[55,-1],[56,1],[30,6],[21,11],[18,5],[42,0],[216,-2],[109,0],[1,-22],[184,0],[12,3],[18,17]],[[34648,9260],[-11,-68],[-3,-56],[5,-35],[5,-20]],[[34644,9081],[-222,-100],[-16,-2]],[[33850,8937],[-11,44],[-8,22],[1,193],[-2,14],[-12,23],[-9,9]],[[33120,11581],[49,-47],[50,-34],[85,-52],[28,-11],[44,-8],[39,-3],[26,-17],[20,-4],[11,4],[63,43],[27,16],[38,3],[118,-1],[19,5],[46,40],[97,77],[95,54]],[[34431,10549],[46,-199],[20,-96],[18,-74],[6,-57],[3,-107],[-1,-38],[3,-25],[16,-36],[41,-55],[34,-35],[18,-27],[7,-21],[10,-63],[5,-18],[25,-55],[8,-25],[4,-27],[-1,-20],[-10,-68],[-8,-62],[-27,-181]],[[1094,2351],[41,2],[45,-7],[27,2],[50,16],[37,6],[15,6],[25,18],[8,-1],[19,24],[30,33],[-26,114],[-3,26],[-15,58],[4,54],[-3,46],[3,52],[9,62],[4,12],[21,45],[15,19],[29,26],[15,-8],[18,-43],[3,-36],[14,-9],[15,2],[31,11],[24,25],[6,22],[19,30],[11,-5],[10,-29],[10,3],[1,24],[10,18],[-2,29],[13,5],[17,-7],[7,-26],[9,7],[2,20],[14,14],[11,-2],[19,13],[8,20],[-3,19],[8,10],[16,-6],[12,-12],[-3,-23],[6,-6],[31,17],[19,-7],[23,-24],[4,-12],[-2,-28],[11,8],[10,53],[-3,21],[-35,51],[-7,24],[2,27],[9,32],[-2,23],[-5,12],[17,25]],[[2182,3415],[-13,-29],[-5,-25],[1,-22],[21,-61],[4,-59],[6,-22],[1,-38],[41,-14],[47,-30],[28,-9],[28,-2],[22,2],[55,19],[19,4],[57,0]],[[2502,3015],[-18,-33],[-25,-26],[-15,-52],[5,-39],[-7,-37],[2,-15],[-11,-35],[5,-67],[10,-36],[9,-21],[4,-30],[17,-57],[18,-68],[14,-19],[1,-24],[5,-17],[12,-18],[19,-78],[16,-38],[2,-21],[12,-46],[6,-56],[3,-49],[10,-29],[0,-22],[8,-29],[16,-36],[-2,-26],[3,-30],[7,-11],[0,-28],[5,-23],[-5,-52],[-9,-17],[-16,-41],[-22,-22],[-8,-11],[-4,-45],[-16,-25],[-5,-31],[-23,-25],[-3,-64],[2,-12],[-1,-37],[-5,-34],[-21,-25],[25,-16],[17,-18],[5,-18],[-9,-22],[5,-23],[22,-22],[7,-28],[16,-13],[-4,-54],[-2,-40],[4,-20],[17,-28],[44,-58],[10,-28],[-9,-24],[-3,-21],[11,-19],[21,-10],[6,-18],[-7,-16],[26,-49],[20,-57],[21,-8],[17,-29],[13,-5],[18,20],[7,1],[24,-16],[18,1],[23,-12],[15,0],[16,-15],[29,-10],[4,-9],[18,-15],[27,-12],[19,-1],[32,-24],[38,-15],[12,-1],[26,-12],[23,-32],[19,-22],[17,-26],[15,5]],[[3170,619],[68,-50],[1,-48],[70,-94],[28,-80],[-96,-140],[-9,-44],[62,-42],[-22,-83],[-13,-31],[-23,-7],[-161,242],[-477,423],[-217,191],[-20,18],[-321,285],[-81,72],[-161,141],[-52,46],[1,37],[-403,376],[-297,302],[-191,200]],[[74180,7504],[-195,0],[-632,5],[-327,-2],[-933,0],[-576,0],[-1056,0],[-620,0],[-769,-5],[-664,4],[-767,5],[-853,0],[-523,-4],[-778,-7],[-361,-2],[-1,-60],[-379,2],[-490,6],[-177,-1],[-410,-1],[-606,-1],[-724,-2],[-299,0],[-1,-699],[-2,-874],[-747,12],[-694,11],[-46,-1],[-259,1],[-941,4],[-696,4],[-572,2],[-441,2],[-210,4],[-574,2],[-502,2],[-751,2],[-541,1],[-751,-4],[-165,1]],[[8880,11101],[-12,-11],[-18,-8],[-14,-13],[-29,-34],[-27,-42],[-18,-45],[-55,-107]],[[8707,10841],[-22,-41],[-13,-17],[-38,-39],[-66,-78],[-28,-23],[-77,-42],[-11,-9],[-8,-18],[-65,-1],[8,-76],[-4,-34],[-17,-38],[-48,-59]],[[8318,10366],[-46,56],[-21,36],[-19,-1],[0,63],[-55,0],[-15,-8],[-12,31],[19,8],[0,20],[-50,0],[-33,-9],[-30,-19]],[[8056,10543],[0,122],[-8,37]],[[7838,9759],[68,81],[175,211]],[[8081,10051],[61,2]],[[8142,10053],[41,-10],[11,-7],[91,-98],[22,-32],[6,-30],[-3,-31],[-10,-24],[-21,-38],[-5,-28],[-1,-97]],[[8273,9526],[-110,-3],[1,-87],[-1,-124]],[[8163,9312],[-15,1],[-4,-29],[-90,-1],[0,182],[-51,-5],[-166,-21]],[[8709,10050],[137,-1]],[[8846,10049],[0,-22],[-26,-9],[-22,-21],[-13,-26],[-11,-41],[-29,-71],[-4,-42],[5,-25],[15,-38],[31,15],[46,2],[13,-2],[21,-13],[18,-32],[23,-10],[29,5],[11,5],[12,15],[12,29],[17,17],[11,19],[1,16],[-2,62],[34,29],[22,14],[17,16],[28,3],[-1,-20],[-16,-44],[-6,-24],[45,-8],[17,0]],[[9144,9848],[-1,-18],[1,-280]],[[9144,9550],[-87,0],[-28,1],[-196,0],[-125,-1]],[[8846,10049],[76,0],[146,3],[75,0],[1,-204]],[[16596,19591],[-1,129],[1,144],[-1,238],[1,26],[-1,156],[1,56],[-5,35],[-1,151],[2,44]],[[32282,17013],[1,-8],[0,-174],[0,-59],[0,-119],[-1,-130],[-1,-92],[0,-108],[-4,-162],[-7,-371],[1,-238],[-1,-158],[2,-123],[-45,-1],[0,-576],[0,-501],[1,-73],[-1,-459],[1,-146],[-1,-541],[1,-171],[-2,-188],[3,-106],[-6,-337],[4,-20],[-1,-197],[0,-176]],[[28827,13072],[0,39],[-426,2],[-4,497],[-16,21],[1,214],[0,220],[1,88],[0,406],[3,124],[-167,2],[-271,1],[-2,354],[0,152],[-890,8],[-2,351],[-1,177],[-434,-1],[0,318],[0,202],[-139,3],[-239,-3],[-262,0],[-245,3],[1,612],[-1,46],[-80,-1],[-97,1],[-257,3],[0,181],[-1,33],[0,309],[-811,-11],[2,-141],[-266,-10],[-180,0],[-61,1],[-132,7]],[[16032,13658],[22,19],[14,23],[5,15],[12,13],[13,24],[13,10],[3,17],[-9,14],[-7,23],[0,14],[15,15],[4,27],[18,51],[23,12],[33,27],[45,41],[10,18],[22,27],[24,6],[27,25],[18,11],[20,-1],[17,30],[14,6],[13,22],[20,2],[9,6],[-1,15],[12,10],[5,22],[32,17],[10,9],[20,29],[7,6],[19,0],[-12,18],[5,19],[16,-16],[14,4],[9,33],[27,25],[4,21],[-13,-4],[-21,-25],[-16,-13],[-33,-11],[-18,-10],[-22,-19],[-33,1],[-33,22],[-20,-1],[-12,-8],[-8,-16],[-7,-34],[-17,-6],[-18,17],[-30,6],[-14,9],[-10,13],[-2,14],[10,13],[3,16],[-15,17],[-6,20],[-10,8],[-21,27],[-20,7],[-21,16],[-8,24],[-10,7],[-18,2],[-24,13],[-10,13],[-10,-9],[6,-33],[-14,-30],[9,-26],[-6,-16],[-23,-4],[-18,14],[-16,-27],[-27,2],[7,-21],[-12,-25],[-20,-10],[-15,-12],[9,-23],[0,-15],[-17,-22],[-29,-24],[-14,8],[-3,33],[-14,3],[-54,-5],[-25,-5],[-6,-11],[-16,3],[-16,-11],[-8,-23]],[[16143,24213],[221,4],[221,3],[301,-2],[120,0],[357,3],[140,3],[138,0],[48,2],[11,4],[30,32],[16,8],[119,-3],[14,0],[30,-17],[29,-28],[11,-6],[118,0],[85,0],[164,-1],[2,-189],[3,-76],[-6,-58],[3,-28],[21,-35],[17,-19],[70,-89],[-1,-53],[7,-16],[-1,-45],[21,-37],[31,-100],[21,-43],[4,-35],[7,-32],[14,-23],[22,-19],[17,-27],[8,-33],[7,-15],[40,-35],[91,-60],[46,-29],[8,-13],[21,-24],[31,-28],[40,-26],[16,-25],[20,-15],[12,-2],[44,-27],[20,-18],[15,-28],[21,-27],[12,-22],[13,5],[32,24],[16,1],[13,-25],[1,-19],[15,-8],[22,-28],[3,-17],[15,-18],[14,-53],[1,-23],[7,-23],[-3,-34],[-6,-35],[5,-11],[-2,-19],[4,-12],[18,-26],[12,-8],[10,-16],[17,-15],[15,-30],[46,-34],[15,0],[39,33],[41,39],[27,0],[2,-92],[0,-49],[11,-17],[40,-50],[28,-48],[18,-20],[49,-19],[18,-13],[35,-15],[8,-9],[310,0],[51,0]],[[19980,22180],[-13,-34],[-16,-23],[-43,-77],[-68,-127]],[[19840,21919],[-26,1],[-44,-78],[-191,-207],[-298,-148],[-118,-66],[-176,-119],[-166,-98],[-33,-63],[-34,-86],[-2,-192],[-1,-30]],[[19840,21919],[11,0],[157,3],[60,2],[90,-3],[21,-3],[29,-13],[91,-45],[105,46],[284,122],[10,5],[93,-3],[81,1],[426,6],[88,0],[0,141],[2,441],[1,79],[1,523],[2,515],[329,9],[109,5],[66,0],[142,-4],[219,-2],[437,-6],[254,-3],[624,-8],[44,-1],[187,-1],[59,-2],[148,-1],[427,-8]],[[25846,13592],[28,-15],[59,-103],[38,-29],[12,-16],[5,-39],[28,-10],[37,-20],[16,9],[7,30],[15,2],[13,-14],[11,7],[-10,43],[-29,31],[-3,17],[6,16],[1,21],[-11,23],[2,37],[-13,4],[-15,-16],[-7,6],[8,17],[-3,23],[4,15],[24,31],[1,22],[-19,14],[-18,31],[-10,30],[-14,15],[-2,12],[-26,30],[-11,24],[11,22],[-1,29],[-11,33],[4,27],[-19,14],[-11,15],[-4,41],[-18,11],[-9,15],[6,12],[-2,29],[11,8],[13,24],[18,11],[8,13],[14,4],[22,24],[23,-2],[15,24],[39,-2],[19,-21],[36,-60],[14,-13],[27,-44],[22,-19],[8,-20],[17,-10],[12,3],[31,-15],[-4,-35],[-8,-11],[7,-18],[30,-28],[8,-16],[7,-34],[0,-46],[13,-9],[24,7],[8,14],[21,-1],[26,7],[8,13],[10,-4],[3,40],[14,-5],[20,-22],[27,-14],[33,-25],[12,-6],[27,-3],[2,14],[30,6],[14,-2],[24,11],[30,28],[27,6],[18,-11],[26,-1],[8,-9],[17,-29],[42,-55],[12,-9],[9,-30],[51,-34],[20,-7],[16,0],[12,8],[24,48],[18,31],[11,10],[-21,26],[3,21],[20,20],[25,-2],[10,-9],[27,-14],[34,-10],[12,3],[18,44],[25,-4],[34,-14],[22,-3],[24,3],[43,-21],[29,-37],[36,-30],[17,-20],[27,-19],[26,-34],[6,-47],[17,-43],[11,-44],[28,-38]],[[24691,12758],[-1,19],[9,20],[150,164],[17,14],[-10,107],[-24,241],[-10,44],[-13,26],[-16,24]],[[13538,19920],[25,-8],[29,-15],[77,-57],[60,-49],[8,-4],[108,-84],[194,-152],[17,-11],[32,-12]],[[13414,20532],[3,-37],[3,-11],[124,-335],[6,-37],[1,-137],[-5,-29],[-8,-26]],[[12961,19700],[-342,74],[-122,24]],[[35734,8685],[-1,41],[1,40],[-1,210],[12,0]],[[10538,19988],[-76,-3],[-72,1],[-67,-4],[-97,1],[-55,2],[-83,-1],[-45,2],[-93,-1],[-349,-1]],[[34428,8975],[33,3],[103,0],[262,-2],[183,-2],[151,0],[99,-1]],[[35259,8973],[-1,-76]],[[34597,8677],[-172,-2]],[[12229,22090],[1,-63],[-1,-46],[2,-153]],[[12231,21828],[0,-152],[1,-69],[4,-40]],[[12644,22096],[17,0]],[[12664,21835],[-3,-1],[-105,0],[-24,-2],[-85,-2],[-109,-2],[-107,0]],[[35751,9493],[-54,0],[-254,1],[-44,-6],[-25,-10],[-26,-16],[-26,-22]],[[35322,9440],[-9,43],[2,21],[1,74],[-1,46],[1,181],[-5,23],[-17,16],[-28,9],[-4,22],[-12,14],[-39,33],[-10,15],[-23,46],[-5,35],[-13,19],[-4,17],[-25,65],[-11,10],[-15,0],[-28,-7],[-13,6],[-10,15],[-1,14],[5,44],[8,9],[-4,19],[9,13],[19,-10],[19,-22],[18,-10],[17,12],[4,10],[-4,26],[-20,17],[-26,36],[-10,8],[1,133],[12,0],[-1,97]],[[14844,22375],[214,1],[220,1]],[[15279,22113],[-31,-14],[-11,-2],[-93,0],[-26,-3],[-78,-1]],[[15279,21595],[-238,-2]],[[12457,19533],[229,-50]],[[12686,19483],[-62,-415]],[[9144,9550],[0,-283]],[[9144,9267],[-104,0],[-218,1],[-115,-1]],[[8707,9267],[0,72],[-160,0],[0,149],[52,1],[0,39]],[[8272,9268],[79,0]],[[8351,9268],[74,-1]],[[8425,9267],[0,-33],[-4,-8],[-30,0],[0,-25],[-41,0],[0,-25],[-22,-2],[0,-24],[43,0],[-1,-26],[40,0],[3,-8],[0,-87],[11,-2],[0,-20]],[[8424,9007],[-153,0]],[[8271,9007],[1,261]],[[12686,19483],[235,-49]],[[15471,8999],[-1,225],[-14,0],[0,89],[-66,69],[-29,47],[0,91]],[[15195,9001],[12,42],[24,51],[38,133],[7,31],[2,30],[-10,48],[-4,50],[-1,40],[-19,24],[5,23],[8,18],[21,30]],[[14814,6344],[4,37],[-3,259],[-1,263]],[[14381,6409],[0,237]],[[14563,6377],[-71,-1],[-100,-2],[-14,2]],[[14378,6376],[3,33]],[[5281,24714],[101,-2],[82,0],[160,-3],[98,0],[10,-4],[289,-2],[40,-1],[26,5],[46,-3],[55,0],[2,-9],[73,2],[125,0],[268,-3],[45,-3],[260,-6],[280,-2],[42,0],[86,-2],[11,6],[208,-1],[195,1],[472,3],[76,-1],[370,1],[27,3],[400,-2],[14,-1]],[[9142,24690],[39,-1],[7,-3]],[[9188,24686],[-7,-23],[0,-57],[3,-34],[0,-83],[-5,-165],[-2,-101],[2,-57],[-1,-263]],[[9178,23903],[-1,-260]],[[9177,23643],[0,-49],[2,-82],[-1,-110],[1,-152]],[[9177,22858],[-268,-4],[-138,-2],[-222,4],[-207,5],[-118,2],[-333,7]],[[7891,22870],[-435,0],[-436,-3],[-357,-6],[-211,-4],[-91,-1],[-355,-4],[-82,-3],[-193,-3],[-221,-1],[-222,-1]],[[5288,22844],[0,65],[0,148],[1,46],[-1,71],[-1,152],[-1,66],[-1,211],[2,30],[0,177],[-1,83],[1,75],[-1,135],[-2,64],[-1,117],[-1,199],[1,98],[-1,20],[-1,113]],[[9177,23643],[111,-2]],[[9288,23641],[1,-49],[-7,-37],[0,-96],[-6,-24],[1,-53],[57,0],[64,-2]],[[9398,23380],[1,-129]],[[9288,23641],[148,1],[101,-2],[84,1],[-1,-206],[-1,-54]],[[9619,23381],[-221,-1]],[[9178,23903],[110,2],[441,1],[110,2],[1,-3]],[[9840,23905],[0,-65],[0,-325],[-1,-85],[-1,-46]],[[9838,23384],[-108,0],[-111,-3]],[[9840,23905],[108,1],[111,1]],[[10059,23907],[-1,-261]],[[10058,23646],[1,-133],[-1,-126]],[[10058,23387],[-135,-4],[-85,1]],[[9188,24686],[84,3],[17,3],[156,57],[31,3],[110,-1]],[[9586,24751],[271,-1],[171,2],[0,-15]],[[10028,24737],[7,-37],[15,-38],[8,-37],[0,-66],[1,-128],[0,-524]],[[8702,26272],[-2,-3],[-3,-214],[0,-45],[63,-2],[274,-2],[1,-90],[1,-41],[1,-133],[108,-2]],[[9145,25740],[2,-39],[1,-99],[0,-127],[-4,0],[-1,-163],[1,-92],[2,-42],[0,-86],[-2,-111],[0,-161],[-2,0],[0,-130]],[[5281,24714],[-100,-9],[-12,10],[-16,263],[1,91],[-1,168],[3,93],[-2,107],[0,36],[-1,140],[-2,58],[1,352],[-1,67],[0,197],[442,-1],[2,0],[263,-2],[181,0],[111,2],[109,0],[181,4],[71,-1],[246,-7],[72,-2],[486,-14],[49,0],[268,4],[341,1],[145,3],[310,1],[219,2],[45,1],[10,-6]],[[14161,10015],[1,-293]],[[14162,9722],[-218,1]],[[14162,9722],[0,-99],[72,1],[0,-98]],[[14162,9722],[169,-1],[4,61],[7,44],[12,91]],[[13723,9004],[222,0]],[[13945,9004],[-1,-200]],[[13724,8804],[-1,200]],[[13727,9266],[160,0]],[[13887,9266],[57,-1]],[[13723,9004],[0,109],[1,84],[3,69]],[[13846,9527],[2,-22],[11,-13],[-10,-12],[-4,-16],[2,-43],[3,-10],[20,-19],[-7,-15],[-2,-26],[0,-59],[26,0],[0,-26]],[[13727,9266],[-54,1]],[[7891,22870],[1,-83],[-1,-258],[0,-58],[-7,-25],[-2,-35],[8,-49],[0,-47],[1,-158],[3,-73]],[[9584,25466],[222,2]],[[10691,24810],[-219,-26],[-161,-19],[-115,-14],[-15,3],[-153,-17]],[[9586,24751],[0,64],[-5,-4],[2,128],[3,5],[0,132],[1,84],[-3,75],[0,231]],[[9583,25595],[1,-129]],[[13616,10196],[-134,-1],[-6,16],[-23,-15],[-27,1]],[[13616,10114],[1,-98]],[[13725,10114],[219,-1]],[[10059,23125],[-1,262]],[[10058,23646],[193,-1],[248,-1],[108,0]],[[10934,23123],[0,-261]],[[10498,22863],[-224,1],[-106,-5],[-113,0]],[[11019,23384],[40,4],[20,8],[29,4],[30,-7],[31,-17],[16,-4],[116,0]],[[11301,23372],[-72,-137],[-51,-113],[-137,-261]],[[13017,10210],[0,140]],[[13017,10350],[54,0]],[[23252,36006],[-77,1],[3,254],[-346,-6]],[[13736,37800],[-102,4],[-74,-4],[-47,0],[-149,7],[-677,29],[-81,4],[-81,5],[-110,9],[-234,11],[-388,15],[-224,10],[-48,7],[-23,5],[-48,18],[-122,55],[-181,84],[-251,115],[-131,59],[-150,69],[-151,69],[-75,34],[-215,98],[-117,55],[-120,61],[-129,60],[-100,45],[-83,42],[-50,31],[-132,100],[-55,40],[-333,250],[-40,27],[-99,60],[-41,29],[-260,195],[-396,294],[-237,178],[-282,210],[-28,15],[-43,8],[-408,34],[-271,23],[-45,6],[-295,44],[-99,12],[-334,25],[-194,13],[-117,8],[-80,5],[-363,25],[-18,4],[-25,14],[-30,27],[-19,12],[-18,7],[-79,7],[-227,18],[-158,14],[-23,0],[-448,35],[-26,7],[-104,4]],[[4248,40547],[-6,436],[-6,642],[-2,373],[1,555],[-2,922],[-10,629],[60,2],[-8,938],[2,46],[-2,138],[1,450],[-3,604],[1,461],[0,382],[1,751],[5,436],[4,297],[-2,742],[-1,139]],[[3376,31045],[13,-2],[136,0],[116,-3],[166,-3],[37,6],[343,1],[455,0],[8,-21],[49,0],[5,-401],[3,-112],[132,1],[185,0],[48,0],[25,6],[30,0],[21,24],[28,20],[46,11],[23,-2],[15,4],[12,9],[9,35],[12,27],[16,9],[123,-12],[20,1],[86,11],[178,21],[113,13],[361,42],[370,41],[14,-4],[172,-69],[66,-36],[14,-2],[495,34],[181,13],[257,17],[265,18],[341,23],[312,21],[655,44],[24,9],[29,-5],[387,26],[252,17],[149,10],[302,21],[320,35],[79,10]],[[11203,30952],[16,-12],[95,-87],[156,-146]],[[12271,25029],[-74,-56],[-17,-5],[-45,-28],[-27,30]],[[10023,26258],[-441,-13],[-24,1]],[[9144,26269],[-158,5],[-132,-2],[-144,5],[-8,-5]],[[3555,22570],[-1,81],[0,130],[-1,106],[-1,221],[2,62],[-4,35],[0,57],[3,54],[-2,57],[-2,582],[-2,746],[-168,0],[1,657],[0,406],[1,263],[1,257],[1,776],[0,54],[1,239],[-1,97],[0,423],[-3,1122],[-2,978],[-1,565],[-1,119],[0,193],[-1,87],[1,108]],[[12714,32554],[-150,1],[-89,4],[-23,-4],[-61,1],[-9,10],[-13,-8],[-60,0],[-50,4],[-42,6],[-34,1],[-35,-3],[-32,-9],[-13,5],[-64,3],[-28,-1],[-113,1],[-111,3],[-2,-69],[0,-386],[-1,-68],[-445,2]],[[3376,31045],[2,395],[0,314],[-1,95],[1,100],[-1,84],[0,180],[-1,81],[-1,333],[-2,835],[-3,754],[881,-10],[9,521],[-1,527],[-3,719],[0,19],[0,316],[-2,525],[-1,531],[-2,535],[-3,690],[-1,371],[-3,527],[-4,518],[10,280],[-1,229],[-1,33]],[[7895,21687],[133,-62],[131,-59],[67,-31],[47,-26],[183,-115],[89,-64],[60,-47],[55,-26],[71,-30],[40,-14]],[[10057,22080],[64,-3],[156,-1]],[[10496,22077],[31,-1],[51,5],[26,-4],[47,-1]],[[10522,21820],[-26,-5],[-42,1],[-75,-1],[-27,1],[-48,8]],[[10057,21946],[0,134]],[[7894,22084],[338,-7],[86,-1],[25,7],[31,-6],[48,6],[34,-6],[41,0],[87,-4],[16,-2],[49,2],[20,-2],[19,4],[58,0],[33,-6],[52,-3],[54,0],[54,2],[34,4],[169,1],[33,1]],[[9397,22859],[56,0],[164,2]],[[9617,22861],[1,-93],[-1,-171],[1,-261],[-2,0],[1,-259]],[[9837,22078],[220,2]],[[10781,22338],[-121,-241],[-9,-21]],[[10055,22600],[1,4]],[[10056,22604],[16,-3],[202,3],[3,-51],[0,-97],[-1,-117]],[[10057,22080],[0,259],[-2,116],[0,145]],[[33754,14593],[11,-65],[15,-101],[9,-49],[11,-41],[27,-70],[42,-80],[65,-119],[76,-129],[16,-31],[6,-26],[0,-34],[-8,-39],[-16,-102],[-2,-30],[0,-260],[1,-367],[0,-419],[0,-392],[0,-82],[-7,-46]],[[19326,34102],[-29,138],[-2,24],[3,20],[23,95],[61,136],[4,18],[27,132],[10,27],[14,19],[72,68],[19,27],[77,174],[53,116],[14,42],[3,52],[-9,53],[-24,118],[-54,284]],[[19980,22180],[11,25],[28,47],[26,51],[83,152],[93,158],[124,225],[130,234],[121,223],[66,106],[250,305],[33,28],[29,14],[14,22],[13,66],[15,23],[34,18],[33,37],[9,16],[77,94],[4,19],[165,216],[4,5],[-34,77],[-97,216],[-43,98],[-60,133],[-43,99],[-89,200],[-142,273],[-121,229],[-22,43],[-9,32],[-75,302],[-5,17],[-61,237],[-5,30],[-2,30],[-46,53],[-111,136],[-112,140],[-12,14],[-108,133],[-256,319],[-108,134],[-44,55],[-385,475],[-56,69],[-202,249],[-150,185],[-199,239],[-59,55],[-178,156],[-166,147],[-60,56],[-37,45],[-18,9],[-15,19],[-118,105],[-35,25],[-12,15],[-33,51],[-30,39],[-29,26],[-19,13],[-31,13],[-29,23],[-58,35],[-82,43],[-106,53],[-14,8],[-10,36],[-14,36],[-33,43],[-36,54],[-5,11],[-28,79],[-16,38],[-17,49],[-20,40],[-14,35],[-16,52],[-7,39],[-1,18],[6,56],[2,80],[12,35],[33,44],[29,36],[25,19],[23,7],[41,-2],[64,2],[31,-11],[23,7],[13,13],[141,172],[68,83],[58,74],[41,55]],[[24956,14026],[-30,21],[-48,17],[-58,-10],[-8,1],[-13,25],[-14,11],[-4,16],[-10,6],[-1,30],[10,5],[0,20],[6,31],[25,35],[9,37],[24,28],[-26,20],[-16,4],[-13,9],[-33,8],[-13,8],[-71,3],[-7,-5],[3,88],[-177,11]],[[9617,22861],[3,0]],[[10055,22859],[1,-94],[0,-161]],[[10055,22600],[-16,2],[-94,-2],[-107,-1],[0,-233],[1,-46],[-2,-50],[0,-192]],[[9619,23381],[1,-102],[-2,-61],[2,-96]],[[19113,7102],[17,-44],[17,-58],[10,-50],[5,-43],[3,-139],[0,-123]],[[18902,6383],[-55,1]],[[19164,6383],[0,-102]],[[19164,6281],[-22,8],[-40,-3],[-29,-27],[-27,-6],[-45,-16],[-28,-14],[-16,-2],[-23,-19],[-29,-16],[-41,-6],[-8,-4],[-26,-25],[-16,-10],[-19,-21],[-13,-6],[-30,-7],[-36,-27],[-13,-15],[-23,-3],[-10,-12],[-57,-5],[-13,-5],[-69,-14],[-20,-1],[-54,-15],[-30,0],[-25,5]],[[19164,6281],[21,3],[12,-9],[12,1],[41,-21],[9,5],[41,-6],[20,6],[23,-4],[9,6],[30,1]],[[18621,5861],[-108,0],[-109,3]],[[18203,5862],[14,31],[16,14],[116,75]],[[18621,5600],[-217,0],[-53,-1],[-9,-5],[-46,-59]],[[18296,5379],[30,-12],[52,-53],[47,-73],[3,-12],[-7,-30],[-27,20],[-2,-10],[-42,0],[-9,-35],[11,-46],[-2,-37]],[[18350,5091],[-10,-9],[-34,-14],[-20,-16],[-21,-1]],[[18265,5051],[-39,26],[-44,18],[-122,38],[-180,54],[-30,6],[-38,2],[-48,-1],[-30,2],[-52,18],[-32,18],[-19,15],[-36,33]],[[19957,5189],[46,-11],[44,-16],[75,-35],[33,-24],[20,-29],[12,-29],[18,-17],[29,-5],[1,-38],[11,-37],[21,-41],[14,-20],[34,-22],[2,-13],[17,-12],[9,-29]],[[20343,4811],[-122,-4],[-231,-10],[-292,1],[-31,4],[-71,0],[-103,5]],[[15741,6130],[123,98],[23,17]],[[16875,5654],[6,-31],[0,-25],[7,-14],[1,-26],[-23,-14],[-31,0]],[[16835,5544],[-35,39],[-15,27],[-25,19],[-1,12],[-22,19],[-13,-3],[-7,-41],[-6,-5],[-4,35],[-11,15],[-29,7],[-30,-7],[-17,2],[-47,15],[-25,19],[-48,18],[-12,1],[-35,18],[-30,32],[-46,29],[-12,1],[-22,-19]],[[16343,5777],[-40,1],[-28,12],[-32,0],[-36,11],[-7,7],[-3,29],[5,24],[-78,0],[2,-63],[4,-53],[1,-57],[-3,-33],[6,-10],[-14,-25]],[[16120,5620],[-21,18],[-34,51],[-26,33],[-40,28],[-6,10],[-25,92],[-50,105],[-27,29],[-54,46],[-38,7],[-15,14],[-43,77]],[[15592,5575],[29,-12],[19,8],[24,3],[10,5],[14,24],[23,-3],[46,-11],[16,6],[28,-4],[78,2]],[[15879,5593],[2,-16],[27,-8],[8,-17],[73,-26],[-5,-32],[-10,-5],[-15,-30],[7,-12],[12,4],[16,-8],[19,-30],[15,-9],[14,-46],[16,-21],[14,-14],[7,-15],[-34,9],[-16,-20],[-1,-22],[23,-11],[38,4],[9,-4],[30,-33],[29,-9],[11,-9],[25,6],[14,8],[73,58],[9,11],[2,39],[17,-3],[28,-25],[21,-30],[12,-10],[19,-4],[19,-13],[28,-12]],[[16435,5238],[12,-3],[26,6],[42,5],[45,28],[41,7],[27,14],[36,11],[21,-4],[29,-19],[12,-2],[19,5],[15,15],[23,32],[12,11],[36,17],[43,30]],[[16874,5391],[15,2],[18,-8],[20,1],[31,28],[21,11],[24,-4],[35,-17],[32,-1],[-3,-15],[-25,-17],[-13,-30],[-19,-27],[-1,-17],[20,-56],[21,-22],[4,-13],[10,-8],[15,-24],[35,-5],[20,-21],[15,-7],[-17,-15],[-18,-28],[-14,-9],[-25,-29],[-31,-6],[-11,-7],[-12,-47],[-3,-44],[-15,-35],[-27,-57],[-42,-57],[1,-17],[-15,2],[-23,-18]],[[16897,4774],[-329,21],[-79,-2],[-13,3],[-185,-2],[-278,-1],[-14,-3],[-87,2],[-73,-1]],[[15839,4791],[-47,40],[-23,34],[-27,68],[-11,23],[-14,19],[-17,16],[-28,16],[-57,18],[-31,16],[-34,35],[-27,41]],[[15696,7752],[52,-7],[54,-5],[47,-1],[30,-39],[39,-21],[74,1],[30,13],[65,57],[33,-1],[11,7],[18,-2],[398,132],[40,16]],[[16560,7425],[-434,-3]],[[16126,7422],[-109,-1],[-137,0],[-81,1],[-109,-1]],[[15691,7550],[0,94],[-2,62],[7,18],[0,28]],[[15501,6563],[91,-162]],[[15592,6401],[-29,-23],[-64,-49],[-30,53],[-28,-23]],[[15441,6359],[-61,-49]],[[15592,6401],[29,-55],[24,19]],[[15741,6130],[-91,-74]],[[15650,6056],[-19,37],[-79,142],[-22,39],[-31,-25],[-14,29],[-44,81]],[[15140,6793],[60,-18],[49,-8]],[[15581,7160],[108,1]],[[15689,7161],[-2,-130]],[[15687,7031],[-91,1],[-17,-2]],[[15579,7030],[0,76],[2,54]],[[15472,7225],[81,-1],[18,2],[0,-37],[-17,-11],[-30,2],[0,-20],[57,0]],[[15579,7030],[-109,0]],[[15470,7030],[1,130]],[[14236,9003],[54,0]],[[14290,9003],[1,-199],[-129,-1]],[[14162,8803],[0,66],[-1,66],[3,68]],[[13944,8804],[89,0]],[[14033,8804],[129,-1]],[[14162,8803],[0,-194],[56,1],[162,1]],[[13943,8481],[0,123]],[[14033,9004],[0,-200]],[[15473,7831],[72,-38],[138,-38],[13,-3]],[[8648,8473],[57,1]],[[8704,8015],[-107,0]],[[8597,8015],[-3,33],[0,99],[-54,0],[-1,65],[109,0],[1,61],[-1,200]],[[8051,7950],[218,0]],[[8269,7950],[0,-116],[-1,-145]],[[8050,7688],[0,147],[1,115]],[[7827,7949],[158,0],[66,1]],[[8050,8472],[217,-1]],[[8267,8471],[-1,-102],[1,-158]],[[8267,8211],[-73,1],[-148,0]],[[8046,8212],[0,106],[3,33],[1,121]],[[7828,8474],[114,-2],[108,0]],[[8046,8212],[-218,1]],[[7185,10048],[210,4],[65,-1],[52,1],[205,2],[123,0]],[[7840,10054],[47,0]],[[7887,10054],[84,-1],[67,-4],[16,5],[27,-3]],[[7446,9291],[-2,27],[1,102],[0,87],[-45,8],[-60,7],[-153,2]],[[11762,9269],[1,-129],[-1,-135],[-32,1]],[[12193,7257],[131,-1],[12,5],[16,27],[15,18]],[[12195,6980],[-2,15],[0,262]],[[12384,7516],[-25,-33],[-49,50],[-7,-25],[-12,-14],[-98,-103]],[[12193,7391],[0,41],[-1,185],[1,74]],[[9581,10315],[218,2]],[[9799,10317],[1,-261],[57,-5],[161,1]],[[9253,9548],[-109,2]],[[8709,10050],[-5,525],[-1,104],[1,104],[3,17],[0,41]],[[11250,10909],[87,-132],[67,-98],[103,-156],[-38,-36],[-19,21],[-124,1]],[[11326,10509],[-108,1],[0,70],[-184,2],[-11,-1]],[[11023,10581],[-20,-2]],[[18350,5091],[24,20],[24,17],[45,8],[24,-1],[43,-14],[11,-1],[98,7],[31,5]],[[18650,5132],[2,-45],[-30,-29],[-1,-131],[0,-118],[54,-19]],[[18675,4790],[-11,-2],[-113,-2],[-10,1],[-135,-3]],[[18406,4784],[-57,152],[-10,24],[-16,26],[-29,38],[-29,27]],[[13945,6383],[190,-3],[38,10]],[[14173,6390],[16,-9],[82,0],[2,-97],[1,-164]],[[14274,6120],[-109,3],[-1,64],[-219,3]],[[13945,6190],[0,193]],[[13945,6647],[0,122]],[[13945,6769],[8,-1],[86,-71],[91,-79],[38,-30],[147,-125],[66,-54]],[[14378,6376],[-26,7],[-47,20],[-36,8],[-40,-2],[-56,-19]],[[13340,8393],[152,-1],[23,2],[29,8]],[[13351,7957],[-75,0]],[[13276,7957],[0,196],[2,15],[10,29],[39,51],[9,20],[4,22],[0,103]],[[13511,8604],[0,-148],[7,-14],[23,-31],[3,-9]],[[13340,8393],[-93,0],[-1,77],[-67,0],[1,21],[13,60],[24,54]],[[13394,9208],[4,-80],[1,-124]],[[13723,9004],[-160,0]],[[13563,9004],[0,33],[-1,230]],[[12480,9005],[148,0]],[[12628,9005],[1,-97],[-1,-103]],[[12628,8805],[-154,0]],[[35166,14531],[0,-588],[1,-79],[-1,-233],[-5,-472]],[[38383,12635],[72,0],[148,2],[122,0],[94,1],[47,0],[303,-2],[144,0],[161,-2],[165,-2],[108,-1],[319,-1],[64,0],[121,1],[95,2],[1,96],[-1,68],[-1,228],[0,128],[76,1],[196,0],[273,3],[326,1],[-1,130],[2,134],[1,262]],[[41440,13681],[-6,-14],[0,-180],[1,-68],[1,-166],[0,-357],[-220,0],[0,-133],[1,-117],[2,-14],[0,-95],[1,-175],[2,-250],[-3,-522],[0,-522]],[[41219,11068],[-218,1],[-6,-29],[-11,-82],[8,-41],[21,-58],[6,-63],[0,-47],[7,-37],[-3,-14],[-25,-76],[0,-79],[-80,1],[-130,0],[-9,-1],[0,-199],[-2,-301],[0,-285],[1,-128],[0,-130],[-217,2],[-56,-1],[-109,0],[-192,0],[-356,-1],[-152,1],[-394,2],[-54,0]],[[42308,11070],[-109,2],[-52,-1],[-163,1],[-46,2],[-116,-1],[-56,-3],[-207,-3],[-123,0],[-217,1]],[[24013,14442],[-1,-71],[1,-92],[2,-56],[210,1],[7,-2],[2,-45]],[[24234,14177],[-60,0],[0,-25],[-106,1],[-53,-2],[1,-24],[-50,1],[-63,-3],[-25,-33],[-10,36],[-8,0],[-186,1],[-272,0],[-23,-26],[-15,-8]],[[3056,2734],[-10,21],[-69,173],[-28,40],[-33,26]],[[2916,2994],[-27,19],[-41,38],[-21,32],[-11,25],[-34,95],[-22,36],[-48,48]],[[37515,13688],[-2,-397],[-1,-520],[-1,-133]],[[2642,3182],[20,21],[50,84]],[[2916,2994],[-13,-25],[-35,-31],[-22,-8],[-28,6],[-43,28],[-17,17],[-12,24]],[[12796,9005],[113,0]],[[12909,9005],[0,-199]],[[12796,8805],[1,104],[-1,96]],[[15560,5985],[90,71]],[[16120,5620],[32,-28],[8,-20],[-43,-3],[-9,-6],[-2,-18],[-18,16],[-12,-16],[-11,20],[-10,5],[-30,-3],[-8,-12],[-38,27],[-5,22],[1,59],[-36,0],[0,-31],[-26,0],[0,-29],[-42,14],[8,-24]],[[15689,7292],[41,-1],[286,0]],[[16016,7291],[-1,-129],[-164,-1]],[[15851,7161],[-162,0]],[[15689,7161],[0,131]],[[16016,7291],[108,0],[2,131]],[[16123,7030],[-272,1],[2,67],[-2,63]],[[15689,7292],[1,129]],[[14274,6120],[1,-129],[-107,1],[-35,21],[-48,21],[-98,10],[-42,17]],[[13945,6061],[0,15]],[[13945,6076],[0,114]],[[13945,6769],[-1,76],[0,64]],[[13673,6910],[271,-1]],[[13673,6802],[0,108]],[[13507,6910],[166,0]],[[13069,7955],[207,2]],[[13543,7730],[2,-57],[4,-33],[0,-96],[-6,-70],[0,-44]],[[13543,7430],[0,-115],[-3,-42],[-7,-17],[-15,-22],[-10,-27],[-2,-47]],[[13506,7160],[1,-250]],[[13506,7160],[219,0]],[[13725,7160],[0,-120],[44,8],[122,7],[53,-1]],[[13725,7373],[220,-2]],[[13725,7160],[0,213]],[[13543,7430],[182,1],[0,-58]],[[13017,10350],[-52,1],[-103,-1],[-8,-8]],[[12854,10342],[-1,37],[-5,41],[-25,111],[-6,33]],[[12854,10342],[-1,-131]],[[12853,10211],[-166,0]],[[12193,8537],[0,-124],[3,-61],[-3,-37],[0,-47]],[[12193,8268],[0,-313]],[[12038,7955],[-99,254],[-10,29],[-9,9],[-29,9],[-5,13],[-56,-1],[-17,3],[-83,-1],[-12,7]],[[13509,6381],[-1,-125],[24,0],[0,-21],[78,-79],[39,-5],[16,-10],[22,-2],[-2,-25],[10,-4],[62,0],[11,12],[0,22],[25,5],[29,-7],[84,0],[0,-66],[39,0]],[[13945,6061],[-2,-59],[4,-37],[-18,-38],[-7,-22],[0,-21],[14,-17],[-12,-9],[-19,20],[-21,-16],[-18,-24],[-20,-15],[-24,2],[-11,21],[-16,5],[-14,19],[-12,-3],[-20,18],[6,34],[-12,2],[-10,-19],[-19,4],[-23,25],[-15,9],[-11,-12],[11,-11],[-4,-22],[-17,13],[-17,1],[-23,26],[-21,38],[-17,12],[-10,0],[-11,-18],[-1,-27],[-9,-9],[-20,-3],[-18,4],[-15,15],[-6,-2],[-10,-23],[-2,-15],[-16,-26],[-8,-4],[-15,8],[-13,14],[-19,11],[-22,2],[-42,-26],[-33,-27],[-24,-13]],[[13283,5846],[0,93],[3,186],[-91,0],[2,128],[1,15],[1,115],[-107,3],[1,120]],[[12719,6386],[-35,-4],[-49,2],[-82,-1],[-119,0],[-12,-5],[-30,-30],[-24,-5],[-15,9]],[[12143,6141],[8,-12],[16,13],[7,-5],[24,20],[22,2],[63,68],[8,17],[25,8],[9,-1],[17,11],[15,4],[40,-8],[21,6],[18,-2],[17,-10],[101,0]],[[12416,5954],[0,156],[-216,0],[-1,-10],[-1,-238]],[[12193,8268],[155,0],[0,-313]],[[12193,7391],[0,-99]],[[12193,7292],[-142,-149],[-30,-34]],[[13563,9004],[-50,0]],[[11082,11682],[118,-74],[87,-54],[101,-65]],[[11136,11806],[307,-193]],[[11023,10581],[-23,-33],[0,-227],[218,-1]],[[11218,10320],[0,-261],[108,-1],[0,-130],[110,-1]],[[12909,9005],[159,-1]],[[12484,9126],[89,1],[-1,-49],[56,0],[-1,57],[57,0]],[[12684,9135],[0,-130]],[[12684,9005],[-56,0]],[[12684,9265],[0,-100]],[[12684,9165],[0,-30]],[[12908,9147],[64,1],[63,-1],[0,-69],[33,0]],[[12909,9005],[0,108]],[[12909,9113],[-1,34]],[[15688,6901],[-1,130]],[[10348,8480],[0,-47],[-5,-16],[0,-108]],[[9370,7695],[109,0]],[[9479,7695],[109,1]],[[9371,7433],[-1,262]],[[9153,7694],[108,0]],[[9261,7694],[1,-262]],[[9478,7956],[1,-193],[0,-68]],[[9370,7695],[-109,-1]],[[9261,7694],[0,261]],[[9805,10482],[-5,-12],[-1,-29],[0,-124]],[[8822,9006],[218,0],[1,-136],[-1,-133]],[[8822,8736],[0,270]],[[9148,9005],[104,0]],[[9366,9005],[0,-122]],[[9149,8738],[-1,267]],[[9808,6389],[-327,-3]],[[9481,6386],[0,134],[0,195],[-1,198],[55,0],[0,135],[54,2],[0,25]],[[9154,7067],[0,-55],[3,-255],[1,-241]],[[9158,6516],[0,-86],[2,-6],[-2,-44]],[[9158,6380],[-17,-2],[-202,0]],[[8939,6378],[-239,-3]],[[8700,6375],[2,533],[0,66],[4,78]],[[9148,9005],[-4,0],[-1,99],[1,163]],[[7937,10180],[36,35],[17,23],[12,32],[4,25],[-2,35],[-10,63],[-1,26],[7,35],[15,40],[23,35],[18,14]],[[8318,10366],[-150,-180],[-38,-36],[-8,-2],[-15,12],[-37,21],[-15,3],[-18,-5],[-35,-22],[-27,-1],[-25,11],[-13,13]],[[6968,10569],[-1,-192]],[[6967,10377],[-32,-1],[-161,-53],[-64,-1],[-26,-3],[-20,-12],[-18,-21],[-9,-25],[-3,-87],[-1,-121]],[[6633,10053],[-104,2]],[[6967,10377],[-1,-149],[-2,-40],[1,-142]],[[6747,10050],[-114,3]],[[6798,9252],[35,12],[16,29],[2,49],[9,17],[22,29],[2,22],[-7,25],[-20,19],[4,26],[-4,44]],[[6963,9525],[-1,-132],[0,-191],[-2,-161],[1,-52]],[[6961,8989],[-116,0],[-31,3]],[[8324,8746],[56,0],[51,2]],[[8431,8748],[1,-117],[81,-1],[3,6],[0,42],[24,0],[0,68]],[[8540,8746],[108,0],[1,-86],[-1,-187]],[[8648,8473],[-52,1],[-273,-3]],[[8323,8471],[0,70],[1,205]],[[8431,8748],[1,77],[1,182]],[[8433,9007],[108,0]],[[8541,9007],[0,-146],[-1,-115]],[[8707,9267],[-55,1],[-19,3],[-53,-1],[-33,2],[-60,-1],[-18,-4],[-44,0]],[[8351,9268],[0,18],[21,0],[3,28],[23,-1],[0,25],[32,3],[0,27],[-30,4],[-1,75],[23,3],[0,19],[-67,0],[0,17],[10,1],[1,22],[11,3],[0,17]],[[8272,9268],[-109,0]],[[8163,9268],[0,44]],[[2171,6519],[54,1],[163,-1]],[[2173,6300],[-1,88]],[[2172,6388],[-1,131]],[[1943,6255],[33,131]],[[1976,6386],[44,2],[152,0]],[[2108,6913],[68,3],[83,-1]],[[2383,6978],[108,0]],[[2491,6978],[110,-1]],[[2601,6977],[0,-64],[217,4],[1,126]],[[3037,7043],[0,-82]],[[3037,6961],[0,-43]],[[2385,6790],[-189,-6]],[[2196,6784],[-121,-3]],[[2075,6781],[33,132]],[[5219,7430],[0,-353]],[[3789,4555],[180,2],[385,2],[365,5],[164,1],[16,-5],[23,-14],[53,-2],[249,-1]],[[5442,4543],[160,-1],[267,1],[9,-2],[168,-2],[16,-3],[29,2]],[[6091,4538],[2,-256],[-1,-56],[-215,-99],[-4,-4],[-45,-17],[-125,-57],[-140,-65],[-43,-18],[-79,-37],[-175,-80],[-39,-19],[-12,-1],[-47,-25],[-109,-50]],[[5059,3754],[-109,3],[-66,1],[-1,24],[0,261],[-5,0],[-188,-2],[-129,-1],[-421,-4],[-257,-2],[-93,-1]],[[3790,4033],[0,119]],[[3790,4152],[-1,403]],[[3594,4553],[26,0],[119,3],[50,-1]],[[3790,4152],[-220,-2],[-39,47],[-119,1]],[[3412,4198],[12,40],[47,110],[10,43],[2,30],[-1,114],[3,17]],[[3588,5073],[203,3]],[[3791,5076],[-3,-97],[1,-164]],[[3789,4815],[-199,-2]],[[5656,8471],[209,0],[150,1],[76,-1],[36,-2]],[[6127,8469],[104,-1],[180,0]],[[5984,7421],[0,38],[24,8],[15,17],[27,48],[8,20],[0,44],[-7,48],[-1,40],[-175,1],[-106,-4],[-3,6],[-107,0]],[[5659,7687],[-1,192],[0,67],[-1,263]],[[5657,8209],[0,131]],[[5657,8340],[-1,131]],[[5219,7430],[152,-2],[199,-2]],[[5570,7426],[-1,-48],[-4,-18],[-33,-81],[-3,-27],[3,-16],[11,-24],[34,15],[81,0]],[[4131,6493],[8,24],[1,102]],[[5491,8211],[166,-2]],[[5659,7687],[1,-261]],[[5660,7426],[-90,0]],[[5218,7690],[-2,131],[0,118]],[[5539,8342],[118,-2]],[[3037,6961],[100,2],[49,0],[2,86]],[[4129,5341],[-217,-3]],[[2834,4361],[81,-1],[97,-2],[42,-50],[65,1],[30,-38],[0,-159],[24,2],[166,-1],[23,6],[18,13],[32,3],[0,63]],[[3790,4033],[1,-315],[2,-207]],[[3793,3511],[-323,-3],[-322,-3],[-75,-1],[-21,-7],[-37,57],[-138,226],[-9,8],[-31,5],[0,35]],[[2837,3828],[-1,196]],[[2822,5726],[0,125]],[[2605,5726],[-1,122]],[[2837,3828],[-13,2],[-84,-127]],[[2403,3760],[-1,0]],[[2402,3760],[-1,111],[3,55],[-3,93]],[[7183,8466],[1,3]],[[6960,8720],[7,0]],[[6967,8720],[99,2],[39,-2],[80,0]],[[6958,8463],[2,257]],[[6967,8720],[30,36],[189,226]],[[7186,8982],[1,227],[1,164],[-1,151]],[[6624,8607],[6,117],[-1,51]],[[6629,8775],[121,0]],[[6750,8775],[17,-1],[21,-8],[20,-13],[19,-6],[49,-4],[43,-19],[41,-4]],[[8483,6369],[217,6]],[[8700,6375],[1,-108],[-3,-19]],[[8698,6248],[-11,-19],[-24,-13],[-26,-3],[-18,-10],[-17,-22]],[[8602,6181],[-39,29],[-29,0],[-25,-14],[-28,-1]],[[8939,6378],[0,-28],[-7,-51],[1,-26],[-8,-25],[-15,-8],[-88,-1],[-15,-7],[-22,-17],[-18,6],[-17,16],[-11,4],[-25,1],[-16,6]],[[8602,6181],[-13,-27],[-32,-33],[-22,-33],[-21,-47],[-8,-12],[-18,-13],[-20,-3],[-45,10],[-53,25]],[[9158,6380],[2,-184],[5,-39],[18,-71],[6,-31],[6,-54],[6,-82],[13,-46]],[[9214,5873],[-54,0],[-455,-22],[-439,-3]],[[2171,5583],[218,2]],[[2387,5846],[2,-261]],[[6413,8739],[69,-1],[37,4],[48,13],[27,14],[35,6]],[[6412,8609],[1,130]],[[6628,9012],[0,-87],[50,0],[4,-5],[5,-41],[39,20],[2,39],[19,3],[1,-25],[2,-141]],[[6961,8989],[-1,-269]],[[9158,6516],[95,0],[36,5],[52,1],[0,-25],[-5,-26],[-8,-20],[-3,-25],[1,-42],[77,0],[78,2]],[[9806,6102],[-116,-226]],[[9690,5876],[-111,-3],[-365,0]],[[5739,8727],[21,-20],[45,-54],[15,19],[17,13],[39,14]],[[5876,8699],[15,4],[22,-2],[11,-9],[30,-47],[24,-22],[27,-18],[9,-17],[2,-41],[100,25]],[[6116,8572],[9,-52],[2,-51]],[[5858,8875],[7,-21],[4,-27],[-1,-30]],[[5868,8797],[-2,-47],[2,-24],[8,-27]],[[5858,8875],[166,44],[17,4],[48,2]],[[6089,8925],[0,-138]],[[6089,8787],[-18,0],[-18,5],[-33,32],[-25,8],[-13,-4],[-57,-28],[-32,-4],[-25,1]],[[6089,8787],[0,-72]],[[6089,8715],[1,-38],[7,-42],[19,-63]],[[6089,8925],[35,-1],[46,-14],[40,-22],[27,-25]],[[6286,8784],[-15,-13],[-28,2],[-21,-4],[-53,-38],[-10,-3],[-16,-24],[-17,8],[-37,3]],[[6329,8711],[-21,-21],[-38,-60],[-14,-15],[-18,-12],[-122,-31]],[[6089,9010],[0,-85]],[[8486,7429],[217,1]],[[8484,7169],[2,146],[0,114]],[[8487,7690],[108,1]],[[8595,7691],[11,-1],[98,1]],[[8596,7987],[1,28]],[[8595,7691],[1,185],[0,111]],[[8379,7986],[167,1],[50,0]],[[8378,7690],[1,296]],[[3793,3511],[0,-261],[-1,-100],[1,-86],[4,-37],[2,-62]],[[3799,2965],[-1,-73],[-9,-63],[-20,-84],[-22,-80],[-20,-65],[-30,-109],[-46,-184]],[[5059,3754],[-56,-24],[-222,-102],[-1,-110]],[[4780,3518],[-130,1],[-75,-1],[-109,1],[1,-53],[-37,-1],[-25,-7],[-20,-17],[-17,-25],[-9,-29],[3,-68],[-2,-23],[0,-161]],[[4360,3135],[-128,-18]],[[4232,3117],[2,23],[18,33],[-1,198],[1,145],[-111,-3],[-69,0],[-31,-9],[-48,-20],[-19,-5],[-31,-2],[-29,4],[-44,19],[-35,10],[-42,1]],[[5098,9201],[16,1],[20,9],[32,0],[20,-13],[28,1]],[[5214,9199],[0,-49],[108,3]],[[5214,9199],[-1,128]],[[2108,6913],[33,134]],[[2601,7042],[0,-65]],[[2491,6978],[0,66]],[[2187,3449],[24,14],[26,5],[29,-11],[25,11],[26,-6],[12,2],[22,17],[25,-6],[34,10],[10,13],[0,28],[-21,100],[-6,11],[-29,38],[-31,44]],[[2333,3719],[19,27],[9,6],[41,8]],[[2333,3719],[-15,-15],[-13,37],[-10,3],[-61,-8],[-26,-9],[-23,-22]],[[11743,31382],[-29,22],[-14,6],[-26,2],[2,47],[4,23],[9,35],[12,28],[23,40],[-12,11],[-9,-10],[-20,-12],[-20,14],[-28,-4],[-36,4],[-12,-4],[-6,-21],[11,-35],[-43,-18],[-26,2]],[[19655,36780],[0,-53],[6,-23]],[[19661,36704],[-3,-15],[-1,-114],[-204,0],[0,-82]],[[19280,36494],[-78,2]],[[17975,35678],[6,24],[15,47],[21,49],[20,39],[33,50],[62,77],[4,7],[149,189],[100,124],[53,68],[16,18],[57,43],[16,8],[51,16],[41,10]],[[3799,2965],[175,68],[171,68],[87,16]],[[4360,3135],[145,23],[124,22],[36,7],[115,20]],[[4780,3207],[-1,-106],[0,-90],[2,-87],[1,-150],[-1,-73],[0,-523],[-1,-54],[0,-174],[-799,0],[-167,-4],[-142,4],[0,-28]],[[3308,2062],[-18,52],[-27,64],[-10,35],[-2,21],[4,21],[10,25]],[[17642,36415],[-39,-34],[-52,-34],[-204,-93],[-35,-18]],[[19718,36489],[2,87],[98,1],[17,-3],[8,-14],[44,36],[38,41],[-27,30],[-51,24],[-40,3],[-61,-1],[-23,11],[-62,0]],[[8707,9267],[-1,-42],[1,-219]],[[8707,9006],[-166,1]],[[8433,9007],[-9,0]],[[34434,7383],[272,-1],[347,-1],[21,1],[110,0],[30,-5],[35,2],[45,-2]],[[35294,7377],[63,2],[376,-3]],[[43817,5875],[-613,-4],[-720,-6],[-494,-4],[-188,-2],[-261,-1],[-537,-3],[-566,-3],[-351,-1],[2,25],[-633,0],[-491,1],[-248,-1],[-370,3],[-436,-3],[-436,3],[-1,-67],[-381,-2],[-54,1],[-439,4],[-435,-1],[-536,2],[-271,2],[-91,0],[-257,5],[-154,1],[-406,0],[-887,1],[-10,-1]],[[34644,9081],[162,72],[67,29],[32,11],[166,50],[19,9],[21,14],[202,166]],[[35313,9432],[-2,-100],[-2,-219],[-2,-28],[-12,-27],[-23,-32],[-9,-23],[-4,-30]],[[35297,7956],[19,-16],[9,-22],[1,-18],[0,-389],[-29,-1],[1,-100],[-4,-33]],[[23783,13897],[15,-1],[20,23],[11,-9],[20,1],[15,-12],[10,25],[36,-16],[7,-10],[24,8],[7,-14],[13,-9],[12,49],[8,5],[26,-2],[4,-21],[14,2],[7,19],[16,-4],[-6,-15],[14,-1],[22,45],[14,-5],[7,19],[40,-10],[19,-2],[23,4],[2,19],[47,3],[2,47]],[[24232,14035],[110,2],[50,11],[16,6],[59,34],[21,-41],[18,-38],[29,-41],[15,-19],[13,-38],[1,-19],[1,-85],[2,-12],[17,-45],[15,-54],[21,-37],[18,-26],[39,-49],[21,-38]],[[24698,13546],[-30,-11],[-29,-16],[-5,-9],[-16,-48],[-4,-22],[-20,-31],[-31,-3],[-18,-15],[-19,-8],[-33,2],[-48,-1]],[[24445,13384],[-3,82]],[[24442,13466],[-1,181],[-98,2],[-76,0],[-82,-4],[-11,-10],[-143,-12],[-8,1]],[[24023,13624],[-7,41],[-14,35],[-28,25],[-43,19],[-17,-4],[-29,9],[-13,26],[-15,22],[-14,-5],[-12,16],[-5,19],[-35,30],[-8,40]],[[24442,13466],[-153,-1],[-57,-2],[-114,-1],[-1,54],[-36,0],[0,-60],[-6,-15],[-27,0]],[[24048,13441],[-2,45],[1,52],[-18,41],[-6,45]],[[21782,5869],[2,-619],[0,-327],[3,-104],[-210,0],[-212,-4],[-424,0],[-116,-2],[-225,2],[-86,-2],[-171,-2]],[[19606,6386],[-65,-1],[0,83],[5,17],[54,13],[-1,61],[0,175],[-1,32],[1,49],[-2,125],[0,64],[-15,30],[16,1],[-3,129],[1,95],[-2,78],[16,16],[19,10],[20,24],[23,16],[22,23]],[[12351,24098],[-10,40],[-24,-2],[-25,15],[-12,22],[-12,8],[-116,0],[-83,-1]],[[12069,24180],[-31,65],[-9,51],[-7,29],[-37,57],[-38,83],[-11,56],[-7,103]],[[12069,24180],[-24,-1],[-15,-7],[-17,-25]],[[12013,24147],[-20,15],[-22,11],[-23,6],[-147,-1],[-36,7],[-30,19],[-16,15]],[[14420,24199],[-1,-32],[-4,-13],[-18,-26],[-5,-20],[2,-117],[-1,-50]],[[14396,23675],[-40,32],[-70,45],[-232,152],[-44,24],[-29,9],[-46,6],[-55,0],[-46,4],[-51,7],[-37,8]],[[14396,23675],[-1,-26],[-8,-19],[-28,-45],[-35,-81],[-6,-19],[0,-29],[9,-25]],[[14327,23431],[-29,-13],[-228,-2]],[[15278,22630],[-40,8],[-48,1],[-110,-1],[-17,-2],[-113,0],[-7,1],[-81,0]],[[14402,22635],[-1,114],[-1,373],[-2,170],[2,15],[10,19],[24,31],[-24,37],[-18,7],[-27,0],[-18,8],[-20,22]],[[12573,23142],[152,-1],[42,-2],[-1,-21],[-13,-14],[-24,-5],[-1,-27],[15,-36],[15,6],[2,-15],[-15,-79],[23,1],[32,18],[33,29],[5,-17],[-2,-31],[16,-8],[25,41],[74,57],[25,15],[32,-16],[9,0],[-11,90],[7,2],[-6,63],[-11,76],[-68,284],[-15,64],[-7,41],[-5,65],[-11,37],[-38,52]],[[13599,22627],[-47,12],[-34,19]],[[13326,22871],[-22,9],[-40,6],[-43,0],[-39,-9],[-31,-20],[-19,-21],[-19,-36],[-9,-35],[1,-141]],[[12957,22628],[-28,1],[-25,5],[-16,-8],[-38,-2],[-6,-8],[-3,-24],[-10,-4],[-64,0],[-45,-1],[-20,39]],[[12082,23658],[68,3]],[[12059,23369],[-43,17],[-42,7],[-191,-3]],[[11623,23128],[-1,90],[3,21],[10,25],[37,64],[2,16],[0,44]],[[12013,24147],[18,-21],[19,-36],[36,-131],[13,-31]],[[13289,22439],[-31,-11],[-18,-15],[-23,-28],[-15,-7],[-98,-1]],[[13338,22072],[20,51],[19,28],[8,28],[-3,28],[-9,24],[-44,90]],[[13599,22627],[16,-74],[18,-51],[62,-108],[20,-59],[16,-68],[4,-43],[-3,-31],[-18,-74],[-15,-37],[-13,-48],[-5,-56],[3,-88],[9,-101],[5,-34],[1,-52],[-3,-16],[2,-43],[-12,-69]],[[13347,21579],[0,162],[-6,33],[-2,88],[-5,30],[-17,43],[-5,37],[2,28],[6,23],[18,49]],[[13974,22108],[0,-124],[2,-139],[1,-264]],[[14640,22092],[0,-243],[8,-26],[17,-20],[8,-23],[1,-101],[-29,-2],[-12,-7],[-10,-21],[0,-58]],[[13338,22072],[-23,11],[-15,1],[-59,-15],[-13,0],[-18,12],[-18,5],[-88,0]],[[11373,23383],[-1,-262]],[[10992,22077],[-1,23],[27,0],[0,92],[-26,1],[1,30],[50,0],[1,116]],[[5225,5068],[-1,262]],[[24717,13519],[-19,27]],[[24232,14035],[2,47],[0,95]],[[3673,1816],[-6,-415],[11,-77],[6,-680],[-534,0],[-10,-2],[30,-23]],[[24232,14035],[-53,1],[-172,-4],[-211,-1]],[[23796,14031],[-56,-1],[-67,-24],[-23,-10],[-44,-25],[-19,0],[-9,26],[-10,10],[-106,0],[-98,1]],[[24063,13312],[1,-9],[12,-11],[83,0],[44,1],[49,-1],[20,2],[95,2],[78,0],[0,88]],[[24032,12789],[10,68],[12,48],[-3,42],[-12,45],[0,43],[6,47],[-13,33],[-7,60],[3,40],[11,37],[-1,15],[-8,29],[-8,16],[-8,32],[17,-8],[32,-24]],[[35322,9440],[-9,-8]],[[23783,13897],[14,40],[-1,94]],[[24063,13312],[-5,19],[-16,29],[-1,32],[7,49]],[[23364,13913],[170,-1],[22,-1],[15,11],[22,-10],[157,0],[18,-11],[15,-4]],[[15294,13580],[-5,-24],[-15,-11],[-15,5],[-9,-5],[-23,24],[-18,5],[-12,-24],[-13,-47],[-18,-30],[-26,-14],[-12,1],[-30,-31],[-9,-22],[-3,-18],[-1,-32],[12,-80],[18,-38],[11,-44],[7,-67],[-17,-21],[8,-54]],[[14635,12936],[8,37],[-8,31],[-11,18],[-3,37],[-16,43],[-15,36],[-4,17]],[[18406,4784],[-108,-2],[-433,-3],[-426,20],[-7,0],[-221,-9],[-214,-23],[-100,7]],[[16874,5391],[8,31],[3,28],[-4,14],[-16,33],[-26,30],[-4,17]],[[16435,5238],[-17,32],[-37,45],[-17,8],[-13,39],[-28,25],[-14,-9],[-6,11],[-10,-6],[-16,17],[-15,-16],[-10,3],[-5,14],[-12,-11],[-6,31],[3,33],[-2,83],[-3,14],[-17,16],[8,11],[83,8],[24,-9],[107,-3],[11,-4],[12,47],[-31,1],[-31,12],[-18,-3],[-3,14],[-12,10],[-8,37],[-11,7],[2,82]],[[15254,7162],[-1,-77],[0,-52],[-44,-1],[1,-28],[6,-42],[12,-3],[11,-15],[14,-5],[0,52],[163,0],[54,-1]],[[15470,6990],[0,-88],[218,-1]],[[8162,9008],[109,-1]],[[8324,8746],[-54,0],[1,131],[-72,0],[-16,5],[-13,13],[-8,22],[0,91]],[[15470,6990],[0,40]],[[14290,9003],[90,-1]],[[8267,8471],[56,0]],[[8379,7986],[-111,-1]],[[8268,7985],[-1,98],[0,128]],[[8268,7985],[1,-35]],[[8707,9006],[0,-91],[-1,-179]],[[12193,7292],[0,-35]],[[7937,10180],[-31,-35],[-16,-37],[-3,-54]],[[7840,10054],[0,263],[2,316]],[[11326,10319],[0,190]],[[18837,4797],[-107,-7],[-55,0]],[[15839,4791],[-135,-1],[-223,1],[-208,-3],[-436,0],[-436,5],[0,93],[-4,402],[-469,14],[-501,10],[-77,-3],[-32,1],[-46,5]],[[13247,5386],[27,6],[2,125],[7,329]],[[12628,8805],[168,0]],[[12909,9267],[-1,-120]],[[12909,9113],[-56,0],[0,52],[-169,0]],[[11326,10319],[-108,1]],[[10461,5861],[-8,-1],[-199,0],[-106,-1],[-36,3],[-35,-2],[-68,5],[-319,11]],[[12684,9005],[112,0]],[[8142,10053],[133,2],[13,-5],[95,0],[109,-2]],[[8822,9006],[-115,0]],[[3692,5724],[-63,0],[9,39],[-1,28],[-54,0]],[[2450,8068],[118,415]],[[7835,9009],[109,-1],[218,0]],[[2171,6519],[-1,137],[27,-1],[-1,129]],[[1976,6386],[99,395]],[[6095,5322],[-1,-646],[-3,-138]],[[3791,5076],[-1,71],[0,190]],[[3789,4555],[-1,197],[1,63]],[[3362,5790],[112,0]],[[4780,3518],[0,-311]],[[8162,9008],[1,18],[-1,111],[1,131]]],"transform":{"scale":[0.00004007824985808482,0.000027812962750387337],"translate":[-117.802539,33.87089]},"objects":{"Geometry\\06-071":{"type":"GeometryCollection","geometries":[{"arcs":[[0,1,2,3,4]],"type":"Polygon","properties":{"GEOID":"060710011033"}},{"arcs":[[5,6,7,8]],"type":"Polygon","properties":{"GEOID":"060710013053"}},{"arcs":[[9,10,11,12,13]],"type":"Polygon","properties":{"GEOID":"060710020373"}},{"arcs":[[14,15,16,17]],"type":"Polygon","properties":{"GEOID":"060710034041"}},{"arcs":[[18,19,20,21,22]],"type":"Polygon","properties":{"GEOID":"060710066041"}},{"arcs":[[23,24,25]],"type":"Polygon","properties":{"GEOID":"060710104134"}},{"arcs":[[26,27,28,29,30,31,32,33]],"type":"Polygon","properties":{"GEOID":"060710108031"}},{"arcs":[[34,35,36,37,38]],"type":"Polygon","properties":{"GEOID":"060710104172"}},{"arcs":[[39,40,41,42,43,44,45,46,47]],"type":"Polygon","properties":{"GEOID":"060710001052"}},{"arcs":[[48,49,50,51,52]],"type":"Polygon","properties":{"GEOID":"060710001093"}},{"arcs":[[53,54,55,56,57,58]],"type":"Polygon","properties":{"GEOID":"060710001152"}},{"arcs":[[59,60,61,62,63,64,65,66]],"type":"Polygon","properties":{"GEOID":"060710005041"}},{"arcs":[[67,68,69,70]],"type":"Polygon","properties":{"GEOID":"060710006061"}},{"arcs":[[-70,71,72,73,-63]],"type":"Polygon","properties":{"GEOID":"060710005042"}},{"arcs":[[74,75,76,77,78,79,80]],"type":"Polygon","properties":{"GEOID":"060710004041"}},{"arcs":[[81,82,83,84]],"type":"Polygon","properties":{"GEOID":"060710006043"}},{"arcs":[[85,86,87,88]],"type":"Polygon","properties":{"GEOID":"060710005031"}},{"arcs":[[89,90,91,92]],"type":"Polygon","properties":{"GEOID":"060710018063"}},{"arcs":[[93,94,95,-72]],"type":"Polygon","properties":{"GEOID":"060710019013"}},{"arcs":[[96,97,98,99]],"type":"Polygon","properties":{"GEOID":"060710008131"}},{"arcs":[[100,-99,101,102,103,104]],"type":"Polygon","properties":{"GEOID":"060710008132"}},{"arcs":[[105,106,107,-94,-69]],"type":"Polygon","properties":{"GEOID":"060710019011"}},{"arcs":[[108,109,110,-103]],"type":"Polygon","properties":{"GEOID":"060710008143"}},{"arcs":[[111,112,113,114]],"type":"Polygon","properties":{"GEOID":"060710013092"}},{"arcs":[[115,116,117,118]],"type":"Polygon","properties":{"GEOID":"060710013071"}},{"arcs":[[119,120,121,122]],"type":"Polygon","properties":{"GEOID":"060710021071"}},{"arcs":[[123,-123,124,125]],"type":"Polygon","properties":{"GEOID":"060710021052"}},{"arcs":[[-113,126,127,128,129]],"type":"Polygon","properties":{"GEOID":"060710015041"}},{"arcs":[[130,131,132,133,134]],"type":"Polygon","properties":{"GEOID":"060710018121"}},{"arcs":[[135,136,137,138,139,140]],"type":"Polygon","properties":{"GEOID":"060710018102"}},{"arcs":[[141,-140,142,143]],"type":"Polygon","properties":{"GEOID":"060710018101"}},{"arcs":[[144,145,146,147,148,149]],"type":"Polygon","properties":{"GEOID":"060710020281"}},{"arcs":[[150,151,152,153,154,155]],"type":"Polygon","properties":{"GEOID":"060710020312"}},{"arcs":[[156,157,158,159,160]],"type":"Polygon","properties":{"GEOID":"060710031012"}},{"arcs":[[161,162,163,164,-152,165]],"type":"Polygon","properties":{"GEOID":"060710020213"}},{"arcs":[[166,167,168,169,170]],"type":"Polygon","properties":{"GEOID":"060710035051"}},{"arcs":[[171,172,173,174]],"type":"Polygon","properties":{"GEOID":"060710036093"}},{"arcs":[[175,176,177,178]],"type":"Polygon","properties":{"GEOID":"060710036112"}},{"arcs":[[-177,179,180,181,182,183,184]],"type":"Polygon","properties":{"GEOID":"060710036121"}},{"arcs":[[185,-23,186,187,-181]],"type":"Polygon","properties":{"GEOID":"060710066032"}},{"arcs":[[188,189,190,-183]],"type":"Polygon","properties":{"GEOID":"060710066012"}},{"arcs":[[191,192,193,-190]],"type":"Polygon","properties":{"GEOID":"060710066013"}},{"arcs":[[194,195,196,197,198]],"type":"Polygon","properties":{"GEOID":"060710062032"}},{"arcs":[[199,200,201,202]],"type":"Polygon","properties":{"GEOID":"060710063012"}},{"arcs":[[203,204,205,206,207,208]],"type":"Polygon","properties":{"GEOID":"060710071081"}},{"arcs":[[209,210,211,212]],"type":"Polygon","properties":{"GEOID":"060710099082"}},{"arcs":[[213,214,215,216,217,218]],"type":"Polygon","properties":{"GEOID":"060710038042"}},{"arcs":[[219,220,221,222]],"type":"Polygon","properties":{"GEOID":"060710008193"}},{"arcs":[[223,224,225,226,227,228,229,230,-16]],"type":"Polygon","properties":{"GEOID":"060710035101"}},{"arcs":[[231,232,233,234,235]],"type":"Polygon","properties":{"GEOID":"060710020382"}},{"arcs":[[236,237,238,239,240,241]],"type":"Polygon","properties":{"GEOID":"060710092012"}},{"arcs":[[242,243,244,245,246,-239,247,248,249,250,251,252,253,254,255,256,257,258,259,260,261,262,263,264,265]],"type":"Polygon","properties":{"GEOID":"060710092021"}},{"arcs":[[-96,266,267,268,-73]],"type":"Polygon","properties":{"GEOID":"060710019012"}},{"arcs":[[269,270,271,272,273]],"type":"Polygon","properties":{"GEOID":"060710019061"}},{"arcs":[[274,275,276]],"type":"Polygon","properties":{"GEOID":"060710002033"}},{"arcs":[[277,278,279,280]],"type":"Polygon","properties":{"GEOID":"060710008233"}},{"arcs":[[281,282,283,284]],"type":"Polygon","properties":{"GEOID":"060710008232"}},{"arcs":[[285,-285,286,-281,287,288,289]],"type":"Polygon","properties":{"GEOID":"060710008211"}},{"arcs":[[-264,290,291,292,293,294]],"type":"Polygon","properties":{"GEOID":"060710020141"}},{"arcs":[[295,296,297,298,-292]],"type":"Polygon","properties":{"GEOID":"060710020111"}},{"arcs":[[-263,299,-296,-291]],"type":"Polygon","properties":{"GEOID":"060710020112"}},{"arcs":[[300,-234,301,302,303,304]],"type":"Polygon","properties":{"GEOID":"060710020381"}},{"arcs":[[305,-148,306,307,308,-121]],"type":"Polygon","properties":{"GEOID":"060710021073"}},{"arcs":[[309,310,311,312]],"type":"Polygon","properties":{"GEOID":"060710073031"}},{"arcs":[[313,314,315,316,317,318,319,320,321]],"type":"Polygon","properties":{"GEOID":"060719801001"}},{"arcs":[[322,323,324,325]],"type":"Polygon","properties":{"GEOID":"060710078002"}},{"arcs":[[326,327,328,329,330]],"type":"Polygon","properties":{"GEOID":"060710046033"}},{"arcs":[[331,332,333]],"type":"Polygon","properties":{"GEOID":"060710111023"}},{"arcs":[[334,335,-30,336,337]],"type":"Polygon","properties":{"GEOID":"060710108032"}},{"arcs":[[338,-89,339,340]],"type":"Polygon","properties":{"GEOID":"060710005033"}},{"arcs":[[341,342,343,344,345]],"type":"Polygon","properties":{"GEOID":"060710112042"}},{"arcs":[[346,347,348,349,350]],"type":"Polygon","properties":{"GEOID":"060710112051"}},{"arcs":[[351,352,-136,353,354]],"type":"Polygon","properties":{"GEOID":"060710018131"}},{"arcs":[[355,356,357,358,-197]],"type":"Polygon","properties":{"GEOID":"060710062031"}},{"arcs":[[359,360,361,362,363,364,365]],"type":"Polygon","properties":{"GEOID":"060710083023"}},{"arcs":[[366,367,368,369,370,371,372]],"type":"Polygon","properties":{"GEOID":"060710086021"}},{"arcs":[[373,374,375,376,377,378,379]],"type":"Polygon","properties":{"GEOID":"060710001181"}},{"arcs":[[380,381,-119,-9,382,383]],"type":"Polygon","properties":{"GEOID":"060710013052"}},{"arcs":[[384,385,386,387,388,389,390]],"type":"Polygon","properties":{"GEOID":"060710100141"}},{"arcs":[[391,392,-340,-88,-67,393,394,395,-43]],"type":"Polygon","properties":{"GEOID":"060710005043"}},{"arcs":[[396,397,398,-297]],"type":"Polygon","properties":{"GEOID":"060710020172"}},{"arcs":[[-299,399,400,401,402,403,-293]],"type":"Polygon","properties":{"GEOID":"060710020142"}},{"arcs":[[404,-105,405,406,407]],"type":"Polygon","properties":{"GEOID":"060710008151"}},{"arcs":[[408,409,410,411,-2,412]],"type":"Polygon","properties":{"GEOID":"060710012003"}},{"arcs":[[413,-166,-151,414]],"type":"Polygon","properties":{"GEOID":"060710020212"}},{"arcs":[[415,416,-415,417,418,419]],"type":"Polygon","properties":{"GEOID":"060710020191"}},{"arcs":[[420,421,422]],"type":"Polygon","properties":{"GEOID":"060710022072"}},{"arcs":[[423,424,425]],"type":"Polygon","properties":{"GEOID":"060710127002"}},{"arcs":[[426,427,428,429,430,431]],"type":"Polygon","properties":{"GEOID":"060710020161"}},{"arcs":[[432,433,434,435,436,437,438]],"type":"Polygon","properties":{"GEOID":"060710008081"}},{"arcs":[[-221,439,440,-434,441]],"type":"Polygon","properties":{"GEOID":"060710008191"}},{"arcs":[[442,443,444,445,446]],"type":"Polygon","properties":{"GEOID":"060710036063"}},{"arcs":[[447,448,449,450,451,452]],"type":"Polygon","properties":{"GEOID":"060710038032"}},{"arcs":[[453,454,-449,455]],"type":"Polygon","properties":{"GEOID":"060710038041"}},{"arcs":[[456,457,458,459]],"type":"Polygon","properties":{"GEOID":"060710038012"}},{"arcs":[[-218,460,-458,461]],"type":"Polygon","properties":{"GEOID":"060710038011"}},{"arcs":[[462,463,-219,-462,-457,464]],"type":"Polygon","properties":{"GEOID":"060710038013"}},{"arcs":[[465,466,467,468]],"type":"Polygon","properties":{"GEOID":"060710009013"}},{"arcs":[[469,470,471,-145,472]],"type":"Polygon","properties":{"GEOID":"060710020282"}},{"arcs":[[473,474,475,476,477]],"type":"Polygon","properties":{"GEOID":"060710073033"}},{"arcs":[[478,479,480,-317,481]],"type":"Polygon","properties":{"GEOID":"060710076041"}},{"arcs":[[482,483,484,485,486]],"type":"Polygon","properties":{"GEOID":"060710086012"}},{"arcs":[[487,488,-372,489,490,-369,491,-484,492]],"type":"Polygon","properties":{"GEOID":"060710086013"}},{"arcs":[[493,494,-487,495,496]],"type":"Polygon","properties":{"GEOID":"060710084032"}},{"arcs":[[497,498,499,500]],"type":"Polygon","properties":{"GEOID":"060710022042"}},{"arcs":[[501,502,503,504,505,506,507]],"type":"Polygon","properties":{"GEOID":"060710028012"}},{"arcs":[[508,509,510,511,512]],"type":"Polygon","properties":{"GEOID":"060710029023"}},{"arcs":[[513,-160,514,515,516,517]],"type":"Polygon","properties":{"GEOID":"060710033012"}},{"arcs":[[518,-274,519,520,521]],"type":"Polygon","properties":{"GEOID":"060710019062"}},{"arcs":[[522,523,524,525,526]],"type":"Polygon","properties":{"GEOID":"060710002051"}},{"arcs":[[527,528,529,530,-525]],"type":"Polygon","properties":{"GEOID":"060710002053"}},{"arcs":[[-531,531,532,533]],"type":"Polygon","properties":{"GEOID":"060710002082"}},{"arcs":[[534,535,536,537,-275,538]],"type":"Polygon","properties":{"GEOID":"060710002031"}},{"arcs":[[539,540,541,-78]],"type":"Polygon","properties":{"GEOID":"060710004042"}},{"arcs":[[542,543,-82,544]],"type":"Polygon","properties":{"GEOID":"060710006032"}},{"arcs":[[545,-403,546,547,548,-440,-220,549]],"type":"Polygon","properties":{"GEOID":"060710008192"}},{"arcs":[[-468,550,551,552]],"type":"Polygon","properties":{"GEOID":"060710009032"}},{"arcs":[[-552,553,-381,554,555,556]],"type":"Polygon","properties":{"GEOID":"060710009033"}},{"arcs":[[557,558,559,560,-428,561]],"type":"Polygon","properties":{"GEOID":"060710020151"}},{"arcs":[[562,-562,-427,563]],"type":"Polygon","properties":{"GEOID":"060710020152"}},{"arcs":[[564,565,-126,566,567,568]],"type":"Polygon","properties":{"GEOID":"060710021053"}},{"arcs":[[569,-569,570,571]],"type":"Polygon","properties":{"GEOID":"060710021031"}},{"arcs":[[-133,572,-141,-142,573]],"type":"Polygon","properties":{"GEOID":"060710018103"}},{"arcs":[[574,575,576,577,578,579]],"type":"Polygon","properties":{"GEOID":"060710018081"}},{"arcs":[[-579,580,581,582]],"type":"Polygon","properties":{"GEOID":"060710018082"}},{"arcs":[[583,584,585,586]],"type":"Polygon","properties":{"GEOID":"060710022064"}},{"arcs":[[-298,-399,587,588,-400]],"type":"Polygon","properties":{"GEOID":"060710020132"}},{"arcs":[[-262,589,590,-397,-300]],"type":"Polygon","properties":{"GEOID":"060710020171"}},{"arcs":[[-416,591,592]],"type":"Polygon","properties":{"GEOID":"060710020181"}},{"arcs":[[593,594,595]],"type":"Polygon","properties":{"GEOID":"060710073052"}},{"arcs":[[596,597,-478,598,599,-311]],"type":"Polygon","properties":{"GEOID":"060710073032"}},{"arcs":[[600,-294,-404,-546,601,602,603,604]],"type":"Polygon","properties":{"GEOID":"060710008201"}},{"arcs":[[-589,605,606,-558,-563,-401]],"type":"Polygon","properties":{"GEOID":"060710020131"}},{"arcs":[[-585,607,608,609]],"type":"Polygon","properties":{"GEOID":"060710022063"}},{"arcs":[[610,611,612,613,-501,614,-423,615,616]],"type":"Polygon","properties":{"GEOID":"060710022071"}},{"arcs":[[617,618,619,620,621,-607]],"type":"Polygon","properties":{"GEOID":"060710020231"}},{"arcs":[[622,623,624,-471,625,626]],"type":"Polygon","properties":{"GEOID":"060710020251"}},{"arcs":[[-620,627,628,-623,629]],"type":"Polygon","properties":{"GEOID":"060710020252"}},{"arcs":[[630,631,-473,-150,632,633]],"type":"Polygon","properties":{"GEOID":"060710020272"}},{"arcs":[[634,635,636,637]],"type":"Polygon","properties":{"GEOID":"060710020292"}},{"arcs":[[638,639,640,641,642,643,644,645]],"type":"Polygon","properties":{"GEOID":"060710026061"}},{"arcs":[[646,647,648,649]],"type":"Polygon","properties":{"GEOID":"060710035032"}},{"arcs":[[650,651,652,653,-466,654]],"type":"Polygon","properties":{"GEOID":"060710009011"}},{"arcs":[[655,-556,656,657,658,659]],"type":"Polygon","properties":{"GEOID":"060710009042"}},{"arcs":[[-554,-551,660,661,-116,-382]],"type":"Polygon","properties":{"GEOID":"060710021011"}},{"arcs":[[662,663,664,665]],"type":"Polygon","properties":{"GEOID":"060710010011"}},{"arcs":[[666,667,668,669,670]],"type":"Polygon","properties":{"GEOID":"060710104221"}},{"arcs":[[671,672,673,674]],"type":"Polygon","properties":{"GEOID":"060710108041"}},{"arcs":[[675,676,677,678]],"type":"Polygon","properties":{"GEOID":"060710046042"}},{"arcs":[[-33,679,680,681,682,683,684,685,686,687,688,689,690,691,692,693]],"type":"Polygon","properties":{"GEOID":"060710110021"}},{"arcs":[[694,695]],"type":"Polygon","properties":{"GEOID":"060710107003"}},{"arcs":[[696,697,698,699,700,701]],"type":"Polygon","properties":{"GEOID":"060710113002"}},{"arcs":[[702,703,704,705,706]],"type":"Polygon","properties":{"GEOID":"060710001031"}},{"arcs":[[707,708,709,710]],"type":"Polygon","properties":{"GEOID":"060710011042"}},{"arcs":[[711,712,713,714,715,716]],"type":"Polygon","properties":{"GEOID":"060710044011"}},{"arcs":[[-255,717,718,719,720,721,722,723,724,725,-214,-464,726,727,728,729,730,731]],"type":"Polygon","properties":{"GEOID":"060710027061"}},{"arcs":[[732,733,734,735,736]],"type":"Polygon","properties":{"GEOID":"060710087053"}},{"arcs":[[737,738,739,-503,740]],"type":"Polygon","properties":{"GEOID":"060710028013"}},{"arcs":[[741,742,743,744]],"type":"Polygon","properties":{"GEOID":"060710017021"}},{"arcs":[[745,746,747,748,749]],"type":"Polygon","properties":{"GEOID":"060710042011"}},{"arcs":[[750,751,-327,752,753,-679,754,755,756,757]],"type":"Polygon","properties":{"GEOID":"060710046015"}},{"arcs":[[758,759,760,761,762,763,764]],"type":"Polygon","properties":{"GEOID":"060710028041"}},{"arcs":[[765,766,-61,767]],"type":"Polygon","properties":{"GEOID":"060710006052"}},{"arcs":[[768,769,770,771]],"type":"Polygon","properties":{"GEOID":"060710053002"}},{"arcs":[[772,773,774,775,776,777]],"type":"Polygon","properties":{"GEOID":"060710104101"}},{"arcs":[[778,779,-68,780,781]],"type":"Polygon","properties":{"GEOID":"060710006041"}},{"arcs":[[782,783,784,785,786]],"type":"Polygon","properties":{"GEOID":"060710087081"}},{"arcs":[[787,788,789,-516]],"type":"Polygon","properties":{"GEOID":"060710033013"}},{"arcs":[[-633,-149,-306,-120,-124,-566]],"type":"Polygon","properties":{"GEOID":"060710021072"}},{"arcs":[[-763,790,-157,791,792]],"type":"Polygon","properties":{"GEOID":"060710031013"}},{"arcs":[[793,794,795,796,797]],"type":"Polygon","properties":{"GEOID":"060710093001"}},{"arcs":[[798,799,800,801,-795,802]],"type":"Polygon","properties":{"GEOID":"060710119004"}},{"arcs":[[803,804,805,806,807,808,809,810,811,812]],"type":"Polygon","properties":{"GEOID":"060710097081"}},{"arcs":[[-47,813,814,815,-375]],"type":"Polygon","properties":{"GEOID":"060710001182"}},{"arcs":[[-577,816,817,818]],"type":"Polygon","properties":{"GEOID":"060710018092"}},{"arcs":[[819,820,821,822,823,824]],"type":"Polygon","properties":{"GEOID":"060710103004"}},{"arcs":[[825,826,827,828,829,830]],"type":"Polygon","properties":{"GEOID":"060710100103"}},{"arcs":[[-459,831,-456,-448,-169]],"type":"Polygon","properties":{"GEOID":"060710038031"}},{"arcs":[[832,833,834,835,836]],"type":"Polygon","properties":{"GEOID":"060710016004"}},{"arcs":[[-533,837,838,839,840]],"type":"Polygon","properties":{"GEOID":"060710010022"}},{"arcs":[[841,-803,-794,842,843]],"type":"Polygon","properties":{"GEOID":"060710119003"}},{"arcs":[[844,845,846,847,848,849,850]],"type":"Polygon","properties":{"GEOID":"060710089012"}},{"arcs":[[851,852,853,854,855,856]],"type":"Polygon","properties":{"GEOID":"060710100101"}},{"arcs":[[857,858,859]],"type":"Polygon","properties":{"GEOID":"060710064011"}},{"arcs":[[860,-843,-798,861,862]],"type":"Polygon","properties":{"GEOID":"060710119002"}},{"arcs":[[863,864,865,866,867]],"type":"Polygon","properties":{"GEOID":"060710043012"}},{"arcs":[[868,869,870,871,872]],"type":"Polygon","properties":{"GEOID":"060710008183"}},{"arcs":[[-737,873,874]],"type":"Polygon","properties":{"GEOID":"060710087051"}},{"arcs":[[875,876,-385,877,-829]],"type":"Polygon","properties":{"GEOID":"060710100111"}},{"arcs":[[878,879,880,-386,-877]],"type":"Polygon","properties":{"GEOID":"060710100112"}},{"arcs":[[-881,881,882,883,-387]],"type":"Polygon","properties":{"GEOID":"060710100113"}},{"arcs":[[-883,884,885,886,887]],"type":"Polygon","properties":{"GEOID":"060710100121"}},{"arcs":[[888,889,890,891,-887]],"type":"Polygon","properties":{"GEOID":"060710100122"}},{"arcs":[[892,893,894,895]],"type":"Polygon","properties":{"GEOID":"060710088001"}},{"arcs":[[896,897,-784,898,899]],"type":"Polygon","properties":{"GEOID":"060710088002"}},{"arcs":[[-896,-897,900]],"type":"Polygon","properties":{"GEOID":"060710088003"}},{"arcs":[[-895,901,902,-785,-898]],"type":"Polygon","properties":{"GEOID":"060710088004"}},{"arcs":[[903,904,905,906]],"type":"Polygon","properties":{"GEOID":"060710079032"}},{"arcs":[[907,908,909,-907,910,911]],"type":"Polygon","properties":{"GEOID":"060710079033"}},{"arcs":[[-206,912,913,914]],"type":"Polygon","properties":{"GEOID":"060710071102"}},{"arcs":[[915,916,-350,917,-345,918,919,920,921,922,923,924,925,926,927,928]],"type":"Polygon","properties":{"GEOID":"060710115002"}},{"arcs":[[929,-845]],"type":"Polygon","properties":{"GEOID":"060710089011"}},{"arcs":[[930,931,932,933]],"type":"Polygon","properties":{"GEOID":"060710111011"}},{"arcs":[[934,935,-934,936,-684]],"type":"Polygon","properties":{"GEOID":"060710111012"}},{"arcs":[[937,938]],"type":"Polygon","properties":{"GEOID":"060719401001"}},{"arcs":[[939,940,941,942,943,-26,944,945,946,-37]],"type":"Polygon","properties":{"GEOID":"060710104132"}},{"arcs":[[947,948,949,950,-941,951,952,-39,953,-925]],"type":"Polygon","properties":{"GEOID":"060710104242"}},{"arcs":[[954,955,956,957,958]],"type":"Polygon","properties":{"GEOID":"060710121011"}},{"arcs":[[959,960,961,962,-808]],"type":"Polygon","properties":{"GEOID":"060710121032"}},{"arcs":[[963,964,965,966]],"type":"Polygon","properties":{"GEOID":"060710080011"}},{"arcs":[[967,-967,968,969,970,971]],"type":"Polygon","properties":{"GEOID":"060710080012"}},{"arcs":[[972,-972,973,974,975]],"type":"Polygon","properties":{"GEOID":"060710080013"}},{"arcs":[[976,-812,977,978]],"type":"Polygon","properties":{"GEOID":"060710097091"}},{"arcs":[[-978,-811,979,980]],"type":"Polygon","properties":{"GEOID":"060710097092"}},{"arcs":[[981,982,983,984,985,986]],"type":"Polygon","properties":{"GEOID":"060710087052"}},{"arcs":[[-731,987,988,989,990]],"type":"Polygon","properties":{"GEOID":"060710027031"}},{"arcs":[[991,-711,992,-529,993]],"type":"Polygon","properties":{"GEOID":"060710010012"}},{"arcs":[[994,-844,-861,995]],"type":"Polygon","properties":{"GEOID":"060710119001"}},{"arcs":[[996,997,998,999,1000,-962,1001,1002,1003,1004]],"type":"Polygon","properties":{"GEOID":"060710097082"}},{"arcs":[[1005,1006,-976,1007,1008,1009,1010,1011,1012,1013,-319]],"type":"Polygon","properties":{"GEOID":"060710078001"}},{"arcs":[[1014,1015,-324,1016,1017,1018,-366,1019]],"type":"Polygon","properties":{"GEOID":"060710083015"}},{"arcs":[[1020,1021,1022,1023,1024]],"type":"Polygon","properties":{"GEOID":"060710071041"}},{"arcs":[[1025,1026,1027,1028,1029,1030,1031,-1022,1032]],"type":"Polygon","properties":{"GEOID":"060710071051"}},{"arcs":[[1033,1034,1035,-1018,1036]],"type":"Polygon","properties":{"GEOID":"060710083011"}},{"arcs":[[1037,1038,1039,1040,-1036]],"type":"Polygon","properties":{"GEOID":"060710083012"}},{"arcs":[[1041,1042,1043,-361,-1040]],"type":"Polygon","properties":{"GEOID":"060710083021"}},{"arcs":[[1044,1045,1046,1047,1048,1049]],"type":"Polygon","properties":{"GEOID":"060710097121"}},{"arcs":[[1050,1051,1052,1053,-1047]],"type":"Polygon","properties":{"GEOID":"060710097122"}},{"arcs":[[1054,-1048,-1054,1055,1056]],"type":"Polygon","properties":{"GEOID":"060710097123"}},{"arcs":[[-957,1057,1058,1059,1060,1061]],"type":"Polygon","properties":{"GEOID":"060710097131"}},{"arcs":[[1062,1063,1064,1065]],"type":"Polygon","properties":{"GEOID":"060710071062"}},{"arcs":[[-1065,1066,1067]],"type":"Polygon","properties":{"GEOID":"060710071063"}},{"arcs":[[1068,-209,1069,1070,1071]],"type":"Polygon","properties":{"GEOID":"060710071071"}},{"arcs":[[-1044,1072,-362]],"type":"Polygon","properties":{"GEOID":"060710083022"}},{"arcs":[[-956,1073,1074,1075,-1058]],"type":"Polygon","properties":{"GEOID":"060710097132"}},{"arcs":[[-1060,1076,1077,1078]],"type":"Polygon","properties":{"GEOID":"060710097134"}},{"arcs":[[1079,-958,-1062,1080,1081,1082,1083]],"type":"Polygon","properties":{"GEOID":"060710097141"}},{"arcs":[[1084,-1081,-1061,-1079,1085,1086,1087]],"type":"Polygon","properties":{"GEOID":"060710097142"}},{"arcs":[[1088,1089,-1086]],"type":"Polygon","properties":{"GEOID":"060710097143"}},{"arcs":[[1090,1091,1092,1093,1094]],"type":"Polygon","properties":{"GEOID":"060710100213"}},{"arcs":[[1095,1096,-998,1097,-1092]],"type":"Polygon","properties":{"GEOID":"060710100221"}},{"arcs":[[1098,1099,1100,1101,1102]],"type":"Polygon","properties":{"GEOID":"060710124003"}},{"arcs":[[1103,1104,1105,-1099,1106,1107]],"type":"Polygon","properties":{"GEOID":"060710124002"}},{"arcs":[[1108,1109,1110,-676,-754]],"type":"Polygon","properties":{"GEOID":"060710046043"}},{"arcs":[[1111,1112,1113,1114,1115]],"type":"Polygon","properties":{"GEOID":"060710047005"}},{"arcs":[[1116,1117,1118,1119,1120]],"type":"Polygon","properties":{"GEOID":"060710047002"}},{"arcs":[[1121,1122,1123,1124]],"type":"Polygon","properties":{"GEOID":"060710011012"}},{"arcs":[[1125,1126,-90,1127,1128]],"type":"Polygon","properties":{"GEOID":"060710018062"}},{"arcs":[[1129,1130,1131,1132,1133]],"type":"Polygon","properties":{"GEOID":"060710013102"}},{"arcs":[[1134,1135,-1130,1136]],"type":"Polygon","properties":{"GEOID":"060710013103"}},{"arcs":[[-130,1137,1138,1139,-114]],"type":"Polygon","properties":{"GEOID":"060710015042"}},{"arcs":[[1140,1141,1142,1143,-127,-112]],"type":"Polygon","properties":{"GEOID":"060710013093"}},{"arcs":[[1144,1145,1146,1147,-648]],"type":"Polygon","properties":{"GEOID":"060710035033"}},{"arcs":[[1148,-645,1149,1150]],"type":"Polygon","properties":{"GEOID":"060710026042"}},{"arcs":[[1151,1152,1153,1154,1155]],"type":"Polygon","properties":{"GEOID":"060710045093"}},{"arcs":[[-194,1156,1157,1158]],"type":"Polygon","properties":{"GEOID":"060710125002"}},{"arcs":[[1159,1160,1161,1162,-447,1163,1164,1165,1166]],"type":"Polygon","properties":{"GEOID":"060710033023"}},{"arcs":[[1167]],"type":"Polygon","properties":{"GEOID":"060710041012"}},{"arcs":[[1168,-756,1169,1170,1171,1172]],"type":"Polygon","properties":{"GEOID":"060710041032"}},{"arcs":[[-430,1173,1174,-570,1175,1176]],"type":"Polygon","properties":{"GEOID":"060710020162"}},{"arcs":[[1177,1178,1179,-635,1180,-624]],"type":"Polygon","properties":{"GEOID":"060710020294"}},{"arcs":[[-1180,-418,-156,-636]],"type":"Polygon","properties":{"GEOID":"060710020291"}},{"arcs":[[1181,1182,1183,1184,1185,1186]],"type":"Polygon","properties":{"GEOID":"060710020351"}},{"arcs":[[-154,1187,-1183,1188,1189]],"type":"Polygon","properties":{"GEOID":"060710020311"}},{"arcs":[[-1172,1190,1191,-747]],"type":"Polygon","properties":{"GEOID":"060710042023"}},{"arcs":[[1192,-1116,1193,1194,-1191,-1171]],"type":"Polygon","properties":{"GEOID":"060710047003"}},{"arcs":[[-216,1195,1196,1197,1198,1199,1200,-865,1201,1202,1203]],"type":"Polygon","properties":{"GEOID":"060710043023"}},{"arcs":[[1204,-866,-1201,1205,1206,1207,1208,1209,-715]],"type":"Polygon","properties":{"GEOID":"060710044041"}},{"arcs":[[-1208,1210,1211,-20,1212,1213]],"type":"Polygon","properties":{"GEOID":"060710044033"}},{"arcs":[[1214,1215,1216,1217]],"type":"Polygon","properties":{"GEOID":"060710045073"}},{"arcs":[[1218,-1218,1219,1220]],"type":"Polygon","properties":{"GEOID":"060710045071"}},{"arcs":[[-688,1221,1222,1223,1224]],"type":"Polygon","properties":{"GEOID":"060710074042"}},{"arcs":[[1225,1226,1227,1228,1229,1230]],"type":"Polygon","properties":{"GEOID":"060710074101"}},{"arcs":[[1231,-786,-903,1232,1233,1234,1235]],"type":"Polygon","properties":{"GEOID":"060710087083"}},{"arcs":[[1236,-4,1237,1238,1239,-1122,1240]],"type":"Polygon","properties":{"GEOID":"060710011011"}},{"arcs":[[1241,-580,-583,1242,-91,-1127]],"type":"Polygon","properties":{"GEOID":"060710018061"}},{"arcs":[[1243,-7,1244,1245,-1141,-115,1246,-1131,-1136,1247]],"type":"Polygon","properties":{"GEOID":"060710013091"}},{"arcs":[[1248,-1133,1249,1250,1251,1252]],"type":"Polygon","properties":{"GEOID":"060710015011"}},{"arcs":[[-835,1253,-355,-131,1254,1255]],"type":"Polygon","properties":{"GEOID":"060710018132"}},{"arcs":[[-198,-359,1256,1257,1258,1259,1260,1261]],"type":"Polygon","properties":{"GEOID":"060710062041"}},{"arcs":[[-1194,-1115,1262,-1117,1263]],"type":"Polygon","properties":{"GEOID":"060710047001"}},{"arcs":[[1264,1265,1266,1267]],"type":"Polygon","properties":{"GEOID":"060710079042"}},{"arcs":[[1268,1269,-325,-1016]],"type":"Polygon","properties":{"GEOID":"060710083013"}},{"arcs":[[1270,-718,-254,1271]],"type":"Polygon","properties":{"GEOID":"060710045032"}},{"arcs":[[1272,-757,-1169,1273,1274,1275]],"type":"Polygon","properties":{"GEOID":"060710041041"}},{"arcs":[[1276,1277,1278,1279,1280]],"type":"Polygon","properties":{"GEOID":"060710021092"}},{"arcs":[[-762,1281,1282,1283,-791]],"type":"Polygon","properties":{"GEOID":"060710031022"}},{"arcs":[[1284,-18,1285,1286]],"type":"Polygon","properties":{"GEOID":"060710034043"}},{"arcs":[[1287,1288,1289,-444,1290]],"type":"Polygon","properties":{"GEOID":"060710036051"}},{"arcs":[[1291,1292,1293,-1289]],"type":"Polygon","properties":{"GEOID":"060710036052"}},{"arcs":[[1294,-171,1295,1296,-1146]],"type":"Polygon","properties":{"GEOID":"060710035053"}},{"arcs":[[-228,1297,-1292,1298]],"type":"Polygon","properties":{"GEOID":"060710036031"}},{"arcs":[[1299,1300,-480,1301]],"type":"Polygon","properties":{"GEOID":"060710076032"}},{"arcs":[[-1229,1302,-1300,1303]],"type":"Polygon","properties":{"GEOID":"060710074091"}},{"arcs":[[1304,1305,1306,1307,-212,1308,1309,1310,1311]],"type":"Polygon","properties":{"GEOID":"060710100091"}},{"arcs":[[1312,1313,1314,1315]],"type":"Polygon","properties":{"GEOID":"060710091094"}},{"arcs":[[1316,1317,1318]],"type":"Polygon","properties":{"GEOID":"060710021032"}},{"arcs":[[1319,1320,-1319,1321,-571,-568,1322,1323,1324,-662]],"type":"Polygon","properties":{"GEOID":"060710021051"}},{"arcs":[[1325,1326,1327,1328,1329,1330]],"type":"Polygon","properties":{"GEOID":"060710081001"}},{"arcs":[[-370,-491,1331]],"type":"Polygon","properties":{"GEOID":"060710086014"}},{"arcs":[[1332,1333,-787,-1232,1334,1335,1336]],"type":"Polygon","properties":{"GEOID":"060710087093"}},{"arcs":[[1337,1338,-1333,1339]],"type":"Polygon","properties":{"GEOID":"060710087103"}},{"arcs":[[-899,-783,-1334,-1339]],"type":"Polygon","properties":{"GEOID":"060710087101"}},{"arcs":[[-592,-420,1340,-628,-619,1341]],"type":"Polygon","properties":{"GEOID":"060710020182"}},{"arcs":[[1342,1343,1344,1345,-1306,1346]],"type":"Polygon","properties":{"GEOID":"060710099061"}},{"arcs":[[1347,-646,-1149,1348]],"type":"Polygon","properties":{"GEOID":"060710026044"}},{"arcs":[[-1209,-1214,1349,1350]],"type":"Polygon","properties":{"GEOID":"060710044032"}},{"arcs":[[-561,1351,-631,1352,-1174,-429]],"type":"Polygon","properties":{"GEOID":"060710020273"}},{"arcs":[[1353,1354,-815]],"type":"Polygon","properties":{"GEOID":"060710001174"}},{"arcs":[[-419,-1179,1355,-1341]],"type":"Polygon","properties":{"GEOID":"060710020192"}},{"arcs":[[-1356,-1178,-629]],"type":"Polygon","properties":{"GEOID":"060710020293"}},{"arcs":[[1356,-175,1357,-1293]],"type":"Polygon","properties":{"GEOID":"060710036092"}},{"arcs":[[1358,1359,-49,1360]],"type":"Polygon","properties":{"GEOID":"060710001095"}},{"arcs":[[-884,-888,-892,1361,1362,1363,-388]],"type":"Polygon","properties":{"GEOID":"060710100123"}},{"arcs":[[-392,-42,1364,1365,1366]],"type":"Polygon","properties":{"GEOID":"060710004014"}},{"arcs":[[1367,-1156,1368,1369,1370,1371]],"type":"Polygon","properties":{"GEOID":"060710045101"}},{"arcs":[[1372,1373,1374,1375,1376,-1216,1377,-1153]],"type":"Polygon","properties":{"GEOID":"060710045052"}},{"arcs":[[-207,-915,1378,1379,-1028,1380]],"type":"Polygon","properties":{"GEOID":"060710071101"}},{"arcs":[[1381,-313,1382,-1379,-914]],"type":"Polygon","properties":{"GEOID":"060710071103"}},{"arcs":[[1383,1384,-1226,1385]],"type":"Polygon","properties":{"GEOID":"060710074103"}},{"arcs":[[1386,1387,-745,1388,-76,1389,1390]],"type":"Polygon","properties":{"GEOID":"060710003043"}},{"arcs":[[1391,-575,-1242,-1126,-138]],"type":"Polygon","properties":{"GEOID":"060710018031"}},{"arcs":[[1392,-469,-553,-557,-656,1393,1394,1395]],"type":"Polygon","properties":{"GEOID":"060710009031"}},{"arcs":[[-1239,1396,1397,1398,-833,1399,1400,1401]],"type":"Polygon","properties":{"GEOID":"060710014002"}},{"arcs":[[1402,1403,-788,-515,-159]],"type":"Polygon","properties":{"GEOID":"060710031021"}},{"arcs":[[1404,1405,1406,1407,1408,1409]],"type":"Polygon","properties":{"GEOID":"060710040032"}},{"arcs":[[1410,1411,1412,1413]],"type":"Polygon","properties":{"GEOID":"060710029024"}},{"arcs":[[1414,1415,1416,-510]],"type":"Polygon","properties":{"GEOID":"060710034014"}},{"arcs":[[-1286,-17,-231,1417,1418,1419]],"type":"Polygon","properties":{"GEOID":"060710034052"}},{"arcs":[[-1358,-174,1420,1421,1422]],"type":"Polygon","properties":{"GEOID":"060710036091"}},{"arcs":[[-1369,-1155,1423,1424,1425]],"type":"Polygon","properties":{"GEOID":"060710045092"}},{"arcs":[[1426,-1425,-1221,1427,-329,1428,1429]],"type":"Polygon","properties":{"GEOID":"060710045072"}},{"arcs":[[-1119,1430,1431,1432,1433,1434]],"type":"Polygon","properties":{"GEOID":"060710048001"}},{"arcs":[[1435,1436,1437,1438]],"type":"Polygon","properties":{"GEOID":"060710074071"}},{"arcs":[[1439,1440,1441,-904,-910,1442]],"type":"Polygon","properties":{"GEOID":"060710079031"}},{"arcs":[[1443,1444,1445,1446,1447,1448]],"type":"Polygon","properties":{"GEOID":"060710099102"}},{"arcs":[[1449,1450,1451,1452]],"type":"Polygon","properties":{"GEOID":"060710094002"}},{"arcs":[[-830,-878,1453,1454,-854,1455]],"type":"Polygon","properties":{"GEOID":"060710100104"}},{"arcs":[[-871,1456,1457,1458,1459,-283]],"type":"Polygon","properties":{"GEOID":"060710008242"}},{"arcs":[[1460,1461,1462,-81,1463,1464,1465]],"type":"Polygon","properties":{"GEOID":"060710004033"}},{"arcs":[[1466,-266,1467,1468,1469,-97]],"type":"Polygon","properties":{"GEOID":"060710008042"}},{"arcs":[[-104,1470,1471,1472,-406]],"type":"Polygon","properties":{"GEOID":"060710008152"}},{"arcs":[[-111,1473,-603,1474,1475,1476,-1471]],"type":"Polygon","properties":{"GEOID":"060710008162"}},{"arcs":[[-728,1477,1478,1479,1480,1481]],"type":"Polygon","properties":{"GEOID":"060710027052"}},{"arcs":[[-1479,1482,1483,1484,1485]],"type":"Polygon","properties":{"GEOID":"060710027062"}},{"arcs":[[-463,-1483,-1478,-727]],"type":"Polygon","properties":{"GEOID":"060710027063"}},{"arcs":[[1486,1487,1488,1489]],"type":"Polygon","properties":{"GEOID":"060710033022"}},{"arcs":[[1490,1491,1492,1493,1494,-227,1495]],"type":"Polygon","properties":{"GEOID":"060710035091"}},{"arcs":[[1496,1497,-346,-918,-349]],"type":"Polygon","properties":{"GEOID":"060710112032"}},{"arcs":[[1498,1499,1500,1501]],"type":"Polygon","properties":{"GEOID":"060710114041"}},{"arcs":[[1502,1503,1504,1505,1506]],"type":"Polygon","properties":{"GEOID":"060710120011"}},{"arcs":[[1507,1508,1509,-1505]],"type":"Polygon","properties":{"GEOID":"060710120013"}},{"arcs":[[1510,1511,-801,1512,1513]],"type":"Polygon","properties":{"GEOID":"060710120021"}},{"arcs":[[1514,1515,-1037,-1017,-323,1516]],"type":"Polygon","properties":{"GEOID":"060710081002"}},{"arcs":[[-1370,-1426,-1427,1517]],"type":"Polygon","properties":{"GEOID":"060710045103"}},{"arcs":[[1518,-1371,-1518,-1430,1519]],"type":"Polygon","properties":{"GEOID":"060710045102"}},{"arcs":[[1520,1521,-213,-1308,1522,1523]],"type":"Polygon","properties":{"GEOID":"060710099081"}},{"arcs":[[1524,-1523,-1307,-1346]],"type":"Polygon","properties":{"GEOID":"060710099062"}},{"arcs":[[1525,1526,1527,-1444,1528,1529,1530]],"type":"Polygon","properties":{"GEOID":"060710099111"}},{"arcs":[[1531,1532,1533,1534,1535,1536,1537]],"type":"Polygon","properties":{"GEOID":"060710097171"}},{"arcs":[[1538,1539,1540,1541,1542]],"type":"Polygon","properties":{"GEOID":"060710104202"}},{"arcs":[[-824,1543,-822,1544,1545,1546,1547]],"type":"Polygon","properties":{"GEOID":"060710103002"}},{"arcs":[[-1544,-823]],"type":"Polygon","properties":{"GEOID":"060710103003"}},{"arcs":[[1548,1549,1550,1551,1552,1553]],"type":"Polygon","properties":{"GEOID":"060710104191"}},{"arcs":[[1554,1555,-1533,1556]],"type":"Polygon","properties":{"GEOID":"060710121013"}},{"arcs":[[1557,1558,1559,1560]],"type":"Polygon","properties":{"GEOID":"060710084021"}},{"arcs":[[1561,-493,1562,1563,-1559]],"type":"Polygon","properties":{"GEOID":"060710084022"}},{"arcs":[[-1560,-1564,1564,-494,1565,1566,1567]],"type":"Polygon","properties":{"GEOID":"060710084024"}},{"arcs":[[1568,1569,1570,1571,-1535]],"type":"Polygon","properties":{"GEOID":"060710097172"}},{"arcs":[[-1114,1572,1573,1574,-1431,-1118,-1263]],"type":"Polygon","properties":{"GEOID":"060710047004"}},{"arcs":[[-771,1575,1576,1577,1578]],"type":"Polygon","properties":{"GEOID":"060710054003"}},{"arcs":[[1579,1580,1581,1582]],"type":"Polygon","properties":{"GEOID":"060710098001"}},{"arcs":[[1583,1584,-1538,1585,-1580,1586,1587]],"type":"Polygon","properties":{"GEOID":"060710098002"}},{"arcs":[[1588,-1588,1589,1590]],"type":"Polygon","properties":{"GEOID":"060710098003"}},{"arcs":[[-390,1591,1592,1593]],"type":"Polygon","properties":{"GEOID":"060710100142"}},{"arcs":[[-1593,1594,1595,1596]],"type":"Polygon","properties":{"GEOID":"060710100143"}},{"arcs":[[1597,1598,-1454,-391,-1594,-1597,1599,1600,1601]],"type":"Polygon","properties":{"GEOID":"060710100151"}},{"arcs":[[1602,-1023,-1032,1603,1604]],"type":"Polygon","properties":{"GEOID":"060710071042"}},{"arcs":[[1605,1606,1607]],"type":"Polygon","properties":{"GEOID":"060710071061"}},{"arcs":[[1608,1609,-497,1610,1611]],"type":"Polygon","properties":{"GEOID":"060710084031"}},{"arcs":[[1612,-1567,1613,1614]],"type":"Polygon","properties":{"GEOID":"060710084041"}},{"arcs":[[-371,-1332,-490]],"type":"Polygon","properties":{"GEOID":"060710086011"}},{"arcs":[[1615,1616,-987,1617,-734]],"type":"Polygon","properties":{"GEOID":"060710087054"}},{"arcs":[[-1235,1618,1619,1620]],"type":"Polygon","properties":{"GEOID":"060710087082"}},{"arcs":[[-1335,-1236,-1621,1621,1622]],"type":"Polygon","properties":{"GEOID":"060710087092"}},{"arcs":[[1623,1624,-249,1625,1626]],"type":"Polygon","properties":{"GEOID":"060710091092"}},{"arcs":[[-241,1627,-246,1628,-244,1629]],"type":"Polygon","properties":{"GEOID":"060710092011"}},{"arcs":[[1630,-797,1631,-1453,1632,1633]],"type":"Polygon","properties":{"GEOID":"060710094001"}},{"arcs":[[1634,1635,1636,1637]],"type":"Polygon","properties":{"GEOID":"060710099121"}},{"arcs":[[-1636,1638,1639,1640,1641]],"type":"Polygon","properties":{"GEOID":"060710099122"}},{"arcs":[[1642,1643,1644,-1637,-1642,1645]],"type":"Polygon","properties":{"GEOID":"060710099123"}},{"arcs":[[-496,1646,1647,-1611]],"type":"Polygon","properties":{"GEOID":"060710084033"}},{"arcs":[[1648,-1590,-1587,-1583,1649]],"type":"Polygon","properties":{"GEOID":"060710098004"}},{"arcs":[[-1600,1650,1651,1652]],"type":"Polygon","properties":{"GEOID":"060710100191"}},{"arcs":[[-1596,1653,1654,1655,-1651]],"type":"Polygon","properties":{"GEOID":"060710100192"}},{"arcs":[[-1652,-1656,1656,1657,1658,1659,1660]],"type":"Polygon","properties":{"GEOID":"060710100193"}},{"arcs":[[-1094,1661,1662,1663]],"type":"Polygon","properties":{"GEOID":"060710100211"}},{"arcs":[[1664,-1661,1665,1666]],"type":"Polygon","properties":{"GEOID":"060710100232"}},{"arcs":[[-1399,1667,-1252,1668,1669,-834]],"type":"Polygon","properties":{"GEOID":"060710016001"}},{"arcs":[[-1224,1670,1671,1672,1673]],"type":"Polygon","properties":{"GEOID":"060710074041"}},{"arcs":[[1674,-1552,1675,1676]],"type":"Polygon","properties":{"GEOID":"060710104193"}},{"arcs":[[-1549,1677,1678]],"type":"Polygon","properties":{"GEOID":"060710104203"}},{"arcs":[[1679,-337,-29]],"type":"Polygon","properties":{"GEOID":"060710108033"}},{"arcs":[[-674,1680,-338,-1680,-28,1681]],"type":"Polygon","properties":{"GEOID":"060710108042"}},{"arcs":[[1682,1683,1684,1685,1686,-24,-944]],"type":"Polygon","properties":{"GEOID":"060710104133"}},{"arcs":[[-687,1687,1688,-1222]],"type":"Polygon","properties":{"GEOID":"060710074043"}},{"arcs":[[-1688,-686,1689,1690,1691,1692]],"type":"Polygon","properties":{"GEOID":"060710074044"}},{"arcs":[[-1223,-1689,-1693,1693,-1671]],"type":"Polygon","properties":{"GEOID":"060710074045"}},{"arcs":[[1694,-1609,1695,1696,1697,-1328]],"type":"Polygon","properties":{"GEOID":"060710084034"}},{"arcs":[[1698,-1280,-616,-422,1699,1700,-426,1701,-608,-584,1702,1703,1704]],"type":"Polygon","properties":{"GEOID":"060710127001"}},{"arcs":[[-421,-615,-500,1705,1706,1707,1708,1709,1710,1711,1712,1713,1714,1715,-1700]],"type":"Polygon","properties":{"GEOID":"060710022041"}},{"arcs":[[-1353,-634,-565,-1175]],"type":"Polygon","properties":{"GEOID":"060710020271"}},{"arcs":[[-1240,-1402,1716,-1123]],"type":"Polygon","properties":{"GEOID":"060710011013"}},{"arcs":[[1717,1718,-1251]],"type":"Polygon","properties":{"GEOID":"060710015031"}},{"arcs":[[1719,1720,1721]],"type":"Polygon","properties":{"GEOID":"060710008253"}},{"arcs":[[-1212,1722,1723,1724,-21]],"type":"Polygon","properties":{"GEOID":"060710066042"}},{"arcs":[[-1230,-1304,1725,1726]],"type":"Polygon","properties":{"GEOID":"060710074092"}},{"arcs":[[1727,1728,1729,1730,-1303]],"type":"Polygon","properties":{"GEOID":"060710074093"}},{"arcs":[[-1438,1731,1732,1733]],"type":"Polygon","properties":{"GEOID":"060710074073"}},{"arcs":[[-1694,-1692,1734,-1728,-1228,1735]],"type":"Polygon","properties":{"GEOID":"060710074102"}},{"arcs":[[-1733,1736,1737,1738,1739]],"type":"Polygon","properties":{"GEOID":"060710074081"}},{"arcs":[[-1739,1740,1741,1742,1743,1744]],"type":"Polygon","properties":{"GEOID":"060710074082"}},{"arcs":[[-1181,1745,1746,1747,-472,-625]],"type":"Polygon","properties":{"GEOID":"060710020352"}},{"arcs":[[-1003,1748,-702,1749,-347,1750,1751,-929,1752,-332,1753]],"type":"Polygon","properties":{"GEOID":"060710113001"}},{"arcs":[[-961,1754,1755,-697,-1749,-1002]],"type":"Polygon","properties":{"GEOID":"060710121031"}},{"arcs":[[1756,-1410,1757,1758,1759]],"type":"Polygon","properties":{"GEOID":"060710040012"}},{"arcs":[[-1310,1760,-831,-1456,-853]],"type":"Polygon","properties":{"GEOID":"060710100102"}},{"arcs":[[1761,1762,-1108,1763,1764,1765]],"type":"Polygon","properties":{"GEOID":"060710067001"}},{"arcs":[[-1724,1766,1767,-1762,1768,1769]],"type":"Polygon","properties":{"GEOID":"060710067002"}},{"arcs":[[-1769,-1766,1770,1771,1772]],"type":"Polygon","properties":{"GEOID":"060710067003"}},{"arcs":[[-1772,1773,1774,1775]],"type":"Polygon","properties":{"GEOID":"060710067004"}},{"arcs":[[-1775,1776,1777,1778,1779,-1157,-193]],"type":"Polygon","properties":{"GEOID":"060710125004"}},{"arcs":[[1780,1781,1782,-1405,1783]],"type":"Polygon","properties":{"GEOID":"060710040042"}},{"arcs":[[-1290,1784,-1781,1785,-445]],"type":"Polygon","properties":{"GEOID":"060710036061"}},{"arcs":[[-1726,-1302,-479,1786,1787]],"type":"Polygon","properties":{"GEOID":"060710076033"}},{"arcs":[[1788,-1787,-482,-316,1789]],"type":"Polygon","properties":{"GEOID":"060710076031"}},{"arcs":[[-1301,-1731,1790,-481]],"type":"Polygon","properties":{"GEOID":"060710076042"}},{"arcs":[[-1791,-1730,-912,1791,1792,-1006,-318]],"type":"Polygon","properties":{"GEOID":"060710076043"}},{"arcs":[[-1210,-1351,1793,1794]],"type":"Polygon","properties":{"GEOID":"060710044042"}},{"arcs":[[-331,1795,1796,1797,-1109,-753]],"type":"Polygon","properties":{"GEOID":"060710046034"}},{"arcs":[[-1673,1798,-1384,1799]],"type":"Polygon","properties":{"GEOID":"060710123001"}},{"arcs":[[1800,1801,-1659,1802,1803,-1663,1804,-1005,1805,1806,1807]],"type":"Polygon","properties":{"GEOID":"060710100243"}},{"arcs":[[-1546,1808,1809,1810,-667,1811,1812,1813,1814,1815,1816]],"type":"Polygon","properties":{"GEOID":"060710104021"}},{"arcs":[[1817,1818,1819,1820,-475]],"type":"Polygon","properties":{"GEOID":"060710073061"}},{"arcs":[[1821,1822,1823,1824,1825,1826]],"type":"Polygon","properties":{"GEOID":"060719802001"}},{"arcs":[[-937,-933,1827,1828,1829,1830,1831,1832,-685]],"type":"Polygon","properties":{"GEOID":"060710111014"}},{"arcs":[[1833,1834,1835,1836,-935,-683,1837]],"type":"Polygon","properties":{"GEOID":"060710110022"}},{"arcs":[[1838,1839,1840,1841,1842,-1314,1843]],"type":"Polygon","properties":{"GEOID":"060710091191"}},{"arcs":[[1844,1845,1846,1847,-1840,1848]],"type":"Polygon","properties":{"GEOID":"060710091193"}},{"arcs":[[1849,-1843,1850,-251]],"type":"Polygon","properties":{"GEOID":"060710091192"}},{"arcs":[[-461,-217,-1204,1851,-454,-832]],"type":"Polygon","properties":{"GEOID":"060710038043"}},{"arcs":[[-1448,1852,-1309,-211]],"type":"Polygon","properties":{"GEOID":"060710099101"}},{"arcs":[[1853,1854,-1683,-943]],"type":"Polygon","properties":{"GEOID":"060710104131"}},{"arcs":[[1855,1856,-335,-1681,-673]],"type":"Polygon","properties":{"GEOID":"060710108043"}},{"arcs":[[-669,1857,1858,1859,1860,1861]],"type":"Polygon","properties":{"GEOID":"060710104222"}},{"arcs":[[-235,-301,1862]],"type":"Polygon","properties":{"GEOID":"060710020372"}},{"arcs":[[-781,-71,-62,-767]],"type":"Polygon","properties":{"GEOID":"060710006062"}},{"arcs":[[-654,1863,-1320,-661,-467]],"type":"Polygon","properties":{"GEOID":"060710021012"}},{"arcs":[[-637,-155,-1190,1864,1865]],"type":"Polygon","properties":{"GEOID":"060710020313"}},{"arcs":[[1866,1867,-179,1868]],"type":"Polygon","properties":{"GEOID":"060710036111"}},{"arcs":[[-229,-1299,-1288,1869,1870]],"type":"Polygon","properties":{"GEOID":"060710036032"}},{"arcs":[[-665,1871,-992,1872]],"type":"Polygon","properties":{"GEOID":"060710010013"}},{"arcs":[[-1284,1873,-1403,-158]],"type":"Polygon","properties":{"GEOID":"060710031023"}},{"arcs":[[1874,-1784,-1757,1875]],"type":"Polygon","properties":{"GEOID":"060710040011"}},{"arcs":[[1876,-1268,1877,-905,-1442]],"type":"Polygon","properties":{"GEOID":"060710079041"}},{"arcs":[[1878,1879,1880,-1509]],"type":"Polygon","properties":{"GEOID":"060710120023"}},{"arcs":[[1881,1882,1883,-1880]],"type":"Polygon","properties":{"GEOID":"060710120024"}},{"arcs":[[1884,-527,1885,-537]],"type":"Polygon","properties":{"GEOID":"060710002032"}},{"arcs":[[-247,-1628,-240]],"type":"Polygon","properties":{"GEOID":"060710092013"}},{"arcs":[[-44,-396,1886,1887,1888,1889]],"type":"Polygon","properties":{"GEOID":"060710001071"}},{"arcs":[[1890,-408,1891,1892,-872,-282,-286,1893]],"type":"Polygon","properties":{"GEOID":"060710008173"}},{"arcs":[[1894,1895,-289,1896,-1722,1897,1898,-523,-1885,-536,1899,1900]],"type":"Polygon","properties":{"GEOID":"060710002012"}},{"arcs":[[1901,-1391,1902,1903]],"type":"Polygon","properties":{"GEOID":"060710003041"}},{"arcs":[[-1903,-1390,-75,-1463,1904]],"type":"Polygon","properties":{"GEOID":"060710003042"}},{"arcs":[[1905,1906,1907,1908,1909,1910,-1711]],"type":"Polygon","properties":{"GEOID":"060710025013"}},{"arcs":[[1911,-649,-1148,1912,1913,-224,1914]],"type":"Polygon","properties":{"GEOID":"060710035071"}},{"arcs":[[-1758,1915,1916]],"type":"Polygon","properties":{"GEOID":"060710040031"}},{"arcs":[[-188,1917,-1776,-192,-189,-182]],"type":"Polygon","properties":{"GEOID":"060710066011"}},{"arcs":[[-1202,-864,1918]],"type":"Polygon","properties":{"GEOID":"060710043013"}},{"arcs":[[-1154,-1378,-1215,-1219,-1424]],"type":"Polygon","properties":{"GEOID":"060710045091"}},{"arcs":[[-22,-1725,-1770,-1773,-1918,-187]],"type":"Polygon","properties":{"GEOID":"060710066031"}},{"arcs":[[-1064,1919,-1024,-1603,1920,-1067]],"type":"Polygon","properties":{"GEOID":"060710071043"}},{"arcs":[[1921,-1066,-1068,1922,-1608,1923,1924]],"type":"Polygon","properties":{"GEOID":"060710071064"}},{"arcs":[[-1041,-360,-1019]],"type":"Polygon","properties":{"GEOID":"060710083014"}},{"arcs":[[1925,1926,-1386,-1231,1927,-1737,-1732,-1437]],"type":"Polygon","properties":{"GEOID":"060710074072"}},{"arcs":[[-855,1928,1929,1930]],"type":"Polygon","properties":{"GEOID":"060710100161"}},{"arcs":[[1931,1932,-1096,-1091,1933]],"type":"Polygon","properties":{"GEOID":"060710100212"}},{"arcs":[[1934,1935,-1508,-1504]],"type":"Polygon","properties":{"GEOID":"060710120012"}},{"arcs":[[-118,1936,1937,-1245,-6]],"type":"Polygon","properties":{"GEOID":"060710013051"}},{"arcs":[[1938,1939,-1394,-660,1940,1941,1942]],"type":"Polygon","properties":{"GEOID":"060710008263"}},{"arcs":[[1943,1944,1945,1946]],"type":"Polygon","properties":{"GEOID":"060710013111"}},{"arcs":[[1947,-1947,1948,1949]],"type":"Polygon","properties":{"GEOID":"060710013122"}},{"arcs":[[1950,-517,-790,-1167,1951,-1910]],"type":"Polygon","properties":{"GEOID":"060710033011"}},{"arcs":[[-1147,-1297,1952,-1491,1953,-1913]],"type":"Polygon","properties":{"GEOID":"060710035072"}},{"arcs":[[1954,-1869,-178,-185,1955,-1421,-173]],"type":"Polygon","properties":{"GEOID":"060710036122"}},{"arcs":[[-677,-1111,1956,1957,1958,1959]],"type":"Polygon","properties":{"GEOID":"060710046044"}},{"arcs":[[1960,1961,1962,-1433]],"type":"Polygon","properties":{"GEOID":"060710057012"}},{"arcs":[[-1098,-997,-1805,-1662,-1093]],"type":"Polygon","properties":{"GEOID":"060710100222"}},{"arcs":[[-1779,1963,1964,-204,1965]],"type":"Polygon","properties":{"GEOID":"060710125001"}},{"arcs":[[-849,1966,-847,1967,1968,1969,-1809,-1545,-821,1970]],"type":"Polygon","properties":{"GEOID":"060710103001"}},{"arcs":[[-1158,-1780,-1966,-1069,1971]],"type":"Polygon","properties":{"GEOID":"060710125003"}},{"arcs":[[1972,-1071,1973,-1925,1974]],"type":"Polygon","properties":{"GEOID":"060710071072"}},{"arcs":[[-595,1975,1976,-1819,1977]],"type":"Polygon","properties":{"GEOID":"060710073062"}},{"arcs":[[1978,1979,-802,-1512,1980,-1882,-1879,-1936]],"type":"Polygon","properties":{"GEOID":"060710120022"}},{"arcs":[[-1417,1981,1982,1983,1984]],"type":"Polygon","properties":{"GEOID":"060710034013"}},{"arcs":[[1985,-1666,-1660,-1802,1986]],"type":"Polygon","properties":{"GEOID":"060710100231"}},{"arcs":[[1987,1988,-1095,1989]],"type":"Polygon","properties":{"GEOID":"060710100241"}},{"arcs":[[-1990,-1664,-1804,1990]],"type":"Polygon","properties":{"GEOID":"060710100242"}},{"arcs":[[1991,1992,1993,1994]],"type":"Polygon","properties":{"GEOID":"060710104152"}},{"arcs":[[1995,1996,-695,1997]],"type":"Polygon","properties":{"GEOID":"060710107001"}},{"arcs":[[-288,-280,-1943,1998,-1720,-1897]],"type":"Polygon","properties":{"GEOID":"060710008251"}},{"arcs":[[-451,-712,1999,2000]],"type":"Polygon","properties":{"GEOID":"060710039001"}},{"arcs":[[2001,-1831,2002,-927,2003,2004,2005,2006]],"type":"Polygon","properties":{"GEOID":"060710115001"}},{"arcs":[[-816,-1355,2007,2008,-376]],"type":"Polygon","properties":{"GEOID":"060710001171"}},{"arcs":[[-2009,2009,2010,2011,2012,-377]],"type":"Polygon","properties":{"GEOID":"060710001172"}},{"arcs":[[-1721,-1999,2013,-663,-1898]],"type":"Polygon","properties":{"GEOID":"060710008252"}},{"arcs":[[2014,-782,-766,2015,-83]],"type":"Polygon","properties":{"GEOID":"060710006042"}},{"arcs":[[-590,-261,2016,2017,-162,-414,-417,2018]],"type":"Polygon","properties":{"GEOID":"060710020211"}},{"arcs":[[2019,-604,-1474,-110,2020]],"type":"Polygon","properties":{"GEOID":"060710008144"}},{"arcs":[[-1563,-483,-495,-1565]],"type":"Polygon","properties":{"GEOID":"060710084023"}},{"arcs":[[-1923,-1921,-1605,2021,-1606]],"type":"Polygon","properties":{"GEOID":"060710071044"}},{"arcs":[[2022,-670,-1862,2023,2024,2025]],"type":"Polygon","properties":{"GEOID":"060710104151"}},{"arcs":[[-354,-573,-132]],"type":"Polygon","properties":{"GEOID":"060710018122"}},{"arcs":[[-407,-1473,2026,2027,-1892]],"type":"Polygon","properties":{"GEOID":"060710008171"}},{"arcs":[[2028,-900,-1338,2029]],"type":"Polygon","properties":{"GEOID":"060710087102"}},{"arcs":[[2030,-1316,-1624,2031]],"type":"Polygon","properties":{"GEOID":"060710091091"}},{"arcs":[[-1315,-1850,-250,-1625]],"type":"Polygon","properties":{"GEOID":"060710091093"}},{"arcs":[[-1629,-245]],"type":"Polygon","properties":{"GEOID":"060710092022"}},{"arcs":[[2032,-1650,-1582,2033,-1638,-1645,2034]],"type":"Polygon","properties":{"GEOID":"060710099132"}},{"arcs":[[-344,2035,-919]],"type":"Polygon","properties":{"GEOID":"060710112041"}},{"arcs":[[2036,-916,-1752]],"type":"Polygon","properties":{"GEOID":"060710112061"}},{"arcs":[[-351,-917,-2037,-1751]],"type":"Polygon","properties":{"GEOID":"060710112062"}},{"arcs":[[2037,2038,-1982]],"type":"Polygon","properties":{"GEOID":"060710034033"}},{"arcs":[[-1614,-1566,-1610,-1695,-1327]],"type":"Polygon","properties":{"GEOID":"060710084042"}},{"arcs":[[-368,2039,-2007,2040,2041,2042,2043,-485,-492]],"type":"Polygon","properties":{"GEOID":"060710086022"}},{"arcs":[[2044,-435,-441,-549,2045,-431,-1177,-1317,-1321,-1864,-653]],"type":"Polygon","properties":{"GEOID":"060710008123"}},{"arcs":[[2046,-1253,-1668,-1398,2047]],"type":"Polygon","properties":{"GEOID":"060710015012"}},{"arcs":[[2048,-1124,-1717,-1401,2049,2050,2051,2052,-742,-1388,2053]],"type":"Polygon","properties":{"GEOID":"060710016003"}},{"arcs":[[-1400,-837,2054,-2050]],"type":"Polygon","properties":{"GEOID":"060710016005"}},{"arcs":[[2055,2056,-1907]],"type":"Polygon","properties":{"GEOID":"060710025014"}},{"arcs":[[2057,2058,2059,2060,2061]],"type":"Polygon","properties":{"GEOID":"060710004012"}},{"arcs":[[-2062,2062,-1367,2063,-703,2064]],"type":"Polygon","properties":{"GEOID":"060710004013"}},{"arcs":[[2065,2066,2067,-1464]],"type":"Polygon","properties":{"GEOID":"060710004032"}},{"arcs":[[-2055,-836,-1256,2068,2069]],"type":"Polygon","properties":{"GEOID":"060710017061"}},{"arcs":[[-2051,-2070,2070,2071]],"type":"Polygon","properties":{"GEOID":"060710017062"}},{"arcs":[[-2053,2072,2073,-743]],"type":"Polygon","properties":{"GEOID":"060710017063"}},{"arcs":[[-2074,2074,2075,2076,2077]],"type":"Polygon","properties":{"GEOID":"060710017073"}},{"arcs":[[-2071,2078,2079,-2076]],"type":"Polygon","properties":{"GEOID":"060710017072"}},{"arcs":[[-2069,-1255,-135,2080,-2079]],"type":"Polygon","properties":{"GEOID":"060710017071"}},{"arcs":[[-2080,2081,2082,2083]],"type":"Polygon","properties":{"GEOID":"060710017041"}},{"arcs":[[-1389,-744,-2078,2084,-77]],"type":"Polygon","properties":{"GEOID":"060710017022"}},{"arcs":[[2085,2086,2087,2088,-1713]],"type":"Polygon","properties":{"GEOID":"060710026021"}},{"arcs":[[2089,2090,2091,-2087]],"type":"Polygon","properties":{"GEOID":"060710026022"}},{"arcs":[[-2088,-2092,2092,-1348,2093,2094,2095]],"type":"Polygon","properties":{"GEOID":"060710026023"}},{"arcs":[[-2089,-2096,2096,-1714]],"type":"Polygon","properties":{"GEOID":"060710026024"}},{"arcs":[[-2097,-2095,2097,2098,-1715]],"type":"Polygon","properties":{"GEOID":"060710026041"}},{"arcs":[[-2094,-1349,-1151,2099,-2098]],"type":"Polygon","properties":{"GEOID":"060710026043"}},{"arcs":[[-1274,-1173,-746,2100,2101]],"type":"Polygon","properties":{"GEOID":"060710041033"}},{"arcs":[[-80,2102,-2066]],"type":"Polygon","properties":{"GEOID":"060710004031"}},{"arcs":[[2103,-85,-86,-339,2104]],"type":"Polygon","properties":{"GEOID":"060710005011"}},{"arcs":[[2105,2106,-106,-780,2107]],"type":"Polygon","properties":{"GEOID":"060710017032"}},{"arcs":[[2108,2109,2110,-2107]],"type":"Polygon","properties":{"GEOID":"060710017033"}},{"arcs":[[2111,2112,-107,-2111]],"type":"Polygon","properties":{"GEOID":"060710017034"}},{"arcs":[[2113,-639,-2093,-2091]],"type":"Polygon","properties":{"GEOID":"060710026062"}},{"arcs":[[2114,2115,2116,-641]],"type":"Polygon","properties":{"GEOID":"060710026063"}},{"arcs":[[-989,2117,2118,2119]],"type":"Polygon","properties":{"GEOID":"060710027033"}},{"arcs":[[-990,-2120,2120]],"type":"Polygon","properties":{"GEOID":"060710027032"}},{"arcs":[[2121,-1490,2122,-1160,-789]],"type":"Polygon","properties":{"GEOID":"060710033024"}},{"arcs":[[-1489,2123,-1161,-2123]],"type":"Polygon","properties":{"GEOID":"060710033021"}},{"arcs":[[2124,2125,2126,2127,2128,2129]],"type":"Polygon","properties":{"GEOID":"060710034011"}},{"arcs":[[-2128,-1287,-1420,-1415,2130,-1412]],"type":"Polygon","properties":{"GEOID":"060710034012"}},{"arcs":[[2131,2132,2133,2134,2135,-719,-1271]],"type":"Polygon","properties":{"GEOID":"060710045031"}},{"arcs":[[2136,-341,-393,-2063]],"type":"Polygon","properties":{"GEOID":"060710005032"}},{"arcs":[[2137,-143,-139,-1129,2138,2139,2140,-2112,-2110,2141]],"type":"Polygon","properties":{"GEOID":"060710018041"}},{"arcs":[[2142,2143,-2140]],"type":"Polygon","properties":{"GEOID":"060710018042"}},{"arcs":[[-578,-819,2144,-581]],"type":"Polygon","properties":{"GEOID":"060710018083"}},{"arcs":[[2145,2146,2147,-817,-576]],"type":"Polygon","properties":{"GEOID":"060710018091"}},{"arcs":[[2148,2149,2150,-2147]],"type":"Polygon","properties":{"GEOID":"060710018093"}},{"arcs":[[-1481,2151,2152]],"type":"Polygon","properties":{"GEOID":"060710027051"}},{"arcs":[[-1418,-230,-1871,2153,2154]],"type":"Polygon","properties":{"GEOID":"060710034053"}},{"arcs":[[2155,2156,2157,2158,-721,2159]],"type":"Polygon","properties":{"GEOID":"060710046011"}},{"arcs":[[-2157,2160,2161,-751,2162]],"type":"Polygon","properties":{"GEOID":"060710046012"}},{"arcs":[[-84,-2016,-768,-60,-87]],"type":"Polygon","properties":{"GEOID":"060710006051"}},{"arcs":[[-265,-295,-601,-1468]],"type":"Polygon","properties":{"GEOID":"060710008041"}},{"arcs":[[-1470,2163,-2021,-109,-102,-98]],"type":"Polygon","properties":{"GEOID":"060710008142"}},{"arcs":[[-605,-2020,-2164,-1469]],"type":"Polygon","properties":{"GEOID":"060710008141"}},{"arcs":[[-748,-1192,-1195,-1264,2164,2165]],"type":"Polygon","properties":{"GEOID":"060710042021"}},{"arcs":[[-2165,-1121,2166,2167]],"type":"Polygon","properties":{"GEOID":"060710042022"}},{"arcs":[[-2167,2168,2169,-1198]],"type":"Polygon","properties":{"GEOID":"060710043021"}},{"arcs":[[-2170,2170,2171,-1199]],"type":"Polygon","properties":{"GEOID":"060710043022"}},{"arcs":[[-1477,2172,2173,-1472]],"type":"Polygon","properties":{"GEOID":"060710008163"}},{"arcs":[[-1476,2174,2175,2176,-2173]],"type":"Polygon","properties":{"GEOID":"060710008161"}},{"arcs":[[-1203,-1919,-868,-713,-450,-455,-1852]],"type":"Polygon","properties":{"GEOID":"060710043011"}},{"arcs":[[-716,-1795,2177,2178,2179]],"type":"Polygon","properties":{"GEOID":"060710044012"}},{"arcs":[[-2178,2180,-180,-176,-1868,2181]],"type":"Polygon","properties":{"GEOID":"060710044013"}},{"arcs":[[-550,-223,2182,-2175,-1475,-602]],"type":"Polygon","properties":{"GEOID":"060710008202"}},{"arcs":[[-2183,-222,-442,-433,2183,-2176]],"type":"Polygon","properties":{"GEOID":"060710008203"}},{"arcs":[[-438,2184,2185,2186]],"type":"Polygon","properties":{"GEOID":"060710008082"}},{"arcs":[[-1794,-1350,-1213,-19,-186,-2181]],"type":"Polygon","properties":{"GEOID":"060710044031"}},{"arcs":[[2187,2188,2189,-1374]],"type":"Polygon","properties":{"GEOID":"060710045051"}},{"arcs":[[-2190,2190,2191,-1375]],"type":"Polygon","properties":{"GEOID":"060710045053"}},{"arcs":[[2192,2193,2194,2195,-232,2196,-12]],"type":"Polygon","properties":{"GEOID":"060710020371"}},{"arcs":[[-2163,-758,2197,-2158]],"type":"Polygon","properties":{"GEOID":"060710046013"}},{"arcs":[[-1520,-1429,-328,-752,-2162]],"type":"Polygon","properties":{"GEOID":"060710046014"}},{"arcs":[[2198,2199,2200,-1797]],"type":"Polygon","properties":{"GEOID":"060710046032"}},{"arcs":[[-1354,-814,-46,-2010,-2008]],"type":"Polygon","properties":{"GEOID":"060710001173"}},{"arcs":[[-437,2201,-651,-2185]],"type":"Polygon","properties":{"GEOID":"060710008083"}},{"arcs":[[-2045,-652,-2202,-436]],"type":"Polygon","properties":{"GEOID":"060710008084"}},{"arcs":[[-2028,2202,-873,-1893]],"type":"Polygon","properties":{"GEOID":"060710008172"}},{"arcs":[[-2174,2203,-869,-2203,-2027]],"type":"Polygon","properties":{"GEOID":"060710008181"}},{"arcs":[[-2177,-2184,-439,2204,-2204]],"type":"Polygon","properties":{"GEOID":"060710008184"}},{"arcs":[[-1419,-2155,-2038,-1416]],"type":"Polygon","properties":{"GEOID":"060710034051"}},{"arcs":[[-1984,2205,-1162,2206]],"type":"Polygon","properties":{"GEOID":"060710034031"}},{"arcs":[[-2012,2207,2208,2209,2210]],"type":"Polygon","properties":{"GEOID":"060710001081"}},{"arcs":[[2211,2212,-1361,2213,-2209]],"type":"Polygon","properties":{"GEOID":"060710001082"}},{"arcs":[[-2214,-53,2214,-2210]],"type":"Polygon","properties":{"GEOID":"060710001083"}},{"arcs":[[-1889,2215,-1359,-2213]],"type":"Polygon","properties":{"GEOID":"060710001091"}},{"arcs":[[-1888,2216,2217,-2216]],"type":"Polygon","properties":{"GEOID":"060710001092"}},{"arcs":[[-2205,-2187,-1457,-870]],"type":"Polygon","properties":{"GEOID":"060710008182"}},{"arcs":[[-1460,2218,2219,2220,-1939,-279,2221]],"type":"Polygon","properties":{"GEOID":"060710008231"}},{"arcs":[[-1459,2222,2223,-2219]],"type":"Polygon","properties":{"GEOID":"060710008243"}},{"arcs":[[-2224,-1396,2224,-2220]],"type":"Polygon","properties":{"GEOID":"060710008244"}},{"arcs":[[-2225,-1395,-1940,-2221]],"type":"Polygon","properties":{"GEOID":"060710008241"}},{"arcs":[[-1703,-587,2225,-271,2226,-2150]],"type":"Polygon","properties":{"GEOID":"060710022061"}},{"arcs":[[-586,-610,-272,-2226]],"type":"Polygon","properties":{"GEOID":"060710022062"}},{"arcs":[[-1983,-2039,-2154,-1870,-1291,-443,-1163,-2206]],"type":"Polygon","properties":{"GEOID":"060710034032"}},{"arcs":[[-2218,2227,2228,2229,2230,-50,-1360]],"type":"Polygon","properties":{"GEOID":"060710001094"}},{"arcs":[[-1942,2231,2232,-2014]],"type":"Polygon","properties":{"GEOID":"060710008262"}},{"arcs":[[-1941,-659,2233,-2232]],"type":"Polygon","properties":{"GEOID":"060710008261"}},{"arcs":[[-402,-564,2234,-547]],"type":"Polygon","properties":{"GEOID":"060710008121"}},{"arcs":[[-548,-2235,-432,-2046]],"type":"Polygon","properties":{"GEOID":"060710008122"}},{"arcs":[[-555,-384,2235,-657]],"type":"Polygon","properties":{"GEOID":"060710009041"}},{"arcs":[[-303,2236,-1707,2237]],"type":"Polygon","properties":{"GEOID":"060710022043"}},{"arcs":[[-2152,2238,2239,2240]],"type":"Polygon","properties":{"GEOID":"060710027054"}},{"arcs":[[-1480,-1486,2241,-2239]],"type":"Polygon","properties":{"GEOID":"060710027053"}},{"arcs":[[2242,2243,-741,-502,2244]],"type":"Polygon","properties":{"GEOID":"060710028011"}},{"arcs":[[-507,2245,2246,2247]],"type":"Polygon","properties":{"GEOID":"060710028033"}},{"arcs":[[-506,2248,2249,-2246]],"type":"Polygon","properties":{"GEOID":"060710028032"}},{"arcs":[[-2247,-2250,2250,2251,2252,2253]],"type":"Polygon","properties":{"GEOID":"060710028031"}},{"arcs":[[-2253,2254,-759,2255]],"type":"Polygon","properties":{"GEOID":"060710028043"}},{"arcs":[[-2252,2256,-760,-2255]],"type":"Polygon","properties":{"GEOID":"060710028042"}},{"arcs":[[2257,2258,2259,-739]],"type":"Polygon","properties":{"GEOID":"060710029011"}},{"arcs":[[-1296,-170,-453,2260,-1492,-1953]],"type":"Polygon","properties":{"GEOID":"060710035092"}},{"arcs":[[-2240,-2242,2261,-1145,-647,2262]],"type":"Polygon","properties":{"GEOID":"060710035031"}},{"arcs":[[-1485,2263,2264,-1295,-2262]],"type":"Polygon","properties":{"GEOID":"060710035063"}},{"arcs":[[-1484,-465,2265,2266,-2264]],"type":"Polygon","properties":{"GEOID":"060710035062"}},{"arcs":[[-2267,2267,-167,-2265]],"type":"Polygon","properties":{"GEOID":"060710035061"}},{"arcs":[[-2266,-460,-168,-2268]],"type":"Polygon","properties":{"GEOID":"060710035052"}},{"arcs":[[2268,-56,2269,2270,2271]],"type":"Polygon","properties":{"GEOID":"060710001151"}},{"arcs":[[-1458,-2186,-655,-1393,-2223]],"type":"Polygon","properties":{"GEOID":"060710009012"}},{"arcs":[[-530,-993,2272,-1241,2273,-838,-532]],"type":"Polygon","properties":{"GEOID":"060710010021"}},{"arcs":[[-2234,2274,2275,2276]],"type":"Polygon","properties":{"GEOID":"060710011032"}},{"arcs":[[-2276,-413,-1,-709,2277]],"type":"Polygon","properties":{"GEOID":"060710011031"}},{"arcs":[[2278,-2263,-650,-1912,2279,2280,2281,2282,2283,2284,2285]],"type":"Polygon","properties":{"GEOID":"060710023061"}},{"arcs":[[-2260,2286,2287,-1414,2288,2289,2290,-504,-740]],"type":"Polygon","properties":{"GEOID":"060710029012"}},{"arcs":[[-2290,2291,-513,2292,2293]],"type":"Polygon","properties":{"GEOID":"060710029013"}},{"arcs":[[2294,-2130,2295,-2287,-2259]],"type":"Polygon","properties":{"GEOID":"060710029021"}},{"arcs":[[-2296,-2129,-1411,-2288]],"type":"Polygon","properties":{"GEOID":"060710029022"}},{"arcs":[[-1413,-2131,-509,-2292,-2289]],"type":"Polygon","properties":{"GEOID":"060710029025"}},{"arcs":[[-2291,-2294,2296,2297]],"type":"Polygon","properties":{"GEOID":"060710030001"}},{"arcs":[[-1495,2298,2299,-172,-1357,-1298]],"type":"Polygon","properties":{"GEOID":"060710036071"}},{"arcs":[[2300,2301,-2182,-1867,-1955,-2300]],"type":"Polygon","properties":{"GEOID":"060710036072"}},{"arcs":[[-1962,2302,2303,2304,2305,2306,2307,-1101,2308]],"type":"Polygon","properties":{"GEOID":"060710057011"}},{"arcs":[[2309,2310,2311,2312,2313,2314,-2304,2315]],"type":"Polygon","properties":{"GEOID":"060710058001"}},{"arcs":[[2316,2317,-1900,-535]],"type":"Polygon","properties":{"GEOID":"060710002011"}},{"arcs":[[2318,-1901,-2318]],"type":"Polygon","properties":{"GEOID":"060710002013"}},{"arcs":[[2319,2320,2321,2322,2323]],"type":"Polygon","properties":{"GEOID":"060710002073"}},{"arcs":[[-1899,-666,-1873,-994,-528,-524]],"type":"Polygon","properties":{"GEOID":"060710002052"}},{"arcs":[[2324,-1886,-526,-534,-841,2325,2326,2327,2328]],"type":"Polygon","properties":{"GEOID":"060710002081"}},{"arcs":[[-2233,-2277,-2278,-708,-1872,-664]],"type":"Polygon","properties":{"GEOID":"060710011041"}},{"arcs":[[-2236,2329,2330,2331,-410,2332]],"type":"Polygon","properties":{"GEOID":"060710012001"}},{"arcs":[[-2332,-1137,-1134,-1249,-2047,2333,-411]],"type":"Polygon","properties":{"GEOID":"060710012002"}},{"arcs":[[-658,-2333,-409,-2275]],"type":"Polygon","properties":{"GEOID":"060710012004"}},{"arcs":[[-383,-8,-1244,2334,-2330]],"type":"Polygon","properties":{"GEOID":"060710013104"}},{"arcs":[[-2285,2335,2336]],"type":"Polygon","properties":{"GEOID":"060710023062"}},{"arcs":[[2337,-2282,2338,-2125,-2295,2339]],"type":"Polygon","properties":{"GEOID":"060710023072"}},{"arcs":[[-2281,2340,-2126,-2339]],"type":"Polygon","properties":{"GEOID":"060710023071"}},{"arcs":[[-505,-2298,-1282,-761,-2257,-2251,-2249]],"type":"Polygon","properties":{"GEOID":"060710030002"}},{"arcs":[[-1294,-1423,-1782,-1785]],"type":"Polygon","properties":{"GEOID":"060710036062"}},{"arcs":[[-2261,-452,-2001,2341,2342,-1493]],"type":"Polygon","properties":{"GEOID":"060710037001"}},{"arcs":[[-2343,2343,2344,-2301,-2299,-1494]],"type":"Polygon","properties":{"GEOID":"060710037002"}},{"arcs":[[-2315,2345,-2305]],"type":"Polygon","properties":{"GEOID":"060710058003"}},{"arcs":[[2346,-276,-538,-2325,2347,-2320]],"type":"Polygon","properties":{"GEOID":"060710002071"}},{"arcs":[[-2348,-2329,2348,2349,-2321]],"type":"Polygon","properties":{"GEOID":"060710002072"}},{"arcs":[[2350,2351,-1142,-1246,-1938]],"type":"Polygon","properties":{"GEOID":"060710013082"}},{"arcs":[[2352,-1950,2353,-2351,-1937]],"type":"Polygon","properties":{"GEOID":"060710013081"}},{"arcs":[[-1325,2354,-2353,-117]],"type":"Polygon","properties":{"GEOID":"060710013072"}},{"arcs":[[2355,2356,-1906,-1710]],"type":"Polygon","properties":{"GEOID":"060710025011"}},{"arcs":[[2357,2358,2359,-2056,-2357]],"type":"Polygon","properties":{"GEOID":"060710025012"}},{"arcs":[[2360,-792,-161,-514,2361]],"type":"Polygon","properties":{"GEOID":"060710031011"}},{"arcs":[[-2342,-2000,-717,-2180,2362,-2344]],"type":"Polygon","properties":{"GEOID":"060710039002"}},{"arcs":[[-2363,-2179,-2302,-2345]],"type":"Polygon","properties":{"GEOID":"060710039003"}},{"arcs":[[-1407,2363,-1956,-184,-191,-1159,-1972,-1072,-1973,2364]],"type":"Polygon","properties":{"GEOID":"060710040041"}},{"arcs":[[2365,2366,2367,2368,2369,-200,-1577]],"type":"Polygon","properties":{"GEOID":"060710063011"}},{"arcs":[[-201,-2370,2370,2371,-858,2372,2373]],"type":"Polygon","properties":{"GEOID":"060710063013"}},{"arcs":[[2374,2375,2376,2377,2378,2379,-2367]],"type":"Polygon","properties":{"GEOID":"060710063014"}},{"arcs":[[-1465,2380,-2059,2381]],"type":"Polygon","properties":{"GEOID":"060710004011"}},{"arcs":[[-1324,2382,-1948,-2355]],"type":"Polygon","properties":{"GEOID":"060710013121"}},{"arcs":[[-412,-2334,-2048,-1397,-1238,-3]],"type":"Polygon","properties":{"GEOID":"060710014001"}},{"arcs":[[2383,2384,2385,2386,2387,2388]],"type":"Polygon","properties":{"GEOID":"060710052001"}},{"arcs":[[-2388,2389,2390,-2375,-2366,2391,2392]],"type":"Polygon","properties":{"GEOID":"060710052002"}},{"arcs":[[2393,2394,-2393,-769,2395,2396]],"type":"Polygon","properties":{"GEOID":"060710052003"}},{"arcs":[[2397,2398,2399,-2389,-2395,-1958]],"type":"Polygon","properties":{"GEOID":"060710052004"}},{"arcs":[[-2392,-1576,-770]],"type":"Polygon","properties":{"GEOID":"060710053001"}},{"arcs":[[-2396,-772,2400,2401]],"type":"Polygon","properties":{"GEOID":"060710053003"}},{"arcs":[[-2397,-2402,2402,2403]],"type":"Polygon","properties":{"GEOID":"060710053004"}},{"arcs":[[-2394,-2404,2404,-1959]],"type":"Polygon","properties":{"GEOID":"060710053005"}},{"arcs":[[-2405,-2403,-2401,-1579,2405,2406]],"type":"Polygon","properties":{"GEOID":"060710054001"}},{"arcs":[[-2406,2407,2408,2409,-1113,2410]],"type":"Polygon","properties":{"GEOID":"060710054002"}},{"arcs":[[-1578,-203,2411,2412,-2408]],"type":"Polygon","properties":{"GEOID":"060710054004"}},{"arcs":[[2413,2414,-40,2415]],"type":"Polygon","properties":{"GEOID":"060710001042"}},{"arcs":[[-2314,2416,-2306,-2346]],"type":"Polygon","properties":{"GEOID":"060710058002"}},{"arcs":[[2417,-859,-2372,2418,2419,2420,2421,2422,2423,-2312]],"type":"Polygon","properties":{"GEOID":"060710064012"}},{"arcs":[[2424,2425,2426,2427,-2422]],"type":"Polygon","properties":{"GEOID":"060710064021"}},{"arcs":[[2428,-1365,-41,-2415]],"type":"Polygon","properties":{"GEOID":"060710001043"}},{"arcs":[[2429,2430,-199,2431,-2386]],"type":"Polygon","properties":{"GEOID":"060710062011"}},{"arcs":[[-2387,-2432,-1262,2432,-2390]],"type":"Polygon","properties":{"GEOID":"060710062012"}},{"arcs":[[-2433,-1261,2433,-2376,-2391]],"type":"Polygon","properties":{"GEOID":"060710062013"}},{"arcs":[[-1260,-2377,-2434]],"type":"Polygon","properties":{"GEOID":"060710062042"}},{"arcs":[[2434,-706,2435,-2416,-48,-374]],"type":"Polygon","properties":{"GEOID":"060710001041"}},{"arcs":[[-1890,-2212,-2208,-2011,-45]],"type":"Polygon","properties":{"GEOID":"060710001051"}},{"arcs":[[-755,-678,-1960,-2407,-2411,-1112,-1193,-1170]],"type":"Polygon","properties":{"GEOID":"060710046041"}},{"arcs":[[-705,2436,-2436]],"type":"Polygon","properties":{"GEOID":"060710001032"}},{"arcs":[[-704,-2064,-1366,-2429,-2414,-2437]],"type":"Polygon","properties":{"GEOID":"060710001033"}},{"arcs":[[-1857,2437,2438,-31,-336]],"type":"Polygon","properties":{"GEOID":"060710108034"}},{"arcs":[[2439,-35,-953]],"type":"Polygon","properties":{"GEOID":"060710104171"}},{"arcs":[[-940,-36,-2440,-952]],"type":"Polygon","properties":{"GEOID":"060710104173"}},{"arcs":[[2440,-1828,-932]],"type":"Polygon","properties":{"GEOID":"060710111013"}},{"arcs":[[-1967,-848]],"type":"Polygon","properties":{"GEOID":"060710250001"}},{"arcs":[[-1998,-696,-1997,2441,2442]],"type":"Polygon","properties":{"GEOID":"060710107002"}},{"arcs":[[2443,2444,-342,-1498]],"type":"Polygon","properties":{"GEOID":"060710112043"}},{"arcs":[[-2335,-1248,-1135,-2331]],"type":"Polygon","properties":{"GEOID":"060710013101"}},{"arcs":[[-867,-1205,-714]],"type":"Polygon","properties":{"GEOID":"060710044043"}},{"arcs":[[-379,2445,2446,2447]],"type":"Polygon","properties":{"GEOID":"060710001111"}},{"arcs":[[-2085,2448,2449,2450,-540]],"type":"Polygon","properties":{"GEOID":"060710017023"}},{"arcs":[[-1132,-1247,-1140,2451,-1718,-1250]],"type":"Polygon","properties":{"GEOID":"060710015032"}},{"arcs":[[2452,2453,-1275,-2102,2454,-725]],"type":"Polygon","properties":{"GEOID":"060710041031"}},{"arcs":[[-1120,-1435,2455,-2171,-2169]],"type":"Polygon","properties":{"GEOID":"060710048002"}},{"arcs":[[2456,2457,2458,2459,2460,2461,2462,2463,2464,2465,2466]],"type":"Polygon","properties":{"GEOID":"060710117001"}},{"arcs":[[-1056,-1053,2467,-805,2468,2469]],"type":"Polygon","properties":{"GEOID":"060710097124"}},{"arcs":[[2470,-1543,2471,-774,2472]],"type":"Polygon","properties":{"GEOID":"060710104102"}},{"arcs":[[-1719,-2452,-1139,2473,-128,-1144,2474,-1705,2475,-1669]],"type":"Polygon","properties":{"GEOID":"060710016002"}},{"arcs":[[-710,-5,-1237,-2273]],"type":"Polygon","properties":{"GEOID":"060710011043"}},{"arcs":[[-701,2476,2477,2478,2479,-2444,-1497,-348,-1750]],"type":"Polygon","properties":{"GEOID":"060710112031"}},{"arcs":[[-2341,-2280,-1915,-15,-1285,-2127]],"type":"Polygon","properties":{"GEOID":"060710034042"}},{"arcs":[[-2201,2480,-2398,-1957,-1110,-1798]],"type":"Polygon","properties":{"GEOID":"060710046031"}},{"arcs":[[2481,-1102,-2308,2482,-1382,-913,-205,2483]],"type":"Polygon","properties":{"GEOID":"060710124001"}},{"arcs":[[-1004,-1754,-334,2484,-1829,-2441,-931,-936,-1837,2485,-1806]],"type":"Polygon","properties":{"GEOID":"060710111021"}},{"arcs":[[2486,-1547,-1817,2487,2488,2489,2490]],"type":"Polygon","properties":{"GEOID":"060710104241"}},{"arcs":[[2491,2492,-1266]],"type":"Polygon","properties":{"GEOID":"060710079043"}},{"arcs":[[-2485,-333,-1753,-928,-2003,-1830]],"type":"Polygon","properties":{"GEOID":"060710111022"}},{"arcs":[[-2442,-1996,2493,2494,-939,2495,2496]],"type":"Polygon","properties":{"GEOID":"060710251002"}},{"arcs":[[-1969,2497,-2494,-2443,-2497,2498,2499]],"type":"Polygon","properties":{"GEOID":"060710251001"}},{"arcs":[[-1542,2500,-1550,-1679,2501,2502]],"type":"Polygon","properties":{"GEOID":"060710104201"}},{"arcs":[[2503,2504,2505,2506,2507]],"type":"Polygon","properties":{"GEOID":"060710109041"}},{"arcs":[[-1833,2508,-2492,2509,2510,2511,2512,-1690]],"type":"Polygon","properties":{"GEOID":"060710079062"}},{"arcs":[[2513,-2506,2514,2515,2516,2517]],"type":"Polygon","properties":{"GEOID":"060710109042"}},{"arcs":[[2518,2519,2520,-2504,2521]],"type":"Polygon","properties":{"GEOID":"060710109031"}},{"arcs":[[2522,2523,2524,2525]],"type":"Polygon","properties":{"GEOID":"060710108062"}},{"arcs":[[2526,-2523,2527]],"type":"Polygon","properties":{"GEOID":"060710108063"}},{"arcs":[[2528,2529,-1834,2530,2531,2532]],"type":"Polygon","properties":{"GEOID":"060710109061"}},{"arcs":[[-693,2533,2534,2535,-2191,-2189]],"type":"Polygon","properties":{"GEOID":"060710061013"}},{"arcs":[[-2465,2536,-959,-1080,2537,2538,2539,-1555,2540]],"type":"Polygon","properties":{"GEOID":"060710121014"}},{"arcs":[[2541,2542,-1844,-1313,2543]],"type":"Polygon","properties":{"GEOID":"060710091231"}},{"arcs":[[2544,-1601,-1653,-1665,2545,2546,2547,2548]],"type":"Polygon","properties":{"GEOID":"060710100301"}},{"arcs":[[2549,-2549,2550]],"type":"Polygon","properties":{"GEOID":"060710100311"}},{"arcs":[[2551,2552,2553,2554]],"type":"Polygon","properties":{"GEOID":"060710100342"}},{"arcs":[[2555,2556,-2547,2557,2558,2559]],"type":"Polygon","properties":{"GEOID":"060710100411"}},{"arcs":[[2560,2561,2562,2563,-2552,2564]],"type":"Polygon","properties":{"GEOID":"060710100421"}},{"arcs":[[2565,2566,-2032,-1627,2567,2568,2569]],"type":"Polygon","properties":{"GEOID":"060710091202"}},{"arcs":[[-2025,2570,-1992,2571]],"type":"Polygon","properties":{"GEOID":"060710104153"}},{"arcs":[[-856,-1931,-1602,-2545,-2550,2572]],"type":"Polygon","properties":{"GEOID":"060710100163"}},{"arcs":[[2573,-1859,2574,2575,2576]],"type":"Polygon","properties":{"GEOID":"060710104333"}},{"arcs":[[2577,-857,-2573,2578,2579,-2561]],"type":"Polygon","properties":{"GEOID":"060710100162"}},{"arcs":[[2580,-1598,-1930]],"type":"Polygon","properties":{"GEOID":"060710100153"}},{"arcs":[[2581,-1933,2582]],"type":"Polygon","properties":{"GEOID":"060710100282"}},{"arcs":[[-2502,-1678,-1554,2583,2584]],"type":"Polygon","properties":{"GEOID":"060710104192"}},{"arcs":[[2585,2586,2587]],"type":"Polygon","properties":{"GEOID":"060710104302"}},{"arcs":[[-1312,2588,-1847]],"type":"Polygon","properties":{"GEOID":"060710100092"}},{"arcs":[[2589,2590,2591,2592,-2359]],"type":"Polygon","properties":{"GEOID":"060710025041"}},{"arcs":[[2593,-827,2594]],"type":"Polygon","properties":{"GEOID":"060710100352"}},{"arcs":[[2595,2596,2597,2598,2599,-885,-882,-880,2600,2601]],"type":"Polygon","properties":{"GEOID":"060710100371"}},{"arcs":[[-1640,2602,2603,2604,2605,2606]],"type":"Polygon","properties":{"GEOID":"060710100372"}},{"arcs":[[-2534,-692,2607,2608,2609,2610,2611]],"type":"Polygon","properties":{"GEOID":"060710061023"}},{"arcs":[[2612,2613,2614,2615]],"type":"Polygon","properties":{"GEOID":"060710091281"}},{"arcs":[[2616,2617,-2384,-2400,2618]],"type":"Polygon","properties":{"GEOID":"060710051013"}},{"arcs":[[-2536,2619,2620,-2430,2621,2622]],"type":"Polygon","properties":{"GEOID":"060710051011"}},{"arcs":[[2623,2624,2625,2626,2627,2628]],"type":"Polygon","properties":{"GEOID":"060710091261"}},{"arcs":[[2629,2630,2631,2632]],"type":"Polygon","properties":{"GEOID":"060710091313"}},{"arcs":[[2633,2634,2635,2636]],"type":"Polygon","properties":{"GEOID":"060710091393"}},{"arcs":[[2637,2638,2639,-1305,-1846,2640]],"type":"Polygon","properties":{"GEOID":"060710091353"}},{"arcs":[[2641,2642]],"type":"Polygon","properties":{"GEOID":"060710091371"}},{"arcs":[[2643,2644,-1526,2645,2646]],"type":"Polygon","properties":{"GEOID":"060710091381"}},{"arcs":[[2647,2648,2649,2650]],"type":"Polygon","properties":{"GEOID":"060710091252"}},{"arcs":[[2651,2652,2653,2654]],"type":"Polygon","properties":{"GEOID":"060710091241"}},{"arcs":[[2655,2656,2657]],"type":"Polygon","properties":{"GEOID":"060710087163"}},{"arcs":[[2658,2659,2660,2661,-1616,2662,-2043]],"type":"Polygon","properties":{"GEOID":"060710087154"}},{"arcs":[[-486,-2044,-2663,-733,-875,2663,2664,-1647]],"type":"Polygon","properties":{"GEOID":"060710087153"}},{"arcs":[[2665,2666,2667,-985]],"type":"Polygon","properties":{"GEOID":"060710087132"}},{"arcs":[[2668,2669,-611,2670]],"type":"Polygon","properties":{"GEOID":"060710020473"}},{"arcs":[[-2322,2671,2672,2673]],"type":"Polygon","properties":{"GEOID":"060710003053"}},{"arcs":[[2674,2675,-58,2676,2677]],"type":"Polygon","properties":{"GEOID":"060710001201"}},{"arcs":[[2678,2679,2680,2681]],"type":"Polygon","properties":{"GEOID":"060710001222"}},{"arcs":[[-2541,-1557,-1532,-1585,2682,2683,-2466]],"type":"Polygon","properties":{"GEOID":"060710121012"}},{"arcs":[[-1510,-1881,-1884,2684,-1514,2685,-1506]],"type":"Polygon","properties":{"GEOID":"060710120014"}},{"arcs":[[2686,2687,2688,-1633]],"type":"Polygon","properties":{"GEOID":"060710095022"}},{"arcs":[[-796,-1980,2689,2690,-1450,-1632]],"type":"Polygon","properties":{"GEOID":"060710094003"}},{"arcs":[[2691,-2270,2692,2693,2694]],"type":"Polygon","properties":{"GEOID":"060710001214"}},{"arcs":[[2695,2696,2697,-2461]],"type":"Polygon","properties":{"GEOID":"060710118022"}},{"arcs":[[2698,2699,2700,2701]],"type":"Polygon","properties":{"GEOID":"060710116011"}},{"arcs":[[2702,-2675,2703]],"type":"Polygon","properties":{"GEOID":"060710001202"}},{"arcs":[[2704,2705,-2699,2706]],"type":"Polygon","properties":{"GEOID":"060710116012"}},{"arcs":[[-1556,-2540,2707,2708,-1534]],"type":"Polygon","properties":{"GEOID":"060710097221"}},{"arcs":[[-2691,2709,2710,-1451]],"type":"Polygon","properties":{"GEOID":"060710095011"}},{"arcs":[[2711,-1082,-1085,2712]],"type":"Polygon","properties":{"GEOID":"060710097272"}},{"arcs":[[-2538,-1084,2713,2714]],"type":"Polygon","properties":{"GEOID":"060710097261"}},{"arcs":[[-2626,2715,2716,2717,2718]],"type":"Polygon","properties":{"GEOID":"060710099162"}},{"arcs":[[2719,-2719,2720,2721,2722,2723]],"type":"Polygon","properties":{"GEOID":"060710099182"}},{"arcs":[[2724,2725,2726,2727,-2624,2728,-1823]],"type":"Polygon","properties":{"GEOID":"060710091262"}},{"arcs":[[2729,2730,2731,2732]],"type":"Polygon","properties":{"GEOID":"060710100401"}},{"arcs":[[2733,2734,-1570,2735]],"type":"Polygon","properties":{"GEOID":"060710097231"}},{"arcs":[[2736,2737,2738,2739,2740,2741,-1362,-891]],"type":"Polygon","properties":{"GEOID":"060710097182"}},{"arcs":[[-2735,2742,2743,2744,2745,2746,2747]],"type":"Polygon","properties":{"GEOID":"060710097241"}},{"arcs":[[2748,2749,2750,2751,-979,-981,2752,-2740,2753]],"type":"Polygon","properties":{"GEOID":"060710097191"}},{"arcs":[[-1826,2754,2755]],"type":"Polygon","properties":{"GEOID":"060710091311"}},{"arcs":[[2756,2757,2758,-1643,2759,-1445,-1528]],"type":"Polygon","properties":{"GEOID":"060710099141"}},{"arcs":[[-1853,-1447,2760,-2606,2761,-2595,-826,-1761]],"type":"Polygon","properties":{"GEOID":"060710100361"}},{"arcs":[[2762,2763,2764,2765,-2745]],"type":"Polygon","properties":{"GEOID":"060710097242"}},{"arcs":[[-2628,2766,2767,-2614]],"type":"Polygon","properties":{"GEOID":"060710091273"}},{"arcs":[[2768,2769,2770,-2603,-1639,-1635]],"type":"Polygon","properties":{"GEOID":"060710099131"}},{"arcs":[[-1059,-1076,2771,-1051,2772,-1077]],"type":"Polygon","properties":{"GEOID":"060710097133"}},{"arcs":[[2773,-1524,-1525,-1345]],"type":"Polygon","properties":{"GEOID":"060710099063"}},{"arcs":[[2774,2775,2776,2777]],"type":"Polygon","properties":{"GEOID":"060710097201"}},{"arcs":[[2778,-813,-977,-2752]],"type":"Polygon","properties":{"GEOID":"060710097093"}},{"arcs":[[2779,2780,-2758,2781]],"type":"Polygon","properties":{"GEOID":"060710099142"}},{"arcs":[[-1697,2782,2783]],"type":"Polygon","properties":{"GEOID":"060710082011"}},{"arcs":[[-2510,-1265,-1877,-1441,2784]],"type":"Polygon","properties":{"GEOID":"060710079061"}},{"arcs":[[-2507,-2514,2785]],"type":"Polygon","properties":{"GEOID":"060710109043"}},{"arcs":[[-2516,2786,2787,2788,-2533,2789,2790]],"type":"Polygon","properties":{"GEOID":"060710109032"}},{"arcs":[[-2520,2791,2792,-2788,2793]],"type":"Polygon","properties":{"GEOID":"060710109053"}},{"arcs":[[-2554,2794,-1808,2795,-2522,-2508,-2786,-2518,2796,-2438,-1856,-672,2797,-2528,-2526,2798,-34,-694,-2188,-1373,-1152,-1368,2799,-2132,-1272,-253]],"type":"Polygon","properties":{"GEOID":"060710108051"}},{"arcs":[[2800,-2789,-2793]],"type":"Polygon","properties":{"GEOID":"060710109052"}},{"arcs":[[-2525,2801,-1682,-27,-2799]],"type":"Polygon","properties":{"GEOID":"060710108052"}},{"arcs":[[-2798,-675,-2802,-2524,-2527]],"type":"Polygon","properties":{"GEOID":"060710108061"}},{"arcs":[[-1658,2802,2803,-1988,-1991,-1803]],"type":"Polygon","properties":{"GEOID":"060710100321"}},{"arcs":[[-2133,-2800,-1372,-1519,-2161,-2156,2804,2805,2806]],"type":"Polygon","properties":{"GEOID":"060710045121"}},{"arcs":[[-2741,-2753,2807,-999,2808,2809]],"type":"Polygon","properties":{"GEOID":"060710097192"}},{"arcs":[[-2608,-691,2810,2811,2812,2813]],"type":"Polygon","properties":{"GEOID":"060710074111"}},{"arcs":[[2814,2815,-2544,-2031,-2567]],"type":"Polygon","properties":{"GEOID":"060710091232"}},{"arcs":[[2816,2817,2818,-2542,-2816,2819]],"type":"Polygon","properties":{"GEOID":"060710091222"}},{"arcs":[[2820,2821,2822,2823]],"type":"Polygon","properties":{"GEOID":"060710104261"}},{"arcs":[[-2551,-2548,-2557,2824,-2579]],"type":"Polygon","properties":{"GEOID":"060710100312"}},{"arcs":[[2825,-2754,-2739]],"type":"Polygon","properties":{"GEOID":"060710097181"}},{"arcs":[[-2553,-2564,2826,2827,-2559,2828,-1987,-1801,-2795]],"type":"Polygon","properties":{"GEOID":"060710100343"}},{"arcs":[[-2568,-1626,-248,-238,2829]],"type":"Polygon","properties":{"GEOID":"060710091211"}},{"arcs":[[2830,-2560,-2828,2831]],"type":"Polygon","properties":{"GEOID":"060710100413"}},{"arcs":[[-2832,-2827,-2563]],"type":"Polygon","properties":{"GEOID":"060710100422"}},{"arcs":[[-2580,-2825,-2556,-2831,-2562]],"type":"Polygon","properties":{"GEOID":"060710100412"}},{"arcs":[[-2024,2832,-1993,-2571]],"type":"Polygon","properties":{"GEOID":"060710104154"}},{"arcs":[[2833,2834,-2820,-2815,-2566,2835]],"type":"Polygon","properties":{"GEOID":"060710091201"}},{"arcs":[[2836,-2576,-2821,2837,-1994]],"type":"Polygon","properties":{"GEOID":"060710104341"}},{"arcs":[[-1861,2838,-2577,-2837,-2833]],"type":"Polygon","properties":{"GEOID":"060710104331"}},{"arcs":[[-1860,-2574,-2839]],"type":"Polygon","properties":{"GEOID":"060710104332"}},{"arcs":[[-1455,-1599,-2581,-1929]],"type":"Polygon","properties":{"GEOID":"060710100152"}},{"arcs":[[-894,2839,2840,2841,2842,-1233,-902]],"type":"Polygon","properties":{"GEOID":"060710087121"}},{"arcs":[[-2823,2843,2844,2845,2846]],"type":"Polygon","properties":{"GEOID":"060710104251"}},{"arcs":[[2847,2848,2849,2850,2851,2852,2853]],"type":"Polygon","properties":{"GEOID":"060710023152"}},{"arcs":[[-1858,-668,-1811,2854,-2844,-2822,-2575]],"type":"Polygon","properties":{"GEOID":"060710104262"}},{"arcs":[[-2569,-2830,-237,2855]],"type":"Polygon","properties":{"GEOID":"060710091212"}},{"arcs":[[-153,-165,2856,2857,2858,2859,-1188]],"type":"Polygon","properties":{"GEOID":"060710020441"}},{"arcs":[[2860,2861,2862,2863,-2859]],"type":"Polygon","properties":{"GEOID":"060710020442"}},{"arcs":[[-164,2864,2865,2866,2867,2868,2869,2870,-2857]],"type":"Polygon","properties":{"GEOID":"060710020412"}},{"arcs":[[-2488,-1816,2871,2872]],"type":"Polygon","properties":{"GEOID":"060710104362"}},{"arcs":[[-2489,-2873,2873,2874,2875]],"type":"Polygon","properties":{"GEOID":"060710104361"}},{"arcs":[[2876,2877,2878,-1684,-1855,2879]],"type":"Polygon","properties":{"GEOID":"060710104271"}},{"arcs":[[2880,-777,2881,-2877,-950]],"type":"Polygon","properties":{"GEOID":"060710104281"}},{"arcs":[[-2447,2882,-51,-2231,2883,-2682,2884,2885]],"type":"Polygon","properties":{"GEOID":"060710001221"}},{"arcs":[[-1810,-1970,-2500,2886,-2845,-2855]],"type":"Polygon","properties":{"GEOID":"060710104252"}},{"arcs":[[-257,2887,2888,2889,2890]],"type":"Polygon","properties":{"GEOID":"060710020401"}},{"arcs":[[2891,2892,2893,-2854,2894,2895,-2195]],"type":"Polygon","properties":{"GEOID":"060710023142"}},{"arcs":[[2896,2897,2898,2899,-2850]],"type":"Polygon","properties":{"GEOID":"060710027081"}},{"arcs":[[2900,-2898]],"type":"Polygon","properties":{"GEOID":"060710027082"}},{"arcs":[[-2880,-1854,-942,-951]],"type":"Polygon","properties":{"GEOID":"060710104272"}},{"arcs":[[-809,-963,-1001,2901]],"type":"Polygon","properties":{"GEOID":"060710097084"}},{"arcs":[[-2490,2902,-948,-924,2903,-1756]],"type":"Polygon","properties":{"GEOID":"060710104243"}},{"arcs":[[-1807,-2486,-1836,2904,-2529,-2801,-2792,-2519,-2796]],"type":"Polygon","properties":{"GEOID":"060710109051"}},{"arcs":[[-2530,-2905,-1835]],"type":"Polygon","properties":{"GEOID":"060710109062"}},{"arcs":[[2905,2906,2907,-806,-2468,-1052,-2772,-1075]],"type":"Polygon","properties":{"GEOID":"060710121051"}},{"arcs":[[2908,-2491,-1755,-960,-807,-2908]],"type":"Polygon","properties":{"GEOID":"060710121061"}},{"arcs":[[-1500,2909,-922,2910]],"type":"Polygon","properties":{"GEOID":"060710114044"}},{"arcs":[[2911,-2809,-1097,-2582]],"type":"Polygon","properties":{"GEOID":"060710100292"}},{"arcs":[[-1595,-1592,-389,-1364,2912,-2583,2913]],"type":"Polygon","properties":{"GEOID":"060710100281"}},{"arcs":[[-1363,-2742,-2810,-2912,-2913]],"type":"Polygon","properties":{"GEOID":"060710100291"}},{"arcs":[[-2584,-1553,-1675,2914]],"type":"Polygon","properties":{"GEOID":"060710104194"}},{"arcs":[[-1841,-1848,-2589,-1311,-852,-2578,2915]],"type":"Polygon","properties":{"GEOID":"060710100093"}},{"arcs":[[2916,2917,-2586,2918,-1686]],"type":"Polygon","properties":{"GEOID":"060710104292"}},{"arcs":[[-2762,2919,2920,-828,-2594]],"type":"Polygon","properties":{"GEOID":"060710100351"}},{"arcs":[[-2605,2921,-2602,2922,-2920]],"type":"Polygon","properties":{"GEOID":"060710100382"}},{"arcs":[[-775,-2472,-2503,2923,2924]],"type":"Polygon","properties":{"GEOID":"060710104283"}},{"arcs":[[-2558,-2546,-1667,-1986,-2829]],"type":"Polygon","properties":{"GEOID":"060710100233"}},{"arcs":[[2925,-1049,-1055,2926,-2775,-2765]],"type":"Polygon","properties":{"GEOID":"060710097211"}},{"arcs":[[-2927,-1057,-2470,2927,-2776]],"type":"Polygon","properties":{"GEOID":"060710097212"}},{"arcs":[[-1657,-1655,2928,2929,-2803]],"type":"Polygon","properties":{"GEOID":"060710100323"}},{"arcs":[[-2923,-2601,-879,-876,-2921]],"type":"Polygon","properties":{"GEOID":"060710100381"}},{"arcs":[[-2851,-2900,2930,2931,2932]],"type":"Polygon","properties":{"GEOID":"060710023081"}},{"arcs":[[2933,2934,2935,2936,2937]],"type":"Polygon","properties":{"GEOID":"060710023112"}},{"arcs":[[2938,-1934,-1989,-2804,-2930]],"type":"Polygon","properties":{"GEOID":"060710100322"}},{"arcs":[[-2914,-1932,-2939,-2929,-1654]],"type":"Polygon","properties":{"GEOID":"060710100331"}},{"arcs":[[-2511,-2785,-1440,2939]],"type":"Polygon","properties":{"GEOID":"060710079053"}},{"arcs":[[-2512,-2940,-1443,-909,2940]],"type":"Polygon","properties":{"GEOID":"060710079052"}},{"arcs":[[-1691,-2513,-2941,-908,-1729,-1735]],"type":"Polygon","properties":{"GEOID":"060710079051"}},{"arcs":[[-1009,-1517,-326,-1270,2941]],"type":"Polygon","properties":{"GEOID":"060710078003"}},{"arcs":[[2942,-1010,-2942,-1269,-1015,2943,2944]],"type":"Polygon","properties":{"GEOID":"060710078004"}},{"arcs":[[2945,2946,2947,2948,2949,-2651,2950,2951,2952]],"type":"Polygon","properties":{"GEOID":"060710091331"}},{"arcs":[[2953,2954,2955,-2648,-2950]],"type":"Polygon","properties":{"GEOID":"060710091301"}},{"arcs":[[2956,2957,-2955]],"type":"Polygon","properties":{"GEOID":"060710091302"}},{"arcs":[[2958,2959,2960,-2957,-2954,-2949]],"type":"Polygon","properties":{"GEOID":"060710091291"}},{"arcs":[[2961,2962,2963,2964,-2960]],"type":"Polygon","properties":{"GEOID":"060710091293"}},{"arcs":[[2965,2966,2967,-2962,-2959,-2948]],"type":"Polygon","properties":{"GEOID":"060710091292"}},{"arcs":[[-1799,-1672,-1736,-1227,-1385]],"type":"Polygon","properties":{"GEOID":"060710074104"}},{"arcs":[[2968,2969,-2946,2970]],"type":"Polygon","properties":{"GEOID":"060710091333"}},{"arcs":[[-2812,2971,2972,-357]],"type":"Polygon","properties":{"GEOID":"060710074123"}},{"arcs":[[-2973,2973,-1926,-1436,-1257,-358]],"type":"Polygon","properties":{"GEOID":"060710074122"}},{"arcs":[[2974,-689,-1225,-1674,-1800,-1927,-2974]],"type":"Polygon","properties":{"GEOID":"060710074121"}},{"arcs":[[-2811,-690,-2975,-2972]],"type":"Polygon","properties":{"GEOID":"060710074124"}},{"arcs":[[2975,2976,-2426,2977]],"type":"Polygon","properties":{"GEOID":"060710064023"}},{"arcs":[[2978,2979,-1740,-1745,-2976,2980]],"type":"Polygon","properties":{"GEOID":"060710063041"}},{"arcs":[[-1259,2981,-2979,2982,-2378]],"type":"Polygon","properties":{"GEOID":"060710063043"}},{"arcs":[[-1258,-1439,-1734,-2980,-2982]],"type":"Polygon","properties":{"GEOID":"060710063042"}},{"arcs":[[-2952,2983,-2817,-2835]],"type":"Polygon","properties":{"GEOID":"060710091221"}},{"arcs":[[2984,-2755,-1825,2985,-2967,2986]],"type":"Polygon","properties":{"GEOID":"060710091322"}},{"arcs":[[-2632,2987,-2987,-2966,-2947,-2970]],"type":"Polygon","properties":{"GEOID":"060710091321"}},{"arcs":[[-2535,-2612,2988,-2620]],"type":"Polygon","properties":{"GEOID":"060710061012"}},{"arcs":[[-2989,-2611,2989,-195,-2431,-2621]],"type":"Polygon","properties":{"GEOID":"060710061011"}},{"arcs":[[-2610,2990,-2813,-356,-196,-2990]],"type":"Polygon","properties":{"GEOID":"060710061022"}},{"arcs":[[-2814,-2991,-2609]],"type":"Polygon","properties":{"GEOID":"060710061021"}},{"arcs":[[2991,-2964,2992,-2616,2993,-2644,2994,-2653]],"type":"Polygon","properties":{"GEOID":"060710091282"}},{"arcs":[[-2615,-2768,2995,2996,-2645,-2994]],"type":"Polygon","properties":{"GEOID":"060710091271"}},{"arcs":[[2997,2998,-2622,-2385,-2618]],"type":"Polygon","properties":{"GEOID":"060710051012"}},{"arcs":[[-850,-1971,-820,2999,-799,-842,-995,3000,3001]],"type":"Polygon","properties":{"GEOID":"060710116021"}},{"arcs":[[-2986,-1824,-2729,-2629,-2613,-2993,-2963,-2968]],"type":"Polygon","properties":{"GEOID":"060710091263"}},{"arcs":[[3002,-2701,3003,-2467,-2684,3004,-2725,-1822,3005,-2630,3006,-2971,-2953,-2834,3007]],"type":"Polygon","properties":{"GEOID":"060710091341"}},{"arcs":[[-3001,-996,-863,-2459,3008,-2707,-2702,-3003,3009]],"type":"Polygon","properties":{"GEOID":"060710116022"}},{"arcs":[[-3006,-1827,-2756,-2985,-2988,-2631]],"type":"Polygon","properties":{"GEOID":"060710091312"}},{"arcs":[[-2819,3010,-1849,-1839,-2543]],"type":"Polygon","properties":{"GEOID":"060710091194"}},{"arcs":[[3011,-2636,3012,-1343,3013,-2642,3014]],"type":"Polygon","properties":{"GEOID":"060710091372"}},{"arcs":[[3015,-2641,-1845,-3011,-2818]],"type":"Polygon","properties":{"GEOID":"060710091352"}},{"arcs":[[-2951,-2650,3016,3017,-2638,-3016,-2984]],"type":"Polygon","properties":{"GEOID":"060710091361"}},{"arcs":[[3018,-3015,-2643,-3014,-1347,-2640]],"type":"Polygon","properties":{"GEOID":"060710091351"}},{"arcs":[[-2646,-1531,3019,-3013,-2635]],"type":"Polygon","properties":{"GEOID":"060710091382"}},{"arcs":[[3020,3021,-2637,-3012,3022]],"type":"Polygon","properties":{"GEOID":"060710091392"}},{"arcs":[[-2876,3023,-778,-2881,-949,-2903]],"type":"Polygon","properties":{"GEOID":"060710104352"}},{"arcs":[[-2463,3024,-2686,-1513,-800,-3000,-825,-1548,-2487,-2909,-2907,3025]],"type":"Polygon","properties":{"GEOID":"060710121062"}},{"arcs":[[-2904,-923,-2910,-1499,3026,-698]],"type":"Polygon","properties":{"GEOID":"060710114043"}},{"arcs":[[3027,-2654,3028,-3021,3029,-2639,-3018]],"type":"Polygon","properties":{"GEOID":"060710091363"}},{"arcs":[[-3007,-2633,-2969]],"type":"Polygon","properties":{"GEOID":"060710091332"}},{"arcs":[[-2956,-2958,3030,-2655,-3028,-3017,-2649]],"type":"Polygon","properties":{"GEOID":"060710091251"}},{"arcs":[[-2961,-2965,-2992,-2652,-3031]],"type":"Polygon","properties":{"GEOID":"060710091242"}},{"arcs":[[3031,-2658,3032,-2659,-2042]],"type":"Polygon","properties":{"GEOID":"060710087151"}},{"arcs":[[-3033,-2657,3033,3034,-2660]],"type":"Polygon","properties":{"GEOID":"060710087162"}},{"arcs":[[-2661,-3035,3035,-2840,-893,-901,-2029,3036,-983,3037]],"type":"Polygon","properties":{"GEOID":"060710087161"}},{"arcs":[[-984,-3037,-2030,3038,-2666]],"type":"Polygon","properties":{"GEOID":"060710087133"}},{"arcs":[[-1618,-986,-2668,3039,3040,3041,-735]],"type":"Polygon","properties":{"GEOID":"060710087131"}},{"arcs":[[-2843,3042,3043,-1619,-1234]],"type":"Polygon","properties":{"GEOID":"060710087122"}},{"arcs":[[3044,-1648,-2665,3045,3046,3047,3048]],"type":"Polygon","properties":{"GEOID":"060710085011"}},{"arcs":[[3049,3050,3051,3052,3053,3054,-364]],"type":"Polygon","properties":{"GEOID":"060710085022"}},{"arcs":[[3055,-373,-489,3056,3057,-965,3058]],"type":"Polygon","properties":{"GEOID":"060710084061"}},{"arcs":[[-1330,3059,3060,3061,-1038,-1035]],"type":"Polygon","properties":{"GEOID":"060710082013"}},{"arcs":[[3062,-2783,-1696,-1612,-3045,3063,3064,-3061]],"type":"Polygon","properties":{"GEOID":"060710082021"}},{"arcs":[[3065,-1331,-1034,-1516]],"type":"Polygon","properties":{"GEOID":"060710081003"}},{"arcs":[[-3023,-3019,-3030]],"type":"Polygon","properties":{"GEOID":"060710091362"}},{"arcs":[[3066,3067,3068,3069]],"type":"Polygon","properties":{"GEOID":"060710080033"}},{"arcs":[[-970,3070,-3070,3071,3072]],"type":"Polygon","properties":{"GEOID":"060710080032"}},{"arcs":[[-2995,-2647,-2634,-3022,-3029]],"type":"Polygon","properties":{"GEOID":"060710091391"}},{"arcs":[[-1742,3073,3074,3075]],"type":"Polygon","properties":{"GEOID":"060710076053"}},{"arcs":[[-2427,3076,3077,3078,-1790,-315,3079]],"type":"Polygon","properties":{"GEOID":"060710076062"}},{"arcs":[[-1744,3080,-3077,-2977]],"type":"Polygon","properties":{"GEOID":"060710076051"}},{"arcs":[[-1793,3081,-3059,-964,-968,-973,-1007]],"type":"Polygon","properties":{"GEOID":"060710080014"}},{"arcs":[[3082,-2248,-2254,-2256,-765,3083,3084]],"type":"Polygon","properties":{"GEOID":"060710024061"}},{"arcs":[[3085,3086,-2358,3087]],"type":"Polygon","properties":{"GEOID":"060710024033"}},{"arcs":[[3088,-3088,-2356,-1709]],"type":"Polygon","properties":{"GEOID":"060710024032"}},{"arcs":[[3089,3090,3091,3092]],"type":"Polygon","properties":{"GEOID":"060710024042"}},{"arcs":[[3093,-3093,3094,-2237]],"type":"Polygon","properties":{"GEOID":"060710024041"}},{"arcs":[[3095,3096,3097,-2892,-2194,3098,-2868]],"type":"Polygon","properties":{"GEOID":"060710020411"}},{"arcs":[[-726,-2455,-2101,-750,3099,-1196,-215]],"type":"Polygon","properties":{"GEOID":"060710042013"}},{"arcs":[[3100,-2484,-1965,3101]],"type":"Polygon","properties":{"GEOID":"060710070023"}},{"arcs":[[-1764,-1107,-1103,3102,3103]],"type":"Polygon","properties":{"GEOID":"060710070012"}},{"arcs":[[-2888,-256,-732,-991,-2121,-2119,3104,3105,-2153,-2241,-2279,3106,-2899,-2901,-2897,3107]],"type":"Polygon","properties":{"GEOID":"060710027091"}},{"arcs":[[-723,3108,3109,3110],[-1168]],"type":"Polygon","properties":{"GEOID":"060710041013"}},{"arcs":[[3111,3112,3113,3114,-3041]],"type":"Polygon","properties":{"GEOID":"060710087142"}},{"arcs":[[-3039,-1340,-1337,-3112,-3040,-2667]],"type":"Polygon","properties":{"GEOID":"060710087141"}},{"arcs":[[3115,3116,3117,3118]],"type":"Polygon","properties":{"GEOID":"060710073072"}},{"arcs":[[3119,3120,-2945,3121,-3116,-1820,-1977]],"type":"Polygon","properties":{"GEOID":"060710073064"}},{"arcs":[[3122,-322,3123,3124]],"type":"Polygon","properties":{"GEOID":"060710065011"}},{"arcs":[[-2423,3125,-3123,3126]],"type":"Polygon","properties":{"GEOID":"060710065022"}},{"arcs":[[-2428,-3080,-314,-3126]],"type":"Polygon","properties":{"GEOID":"060710065021"}},{"arcs":[[-2369,3127,-2419,-2371]],"type":"Polygon","properties":{"GEOID":"060710063033"}},{"arcs":[[-2379,-2983,-2981,3128,3129]],"type":"Polygon","properties":{"GEOID":"060710063031"}},{"arcs":[[3130,3131,3132,-1575]],"type":"Polygon","properties":{"GEOID":"060710056013"}},{"arcs":[[-2875,3133,-2473,-773,-3024]],"type":"Polygon","properties":{"GEOID":"060710104353"}},{"arcs":[[3134,-1813,3135,3136,-2501,-1541]],"type":"Polygon","properties":{"GEOID":"060710104313"}},{"arcs":[[-1812,-671,-2023,3137,-3136]],"type":"Polygon","properties":{"GEOID":"060710104312"}},{"arcs":[[3138,3139,-2477,-700]],"type":"Polygon","properties":{"GEOID":"060710114061"}},{"arcs":[[-2677,-57,-2269,3140,3141]],"type":"Polygon","properties":{"GEOID":"060710001153"}},{"arcs":[[-2874,-2872,-1815,3142,-1539,-2471,-3134]],"type":"Polygon","properties":{"GEOID":"060710104351"}},{"arcs":[[3143,-3142,3144,-2680]],"type":"Polygon","properties":{"GEOID":"060710001211"}},{"arcs":[[3145,3146,-2310,3147]],"type":"Polygon","properties":{"GEOID":"060710056022"}},{"arcs":[[-1073,-1043,3148,-3064,-3049,3149,-3050,-363]],"type":"Polygon","properties":{"GEOID":"060710085012"}},{"arcs":[[3150,3151,3152,3153]],"type":"Polygon","properties":{"GEOID":"060710084052"}},{"arcs":[[-3152,3154,-3057,-488,-1562,-1558,3155]],"type":"Polygon","properties":{"GEOID":"060710084062"}},{"arcs":[[-3058,-3155,-3151,3156]],"type":"Polygon","properties":{"GEOID":"060710084051"}},{"arcs":[[-3118,3157,3158,3159]],"type":"Polygon","properties":{"GEOID":"060710073073"}},{"arcs":[[-1011,-2943,-3121,3160]],"type":"Polygon","properties":{"GEOID":"060710073063"}},{"arcs":[[3161,-3161,-3120,-1976,-594,3162]],"type":"Polygon","properties":{"GEOID":"060710073053"}},{"arcs":[[3163,-3163,-596,-1978,-1818,-474,-598]],"type":"Polygon","properties":{"GEOID":"060710073051"}},{"arcs":[[3164,-3124,-321,3165,3166,3167,-597,-310,-2483]],"type":"Polygon","properties":{"GEOID":"060710072022"}},{"arcs":[[3168,3169,-1012,-3162,-3164,-3168]],"type":"Polygon","properties":{"GEOID":"060710072011"}},{"arcs":[[3170,-1013,-3170,3171]],"type":"Polygon","properties":{"GEOID":"060710072012"}},{"arcs":[[3172,-3172,-3169,-3167]],"type":"Polygon","properties":{"GEOID":"060710072021"}},{"arcs":[[-1376,-2192,-2623,-2999,3173,3174]],"type":"Polygon","properties":{"GEOID":"060710051022"}},{"arcs":[[-1220,-1217,-1377,-3175,3175,3176,-2199,-1796,-330,-1428]],"type":"Polygon","properties":{"GEOID":"060710051021"}},{"arcs":[[-1200,-2172,3177,3178,-1104,-1763,-1768,3179,-1206]],"type":"Polygon","properties":{"GEOID":"060710049022"}},{"arcs":[[-599,-477,3180,-3159,3181,3182]],"type":"Polygon","properties":{"GEOID":"060710073081"}},{"arcs":[[-208,-1381,-1027,3183]],"type":"Polygon","properties":{"GEOID":"060710071122"}},{"arcs":[[-1974,3184,-1033,-1021,3185,-1063,-1922]],"type":"Polygon","properties":{"GEOID":"060710071111"}},{"arcs":[[-320,-1014,-3171,-3173,-3166]],"type":"Polygon","properties":{"GEOID":"060710072023"}},{"arcs":[[-3038,-982,-1617,-2662]],"type":"Polygon","properties":{"GEOID":"060710087152"}},{"arcs":[[3186,-1105,-3179]],"type":"Polygon","properties":{"GEOID":"060710049011"}},{"arcs":[[-2456,-1434,-1963,-2309,-1100,-1106,-3187,-3178]],"type":"Polygon","properties":{"GEOID":"060710049012"}},{"arcs":[[-1025,-1920,-3186]],"type":"Polygon","properties":{"GEOID":"060710071112"}},{"arcs":[[-1774,-1771,-1765,-3104,3187,3188,-1777]],"type":"Polygon","properties":{"GEOID":"060710070021"}},{"arcs":[[-2368,-2380,-3130,3189,-2420,-3128]],"type":"Polygon","properties":{"GEOID":"060710063032"}},{"arcs":[[3190,-2805,-2160,-720,-2136]],"type":"Polygon","properties":{"GEOID":"060710045112"}},{"arcs":[[3191,-2806,-3191,-2135]],"type":"Polygon","properties":{"GEOID":"060710045111"}},{"arcs":[[-3111,3192,3193,-2453,-724]],"type":"Polygon","properties":{"GEOID":"060710041043"}},{"arcs":[[-1422,-2364,-1406,-1783]],"type":"Polygon","properties":{"GEOID":"060710040043"}},{"arcs":[[3194,-860,-2418,-2311,-3147]],"type":"Polygon","properties":{"GEOID":"060710056021"}},{"arcs":[[3195,3196,3197,-3131,-1574]],"type":"Polygon","properties":{"GEOID":"060710055012"}},{"arcs":[[3198,3199,-3196,-1573,-2410]],"type":"Polygon","properties":{"GEOID":"060710055011"}},{"arcs":[[3200,-2373,-3195,3201,3202]],"type":"Polygon","properties":{"GEOID":"060710055024"}},{"arcs":[[-3068,-3153,-3156,-1561,-1568,-1613,3203]],"type":"Polygon","properties":{"GEOID":"060710084053"}},{"arcs":[[-3174,-2998,-2617,-3176]],"type":"Polygon","properties":{"GEOID":"060710051023"}},{"arcs":[[-1914,3204,-225]],"type":"Polygon","properties":{"GEOID":"060710035103"}},{"arcs":[[-1954,-1496,-226,-3205]],"type":"Polygon","properties":{"GEOID":"060710035102"}},{"arcs":[[-2200,-3177,-2619,-2399,-2481]],"type":"Polygon","properties":{"GEOID":"060710051014"}},{"arcs":[[3205,3206,-2207,-2124,-1488,3207]],"type":"Polygon","properties":{"GEOID":"060710032011"}},{"arcs":[[3208,3209,-2122,-1404]],"type":"Polygon","properties":{"GEOID":"060710032012"}},{"arcs":[[-2293,-512,3210,-3206,3211,3212]],"type":"Polygon","properties":{"GEOID":"060710032022"}},{"arcs":[[-2297,-3213,-3209,-1874,-1283]],"type":"Polygon","properties":{"GEOID":"060710032021"}},{"arcs":[[-988,-730,3213,-3105,-2118]],"type":"Polygon","properties":{"GEOID":"060710027071"}},{"arcs":[[-2807,-3192,-2134]],"type":"Polygon","properties":{"GEOID":"060710045122"}},{"arcs":[[3214,-2244,3215]],"type":"Polygon","properties":{"GEOID":"060710023084"}},{"arcs":[[3216,-2336,-2284,3217,-2340,-2258,3218]],"type":"Polygon","properties":{"GEOID":"060710023092"}},{"arcs":[[-1165,-1876,-1760,3219,3220]],"type":"Polygon","properties":{"GEOID":"060710026081"}},{"arcs":[[-1952,3221,3222,3223,3224,3225]],"type":"Polygon","properties":{"GEOID":"060710026091"}},{"arcs":[[-1070,-3184,-1026,-3185]],"type":"Polygon","properties":{"GEOID":"060710071121"}},{"arcs":[[-2931,-3107,-2286,-2337,-3217,3226]],"type":"Polygon","properties":{"GEOID":"060710023091"}},{"arcs":[[3227,-2890,3228]],"type":"Polygon","properties":{"GEOID":"060710020402"}},{"arcs":[[-260,3229,3230,3231,-2017]],"type":"Polygon","properties":{"GEOID":"060710020431"}},{"arcs":[[3232,-2866,3233,-3231]],"type":"Polygon","properties":{"GEOID":"060710020432"}},{"arcs":[[3234,-2870,3235,3236,-2862]],"type":"Polygon","properties":{"GEOID":"060710020452"}},{"arcs":[[-2052,-2072,-2075,-2073]],"type":"Polygon","properties":{"GEOID":"060710017064"}},{"arcs":[[3237,3238,3239,3240,3241]],"type":"Polygon","properties":{"GEOID":"060710023132"}},{"arcs":[[3242,3243,3244,-3239]],"type":"Polygon","properties":{"GEOID":"060710023131"}},{"arcs":[[-2852,-2933,3245,-2935,3246]],"type":"Polygon","properties":{"GEOID":"060710023101"}},{"arcs":[[-2895,-2853,-3247,-2934,3247,3248]],"type":"Polygon","properties":{"GEOID":"060710023111"}},{"arcs":[[3249,-1905,-1462,3250,3251]],"type":"Polygon","properties":{"GEOID":"060710003082"}},{"arcs":[[3252,3253,-3251,-1461]],"type":"Polygon","properties":{"GEOID":"060710003081"}},{"arcs":[[3254,-2673,3255,3256,3257,-2327,3258,3259,-2054,-1387,-1902,3260,3261,3262]],"type":"Polygon","properties":{"GEOID":"060710003061"}},{"arcs":[[-2352,-2354,-1949,-1946,3263,-2475,-1143]],"type":"Polygon","properties":{"GEOID":"060710013123"}},{"arcs":[[3264,-521,3265,3266,3267,3268,3269]],"type":"Polygon","properties":{"GEOID":"060710019081"}},{"arcs":[[-268,3270,-3270,3271,3272]],"type":"Polygon","properties":{"GEOID":"060710122011"}},{"arcs":[[3273,3274,3275,-95]],"type":"Polygon","properties":{"GEOID":"060710019113"}},{"arcs":[[3276,3277,-617,-1279,3278,3279,3280,3281]],"type":"Polygon","properties":{"GEOID":"060710021122"}},{"arcs":[[3282,3283,-1281,-1699,-3264]],"type":"Polygon","properties":{"GEOID":"060710021093"}},{"arcs":[[3284,-2476,-1704,-2149,-2146,-1392,-137,-353]],"type":"Polygon","properties":{"GEOID":"060710018032"}},{"arcs":[[-125,-122,-309,3285,-3280,3286,3287,-3283,-1945,3288]],"type":"Polygon","properties":{"GEOID":"060710021111"}},{"arcs":[[3289,-3281,-3286,-308]],"type":"Polygon","properties":{"GEOID":"060710021112"}},{"arcs":[[3290,-839,-2274,-1125,-2049,-3260]],"type":"Polygon","properties":{"GEOID":"060710010024"}},{"arcs":[[-2139,-1128,-93,3291,-2143]],"type":"Polygon","properties":{"GEOID":"060710018043"}},{"arcs":[[-307,-147,-3282,-3290]],"type":"Polygon","properties":{"GEOID":"060710021113"}},{"arcs":[[-2018,-3232,-3234,-2865,-163]],"type":"Polygon","properties":{"GEOID":"060710020433"}},{"arcs":[[3292,-3272,-3269,3293,3294,3295,-65]],"type":"Polygon","properties":{"GEOID":"060710122021"}},{"arcs":[[-74,-269,-3273,-3293,-64]],"type":"Polygon","properties":{"GEOID":"060710122012"}},{"arcs":[[-541,-2451,-2108,-779,-2015,-544,3296]],"type":"Polygon","properties":{"GEOID":"060710006033"}},{"arcs":[[-284,-2222,-278,-287]],"type":"Polygon","properties":{"GEOID":"060710008234"}},{"arcs":[[-79,-542,-3297,-543,3297]],"type":"Polygon","properties":{"GEOID":"060710006031"}},{"arcs":[[-394,-66,-3296,3298,-59,-2676,-2703,3299,3300]],"type":"Polygon","properties":{"GEOID":"060710001191"}},{"arcs":[[3301,-13,-2197,-236,-1863,-305,-498,-614]],"type":"Polygon","properties":{"GEOID":"060710020374"}},{"arcs":[[3302,3303,-14,-3302,-613,3304]],"type":"Polygon","properties":{"GEOID":"060710020463"}},{"arcs":[[3305,-10,-3304]],"type":"Polygon","properties":{"GEOID":"060710020464"}},{"arcs":[[-3099,-2193,-11,3306]],"type":"Polygon","properties":{"GEOID":"060710020462"}},{"arcs":[[3307,3308,3309,-3305,-612,-2670]],"type":"Polygon","properties":{"GEOID":"060710020471"}},{"arcs":[[3310,3311,3312,3313,-2116]],"type":"Polygon","properties":{"GEOID":"060710026102"}},{"arcs":[[-3225,3314,-3312]],"type":"Polygon","properties":{"GEOID":"060710026101"}},{"arcs":[[-2117,-3314,3315,-642]],"type":"Polygon","properties":{"GEOID":"060710026112"}},{"arcs":[[-3316,-3313,-3315,-3224,3316,3317,-643]],"type":"Polygon","properties":{"GEOID":"060710026111"}},{"arcs":[[3318,-2105,-2137,-2061]],"type":"Polygon","properties":{"GEOID":"060710005012"}},{"arcs":[[-2068,3319,-3319,-2060,-2381]],"type":"Polygon","properties":{"GEOID":"060710005014"}},{"arcs":[[-2067,-2103,-3298,-545,-2104,-3320]],"type":"Polygon","properties":{"GEOID":"060710005013"}},{"arcs":[[3320,-3308,-2669,3321]],"type":"Polygon","properties":{"GEOID":"060710020472"}},{"arcs":[[-2860,-2864,3322,-3309,-3321,-1184]],"type":"Polygon","properties":{"GEOID":"060710020481"}},{"arcs":[[-2863,-3237,3323,-3310,-3323]],"type":"Polygon","properties":{"GEOID":"060710020482"}},{"arcs":[[3324,-3220,-1759,-1917,3325,3326,-3317,-3223]],"type":"Polygon","properties":{"GEOID":"060710026082"}},{"arcs":[[-1748,3327,3328,3329,-3277,-146]],"type":"Polygon","properties":{"GEOID":"060710020511"}},{"arcs":[[3330,3331,-3328,-1747]],"type":"Polygon","properties":{"GEOID":"060710020491"}},{"arcs":[[3332,3333,3334,-3331]],"type":"Polygon","properties":{"GEOID":"060710020492"}},{"arcs":[[-3335,3335,3336,-3329,-3332]],"type":"Polygon","properties":{"GEOID":"060710020512"}},{"arcs":[[3337,-1187,3338,-3336,-3334]],"type":"Polygon","properties":{"GEOID":"060710020503"}},{"arcs":[[-3339,-1186,3339,-3337]],"type":"Polygon","properties":{"GEOID":"060710020502"}},{"arcs":[[-3340,-1185,-3322,-2671,-3278,-3330]],"type":"Polygon","properties":{"GEOID":"060710020501"}},{"arcs":[[-638,-1866,3340,-3333,-1746]],"type":"Polygon","properties":{"GEOID":"060710020353"}},{"arcs":[[-1865,-1189,-1182,-3338,-3341]],"type":"Polygon","properties":{"GEOID":"060710020354"}},{"arcs":[[3341,-518,-1951,-1909,3342]],"type":"Polygon","properties":{"GEOID":"060710025032"}},{"arcs":[[3343,3344,-2362,-3342,-2592]],"type":"Polygon","properties":{"GEOID":"060710025031"}},{"arcs":[[-2360,-2593,-3343,-1908,-2057]],"type":"Polygon","properties":{"GEOID":"060710025042"}},{"arcs":[[3345,-3084,-764,-793,-2361,-3345,3346]],"type":"Polygon","properties":{"GEOID":"060710024053"}},{"arcs":[[3347,-3347,-3344,-2591,3348]],"type":"Polygon","properties":{"GEOID":"060710024051"}},{"arcs":[[-3295,3349,3350,-54,-3299]],"type":"Polygon","properties":{"GEOID":"060710001154"}},{"arcs":[[-3268,3351,3352,3353,3354,-3294]],"type":"Polygon","properties":{"GEOID":"060710019091"}},{"arcs":[[3355,3356,-626,-470,-632,-1352,-560]],"type":"Polygon","properties":{"GEOID":"060710020233"}},{"arcs":[[-630,-627,-3357,3357,-621]],"type":"Polygon","properties":{"GEOID":"060710020234"}},{"arcs":[[-591,-2019,-593,-1342,-618,-606,-588,-398]],"type":"Polygon","properties":{"GEOID":"060710020173"}},{"arcs":[[3358,-2323,-2674,-3255]],"type":"Polygon","properties":{"GEOID":"060710003054"}},{"arcs":[[-2349,3359,-3257,3360]],"type":"Polygon","properties":{"GEOID":"060710003051"}},{"arcs":[[-2328,-3258,-3360]],"type":"Polygon","properties":{"GEOID":"060710003062"}},{"arcs":[[-378,-2013,-2211,-2215,-52,-2883,-2446]],"type":"Polygon","properties":{"GEOID":"060710001112"}},{"arcs":[[-2230,3361,3362,-3300,-2704,-2678,-3144,-2679,-2884]],"type":"Polygon","properties":{"GEOID":"060710001203"}},{"arcs":[[-1887,-395,-3301,-3363,3363,-2228,-2217]],"type":"Polygon","properties":{"GEOID":"060710001192"}},{"arcs":[[-3009,-2458,3364,-2705]],"type":"Polygon","properties":{"GEOID":"060710116014"}},{"arcs":[[-1981,-1511,-2685,-1883]],"type":"Polygon","properties":{"GEOID":"060710120025"}},{"arcs":[[-1452,-2711,3365,3366,-1503,3367,-2687]],"type":"Polygon","properties":{"GEOID":"060710095021"}},{"arcs":[[-2698,3368,-2688,-3368,-1507,-3025,-2462]],"type":"Polygon","properties":{"GEOID":"060710118012"}},{"arcs":[[-3351,3369,-3354,3370,3371,-2693,-55]],"type":"Polygon","properties":{"GEOID":"060710019071"}},{"arcs":[[-2271,-2692,3372]],"type":"Polygon","properties":{"GEOID":"060710001212"}},{"arcs":[[-1631,3373,-2696,-2460,-862]],"type":"Polygon","properties":{"GEOID":"060710118021"}},{"arcs":[[-2706,-3365,-2457,-3004,-2700]],"type":"Polygon","properties":{"GEOID":"060710116013"}},{"arcs":[[-2710,-2690,-1979,3374,-3366]],"type":"Polygon","properties":{"GEOID":"060710095012"}},{"arcs":[[-3364,-3362,-2229]],"type":"Polygon","properties":{"GEOID":"060710001204"}},{"arcs":[[-3374,-1634,-2689,-3369,-2697]],"type":"Polygon","properties":{"GEOID":"060710118011"}},{"arcs":[[-3246,3375,3376,-3244,3377,-2936]],"type":"Polygon","properties":{"GEOID":"060710023102"}},{"arcs":[[-980,-810,-2902,-1000,-2808]],"type":"Polygon","properties":{"GEOID":"060710097083"}},{"arcs":[[3378,3379,-1676,-1551,-3137,-3138,-2026,-2572,-1995,-2838,-2824,-2847,3380,-946]],"type":"Polygon","properties":{"GEOID":"060710104321"}},{"arcs":[[3381,3382,-2917,-1685,-2879]],"type":"Polygon","properties":{"GEOID":"060710104293"}},{"arcs":[[-1687,-2919,-2588,3383,-3379,-945,-25]],"type":"Polygon","properties":{"GEOID":"060710104301"}},{"arcs":[[3384,3385,3386,3387,3388,3389]],"type":"Polygon","properties":{"GEOID":"060710114071"}},{"arcs":[[-3389,3390,3391]],"type":"Polygon","properties":{"GEOID":"060710114072"}},{"arcs":[[-2005,3392,-3043,-2842,3393]],"type":"Polygon","properties":{"GEOID":"060710087112"}},{"arcs":[[-2726,-3005,-2683,-1584,-1589,3394,3395]],"type":"Polygon","properties":{"GEOID":"060710099152"}},{"arcs":[[-2727,-3396,3396,3397]],"type":"Polygon","properties":{"GEOID":"060710099151"}},{"arcs":[[-2715,3398,-2713,-1088,3399,-2708,-2539]],"type":"Polygon","properties":{"GEOID":"060710097262"}},{"arcs":[[-3375,-1935,-3367]],"type":"Polygon","properties":{"GEOID":"060710095013"}},{"arcs":[[-3400,3400,3401,-2736,-1569,-2709]],"type":"Polygon","properties":{"GEOID":"060710097222"}},{"arcs":[[-1087,-1090,-1045,3402,-2763,-2744,3403,-3401]],"type":"Polygon","properties":{"GEOID":"060710097233"}},{"arcs":[[3404,-1536,-1572,3405,-2730,3406,-2597,3407,-2770]],"type":"Polygon","properties":{"GEOID":"060710099134"}},{"arcs":[[-2718,3408,-2033,3409,-2721]],"type":"Polygon","properties":{"GEOID":"060710099181"}},{"arcs":[[-2722,-3410,-2035,-1644,-2759,-2781,3410]],"type":"Polygon","properties":{"GEOID":"060710099171"}},{"arcs":[[-2625,-2728,-3398,3411,-2716]],"type":"Polygon","properties":{"GEOID":"060710099163"}},{"arcs":[[-1581,-1586,-1537,-3405,-2769,-2034]],"type":"Polygon","properties":{"GEOID":"060710099133"}},{"arcs":[[-3407,-2733,3412,-2598]],"type":"Polygon","properties":{"GEOID":"060710100271"}},{"arcs":[[3413,-2731,-3406,3414,-2737,-890,3415]],"type":"Polygon","properties":{"GEOID":"060710100391"}},{"arcs":[[-3402,-3404,-2743,-2734]],"type":"Polygon","properties":{"GEOID":"060710097232"}},{"arcs":[[-1078,-2773,-1046,-1089]],"type":"Polygon","properties":{"GEOID":"060710097135"}},{"arcs":[[-1571,-2748,3416,-2826,-2738,-3415]],"type":"Polygon","properties":{"GEOID":"060710097251"}},{"arcs":[[-2747,3417,-2749,-3417]],"type":"Polygon","properties":{"GEOID":"060710097253"}},{"arcs":[[-3395,-1591,-1649,-3409,-2717,-3412,-3397]],"type":"Polygon","properties":{"GEOID":"060710099161"}},{"arcs":[[-2714,-1083,-2712,-3399]],"type":"Polygon","properties":{"GEOID":"060710097271"}},{"arcs":[[-3413,-2732,-3414,3418,-2599]],"type":"Polygon","properties":{"GEOID":"060710100272"}},{"arcs":[[-3403,-1050,-2926,-2764]],"type":"Polygon","properties":{"GEOID":"060710097213"}},{"arcs":[[-1446,-2760,-1646,-1641,-2607,-2761]],"type":"Polygon","properties":{"GEOID":"060710100362"}},{"arcs":[[-2997,-2724,3419,-2782,-2757,-1527]],"type":"Polygon","properties":{"GEOID":"060710099173"}},{"arcs":[[-2627,-2720,-2996,-2767]],"type":"Polygon","properties":{"GEOID":"060710091272"}},{"arcs":[[-2771,-3408,-2596,-2922,-2604]],"type":"Polygon","properties":{"GEOID":"060710100373"}},{"arcs":[[-3419,-3416,-889,-886,-2600]],"type":"Polygon","properties":{"GEOID":"060710100273"}},{"arcs":[[-2746,-2766,-2778,-2750,-3418]],"type":"Polygon","properties":{"GEOID":"060710097252"}},{"arcs":[[-1529,-1449,-210,-1522,3420]],"type":"Polygon","properties":{"GEOID":"060710099113"}},{"arcs":[[-2777,-2928,-2469,-804,-2779,-2751]],"type":"Polygon","properties":{"GEOID":"060710097094"}},{"arcs":[[-2723,-3411,-2780,-3420]],"type":"Polygon","properties":{"GEOID":"060710099172"}},{"arcs":[[-2227,-270,-519,3421]],"type":"Polygon","properties":{"GEOID":"060710019064"}},{"arcs":[[-2350,-3361,-3256,-2672]],"type":"Polygon","properties":{"GEOID":"060710003052"}},{"arcs":[[-2464,-3026,-2906,-1074,-955,-2537]],"type":"Polygon","properties":{"GEOID":"060710121052"}},{"arcs":[[-699,-3027,-1502,3422,-3386,3423,-3139]],"type":"Polygon","properties":{"GEOID":"060710114042"}},{"arcs":[[-1814,-3135,-1540,-3143]],"type":"Polygon","properties":{"GEOID":"060710104311"}},{"arcs":[[-2681,-3145,-3141,-2272,-3373,-2695,3424,-2885]],"type":"Polygon","properties":{"GEOID":"060710001213"}},{"arcs":[[-3140,-3424,3425,3426,-2478]],"type":"Polygon","properties":{"GEOID":"060710114062"}},{"arcs":[[3427,-3387,-3423,-1501,-2911,-921,3428]],"type":"Polygon","properties":{"GEOID":"060710114082"}},{"arcs":[[-776,-2925,3429,-3382,-2878,-2882]],"type":"Polygon","properties":{"GEOID":"060710104282"}},{"arcs":[[-2918,-3383,-3430,-2924,-2585,-2915,-1677,-3380,-3384,-2587]],"type":"Polygon","properties":{"GEOID":"060710104291"}},{"arcs":[[-3426,-3385,3430]],"type":"Polygon","properties":{"GEOID":"060710114052"}},{"arcs":[[-3391,-3388,-3428,3431]],"type":"Polygon","properties":{"GEOID":"060710114081"}},{"arcs":[[-2480,3432,-3390,-3392,-3432,-3429,-920,-2036,-343,-2445]],"type":"Polygon","properties":{"GEOID":"060710114053"}},{"arcs":[[-304,-2238,-1706,-499]],"type":"Polygon","properties":{"GEOID":"060710022044"}},{"arcs":[[-2532,3433,-681,3434,-2790]],"type":"Polygon","properties":{"GEOID":"060710110031"}},{"arcs":[[-3046,-2664,-874,-736,-3042,-3115,3435,-3053,3436]],"type":"Polygon","properties":{"GEOID":"060710085024"}},{"arcs":[[-3047,-3437,-3052,3437]],"type":"Polygon","properties":{"GEOID":"060710085023"}},{"arcs":[[-3062,-3065,-3149,-1042,-1039]],"type":"Polygon","properties":{"GEOID":"060710082022"}},{"arcs":[[-1698,-2784,-3063,-3060,-1329]],"type":"Polygon","properties":{"GEOID":"060710082012"}},{"arcs":[[3438,3439,-1615,-1326,-3066,-1515,-1008,-975]],"type":"Polygon","properties":{"GEOID":"060710080042"}},{"arcs":[[3440,-2937,-3378,-3243,-3238,3441]],"type":"Polygon","properties":{"GEOID":"060710023121"}},{"arcs":[[3442,-3072,-3069,-3204,-3440]],"type":"Polygon","properties":{"GEOID":"060710080034"}},{"arcs":[[-966,-3157,-3154,-3067,-3071,-969]],"type":"Polygon","properties":{"GEOID":"060710080031"}},{"arcs":[[-3075,3443,-1788,-1789,-3079]],"type":"Polygon","properties":{"GEOID":"060710076061"}},{"arcs":[[-1743,-3076,-3078,-3081]],"type":"Polygon","properties":{"GEOID":"060710076052"}},{"arcs":[[-1738,-1928,-1727,-3444,-3074,-1741]],"type":"Polygon","properties":{"GEOID":"060710074083"}},{"arcs":[[-1530,-3421,-1521,-2774,-1344,-3020]],"type":"Polygon","properties":{"GEOID":"060710099112"}},{"arcs":[[3444,-3241,-3085,-3346,-3348,3445,3446,-3091]],"type":"Polygon","properties":{"GEOID":"060710024062"}},{"arcs":[[-3095,-3092,-3447,3447,-3086,-3089,-1708]],"type":"Polygon","properties":{"GEOID":"060710024031"}},{"arcs":[[-3377,3448,-2245,-508,-3083,-3240,-3245]],"type":"Polygon","properties":{"GEOID":"060710023133"}},{"arcs":[[-3100,-749,-2166,-2168,-1197]],"type":"Polygon","properties":{"GEOID":"060710042012"}},{"arcs":[[-3189,3449,-3102,-1964,-1778]],"type":"Polygon","properties":{"GEOID":"060710070022"}},{"arcs":[[-3103,-2482,-3101,-3450,-3188]],"type":"Polygon","properties":{"GEOID":"060710070011"}},{"arcs":[[-258,-2891,-3228,3450,-3097,3451]],"type":"Polygon","properties":{"GEOID":"060710020392"}},{"arcs":[[-2159,-2198,-1273,3452,-3109,-722]],"type":"Polygon","properties":{"GEOID":"060710041014"}},{"arcs":[[-1207,-3180,-1767,-1723,-1211]],"type":"Polygon","properties":{"GEOID":"060710049021"}},{"arcs":[[-1336,-1623,3453,-3113]],"type":"Polygon","properties":{"GEOID":"060710087091"}},{"arcs":[[-3182,-3158,-3117,-3122,-2944,-1020,-365,-3055,3454,-1030,3455]],"type":"Polygon","properties":{"GEOID":"060710073071"}},{"arcs":[[-476,-1821,-3119,-3160,-3181]],"type":"Polygon","properties":{"GEOID":"060710073083"}},{"arcs":[[-2424,-3127,-3125,-3165,-2307,-2417,-2313]],"type":"Polygon","properties":{"GEOID":"060710065012"}},{"arcs":[[-3190,-3129,-2978,-2425,-2421]],"type":"Polygon","properties":{"GEOID":"060710064022"}},{"arcs":[[-3133,3456,-2316,-2303,-1961,-1432]],"type":"Polygon","properties":{"GEOID":"060710056012"}},{"arcs":[[-2409,-2413,3457,-3203,3458,-3199]],"type":"Polygon","properties":{"GEOID":"060710055022"}},{"arcs":[[-3048,-3438,-3051,-3150]],"type":"Polygon","properties":{"GEOID":"060710085021"}},{"arcs":[[-3110,-3453,3459,-3193]],"type":"Polygon","properties":{"GEOID":"060710041011"}},{"arcs":[[-3460,-1276,-2454,-3194]],"type":"Polygon","properties":{"GEOID":"060710041042"}},{"arcs":[[-3326,-1916,-1409,3460]],"type":"Polygon","properties":{"GEOID":"060710040033"}},{"arcs":[[-3198,3461,-3148,-3457,-3132]],"type":"Polygon","properties":{"GEOID":"060710056011"}},{"arcs":[[-446,-1786,-1875,-1164]],"type":"Polygon","properties":{"GEOID":"060710036064"}},{"arcs":[[-3459,-3202,-3146,-3462,-3197,-3200]],"type":"Polygon","properties":{"GEOID":"060710055021"}},{"arcs":[[-2412,-202,-2374,-3201,-3458]],"type":"Polygon","properties":{"GEOID":"060710055023"}},{"arcs":[[-974,-971,-3073,-3443,-3439]],"type":"Polygon","properties":{"GEOID":"060710080041"}},{"arcs":[[3462,-2848,-2894]],"type":"Polygon","properties":{"GEOID":"060710023151"}},{"arcs":[[-3212,-3208,-1487,-3210]],"type":"Polygon","properties":{"GEOID":"060710032013"}},{"arcs":[[-511,-1985,-3207,-3211]],"type":"Polygon","properties":{"GEOID":"060710032023"}},{"arcs":[[-729,-1482,-3106,-3214]],"type":"Polygon","properties":{"GEOID":"060710027072"}},{"arcs":[[-2283,-2338,-3218]],"type":"Polygon","properties":{"GEOID":"060710023073"}},{"arcs":[[-2932,-3227,-3219,-738,-3215,3463,-3376]],"type":"Polygon","properties":{"GEOID":"060710023083"}},{"arcs":[[-1166,-3221,-3325,-3222]],"type":"Polygon","properties":{"GEOID":"060710026083"}},{"arcs":[[-1911,-3226,-3311,-2115,-640,-2114,-2090,-2086,-1712]],"type":"Polygon","properties":{"GEOID":"060710026092"}},{"arcs":[[-3229,-2889,-3108,-2849,-3463,-2893,-3098,-3451]],"type":"Polygon","properties":{"GEOID":"060710020391"}},{"arcs":[[-3230,-259,-3452,-3096,-2867,-3233]],"type":"Polygon","properties":{"GEOID":"060710020421"}},{"arcs":[[-2871,-3235,-2861,-2858]],"type":"Polygon","properties":{"GEOID":"060710020451"}},{"arcs":[[-2081,-134,-574,-144,-2138,3464,-2082]],"type":"Polygon","properties":{"GEOID":"060710017043"}},{"arcs":[[3465,-1894,-290,-1896]],"type":"Polygon","properties":{"GEOID":"060710008212"}},{"arcs":[[-233,3466,-3442,-3242,-3445,-3090,-3094,-302]],"type":"Polygon","properties":{"GEOID":"060710023122"}},{"arcs":[[-2869,-3307,-3306,-3303,-3324,-3236]],"type":"Polygon","properties":{"GEOID":"060710020461"}},{"arcs":[[-129,-2474,-1138]],"type":"Polygon","properties":{"GEOID":"060710015043"}},{"arcs":[[-3261,-1904,-3250,3467]],"type":"Polygon","properties":{"GEOID":"060710003072"}},{"arcs":[[3468,-3262,-3468,-3252,-3254]],"type":"Polygon","properties":{"GEOID":"060710003071"}},{"arcs":[[-3464,-3216,-2243,-3449]],"type":"Polygon","properties":{"GEOID":"060710023082"}},{"arcs":[[-567,-3289,-1944,-2383,-1323]],"type":"Polygon","properties":{"GEOID":"060710013112"}},{"arcs":[[-273,-609,-1702,-425,3469,-3266,-520]],"type":"Polygon","properties":{"GEOID":"060710019063"}},{"arcs":[[3470,-2144,-3292,-92,-1243,-582,-2145,-818,-2148,-2151,-3422,-522,-3265,3471,-3275]],"type":"Polygon","properties":{"GEOID":"060710019101"}},{"arcs":[[-3276,-3472,-3271,-267]],"type":"Polygon","properties":{"GEOID":"060710019112"}},{"arcs":[[-2113,-2141,-3471,-3274,-108]],"type":"Polygon","properties":{"GEOID":"060710019111"}},{"arcs":[[-3288,-1277,-3284]],"type":"Polygon","properties":{"GEOID":"060710021091"}},{"arcs":[[-3279,-1278,-3287]],"type":"Polygon","properties":{"GEOID":"060710021121"}},{"arcs":[[-2326,-840,-3291,-3259]],"type":"Polygon","properties":{"GEOID":"060710010023"}},{"arcs":[[-1670,-3285,-352,-1254]],"type":"Polygon","properties":{"GEOID":"060710018133"}},{"arcs":[[-1176,-572,-1322,-1318]],"type":"Polygon","properties":{"GEOID":"060710021033"}},{"arcs":[[3472,-2083,-3465,-2142,-2109,-2106,-2450]],"type":"Polygon","properties":{"GEOID":"060710017031"}},{"arcs":[[-2077,-2084,-3473,-2449]],"type":"Polygon","properties":{"GEOID":"060710017042"}},{"arcs":[[-3448,-3446,-3349,-2590,-3087]],"type":"Polygon","properties":{"GEOID":"060710024052"}},{"arcs":[[-3355,-3370,-3350]],"type":"Polygon","properties":{"GEOID":"060710019072"}},{"arcs":[[3473,-3371,-3353]],"type":"Polygon","properties":{"GEOID":"060710019073"}},{"arcs":[[-622,-3358,-3356,-559]],"type":"Polygon","properties":{"GEOID":"060710020232"}},{"arcs":[[-3248,-2938,-3441,3474]],"type":"Polygon","properties":{"GEOID":"060710023113"}},{"arcs":[[-2896,-3249,-3475,-3467,-2196]],"type":"Polygon","properties":{"GEOID":"060710023141"}},{"arcs":[[-1842,-2916,-2565,-2555,-252,-1851]],"type":"Polygon","properties":{"GEOID":"060710100341"}},{"arcs":[[-2006,-3394,-2841,-3036,-3034,-2656,-3032,-2041]],"type":"Polygon","properties":{"GEOID":"060710087111"}},{"arcs":[[-1380,-1383,-312,-600,-3183,-3456,-1029]],"type":"Polygon","properties":{"GEOID":"060710073082"}},{"arcs":[[-3427,-3431,-3433,-2479]],"type":"Polygon","properties":{"GEOID":"060710114051"}},{"arcs":[[-2797,-2517,-2791,-3435,-680,-32,-2439]],"type":"Polygon","properties":{"GEOID":"060710110041"}},{"arcs":[[-2531,-1838,-682,-3434]],"type":"Polygon","properties":{"GEOID":"060710110032"}},{"arcs":[[-2521,-2794,-2787,-2515,-2505]],"type":"Polygon","properties":{"GEOID":"060710109033"}},{"arcs":[[-911,-906,-1878,-1267,-2493,-2509,-1832,-2002,-2040,-367,-3056,-3082,-1792]],"type":"Polygon","properties":{"GEOID":"060710079044"}}]}}}