{"type":"Topology","arcs":[[[3813,1150],[164,-112]],[[3977,1038],[-79,-131]],[[3898,907],[-68,53],[49,54],[-126,63]],[[3753,1077],[60,73]],[[2576,3429],[85,38]],[[2661,3467],[13,-12]],[[2674,3455],[33,-31]],[[2707,3424],[-39,-18]],[[2668,3406],[-59,-26]],[[2609,3380],[-33,49]],[[1571,5491],[50,-70]],[[1621,5421],[-93,-51]],[[1528,5370],[-15,-13]],[[1513,5357],[-25,21]],[[1488,5378],[83,113]],[[1016,6262],[37,3]],[[1053,6265],[34,-2]],[[1087,6263],[15,-79]],[[1102,6184],[-80,11]],[[1022,6195],[-6,67]],[[2809,3745],[42,11]],[[2851,3756],[17,-104]],[[2868,3652],[-34,-21]],[[2834,3631],[-25,114]],[[1719,4765],[51,51]],[[1770,4816],[28,24]],[[1798,4840],[1,-43]],[[1799,4797],[-61,-58]],[[1738,4739],[-19,26]],[[1957,4539],[3,3]],[[1960,4542],[69,43]],[[2029,4585],[11,-42]],[[2040,4543],[-41,-26]],[[1999,4517],[-34,-22]],[[1965,4495],[-8,44]],[[3462,1301],[35,-44]],[[3497,1257],[-36,-60]],[[3461,1197],[-73,52]],[[3388,1249],[74,52]],[[1635,4512],[33,-38]],[[1668,4474],[32,-38]],[[1700,4436],[103,-122]],[[1803,4314],[-23,-29]],[[1780,4285],[-36,-47]],[[1744,4238],[-22,-17]],[[1722,4221],[-79,123],[-8,168]],[[4244,1276],[38,55]],[[4282,1331],[61,-1]],[[4343,1330],[13,-130]],[[4356,1200],[-8,-1]],[[4348,1199],[-37,85],[-67,-8]],[[1644,4770],[30,-46]],[[1674,4724],[-27,-23]],[[1647,4701],[-45,29]],[[1602,4730],[42,40]],[[975,6599],[14,17]],[[989,6616],[8,-15]],[[997,6601],[46,-111]],[[1043,6490],[-65,-10]],[[978,6480],[-18,-4]],[[960,6476],[-17,9]],[[943,6485],[-19,41]],[[924,6526],[51,73]],[[2986,1948],[23,36]],[[3009,1984],[69,-72]],[[3078,1912],[-92,36]],[[6836,3434],[74,-1]],[[6910,3433],[85,-1]],[[6995,3432],[0,-1]],[[6995,3431],[-2,-225],[-182,2]],[[6811,3208],[26,1],[-1,225]],[[648,4956],[88,-5]],[[736,4951],[-1,-38]],[[735,4913],[-87,43]],[[761,6845],[47,2]],[[808,6847],[7,-109]],[[815,6738],[-25,8]],[[790,6746],[-29,99]],[[5036,3385],[60,0]],[[5096,3385],[34,0]],[[5130,3385],[-60,-74]],[[5070,3311],[-75,63]],[[4995,3374],[41,11]],[[600,6150],[93,16]],[[693,6166],[2,-13]],[[695,6153],[7,-41]],[[702,6112],[6,-42]],[[708,6070],[-26,-1]],[[682,6069],[-13,66],[-63,-11]],[[606,6124],[-6,26]],[[2699,3273],[21,58]],[[2720,3331],[54,30]],[[2774,3361],[11,-11]],[[2785,3350],[66,-60]],[[2851,3290],[-13,-7]],[[2838,3283],[-46,-25]],[[2792,3258],[-62,-21]],[[2730,3237],[-31,36]],[[877,5284],[19,40]],[[896,5324],[-6,-48]],[[890,5276],[-13,8]],[[1186,4830],[1,-1]],[[1187,4829],[-3,-4]],[[1184,4825],[-167,103]],[[1017,4928],[-59,114]],[[958,5042],[62,18],[69,-58],[19,-103],[78,-69]],[[673,6357],[101,18]],[[774,6375],[2,-28]],[[776,6347],[-100,-17]],[[676,6330],[-3,27]],[[2853,3068],[90,-106]],[[2943,2962],[-23,-4]],[[2920,2958],[-17,-3]],[[2903,2955],[-7,-2]],[[2896,2953],[-61,70]],[[2835,3023],[18,45]],[[3044,2984],[8,2]],[[3052,2986],[95,-235]],[[3147,2751],[-18,-11]],[[3129,2740],[-96,114]],[[3033,2854],[11,130]],[[804,4822],[52,-2]],[[856,4820],[27,-28]],[[883,4792],[-1,-28]],[[882,4764],[0,-30]],[[882,4734],[-79,48]],[[803,4782],[1,40]],[[737,5878],[101,15]],[[838,5893],[3,-23]],[[841,5870],[-101,-13]],[[740,5857],[-3,21]],[[735,4913],[71,-2]],[[806,4911],[11,-32]],[[817,4879],[-11,0]],[[806,4879],[-72,2]],[[734,4881],[1,32]],[[2785,3587],[8,11]],[[2793,3598],[154,2]],[[2947,3600],[-4,-100]],[[2943,3500],[-86,24],[-30,-34]],[[2827,3490],[-21,21]],[[2806,3511],[-46,46]],[[2760,3557],[25,30]],[[1635,4799],[7,45]],[[1642,4844],[62,-17]],[[1704,4827],[-20,-19]],[[1684,4808],[-32,-30]],[[1652,4778],[-17,21]],[[1198,5142],[0,-1]],[[1198,5141],[24,-19]],[[1222,5122],[27,-23]],[[1249,5099],[-12,-28]],[[1237,5071],[-6,-16]],[[1231,5055],[-60,49]],[[1171,5104],[27,38]],[[2917,2274],[87,-103]],[[3004,2171],[5,-7]],[[3009,2164],[46,-62]],[[3055,2102],[-58,1]],[[2997,2103],[-55,46],[-25,125]],[[1388,5241],[18,-6]],[[1406,5235],[-11,-39]],[[1395,5196],[-6,-20]],[[1389,5176],[-15,-51]],[[1374,5125],[-2,-10]],[[1372,5115],[-18,7]],[[1354,5122],[34,119]],[[847,5435],[41,90]],[[888,5525],[32,-5]],[[920,5520],[-14,-62]],[[906,5458],[-11,-32]],[[895,5426],[-48,9]],[[2832,2670],[81,-76]],[[2913,2594],[-98,5]],[[2815,2599],[17,71]],[[1914,4325],[46,29]],[[1960,4354],[23,-42]],[[1983,4312],[-52,-86]],[[1931,4226],[-28,67]],[[1903,4293],[11,32]],[[5207,3570],[3,-14]],[[5210,3556],[6,-28]],[[5216,3528],[37,-143]],[[5253,3385],[-72,0]],[[5181,3385],[-12,97]],[[5169,3482],[-59,48]],[[5110,3530],[97,40]],[[660,6025],[54,12]],[[714,6037],[1,-7]],[[715,6030],[5,-28]],[[720,6002],[4,-19]],[[724,5983],[-64,42]],[[900,4696],[83,-31]],[[983,4665],[-14,-43]],[[969,4622],[-59,-5]],[[910,4617],[-38,18]],[[872,4635],[28,61]],[[2050,4424],[38,13]],[[2088,4437],[41,-45]],[[2129,4392],[-50,-22]],[[2079,4370],[-29,54]],[[640,5448],[59,-18]],[[699,5430],[-11,-44]],[[688,5386],[-59,20]],[[629,5406],[11,42]],[[5130,3385],[51,0]],[[5181,3385],[-1,-113],[-55,-8]],[[5125,3264],[-55,47]],[[590,6189],[95,17]],[[685,6206],[6,-26]],[[691,6180],[2,-14]],[[600,6150],[-10,39]],[[4757,243],[84,69]],[[4841,312],[22,-62]],[[4863,250],[-89,-48]],[[4774,202],[-17,41]],[[3339,1203],[49,46]],[[3461,1197],[-70,-53]],[[3391,1144],[-22,25]],[[3369,1169],[-30,34]],[[4026,1865],[143,-64]],[[4169,1801],[-151,-70]],[[4018,1731],[-48,13]],[[3970,1744],[-32,34]],[[3938,1778],[88,87]],[[583,6522],[16,119]],[[599,6641],[20,2]],[[619,6643],[15,1]],[[634,6644],[-17,-129]],[[617,6515],[-15,6]],[[602,6521],[-19,1]],[[3885,1656],[10,-28]],[[3895,1628],[24,-71],[-37,-60]],[[3882,1497],[-84,59]],[[3798,1556],[22,75],[65,25]],[[805,4851],[-1,-29]],[[803,4782],[-26,10]],[[777,4792],[-23,32]],[[754,4824],[51,27]],[[3410,2557],[143,-105],[-30,-30]],[[3523,2422],[-15,19]],[[3508,2441],[-52,61]],[[3456,2502],[-27,32]],[[3429,2534],[-19,23]],[[769,6443],[51,9]],[[820,6452],[5,-55]],[[825,6397],[-52,-9]],[[773,6388],[-2,27]],[[771,6415],[-2,28]],[[801,4947],[87,-25]],[[888,4922],[-31,-45]],[[857,4877],[-40,2]],[[806,4911],[-5,36]],[[1389,5176],[41,-42]],[[1430,5134],[41,-31]],[[1471,5103],[-58,-23]],[[1413,5080],[-39,45]],[[1978,4914],[22,-13]],[[2000,4901],[66,-47]],[[2066,4854],[2,-83]],[[2068,4771],[-99,102]],[[1969,4873],[9,41]],[[1778,4547],[52,35]],[[1830,4582],[30,-43]],[[1860,4539],[-58,-36]],[[1802,4503],[-24,44]],[[3431,3770],[35,16],[89,202]],[[3555,3988],[77,-35],[-74,-124],[-50,-34],[27,-84]],[[3535,3711],[-100,58]],[[3435,3769],[-4,1]],[[2153,3456],[126,80]],[[2279,3536],[5,-29]],[[2284,3507],[-140,-121]],[[2144,3386],[9,70]],[[1372,4921],[22,38]],[[1394,4959],[15,-18]],[[1409,4941],[15,-18]],[[1424,4923],[7,-8]],[[1431,4915],[-47,-45]],[[1384,4870],[-22,13]],[[1362,4883],[10,38]],[[2913,2594],[42,-81],[-130,17]],[[2825,2530],[-27,60]],[[2798,2590],[17,9]],[[839,5537],[49,-12]],[[847,5435],[-26,7]],[[821,5442],[18,95]],[[1170,5206],[22,29]],[[1192,5235],[32,-26]],[[1224,5209],[-54,-26]],[[1170,5183],[-21,3]],[[1149,5186],[21,20]],[[548,6637],[17,1]],[[565,6638],[34,3]],[[583,6522],[-5,2]],[[578,6524],[-19,70]],[[559,6594],[-11,43]],[[6249,3735],[127,18]],[[6376,3753],[9,-151]],[[6385,3602],[-32,5]],[[6353,3607],[-83,57]],[[6270,3664],[-8,7]],[[6262,3671],[-13,64]],[[2091,3432],[62,24]],[[2144,3386],[-40,-25]],[[2104,3361],[-41,60]],[[2063,3421],[28,11]],[[1212,4593],[48,59]],[[1260,4652],[69,-85]],[[1329,4567],[-9,-22]],[[1320,4545],[-71,14]],[[1249,4559],[-37,34]],[[2285,3955],[15,-14]],[[2300,3941],[57,-53]],[[2357,3888],[23,-52]],[[2380,3836],[-46,44]],[[2334,3880],[-62,60]],[[2272,3940],[13,15]],[[6586,3528],[40,16]],[[6626,3544],[-1,-110]],[[6625,3434],[-38,0]],[[6587,3434],[-1,94]],[[464,6720],[3,-15]],[[467,6705],[18,-72]],[[485,6633],[9,-39]],[[494,6594],[-31,0]],[[463,6594],[-9,-2]],[[454,6592],[-15,61]],[[439,6653],[25,67]],[[4142,1367],[9,77]],[[4151,1444],[78,-61]],[[4229,1383],[-60,-88]],[[4169,1295],[-28,21]],[[4141,1316],[1,51]],[[3682,1462],[61,86]],[[3743,1548],[36,-22]],[[3779,1526],[-36,-62]],[[3743,1464],[-57,-95]],[[3686,1369],[-32,-60]],[[3654,1309],[-9,-17]],[[3645,1292],[-30,55]],[[3615,1347],[67,115]],[[764,6498],[90,15]],[[854,6513],[2,-27]],[[856,6486],[-90,-16]],[[766,6470],[-2,28]],[[1222,5122],[39,57]],[[1261,5179],[36,-17]],[[1297,5162],[-48,-63]],[[3009,3885],[114,-16]],[[3123,3869],[-13,-66]],[[3110,3803],[-19,3]],[[3091,3806],[-82,5]],[[3009,3811],[0,74]],[[4299,1718],[-27,-24]],[[4272,1694],[-73,109]],[[4199,1803],[-10,16]],[[4189,1819],[-30,43]],[[4159,1862],[101,53],[41,-104],[-2,-93]],[[4853,3255],[120,23]],[[4973,3278],[20,-70]],[[4993,3208],[-102,-51]],[[4891,3157],[-38,98]],[[4570,3716],[138,40]],[[4708,3756],[47,-161]],[[4755,3595],[-133,-27]],[[4622,3568],[-52,148]],[[3882,1497],[42,-30]],[[3924,1467],[19,-13]],[[3943,1454],[-2,-65]],[[3941,1389],[-26,-42]],[[3915,1347],[-87,60]],[[3828,1407],[54,90]],[[1260,4992],[17,-14]],[[1277,4978],[42,-26]],[[1319,4952],[-12,-32]],[[1307,4920],[-37,25]],[[1270,4945],[-27,22]],[[1243,4967],[17,25]],[[2180,4031],[57,-58]],[[2237,3973],[-68,-29],[-25,52]],[[2144,3996],[36,35]],[[695,6514],[60,44]],[[755,6558],[5,-7]],[[760,6551],[4,-53]],[[766,6470],[3,-27]],[[769,6443],[-38,-7]],[[731,6436],[-36,78]],[[1272,5451],[41,27]],[[1313,5478],[54,-14]],[[1367,5464],[-119,-95]],[[1248,5369],[24,82]],[[2834,3631],[-24,-16]],[[2810,3615],[-80,88]],[[2730,3703],[79,42]],[[1881,4711],[21,-27]],[[1902,4684],[24,-33]],[[1926,4651],[-19,-13]],[[1907,4638],[-39,-25]],[[1868,4613],[-17,32]],[[1851,4645],[-11,20]],[[1840,4665],[41,46]],[[610,5333],[58,-17]],[[668,5316],[-7,-30]],[[661,5286],[-60,16]],[[601,5302],[9,31]],[[672,4884],[62,-3]],[[734,4881],[0,-57]],[[734,4824],[-17,1]],[[717,4825],[-45,30]],[[672,4855],[0,29]],[[699,5430],[14,51]],[[713,5481],[32,-16]],[[745,5465],[-32,-95]],[[713,5370],[-25,16]],[[796,5326],[51,109]],[[895,5426],[-33,-70]],[[862,5356],[-25,-51]],[[837,5305],[-13,7]],[[824,5312],[-28,14]],[[6021,3069],[79,0]],[[6100,3069],[175,0]],[[6275,3069],[-1,-65]],[[6274,3004],[-2,-46]],[[6272,2958],[-183,-182]],[[6089,2776],[-4,87],[-65,149]],[[6020,3012],[1,57]],[[1998,4698],[60,-24]],[[2058,4674],[75,-112]],[[2133,4562],[-16,-26]],[[2117,4536],[-77,7]],[[2029,4585],[-6,24]],[[2023,4609],[-34,83]],[[1989,4692],[9,6]],[[6275,3069],[29,73]],[[6304,3142],[14,-27],[124,2]],[[6442,3117],[0,-38]],[[6442,3079],[0,-43]],[[6442,3036],[-55,8],[-113,-40]],[[2076,4459],[41,77]],[[2133,4562],[10,-7]],[[2143,4555],[29,-130]],[[2172,4425],[29,-35]],[[2201,4390],[-30,-30]],[[2171,4360],[-42,32]],[[2088,4437],[-12,22]],[[3132,3118],[68,-55],[-111,-66]],[[3089,2997],[-78,137]],[[3011,3134],[121,-16]],[[4922,3559],[-3,-96]],[[4919,3463],[-58,-43]],[[4861,3420],[-47,70]],[[4814,3490],[108,69]],[[713,6043],[87,15]],[[800,6058],[2,-28]],[[802,6030],[-87,0]],[[714,6037],[-1,6]],[[2801,2936],[84,15]],[[2885,2951],[-65,-117]],[[2820,2834],[-34,65]],[[2786,2899],[15,37]],[[2483,3738],[48,81]],[[2531,3819],[81,-66]],[[2612,3753],[-9,-10]],[[2603,3743],[-77,-46]],[[2526,3697],[-20,20]],[[2506,3717],[-23,21]],[[1513,5357],[-41,-54]],[[1472,5303],[-34,-46]],[[1438,5257],[-24,7]],[[1414,5264],[74,114]],[[1933,4222],[74,47]],[[2007,4269],[18,-32]],[[2025,4237],[-92,-15]],[[1361,5302],[28,49]],[[1389,5351],[2,-78]],[[1391,5273],[23,-9]],[[1414,5264],[-8,-29]],[[1388,5241],[-27,9]],[[1361,5250],[0,52]],[[1910,4791],[33,49]],[[1943,4840],[41,-55]],[[1984,4785],[-27,-42]],[[1957,4743],[-15,17]],[[1942,4760],[-33,30]],[[1909,4790],[1,1]],[[3779,1526],[6,8]],[[3785,1534],[43,-64],[-26,-48]],[[3802,1422],[-59,42]],[[2588,3313],[92,-84]],[[2680,3229],[-49,-2]],[[2631,3227],[-4,-1]],[[2627,3226],[-39,87]],[[3635,1489],[47,-27]],[[3615,1347],[-32,58]],[[3583,1405],[52,84]],[[1498,4853],[46,82]],[[1544,4935],[4,-6]],[[1548,4929],[15,-85]],[[1563,4844],[-24,0]],[[1539,4844],[-41,9]],[[499,6293],[62,17]],[[561,6310],[10,-41]],[[571,6269],[7,-26]],[[578,6243],[-69,10]],[[509,6253],[-10,40]],[[1660,4693],[16,-11]],[[1676,4682],[29,-19]],[[1705,4663],[-49,-45]],[[1656,4618],[-43,12]],[[1613,4630],[47,63]],[[2964,3214],[59,29],[143,-28]],[[3166,3215],[-49,-35]],[[3117,3180],[-46,29],[-83,-35]],[[2988,3174],[-24,40]],[[745,5465],[19,-10]],[[764,5455],[6,-21]],[[770,5434],[3,-15]],[[773,5419],[-29,-65]],[[744,5354],[-31,16]],[[2253,4695],[68,61],[3,53]],[[2324,4809],[72,-12]],[[2396,4797],[83,-187]],[[2479,4610],[-68,-43]],[[2411,4567],[-125,53],[-37,-7]],[[2249,4613],[4,82]],[[2361,3983],[9,-24]],[[2370,3959],[28,-35]],[[2398,3924],[-41,-36]],[[2300,3941],[61,42]],[[3780,1304],[76,-54]],[[3856,1250],[-26,-44]],[[3830,1206],[-86,45]],[[3744,1251],[36,53]],[[4073,1203],[72,-35]],[[4145,1168],[-70,-70]],[[4075,1098],[-45,31]],[[4030,1129],[43,74]],[[2826,3369],[100,-121]],[[2926,3248],[-10,-24]],[[2916,3224],[-65,66]],[[2785,3350],[41,19]],[[1568,4592],[19,10]],[[1587,4602],[26,28]],[[1656,4618],[23,-31]],[[1679,4587],[-36,-51]],[[1643,4536],[-25,-3]],[[1618,4533],[-34,40]],[[1584,4573],[-16,19]],[[3390,2445],[66,57]],[[3508,2441],[-25,-25]],[[3483,2416],[-80,11]],[[3403,2427],[-13,18]],[[4338,1607],[108,-91]],[[4446,1516],[69,-61]],[[4515,1455],[-54,-72]],[[4461,1383],[-5,4]],[[4456,1387],[-110,70]],[[4346,1457],[-8,150]],[[776,6347],[4,-41]],[[780,6306],[-51,-9]],[[729,6297],[-51,-12]],[[678,6285],[-2,45]],[[906,6301],[26,4]],[[932,6305],[-20,-46]],[[912,6259],[-2,14]],[[910,6273],[-4,28]],[[3546,2308],[55,-76]],[[3601,2232],[-24,-24]],[[3577,2208],[-22,-22]],[[3555,2186],[-45,53]],[[3510,2239],[36,69]],[[2926,3248],[9,17]],[[2935,3265],[29,-51]],[[2988,3174],[23,-40]],[[3089,2997],[-35,-10]],[[3054,2987],[-48,82]],[[3006,3069],[-90,155]],[[539,6403],[128,23]],[[667,6426],[3,-28]],[[670,6398],[2,-28]],[[672,6370],[-68,-11]],[[604,6359],[-59,18]],[[545,6377],[-6,26]],[[1643,4536],[18,-19],[129,91]],[[1790,4608],[3,-1]],[[1793,4607],[33,-22]],[[1826,4585],[4,-3]],[[1778,4547],[-110,-73]],[[1635,4512],[-17,21]],[[4169,995],[27,3]],[[4196,998],[13,-55]],[[4209,943],[22,-50]],[[4231,893],[25,-54]],[[4256,839],[-51,-29],[-58,60]],[[4147,870],[22,125]],[[934,4868],[41,-24]],[[975,4844],[19,-11]],[[994,4833],[-18,-36]],[[976,4797],[-58,21]],[[918,4818],[16,50]],[[1142,5239],[25,44]],[[1167,5283],[50,-15]],[[1217,5268],[-10,-11]],[[1207,5257],[-15,-22]],[[1170,5206],[-19,22]],[[1151,5228],[-9,11]],[[1317,5356],[35,22]],[[1352,5378],[37,-27]],[[1361,5302],[-111,2]],[[1250,5304],[67,52]],[[3539,1731],[45,-30]],[[3584,1701],[-29,-98]],[[3555,1603],[-15,-26]],[[3540,1577],[-72,85]],[[3468,1662],[71,69]],[[1553,5066],[35,-46]],[[1588,5020],[-38,-26]],[[1550,4994],[-38,43]],[[1512,5037],[41,29]],[[1589,5164],[58,46]],[[1647,5210],[44,-25]],[[1691,5185],[-31,-25]],[[1660,5160],[-45,-35]],[[1615,5125],[-26,39]],[[1539,4844],[-22,-60]],[[1517,4784],[-42,27]],[[1475,4811],[23,42]],[[1464,4875],[34,-22]],[[1475,4811],[-45,29]],[[1430,4840],[34,35]],[[3223,1818],[49,91]],[[3272,1909],[25,-17]],[[3297,1892],[32,-118]],[[3329,1774],[-108,18]],[[3221,1792],[2,26]],[[1947,4665],[42,27]],[[2023,4609],[-45,-2]],[[1978,4607],[-31,58]],[[1793,4607],[58,38]],[[1868,4613],[-42,-28]],[[3006,3069],[-64,-44]],[[2942,3025],[-27,44]],[[2915,3069],[37,26],[-47,102]],[[2905,3197],[11,27]],[[1043,5333],[70,-11]],[[1113,5322],[-10,-34]],[[1103,5288],[-50,-22]],[[1053,5266],[-7,40]],[[1046,5306],[-3,27]],[[3091,3806],[-10,-80]],[[3081,3726],[-72,33]],[[3009,3759],[0,7]],[[3009,3766],[0,45]],[[2145,4249],[125,14]],[[2270,4263],[11,-54]],[[2281,4209],[-110,-27]],[[2171,4182],[-26,67]],[[2257,3982],[67,86]],[[2324,4068],[37,-85]],[[2285,3955],[-28,27]],[[2013,3601],[79,3]],[[2092,3604],[26,-86]],[[2118,3518],[-78,6]],[[2040,3524],[-22,50]],[[2018,3574],[-5,27]],[[928,5234],[46,-16]],[[974,5218],[9,-12]],[[983,5206],[-32,-30]],[[951,5176],[-23,28]],[[928,5204],[0,30]],[[6385,3602],[228,-3]],[[6613,3599],[-108,-70]],[[6505,3529],[-27,-5]],[[6478,3524],[-93,78]],[[4708,3756],[175,12]],[[4883,3768],[39,-64],[0,-145]],[[4814,3490],[-28,-3]],[[4786,3487],[-17,57]],[[4769,3544],[-14,51]],[[4632,4135],[30,-114]],[[4662,4021],[-108,5]],[[4554,4026],[-43,70]],[[4511,4096],[121,39]],[[2725,2916],[27,-100]],[[2752,2816],[-35,-46]],[[2717,2770],[-22,48]],[[2695,2818],[30,98]],[[688,5681],[25,-8]],[[713,5673],[1,-5]],[[714,5668],[8,-34]],[[722,5634],[6,-26]],[[728,5608],[-70,23]],[[658,5631],[30,50]],[[907,5665],[6,30]],[[913,5695],[46,-15]],[[959,5680],[-21,-47]],[[938,5633],[-15,-32]],[[923,5601],[-23,9]],[[900,5610],[7,55]],[[959,5680],[38,-38]],[[997,5642],[27,-26]],[[1024,5616],[0,-16]],[[1024,5600],[-40,-13]],[[984,5587],[-46,46]],[[472,5417],[42,-29]],[[514,5388],[-3,-5]],[[511,5383],[-17,-31]],[[494,5352],[-47,14]],[[447,5366],[25,51]],[[1341,5013],[41,-24]],[[1382,4989],[12,-30]],[[1372,4921],[-44,56]],[[1328,4977],[13,36]],[[724,5983],[73,-17]],[[797,5966],[22,12]],[[819,5978],[12,-40]],[[831,5938],[-99,-15]],[[732,5923],[-2,18]],[[730,5941],[-4,34]],[[726,5975],[-2,8]],[[629,5582],[114,-35]],[[743,5547],[9,-37]],[[752,5510],[-148,28]],[[604,5538],[25,44]],[[939,6251],[52,9]],[[991,6260],[2,-33]],[[993,6227],[-55,-5]],[[938,6222],[1,29]],[[1135,5454],[23,23]],[[1158,5477],[79,1]],[[1237,5478],[-37,-43]],[[1200,5435],[-65,19]],[[1180,5728],[89,36],[53,-44]],[[1322,5720],[25,-46]],[[1347,5674],[-14,-3]],[[1333,5671],[-114,8]],[[1219,5679],[-39,49]],[[1169,4800],[15,25]],[[1187,4829],[70,-41]],[[1257,4788],[-21,-32]],[[1236,4756],[-43,-43]],[[1193,4713],[-55,38]],[[1138,4751],[31,49]],[[2143,4555],[106,58]],[[2411,4567],[-239,-142]],[[1055,4798],[32,-19]],[[1087,4779],[-32,-63]],[[1055,4716],[-32,19]],[[1023,4735],[32,63]],[[682,6069],[-60,-16]],[[622,6053],[-16,71]],[[497,6714],[25,33]],[[522,6747],[26,-110]],[[548,6637],[-32,-2]],[[516,6635],[-19,79]],[[815,6847],[61,-9],[39,-63]],[[915,6775],[-22,-50]],[[893,6725],[-78,122]],[[856,6486],[2,-28]],[[858,6458],[-38,-6]],[[604,6359],[4,-41]],[[608,6318],[-47,-8]],[[561,6310],[-16,67]],[[2812,2107],[81,32],[36,-49]],[[2929,2090],[0,-61]],[[2929,2029],[-116,22]],[[2813,2051],[-1,56]],[[760,6551],[51,11]],[[811,6562],[38,6]],[[849,6568],[5,-55]],[[584,6216],[98,17]],[[682,6233],[3,-27]],[[590,6189],[-6,27]],[[1087,6143],[34,-7]],[[1121,6136],[8,-8]],[[1129,6128],[-3,-79]],[[1126,6049],[-102,-11]],[[1024,6038],[63,105]],[[3497,1257],[81,-67]],[[3578,1190],[-28,-56]],[[3550,1134],[-89,63]],[[4569,460],[32,43]],[[4601,503],[29,39]],[[4630,542],[32,-75]],[[4662,467],[24,-57]],[[4686,410],[7,-16]],[[4693,394],[-99,-47],[-25,113]],[[526,6456],[13,-53]],[[539,6403],[-62,-17]],[[477,6386],[49,70]],[[4231,893],[137,34]],[[4368,927],[20,-46]],[[4388,881],[-132,-42]],[[2892,2698],[78,-3]],[[2970,2695],[0,-8]],[[2970,2687],[16,-97]],[[2986,2590],[48,1]],[[3034,2591],[-30,-106]],[[3004,2485],[-58,109]],[[2946,2594],[-54,104]],[[3409,2031],[69,-38],[77,-102]],[[3555,1891],[-16,-24]],[[3539,1867],[-51,51]],[[3488,1918],[-25,19]],[[3463,1937],[-66,69]],[[3397,2006],[12,25]],[[597,4901],[11,-1]],[[608,4900],[64,-16]],[[672,4855],[-41,2]],[[631,4857],[-34,44]],[[2867,3103],[48,-34]],[[2942,3025],[35,-56]],[[2977,2969],[-34,-7]],[[2853,3068],[14,35]],[[1007,5562],[42,-23]],[[1049,5539],[24,-70]],[[1073,5469],[-16,-34]],[[1057,5435],[-63,114]],[[994,5549],[13,13]],[[1073,5234],[41,39]],[[1114,5273],[19,-23]],[[1133,5250],[-42,-40]],[[1091,5210],[-18,24]],[[1198,5141],[40,57]],[[1238,5198],[23,-19]],[[1560,5141],[29,23]],[[1615,5125],[39,-59]],[[1654,5066],[-11,-7]],[[1643,5059],[-51,39]],[[1592,5098],[-32,43]],[[1572,5215],[42,46]],[[1614,5261],[18,-29]],[[1632,5232],[15,-22]],[[1589,5164],[-31,36]],[[1558,5200],[14,15]],[[1576,5268],[11,14]],[[1587,5282],[27,-21]],[[1572,5215],[4,53]],[[1528,5370],[26,-22]],[[1554,5348],[-51,-64]],[[1503,5284],[-31,19]],[[1049,4869],[-27,-53]],[[1022,4816],[-28,17]],[[975,4844],[74,25]],[[1100,4689],[54,-42]],[[1154,4647],[-35,-57]],[[1119,4590],[-34,74]],[[1085,4664],[15,25]],[[1113,4832],[56,-32]],[[1138,4751],[-51,28]],[[1087,4779],[26,53]],[[3539,1867],[-63,-93]],[[3476,1774],[-74,48]],[[3402,1822],[86,96]],[[1524,4958],[26,36]],[[1550,4994],[52,-63]],[[1602,4931],[-19,-18]],[[1583,4913],[-35,16]],[[1544,4935],[-20,23]],[[1902,4684],[55,59]],[[1957,4743],[32,-51]],[[1947,4665],[-21,-14]],[[1867,4525],[37,23]],[[1904,4548],[17,-31]],[[1921,4517],[7,-45]],[[1928,4472],[-24,-15]],[[1904,4457],[-27,51]],[[1877,4508],[-10,17]],[[1999,4517],[42,-77]],[[2041,4440],[-76,55]],[[1033,4392],[99,28],[41,-24]],[[1173,4396],[-12,-84]],[[1161,4312],[-13,-33]],[[1148,4279],[-39,12]],[[1109,4291],[-43,11]],[[1066,4302],[-54,13]],[[1012,4315],[21,77]],[[511,5383],[41,-18]],[[552,5365],[-3,-13]],[[549,5352],[-4,-15]],[[545,5337],[-51,15]],[[4725,316],[77,59],[-29,56]],[[4773,431],[39,6]],[[4812,437],[29,-125]],[[4757,243],[-32,73]],[[4924,3439],[145,68]],[[5069,3507],[41,23]],[[5169,3482],[-43,-51]],[[5126,3431],[-90,-46]],[[4995,3374],[-15,13]],[[4980,3387],[-56,52]],[[6376,3753],[164,32]],[[6540,3785],[214,-5]],[[6754,3780],[-77,-124]],[[6677,3656],[-64,-57]],[[517,6764],[5,-17]],[[497,6714],[-30,-9]],[[464,6720],[-8,34]],[[456,6754],[61,10]],[[744,5802],[106,-34]],[[850,5768],[-5,-32]],[[845,5736],[-12,2]],[[833,5738],[-94,43]],[[739,5781],[5,21]],[[780,6306],[6,-83]],[[786,6223],[-49,-8]],[[737,6215],[-8,82]],[[717,5693],[9,42]],[[726,5735],[4,15]],[[730,5750],[71,-19]],[[801,5731],[-10,-51]],[[791,5680],[-74,13]],[[754,5234],[18,40]],[[772,5274],[28,-15]],[[800,5259],[-18,-38]],[[782,5221],[-27,12]],[[755,5233],[-1,1]],[[1889,4390],[38,25]],[[1927,4415],[14,-26]],[[1941,4389],[19,-35]],[[1914,4325],[-35,58]],[[1879,4383],[10,7]],[[2256,3766],[22,-123]],[[2278,3643],[4,-38]],[[2282,3605],[-21,20]],[[2261,3625],[-93,87]],[[2168,3712],[88,54]],[[2281,4209],[2,0]],[[2283,4209],[4,-18]],[[2287,4191],[-59,-22]],[[2228,4169],[-47,-17]],[[2181,4152],[-10,30]],[[2995,4054],[109,-8]],[[3104,4046],[23,-133]],[[3127,3913],[-116,38]],[[3011,3951],[2,42]],[[3013,3993],[-18,61]],[[1807,4700],[45,40]],[[1852,4740],[29,-29]],[[1840,4665],[-6,-5]],[[1834,4660],[-27,40]],[[1984,4785],[47,-51]],[[2031,4734],[-33,-36]],[[6075,3571],[112,1]],[[6187,3572],[0,-10]],[[6187,3562],[-1,-84]],[[6186,3478],[-117,-3],[6,96]],[[2514,3215],[83,9]],[[2597,3224],[2,-109]],[[2599,3115],[-34,-11]],[[2565,3104],[-51,111]],[[2885,2951],[11,2]],[[2903,2955],[0,-135]],[[2903,2820],[-9,-40]],[[2894,2780],[-40,-10]],[[2854,2770],[-34,64]],[[3054,2987],[131,-226]],[[3185,2761],[-38,-10]],[[3052,2986],[2,1]],[[3155,2198],[67,-34]],[[3222,2164],[38,-15]],[[3260,2149],[6,-66],[61,-61]],[[3327,2022],[-52,-55]],[[3275,1967],[-53,104]],[[3222,2071],[-19,35]],[[3203,2106],[-48,92]],[[3458,1312],[58,64]],[[3516,1376],[30,-37]],[[3546,1339],[-49,-82]],[[3462,1301],[-4,11]],[[2812,3893],[-11,-4]],[[2801,3889],[-68,50]],[[2733,3939],[79,33],[0,-79]],[[6137,3393],[68,9]],[[6205,3402],[101,-58]],[[6306,3344],[-3,-17]],[[6303,3327],[-52,-51]],[[6251,3276],[-19,45],[-95,3]],[[6137,3324],[0,69]],[[3631,2146],[33,107]],[[3664,2253],[160,-193]],[[3824,2060],[1,-2]],[[3825,2058],[-49,-47]],[[3776,2011],[-2,1]],[[3774,2012],[-143,134]],[[6337,3468],[56,22]],[[6393,3490],[25,-75]],[[6418,3415],[-107,-41]],[[6311,3374],[26,94]],[[6442,3036],[0,-131],[-166,1],[-4,52]],[[3185,1686],[11,-74]],[[3196,1612],[6,-38]],[[3202,1574],[-60,16],[43,96]],[[4164,1599],[46,-72]],[[4210,1527],[-74,40]],[[4136,1567],[28,32]],[[4412,735],[89,31]],[[4501,766],[100,-263]],[[4569,460],[-20,-7],[-132,134],[-5,148]],[[4388,881],[65,10]],[[4453,891],[65,30]],[[4518,921],[55,-130]],[[4573,791],[-72,-25]],[[4412,735],[-24,146]],[[6932,3921],[1,76]],[[6933,3997],[2,81]],[[6935,4078],[75,-21],[4,-136]],[[7014,3921],[-76,-43]],[[6938,3878],[-6,43]],[[3677,1788],[64,-75]],[[3741,1713],[-80,-62]],[[3661,1651],[-77,50]],[[3584,1701],[93,87]],[[4343,1330],[9,10]],[[4352,1340],[104,47]],[[4461,1383],[-39,-57]],[[4422,1326],[-59,-124]],[[4363,1202],[-7,-2]],[[3088,3319],[122,-20]],[[3210,3299],[9,-51]],[[3219,3248],[-44,-21]],[[3175,3227],[-75,36]],[[3100,3263],[-12,56]],[[6663,3434],[106,0]],[[6769,3434],[66,0]],[[6835,3434],[1,0]],[[6811,3208],[-81,3],[-82,72]],[[6648,3283],[-47,40]],[[6601,3323],[61,20],[1,91]],[[5058,2937],[95,156]],[[5153,3093],[60,-19]],[[5213,3074],[-37,-116]],[[5176,2958],[-7,-59]],[[5169,2899],[-29,-71]],[[5140,2828],[-3,-3]],[[5137,2825],[-79,112]],[[6824,3998],[16,0]],[[6840,3998],[93,-1]],[[6932,3921],[-119,-20]],[[6813,3901],[11,97]],[[3612,2075],[32,-70]],[[3644,2005],[-45,18]],[[3599,2023],[13,52]],[[864,5290],[19,40]],[[883,5330],[13,-6]],[[877,5284],[-13,6]],[[983,5206],[9,-10]],[[992,5196],[28,-34]],[[1020,5162],[-69,14]],[[703,5267],[16,35]],[[719,5302],[53,-28]],[[754,5234],[-51,33]],[[779,5393],[17,-67]],[[796,5326],[-39,21]],[[757,5347],[22,46]],[[987,6286],[24,5]],[[1011,6291],[5,-29]],[[1016,6262],[-25,-2]],[[991,6260],[-4,26]],[[803,6338],[31,-50]],[[834,6288],[-27,-5]],[[807,6283],[-4,55]],[[1022,4816],[33,-18]],[[1023,4735],[-33,19]],[[990,4754],[32,62]],[[967,5493],[10,-57]],[[977,5436],[-2,-14]],[[975,5422],[-12,4]],[[963,5426],[-28,40]],[[935,5466],[32,27]],[[850,5298],[19,40]],[[869,5338],[14,-8]],[[864,5290],[-14,8]],[[2398,3710],[2,1]],[[2400,3711],[105,-94]],[[2505,3617],[0,-39]],[[2505,3578],[-99,20]],[[2406,3598],[-7,5]],[[2399,3603],[-16,23]],[[2383,3626],[-2,3]],[[2381,3629],[17,81]],[[3969,1540],[29,-26]],[[3998,1514],[-61,-25]],[[3937,1489],[32,51]],[[2935,3265],[30,30]],[[2965,3295],[22,16]],[[2987,3311],[113,-48]],[[3175,3227],[-9,-12]],[[3035,1833],[48,75]],[[3083,1908],[52,78]],[[3135,1986],[27,-149]],[[3162,1837],[-64,50],[-30,-71]],[[3068,1816],[-33,17]],[[824,5312],[-24,-53]],[[772,5274],[24,52]],[[776,6347],[26,5]],[[802,6352],[1,-14]],[[807,6283],[5,-55]],[[812,6228],[-26,-5]],[[6101,3141],[159,1]],[[6260,3142],[44,0]],[[6100,3069],[1,72]],[[6101,3262],[57,13]],[[6158,3275],[93,-37]],[[6251,3238],[9,-96]],[[6101,3141],[0,121]],[[974,5218],[39,38]],[[1013,5256],[11,-9]],[[1024,5247],[9,-11]],[[1033,5236],[-21,-21]],[[1012,5215],[-20,-19]],[[882,4764],[88,-49]],[[970,4715],[33,-19]],[[1003,4696],[-20,-31]],[[900,4696],[-18,38]],[[1923,3871],[47,26]],[[1970,3897],[198,-185]],[[2168,3712],[-27,-34]],[[2141,3678],[-55,61]],[[2086,3739],[-28,41],[-77,-35]],[[1981,3745],[-21,50]],[[1960,3795],[-37,76]],[[2713,2666],[41,22]],[[2754,2688],[28,-62]],[[2782,2626],[-69,40]],[[3029,2859],[4,-5]],[[3129,2740],[-3,-2]],[[3126,2738],[-60,26]],[[3066,2764],[-31,36]],[[3035,2800],[1,1]],[[3036,2801],[-9,57]],[[3027,2858],[2,1]],[[3529,2049],[70,-26]],[[3599,2023],[-23,-87]],[[3576,1936],[-2,-11]],[[3574,1925],[-64,54],[19,70]],[[3261,1712],[12,-50]],[[3273,1662],[11,-21]],[[3284,1641],[-88,-29]],[[3185,1686],[-10,67]],[[3175,1753],[86,-41]],[[3002,2776],[33,24]],[[3066,2764],[-35,-24]],[[3031,2740],[-29,36]],[[4759,1480],[-30,-114],[-41,-51]],[[4688,1315],[-173,140]],[[4446,1516],[23,28],[129,-107],[161,43]],[[3828,1407],[-26,15]],[[3785,1534],[13,22]],[[4549,1206],[38,27]],[[4587,1233],[98,14],[7,-50]],[[4692,1197],[-22,-3]],[[4670,1194],[-90,-16]],[[4580,1178],[-84,-10]],[[4496,1168],[53,38]],[[3232,1377],[7,-49]],[[3239,1328],[100,-125]],[[3339,1203],[-36,-37]],[[3303,1166],[-54,85],[-17,126]],[[4446,3793],[22,89],[71,-2]],[[4539,3880],[21,-109]],[[4560,3771],[-92,-36],[-22,58]],[[6353,3607],[4,-13]],[[6357,3594],[-55,-22]],[[6302,3572],[-32,-11]],[[6270,3561],[0,103]],[[6187,3572],[4,48],[71,51]],[[6270,3561],[-83,1]],[[817,5991],[42,10]],[[859,6001],[6,-64]],[[865,5937],[-33,-6]],[[832,5931],[-1,7]],[[819,5978],[-2,13]],[[984,5268],[29,-12]],[[928,5234],[56,34]],[[1012,5215],[38,-45]],[[1050,5170],[-21,-19]],[[1029,5151],[-9,11]],[[1510,5179],[48,21]],[[1560,5141],[-18,-14]],[[1542,5127],[-32,52]],[[1860,4539],[7,-14]],[[1877,4508],[-57,-37]],[[1820,4471],[-18,32]],[[1888,4043],[39,16]],[[1927,4059],[27,9]],[[1954,4068],[10,3]],[[1964,4071],[44,-86]],[[2008,3985],[-82,-47]],[[1926,3938],[-70,91]],[[1856,4029],[32,14]],[[2529,3520],[94,-18]],[[2623,3502],[38,-35]],[[2576,3429],[-47,91]],[[2707,3424],[49,27]],[[2756,3451],[21,-23]],[[2777,3428],[-3,-67]],[[2720,3331],[-27,25]],[[2693,3356],[-25,50]],[[4686,410],[87,21]],[[4725,316],[-32,78]],[[1333,5671],[-23,-88]],[[1310,5583],[-45,13]],[[1265,5596],[-31,45]],[[1234,5641],[-15,38]],[[3309,2131],[39,-14]],[[3348,2117],[47,-18]],[[3395,2099],[-47,-53],[-39,85]],[[3162,1836],[65,104]],[[3227,1940],[45,-31]],[[3223,1818],[-58,-3]],[[3165,1815],[-1,7]],[[3164,1822],[-2,14]],[[4055,1376],[45,-31]],[[4100,1345],[-23,-57]],[[4077,1288],[-59,23]],[[4018,1311],[37,65]],[[3334,1553],[28,-21]],[[3362,1532],[84,-77]],[[3446,1455],[-65,-61]],[[3381,1394],[-125,90]],[[3256,1484],[78,69]],[[3550,1134],[-45,-74]],[[3505,1060],[-114,84]],[[5260,3357],[52,3],[-5,-103],[-47,-14]],[[5260,3243],[0,114]],[[906,5458],[28,35]],[[934,5493],[33,0]],[[935,5466],[-29,-8]],[[938,5504],[50,39]],[[988,5543],[-21,-50]],[[934,5493],[4,11]],[[1277,4978],[18,46]],[[1295,5024],[17,24]],[[1312,5048],[11,-7]],[[1323,5041],[23,-10]],[[1346,5031],[-5,-18]],[[1328,4977],[-9,-25]],[[1774,4142],[49,148]],[[1823,4290],[28,-34]],[[1851,4256],[-33,-126]],[[1818,4130],[-35,-2]],[[1783,4128],[-9,14]],[[448,6512],[24,7]],[[472,6519],[37,10]],[[509,6529],[17,-73]],[[477,6386],[22,-93]],[[499,6293],[-69,-18],[-50,234]],[[380,6509],[68,3]],[[600,6020],[10,-47]],[[610,5973],[-11,-130]],[[599,5843],[-39,166]],[[560,6009],[40,11]],[[1983,4312],[15,-27]],[[1998,4285],[9,-16]],[[1933,4222],[-2,4]],[[1704,4827],[66,-11]],[[1719,4765],[-35,43]],[[2367,3291],[107,13]],[[2474,3304],[11,-25]],[[2485,3279],[-114,-73]],[[2371,3206],[-4,51]],[[2367,3257],[0,34]],[[4110,1263],[31,53]],[[4169,1295],[48,-37]],[[4217,1258],[-26,-45],[-81,50]],[[1656,5424],[130,-18],[44,-71]],[[1830,5335],[11,-15]],[[1841,5320],[-39,-32],[-59,86],[-87,50]],[[2382,3502],[11,-1]],[[2393,3501],[53,-50]],[[2446,3451],[75,-69]],[[2521,3382],[-67,-36]],[[2454,3346],[-30,64]],[[2424,3410],[-7,15]],[[2417,3425],[-25,52]],[[2392,3477],[-10,25]],[[731,6690],[50,50]],[[781,6740],[9,6]],[[815,6738],[21,-62]],[[836,6676],[-53,-48]],[[783,6628],[-46,-17]],[[737,6611],[-7,40]],[[730,6651],[1,39]],[[552,5365],[38,151]],[[590,5516],[0,2]],[[590,5518],[63,-21]],[[653,5497],[-13,-49]],[[629,5406],[-80,-54]],[[670,6398],[101,17]],[[773,6388],[1,-13]],[[673,6357],[-1,13]],[[1632,4106],[73,72],[66,-42]],[[1771,4136],[5,-137],[-33,-13],[76,-174]],[[1819,3812],[-97,-56],[14,-66]],[[1736,3690],[-61,-32]],[[1675,3658],[-96,157],[-30,100],[-56,-24]],[[1493,3891],[136,88],[89,31],[-86,96]],[[915,6775],[42,3],[88,-132]],[[1045,6646],[-48,-45]],[[989,6616],[-96,109]],[[896,5827],[32,-6]],[[928,5821],[-5,-77]],[[923,5744],[-44,-4]],[[879,5740],[17,87]],[[1563,4844],[24,0]],[[1587,4844],[0,-40]],[[1587,4804],[-32,-44]],[[1555,4760],[-38,24]],[[2024,4360],[55,10]],[[2079,4370],[21,-37]],[[2100,4333],[-56,-21]],[[2044,4312],[-5,-1]],[[2039,4311],[-15,49]],[[571,6269],[107,16]],[[678,6285],[2,-24]],[[680,6261],[-102,-18]],[[1686,4972],[41,-49]],[[1727,4923],[-42,-40]],[[1685,4883],[-40,46]],[[1645,4929],[41,43]],[[1439,5044],[23,19]],[[1462,5063],[14,-59]],[[1476,5004],[-25,-23]],[[1451,4981],[-26,52]],[[1425,5033],[14,11]],[[3577,2208],[54,-62]],[[3631,2146],[-11,-41]],[[3620,2105],[-1,-1]],[[3619,2104],[-75,45]],[[3544,2149],[11,37]],[[921,5731],[64,4]],[[985,5735],[-9,-20]],[[976,5715],[-11,-22]],[[965,5693],[-6,-13]],[[913,5695],[8,36]],[[5210,3556],[83,16],[87,-45]],[[5380,3527],[0,-62],[-95,-1]],[[5285,3464],[-69,64]],[[2389,3828],[57,60]],[[2446,3888],[19,-19]],[[2465,3869],[-51,-65]],[[2414,3804],[-25,24]],[[6393,3490],[85,34]],[[6505,3529],[14,-29]],[[6519,3500],[-45,-66]],[[6474,3434],[92,-81]],[[6566,3353],[-131,-3]],[[6435,3350],[-17,65]],[[2228,4169],[27,-83]],[[2255,4086],[-47,-18]],[[2208,4068],[-14,43]],[[2194,4111],[-13,41]],[[514,5388],[27,45]],[[541,5433],[49,83]],[[1638,5056],[31,-61]],[[1669,4995],[-27,-25]],[[1642,4970],[-47,55]],[[1595,5025],[43,31]],[[3302,3061],[155,-2]],[[3457,3059],[-21,-149]],[[3436,2910],[-13,3]],[[3423,2913],[-83,76],[-38,72]],[[6306,3344],[134,-32]],[[6440,3312],[2,-73]],[[6442,3239],[0,-23]],[[6442,3216],[-138,14]],[[6304,3230],[0,8]],[[6304,3238],[-1,89]],[[2022,3245],[109,76]],[[2131,3321],[22,15]],[[2153,3336],[55,-35]],[[2208,3301],[65,-14]],[[2273,3287],[-70,-70]],[[2203,3217],[-159,-28]],[[2044,3189],[-22,56]],[[4746,3258],[99,25]],[[4845,3283],[8,-28]],[[4891,3157],[55,-75]],[[4946,3082],[-71,-41]],[[4875,3041],[-100,166]],[[4775,3207],[-29,51]],[[862,5356],[7,-18]],[[850,5298],[-13,7]],[[2929,2090],[41,1]],[[2970,2091],[-9,-68]],[[2961,2023],[-32,6]],[[835,5671],[30,0]],[[865,5671],[42,-6]],[[900,5610],[-73,22]],[[827,5632],[8,39]],[[1095,5459],[52,38]],[[1147,5497],[11,-20]],[[1135,5454],[-13,-18]],[[1122,5436],[-27,23]],[[4573,791],[72,18]],[[4645,809],[60,-100],[39,-5]],[[4744,704],[-40,-75]],[[4704,629],[-131,162]],[[3578,1190],[50,70]],[[3628,1260],[17,32]],[[3645,1292],[168,-142]],[[3753,1077],[-117,102],[-86,-45]],[[2521,3382],[67,-69]],[[2588,3313],[-96,-50]],[[2492,3263],[-7,16]],[[2474,3304],[-20,42]],[[1090,5533],[4,17]],[[1094,5550],[6,-1]],[[1100,5549],[55,-18]],[[1155,5531],[3,-4]],[[1158,5527],[-11,-30]],[[1095,5459],[-19,18]],[[1076,5477],[14,56]],[[2303,3429],[89,48]],[[2417,3425],[-92,-42]],[[2325,3383],[-22,46]],[[2092,4119],[89,33]],[[2194,4111],[-68,-26]],[[2126,4085],[-34,34]],[[1892,4973],[86,-59]],[[1969,4873],[-32,-2]],[[1937,4871],[-3,7]],[[1934,4878],[-58,81]],[[1876,4959],[16,14]],[[3069,2082],[45,-61]],[[3114,2021],[4,-5]],[[3118,2016],[24,-18]],[[3142,1998],[-7,-12]],[[3083,1908],[-5,4]],[[3078,1912],[14,56],[-63,47]],[[3029,2015],[40,67]],[[2700,3076],[86,-177]],[[2786,2899],[-34,-83]],[[2725,2916],[6,80],[-72,59]],[[2659,3055],[41,21]],[[1998,4285],[41,26]],[[2044,4312],[43,-80]],[[2087,4232],[-46,-24]],[[2041,4208],[-16,29]],[[802,6030],[-4,-14]],[[798,6016],[-78,-14]],[[923,5744],[-2,-13]],[[865,5671],[14,69]],[[1055,4716],[45,-27]],[[1085,4664],[-8,-12]],[[1077,4652],[-42,25]],[[1035,4677],[20,39]],[[1347,5674],[112,-112]],[[1459,5562],[-146,-15]],[[1313,5547],[-3,36]],[[643,5606],[93,-29]],[[736,5577],[5,-21]],[[741,5556],[2,-9]],[[629,5582],[14,24]],[[1676,4682],[30,25]],[[1706,4707],[16,-21]],[[1722,4686],[46,-20]],[[1768,4666],[-27,-26]],[[1741,4640],[-36,23]],[[4612,915],[134,-11]],[[4746,904],[-5,-106]],[[4741,798],[-96,11]],[[4645,809],[-33,106]],[[2479,4610],[62,-130]],[[2541,4480],[-57,-35]],[[2484,4445],[-73,122]],[[2914,3897],[95,-12]],[[3009,3766],[-92,-1]],[[2917,3765],[-1,72]],[[2916,3837],[-2,60]],[[1049,4869],[64,-37]],[[865,5937],[43,8]],[[908,5945],[-5,-50]],[[903,5895],[-65,-2]],[[838,5893],[-6,38]],[[1024,5616],[19,4]],[[1043,5620],[19,-32]],[[1062,5588],[-30,-12]],[[1032,5576],[-8,24]],[[1843,4842],[12,54]],[[1855,4896],[79,-18]],[[1937,4871],[6,-31]],[[1910,4791],[-67,51]],[[3011,3362],[19,8]],[[3030,3370],[11,-32]],[[3041,3338],[47,-19]],[[2987,3311],[24,51]],[[1158,5527],[64,-16]],[[1222,5511],[15,-33]],[[3123,3869],[5,44]],[[3128,3913],[63,-76],[-16,-40]],[[3175,3797],[-15,3]],[[3160,3800],[-50,3]],[[858,6458],[85,27]],[[960,6476],[-25,-30]],[[935,6446],[-76,-11]],[[859,6435],[-1,23]],[[4769,3544],[-114,-61]],[[4655,3483],[-33,85]],[[2092,4119],[-19,28]],[[2073,4147],[98,35]],[[2565,3660],[59,80]],[[2624,3740],[24,-34]],[[2648,3706],[-63,-64]],[[2585,3642],[-20,18]],[[5276,3931],[1,62]],[[5277,3993],[88,18]],[[5365,4011],[76,-63],[1,-74]],[[5442,3874],[-128,13]],[[5314,3887],[-38,1]],[[5276,3888],[0,43]],[[2072,3723],[20,-119]],[[2013,3601],[-3,24]],[[2010,3625],[62,98]],[[1413,5080],[-55,-9]],[[1358,5071],[14,44]],[[2265,3766],[116,-137]],[[2383,3626],[-105,17]],[[2256,3766],[9,0]],[[487,5988],[43,12]],[[530,6000],[17,-70]],[[547,5930],[-48,-12]],[[499,5918],[-12,70]],[[1067,4241],[42,50]],[[1148,4279],[-37,-70]],[[1111,4209],[-44,32]],[[859,6435],[0,-5]],[[859,6430],[-33,-46]],[[826,6384],[-1,13]],[[826,6384],[3,-28]],[[829,6356],[-27,-4]],[[1931,4226],[-44,-13]],[[1887,4213],[-36,43]],[[1851,4256],[52,37]],[[3142,1998],[54,-37]],[[3196,1961],[31,-21]],[[3162,1836],[0,1]],[[3741,1713],[19,-33]],[[3760,1680],[-51,-62]],[[3709,1618],[-48,33]],[[547,5930],[17,-79]],[[564,5851],[-54,-13]],[[510,5838],[-11,80]],[[896,6109],[62,12]],[[958,6121],[7,-48]],[[965,6073],[-11,-5]],[[954,6068],[-34,-5]],[[920,6063],[-18,-4]],[[902,6059],[-6,50]],[[4778,3988],[37,28]],[[4815,4016],[33,15]],[[4848,4031],[-1,-134]],[[4847,3897],[-45,55]],[[4802,3952],[-24,36]],[[3979,1277],[19,-8]],[[3998,1269],[39,-50],[-38,-68]],[[3999,1151],[-67,47]],[[3932,1198],[47,79]],[[3523,2422],[56,-67]],[[3579,2355],[-87,0]],[[3492,2355],[-9,61]],[[2008,3985],[49,27]],[[2057,4012],[37,-44]],[[2094,3968],[-124,-71]],[[1970,3897],[-44,41]],[[1010,4463],[42,21]],[[1052,4484],[136,-7]],[[1188,4477],[-15,-81]],[[1033,4392],[-23,71]],[[3761,1955],[108,-105]],[[3869,1850],[69,-72]],[[3970,1744],[-118,-48],[-171,97]],[[3681,1793],[-47,36]],[[3634,1829],[58,95],[69,31]],[[944,5842],[42,83]],[[986,5925],[28,15]],[[1014,5940],[5,-70]],[[1019,5870],[-75,-28]],[[1476,5849],[92,72],[43,1],[38,-11]],[[1649,5911],[-27,-2],[-4,-41]],[[1618,5868],[-146,-34]],[[1472,5834],[4,15]],[[1768,4666],[39,34]],[[1834,4660],[-63,-39]],[[1771,4621],[-30,19]],[[516,6635],[-31,-2]],[[2041,4440],[9,-16]],[[2050,4424],[-41,-11]],[[2009,4413],[-27,-9]],[[1982,4404],[-42,76]],[[1940,4480],[25,15]],[[4861,3420],[-51,-16]],[[4810,3404],[-24,83]],[[3477,1433],[-31,22]],[[3362,1532],[58,42],[84,-61],[-27,-80]],[[1207,5257],[59,-14]],[[1266,5243],[-5,-64]],[[1238,5198],[-14,11]],[[1471,5103],[15,-21]],[[1486,5082],[-6,-5]],[[1480,5077],[-18,-14]],[[1439,5044],[-26,36]],[[1978,4607],[-40,-25]],[[1938,4582],[-5,9]],[[1933,4591],[-26,47]],[[1119,4590],[27,-21]],[[1146,4569],[-13,-17]],[[1133,4552],[-80,61]],[[1053,4613],[24,39]],[[3825,2058],[123,-134]],[[3948,1924],[-3,-7]],[[3945,1917],[-169,94]],[[2452,3765],[31,-27]],[[2506,3717],[-1,-100]],[[2400,3711],[52,54]],[[3267,2725],[48,-56]],[[3315,2669],[-55,-60]],[[3260,2609],[-34,79]],[[3226,2688],[41,37]],[[841,5870],[7,-40]],[[848,5830],[-101,-16]],[[747,5814],[-6,6]],[[741,5820],[-1,37]],[[1062,5588],[32,-38]],[[1090,5533],[-41,6]],[[1007,5562],[25,14]],[[856,4820],[1,57]],[[857,4877],[29,-2]],[[886,4875],[-2,-57]],[[884,4818],[-1,-26]],[[662,6491],[6,4]],[[668,6495],[27,19]],[[731,6436],[-64,-10]],[[667,6426],[-5,65]],[[978,6480],[-37,-74]],[[941,6406],[-6,40]],[[663,5881],[69,39]],[[732,5920],[5,-42]],[[740,5857],[-77,24]],[[836,6288],[20,3]],[[856,6291],[3,-27]],[[859,6264],[5,-27]],[[864,6237],[-23,-4]],[[841,6233],[-5,55]],[[2977,2969],[67,15]],[[3029,2859],[-86,103]],[[1799,4797],[-9,-54]],[[1790,4743],[-68,-57]],[[1706,4707],[32,32]],[[2008,3505],[32,19]],[[2040,3524],[51,-92]],[[2063,3421],[-55,84]],[[908,5945],[3,33]],[[911,5978],[50,8]],[[961,5986],[4,-47]],[[965,5939],[-19,-31]],[[946,5908],[-44,-19]],[[902,5889],[1,6]],[[4109,1520],[27,47]],[[4210,1527],[-59,-83]],[[4151,1444],[-61,42]],[[4090,1486],[19,34]],[[3366,2472],[63,62]],[[3390,2445],[-24,27]],[[4993,3208],[66,40],[85,-4]],[[5144,3244],[57,-72],[-48,-79]],[[5058,2937],[-112,145]],[[1313,5547],[0,-65]],[[1313,5482],[-79,24]],[[1234,5506],[31,90]],[[1424,4923],[67,63]],[[1491,4986],[15,-18]],[[1506,4968],[-65,-65]],[[1441,4903],[-10,12]],[[1010,5300],[36,6]],[[1053,5266],[-7,-1]],[[1046,5265],[-17,-3]],[[1029,5262],[-19,38]],[[1033,5236],[38,-45]],[[1071,5191],[-21,-21]],[[997,5642],[25,33]],[[1022,5675],[20,21]],[[1042,5696],[19,-37]],[[1061,5659],[-18,-39]],[[1110,5428],[93,-59]],[[1203,5369],[45,0]],[[1248,5369],[69,-13]],[[1250,5304],[-4,-5]],[[1246,5299],[-25,27]],[[1221,5326],[-96,64]],[[1125,5390],[-51,19]],[[1074,5409],[36,19]],[[898,4819],[20,-1]],[[976,4797],[-14,-27]],[[962,4770],[-64,49]],[[2920,2958],[9,-119]],[[2929,2839],[0,-18]],[[2929,2821],[-26,-1]],[[5128,3870],[148,18]],[[5276,3888],[-2,-125]],[[5274,3763],[-75,1]],[[5199,3764],[-104,1]],[[5095,3765],[33,105]],[[526,6456],[57,66]],[[602,6521],[-21,-90]],[[581,6431],[-42,-28]],[[3915,1347],[64,-70]],[[3932,1198],[-76,52]],[[3856,1250],[59,97]],[[1185,4671],[19,34]],[[1204,4705],[59,-49]],[[1263,4656],[-3,-4]],[[1212,4593],[-9,8]],[[1203,4601],[-29,28]],[[1174,4629],[11,42]],[[1790,4743],[17,-43]],[[2959,2840],[51,3]],[[3010,2843],[26,-42]],[[3002,2776],[-14,-4]],[[2988,2772],[-29,68]],[[3885,1656],[140,52]],[[4025,1708],[10,-41]],[[4035,1667],[-140,-39]],[[6068,3383],[69,10]],[[6137,3324],[21,-49]],[[6101,3262],[-56,49],[23,72]],[[1091,5210],[19,-22]],[[1110,5188],[18,-22]],[[1128,5166],[-10,-10]],[[1118,5156],[-10,-10]],[[1108,5146],[-37,45]],[[1071,5191],[20,19]],[[3185,2761],[41,-73]],[[3260,2609],[-9,-10]],[[3251,2599],[-2,-1]],[[3249,2598],[-51,60]],[[3198,2658],[-69,82]],[[610,4955],[38,1]],[[608,4900],[2,55]],[[2961,2023],[48,-39]],[[2986,1948],[-23,-35]],[[2963,1913],[-30,-33]],[[2933,1880],[-4,149]],[[699,4776],[18,49]],[[734,4824],[20,0]],[[777,4792],[16,-81],[107,-15]],[[872,4635],[-83,39],[-89,93]],[[700,4767],[-1,9]],[[1424,5881],[35,155],[95,-5],[31,-43]],[[1585,5988],[66,-65],[1,-9],[-4,-6]],[[1648,5908],[1,3]],[[1476,5849],[-52,32]],[[1146,4569],[57,32]],[[1249,4559],[-70,-42],[-46,35]],[[1486,5082],[34,27]],[[1520,5109],[33,-43]],[[1512,5037],[-32,40]],[[3275,1967],[22,-75]],[[3196,1961],[26,110]],[[1760,4886],[15,16]],[[1775,4902],[48,-39]],[[1823,4863],[-25,-23]],[[1704,4827],[56,59]],[[3366,2472],[44,85]],[[812,6228],[29,5]],[[864,6237],[4,-27]],[[868,6210],[4,-27]],[[872,6183],[-81,-14]],[[791,6169],[-2,27]],[[789,6196],[-3,27]],[[1217,5268],[29,31]],[[1246,5299],[79,-40]],[[1325,5259],[-9,-28]],[[1316,5231],[-50,12]],[[3329,1774],[27,-47]],[[3356,1727],[-45,-4]],[[3311,1723],[-50,-11]],[[3261,1712],[-40,80]],[[2680,3963],[53,-24]],[[2801,3889],[24,-31]],[[2825,3858],[-46,-21]],[[2779,3837],[-132,50]],[[2647,3887],[33,76]],[[1125,5374],[-12,-52]],[[1043,5333],[82,41]],[[517,6764],[71,-21]],[[588,6743],[-2,-42]],[[586,6701],[-21,-63]],[[3103,2296],[71,-19]],[[3174,2277],[48,-113]],[[3155,2198],[-52,98]],[[2970,2695],[48,1]],[[3018,2696],[16,-105]],[[2986,2590],[-16,97]],[[783,6628],[28,-66]],[[755,6558],[-18,53]],[[6626,3544],[37,-5]],[[6663,3539],[0,-105]],[[6663,3434],[-38,0]],[[6934,4148],[1,-68]],[[6935,4080],[-94,-6]],[[6841,4074],[0,75],[93,-1]],[[872,6183],[4,-28]],[[876,6155],[2,-13]],[[878,6142],[-84,-15]],[[794,6127],[-3,42]],[[2094,3968],[95,-112]],[[2189,3856],[53,-63]],[[2242,3793],[23,-27]],[[2284,3507],[98,-5]],[[2303,3429],[-19,78]],[[3166,2864],[53,6],[12,-99]],[[3231,2771],[-33,-7]],[[3198,2764],[-32,100]],[[3505,1060],[1,-1]],[[3506,1059],[-158,4],[-31,79],[52,27]],[[3010,2843],[17,15]],[[890,5276],[-9,-21]],[[881,5255],[-40,21]],[[841,5276],[9,22]],[[802,5192],[36,-31]],[[838,5161],[-51,-2]],[[787,5159],[15,33]],[[829,6356],[25,5]],[[854,6361],[2,-70]],[[836,6288],[-2,0]],[[2465,3869],[66,-50]],[[2452,3765],[-38,39]],[[859,6264],[51,9]],[[912,6259],[3,-13]],[[915,6246],[-51,-9]],[[812,5556],[15,76]],[[923,5601],[-35,-76]],[[839,5537],[-29,10]],[[810,5547],[2,9]],[[1933,4591],[-39,-24]],[[1894,4567],[-26,46]],[[1193,5007],[50,-40]],[[1270,4945],[-49,-66]],[[1221,4879],[-32,25]],[[1189,4904],[4,103]],[[1103,5288],[25,8]],[[1128,5296],[-14,-23]],[[1073,5234],[-27,31]],[[684,6775],[97,-35]],[[731,6690],[-47,85]],[[833,5738],[-32,-7]],[[730,5750],[9,31]],[[856,6486],[48,37]],[[904,6523],[20,3]],[[2371,3206],[-39,-33],[-106,10]],[[2226,3183],[29,61],[112,13]],[[2072,3723],[14,16]],[[2141,3678],[-4,-72]],[[2137,3606],[-45,-2]],[[2058,4674],[124,-42]],[[2182,4632],[-39,-77]],[[990,4754],[-28,16]],[[2546,3679],[57,64]],[[2612,3753],[12,-13]],[[2565,3660],[-19,19]],[[976,5715],[36,19]],[[1012,5734],[30,-38]],[[1022,5675],[-57,18]],[[3100,2605],[98,53]],[[3249,2598],[-107,-116],[-42,123]],[[420,5375],[27,-9]],[[545,5337],[29,-39]],[[574,5298],[-65,-9],[-89,86]],[[1153,5079],[61,-45]],[[1214,5034],[-1,0]],[[1213,5034],[-2,-3]],[[1211,5031],[-18,-24]],[[1193,5007],[-57,47]],[[1136,5054],[17,25]],[[2729,3480],[27,-29]],[[2674,3455],[55,25]],[[3018,2696],[18,2]],[[3036,2698],[74,31]],[[3110,2729],[19,-68],[-29,-56]],[[3100,2605],[-66,-14]],[[5126,3431],[-30,-46]],[[747,5814],[-3,-12]],[[726,5735],[-28,-3]],[[698,5732],[-4,19]],[[694,5751],[-18,74]],[[676,5825],[65,-5]],[[1904,4457],[-39,-25]],[[1865,4432],[-45,39]],[[988,5543],[6,6]],[[1057,5435],[-6,-16]],[[1051,5419],[-32,6]],[[1019,5425],[-42,11]],[[2959,2840],[-30,-1]],[[3828,1407],[-48,-103]],[[3780,1304],[-94,65]],[[463,5955],[34,-53],[-3,-31],[-23,-9],[53,-69]],[[524,5793],[24,-67]],[[548,5726],[-42,8]],[[506,5734],[-10,79],[-200,7],[19,83],[168,-28],[-20,80]],[[4688,1315],[-101,-82]],[[4587,1233],[-9,73],[-110,-4]],[[4468,1302],[-46,24]],[[6393,3490],[-36,104]],[[5285,3464],[137,-139],[12,-36]],[[5434,3289],[-114,-84]],[[5320,3205],[-67,-2]],[[5253,3203],[7,40]],[[5260,3357],[-7,28]],[[680,6261],[2,-28]],[[584,6216],[-6,27]],[[2196,3608],[65,17]],[[2282,3605],[99,-93]],[[2381,3512],[12,-11]],[[2279,3536],[-75,18]],[[2204,3554],[-8,54]],[[4083,1044],[86,-49]],[[4147,870],[-111,122]],[[4036,992],[47,52]],[[1322,5720],[66,41]],[[1388,5761],[16,-3]],[[1404,5758],[15,-23]],[[1419,5735],[73,-111]],[[1492,5624],[22,-36]],[[1514,5588],[-32,-45]],[[1482,5543],[-23,19]],[[3273,1662],[57,21]],[[3330,1683],[17,-34]],[[3347,1649],[-63,-8]],[[572,5788],[40,20]],[[612,5808],[21,-74],[61,17]],[[698,5732],[-91,-25]],[[607,5707],[-32,11]],[[575,5718],[-3,70]],[[1243,5910],[74,-16]],[[1317,5894],[87,-136]],[[1388,5761],[-57,61]],[[1331,5822],[-146,63]],[[1185,5885],[58,25]],[[984,5587],[1,-29]],[[985,5558],[-62,43]],[[574,4902],[23,-1]],[[631,4857],[1,-57],[67,-24]],[[700,4767],[-36,-57],[-67,11],[-28,77]],[[569,4798],[5,104]],[[1014,5940],[92,58]],[[1106,5998],[-19,-42]],[[1087,5956],[-31,-67]],[[1056,5889],[-37,-19]],[[1520,4951],[4,7]],[[1464,4875],[56,76]],[[2840,3380],[42,55]],[[2882,3435],[26,-48]],[[2908,3387],[57,-92]],[[2826,3369],[14,11]],[[4741,798],[2,-70]],[[4743,728],[1,-24]],[[1727,4923],[33,-37]],[[1642,4844],[43,39]],[[928,5821],[80,-36]],[[1008,5785],[-23,-50]],[[966,5397],[9,25]],[[975,5422],[31,-1]],[[1006,5421],[-2,-28]],[[1004,5393],[-38,4]],[[1026,5824],[30,65]],[[1056,5889],[95,42],[66,-11]],[[1217,5920],[26,-10]],[[1185,5885],[-15,-3]],[[1170,5882],[-144,-58]],[[1942,4760],[-61,-49]],[[1852,4740],[57,50]],[[798,6016],[-1,-50]],[[1236,4756],[65,-54],[-38,-46]],[[1204,4705],[-11,8]],[[2171,4360],[-71,-27]],[[2636,3127],[29,26]],[[2665,3153],[35,-77]],[[2659,3055],[-23,-12]],[[2636,3043],[0,84]],[[881,5255],[-15,-31]],[[866,5224],[-40,21]],[[826,5245],[15,31]],[[1198,5142],[-28,41]],[[6217,3419],[120,49]],[[6311,3374],[-5,-30]],[[6205,3402],[12,17]],[[3260,2309],[0,-160]],[[3174,2277],[86,32]],[[1438,5257],[59,-20]],[[1497,5237],[-42,-57]],[[1455,5180],[-60,16]],[[1213,5034],[58,9]],[[1271,5043],[16,-12]],[[1287,5031],[-27,-39]],[[1260,4992],[-49,39]],[[3175,1753],[-10,62]],[[849,6568],[55,-45]],[[1185,4671],[-70,43]],[[1115,4714],[23,37]],[[836,6676],[57,49]],[[975,6599],[-79,43],[-54,-7]],[[842,6635],[-6,41]],[[3601,2232],[44,44]],[[3645,2276],[19,-23]],[[1222,5511],[12,-5]],[[1313,5482],[0,-4]],[[1272,5451],[-62,-21]],[[1210,5430],[-10,5]],[[1674,4724],[45,41]],[[1660,4693],[-13,8]],[[2792,3258],[45,-66]],[[2837,3192],[-36,-63]],[[2801,3129],[-86,101]],[[2715,3230],[15,7]],[[3539,1867],[60,-73],[-60,-63]],[[3539,1731],[-63,43]],[[2894,1732],[93,28]],[[2987,1760],[48,73]],[[3068,1816],[67,-37]],[[3135,1779],[-96,-124],[-105,-24],[-138,18]],[[2796,1649],[98,83]],[[4035,1390],[55,96]],[[4142,1367],[-87,9]],[[4055,1376],[-20,14]],[[1028,5339],[15,-6]],[[1010,5300],[-21,-2]],[[989,5298],[39,41]],[[4704,629],[50,-70]],[[4754,559],[-63,-39]],[[4691,520],[-29,55]],[[4662,575],[42,54]],[[868,6210],[70,12]],[[993,6227],[2,-27]],[[995,6200],[-123,-17]],[[5314,3887],[97,-56],[107,9]],[[5518,3840],[10,-81]],[[5528,3759],[-176,3]],[[5352,3762],[-78,1]],[[1587,4804],[48,-5]],[[1652,4778],[-8,-8]],[[1602,4730],[-47,30]],[[1819,3812],[104,59]],[[1960,3795],[-161,-92]],[[1799,3703],[-63,-13]],[[854,6051],[5,-50]],[[817,5991],[37,60]],[[3619,2104],[-7,-29]],[[3529,2049],[-27,10]],[[3502,2059],[42,90]],[[3661,1651],[-49,-85],[-57,37]],[[1331,5822],[-92,-8],[-69,68]],[[821,5442],[-48,11]],[[773,5453],[37,94]],[[1894,4567],[10,-19]],[[3709,1618],[-9,-15]],[[3700,1603],[-65,-114]],[[3635,1489],[-95,88]],[[5352,3762],[2,-120]],[[5354,3642],[-147,-72]],[[5207,3570],[-5,48]],[[5202,3618],[-3,134]],[[5199,3752],[0,12]],[[1297,5162],[14,-8]],[[1311,5154],[-12,-61]],[[1299,5093],[-27,-13]],[[1272,5080],[-23,19]],[[5420,3074],[27,99]],[[5447,3173],[10,32]],[[5457,3205],[40,0]],[[5497,3205],[-14,-173]],[[5483,3032],[-72,19]],[[5411,3051],[9,23]],[[1928,4162],[3,-1]],[[1931,4161],[66,-78]],[[1997,4083],[-33,-12]],[[1954,4068],[-26,93]],[[1928,4161],[0,1]],[[5442,3874],[76,-34]],[[1648,5908],[122,-102]],[[1770,5806],[-85,-30]],[[1685,5776],[-104,-1]],[[1581,5775],[37,93]],[[3110,2729],[16,9]],[[2182,4632],[-4,27]],[[2178,4659],[75,36]],[[3323,3618],[78,-48],[-17,-49],[71,-70],[134,114]],[[3589,3565],[89,-197],[97,-40],[-47,-101],[-88,-74],[-72,-3]],[[3568,3150],[-42,94]],[[3526,3244],[-13,73],[-49,59],[-122,-18]],[[3342,3358],[40,67],[-33,112]],[[3349,3537],[-26,81]],[[5354,3642],[121,4]],[[5475,3646],[-93,-39],[-2,-80]],[[5169,2899],[124,-58],[-9,-130],[-144,67]],[[5140,2778],[0,50]],[[1506,4968],[14,-17]],[[1464,4875],[-23,28]],[[2777,3428],[10,10]],[[2787,3438],[53,-58]],[[5434,3289],[350,52]],[[5784,3341],[238,35]],[[6022,3376],[-1,-307]],[[6020,3012],[-93,48],[-109,2]],[[5818,3062],[-35,0],[-132,140],[-80,3]],[[5571,3205],[-74,0]],[[5457,3205],[-23,84]],[[958,6121],[42,7]],[[1000,6128],[-3,-50]],[[997,6078],[-32,-5]],[[2859,2342],[58,-68]],[[2997,2103],[-27,-12]],[[2812,2107],[4,111],[43,124]],[[5447,3173],[-148,5]],[[5299,3178],[21,27]],[[1128,5166],[21,20]],[[1171,5104],[-53,52]],[[3477,1433],[39,-57]],[[3458,1312],[-77,82]],[[895,5426],[25,-6]],[[920,5420],[46,-23]],[[1004,5393],[41,-6]],[[1045,5387],[-17,-48]],[[989,5298],[-5,-30]],[[928,5234],[-47,21]],[[3117,3180],[64,-49]],[[3181,3131],[-49,-13]],[[2068,4771],[-37,-37]],[[4741,798],[79,-1],[14,169]],[[4834,966],[38,21],[25,95],[108,-71],[-55,-34],[-84,-155],[7,-66]],[[4873,756],[-130,-28]],[[2493,2957],[126,29]],[[2619,2986],[17,-38]],[[2636,2948],[-75,-43]],[[2561,2905],[-66,-15]],[[2495,2890],[-2,67]],[[1225,6045],[71,-25],[39,78]],[[1335,6098],[86,16]],[[1421,6114],[36,16]],[[1457,6130],[39,-80],[65,-12],[24,-50]],[[1424,5881],[-107,13]],[[1317,5894],[-35,99],[-57,52]],[[612,5808],[36,10]],[[648,5818],[28,7]],[[2601,2718],[12,90]],[[2613,2808],[82,10]],[[2717,2770],[-112,-60]],[[2605,2710],[-4,8]],[[3794,4806],[75,-104],[-150,-125],[-11,-117],[120,-128],[63,-10],[82,-79],[189,-55]],[[4162,4188],[-18,-21]],[[4144,4167],[-318,-372]],[[3826,3795],[-171,-12],[-44,-44]],[[3611,3739],[-76,-28]],[[3555,3988],[-111,9],[-52,-48]],[[3392,3949],[68,233],[58,448],[56,67],[220,109]],[[728,5608],[8,-31]],[[643,5606],[15,25]],[[6750,3815],[63,86]],[[6938,3878],[-184,-98]],[[6754,3780],[-4,35]],[[3227,3504],[122,33]],[[3342,3358],[-52,32]],[[3290,3390],[-17,26]],[[3273,3416],[-46,88]],[[1367,5464],[59,-18]],[[1426,5446],[-5,-11]],[[1421,5435],[-69,-57]],[[4343,984],[69,14]],[[4412,998],[41,-107]],[[4368,927],[-16,36]],[[4352,963],[-9,21]],[[1803,4314],[76,69]],[[1823,4290],[-20,24]],[[1609,5630],[55,24]],[[1664,5654],[87,3]],[[1751,5657],[-2,-39]],[[1749,5618],[-15,-53],[-125,65]],[[6566,3353],[35,-30]],[[6648,3283],[0,-54]],[[6648,3229],[-206,10]],[[6440,3312],[-5,38]],[[620,6671],[2,57]],[[622,6728],[78,-79]],[[700,6649],[-29,-3]],[[671,6646],[-37,-2]],[[619,6643],[1,28]],[[1554,5348],[33,-66]],[[1576,5268],[-73,16]],[[1282,4851],[122,-39]],[[1404,4812],[-87,-91]],[[1317,4721],[-60,67]],[[1257,4788],[25,63]],[[3251,2599],[146,-177]],[[3397,2422],[56,-66]],[[3453,2356],[-4,-48]],[[3449,2308],[-74,87],[-27,-87],[-88,1]],[[3103,2296],[-35,8]],[[3068,2304],[27,114],[-57,2]],[[3038,2420],[-34,65]],[[4643,1056],[89,31]],[[4732,1087],[28,7]],[[4760,1094],[2,-81]],[[4762,1013],[-16,-109]],[[4612,915],[-79,11]],[[4533,926],[81,44],[29,86]],[[4141,1316],[-41,29]],[[876,6155],[123,-6]],[[999,6149],[1,-21]],[[896,6109],[-13,-2]],[[883,6107],[-5,35]],[[4802,3952],[-64,-181],[-37,9]],[[4701,3780],[-43,114]],[[4658,3894],[120,94]],[[4724,3368],[86,36]],[[4810,3404],[28,-98]],[[4838,3306],[7,-23]],[[4746,3258],[-22,110]],[[1333,4571],[96,103],[82,-127],[73,26]],[[1722,4221],[52,-79]],[[1783,4128],[-12,8]],[[1632,4106],[-154,109],[-32,83],[-86,127],[-62,6]],[[1298,4431],[36,38],[-1,102]],[[1558,5200],[-61,37]],[[530,6000],[30,9]],[[599,5843],[13,-35]],[[572,5788],[-8,63]],[[2929,2821],[-35,-41]],[[5213,3074],[95,-60]],[[5308,3014],[6,-87]],[[5314,2927],[-78,51],[-60,-20]],[[4873,756],[161,71],[93,-76],[78,2]],[[5205,753],[51,-172]],[[5256,581],[-134,-89],[-37,-94],[-85,-10],[-94,59],[-94,-10]],[[4812,437],[-58,122]],[[884,4818],[14,1]],[[990,4754],[-20,-39]],[[3315,2669],[24,-29]],[[3339,2640],[71,-83]],[[3403,2427],[-6,-5]],[[6667,3989],[0,-94],[83,-80]],[[6540,3785],[62,54],[-1,71],[66,79]],[[1887,4213],[41,-51]],[[1928,4161],[-110,-31]],[[1492,5624],[68,-2],[48,98]],[[1608,5720],[1,-90]],[[1749,5618],[9,-43],[86,-67]],[[1844,5508],[42,-92],[-56,-81]],[[1656,5424],[-35,-3]],[[1571,5491],[-57,97]],[[6938,3878],[65,-186]],[[7003,3692],[-6,-38]],[[6997,3654],[-34,5]],[[6963,3659],[-114,-8],[-6,-97]],[[6843,3554],[-65,-7]],[[6778,3547],[-101,109]],[[5943,4563],[361,116],[461,157]],[[6765,4836],[69,-79],[-38,-70],[16,-109],[36,-76],[60,-43],[38,-88],[-12,-223]],[[6841,4074],[-1,-76]],[[6824,3998],[-157,-9]],[[6249,3735],[-258,19]],[[5991,3754],[40,144],[-44,129],[4,245],[-15,102],[-47,54],[14,135]],[[1155,5531],[79,110]],[[3999,1151],[31,-22]],[[4030,1129],[-22,-36]],[[4008,1093],[-31,-55]],[[3813,1150],[17,56]],[[5139,3644],[60,108]],[[5202,3618],[-94,-28]],[[5108,3590],[31,54]],[[4844,4201],[325,105]],[[5169,4306],[80,-89],[26,-112]],[[5275,4105],[-91,-168],[92,-6]],[[5128,3870],[-90,-36],[-120,-7]],[[4918,3827],[-71,70]],[[4848,4031],[-4,170]],[[586,6701],[34,-30]],[[1067,4241],[-1,61]],[[2421,4158],[80,23],[164,-218]],[[2665,3963],[-63,-28],[-128,48],[-9,-114]],[[2446,3888],[-48,36]],[[2370,3959],[79,29],[-28,170]],[[4169,1801],[20,18]],[[4199,1803],[-52,-76]],[[4147,1727],[-36,-27]],[[4111,1700],[-35,-48]],[[4076,1652],[-41,15]],[[4025,1708],[-7,23]],[[2126,4085],[-79,-61]],[[2047,4024],[-50,59]],[[1931,4161],[142,-14]],[[2269,3410],[34,19]],[[2325,3383],[23,-50]],[[2348,3333],[19,-42]],[[2367,3291],[-81,13]],[[2286,3304],[-17,106]],[[1471,5103],[22,54]],[[1493,5157],[17,22]],[[1542,5127],[-22,-18]],[[2287,4191],[32,-113]],[[2319,4078],[-64,8]],[[3011,3951],[-1,-47]],[[3010,3904],[-99,66]],[[2911,3970],[102,23]],[[1581,5775],[-148,-17]],[[1433,5758],[39,76]],[[2496,3491],[102,-121]],[[2598,3370],[-77,12]],[[2446,3451],[50,40]],[[375,6747],[81,7]],[[439,6653],[-64,94]],[[771,5435],[45,-18]],[[816,5417],[-39,-14]],[[777,5403],[-4,16]],[[770,5434],[1,1]],[[1553,5066],[39,32]],[[1643,5059],[-5,-3]],[[1595,5025],[-7,-5]],[[4077,1288],[33,-25]],[[4110,1263],[-37,-60]],[[3998,1269],[20,42]],[[3044,2171],[38,4],[48,-111],[-16,-43]],[[3069,2082],[-14,20]],[[3009,2164],[35,7]],[[1792,4916],[63,-20]],[[1843,4842],[-20,21]],[[1775,4902],[17,14]],[[1685,5776],[-77,-56]],[[1419,5735],[14,23]],[[2526,3697],[20,-18]],[[2585,3642],[23,-23]],[[2608,3619],[-103,-2]],[[1981,3745],[29,-120]],[[2018,3574],[-59,30]],[[1959,3604],[-63,-1]],[[1896,3603],[-1,14]],[[1895,3617],[-68,49]],[[1827,3666],[-28,37]],[[3166,3215],[70,-56],[60,12],[105,-65],[130,-40],[37,84]],[[3568,3150],[66,-38],[11,-69]],[[3645,3043],[-188,16]],[[3302,3061],[-63,67],[-58,3]],[[6935,4080],[0,-2]],[[1113,5630],[106,49]],[[1100,5549],[13,81]],[[2203,3217],[23,-34]],[[2492,3263],[22,-48]],[[2565,3104],[36,-78]],[[2601,3026],[-110,1],[2,-70]],[[2495,2890],[9,-57],[97,-115]],[[2605,2710],[-165,-83],[-290,-128]],[[2150,2499],[-27,356],[-79,334]],[[1073,5469],[3,8]],[[1122,5436],[-12,-8]],[[1074,5409],[-23,10]],[[2814,2971],[21,52]],[[2801,2936],[13,35]],[[2648,3706],[23,-36]],[[2671,3670],[84,-84]],[[2755,3586],[-97,-14]],[[2658,3572],[-50,47]],[[3104,4046],[44,142],[19,141],[-25,146],[63,-5],[59,-250],[-32,-155],[-14,-269]],[[3218,3796],[-43,1]],[[3128,3913],[-1,0]],[[1003,4696],[32,-19]],[[1053,4613],[-24,-52]],[[1029,4561],[-73,34]],[[956,4595],[13,27]],[[2613,2693],[79,-38]],[[2692,2655],[28,-71]],[[2720,2584],[4,-50]],[[2724,2534],[-111,159]],[[3155,2198],[-111,-27]],[[3004,2171],[6,81],[58,52]],[[849,6568],[-7,67]],[[668,5316],[20,70]],[[744,5354],[-25,-52]],[[703,5267],[-1,-3]],[[702,5264],[-41,22]],[[2412,4192],[9,-34]],[[2421,4158],[-105,-2],[-29,35]],[[2283,4209],[49,51],[80,-68]],[[1689,5243],[71,-6]],[[1760,5237],[11,-19]],[[1771,5218],[-14,-21]],[[1757,5197],[-77,25]],[[1680,5222],[9,21]],[[3347,1649],[26,57]],[[3373,1706],[34,-44]],[[3407,1662],[1,-1]],[[3408,1661],[-74,-108]],[[3256,1484],[-35,-35]],[[3221,1449],[-19,125]],[[1214,5034],[17,21]],[[1237,5071],[34,-28]],[[1352,5378],[69,57]],[[1426,5446],[5,7]],[[1431,5453],[15,-8]],[[1446,5445],[-55,-172]],[[6270,3561],[-1,-112],[-60,-22]],[[6209,3427],[-23,51]],[[2249,4981],[84,-52]],[[2333,4929],[63,-132]],[[2324,4809],[-14,-8]],[[2310,4801],[-61,180]],[[1753,5105],[19,26]],[[1772,5131],[41,-114]],[[1813,5017],[-80,5]],[[1733,5022],[20,83]],[[3895,1628],[88,-67]],[[3983,1561],[-14,-21]],[[3937,1489],[-13,-22]],[[3124,3492],[64,7]],[[3188,3499],[-70,-94]],[[3118,3405],[-7,-2]],[[3111,3403],[-63,-24]],[[3048,3379],[-22,43],[98,70]],[[2974,3673],[36,-1]],[[3010,3672],[83,-36]],[[3093,3636],[46,-5]],[[3139,3631],[-127,-30]],[[3012,3601],[-37,0]],[[2975,3601],[-1,72]],[[4672,4147],[106,-159]],[[4658,3894],[4,127]],[[4632,4135],[40,12]],[[581,6431],[81,60]],[[3031,2740],[5,-42]],[[3018,2696],[-30,76]],[[532,5140],[117,22]],[[649,5162],[94,-21]],[[743,5141],[15,-10]],[[758,5131],[-17,-38]],[[741,5093],[-4,-74]],[[737,5019],[-166,11]],[[571,5030],[-39,110]],[[1358,5071],[-12,-40]],[[1323,5041],[31,81]],[[6474,3434],[113,0]],[[3356,1727],[17,-21]],[[3330,1683],[-19,40]],[[3089,2997],[26,-45]],[[3115,2952],[51,-88]],[[3198,2764],[-13,-3]],[[6519,3500],[67,28]],[[1455,5180],[-25,-46]],[[2597,3224],[30,2]],[[2631,3227],[34,-74]],[[2636,3127],[-37,-12]],[[1317,4721],[16,-150]],[[1333,4571],[-4,-4]],[[805,4851],[1,28]],[[6251,3276],[0,-38]],[[3009,3885],[1,19]],[[4272,1694],[-57,-53]],[[4215,1641],[-68,86]],[[419,5380],[47,105]],[[466,5485],[32,-23]],[[498,5462],[-26,-45]],[[420,5375],[-1,5]],[[2947,3600],[28,1]],[[3012,3601],[2,-102]],[[3014,3499],[-3,-17]],[[3011,3482],[-68,18]],[[856,6291],[50,10]],[[1587,4602],[-54,62],[69,66]],[[4518,921],[15,5]],[[6631,2236],[48,93],[-40,98],[34,170],[61,-46],[109,0],[70,-68],[35,-158],[49,-7],[34,-84],[93,-14],[114,-54],[92,43],[20,79],[-77,56],[-30,132],[108,-78],[92,88],[116,12],[69,43],[7,72],[-91,13],[-139,97],[-50,130],[-111,78],[-2,500]],[[7242,3431],[-1,321],[-56,-27],[-182,-33]],[[7014,3921],[145,82],[244,67],[67,-4],[82,-49],[92,15],[162,94],[79,17],[121,120],[191,45],[353,61],[261,27]],[[8811,4396],[1,-1638],[2,-1411],[70,-52],[52,-103],[263,-119],[234,4],[-10,-99],[58,-92],[13,-114],[32,-38],[125,-15],[30,-76],[114,-108],[-42,-107],[-1025,2],[-1190,4]],[[7538,434],[-23,70],[-171,84],[-39,147],[49,74],[-94,30],[-82,87],[-1,169],[69,56],[98,-73],[33,78],[-79,165],[-22,84],[-79,146],[-76,53],[-45,80],[-94,66],[6,62],[-145,170],[-199,100],[18,53],[-31,101]],[[3114,1224],[11,-72],[65,-43],[113,57]],[[3506,1059],[198,-125]],[[3704,934],[-31,-90],[0,-110],[32,-88],[67,-31]],[[3772,615],[-92,-201],[-62,48],[-118,-29],[6,94],[-62,54],[-174,62],[-74,42],[38,140],[-20,88],[-98,-18],[-64,74]],[[3052,969],[109,56],[-85,39],[38,160]],[[3977,1038],[59,-46]],[[4774,202],[46,-104]],[[4820,98],[-139,-98],[-68,49],[-55,84],[-87,38],[-49,-55],[-126,26],[-172,-42]],[[4124,100],[15,255],[-29,83],[-195,250]],[[3915,688],[-51,73],[34,146]],[[6663,3539],[107,-13],[-1,-92]],[[6995,3432],[1,19]],[[6996,3451],[1,203]],[[7242,3431],[-247,0]],[[3943,1454],[68,52]],[[4011,1506],[35,58]],[[4046,1564],[63,-44]],[[4035,1390],[-94,-1]],[[2838,3283],[44,-87]],[[2882,3196],[-45,-4]],[[3885,1656],[-125,24]],[[3677,1788],[4,5]],[[3983,1561],[78,28]],[[4061,1589],[-15,-25]],[[4011,1506],[-13,8]],[[3118,3405],[72,29],[83,-18]],[[3290,3390],[-63,-52]],[[3227,3338],[-111,45]],[[3116,3383],[-5,20]],[[5137,2825],[-75,-39],[-145,155],[-42,100]],[[4554,4026],[87,-140]],[[4641,3886],[-63,57],[-59,7]],[[4519,3950],[-33,138]],[[4486,4088],[25,8]],[[5085,3542],[23,48]],[[5069,3507],[16,35]],[[6337,3468],[-35,104]],[[2126,4085],[46,-47]],[[2172,4038],[8,-7]],[[2144,3996],[-50,-28]],[[2057,4012],[-10,12]],[[862,6390],[79,16]],[[1043,6490],[32,5]],[[1075,6495],[14,-175]],[[1089,6320],[-56,-6]],[[1033,6314],[-9,0]],[[1024,6314],[-40,0]],[[984,6314],[-52,-9]],[[854,6361],[8,29]],[[3762,1958],[12,54]],[[3945,1917],[-3,-8]],[[3942,1909],[-73,-59]],[[3761,1955],[1,3]],[[3645,3043],[50,-16],[20,-75],[135,-31],[108,-118],[7,-69]],[[3965,2734],[-82,-37],[-69,-65],[-50,-2],[-81,70]],[[3683,2700],[-66,82],[41,84],[-38,56],[-98,23],[-86,-35]],[[2208,4068],[4,-15]],[[2212,4053],[-40,-15]],[[3386,1797],[16,25]],[[3476,1774],[-20,-33]],[[3456,1741],[-70,56]],[[2752,2816],[14,-4]],[[2766,2812],[21,-111]],[[2787,2701],[-33,-13]],[[2754,2688],[-37,82]],[[2892,2698],[-38,72]],[[3546,2308],[69,5]],[[3615,2313],[30,-37]],[[3009,1984],[20,31]],[[3744,1251],[-90,58]],[[3948,1924],[175,-36],[36,-26]],[[4026,1865],[-84,44]],[[4075,1098],[113,-59]],[[4188,1039],[8,-41]],[[4083,1044],[-75,49]],[[2911,3970],[-16,-74]],[[2895,3896],[-51,-1]],[[2844,3895],[-8,168],[-83,98]],[[2753,4161],[92,37],[35,-72],[65,-10],[50,-62]],[[6304,3238],[-53,0]],[[2739,3096],[75,-125]],[[2700,3076],[39,20]],[[3081,3726],[69,-6]],[[3150,3720],[-57,-84]],[[3010,3672],[-1,87]],[[2977,3418],[55,32]],[[3032,3450],[99,75]],[[3131,3525],[-7,-33]],[[3048,3379],[-18,-9]],[[3011,3362],[-34,56]],[[4919,3463],[5,-24]],[[4980,3387],[-142,-81]],[[2424,3410],[-76,-77]],[[2705,3228],[10,2]],[[2801,3129],[-48,-26]],[[2753,3103],[-59,74],[11,51]],[[2832,2700],[60,-2]],[[2946,2594],[-33,0]],[[2832,2670],[0,30]],[[5285,3161],[14,17]],[[5420,3074],[-155,43],[20,44]],[[1186,4830],[3,74]],[[1221,4879],[61,-28]],[[1133,5250],[9,-11]],[[1151,5228],[-41,-40]],[[1482,5543],[-51,-90]],[[2201,4390],[60,-84]],[[2261,4306],[5,-19]],[[2266,4287],[-136,-9]],[[2130,4278],[-30,55]],[[4145,1168],[34,-47]],[[4179,1121],[9,-82]],[[1446,5445],[42,-67]],[[1621,5421],[42,-48]],[[1663,5373],[7,-93]],[[1670,5280],[-38,-48]],[[1660,5160],[47,-57]],[[1707,5103],[-53,-37]],[[3555,1891],[79,-62]],[[1691,5185],[-11,37]],[[1757,5197],[15,-66]],[[1753,5105],[-46,-2]],[[1029,5151],[28,-34]],[[1057,5117],[-47,-5],[-102,53]],[[908,5165],[20,39]],[[1642,4844],[-38,45]],[[1604,4889],[41,40]],[[1780,4285],[-36,-47]],[[1587,4844],[55,0]],[[3035,1833],[-72,80]],[[623,6758],[9,4]],[[632,6762],[52,13]],[[730,6651],[-24,-2]],[[706,6649],[-6,0]],[[622,6728],[1,30]],[[5253,3203],[-109,41]],[[5144,3244],[-19,20]],[[2505,3578],[48,-11]],[[2553,3567],[70,-65]],[[2529,3520],[-60,4]],[[2469,3524],[-63,74]],[[2801,3129],[52,-61]],[[2739,3096],[14,7]],[[1026,5824],[-18,-39]],[[896,5827],[48,15]],[[946,5908],[40,17]],[[896,5827],[-36,5]],[[860,5832],[42,57]],[[1770,5806],[-13,-64]],[[1757,5742],[-124,-44],[31,-44]],[[623,5919],[107,22]],[[732,5923],[0,-3]],[[663,5881],[-27,-16]],[[636,5865],[-13,54]],[[1362,4883],[-55,37]],[[888,4922],[59,-27]],[[947,4895],[-13,-27]],[[934,4868],[-48,7]],[[947,4895],[70,33]],[[509,6529],[69,-5]],[[666,6515],[12,38]],[[678,6553],[28,96]],[[668,6495],[-2,20]],[[1129,6128],[77,11],[5,-64]],[[1211,6075],[1,-16]],[[1212,6059],[-86,-10]],[[685,6206],[52,9]],[[789,6196],[-98,-16]],[[1024,6314],[-13,-23]],[[987,6286],[-3,28]],[[702,6112],[92,15]],[[794,6127],[4,-42]],[[798,6085],[-90,-15]],[[854,6051],[48,8]],[[920,6063],[-9,-85]],[[3239,1328],[99,31]],[[3338,1359],[50,-110]],[[3338,1359],[43,35]],[[1960,4542],[-22,40]],[[4863,250],[55,-93]],[[4918,157],[-98,-59]],[[4995,3374],[-22,-96]],[[1106,5998],[-4,26]],[[1102,6024],[24,25]],[[1212,6059],[13,-14]],[[1217,5920],[-89,62],[-41,-26]],[[758,5131],[5,-4]],[[763,5127],[64,-51]],[[827,5076],[95,-52],[36,18]],[[801,4947],[-40,-5],[-20,151]],[[2137,3606],[7,-89]],[[2144,3517],[-26,1]],[[1057,5117],[10,-11]],[[1067,5106],[69,-52]],[[827,5076],[81,89]],[[3038,2420],[-72,3],[-67,-55]],[[2899,2368],[-51,113]],[[2848,2481],[-23,49]],[[5411,3051],[-103,-37]],[[5213,3074],[72,87]],[[954,6068],[7,-82]],[[1070,6558],[261,-103],[67,-96],[-2,-60]],[[1396,6299],[-41,-32],[-16,-85],[-128,-107]],[[1121,6136],[-19,48]],[[1087,6263],[2,57]],[[1075,6495],[-5,63]],[[3826,3795],[153,-56],[220,-40],[107,18],[264,-1]],[[4655,3483],[69,-115]],[[4775,3207],[-170,-5],[-99,14],[0,52],[-125,-18]],[[4381,3250],[-11,61],[-96,48],[-25,-50]],[[4249,3309],[-127,35],[-127,208],[-151,50],[-44,78],[-98,-24],[-115,22],[24,61]],[[1757,5742],[-6,-85]],[[600,6020],[28,8]],[[628,6028],[32,-3]],[[726,5975],[-112,-19]],[[614,5956],[-4,17]],[[3232,1377],[-11,72]],[[2076,4459],[-36,84]],[[1154,4647],[20,-18]],[[965,5939],[13,21]],[[978,5960],[124,64]],[[939,6251],[-24,-5]],[[3583,1405],[-93,153]],[[3490,1558],[50,19]],[[1178,5307],[43,19]],[[1167,5283],[11,24]],[[1316,5231],[-19,-69]],[[1361,5250],[-36,9]],[[1272,5080],[40,-32]],[[1295,5024],[-8,7]],[[1583,4913],[21,-24]],[[1115,4714],[-15,-25]],[[1404,4812],[26,28]],[[1517,4784],[-43,-82],[94,-110]],[[2319,4078],[5,-10]],[[2257,3982],[-45,71]],[[2601,3026],[18,-40]],[[1790,4608],[-19,13]],[[2832,2700],[-7,109],[-59,3]],[[2469,3524],[-76,-23]],[[2381,3512],[18,91]],[[2787,2701],[45,-1]],[[2798,2590],[-16,36]],[[3160,3800],[-10,-80]],[[2153,3336],[87,58]],[[2240,3394],[-32,-93]],[[2380,3836],[9,-8]],[[2398,3710],[-116,108]],[[2282,3818],[52,62]],[[2242,3793],[40,25]],[[6075,3571],[-57,1],[5,146],[-32,36]],[[2908,3387],[69,31]],[[3430,1705],[26,36]],[[3468,1662],[-38,43]],[[610,5333],[19,73]],[[996,6194],[26,1]],[[1087,6143],[-87,-15]],[[999,6149],[-3,45]],[[2598,3370],[117,-140]],[[2705,3228],[-25,1]],[[2624,3740],[55,60]],[[2679,3800],[51,-97]],[[2730,3703],[-59,-33]],[[2867,3103],[38,94]],[[3628,1260],[-82,79]],[[3546,1339],[37,66]],[[996,6194],[-1,6]],[[3526,3244],[-94,-36],[-112,-5],[-101,45]],[[3210,3299],[17,39]],[[559,6594],[-61,-16]],[[498,6578],[-4,16]],[[632,6762],[80,30],[49,53]],[[608,6318],[68,12]],[[1053,6265],[-20,49]],[[849,6101],[34,6]],[[854,6051],[-5,50]],[[1928,4472],[12,8]],[[1982,4404],[-41,-15]],[[1927,4415],[-23,42]],[[2009,4413],[15,-53]],[[2240,3394],[29,16]],[[2286,3304],[-13,-17]],[[2914,3897],[-19,-1]],[[862,6390],[-3,40]],[[2601,3026],[35,17]],[[2695,2818],[-59,130]],[[1045,5387],[29,22]],[[1125,5390],[0,-16]],[[1180,5728],[-70,-11]],[[1110,5717],[-81,55]],[[1029,5772],[-21,13]],[[809,5207],[40,-22]],[[849,5185],[-11,-24]],[[802,5192],[7,15]],[[956,4595],[-46,22]],[[1335,6098],[86,16]],[[440,6554],[7,-36]],[[447,6518],[-7,36]],[[2699,3273],[-6,83]],[[5374,4204],[56,-68],[64,-15],[-7,-156],[-87,50]],[[5400,4015],[-75,45],[-42,65],[91,79]],[[2882,3196],[23,1]],[[172,6623],[164,-2],[118,-29]],[[463,6594],[-10,-36]],[[453,6558],[-13,-4]],[[447,6518],[1,-6]],[[380,6509],[-50,-13]],[[330,6496],[-37,55],[-121,72]],[[1396,6299],[-22,-54],[83,-115]],[[5140,2778],[43,-128],[6,-102],[31,-83]],[[5220,2465],[-143,-21],[-105,22],[-36,85],[-81,70],[-60,130],[-94,126],[-83,191],[-13,71],[-64,46],[-114,21],[-46,44]],[[1029,5772],[-17,-38]],[[866,5224],[-17,-39]],[[809,5207],[17,38]],[[1019,5425],[-13,-4]],[[764,5455],[9,-2]],[[779,5393],[-2,10]],[[816,5417],[-45,18]],[[3329,1774],[57,23]],[[3430,1705],[-23,-43]],[[755,5233],[-12,-92]],[[649,5162],[53,102]],[[4216,1165],[83,32]],[[4299,1197],[9,-77]],[[4308,1120],[-89,-11],[-3,56]],[[4692,1197],[45,8]],[[4737,1205],[23,-111]],[[4732,1087],[-62,107]],[[4662,467],[29,53]],[[3084,1309],[137,140]],[[3114,1224],[-30,85]],[[4767,4178],[77,23]],[[4815,4016],[-48,162]],[[4144,4167],[114,-166],[39,-112],[148,-80]],[[4445,3809],[1,-16]],[[4560,3771],[10,-55]],[[6089,2776],[-40,-123]],[[6049,2653],[-53,-45],[-75,93],[0,47],[-104,106],[1,208]],[[6924,3490],[72,-39]],[[6910,3433],[14,57]],[[6022,3376],[46,7]],[[1110,5717],[-24,-38]],[[1086,5679],[-25,-20]],[[1024,5247],[5,15]],[[1493,5157],[-38,23]],[[1409,4941],[42,40]],[[1476,5004],[15,-18]],[[2269,3942],[3,-2]],[[2189,3856],[80,86]],[[2598,3370],[11,10]],[[3453,2356],[39,-1]],[[3579,2355],[36,-42]],[[3510,2239],[-11,-86],[-46,-76]],[[3453,2077],[-58,22]],[[3348,2117],[4,134],[62,-1],[35,58]],[[5475,3646],[66,-3]],[[5541,3643],[59,-40],[184,-262]],[[6217,3419],[-8,8]],[[6304,3230],[0,-88]],[[1108,5146],[-41,-40]],[[672,5686],[26,46]],[[717,5693],[-4,-20]],[[688,5681],[-16,5]],[[104,5245],[201,-68]],[[305,5177],[157,-40],[70,3]],[[571,5030],[1,-75]],[[572,4955],[2,-53]],[[569,4798],[-167,98],[-101,8],[-26,47],[-115,25],[-41,87],[8,123],[-23,59]],[[4249,3309],[-48,-119],[46,-12],[48,-81],[121,-90],[150,-209],[48,-116],[38,-28],[43,-137],[115,-103],[88,-115],[107,-172]],[[5005,2127],[-107,24],[-76,-30],[-148,80],[-80,-109]],[[4594,2092],[-39,-9],[-38,117],[-83,-14]],[[4434,2186],[-14,83],[36,94],[20,228],[-30,67],[-142,109],[-87,106],[-133,-56],[-55,-73],[-64,-10]],[[3589,3565],[-72,144],[-92,56]],[[3425,3765],[10,4]],[[3188,3499],[39,5]],[[2605,2710],[8,-17]],[[2724,2534],[68,-57],[56,4]],[[2899,2368],[-40,-26]],[[2813,2051],[-34,-146],[87,-16],[28,-157]],[[2796,1649],[-127,20],[-185,78],[-89,-33],[-41,-71]],[[2354,1643],[-134,299],[-30,100],[8,288],[-48,169]],[[2933,1880],[54,-120]],[[3203,2106],[-85,-90]],[[4076,1652],[-15,-63]],[[3502,2059],[-49,18]],[[737,5019],[-1,-68]],[[610,4955],[-38,0]],[[3644,2005],[-68,-69]],[[3555,1891],[19,34]],[[3644,2005],[117,-50]],[[4363,1202],[107,17]],[[4470,1219],[79,-13]],[[4496,1168],[-46,-104],[68,-143]],[[4412,998],[-29,78]],[[4383,1076],[-27,124]],[[4580,1178],[63,-122]],[[3753,1077],[-49,-143]],[[6963,3659],[-11,-125],[-41,-21]],[[6911,3513],[-68,41]],[[6911,3513],[13,-23]],[[6835,3434],[-57,113]],[[963,5426],[-43,-6]],[[1311,5154],[31,-23]],[[1342,5131],[-43,-38]],[[1926,5262],[34,86],[172,-194],[100,-1],[-4,-85],[105,-139]],[[2249,4981],[-180,50],[-116,55]],[[1953,5086],[-32,96],[-54,-1]],[[1867,5181],[59,81]],[[1052,4163],[138,-122],[106,118],[2,272]],[[1493,3891],[-37,-16],[8,-106],[-33,-42],[-132,111],[-288,280],[41,45]],[[463,5955],[-2,25]],[[461,5980],[26,8]],[[510,5838],[14,-45]],[[614,5956],[9,-37]],[[636,5865],[12,-47]],[[994,5549],[-9,9]],[[3406,2032],[47,45]],[[3409,2031],[-3,1]],[[1320,4545],[-17,-51],[-115,-17]],[[1052,4484],[-23,77]],[[3423,2913],[-139,12],[-66,64],[-103,-37]],[[541,5433],[-43,29]],[[466,5485],[71,71],[53,-38]],[[3309,2131],[-49,18]],[[1384,4870],[46,-30]],[[509,6253],[19,-81],[62,17]],[[622,6053],[6,-25]],[[461,5980],[-2,124],[-79,113],[-96,-63],[-20,115],[-73,120],[74,16],[61,-78],[53,11],[-49,158]],[[1895,3617],[-68,49]],[[1602,4931],[40,39]],[[1669,4995],[17,-23]],[[2665,3963],[15,0]],[[2647,3887],[32,-87]],[[5528,3759],[13,-116]],[[809,5207],[-27,14]],[[4164,1599],[26,22]],[[4190,1621],[9,7]],[[4199,1628],[68,-58],[35,32],[41,-272]],[[4282,1331],[-53,52]],[[695,6153],[96,16]],[[1865,4432],[24,-42]],[[1700,4436],[54,48],[66,-13]],[[848,5830],[12,2]],[[860,5832],[-10,-64]],[[509,6529],[-11,49]],[[798,6085],[2,-27]],[[713,6043],[-5,27]],[[4299,1718],[72,53],[189,-9],[46,41]],[[4606,1803],[130,-103],[57,-148]],[[4793,1552],[-34,-72]],[[4338,1607],[-66,87]],[[3490,1558],[-82,103]],[[172,6623],[0,43],[196,8],[7,73]],[[744,5354],[13,-7]],[[2541,4480],[8,-205],[-55,-49]],[[2494,4226],[-82,-34]],[[2270,4263],[-4,24]],[[2261,4306],[223,139]],[[5220,2465],[58,-183],[-11,-126],[23,-108],[-133,61],[-152,18]],[[4883,3768],[94,-1]],[[4977,3767],[118,-2]],[[5139,3644],[-54,60],[-63,-51],[3,-141],[60,30]],[[845,5736],[-10,-65]],[[835,5671],[-44,9]],[[800,5558],[-59,-2]],[[722,5634],[86,-29],[-8,-47]],[[2041,4208],[32,-61]],[[3406,2032],[-79,-10]],[[1086,5679],[27,-49]],[[4641,3886],[17,8]],[[4701,3780],[7,-24]],[[4539,3880],[-20,70]],[[3378,1839],[85,98]],[[3402,1822],[-24,17]],[[1382,4989],[43,44]],[[3503,2657],[80,51],[100,-8]],[[4434,2186],[-52,-6],[-67,-122],[-232,261],[-259,-259]],[[3615,2313],[40,35],[-15,119],[-67,82],[-48,15],[-22,93]],[[5275,4105],[2,-112]],[[2917,3765],[-18,0]],[[2899,3765],[-48,-9]],[[2851,3756],[-22,82]],[[2829,3838],[87,-1]],[[3011,3482],[21,-32]],[[2882,3435],[-55,55]],[[937,4315],[75,0]],[[1111,4209],[139,3],[-89,100]],[[1052,4163],[-115,152]],[[2711,3521],[18,-41]],[[2623,3502],[88,19]],[[1128,5296],[50,11]],[[2613,2808],[-52,97]],[[4793,1552],[61,-19],[115,-128],[64,55],[70,-109],[94,-215],[-23,-236],[31,-147]],[[4834,966],[-72,47]],[[4737,1205],[-49,110]],[[763,5127],[24,32]],[[4594,2092],[28,-84],[52,-59],[-82,-124],[14,-22]],[[752,5510],[12,-55]],[[713,5481],[-60,16]],[[590,5518],[14,20]],[[1171,5104],[-18,-25]],[[3131,3525],[48,95]],[[3179,3620],[-12,21]],[[3167,3641],[126,7],[44,30]],[[3337,3678],[-14,-60]],[[5528,3759],[294,-3]],[[5822,3756],[169,-2]],[[1841,5320],[85,-58]],[[1867,5181],[-107,56]],[[1760,5237],[-97,136]],[[2130,4278],[15,-29]],[[2145,4249],[-58,-17]],[[2711,3521],[49,36]],[[2806,3511],[-19,-73]],[[588,6743],[35,15]],[[1210,5430],[-7,-61]],[[2812,3893],[32,2]],[[2829,3838],[-4,20]],[[3378,1839],[-60,40]],[[3318,1879],[79,127]],[[997,6078],[10,-45]],[[1007,6033],[-29,-73]],[[2196,3608],[-59,-2]],[[3387,2658],[-48,-18]],[[3315,2669],[72,-11]],[[4672,4147],[95,31]],[[1957,4539],[-36,-22]],[[1953,5086],[144,-140]],[[2097,4946],[-97,-45]],[[1892,4973],[-54,41]],[[1838,5014],[14,58],[-81,146]],[[4470,1219],[-2,83]],[[6442,3079],[203,0],[3,150]],[[6631,2236],[-153,47],[-145,94],[-24,97],[-89,158],[-117,-19],[-54,40]],[[2590,852],[114,122],[33,67],[112,-88],[94,-31],[109,47]],[[3772,615],[73,-20],[70,93]],[[4124,100],[-60,2],[-142,57],[-43,36],[-273,-28],[-172,-3],[-53,-32],[-100,49],[-41,110],[-23,333],[-304,97],[-114,-15],[-109,-51],[-78,46],[-22,151]],[[3135,1779],[29,43]],[[3084,1309],[-121,-93],[-133,-36],[-134,-139],[-106,-179]],[[2590,862],[-7,274],[-187,482],[-42,25]],[[672,5686],[-65,21]],[[4918,3827],[59,-60]],[[2131,3321],[-27,40]],[[5571,3205],[16,-125]],[[5587,3080],[-80,2],[-24,-50]],[[3139,3631],[28,10]],[[3179,3620],[-165,-121]],[[2494,4226],[150,-145],[61,101],[48,-21]],[[937,4315],[-33,83],[106,65]],[[2974,3673],[-65,-5]],[[2909,3668],[-10,97]],[[2809,3745],[-30,92]],[[617,6515],[49,0]],[[1927,4059],[-39,-16]],[[1856,4029],[-73,99]],[[3041,3338],[75,45]],[[1007,6033],[17,5]],[[671,6646],[7,-93]],[[6442,3216],[0,-99]],[[1342,5131],[12,-9]],[[2097,4946],[85,-121]],[[2182,4825],[-96,9]],[[2086,4834],[-20,20]],[[2692,2655],[21,11]],[[2798,2590],[-78,-6]],[[1670,5280],[19,-37]],[[3337,3678],[88,87]],[[1775,3601],[121,2]],[[1959,3604],[49,-99]],[[2022,3245],[-62,147],[-113,86],[-72,123]],[[2237,3973],[32,-31]],[[3349,3790],[43,159]],[[3431,3770],[-82,20]],[[3503,2657],[-116,1]],[[3267,2725],[-36,46]],[[2658,3572],[-105,-5]],[[4111,1700],[36,-66]],[[4147,1634],[17,-35]],[[152,5420],[267,-40]],[[574,5298],[27,4]],[[601,5302],[-15,-48],[-281,-77]],[[104,5245],[-104,99],[104,80],[48,-4]],[[575,5718],[-27,8]],[[5169,4306],[774,257]],[[5822,3756],[-1,281],[-75,128],[-81,86],[-76,-21],[-73,27],[-75,-55],[-67,2]],[[5400,4015],[-35,-4]],[[2086,4834],[92,-175]],[[4299,1197],[49,2]],[[4383,1076],[-67,-15]],[[4316,1061],[-8,59]],[[938,5504],[-18,16]],[[2868,3652],[41,16]],[[2793,3598],[17,17]],[[3229,3763],[120,27]],[[3167,3641],[62,122]],[[4227,1250],[72,-53]],[[4216,1165],[-28,20]],[[4188,1185],[39,65]],[[4244,1276],[-17,-26]],[[4227,1250],[-10,8]],[[798,6085],[51,16]],[[152,5420],[66,-6],[62,93],[-21,43],[-126,23],[160,102],[112,-20],[107,38],[-6,41]],[[2496,3491],[-27,33]],[[2144,3517],[60,37]],[[2153,3456],[-9,61]],[[4215,1641],[-16,-13]],[[4190,1621],[-43,13]],[[4352,1340],[-6,117]],[[3762,1958],[-142,147]],[[5314,2927],[92,69],[305,-265],[-2,305],[-109,3],[-13,41]],[[7538,434],[-745,18],[-1441,11],[-55,-59]],[[5297,404],[-49,127],[8,50]],[[3743,1548],[-43,55]],[[714,5668],[113,-36]],[[812,5556],[-12,2]],[[1643,5059],[90,-37]],[[1813,5017],[25,-3]],[[1876,4959],[-84,-43]],[[1741,4640],[-62,-53]],[[5297,404],[-114,-140],[-64,-3],[-53,-50],[-148,-54]],[[4162,4188],[126,-167],[198,67]],[[4519,3950],[-97,-52],[23,-89]],[[2310,4801],[-92,51],[-36,-27]],[[3218,3796],[11,-33]],[[4209,943],[143,20]],[[4188,1039],[128,22]],[[4316,1061],[27,-77]],[[4630,542],[32,33]],[[2785,3587],[-30,-1]],[[3297,1892],[21,-13]],[[808,6847],[7,0]],[[453,6558],[19,-39]],[[1775,3601],[-100,57]],[[4179,1121],[9,64]],[[6765,4836],[941,312],[235,66],[169,64],[700,232],[1,-1114]],[[1844,5508],[124,-44],[106,69],[96,-64],[96,-138],[1064,-100],[168,-158],[187,-116],[109,-151]],[[1045,6646],[25,-88]],[[2590,852],[0,10]]],"transform":{"scale":[0.00008913108728943395,0.00006574806484591741],"translate":[-122.34225300000001,37.454186]},"objects":{"Geometry\\06-001":{"type":"GeometryCollection","geometries":[{"arcs":[[0,1,2,3]],"type":"Polygon","properties":{"GEOID":"060014446021"}},{"arcs":[[4,5,6,7,8,9]],"type":"Polygon","properties":{"GEOID":"060014356023"}},{"arcs":[[10,11,12,13,14]],"type":"Polygon","properties":{"GEOID":"060014047002"}},{"arcs":[[15,16,17,18,19]],"type":"Polygon","properties":{"GEOID":"060014237001"}},{"arcs":[[20,21,22,23]],"type":"Polygon","properties":{"GEOID":"060014309003"}},{"arcs":[[24,25,26,27,28]],"type":"Polygon","properties":{"GEOID":"060014087002"}},{"arcs":[[29,30,31,32,33,34]],"type":"Polygon","properties":{"GEOID":"060014097002"}},{"arcs":[[35,36,37,38]],"type":"Polygon","properties":{"GEOID":"060014444002"}},{"arcs":[[39,40,41,42,43,44,45]],"type":"Polygon","properties":{"GEOID":"060014090001"}},{"arcs":[[46,47,48,49,50]],"type":"Polygon","properties":{"GEOID":"060014423022"}},{"arcs":[[51,52,53,54]],"type":"Polygon","properties":{"GEOID":"060014087004"}},{"arcs":[[55,56,57,58,59,60,61,62]],"type":"Polygon","properties":{"GEOID":"060014216002"}},{"arcs":[[63,64,65]],"type":"Polygon","properties":{"GEOID":"060014403051"}},{"arcs":[[66,67,68,69,70]],"type":"Polygon","properties":{"GEOID":"060014515012"}},{"arcs":[[71,72,73]],"type":"Polygon","properties":{"GEOID":"060014276001"}},{"arcs":[[74,75,76,77]],"type":"Polygon","properties":{"GEOID":"060014212001"}},{"arcs":[[78,79,80,81,82]],"type":"Polygon","properties":{"GEOID":"060014506053"}},{"arcs":[[83,84,85,86,87,88,89]],"type":"Polygon","properties":{"GEOID":"060014233002"}},{"arcs":[[90,91,92,93,94,95,96,97]],"type":"Polygon","properties":{"GEOID":"060014363011"}},{"arcs":[[98,99,100]],"type":"Polygon","properties":{"GEOID":"060014034013"}},{"arcs":[[101,102,103,104,105]],"type":"Polygon","properties":{"GEOID":"060014272005"}},{"arcs":[[106,107,108,109]],"type":"Polygon","properties":{"GEOID":"060014223003"}},{"arcs":[[110,111,112,113,114,115]],"type":"Polygon","properties":{"GEOID":"060014366023"}},{"arcs":[[116,117,118,119,120]],"type":"Polygon","properties":{"GEOID":"060014378001"}},{"arcs":[[121,122,123,124,125,126]],"type":"Polygon","properties":{"GEOID":"060014278002"}},{"arcs":[[127,128,129,130]],"type":"Polygon","properties":{"GEOID":"060014007003"}},{"arcs":[[131,132,133,134,135]],"type":"Polygon","properties":{"GEOID":"060014273004"}},{"arcs":[[136,137,138,139,140,141,142]],"type":"Polygon","properties":{"GEOID":"060014312003"}},{"arcs":[[143,144,145,146,147]],"type":"Polygon","properties":{"GEOID":"060014075001"}},{"arcs":[[148,149,150,151,152,153,154]],"type":"Polygon","properties":{"GEOID":"060014059012"}},{"arcs":[[155,156,157,158,159]],"type":"Polygon","properties":{"GEOID":"060014403312"}},{"arcs":[[160,161,162,163,164,165,166]],"type":"Polygon","properties":{"GEOID":"060014064001"}},{"arcs":[[167,168,169,170,171]],"type":"Polygon","properties":{"GEOID":"060014035014"}},{"arcs":[[172,173,174]],"type":"Polygon","properties":{"GEOID":"060014383002"}},{"arcs":[[175,176,177,178,179]],"type":"Polygon","properties":{"GEOID":"060014093002"}},{"arcs":[[180,181,182,183,184,185,186]],"type":"Polygon","properties":{"GEOID":"060014506042"}},{"arcs":[[187,188,189,190,191]],"type":"Polygon","properties":{"GEOID":"060014240022"}},{"arcs":[[192,193,194,195,196]],"type":"Polygon","properties":{"GEOID":"060014285001"}},{"arcs":[[197,198,199,200]],"type":"Polygon","properties":{"GEOID":"060014102002"}},{"arcs":[[201,202,203,204]],"type":"Polygon","properties":{"GEOID":"060014024002"}},{"arcs":[[-81,205,206,207]],"type":"Polygon","properties":{"GEOID":"060014506052"}},{"arcs":[[208,209,210,-84,211]],"type":"Polygon","properties":{"GEOID":"060014233001"}},{"arcs":[[212,213,214,215]],"type":"Polygon","properties":{"GEOID":"060014433013"}},{"arcs":[[216,-38,217,218,219]],"type":"Polygon","properties":{"GEOID":"060014444003"}},{"arcs":[[220,221,222,223,224]],"type":"Polygon","properties":{"GEOID":"060014412002"}},{"arcs":[[225,226,227,228,229,230]],"type":"Polygon","properties":{"GEOID":"060014206002"}},{"arcs":[[231,232,233,234]],"type":"Polygon","properties":{"GEOID":"060014418001"}},{"arcs":[[235,-127,236,237,238]],"type":"Polygon","properties":{"GEOID":"060014278003"}},{"arcs":[[239,240,241,242,243]],"type":"Polygon","properties":{"GEOID":"060014380002"}},{"arcs":[[244,245,246,247,248]],"type":"Polygon","properties":{"GEOID":"060014224003"}},{"arcs":[[249,250,251,-133,252]],"type":"Polygon","properties":{"GEOID":"060014273003"}},{"arcs":[[253,254,255,256,-164]],"type":"Polygon","properties":{"GEOID":"060014065001"}},{"arcs":[[257,258,259,260,261]],"type":"Polygon","properties":{"GEOID":"060014083002"}},{"arcs":[[262,263,264,265]],"type":"Polygon","properties":{"GEOID":"060014095002"}},{"arcs":[[266,267,268,269]],"type":"Polygon","properties":{"GEOID":"060014301014"}},{"arcs":[[270,271,272,273]],"type":"Polygon","properties":{"GEOID":"060014336003"}},{"arcs":[[274,275,276,277,278,279,280]],"type":"Polygon","properties":{"GEOID":"060014072002"}},{"arcs":[[-174,281,282,283]],"type":"Polygon","properties":{"GEOID":"060014384001"}},{"arcs":[[284,-168,285,286]],"type":"Polygon","properties":{"GEOID":"060014013003"}},{"arcs":[[287,288,289,290,291]],"type":"Polygon","properties":{"GEOID":"060014058004"}},{"arcs":[[292,293,-226,294,295,296]],"type":"Polygon","properties":{"GEOID":"060014206003"}},{"arcs":[[297,298,299,300,301,302]],"type":"Polygon","properties":{"GEOID":"060014514011"}},{"arcs":[[303,-274,304,305,306]],"type":"Polygon","properties":{"GEOID":"060014335004"}},{"arcs":[[307,308,309,310,311]],"type":"Polygon","properties":{"GEOID":"060014281001"}},{"arcs":[[312,313,314,315,316,317]],"type":"Polygon","properties":{"GEOID":"060014331032"}},{"arcs":[[318,319,320,321]],"type":"Polygon","properties":{"GEOID":"060014515033"}},{"arcs":[[322,323,324,325,326,327,328]],"type":"Polygon","properties":{"GEOID":"060014203021"}},{"arcs":[[329,330,331,332,333]],"type":"Polygon","properties":{"GEOID":"060014419212"}},{"arcs":[[334,335,336,337,338,339,340,341]],"type":"Polygon","properties":{"GEOID":"060014417011"}},{"arcs":[[342,343,344,345]],"type":"Polygon","properties":{"GEOID":"060014217002"}},{"arcs":[[346,347,348,-151]],"type":"Polygon","properties":{"GEOID":"060014058001"}},{"arcs":[[349,350,351,352,353]],"type":"Polygon","properties":{"GEOID":"060014302003"}},{"arcs":[[354,355,356,357,358]],"type":"Polygon","properties":{"GEOID":"060014411001"}},{"arcs":[[359,360,361,362]],"type":"Polygon","properties":{"GEOID":"060014506062"}},{"arcs":[[363,364,365,366]],"type":"Polygon","properties":{"GEOID":"060014506091"}},{"arcs":[[367,368,369,370,371,372]],"type":"Polygon","properties":{"GEOID":"060014426011"}},{"arcs":[[373,374,375,376,377,378]],"type":"Polygon","properties":{"GEOID":"060014062022"}},{"arcs":[[379,380,381]],"type":"Polygon","properties":{"GEOID":"060014331043"}},{"arcs":[[382,383,384,-346,385,386,387]],"type":"Polygon","properties":{"GEOID":"060014218001"}},{"arcs":[[388,389,390,391]],"type":"Polygon","properties":{"GEOID":"060014051001"}},{"arcs":[[-24,392,393,394]],"type":"Polygon","properties":{"GEOID":"060014306002"}},{"arcs":[[395,396,397,398,399,400,401]],"type":"Polygon","properties":{"GEOID":"060014085002"}},{"arcs":[[402,403,404,405]],"type":"Polygon","properties":{"GEOID":"060014025002"}},{"arcs":[[406,407,408,409,410]],"type":"Polygon","properties":{"GEOID":"060014277001"}},{"arcs":[[411,412,413,414,-203]],"type":"Polygon","properties":{"GEOID":"060014027002"}},{"arcs":[[415,-172,416,417,418,419]],"type":"Polygon","properties":{"GEOID":"060014029001"}},{"arcs":[[420,421,422,423,424,425,426]],"type":"Polygon","properties":{"GEOID":"060014511022"}},{"arcs":[[427,428,429,430,-32,431,432,433]],"type":"Polygon","properties":{"GEOID":"060014098002"}},{"arcs":[[434,435,436,437,438,-423]],"type":"Polygon","properties":{"GEOID":"060014511021"}},{"arcs":[[439,-430,440,441,442,443,444,-199,445]],"type":"Polygon","properties":{"GEOID":"060014101002"}},{"arcs":[[446,447,448]],"type":"Polygon","properties":{"GEOID":"060014365002"}},{"arcs":[[449,450,451,452]],"type":"Polygon","properties":{"GEOID":"060014506032"}},{"arcs":[[453,454,455,-189,456]],"type":"Polygon","properties":{"GEOID":"060014240012"}},{"arcs":[[457,458,459,460]],"type":"Polygon","properties":{"GEOID":"060014374001"}},{"arcs":[[461,462,463,464,465,466]],"type":"Polygon","properties":{"GEOID":"060014339001"}},{"arcs":[[-14,467,468,469,470]],"type":"Polygon","properties":{"GEOID":"060014048001"}},{"arcs":[[471,472,473]],"type":"Polygon","properties":{"GEOID":"060014323002"}},{"arcs":[[474,475,476,477,-161,478,479]],"type":"Polygon","properties":{"GEOID":"060014049002"}},{"arcs":[[480,481,482,483,484,485]],"type":"Polygon","properties":{"GEOID":"060014083005"}},{"arcs":[[486,487,488,-337]],"type":"Polygon","properties":{"GEOID":"060014426023"}},{"arcs":[[489,490,491,492]],"type":"Polygon","properties":{"GEOID":"060014362001"}},{"arcs":[[493,-342,494,495]],"type":"Polygon","properties":{"GEOID":"060014417012"}},{"arcs":[[496,497,498,499,500]],"type":"Polygon","properties":{"GEOID":"060014076004"}},{"arcs":[[501,502,503,504,505]],"type":"Polygon","properties":{"GEOID":"060014232001"}},{"arcs":[[506,507,508,509,510]],"type":"Polygon","properties":{"GEOID":"060014088003"}},{"arcs":[[511,512,513,514]],"type":"Polygon","properties":{"GEOID":"060014364031"}},{"arcs":[[-414,515,516,517,518,519]],"type":"Polygon","properties":{"GEOID":"060014027001"}},{"arcs":[[520,521,522,523,524,525]],"type":"Polygon","properties":{"GEOID":"060014099003"}},{"arcs":[[526,527,528,-314,529]],"type":"Polygon","properties":{"GEOID":"060014330003"}},{"arcs":[[530,531,532,533]],"type":"Polygon","properties":{"GEOID":"060014427002"}},{"arcs":[[534,535,536,537]],"type":"Polygon","properties":{"GEOID":"060014424004"}},{"arcs":[[538,539,540,-94,541]],"type":"Polygon","properties":{"GEOID":"060014354003"}},{"arcs":[[542,543,-510,544,545,546,547,548]],"type":"Polygon","properties":{"GEOID":"060014088002"}},{"arcs":[[549,-242,550,551,552]],"type":"Polygon","properties":{"GEOID":"060014381004"}},{"arcs":[[553,554,555,556,557,558]],"type":"Polygon","properties":{"GEOID":"060014421001"}},{"arcs":[[-109,559,560,561,562]],"type":"Polygon","properties":{"GEOID":"060014230001"}},{"arcs":[[563,564,565,566]],"type":"Polygon","properties":{"GEOID":"060014228002"}},{"arcs":[[567,568,569,570,571]],"type":"Polygon","properties":{"GEOID":"060014402003"}},{"arcs":[[572,573,-515,574,-448,575,576,577,-540]],"type":"Polygon","properties":{"GEOID":"060014365001"}},{"arcs":[[578,579,580,581,582,583]],"type":"Polygon","properties":{"GEOID":"060014222001"}},{"arcs":[[584,585,586,587,-263,588,-40,589,-547]],"type":"Polygon","properties":{"GEOID":"060014089001"}},{"arcs":[[590,591,592,593,594,595]],"type":"Polygon","properties":{"GEOID":"060014429002"}},{"arcs":[[596,597,598,599,600]],"type":"Polygon","properties":{"GEOID":"060014279005"}},{"arcs":[[601,602,603,604,-288,605,606]],"type":"Polygon","properties":{"GEOID":"060014056002"}},{"arcs":[[607,608,-475,609,610]],"type":"Polygon","properties":{"GEOID":"060014049004"}},{"arcs":[[611,612,613,614,615]],"type":"Polygon","properties":{"GEOID":"060014416012"}},{"arcs":[[616,617,618,619]],"type":"Polygon","properties":{"GEOID":"060014070003"}},{"arcs":[[620,621,622,623,624]],"type":"Polygon","properties":{"GEOID":"060014068003"}},{"arcs":[[-501,625,626,627]],"type":"Polygon","properties":{"GEOID":"060014074002"}},{"arcs":[[628,-628,629,630]],"type":"Polygon","properties":{"GEOID":"060014074003"}},{"arcs":[[631,632,633,634,635]],"type":"Polygon","properties":{"GEOID":"060014415211"}},{"arcs":[[636,-433,637,638]],"type":"Polygon","properties":{"GEOID":"060014097001"}},{"arcs":[[639,-400,640,-587]],"type":"Polygon","properties":{"GEOID":"060014085003"}},{"arcs":[[-578,641,642,643,644]],"type":"Polygon","properties":{"GEOID":"060014366012"}},{"arcs":[[645,646,647,648,649]],"type":"Polygon","properties":{"GEOID":"060014052002"}},{"arcs":[[-353,650,651,652,653]],"type":"Polygon","properties":{"GEOID":"060014308001"}},{"arcs":[[654,655,656,657]],"type":"Polygon","properties":{"GEOID":"060014321003"}},{"arcs":[[658,659,-530,-313,660]],"type":"Polygon","properties":{"GEOID":"060014330002"}},{"arcs":[[661,662,663,664,665]],"type":"Polygon","properties":{"GEOID":"060014335001"}},{"arcs":[[666,667,668,669,670]],"type":"Polygon","properties":{"GEOID":"060014060003"}},{"arcs":[[671,672,673,674]],"type":"Polygon","properties":{"GEOID":"060014514013"}},{"arcs":[[675,676,-453,677,678,679,-365]],"type":"Polygon","properties":{"GEOID":"060014506034"}},{"arcs":[[680,681,682,683]],"type":"Polygon","properties":{"GEOID":"060014504001"}},{"arcs":[[684,685,686,687]],"type":"Polygon","properties":{"GEOID":"060014370002"}},{"arcs":[[688,689,690,691,692,693]],"type":"Polygon","properties":{"GEOID":"060014015001"}},{"arcs":[[694,695,696,697,698,699]],"type":"Polygon","properties":{"GEOID":"060014012003"}},{"arcs":[[700,701,702,703,704,-697]],"type":"Polygon","properties":{"GEOID":"060014040002"}},{"arcs":[[705,706,707,708,709]],"type":"Polygon","properties":{"GEOID":"060014018002"}},{"arcs":[[710,711,-275,712,713]],"type":"Polygon","properties":{"GEOID":"060014072003"}},{"arcs":[[714,715,716,717,718,719,720]],"type":"Polygon","properties":{"GEOID":"060014007001"}},{"arcs":[[721,722,723,724]],"type":"Polygon","properties":{"GEOID":"060014016001"}},{"arcs":[[725,726,727,728]],"type":"Polygon","properties":{"GEOID":"060014236022"}},{"arcs":[[729,730,731,732]],"type":"Polygon","properties":{"GEOID":"060014051004"}},{"arcs":[[733,734,735,736,737]],"type":"Polygon","properties":{"GEOID":"060014261001"}},{"arcs":[[738,-103,739,740,741,742,743]],"type":"Polygon","properties":{"GEOID":"060014271001"}},{"arcs":[[744,-525,745,-442]],"type":"Polygon","properties":{"GEOID":"060014100003"}},{"arcs":[[746,747,748,749]],"type":"Polygon","properties":{"GEOID":"060014280002"}},{"arcs":[[-89,750,751]],"type":"Polygon","properties":{"GEOID":"060014233003"}},{"arcs":[[752,753,754,755]],"type":"Polygon","properties":{"GEOID":"060014202002"}},{"arcs":[[756,757,758]],"type":"Polygon","properties":{"GEOID":"060014211001"}},{"arcs":[[-345,759,760,-245,-386]],"type":"Polygon","properties":{"GEOID":"060014217003"}},{"arcs":[[-583,761,762,763]],"type":"Polygon","properties":{"GEOID":"060014222003"}},{"arcs":[[764,765,766,767]],"type":"Polygon","properties":{"GEOID":"060014403321"}},{"arcs":[[768,769,770,-343,-385]],"type":"Polygon","properties":{"GEOID":"060014217001"}},{"arcs":[[771,772,-209,773]],"type":"Polygon","properties":{"GEOID":"060014231004"}},{"arcs":[[774,775,776,777,778]],"type":"Polygon","properties":{"GEOID":"060014238002"}},{"arcs":[[779,780,781,-37]],"type":"Polygon","properties":{"GEOID":"060014445003"}},{"arcs":[[782,783,784,785,786,787]],"type":"Polygon","properties":{"GEOID":"060014415031"}},{"arcs":[[788,789,790]],"type":"Polygon","properties":{"GEOID":"060014221001"}},{"arcs":[[791,792,793,-594]],"type":"Polygon","properties":{"GEOID":"060014430021"}},{"arcs":[[794,795,796,797,798,799,800]],"type":"Polygon","properties":{"GEOID":"060014382012"}},{"arcs":[[801,802,803,804,805,806]],"type":"Polygon","properties":{"GEOID":"060014414023"}},{"arcs":[[807,808,-411,809,810]],"type":"Polygon","properties":{"GEOID":"060014277004"}},{"arcs":[[811,-643,812,813,-111,814]],"type":"Polygon","properties":{"GEOID":"060014366022"}},{"arcs":[[815,816,817,818,819]],"type":"Polygon","properties":{"GEOID":"060014039003"}},{"arcs":[[820,821,822,823]],"type":"Polygon","properties":{"GEOID":"060014055003"}},{"arcs":[[824,825,-347,-150]],"type":"Polygon","properties":{"GEOID":"060014058002"}},{"arcs":[[826,-625,827,828,829,830]],"type":"Polygon","properties":{"GEOID":"060014070001"}},{"arcs":[[831,832,833,-621,834,835]],"type":"Polygon","properties":{"GEOID":"060014068004"}},{"arcs":[[836,837,-832,838]],"type":"Polygon","properties":{"GEOID":"060014067002"}},{"arcs":[[-468,-13,839,840,841]],"type":"Polygon","properties":{"GEOID":"060014067005"}},{"arcs":[[842,843,-598,844]],"type":"Polygon","properties":{"GEOID":"060014272003"}},{"arcs":[[845,846,847,848]],"type":"Polygon","properties":{"GEOID":"060014282004"}},{"arcs":[[849,-744,850,851]],"type":"Polygon","properties":{"GEOID":"060014272001"}},{"arcs":[[-804,852,853,854]],"type":"Polygon","properties":{"GEOID":"060014414012"}},{"arcs":[[855,856,857,858,-498,859]],"type":"Polygon","properties":{"GEOID":"060014076002"}},{"arcs":[[860,861,-637,862,-397]],"type":"Polygon","properties":{"GEOID":"060014084003"}},{"arcs":[[863,864,865,866,867,868]],"type":"Polygon","properties":{"GEOID":"060014096004"}},{"arcs":[[-34,869,870]],"type":"Polygon","properties":{"GEOID":"060014103001"}},{"arcs":[[871,872,873,874,875,876,877]],"type":"Polygon","properties":{"GEOID":"060014283022"}},{"arcs":[[878,879,880,881,-708]],"type":"Polygon","properties":{"GEOID":"060014022002"}},{"arcs":[[882,883,884,-213,885]],"type":"Polygon","properties":{"GEOID":"060014433011"}},{"arcs":[[886,887,-186,888,889,-83,890,891]],"type":"Polygon","properties":{"GEOID":"060014506041"}},{"arcs":[[892,893,894,895,-672,-299]],"type":"Polygon","properties":{"GEOID":"060014514012"}},{"arcs":[[896,-753,897,-323,898,899]],"type":"Polygon","properties":{"GEOID":"060014202001"}},{"arcs":[[900,901,902,903,904]],"type":"Polygon","properties":{"GEOID":"060014010002"}},{"arcs":[[-561,905,906,907]],"type":"Polygon","properties":{"GEOID":"060014230002"}},{"arcs":[[908,909,910,911,912]],"type":"Polygon","properties":{"GEOID":"060014010006"}},{"arcs":[[913,914,915,916,917]],"type":"Polygon","properties":{"GEOID":"060014030001"}},{"arcs":[[918,919,920,-176,921,922]],"type":"Polygon","properties":{"GEOID":"060014093001"}},{"arcs":[[923,924,925,926,927]],"type":"Polygon","properties":{"GEOID":"060014332001"}},{"arcs":[[928,929,930,931,932,-657]],"type":"Polygon","properties":{"GEOID":"060014327001"}},{"arcs":[[933,934,935,936,937]],"type":"Polygon","properties":{"GEOID":"060014302005"}},{"arcs":[[938,939,-402,940,941]],"type":"Polygon","properties":{"GEOID":"060014085001"}},{"arcs":[[942,943,-434,-862,-483]],"type":"Polygon","properties":{"GEOID":"060014083004"}},{"arcs":[[944,945,946,947]],"type":"Polygon","properties":{"GEOID":"060014513002"}},{"arcs":[[948,949,950,951]],"type":"Polygon","properties":{"GEOID":"060014369004"}},{"arcs":[[952,-114,953,954,955,956,-459]],"type":"Polygon","properties":{"GEOID":"060014374002"}},{"arcs":[[957,958,-118,959]],"type":"Polygon","properties":{"GEOID":"060014378002"}},{"arcs":[[960,961,962,963,964,965,966]],"type":"Polygon","properties":{"GEOID":"060014403071"}},{"arcs":[[967,968,969,-36,970]],"type":"Polygon","properties":{"GEOID":"060014444001"}},{"arcs":[[971,972,973]],"type":"Polygon","properties":{"GEOID":"060014304001"}},{"arcs":[[974,975,976,977,978,979]],"type":"Polygon","properties":{"GEOID":"060014517011"}},{"arcs":[[980,981,982,983,984,985]],"type":"Polygon","properties":{"GEOID":"060014403371"}},{"arcs":[[986,987,988,989]],"type":"Polygon","properties":{"GEOID":"060014516025"}},{"arcs":[[-439,990,-424]],"type":"Polygon","properties":{"GEOID":"060014511023"}},{"arcs":[[991,992,993]],"type":"Polygon","properties":{"GEOID":"060014415033"}},{"arcs":[[994,995,996]],"type":"Polygon","properties":{"GEOID":"060014419291"}},{"arcs":[[997,998,-783,999]],"type":"Polygon","properties":{"GEOID":"060014415253"}},{"arcs":[[1000,1001,1002,1003,-998,1004]],"type":"Polygon","properties":{"GEOID":"060014415252"}},{"arcs":[[1005,1006,1007,1008,1009]],"type":"Polygon","properties":{"GEOID":"060014511042"}},{"arcs":[[1010,1011,1012,1013]],"type":"Polygon","properties":{"GEOID":"060014413023"}},{"arcs":[[1014,1015,-557,1016,1017,1018,-49]],"type":"Polygon","properties":{"GEOID":"060014421003"}},{"arcs":[[1019,1020,1021,1022,1023]],"type":"Polygon","properties":{"GEOID":"060014364043"}},{"arcs":[[1024,1025,1026,-71,1027,1028,1029]],"type":"Polygon","properties":{"GEOID":"060014515013"}},{"arcs":[[1030,1031,1032,1033,1034,1035,1036]],"type":"Polygon","properties":{"GEOID":"060014506073"}},{"arcs":[[1037,1038,-1006,1039,1040]],"type":"Polygon","properties":{"GEOID":"060014512014"}},{"arcs":[[1041,1042,1043]],"type":"Polygon","properties":{"GEOID":"060014403382"}},{"arcs":[[1044,1045,-99,1046]],"type":"Polygon","properties":{"GEOID":"060014034012"}},{"arcs":[[1047,1048,1049,-669]],"type":"Polygon","properties":{"GEOID":"060014060004"}},{"arcs":[[1050,1051,-914,1052]],"type":"Polygon","properties":{"GEOID":"060014031002"}},{"arcs":[[1053,1054,1055]],"type":"Polygon","properties":{"GEOID":"060014028021"}},{"arcs":[[1056,1057,1058,1059]],"type":"Polygon","properties":{"GEOID":"060014227004"}},{"arcs":[[1060,1061,1062]],"type":"Polygon","properties":{"GEOID":"060014229023"}},{"arcs":[[1063,-750,1064,1065]],"type":"Polygon","properties":{"GEOID":"060014280003"}},{"arcs":[[1066,1067,1068,1069,1070]],"type":"Polygon","properties":{"GEOID":"060014036002"}},{"arcs":[[1071,1072,-1045,1073]],"type":"Polygon","properties":{"GEOID":"060014034022"}},{"arcs":[[1074,1075,1076,1077,1078,1079,1080,1081]],"type":"Polygon","properties":{"GEOID":"060014338022"}},{"arcs":[[1082,1083,1084]],"type":"Polygon","properties":{"GEOID":"060014419231"}},{"arcs":[[1085,1086,1087,-1023,1088,-512,-574]],"type":"Polygon","properties":{"GEOID":"060014364032"}},{"arcs":[[1089,1090,1091,1092,1093]],"type":"Polygon","properties":{"GEOID":"060014415013"}},{"arcs":[[-420,1094,-915,1095]],"type":"Polygon","properties":{"GEOID":"060014030003"}},{"arcs":[[1096,1097,-1063,1098,1099,-906,-560]],"type":"Polygon","properties":{"GEOID":"060014229021"}},{"arcs":[[1100,1101,-435,-422,1102]],"type":"Polygon","properties":{"GEOID":"060014517041"}},{"arcs":[[1103,1104,1105,-1101,1106]],"type":"Polygon","properties":{"GEOID":"060014517042"}},{"arcs":[[1107,1108,1109,1110,1111,-1048,-668]],"type":"Polygon","properties":{"GEOID":"060014053022"}},{"arcs":[[1112,1113,1114,-193,1115,-125]],"type":"Polygon","properties":{"GEOID":"060014285002"}},{"arcs":[[1116,1117,1118,1119,1120,1121,1122]],"type":"Polygon","properties":{"GEOID":"060014333002"}},{"arcs":[[1123,1124,1125]],"type":"Polygon","properties":{"GEOID":"060014371021"}},{"arcs":[[1126,-120,1127,1128,1129,1130,1131,1132]],"type":"Polygon","properties":{"GEOID":"060014377011"}},{"arcs":[[1133,1134,1135,1136]],"type":"Polygon","properties":{"GEOID":"060014403084"}},{"arcs":[[1137,1138,1139,-992,1140,1141]],"type":"Polygon","properties":{"GEOID":"060014415241"}},{"arcs":[[1142,-1130,1143,1144]],"type":"Polygon","properties":{"GEOID":"060014377022"}},{"arcs":[[1145,1146,-555,1147]],"type":"Polygon","properties":{"GEOID":"060014420002"}},{"arcs":[[-234,-373,1148,-488,1149]],"type":"Polygon","properties":{"GEOID":"060014426021"}},{"arcs":[[1150,1151,1152,1153,1154,1155]],"type":"Polygon","properties":{"GEOID":"060014431043"}},{"arcs":[[1156,1157,1158,1159]],"type":"Polygon","properties":{"GEOID":"060014443011"}},{"arcs":[[1160,1161,1162]],"type":"Polygon","properties":{"GEOID":"060014505012"}},{"arcs":[[-301,1163,1164,1165,1166]],"type":"Polygon","properties":{"GEOID":"060014514031"}},{"arcs":[[1167,-302,-1167,1168,-946]],"type":"Polygon","properties":{"GEOID":"060014514032"}},{"arcs":[[1169,1170,1171,1172,-717,1173]],"type":"Polygon","properties":{"GEOID":"060014005002"}},{"arcs":[[1174,-1108,-667,1175]],"type":"Polygon","properties":{"GEOID":"060014053021"}},{"arcs":[[1176,1177,1178,-1049,-1112]],"type":"Polygon","properties":{"GEOID":"060014054013"}},{"arcs":[[1179,-835,-827,1180,1181]],"type":"Polygon","properties":{"GEOID":"060014066014"}},{"arcs":[[-265,1182,-869,1183,1184]],"type":"Polygon","properties":{"GEOID":"060014095003"}},{"arcs":[[1185,1186,1187,1188,1189,1190,1191]],"type":"Polygon","properties":{"GEOID":"060014325013"}},{"arcs":[[1192,1193,-5,1194]],"type":"Polygon","properties":{"GEOID":"060014356024"}},{"arcs":[[-8,1195,1196,1197,-92,1198,1199]],"type":"Polygon","properties":{"GEOID":"060014356012"}},{"arcs":[[1200,-883,1201,-787]],"type":"Polygon","properties":{"GEOID":"060014433222"}},{"arcs":[[-737,1202,1203,1204,1205]],"type":"Polygon","properties":{"GEOID":"060014261005"}},{"arcs":[[1206,1207,1208]],"type":"Polygon","properties":{"GEOID":"060014403073"}},{"arcs":[[1209,1210,-632,1211,1212,1213]],"type":"Polygon","properties":{"GEOID":"060014415214"}},{"arcs":[[1214,1215,1216,1217]],"type":"Polygon","properties":{"GEOID":"060014419261"}},{"arcs":[[1218,1219,1220,1221,1222]],"type":"Polygon","properties":{"GEOID":"060014441004"}},{"arcs":[[-218,-782,1223,1224]],"type":"Polygon","properties":{"GEOID":"060014445004"}},{"arcs":[[1225,1226]],"type":"Polygon","properties":{"GEOID":"060014507462"}},{"arcs":[[1227,1228,-1071,1229]],"type":"Polygon","properties":{"GEOID":"060014035021"}},{"arcs":[[1230,1231,-1229,1232]],"type":"Polygon","properties":{"GEOID":"060014035022"}},{"arcs":[[1233,1234,1235,1236,1237,-714,1238,-375]],"type":"Polygon","properties":{"GEOID":"060014062023"}},{"arcs":[[1239,1240,1241,1242,1243]],"type":"Polygon","properties":{"GEOID":"060014092002"}},{"arcs":[[1244,1245,1246,-791,1247,1248,1249]],"type":"Polygon","properties":{"GEOID":"060014220002"}},{"arcs":[[1250,1251,1252,1253]],"type":"Polygon","properties":{"GEOID":"060014251032"}},{"arcs":[[1254,1255,-472,1256,-178]],"type":"Polygon","properties":{"GEOID":"060014323001"}},{"arcs":[[1257,-25,1258,-146]],"type":"Polygon","properties":{"GEOID":"060014087006"}},{"arcs":[[1259,1260,1261,1262,1263]],"type":"Polygon","properties":{"GEOID":"060014361001"}},{"arcs":[[1264,-333,1265,1266]],"type":"Polygon","properties":{"GEOID":"060014424001"}},{"arcs":[[1267,1268,1269]],"type":"Polygon","properties":{"GEOID":"060014080001"}},{"arcs":[[1270,1271,1272,1273,1274,1275,1276,1277]],"type":"Polygon","properties":{"GEOID":"060014358001"}},{"arcs":[[1278,1279,-77,1280,1281,1282,1283,1284]],"type":"Polygon","properties":{"GEOID":"060014212002"}},{"arcs":[[1285,1286,1287,1288,-205,1289,-880]],"type":"Polygon","properties":{"GEOID":"060014105002"}},{"arcs":[[1290,-248,1291,-107,1292,-581]],"type":"Polygon","properties":{"GEOID":"060014223002"}},{"arcs":[[1293,1294,1295,1296,1297,1298]],"type":"Polygon","properties":{"GEOID":"060014324003"}},{"arcs":[[-758,1299,1300,-57,1301]],"type":"Polygon","properties":{"GEOID":"060014215001"}},{"arcs":[[1302,1303,1304,1305]],"type":"Polygon","properties":{"GEOID":"060014011001"}},{"arcs":[[-500,1306,1307,1308,1309,-626]],"type":"Polygon","properties":{"GEOID":"060014074001"}},{"arcs":[[1310,1311,1312,1313,1314]],"type":"Polygon","properties":{"GEOID":"060014104002"}},{"arcs":[[1315,1316,1317,-504]],"type":"Polygon","properties":{"GEOID":"060014231002"}},{"arcs":[[1318,1319,1320,1321]],"type":"Polygon","properties":{"GEOID":"060014077004"}},{"arcs":[[1322,1323,1324,1325,1326]],"type":"Polygon","properties":{"GEOID":"060014071012"}},{"arcs":[[-570,1327,1328,1329,1330,1331]],"type":"Polygon","properties":{"GEOID":"060014402002"}},{"arcs":[[1332,1333,1334,1335,-696,1336]],"type":"Polygon","properties":{"GEOID":"060014012002"}},{"arcs":[[1337,1338,1339,-182]],"type":"Polygon","properties":{"GEOID":"060014507453"}},{"arcs":[[1340,1341,1342,1343]],"type":"Polygon","properties":{"GEOID":"060014338011"}},{"arcs":[[1344,-674,1345,1346,1347,1348,1349,-988]],"type":"Polygon","properties":{"GEOID":"060014516011"}},{"arcs":[[-932,1350,1351,1352,1353]],"type":"Polygon","properties":{"GEOID":"060014327003"}},{"arcs":[[1354,1355,-1286,-879,-707]],"type":"Polygon","properties":{"GEOID":"060014022001"}},{"arcs":[[1356,1357,1358,1359]],"type":"Polygon","properties":{"GEOID":"060014078001"}},{"arcs":[[1360,1361,1362,1363]],"type":"Polygon","properties":{"GEOID":"060014351023"}},{"arcs":[[-977,1364,1365,1366,1367,1368,1369]],"type":"Polygon","properties":{"GEOID":"060014516023"}},{"arcs":[[1370,1371,1372,1373,1374,1375,1376]],"type":"Polygon","properties":{"GEOID":"060014359003"}},{"arcs":[[1377,1378,-363,1379,1380,1381,1382]],"type":"Polygon","properties":{"GEOID":"060014506081"}},{"arcs":[[-418,1383,-1072,1384]],"type":"Polygon","properties":{"GEOID":"060014029002"}},{"arcs":[[1385,1386,1387,-766]],"type":"Polygon","properties":{"GEOID":"060014403041"}},{"arcs":[[1388,1389,-700,1390,1391]],"type":"Polygon","properties":{"GEOID":"060014011003"}},{"arcs":[[1392,1393,-730,1394,1395]],"type":"Polygon","properties":{"GEOID":"060014038002"}},{"arcs":[[1396,1397,1398,1399]],"type":"Polygon","properties":{"GEOID":"060014431023"}},{"arcs":[[1400,1401,1402,-4,1403,-781]],"type":"Polygon","properties":{"GEOID":"060014446012"}},{"arcs":[[-1274,1404,1405,1406,-1261,1407]],"type":"Polygon","properties":{"GEOID":"060014361002"}},{"arcs":[[1408,1409,1410,1411,1412,-1393,1413,1414]],"type":"Polygon","properties":{"GEOID":"060014038004"}},{"arcs":[[1415,-1277,1416,1417]],"type":"Polygon","properties":{"GEOID":"060014358003"}},{"arcs":[[1418,-1354,1419,1420]],"type":"Polygon","properties":{"GEOID":"060014326023"}},{"arcs":[[1421,-262,1422,1423,1424,1425]],"type":"Polygon","properties":{"GEOID":"060014083001"}},{"arcs":[[1426,1427,1428,1429,-1091,1430,1431,1432]],"type":"Polygon","properties":{"GEOID":"060014403061"}},{"arcs":[[1433,1434,-685,1435,1436]],"type":"Polygon","properties":{"GEOID":"060014370001"}},{"arcs":[[1437,-1314,1438,1439,1440,-473,-1256]],"type":"Polygon","properties":{"GEOID":"060014322001"}},{"arcs":[[-456,1441,1442,-190]],"type":"Polygon","properties":{"GEOID":"060014240013"}},{"arcs":[[-1305,1443,-1337,-695,-1390,1444]],"type":"Polygon","properties":{"GEOID":"060014011002"}},{"arcs":[[1445,-849,1446,1447,1448]],"type":"Polygon","properties":{"GEOID":"060014284002"}},{"arcs":[[-1203,-736,1449,1450,1451]],"type":"Polygon","properties":{"GEOID":"060014261006"}},{"arcs":[[1452,1453,1454,-722,1455]],"type":"Polygon","properties":{"GEOID":"060014015003"}},{"arcs":[[1456,1457,1458,1459,1460,-508]],"type":"Polygon","properties":{"GEOID":"060014086004"}},{"arcs":[[1461,1462,1463,1464]],"type":"Polygon","properties":{"GEOID":"060014431021"}},{"arcs":[[-524,1465,1466,1467]],"type":"Polygon","properties":{"GEOID":"060014099004"}},{"arcs":[[1468,-354,-654,1469,1470,1471]],"type":"Polygon","properties":{"GEOID":"060014307002"}},{"arcs":[[1472,-852,-747,-1064,-843]],"type":"Polygon","properties":{"GEOID":"060014272002"}},{"arcs":[[-1172,1473,1474,1475,1476]],"type":"Polygon","properties":{"GEOID":"060014006001"}},{"arcs":[[1477,1478,1479,1480,-703]],"type":"Polygon","properties":{"GEOID":"060014040003"}},{"arcs":[[1481,1482,-1424,1483,-481,1484]],"type":"Polygon","properties":{"GEOID":"060014082002"}},{"arcs":[[1485,1486,1487,-1024,-1088,1488]],"type":"Polygon","properties":{"GEOID":"060014364034"}},{"arcs":[[-1413,1489,1490,-731,-1394]],"type":"Polygon","properties":{"GEOID":"060014038001"}},{"arcs":[[1491,1492,1493,1494,-351]],"type":"Polygon","properties":{"GEOID":"060014302002"}},{"arcs":[[1495,-61,1496,1497,1498]],"type":"Polygon","properties":{"GEOID":"060014225001"}},{"arcs":[[-366,-680,1499,1500]],"type":"Polygon","properties":{"GEOID":"060014506092"}},{"arcs":[[-933,-1419,1501,1502]],"type":"Polygon","properties":{"GEOID":"060014326022"}},{"arcs":[[1503,1504,1505,1506]],"type":"Polygon","properties":{"GEOID":"060014339004"}},{"arcs":[[1507,1508,1509,1510,1511,1512]],"type":"Polygon","properties":{"GEOID":"060014507512"}},{"arcs":[[1513,-662,1514,1515]],"type":"Polygon","properties":{"GEOID":"060014333003"}},{"arcs":[[-165,-257,1516,1517]],"type":"Polygon","properties":{"GEOID":"060014065004"}},{"arcs":[[1518,-1081,1519,-924,1520]],"type":"Polygon","properties":{"GEOID":"060014332002"}},{"arcs":[[1521,1522,1523,1524]],"type":"Polygon","properties":{"GEOID":"060014251021"}},{"arcs":[[1525,-875,1526,1527]],"type":"Polygon","properties":{"GEOID":"060014283012"}},{"arcs":[[-761,-1499,1528,1529,1530,-246]],"type":"Polygon","properties":{"GEOID":"060014224004"}},{"arcs":[[-247,-1531,1531,1532,-1097,-108,-1292]],"type":"Polygon","properties":{"GEOID":"060014224002"}},{"arcs":[[-179,1533,1534,1535]],"type":"Polygon","properties":{"GEOID":"060014093004"}},{"arcs":[[1536,1537,-1210,1538,-1092,-1430]],"type":"Polygon","properties":{"GEOID":"060014415221"}},{"arcs":[[-1012,1539,1540,1541]],"type":"Polygon","properties":{"GEOID":"060014413022"}},{"arcs":[[-1524,1542,1543,1544]],"type":"Polygon","properties":{"GEOID":"060014251023"}},{"arcs":[[1545,1546,1547,1548,1549,1550]],"type":"Polygon","properties":{"GEOID":"060014239022"}},{"arcs":[[1551,1552,1553,1554,1555]],"type":"Polygon","properties":{"GEOID":"060014502003"}},{"arcs":[[1556,1557,1558,1559]],"type":"Polygon","properties":{"GEOID":"060014425012"}},{"arcs":[[-241,1560,1561,1562,-551]],"type":"Polygon","properties":{"GEOID":"060014381005"}},{"arcs":[[-1190,1563,1564,1565,1566]],"type":"Polygon","properties":{"GEOID":"060014325011"}},{"arcs":[[1567,1568,1569,-872,1570]],"type":"Polygon","properties":{"GEOID":"060014283023"}},{"arcs":[[1571,1572,-224,1573,1574,1575]],"type":"Polygon","properties":{"GEOID":"060014413012"}},{"arcs":[[1576,1577,1578,1579]],"type":"Polygon","properties":{"GEOID":"060014003004"}},{"arcs":[[1580,1581,1582,1583]],"type":"Polygon","properties":{"GEOID":"060014045021"}},{"arcs":[[1584,-942,1585,1586,-1460]],"type":"Polygon","properties":{"GEOID":"060014085005"}},{"arcs":[[-898,-756,1587,-324]],"type":"Polygon","properties":{"GEOID":"060014202003"}},{"arcs":[[-871,1588,1589,1590,1591,1592]],"type":"Polygon","properties":{"GEOID":"060014103002"}},{"arcs":[[-678,-452,1593,1594]],"type":"Polygon","properties":{"GEOID":"060014506033"}},{"arcs":[[1595,-1220,1596]],"type":"Polygon","properties":{"GEOID":"060014441002"}},{"arcs":[[1597,1598,-826,1599,-289,-605]],"type":"Polygon","properties":{"GEOID":"060014057003"}},{"arcs":[[-256,1600,1601,1602,-1323,1603]],"type":"Polygon","properties":{"GEOID":"060014065002"}},{"arcs":[[-863,-639,1604,1605,1606,-398]],"type":"Polygon","properties":{"GEOID":"060014097004"}},{"arcs":[[-1447,-848,1607,1608,1609,1610]],"type":"Polygon","properties":{"GEOID":"060014282003"}},{"arcs":[[1611,1612,1613,-984]],"type":"Polygon","properties":{"GEOID":"060014412004"}},{"arcs":[[1614,-467,1615,-1076,1616]],"type":"Polygon","properties":{"GEOID":"060014338021"}},{"arcs":[[1617,1618,1619,1620]],"type":"Polygon","properties":{"GEOID":"060014351044"}},{"arcs":[[-130,1621,1622,1623,1624]],"type":"Polygon","properties":{"GEOID":"060014007004"}},{"arcs":[[-1480,1625,-1409,1626,-816,1627]],"type":"Polygon","properties":{"GEOID":"060014039001"}},{"arcs":[[1628,1629,1630,1631,-123]],"type":"Polygon","properties":{"GEOID":"060014278001"}},{"arcs":[[1632,1633,-388,1634,1635]],"type":"Polygon","properties":{"GEOID":"060014218002"}},{"arcs":[[-1497,-60,1636,1637]],"type":"Polygon","properties":{"GEOID":"060014225002"}},{"arcs":[[1638,1639,-131,1640]],"type":"Polygon","properties":{"GEOID":"060014009001"}},{"arcs":[[1641,1642,1643,1644,1645]],"type":"Polygon","properties":{"GEOID":"060014229011"}},{"arcs":[[1646,-121,-1127,1647,-814]],"type":"Polygon","properties":{"GEOID":"060014378003"}},{"arcs":[[-28,1648,1649,-1458,1650]],"type":"Polygon","properties":{"GEOID":"060014086002"}},{"arcs":[[1651,1652,-307,1653]],"type":"Polygon","properties":{"GEOID":"060014334006"}},{"arcs":[[-1475,1654,1655,1656,1657,1658,1659]],"type":"Polygon","properties":{"GEOID":"060014004002"}},{"arcs":[[1660,-996,1661,1662,1663]],"type":"Polygon","properties":{"GEOID":"060014419292"}},{"arcs":[[1664,-243,-550,1665]],"type":"Polygon","properties":{"GEOID":"060014381003"}},{"arcs":[[-362,1666,1667,-1031,1668,-1380]],"type":"Polygon","properties":{"GEOID":"060014506071"}},{"arcs":[[-1204,-1452,1669,1670,1671]],"type":"Polygon","properties":{"GEOID":"060014261002"}},{"arcs":[[1672,1673,1674,1675,-278]],"type":"Polygon","properties":{"GEOID":"060014071022"}},{"arcs":[[1676,-649,1677,1678,1679]],"type":"Polygon","properties":{"GEOID":"060014053013"}},{"arcs":[[1680,1681,-1177,-1111]],"type":"Polygon","properties":{"GEOID":"060014054012"}},{"arcs":[[1682,1683,1684,1685,-1478,-702]],"type":"Polygon","properties":{"GEOID":"060014041021"}},{"arcs":[[1686,1687,1688,-611,1689,1690,1691,1692,1693]],"type":"Polygon","properties":{"GEOID":"060014050003"}},{"arcs":[[1694,-600,1695,1696]],"type":"Polygon","properties":{"GEOID":"060014279003"}},{"arcs":[[-113,1697,1698,1699,-954]],"type":"Polygon","properties":{"GEOID":"060014375001"}},{"arcs":[[1700,1701,1702,1703,1704]],"type":"Polygon","properties":{"GEOID":"060014501012"}},{"arcs":[[1705,-231,1706,1707,-789]],"type":"Polygon","properties":{"GEOID":"060014219003"}},{"arcs":[[1708,-1560,1709,1710]],"type":"Polygon","properties":{"GEOID":"060014425021"}},{"arcs":[[1711,1712,1713,-308,1714,1715,1716]],"type":"Polygon","properties":{"GEOID":"060014281002"}},{"arcs":[[-1650,1717,-1585,-1459]],"type":"Polygon","properties":{"GEOID":"060014086003"}},{"arcs":[[1718,1719,-1131,-1143,1720,1721]],"type":"Polygon","properties":{"GEOID":"060014377021"}},{"arcs":[[1722,1723,1724,-232]],"type":"Polygon","properties":{"GEOID":"060014418004"}},{"arcs":[[1725,-980,1726,-1104,1727]],"type":"Polygon","properties":{"GEOID":"060014517031"}},{"arcs":[[1728,1729,1730,1731,1732,1733]],"type":"Polygon","properties":{"GEOID":"060014054022"}},{"arcs":[[-959,1734,-1620,1735,1736,1737,1738,-119]],"type":"Polygon","properties":{"GEOID":"060014382042"}},{"arcs":[[1739,-74,-136,-407,-809,1740]],"type":"Polygon","properties":{"GEOID":"060014276002"}},{"arcs":[[-1388,1741,-64,1742,1743,1744]],"type":"Polygon","properties":{"GEOID":"060014403043"}},{"arcs":[[1745,-409,1746,-238,1747,-197,1748,1749]],"type":"Polygon","properties":{"GEOID":"060014286002"}},{"arcs":[[1750,1751,1752,-1581,1753]],"type":"Polygon","properties":{"GEOID":"060014044003"}},{"arcs":[[1754,-1715,-312,1755,-1609]],"type":"Polygon","properties":{"GEOID":"060014282001"}},{"arcs":[[1756,1757,-620,1758,-1602]],"type":"Polygon","properties":{"GEOID":"060014070004"}},{"arcs":[[-965,1759,-633,-1211,-1538,1760]],"type":"Polygon","properties":{"GEOID":"060014415222"}},{"arcs":[[1761,1762,1763,-26,-1258,1764]],"type":"Polygon","properties":{"GEOID":"060014087001"}},{"arcs":[[-244,-1665,1765]],"type":"Polygon","properties":{"GEOID":"060014381002"}},{"arcs":[[-1100,1766,-1645,1767,1768,1769,1770,1771]],"type":"Polygon","properties":{"GEOID":"060014235001"}},{"arcs":[[1772,1773,1774,1775,-1598,-604]],"type":"Polygon","properties":{"GEOID":"060014057001"}},{"arcs":[[-635,1776,1777,1778,1779]],"type":"Polygon","properties":{"GEOID":"060014415212"}},{"arcs":[[1780,-973,1781,1782,1783,1784]],"type":"Polygon","properties":{"GEOID":"060014306001"}},{"arcs":[[1785,-646,1786]],"type":"Polygon","properties":{"GEOID":"060014052003"}},{"arcs":[[1787,1788,1789,-293,-754,-897]],"type":"Polygon","properties":{"GEOID":"060014201001"}},{"arcs":[[1790,1791,-961,1792]],"type":"Polygon","properties":{"GEOID":"060014403011"}},{"arcs":[[1793,1794,-798,1795,-796]],"type":"Polygon","properties":{"GEOID":"060014382013"}},{"arcs":[[1796,-769,-384,1797,-1283]],"type":"Polygon","properties":{"GEOID":"060014214002"}},{"arcs":[[1798,1799,1800,-320]],"type":"Polygon","properties":{"GEOID":"060014515032"}},{"arcs":[[1801,1802,1803]],"type":"Polygon","properties":{"GEOID":"060014512022"}},{"arcs":[[-1770,1804,1805,1806,1807]],"type":"Polygon","properties":{"GEOID":"060014235002"}},{"arcs":[[-1566,1808,1809,1810,-1521,-928,-1118]],"type":"Polygon","properties":{"GEOID":"060014332004"}},{"arcs":[[1811,-1278,-1416,1812]],"type":"Polygon","properties":{"GEOID":"060014358004"}},{"arcs":[[1813,1814,1815]],"type":"Polygon","properties":{"GEOID":"060014379001"}},{"arcs":[[-219,-1225,1816,1817]],"type":"Polygon","properties":{"GEOID":"060014443041"}},{"arcs":[[1818,-1132,-1720]],"type":"Polygon","properties":{"GEOID":"060014377023"}},{"arcs":[[-1074,-1047,-101,1819,1820,1821]],"type":"Polygon","properties":{"GEOID":"060014034021"}},{"arcs":[[1822,1823,1824]],"type":"Polygon","properties":{"GEOID":"060014033023"}},{"arcs":[[-1533,1825,1826,-1642,1827,-1061,-1098]],"type":"Polygon","properties":{"GEOID":"060014229022"}},{"arcs":[[1828,-462,-1615,1829,-1343]],"type":"Polygon","properties":{"GEOID":"060014338012"}},{"arcs":[[1830,-566,1831,1832,-1644]],"type":"Polygon","properties":{"GEOID":"060014228004"}},{"arcs":[[1833,-1391,-699,1834,-285,1835,1836]],"type":"Polygon","properties":{"GEOID":"060014013001"}},{"arcs":[[-399,-1607,1837,1838]],"type":"Polygon","properties":{"GEOID":"060014096001"}},{"arcs":[[1839,-378,1840,1841,1842]],"type":"Polygon","properties":{"GEOID":"060014061004"}},{"arcs":[[-648,1843,1844,-821,1845,-1678]],"type":"Polygon","properties":{"GEOID":"060014055004"}},{"arcs":[[1846,-1279,1847]],"type":"Polygon","properties":{"GEOID":"060014212003"}},{"arcs":[[-904,1848,-911,1849]],"type":"Polygon","properties":{"GEOID":"060014010003"}},{"arcs":[[1850,1851,-62,-1496,-760]],"type":"Polygon","properties":{"GEOID":"060014216004"}},{"arcs":[[-1263,1852,1853]],"type":"Polygon","properties":{"GEOID":"060014360003"}},{"arcs":[[1854,-1120,1855,1856,-1514]],"type":"Polygon","properties":{"GEOID":"060014333005"}},{"arcs":[[1857,1858,-441,-429]],"type":"Polygon","properties":{"GEOID":"060014098003"}},{"arcs":[[-599,-844,-1066,1859,-1696]],"type":"Polygon","properties":{"GEOID":"060014279001"}},{"arcs":[[1860,-464,1861,-1504,1862]],"type":"Polygon","properties":{"GEOID":"060014339003"}},{"arcs":[[-1335,1863,1864,-1684,1865]],"type":"Polygon","properties":{"GEOID":"060014041012"}},{"arcs":[[1866,-1738,1867]],"type":"Polygon","properties":{"GEOID":"060014382043"}},{"arcs":[[1868,-709,-882,1869,1870]],"type":"Polygon","properties":{"GEOID":"060014022003"}},{"arcs":[[1871,1872,1873,1874,1875,1876]],"type":"Polygon","properties":{"GEOID":"060014059011"}},{"arcs":[[1877,-1196,-7,1878]],"type":"Polygon","properties":{"GEOID":"060014356022"}},{"arcs":[[1879,1880,1881,1882,-1795]],"type":"Polygon","properties":{"GEOID":"060014382032"}},{"arcs":[[1883,-79,-890]],"type":"Polygon","properties":{"GEOID":"060014506044"}},{"arcs":[[-1624,1884,-905,-1850,-910,1885,1886,1887,1888]],"type":"Polygon","properties":{"GEOID":"060014251041"}},{"arcs":[[-1184,-868,1889,1890]],"type":"Polygon","properties":{"GEOID":"060014094003"}},{"arcs":[[-1232,1891,-819,1892,1893,1894,-1067]],"type":"Polygon","properties":{"GEOID":"060014036003"}},{"arcs":[[-112,-1648,-1133,-1819,-1719,1895,-1698]],"type":"Polygon","properties":{"GEOID":"060014375002"}},{"arcs":[[-489,-1149,1896,1897,-338]],"type":"Polygon","properties":{"GEOID":"060014426022"}},{"arcs":[[1898,1899,1900,1901]],"type":"Polygon","properties":{"GEOID":"060014251012"}},{"arcs":[[-1017,-556,-1147,1902,1903,1904]],"type":"Polygon","properties":{"GEOID":"060014422002"}},{"arcs":[[-300,-675,-1345,1905,-1164]],"type":"Polygon","properties":{"GEOID":"060014514043"}},{"arcs":[[1906,1907,1908,1909,-1226,1910,-183,-1340]],"type":"Polygon","properties":{"GEOID":"060014507461"}},{"arcs":[[-1318,1911,-772,1912]],"type":"Polygon","properties":{"GEOID":"060014231003"}},{"arcs":[[1913,-926,1914,1915,-1271,-1812,-272,1916,1917]],"type":"Polygon","properties":{"GEOID":"060014336002"}},{"arcs":[[1918,-596,1919,1920]],"type":"Polygon","properties":{"GEOID":"060014429003"}},{"arcs":[[1921,1922,1923,1924,1925,1926,1927,-1450,-735]],"type":"Polygon","properties":{"GEOID":"060014045011"}},{"arcs":[[1928,1929,1930,-1139]],"type":"Polygon","properties":{"GEOID":"060014415232"}},{"arcs":[[1931,1932,-1887,1933,1934,1935]],"type":"Polygon","properties":{"GEOID":"060014251044"}},{"arcs":[[1936,1937,-1923,1938,1939,1940]],"type":"Polygon","properties":{"GEOID":"060014042001"}},{"arcs":[[-705,1941,1942,-698]],"type":"Polygon","properties":{"GEOID":"060014035013"}},{"arcs":[[1943,-811,1944,-1750,1945,1946]],"type":"Polygon","properties":{"GEOID":"060014277003"}},{"arcs":[[1947,1948,1949,1950,-1579]],"type":"Polygon","properties":{"GEOID":"060014003001"}},{"arcs":[[1951,-860,-497,-629,1952]],"type":"Polygon","properties":{"GEOID":"060014076005"}},{"arcs":[[1953,1954,1955,-1086,-573,-539,1956]],"type":"Polygon","properties":{"GEOID":"060014354002"}},{"arcs":[[-1464,1957,1958,-1398]],"type":"Polygon","properties":{"GEOID":"060014431022"}},{"arcs":[[-1320,1959,-1765,-145,1960]],"type":"Polygon","properties":{"GEOID":"060014077001"}},{"arcs":[[-1304,1961,1962,-1333,-1444]],"type":"Polygon","properties":{"GEOID":"060014012001"}},{"arcs":[[1963,1964,1965,1966]],"type":"Polygon","properties":{"GEOID":"060014037022"}},{"arcs":[[1967,1968,1969,-1941,1970,1971]],"type":"Polygon","properties":{"GEOID":"060014043003"}},{"arcs":[[-485,1972,-940,1973]],"type":"Polygon","properties":{"GEOID":"060014084001"}},{"arcs":[[-1443,1974,-715,-191]],"type":"Polygon","properties":{"GEOID":"060014240014"}},{"arcs":[[-742,1975,-1713,1976]],"type":"Polygon","properties":{"GEOID":"060014271002"}},{"arcs":[[-200,-445,1977,-1312]],"type":"Polygon","properties":{"GEOID":"060014102003"}},{"arcs":[[1978,1979,-1437,1980,1981]],"type":"Polygon","properties":{"GEOID":"060014369002"}},{"arcs":[[-1821,1982,1983,1984]],"type":"Polygon","properties":{"GEOID":"060014033011"}},{"arcs":[[-290,-1600,-825,-149,1985]],"type":"Polygon","properties":{"GEOID":"060014058003"}},{"arcs":[[1986,-990,1987,-976,1988]],"type":"Polygon","properties":{"GEOID":"060014516021"}},{"arcs":[[1989,-962,-1792,1990]],"type":"Polygon","properties":{"GEOID":"060014403012"}},{"arcs":[[-478,-470,1991,1992,1993,-162]],"type":"Polygon","properties":{"GEOID":"060014066021"}},{"arcs":[[1994,1995,1996,1997,-1874]],"type":"Polygon","properties":{"GEOID":"060014062013"}},{"arcs":[[-636,-1780,-1142,1998,-1212]],"type":"Polygon","properties":{"GEOID":"060014415213"}},{"arcs":[[1999,-1851,-344,-771]],"type":"Polygon","properties":{"GEOID":"060014216003"}},{"arcs":[[-743,-1977,-1712,2000,2001]],"type":"Polygon","properties":{"GEOID":"060014281004"}},{"arcs":[[2002,-1302,-56,2003,2004]],"type":"Polygon","properties":{"GEOID":"060014215002"}},{"arcs":[[2005,2006,-981,-1328,-569]],"type":"Polygon","properties":{"GEOID":"060014402001"}},{"arcs":[[-1491,2007,-1671,2008,-389,2009,2010,-732]],"type":"Polygon","properties":{"GEOID":"060014051005"}},{"arcs":[[-53,2011,-29,-1651,-1457,-507,2012]],"type":"Polygon","properties":{"GEOID":"060014087003"}},{"arcs":[[-97,2013,2014,2015,2016]],"type":"Polygon","properties":{"GEOID":"060014363012"}},{"arcs":[[2017,2018,-853]],"type":"Polygon","properties":{"GEOID":"060014413024"}},{"arcs":[[2019,2020,-1094,2021,2022,2023]],"type":"Polygon","properties":{"GEOID":"060014415012"}},{"arcs":[[2024,-1663,-330,2025,2026]],"type":"Polygon","properties":{"GEOID":"060014419272"}},{"arcs":[[2027,-650,-1677,2028,2029]],"type":"Polygon","properties":{"GEOID":"060014053011"}},{"arcs":[[2030,2031,2032,2033]],"type":"Polygon","properties":{"GEOID":"060014433212"}},{"arcs":[[2034,-728,2035,2036,-1769]],"type":"Polygon","properties":{"GEOID":"060014236023"}},{"arcs":[[-1512,2037,2038,2039,2040,-1702]],"type":"Polygon","properties":{"GEOID":"060014507501"}},{"arcs":[[2041,-148,2042,-55,2043,-1309]],"type":"Polygon","properties":{"GEOID":"060014075002"}},{"arcs":[[2044,-1123,2045,2046,-1296]],"type":"Polygon","properties":{"GEOID":"060014324002"}},{"arcs":[[2047,-1170,2048]],"type":"Polygon","properties":{"GEOID":"060014005003"}},{"arcs":[[-1331,2049,-1044,-1134,2050,2051]],"type":"Polygon","properties":{"GEOID":"060014403082"}},{"arcs":[[-237,-126,-1116,-1748]],"type":"Polygon","properties":{"GEOID":"060014286001"}},{"arcs":[[-1013,2052,-613]],"type":"Polygon","properties":{"GEOID":"060014416021"}},{"arcs":[[-1940,2053,-1971]],"type":"Polygon","properties":{"GEOID":"060014042002"}},{"arcs":[[-1836,-287,2054,2055]],"type":"Polygon","properties":{"GEOID":"060014013002"}},{"arcs":[[-641,-1839,2056,-864,-1183,-264,-588]],"type":"Polygon","properties":{"GEOID":"060014096005"}},{"arcs":[[-2053,-1542,2057,2058,2059,-614]],"type":"Polygon","properties":{"GEOID":"060014416022"}},{"arcs":[[-1703,-2041,2060,2061,2062,2063,2064]],"type":"Polygon","properties":{"GEOID":"060014507441"}},{"arcs":[[2065,2066,2067,2068,-349]],"type":"Polygon","properties":{"GEOID":"060014063004"}},{"arcs":[[2069,2070,2071,2072,2073,2074]],"type":"Polygon","properties":{"GEOID":"060014507421"}},{"arcs":[[2075,2076,2077,-1188,2078,2079]],"type":"Polygon","properties":{"GEOID":"060014325023"}},{"arcs":[[-1511,2080,-2038]],"type":"Polygon","properties":{"GEOID":"060014507502"}},{"arcs":[[-1582,-1753,2081,2082,2083,2084]],"type":"Polygon","properties":{"GEOID":"060014045023"}},{"arcs":[[2085,-1128,-1739,-1867,-1882]],"type":"Polygon","properties":{"GEOID":"060014382041"}},{"arcs":[[-1859,2086,2087,-526,-745]],"type":"Polygon","properties":{"GEOID":"060014099002"}},{"arcs":[[2088,2089,2090,2091,2092,2093]],"type":"Polygon","properties":{"GEOID":"060014351032"}},{"arcs":[[-2062,2094,2095,-1338,-181]],"type":"Polygon","properties":{"GEOID":"060014507451"}},{"arcs":[[-1035,2096,2097]],"type":"Polygon","properties":{"GEOID":"060014507013"}},{"arcs":[[-1675,2098,-1953,2099]],"type":"Polygon","properties":{"GEOID":"060014071024"}},{"arcs":[[-790,-584,-764,-502,-1248]],"type":"Polygon","properties":{"GEOID":"060014221002"}},{"arcs":[[2100,2101,-1957,-542,-93,-1198]],"type":"Polygon","properties":{"GEOID":"060014355003"}},{"arcs":[[2102,2103,2104,-427,2105,2106,2107,-2072,2108]],"type":"Polygon","properties":{"GEOID":"060014507423"}},{"arcs":[[2109,2110,2111,-1547]],"type":"Polygon","properties":{"GEOID":"060014239021"}},{"arcs":[[2112,-160,2113,-1386,-765,2114]],"type":"Polygon","properties":{"GEOID":"060014403311"}},{"arcs":[[-1908,-2109,-2071,2115,2116]],"type":"Polygon","properties":{"GEOID":"060014507411"}},{"arcs":[[-1731,2117,-291,-1986,-155,2118]],"type":"Polygon","properties":{"GEOID":"060014059021"}},{"arcs":[[-1596,2119,-968,2120,-1221]],"type":"Polygon","properties":{"GEOID":"060014441003"}},{"arcs":[[-417,2121,2122,-1967,2123,2124,-2030,2125,-1176,2126,-1820,-100,-1046,-1073,-1384]],"type":"Polygon","properties":{"GEOID":"060014034011"}},{"arcs":[[2127,2128,-449,-575,-514]],"type":"Polygon","properties":{"GEOID":"060014365003"}},{"arcs":[[-1423,-261,2129,-943,-482,-1484]],"type":"Polygon","properties":{"GEOID":"060014083003"}},{"arcs":[[2130,2131,2132,-1958]],"type":"Polygon","properties":{"GEOID":"060014431032"}},{"arcs":[[2133,2134,2135,2136,2137]],"type":"Polygon","properties":{"GEOID":"060014372005"}},{"arcs":[[2138,2139,2140,2141,-1751,2142,2143]],"type":"Polygon","properties":{"GEOID":"060014044001"}},{"arcs":[[2144,2145,-1888,-1933]],"type":"Polygon","properties":{"GEOID":"060014251045"}},{"arcs":[[2146,2147,-687,2148,2149]],"type":"Polygon","properties":{"GEOID":"060014372003"}},{"arcs":[[2150,2151,2152,2153,2154,-268,2155,2156]],"type":"Polygon","properties":{"GEOID":"060014301013"}},{"arcs":[[-693,2157,-1453,2158]],"type":"Polygon","properties":{"GEOID":"060014015002"}},{"arcs":[[2159,-1040,-1010,2160,2161]],"type":"Polygon","properties":{"GEOID":"060014512011"}},{"arcs":[[2162,-2093,2163,2164,2165]],"type":"Polygon","properties":{"GEOID":"060014352002"}},{"arcs":[[-1973,-484,-861,-396]],"type":"Polygon","properties":{"GEOID":"060014084002"}},{"arcs":[[-391,2166,2167,2168,-608,-1689]],"type":"Polygon","properties":{"GEOID":"060014050002"}},{"arcs":[[2169,2170,-1001,-793,2171,2172]],"type":"Polygon","properties":{"GEOID":"060014430011"}},{"arcs":[[2173,-922,-180,-1536,-1241,2174]],"type":"Polygon","properties":{"GEOID":"060014093003"}},{"arcs":[[2175,2176,2177,2178]],"type":"Polygon","properties":{"GEOID":"060014046003"}},{"arcs":[[-1349,2179,-1029,2180,2181,-1366,2182]],"type":"Polygon","properties":{"GEOID":"060014516013"}},{"arcs":[[2183,2184,2185,2186,-228,2187]],"type":"Polygon","properties":{"GEOID":"060014213002"}},{"arcs":[[-841,2188,-837,2189]],"type":"Polygon","properties":{"GEOID":"060014067004"}},{"arcs":[[2190,2191,2192,2193]],"type":"Polygon","properties":{"GEOID":"060014061002"}},{"arcs":[[-1883,-1868,-1737,2194,2195,2196,2197,-1991,-1791,2198,2199,2200,-799]],"type":"Polygon","properties":{"GEOID":"060014382031"}},{"arcs":[[2201,2202,2203,2204,-1462,2205,2206]],"type":"Polygon","properties":{"GEOID":"060014431052"}},{"arcs":[[-334,2207,-1215,-2026]],"type":"Polygon","properties":{"GEOID":"060014419271"}},{"arcs":[[2208,2209,-2110,-1546,2210,2211,-1806]],"type":"Polygon","properties":{"GEOID":"060014236012"}},{"arcs":[[-1556,2212,2213,2214]],"type":"Polygon","properties":{"GEOID":"060014503003"}},{"arcs":[[2215,2216,2217,-1378,2218]],"type":"Polygon","properties":{"GEOID":"060014506083"}},{"arcs":[[2219,-548,-590,-46,2220,-1244,2221,-1294,2222,2223]],"type":"Polygon","properties":{"GEOID":"060014090003"}},{"arcs":[[-842,-2190,-839,-836,2224,-1992,-469]],"type":"Polygon","properties":{"GEOID":"060014067003"}},{"arcs":[[2225,-1253,2226,-1932,2227,-1543,-1523]],"type":"Polygon","properties":{"GEOID":"060014251031"}},{"arcs":[[-955,-1700,2228]],"type":"Polygon","properties":{"GEOID":"060014376002"}},{"arcs":[[2229,2230,2231,-1033]],"type":"Polygon","properties":{"GEOID":"060014507012"}},{"arcs":[[-1959,-2133,2232,2233,2234,2235,-2031,-1399]],"type":"Polygon","properties":{"GEOID":"060014432001"}},{"arcs":[[-1632,2236,-1697,-1860,2237,-1113,-124]],"type":"Polygon","properties":{"GEOID":"060014279002"}},{"arcs":[[-1619,2238,2239,-1766,-1666,-553,2240,-2195,-1736]],"type":"Polygon","properties":{"GEOID":"060014381001"}},{"arcs":[[2241,-2162,-894,2242]],"type":"Polygon","properties":{"GEOID":"060014512013"}},{"arcs":[[-1535,2243,-2080,2244,-1242]],"type":"Polygon","properties":{"GEOID":"060014092001"}},{"arcs":[[2245,2246,-2179,2247,2248,-1268,2249,-11,2250,-1926]],"type":"Polygon","properties":{"GEOID":"060014046004"}},{"arcs":[[-895,-2161,2251,2252,2253,2254,2255,2256]],"type":"Polygon","properties":{"GEOID":"060014515041"}},{"arcs":[[2257,2258,-1804,2259,-1038,2260,-2243,-893,-298,2261,2262]],"type":"Polygon","properties":{"GEOID":"060014512021"}},{"arcs":[[2263,-1205,-1672,-2008,-1490,-1412]],"type":"Polygon","properties":{"GEOID":"060014261004"}},{"arcs":[[-532,-1710,-1559,2264,2265,2266,-1,2267]],"type":"Polygon","properties":{"GEOID":"060014428001"}},{"arcs":[[2268,-2064,2269,2270]],"type":"Polygon","properties":{"GEOID":"060014507433"}},{"arcs":[[2271,2272,2273,-1513,-1701,2274,2275,-1554,2276]],"type":"Polygon","properties":{"GEOID":"060014501021"}},{"arcs":[[2277,-2188,-227,-294,-1790]],"type":"Polygon","properties":{"GEOID":"060014201003"}},{"arcs":[[-876,-1526,2278]],"type":"Polygon","properties":{"GEOID":"060014283013"}},{"arcs":[[2279,2280,-1342,2281,-528,2282]],"type":"Polygon","properties":{"GEOID":"060014328003"}},{"arcs":[[-222,2283,-357,2284,2285,2286,2287,-1724,2288]],"type":"Polygon","properties":{"GEOID":"060014419243"}},{"arcs":[[-1502,-1421,2289,2290,-2077,2291]],"type":"Polygon","properties":{"GEOID":"060014326011"}},{"arcs":[[2292,-1418,2293,2294,2295,2296]],"type":"Polygon","properties":{"GEOID":"060014360001"}},{"arcs":[[2297,2298,-1182,2299,-1757,-1601]],"type":"Polygon","properties":{"GEOID":"060014066011"}},{"arcs":[[-931,2300,2301,-1351]],"type":"Polygon","properties":{"GEOID":"060014327002"}},{"arcs":[[-937,2302,2303,2304]],"type":"Polygon","properties":{"GEOID":"060014303003"}},{"arcs":[[-1583,-2085,2305,2306]],"type":"Polygon","properties":{"GEOID":"060014045022"}},{"arcs":[[2307,2308,-1273,2309]],"type":"Polygon","properties":{"GEOID":"060014357003"}},{"arcs":[[2310,-899,-329,2311]],"type":"Polygon","properties":{"GEOID":"060014203011"}},{"arcs":[[2312,2313,2314,-518,2315]],"type":"Polygon","properties":{"GEOID":"060014028013"}},{"arcs":[[2316,-830,2317,-1360,2318,-617]],"type":"Polygon","properties":{"GEOID":"060014070002"}},{"arcs":[[-1217,2319,2320,-538,-2265,-1558,2321]],"type":"Polygon","properties":{"GEOID":"060014425011"}},{"arcs":[[2322,-1427,2323,-158,2324]],"type":"Polygon","properties":{"GEOID":"060014403341"}},{"arcs":[[2325,-1482,2326,-1763,2327]],"type":"Polygon","properties":{"GEOID":"060014082003"}},{"arcs":[[-2306,-2084,2328,-2246,-1925,2329]],"type":"Polygon","properties":{"GEOID":"060014045024"}},{"arcs":[[-466,2330,-1863,-1507,2331,2332,-1616]],"type":"Polygon","properties":{"GEOID":"060014340003"}},{"arcs":[[-2046,-1122,2333,-1515,-666,2334,2335,2336,2337,2338]],"type":"Polygon","properties":{"GEOID":"060014334001"}},{"arcs":[[-513,2339,2340,2341,-1361,2342,-2128]],"type":"Polygon","properties":{"GEOID":"060014351021"}},{"arcs":[[-1803,2343,-1007,-1039,-2260]],"type":"Polygon","properties":{"GEOID":"060014512023"}},{"arcs":[[2344,-1206,-2264,-1411,2345]],"type":"Polygon","properties":{"GEOID":"060014262002"}},{"arcs":[[-1376,2346,-1853,-1262,-1407,2347,-952,2348,2349,-2138,2350,-2150,2351,2352]],"type":"Polygon","properties":{"GEOID":"060014371014"}},{"arcs":[[-818,2353,-1414,-1396,2354,-1694,2355,-1893]],"type":"Polygon","properties":{"GEOID":"060014038003"}},{"arcs":[[2356,-115,-953,-458,2357]],"type":"Polygon","properties":{"GEOID":"060014366021"}},{"arcs":[[-1506,2358,2359,2360,2361,-2332]],"type":"Polygon","properties":{"GEOID":"060014340001"}},{"arcs":[[2362,2363,-1493,2364,-935]],"type":"Polygon","properties":{"GEOID":"060014302001"}},{"arcs":[[-194,-1115,2365,-1448,-1611,2366,2367,2368]],"type":"Polygon","properties":{"GEOID":"060014284001"}},{"arcs":[[2369,2370,2371,2372]],"type":"Polygon","properties":{"GEOID":"060014371013"}},{"arcs":[[-2199,-1793,2373,-2325,-157,2374]],"type":"Polygon","properties":{"GEOID":"060014403332"}},{"arcs":[[-372,-1711,-531,-1897]],"type":"Polygon","properties":{"GEOID":"060014426012"}},{"arcs":[[-2004,-63,-1852,-2000,2375]],"type":"Polygon","properties":{"GEOID":"060014215003"}},{"arcs":[[2376,-415,-520,2377,-1051,2378,2379,-404]],"type":"Polygon","properties":{"GEOID":"060014026001"}},{"arcs":[[2380,2381,-930,2382]],"type":"Polygon","properties":{"GEOID":"060014328001"}},{"arcs":[[2383,2384,2385,2386,2387]],"type":"Polygon","properties":{"GEOID":"060014069001"}},{"arcs":[[-1140,-1931,2388,2389,2390,2391,-1223,2392,2393,-993]],"type":"Polygon","properties":{"GEOID":"060014415242"}},{"arcs":[[2394,-153,2395,-1995,-1873]],"type":"Polygon","properties":{"GEOID":"060014062012"}},{"arcs":[[2396,-2168,2397,2398,2399,-476,-609]],"type":"Polygon","properties":{"GEOID":"060014049001"}},{"arcs":[[-1169,2400,2401,-947]],"type":"Polygon","properties":{"GEOID":"060014514041"}},{"arcs":[[2402,2403,-522,2404,2405]],"type":"Polygon","properties":{"GEOID":"060014081003"}},{"arcs":[[2406,2407,2408,2409]],"type":"Polygon","properties":{"GEOID":"060014079002"}},{"arcs":[[2410,2411,-1085,2412,-368,-233]],"type":"Polygon","properties":{"GEOID":"060014418002"}},{"arcs":[[2413,2414,2415,2416,2417]],"type":"Polygon","properties":{"GEOID":"060014353002"}},{"arcs":[[2418,2419,2420,2421,2422,2423]],"type":"Polygon","properties":{"GEOID":"060014310001"}},{"arcs":[[2424,-2215,2425,-681,2426]],"type":"Polygon","properties":{"GEOID":"060014503001"}},{"arcs":[[2427,-1636,-579,-1708]],"type":"Polygon","properties":{"GEOID":"060014219002"}},{"arcs":[[-1145,2428,-1880,2429,-1721]],"type":"Polygon","properties":{"GEOID":"060014377013"}},{"arcs":[[2430,2431,2432,2433,2434,2435,2436]],"type":"Polygon","properties":{"GEOID":"060014287003"}},{"arcs":[[-166,-1518,2437,-1237,2438]],"type":"Polygon","properties":{"GEOID":"060014063001"}},{"arcs":[[2439,-321,-1801,-1030,-2180,-1348]],"type":"Polygon","properties":{"GEOID":"060014515011"}},{"arcs":[[-1778,2440,-2389,-1930,2441]],"type":"Polygon","properties":{"GEOID":"060014415233"}},{"arcs":[[2442,2443,-1816,2444,-958,-576]],"type":"Polygon","properties":{"GEOID":"060014379002"}},{"arcs":[[2445,-322,-2440,-1347]],"type":"Polygon","properties":{"GEOID":"060014515034"}},{"arcs":[[-1994,2446,-254,-163]],"type":"Polygon","properties":{"GEOID":"060014066022"}},{"arcs":[[2447,-492,2448,-1979,2449,-950]],"type":"Polygon","properties":{"GEOID":"060014369001"}},{"arcs":[[-2193,2450,2451,-309,-1714,-1976,-741]],"type":"Polygon","properties":{"GEOID":"060014271003"}},{"arcs":[[2452,-134,-252,-1629,-122,-236]],"type":"Polygon","properties":{"GEOID":"060014278005"}},{"arcs":[[-979,2453,-1105,-1727]],"type":"Polygon","properties":{"GEOID":"060014517012"}},{"arcs":[[-2303,-936,-2365,-1492,-350,2454]],"type":"Polygon","properties":{"GEOID":"060014302004"}},{"arcs":[[-356,2455,2456,-2285]],"type":"Polygon","properties":{"GEOID":"060014419242"}},{"arcs":[[2457,2458,2459,-710,-1869,2460]],"type":"Polygon","properties":{"GEOID":"060014017001"}},{"arcs":[[2461,-2423,2462,2463,2464,-139]],"type":"Polygon","properties":{"GEOID":"060014312001"}},{"arcs":[[2465,-567,-1831,-1643]],"type":"Polygon","properties":{"GEOID":"060014228003"}},{"arcs":[[-54,-2013,-511,-544,2466]],"type":"Polygon","properties":{"GEOID":"060014088004"}},{"arcs":[[-2206,-1465,-1397,-1003,2467]],"type":"Polygon","properties":{"GEOID":"060014431024"}},{"arcs":[[2468,2469,-2252,-1009,2470,2471,2472]],"type":"Polygon","properties":{"GEOID":"060014511043"}},{"arcs":[[2473,-1159,-220,-1818,2474,2475,2476,2477]],"type":"Polygon","properties":{"GEOID":"060014443042"}},{"arcs":[[-2,2478,-1920,-595,-794,-1005,-1000,-788,-1202,-886,-216,2479,2480,2481,2482]],"type":"Polygon","properties":{"GEOID":"060014415032"}},{"arcs":[[2483,-1025,-1800]],"type":"Polygon","properties":{"GEOID":"060014515035"}},{"arcs":[[2484,2485,-2253,-2470,2486,-69]],"type":"Polygon","properties":{"GEOID":"060014511031"}},{"arcs":[[2487,2488,2489,-1664,-2025,2490,-370]],"type":"Polygon","properties":{"GEOID":"060014419234"}},{"arcs":[[-96,2491,2492,-2014]],"type":"Polygon","properties":{"GEOID":"060014363021"}},{"arcs":[[-1574,-223,-2289,-1723,2493,-1540,-1011,2494]],"type":"Polygon","properties":{"GEOID":"060014413011"}},{"arcs":[[2495,2496,-2489,2497,-1083,-2412]],"type":"Polygon","properties":{"GEOID":"060014419232"}},{"arcs":[[-371,-2491,-2027,-1218,-2322,-1557,-1709]],"type":"Polygon","properties":{"GEOID":"060014425022"}},{"arcs":[[-2416,2498,-2165,2499,2500,2501]],"type":"Polygon","properties":{"GEOID":"060014364042"}},{"arcs":[[-1669,-1037,2502,-1381]],"type":"Polygon","properties":{"GEOID":"060014506082"}},{"arcs":[[-683,2503,2504,2505,2506]],"type":"Polygon","properties":{"GEOID":"060014504004"}},{"arcs":[[2507,-2270,-2063,-187,-888,2508]],"type":"Polygon","properties":{"GEOID":"060014507434"}},{"arcs":[[-1165,-1906,-987,2509]],"type":"Polygon","properties":{"GEOID":"060014514044"}},{"arcs":[[2510,2511,-382,2512,-1565,2513,-2290]],"type":"Polygon","properties":{"GEOID":"060014326012"}},{"arcs":[[2514,-1637,-59,2515,2516,2517,2518,2519,2520,-564,-2466,-1827,2521]],"type":"Polygon","properties":{"GEOID":"060019821001"}},{"arcs":[[2522,-985,-1614,2523,2524,-1572,2525]],"type":"Polygon","properties":{"GEOID":"060014412005"}},{"arcs":[[-2342,2526,2527,2528,-1362]],"type":"Polygon","properties":{"GEOID":"060014351034"}},{"arcs":[[-1420,-1353,2529,2530,-2511]],"type":"Polygon","properties":{"GEOID":"060014326021"}},{"arcs":[[2531,-854,2532,2533]],"type":"Polygon","properties":{"GEOID":"060014414015"}},{"arcs":[[2534,2535,2536,2537,-686]],"type":"Polygon","properties":{"GEOID":"060014373003"}},{"arcs":[[-2229,-1699,-1896,-1722,-2430,-1794,-795,2538,-956]],"type":"Polygon","properties":{"GEOID":"060014376001"}},{"arcs":[[2539,2540,-2006,-568]],"type":"Polygon","properties":{"GEOID":"060014402004"}},{"arcs":[[2541,-1432,-65]],"type":"Polygon","properties":{"GEOID":"060014403062"}},{"arcs":[[-1898,-534,2542,-339]],"type":"Polygon","properties":{"GEOID":"060014427001"}},{"arcs":[[-1613,2543,-358,-2284,-221,2544,-2524]],"type":"Polygon","properties":{"GEOID":"060014412001"}},{"arcs":[[-2266,-537,2545,2546,-591,-1919,2547]],"type":"Polygon","properties":{"GEOID":"060014429001"}},{"arcs":[[-938,-2305,2548,2549,2550,2551]],"type":"Polygon","properties":{"GEOID":"060014303001"}},{"arcs":[[-1370,2552,-2454,-978]],"type":"Polygon","properties":{"GEOID":"060014517013"}},{"arcs":[[2553,-2358,-461,-1434,2554]],"type":"Polygon","properties":{"GEOID":"060014368002"}},{"arcs":[[-652,2555,2556,-2420,2557]],"type":"Polygon","properties":{"GEOID":"060014308004"}},{"arcs":[[2558,2559,2560,-2418,2561,-1486,2562]],"type":"Polygon","properties":{"GEOID":"060014353001"}},{"arcs":[[-1594,-451,2563,-892,2564,-2217]],"type":"Polygon","properties":{"GEOID":"060014506031"}},{"arcs":[[-1417,-1276,2565,-2294]],"type":"Polygon","properties":{"GEOID":"060014358002"}},{"arcs":[[2566,-2016,2567,2568]],"type":"Polygon","properties":{"GEOID":"060014367001"}},{"arcs":[[2569,-801,2570,-173,2571]],"type":"Polygon","properties":{"GEOID":"060014383001"}},{"arcs":[[2572,-2116,-2070,2573]],"type":"Polygon","properties":{"GEOID":"060014507412"}},{"arcs":[[2574,-1842,2575,-2194,-740,-102]],"type":"Polygon","properties":{"GEOID":"060014061003"}},{"arcs":[[-823,2576,-607,2577,-1729]],"type":"Polygon","properties":{"GEOID":"060014055002"}},{"arcs":[[-1451,-1928,2578,-2398,-2167,-390,-2009,-1670]],"type":"Polygon","properties":{"GEOID":"060014261003"}},{"arcs":[[-1978,-444,2579,2580,2581,2582]],"type":"Polygon","properties":{"GEOID":"060014321001"}},{"arcs":[[2583,2584,-2546,-536]],"type":"Polygon","properties":{"GEOID":"060014424003"}},{"arcs":[[-2400,2585,-471,-477]],"type":"Polygon","properties":{"GEOID":"060014048002"}},{"arcs":[[-12,2586,2587,2588,-833,-838,-2189,-840]],"type":"Polygon","properties":{"GEOID":"060014067001"}},{"arcs":[[-624,2589,2590,-828]],"type":"Polygon","properties":{"GEOID":"060014069003"}},{"arcs":[[2591,-1575,-2495,-1014,-612,-2018,-803]],"type":"Polygon","properties":{"GEOID":"060014413021"}},{"arcs":[[2592,-2387,2593,-2407,2594,-2590,-623]],"type":"Polygon","properties":{"GEOID":"060014069002"}},{"arcs":[[-670,-1050,-1179,2595,2596,2597]],"type":"Polygon","properties":{"GEOID":"060014060002"}},{"arcs":[[-1321,-1961,2598,2599]],"type":"Polygon","properties":{"GEOID":"060014077002"}},{"arcs":[[-44,2600]],"type":"Polygon","properties":{"GEOID":"060014091002"}},{"arcs":[[2601,-144,-2042,-1308]],"type":"Polygon","properties":{"GEOID":"060014075003"}},{"arcs":[[-66,-1431,-1090,2602,-1743]],"type":"Polygon","properties":{"GEOID":"060014403052"}},{"arcs":[[2603,2604,-1848,-1285,2605,2606,-2185,2607]],"type":"Polygon","properties":{"GEOID":"060014213001"}},{"arcs":[[-207,-184,-1911,-1227,-1910,2608,2609]],"type":"Polygon","properties":{"GEOID":"060014506051"}},{"arcs":[[2610,2611,-1193,2612,2613,-1078]],"type":"Polygon","properties":{"GEOID":"060014337002"}},{"arcs":[[-2568,2614,-116,-2357,-2554,2615]],"type":"Polygon","properties":{"GEOID":"060014368001"}},{"arcs":[[-1580,-1951,-1968,2616,-1962,-1303,2617]],"type":"Polygon","properties":{"GEOID":"060014003002"}},{"arcs":[[-1659,2618,-1577,-2618,2619,2620]],"type":"Polygon","properties":{"GEOID":"060014003003"}},{"arcs":[[-2329,-2083,2621,2622,-2176,-2247]],"type":"Polygon","properties":{"GEOID":"060014046001"}},{"arcs":[[2623,-719,2624,-1639,2625,2626]],"type":"Polygon","properties":{"GEOID":"060014008003"}},{"arcs":[[-1239,-713,-281,2627,-376]],"type":"Polygon","properties":{"GEOID":"060014072004"}},{"arcs":[[2628,2629,2630,-1630,-251]],"type":"Polygon","properties":{"GEOID":"060014273001"}},{"arcs":[[2631,-104,-739,-850,-1473,-845,-597,-2630]],"type":"Polygon","properties":{"GEOID":"060014272004"}},{"arcs":[[-295,-1706,-1247,2632]],"type":"Polygon","properties":{"GEOID":"060014219004"}},{"arcs":[[2633,2634,-2606,-1284,-1798,-383,-1634,2635]],"type":"Polygon","properties":{"GEOID":"060014213003"}},{"arcs":[[-1635,-387,-249,-1291,-580]],"type":"Polygon","properties":{"GEOID":"060014223001"}},{"arcs":[[2636,2637,2638,-777]],"type":"Polygon","properties":{"GEOID":"060014238001"}},{"arcs":[[-810,-410,-1746,-1945]],"type":"Polygon","properties":{"GEOID":"060014277002"}},{"arcs":[[2639,-907,-1772,2640,-210]],"type":"Polygon","properties":{"GEOID":"060014234001"}},{"arcs":[[-2520,2641,-1057,2642]],"type":"Polygon","properties":{"GEOID":"060014227003"}},{"arcs":[[2643,2644,2645,-87]],"type":"Polygon","properties":{"GEOID":"060014234004"}},{"arcs":[[2646,-1550,2647,-1655,-1474,-1171,-2048]],"type":"Polygon","properties":{"GEOID":"060014005001"}},{"arcs":[[2648,2649,-217,-1158]],"type":"Polygon","properties":{"GEOID":"060014442002"}},{"arcs":[[-2121,-971,-39,-2650,2650]],"type":"Polygon","properties":{"GEOID":"060014442001"}},{"arcs":[[-1605,-638,-432,-31,2651]],"type":"Polygon","properties":{"GEOID":"060014097003"}},{"arcs":[[-1406,-493,-2448,-949,-2348]],"type":"Polygon","properties":{"GEOID":"060014362002"}},{"arcs":[[-215,2652,2653,-2480]],"type":"Polygon","properties":{"GEOID":"060014433012"}},{"arcs":[[-2565,-891,2654,-360,-1379,-2218]],"type":"Polygon","properties":{"GEOID":"060014506061"}},{"arcs":[[-2397,-2169]],"type":"Polygon","properties":{"GEOID":"060014050001"}},{"arcs":[[2655,2656,-2639,2657,-2144,-1937,-1970,2658,-1949]],"type":"Polygon","properties":{"GEOID":"060014043001"}},{"arcs":[[-2434,2659,2660,2661,-105,-2632,-2629,-250,2662]],"type":"Polygon","properties":{"GEOID":"060014273002"}},{"arcs":[[-1857,2663,2664,-663]],"type":"Polygon","properties":{"GEOID":"060014335002"}},{"arcs":[[-2597,2665,2666,-1876,-1843,-2575,-106,-2662,2667]],"type":"Polygon","properties":{"GEOID":"060014060001"}},{"arcs":[[-282,-2571,-800,-2201,2668,2669,2670]],"type":"Polygon","properties":{"GEOID":"060014384002"}},{"arcs":[[-2574,-2075,2671,-2230,2672]],"type":"Polygon","properties":{"GEOID":"060014507413"}},{"arcs":[[-1549,2673,-1656,-2648]],"type":"Polygon","properties":{"GEOID":"060014004003"}},{"arcs":[[2674,2675,-2637,-776,2676,-18,2677,-2517,2678]],"type":"Polygon","properties":{"GEOID":"060014001001"}},{"arcs":[[-2154,2679,-367,-1501,2680,-2219,-1383,2681,2682,2683]],"type":"Polygon","properties":{"GEOID":"060014506012"}},{"arcs":[[-1084,-2498,-2488,-369,-2413]],"type":"Polygon","properties":{"GEOID":"060014419233"}},{"arcs":[[2684,-2177,-2623]],"type":"Polygon","properties":{"GEOID":"060014046002"}},{"arcs":[[2685,2686,-192,-721,2687,2688,-1251]],"type":"Polygon","properties":{"GEOID":"060014008001"}},{"arcs":[[-2393,-1222,-2651,-2649,-1157,2689]],"type":"Polygon","properties":{"GEOID":"060014442003"}},{"arcs":[[-431,-440,2690]],"type":"Polygon","properties":{"GEOID":"060014101001"}},{"arcs":[[-847,2691,-1716,-1755,-1608]],"type":"Polygon","properties":{"GEOID":"060014282005"}},{"arcs":[[-2659,-1969,-1950]],"type":"Polygon","properties":{"GEOID":"060014043002"}},{"arcs":[[2692,2693,-2656,-1948,-1578,-2619,-1658]],"type":"Polygon","properties":{"GEOID":"060014002002"}},{"arcs":[[-565,-2521,-2643,-1060,-726,2694,-1832]],"type":"Polygon","properties":{"GEOID":"060014228001"}},{"arcs":[[-135,-2453,-239,-1747,-408]],"type":"Polygon","properties":{"GEOID":"060014278004"}},{"arcs":[[-1833,-2695,-729,-2035,-1768]],"type":"Polygon","properties":{"GEOID":"060014236021"}},{"arcs":[[-2060,-496,2695,2696]],"type":"Polygon","properties":{"GEOID":"060014416023"}},{"arcs":[[2697,-1691,-1773,-603,2698]],"type":"Polygon","properties":{"GEOID":"060014056001"}},{"arcs":[[-1599,-1776,2699,-348]],"type":"Polygon","properties":{"GEOID":"060014057002"}},{"arcs":[[-610,-480,2700,-1774,-1690]],"type":"Polygon","properties":{"GEOID":"060014049003"}},{"arcs":[[-2069,2701,-1235,2702,-1996,-2396,-152]],"type":"Polygon","properties":{"GEOID":"060014062011"}},{"arcs":[[-1997,-2703,-1234,-374]],"type":"Polygon","properties":{"GEOID":"060014062021"}},{"arcs":[[-859,2703,-2599,-2602,-1307,-499]],"type":"Polygon","properties":{"GEOID":"060014076003"}},{"arcs":[[-1181,-831,-2317,-1758,-2300]],"type":"Polygon","properties":{"GEOID":"060014070005"}},{"arcs":[[-851,-2002,2704,-1446,-748]],"type":"Polygon","properties":{"GEOID":"060014280001"}},{"arcs":[[-2192,2705,-630,-627,2706,-549,-2220,-2451]],"type":"Polygon","properties":{"GEOID":"060014073002"}},{"arcs":[[-1352,-2302,2707,-659,2708,-2530]],"type":"Polygon","properties":{"GEOID":"060014330001"}},{"arcs":[[2709,-2134,-2350]],"type":"Polygon","properties":{"GEOID":"060014372001"}},{"arcs":[[-1586,-941,-401,-640,-586,2710]],"type":"Polygon","properties":{"GEOID":"060014085004"}},{"arcs":[[-1435,-460,-957,-2539,-2570,2711,-2535]],"type":"Polygon","properties":{"GEOID":"060014373001"}},{"arcs":[[-1079,-2614,2712,-1916,2713]],"type":"Polygon","properties":{"GEOID":"060014337003"}},{"arcs":[[2714,-2572,-175,-284,2715,-1125,-2537]],"type":"Polygon","properties":{"GEOID":"060014383003"}},{"arcs":[[-352,-1495,2716,-2556,-651]],"type":"Polygon","properties":{"GEOID":"060014308002"}},{"arcs":[[-465,-1861,-2331]],"type":"Polygon","properties":{"GEOID":"060014339002"}},{"arcs":[[2717,2718,-1373]],"type":"Polygon","properties":{"GEOID":"060014359004"}},{"arcs":[[-316,2719,-1344,-1830,-1617,-1075,2720,2721]],"type":"Polygon","properties":{"GEOID":"060014331021"}},{"arcs":[[-2721,-1082,-1519,-1811,2722]],"type":"Polygon","properties":{"GEOID":"060014331022"}},{"arcs":[[-2262,-303,-1168,-945,2723]],"type":"Polygon","properties":{"GEOID":"060014513001"}},{"arcs":[[2724,-2563,-1489,-1087,-1956]],"type":"Polygon","properties":{"GEOID":"060014354001"}},{"arcs":[[2725,-2533,-2019,-616,2726]],"type":"Polygon","properties":{"GEOID":"060014416011"}},{"arcs":[[-2543,-533,-2268,-1403,-340]],"type":"Polygon","properties":{"GEOID":"060014427003"}},{"arcs":[[-204,-2377,-403,2727]],"type":"Polygon","properties":{"GEOID":"060014025001"}},{"arcs":[[2728,-19,-2677,-775,2729,-2210,2730]],"type":"Polygon","properties":{"GEOID":"060014237002"}},{"arcs":[[2731,-2567,2732,-490,-1405,-2309]],"type":"Polygon","properties":{"GEOID":"060014357004"}},{"arcs":[[2733,2734,2735,-2359,-1505]],"type":"Polygon","properties":{"GEOID":"060014305002"}},{"arcs":[[-644,-812,2736]],"type":"Polygon","properties":{"GEOID":"060014366011"}},{"arcs":[[-495,-341,-1402,2737,2738]],"type":"Polygon","properties":{"GEOID":"060014445001"}},{"arcs":[[-1059,-20,-2729,2739,-2036,-727]],"type":"Polygon","properties":{"GEOID":"060014237003"}},{"arcs":[[-2733,-2569,-2616,-2555,-1980,-2449,-491]],"type":"Polygon","properties":{"GEOID":"060014367002"}},{"arcs":[[-2500,-2164,-2092,2740,-1021,2741]],"type":"Polygon","properties":{"GEOID":"060014364021"}},{"arcs":[[-2261,-1041,-2160,-2242]],"type":"Polygon","properties":{"GEOID":"060014512012"}},{"arcs":[[-1588,-755,-297,2742,2743,-325]],"type":"Polygon","properties":{"GEOID":"060014205001"}},{"arcs":[[2744,-78,-1280,-1847,-2605]],"type":"Polygon","properties":{"GEOID":"060014212004"}},{"arcs":[[-763,2745,-563,-1316,-503]],"type":"Polygon","properties":{"GEOID":"060014231001"}},{"arcs":[[-2518,-2678,-17,2746]],"type":"Polygon","properties":{"GEOID":"060014227001"}},{"arcs":[[2747,-2211,-1551,-2647,2748]],"type":"Polygon","properties":{"GEOID":"060014239012"}},{"arcs":[[-867,2749,-1592,2750,-920,2751]],"type":"Polygon","properties":{"GEOID":"060014103003"}},{"arcs":[[-2751,-1591,2752,-1315,-1438,-1255,-177,-921]],"type":"Polygon","properties":{"GEOID":"060014104003"}},{"arcs":[[2753,-2297,2754,-1374,-2719]],"type":"Polygon","properties":{"GEOID":"060014359002"}},{"arcs":[[-1590,-201,-1311,-2753]],"type":"Polygon","properties":{"GEOID":"060014104001"}},{"arcs":[[-1121,-1855,-1516,-2334]],"type":"Polygon","properties":{"GEOID":"060014333004"}},{"arcs":[[-2304,-2455,-1469,2755,-2549]],"type":"Polygon","properties":{"GEOID":"060014303002"}},{"arcs":[[-1498,-1638,-2515,2756,-1529]],"type":"Polygon","properties":{"GEOID":"060014225003"}},{"arcs":[[2757,-1981,-1436,-688,2758,-2135,-2710]],"type":"Polygon","properties":{"GEOID":"060014370003"}},{"arcs":[[-2125,2759,-1693,2760,-1787,-2028]],"type":"Polygon","properties":{"GEOID":"060014052004"}},{"arcs":[[-1972,-2054,-1939,-1922,-734,2761,2762,2763,-2617]],"type":"Polygon","properties":{"GEOID":"060014042003"}},{"arcs":[[-1627,-1415,-2354,-817]],"type":"Polygon","properties":{"GEOID":"060014039002"}},{"arcs":[[-1927,-2251,-15,-2586,-2399,-2579]],"type":"Polygon","properties":{"GEOID":"060014047001"}},{"arcs":[[2764,2765,-1823,2766]],"type":"Polygon","properties":{"GEOID":"060014033021"}},{"arcs":[[-1062,-1828,-1646,-1767,-1099]],"type":"Polygon","properties":{"GEOID":"060014229012"}},{"arcs":[[-2369,2767,-195]],"type":"Polygon","properties":{"GEOID":"060014285003"}},{"arcs":[[2768,-2140]],"type":"Polygon","properties":{"GEOID":"060014044004"}},{"arcs":[[2769,2770]],"type":"Polygon","properties":{"GEOID":"060014204022"}},{"arcs":[[-1199,-91,2771]],"type":"Polygon","properties":{"GEOID":"060014356013"}},{"arcs":[[2772,2773]],"type":"Polygon","properties":{"GEOID":"060014507522"}},{"arcs":[[-2493,2774,-2737,-815,-2615,-2015]],"type":"Polygon","properties":{"GEOID":"060014363023"}},{"arcs":[[2775,-327,2776,2777,-2771,2778,-1250,2779,2780]],"type":"Polygon","properties":{"GEOID":"060014204021"}},{"arcs":[[-2676,2781,-2141,-2769,-2139,-2658,-2638]],"type":"Polygon","properties":{"GEOID":"060014001002"}},{"arcs":[[-1382,-2503,-1036,-2098,2782,2783,-2682]],"type":"Polygon","properties":{"GEOID":"060014506013"}},{"arcs":[[-1334,-1963,-2764,2784,-1864]],"type":"Polygon","properties":{"GEOID":"060014041013"}},{"arcs":[[-1984,2785,-2765,2786]],"type":"Polygon","properties":{"GEOID":"060014033012"}},{"arcs":[[-1895,2787,-1965,-1068]],"type":"Polygon","properties":{"GEOID":"060014036001"}},{"arcs":[[2788,-2055,-286,-416,-1054,2789,-2314,2790,-2316,-517]],"type":"Polygon","properties":{"GEOID":"060014028011"}},{"arcs":[[2791,-2534,-2726,2792,-2390,-2441,-1777]],"type":"Polygon","properties":{"GEOID":"060014414014"}},{"arcs":[[-2379,-1053,-918,2793,-2432,2794]],"type":"Polygon","properties":{"GEOID":"060019832001"}},{"arcs":[[2795,2796,2797]],"type":"Polygon","properties":{"GEOID":"060014423012"}},{"arcs":[[-2548,-1921,-2479,-2267]],"type":"Polygon","properties":{"GEOID":"060014429004"}},{"arcs":[[-1153,2798,2799,-2203,2800]],"type":"Polygon","properties":{"GEOID":"060014431042"}},{"arcs":[[2801,-2032,-2236,-884,-1201,-786]],"type":"Polygon","properties":{"GEOID":"060014433221"}},{"arcs":[[2802,-2690,-1160,-2474,2803]],"type":"Polygon","properties":{"GEOID":"060014443012"}},{"arcs":[[2804,-2277,-1553,2805]],"type":"Polygon","properties":{"GEOID":"060014502002"}},{"arcs":[[-2153,2806,2807,-1163,2808,-2680]],"type":"Polygon","properties":{"GEOID":"060014505022"}},{"arcs":[[-2106,-426,2809,2810]],"type":"Polygon","properties":{"GEOID":"060014507014"}},{"arcs":[[2811,-2485,-68,2812]],"type":"Polygon","properties":{"GEOID":"060014515062"}},{"arcs":[[2813,-1728,-1107,-1103,-421,-2105]],"type":"Polygon","properties":{"GEOID":"060014517032"}},{"arcs":[[-2763,2814,2815,-1685,-1865,-2785]],"type":"Polygon","properties":{"GEOID":"060014041011"}},{"arcs":[[-1679,-1846,-824,-1734,-1681,-1110,2816]],"type":"Polygon","properties":{"GEOID":"060014054011"}},{"arcs":[[-1993,-2225,-1180,-2299,2817]],"type":"Polygon","properties":{"GEOID":"060014066013"}},{"arcs":[[2818,-1325,2819,-1673,-277]],"type":"Polygon","properties":{"GEOID":"060014071023"}},{"arcs":[[-2291,-2514,-1564,-1189,-2078]],"type":"Polygon","properties":{"GEOID":"060014325012"}},{"arcs":[[2820,-317,-2722,-2723,-1810,2821]],"type":"Polygon","properties":{"GEOID":"060014331031"}},{"arcs":[[-9,-1200,-2772,-98,-2017,-2732,2822]],"type":"Polygon","properties":{"GEOID":"060014356011"}},{"arcs":[[-1144,-1129,-2086,-1881,-2429]],"type":"Polygon","properties":{"GEOID":"060014377012"}},{"arcs":[[-2197,2823,-1562,2824,-2540,-572,2825,2826,-1208,2827]],"type":"Polygon","properties":{"GEOID":"060014403014"}},{"arcs":[[-2096,2828,2829,-2103,-1907,-1339]],"type":"Polygon","properties":{"GEOID":"060014507452"}},{"arcs":[[-2401,-1166,-2510,-1987,2830]],"type":"Polygon","properties":{"GEOID":"060014514042"}},{"arcs":[[-2553,-1369,2831,-1102,-1106]],"type":"Polygon","properties":{"GEOID":"060014517043"}},{"arcs":[[-1682,-1733,2832,-2666,-2596,-1178]],"type":"Polygon","properties":{"GEOID":"060014054021"}},{"arcs":[[2833,-1886,-909,2834,-689,2835]],"type":"Polygon","properties":{"GEOID":"060014251042"}},{"arcs":[[2836,2837,-2437,2838,2839,-1947,2840]],"type":"Polygon","properties":{"GEOID":"060014287002"}},{"arcs":[[-269,-2155,-2684,2841,2842,2843,2844,-2527,-2341,-2090,2845,2846]],"type":"Polygon","properties":{"GEOID":"060014351031"}},{"arcs":[[2847,-2166,-2499,-2415]],"type":"Polygon","properties":{"GEOID":"060014353003"}},{"arcs":[[2848,-2373,2849,-2670,2850,-2115,-768,2851,-2024,2852,2853,-2352]],"type":"Polygon","properties":{"GEOID":"060014371011"}},{"arcs":[[-1065,-749,-1449,-2366,-1114,-2238]],"type":"Polygon","properties":{"GEOID":"060014284003"}},{"arcs":[[-767,-1745,2854,-2020,-2852]],"type":"Polygon","properties":{"GEOID":"060014403322"}},{"arcs":[[-967,2855,-1428,-2323,-2374]],"type":"Polygon","properties":{"GEOID":"060014403342"}},{"arcs":[[-1725,-2288,2856,-2496,-2411]],"type":"Polygon","properties":{"GEOID":"060014418003"}},{"arcs":[[-571,-1332,-2052,2857,-2826]],"type":"Polygon","properties":{"GEOID":"060014403083"}},{"arcs":[[-2436,2858,-72,-1740,2859,-2839]],"type":"Polygon","properties":{"GEOID":"060014287001"}},{"arcs":[[-1043,2860,-1135]],"type":"Polygon","properties":{"GEOID":"060014403361"}},{"arcs":[[2861,-1136,-2861,2862,-1576,-2592]],"type":"Polygon","properties":{"GEOID":"060014403362"}},{"arcs":[[-2208,-1265,-2320,-1216]],"type":"Polygon","properties":{"GEOID":"060014419262"}},{"arcs":[[-1019,2863,2864,-1156,2865,-1002,-2171,2866,2867]],"type":"Polygon","properties":{"GEOID":"060014422004"}},{"arcs":[[-1155,2868,-2207,-2468,-2866]],"type":"Polygon","properties":{"GEOID":"060014431051"}},{"arcs":[[-1224,-1404,2869,-2475,-1817]],"type":"Polygon","properties":{"GEOID":"060014446011"}},{"arcs":[[2870,2871,-2255]],"type":"Polygon","properties":{"GEOID":"060014515052"}},{"arcs":[[-2872,2872,-2813,-67,-1027,2873,-2256]],"type":"Polygon","properties":{"GEOID":"060014515061"}},{"arcs":[[-1230,-1070,2874,-2122,-171]],"type":"Polygon","properties":{"GEOID":"060014037011"}},{"arcs":[[-2029,-1680,-2817,-1109,-1175,-2126]],"type":"Polygon","properties":{"GEOID":"060014053012"}},{"arcs":[[2875,2876,-2067]],"type":"Polygon","properties":{"GEOID":"060014063003"}},{"arcs":[[2877,-2403,2878,2879,2880]],"type":"Polygon","properties":{"GEOID":"060014081001"}},{"arcs":[[2881,-2223,-1299,2882]],"type":"Polygon","properties":{"GEOID":"060014090002"}},{"arcs":[[2883,2884,-1525,-1545,2885,-1899]],"type":"Polygon","properties":{"GEOID":"060014251011"}},{"arcs":[[-2689,2886,-2627,2887,-2145,-2227,-1252]],"type":"Polygon","properties":{"GEOID":"060014251033"}},{"arcs":[[-704,-1481,-1628,-820,2888,-1942]],"type":"Polygon","properties":{"GEOID":"060014040001"}},{"arcs":[[2889,-2858,-2051,-1137,-2862,-802,2890]],"type":"Polygon","properties":{"GEOID":"060014403081"}},{"arcs":[[-2788,-1894,-2356,-2760,-2124,-1966]],"type":"Polygon","properties":{"GEOID":"060014037021"}},{"arcs":[[-1310,-2044,-2467,-543,-2707]],"type":"Polygon","properties":{"GEOID":"060014073001"}},{"arcs":[[-1610,-1756,-311,2891,-1569,2892,-2367]],"type":"Polygon","properties":{"GEOID":"060014282002"}},{"arcs":[[-2129,-2343,-1364,2893,-2443,-447]],"type":"Polygon","properties":{"GEOID":"060014351022"}},{"arcs":[[-1287,-1356,2894,-2459,2895]],"type":"Polygon","properties":{"GEOID":"060014017002"}},{"arcs":[[-2198,-2828,-1207,2896,-1990]],"type":"Polygon","properties":{"GEOID":"060014403013"}},{"arcs":[[-377,-2628,-280,2897,-2706,-2191,-2576,-1841]],"type":"Polygon","properties":{"GEOID":"060014061001"}},{"arcs":[[-2780,-1249,-506,2898,-212,-90,-752,2899,-2686,-1254,-2226,-1522,-2885,2900]],"type":"Polygon","properties":{"GEOID":"060014220001"}},{"arcs":[[-2338,2901]],"type":"Polygon","properties":{"GEOID":"060014334002"}},{"arcs":[[-718,-1173,-1477,-128,-1640,-2625]],"type":"Polygon","properties":{"GEOID":"060014007002"}},{"arcs":[[-2895,-1355,-706,-2460]],"type":"Polygon","properties":{"GEOID":"060014018001"}},{"arcs":[[2902,-1358,2903,-1322,-2600,-2704,-858]],"type":"Polygon","properties":{"GEOID":"060014077003"}},{"arcs":[[-2281,2904,-1785,2905,-2734,-1862,-463,-1829]],"type":"Polygon","properties":{"GEOID":"060014305001"}},{"arcs":[[-2040,2906,-2829,-2095,-2061]],"type":"Polygon","properties":{"GEOID":"060014507442"}},{"arcs":[[-1095,-419,-1385,-1822,-1985,-2787,2907,-916]],"type":"Polygon","properties":{"GEOID":"060014030002"}},{"arcs":[[-995,2908,2909,2910,-48,2911,-331,-1662]],"type":"Polygon","properties":{"GEOID":"060014419282"}},{"arcs":[[2912,-1808,-2644,-86]],"type":"Polygon","properties":{"GEOID":"060014234003"}},{"arcs":[[-1891,2913,-923,-2174,-42,2914]],"type":"Polygon","properties":{"GEOID":"060014094002"}},{"arcs":[[-1623,2915,2916,-901,-1885]],"type":"Polygon","properties":{"GEOID":"060014010001"}},{"arcs":[[-1154,-2801,-2202,-2869]],"type":"Polygon","properties":{"GEOID":"060014431041"}},{"arcs":[[-2743,-296,-2633,2917]],"type":"Polygon","properties":{"GEOID":"060014205002"}},{"arcs":[[-1759,-619,-856,-1952,-2099,-1674,-2820,-1324,-1603]],"type":"Polygon","properties":{"GEOID":"060014071021"}},{"arcs":[[-2646,2918,-454,2919]],"type":"Polygon","properties":{"GEOID":"060014240011"}},{"arcs":[[2920,2921,2922,-1148,-554,2923,-355]],"type":"Polygon","properties":{"GEOID":"060014420001"}},{"arcs":[[-2793,-2727,-615,-2697,2924,-2391]],"type":"Polygon","properties":{"GEOID":"060014416013"}},{"arcs":[[-2312,-328,-2776,2925]],"type":"Polygon","properties":{"GEOID":"060014203022"}},{"arcs":[[2926,-1055,-1096,-1052,-2378]],"type":"Polygon","properties":{"GEOID":"060014031001"}},{"arcs":[[-1467,2927,2928,-2383,-929,-656,2929,-2581,2930]],"type":"Polygon","properties":{"GEOID":"060014100001"}},{"arcs":[[-2683,-2784,2931,-2842]],"type":"Polygon","properties":{"GEOID":"060014506011"}},{"arcs":[[2932,2933,-1704,-2065,-2269,2934,-2509,-887,-2564,-450,-677]],"type":"Polygon","properties":{"GEOID":"060014507432"}},{"arcs":[[-1849,-903,2935,2936,-912]],"type":"Polygon","properties":{"GEOID":"060014010004"}},{"arcs":[[2937,-1454,-2158,-692,2938]],"type":"Polygon","properties":{"GEOID":"060014014002"}},{"arcs":[[-1257,-474,-1441,2939,-2292,-2076,-2244,-1534]],"type":"Polygon","properties":{"GEOID":"060014323003"}},{"arcs":[[-2897,-1209,-2827,-2890,2940,-963]],"type":"Polygon","properties":{"GEOID":"060014403072"}},{"arcs":[[-1686,-2816,2941,-2346,-1410,-1626,-1479]],"type":"Polygon","properties":{"GEOID":"060014262003"}},{"arcs":[[-2505,2942,-2214,2943,-364,-2809,-1162,2944]],"type":"Polygon","properties":{"GEOID":"060014504003"}},{"arcs":[[2945,-805,-855,2946]],"type":"Polygon","properties":{"GEOID":"060014414011"}},{"arcs":[[2947,-1326,-2819,-276,-712]],"type":"Polygon","properties":{"GEOID":"060014071011"}},{"arcs":[[-529,-2282,-1341,-2720,-315]],"type":"Polygon","properties":{"GEOID":"060014330004"}},{"arcs":[[2948,-2528,-2845,2949,-982,-2007,-2541,2950]],"type":"Polygon","properties":{"GEOID":"060014401001"}},{"arcs":[[2951,-1508,-2274]],"type":"Polygon","properties":{"GEOID":"060014501022"}},{"arcs":[[-1471,2952,2953,2954,2955]],"type":"Polygon","properties":{"GEOID":"060014307003"}},{"arcs":[[-2465,2956,-2559,-2725,-1955,2957,-140]],"type":"Polygon","properties":{"GEOID":"060014312002"}},{"arcs":[[2958,-877,-2279,-1528,2959,-873,-1570,-2892,-310,-2452,-2224,-2882,2960]],"type":"Polygon","properties":{"GEOID":"060014283014"}},{"arcs":[[-2601,-43,-2175,-1240,-2221,-45]],"type":"Polygon","properties":{"GEOID":"060014091001"}},{"arcs":[[2961,-1879,-6,-1194,2962]],"type":"Polygon","properties":{"GEOID":"060014356021"}},{"arcs":[[2963,-2699,-602,-2577,-822,-1845]],"type":"Polygon","properties":{"GEOID":"060014056003"}},{"arcs":[[-2136,-2759,-2148,2964]],"type":"Polygon","properties":{"GEOID":"060014372002"}},{"arcs":[[-2545,-225,-1573,-2525]],"type":"Polygon","properties":{"GEOID":"060014412003"}},{"arcs":[[-2923,2965,-2233,-2132,2966,-2204,-2800,2967,-1146]],"type":"Polygon","properties":{"GEOID":"060014431033"}},{"arcs":[[-1824,-2766,-2786,-1983,-2127,-671,-2598,-2668,-2661,2968]],"type":"Polygon","properties":{"GEOID":"060014033022"}},{"arcs":[[-2950,-2844,2969,-2921,-359,-2544,-1612,-983]],"type":"Polygon","properties":{"GEOID":"060014411002"}},{"arcs":[[-724,2970,-516,-413,2971,-1288,2972]],"type":"Polygon","properties":{"GEOID":"060014016002"}},{"arcs":[[-2833,-1732,-2119,2973,-1877,-2667]],"type":"Polygon","properties":{"GEOID":"060014059022"}},{"arcs":[[-2626,-1641,-1625,-1889,-2146,-2888]],"type":"Polygon","properties":{"GEOID":"060014009002"}},{"arcs":[[-1796,-797]],"type":"Polygon","properties":{"GEOID":"060014382011"}},{"arcs":[[2974,2975,2976,2977,-2094,-2163,-2848,-2414,-2561]],"type":"Polygon","properties":{"GEOID":"060014352001"}},{"arcs":[[2978,2979,-2724,-948,-2402,-2831,-1989,-975,-1726,-2814,-2104,-2830,-2907]],"type":"Polygon","properties":{"GEOID":"060014513003"}},{"arcs":[[-2815,-2762,-738,-2345,-2942]],"type":"Polygon","properties":{"GEOID":"060014262001"}},{"arcs":[[-1270,2980,-2881,2981,2982,-2587,-2250]],"type":"Polygon","properties":{"GEOID":"060014080002"}},{"arcs":[[-2137,-2965,-2147,-2351]],"type":"Polygon","properties":{"GEOID":"060014372004"}},{"arcs":[[-1313,-2583,2983,2984,-1439]],"type":"Polygon","properties":{"GEOID":"060014322002"}},{"arcs":[[-1530,-2757,-2522,-1826,-1532]],"type":"Polygon","properties":{"GEOID":"060014224001"}},{"arcs":[[2985,-142,2986,-2101,-1197,-1878,-2962]],"type":"Polygon","properties":{"GEOID":"060014355001"}},{"arcs":[[-1789,2987,-2608,-2184,-2278]],"type":"Polygon","properties":{"GEOID":"060014201002"}},{"arcs":[[-1395,-733,-2011,2988,-1687,-2355]],"type":"Polygon","properties":{"GEOID":"060014051003"}},{"arcs":[[-2582,-2930,-655,-2984]],"type":"Polygon","properties":{"GEOID":"060014321002"}},{"arcs":[[2989,-2550,-2756,-1472,-2956,2990,-1782,-972]],"type":"Polygon","properties":{"GEOID":"060014307001"}},{"arcs":[[-1884,-889,-185,-206,-80]],"type":"Polygon","properties":{"GEOID":"060014506043"}},{"arcs":[[-989,-1350,-2183,-1365,-1988]],"type":"Polygon","properties":{"GEOID":"060014516022"}},{"arcs":[[-806,-2946,2991,2992]],"type":"Polygon","properties":{"GEOID":"060014414022"}},{"arcs":[[-1548,-2112,2993,2994,-2693,-1657,-2674]],"type":"Polygon","properties":{"GEOID":"060014004001"}},{"arcs":[[-1119,-927,-1914,2995,-1856]],"type":"Polygon","properties":{"GEOID":"060014333001"}},{"arcs":[[2996,-2239,2997]],"type":"Polygon","properties":{"GEOID":"060014351042"}},{"arcs":[[-673,-896,-2257,-2874,-1026,-2484,-1799,-319,-2446,-1346]],"type":"Polygon","properties":{"GEOID":"060014515031"}},{"arcs":[[-2818,-2298,-255,-2447]],"type":"Polygon","properties":{"GEOID":"060014066012"}},{"arcs":[[-2806,-1552,-2425,2998]],"type":"Polygon","properties":{"GEOID":"060014502001"}},{"arcs":[[-1838,-1606,-2652,-30,2999,-865,-2057]],"type":"Polygon","properties":{"GEOID":"060014096002"}},{"arcs":[[-2982,-2880,3000,3001,-258,-1422,3002,3003,-2385]],"type":"Polygon","properties":{"GEOID":"060014081005"}},{"arcs":[[-2794,-917,-2908,-2767,-1825,-2969,-2660,-2433]],"type":"Polygon","properties":{"GEOID":"060019832002"}},{"arcs":[[-1904,-1151,-2865,3004]],"type":"Polygon","properties":{"GEOID":"060014422003"}},{"arcs":[[-642,-577,-960,-117,-1647,-813]],"type":"Polygon","properties":{"GEOID":"060014366013"}},{"arcs":[[-425,-991,-438,3005,-2181,-1028,-70,-2487,-2469,3006,-2810]],"type":"Polygon","properties":{"GEOID":"060014511032"}},{"arcs":[[[3007,-2477,3008,-2482,3009]],[[-2023,3010,-1213,-1999,-1141,-994,-2394,-2803,3011,3012,-2853]]],"type":"MultiPolygon","properties":{"GEOID":"060014415034"}},{"arcs":[[-2968,-2799,-1152,-1903]],"type":"Polygon","properties":{"GEOID":"060014431044"}},{"arcs":[[-1934,-2834,3013]],"type":"Polygon","properties":{"GEOID":"060014251043"}},{"arcs":[[-2213,-1555,-2276,3014,-2933,-676,-2944]],"type":"Polygon","properties":{"GEOID":"060014503002"}},{"arcs":[[-305,-273,-1813,-2293,-2754,-2718,-1372,3015]],"type":"Polygon","properties":{"GEOID":"060014359001"}},{"arcs":[[-2108,3016,3017,-2073]],"type":"Polygon","properties":{"GEOID":"060014507422"}},{"arcs":[[-1649,-27,-1764,-2327,-1485,-486,-1974,-939,-1718]],"type":"Polygon","properties":{"GEOID":"060014086001"}},{"arcs":[[-2422,3018,-2976,3019,-2463]],"type":"Polygon","properties":{"GEOID":"060014311001"}},{"arcs":[[-2929,3020,-2551,-2990,-974,-1781,-2905,-2280,-2381]],"type":"Polygon","properties":{"GEOID":"060014304002"}},{"arcs":[[-2319,-1359,-2903,-857,-618]],"type":"Polygon","properties":{"GEOID":"060014076001"}},{"arcs":[[-746,-1468,-2931,-2580,-443]],"type":"Polygon","properties":{"GEOID":"060014100002"}},{"arcs":[[-1571,-878,-2959,3021]],"type":"Polygon","properties":{"GEOID":"060014283021"}},{"arcs":[[-874,-2960,-1527]],"type":"Polygon","properties":{"GEOID":"060014283011"}},{"arcs":[[-2688,-720,-2624,-2887]],"type":"Polygon","properties":{"GEOID":"060014008002"}},{"arcs":[[-147,-1259,-2012,-52,-2043]],"type":"Polygon","properties":{"GEOID":"060014087005"}},{"arcs":[[-2953,-1470,-653,-2558,-2419,3022,3023]],"type":"Polygon","properties":{"GEOID":"060014309001"}},{"arcs":[[-1783,-2991,-2955,-21,3024]],"type":"Polygon","properties":{"GEOID":"060014306004"}},{"arcs":[[-230,3025,-2636,-1633,-2428,-1707]],"type":"Polygon","properties":{"GEOID":"060014219001"}},{"arcs":[[-2245,-2079,-1187,3026,-1192,3027,-1243]],"type":"Polygon","properties":{"GEOID":"060014325021"}},{"arcs":[[3028,-2501,-2742,-1020,-1488]],"type":"Polygon","properties":{"GEOID":"060014364041"}},{"arcs":[[3029,-778,-2657,-2694,-2995]],"type":"Polygon","properties":{"GEOID":"060014002001"}},{"arcs":[[-229,-2187,3030,-2634,-3026]],"type":"Polygon","properties":{"GEOID":"060014206001"}},{"arcs":[[-1368,3031,-436,-2832]],"type":"Polygon","properties":{"GEOID":"060014516024"}},{"arcs":[[-2877,3032,-2439,-1236,-2702,-2068]],"type":"Polygon","properties":{"GEOID":"060014063002"}},{"arcs":[[-3000,-35,-1593,-2750,-866]],"type":"Polygon","properties":{"GEOID":"060014096003"}},{"arcs":[[-2450,-1982,-2758,-2349,-951]],"type":"Polygon","properties":{"GEOID":"060014369003"}},{"arcs":[[-2738,-1401,-780,-970]],"type":"Polygon","properties":{"GEOID":"060014445002"}},{"arcs":[[3033,3034,3035,-259,-3002]],"type":"Polygon","properties":{"GEOID":"060014081002"}},{"arcs":[[3036,-1126,-2716,3037,-2371]],"type":"Polygon","properties":{"GEOID":"060014371022"}},{"arcs":[[-2589,3038,-2388,-2593,-622,-834]],"type":"Polygon","properties":{"GEOID":"060014068002"}},{"arcs":[[3039,-2846,-2089,-2978]],"type":"Polygon","properties":{"GEOID":"060014351033"}},{"arcs":[[3040,-2336,3041,-1654,-306,-3016,-1371,3042]],"type":"Polygon","properties":{"GEOID":"060014334004"}},{"arcs":[[-1022,-2741,-2091,-2340,-1089]],"type":"Polygon","properties":{"GEOID":"060014364022"}},{"arcs":[[-2700,-1775,-2701,-479,-167,-3033,-2876,-2066]],"type":"Polygon","properties":{"GEOID":"060014064002"}},{"arcs":[[-2037,-2740,-2731,-2209,-1805]],"type":"Polygon","properties":{"GEOID":"060014236011"}},{"arcs":[[-381,3043,-2822,-1809,-2513]],"type":"Polygon","properties":{"GEOID":"060014331041"}},{"arcs":[[3044,-2156,-267,3045]],"type":"Polygon","properties":{"GEOID":"060014301012"}},{"arcs":[[-1363,-2529,-2949,3046,-2998,-1618,3047,-1814,-2444,-2894]],"type":"Polygon","properties":{"GEOID":"060014351041"}},{"arcs":[[-966,-1761,-1537,-1429,-2856]],"type":"Polygon","properties":{"GEOID":"060014415223"}},{"arcs":[[-2333,-2362,3048,-2611,-1077]],"type":"Polygon","properties":{"GEOID":"060014340002"}},{"arcs":[[-2857,-2287,3049,3050,-997,-1661,-2490,-2497]],"type":"Polygon","properties":{"GEOID":"060014419241"}},{"arcs":[[-2860,-1741,-808,-1944,-2840]],"type":"Polygon","properties":{"GEOID":"060014276003"}},{"arcs":[[-3038,-283,-2671,-2850,-2372]],"type":"Polygon","properties":{"GEOID":"060014371012"}},{"arcs":[[3051,-2461,-1871,3052,3053,-2837,3054]],"type":"Polygon","properties":{"GEOID":"060019819001"}},{"arcs":[[-266,-1185,-2915,-41,-589]],"type":"Polygon","properties":{"GEOID":"060014095001"}},{"arcs":[[-1544,-2228,-1936,3055,-1900,-2886]],"type":"Polygon","properties":{"GEOID":"060014251022"}},{"arcs":[[-751,-88,-2920,-457,-188,-2687,-2900]],"type":"Polygon","properties":{"GEOID":"060014240021"}},{"arcs":[[-1784,-3025,-395,-2735,-2906]],"type":"Polygon","properties":{"GEOID":"060014306003"}},{"arcs":[[3056,-2263,-2980,3057,-2774,3058,-1509,-2952,-2273]],"type":"Polygon","properties":{"GEOID":"060014507521"}},{"arcs":[[-2566,-1275,-1408,-1260,-2295]],"type":"Polygon","properties":{"GEOID":"060014361003"}},{"arcs":[[-944,-2130,-260,-3036,3059,-2087,-1858,-428]],"type":"Polygon","properties":{"GEOID":"060014098001"}},{"arcs":[[3060,-50,-2868,3061,3062,-2797]],"type":"Polygon","properties":{"GEOID":"060014423013"}},{"arcs":[[-1835,-1943,-2889,-1892,-1231,3063,-169]],"type":"Polygon","properties":{"GEOID":"060014035012"}},{"arcs":[[-393,-23,3064,-3023,-2424,-2462,-138,3065]],"type":"Polygon","properties":{"GEOID":"060014310002"}},{"arcs":[[-2578,-606,-292,-2118,-1730]],"type":"Polygon","properties":{"GEOID":"060014055001"}},{"arcs":[[3066,-3046,-270,-2847,-3040,-2977,3067]],"type":"Polygon","properties":{"GEOID":"060014301011"}},{"arcs":[[3068,-2796,3069,3070]],"type":"Polygon","properties":{"GEOID":"060014423023"}},{"arcs":[[-2870,-3,-2483,-3009,-2476]],"type":"Polygon","properties":{"GEOID":"060014446022"}},{"arcs":[[-2275,-1705,-2934,-3015]],"type":"Polygon","properties":{"GEOID":"060014501011"}},{"arcs":[[-2712,-2715,-2536]],"type":"Polygon","properties":{"GEOID":"060014373002"}},{"arcs":[[-2912,-47,3071,3072,-1266,-332]],"type":"Polygon","properties":{"GEOID":"060014419211"}},{"arcs":[[-2271,-2508,-2935]],"type":"Polygon","properties":{"GEOID":"060014507431"}},{"arcs":[[-1442,-455,-2919,3073,-2749,-2049,-1174,-716,-1975]],"type":"Polygon","properties":{"GEOID":"060014239011"}},{"arcs":[[-1901,-3056,-1935,-3014,-2836,-694,-2159,-1456,-725,-2973,-2896,-2458,-3052,3074]],"type":"Polygon","properties":{"GEOID":"060014017003"}},{"arcs":[[-1913,-774,-2899,-505]],"type":"Polygon","properties":{"GEOID":"060014232002"}},{"arcs":[[-2859,-2435,-2663,-253,-132,-73]],"type":"Polygon","properties":{"GEOID":"060014273005"}},{"arcs":[[-2205,-2967,-2131,-1463]],"type":"Polygon","properties":{"GEOID":"060014431031"}},{"arcs":[[-2613,-1195,-10,-2823,-2308,3075]],"type":"Polygon","properties":{"GEOID":"060014357001"}},{"arcs":[[3076,-1917,-271,3077]],"type":"Polygon","properties":{"GEOID":"060014336004"}},{"arcs":[[-2562,-2417,-2502,-3029,-1487]],"type":"Polygon","properties":{"GEOID":"060014364033"}},{"arcs":[[-2457,3078,-2910,3079,-3050,-2286]],"type":"Polygon","properties":{"GEOID":"060014419245"}},{"arcs":[[-51,-3061,-3069,-3072]],"type":"Polygon","properties":{"GEOID":"060014423021"}},{"arcs":[[-2531,-2709,-661,-318,-2821,-3044,-380,-2512]],"type":"Polygon","properties":{"GEOID":"060014331042"}},{"arcs":[[-1779,-2442,-1929,-1138]],"type":"Polygon","properties":{"GEOID":"060014415231"}},{"arcs":[[-558,-1016,3080]],"type":"Polygon","properties":{"GEOID":"060014421002"}},{"arcs":[[-986,-2523,3081,-1329]],"type":"Polygon","properties":{"GEOID":"060014403381"}},{"arcs":[[-2843,-2932,-2783,-2097,-1034,-2232,3082,-3017,-2107,-2811,-3007,-2473,3083,3084,-2234,-2966,-2922,-2970]],"type":"Polygon","properties":{"GEOID":"060014507015"}},{"arcs":[[-1541,-2494,-235,-1150,-487,-336,3085,-2058]],"type":"Polygon","properties":{"GEOID":"060014417022"}},{"arcs":[[-1500,-679,-1595,-2216,-2681]],"type":"Polygon","properties":{"GEOID":"060014506093"}},{"arcs":[[-2672,-2074,-3018,-3083,-2231]],"type":"Polygon","properties":{"GEOID":"060014507011"}},{"arcs":[[3086,-1834,3087,-2939,-691]],"type":"Polygon","properties":{"GEOID":"060014014001"}},{"arcs":[[-2972,-412,-202,-1289]],"type":"Polygon","properties":{"GEOID":"060014024001"}},{"arcs":[[-2001,-1717,-2692,-846,-2705]],"type":"Polygon","properties":{"GEOID":"060014281003"}},{"arcs":[[3088,-2409,3089,-3003,-1426,3090,-2328,-1762,-1960,-1319,-2904,-1357,-2318]],"type":"Polygon","properties":{"GEOID":"060014078002"}},{"arcs":[[-509,-1461,3091,-545]],"type":"Polygon","properties":{"GEOID":"060014088001"}},{"arcs":[[-82,-208,-2610,-1667,-361,-2655]],"type":"Polygon","properties":{"GEOID":"060014506063"}},{"arcs":[[-582,-1293,-110,-2746,-762]],"type":"Polygon","properties":{"GEOID":"060014222002"}},{"arcs":[[-562,-908,-2640,-773,-1912,-1317]],"type":"Polygon","properties":{"GEOID":"060014230003"}},{"arcs":[[-2182,-3006,-437,-3032,-1367]],"type":"Polygon","properties":{"GEOID":"060014516012"}},{"arcs":[[-3047,-2951,-2825,-1561,-240,-2240,-2997]],"type":"Polygon","properties":{"GEOID":"060014380001"}},{"arcs":[[-2235,-3085,3092,-2653,-214,-885]],"type":"Polygon","properties":{"GEOID":"060014432002"}},{"arcs":[[3093,-2506,3094,-2807,-2152]],"type":"Polygon","properties":{"GEOID":"060014505021"}},{"arcs":[[-1186,-3027]],"type":"Polygon","properties":{"GEOID":"060014325022"}},{"arcs":[[-1905,-3005,-2864,-1018]],"type":"Polygon","properties":{"GEOID":"060014422001"}},{"arcs":[[-2875,-1069,-1964,-2123]],"type":"Polygon","properties":{"GEOID":"060014037012"}},{"arcs":[[-2879,-2406,3095,-3034,-3001]],"type":"Polygon","properties":{"GEOID":"060014081004"}},{"arcs":[[-141,-2958,-1954,-2102,-2987]],"type":"Polygon","properties":{"GEOID":"060014355002"}},{"arcs":[[-2186,-2607,-2635,-3031]],"type":"Polygon","properties":{"GEOID":"060014213004"}},{"arcs":[[-2691,-446,-198,-1589,-870,-33]],"type":"Polygon","properties":{"GEOID":"060014102001"}},{"arcs":[[-2717,-1494,-2364,3096,-3068,-3019,-2421,-2557]],"type":"Polygon","properties":{"GEOID":"060014308003"}},{"arcs":[[3097,-2172,-792,-593]],"type":"Polygon","properties":{"GEOID":"060014430022"}},{"arcs":[[3098,3099,-2173,-3098,-592,-2547]],"type":"Polygon","properties":{"GEOID":"060014430023"}},{"arcs":[[-2033,-2802,-785,3100]],"type":"Polygon","properties":{"GEOID":"060014433211"}},{"arcs":[[-2114,-159,-2324,-1433,-2542,-1742,-1387]],"type":"Polygon","properties":{"GEOID":"060014403042"}},{"arcs":[[-3096,-2405,-521,-2088,-3060,-3035]],"type":"Polygon","properties":{"GEOID":"060014099001"}},{"arcs":[[-2386,-3004,-3090,-2408,-2594]],"type":"Polygon","properties":{"GEOID":"060014079001"}},{"arcs":[[-546,-3092,-1587,-2711,-585]],"type":"Polygon","properties":{"GEOID":"060014089002"}},{"arcs":[[-2665,-3078,-304,-1653,-664]],"type":"Polygon","properties":{"GEOID":"060014335003"}},{"arcs":[[-1440,-2985,-658,-1503,-2940]],"type":"Polygon","properties":{"GEOID":"060014322003"}},{"arcs":[[-2642,-2519,-2747,-16,-1058]],"type":"Polygon","properties":{"GEOID":"060014227002"}},{"arcs":[[-2591,-2595,-2410,-3089,-829]],"type":"Polygon","properties":{"GEOID":"060014079003"}},{"arcs":[[-1807,-2212,-2748,-3074,-2645]],"type":"Polygon","properties":{"GEOID":"060014235003"}},{"arcs":[[-2989,-2010,-392,-1688]],"type":"Polygon","properties":{"GEOID":"060014051002"}},{"arcs":[[-1476,-1660,-2621,-2916,-1622,-129]],"type":"Polygon","properties":{"GEOID":"060014006002"}},{"arcs":[[-2426,-2943,-2504,-682]],"type":"Polygon","properties":{"GEOID":"060014504002"}},{"arcs":[[-665,-1652,-3042,-2335]],"type":"Polygon","properties":{"GEOID":"060014334005"}},{"arcs":[[-552,-1563,-2824,-2196,-2241]],"type":"Polygon","properties":{"GEOID":"060014381006"}},{"arcs":[[-394,-3066,-137,3101,-2360,-2736]],"type":"Polygon","properties":{"GEOID":"060014305003"}},{"arcs":[[-2631,-601,-1695,-2237,-1631]],"type":"Polygon","properties":{"GEOID":"060014279004"}},{"arcs":[[-2992,-2947,-2532,-2792,-634,3102]],"type":"Polygon","properties":{"GEOID":"060014414013"}},{"arcs":[[-3059,-2773,-3058,-2979,-2039,-2081,-1510]],"type":"Polygon","properties":{"GEOID":"060014507511"}},{"arcs":[[-519,-2315,-2790,-1056,-2927]],"type":"Polygon","properties":{"GEOID":"060014028022"}},{"arcs":[[-405,-2380,-2795,-2431,-2838,-3054]],"type":"Polygon","properties":{"GEOID":"060019820001"}},{"arcs":[[-2059,-3086,-335,-494]],"type":"Polygon","properties":{"GEOID":"060014417021"}},{"arcs":[[-2111,-2730,-779,-3030,-2994]],"type":"Polygon","properties":{"GEOID":"060014238003"}},{"arcs":[[-2222,-3028,-1191,-1567,-1117,-2045,-1295]],"type":"Polygon","properties":{"GEOID":"060014324001"}},{"arcs":[[3103,-759,-2003,-1281,-76]],"type":"Polygon","properties":{"GEOID":"060014211002"}},{"arcs":[[-2871,-2254,-2486,-2812,-2873]],"type":"Polygon","properties":{"GEOID":"060014515051"}},{"arcs":[[-2835,-913,-2937,-1392,-3087,-690]],"type":"Polygon","properties":{"GEOID":"060014010005"}},{"arcs":[[-3080,-2909,-3051]],"type":"Polygon","properties":{"GEOID":"060014419244"}},{"arcs":[[-1998,-379,-1840,-1875]],"type":"Polygon","properties":{"GEOID":"060014062014"}},{"arcs":[[-1676,-2100,-631,-2898,-279]],"type":"Polygon","properties":{"GEOID":"060014072001"}},{"arcs":[[-3062,-2867,-2170,-3100]],"type":"Polygon","properties":{"GEOID":"060014430012"}},{"arcs":[[-2609,-1909,-2117,-2573,-2673,-1032,-1668]],"type":"Polygon","properties":{"GEOID":"060014506072"}},{"arcs":[[-2778,3104,-1245,-2779,-2770]],"type":"Polygon","properties":{"GEOID":"060014204011"}},{"arcs":[[-2149,-2538,-1124,-3037,-2370,-2849]],"type":"Polygon","properties":{"GEOID":"060014371023"}},{"arcs":[[-2047,-2339,-2902,-2337,-3041,3105,-1297]],"type":"Polygon","properties":{"GEOID":"060014334003"}},{"arcs":[[-1520,-1080,-2714,-1915,-925]],"type":"Polygon","properties":{"GEOID":"060014332003"}},{"arcs":[[-3020,-2975,-2560,-2957,-2464]],"type":"Polygon","properties":{"GEOID":"060014311002"}},{"arcs":[[-2777,-326,-2744,-2918,-1246,-3105]],"type":"Polygon","properties":{"GEOID":"060014204012"}},{"arcs":[[-3070,-2798,-3063,-3099,-2585,3106]],"type":"Polygon","properties":{"GEOID":"060014423011"}},{"arcs":[[-2321,-1267,-3073,-3071,-3107,-2584,-535]],"type":"Polygon","properties":{"GEOID":"060014424002"}},{"arcs":[[-1786,-2761,-1692,-2698,-2964,-1844,-647]],"type":"Polygon","properties":{"GEOID":"060014052001"}},{"arcs":[[3107,-2471,-1008,-2344,-1802,-2259]],"type":"Polygon","properties":{"GEOID":"060014511041"}},{"arcs":[[-2938,-3088,-1837,-2056,-2789,-2971,-723,-1455]],"type":"Polygon","properties":{"GEOID":"060014014003"}},{"arcs":[[-2954,-3024,-3065,-22]],"type":"Polygon","properties":{"GEOID":"060014309002"}},{"arcs":[[-2438,-1517,-1604,-1327,-2948,-711,-1238]],"type":"Polygon","properties":{"GEOID":"060014065003"}},{"arcs":[[-2249,3108,-2157,-3045,-3067,-3097,-2363,-934,-2552,-3021,-2928,-1466,-523,-2404,-2878,-2981,-1269]],"type":"Polygon","properties":{"GEOID":"060014301021"}},{"arcs":[[-1890,-2752,-919,-2914]],"type":"Polygon","properties":{"GEOID":"060014094001"}},{"arcs":[[-2945,-1161,-2808,-3095]],"type":"Polygon","properties":{"GEOID":"060014505011"}},{"arcs":[[-1815,-3048,-1621,-1735,-2445]],"type":"Polygon","properties":{"GEOID":"060014351043"}},{"arcs":[[-1336,-1866,-1683,-701]],"type":"Polygon","properties":{"GEOID":"060014041022"}},{"arcs":[[-2755,-2296,-1264,-1854,-2347,-1375]],"type":"Polygon","properties":{"GEOID":"060014360002"}},{"arcs":[[-2791,-2313]],"type":"Polygon","properties":{"GEOID":"060014028012"}},{"arcs":[[-1330,-3082,-2526,-2863,-1042,-2050]],"type":"Polygon","properties":{"GEOID":"060014403383"}},{"arcs":[[-2641,-1771,-2913,-85,-211]],"type":"Polygon","properties":{"GEOID":"060014234002"}},{"arcs":[[-2005,-2376,-770,-1797,-1282]],"type":"Polygon","properties":{"GEOID":"060014214001"}},{"arcs":[[-2983,-2384,-3039,-2588]],"type":"Polygon","properties":{"GEOID":"060014068001"}},{"arcs":[[-2392,-2925,-2696,-2739,-969,-2120,-1597,-1219]],"type":"Polygon","properties":{"GEOID":"060014441001"}},{"arcs":[[-1093,-1539,-1214,-3011,-2022]],"type":"Polygon","properties":{"GEOID":"060014415011"}},{"arcs":[[-3076,-2310,-1272,-2713]],"type":"Polygon","properties":{"GEOID":"060014357002"}},{"arcs":[[-1301,3109,-2679,-2516,-58]],"type":"Polygon","properties":{"GEOID":"060014216001"}},{"arcs":[[-1400,-2034,-3101,-784,-999,-1004]],"type":"Polygon","properties":{"GEOID":"060014415251"}},{"arcs":[[-2456,-2924,-559,-3081,-1015,-2911,-3079]],"type":"Polygon","properties":{"GEOID":"060014419281"}},{"arcs":[[-3012,-2804,-2478,-3008,3110]],"type":"Polygon","properties":{"GEOID":"060014443031"}},{"arcs":[[-964,-2941,-2891,-807,-2993,-3103,-1760]],"type":"Polygon","properties":{"GEOID":"060014414021"}},{"arcs":[[-2283,-527,-660,-2708,-2301,-2382]],"type":"Polygon","properties":{"GEOID":"060014328002"}},{"arcs":[[-3064,-1233,-1228,-170]],"type":"Polygon","properties":{"GEOID":"060014035011"}},{"arcs":[[-1425,-1483,-2326,-3091]],"type":"Polygon","properties":{"GEOID":"060014082001"}},{"arcs":[[-2996,-1918,-3077,-2664]],"type":"Polygon","properties":{"GEOID":"060014336001"}},{"arcs":[[-902,-2917,-2620,-1306,-1445,-1389,-2936]],"type":"Polygon","properties":{"GEOID":"060014011004"}},{"arcs":[[-154,-2395,-1872,-2974]],"type":"Polygon","properties":{"GEOID":"060014059013"}},{"arcs":[[-95,-541,-645,-2775,-2492]],"type":"Polygon","properties":{"GEOID":"060014363022"}},{"arcs":[[-1290,-2728,-406,-3053,-1870,-881]],"type":"Polygon","properties":{"GEOID":"060014105001"}},{"arcs":[[-2361,-3102,-143,-2986,-2963,-2612,-3049]],"type":"Polygon","properties":{"GEOID":"060014337001"}},{"arcs":[[-2143,-1754,-1584,-2307,-2330,-1924,-1938]],"type":"Polygon","properties":{"GEOID":"060014044002"}},{"arcs":[[-2603,-2021,-2855,-1744]],"type":"Polygon","properties":{"GEOID":"060014403053"}},{"arcs":[[-2669,-2200,-2375,-156,-2113,-2851]],"type":"Polygon","properties":{"GEOID":"060014403331"}}]}}}