{"type":"Topology","arcs":[[[5110,2720],[68,-4],[55,-18],[53,-10],[41,2],[44,12],[59,38],[30,32],[35,51],[37,35],[27,18]],[[5559,2876],[46,19],[70,9]],[[5675,2904],[0,-298],[9,-67],[27,-68]],[[5711,2471],[-41,-17],[-159,1],[-74,24],[-61,-1],[-23,6]],[[5353,2484],[-66,13],[-90,-8],[-49,2],[-55,15]],[[5093,2506],[13,71],[4,143]],[[8453,4237],[1,166],[101,476],[20,101],[37,138],[22,70],[76,188],[20,79],[7,298],[-3,37],[-3,289]],[[8731,6079],[35,3],[307,0],[300,2]],[[9373,6084],[-2,-229],[3,-46],[0,-409],[279,1],[46,-3]],[[9699,5398],[-42,-115],[-15,-32],[-104,-164],[-31,-40],[-56,-60],[-329,-287]],[[9122,4700],[-239,-210],[-3,-5],[-244,-211],[-51,-42],[-124,-111]],[[8461,4121],[-11,25],[3,91]],[[8549,934],[52,-3],[47,-18],[44,-31],[48,-21],[33,-4],[112,-2],[39,-13]],[[8924,842],[41,-28],[23,-24],[43,-87],[17,-84],[27,-35],[20,-12]],[[9095,572],[-16,-41],[-49,-57],[-30,-16],[-113,-25]],[[8887,433],[-26,50],[-250,375],[-42,64],[-20,12]],[[7275,862],[285,1]],[[7560,863],[26,-7],[42,-33]],[[7628,823],[-26,-49],[-29,-10],[1,-139],[39,-81],[-1,-156],[2,-29]],[[7614,359],[-110,16],[-100,6]],[[7404,381],[15,40],[-2,41],[-22,60],[5,46],[-6,50],[-18,16],[-48,18],[-7,71],[-10,25],[-26,31],[-10,33],[0,50]],[[8008,324],[9,10],[-8,65],[3,22],[62,94],[110,-1],[-3,73],[3,69],[-21,106],[2,101]],[[8165,863],[67,-3],[30,6],[40,19],[41,37],[24,36]],[[8367,958],[42,-17],[59,-7],[81,0]],[[8549,934],[0,-54],[9,-110],[-2,-175],[-3,-338]],[[8553,257],[-37,8],[-234,30],[-40,0],[-169,19],[-65,10]],[[5204,2129],[37,-10],[54,-4],[59,12],[65,28],[69,41],[65,46],[42,18],[54,8],[123,1]],[[5772,2269],[0,-196],[18,-98],[1,-55]],[[5791,1920],[-149,2]],[[5642,1922],[-495,0]],[[5147,1922],[7,59],[31,74],[19,74]],[[5791,1920],[208,0]],[[5999,1920],[111,2]],[[6110,1922],[0,-373]],[[6110,1549],[-255,-4],[-56,-5]],[[5799,1540],[-7,110],[-1,270]],[[6415,1055],[1,-203]],[[6416,852],[-307,-1]],[[6109,851],[1,186],[3,31],[75,-8],[114,-5],[65,-12],[48,12]],[[13246,8032],[37,27],[73,18],[24,22],[22,47],[3,86],[7,32],[31,51],[37,32],[77,13],[59,29],[30,23],[19,28],[29,78]],[[13694,8518],[20,-22],[-5,-44],[-27,-38],[-22,-69],[12,-14],[52,-23],[28,-45],[1,-104],[-8,-32],[8,-51],[10,-16],[48,-34],[32,-131],[2,-151],[-19,-52],[-33,-18],[-244,-10],[-26,9],[-74,60],[-69,67]],[[13380,7800],[-37,36]],[[13343,7836],[-41,45],[-28,-10],[-85,4],[-37,9],[23,25],[71,123]],[[8757,3312],[152,3],[28,-15],[103,3],[189,-1],[43,19]],[[9272,3321],[38,-86],[11,-52],[-6,-53],[-24,-50],[-67,-70],[-37,-24],[-33,-10],[-114,-14],[-38,-20],[-124,-97],[-60,-44]],[[8818,2801],[-176,-1],[-136,3],[-91,-2]],[[8415,2801],[3,33],[33,50],[37,45],[38,36],[49,33],[49,61],[39,33],[19,5],[-23,39],[-16,3],[-2,68],[13,57],[3,48],[100,0]],[[8442,2521],[41,-10],[49,4],[79,26],[50,-4]],[[8661,2537],[-16,-96],[-36,-125],[-5,-57],[5,-66],[-9,-67],[-59,-155],[-11,-66],[5,-162]],[[8535,1743],[6,-201]],[[8541,1542],[-319,11]],[[8222,1553],[-2,56],[-11,40],[-25,43],[-27,29],[-78,44],[-38,30],[-28,38],[-19,49],[-4,67],[7,76],[-7,38],[-42,69]],[[7948,2132],[42,25],[29,1],[40,-13],[48,0],[88,30],[66,35],[112,96],[40,61],[10,42],[2,48],[17,64]],[[6628,4341],[-4,-47],[-13,-68]],[[6611,4226],[-27,-65],[-26,-39],[-33,-36],[-35,-28],[-51,-27],[-59,-18]],[[6380,4013],[-15,66],[-36,96],[-11,40],[-5,48],[0,83],[98,0],[0,27],[33,-6],[4,-52],[103,0],[5,20],[42,9],[30,-3]],[[7512,5378],[4,4]],[[7516,5382],[45,-64],[49,-113],[23,-67]],[[7633,5138],[-28,-16],[-24,-26],[-30,-72],[-41,-64],[-21,-63]],[[7489,4897],[-1,-5]],[[7488,4892],[-59,7],[-88,-19],[-40,2],[-38,10]],[[7263,4892],[23,143],[-6,57],[-20,30],[2,36],[22,23],[2,26],[24,12],[60,7],[10,21],[48,36],[30,42],[10,-1],[44,54]],[[7633,5138],[101,26],[77,33],[21,4],[69,-5],[78,1]],[[7979,5197],[75,-23],[37,-6],[63,20]],[[8154,5188],[15,-65],[-23,-58],[-23,-33],[-77,-88],[-25,-37],[-51,-112],[-19,-81],[-14,-30],[-64,-38],[-77,-62],[-67,-35],[-115,-23]],[[7614,4526],[-30,2],[-24,23]],[[7560,4551],[27,59],[20,119],[2,51],[-16,51],[-47,50],[-57,16]],[[6995,4433],[67,47]],[[7062,4480],[7,-12],[69,-44],[46,-18],[29,-21],[-6,-20],[29,-32],[4,-50],[54,-10],[27,93],[18,24],[25,2],[44,-15]],[[7408,4377],[-59,-221],[-41,-85],[-50,-52]],[[7258,4019],[-116,156],[-147,258]],[[7258,4019],[-67,-65],[-52,-67]],[[7139,3887],[-209,116],[-52,-2]],[[6878,4001],[-5,89]],[[6873,4090],[-12,70],[2,75],[10,45],[19,45],[32,47],[25,27],[46,34]],[[5675,2904],[97,-1],[61,9],[98,37],[46,13]],[[5977,2962],[38,-124],[16,-72]],[[6031,2766],[7,-44]],[[6038,2722],[-51,-1],[5,-46],[-55,-25],[-41,5],[-12,-9],[-78,-6],[-23,4],[-10,-30],[0,-66],[-12,-32],[3,-34],[24,-19],[91,1],[51,-43],[16,-46],[0,-39],[57,0]],[[6003,2336],[-1,-67]],[[6002,2269],[-230,0]],[[5772,2269],[-2,61],[-9,41],[-19,50],[-31,50]],[[5204,2129],[12,46],[64,94],[41,94],[32,121]],[[8541,1542],[24,-3],[178,-4],[226,0],[71,3],[117,16],[97,6],[512,-13]],[[9766,1547],[7,-367]],[[9773,1180],[-261,3],[-299,-3],[-109,2],[-112,7],[-44,-1],[-20,-8],[-42,-33],[21,-45],[17,-66],[8,-75],[3,-70],[-11,-49]],[[8549,934],[3,122],[2,147],[-11,328],[-2,11]],[[7631,1039],[147,-1],[16,-4],[25,17],[22,-20],[-5,-34],[43,-13],[56,14],[18,40],[-14,38],[22,34],[-16,55],[8,61],[40,11],[0,-48],[16,-41],[42,-52],[35,17],[38,5],[62,-5],[55,11]],[[8241,1124],[12,-35],[32,-62],[36,-38],[46,-31]],[[8165,863],[-102,16],[-238,2],[-44,-10],[-20,27],[-20,8],[-22,-11],[-53,-8],[-58,1],[-36,40]],[[7572,928],[17,22],[34,19],[8,23],[0,47]],[[8887,433],[80,-116],[119,-38],[20,-28],[20,-48]],[[9126,203],[-573,54]],[[5904,534],[29,84],[8,40],[-14,55],[9,46],[17,56],[32,26],[22,8],[102,2]],[[6416,852],[3,-211]],[[6419,641],[-1,-161]],[[6418,480],[-158,18],[-40,8],[-88,0],[-14,7],[-214,21]],[[6415,1055],[37,13],[-4,58],[12,51]],[[6460,1177],[12,5],[219,3],[27,14],[117,0],[12,3]],[[6847,1202],[-266,-347]],[[6581,855],[-162,-214]],[[6460,1177],[29,43],[27,28],[60,87],[31,65],[32,115],[2,30]],[[6641,1545],[138,0],[286,6]],[[7065,1551],[-5,-12]],[[7060,1539],[-58,-122],[-49,-76],[-106,-139]],[[7122,1429],[19,17],[91,31],[14,18],[25,-23],[17,-37],[13,-61],[30,-32],[186,-82],[114,-6]],[[7631,1254],[0,-215]],[[7572,928],[-54,49],[-3,62],[-21,35],[-35,0],[-47,45],[-9,32],[-18,10],[-57,5],[-47,-8],[-19,-13],[-41,-46],[-12,-44],[11,-49],[-41,-18]],[[7179,988],[-3,219],[12,84],[-5,55],[-8,20],[-53,63]],[[6718,2628],[96,-8],[36,10],[39,27],[119,0],[46,-26],[4,35],[23,64],[33,55]],[[7114,2785],[58,-35],[72,-33],[48,-34],[33,-38],[77,-128],[29,-38],[38,-34]],[[7469,2445],[-71,-157]],[[7398,2288],[-34,-31],[-44,-23],[-55,-13],[-122,-5],[-43,-9],[-57,-19],[-78,-43]],[[6965,2145],[-20,23],[-51,-38],[-29,4],[1,114],[-95,0]],[[6771,2248],[4,166],[-32,0],[-2,91],[-27,66],[4,57]],[[5314,7453],[101,1],[127,-7],[166,-1],[46,21],[54,39],[46,46]],[[5854,7552],[103,-131],[36,-53],[-31,-27],[-73,-15],[-65,-41],[-14,-45],[-23,-13],[-27,-32],[-71,-46],[-15,-45],[-36,-33],[-19,-2],[-58,19],[-11,-16],[-243,5],[7,299],[0,77]],[[4775,7820],[85,99],[34,25],[84,10],[17,-12],[67,47],[30,-11],[54,8],[48,27],[53,48],[27,30],[45,29],[64,23],[28,54],[13,13],[41,8],[78,-3],[91,-18]],[[5634,8197],[-1,-61],[21,-81],[42,-63],[189,-147],[22,-13],[-19,-39],[1,-48],[24,-38],[43,-23]],[[5956,7684],[-33,-63],[-69,-69]],[[5314,7453],[-244,-8],[-33,-3],[-262,0]],[[4775,7442],[0,378]],[[5840,3989],[125,2],[117,-9]],[[6082,3982],[-1,-128]],[[6081,3854],[-2,-242]],[[6079,3612],[-4,-133],[-12,-75],[-20,-75],[-38,-103],[49,-19],[44,-6],[102,-2],[50,-15],[43,-47],[14,-36],[5,-50]],[[6312,3051],[-137,-7],[-58,-19],[-54,-31],[-53,-22],[-35,-4]],[[5975,2968],[-6,68],[6,87],[-55,33],[-14,22],[-55,182],[-8,61],[-2,53],[-1,515]],[[7408,4377],[13,47],[41,53],[73,50],[25,24]],[[7614,4526],[6,-62],[-4,-43],[-14,-61],[-1,-40],[9,-47],[34,-53]],[[7644,4220],[-48,-35],[-125,-48],[-76,-56],[-56,-67],[-43,-44]],[[7296,3970],[-38,49]],[[6184,3998],[197,7]],[[6381,4005],[246,-5],[251,1]],[[6878,4001],[-10,-45],[-29,-54],[-74,-99],[-41,-65],[-100,-173]],[[6624,3565],[-199,143],[-49,38],[-72,73],[-46,58],[-40,61],[-34,60]],[[4423,3114],[58,22],[33,22],[45,46],[26,42]],[[4585,3246],[26,-12],[44,-2],[33,12],[63,45],[28,13]],[[4779,3302],[-5,-197]],[[4774,3105],[1,-417]],[[4775,2688],[-75,-11]],[[4700,2677],[-7,31],[14,19],[-29,27],[-3,37],[-20,2],[-32,41],[-85,-27],[-35,16],[-32,37],[-18,-11],[-3,-27],[-23,-7],[3,58],[-6,38],[34,8],[-1,21],[-25,35],[17,28],[-34,47],[-30,-1],[-16,34],[5,14],[43,0],[6,17]],[[4164,3110],[228,1],[31,3]],[[4700,2677],[-105,-54],[-76,-16],[-355,-3]],[[4164,2604],[0,506]],[[4163,3477],[38,-38],[24,87],[36,20],[7,-15],[43,-26],[63,-14],[43,2],[72,25],[20,0],[54,-16],[29,5]],[[4592,3507],[15,-76],[6,-54],[-6,-68],[-22,-63]],[[4164,3110],[-1,328]],[[4163,3438],[0,39]],[[4774,3105],[16,-2],[1,51],[11,34],[28,1],[31,19],[15,-24],[34,-9],[70,17]],[[4980,3192],[14,-52],[26,-51],[46,-60],[29,-60],[15,-89],[0,-160]],[[5110,2720],[-105,-3],[-183,-27],[-47,-2]],[[7995,4465],[17,-65],[23,-40],[34,-29],[24,-43],[5,-72],[21,-47],[24,-32]],[[8143,4137],[-31,-17],[-43,-6],[-48,-35],[-68,-38],[-26,-49],[-90,-86],[-32,2],[-5,31],[-23,29],[-14,-10],[11,-30],[3,-67],[-10,-12],[-13,-145],[32,-51],[4,-23],[-12,-49],[-17,-10],[-18,-34]],[[7743,3537],[-78,36]],[[7665,3573],[57,180],[19,134],[-1,43],[-11,67],[0,70],[-6,40],[-19,39],[-56,78]],[[7648,4224],[61,58],[101,140],[24,20],[100,57],[39,-8],[22,-26]],[[7644,4220],[4,4]],[[7665,3573],[-44,31],[-95,115],[-100,86],[-46,54]],[[7380,3859],[-84,111]],[[7065,1551],[258,570]],[[7323,2121],[75,167]],[[7469,2445],[28,-17],[49,-18],[32,-3],[200,1],[56,-16]],[[7834,2392],[48,-42],[26,-58],[7,-78],[11,-42],[22,-40]],[[8222,1553],[-232,8],[-136,0]],[[7854,1561],[-200,0]],[[7654,1561],[-303,-3],[-286,-7]],[[5675,8826],[267,-2],[60,2]],[[6002,8826],[1,-260]],[[6003,8566],[-107,-3],[-33,3],[-205,-2]],[[5658,8564],[2,74],[13,101],[2,87]],[[6003,8566],[0,-60]],[[6003,8506],[1,-190]],[[6004,8316],[-200,-1],[-53,-6],[-36,10],[-54,3]],[[5661,8322],[4,58],[-7,184]],[[12583,11992],[40,-143]],[[12623,11849],[35,-122],[16,-81]],[[12674,11646],[-158,-7],[-440,-8]],[[12076,11631],[10,67],[-31,33],[-7,18],[5,51],[-4,48],[15,55],[0,22],[-17,53],[86,3],[24,-5],[44,4],[364,10],[18,2]],[[6004,8316],[-1,-141]],[[6003,8175],[-62,-6],[-64,20],[-55,25],[-112,-17],[-26,4],[-23,-14],[-27,10]],[[5634,8197],[27,125]],[[4543,3883],[70,53],[53,29]],[[4666,3965],[27,-35],[71,19],[41,-9],[22,-19],[-2,-54],[23,-53],[21,-32],[65,-10],[27,-22],[37,-45],[27,-11],[13,-41],[34,-51],[6,-43]],[[5078,3559],[-47,-49],[-41,-77],[-13,-59],[-2,-130],[5,-52]],[[4779,3302],[1,32],[-9,571],[-116,27],[-21,-3],[-84,-57]],[[4550,3872],[-7,11]],[[4592,3507],[-3,74],[11,96],[0,62],[-16,67],[-34,66]],[[7857,5907],[0,-46],[-11,-33],[-7,-90],[28,-70],[-2,-30],[-16,-41],[-4,-33],[22,-42],[58,-35],[33,-39],[11,-27],[12,-76],[19,-40],[4,-46],[-25,-62]],[[7516,5382],[23,35],[21,18],[16,-4],[30,39],[144,35],[8,35],[16,15],[-8,35],[10,16],[41,24],[-11,41],[-20,17],[-20,53],[17,66],[24,56],[20,9],[30,35]],[[7435,3298],[31,19],[36,32],[133,160],[30,64]],[[7743,3537],[80,-56]],[[7823,3481],[-29,-43],[-15,-40],[3,-55],[-1,-221],[-34,-86],[-41,-36],[-45,2],[-37,23],[-35,94],[-27,22],[-39,2],[-32,22],[-56,133]],[[4881,2076],[9,37],[21,49],[44,70]],[[4955,2232],[53,-40],[52,-23],[144,-40]],[[5147,1922],[-271,-1]],[[4876,1921],[0,111],[5,44]],[[4955,2232],[74,118],[43,88],[21,68]],[[6038,2722],[9,-55],[34,-64],[146,-157]],[[6227,2446],[-47,-57],[-48,-32],[-46,-3],[-57,15],[-17,-5],[-9,-28]],[[4776,4683],[314,1]],[[5090,4684],[-2,-254],[12,-64],[41,-89],[15,-67],[-1,-39]],[[5155,4171],[-74,1],[-28,-13],[-33,-34],[-30,-15],[-56,9],[-55,42],[-16,21],[-8,31],[1,61],[16,62],[-47,6],[-46,-9]],[[4779,4333],[-1,331],[-2,19]],[[6081,3854],[236,-231],[221,-230]],[[6538,3393],[-9,-42],[-6,-86],[-9,-39],[-21,-50]],[[6493,3176],[-32,24],[-79,68],[-43,50],[-23,41],[-47,146],[-27,41],[-48,41],[-35,16],[-80,9]],[[6493,3176],[-33,-48],[-28,-27],[-65,-38],[-55,-12]],[[44230,28730],[255,1],[107,-8],[172,2],[168,7],[71,-8],[879,1],[1185,1],[577,7],[171,-1],[65,-5],[834,1],[72,-1],[105,8],[-4,-1694]],[[48887,27041],[-1,47],[-34,73]],[[48852,27161],[-31,68],[-88,168],[-108,81],[-74,46],[-124,114],[-80,24],[-96,2],[-63,-42],[-65,-4],[-58,24],[-52,-5],[-81,-25],[-83,-62],[-58,-125],[-60,-54],[-117,-64],[-36,-107],[-23,-53],[-80,-33],[-175,15],[-69,3],[-21,-33],[16,-56],[74,-40],[97,-101],[36,-90],[32,-128],[3,-84],[-38,-97],[-127,-108],[-206,-104],[-196,-106],[-162,-70],[-13,0]],[[46726,26115],[-99,-1],[-142,-39],[-89,5],[-73,31],[-55,-37],[-57,-62],[-110,-142],[-50,-86],[-64,-68],[-40,-26],[-60,-10],[-171,47],[-54,19],[-29,36],[-55,19],[-43,7],[-43,-5],[-62,38],[-30,63],[9,60],[-48,24],[-91,-24],[-114,-126],[-80,-112],[-77,-153],[-15,-60],[-52,-137],[0,-58],[-27,-4],[-67,-25],[-73,-34],[-69,-43],[-82,-45],[-64,9],[-26,-17],[-44,-6],[-72,-308],[-43,-221]],[[44365,24624],[-61,12],[-21,-14],[-8,-54],[13,-89],[-37,-45],[-44,-29],[3,48],[-37,68],[-9,58],[5,63],[-15,96],[-30,69],[-47,77],[-42,55],[-21,47],[-13,10],[-57,19],[-49,51],[-16,-17],[43,-50],[20,-14],[38,-44],[40,-122],[31,-59],[9,-35],[-21,-7],[-78,87],[-21,9],[-40,42],[-24,-13],[-19,-49],[-10,-41],[0,-52],[-20,-34],[-76,-33],[-64,14],[-46,25],[-52,42],[-70,66],[-8,40],[-43,53],[-68,49],[-48,17],[-10,-30],[-25,16],[-18,59],[-75,80],[-34,15],[-12,39],[35,63],[39,48],[-18,35],[-38,49],[-12,2],[-29,41],[-29,23],[-49,20],[-27,46],[-62,56],[-45,33],[-48,28],[-56,42],[-40,61],[-53,46],[-70,86],[-11,38],[-23,53],[-46,55],[-12,37],[-11,74],[8,44],[0,82],[24,82],[28,50],[35,49],[30,32],[21,40],[54,48],[33,11],[48,36],[39,67],[19,7],[59,-23],[52,-62],[42,2],[43,-10],[51,26],[34,6],[45,24],[24,36],[22,54],[76,88],[56,39],[79,32],[39,42],[41,11],[73,33],[10,41],[-13,13],[0,40],[14,21],[42,1],[20,25],[29,3],[81,-9],[33,6],[49,33],[23,22],[13,44],[28,58],[52,54],[11,56],[24,58],[-28,19],[-30,-7],[-31,-22],[-36,-1],[-29,22],[-29,46],[-13,39],[1,38],[-21,28],[-39,31],[-9,62],[-12,30],[-35,26],[-70,7],[-31,23],[-12,34],[2,85],[9,43],[35,64],[-33,18],[-25,32],[65,59],[48,67],[17,48],[9,65],[5,132],[11,55],[30,57],[57,50],[71,20],[94,1],[36,6],[38,15],[37,29],[23,28],[61,114]],[[45350,22721],[18,-47],[67,-56],[5,-17],[-3,-74],[28,-73],[24,-36],[20,-51]],[[45509,22367],[-101,-42],[-65,-76],[-148,-2],[-131,27],[-206,-81],[-50,-88],[-61,-91],[-59,-96]],[[44688,21918],[-41,46],[-13,39],[5,46],[-9,20]],[[44630,22069],[128,105],[28,46],[20,54],[29,48],[33,33],[127,71],[74,63],[23,25],[59,84],[26,23],[91,59],[82,41]],[[48887,27041],[-1,-377],[13,-684],[14,-686],[-1,-677],[4,-112],[-5,-21],[4,-248]],[[48915,24236],[-37,20],[-66,-27],[-48,20],[-102,110],[-144,312]],[[48518,24671],[32,31],[-7,18],[14,41],[20,22],[-34,38],[-83,47],[6,20],[-1,143]],[[48465,25031],[-1,108],[1,118],[-373,2]],[[48092,25259],[5,93],[-7,46],[-24,39],[45,12],[25,-96],[58,56],[52,18],[100,91],[32,25],[37,13],[41,28],[56,18],[29,44],[41,43],[22,15],[38,42],[17,53],[11,62],[8,97],[33,151],[1,28],[28,77],[14,51],[42,82],[-14,13],[-78,41],[-46,14],[-31,-3],[-54,-60],[-4,21],[33,54],[-9,50],[-1,52],[20,88],[-42,52],[-52,18],[-22,18],[-26,56],[13,7],[51,-29],[10,21],[-21,24],[-23,66],[-18,25],[-6,100],[-16,51],[19,20],[-1,19],[-30,31],[-4,24],[-25,30],[47,80],[48,-56],[27,-2],[6,45],[21,26],[19,-21],[8,-64],[23,-8],[45,47],[18,2],[33,-24],[15,-30],[14,-80],[-24,-44],[25,-5],[23,47],[37,26],[48,72]],[[10582,6646],[209,287],[50,88],[85,204],[36,61],[65,70],[133,114],[126,140],[71,69],[63,47],[95,65],[70,41]],[[11585,7832],[84,57],[88,66],[54,15],[38,-1],[9,-45]],[[11858,7924],[-31,-5],[-68,-36],[-48,-55],[-16,-32],[-18,-61],[-47,-406],[-24,-99],[-21,-42]],[[11585,7188],[-38,-59],[-282,-334]],[[11265,6795],[-279,-329],[-93,-111]],[[10893,6355],[-25,33],[-22,8],[-40,74],[-9,40],[-35,29],[-56,59],[-53,31],[-47,1],[-24,16]],[[41090,20730],[41,-3],[45,23],[43,31],[57,32],[83,66],[12,16],[8,45],[32,58],[29,21],[46,52],[49,117],[44,80],[22,19],[65,-63],[57,-33],[58,20],[26,21],[97,169]],[[41904,21401],[106,-15],[96,-4],[145,-1],[31,-9],[125,-55],[69,-38],[79,-14],[73,-21],[124,-21],[109,-7],[78,3],[119,-9],[97,-24],[21,-12],[34,-43],[26,-58],[43,-123],[42,-57]],[[43321,20893],[-21,8],[-77,8],[-24,-14],[-22,-78],[-36,-20],[-20,23],[-40,9],[-50,-4],[-47,-62],[-51,-25],[-2,-13],[-55,-64],[-100,-84],[-49,-22],[-47,-64],[-32,-68],[-2,-22],[27,-27],[35,9],[62,-36],[22,-4],[46,-36],[18,-38],[21,2],[46,-26],[84,37],[46,-52],[30,-3],[14,-17],[10,-40],[42,-3],[27,-33],[26,23],[35,-15],[47,17],[64,-3],[16,9],[65,1],[37,26],[22,4],[19,-17],[74,-6],[10,6],[44,-31],[39,9],[40,-6],[38,-27],[20,-44],[17,-14],[23,4],[75,-65],[23,-31],[6,-41],[26,-56],[13,-49],[6,-54]],[[43961,19774],[-103,-18],[-56,-86],[12,-196],[85,-127],[31,-256],[-21,-91],[2,-178],[-7,-26]],[[43904,18796],[-53,-2],[-34,22],[-18,-11],[-48,-12],[-37,9],[-18,-22],[-21,33],[-38,2],[-11,41],[-104,79],[-40,1],[-21,-31],[-33,20],[-28,-30],[-14,-31],[-31,2],[-31,16],[-16,22],[6,18],[-35,39],[-37,-15],[-14,18],[-22,-7],[-11,18],[-32,-27],[-24,18],[-13,-22],[-76,3],[-37,-13],[-48,41],[-51,0],[-10,-46],[21,-59],[2,-40],[18,-86],[-7,-55],[-26,-53],[0,-36],[15,-110],[8,-19],[1,-58],[-11,-127],[-25,-52],[-21,-60],[-30,-30],[-36,-20],[-68,-59],[-75,-94],[-113,-231],[-10,-310],[-21,-94],[-33,-115],[15,-163],[50,-91]],[[42558,16967],[-7,-205]],[[42551,16762],[-42,-25],[-40,-38],[-111,-26],[-85,-71],[-50,0],[-64,12],[-67,24],[-66,32],[-53,9],[-43,18],[-127,9],[-67,21],[-83,39],[-63,39],[-69,37],[-65,23],[-6,42],[5,37],[-2,174],[3,97],[-5,58],[-14,51],[-35,28],[-56,25],[-95,80],[-74,40],[-59,10],[-59,33],[-148,123],[-32,-8],[-78,24],[-20,22],[-17,38],[5,62],[32,83],[38,71],[6,60],[44,102],[10,32],[-29,87],[-8,91],[12,46],[58,75],[52,30],[173,66],[110,106],[20,36],[11,158],[18,85],[39,107],[-8,26],[-74,105],[-21,44],[-60,43],[-64,33],[-57,83],[-31,36],[-25,18],[-20,35],[-26,29],[-33,76],[-19,73],[24,61],[51,87],[37,48],[15,148],[15,72],[-2,37],[-23,44],[-22,59],[-64,145],[-5,72],[-6,185],[12,78],[24,39],[31,8],[55,-6],[31,16]],[[42558,16967],[117,357],[5,38],[-3,63],[56,111],[38,34],[91,47],[59,44],[67,32],[40,12],[142,72],[49,16],[112,55],[164,49],[74,17],[44,19],[43,31],[18,23],[74,44],[61,69]],[[43809,18100],[202,-581],[142,-147],[247,-44],[99,-93],[120,-130],[63,-46],[126,12],[63,3],[196,-171]],[[45067,16903],[-122,-2],[-13,8],[-125,-3],[-191,1],[-34,-4],[-77,4],[-156,-7],[2,-336],[-312,6],[1,-689],[-396,-1],[-2,-347],[-613,-6],[-18,-349],[-11,0]],[[43000,15178],[7,3],[-27,199],[-31,160],[-22,45],[-61,21],[-32,52],[-11,72],[-35,55],[-30,85],[-23,111],[-58,-10],[-55,5],[-123,-7],[-27,18],[-2,308],[8,92],[23,72],[28,106],[18,100],[4,97]],[[23986,22639],[16,3],[43,-21],[63,-2],[70,-25],[27,-21],[7,-55],[12,-32],[47,-20],[41,3],[26,-10],[39,-44],[28,-79],[22,-38],[19,-7],[70,-10],[30,-13],[42,-69],[44,-7],[37,5],[64,-2],[76,38],[70,13],[27,-6],[37,-33],[26,-5],[70,15],[72,78],[99,43],[47,59],[14,35],[33,35],[53,6],[46,-7],[21,9],[39,51],[5,55],[9,36],[23,33],[69,30],[12,44],[20,41],[49,80],[33,67],[58,40],[52,9],[60,-18],[32,8],[46,50],[37,72],[12,52],[17,43],[22,27],[63,32],[34,26],[29,90],[20,21],[69,47],[67,11],[85,-24],[28,1],[37,40],[48,22],[77,-22],[67,3],[96,-31],[73,-11],[66,-15],[110,-14],[55,-22],[40,-54],[41,-76],[18,-21],[36,-18],[49,-6],[26,7],[40,34],[29,45],[28,30],[55,12],[87,-47],[27,-10],[68,-1],[94,-20],[23,-11],[45,-52],[51,-37],[80,12],[52,29],[56,39],[38,8],[36,-5],[81,-28],[34,3],[43,29],[49,14],[90,10],[63,39],[49,15],[126,3],[79,19],[42,-5],[45,10],[39,0],[52,14],[41,28],[66,93],[82,71],[60,33],[81,32],[34,35],[-8,63],[16,47],[25,29],[37,30],[26,14],[37,-9],[34,-18],[50,13],[53,6],[69,-43],[49,8],[27,19],[42,45],[93,0],[119,-14],[115,2],[35,10],[39,34],[37,51],[44,21],[40,-16],[34,-23],[37,6],[90,39],[116,46],[74,36],[31,22],[62,30],[26,20],[20,39]],[[30687,24129],[22,22],[30,7],[23,-19],[26,7],[28,22],[21,54],[41,63],[16,-1],[68,-24],[62,4],[88,-63],[24,-1],[145,55],[100,48],[44,10],[53,-2],[56,11],[28,19],[51,-11],[76,0],[38,-12],[48,-52],[20,-30],[93,-65],[52,3],[16,-7],[37,-40],[11,-1],[80,28],[68,-9],[108,-40],[42,-3],[36,-17],[53,-46],[27,-3],[46,21],[43,-13],[106,8],[106,-42],[21,3],[30,21],[44,19],[34,32],[54,4],[70,-41],[35,-11],[56,18],[20,-9],[23,-30],[35,-3],[39,29],[70,20],[25,-14],[17,-36],[23,-3],[40,13],[55,76],[48,32],[44,-27],[22,-3],[37,13],[53,-3],[23,11],[38,4],[17,-13],[40,-4],[41,21],[36,44],[57,7],[64,29],[54,5],[109,-34],[13,0],[141,60],[41,-4],[79,2],[26,13],[17,22],[38,30],[96,42],[52,85],[31,16],[31,48],[26,62],[15,49],[12,75],[32,39],[23,54],[-11,29],[-7,87],[-25,91],[20,14],[8,48],[-19,54],[-4,50],[21,45],[82,4],[72,22],[68,-7],[65,36],[111,27],[46,2],[18,39],[30,38],[7,23],[28,4],[50,-26],[57,-65],[51,-23],[51,25],[57,2],[29,20],[22,2],[18,90],[16,38],[32,57],[73,85],[35,52],[17,3],[26,-22],[78,16],[111,7],[69,-14],[45,4],[37,15],[74,14],[106,2],[124,74],[20,36],[56,35],[78,-46],[75,-10],[70,34],[62,-7],[33,22],[31,-3],[31,-16],[52,-51],[30,-9],[25,7],[89,-3],[17,-12],[51,-99],[48,-26],[32,-35],[45,-16],[42,-28],[66,-11],[34,14],[15,-53],[25,-23],[44,-5],[29,-30],[56,-43],[55,-26],[37,-10],[63,22],[49,-34],[35,-10],[64,67],[25,-23],[68,75],[32,16],[36,7],[28,17],[42,-29],[27,22],[27,-22],[62,13],[27,21],[30,10],[28,20],[33,45],[45,1],[15,-20],[2,-31],[27,-19],[17,-28],[61,-49],[41,-55],[50,-24],[42,-29],[22,-58],[40,-46],[-21,-32],[37,-50],[-5,-33],[46,-31],[22,-51],[52,-16],[36,1],[41,20],[23,-27],[54,11],[41,-14],[31,-2],[43,-24],[89,-89],[35,1],[32,-29],[37,-7],[35,-23],[29,-55],[106,-95],[34,-45],[43,-33],[36,-42],[52,-38],[42,-41]],[[39710,24436],[18,-23],[12,-38],[-2,-41],[-13,-34],[-20,-131],[-4,-64],[-16,-40],[-5,-39],[-7,-160],[-46,-36],[-26,-61],[-3,-32],[12,-80],[-30,-72],[-52,-69],[-10,-45],[-20,-12],[-43,32],[-50,-4],[-59,-21],[-46,-26],[-50,-66],[-7,-24],[3,-85],[22,-35],[-11,-48],[27,-10],[80,-7],[16,-9],[14,-34],[35,-29],[111,12],[32,11],[33,2],[48,-59],[29,-13],[60,-5],[93,-64],[19,-23],[49,-13],[25,-14],[38,-46],[-9,-46],[-15,-40],[-17,-104],[-16,-45],[96,-123],[135,-199]],[[40140,22324],[171,-263],[54,-39],[60,48],[63,78],[107,4],[31,-30],[-16,-92],[3,-25],[25,-6],[36,50],[42,-153],[54,-178],[-13,-87],[-39,-114],[1,-97],[34,-77],[44,-29],[0,-138],[21,-13],[12,-24],[0,-72],[17,-50],[29,-45],[9,-41],[-1,-37],[24,-94],[24,-38],[37,-30],[84,10],[37,-12]],[[43000,15178],[-613,-14],[-760,6],[-246,5],[-224,-3],[-9,-343],[-351,50],[-275,1],[-1,-61],[-1665,-1],[-609,-47],[-1513,103],[-71,-6],[-242,18],[-196,19],[-153,8],[-607,49],[-761,92],[-11,-22],[-64,-38],[-29,-105],[-26,-34],[-27,-16],[-52,-18],[-27,-34],[-18,-83],[-35,-77],[-20,-31],[-21,-55],[-2,-51],[10,-60],[-16,-65],[-4,-53],[7,-129],[-11,-54],[-14,-29],[-91,-77],[-19,-29],[-8,-39],[3,-143],[-19,-94],[-17,-42],[-37,-24],[-22,-26],[-15,-38],[-27,-96],[-3,-31],[36,-70],[14,-90],[40,-91],[-2,-51],[-25,-42],[-30,-17],[-76,-20],[-72,-28],[-38,-35],[-39,-24],[-28,-58],[-29,-123],[-13,-130],[-23,-60],[-34,-50],[-36,-107],[-40,-45],[-27,-47],[-39,-5],[-24,-21],[-24,-42],[-14,-41],[-25,-38],[-13,-64],[5,-52],[-11,-43],[-55,-16],[-60,-28],[-53,-51],[-34,-49],[-26,-48],[-46,-68],[-29,-13],[-67,28],[-37,-7],[-79,-43],[-15,-21],[-2,-40],[4,-86],[-39,-54],[-8,-23],[4,-55],[-11,-58],[-78,-45],[-38,-28],[-40,-48],[-11,-24],[-9,-69],[2,-29],[30,-55],[8,-58],[-31,-64],[-47,-47],[-64,-24],[-90,2],[-73,-6],[-45,-25],[-17,-21],[-12,-61],[-24,-52],[-14,-116],[-14,-36],[-26,-13],[-56,-4],[-90,-20],[-24,-14],[-36,-122],[-16,-18],[-83,20],[-66,-1],[-64,-43],[-72,-7],[-63,-10],[-30,4],[-24,38],[-42,16],[-52,1],[-21,-14],[-35,-52],[-22,-14],[-56,-13],[-30,-26],[-25,-73],[-48,-72],[-19,-6],[-65,8],[-48,25],[-71,8],[-54,32],[-19,5],[-44,-11],[-40,-30],[-8,-51],[-5,-77],[-6,-32],[4,-65],[-9,-59],[-14,-11],[-54,1],[-43,-15],[-60,26],[-29,-6],[-63,-52],[-25,-45],[-18,-49],[-5,-42],[-14,-49],[-13,-20],[-23,-5],[-46,31],[-23,2],[-80,-64],[-55,-28],[-35,-9],[-33,7],[-52,42],[-31,5],[-34,-36],[-42,-5],[-37,4],[-39,19],[-55,69],[-68,24],[-65,-3],[-27,14],[-22,31],[-28,92],[-6,50],[-20,12],[-106,39],[-65,74],[-24,68],[4,28],[25,71],[32,47],[0,32],[-12,37],[-30,47],[-28,77],[-29,8],[-96,-7],[-40,8],[-38,24],[-11,39],[-3,104],[-17,46],[-61,7],[-74,28],[-30,-5],[-73,-36],[-34,-53],[-34,-25],[-24,-5],[-44,8],[-41,40],[-29,45],[-25,61],[-28,90],[-18,75],[-46,81],[-48,21],[-42,-13],[-69,-8],[-91,26],[-83,-15],[-29,11],[-79,81],[-33,15],[-46,5],[-35,35],[-44,20],[-54,-5],[-23,-16],[-69,-63],[-50,-58],[-50,2],[-39,30],[-36,17],[-32,4],[-53,-11],[-24,5],[-34,35],[-26,60],[-22,20],[-60,-1],[-32,8],[-57,43],[-53,47],[-74,-31],[-29,1],[-27,40],[4,135],[-13,56],[-15,19],[-25,6],[-76,-4],[-53,25],[-56,52],[-42,54],[-38,39],[-30,11],[-45,1],[-70,37],[-100,10],[-29,11],[-19,43],[-1,85],[-16,41],[-28,25],[-68,10],[-33,32],[-17,72],[-49,65],[-34,17],[-62,7],[-34,27],[4,28],[26,46],[4,50],[-1,74],[-24,100],[1,40],[30,55],[45,43],[7,56],[-12,25],[-70,97],[-22,80],[-25,37],[-12,33],[-6,59],[3,90],[28,93],[-7,24],[-35,21],[-41,12],[-34,2],[-33,-13],[-30,-35],[-35,-72],[-41,-73],[-26,-29],[-55,-29],[-113,-81],[-72,-45],[-123,-39],[-32,7],[-127,99],[-42,63],[-45,48],[-43,15],[-77,5],[-44,23],[-37,64],[-13,57],[-26,51],[-55,52],[-47,55],[-22,44],[-10,70],[-5,72],[1,98],[-14,38],[-58,67],[-39,35],[-34,16],[-63,83],[-37,19],[-47,-59],[-36,-22],[-96,-74],[-34,-2],[-57,65],[-37,-2],[-52,-26],[-21,0],[-28,29],[-24,52],[-24,78],[-16,3],[-92,-89],[-33,14],[-15,49],[6,44],[16,39],[42,52],[21,64],[5,64],[-15,25],[-42,2],[-40,-17],[-35,-25],[-16,-35],[-26,-103],[-19,-41],[-35,-21],[-29,6],[-96,74],[-33,32],[-14,-4],[-21,-32],[-24,-22],[-21,-34],[-20,-11],[-70,52],[-33,-17],[-12,-66],[9,-33],[25,-15],[74,-2],[18,-6],[7,-27],[-17,-45],[-68,-18],[-47,13],[-65,63],[-27,44],[-8,34],[7,51],[23,43],[32,29],[53,28],[0,55],[-27,19],[-91,-10],[-38,-17],[-62,-102],[-21,-19],[-24,-3],[-73,21],[-10,-18],[9,-39],[-17,-15],[-41,4],[-79,-27],[-76,-39],[-28,-35],[-5,-42],[-50,-51],[-44,-21],[-89,-68],[-57,-4]],[[23019,13683],[8,17],[-1,97],[-33,77],[9,41],[-7,88],[6,70],[11,65],[36,45],[18,53],[-8,119],[17,50],[5,34],[22,63],[-20,43],[12,25],[24,82],[-12,35],[-21,23],[-9,36],[-28,68],[-1,19],[44,116],[12,59],[-37,3],[-28,-21],[-25,18],[-4,-31],[-32,-21],[-39,12],[-27,-1],[-52,-30],[-19,6],[8,74],[15,19],[-18,33],[-3,47],[67,31],[-39,4],[-25,30],[-46,-12],[-22,5],[-14,-27],[-31,-36],[-12,-67],[-27,-28],[-17,-35],[-64,-37],[-41,23]],[[22571,14967],[56,93],[67,172],[-20,13],[-92,-50],[-93,-44],[-29,-18],[-73,-25],[-231,-87],[-29,-30],[12,-62],[-153,-23],[-96,-33],[-112,-15],[-79,23],[-60,11],[-117,11],[-36,9],[-40,-9],[-57,16],[-40,38],[-30,4],[-31,-17],[-36,-9],[-30,5],[-105,4],[-48,26],[-23,-12],[-38,9],[-55,5],[-23,-12]],[[20930,14960],[-60,-4],[-82,64],[-48,-27],[-16,30],[-54,-13],[-46,45],[-41,89],[-18,28],[-14,69],[-27,16],[-28,-2],[-46,36],[-34,59],[-6,60],[14,32],[0,45],[31,8],[-21,23],[-7,23],[-39,-53],[-54,-16],[-17,11],[-36,39],[-16,42],[-17,-8],[-62,1],[-66,44],[-10,54],[-19,-30],[-57,-33],[-24,-23],[-49,48],[-12,24],[-19,-25],[-40,42],[-29,11],[-17,19],[-42,-5],[6,49],[-19,3],[-12,-50],[16,-41],[-5,-12],[-38,21],[-30,1],[-43,44],[-28,60],[-24,1],[-25,-37],[-56,-14],[-23,-21],[-5,-20],[8,-42],[-28,-59],[-16,-5],[-4,-45],[-11,-15],[-40,-17],[-53,-7],[-27,27],[-39,73],[-33,48],[-31,-8]],[[19242,15617],[9,70],[-16,81],[-28,71],[-23,93],[-1,60],[-11,78],[9,80],[7,109],[-32,42],[-51,28],[-62,44],[-35,46],[-19,100],[-34,47],[-78,56],[-32,49],[1,62],[16,106],[10,156],[-16,58],[-51,42],[-54,61],[-11,30],[21,72],[11,55],[5,74],[-8,51],[4,95],[16,71],[-1,23],[-15,32],[-34,33],[-28,13],[-76,21],[-53,20],[-35,24],[-26,46],[-15,96],[2,24],[35,121],[15,42],[7,64],[-5,41],[-31,98],[-16,132]],[[18513,18434],[-7,85],[-12,64],[2,71],[21,96],[18,30],[29,15],[84,-22],[39,3],[26,29],[30,133],[11,30],[52,72],[46,13],[29,-18],[35,-53],[27,-14],[20,3],[52,59],[74,0],[28,23],[11,43],[15,27],[79,27],[36,27],[36,58],[40,15],[46,-11],[42,11],[72,39],[108,31],[50,-3],[93,-19],[38,-12],[48,-4],[38,-34],[41,-12],[70,1],[7,-20],[-9,-48],[8,-17],[99,-54],[33,-5],[27,13],[45,67],[16,8],[46,-1],[67,-48],[34,-2],[29,18],[6,28],[-1,69],[15,10],[63,-13],[28,12],[42,57],[3,41],[-8,30],[-37,45],[-12,26],[5,31],[37,37],[40,49],[29,85],[2,36],[-21,31],[-39,38],[-17,42],[3,21],[32,41],[24,21],[33,72],[39,32],[35,-2],[22,-48],[7,-86],[28,-65],[29,-15],[23,20],[19,121],[14,24],[57,15],[-11,134],[7,33],[19,20],[30,5],[40,-7],[45,3],[20,15],[39,68],[11,47],[-1,120],[9,39],[32,46],[23,22],[31,55],[21,7],[58,-5],[19,27],[-54,144],[7,26],[33,12],[64,0],[47,23],[51,84],[38,102],[34,27],[51,21],[34,32],[32,20],[84,33],[59,93],[59,41],[47,44],[43,47],[23,17],[36,-14],[32,-42],[33,-6],[23,18],[59,64],[11,42],[-15,58],[-6,44],[14,32],[46,62],[39,30],[36,12],[39,-7],[42,-21],[25,0],[50,37],[43,45],[64,48],[51,28],[23,34],[41,19],[27,30],[30,13],[56,-3],[46,35],[36,19],[53,9],[60,-24],[32,4],[39,18],[54,40],[37,68],[12,54],[18,33],[21,66],[13,25],[43,13],[43,-7],[84,-31],[23,1],[37,17],[29,1],[46,-12],[68,-40],[27,-4],[21,25],[14,43],[31,28],[53,7],[24,28],[-13,81],[13,25],[84,33],[56,2],[49,50],[45,28],[40,97],[23,36]],[[42343,28722],[187,0],[620,2],[345,4],[127,1],[410,-4],[198,5]],[[44365,24624],[-14,-78],[-31,-205],[-53,-161]],[[44267,24180],[-64,-7],[-91,-20],[-117,-29],[-81,-13],[-101,11],[-48,-10],[-41,1],[-54,19],[-11,46],[-17,6],[-254,-76],[-93,-120],[-64,-151],[-41,-57],[-17,-103],[-2,-105],[-15,-67],[-11,-82],[20,-81],[-11,-56],[-33,-63],[-15,-54],[9,-68],[3,-126],[-11,-128],[-19,-60]],[[43088,22787],[-5,-16],[-43,-46],[-69,-53],[-96,-38],[-225,-44]],[[42650,22590],[-12,43],[-33,81],[-11,46],[1,29],[17,82],[-4,39],[-26,74],[-33,44],[-56,54],[-51,93],[-8,33],[8,60],[38,95],[21,62],[23,83],[16,73],[6,60],[-5,40],[-30,73]],[[42511,23754],[-68,106],[-23,62],[-12,97],[-1,64],[14,92],[-1,44],[-18,64],[-85,197],[-18,61],[-3,120],[8,98],[0,53],[-14,51],[-42,72]],[[42248,24935],[-49,89],[-15,45],[-50,222],[-11,66],[-25,574],[5,105],[31,140],[9,134],[21,63],[43,76],[13,42],[22,115],[12,105],[3,263],[-6,100],[-10,80],[-38,169],[-2,68],[19,142],[15,80],[64,257],[8,81],[-1,69],[-22,304],[3,43],[65,240],[3,56],[-12,59]],[[46726,26115],[13,-36]],[[46739,26079],[-44,1],[-37,-57],[-45,-50],[-27,-57],[-46,-30],[-67,-15],[-14,-20],[18,-47],[29,-31],[26,-43],[36,-35],[10,-51]],[[46578,25644],[-38,-126],[-25,-26],[-7,-28],[41,1],[13,-13],[25,-53],[9,-48],[-2,-92],[13,-45],[19,-34],[-24,-81],[-33,2],[8,-38],[-28,-13],[-39,12],[-28,-39],[-10,-60],[-12,-19],[-31,-16],[-10,-26],[14,-41],[-8,-29],[3,-58],[-5,-24],[-32,-65],[-13,-47],[2,-31],[18,-49],[-12,-37],[-97,1],[-19,-49],[61,-49],[-82,-66],[-22,-49],[0,-184],[-10,-48],[15,-8],[54,-8]],[[46286,24061],[-18,-274],[-48,-213],[-150,-80],[-56,-66],[-19,-238],[2,-120]],[[45997,23070],[-81,-4],[-47,30],[-17,24]],[[45852,23120],[-16,57],[-37,39],[-37,19],[-51,15],[-61,-13],[-42,-38],[-31,4],[-30,29],[-41,27],[-166,75],[-79,47],[-70,69],[-53,61],[-62,45],[-39,75],[-9,55],[29,109],[-2,40],[-55,99],[-61,86],[-7,225],[-28,19],[-53,14],[-113,6],[-128,-31],[-197,-58],[-79,-20],[-67,5]],[[46578,25644],[13,18],[117,-89],[49,-62],[47,-85],[96,-211],[41,-106],[40,-153],[8,-51]],[[46989,24905],[-115,-34],[-47,-46],[9,-80],[77,-98],[-9,-144],[-218,-171],[-171,56],[-128,-34],[-70,-54],[-31,-239]],[[48092,25259],[-7,-82],[-25,-119],[-2,-55]],[[48058,25003],[1,-86]],[[48059,24917],[-94,24],[-95,-27],[-73,56]],[[47797,24970],[-5,101],[-139,-55],[-45,9],[-26,38],[-21,15],[-68,7],[1,54],[-1,281],[20,71],[-9,105],[43,100],[-9,84],[103,2],[21,36],[-59,75],[-20,16],[-38,15],[-140,36],[-108,-5],[-50,1],[-184,26],[-94,2],[-83,-13],[-41,7],[-29,20],[-52,49],[-25,32]],[[3344,1914],[345,0],[268,3],[113,-1],[95,2]],[[4165,1918],[204,1]],[[4369,1919],[507,2]],[[4876,1921],[3,-564],[1,-160]],[[4880,1197],[-53,4],[-17,-7],[-66,16],[-20,18],[-70,6],[-23,13],[-28,-16],[-62,-1],[-26,11],[-44,-20],[-21,5],[-57,-7],[-63,-26],[-44,-25],[-42,-10],[-35,3],[-31,-10],[-51,3],[-105,47],[-61,8],[3,-492]],[[3964,717],[-922,101]],[[3042,818],[-1,249],[-5,443],[-1,406],[309,-2]],[[7788,2774],[53,48]],[[7841,2822],[0,-23],[75,3],[62,-3],[367,-1],[70,3]],[[8818,2801],[-88,-69],[-28,-31],[-25,-52],[-16,-112]],[[8442,2521],[-43,28],[-50,52],[-33,17],[-38,8],[-129,0],[-56,-18],[-213,-153],[-35,-40],[-11,-23]],[[7469,2445],[31,61],[57,63],[231,205]],[[6714,1920],[13,29],[58,45],[180,151]],[[7323,2121],[-62,-35],[-62,5],[-28,-4],[-57,-20],[-24,-20],[-24,-66],[-42,-28],[-21,1],[-29,-21],[-27,-1],[-58,14],[-50,-21],[-42,-41],[-26,-62]],[[6771,1822],[-57,67],[0,31]],[[6031,2766],[39,-4],[30,-11],[15,8]],[[6115,2759],[36,-33],[183,-50],[47,-19],[36,3],[30,18],[30,2],[64,-19],[55,-1],[50,-22],[38,1],[34,-11]],[[6771,2248],[-152,2],[-204,-5]],[[6415,2245],[-26,32],[-93,99]],[[6296,2376],[-69,70]],[[5599,8944],[-63,23],[-30,24],[-28,-18],[-46,-12],[-25,14],[-20,39],[-54,-25],[-20,-17],[-35,-6],[-14,8],[-26,-20],[-17,19],[-27,-24],[-5,-40],[-33,-13]],[[5156,8896],[-17,30],[-7,38],[0,46],[26,3],[25,18],[-16,27],[20,28],[6,61],[-8,29],[8,77],[-14,47],[52,30],[142,36],[46,-3],[27,-14],[26,-35],[7,-34],[1,-135],[34,0],[55,-72],[27,-78],[3,-51]],[[4880,1197],[1,-326],[0,-239]],[[4881,632],[-780,71],[-137,14]],[[9373,6084],[0,345],[290,6],[259,0],[63,-2],[4,-10],[0,-158],[105,-2],[53,30],[-13,-45],[0,-35],[31,-116],[-4,-61],[-10,-24],[17,-13]],[[10168,5999],[-22,-28],[-44,-34],[-37,-8],[-87,-8],[-75,-20],[-71,-63],[-30,-46],[-27,-67],[-54,-250],[-4,-30],[-18,-47]],[[43904,18796],[-63,-238],[-31,-47],[-44,-5],[-22,-166],[17,-117],[48,-123]],[[43321,20893],[76,-12],[20,4],[165,5],[45,15],[137,51],[35,-11],[19,-32],[22,-85],[4,-66],[-17,-42],[-7,-45],[13,-62],[-6,-26],[37,-25],[53,18],[122,64],[12,-2]],[[44051,20642],[-3,-11],[0,-131],[-6,-53],[6,-24],[38,-34]],[[44086,20389],[-5,-8],[44,-339],[-119,-260],[-45,-8]],[[4666,3965],[60,16],[42,5],[384,1]],[[5152,3987],[0,-286],[-12,-64],[-18,-32],[-44,-46]],[[6293,8131],[62,5],[77,-3],[59,9],[22,29],[31,93],[-3,54],[9,41],[72,88],[42,46]],[[6664,8493],[72,-6]],[[6736,8487],[-10,-41],[-30,-42],[-44,-40],[-21,-44],[-14,-79],[28,-11],[37,-29],[58,-73],[34,-35],[96,-69],[59,-66],[21,-35],[42,-89]],[[6992,7834],[10,-37],[2,-43],[-11,-113],[-6,-30],[-29,-72]],[[6958,7539],[-36,12],[-51,0],[-114,-28],[-63,-1],[-43,8],[-87,35],[-50,5],[-66,-16],[-37,-20],[-31,-32]],[[6380,7502],[-79,114],[-20,23],[-72,61],[-33,21]],[[6176,7721],[66,218],[51,192]],[[6338,8505],[255,0],[25,-5],[1,296],[4,45],[0,164],[155,2]],[[6778,9007],[156,0],[3,-235],[-2,-81],[-53,-10],[-56,-2],[-34,-24],[-60,-13],[-48,-39],[-6,-61],[-14,-49]],[[6293,8131],[42,150],[4,50],[-1,174]],[[4381,3815],[75,13],[51,27],[36,28]],[[4163,3477],[0,335],[218,3]],[[4467,4333],[96,1],[1,-17],[94,1],[28,20],[-41,28],[11,20],[56,-37],[43,-15],[24,-1]],[[5155,4171],[-3,-184]],[[4381,3815],[0,122],[-10,90],[-10,44]],[[4361,4071],[-6,24],[15,25],[78,16],[17,22],[2,175]],[[6961,6909],[11,33],[6,57],[-7,115],[5,57],[13,52],[43,114],[6,28],[1,67]],[[7039,7432],[34,7],[55,0],[64,-19],[87,-42],[32,-11]],[[7311,7367],[1,-66],[30,-113],[34,-53],[22,-16],[94,-34],[84,-50],[31,-32],[25,-47],[22,-113],[-3,-31],[-15,-42],[-36,-42],[-40,-12],[-57,-1],[-60,-15],[-70,-35]],[[7373,6665],[-44,-9],[-86,8],[-79,31],[-23,21],[-84,119],[-30,37],[-66,37]],[[6958,7539],[52,-44],[29,-63]],[[6961,6909],[-38,-58],[-30,-25],[-44,-20],[-28,-5],[-172,16],[-33,-3]],[[6616,6814],[0,348],[-5,68],[-14,45],[-20,43],[-55,65],[-89,69],[-53,50]],[[6003,8175],[36,4],[59,-8],[57,-20],[53,-2],[44,-21],[41,3]],[[6176,7721],[-39,33],[-67,25],[-19,-103],[-21,-43],[-28,-11],[-21,45],[-25,17]],[[6296,2376],[-33,-39],[-61,-45],[-35,-15],[-62,-8],[-103,0]],[[5090,4684],[213,0],[123,-135],[53,-53],[286,-282],[37,-73],[37,-42]],[[5839,4099],[1,-110]],[[5840,3989],[-253,-3],[-80,4],[-355,-3]],[[7862,3147],[66,106],[23,23],[44,23],[21,22]],[[8016,3321],[12,21],[49,149],[51,103],[92,171]],[[8220,3765],[122,-74],[17,-14]],[[8359,3677],[-6,-17],[-59,-271],[-75,1],[-7,-42],[-66,-2],[-4,-56],[-22,-37],[-139,-122],[-30,-17],[-26,-3],[-32,12],[-31,24]],[[7235,3430],[34,2],[24,20],[12,40],[1,232],[6,44],[15,37],[53,54]],[[7435,3298],[-52,-18],[-94,-3],[-1,28],[-19,29],[-34,10]],[[7235,3344],[0,86]],[[7857,5907],[15,17],[22,56],[65,33],[50,47]],[[8009,6060],[88,-49],[25,-11],[43,-2],[98,36],[33,0],[46,-21],[65,-66],[19,-31],[12,-61],[-11,-54],[-35,-97],[-35,-71],[-37,-92],[-73,-128],[-16,-49],[-4,-68],[-13,-41],[-25,-38]],[[8189,5217],[-35,-29]],[[6915,4731],[-48,-55],[-48,-92]],[[6819,4584],[-50,25]],[[6769,4609],[-36,19],[-56,47]],[[6677,4675],[29,26],[117,72],[38,5],[54,-47]],[[9773,1180],[5,-388]],[[9778,792],[-91,0],[-90,7],[-37,-18],[-26,-29],[-28,-70],[-39,-41],[-53,-31],[-24,-7],[-78,9],[-58,-14],[-36,0],[-89,-32],[-34,6]],[[7079,1510],[9,-43],[34,-38]],[[7179,988],[-18,3],[-27,25],[-21,7],[-25,32],[-31,18],[-31,3]],[[7026,1076],[0,268],[1,60],[10,33],[42,73]],[[8222,1553],[-2,-91],[9,-93],[3,-163]],[[8232,1206],[-41,3],[-64,27],[-98,87],[-99,73],[-44,45],[-20,38],[-10,40],[-2,42]],[[8241,1124],[-9,82]],[[7631,1254],[-1,49],[7,61],[2,97],[12,51],[3,49]],[[39710,24436],[48,22],[58,63],[43,21],[20,-4],[30,-57],[53,-36],[1,73],[8,22],[-7,84],[7,53],[21,66],[34,40],[33,28],[27,11],[90,4],[54,-8],[64,-25],[144,-89],[12,-36],[38,-62],[47,-64],[44,-7],[70,-32],[18,1],[25,22],[32,16],[21,21],[52,36],[38,42],[61,37],[23,19],[48,20],[55,10],[25,-8],[60,15],[54,25],[36,28],[60,17],[53,68],[42,27],[39,9],[75,-5],[70,55],[23,-3],[30,10],[44,-6],[62,-27],[38,-31],[67,-43],[106,-7],[70,18],[65,27],[82,-28],[24,3],[50,34],[35,9],[16,21]],[[42511,23754],[-52,-66],[-58,-47],[-34,-59],[-19,-9],[-5,-49],[-38,-1],[-27,27],[-57,-21],[-39,8],[-52,-27],[-38,-13],[-6,-30],[-16,-17],[-76,3],[-85,-28],[-27,-27],[-19,-90],[-35,-71],[-32,-26],[-40,4],[-24,-52],[-21,2],[-32,-48],[-75,-4],[-23,9],[-41,-20],[-96,25],[-103,2],[-75,-25],[-11,-11],[-56,-26],[-2,-21],[20,-58],[-20,-63],[-33,-45],[-38,-17],[-80,-70],[-48,-20],[-52,-45],[-28,-56],[-38,-63],[-38,17],[-27,-4],[-44,17],[-41,-13],[-267,-169],[-11,15],[-93,-98],[-39,-27],[-87,-42],[-31,-2],[-62,21]],[[5799,1540],[-154,1],[-3,381]],[[13571,9623],[28,42],[20,12],[61,4],[28,12],[83,74],[39,12],[27,43],[47,62],[38,23],[36,6],[59,21],[25,36],[-5,85],[26,26],[37,-10]],[[14120,10071],[-56,-139],[-41,-93],[-30,-46],[-51,-67]],[[13942,9726],[-31,-36],[-69,-93],[-50,-93],[-27,-36],[-60,-64],[-28,-48],[-14,-47],[-4,-41],[1,-100],[-12,-51]],[[13648,9117],[-44,6],[-56,19],[5,65],[32,86],[-5,44],[-21,15],[3,72],[-10,110],[19,89]],[[13942,9726],[64,-31],[67,-9],[68,19],[13,-79],[39,-69],[-2,-25],[22,-34],[-67,-24],[20,-59],[-7,-37],[16,-37],[-24,-5],[0,-207],[3,-141]],[[14154,8988],[-23,-34],[-18,0],[-72,31],[-34,35],[-2,38],[-18,52],[-46,22],[-55,6],[-19,20],[-32,-17]],[[13835,9141],[-41,-20],[-15,-36]],[[13779,9085],[-43,23],[-88,9]],[[23698,25914],[42,51],[19,74],[22,24],[19,37],[11,69],[10,26],[46,29],[21,21],[50,6],[63,-10],[31,10],[43,2],[18,24],[28,69],[26,33],[46,39],[13,37],[16,15],[36,9],[62,73],[10,33],[-3,38],[10,48],[48,89],[62,22],[40,33],[16,58],[26,11],[37,30],[17,26],[50,11],[46,20],[28,41],[25,20],[17,63],[35,18],[39,45],[52,40],[30,36],[47,34],[36,58],[11,29],[25,31],[45,23],[43,16],[64,12],[66,45],[35,9],[44,21],[87,57],[38,15],[111,-5],[31,4],[17,15],[34,69],[52,79],[26,16],[48,18],[24,19],[39,47],[11,55],[30,42],[55,-5],[37,28],[22,1],[30,30],[21,10],[55,9],[89,27],[27,39],[19,59],[17,7],[48,-15],[28,6],[55,32],[37,4],[16,25],[62,42],[47,38],[24,-11],[41,-36],[27,15],[53,43],[55,5],[53,81],[105,67],[35,-20],[-1,-72],[19,-13],[40,-3],[28,14],[32,54],[35,9],[55,4],[50,13],[43,-28],[12,-20],[47,-45],[49,-15],[64,17],[57,69],[78,22],[75,50],[32,15],[27,50],[24,28],[30,56],[17,42],[499,6],[151,3],[39,3],[942,4],[118,-1],[438,2],[101,1],[728,3]],[[30756,28692],[4,-14],[65,-33],[62,-41],[210,-166],[25,-20],[159,-151],[43,-31],[75,-26],[14,-17],[52,-15],[52,10],[15,-13],[69,-112],[21,-51],[-15,-25],[18,-47],[-19,-20],[0,-45],[-11,-24],[-28,18],[-15,-31],[-43,-37],[-54,-68],[-105,0],[30,-62],[1,-35],[-14,-75],[0,-38],[10,-80],[-33,-51],[-7,-28],[20,-28],[10,-71],[3,-59],[-4,-64],[-16,-19],[-47,-12],[-24,-36],[-9,-48],[-5,-90],[-39,-96],[-19,-30],[-51,-3],[-9,-17],[-40,-32],[-21,-51],[-45,-67],[-16,-41],[-53,-68],[-49,-81],[-55,-56],[-16,-60],[-28,-22],[-4,-34],[19,-31],[7,-32],[-23,-65],[-12,-13],[-9,-41],[-25,-50],[-26,-32],[-19,-37],[-7,-29],[-38,-74],[11,-33],[-30,-25],[-7,-34],[3,-46],[17,-48],[-29,-49],[-13,-63],[22,-50],[38,-34],[30,-52],[-9,-33],[13,-47],[-4,-35],[-63,-69],[9,-49],[-52,-154],[-25,-49],[-60,-56],[-29,-63],[5,-24],[-29,-54],[-19,-84],[2,-54],[39,-36],[45,-68],[32,-21],[40,-54],[43,-43],[10,-48],[-9,-104],[12,-61],[-4,-73],[11,-33]],[[23986,22639],[8,66],[12,43],[-3,41],[7,22],[25,19],[48,-1],[8,19],[-5,62],[11,16],[52,14],[29,53],[13,95],[37,14],[53,-27],[28,10],[9,82],[42,27],[22,36],[-23,15],[-27,-31],[-39,-13],[-35,-33],[-25,-10],[-63,7],[-26,-9],[-28,7],[-8,-39],[-24,-30],[-46,-23],[-43,-53],[-30,23],[-20,1],[-26,-16],[-21,-32],[-32,-25],[-53,15],[-41,27],[-23,-25],[-41,-26],[-38,-15],[-41,-61],[9,67],[-20,30],[-23,-22],[-18,38],[-24,11],[-44,-42],[-22,7],[16,43],[-31,22],[11,37],[-38,14],[-4,45],[-53,-8],[-24,22],[-22,-24],[-33,-18],[-19,-25],[-11,-48],[-13,-11],[-64,-14],[-69,63],[-67,48],[-19,0],[-27,26],[-50,13],[-8,17],[14,37],[-5,17],[-48,21],[-65,0],[-50,-30],[-48,6],[-13,29],[25,19],[35,3],[-12,33],[16,34],[5,54],[-17,14],[-42,-43],[-35,-19],[-48,-11],[-39,3],[-120,20],[-53,-4],[-151,-31],[-47,-19],[-26,-19]],[[22238,23289],[-14,30],[-17,60],[-26,47],[-24,64],[-15,15],[-47,6],[-6,24],[-28,48],[-48,15],[4,34],[13,22],[-2,30],[-36,84],[-24,-9],[-21,8],[18,79],[-7,44],[3,47],[-15,45],[-29,37],[-7,53],[22,52],[20,76],[27,17],[20,30],[6,29],[-9,38],[13,46],[50,36],[33,48],[11,75],[34,31],[34,-25],[19,-32],[20,-4],[25,-27],[48,78],[-10,57],[49,61],[54,22],[47,32],[40,-14],[14,-19],[44,4],[22,-11],[36,4],[4,21],[-6,45],[22,38],[58,36],[31,-13],[14,7],[48,-16],[-10,40],[-18,34],[-1,55],[14,12],[47,-21],[12,5],[-2,54],[10,6],[55,-18],[48,14],[-26,62],[61,-8],[15,37],[41,41],[24,-19],[19,24],[64,-11],[11,26],[-19,13],[-14,29],[8,20],[39,28],[-18,34],[19,28],[21,2],[38,30],[9,69],[16,2],[15,-39],[15,0],[20,40],[4,43],[23,21],[5,34],[64,-12],[6,23],[-20,44],[27,39],[39,19],[70,75],[-24,36],[-1,51],[42,21],[21,35],[24,-14],[44,29],[23,-7],[69,31],[30,54],[-11,9]],[[13694,8518],[23,66],[25,44],[53,42],[28,30],[37,62],[14,53],[4,54],[-26,204],[-17,68]],[[14154,8988],[20,29],[-2,30],[15,55],[19,32],[14,44],[36,42],[32,84],[28,19],[32,-2],[15,34],[22,-30],[35,-20],[37,8],[36,36],[34,24],[-1,46],[54,63],[23,57],[13,72],[38,87],[30,-4]],[[14684,9694],[-32,-64],[-8,-123],[-26,-36],[-7,-69],[-10,-42],[-31,-72],[-53,-62],[-81,-26],[-46,-84],[-5,-49],[-9,-27],[-102,-77],[-17,-30],[-5,-69],[18,-60],[64,-24],[36,-19],[26,-5],[34,-23],[24,-58],[58,-88],[51,-66],[-4,-24],[-62,-70],[-54,-26],[-64,-45],[-42,-22],[-46,-14],[-52,-35],[-106,-55],[-47,-18],[-90,-61],[-21,-43],[-2,-30],[41,-70],[29,-41],[98,-88],[21,-72],[12,-92],[24,-98],[39,-56],[16,-36],[9,-72],[-4,-29],[-24,-95],[-14,-34],[-64,-21],[-69,-49],[-17,-44],[-16,-23],[-54,-56],[-21,-49]],[[13979,7053],[-25,18],[-16,39],[-31,19],[-24,40],[0,33],[-25,25],[-29,8],[-22,27],[-38,91],[-17,23],[-38,15],[-20,153],[-15,-23],[-9,-60],[-37,-46],[-28,-16],[-12,-50],[-27,-20],[-28,18],[-25,35],[10,111],[-33,1],[-81,-55],[-46,3],[3,55],[12,61],[-15,60],[2,148],[15,34]],[[9023,7016],[22,-21],[14,-67],[20,-62],[1,-60],[24,-41],[148,8],[168,5],[245,-1],[32,-8],[29,12],[258,0],[56,-6],[132,-1],[27,2],[184,-5],[13,-14],[-7,-27],[8,-29],[67,-25],[75,-6],[43,-24]],[[10893,6355],[-118,-137],[-129,-154],[-197,-238]],[[10449,5826],[2,348],[10,95],[-2,30],[-32,29],[-46,-118],[-39,-66],[-44,-49],[-122,-105],[-8,9]],[[8731,6079],[1,64],[-9,175],[14,141],[9,49],[22,91],[30,75],[33,68],[44,69],[148,205]],[[11585,7188],[39,2],[37,23],[22,-15],[123,10],[63,9],[37,-17],[31,-30],[16,-33],[53,-35],[24,-26],[24,18],[23,-11],[11,-25],[38,-38],[0,-53],[-26,-54],[0,-21],[29,-44],[10,-38],[13,-6],[53,8],[56,-7],[181,2],[46,-8]],[[12488,6799],[-28,-31],[-6,-26],[-7,-197],[-14,-33],[-78,-65],[-67,-43],[-73,-87],[-29,-47],[-11,-36]],[[12175,6234],[-40,39],[-5,66],[-11,19],[-61,67],[-15,30],[-3,59],[-61,106],[-17,38],[-22,28],[-45,3],[-60,-28],[-29,-1],[-55,36],[-42,-4],[-36,18],[-5,34],[13,60],[-200,-7],[-216,-2]],[[7823,3481],[89,-76],[22,-14],[82,-70]],[[7862,3147],[-173,-276]],[[7689,2871],[-65,42],[-109,39],[-77,34],[-50,31],[-154,110]],[[7234,3127],[1,217]],[[9229,4355],[-2,-181],[-10,-234],[1,-190],[-13,-86]],[[9205,3664],[-4,-70],[36,-178],[35,-95]],[[8757,3312],[2,224],[-3,123],[-102,2]],[[8654,3661],[575,694]],[[5975,2968],[2,-6]],[[5559,2876],[-24,19],[-50,3],[-23,51],[-43,4],[-20,36],[-11,88],[-53,78],[-42,12],[-35,-32],[-13,-1],[-19,65],[-25,21],[15,52],[15,21],[-7,34],[-27,19],[-1,38],[-28,22],[-16,48],[14,32],[-26,43],[-30,-8],[-32,15],[0,23]],[[6115,2759],[21,33],[18,-1],[32,29],[116,5],[28,-27],[27,15],[55,7],[30,33],[18,61],[31,12],[40,-3],[33,24],[50,10],[7,-26],[17,-11],[35,-2],[45,45],[28,6],[5,-18],[44,3],[36,-23],[29,9],[42,1],[30,21]],[[6932,2962],[120,-123],[62,-54]],[[6493,3176],[45,-19],[43,-9],[110,-10],[56,-14],[43,-23],[35,-30],[107,-109]],[[8189,5217],[46,-36],[68,30],[0,85],[154,0],[1,-23],[-20,-20],[-22,-38],[-27,-16],[-1,-26],[-19,-40],[-22,-107],[-45,-151],[-28,-37],[-19,-51],[-32,-51],[-28,-33],[-15,-28],[-29,-26],[-123,-157],[-33,-27]],[[7235,3430],[2,149],[-2,252],[-96,56]],[[10449,5826],[-190,-229],[-159,-190]],[[10100,5407],[-367,-445],[-199,-244],[-18,-16],[-287,-347]],[[9229,4355],[1,341],[-96,0],[-12,4]],[[6736,8487],[52,-6],[48,-15],[60,-34],[125,-76],[40,-21],[75,-16]],[[7136,8319],[11,-164],[11,-43],[28,-70],[-75,-40],[-2,-91],[-13,-25],[8,-29],[-15,-39],[-30,11],[-2,31],[-65,-26]],[[8832,14298],[36,14],[63,-2],[30,9],[49,-35],[36,-9],[46,-3],[23,9],[40,0],[58,-13],[17,34],[-3,44],[18,58],[5,39],[15,10],[46,6],[36,30],[106,46],[32,-39],[50,-11],[57,-27],[59,-10],[24,-14],[71,-84],[41,-40],[39,-11],[33,17],[79,121],[68,73],[34,25],[7,46],[48,74],[61,0],[41,-30],[65,-25],[15,-21],[37,6],[64,30],[85,64],[13,28],[26,23],[45,7],[45,22],[26,22],[27,61],[21,23],[23,0],[48,29],[55,-7],[26,14],[39,46],[27,-3],[96,33],[12,12],[22,54],[-4,65],[5,37],[21,30],[22,61],[26,16],[70,16],[79,36],[101,77],[59,92],[36,25],[31,8],[42,-10],[52,-49],[24,-36],[5,-38],[29,-35],[64,-9],[16,4],[44,-50],[73,-13],[70,-17],[12,-23],[-9,-19],[-36,-32],[-16,-49],[13,-38],[32,-13],[32,1],[31,-52],[11,-163],[17,-12],[57,3],[34,-104],[14,-28],[47,-64],[35,-17],[62,-54],[54,-13],[55,-29],[22,1],[76,22],[39,-28],[20,-40],[29,-21],[7,-18],[4,-57],[-3,-46],[7,-44],[21,-35],[30,-13]],[[12576,14268],[-42,-137],[-43,-183],[-7,-43],[-2,-79],[-9,-80],[-32,-145],[-23,-61],[-41,-66],[-22,-62],[-2,-44],[27,-112],[9,-57],[19,-325],[11,-83],[23,-119]],[[12442,12672],[27,-138],[34,-131],[1,-20],[52,-185],[19,-104],[8,-102]],[[12076,11631],[-28,-63],[-16,-64],[-27,-38],[0,-49],[-92,-47],[-36,-78]],[[11877,11292],[-15,-68],[-2,-58],[36,-107],[11,-91],[-35,-26],[-43,-85],[-25,-13]],[[11804,10844],[-22,9],[-49,-7],[-141,104],[-23,25],[-50,26],[-104,99],[-15,20],[-40,88],[-29,37],[-61,53],[-83,91],[-16,29],[10,52],[-7,15],[-53,32],[-27,28],[-32,14],[-51,45],[-36,24],[-8,24],[-19,8],[-35,-6],[-35,13],[-56,-6],[-33,11],[-49,56],[-33,53],[-45,50],[-29,59],[-45,34],[-86,75],[-45,25],[-115,46],[-36,6],[-78,33],[-36,2],[-85,-44],[-53,32],[-53,49],[-8,35],[-44,23],[-37,1],[-18,-28],[-22,-14],[-26,25],[-29,1],[-32,-21],[-59,-2],[-35,16],[-57,93],[-33,32],[-30,-3],[-9,-26],[-40,-22],[-13,3],[-38,65],[-31,24],[-30,-1],[-35,-28],[-28,-6],[-15,12],[-31,-6],[-49,21],[-50,90],[-32,6],[-36,-36],[-21,12],[-34,67],[-52,78],[-18,43],[-45,45],[-41,57],[-58,51],[-55,21],[-33,104]],[[8777,12880],[15,15],[-1,45],[-17,45],[31,40],[-15,23],[-19,57],[-17,32],[4,30],[17,9],[0,36],[18,29],[39,-6],[72,27],[42,45],[52,19],[9,21],[5,67],[-18,68],[-20,58],[-41,78],[-34,47],[3,65],[-33,90],[1,53],[-35,73],[-20,80],[-15,37],[0,105],[4,40],[35,53],[-7,37]],[[11858,7924],[174,14]],[[12032,7938],[67,5],[75,17],[78,32],[204,89],[89,44],[55,36],[140,120]],[[12740,8281],[64,54],[45,30],[62,30],[82,30]],[[12993,8425],[38,-45],[71,-107],[19,-23],[42,-75],[31,-80],[6,-49],[46,-14]],[[13343,7836],[-20,-34],[-58,-49],[-66,-44],[-61,-52],[-37,-15],[-77,-17],[-38,-26],[-19,-31],[-55,-57],[-40,-31],[-57,-35],[-38,-42],[-23,-37],[-7,-28],[4,-35],[-7,-37],[-26,-51],[-30,-37],[-55,-57],[-14,-73],[1,-21],[60,-169],[-22,-44],[-37,-9],[-110,0],[-23,-6]],[[9676,2632],[0,-374]],[[9676,2258],[3,-298],[2,-13]],[[9681,1947],[-69,-5],[-167,1],[-131,-2],[-194,0],[-199,-2],[-304,-2]],[[8617,1937],[10,126],[18,111],[15,24],[39,30],[61,36],[153,81],[161,109],[286,2],[5,7],[0,123],[5,9],[68,35],[238,2]],[[44086,20389],[36,58],[192,162],[80,176],[-1,242],[76,139],[23,416],[-52,80],[87,96],[143,132],[18,28]],[[45509,22367],[106,44],[392,4],[75,40],[14,95],[-14,81],[-109,212],[19,91],[5,136]],[[46989,24905],[53,16],[165,100],[203,-4],[72,-35],[97,-19],[87,-37],[32,-7],[31,49],[68,2]],[[48059,24917],[250,-62],[29,-46],[159,-91],[21,-47]],[[48915,24236],[1,-145],[35,-1484],[7,-1038],[9,-799],[7,-814],[3,-319],[10,-580],[19,-1292],[13,-855],[-1095,0],[-989,-1],[-1510,0],[-358,-6]],[[7079,1510],[-19,29]],[[9778,792],[2,-113],[7,-38],[28,-65],[12,-52],[-42,-95],[-5,-28],[6,-81],[-11,-85],[10,-43],[1,-54]],[[9786,138],[-317,34],[-343,31]],[[7628,823],[89,-64],[55,-51],[66,-86],[48,-79],[48,-99],[52,-83],[7,-36]],[[7993,325],[-366,31],[-13,3]],[[6003,8506],[335,-1]],[[6002,8826],[235,3],[42,-12],[17,-44],[1,-73],[36,-5]],[[6333,8695],[4,-37],[1,-153]],[[5397,8823],[234,1],[44,2]],[[5661,8322],[-136,0],[-54,17],[-66,-1],[-11,36],[-3,118],[2,278],[4,53]],[[12751,11230],[23,-95]],[[12774,11135],[-301,-2],[-4,112],[1,76],[139,-2],[33,3],[36,-29],[17,-79],[56,16]],[[13215,12849],[136,-1],[23,-8],[34,-37],[25,12],[21,32],[70,-46],[47,8],[29,-5],[18,-26],[105,-48],[56,-38],[21,-8],[43,11],[77,-22],[51,-31],[42,-46],[26,-66],[15,-20],[52,-26],[43,-55],[20,-11],[111,40],[54,4],[55,-20],[61,-13],[66,0],[25,-5],[79,-30],[101,-68],[57,-19],[26,17],[24,67],[-11,64],[14,40],[94,37],[61,17],[36,42],[31,22],[42,-12],[31,-18],[58,-7],[84,-30],[17,-11]],[[15285,12535],[-2,-55],[12,-39],[-9,-30],[10,-51],[33,-70],[7,-60],[26,9],[8,37],[22,33],[42,-37]],[[15434,12272],[-52,-77],[-30,-51],[-50,-105],[-36,-44],[-350,-312],[-29,41],[-58,-48],[-47,-15],[-163,16],[-58,7],[-23,-14],[-52,-12],[-83,-3],[-46,-24],[-56,-11],[-77,6]],[[14224,11626],[-44,5],[-87,-5],[-61,23],[-59,61],[-54,14],[-87,48],[-41,43],[-29,22],[-97,11],[-52,-11],[-88,-4],[-43,12],[-61,59],[-27,1]],[[13394,11905],[3,338],[-1,31],[-43,9],[-37,44],[-2,47],[26,25],[-8,26],[-67,78],[2,17],[35,-1],[47,-16],[21,-23],[29,55],[-26,27],[-22,-4],[-28,15],[-23,-13],[-25,6],[-13,33],[28,46],[-40,15],[28,76],[-13,27],[-30,36],[3,20],[-23,30]],[[15434,12272],[41,62],[95,184],[155,302],[53,99],[52,82],[139,206],[39,70],[56,139],[31,87],[56,194],[30,84],[56,111]],[[16237,13892],[100,190],[22,75],[2,35],[-4,92],[4,56],[16,55],[21,41],[55,58],[155,103],[32,34],[73,120],[28,78],[40,200],[32,224],[22,76],[52,110],[13,53],[5,92],[-30,161],[4,82]],[[16879,15827],[19,-2],[9,-32],[-14,-40],[12,-24],[60,-3],[34,4],[50,-126],[30,-107],[45,-170],[8,-80],[-6,-49],[32,-26],[2,-76],[10,-26],[-13,-28],[8,-46],[53,-16],[9,-22],[-10,-33],[-33,-21],[-10,-25],[13,-17],[-14,-54],[47,-14],[36,-3],[74,6],[29,-10],[51,-50],[49,-70],[21,-21],[61,-13],[143,47],[55,37],[36,16],[38,-16],[20,12],[34,-5],[45,-47],[0,-46],[33,-101],[-10,-43],[8,-47],[32,-11],[21,-31],[27,-10],[-20,-28],[2,-41],[14,-19],[-2,-46],[16,-9],[39,2],[-4,-75],[17,0],[23,-42],[-16,-35],[-20,13],[-39,48],[-4,-36],[-15,-41],[0,-66],[10,-30],[-7,-55],[38,-12],[36,38],[13,-8],[-33,-77],[-8,-42],[-35,-82],[-25,-24],[11,-21]],[[18014,13700],[-88,-20],[-31,-18],[-39,-51],[-11,-26],[-4,-64],[-23,-63],[-25,-43],[-20,-7],[-76,-4],[-106,-89],[-27,-1],[-62,11],[-51,2],[-16,-6],[-14,-32],[1,-44],[-37,-156],[-20,-23],[-86,0],[-39,-21],[-67,-66],[-27,-36],[-26,-51],[-28,-21],[-57,-16],[-48,-63],[-12,-31],[2,-98],[-8,-15],[-71,-53],[-46,-38],[-18,-32],[4,-58],[34,-34],[47,-18],[30,7],[34,-12],[127,-17],[34,-25],[6,-47],[-8,-73],[-31,-60],[-6,-48],[-33,-31],[-59,1],[-85,74],[-37,15],[-31,-8],[-29,-20],[-22,-32],[-18,-57],[-11,-83],[0,-244],[-11,-26],[-21,-14],[-85,-3],[-45,-14],[-75,-30],[-76,-56],[-41,-53],[-23,-93],[-35,-76],[-31,-17],[-112,-3],[-50,3],[-26,-33],[-107,-158],[-53,-68],[0,-32],[-23,-28],[-19,-6],[-55,5],[-75,36],[-65,23],[-16,-5],[-38,-40],[-63,-104],[-13,-12],[-95,-21],[-33,-1],[-39,-17],[-80,-44],[-33,-28],[-18,-49],[-39,-50],[-24,-20],[-56,-26],[-58,-49],[-30,-20],[-95,-73],[-46,-28],[-55,29],[-23,1]],[[14898,10555],[13,47],[-12,93],[19,52],[1,51],[-13,64],[10,35],[21,8],[32,32],[10,24],[86,77],[24,54],[48,28],[38,41],[37,17],[60,19],[24,43],[19,3],[39,-17],[21,6],[57,37],[10,33],[23,9],[31,28],[16,37],[17,57],[24,22],[31,4],[30,-47],[60,-4],[38,57],[14,34],[-25,35],[0,33],[44,39],[5,32],[43,11],[32,38],[-11,54],[3,23],[113,86],[-59,-1],[-30,-16],[-32,9],[-47,1],[-10,19],[-47,33],[-36,34],[-2,51],[-29,56],[-12,63],[-41,11],[-37,76],[-51,69],[-32,18],[-31,-1]],[[13882,11078],[61,13],[107,11],[55,11],[41,15],[115,68],[58,21],[49,-4],[45,-22],[-8,118],[-37,-9],[-31,18],[-31,49],[-42,55],[-30,93],[5,42],[-15,69]],[[14898,10555],[-63,-12],[-71,-57],[-5,-17]],[[14759,10469],[-135,129],[-90,105],[-54,29],[-38,48],[-149,1],[-59,-123],[-30,-88],[-12,-92],[-29,-194]],[[14163,10284],[-61,8],[-68,-1],[-171,-8]],[[13863,10283],[-37,62],[-13,73],[22,65],[23,27],[261,286],[-47,-4],[-2,11],[8,95],[-6,83],[-52,72],[-13,26],[-59,-14],[-53,-1],[-13,14]],[[13863,10283],[-193,-6],[-127,-6]],[[13543,10271],[3,313],[-3,55],[5,30],[33,35],[-27,32],[-34,26],[-53,17],[-39,18],[-46,3]],[[13382,10800],[-69,75],[-14,71],[-21,11]],[[13278,10957],[40,-1],[121,11],[168,12],[53,6],[53,16],[169,77]],[[12740,8281],[62,146],[21,85]],[[12823,8512],[1,8],[86,201],[57,110],[101,166],[59,179],[88,118],[61,109]],[[13276,9403],[105,196],[37,67]],[[13418,9666],[19,39],[39,-34],[73,-31],[22,-17]],[[13648,9117],[-30,-60],[-152,-194],[-73,-66]],[[13393,8797],[-46,-40],[-62,-87],[-89,-68],[-42,-44],[-52,-63],[-38,-33],[-71,-37]],[[15285,12535],[15,28],[31,8],[31,33],[22,2],[19,55],[-4,47],[-21,28],[-33,16]],[[15345,12752],[151,245],[47,70],[40,83],[95,133],[2,53],[38,23],[12,26],[-18,34],[1,25],[31,19],[-7,34],[15,27],[31,-2],[-1,37],[-24,22],[1,44],[11,14],[-44,56],[42,44],[-39,25],[-1,25],[22,18],[-4,17],[38,29],[-21,20],[-5,50],[-18,43],[18,38],[87,-79],[3,27],[36,-13],[34,6],[23,-27],[15,57],[-13,28],[-23,-26],[-41,6],[-9,32],[25,13],[-35,56],[11,22],[33,26],[-7,22],[-26,-9],[0,64],[27,66],[26,15],[19,70],[25,0],[42,-18],[32,22],[27,-7],[49,-57]],[[16118,14300],[77,-68],[39,-43],[19,-37],[31,-35],[4,-48],[-5,-65],[-47,-50],[-49,-29],[50,-33]],[[8448,4108],[-1,-190],[-26,-56],[26,-19],[0,-182]],[[8447,3661],[-63,1],[-25,15]],[[8220,3765],[102,199],[126,144]],[[16441,18988],[53,-16],[45,-21],[48,21],[29,-2],[30,-25],[28,-8],[34,11],[23,54],[36,18],[21,29],[7,41],[32,22],[5,27],[-7,30],[7,40],[15,24],[33,20],[7,95],[24,47],[35,10],[30,0],[82,74],[28,33],[13,56],[-11,68],[17,31],[11,54],[30,59],[32,29],[58,10],[53,25],[22,19],[63,77]],[[17374,19940],[8,-33],[-7,-23],[-24,-23],[-8,-42],[28,1],[26,-13],[-2,-61],[31,-27],[26,3],[10,-41],[-12,-25],[74,-51],[19,-30],[12,-56],[34,-13],[12,-21],[-1,-55],[22,-52],[67,-75],[28,38],[52,59],[0,59],[29,19],[40,2],[8,27],[31,-21],[-13,-33],[18,-4],[26,31],[39,-2],[29,13]],[[17976,19491],[-8,-53],[-24,-104],[-53,-111],[-28,-96],[-24,-100],[-47,-173],[-50,-152],[-17,-122]],[[17725,18580],[-7,2],[-2,89],[-38,-10],[-35,-63],[-75,-171],[-168,33],[-11,32],[-29,21]],[[17360,18513],[-2,56],[-21,36],[-13,57],[-6,54],[-10,23],[-39,57],[-19,51],[-35,34],[-11,25],[-4,45],[-54,41],[-57,-3],[-129,-27],[-33,-25],[-30,7],[-33,-17],[-11,-19],[-42,-7],[-8,-32],[-50,50],[-11,-20],[4,-34],[16,-33],[-21,-4],[-42,70],[-32,10],[-51,-9],[-64,37],[-94,19],[-55,-11],[8,24],[30,20]],[[13224,14235],[21,-28],[33,-10],[47,-26],[26,-5],[10,-79],[-6,-31],[11,-25],[45,3],[84,-44],[43,9],[15,14],[27,-5],[69,-44],[47,-1],[58,-13],[35,10],[56,51],[14,4]],[[13859,14015],[121,-276],[37,-90],[105,-262],[31,42],[31,20],[43,12],[46,32],[36,10],[55,-22],[62,6],[31,-19],[44,-53],[16,-40],[29,3],[36,-20],[44,-11],[36,-23],[40,-72],[73,-51],[26,-11],[30,-34],[54,-21],[26,-35],[79,-132],[18,-9],[67,-14],[18,-27]],[[15093,12918],[60,-79],[42,-6],[9,-23],[29,-29],[112,-29]],[[13215,12849],[-8,38],[9,40],[31,5],[40,104],[-30,68],[-1,34],[-12,36],[6,60],[-16,36],[-6,52],[18,18],[52,3],[43,25],[-36,36],[-34,-27],[-47,-3],[-35,-15],[-31,0],[-54,39],[-32,69],[-5,32],[2,100],[-12,39],[-6,50],[20,37],[8,35],[-12,24],[0,41],[21,45],[-30,62],[-5,35],[10,31],[40,18],[14,81],[27,28],[37,21],[11,55],[32,34]],[[10471,10112],[6,20],[-1,77],[56,44],[56,1],[32,-12],[27,1],[19,14],[-7,49],[65,45],[15,-30],[23,-6],[38,17],[14,64],[32,0],[16,22],[45,21],[45,38],[105,-14],[24,38],[57,24],[0,29],[40,60],[35,7],[50,-14],[6,21],[-18,44],[-6,45],[8,25],[20,-5],[79,44],[36,-2],[107,-31],[22,-12],[41,-38],[36,-15],[17,7],[27,41]],[[11638,10731],[16,-14],[69,-108],[15,-15],[35,-14],[57,-92],[37,-23],[50,19],[45,-86],[23,-30],[13,-58],[53,-56],[32,-17],[82,-119],[23,-49],[75,-122],[13,-27],[-19,-15],[-97,-54],[1,-273],[29,-57],[-3,-40],[6,-107],[-6,-36],[-22,-21],[-35,-12],[-67,-70],[28,-76],[18,-35],[-1,-20],[-20,-18],[-21,0],[-63,40],[-52,48],[-51,-17],[-73,-1],[-40,10],[-31,-12],[-23,-31],[-35,-4]],[[11699,9119],[-26,30],[-39,75],[-77,47],[-32,48],[-34,21],[-56,50],[-20,33],[-38,38],[-44,29],[-52,43],[-21,11],[-60,15],[-33,0],[-49,-11],[-46,1],[-99,-6],[-111,1],[-38,13],[-109,106],[-42,30],[-37,17],[-113,29],[-53,68],[-8,27],[10,230],[-1,48]],[[17214,17058],[10,52],[63,161],[92,244],[78,215],[19,57],[28,65],[25,40],[98,135],[29,59],[22,72],[6,35],[14,165],[9,83]],[[17707,18441],[16,33],[29,-5],[-5,-93],[2,-36],[99,-5],[3,-108],[-65,2],[-1,-73],[20,-12],[-4,-84],[5,-22],[-6,-59],[37,1],[31,30],[-1,25],[64,-7],[-18,-30],[55,-5],[28,-28],[25,44],[-4,59],[17,55],[-2,34],[16,56],[-6,53],[12,78],[27,22],[34,-9],[44,9],[36,-14],[16,-26],[29,18],[20,30],[118,6],[30,22],[18,36],[9,47],[7,102],[20,-3],[14,-50],[11,-87],[26,-13]],[[19242,15617],[-12,-41],[5,-70],[-7,-57],[-17,-34],[-31,-17],[-46,1],[-67,32],[-18,-3],[-36,-76],[-36,-87],[-15,-59],[-52,-100],[-15,-41],[-67,-70],[-37,-75],[-33,-137],[-9,-55],[-45,-93],[-44,-51],[-12,-99],[16,-40],[70,-59],[20,-86],[-5,-28],[-25,-32],[-22,-1],[-33,18],[-30,54],[-19,23],[-88,48],[-48,37],[-33,-6],[-22,-20],[-14,-46],[5,-46],[-6,-17],[-57,-72],[-12,-64],[-14,-36],[-52,-55],[-46,-57],[-69,-53],[-47,-26],[-27,-39],[-29,-82],[-12,-61],[-35,-39]],[[16879,15827],[12,47],[47,139],[47,147],[34,135],[51,287],[13,62],[13,40],[32,65],[45,72],[23,57],[8,40],[10,140]],[[10381,1520],[276,0],[45,3],[301,-8],[151,6]],[[11154,1521],[51,-43],[31,9],[17,-10],[-29,-30],[-11,-37],[6,-20],[-34,-47],[-16,24],[-53,-4],[-34,-12],[10,-18],[-14,-22],[-40,-8],[-14,31],[8,30],[-28,6],[-25,-63],[-64,-39],[-14,-1],[-46,-31],[-26,-27],[-49,-20],[-7,-16],[-54,-17],[-11,-21],[-24,9],[-29,-20],[-7,-23],[9,-22],[-49,-23],[-57,-38],[-21,-37],[-34,-30],[-51,-21],[-31,-2],[-78,-191],[12,-61],[12,-15],[-6,-41],[26,-105],[22,-26],[-2,-64],[-22,-13],[10,-331]],[[10388,81],[-158,16]],[[10230,97],[-20,92],[0,87],[23,209],[-2,94],[-13,89],[3,50],[20,69],[24,60],[30,44],[68,84],[18,45],[4,48],[-3,246],[-1,206]],[[13859,14015],[14,12],[14,38],[40,59],[39,26],[-1,18],[27,22],[53,-4],[58,-17],[46,20],[101,6],[48,18],[92,94],[44,19],[45,8],[102,8],[66,18],[118,103],[24,37],[10,39]],[[14799,14539],[120,2],[51,5],[42,15],[24,-2],[3,-145],[-1,-44],[-10,-75],[19,-150],[8,-29],[42,-113],[3,-19],[-18,-57],[10,-48],[46,-53],[23,-50],[21,-22],[44,-7],[48,13],[27,-7],[-11,-36],[-19,-128],[-42,-251],[-3,-42],[7,-51],[43,-138],[-1,-77],[-23,-51],[-45,-72],[-75,11],[-39,0]],[[12623,11849],[10,22],[123,-2],[1,-56],[35,12],[49,7],[51,45],[50,17],[211,44],[56,-12],[46,-43],[28,-17],[44,1],[67,38]],[[13278,10957],[-110,13],[-92,5],[-138,-2],[-61,-6],[-62,-13]],[[12815,10954],[-41,181]],[[12751,11230],[-37,140],[-11,52],[-10,96],[-19,128]],[[44051,20642],[57,47],[30,19],[44,41],[1,160],[-3,56],[1,98],[-40,4],[-4,78],[57,0],[9,-41],[68,0],[5,101],[10,67],[-40,10],[-45,27],[-7,39],[-24,13],[-29,-7],[-25,8],[-2,-38],[-35,-7],[1,63],[-12,30],[-43,0],[-41,-9],[-46,25],[-36,10],[-85,-11],[-29,0],[-40,12],[-39,-19],[-80,11],[1,25],[90,1],[42,5],[50,-2],[132,30],[78,-8],[91,1],[52,21],[19,18],[130,169],[59,58],[131,154],[31,60],[95,108]],[[9676,2258],[60,-32],[18,-17],[26,9],[27,-7],[20,-26],[21,-2],[18,-29],[30,-22],[50,-50],[4,-37],[24,-12],[33,19],[25,-37],[33,-27],[-2,-33],[11,-25],[-2,-32],[43,-34],[59,19],[59,37],[53,2],[50,64],[23,23],[17,1],[28,31],[26,8],[24,30],[29,16],[13,38],[39,30],[19,-4],[46,28]],[[10600,2187],[-15,-48],[-78,-98],[-85,-80],[-20,-38],[-18,-112],[-3,-291]],[[10381,1520],[-236,8],[-259,14],[-120,5]],[[9766,1547],[-4,310],[-3,73],[-14,14],[-64,3]],[[7896,11084],[-35,-32],[-2,-185],[7,-41],[-6,-100],[0,-510]],[[7860,10216],[-86,-1],[-536,0],[-352,2],[-568,-3],[-502,1],[-428,-1],[-286,2],[-232,-3]],[[4870,10213],[-266,315],[-237,290],[-45,66],[-19,42],[-20,66],[-9,58],[-39,558],[-7,54],[-11,41],[-28,56],[-237,387],[-130,225],[-203,329],[-30,36]],[[3589,12736],[-27,53],[184,142],[31,-51],[75,61],[14,41],[273,0],[652,4],[794,3],[328,-1],[409,-3],[-6,-593],[4,-130],[-2,-126],[1,-188],[582,1],[28,-11],[-19,-23],[-14,-99],[-4,-226],[5,-33],[47,-131],[124,2],[313,5],[154,-4],[312,-2],[14,-10],[0,-280],[35,-53]],[[21150,14222],[39,17],[91,28],[35,23],[41,44],[77,103],[35,30],[187,112],[82,32],[36,9],[67,-2],[81,10],[69,16],[277,85],[74,59],[183,128],[47,51]],[[23019,13683],[-76,5],[-47,-27],[-78,-82],[-72,-49],[-44,-12],[-42,38],[-25,84],[-36,94],[-23,24],[-51,4],[-59,-4],[-57,4],[-54,-9],[-84,-32],[-39,-9],[-34,-31],[-33,-60],[-6,-92],[-32,-72],[-24,-19],[-56,-21],[-65,8],[-110,-36],[-51,-28],[-62,-62],[-58,-78],[-27,-59],[-18,-58],[-1,-41],[3,-116],[14,-105],[-5,-68],[-13,-26],[-36,-43],[-58,-44],[-12,-19],[-1,-38],[13,-104],[-2,-38],[-24,-54],[-25,-39],[-17,-13],[-33,-4],[-20,10],[-52,-5],[-33,8],[-38,41],[-13,61],[-8,72],[-60,13],[-76,-2],[-44,21],[-49,39],[-41,0],[-36,-19],[-21,-30],[-44,-101],[-46,-46],[-26,-53],[-26,-79],[-20,-92],[-4,-60],[21,-63],[25,-48],[16,-45],[16,-87],[36,-103],[-29,-37],[-70,-32],[-87,-69],[-22,-88],[-2,-72],[-15,-48],[-32,-29],[-25,-4],[-40,65],[-41,48],[-40,16],[-57,-21],[-32,0],[-54,17],[-66,65],[-49,19],[-70,9],[-61,16],[-44,25],[-98,-5],[-42,-9],[-31,13],[-49,36],[-38,59],[-42,24],[-49,11],[-85,-8],[-29,-16],[-46,-43],[-37,-23],[-97,-106],[-49,-47],[-56,-60],[-65,-11],[-30,12],[-89,23],[-75,12],[-92,25],[-69,14],[-40,13],[-66,46],[-45,49],[-93,57],[-52,52]],[[18616,11782],[11,3],[-42,59],[-50,34],[8,36],[52,29],[19,51],[40,29],[28,10],[67,-7],[25,4],[51,42],[34,-1],[38,-14],[47,-42],[45,-15],[33,0],[42,19],[109,121],[22,8],[39,45],[2,84],[58,18],[4,42],[-28,67],[1,29],[46,40],[16,67],[13,18],[61,29],[-7,28],[32,53],[-6,54],[45,151],[-2,30],[-32,68],[-26,33],[-46,12],[-15,29],[21,150],[12,38],[30,32],[138,64],[32,20],[75,89],[93,171],[133,0],[68,20],[130,30],[57,-29],[43,-14],[97,0],[44,12],[85,42],[150,54],[43,20],[40,27],[42,40],[36,47],[47,128],[48,45],[138,58],[75,18],[31,13],[50,61],[42,41]],[[7689,2871],[99,-97]],[[6932,2962],[42,5],[12,18],[49,17],[1,24],[57,52],[11,33],[42,17],[35,-7],[29,-52],[11,-62],[13,-17],[0,137]],[[17976,19491],[11,41],[58,136],[13,20],[44,123],[33,156],[20,36],[32,28],[71,31],[43,42],[26,59],[49,96],[23,27],[33,22],[55,7],[143,-23],[33,-3],[54,12],[30,17],[43,38],[91,92],[38,60],[27,92],[21,40],[31,31],[65,27],[105,-2],[68,28],[185,125],[19,17],[63,39],[106,71],[234,153],[102,58],[91,43],[43,28],[38,42],[19,43],[11,60],[-15,144],[1,61],[17,66],[40,70],[32,33],[36,26],[38,18],[286,92],[52,26],[53,48],[242,289],[60,75],[57,107],[31,44],[45,45],[107,75],[40,24],[49,16],[80,10],[80,5],[68,-17],[57,-27],[50,-8],[32,4],[128,25],[42,13],[37,23],[127,119],[20,32],[20,52],[15,74],[26,66],[50,88],[43,108],[45,60]],[[17707,18441],[18,139]],[[10600,2187],[-3,319],[4,34],[22,53],[19,19]],[[10642,2612],[43,23],[87,4],[44,12],[21,14]],[[10837,2665],[28,-25],[336,1],[-52,-123],[-25,-49],[-39,-89],[-3,-20],[-34,-77],[-2,-322],[120,-2],[27,-9],[-8,-27],[-24,-11],[31,-39],[-7,-16],[13,-28],[-1,-82],[-74,-33],[-25,-40],[-5,-66],[20,-61],[39,0],[2,-26]],[[12576,14268],[24,-6],[50,3],[40,14],[57,33],[49,22],[35,-11],[4,-65],[15,-10],[43,7],[40,28],[33,14],[23,21],[49,65],[31,1],[5,-25],[21,-17],[64,-22],[26,-25],[39,-60]],[[13215,12849],[-56,-24],[-68,-60],[-36,8],[-37,-69],[-35,-40],[-9,-27],[-3,-57],[-10,-39],[-43,-29],[-49,67],[-22,38],[-148,-70],[-80,1],[-31,21],[-42,71],[-46,28],[-58,4]],[[13048,10447],[112,-194]],[[13160,10253],[0,-10],[74,-119],[37,-87],[37,-110],[55,-146],[55,-115]],[[13276,9403],[-94,9]],[[13182,9412],[-21,61],[-187,347],[-15,49],[-5,40],[4,68],[69,353],[21,117]],[[15543,15961],[58,36],[11,53],[-36,97],[-1,22],[34,31],[37,-3],[25,-38],[27,-7],[51,25],[7,18],[0,53],[-10,33],[6,124],[8,24],[27,26],[10,45],[-7,48],[0,64],[39,23],[66,17],[33,30]],[[15928,16682],[8,-16],[-25,-30],[-45,-20],[-14,-22],[24,-34],[55,5],[18,-9],[25,-48],[26,-5],[43,-25],[-6,-20],[14,-65],[29,-7],[37,16],[-6,-28],[-24,-29],[-37,-27],[-7,-35],[20,-47],[75,-256],[0,-51],[-19,-155],[-8,-28],[242,-7],[31,3],[38,17],[66,51],[42,0],[61,-26],[37,6],[24,20],[34,9],[97,-31],[40,8],[56,31]],[[16118,14300],[-18,31],[-31,29],[-21,9],[-32,-7],[-31,4],[-53,59],[-42,0],[26,72],[16,23],[15,53],[0,24],[-14,72],[24,68],[39,78],[-4,41],[-18,28],[-28,112],[-22,48],[-19,73],[-28,55],[-7,59],[23,186],[6,35],[-15,27],[-18,10],[-28,-10],[2,66],[-8,41],[5,31],[27,25],[-32,15],[-38,31],[-15,53],[-121,103],[-52,4],[-42,20],[-16,33],[-5,60]],[[7860,10216],[-4,-691],[395,4],[192,1],[47,14],[103,6],[42,-13],[137,6],[-1,-270],[1,-164],[-3,-180],[-5,-85],[2,-59],[-4,-116],[0,-145],[8,-31],[37,-37],[30,-53],[2,-44],[12,-38]],[[8851,8321],[-365,-4],[-333,-1]],[[8153,8316],[-228,-1],[-789,4]],[[6778,9007],[0,147],[-3,25],[-278,-3],[-42,-3],[-221,-1],[-236,2],[0,-49]],[[5998,9125],[-698,603],[-49,45],[-83,88],[-298,352]],[[10023,9097],[17,19],[54,21],[19,28],[30,20],[35,43],[29,26],[52,27],[30,3],[27,-19],[38,3],[46,33],[73,12],[32,19],[88,24],[32,19],[134,6],[84,-11],[80,-44],[57,-10],[76,-58],[59,-82],[10,-35],[65,-96],[11,-50],[56,-58],[21,-44],[73,-50],[25,-7],[44,-41],[97,-31],[73,-29],[18,-32],[59,-44],[35,-3],[25,-12],[15,-36],[19,-22],[48,0],[16,-11],[74,-23],[-2,-32],[24,-17],[19,-76],[-7,-74],[-3,-83],[10,-39],[27,-43],[6,-32],[38,-48],[36,-66],[3,-46],[-18,-58]],[[11585,7832],[-38,54],[-23,53],[-15,14],[-54,-6],[-48,4],[-32,-5],[-56,22],[-67,-14],[-48,-1],[-119,-53],[-60,-33],[-47,-34],[-21,-6],[-50,13],[-65,-19],[-68,9],[-77,18],[-80,-16],[-34,13],[-52,32],[-30,32],[-52,31],[-13,23],[-52,29],[-33,2],[-17,18],[-6,43],[-22,50],[-13,56],[-26,49],[-91,151],[-49,86],[-46,69],[-29,27]],[[10052,8543],[8,16],[7,89],[-15,50],[-7,54],[16,114],[3,84],[-17,44],[-22,28],[-2,75]],[[12815,10954],[-34,-3],[-142,-2],[-319,-5],[-14,2]],[[12306,10946],[-123,69],[-79,42],[-39,34],[-43,5],[-57,40],[-23,27],[-65,129]],[[20930,14960],[6,-7],[83,-11],[49,-21],[87,-27],[5,-13],[-78,-60],[-55,-29],[-43,-29],[-34,-35],[-2,-32],[15,-47],[58,-50],[59,-110],[50,-110],[20,-58],[-26,-69],[26,-30]],[[18616,11782],[-39,57],[-43,24],[-73,29],[-76,14],[-128,-3],[-29,23],[-7,22],[-36,38],[-51,6],[-35,-11],[-100,-64],[-7,-25],[-3,-93],[17,-48],[38,-41],[17,-29],[7,-35],[6,-120],[-1,-104],[3,-94],[9,-154],[-3,-109],[-13,-39],[-5,-55],[-1,-81],[-8,-85],[11,-118],[-10,-42],[-66,-13],[-82,12],[-48,34],[-17,38],[-58,27],[-53,33],[-48,19],[-59,6],[-152,-11],[-62,19],[-32,-40],[-25,-64],[-13,-17],[-44,-33],[-39,-70],[-34,-24],[-28,-33],[-48,-24],[-38,-5],[-54,9],[-54,20],[-48,-21],[-60,-76],[-33,-33],[-48,-25],[-37,-28],[-102,-20],[-76,4],[-47,7],[-31,-12],[-55,-35],[-74,-1],[-42,-19],[-29,-28],[-31,8],[0,-57],[15,-65],[14,-26],[-2,-22],[-48,-52],[-24,-1],[-67,-44],[-40,-9],[-15,-13],[-27,-51],[-15,-53],[-41,-37],[-50,-16],[-32,8],[-43,30],[-21,35],[-31,36],[-18,1],[-32,-22],[-2,-45],[-22,-42],[-51,-15],[-36,-20],[-86,-22],[-59,37],[-41,19],[-117,20],[-96,-22],[-56,-26],[-49,-91],[-13,-14],[-105,-38],[-85,-38],[-42,-9],[-34,-17],[-22,0],[-20,24],[-26,4],[-28,22],[-39,84]],[[14783,9702],[52,47],[12,27],[-1,28],[-73,94],[-10,23],[-10,64],[-27,109],[-9,22],[-52,58],[3,38],[32,67],[7,55],[16,55],[36,80]],[[11804,10844],[-34,-1],[-71,-17],[-27,-23],[-34,-72]],[[10471,10112],[-71,26],[-56,-24],[-46,-45],[-46,-9],[-43,2],[-53,20],[-46,4],[-50,-8],[-25,9],[-26,-10],[-38,-33],[-92,-19]],[[9879,10025],[-5,32],[-36,24],[-38,35],[-44,74],[-37,33],[-36,14],[-125,-2],[-6,11],[-5,85],[-3,254],[-86,1],[-269,-4],[-35,-11],[-51,9],[-2,92],[-15,251],[-259,-6],[-63,2],[-267,-1],[-26,14],[-16,161]],[[8455,11093],[10,71],[2,156],[-2,122],[-5,181],[5,80],[-27,25],[-12,47],[18,46],[16,19],[8,34],[-10,111],[-26,23],[6,51],[23,30],[6,53],[-5,127],[33,38],[85,3],[4,63],[-20,29],[33,44],[9,33],[30,10],[43,65],[37,27],[86,13],[3,13],[-42,59],[2,73],[17,35],[-19,88],[14,18]],[[8851,8321],[274,1],[30,-6],[57,11],[22,40],[23,24],[29,59],[21,12],[62,4],[22,12],[44,61],[31,15],[60,-1],[60,23],[48,-26],[28,-6],[42,23],[29,44],[43,43],[23,-5],[58,-33],[53,-3],[48,-15],[64,-31],[30,-24]],[[9023,7016],[-26,45],[-64,74],[-39,35],[-23,39],[-40,-28],[-29,23],[-52,18],[-98,15],[-37,11],[-33,18]],[[8582,7266],[-109,66],[-105,78]],[[8368,7410],[-90,50],[-38,31],[-22,35],[-41,82],[-16,60],[-3,84],[-6,319],[1,245]],[[14799,14539],[-3,46],[-22,81],[3,27],[72,82],[77,136],[20,47],[50,74],[9,71],[23,44],[18,89],[5,43],[-9,88],[-25,98],[47,65],[68,19],[52,-8],[66,15],[46,6],[19,16],[4,96],[12,74],[12,111],[14,35],[29,32],[54,23],[103,12]],[[2575,13701],[16,46],[31,32],[39,22],[64,77],[26,10],[44,53],[75,44],[25,124],[2,46],[54,47],[75,17],[107,92],[48,83],[123,0],[-2,48],[-40,40],[24,65],[265,156],[61,186],[95,133],[222,191],[148,40],[26,-13],[36,-62],[7,-28],[24,-10],[149,52],[169,149],[193,87],[48,12],[38,35],[90,44],[14,15],[47,13],[149,192],[55,42],[42,18],[31,3],[46,-12],[65,-47],[34,4],[66,53],[29,77],[-7,12],[17,117],[42,38],[37,20],[73,18],[56,53],[66,39],[79,27],[70,16],[59,-3],[25,-17],[32,-73],[28,-124],[11,-23],[37,-19],[54,-7],[39,-33],[60,-36],[53,-43],[28,-14],[27,-32],[36,-127],[18,-123],[10,-42],[39,-45],[57,-16],[164,-37],[48,-25],[88,-30],[36,-6],[47,2],[100,-31],[28,16],[35,-38],[18,-37],[39,-25],[27,32],[25,-6],[57,-57],[33,-50],[37,-2],[51,-17],[55,-32],[45,-8],[52,17],[15,-3],[32,-64],[114,-21],[39,8],[53,38],[46,15],[50,-35],[-4,-23],[13,-76],[54,-78],[45,-25],[30,-48],[39,-12],[61,-62],[10,3],[43,54],[35,57],[21,13],[68,4],[74,29],[22,-9],[14,-23],[34,-12],[40,-31],[37,-50],[110,-204],[15,-36],[70,-139],[28,-86],[14,-17],[56,-8],[33,16],[55,17]],[[8455,11093],[-72,-2],[-52,8],[-43,-10],[-261,-1],[-55,6],[-76,-10]],[[3589,12736],[-36,31],[-40,43],[-113,186],[-31,42],[-30,29],[-340,284],[-424,350]],[[6333,8695],[-13,79],[-20,57],[-23,34],[-69,74],[-44,41],[-127,111]],[[6037,9091],[-39,34]],[[6326,1478],[170,196],[100,144]],[[6596,1818],[13,-15],[105,117]],[[6771,1822],[-97,-95],[-17,-21],[-17,-63],[1,-98]],[[6415,1055],[-4,428],[-85,-5]],[[8143,4137],[17,5],[69,40],[21,-3],[60,34],[48,-11],[33,10],[22,22],[40,3]],[[8461,4121],[-13,-13]],[[7930,3650],[4,-8],[117,-77],[119,233],[38,79],[26,43],[44,89],[-49,12],[-64,87],[-22,-21],[-25,-40],[-17,-47],[-170,-344],[-1,-6]],[[48465,25031],[-256,1],[-1,-48],[-71,5],[-79,14]],[[13393,8797],[45,-46],[6,-50],[13,-32],[29,-42],[16,-2],[44,53],[41,76],[59,46],[31,53],[26,66],[76,166]],[[11562,4003],[50,62],[25,48],[30,136],[-6,131],[-2,147],[3,16],[31,34],[59,25],[31,33],[37,106]],[[11820,4741],[34,134],[0,34],[-15,68],[7,92],[2,124],[7,45],[29,65],[9,34],[0,77]],[[11893,5414],[20,51],[52,68],[11,32],[17,99],[10,84],[7,26],[27,34],[54,39],[24,33],[7,27],[12,102],[26,74],[10,43],[5,108]],[[12175,6234],[29,-13],[46,-5],[44,-22],[30,-38],[22,-58],[19,-80],[-7,-40],[2,-64],[15,-54],[29,-17],[70,12],[107,2],[23,-22],[40,-71],[52,-75],[50,-25],[18,-32],[26,-23],[-8,-38],[6,-21],[26,-20],[41,-21],[16,-109],[25,-50],[47,-35],[4,-27],[-12,-15],[17,-52],[-24,-22],[-6,-23],[18,-44],[39,-43],[23,-3],[94,20],[3,-17],[33,-53],[14,-103]],[[13146,4933],[-75,-38],[-138,-30],[-126,33],[-119,41],[-30,-8],[8,-70],[71,-100],[21,-59],[32,-146],[-11,-190],[-48,-174],[-51,-118],[-38,-47]],[[12642,4027],[-163,17],[-50,16],[-251,-8],[-53,-3],[-330,-8],[-95,-195],[17,-87],[-16,-64],[-16,3],[-269,-4],[-42,3]],[[11374,3697],[23,41],[30,73],[42,74],[93,118]],[[8535,1743],[56,-2],[15,20],[11,176]],[[9676,2632],[553,9],[386,-2],[27,-27]],[[7026,1076],[-2,-216]],[[7024,860],[-343,-3],[-100,-2]],[[7572,928],[-11,-26],[-1,-39]],[[7275,862],[-251,-2]],[[7024,860],[1,-306],[5,-135]],[[7030,419],[-115,9],[-59,9],[-42,0],[-95,15],[-22,-1],[-219,24],[-60,5]],[[7404,381],[-374,38]],[[8008,324],[-15,1]],[[5732,547],[127,155],[67,91],[28,49],[38,80],[5,54],[-1,89],[30,51]],[[6026,1116],[300,362]],[[5904,534],[-172,13]],[[6110,1549],[0,-87],[-18,-51],[-161,-178],[55,-49],[25,-35],[15,-33]],[[5732,547],[-64,9],[-58,1],[-64,8],[-356,30],[-309,37]],[[6110,1922],[401,3]],[[6511,1925],[85,-107]],[[17214,17058],[-413,0],[-69,15],[68,164],[-13,37],[178,277],[77,89],[46,98],[18,61],[17,6],[9,62],[95,276],[40,110],[64,202],[29,58]],[[11699,9119],[37,-87],[16,-24],[45,-41],[29,-59],[43,-34],[50,-9],[15,-10],[14,-37],[69,-2],[-9,-40],[40,-47],[38,-32],[47,-16],[89,-24],[75,-28],[54,-26],[16,-22],[11,-37],[18,-11],[32,16],[45,-12],[22,-27],[31,-14],[29,11],[50,-6],[47,4],[47,-38],[24,-1],[100,46]],[[10023,9097],[-29,25],[-45,83],[-106,150],[-70,90],[-20,62],[-3,31],[29,130],[23,87],[38,85],[17,91],[22,94]],[[13979,7053],[21,-40],[24,-67],[31,-133],[18,-65],[46,-106],[-3,-90],[-11,-72],[-13,-34],[-83,-72],[-48,-27],[-84,-25],[-45,-20],[-58,-10],[-45,-22],[-109,-23],[-30,-16],[-12,-37],[-32,-50],[-30,-56],[-160,-132],[-42,-78],[-36,-20],[-49,10],[-28,-7],[-66,-73],[-16,-39],[-38,-153],[-3,-62],[11,-39],[28,-34],[41,-38],[118,-121],[12,-32],[-12,-114],[-47,-168],[-15,-20],[-68,-35]],[[10230,97],[-256,24],[0,-5],[-188,22]],[[13160,10253],[35,18],[58,-5],[133,-1],[157,6]],[[14163,10284],[-20,-126],[-23,-87]],[[14783,9702],[-38,-5],[-42,13],[-19,-16]],[[17374,19940],[60,62],[53,6],[56,68],[10,-3],[21,75],[33,48],[24,17],[44,-28],[34,54],[-14,71],[43,74],[5,30],[-4,53],[22,48],[85,95],[19,5],[29,-18],[47,-15],[50,22],[31,37],[-1,107],[49,49],[17,59],[24,39],[40,26],[139,48],[51,48],[-7,20],[-43,34],[-4,39],[33,28],[24,-28],[53,-31],[60,0],[13,40],[26,35],[62,18],[-5,54],[-32,62],[0,56],[21,15],[56,7],[39,47],[42,19],[45,5],[45,16],[54,-6],[43,21],[62,10],[31,17],[26,-6],[34,-21],[30,13],[22,62],[52,28],[11,23],[-5,51],[-23,22],[-67,44],[-6,12],[1,63],[118,53],[11,16],[9,53],[12,15],[45,7],[28,25],[41,5],[21,11],[30,54],[84,65],[35,-3],[55,-47],[65,-8],[7,58],[31,26],[28,-12],[79,-19],[33,5],[26,29],[18,46],[25,14],[64,3],[43,26],[54,-43],[18,0],[27,20],[55,18],[65,30],[45,14],[30,-8],[24,-19],[27,7],[52,38],[23,23],[16,40],[-7,55],[-31,69],[11,50],[61,20],[-6,42],[6,24],[22,15],[39,9],[10,28],[-18,20],[-37,9],[-3,39],[51,18],[42,39],[45,6],[14,32],[44,35],[15,42],[-21,42],[-6,35],[11,23],[68,31],[17,22],[24,60],[-3,78],[27,31],[1,30],[-23,34],[15,60],[3,42],[18,30],[-7,20],[-42,45],[6,36],[72,23],[13,10],[20,97],[35,5],[5,66],[34,20],[26,54],[55,10],[40,32],[82,37],[31,2],[21,-17],[43,22],[66,59],[43,1],[37,19],[27,59],[21,29],[46,6],[73,35],[54,57],[15,26],[18,-13],[16,17],[3,37],[31,39],[24,-1],[32,-28],[13,7],[2,42],[-34,46],[6,21],[21,16],[33,-6],[56,27],[15,58],[71,3],[24,48],[23,29],[42,-4],[28,6],[6,24],[-12,27],[13,24],[29,6],[45,48],[51,15],[39,-24],[27,43],[42,14],[21,44],[25,20],[34,6],[41,27],[47,15],[35,-5],[48,4],[24,25],[15,62],[20,16],[42,-5],[38,25],[4,47],[26,55],[52,43],[48,21],[46,43],[20,10],[53,4],[36,24],[17,48],[24,34],[25,22],[57,34],[15,26],[78,100],[3,28],[-8,46],[17,21],[42,20],[39,5],[43,27],[61,64],[79,58],[7,14],[5,64],[19,20],[36,11],[9,26],[32,15],[28,-10],[20,20],[34,0],[34,20],[36,10],[24,38]],[[6511,1925],[-10,36],[-1,120],[-7,46],[-14,38],[-25,38],[-39,42]],[[5999,1920],[3,349]],[[8654,3661],[-95,0],[-35,-3],[-77,3]],[[8654,3661],[-230,-277],[-83,-102],[-74,-78],[-426,-382]],[[3280,3041],[195,2]],[[3475,3043],[-1,-52],[-11,-24],[-34,-40],[-10,-37],[-1,-139],[141,6]],[[3559,2757],[-5,-29],[-27,1],[-13,-13],[-18,-47],[-58,-35],[-9,-27],[-25,9],[-34,-51],[-45,-33],[-2,-18],[-22,-23],[-10,-30]],[[3291,2461],[-8,43],[1,260],[-4,277]],[[43088,22787],[161,-6],[131,15],[103,16],[59,-8],[141,68],[78,21],[78,-9],[51,-36],[102,-2],[85,-13],[65,-24],[86,-37],[37,-34],[44,-56],[30,-50],[46,-56],[49,-69],[51,-81],[35,-76],[20,-88],[15,-191],[75,-2]],[[41904,21401],[118,203],[34,49],[37,90],[40,55],[99,95],[36,57],[56,117],[31,53],[60,90],[5,49],[72,155],[51,69],[72,73],[8,24],[27,10]],[[30756,28692],[830,4],[942,5],[217,10],[461,6],[532,1],[38,-4],[250,4],[74,-1],[109,7],[163,-5],[298,2],[268,-1],[332,2],[1300,7],[122,1],[492,-4],[298,-1],[63,3],[358,3],[159,-9],[84,0],[102,9],[64,1],[651,-2],[809,-5],[222,0],[803,-4],[995,2],[551,-1]],[[13048,10447],[40,67],[187,205],[39,40],[68,41]],[[13048,10447],[-28,49],[-136,215],[-17,33],[-21,56],[-31,154]],[[45852,23120],[-28,-20],[-9,-32],[-1,-53],[-15,-40],[-16,-17],[-87,-44],[-41,-39],[-33,-53],[-38,-46],[-47,-30],[-39,-10],[-109,-9],[-39,-6]],[[6538,3393],[60,128],[26,44]],[[6624,3565],[559,-400],[51,-38]],[[5872,6422],[20,14],[19,-27],[40,-7],[14,27],[35,31],[13,-9],[49,31],[22,-26],[33,-2],[17,-21],[16,13],[57,-6],[-7,-23],[22,-35],[31,-1],[33,21],[27,43],[40,15],[73,-17],[31,18],[64,-24],[-10,-17],[27,-18],[60,-72],[38,-30],[57,-14],[10,-17],[37,-9],[84,-38],[38,-3],[44,-40],[31,-17],[67,-23],[16,15],[26,2],[19,45],[25,22],[41,1],[26,30],[-1,22],[28,-3],[10,34],[21,1],[29,23]],[[7244,6331],[20,-200],[4,-62]],[[7268,6069],[-46,1],[-561,19],[-251,-1]],[[6410,6088],[-59,3],[-241,-2],[1,168],[-241,-87]],[[5870,6170],[2,252]],[[7659,7241],[63,44],[44,19],[36,3],[263,-25],[43,6],[43,27],[43,49],[39,20],[84,-15],[28,10],[23,31]],[[8582,7266],[-18,-47],[-25,15],[-66,-120]],[[8473,7114],[-14,35],[-36,-10],[-82,33],[-38,-27],[-9,-28],[-25,2],[-13,23],[-27,23],[-25,41],[-63,-33],[-72,-7],[-71,26],[-58,48],[-40,6],[-78,4],[-46,-6],[-100,-39]],[[7676,7205],[-17,36]],[[5878,6636],[313,-4],[194,4],[150,6],[81,1]],[[6616,6643],[92,2],[37,-3],[39,-12],[46,-26],[96,-74],[41,-20],[57,-17],[50,-5],[69,5],[80,16]],[[7223,6509],[21,-178]],[[5872,6422],[2,167],[4,47]],[[8473,7114],[12,-50],[-22,-33],[27,-63],[-2,-35],[-33,-59],[-90,-70],[0,-104],[3,-51],[-225,-91],[-20,-22],[-6,-37],[25,-193]],[[8142,6306],[-65,-31],[-29,14],[-6,22],[-27,33],[-28,3],[-3,19],[-26,34],[8,24],[-12,15],[-3,43],[30,45],[3,35],[-157,-7],[-38,40]],[[7789,6595],[20,20],[21,44],[15,60],[-15,64],[-69,137],[-26,141],[-16,56],[-43,88]],[[6616,6814],[0,-171]],[[5878,6636],[15,111],[18,64],[102,356],[47,145],[44,152],[72,257]],[[7223,6509],[85,19],[78,6]],[[7386,6534],[57,0],[113,21],[142,8],[50,7],[41,25]],[[8142,6306],[6,-48],[-10,-62],[-62,-60],[-62,-67]],[[8014,6069],[-162,1]],[[7852,6070],[-584,-1]],[[8009,6060],[5,9]],[[13182,9412],[-41,8],[-111,2],[-39,12],[-38,41],[-2,40],[-49,57],[-21,53],[-49,59],[-36,21],[-33,37],[-112,-3],[-32,3],[-104,22],[6,53],[-20,32],[-17,45],[-63,81],[-48,72],[-107,135],[-29,19],[-34,34],[-31,64],[-23,37],[2,16],[87,73],[39,49],[8,139],[-123,-1],[2,37],[22,29],[49,26],[0,52],[-12,25],[1,40],[39,50],[6,23],[25,21],[12,31]],[[4870,10213],[-968,0],[-352,-3],[0,-237],[-4,-423],[3,-52],[0,-673],[152,0],[469,2],[599,0],[6,0]],[[4775,8827],[1,-102],[-1,-905]],[[4775,7820],[-31,-8],[-23,9],[-21,34],[-36,6],[-33,-27],[-56,-4],[-125,-61],[-6,-17],[-31,-32],[-82,-37],[-79,-20],[-14,-13],[-30,-63],[13,-39],[9,-86],[-4,-40],[-14,-26],[-22,-1],[-47,14],[-67,29],[-21,-2],[-103,-49],[-50,-40],[-72,-42],[-40,-36],[-37,-43],[-15,-35],[-36,-44],[-33,7],[-25,-7],[-59,-31],[-94,-99],[-42,-7],[-59,10],[-48,-29],[-30,-10],[-75,-7],[-82,17],[-33,25],[-95,30],[-62,25],[-82,3],[-27,11],[-209,-9],[-59,-24],[-266,87],[-98,-2],[-70,-49],[-37,-16],[-58,-11],[-71,-1],[-27,6],[-34,-28],[-26,-3],[-70,58],[-27,9],[-77,1],[-125,37],[-93,48],[-56,17],[-113,-54],[-58,0],[-67,11],[-63,-19],[-53,-38],[-32,0],[-23,12],[-43,38],[-42,7],[-29,-6],[-23,-33],[-64,-22],[-68,-48],[-71,-9],[-89,-1],[-134,7]],[[481,7050],[4,380],[4,636],[6,737],[-2,439],[5,627],[1,322],[400,2],[181,2],[985,8],[252,-2],[0,586],[-3,477],[0,188],[4,282],[-8,29],[-4,875],[0,160],[-3,350],[-1,173],[7,195],[-5,21],[0,93],[88,27],[140,3],[43,41]],[[4775,7442],[-305,0],[-2,-457],[0,-490],[-1,-441],[368,2],[877,4],[159,2]],[[5871,6062],[-3,-97],[-4,-579],[1,-54],[-4,-304]],[[5861,5028],[-1,-283],[1,-56],[-1,-148],[-5,-153],[-15,-195],[-1,-94]],[[4776,4683],[-308,-3]],[[4468,4680],[-193,-3],[-337,-2],[14,-211]],[[3952,4464],[-52,-21],[-84,-57],[-56,-79],[-21,-55],[-13,-89],[-2,-211]],[[3724,3952],[-81,29],[-23,-11],[-37,2],[-40,31],[-33,-9],[-83,12],[-128,0],[-59,-24],[-25,1]],[[3215,3983],[-424,-1]],[[2791,3982],[-6,11],[1,326],[-9,9],[-305,0],[-568,-1],[-241,-2],[-566,0],[0,654],[-1,381],[-7,-1],[-603,3],[-2,-1]],[[484,5361],[3,814],[1,127],[-10,92],[2,584],[1,72]],[[7659,7241],[-41,47],[-75,54],[-42,22],[-57,15],[-54,1],[-29,-10],[-50,-3]],[[5861,5028],[229,1]],[[6090,5029],[187,-7],[152,-2],[27,-6],[38,-22],[26,-33],[23,-45]],[[6543,4914],[95,-180],[39,-59]],[[6769,4609],[-25,-52],[-71,-93],[-32,-66],[-13,-57]],[[6380,4013],[1,-8]],[[6184,3998],[-102,2],[0,-18]],[[9205,3664],[34,3],[110,-3],[51,3],[82,-3],[48,-7],[50,10],[93,1],[-1,-172],[279,4],[54,-17],[95,1],[44,16],[128,3],[318,8],[4,11],[0,312],[2,191]],[[10596,4025],[319,12],[132,1],[292,-2],[53,3],[136,0],[34,-36]],[[11374,3697],[-19,-56],[-43,-195],[-15,-34],[-76,-59],[-37,-48],[-54,-45],[-27,-32],[-22,-58],[-40,-88],[-23,-75],[-62,-129],[-90,-174],[-29,-39]],[[7512,5378],[-6,11],[-173,193],[-103,17]],[[7230,5599],[0,45],[-26,79]],[[7204,5723],[26,23],[114,164],[33,32],[97,62],[89,4],[120,-6],[27,6],[104,52],[38,10]],[[6037,9091],[-43,-23],[-11,-15],[-33,-8],[-67,-34],[-188,-1],[-17,3],[-56,-59],[-23,-10]],[[5156,8896],[-32,-15],[-25,-24],[-24,4],[-18,33],[-23,7],[4,25],[-25,14],[-39,-4],[24,-52],[22,-6],[-14,-32],[-37,-20]],[[4969,8826],[-194,1]],[[10100,5407],[222,4],[275,-1]],[[10597,5410],[1,-302],[2,-200],[0,-210]],[[10600,4698],[3,-38],[-5,-325],[-2,-310]],[[10600,4698],[55,-16],[70,0],[89,29],[77,2],[74,26],[29,5],[43,-8],[90,-103],[41,-6],[130,33],[20,9],[31,38],[24,18],[23,3],[326,14],[98,-1]],[[10597,5410],[185,4],[105,-9],[133,2],[258,-2],[269,1],[346,8]],[[3724,3952],[67,-1],[80,-9],[49,-19],[35,-26],[30,-14],[39,5],[57,23],[44,32],[13,22],[86,68],[27,28],[24,7],[54,-9],[32,12]],[[4163,3438],[-166,1],[-44,15],[-26,17],[-70,64],[-85,-125],[-12,-40],[0,-201],[18,-44],[27,-26]],[[3805,3099],[-105,-138]],[[3700,2961],[-64,56],[-52,20],[-109,6]],[[3280,3041],[2,102],[-2,75],[-21,70]],[[3259,3288],[-30,73],[-14,57],[-1,55],[15,195],[-13,178],[-1,137]],[[4468,4680],[-4,-133],[-13,-59],[-17,-37]],[[4434,4451],[-33,-47],[-33,-31],[-83,-62],[-35,58],[-47,52],[-34,25],[-59,23],[-72,13],[-62,-8],[-24,-10]],[[6543,4914],[40,32],[73,83],[34,27],[42,22]],[[6732,5078],[63,16],[81,7],[46,-3],[54,-18]],[[6976,5080],[63,-43],[85,-78],[43,-31],[50,-23],[46,-13]],[[7263,4892],[-26,-158],[-10,-15],[-49,-21],[-76,-14],[-42,-23],[-55,-19],[-20,3],[-37,31],[-33,55]],[[3805,3099],[97,-94],[62,82],[41,22],[159,1]],[[4164,2604],[-76,9],[-39,18],[-30,24],[-319,306]],[[15928,16682],[14,47],[-4,38],[-25,64],[3,31],[17,50],[14,11],[42,8],[44,-3],[43,12],[35,-3],[28,29],[3,37],[-16,27],[-37,22],[-17,78],[60,48],[126,72],[34,48],[9,38],[-1,30],[-16,17],[-63,26],[-33,29],[-27,49],[-8,48],[8,17],[80,32],[67,11],[17,12],[8,29],[56,82],[17,50],[-9,61],[9,60],[5,87],[23,83],[-1,103],[-3,63],[20,70],[-4,50],[13,34],[-10,30],[-35,38],[0,44],[33,21],[28,48],[-6,55],[-49,110],[-5,19],[16,41],[-23,77],[-23,16],[-20,29],[0,66],[32,40],[19,-2],[25,-23]],[[4969,8826],[428,-3]],[[5870,6170],[1,-108]],[[3559,2757],[20,44],[121,160]],[[4164,2604],[0,-224]],[[4164,2380],[1,-462]],[[3344,1914],[-2,348],[-8,93],[-40,92],[-3,14]],[[6410,6088],[1,-118],[11,-47],[20,-32],[22,-55],[22,-132],[12,-51]],[[6498,5653],[-33,-11],[-42,-3],[-36,7],[-109,61],[-183,3],[-5,-681]],[[6498,5653],[28,13],[68,16],[95,15],[74,1],[130,-23],[84,-6],[119,27],[79,14],[29,13]],[[7230,5599],[-7,-35],[-51,-119],[-37,-53]],[[7135,5392],[-393,-12],[-96,-1],[-28,5],[29,-47],[22,-54],[63,-205]],[[4420,2149],[20,-10],[-12,-37],[54,-22],[51,0],[0,33],[33,-2],[42,-15],[67,2],[140,-1],[66,-21]],[[4369,1919],[8,86],[43,144]],[[7488,4892],[-17,-96],[-19,-70],[-26,-32],[-132,-123],[-33,-22],[-34,-11],[-81,-6],[-33,-16],[-51,-36]],[[6995,4433],[-36,57],[-31,31],[-46,30],[-63,33]],[[7135,5392],[-39,-52],[-48,-58],[-20,-42],[-11,-51],[-41,-109]],[[4164,2380],[170,0],[-13,-55],[135,-113]],[[4456,2212],[-36,-63]],[[4456,2212],[59,54],[47,23],[59,10],[174,0],[76,-14],[44,-23],[40,-30]],[[7373,6665],[14,-45],[-1,-86]],[[2784,3170],[15,16],[25,-4],[18,38],[45,16],[25,79],[18,-2],[17,27],[41,-55],[32,1],[23,-34],[40,-20],[19,11],[45,-35],[58,43],[34,10],[20,27]],[[3280,3041],[-47,-2],[-226,0],[-69,-4],[-153,0],[-1,135]],[[6611,4226],[66,0],[0,-65],[46,-23],[37,-42],[38,42],[45,-44],[30,-4]],[[4434,4451],[30,-32],[3,-86]],[[2784,3170],[0,469],[-2,343],[9,0]],[[12642,4027],[2,-83],[11,-75],[18,-69],[3,-69],[-18,-94],[-41,-116],[-155,-257],[-25,-70],[-48,-126],[-59,-105],[-97,-87],[-86,-70],[-46,-73],[-22,-150],[16,-75],[43,-305],[-7,-64],[-50,-100],[-69,-101],[-3,-164],[-231,-721],[-163,-100],[-10,-60],[23,-157],[-3,-220],[-7,-273],[-43,-213],[-206,-2],[-60,7],[-91,-15],[-44,-20],[-786,81]],[[3042,818],[-161,13],[-452,49],[-611,54],[-317,31],[-613,56],[-296,24],[-196,20],[-53,9],[-342,28],[0,428],[-1,368],[486,11],[-2,67],[1,410],[-1,557],[5,552],[-1,143],[3,177],[-1,165],[-11,264],[10,261],[1,329],[-3,132],[0,371],[-3,24]]],"transform":{"scale":[0.000030232746486056628,0.000021057978075517582],"translate":[-121.48444,38.711395]},"objects":{"Geometry\\06-061":{"type":"GeometryCollection","geometries":[{"arcs":[[0,1,2,3,4,5]],"type":"Polygon","properties":{"GEOID":"060610210371"}},{"arcs":[[6,7,8,9,10,11]],"type":"Polygon","properties":{"GEOID":"060610212032"}},{"arcs":[[12,13,14,15]],"type":"Polygon","properties":{"GEOID":"060610206063"}},{"arcs":[[16,17,18,19,20]],"type":"Polygon","properties":{"GEOID":"060610207151"}},{"arcs":[[21,22,23,24,25]],"type":"Polygon","properties":{"GEOID":"060610207101"}},{"arcs":[[26,27,28,29,30]],"type":"Polygon","properties":{"GEOID":"060610210384"}},{"arcs":[[31,32,33,34,35]],"type":"Polygon","properties":{"GEOID":"060610209082"}},{"arcs":[[36,37,38]],"type":"Polygon","properties":{"GEOID":"060610208053"}},{"arcs":[[39,40,41,42]],"type":"Polygon","properties":{"GEOID":"060610204022"}},{"arcs":[[43,44,45,46]],"type":"Polygon","properties":{"GEOID":"060610211091"}},{"arcs":[[47,48,49,50,51,52]],"type":"Polygon","properties":{"GEOID":"060610207172"}},{"arcs":[[53,54,55]],"type":"Polygon","properties":{"GEOID":"060610230001"}},{"arcs":[[56,57,58,59,60,61]],"type":"Polygon","properties":{"GEOID":"060610211232"}},{"arcs":[[62,63,64,65,66,-59]],"type":"Polygon","properties":{"GEOID":"060610211231"}},{"arcs":[[67,68,69,70]],"type":"Polygon","properties":{"GEOID":"060610211312"}},{"arcs":[[-71,71,72,73,74]],"type":"Polygon","properties":{"GEOID":"060610229001"}},{"arcs":[[75,76,77,78,79,80,81,-3]],"type":"Polygon","properties":{"GEOID":"060610210463"}},{"arcs":[[-4,-82,-27,82]],"type":"Polygon","properties":{"GEOID":"060610210382"}},{"arcs":[[83,84,85,-13,86]],"type":"Polygon","properties":{"GEOID":"060610206053"}},{"arcs":[[87,88,-23,89,90]],"type":"Polygon","properties":{"GEOID":"060610207102"}},{"arcs":[[-16,91,92,-25]],"type":"Polygon","properties":{"GEOID":"060610206062"}},{"arcs":[[93,-38,94,95,96]],"type":"Polygon","properties":{"GEOID":"060610208051"}},{"arcs":[[97,98,99,100,-95,-37]],"type":"Polygon","properties":{"GEOID":"060610208052"}},{"arcs":[[101,102,103,104,-99]],"type":"Polygon","properties":{"GEOID":"060610208062"}},{"arcs":[[105,106,-91,107,108]],"type":"Polygon","properties":{"GEOID":"060610207123"}},{"arcs":[[109,110,111,112,113,114]],"type":"Polygon","properties":{"GEOID":"060610210033"}},{"arcs":[[115,116]],"type":"Polygon","properties":{"GEOID":"060610232001"}},{"arcs":[[117,118,119,-116,120,121]],"type":"Polygon","properties":{"GEOID":"060610233002"}},{"arcs":[[122,123,124,125,126,127]],"type":"Polygon","properties":{"GEOID":"060610210343"}},{"arcs":[[128,-66,129,130,131,-70]],"type":"Polygon","properties":{"GEOID":"060610211311"}},{"arcs":[[132,133,134,135]],"type":"Polygon","properties":{"GEOID":"060610228001"}},{"arcs":[[136,137,138,139,140,141]],"type":"Polygon","properties":{"GEOID":"060610210403"}},{"arcs":[[142,-142,143,144]],"type":"Polygon","properties":{"GEOID":"060610210402"}},{"arcs":[[145,146,-137,-143,147,148]],"type":"Polygon","properties":{"GEOID":"060610210392"}},{"arcs":[[149,150,151,-140]],"type":"Polygon","properties":{"GEOID":"060610210442"}},{"arcs":[[152,153,154,155,156]],"type":"Polygon","properties":{"GEOID":"060610211061"}},{"arcs":[[157,-156,158,159,-131]],"type":"Polygon","properties":{"GEOID":"060610211062"}},{"arcs":[[160,161,-112,162,163,-52,164,165,166]],"type":"Polygon","properties":{"GEOID":"060610207171"}},{"arcs":[[167,168,169,170]],"type":"Polygon","properties":{"GEOID":"060610214035"}},{"arcs":[[-170,171,172,173,174]],"type":"Polygon","properties":{"GEOID":"060610214034"}},{"arcs":[[175,176,177,178]],"type":"Polygon","properties":{"GEOID":"060610216033"}},{"arcs":[[-174,179,180,181]],"type":"Polygon","properties":{"GEOID":"060610214031"}},{"arcs":[[182,183,184,-150,-139,185,186]],"type":"Polygon","properties":{"GEOID":"060610210443"}},{"arcs":[[-186,-138,-147,187]],"type":"Polygon","properties":{"GEOID":"060610210401"}},{"arcs":[[188,-63,-58,189]],"type":"Polygon","properties":{"GEOID":"060610211222"}},{"arcs":[[190,-155,191,192]],"type":"Polygon","properties":{"GEOID":"060610211291"}},{"arcs":[[193,194,-31,195,196]],"type":"Polygon","properties":{"GEOID":"060610210383"}},{"arcs":[[-5,-83,-195,197]],"type":"Polygon","properties":{"GEOID":"060610210381"}},{"arcs":[[198,199,-79]],"type":"Polygon","properties":{"GEOID":"060610210462"}},{"arcs":[[200,201,202,203]],"type":"Polygon","properties":{"GEOID":"060610231001"}},{"arcs":[[204,205,206,-125]],"type":"Polygon","properties":{"GEOID":"060610210342"}},{"arcs":[[-207,207,-126]],"type":"Polygon","properties":{"GEOID":"060610210341"}},{"arcs":[[208,209,210,211,212]],"type":"Polygon","properties":{"GEOID":"060610220111"}},{"arcs":[[213,214,215,216]],"type":"Polygon","properties":{"GEOID":"060610201042"}},{"arcs":[[-210,217,218,219,220,221]],"type":"Polygon","properties":{"GEOID":"060610201071"}},{"arcs":[[222,223,224,225,226,227]],"type":"Polygon","properties":{"GEOID":"060610205012"}},{"arcs":[[228,229,230,231,232,233,234]],"type":"Polygon","properties":{"GEOID":"060610221002"}},{"arcs":[[-234,235,236,237,238]],"type":"Polygon","properties":{"GEOID":"060610223002"}},{"arcs":[[239,240,241,242,-235,-239,243,244,245,246,247,248]],"type":"Polygon","properties":{"GEOID":"060610202003"}},{"arcs":[[249,-213,250,251,252,253,254,255]],"type":"Polygon","properties":{"GEOID":"060610220112"}},{"arcs":[[-212,256,257,258,259,260,261,-251]],"type":"Polygon","properties":{"GEOID":"060610201052"}},{"arcs":[[262,263,-259]],"type":"Polygon","properties":{"GEOID":"060610201051"}},{"arcs":[[-211,-222,264,265,266,267,-257]],"type":"Polygon","properties":{"GEOID":"060610201062"}},{"arcs":[[268,269,270,271,272,273,274]],"type":"Polygon","properties":{"GEOID":"060610225002"}},{"arcs":[[275,276,-46,277,-48,278,-163,279]],"type":"Polygon","properties":{"GEOID":"060610224002"}},{"arcs":[[280,-113,-162,281,282]],"type":"Polygon","properties":{"GEOID":"060610210036"}},{"arcs":[[283,284,-115,285,286,287,-199,-78]],"type":"Polygon","properties":{"GEOID":"060610210032"}},{"arcs":[[288,289]],"type":"Polygon","properties":{"GEOID":"060610234002"}},{"arcs":[[290,291,-273]],"type":"Polygon","properties":{"GEOID":"060610225001"}},{"arcs":[[292,293,-9]],"type":"Polygon","properties":{"GEOID":"060610212033"}},{"arcs":[[294,-236,-233]],"type":"Polygon","properties":{"GEOID":"060610223001"}},{"arcs":[[295,296,297,-231]],"type":"Polygon","properties":{"GEOID":"060610221001"}},{"arcs":[[298,299,-184]],"type":"Polygon","properties":{"GEOID":"060610210441"}},{"arcs":[[300,301,302,303,304,305,306]],"type":"Polygon","properties":{"GEOID":"060610237001"}},{"arcs":[[307,308,-301,309]],"type":"Polygon","properties":{"GEOID":"060610214012"}},{"arcs":[[310,-187,-188,-146,311]],"type":"Polygon","properties":{"GEOID":"060610210391"}},{"arcs":[[312,-203,313,-299,-183,-311,314,315]],"type":"Polygon","properties":{"GEOID":"060610231002"}},{"arcs":[[316,317,318,319]],"type":"Polygon","properties":{"GEOID":"060610236001"}},{"arcs":[[-305,320,-317,321,322]],"type":"Polygon","properties":{"GEOID":"060610237002"}},{"arcs":[[-181,323,-307,324,-119]],"type":"Polygon","properties":{"GEOID":"060610233001"}},{"arcs":[[-53,-164,-279]],"type":"Polygon","properties":{"GEOID":"060610224001"}},{"arcs":[[-200,-288,325,-80]],"type":"Polygon","properties":{"GEOID":"060610210461"}},{"arcs":[[326,327,328,-314,-202]],"type":"Polygon","properties":{"GEOID":"060610231003"}},{"arcs":[[329,330,331,332]],"type":"Polygon","properties":{"GEOID":"060610211081"}},{"arcs":[[333,-159,-191,334,335]],"type":"Polygon","properties":{"GEOID":"060610211282"}},{"arcs":[[336,337,338,-64,-189]],"type":"Polygon","properties":{"GEOID":"060610211221"}},{"arcs":[[339,340,341,342]],"type":"Polygon","properties":{"GEOID":"060610211301"}},{"arcs":[[343,344,-14,-86]],"type":"Polygon","properties":{"GEOID":"060610206051"}},{"arcs":[[345,-109,346,347]],"type":"Polygon","properties":{"GEOID":"060610207122"}},{"arcs":[[-165,348,349]],"type":"Polygon","properties":{"GEOID":"060610207113"}},{"arcs":[[-51,-87,-24,-89,350,-349]],"type":"Polygon","properties":{"GEOID":"060610207112"}},{"arcs":[[-166,-350,-351,-88,-107,351]],"type":"Polygon","properties":{"GEOID":"060610207111"}},{"arcs":[[352,-255,353,-242]],"type":"Polygon","properties":{"GEOID":"060610220142"}},{"arcs":[[-29,-36,354]],"type":"Polygon","properties":{"GEOID":"060610209084"}},{"arcs":[[355,356,357,358]],"type":"Polygon","properties":{"GEOID":"060610203003"}},{"arcs":[[359,360,361,362,-358]],"type":"Polygon","properties":{"GEOID":"060610203001"}},{"arcs":[[363,364,-240,365,366]],"type":"Polygon","properties":{"GEOID":"060610220131"}},{"arcs":[[-41,367,-361,368,369,370]],"type":"Polygon","properties":{"GEOID":"060610204021"}},{"arcs":[[371,-228,372,373,-293,-8,374]],"type":"Polygon","properties":{"GEOID":"060610212042"}},{"arcs":[[375,376,377,-226]],"type":"Polygon","properties":{"GEOID":"060610205022"}},{"arcs":[[-335,-193,378,-330,379,380,381]],"type":"Polygon","properties":{"GEOID":"060610211292"}},{"arcs":[[382,383,-44,384,385]],"type":"Polygon","properties":{"GEOID":"060610211092"}},{"arcs":[[-300,-329,-128,386,-76,-2,387]],"type":"Polygon","properties":{"GEOID":"060610210431"}},{"arcs":[[388,389,-110,-285]],"type":"Polygon","properties":{"GEOID":"060610210035"}},{"arcs":[[-127,-208,390,-389,-284,-77,-387]],"type":"Polygon","properties":{"GEOID":"060610226001"}},{"arcs":[[-65,-339,391,-157,-158,-130]],"type":"Polygon","properties":{"GEOID":"060610211233"}},{"arcs":[[-132,-160,-334,392,-72]],"type":"Polygon","properties":{"GEOID":"060610211281"}},{"arcs":[[-294,-374,393,394,395,-10]],"type":"Polygon","properties":{"GEOID":"060610212031"}},{"arcs":[[396,397,-303]],"type":"Polygon","properties":{"GEOID":"060610238001"}},{"arcs":[[398,399,400,-179,401,402,403,404]],"type":"Polygon","properties":{"GEOID":"060610216042"}},{"arcs":[[-388,-1,-151,-185]],"type":"Polygon","properties":{"GEOID":"060610210432"}},{"arcs":[[405,406,407,408,-43,409,-376,-225]],"type":"Polygon","properties":{"GEOID":"060610205023"}},{"arcs":[[410,411,412,413]],"type":"Polygon","properties":{"GEOID":"060610206041"}},{"arcs":[[-232,-298,414,-215,415,-260,-264,416,-267,417,-219,418,-237,-295]],"type":"Polygon","properties":{"GEOID":"060619900000"}},{"arcs":[[-167,-352,-106,-346,419,-104]],"type":"Polygon","properties":{"GEOID":"060610207121"}},{"arcs":[[-345,420,421,-92,-15]],"type":"Polygon","properties":{"GEOID":"060610206061"}},{"arcs":[[422,423,-19]],"type":"Polygon","properties":{"GEOID":"060610207152"}},{"arcs":[[424,-310,-324,-180,-173]],"type":"Polygon","properties":{"GEOID":"060610214033"}},{"arcs":[[425,426,-425,-172,-169]],"type":"Polygon","properties":{"GEOID":"060610214032"}},{"arcs":[[427,-171,-175,428]],"type":"Polygon","properties":{"GEOID":"060610239001"}},{"arcs":[[429,430]],"type":"Polygon","properties":{"GEOID":"060610216032"}},{"arcs":[[431,432,433,434,435]],"type":"Polygon","properties":{"GEOID":"060610218012"}},{"arcs":[[436,437,438,439,440]],"type":"Polygon","properties":{"GEOID":"060610219012"}},{"arcs":[[441,-434,-441,442,443,444,445]],"type":"Polygon","properties":{"GEOID":"060610218023"}},{"arcs":[[-446,446,447,448,449]],"type":"Polygon","properties":{"GEOID":"060610218022"}},{"arcs":[[450,451,452,453,-359,454,455,-408]],"type":"Polygon","properties":{"GEOID":"060610203002"}},{"arcs":[[456,457,458,-437,-433]],"type":"Polygon","properties":{"GEOID":"060610219023"}},{"arcs":[[459,460,-332,461]],"type":"Polygon","properties":{"GEOID":"060610211032"}},{"arcs":[[462,463,464,465,466]],"type":"Polygon","properties":{"GEOID":"060610220021"}},{"arcs":[[467,468,469,-457,-432,470]],"type":"Polygon","properties":{"GEOID":"060610218011"}},{"arcs":[[471,472,473]],"type":"Polygon","properties":{"GEOID":"060610215011"}},{"arcs":[[474,475,-248,476,-439,477]],"type":"Polygon","properties":{"GEOID":"060610220022"}},{"arcs":[[478,479,480,481]],"type":"Polygon","properties":{"GEOID":"060610206011"}},{"arcs":[[482,483,-469]],"type":"Polygon","properties":{"GEOID":"060610219021"}},{"arcs":[[-268,-417,-263,-258]],"type":"Polygon","properties":{"GEOID":"060610201061"}},{"arcs":[[484,-435,-442,-450,485,486,-430,487,-177]],"type":"Polygon","properties":{"GEOID":"060610218021"}},{"arcs":[[-216,-415,-297,488]],"type":"Polygon","properties":{"GEOID":"060610222001"}},{"arcs":[[489,490,491,492,-412]],"type":"Polygon","properties":{"GEOID":"060610206044"}},{"arcs":[[493,494,495,496]],"type":"Polygon","properties":{"GEOID":"060610213042"}},{"arcs":[[497,-245,498,499]],"type":"Polygon","properties":{"GEOID":"060610202002"}},{"arcs":[[-381,500,-280,-111,-390,501]],"type":"Polygon","properties":{"GEOID":"060610210034"}},{"arcs":[[-465,502,-366,-249,-476,503]],"type":"Polygon","properties":{"GEOID":"060610220132"}},{"arcs":[[504,505,506,-479,-491]],"type":"Polygon","properties":{"GEOID":"060610206012"}},{"arcs":[[507,-471,508,-400]],"type":"Polygon","properties":{"GEOID":"060610218014"}},{"arcs":[[509,510,-453,511,512]],"type":"Polygon","properties":{"GEOID":"060610215013"}},{"arcs":[[513,514,-438,-459,515]],"type":"Polygon","properties":{"GEOID":"060610219011"}},{"arcs":[[-495,516,517,518,-397,-302,-309,519,520]],"type":"Polygon","properties":{"GEOID":"060610213044"}},{"arcs":[[521,-406,-224,522,523]],"type":"Polygon","properties":{"GEOID":"060610205013"}},{"arcs":[[-509,-436,-485,-176,-401]],"type":"Polygon","properties":{"GEOID":"060610218013"}},{"arcs":[[-178,-488,-431,-487,524,525,-402]],"type":"Polygon","properties":{"GEOID":"060610216031"}},{"arcs":[[-443,-440,-477,-247,526,-500,527,528]],"type":"Polygon","properties":{"GEOID":"060610202001"}},{"arcs":[[-404,529,-472,530,531,532]],"type":"Polygon","properties":{"GEOID":"060610216041"}},{"arcs":[[-518,533,-523,-223,-372,534,535,536]],"type":"Polygon","properties":{"GEOID":"060610212041"}},{"arcs":[[-498,-527,-246]],"type":"Polygon","properties":{"GEOID":"060610202004"}},{"arcs":[[-516,-458,-470,-484,537]],"type":"Polygon","properties":{"GEOID":"060610219022"}},{"arcs":[[538,-405,-533,539,-497,540]],"type":"Polygon","properties":{"GEOID":"060610213041"}},{"arcs":[[-308,-427,541,542,-520]],"type":"Polygon","properties":{"GEOID":"060610214011"}},{"arcs":[[543,544,-283,545,-102,-98,546]],"type":"Polygon","properties":{"GEOID":"060610209011"}},{"arcs":[[547,-12,548,-462,-331,-379,-192,-154],[549]],"type":"Polygon","properties":{"GEOID":"060610211033"}},{"arcs":[[-221,550,-265]],"type":"Polygon","properties":{"GEOID":"060610201072"}},{"arcs":[[-551,-220,-418,-266]],"type":"Polygon","properties":{"GEOID":"060610201073"}},{"arcs":[[551,-362,-368,-40,-409,-456]],"type":"Polygon","properties":{"GEOID":"060610204011"}},{"arcs":[[-363,-552,-455]],"type":"Polygon","properties":{"GEOID":"060610204012"}},{"arcs":[[552,553,554,555,556,557,558]],"type":"Polygon","properties":{"GEOID":"060610206013"}},{"arcs":[[559,-413,-493,-84,-50]],"type":"Polygon","properties":{"GEOID":"060610206042"}},{"arcs":[[560,-505,-490,-411]],"type":"Polygon","properties":{"GEOID":"060610206043"}},{"arcs":[[-100,-105,-420,-348,561,562]],"type":"Polygon","properties":{"GEOID":"060610207131"}},{"arcs":[[-347,-108,563,-17,564,-562]],"type":"Polygon","properties":{"GEOID":"060610207132"}},{"arcs":[[-101,-563,565,566,-96]],"type":"Polygon","properties":{"GEOID":"060610207141"}},{"arcs":[[-565,-21,567,-566]],"type":"Polygon","properties":{"GEOID":"060610207142"}},{"arcs":[[-90,-22,568,-423,-18,-564]],"type":"Polygon","properties":{"GEOID":"060610207103"}},{"arcs":[[-282,-161,-103,-546]],"type":"Polygon","properties":{"GEOID":"060610208061"}},{"arcs":[[569,570,-547,-39,-94,571]],"type":"Polygon","properties":{"GEOID":"060610209012"}},{"arcs":[[-196,-30,-355,-35,572,-570,573,-291,-272]],"type":"Polygon","properties":{"GEOID":"060610209081"}},{"arcs":[[-34,574,575,-544,-571,-573]],"type":"Polygon","properties":{"GEOID":"060610209083"}},{"arcs":[[-466,-504,-475,576]],"type":"Polygon","properties":{"GEOID":"060610220023"}},{"arcs":[[-531,-474,577,-451,-407,-522,578]],"type":"Polygon","properties":{"GEOID":"060610205011"}},{"arcs":[[-410,-42,-371,579,-556,-377]],"type":"Polygon","properties":{"GEOID":"060610205021"}},{"arcs":[[-492,-482,580,-421,-344,-85]],"type":"Polygon","properties":{"GEOID":"060610206052"}},{"arcs":[[-494,-540,-532,-579,-524,-534,-517]],"type":"Polygon","properties":{"GEOID":"060610213043"}},{"arcs":[[581,-447,-445,582,-356,-454,-511]],"type":"Polygon","properties":{"GEOID":"060610215021"}},{"arcs":[[-357,-583,-444,-529,583,-369,-360]],"type":"Polygon","properties":{"GEOID":"060610215022"}},{"arcs":[[584,-367,-503,-464]],"type":"Polygon","properties":{"GEOID":"060610220133"}},{"arcs":[[-286,-114,-281,-545,-576,585]],"type":"Polygon","properties":{"GEOID":"060610210031"}},{"arcs":[[-326,-287,-586,-575,-33,586]],"type":"Polygon","properties":{"GEOID":"060610210451"}},{"arcs":[[-81,-587,-32,-28]],"type":"Polygon","properties":{"GEOID":"060610210452"}},{"arcs":[[-549,-11,-396,-386,587,-460]],"type":"Polygon","properties":{"GEOID":"060610211031"}},{"arcs":[[-550]],"type":"Polygon","properties":{"GEOID":"060610211034"}},{"arcs":[[-380,-333,-461,-588,588,-276,-501]],"type":"Polygon","properties":{"GEOID":"060610211082"}},{"arcs":[[589,590,591,592]],"type":"Polygon","properties":{"GEOID":"060610213274"}},{"arcs":[[-253,593,-489,-296,-230,594]],"type":"Polygon","properties":{"GEOID":"060610222002"}},{"arcs":[[595,-256,-353,-241,-365]],"type":"Polygon","properties":{"GEOID":"060610220143"}},{"arcs":[[596,-448,-582,-510]],"type":"Polygon","properties":{"GEOID":"060610218025"}},{"arcs":[[-449,-597,597,-486]],"type":"Polygon","properties":{"GEOID":"060610218024"}},{"arcs":[[-262,598,-217,-594,-252]],"type":"Polygon","properties":{"GEOID":"060610201043"}},{"arcs":[[599,600,-502,-391,-206]],"type":"Polygon","properties":{"GEOID":"060610226003"}},{"arcs":[[601,602,603,604,605]],"type":"Polygon","properties":{"GEOID":"060610235021"}},{"arcs":[[606,-536,607,608,609]],"type":"Polygon","properties":{"GEOID":"060610235011"}},{"arcs":[[610,611,612,-602,613]],"type":"Polygon","properties":{"GEOID":"060610235024"}},{"arcs":[[-609,614,615,616]],"type":"Polygon","properties":{"GEOID":"060610235012"}},{"arcs":[[-306,-323,617,-611,618]],"type":"Polygon","properties":{"GEOID":"060610235023"}},{"arcs":[[619,620,-616,621,622,623,-603,-613]],"type":"Polygon","properties":{"GEOID":"060610235022"}},{"arcs":[[-392,-338,624,-622,-615,-608,-535,-375,-7,-548,-153]],"type":"Polygon","properties":{"GEOID":"060610211234"}},{"arcs":[[-525,-598,-513,625]],"type":"Polygon","properties":{"GEOID":"060610215014"}},{"arcs":[[-135,-73,-393,-336,-382,-601]],"type":"Polygon","properties":{"GEOID":"060610228002"}},{"arcs":[[-403,-526,-626,-512,-452,-578,-473,-530]],"type":"Polygon","properties":{"GEOID":"060610215012"}},{"arcs":[[-254,-595,-229,-243,-354]],"type":"Polygon","properties":{"GEOID":"060610220141"}},{"arcs":[[-541,-496,626,627,628,629]],"type":"Polygon","properties":{"GEOID":"060610213281"}},{"arcs":[[-629,-122,630,631,632,-327,-201,633,634,635,636,637,638,639]],"type":"Polygon","properties":{"GEOID":"060610213285"}},{"arcs":[[-304,-398,-519,-537,-607,640,-318,-321]],"type":"Polygon","properties":{"GEOID":"060610238002"}},{"arcs":[[-633,641,642,643,-342,644,-56,645,-133,646,-123,-328]],"type":"Polygon","properties":{"GEOID":"060610230002"}},{"arcs":[[-278,-45,-384,647,648,-559,649,-506,-561,-414,-560,-49]],"type":"Polygon","properties":{"GEOID":"060610206071"}},{"arcs":[[-623,-625,-337,-190,-57,650,651,652]],"type":"Polygon","properties":{"GEOID":"060610213241"}},{"arcs":[[-647,-136,-600,-205,-124]],"type":"Polygon","properties":{"GEOID":"060610226002"}},{"arcs":[[-521,-543,653,-290,654,655,-627]],"type":"Polygon","properties":{"GEOID":"060610234003"}},{"arcs":[[-395,656,657,658,-648,-383]],"type":"Polygon","properties":{"GEOID":"060610206072"}},{"arcs":[[659,-553,-649,-659]],"type":"Polygon","properties":{"GEOID":"060610206083"}},{"arcs":[[-589,-385,-47,-277]],"type":"Polygon","properties":{"GEOID":"060610211093"}},{"arcs":[[660,-554,-660,-658]],"type":"Polygon","properties":{"GEOID":"060610206082"}},{"arcs":[[-394,-373,-227,-378,-555,-661,-657]],"type":"Polygon","properties":{"GEOID":"060610206081"}},{"arcs":[[-637,661,-315,-312,-149,662,663,664,-590,665,666]],"type":"Polygon","properties":{"GEOID":"060610213253"}},{"arcs":[[667,668,-635]],"type":"Polygon","properties":{"GEOID":"060610213282"}},{"arcs":[[669,670,671,672,-343,-644]],"type":"Polygon","properties":{"GEOID":"060610213242"}},{"arcs":[[-664,673,-145,674]],"type":"Polygon","properties":{"GEOID":"060610213251"}},{"arcs":[[675,-467,-577,-478,-515]],"type":"Polygon","properties":{"GEOID":"060610220024"}},{"arcs":[[-656,676,-429,-182,-118,-628]],"type":"Polygon","properties":{"GEOID":"060610239002"}},{"arcs":[[-121,-117,-120,-325,-619,-614,-606,677,-631]],"type":"Polygon","properties":{"GEOID":"060610232002"}},{"arcs":[[678,-675,679,680,-269,681,-592]],"type":"Polygon","properties":{"GEOID":"060610213272"}},{"arcs":[[-678,-605,682,683,-642,-632]],"type":"Polygon","properties":{"GEOID":"060610213232"}},{"arcs":[[684,-652,685,686,-670,-643,-684]],"type":"Polygon","properties":{"GEOID":"060610213234"}},{"arcs":[[687,-197,-271,688]],"type":"Polygon","properties":{"GEOID":"060610210482"}},{"arcs":[[-340,-673,-61,689,-68,690]],"type":"Polygon","properties":{"GEOID":"060610211302"}},{"arcs":[[691,-671,-687]],"type":"Polygon","properties":{"GEOID":"060610213233"}},{"arcs":[[692,693,-689,-270,-681]],"type":"Polygon","properties":{"GEOID":"060610210471"}},{"arcs":[[694,-194,-688,-694]],"type":"Polygon","properties":{"GEOID":"060610210481"}},{"arcs":[[-686,-651,-62,-672,-692]],"type":"Polygon","properties":{"GEOID":"060610213243"}},{"arcs":[[-148,-674,-663]],"type":"Polygon","properties":{"GEOID":"060610213252"}},{"arcs":[[-322,-320,695,-620,-612,-618]],"type":"Polygon","properties":{"GEOID":"060610236003"}},{"arcs":[[696,-666,697]],"type":"Polygon","properties":{"GEOID":"060610213261"}},{"arcs":[[-665,-679,-591]],"type":"Polygon","properties":{"GEOID":"060610213273"}},{"arcs":[[-55,698,-74,-134,-646]],"type":"Polygon","properties":{"GEOID":"060610229002"}},{"arcs":[[-645,-341,-691,-75,-699,-54]],"type":"Polygon","properties":{"GEOID":"060610229003"}},{"arcs":[[-669,699,-316,-662,-636]],"type":"Polygon","properties":{"GEOID":"060610213284"}},{"arcs":[[-604,-624,-653,-685,-683]],"type":"Polygon","properties":{"GEOID":"060610213231"}},{"arcs":[[-638,-667,-697,700]],"type":"Polygon","properties":{"GEOID":"060610213262"}},{"arcs":[[-507,-650,-558,701,-480]],"type":"Polygon","properties":{"GEOID":"060610206014"}},{"arcs":[[-144,-141,-152,-6,-198,-695,-693,-680]],"type":"Polygon","properties":{"GEOID":"060610210472"}},{"arcs":[[-599,-261,-416,-214]],"type":"Polygon","properties":{"GEOID":"060610201041"}},{"arcs":[[-639,-701,-698,-593,-682,-275,702]],"type":"Polygon","properties":{"GEOID":"060610213271"}},{"arcs":[[-690,-60,-67,-129,-69]],"type":"Polygon","properties":{"GEOID":"060610211313"}},{"arcs":[[-289,-654,-542,-426,-168,-428,-677,-655]],"type":"Polygon","properties":{"GEOID":"060610234001"}},{"arcs":[[-634,-204,-313,-700,-668]],"type":"Polygon","properties":{"GEOID":"060610213283"}},{"arcs":[[-641,-610,-617,-621,-696,-319]],"type":"Polygon","properties":{"GEOID":"060610236002"}}]}}}