{"type":"Topology","arcs":[[[27853,27905],[209,1]],[[28062,27906],[0,-102]],[[28062,27804],[-49,9],[-76,-1],[0,-19],[-84,0]],[[27853,27793],[0,112]],[[28062,27804],[1,-110]],[[28063,27694],[-27,-3],[-41,-12],[-102,1],[-39,2]],[[27854,27682],[-1,111]],[[28268,28019],[0,-99]],[[28268,27920],[0,-51]],[[28268,27869],[-7,34],[-36,4],[-163,-1]],[[28062,27906],[1,114],[205,-1]],[[27853,28019],[0,-114]],[[27853,27905],[-104,1]],[[27749,27906],[-105,1]],[[27644,27907],[0,113],[209,-1]],[[25132,27220],[207,2]],[[25339,27222],[52,1]],[[25391,27223],[-1,-143]],[[25390,27080],[-53,0],[0,-29]],[[25337,27051],[-51,-1],[-1,58],[-50,-1],[-1,-56],[-77,-2],[0,23],[-25,0],[0,148]],[[24088,27895],[266,3]],[[24354,27898],[190,-234]],[[24544,27664],[-52,6],[-91,-2],[-208,1],[-9,5],[-1,92],[-36,0],[0,22],[-58,-1]],[[24089,27787],[-1,108]],[[24544,27664],[132,-161]],[[24676,27503],[-10,-9],[24,-36],[2,-16]],[[24692,27442],[-15,2],[-169,-1]],[[24508,27443],[-418,-2]],[[24090,27441],[0,227]],[[24090,27668],[-1,119]],[[24507,29030],[140,0]],[[24647,29030],[70,1]],[[24717,29031],[-7,-54],[-7,-20],[13,-5],[0,-149]],[[24716,28803],[-39,-4],[-25,-15],[-18,11],[-36,8],[-92,-1]],[[24506,28802],[1,112]],[[24507,28914],[0,116]],[[24716,28803],[209,0]],[[24925,28803],[-1,-100],[-3,-13],[-1,-115]],[[24920,28575],[-68,2],[-46,8],[-5,-10],[-59,1],[-12,8],[-16,-7]],[[24714,28577],[3,75],[-11,38],[9,41],[1,72]],[[25135,27673],[52,1]],[[25187,27674],[0,-24],[40,0],[0,-89],[11,0],[-1,-113]],[[25237,27448],[-104,-1]],[[25133,27447],[2,226]],[[25187,27674],[90,1],[65,-1]],[[25342,27674],[-1,-169]],[[25341,27505],[0,-57]],[[25341,27448],[-104,0]],[[25133,27389],[0,58]],[[25341,27448],[-1,-113]],[[25340,27335],[-1,-113]],[[25132,27220],[1,169]],[[25548,27337],[206,2],[0,105]],[[25754,27444],[1,15]],[[25755,27459],[29,-38],[49,-81],[64,-113]],[[25897,27227],[-38,0]],[[25859,27227],[-105,-1]],[[25754,27226],[-207,-2]],[[25547,27224],[1,113]],[[25548,27450],[167,1],[39,-7]],[[25548,27337],[0,113]],[[25341,27505],[104,1],[0,-57],[103,1]],[[25548,27337],[-208,-2]],[[27800,28359],[52,24]],[[27852,28383],[49,27],[14,22],[21,49],[27,27]],[[27963,28508],[-1,-57],[105,0]],[[28067,28451],[-1,-92]],[[28066,28359],[-228,0]],[[27838,28359],[-38,0]],[[28066,28359],[-2,-226]],[[28064,28133],[-106,0]],[[27958,28133],[-105,-1]],[[27853,28132],[0,80],[-15,0],[0,147]],[[27644,28474],[52,-1],[3,-51],[17,-5],[123,-1],[13,-2],[0,-31]],[[27800,28359],[-159,1]],[[27641,28360],[3,114]],[[27601,28586],[154,1],[90,-1],[118,0]],[[27963,28586],[0,-78]],[[27644,28474],[-6,35],[-25,47],[-12,30]],[[27437,29041],[152,0]],[[27589,29041],[0,-153],[2,-75]],[[27591,28813],[2,-182],[8,-45]],[[27601,28586],[-162,2],[-1,225]],[[27438,28813],[-3,148],[2,80]],[[27589,29041],[369,-1]],[[27958,29040],[4,-227]],[[27962,28813],[-277,-1],[-94,1]],[[34105,21645],[90,-1],[13,11]],[[34208,21655],[0,-123]],[[34208,21532],[0,-114]],[[34208,21418],[0,-112],[-50,0]],[[34158,21306],[-51,62],[-38,52],[-122,157],[-54,60]],[[33893,21637],[24,9],[188,-1]],[[34208,21532],[154,-1]],[[34362,21531],[1,-57],[-53,0],[1,-56]],[[34311,21418],[-103,0]],[[33688,21750],[11,31]],[[33699,21781],[127,-80],[17,-21],[50,-43]],[[33893,21637],[-7,-9],[11,-43],[0,-278]],[[33897,21307],[0,-57]],[[33897,21250],[-2,-111]],[[33895,21139],[-66,5],[-140,-1]],[[33689,21143],[4,64],[137,1],[-6,8],[0,44],[-22,1],[-29,16],[-36,5],[-37,20],[-70,57],[-24,28],[-11,25],[-4,58],[2,28],[12,53],[2,22],[15,46],[14,15],[32,62],[20,54]],[[34158,21306],[-27,-1],[-234,2]],[[26063,25416],[40,36],[46,-56]],[[26149,25396],[13,-21],[8,-32],[-1,-154]],[[26169,25189],[-105,-1]],[[26064,25188],[0,57],[-53,0],[0,56],[-52,3],[-1,55],[105,1],[0,56]],[[24676,27503],[275,-337]],[[24951,27166],[-9,-10],[-34,28],[-26,4],[29,-35],[13,-24],[1,-24],[1,-112]],[[24926,26993],[-208,-2]],[[24718,26991],[-1,226]],[[24717,27217],[0,207],[-25,18]],[[24509,26989],[209,2]],[[24926,26993],[2,-227]],[[24928,26766],[-1,0]],[[24927,26766],[-416,-2]],[[24511,26764],[-1,144],[-1,81]],[[24927,26766],[0,-226]],[[24927,26540],[1,-227],[-1,-117]],[[24927,26196],[-415,-3]],[[24512,26193],[3,118],[-2,224],[-2,229]],[[24920,28575],[5,0]],[[24925,28575],[-1,-82],[1,-142]],[[24925,28351],[-1,-160]],[[24924,28191],[-182,159]],[[24742,28350],[-31,27]],[[24711,28377],[3,16],[0,70],[44,0],[-1,45],[-43,1],[0,68]],[[24506,28802],[-2,-225]],[[24504,28577],[-21,-2]],[[24483,28575],[-141,121],[-124,108]],[[24218,28804],[13,-3],[63,0],[0,113],[213,0]],[[23879,29022],[87,1]],[[23966,29023],[150,-131],[102,-88]],[[24218,28804],[-132,-3]],[[24086,28801],[-132,-1],[-6,-12],[-40,13],[-31,0]],[[23877,28801],[2,221]],[[24086,28801],[-2,-113],[-12,0],[-1,-69],[12,0],[0,-70]],[[24083,28549],[-127,-7],[-54,-1]],[[23902,28541],[0,22],[-27,78],[2,160]],[[24166,28125],[35,44],[95,125],[114,154]],[[24410,28448],[67,-59],[10,-14],[16,-56],[0,-82]],[[24503,28237],[-1,-111]],[[24502,28126],[-336,-1]],[[24642,29220],[15,3],[12,21],[-6,28],[0,59],[28,59],[12,4],[-20,-54],[54,-9],[-14,-32],[-21,9],[0,24],[-21,4],[-6,-13],[4,-59],[54,-24],[9,24],[-3,19],[23,51],[12,59],[62,-44],[12,-11],[3,-87]],[[24851,29251],[1,-137],[3,-83]],[[24855,29031],[-138,0]],[[24647,29030],[-3,14],[-2,176]],[[25965,27681],[210,3]],[[26175,27684],[0,-171]],[[26175,27513],[-1,-142]],[[26174,27371],[-207,-2],[1,70],[-3,43],[0,199]],[[25900,27679],[65,2]],[[26174,27371],[0,-139]],[[26174,27232],[-22,-9],[-32,6],[-216,-2]],[[25904,27227],[-5,12],[1,158],[-1,197],[1,85]],[[26177,28133],[123,1]],[[26300,28134],[87,0]],[[26387,28134],[0,-225]],[[26387,27909],[-212,0]],[[26175,27909],[2,224]],[[26387,27909],[-1,-226]],[[26386,27683],[-85,1]],[[26301,27684],[-74,-1]],[[26227,27683],[-52,1]],[[26175,27684],[0,225]],[[27962,28813],[-1,-66],[2,-161]],[[28271,28816],[5,20],[0,197]],[[28276,29033],[59,4],[149,0]],[[28484,29037],[1,-223]],[[28485,28814],[-81,-1],[-47,2],[-74,-2],[-12,3]],[[28484,29037],[162,0]],[[28646,29037],[-1,-28],[10,-23],[28,-26],[10,-28],[0,-111]],[[28693,28821],[0,-131]],[[28693,28690],[-56,-1],[-5,-16],[-43,0],[1,27],[-61,0],[-14,15],[-29,-19]],[[28486,28696],[-1,118]],[[28693,28690],[1,-105]],[[28694,28585],[-208,2]],[[28486,28587],[0,29]],[[28486,28616],[3,49],[-3,31]],[[28486,28616],[-211,-2]],[[28275,28614],[0,161],[-4,41]],[[28646,29037],[101,-3],[104,1]],[[28851,29035],[0,-29],[11,-24],[26,-26],[14,-28],[0,-117]],[[28902,28811],[-92,2],[-36,7],[-81,1]],[[28851,29035],[59,-1]],[[28910,29034],[200,-1],[1,-224]],[[29111,28809],[-209,2]],[[29111,28809],[0,-85],[4,-141]],[[29115,28583],[-212,2]],[[28903,28585],[-1,226]],[[34158,21306],[42,-57],[67,-85],[30,-45],[28,-30],[186,-236],[2,-4]],[[34513,20849],[-3,0],[-408,6]],[[34102,20855],[0,225]],[[34102,21080],[2,169],[-207,1]],[[33895,21139],[0,-59],[207,0]],[[34102,20855],[-120,1],[-89,-1]],[[33893,20855],[1,83],[-131,-4],[-29,-30],[-38,-14],[0,-30],[-36,9],[-16,-10],[-46,-51],[-9,6],[32,32],[1,41],[1,176],[17,18],[40,-1],[10,7],[-1,56]],[[32348,21982],[80,-1],[-1,-210]],[[32427,21771],[-118,2]],[[32309,21773],[1,142],[38,0],[0,67]],[[32222,21983],[126,-1]],[[32309,21773],[-89,2]],[[32220,21775],[0,108],[2,100]],[[25541,25413],[104,2]],[[25645,25415],[192,-1],[85,1]],[[25922,25415],[1,0]],[[25923,25415],[1,-170],[35,0],[0,-57]],[[25959,25188],[-160,-1]],[[25799,25187],[-259,-2]],[[25540,25185],[1,228]],[[25923,25415],[71,4],[37,19]],[[26031,25438],[6,-22],[26,0]],[[26064,25188],[-105,0]],[[24093,26761],[208,2]],[[24301,26763],[210,1]],[[24512,26193],[-422,-2]],[[24090,26191],[4,120],[-1,302],[0,148]],[[19079,28406],[31,21],[33,44],[6,18],[39,40],[28,20],[41,19],[117,46],[37,28],[60,17],[56,-14],[29,-17],[12,-41],[28,-55],[10,-33],[22,-31],[30,-18],[16,-1],[68,16],[39,4],[30,19],[51,20],[32,25],[29,16],[21,23],[30,9]],[[19974,28581],[6,-20],[-7,-29],[-42,-13],[-22,-2],[0,-182],[1,-82],[4,-598]],[[19914,27655],[3,-455],[2,-227],[2,-226]],[[19921,26747],[-420,-1]],[[19501,26746],[-419,0]],[[19082,26746],[-419,-1],[-3,226],[-3,454],[-2,276],[-3,404],[150,1],[67,-1],[203,0],[-3,226],[10,75]],[[20749,26747],[1052,1],[615,1],[427,3]],[[22843,26752],[-1,-406],[-2,-164]],[[22840,26182],[-2,-336],[-1,-226]],[[22837,25620],[0,-226]],[[22837,25394],[-169,-3],[-658,-4],[-226,-2],[-268,-1],[-347,1],[-419,-1]],[[20750,25384],[2,227]],[[20752,25611],[1,227],[-3,453],[-1,456]],[[19910,24927],[107,2],[308,1]],[[20325,24930],[140,1],[279,-1],[6,454]],[[22837,25394],[0,-249],[-1,-74],[2,-568],[0,-16]],[[22838,24487],[-224,-2],[-188,-2],[-421,-1],[-3,-454]],[[22002,24028],[-9,0],[-674,-2],[-158,-1],[-226,-1],[-188,-2],[-368,-2],[-68,0],[-345,-1],[-64,-1],[5,455],[3,322],[0,132]],[[24851,29251],[167,1],[272,5],[54,-1]],[[25344,29256],[0,-226]],[[25344,29030],[-210,-2]],[[25134,29028],[-210,0],[-69,3]],[[25134,29028],[-1,-224]],[[25133,28804],[-208,-1]],[[24925,28803],[-1,107],[-10,23],[-40,31],[-15,18],[-4,49]],[[25344,29030],[-1,-226]],[[25343,28804],[0,-226]],[[25343,28578],[-171,-1],[-38,1]],[[25134,28578],[-1,226]],[[25344,29030],[96,0]],[[25440,29030],[64,-7],[49,-1]],[[25553,29022],[0,-217]],[[25553,28805],[-210,-1]],[[25134,28578],[-145,-1],[-64,-2]],[[25553,28805],[-1,-56],[0,-170]],[[25552,28579],[-209,-1]],[[25343,28578],[0,-226],[-104,-1]],[[25239,28351],[-314,0]],[[26439,27683],[158,1]],[[26597,27684],[-3,-228]],[[26594,27456],[-2,-225]],[[26592,27231],[-104,2]],[[26488,27233],[-40,0]],[[26448,27233],[1,141],[30,-5],[9,25],[1,62]],[[26489,27456],[19,0],[0,106],[-28,3],[0,51],[-42,0],[1,67]],[[26227,27683],[2,-56],[51,-1],[0,-83],[-53,-2],[0,-28],[-52,0]],[[26386,27683],[53,0]],[[26489,27456],[-175,0]],[[26314,27456],[0,106],[-13,122]],[[26594,27456],[80,0]],[[26674,27456],[130,1]],[[26804,27457],[-3,-226]],[[26801,27231],[-105,-1],[-104,1]],[[26597,27684],[209,1]],[[26806,27685],[0,-89]],[[26806,27596],[-20,3],[-34,-50],[-25,21],[-34,-49],[-19,-7],[0,-58]],[[26806,27596],[34,32],[71,0],[-2,-170]],[[26909,27458],[-105,-1]],[[28903,28585],[-93,2],[-116,-2]],[[28903,28585],[-1,-226]],[[28902,28359],[-209,2]],[[28693,28361],[1,224]],[[29115,28583],[-1,-227]],[[29114,28356],[-212,3]],[[29114,28356],[-1,-223]],[[29113,28133],[-212,2]],[[28901,28135],[1,224]],[[28486,28587],[1,-103],[-2,-124]],[[28485,28360],[-216,0]],[[28269,28360],[0,42],[9,14],[-3,198]],[[28693,28361],[-208,-1]],[[28693,28361],[1,-160],[0,-65]],[[28694,28136],[-207,0],[-107,-3],[-111,0]],[[28269,28133],[0,227]],[[28268,28019],[1,114]],[[28694,28136],[-4,-118],[0,-112]],[[28690,27906],[-218,0]],[[28472,27906],[-156,1],[-48,13]],[[30352,23598],[194,0],[432,1],[-2,-225],[-131,0],[83,-92],[-28,-12],[-70,-34],[-11,-10],[-22,-41],[4,-37],[-240,3],[-20,3],[-192,2]],[[30349,23156],[3,442]],[[30347,20885],[163,-2]],[[30510,20883],[43,1],[1,-31],[0,-199]],[[30554,20654],[-207,2]],[[30347,20656],[0,229]],[[30554,20654],[-1,-314],[6,-26],[-10,-11]],[[30549,20303],[-164,202],[-66,81]],[[30319,20586],[23,23],[5,47]],[[30139,20886],[208,-1]],[[30319,20586],[-244,301]],[[30075,20887],[64,-1]],[[29516,21796],[41,1],[62,-5],[162,0],[146,4],[344,-3],[77,-1]],[[30348,21792],[-1,-135],[1,-319]],[[30348,21338],[-208,1]],[[30140,21339],[-207,1],[0,-108],[2,-65]],[[29935,21167],[-1,-108]],[[29934,21059],[-226,278],[-56,66],[-135,169]],[[29517,21572],[-183,224]],[[29334,21796],[182,0]],[[30348,21338],[0,-152]],[[30348,21186],[-104,1],[0,-34],[-104,0]],[[30140,21153],[0,14]],[[30140,21167],[0,172]],[[25239,28351],[0,-165],[14,-46],[0,-14]],[[25253,28126],[-189,1],[-62,-2]],[[25002,28125],[-78,66]],[[25912,29486],[65,0]],[[25977,29486],[134,0]],[[26111,29486],[53,0],[86,-4]],[[26250,29482],[14,17],[64,65]],[[26328,29564],[3,-76]],[[26331,29488],[0,-114]],[[26331,29374],[0,-113]],[[26331,29261],[-98,-1],[-59,-6],[-142,1],[-16,3],[1,-233]],[[26017,29025],[-45,-1]],[[25972,29024],[-61,0]],[[25911,29024],[1,113],[0,349]],[[26331,29261],[1,-39],[10,-35],[40,-76],[9,-43],[0,-32]],[[26391,29036],[-97,2],[-59,-2],[-54,-6]],[[26181,29030],[-164,-5]],[[26458,29697],[230,231],[17,11]],[[26705,29939],[43,1]],[[26748,29940],[1,-225]],[[26749,29715],[0,-229]],[[26749,29486],[-204,3]],[[26545,29489],[-7,87],[-14,47],[-32,46],[-34,28]],[[26353,29755],[105,-58]],[[26545,29489],[-214,-1]],[[26328,29564],[-6,61],[-22,35],[22,31],[31,64]],[[27015,27458],[1,227]],[[27016,27685],[72,0],[78,10],[57,-2]],[[27223,27693],[211,-5],[106,-1]],[[27540,27687],[-1,-232],[-98,0],[-8,-41],[0,-186]],[[27433,27228],[-210,2]],[[27223,27230],[0,85],[105,-2],[1,86],[-262,1],[-52,1]],[[27015,27401],[0,57]],[[27223,27230],[-210,2]],[[27013,27232],[2,169]],[[26808,27910],[209,0]],[[27017,27910],[-1,-225]],[[27016,27685],[-210,0]],[[26806,27685],[2,225]],[[26598,27909],[210,1]],[[26597,27684],[2,157],[-1,68]],[[26387,27909],[211,0]],[[26834,28136],[184,0]],[[27018,28136],[-1,-226]],[[26808,27910],[2,28],[44,58],[5,14],[-25,1],[0,125]],[[26387,28134],[211,1]],[[26598,28135],[236,1]],[[28690,27906],[-1,-101],[1,-126]],[[28690,27679],[-158,0]],[[28532,27679],[-8,49],[-26,28],[-19,-1],[-56,-12],[7,21],[41,8],[1,134]],[[28532,27679],[-60,1]],[[28472,27680],[-64,-1],[-58,-21],[-82,-3]],[[28268,27655],[0,214]],[[28690,27679],[-1,-44]],[[28689,27635],[0,-126]],[[28689,27509],[-33,17],[-60,0]],[[28596,27526],[0,71],[-104,0],[0,-48]],[[28492,27549],[-21,0],[1,131]],[[28689,27509],[0,-58]],[[28689,27451],[-1,-103]],[[28688,27348],[-23,0],[0,46]],[[28665,27394],[-2,22],[-66,1],[0,43],[-24,0],[-13,-7],[-55,5],[-14,16],[0,52],[70,-1],[13,-6],[22,7]],[[28665,27394],[-68,-1],[-1,-67],[-105,-1],[-1,-100]],[[28490,27225],[-37,1]],[[28453,27226],[0,113],[27,1],[1,198],[11,11]],[[30348,21186],[0,-18]],[[30348,21168],[-1,-113]],[[30347,21055],[0,-170]],[[30139,20886],[1,267]],[[30347,21055],[115,-2],[0,12],[109,-1]],[[30571,21064],[-9,-47],[-21,-53],[-12,-21],[-19,-60]],[[25959,24961],[210,0]],[[26169,24961],[1,-227]],[[26170,24734],[-124,-1],[-87,1],[0,227]],[[25539,24958],[105,3],[156,0]],[[25800,24961],[159,0]],[[26170,24734],[-1,-339],[-191,-1],[-34,0],[-403,-3],[0,113]],[[25541,24504],[-1,340],[-1,114]],[[27225,27910],[314,-2]],[[27539,27908],[2,-206],[-1,-15]],[[27223,27693],[2,217]],[[26388,28359],[0,226]],[[26388,28585],[210,2]],[[26598,28587],[0,-227]],[[26598,28360],[-105,-1],[0,-112],[-106,0]],[[26387,28247],[1,112]],[[26388,28810],[211,0]],[[26599,28810],[-1,-223]],[[26388,28585],[0,225]],[[26599,28810],[210,2]],[[26809,28812],[0,-224]],[[26809,28588],[-211,-1]],[[26809,28812],[142,1],[67,-1]],[[27018,28812],[1,-223]],[[27019,28589],[-172,-1]],[[26847,28588],[-38,0]],[[26391,29036],[96,-5],[112,0]],[[26599,29031],[0,-221]],[[26388,28810],[0,114],[3,112]],[[28453,27226],[-183,-1]],[[28270,27225],[-2,178],[0,252]],[[28689,27451],[209,0]],[[28898,27451],[0,-227],[-209,2]],[[28689,27226],[-1,122]],[[26169,24961],[0,228]],[[26169,25189],[170,-1],[225,3]],[[26564,25191],[46,-55],[142,-174]],[[26752,24962],[-68,-3],[-116,2],[-62,2],[9,-21],[30,-2],[35,-35],[8,-32],[0,-137]],[[26588,24736],[-284,-2],[-134,0]],[[26379,25417],[185,-226]],[[26149,25396],[31,20],[131,0],[20,18],[13,-17],[35,0]],[[29109,27535],[22,-10],[127,-33],[60,-11]],[[29318,27481],[0,-257],[-209,2]],[[29109,27226],[-1,225]],[[29108,27451],[1,84]],[[31440,19117],[47,-52]],[[31487,19065],[113,-122],[75,-90],[58,-74],[22,-30]],[[31755,18749],[-21,-22]],[[31734,18727],[-75,-2],[-171,3],[-2,183]],[[31486,18911],[-1,102],[-10,17],[-36,36],[1,51]],[[26583,20887],[835,4],[710,-1],[135,-1]],[[28263,20889],[417,0],[3,-460],[-6,-266],[-2,-186]],[[28675,19977],[-936,5],[-295,2],[-273,-1],[-382,2],[-208,0]],[[26581,19985],[3,371],[0,214],[-1,317]],[[28684,21797],[492,-3],[158,2]],[[29517,21572],[-17,-18],[17,-25],[1,-161]],[[29518,21368],[-1,-252],[-3,-221],[-2,-363],[-2,-425],[0,-129]],[[29510,19978],[-264,0],[-192,-1],[-379,0]],[[28263,20889],[2,454],[417,0],[2,454]],[[29510,19978],[112,-1],[314,0],[407,-3]],[[30343,19974],[1,-222],[-2,-101],[1,-87],[-2,-359],[-1,-380],[-2,-658]],[[30338,18167],[-253,0],[-168,2],[-414,0],[-606,1],[-227,1]],[[28670,18171],[-2,234],[2,221],[0,80],[1,367],[2,398],[2,506]],[[28436,29491],[209,-2]],[[28645,29489],[209,0]],[[28854,29489],[-1,-226],[-414,1]],[[28439,29264],[-3,34],[0,193]],[[28854,29489],[210,0]],[[29064,29489],[209,-1]],[[29273,29488],[218,-1]],[[29491,29487],[-272,-205]],[[29219,29282],[-65,-49],[-31,-20],[-61,-31],[-1,-43],[-12,2],[-139,-107]],[[28484,29037],[0,19],[-11,25],[-27,28],[-8,48],[1,107]],[[28228,29032],[48,1]],[[28275,28614],[-102,0],[0,-28],[-105,0]],[[28068,28586],[0,113],[-55,-1],[-1,22],[18,23],[2,15],[59,65],[29,42],[51,91],[18,19],[29,20],[9,15],[1,22]],[[30343,19974],[336,0]],[[30679,19974],[142,-3]],[[30821,19971],[182,-225],[159,-194]],[[31162,19552],[-19,-25],[2,-21],[21,-55],[0,-30]],[[31166,19421],[0,-354],[3,-225]],[[31169,18842],[2,-239],[1,-182],[-1,-263]],[[31171,18158],[-105,1],[-53,5],[-210,1],[-465,2]],[[26579,19419],[0,112],[2,352],[0,102]],[[28670,18171],[-228,0],[-290,2],[-350,1],[-459,1],[-437,-2],[-61,1]],[[26845,18174],[-182,0],[-235,-1],[-268,-1]],[[26160,18172],[0,194],[1,259],[116,0],[300,2],[3,410],[-1,382]],[[24072,19975],[1,453],[2,445],[419,3],[418,5]],[[24912,20881],[210,1],[68,-1],[132,0],[9,3]],[[25331,20884],[0,-78],[0,-218],[2,-526],[0,-83]],[[25333,19979],[-208,0],[-3,453],[-212,-1],[-1,-253],[152,-174],[18,-25]],[[25079,19979],[-589,-3],[-3,-453],[418,3]],[[24905,19526],[-3,-454],[-2,-489],[-2,-416]],[[24898,18167],[-277,-1],[-276,-1],[-281,-1]],[[24064,18164],[2,279],[1,429],[1,155],[1,278],[3,670]],[[28017,29265],[422,-1]],[[28228,29032],[-66,0],[-84,5]],[[28078,29037],[-83,95],[15,22],[7,26],[0,85]],[[27585,29493],[67,2],[156,-1]],[[27808,29494],[-1,-227]],[[27807,29267],[-220,0]],[[27587,29267],[-2,226]],[[25493,26768],[0,-226]],[[25493,26542],[-32,0]],[[25461,26542],[-184,224]],[[25277,26766],[216,2]],[[31188,24049],[103,4],[163,-1],[106,3],[124,-3],[88,1]],[[31772,24053],[138,0],[38,-2],[51,-34],[14,-17],[11,-32],[0,-50],[10,-33],[15,-18],[43,-35],[28,-12],[142,-2]],[[32262,23818],[4,-52],[-15,-96],[8,-51],[12,-20],[4,-42],[18,-38],[22,-12],[21,-1],[43,28],[14,-2],[51,-55],[55,-12],[18,-14],[26,-61],[9,-35],[19,-28],[62,-37],[27,1],[35,30],[23,1],[48,-20],[31,-5],[51,0],[43,-11],[93,-6],[162,-81],[118,98],[163,-179],[60,2],[40,12],[37,16],[41,-8],[18,6],[26,-15],[21,-21],[22,-33],[-2,-34],[-7,-20],[-49,-65],[-23,-57],[-13,-22],[3,-43],[8,-28],[-1,-30],[12,-28],[7,-36],[-2,-24],[12,-32]],[[33637,22658],[-64,7],[-222,4],[-489,3],[-210,4],[-1,6],[-271,-3],[-153,3]],[[32227,22682],[-229,3],[-179,4],[-297,4],[-342,1]],[[31180,22694],[2,305],[0,148],[5,443],[1,459]],[[24768,16350],[184,2],[2,-360],[-23,0],[-15,-7],[-151,-5]],[[24765,15980],[0,147],[-207,-5],[1,225],[107,3],[102,0]],[[6641,32636],[561,-395],[174,-120],[118,-86],[231,-151],[196,-143],[119,-62],[154,-95]],[[8194,31584],[-1,-177],[4,-76],[-2,-38],[-17,-60],[-22,-51],[-5,-32],[-1,-58],[0,-339],[3,-40],[16,-43],[11,-18],[44,-54],[17,-38],[6,-56],[1,-147],[-1,-135],[2,-299],[-4,-416],[3,-358],[-2,-28],[-43,-174],[-19,-83],[-2,-112],[-8,-706],[-12,-860]],[[8162,27186],[-637,5],[-208,2],[-204,0],[-315,-2],[-222,0],[-474,-2],[-32,-5],[-81,0],[-278,2],[-480,-5],[-365,-1],[-76,-1],[-208,0],[-185,-2],[-19,4],[-90,43],[-155,70],[-145,65],[-73,34],[-58,26],[-20,5],[-136,17],[-115,18],[-139,32],[-25,-7],[-30,-30],[-40,-22],[-64,14],[-74,-4],[-65,-23],[-73,-33],[-42,4],[-94,47],[-33,14],[-58,-10],[-122,-1],[-99,-47],[-46,0],[-29,-23],[-118,-145],[-21,-13],[-55,-4],[-46,-9],[-54,8],[-58,-14],[-42,-16],[-78,10],[-44,-8],[-65,-6],[-30,-13],[-58,-65],[-22,-19],[-37,-93],[-71,-129],[-16,-21],[-15,-31],[-33,-81],[-23,-70],[-34,-30],[-47,-19],[-66,-42],[-46,-57],[-65,-33],[-39,-41],[-7,-20],[9,-41],[27,-27],[3,-16],[-9,-26],[-40,-30],[-38,-38],[-13,-4],[-45,-1],[-92,-50],[-19,-13],[6,-52],[-3,-21],[-42,-91],[18,-91],[-2,-135],[-3,-28],[-22,-106],[0,-21],[21,-55],[9,-40],[47,-95],[13,-19],[12,-37],[43,-93],[37,-111],[32,-83],[23,-61],[28,-33],[47,-157],[3,-43],[-11,-37],[10,-77],[11,-30],[20,-79],[25,-53],[-6,-66],[-7,-20]],[[1455,24429],[-81,90],[-312,332],[-71,70],[-184,199],[-264,287],[-155,168],[-388,433],[216,228],[50,70],[209,221],[516,549],[52,68],[162,178],[22,26],[197,218],[611,662],[10,10],[498,538],[663,723],[202,222],[69,76],[122,134],[248,275],[133,143],[298,326],[228,245],[182,196],[318,343],[725,784],[366,394],[152,-2],[300,-2],[92,3]],[[26798,25641],[105,-1]],[[26903,25640],[-1,-168],[-1,-28],[-103,0]],[[26798,25444],[0,197]],[[24927,26540],[203,0]],[[25130,26540],[1,-169],[-1,-56]],[[25130,26315],[0,-119]],[[25130,26196],[-203,0]],[[25547,27224],[-156,-1]],[[26598,28360],[159,1]],[[26757,28361],[0,-100]],[[26757,28261],[-63,-1],[-7,-12],[-89,2]],[[26598,28250],[0,110]],[[27539,27908],[105,-1]],[[27644,27907],[-4,-135],[0,-87]],[[27640,27685],[-100,2]],[[25655,25964],[59,0],[8,-4],[1,-60],[33,0],[0,-73],[96,-118],[62,60],[8,5],[49,-61]],[[25971,25713],[-72,-69]],[[25899,25644],[-60,-2]],[[25839,25642],[-187,-1]],[[25652,25641],[4,226],[-1,97]],[[22838,24487],[0,-339],[-1,-115],[623,5],[128,2],[145,1],[353,1],[1,-225],[1,-226],[399,2],[20,-1]],[[24507,23592],[-2,-450],[-4,-454],[209,1],[211,3],[-2,-454]],[[24919,22238],[-2,-225],[-1,-227]],[[24916,21786],[-209,-2],[-586,-5],[-670,-6],[-209,-3]],[[23242,21770],[1,138],[-1,160],[-267,303],[-87,99],[-104,117],[-372,422],[-140,158],[-64,70],[-52,48],[-214,241]],[[21942,23526],[38,43],[16,38],[5,55],[1,366]],[[24916,21786],[-3,-684],[-1,-221]],[[24072,19975],[-794,-3],[-473,-1],[0,453],[-412,0],[2,432],[6,785],[0,121],[435,5],[406,3]],[[24919,22238],[253,2],[369,2],[501,0],[543,3]],[[26585,22245],[-1,-453]],[[26584,21792],[1,-453],[-2,-452]],[[26583,20887],[-543,-1],[-81,-1],[-420,-1],[-208,0]],[[26593,26321],[104,1]],[[26697,26322],[10,0]],[[26707,26322],[-2,-227]],[[26705,26095],[-111,-1]],[[26594,26094],[-2,86],[1,141]],[[25754,27226],[0,-114]],[[25754,27112],[-208,-2]],[[25546,27110],[1,114]],[[28016,29492],[420,-1]],[[28017,29265],[-1,227]],[[25971,28731],[79,-1],[29,12],[1,66],[8,0]],[[26088,28808],[92,0]],[[26180,28808],[-2,-225]],[[26178,28583],[-208,-1]],[[25970,28582],[1,149]],[[31811,24732],[144,0]],[[31955,24732],[65,0],[297,-7],[44,-4],[187,-4],[62,7],[24,-2]],[[32634,24722],[22,-4]],[[32656,24718],[-39,-45],[-51,-39],[-27,-29],[-47,-115],[3,-52],[-18,-53],[-15,-77],[-14,-45],[-27,-45],[-23,-45],[-39,-40],[-10,-40],[1,-27],[-9,-49],[-22,-29],[-41,-43],[-15,-27],[-4,-34],[3,-66]],[[31772,24053],[-31,209],[-14,89],[-24,154]],[[31703,24505],[110,1],[-2,113],[0,113]],[[31671,24731],[140,1]],[[31703,24505],[-32,226]],[[30348,21792],[231,-2],[77,-3],[101,-2],[207,0],[214,2]],[[31178,21787],[-1,-453],[0,-226],[-3,-456]],[[31174,20652],[-1,-232],[-2,-453],[-3,-395],[-3,-17]],[[31165,19555],[-3,-3]],[[30821,19971],[-88,106],[-79,98],[-105,128]],[[30571,21064],[4,33],[30,58],[11,51],[20,34],[61,96],[-206,0]],[[30491,21336],[-143,2]],[[19141,20491],[139,141],[187,194],[422,461],[239,262],[182,198],[418,456],[112,121],[408,444],[87,94],[237,259],[216,245],[154,160]],[[24064,18164],[-136,-2],[-698,-6],[-554,-3]],[[22676,18153],[-371,-3],[-47,-2],[-627,-2],[-81,0],[-214,-2],[-36,-18],[-98,-77]],[[21202,18049],[-38,48],[-13,6],[-15,-12],[-56,-8],[-31,18],[-16,2],[-27,-8],[-48,15],[-48,8],[-25,36],[-24,18],[1,25],[-45,73],[-34,33],[-9,21],[-12,10],[-31,6],[-35,32],[-13,52],[-36,10],[-15,-38],[-26,2],[-18,16],[-32,4],[-17,27],[-20,2],[-29,15],[-15,2],[-24,21],[-31,19],[-49,104],[-32,32],[-53,35],[-70,30],[-38,28],[-26,31],[-19,32],[-8,77],[-47,47],[-1,18],[-29,36],[-32,24],[-21,50],[-29,40],[-21,43],[-15,15],[-26,11],[-19,34],[1,171],[-2,26],[-21,35],[-18,55],[-11,16]],[[19834,19494],[-43,117],[-16,37],[-52,46],[-27,42],[-104,205],[0,12],[-24,28],[-6,16],[-52,60],[-35,90],[-12,20],[-32,33],[-216,209],[-15,18],[-37,32],[-22,32]],[[12516,7162],[37,1],[209,-1],[37,1]],[[12799,7163],[72,0],[10,-4]],[[12881,7159],[-68,-96],[-88,-125]],[[12725,6938],[-209,-2],[-1,108],[1,118]],[[25971,25713],[115,108]],[[26086,25821],[101,-123]],[[26187,25698],[50,-62]],[[26237,25636],[-135,-129],[-71,-69]],[[26031,25438],[-152,186],[20,20]],[[26695,25415],[103,0]],[[26798,25415],[208,0]],[[27006,25415],[81,0]],[[27087,25415],[130,0]],[[27217,25415],[-1,-226]],[[27216,25189],[-125,0]],[[27091,25189],[-174,0],[0,-90],[-120,0],[0,-109],[-46,0],[21,-28]],[[26772,24962],[-20,0]],[[26379,25417],[62,-1],[254,-1]],[[27091,25189],[0,-26],[-21,0],[-1,-84],[-4,-3],[0,-112]],[[27065,24964],[-59,0],[1,-31],[-106,0],[-1,-72],[-17,0],[-35,39],[-50,62],[-26,0]],[[27065,24964],[151,-3]],[[27216,24961],[0,-450],[-94,-1]],[[27122,24510],[-15,16],[-355,436]],[[27216,24961],[0,228]],[[27216,25189],[212,1]],[[27428,25190],[-1,-57],[3,-137],[-1,-260]],[[27429,24736],[-1,-225],[-4,-225],[-2,-145]],[[27422,24141],[-118,147],[-182,222]],[[26798,25867],[60,-1]],[[26858,25866],[72,0]],[[26930,25866],[-2,-226]],[[26928,25640],[-25,0]],[[26798,25641],[0,226]],[[26012,18173],[148,-1]],[[26845,18174],[-20,-464],[0,-225],[-1,-89],[0,-313],[2,-729],[310,0],[102,-1],[420,0],[417,-1]],[[28075,16352],[1,-177]],[[28076,16175],[-20,-24],[-25,-52],[-6,-22],[1,-30],[-10,-28],[-21,-26],[-46,-18],[-27,-3],[-38,5],[-27,-2],[-43,-19],[-37,-10],[-36,9],[-27,12],[-79,54],[-28,10],[-45,0],[-29,-23],[-20,-39],[-16,-60],[-29,-26],[-30,5],[-24,45],[-27,12],[-25,-2],[-31,-18],[-27,-7],[-69,0],[-35,-8],[-19,-12],[-30,-37],[-14,-25],[-11,-48],[-12,-24],[-20,-22],[-35,-74],[21,-61],[3,-85],[-21,-50],[-20,-27],[-25,4],[-304,0],[-717,1]],[[25996,15450],[-2,453],[0,138],[-1,333],[0,111],[-1,96],[-30,0],[33,227],[-30,0],[0,27],[20,33],[5,16],[-3,292],[3,439],[0,99],[17,339],[5,120]],[[37142,22443],[59,-49],[35,-33],[98,-85],[109,-91]],[[37443,22185],[0,-22]],[[37443,22163],[-183,3],[-91,3],[-61,0]],[[37108,22169],[0,47],[31,-1],[0,88],[3,140]],[[32427,21771],[221,2],[92,-2],[535,-5],[289,-3],[70,3],[22,-3],[32,-13]],[[33893,20855],[-197,-1],[-196,-218],[-21,-19],[-330,-340]],[[33149,20277],[-1,138],[48,0],[5,6],[8,219],[-674,4],[-114,0]],[[32421,20644],[-1,221],[5,650],[2,256]],[[24765,15980],[-23,8],[-63,-6],[-39,-77],[-18,-68],[-11,-182],[-23,-17],[-31,-3],[-128,27],[-80,-45],[2,731],[91,0],[-3,156],[60,1],[1,17],[-127,1],[-58,4],[-23,-3],[-20,15],[-15,34],[-14,2],[-102,-2],[-17,18],[17,11],[1,166],[-2,34],[482,2],[145,0],[1,-454]],[[24508,27443],[1,-168],[1,-59]],[[24510,27216],[-210,-1]],[[24300,27215],[-208,0]],[[24092,27215],[-2,226]],[[26598,28250],[0,-115]],[[26387,28134],[0,113]],[[24898,18167],[845,5],[269,1]],[[25996,15450],[-229,1],[-84,-1],[-489,0],[-147,1],[-282,-3],[-163,1],[-247,-1],[-334,0],[-88,2],[-1,-9],[-193,0],[-223,0],[-209,-6]],[[23307,15435],[0,8],[0,524],[0,61],[-1,315],[1,58],[-1,142],[1,70],[-1,183],[-214,-2],[-204,-4],[-210,-2],[0,600],[0,98],[-2,667]],[[24635,29492],[2,34],[25,-47],[19,-8],[24,1],[30,13],[35,33],[30,46],[-3,29],[13,37],[32,73],[33,41],[31,12],[36,5],[27,11],[37,9],[12,-4],[15,-28],[15,-51],[16,-14],[-9,-34],[14,-50],[38,-57],[41,-36],[55,-20],[76,-39],[61,-28],[16,-17],[48,-18],[7,-9],[55,-2],[54,-6]],[[25520,29368],[-14,-8],[3,-57],[17,-30]],[[25526,29273],[-25,-13],[-20,-2],[-137,-2]],[[24642,29220],[-5,26],[-68,0],[-1,26],[15,36],[44,40],[17,-3],[-7,53],[2,85],[-4,9]],[[25971,28807],[0,58]],[[25971,28865],[50,0],[3,43],[40,0],[1,-42],[23,0],[1,42],[25,0],[0,-71],[-26,0],[0,-29]],[[25971,28731],[0,76]],[[27749,27906],[0,-223]],[[27749,27683],[-109,2]],[[27808,29494],[208,-2]],[[28017,29265],[-210,2]],[[25922,25415],[-140,173],[57,54]],[[25645,25415],[7,226]],[[26668,25867],[130,0]],[[26798,25641],[-130,1]],[[26668,25642],[-1,63],[1,162]],[[27088,25867],[131,0]],[[27219,25867],[106,1]],[[27325,25868],[-2,-226]],[[27323,25642],[-105,-1]],[[27218,25641],[-132,0]],[[27086,25641],[2,226]],[[27325,25868],[12,0]],[[27337,25868],[94,0]],[[27431,25868],[0,-112]],[[27431,25756],[-1,-114]],[[27430,25642],[-107,0]],[[27430,25642],[-2,-227]],[[27428,25415],[-211,0]],[[27217,25415],[1,226]],[[28409,26320],[284,-1]],[[28693,26319],[-2,-94]],[[28691,26225],[-105,0],[0,-17],[-20,-1],[-1,-22],[-20,5],[0,54],[-65,0],[4,-48],[-67,23],[4,29],[-12,29],[0,43]],[[27958,28133],[0,-73],[-106,2]],[[27852,28062],[1,70]],[[26802,26548],[209,1]],[[27011,26549],[-1,-76],[2,-150]],[[27012,26323],[-105,-1]],[[26907,26322],[-104,0]],[[26803,26322],[-1,137],[0,89]],[[24122,29024],[222,2],[163,4]],[[23966,29023],[156,1]],[[25493,26768],[52,1]],[[25545,26769],[53,1]],[[25598,26770],[0,-170]],[[25598,26600],[0,-57]],[[25598,26543],[-105,-1]],[[27428,25415],[0,-225]],[[25966,27850],[2,281]],[[25968,28131],[209,2]],[[25965,27681],[1,169]],[[28901,28135],[-207,1]],[[26798,25444],[0,-29]],[[26695,25415],[0,43],[-28,-1],[1,185]],[[26441,25830],[11,10]],[[26452,25840],[23,20]],[[26475,25860],[17,7],[100,0]],[[26592,25867],[76,0]],[[26668,25642],[-91,0],[-16,38],[-120,150]],[[26504,26320],[89,1]],[[26594,26094],[-72,-1],[-42,6]],[[26480,26099],[16,71],[4,51],[4,99]],[[26594,26094],[0,-117]],[[26594,25977],[-2,-110]],[[26475,25860],[-4,176],[9,63]],[[26252,26319],[132,1]],[[26384,26320],[0,-112],[-2,-83],[-9,-26],[-14,-2],[-101,2]],[[26258,26099],[-4,12],[0,98],[-2,110]],[[28273,26013],[49,-2],[61,28],[17,23],[3,20],[18,-4]],[[28421,26078],[-4,-16],[20,-46],[-3,-93],[3,-46]],[[28437,25877],[-163,-12]],[[28274,25865],[-1,148]],[[19974,28581],[42,0],[30,-12],[33,-1],[24,-13],[32,-5],[17,-14],[35,-47],[18,-31],[40,-41],[88,-66],[36,-7],[42,12],[32,-4],[48,12],[45,-19],[21,3],[36,-19],[77,-9],[57,30],[17,33]],[[20744,28383],[-2,-46],[0,-229],[235,1],[0,-243],[-24,-6],[1,-203],[-399,0],[-209,-1],[-432,-1]],[[16557,25826],[149,1],[282,0],[417,2],[197,-1],[388,1],[253,1],[611,0],[225,1]],[[19079,25831],[-2,-227]],[[19077,25604],[-3,-227],[-4,-455],[420,1],[420,4]],[[19141,20491],[-5,-6],[-20,52],[-16,-1],[-60,149],[-15,30],[-59,78],[5,5],[-45,62],[-86,115],[-155,211],[-66,88],[-117,161],[-104,140],[-154,212],[-65,87],[-171,233],[-139,187],[-113,156],[-151,202],[-46,63],[-85,112],[-104,143],[-74,100],[-59,68],[-72,76],[-128,111],[-31,35],[-232,209],[-231,205],[0,16],[-16,11],[-179,161],[-234,208],[-78,67]],[[16036,24237],[143,326],[156,357],[169,387],[15,39],[17,59],[12,71],[4,47],[5,303]],[[28936,16356],[-80,-18],[-41,-15],[-37,-7],[-57,0],[-13,-5],[-28,-32],[-26,-40],[-38,-31],[-38,-16],[-82,1],[-41,-17],[-32,-26],[-67,2],[-71,12],[-56,20],[-52,45],[-14,5],[-21,-5],[-26,-17],[-40,-37]],[[28075,16352],[-1,130],[1,246],[74,-26],[27,-6],[15,-27],[21,-15],[119,-30],[84,-23],[20,-2],[54,12],[55,-4],[11,-32],[33,1],[10,-30],[31,12],[12,-40],[62,23],[90,0],[30,-17],[4,-27],[24,-1],[17,-8],[19,14],[31,-17],[45,-9],[-8,-21],[-27,-25],[-5,-22],[27,-25],[-14,-27]],[[10590,31848],[-24,3],[-430,0],[-204,-3],[-280,1],[-22,-5],[-631,3],[-96,0],[-254,1],[-23,-43],[-42,-63],[-12,-32],[-7,-37],[-5,-312],[-85,53],[-281,170]],[[6641,32636],[555,-3],[3,-1],[334,0],[80,-1],[3,201],[-2,28],[1,134],[0,542],[55,0],[0,114],[49,1],[2,40],[-10,45],[0,31],[23,66],[-20,18],[-22,10],[-18,19],[-48,-15],[-27,20],[-16,37],[-14,24],[-16,83],[-15,18],[-34,-9],[-34,13],[-28,19],[59,86],[755,806],[21,27],[57,55],[63,75],[24,14],[35,49],[260,280],[31,35],[20,-19],[10,-33],[16,-30],[44,-23],[13,-15],[3,-25],[-24,-39],[5,-35],[-2,-24],[4,-82],[-15,-24],[-32,-32],[-30,-38],[-13,-2],[-52,-42],[-36,-65],[23,-46],[35,-17],[58,-14],[46,-25],[17,-14],[22,-44],[-2,-40],[-16,-39],[17,-18],[21,-5],[19,6],[45,31],[40,4],[19,-10],[22,-47],[3,-56],[-15,-42],[-21,-48],[6,-23],[27,-22],[38,1],[19,14],[49,24],[45,9],[24,-14],[12,-32],[22,-33],[13,-8],[88,-13],[42,6],[19,-3],[51,-33],[48,-51],[13,-20],[13,-51],[2,-30],[-9,-47],[-1,-28],[9,-28],[-5,-30],[25,-32],[36,-1],[22,12],[22,27],[24,-11],[7,-23],[-26,-34],[-8,-18],[16,-31],[53,-15],[13,-26],[-2,-39],[-17,-44],[0,-26],[5,-26],[15,-29],[12,-60],[6,-50],[-6,-18],[1,-31],[6,-23],[-8,-39],[14,-50],[32,-36],[46,-36],[17,-23],[6,-19],[-3,-33],[3,-30],[26,-28],[65,12],[18,-12],[9,-18],[27,-32],[16,-11],[71,-11],[24,-22],[8,-44],[-9,-25],[-14,-14],[-46,-26],[-46,-36],[-9,-29],[4,-35],[26,-38],[72,-39],[31,-48],[61,-76],[20,-81],[37,-44],[7,-18],[6,-45],[-25,-91],[-5,-46],[10,-53],[28,-43],[14,-35],[9,-61],[18,-84],[11,-23],[21,-17],[35,-15],[33,-6],[29,2],[48,-19],[26,-35],[28,-57],[1,-40],[9,-37],[32,-34],[11,-24],[8,-49],[18,-34]],[[31171,18158],[45,0]],[[31216,18158],[-201,-208],[-208,-209],[-47,-50],[-190,-190],[-202,-200],[-240,-243],[-246,-252],[-75,-73],[-49,-53],[-98,-88],[-36,-35],[-99,-106],[-97,-104],[-96,-88],[-275,-281],[-15,-7],[-6,17],[-4,65],[-7,37],[-25,37],[-75,55],[-16,24],[-4,32],[11,20],[43,34],[1,33],[-24,31]],[[25598,26600],[157,2]],[[25755,26602],[1,-170]],[[25756,26432],[-157,-1],[-1,112]],[[12753,27394],[46,6],[49,23],[112,34],[47,11],[51,5],[31,-4],[34,-11],[26,-22],[59,-32],[67,-18],[33,15],[13,21],[5,20],[-4,33],[-7,13],[-62,43],[-17,22],[-13,32],[-6,28],[-18,55],[-18,33],[-8,24],[-3,34],[9,31],[20,18],[22,5],[28,-2],[24,-16],[8,-23],[5,-68],[22,-66],[24,-39],[25,-14],[58,10],[83,36],[23,-2],[19,-9],[17,-18],[4,-15],[-1,-64],[-25,-85],[-5,-64],[22,-40],[20,-3],[34,13],[70,62],[48,20],[69,14],[32,-22],[13,-31],[-8,-28],[-25,-27],[-14,-22],[-7,-28],[6,-42],[12,-27],[28,-29],[21,-12],[38,-3],[56,3],[41,18],[31,28],[5,19],[-6,21],[18,44],[29,5],[27,-8],[53,-48],[145,-45],[35,-19],[23,-17],[13,-25],[6,-45],[-14,-39],[-36,-14],[-83,-2],[-10,-7],[-19,-42],[1,-30],[10,-26],[46,-20],[50,10],[41,41],[29,21],[28,11],[81,3],[24,-5],[24,-26],[0,-18],[-35,-53],[-11,-46],[-1,-26],[13,-45],[20,-39],[21,-21],[29,-12],[18,0],[35,19],[8,36],[-6,30],[-26,52],[-9,68],[4,27],[12,35],[18,31],[41,23],[23,5],[55,-10],[26,-15],[18,-17],[3,-28],[-23,-66],[-3,-56],[7,-18],[24,-1],[48,28],[31,36],[28,43],[12,86],[27,33],[29,8],[15,-6],[55,-76],[20,-7],[39,17],[20,5],[38,-4],[23,15],[48,5],[39,-11],[21,-36],[49,-45],[36,-1],[27,13],[12,22],[35,92],[8,10],[44,26],[41,8],[3,-20],[11,-6],[28,-30],[30,-62],[34,-10],[33,-1],[34,-10],[33,-17],[68,-17],[29,-12],[23,-24],[17,-3],[79,17],[15,6],[18,20],[-12,43],[-38,69],[-7,78],[-21,32],[-23,58],[0,46],[6,29],[35,37],[24,12],[33,-11],[83,-4],[70,19],[23,21],[11,35],[-1,64],[13,23],[41,8],[12,22],[22,11],[35,-6],[55,16],[39,-9],[38,-4],[44,12],[30,61],[45,-7],[21,5],[47,-26],[26,-112],[-5,-58],[-11,-50],[49,-69],[19,-11],[65,-9],[26,-17],[29,-66],[25,-31],[32,-14],[35,4],[21,9],[6,21],[19,23],[34,20],[0,25],[17,26],[24,7],[20,15],[18,23],[31,54],[-22,48],[12,102],[16,48],[34,56],[77,55],[12,29],[35,62],[9,119],[5,32],[16,48],[23,19],[50,7],[11,8],[25,-4],[34,-22],[32,-49],[34,-21],[17,-45],[12,-10],[67,-23],[29,-3],[43,9],[37,20],[49,42],[73,57],[13,26],[26,15],[23,-8],[91,50],[29,35],[39,18],[24,38],[68,54],[50,15],[71,6],[14,12],[23,36],[36,16],[16,0],[25,-16],[18,7],[43,-1],[19,30],[120,29],[23,8],[67,6],[41,-7],[27,-33],[33,-6],[38,4],[36,15],[50,5],[55,25],[46,29],[20,-5],[19,5],[11,14],[6,31],[26,23]],[[19082,26746],[3,-454],[-6,-461]],[[16557,25826],[-293,-4],[-157,-3],[-298,0],[-85,1],[-491,-2],[-57,1],[-481,2],[-497,-2],[-259,0],[-240,-1],[-26,-1],[-268,-43],[-40,-4]],[[13365,25770],[-3,34],[4,24]],[[13366,25828],[5,48],[-12,47],[-26,29],[-71,42],[-71,73],[4,17],[25,8],[25,15],[19,92],[-8,61],[18,93],[-7,61],[-14,29],[-37,34],[-20,55],[13,57],[-17,20],[-41,25],[8,39],[21,44],[4,18],[-31,67],[-30,40],[-32,31],[-4,19],[-31,17],[-29,43],[-37,34],[-1,52],[-10,46],[-24,36],[-20,75],[-22,14],[-41,20],[-54,10],[-35,-15],[-40,-2],[-11,9],[5,27],[18,71],[-7,32],[5,33]],[[25860,26971],[0,29]],[[25860,27000],[166,2]],[[26026,27002],[129,-225]],[[26155,26777],[-20,0]],[[26135,26777],[-52,0]],[[26083,26777],[-79,-1]],[[26004,26776],[-74,-1]],[[25930,26775],[-70,0]],[[25860,26775],[-1,55],[1,141]],[[26431,29937],[46,1]],[[26477,29938],[228,1]],[[26353,29755],[13,21],[55,122],[10,39]],[[24928,27672],[131,-1],[76,2]],[[25133,27447],[-207,-2]],[[24926,27445],[2,227]],[[26448,27233],[-145,0]],[[26303,27233],[11,223]],[[28691,25774],[0,124]],[[28691,25898],[49,2],[161,0]],[[28901,25900],[-1,-103],[-1,-360],[-112,4],[-98,-2]],[[28689,25439],[2,173],[0,162]],[[26237,25636],[72,67],[132,127]],[[10594,29794],[116,105],[29,41],[-8,23],[-59,92]],[[10672,30055],[-9,20],[9,62],[-5,15]],[[10667,30152],[-21,55],[8,50],[10,-1]],[[10664,30256],[-5,-51],[44,-58],[126,-36],[39,-21],[-2,-61],[-8,-35],[-38,-77],[-23,-31],[-31,-15],[-23,-21],[-5,-22],[9,-27],[33,-41],[28,-21],[90,11],[14,-12],[-13,-33],[-1,-17]],[[10898,29688],[-64,-5],[-30,-13],[-53,-48]],[[10751,29622],[-25,32],[-12,-13]],[[10714,29641],[-120,153]],[[15309,22965],[408,-3],[26,18],[-73,69],[-17,25],[-42,81],[-23,32],[-84,78]],[[15504,23265],[215,263],[26,44],[86,198],[205,467]],[[19834,19494],[-701,-4],[-91,1],[-201,-2],[-189,1],[-925,-5],[-71,0],[-346,-2],[-234,-5],[-256,-4],[-108,-1],[-617,-10],[-6,451],[-2,62],[-8,382],[0,63],[2,372],[3,471],[2,342],[1,98],[-416,2],[-270,1],[54,130],[-230,111],[-266,148]],[[14959,22096],[29,72],[115,284],[68,171],[138,342]],[[17170,21736],[-1,227],[1,92],[-8,25]],[[17162,22080],[-209,-3],[-219,-3],[0,-27]],[[16734,22047],[0,-323]],[[16734,21724],[-110,-6],[-108,-3],[-1,-232],[219,8],[338,13],[225,8],[-128,121],[1,103]],[[16734,21724],[436,12]],[[17162,22080],[-196,-246],[-116,109],[-57,45],[-59,59]],[[15309,22965],[42,104],[16,26],[137,170]],[[12332,25374],[583,328],[18,10],[52,14],[29,-1],[290,39],[61,6]],[[14959,22096],[-120,-302],[-11,-49],[-2,-32],[2,-143],[0,-398],[-3,-304],[3,-18],[-2,-50],[-97,-1],[-344,5],[-351,4],[-20,-6],[-18,-15],[-13,-33],[-1,-849],[-336,0],[-61,-1],[-244,3],[-256,2],[-366,4],[-106,0],[-323,3]],[[12290,19916],[0,317],[1,582],[3,88],[3,375],[3,421],[4,460],[5,796],[5,603],[7,713],[10,988],[1,115]],[[27581,30865],[7,0],[323,-8],[111,-2],[177,-1],[112,-1],[307,-2],[208,-3],[348,-2],[-2,-174],[33,-42],[-19,-43],[-8,-193],[310,-2],[-2,-148],[-1,-255],[14,-25],[-4,-11],[-36,-13]],[[29459,29940],[-182,0]],[[29277,29940],[-213,1]],[[29064,29941],[-206,0]],[[28858,29941],[-49,2],[-162,0]],[[28647,29943],[-83,9],[-26,0],[-35,-7],[-238,1],[-248,0]],[[28017,29946],[-210,3]],[[27807,29949],[-224,3]],[[27583,29952],[0,228]],[[27583,30180],[0,117],[-2,111]],[[27581,30408],[1,228]],[[27582,30636],[-1,229]],[[29064,29941],[1,-82],[-1,-370]],[[28854,29489],[1,215],[-4,12],[-19,0],[1,71],[-8,21],[12,16],[11,39],[10,-3],[0,81]],[[28646,29862],[1,81]],[[28645,29489],[0,19],[1,354]],[[27538,28134],[106,-1],[209,-1]],[[27852,28062],[1,-43]],[[27539,27908],[-1,226]],[[25079,19979],[9,-17],[56,-65],[-91,-96],[104,-120],[-38,-41],[212,0]],[[25331,19640],[0,-112]],[[25331,19528],[-49,0],[-377,-2]],[[24300,27215],[2,-226]],[[24302,26989],[-210,-1]],[[24092,26988],[0,227]],[[24510,27216],[-2,-107],[1,-120]],[[24509,26989],[-207,0]],[[26444,30128],[35,7],[23,18],[59,28],[62,73],[13,22]],[[26636,30276],[35,-26],[35,-35],[44,-63],[24,-30]],[[26774,30122],[-31,-37],[-19,-34],[-36,-30],[-19,32],[-22,-8],[-46,1],[-3,-17],[-18,-6],[-32,-25],[-16,-31],[-17,-11],[-39,-1],[1,-17]],[[26431,29937],[3,23],[10,168]],[[26774,30122],[36,-30],[49,-23],[34,-28],[37,-24],[20,-25],[8,-50]],[[26958,29942],[-75,1],[-135,-3]],[[23786,27892],[93,1]],[[23879,27893],[96,2],[113,0]],[[24090,27668],[-209,-2]],[[23881,27666],[-2,59],[1,80],[-32,8],[-62,-1],[0,80]],[[23672,27891],[114,1]],[[23881,27666],[3,-227]],[[23884,27439],[-211,-2]],[[23673,27437],[-1,454]],[[24714,28577],[-210,0]],[[25253,28126],[90,0]],[[25343,28126],[0,-225],[206,1]],[[25549,27902],[0,-226]],[[25549,27676],[-1,-30]],[[25548,27646],[-205,180]],[[25343,27826],[-211,182],[-46,41]],[[25086,28049],[-84,76]],[[25549,27676],[206,1]],[[25755,27677],[0,-218]],[[25755,27459],[-38,40],[-169,147]],[[25520,29368],[14,5],[27,23],[26,15],[8,33],[25,-12],[16,9],[3,34]],[[25639,29475],[27,36],[12,-2],[48,16],[-24,-44],[210,5]],[[25911,29024],[-259,-1]],[[25652,29023],[1,88],[3,61],[-25,0],[0,-26],[-90,-3]],[[25541,29143],[-1,47],[-4,33],[4,21],[41,36],[-16,23],[-39,-30]],[[25652,29023],[-99,-1]],[[25440,29030],[3,14],[-1,82],[88,2],[11,15]],[[25342,27674],[0,14]],[[25342,27688],[1,138]],[[25548,27646],[0,-196]],[[26774,30122],[25,23],[41,22],[16,3]],[[26856,30170],[17,2],[111,0],[185,2]],[[27169,30174],[-3,-228]],[[27166,29946],[-33,2],[-124,-5],[-51,-1]],[[27225,28135],[68,0]],[[27293,28135],[-4,-44],[-20,-25],[4,-17],[16,-9],[50,-4],[72,0],[21,28],[1,70]],[[27433,28134],[69,0]],[[27502,28134],[36,0]],[[27225,27910],[0,225]],[[26909,27458],[106,0]],[[27013,27232],[-212,-1]],[[31598,21926],[51,-1],[4,-11],[153,-2]],[[31806,21912],[-1,-131]],[[31805,21781],[-208,2],[1,143]],[[37030,22539],[60,-52]],[[37090,22487],[52,-44]],[[37108,22169],[-82,2]],[[37026,22171],[4,368]],[[33654,22113],[48,-7],[194,3]],[[33896,22109],[0,-124],[103,0]],[[33999,21985],[-2,-172],[-48,-55],[155,-1]],[[34104,21757],[1,-112]],[[33699,21781],[30,87],[18,30],[1,30],[-12,12],[-16,69],[-13,26],[-53,78]],[[25333,19979],[-2,-339]],[[28691,26124],[0,101]],[[28693,26319],[418,-2]],[[29111,26317],[419,-2],[-1,-169],[-1,-250]],[[29528,25896],[-420,3],[-161,0],[-46,1]],[[28691,25898],[0,226]],[[27851,26656],[0,-115]],[[27851,26541],[-210,0]],[[27641,26541],[0,151],[39,-8],[65,1],[1,-16],[37,0],[25,-14],[43,1]],[[25755,27677],[145,2]],[[25904,27227],[-7,0]],[[25390,27080],[156,2]],[[25546,27082],[0,-85]],[[25546,26997],[-209,-3]],[[25337,26994],[0,57]],[[27585,26095],[55,0]],[[27640,26095],[212,-2]],[[27852,26093],[-3,-226]],[[27849,25867],[-210,0]],[[27639,25867],[0,133],[-40,0],[-12,-18],[-68,-1]],[[27519,25981],[0,23],[47,0],[-1,67],[20,1],[0,23]],[[24503,28237],[211,0]],[[24714,28237],[-1,-111]],[[24713,28126],[-211,0]],[[26757,28361],[51,0]],[[26808,28361],[210,2]],[[27018,28363],[0,-113]],[[27018,28250],[-262,-1],[1,12]],[[16818,16301],[243,3],[221,2],[428,0],[316,1],[161,2],[102,0],[270,2],[296,-1],[10,-8],[21,8],[28,2],[163,-1],[769,4],[128,1],[161,0],[53,1],[401,2]],[[20589,16319],[418,2],[0,-294],[0,-165],[61,2],[256,2],[36,2],[252,0],[231,2],[-1,-29],[0,-426],[240,2],[114,-1],[65,1]],[[22261,15417],[-1,-458],[-17,-224],[-2,-130],[7,-438],[6,-886],[-1,-90],[12,-503],[1,-219],[2,-34],[0,-71],[-1,-579],[1,-54],[0,-381],[1,-14],[0,-336],[-1,-47]],[[22268,10953],[-151,-77]],[[22117,10876],[-766,-1],[-590,-1],[-373,2],[-326,0],[-317,0],[-221,-2],[-293,-1],[-313,1],[-917,-6],[-395,1],[-255,-1],[-188,0],[-312,-2],[-100,-2],[-335,-8]],[[16416,10856],[2,453],[-2,457],[-11,641],[-6,276],[-1,240],[3,649],[417,461],[2,227],[0,324],[1,246],[-1,263],[3,324],[-5,570],[1,198],[-1,116]],[[29528,28129],[1,455]],[[29529,28584],[1,110],[-1,341],[579,-1]],[[30108,29034],[257,-1],[-1,-152],[-4,-190],[-1,-212],[-2,-351]],[[30357,28128],[-2,0],[1,-452]],[[30356,27676],[1,-447],[1,-229]],[[30358,27000],[-109,1],[-99,53],[-112,10],[-17,14],[-2,29],[8,34],[46,28],[12,19],[0,16],[-32,135],[-22,25],[-22,-2],[-29,-11],[-34,-21],[-26,-1],[-31,-8],[-13,3],[-88,53],[-51,22]],[[29737,27399],[3,107],[-2,63],[-1,200],[1,134],[-209,-1]],[[29529,27902],[-1,74],[0,153]],[[27018,28250],[0,-114]],[[25853,26108],[81,-101]],[[25934,26007],[76,-91],[76,-95]],[[25655,25964],[-3,29],[17,21],[33,54],[24,22],[53,6],[16,-8],[29,20],[29,0]],[[26928,25640],[79,0]],[[27007,25640],[-1,-225]],[[26930,25866],[80,0]],[[27010,25866],[-3,-226]],[[27010,25866],[78,1]],[[27086,25641],[-79,-1]],[[27086,25641],[1,-226]],[[26384,26320],[120,0]],[[26452,25840],[-205,248],[11,11]],[[27018,28813],[209,1]],[[27227,28814],[211,-1]],[[27641,28360],[0,-49],[-71,-85],[-68,-92]],[[27433,28134],[-140,1]],[[27225,28135],[-207,1]],[[27018,28363],[1,226]],[[27018,28812],[0,1]],[[28421,26078],[36,-4],[18,17],[23,31],[30,17],[39,6],[27,-10],[52,-9],[45,-2]],[[28691,25898],[-254,-21]],[[27639,25867],[-157,1]],[[27482,25868],[0,113],[37,0]],[[27431,26095],[154,0]],[[27482,25868],[-51,0]],[[27431,25868],[1,114]],[[27432,25982],[-1,113]],[[27852,26093],[104,1],[105,0]],[[28061,26094],[-3,-227]],[[28058,25867],[-209,0]],[[27221,26322],[105,0]],[[27326,26322],[105,0]],[[27431,26322],[0,-227]],[[27431,26095],[-211,0]],[[27220,26095],[1,227]],[[27432,26781],[105,0]],[[27537,26781],[61,1],[252,-1]],[[27850,26781],[1,-125]],[[27641,26541],[-173,1],[-36,6]],[[27432,26548],[0,233]],[[29113,27903],[205,0]],[[29318,27903],[211,-1]],[[29529,27902],[0,-225],[-4,-1],[-208,1],[-209,-1]],[[29108,27676],[1,142],[4,85]],[[37443,22613],[0,-134],[0,-294]],[[37090,22487],[210,-5],[2,135],[141,-4]],[[36818,23530],[629,-12]],[[37447,23518],[0,-382],[-2,-233],[-1,-258],[-1,-32]],[[37030,22539],[-37,35],[-24,17],[-65,59],[-214,186],[-64,53],[-214,174],[-23,25],[-193,161],[-66,72],[-267,225]],[[35863,23546],[333,-5],[622,-11]],[[29277,29940],[-4,-452]],[[28064,28133],[205,0]],[[26802,26662],[209,0]],[[27011,26662],[0,-113]],[[26802,26548],[0,114]],[[26802,26776],[208,3]],[[27010,26779],[1,-115]],[[27011,26664],[0,-2]],[[26802,26662],[0,114]],[[27432,25982],[-94,-1]],[[27338,25981],[-118,-1]],[[27220,25980],[0,115]],[[27338,25981],[-1,-113]],[[27219,25867],[1,113]],[[24922,24501],[406,3],[213,0]],[[26588,24736],[-1,-397],[0,-57],[0,-451],[-1,-227]],[[26586,23604],[-418,-2]],[[26168,23602],[-417,-2]],[[25751,23600],[-209,0],[-412,-3],[-206,-1]],[[24924,23596],[-1,456],[0,224],[-1,225]],[[25799,25187],[1,-226]],[[25539,24958],[1,227]],[[28271,26321],[138,-1]],[[28273,26013],[1,82]],[[28274,26095],[-3,226]],[[27851,26541],[-1,-107],[1,-113]],[[27851,26321],[-210,0]],[[27641,26321],[-210,1]],[[27431,26322],[2,84],[-1,142]],[[26174,27232],[103,2]],[[26277,27234],[2,-118]],[[26279,27116],[-317,-2]],[[25962,27114],[-65,113]],[[26303,27233],[-26,1]],[[24302,26989],[-1,-226]],[[24093,26761],[-1,227]],[[31169,18842],[215,-2],[-1,71],[103,0]],[[31734,18727],[-61,-68],[-1,-45],[-76,-2],[-2,-41],[-156,-188],[-65,-53],[-157,-172]],[[24122,29024],[-7,225],[-41,0]],[[24074,29249],[-9,44],[-33,45],[-35,24],[-42,3],[-32,-11],[1,44]],[[23924,29398],[6,16],[-1,30],[-11,8],[-22,51]],[[23896,29503],[12,15],[7,58],[-12,14],[-16,55],[16,42],[20,17],[32,11],[57,0],[30,-20],[29,-40],[42,-40],[161,-86],[42,-31],[43,5],[37,-17],[23,10],[8,-33],[23,11],[47,67],[18,18],[27,11],[48,-35],[6,19],[39,-62]],[[29113,28133],[-1,-119],[1,-111]],[[29113,27903],[-279,3],[-144,0]],[[29108,27676],[1,-141]],[[29109,27535],[-128,80],[-33,8],[-63,5],[-130,6],[-66,1]],[[29737,27399],[-25,28],[-23,13],[-26,-2],[-22,31],[-22,16],[-21,-1],[-66,-13],[-98,-6],[-77,4],[-39,12]],[[26808,28361],[1,29],[13,48],[23,60],[2,90]],[[34311,21418],[205,-1]],[[34516,21417],[2,-127],[1,-193],[1,-17],[1,-221],[1,-7]],[[34522,20852],[-9,-3]],[[27807,29949],[0,-169],[1,-117],[0,-169]],[[27585,29493],[0,2]],[[27585,29495],[-1,229]],[[27584,29724],[-1,228]],[[29694,29940],[152,0],[98,-1],[45,-8],[30,-34]],[[30019,29897],[-64,-59],[-34,-27],[-319,-241]],[[29602,29570],[-56,29],[-34,7],[-18,-2],[-10,20],[0,53],[85,0],[19,-10],[45,-1],[-2,91],[20,9],[41,116],[2,58]],[[29491,29487],[111,83]],[[30019,29897],[25,18],[44,18],[27,6]],[[30115,29939],[-2,-165],[0,-131],[-2,-244],[0,-140],[-3,-225]],[[29529,28584],[-209,-1]],[[29320,28583],[0,220],[-1,232],[-24,0],[15,28],[-23,24],[-3,67],[11,73],[-8,16],[-42,30],[-26,9]],[[28016,29850],[18,-6],[42,0],[11,22],[37,-32],[10,9],[78,0],[15,13],[-2,-138],[14,1],[16,17],[15,29],[38,29],[49,15],[21,16],[24,62],[14,22],[15,-5],[21,15],[17,3],[29,-9],[36,7],[18,-2],[39,-34],[55,-22]],[[28016,29492],[1,319],[-1,39]],[[28016,29850],[1,96]],[[29342,35394],[55,55],[50,17],[46,9],[112,-11],[77,-5],[239,-270],[-12,-43],[-19,-44],[-39,-70],[-59,-69],[-32,-63],[-5,-52],[19,-67],[30,-20],[44,2],[144,131],[57,23],[25,5],[31,17],[25,38],[19,35],[11,92],[42,45],[25,63],[7,72],[14,35],[97,183],[9,32],[-33,78],[-37,81],[-5,37],[9,48],[39,77],[21,56],[7,59],[-7,74],[22,83],[25,27],[10,27],[31,51],[8,44],[10,29],[27,20],[112,19],[28,-1],[44,-11],[56,-33],[32,-36],[45,-28],[42,-47],[80,-27],[26,-5],[31,2],[64,13],[116,-30],[170,-49],[35,14],[91,3],[36,43],[-9,46],[-4,56],[15,28],[17,12],[2,22],[-14,39],[-16,20],[-27,22],[-7,32],[4,28],[15,47],[23,40],[21,111],[14,40],[10,46],[0,60],[13,55],[21,29],[64,71],[48,41],[89,45]],[[31768,37042],[22,-33],[13,-36],[13,-14],[10,14],[17,0],[34,-23],[20,-23],[22,5],[14,-6],[0,-19],[-37,-16],[-19,-48],[-22,7],[-16,-6],[4,-26],[35,-16],[-30,-358],[1032,-4],[50,-218],[104,-2],[9,-5],[6,-34],[-4,-74],[-16,-45],[-1,-63],[-23,-102],[-2,-27],[-24,-55],[-4,-71],[-16,-57],[-14,-28],[8,-69],[-13,-38],[0,-111]],[[32940,35441],[-21,-5],[-20,-23],[-26,-57],[-56,-69],[-31,-23],[-75,-41],[-42,0],[-39,40],[-42,13],[-14,-3],[-44,-26],[-19,-25],[-12,-28],[-56,-155],[-11,-15],[-40,-33],[-20,-42],[-23,-25],[-34,-54],[-16,-42],[-6,-44],[3,-34],[14,-59],[-5,-45],[18,-23],[4,-23],[-10,-32],[-19,-17],[-40,-19],[-22,-26],[-7,-39],[18,-72],[0,-29],[13,-41],[-2,-44],[10,-57]],[[32268,34224],[-24,7],[-19,25],[-24,-4],[-22,12],[-17,-5],[-23,5],[-67,8],[-20,36],[-14,15],[-23,1],[-37,26],[-14,58],[-45,-6],[-17,30],[-26,-3],[-33,14],[1,10],[-1,150],[-15,17],[-42,-17],[-105,-57],[-57,-5],[-35,-6],[-56,8],[-302,1],[-51,5],[-30,-5],[-67,0],[-31,-12],[-118,-105],[-22,-37],[0,-40],[9,-21],[47,-68],[10,-25],[-1,-28],[-14,-32],[-30,-25],[-39,-19],[-32,-25],[-68,-61],[-72,-77],[-17,-29],[-16,-44],[-20,-79],[-19,-59],[-15,-61],[-9,-26],[-14,-19],[-44,-23],[-62,-52],[-50,-38],[-22,-24],[-40,-82],[-3,-27],[6,-108],[-2,-32],[-18,-87],[-12,-26],[-16,-19],[-34,-18],[-49,2],[-38,15],[-28,22],[-20,30],[-30,22],[-44,2],[-43,-17],[-33,-24],[-6,18],[-2,70],[-12,43],[-26,36],[-23,42],[-42,34],[-31,39],[-45,30],[-33,45],[-32,25],[-17,5],[-62,5],[-55,27],[4,124],[8,125],[-14,70],[4,20],[17,20],[45,14],[20,26],[18,12],[36,9],[41,35],[31,12],[26,3],[18,21],[-1,25],[-15,22],[-21,17],[-33,12],[-28,24],[-12,30],[-22,16],[-15,-2],[-49,-34],[-24,4],[-15,18],[-1,19],[7,21],[40,35],[11,26],[-13,40],[6,26],[-12,30],[-43,19],[-31,-7],[-13,-15],[-27,4],[-7,33],[-5,61],[9,19],[0,22],[-10,34],[15,16],[-1,25],[-16,17],[-4,27],[-33,29],[-7,19],[-30,27],[-43,16],[-20,27],[-18,0],[-23,17],[-11,33],[-55,51],[-1,42],[12,16],[28,9],[38,-13],[19,14],[-20,16],[-9,44],[-12,4],[-24,-8],[-20,23],[0,9],[37,31],[-7,18],[-39,2],[-1,20],[10,19],[19,5],[3,17],[-9,18],[6,13],[24,-14],[14,9],[23,72],[22,28],[1,13],[-48,43],[-52,63]],[[29320,28583],[-1,-226]],[[29319,28357],[-205,-1]],[[31585,29459],[9,-3],[39,-61],[8,-6],[50,14],[60,-31],[45,-46],[95,-137],[92,-137],[8,-16],[3,-34],[32,-94],[0,-89],[126,-146],[43,-76],[4,-14],[-1,-53],[33,-137],[12,-18],[62,-31],[16,-27],[13,-40],[50,-53],[96,-73],[95,-62],[139,-21],[19,-4],[43,-44],[31,-10],[103,-72]],[[32910,27938],[26,-25],[2,-51],[35,-67],[8,-9],[101,-96],[29,-128],[7,-23],[0,-28],[-37,-107],[-37,-113],[-8,-10],[-54,-43],[-4,-17],[39,-46],[2,-18],[-17,-31],[6,-26],[23,-30],[13,-32],[-2,-29],[-25,-29],[-21,-37],[149,-237],[281,151],[176,38],[70,37],[260,-71],[80,-27],[186,-45],[55,-10],[16,-12],[11,-24]],[[34280,26743],[4,-8]],[[34284,26735],[-52,-47],[19,-80],[-4,-31],[-60,-94],[-21,-29],[-22,-22],[-50,-23],[-49,-38],[-26,-2],[-26,-15],[-19,-25],[-12,-24],[-35,-18],[-25,-28],[-2,-21],[-17,-29],[-51,-29],[-24,-31],[-5,-24],[-34,-66],[8,-24],[-2,-22],[-29,-39],[-34,-14],[-25,-23],[-11,-21],[-17,-65],[-17,-34],[-15,-19],[-33,-26],[-25,-65],[-27,-12],[-20,2],[-23,28],[-14,5],[-47,3],[-31,-16],[-27,-21],[-17,-6],[-47,-60],[-1,-36],[-16,-39],[3,-70],[-18,-22],[-33,7],[-37,-26],[-14,-22],[-14,-56],[-18,-39],[-45,-29],[-37,-36],[-18,-14],[-38,4],[-25,-9],[-7,-15],[-52,-54],[-4,-25],[15,-51],[-11,-35],[-23,-49],[-41,-25],[-39,-4],[-34,-22],[-20,-21],[-50,-25],[-26,-18],[-20,-20],[-12,-21],[-7,-28],[-1,-75],[-17,-37]],[[32634,24722],[20,38],[5,31],[0,339],[1,152],[-1,105],[2,95],[-4,133],[14,9],[132,0],[8,3],[42,42],[21,11],[-6,18],[-1,105],[-41,7],[-64,33],[-40,10],[-68,-1],[-64,6],[-83,2],[-289,4],[-198,2],[-20,-5],[-349,2],[-42,0]],[[31609,25863],[-1,48],[2,179],[4,220],[-1,104],[0,350]],[[31613,26764],[1,99],[4,126],[1,681]],[[31619,27670],[-2,259],[0,192]],[[31617,28121],[1,314],[1,106],[-1,36],[1,175],[3,273],[-9,66],[-22,59],[-6,43],[0,266]],[[31178,21787],[0,227]],[[31178,22014],[384,-1],[36,-1]],[[31598,22012],[0,-86]],[[31805,21781],[164,-2]],[[31969,21779],[45,0]],[[32014,21779],[206,-4]],[[32421,20644],[-409,3],[-209,1],[-223,2],[-195,1],[-211,1]],[[31598,22012],[209,-3]],[[31807,22009],[-1,-97]],[[28061,26094],[213,1]],[[28274,25865],[-108,2],[-108,0]],[[27854,27682],[-105,1]],[[24083,28549],[98,8],[106,5],[33,4]],[[24320,28566],[12,-41]],[[24332,28525],[-32,-43],[-11,22],[-39,-8],[1,-23],[-69,0],[1,-12],[-100,-1],[1,-57],[-10,-20],[-32,18],[-27,6],[-32,-18],[-40,-51]],[[23943,28338],[-161,147],[-43,38]],[[23739,28523],[24,15],[21,29],[25,-20],[43,-12],[50,6]],[[27180,32187],[35,18],[18,19],[27,47],[37,76],[11,10],[38,15],[44,-14],[43,16],[38,32],[20,31],[4,42],[-11,45],[-17,38],[-18,30],[-12,48],[-13,21],[-28,13],[-83,-13],[-21,3],[-21,29],[1,38],[24,87],[8,40],[10,130],[20,124],[-3,52],[4,15],[21,30],[36,59],[30,43],[126,165],[83,81],[48,39],[29,17],[76,67],[29,42],[62,51],[49,22],[30,30],[46,73],[53,56],[44,67],[9,37],[44,44]],[[28150,34102],[13,14],[40,-67],[-32,-27],[0,-50],[-25,-27],[5,-30],[50,-54],[6,-12],[7,-74],[-16,-46],[2,-20],[23,-37],[12,-48],[-6,-23],[2,-63],[11,-35],[-1,-56],[15,-43],[8,-60],[51,-90],[46,-53],[23,-16],[51,-26],[14,-20],[0,-98],[8,-23],[20,-25],[49,-66],[6,-47],[-42,-104],[-5,-26],[16,-37],[-6,-24],[-21,-35],[-21,-14],[-24,-30],[-4,-56],[-26,-22],[-10,-25],[-22,-18],[-14,-26],[-14,-48],[0,-40],[28,-14],[25,-4],[41,3],[51,8],[42,24],[33,-2],[82,29],[65,15],[22,-2],[9,-11],[5,-28],[89,-158],[4,-83],[30,-72],[31,-45],[3,-25],[-15,-80],[-19,-15],[-23,-27],[-16,-35],[-5,-32],[2,-24],[45,-194],[3,-106],[14,-30],[28,-13],[40,14],[17,-9],[99,-113],[18,-32],[9,-57],[20,-22],[122,-79],[13,-3],[34,10],[14,-9],[63,-71],[27,-44],[43,-78],[42,-36],[15,-3],[38,6],[71,17],[21,-19],[2,-24],[24,-14],[30,2],[55,-55],[19,-14],[19,-4],[55,13],[16,13],[15,29],[38,18],[17,45],[26,-1],[24,-31],[41,-27],[20,-4],[29,8],[53,-7],[41,10],[22,11],[27,-11],[13,-18],[40,-12],[15,-12],[34,-68],[42,-45],[7,-14],[-1,-52],[-7,-14],[-42,-33],[-17,-20],[2,-24],[36,-88],[14,-14],[42,-27],[21,-45],[19,-26],[20,-4],[38,12],[16,1],[24,-18],[21,-31],[16,-14],[44,11],[22,-6],[69,-39],[11,-21],[-4,-51],[-22,-44],[6,-36],[31,-103],[8,-12],[61,-49],[8,-14]],[[30779,29953],[-217,-2],[-250,-7],[-195,-3],[-2,-2]],[[29694,29940],[-235,0]],[[27581,30865],[-1,135],[-8,34],[-31,53],[-12,30],[-1,51],[11,28],[56,80],[17,40],[13,72],[-3,35],[-14,31],[-43,52],[-15,23],[-38,93],[-10,38],[0,27]],[[27502,31687],[3,74],[5,25],[56,166],[6,31],[1,77],[-19,-2],[-38,6],[-17,-12],[-11,-21],[-35,-11],[-47,22],[-28,-4],[-9,16],[-47,-4],[-19,-18],[-31,-15],[-1,-24],[-23,-13],[5,-33],[-21,-9],[-24,3],[-6,19],[4,24],[-11,9],[-2,29],[23,74],[3,43],[-8,17],[-31,7],[0,24]],[[28078,29037],[-34,2],[-86,1]],[[27589,29041],[-2,226]],[[28150,34102],[8,27],[51,49],[23,12],[25,23],[24,49],[10,74],[28,46],[98,69],[72,32],[72,-18],[66,-32],[52,-12],[43,11],[78,-39],[149,5],[54,22],[149,56],[83,49],[14,28],[15,67],[6,79],[-11,185],[-29,251],[-11,87],[-2,102],[37,26],[79,35],[9,9]],[[32268,34224],[11,-44],[38,-51],[3,-22],[-11,-41],[-22,-30],[-28,-47],[-12,-35],[-17,-21],[-5,-79],[10,-40],[25,-60],[1,-79],[10,-42],[-14,-47],[2,-70],[-5,-56],[1,-79],[10,-32],[21,-28],[4,-16],[-28,-50],[-14,-86],[6,-33],[12,-12],[37,-12],[68,-26],[20,-12],[30,-29],[40,-7],[33,-37],[17,-13],[69,-16],[17,-13],[30,-53],[28,-17],[50,-42],[45,-12],[32,-23],[13,-26],[5,-84],[-3,-17],[-24,-36]],[[32773,32649],[-16,-24],[-1,-31],[9,-61],[-8,-31],[8,-26],[-1,-54],[18,-64],[30,-14],[7,-16],[-2,-31],[-21,-46],[4,-30],[37,-33],[6,-35],[-19,-31],[-4,-39],[-13,-30],[4,-73],[-9,-22],[-35,-21],[-25,-24],[-21,-12],[-25,-21],[-41,-4],[-49,-41],[-19,-39],[-21,-33],[-81,-156],[-30,-50],[-15,-48],[-3,-157],[4,-29],[27,-49],[27,-27],[3,-17],[-6,-60],[-7,-24],[-34,-75],[-16,-64],[-14,-45],[-14,-19],[-61,-54],[-52,-41],[-48,-60],[-63,-64],[-37,-49],[-35,-27],[-47,-22],[-76,-62],[-165,-139],[-50,-50],[-189,-204],[-189,-206],[-22,-14],[-136,-1],[-169,0],[-289,3]],[[31955,24732],[20,139],[13,57],[-1,13],[-19,17],[-60,1],[-48,-3],[-46,-12]],[[31814,24944],[-7,41],[-30,-6],[-12,82]],[[31765,25061],[50,6],[0,118],[97,1],[4,9],[0,215],[-312,0]],[[31604,25410],[2,227],[3,226]],[[35240,38784],[-20,-32],[13,-18],[-16,-24],[-14,-4],[-9,-55],[0,-40],[8,-16],[-17,-36],[-13,-39],[-10,-8],[-16,-32],[-14,-43],[-17,-21],[-12,-38],[0,-23],[-17,-39],[-20,-27],[-14,-28],[-14,-3],[1,30],[-13,9],[-36,3],[-14,10],[-30,0],[-33,34],[-15,9],[-20,-6],[-14,8],[-57,-18],[-16,-12],[-17,-24],[-31,-3],[-8,-31],[-33,-11],[-24,-20],[-56,-33],[-25,-18],[-30,-10],[-14,-29],[-15,-11],[-44,-7],[-17,-7],[-11,-20],[-16,0],[-13,16],[-26,-12],[-7,-12],[-42,-3],[-35,-15],[-12,13],[-31,-6],[-31,-13],[-17,-13],[-52,-4],[-23,12],[-19,-21],[-14,-25],[-15,-48],[-17,-31],[-4,-47],[27,-16],[-17,-29],[7,-16],[-7,-38],[6,-32],[27,-3],[12,-19],[-6,-21],[21,-16],[8,-17],[-12,-13],[-42,-14],[-20,-28],[9,-19],[5,-39],[-37,-7],[-19,-48],[-5,-44],[-9,-15],[4,-29],[-11,-14],[-9,-29],[-19,-16],[-8,-26],[-12,0],[-13,-29],[-18,-16],[-11,-59],[12,-9],[9,-24],[-12,-26],[-23,1],[-37,-23],[-31,1],[-19,-41],[-17,-21],[-11,-36],[-22,-10],[-1,-26],[-27,-32],[0,-39],[-6,-20],[5,-34],[-191,2],[1,-114],[52,0],[24,-104],[21,-48],[20,-58],[15,-17],[46,-35],[24,-38],[19,-19],[27,-14],[63,-12],[0,86],[6,19],[21,22],[14,-15],[7,-23],[56,-95],[15,7],[-5,30],[9,26],[-5,36],[-1,65],[7,29],[-2,41],[5,52],[-1,31],[24,25],[21,-6],[9,-15],[8,-91],[9,-33],[0,-49],[23,-47],[10,-38],[16,-17],[46,-24],[-19,-15],[21,-25],[3,-38],[-14,-33],[6,-14],[26,-24],[32,6],[12,-33],[17,-22],[7,-23],[12,-11],[27,-9],[6,-9],[-4,-35],[5,-33],[13,-26],[8,-30],[39,-47],[-11,-21],[-1,-24],[10,-14],[34,-10],[43,-73],[3,-19],[21,-84],[11,-18],[23,-7],[4,20],[22,-11],[11,-33],[27,-14],[9,-24],[19,-12],[41,-14],[16,-20],[31,-17],[54,32],[28,3],[25,-13],[39,-40],[76,-57],[40,-8],[33,7],[16,-5],[28,-23],[35,-19],[23,-24],[72,-32]],[[35155,35465],[3,-30],[-10,-21],[-33,-24],[-24,-41],[-31,-21],[-30,8],[-26,26],[-37,15],[-24,-5],[-32,-13],[-17,0],[-32,11],[-19,-1],[-30,-22],[-26,-7],[-44,12],[-59,62],[-34,39],[-57,43],[-42,65],[-52,47],[-124,104],[-56,26],[-28,16],[-28,44],[-15,12],[-45,24],[-33,30],[-26,44],[-35,74],[-42,52],[-84,87],[-18,10],[-29,6],[-23,-7],[-25,-20],[-16,-39],[0,-63],[-8,-50],[-68,-165],[-39,-86],[-20,-31],[-81,-81],[-105,-100],[-7,31],[-12,18],[-18,6],[-54,0],[-39,-6],[-56,-16],[-96,3],[-31,-10],[-27,-33],[-27,-10],[-38,1],[-31,-4]],[[33115,35475],[-79,-32],[-42,-7],[-54,5]],[[31768,37042],[52,26],[38,10],[59,2],[33,23],[18,27],[32,67],[12,41],[16,80],[12,36],[2,33],[-11,54],[-39,70],[-35,39],[-44,34],[-37,55],[-33,57],[-43,46],[-27,14],[-47,5],[-21,-7],[-52,-35],[-42,-7],[-85,12],[-68,-3],[-103,6],[-17,7],[-20,29],[-4,38],[17,41],[36,48],[26,64],[7,32],[31,73],[13,53],[1,37],[-6,65],[8,65],[-3,84],[-9,62],[8,36],[18,43],[25,42],[17,22],[33,22],[69,7],[11,11],[23,3],[28,27],[29,3],[25,-6],[36,-17],[5,-8],[41,-20],[34,-35],[33,-48],[31,-31],[51,-77],[17,-43],[-4,-15],[22,-26],[28,-13],[34,-9],[22,0],[54,-29],[21,-6],[55,-53],[40,-49],[20,-11],[13,-21],[30,-12],[41,1],[23,30],[23,97],[0,64],[7,31],[22,43],[32,54],[25,107],[11,27],[16,83],[0,27],[16,23],[58,9],[25,13],[95,84],[60,2],[33,-20],[23,-27],[12,-40],[25,-32],[54,-42],[26,-28],[40,-7],[14,3],[16,-13],[9,-27],[64,-45],[17,-21],[19,-38],[39,-42],[17,-36],[6,-49],[-5,-34],[-14,-36],[-35,-45],[-12,-44],[0,-90],[-5,-26],[-26,-60],[-3,-16],[8,-34],[21,-56],[2,-24],[13,-34],[39,-34],[29,-48],[46,-69],[54,-126],[44,-36],[22,-6],[20,6],[29,18],[18,1],[51,-11],[31,1],[54,15],[38,3],[14,10],[10,26],[25,119],[58,128],[-1,38],[-6,17],[-29,48],[-24,49],[-8,44],[12,78],[24,72],[14,15],[25,101],[26,59],[20,66],[4,34],[12,42],[7,50],[6,24],[1,31],[17,25],[20,8],[49,-1],[65,-19],[37,-18],[18,-1],[17,16],[38,7],[201,-22],[68,30],[25,18],[50,18],[39,24],[22,42],[20,116],[5,85],[-3,55],[2,59],[-5,73],[2,25],[21,33],[33,17],[55,21],[59,15],[108,-12],[69,5],[55,-19],[94,-45],[72,-25],[15,-9],[44,-48],[58,-90],[8,-68],[47,-79],[34,-61]],[[33637,22658],[-1,-17],[41,-72],[10,-27],[-3,-22],[-11,-20],[-30,-32],[-69,-41],[-41,-44],[-15,-41],[-4,-42],[15,-49],[80,-89],[27,-26],[18,-23]],[[32222,21983],[0,204],[1,43],[4,447],[0,5]],[[22117,10876],[-172,-87],[-395,-201],[-116,-61],[-829,-422],[-502,-257],[-83,-51],[-128,-65],[-367,-189],[-72,-27],[-125,-64]],[[19328,9452],[-1,17],[-194,-1],[-13,2],[-205,0],[-3,-3],[2,-223]],[[18914,9244],[-114,-61],[-233,-121],[-104,-51]],[[18463,9011],[-342,-177],[-112,-55],[-334,-174],[-41,-19],[-45,0],[-50,12],[-31,4],[-63,-15],[-263,-67],[-97,-27],[-278,-75],[-43,68],[-43,84],[-22,-13],[-271,-6]],[[16428,8551],[-1,348],[-1,107],[1,197],[-19,38],[12,34],[2,47],[-1,234],[-2,382],[-8,466],[4,259],[1,193]],[[18914,9244],[2,-99],[0,-129],[-116,-1],[-93,1],[-45,-2],[-161,-1],[-38,-2]],[[28689,27226],[-97,-2],[-102,1]],[[19004,9286],[90,47],[229,116]],[[19323,9449],[-11,-21],[1,-84],[-11,-25],[-31,-18],[-150,-75],[2,-95],[-76,0],[-1,50],[-42,105]],[[27010,25866],[3,228]],[[27013,26094],[103,0]],[[27116,26094],[104,1]],[[25551,28128],[208,2]],[[25759,28130],[-2,-83],[0,-144]],[[25757,27903],[-208,-1]],[[25549,27902],[0,170],[2,56]],[[25546,26938],[78,1],[131,4]],[[25755,26943],[1,-113],[-211,-3]],[[25545,26827],[1,111]],[[25546,26997],[0,-59]],[[25545,26827],[0,-13]],[[25545,26814],[-105,-2],[0,14],[-105,0],[2,168]],[[24711,28377],[-228,198]],[[26331,29261],[211,1]],[[26542,29262],[208,1]],[[26750,29263],[-1,-231]],[[26749,29032],[-150,-1]],[[26180,28808],[1,222]],[[26388,28585],[-210,-2]],[[26300,28134],[-2,225],[90,0]],[[27017,27910],[208,0]],[[27581,30865],[-228,-8],[-89,-5],[-87,-1]],[[27177,30851],[-211,-1]],[[26966,30850],[-151,0],[-25,5],[-30,15]],[[26760,30870],[42,85],[24,43],[41,36],[60,40],[68,42],[68,45],[21,22],[48,72],[33,29],[18,11],[116,50],[43,28],[79,95],[24,39],[13,33],[42,127],[2,20]],[[28067,28451],[1,135]],[[28269,28360],[-203,-1]],[[33999,21985],[105,-1]],[[34104,21984],[0,-227]],[[30352,23598],[1,452]],[[30353,24050],[180,-1],[237,1]],[[30770,24050],[206,1],[212,-2]],[[31180,22694],[2,-24],[-3,-210],[-1,-220],[0,-226]],[[30348,21792],[0,253],[1,137],[1,516],[-1,458]],[[23307,15435],[-302,-6],[-239,-7],[-96,-1],[-409,-4]],[[20589,16319],[-1,41],[1,162],[-1,313],[1,393],[85,1],[7,7],[227,258],[130,288],[6,16],[8,61],[13,48],[15,22],[92,96],[30,24]],[[19328,9452],[-5,-3]],[[19004,9286],[-90,-42]],[[12881,7159],[14,-4],[39,9]],[[12934,7164],[29,0],[0,-47],[204,1],[0,-56],[86,48],[22,20],[7,38]],[[13282,7168],[56,-1]],[[13338,7167],[3,-228],[2,-230],[-305,-1],[-6,4],[-65,3],[12,22],[51,13],[1,69],[-2,94],[-28,18],[-57,-49],[-76,-80],[-32,-23],[-125,-54],[-29,-13],[-17,39],[-16,18],[35,79],[26,64],[15,26]],[[11115,28652],[163,136],[49,53],[53,67],[83,132],[12,1],[45,79]],[[11520,29120],[39,-34],[19,-23],[21,-54],[39,-29],[33,4],[36,11],[18,17],[22,68],[6,25],[9,9],[30,2],[17,-13],[15,-51],[-4,-49],[3,-17],[15,-24],[40,-31],[12,-39],[27,-33],[16,-60],[6,-83],[-1,-39],[22,-39],[58,-71],[24,-8],[46,6],[27,29],[7,33],[23,5],[25,-35],[20,2],[33,23],[39,11],[27,-2],[34,-18],[17,-28],[42,-35],[16,-25],[99,-97],[22,-24],[22,-50],[3,-26],[-2,-122],[14,-53],[26,-22],[40,2],[33,29],[17,26],[16,10],[52,-7],[15,-25],[20,-64],[-5,-27],[-65,-49],[-39,-43],[-35,-61],[4,-46],[33,-55],[30,-39],[37,-40],[-3,-33],[-24,-56],[-7,-35],[-37,-71],[-1,-24],[12,-46],[20,-51],[30,-28],[28,-4]],[[13366,25828],[-242,84],[-65,30],[-48,31],[-51,46],[-47,53],[-90,108],[-92,101]],[[12731,26281],[4,14],[-11,18],[-64,74],[3,126],[-9,3],[1,76],[-31,36]],[[12624,26628],[-3,25],[-18,44],[-67,36],[5,31],[-15,15],[-31,50],[-13,-17],[-21,-12],[6,-22],[-62,-122]],[[12405,26656],[-64,74]],[[12341,26730],[-44,56],[-89,139],[-171,270],[-187,292],[-101,159],[-82,127],[-144,227],[-59,92]],[[11464,28092],[7,2],[-356,558]],[[25934,26007],[95,91]],[[26029,26098],[75,-92],[24,22],[177,-216],[-118,-114]],[[27639,25642],[208,-1]],[[27847,25641],[-2,-199]],[[27845,25442],[-207,-13]],[[27638,25429],[1,213]],[[27534,25755],[105,-1]],[[27639,25754],[209,1]],[[27848,25755],[-1,-114]],[[27639,25642],[-106,0]],[[27533,25642],[1,113]],[[27429,24736],[211,11]],[[27640,24747],[208,11]],[[27848,24758],[114,0],[316,-1]],[[28278,24757],[171,-2],[244,0]],[[28693,24755],[84,-2],[125,1],[209,-1]],[[29111,24753],[1,-229],[2,-461]],[[29114,24063],[-1,-455],[-261,1],[-365,1],[-624,2],[-8,0]],[[27855,23612],[-16,-14],[-15,14],[-401,-6]],[[27423,23606],[-1,104],[1,122],[-1,91],[1,136],[-1,82]],[[27423,23606],[-210,1],[-627,-3]],[[29114,24063],[6,-4],[202,2],[374,-4],[357,-3],[191,-3],[109,-1]],[[29516,21796],[0,112],[4,322],[1,174],[3,95],[1,203],[-212,1],[-156,-1],[-106,2],[-100,-1]],[[28951,22703],[-263,1],[-92,-2]],[[28596,22702],[-39,45],[-50,64],[-86,107],[-145,175],[-50,65],[-91,111],[-280,343]],[[28951,22703],[-91,-86],[-94,-93],[-24,32],[-15,-14]],[[28727,22542],[-131,160]],[[26586,22923],[1,454],[-1,227]],[[28596,22702],[-322,-2],[-415,1]],[[27859,22701],[-209,0],[-438,-1],[-626,-2]],[[26586,22698],[0,225]],[[26585,22245],[1,453]],[[27859,22701],[-2,-210],[-2,-453],[-5,-16],[-1,-225]],[[27849,21797],[-430,-1],[-463,-3],[-372,-1]],[[27849,21797],[29,-1],[420,0],[386,1]],[[24951,27166],[143,-175]],[[25094,26991],[41,-52],[142,-173]],[[25277,26766],[-201,-1],[-148,1]],[[25461,26542],[181,-223]],[[25642,26319],[-11,0]],[[25631,26319],[-35,-9],[-20,7],[-203,-1]],[[25373,26316],[-33,53],[-33,68],[-47,103],[-130,0]],[[25373,26316],[-67,-1],[-176,0]],[[25598,26770],[157,3]],[[25755,26773],[0,-171]],[[25756,26432],[0,-92],[5,-21]],[[25761,26319],[-119,0]],[[26004,26776],[0,-229],[7,0],[0,-72]],[[26011,26475],[-63,-1]],[[25948,26474],[0,73],[-17,0]],[[25931,26547],[-1,228]],[[26707,26322],[96,0]],[[26907,26322],[0,-29],[-42,0],[-1,-198]],[[26864,26095],[-5,0]],[[26859,26095],[-154,0]],[[27012,26323],[1,-229]],[[27013,26094],[-149,1]],[[26859,26095],[-1,-119]],[[26858,25976],[-264,1]],[[26858,25976],[0,-110]],[[27012,26323],[104,-1]],[[27116,26322],[0,-228]],[[27116,26322],[53,0]],[[27169,26322],[52,0]],[[27327,26781],[105,0]],[[27326,26322],[1,459]],[[27223,27230],[-1,-114],[106,-1],[-1,-113]],[[27327,27002],[-105,1]],[[27222,27003],[-61,1],[-150,0]],[[27011,27004],[2,228]],[[27433,27228],[99,0],[7,-8],[-1,-218]],[[27538,27002],[-106,0]],[[27432,27002],[-105,0]],[[27011,26891],[0,113]],[[27222,27003],[0,-100],[-106,-2],[0,-35],[-29,-52],[-3,-35]],[[27084,26779],[-74,0]],[[27010,26779],[1,112]],[[27327,27002],[0,-221]],[[27327,26781],[-106,-2]],[[27221,26779],[-137,0]],[[27538,27002],[-1,-221]],[[27432,26781],[0,221]],[[26801,27231],[0,-74],[13,-40],[0,-114]],[[26814,27003],[-17,1]],[[26797,27004],[-205,-1]],[[26592,27003],[0,228]],[[20744,28383],[45,41],[23,53],[9,76],[9,52],[17,42],[8,7],[33,9],[49,22],[13,18],[47,43],[8,3],[49,-12],[28,7],[37,-1],[9,-11],[34,-6],[85,9],[36,-15],[37,0],[40,6],[33,17],[60,12],[38,16],[24,24],[14,27],[-3,30],[-10,26],[-4,65],[2,33],[17,32],[9,40],[8,13],[59,50],[36,20],[42,13],[27,-10],[8,-10],[65,-16],[17,-23],[15,-48],[26,-44],[5,-32],[85,-38],[14,-2],[17,-16],[34,-12],[91,-12],[112,68],[76,26],[39,1],[68,-7],[42,-16],[76,-8],[34,0],[89,-15]],[[22625,28930],[-5,-12],[1,-358],[1,-222],[81,11],[58,-13],[71,0]],[[22832,28336],[2,-405],[0,-48]],[[22834,27883],[2,-225],[3,-453],[4,-453]],[[20749,26747],[-828,0]],[[25552,28579],[-1,-339],[0,-112]],[[25551,28128],[-208,-2]],[[26331,29374],[161,-1],[54,2]],[[26546,29375],[-4,-113]],[[26749,29032],[60,0]],[[26809,29032],[-1,-19],[1,-201]],[[26809,29032],[149,1],[60,6]],[[27018,29039],[0,-6]],[[27018,29033],[0,-220]],[[27018,29033],[74,1],[75,5]],[[27167,29039],[60,2]],[[27227,29041],[0,-227]],[[27227,29041],[210,0]],[[26446,30158],[13,127],[15,215],[50,0],[7,57],[-6,38],[1,26],[14,29],[58,54],[16,10],[32,-3],[39,-36],[6,-14],[1,-48],[8,-33],[48,5]],[[26748,30585],[-2,-65],[-10,-29],[-74,-147],[-26,-68]],[[26444,30128],[2,30]],[[31649,24874],[15,2],[7,-41],[124,23],[-12,81],[31,5]],[[31671,24731],[-22,143]],[[26579,19419],[-416,-1],[0,113],[-412,-2],[-298,-1],[-122,0]],[[12244,8519],[195,0],[100,-2],[336,2],[1,4],[210,4],[21,-6],[-15,-49],[-5,-49],[2,-289],[0,-69]],[[13089,8065],[1,-256],[2,-137],[0,-54]],[[13092,7618],[0,-185]],[[13092,7433],[-31,-1],[-179,-1]],[[12882,7431],[0,185],[-207,-3],[-1,-62],[1,-161],[86,0]],[[12761,7390],[1,-130],[36,-1],[1,-96]],[[12516,7162],[-177,0],[-29,6],[-25,16],[-24,32],[-9,32],[-1,348],[-3,436],[-4,480],[0,7]],[[12761,7390],[121,2],[0,39]],[[13092,7433],[1,-29],[-7,-10],[-105,-150]],[[12981,7244],[-45,-66],[-2,-14]],[[27848,25755],[1,112]],[[28274,25865],[1,-146]],[[28275,25719],[2,-277]],[[28277,25442],[-220,0]],[[28057,25442],[-212,0]],[[26586,22923],[-314,-1]],[[26272,22922],[1,152],[-1,301],[-104,-1],[0,228]],[[24507,23592],[28,-1],[279,1],[83,1],[27,3]],[[25751,23600],[-1,-227],[0,-454],[522,3]],[[25821,26546],[110,1]],[[25948,26474],[-1,-14],[-58,0],[0,-140]],[[25889,26320],[-82,-1]],[[25807,26319],[1,57],[0,170],[13,0]],[[25755,26773],[62,2]],[[25817,26775],[0,-78],[4,0],[0,-151]],[[25807,26319],[-46,0]],[[25817,26775],[43,0]],[[26135,26777],[-1,-172],[104,0],[12,-2],[1,-68]],[[26251,26535],[1,-216]],[[26252,26319],[-77,1]],[[26175,26320],[-1,144]],[[26174,26464],[0,84],[-91,-1],[0,230]],[[26011,26475],[58,0],[1,-11],[104,0]],[[26175,26320],[-33,1]],[[26142,26321],[-127,-1]],[[26015,26320],[-126,0]],[[26383,26776],[102,1]],[[26485,26777],[107,-1]],[[26592,26776],[1,-228]],[[26593,26548],[-209,0]],[[26384,26548],[-1,228]],[[27169,26322],[-1,113],[-21,33],[47,24],[27,0],[-2,88],[2,77],[0,122]],[[27116,26322],[0,100],[6,37],[-53,8],[24,53],[22,29],[1,115],[-105,0]],[[27851,26321],[1,-28],[0,-200]],[[27640,26095],[1,226]],[[27011,27004],[-197,-1]],[[27011,26891],[-23,-1],[-52,17],[-23,-6],[-16,-18],[-26,-6],[-34,13],[-40,0]],[[26797,26890],[0,114]],[[26802,26776],[-5,0]],[[26797,26776],[0,114]],[[26797,26890],[-36,0],[-31,10],[-42,2],[-44,-12],[-52,-1]],[[26592,26889],[0,114]],[[26279,27116],[0,-114]],[[26279,27002],[-109,1],[-143,-1]],[[26027,27002],[-65,112]],[[26279,27002],[0,-198]],[[26279,26804],[-1,-28],[-123,1]],[[26026,27002],[1,0]],[[24713,28126],[211,0]],[[24924,28126],[2,-126]],[[24926,28000],[0,-109]],[[24926,27891],[-25,33],[-29,20],[-107,39],[-52,13]],[[24713,27996],[-30,13],[-171,92],[-10,25]],[[24926,27891],[0,-38]],[[24926,27853],[-94,0],[0,45],[-21,0],[0,-16],[-94,0]],[[24717,27882],[-3,31],[-8,17],[10,14],[-3,52]],[[24926,27853],[2,-181]],[[24928,27672],[-210,-1],[-1,211]],[[25553,28805],[418,2]],[[25970,28582],[-208,-1]],[[25762,28581],[-210,-2]],[[25972,29024],[-1,-159]],[[26178,28583],[-1,-450]],[[25968,28131],[0,205],[2,246]],[[25968,28131],[-209,-1]],[[25759,28130],[1,169],[2,282]],[[27175,30582],[-1,44]],[[27174,30626],[39,-6],[41,8],[121,2],[17,2],[190,4]],[[27581,30408],[-206,-3]],[[27375,30405],[-202,-6]],[[27173,30399],[2,183]],[[27172,30355],[1,44]],[[27375,30405],[-1,-106],[-12,-26],[-43,-26],[-25,-34],[38,-32],[14,-18]],[[27346,30163],[-33,-13],[-71,24],[-73,0]],[[27169,30174],[1,118],[2,63]],[[26958,29942],[-1,-53],[1,-172]],[[26958,29717],[-209,-2]],[[27166,29946],[0,-1]],[[27166,29945],[0,-226]],[[27166,29719],[-208,-2]],[[27166,29719],[209,2]],[[27375,29721],[1,-228]],[[27376,29493],[-209,-1]],[[27167,29492],[-1,227]],[[27375,29721],[209,3]],[[27585,29495],[-209,-2]],[[27587,29267],[-275,-2]],[[27312,29265],[-145,1]],[[27167,29266],[0,226]],[[31603,25184],[80,-1],[19,-133],[63,11]],[[31649,24874],[-8,67],[-16,95]],[[31625,25036],[-13,76],[-18,53]],[[31594,25165],[9,19]],[[31603,25184],[1,226]],[[13089,8065],[57,21],[42,-18],[103,-32],[32,4],[76,-3],[100,6],[0,-396],[-28,-25],[-8,7],[-109,4],[4,-29],[-25,-9],[20,-52],[26,-38],[51,-31],[-14,-38],[3,-61],[-14,-41],[-75,-91],[-40,-44],[-8,-31]],[[13282,7168],[-76,-2]],[[13206,7166],[1,178],[-1,110],[-5,85],[12,14],[-93,0],[0,60],[-28,5]],[[13206,7166],[-131,-2],[-94,80]],[[29334,21796],[-46,59],[-188,231],[-133,163],[-63,78],[-64,76],[-113,139]],[[26593,26548],[0,-227]],[[26384,26320],[0,228]],[[26251,26535],[31,12],[102,1]],[[26279,26804],[104,0],[0,-28]],[[26592,26776],[103,0]],[[26695,26776],[2,-15],[0,-213]],[[26697,26548],[-104,0]],[[26695,26776],[102,0]],[[26802,26548],[-105,0]],[[26697,26548],[0,-57],[5,-32],[-5,-24],[0,-113]],[[27850,26781],[262,-2],[99,1],[59,6]],[[28270,26786],[-5,-146],[1,-211],[5,-108]],[[28271,26321],[-209,0]],[[28062,26321],[-1,219],[-210,1]],[[28062,26321],[-211,0]],[[28062,26321],[-1,-227]],[[28063,27694],[46,-3],[76,-33],[83,-3]],[[28270,27225],[0,-439]],[[25860,27000],[1,90],[-2,137]],[[25860,26971],[-106,0]],[[25754,26971],[0,141]],[[25755,26943],[-1,28]],[[25545,26769],[0,45]],[[25546,27082],[0,28]],[[25164,26992],[173,2]],[[25094,26991],[70,1]],[[24981,27220],[151,0]],[[25164,26992],[-155,206],[-28,22]],[[24926,27445],[-1,-157],[13,-16]],[[24938,27272],[43,-52]],[[24354,27898],[-47,55],[-141,172]],[[23711,29243],[255,-220]],[[23879,29022],[-210,0],[-71,-4]],[[23598,29018],[-5,132],[-9,0],[-3,74],[19,12],[66,0],[14,-5],[31,12]],[[23390,29018],[5,-34],[10,-19],[44,-59],[70,-78],[35,-27],[74,-25],[54,21],[195,4]],[[23739,28523],[-65,60],[-275,249],[-65,60],[-57,50]],[[23277,28942],[18,28],[22,22],[31,17],[42,9]],[[25966,27850],[-210,-3],[1,56]],[[27312,29265],[0,-16],[-29,-1],[0,-92],[-115,-4]],[[27168,29152],[-1,60],[5,20],[-5,34]],[[28068,28586],[-105,0]],[[34362,21531],[155,-1]],[[34517,21530],[-1,-113]],[[12441,26617],[19,13],[164,-2]],[[12731,26281],[-145,167]],[[12586,26448],[-145,169]],[[12441,26617],[-36,39]],[[27430,25642],[103,0]],[[27638,25429],[-210,-14]],[[25631,26319],[20,-23],[1,-98],[-17,1],[-446,-2],[-59,-1]],[[26592,26776],[0,113]],[[10751,29622],[51,-63],[17,-26],[18,-46],[104,25],[23,-33],[1,-27],[-8,-91],[-10,-24],[-80,-6],[9,-47],[40,-197],[12,-52]],[[10928,29035],[-9,4],[-51,181],[-87,309],[-15,37],[-27,46],[-25,29]],[[10590,31848],[37,-26],[41,-49],[36,-33],[12,-36],[-3,-21],[-19,-24],[-25,-20],[-57,-31],[-15,-14],[-9,-23],[-1,-23],[10,-34],[37,-33],[28,-16],[44,-11],[90,-8],[40,-18],[19,-19],[15,-46],[-3,-26],[-14,-18],[-46,-40],[-26,-34],[-10,-50],[-16,-27],[-20,-12],[-85,23],[-36,-3],[-49,-12],[-10,-9],[0,-27],[10,-16],[46,-27],[10,-13],[-11,-37],[-31,-38],[-30,-104],[-10,-60],[-10,-17],[-26,-12],[-12,-22],[-5,-37],[1,-77],[7,-21],[26,-54],[22,-22],[87,-35],[18,-34],[39,-18],[37,0],[19,-21],[48,-74],[2,-19],[-23,-34],[-24,-15],[-50,-10],[-10,-10],[-21,-45]],[[10667,30152],[-103,-1],[0,-55]],[[10564,30096],[-22,-25],[-65,-58],[-137,194],[-51,68],[-30,-22],[-148,83],[-32,21],[4,62],[-41,28],[-22,42],[-24,22],[-14,43],[-18,12],[-36,-7],[0,-76],[-19,-31],[430,-366],[79,-74],[61,-71],[36,-46]],[[10515,29895],[79,-101]],[[10928,29035],[30,-92],[23,-59],[30,-62],[38,-68],[66,-102]],[[11464,28092],[-296,-2],[392,-451],[-461,-3]],[[11099,27636],[-173,-2],[-141,1],[-269,-3],[-218,0],[-446,9],[-71,-3],[-330,-8],[-75,-1],[-178,2],[-194,1],[-5,-220],[-3,-231],[-207,0],[-627,5]],[[10898,29688],[38,-55],[28,-13],[27,0],[51,9],[23,-1],[53,-22],[21,-25],[2,-13],[-14,-59],[-17,-44],[-15,-31],[13,-9],[37,-1],[72,36],[40,-16],[17,-18],[43,-65],[21,-52],[-1,-30],[27,-45],[4,-38],[10,-24],[47,-59],[34,4],[15,-4],[29,10],[17,-3]],[[12341,26730],[4,-77]],[[12345,26653],[-52,-1],[-1,35],[-54,-1],[-1,-148],[-2,-53],[-4,-201]],[[12231,26284],[-1157,-8],[2,389],[6,137],[3,170],[6,240],[3,4],[0,199],[5,221]],[[12341,26311],[178,181],[52,-59],[15,15]],[[12731,26281],[-79,7],[-146,-3],[-166,0]],[[12340,26285],[1,26]],[[12231,26284],[109,1]],[[12332,25374],[-421,-1],[-4,-454],[-418,-2],[-227,1],[-174,-2],[-474,-2],[-384,-1],[-3,-79],[-1,-254],[-5,-30],[13,-17],[-2,-69],[-101,-2],[-15,-2],[-358,-1],[-213,1],[-36,4],[-119,-2],[1,-122],[-3,-159],[-48,-23],[-26,-8],[-21,-19],[-32,-19],[-127,-71],[-187,-106],[-388,-219],[-183,-95],[-240,-122],[-375,-193],[-364,-186],[-114,-56],[-375,-185],[-45,-23],[-225,-110],[-113,-57],[-19,-6],[-48,0],[-3,-72],[-18,-17],[-22,-43],[-4,-18],[-23,-36],[-18,-14],[-22,-5],[-24,5],[-27,-11],[-91,-63],[-55,-36],[-67,-27],[-44,-3],[-3,24],[-13,15],[-22,-10],[-28,-44],[-77,-37],[-34,-21],[-18,-27],[-8,-22],[-19,-31],[-43,-79],[-45,-69],[-20,-35],[-50,-19],[-22,-22],[-23,-1],[-14,-12],[-23,-45],[-58,-74],[-23,-39],[-55,-62],[-3,-28],[8,-9],[-3,-60],[13,-29],[2,-60],[-3,-24],[-21,-60],[-9,-34],[-30,-36],[-7,-16],[-10,-43],[-34,-60],[-21,-135],[-37,-101],[-16,-14],[-26,-1],[-34,-23],[-17,-71],[-12,-26],[-27,-12],[-31,5],[-36,-5],[-41,21],[-43,37],[10,-32],[-10,-14],[-29,25],[-49,35],[-39,4],[-12,-3],[-49,20],[-22,-5],[-64,-2],[-27,-11],[-11,-12]],[[4702,20954],[-71,77],[-184,200],[-519,561],[-37,27],[-279,296],[-268,289],[-412,440],[-316,339],[-646,692],[-508,546],[-7,8]],[[12290,19916],[-1,-399],[0,-284],[-1,-482],[0,-306],[0,-351],[-4,-28],[-10,-34],[-15,-29],[-36,-50],[-10,-21],[-12,-64],[-6,-206],[-5,-49],[-1,-172],[-1,-247],[5,-23],[3,-85],[-1,-327],[-3,-28]],[[12192,16731],[-3,-29],[0,-85],[-5,-57],[-12,-53]],[[12172,16507],[-9,-39],[2,-45],[19,-50],[5,-31],[-1,-206],[-1,-268],[11,-52],[-127,-32],[-60,-48],[-53,-8],[-20,-21],[-38,-28],[-32,-17],[-31,-1],[-12,-11],[7,-37],[-25,-7],[-16,16],[-26,0],[-20,-32],[-12,-33],[-12,-16],[-31,-10],[-24,4],[-25,-13],[16,-36],[-9,-21],[-15,-11],[-15,19],[-14,-6],[-6,-52],[-10,-9],[-40,-13],[-44,-4],[-7,-13],[8,-37],[-8,-23],[-1,-25],[-12,-6],[-25,21],[-24,2],[-13,-20],[-7,-30],[-14,-11],[-21,-2],[-15,17],[-29,20],[-22,28],[-11,28],[-46,57],[-17,36],[-28,20],[-25,4],[-30,26],[-60,3],[-28,13],[13,20],[0,35],[-27,25],[-14,-21],[-61,-28],[-2,19],[21,22],[-15,30],[-22,-9],[-21,5],[14,57],[16,38],[-23,5],[-14,-15],[-21,1],[2,47],[-27,41],[-32,6],[-26,28],[-15,-13],[-9,-28],[-19,-1],[-13,20],[-19,12],[-22,0],[-16,-13],[-13,28],[28,30],[2,28],[-17,14],[-19,1],[-61,18],[8,23],[-39,0],[-24,19],[-41,-7],[-56,28],[-17,24],[-25,10],[-28,-12],[-19,-30],[-33,-15],[-6,-66],[-57,4],[2,-54],[-15,-14],[-20,6],[-19,-26],[-17,3],[-8,44],[-22,24],[-26,-10],[-15,-50],[-13,-24],[-29,-11],[-13,-31],[-14,-14],[-49,-17],[-32,-4],[2,-36],[-5,-19],[-28,-5],[-28,14],[-24,-4],[-26,-32],[7,-35],[-25,-16],[-7,-44],[-13,-5],[-31,31],[-46,-4],[-19,-6],[-49,9],[-50,17],[-12,-9],[13,-35],[-22,-22],[-1,-17],[-24,-19],[-22,17],[-44,-36],[-16,-19],[-7,-58],[-27,-13],[-49,-35],[-6,-32],[-25,2],[-20,11],[-18,-9],[-30,-5],[-19,-15],[-11,13],[-7,26],[-33,18],[-9,-3],[3,-30],[-14,-25],[-18,25],[-31,18],[-16,23],[-23,-17],[-46,-9],[-17,-11],[-38,-14],[-12,17],[-26,-18],[-15,-2],[-21,24],[-17,-22],[-4,-42],[-16,-11],[-26,-1],[-41,41],[-14,-3],[-33,-27],[-21,19],[-18,-31],[-16,4],[-12,21],[-46,-1],[-21,-22],[-17,29],[-20,18],[-35,-23],[-11,-2],[-40,16],[-13,-7],[-5,-17],[-48,2],[-7,-14],[13,-13],[-31,-44],[-18,-43],[-14,-3],[-14,26],[-20,-4],[-15,15],[-22,-19],[-31,-6],[-13,-16],[-29,-18],[-16,16],[-23,3],[-26,19],[-17,-2],[-31,10],[-12,-2],[-14,-23],[-25,-2],[-24,35],[-38,16],[-11,30],[-50,-5],[-7,15],[-45,-11],[-25,6],[-3,16],[-31,-12],[-34,-4],[-29,8],[-15,-13],[-18,8],[-28,-16],[-42,12],[-12,18],[-20,0],[-15,-22],[-30,-3],[-21,8],[-13,-17],[-43,-5],[-18,5],[-35,-24],[-4,-16],[-24,3],[-13,-23],[-17,5],[-11,-18],[-28,-7]],[[7462,15115],[-2,240],[-4,245],[-2,259],[4,14],[0,71],[-1,477],[4,41],[0,435],[1,321],[4,239],[-2,472],[-3,211],[-152,0],[-222,243],[-86,87],[-81,88],[-129,134],[-712,770],[-466,503],[-123,137],[-489,529],[-299,323]],[[19497,25603],[210,4]],[[19707,25607],[95,0]],[[19802,25607],[-2,-215],[116,-1]],[[19916,25391],[0,-19]],[[19916,25372],[-212,-1],[-211,0],[1,156],[3,76]],[[19802,25607],[116,3]],[[19918,25610],[-2,-219]],[[19918,25610],[203,0]],[[20121,25610],[1,-221],[-206,2]],[[20121,25610],[99,1]],[[20220,25611],[1,-59],[12,-34],[3,-22],[0,-83],[25,-8],[1,-16],[69,16],[-2,-248],[-4,-227]],[[19910,24927],[3,116],[3,329]],[[20220,25611],[111,1],[421,-1]],[[19077,25604],[210,0],[210,-1]],[[31165,19555],[22,-26],[20,-8],[387,-2],[19,-2],[189,0]],[[31802,19517],[1,-68],[1,-317]],[[31804,19132],[-105,-1],[0,32],[-104,1],[-1,-100],[-107,1]],[[31440,19117],[-162,177],[-112,127]],[[16818,16301],[-417,-6],[-409,0],[-424,-4],[-192,-2],[-205,-1],[-435,-5],[-427,-3],[-410,-1],[-281,1],[-145,-1],[-9,7],[0,285],[-7,39],[-15,37],[-30,41],[-48,32],[-40,11],[-197,2],[-214,0],[-491,-2],[-230,0]],[[31802,19517],[237,-2],[228,2],[156,0],[52,-3]],[[32475,19514],[-50,-46],[-173,-177],[-201,-216],[-8,-13]],[[32043,19062],[-239,2]],[[31804,19064],[0,68]],[[10564,30096],[-1,-104]],[[10563,29992],[0,-42],[-15,-27],[-33,-28]],[[33115,35475],[39,-160],[-15,-2],[80,-264],[97,-397],[22,-97],[62,-265],[36,-170],[11,-29],[116,-514],[69,-272],[55,-278]],[[33687,33027],[-46,22],[-49,19],[-73,3],[-50,10],[-15,-3],[-22,-24],[-22,-14],[-32,6],[-28,-5],[-40,2],[-38,-7],[-49,14],[-16,-19],[-27,-12],[-43,-3],[-57,-31],[-53,-39],[-17,3],[-20,-23],[4,-38],[-5,-36],[-14,-36],[-22,-14],[-25,-32],[-29,2],[-16,-6],[-25,-51],[-16,-22],[-11,-38],[-22,-17],[-20,0],[-16,11]],[[10563,29992],[110,-3],[-1,66]],[[30358,27000],[0,-136],[3,-96]],[[30361,26768],[-1,-395],[2,-290],[1,-116],[-1,-110]],[[30362,25857],[-41,0],[-317,4],[-69,1],[-407,34]],[[29111,26317],[-2,565],[0,344]],[[31897,22008],[72,-1]],[[31969,22007],[44,0]],[[32013,22007],[1,-228]],[[31969,21779],[-1,61],[-20,38],[-46,2],[-11,71],[6,57]],[[35410,35330],[24,2],[24,-28],[11,-30],[87,0],[13,12],[15,28],[31,33],[21,29],[7,19],[3,35],[12,24],[60,52],[8,49],[21,12],[11,18],[6,28],[30,54],[52,39],[25,34],[9,29],[-7,26],[4,15],[34,22],[8,14],[-12,41],[28,31],[28,4],[32,36],[20,7],[3,22],[12,6],[44,6],[21,11],[37,3],[14,21],[22,13],[19,-5],[37,-21]],[[36224,36021],[-8,-31],[13,-43],[23,-24],[45,-37],[19,-6],[37,-4],[55,-32],[-1,-20],[13,-5],[19,28],[21,-2],[8,-17],[33,-5],[51,-36],[13,-30],[14,-17],[53,-17],[31,0],[44,-33],[8,-21],[30,-43],[1,-35],[29,-21],[19,0],[24,24],[21,-7],[20,-19],[23,-10],[28,12],[34,-3],[18,24],[34,-18],[31,-3],[5,-10],[27,-16],[32,0],[18,9],[20,-7],[18,14],[23,1],[-1,-27],[17,-19],[24,13],[21,-6],[60,13],[11,-9],[41,-7],[25,-25],[3,-10],[27,-9],[14,-17],[17,-6],[34,-2],[24,-15],[13,-33],[11,5],[35,-4],[14,4],[76,39],[30,-25],[36,4],[24,-32],[7,-27],[24,39],[-69,42],[-7,15],[-21,78],[-28,88],[-43,54],[-22,22],[-30,38],[-26,24],[1,21],[29,35],[47,36],[30,11],[41,9],[7,11],[6,55],[-24,31],[6,24],[35,84],[11,42],[-3,42],[6,41],[-14,55],[-4,61],[21,39],[12,30],[43,75],[19,40],[40,26],[3,10],[-30,6],[-10,10],[-15,-8],[-24,1],[-10,-17],[-25,-14],[-9,20],[-15,-7],[-24,7],[-18,-9],[-26,8],[32,23],[23,46],[-16,1],[-27,-12],[-16,8],[-16,28],[15,13],[65,7],[14,34],[43,26],[24,25],[43,31],[58,21],[13,10],[7,33],[-14,23],[6,18],[39,5],[8,12],[-1,23],[6,34],[-11,16],[17,47],[-11,25]],[[37918,37038],[40,-11],[78,-40],[32,12],[13,20],[39,40],[29,13],[34,30],[29,30],[38,-19],[52,-8],[23,-14],[113,-25],[57,-9],[31,26],[27,3],[35,-19],[20,2],[47,19],[37,8],[108,-15],[92,4],[-21,35],[-51,47],[2,28],[-11,39],[-20,15],[-13,31],[-31,18],[-21,34],[-25,22],[7,35],[-9,39],[-21,18],[-4,27],[-10,17],[-27,3],[-18,12],[-20,-28],[-28,-13],[-27,-3],[-14,6],[-33,-2],[-10,14],[-23,7],[-23,24],[-16,23],[-11,40],[-20,23],[-48,15],[-17,16],[-10,39],[8,12],[-1,59],[11,21],[31,15],[1,66],[4,9],[26,14],[-33,33],[-15,24],[2,23],[-10,17],[4,25],[-13,14],[-4,28],[24,21],[-1,27],[12,22],[54,-12],[11,19],[-9,34],[12,52]],[[38433,38189],[11,20],[5,26],[-3,43],[7,20],[50,28],[25,7],[32,18],[20,0],[24,11],[15,15],[32,13],[-4,23],[7,18],[23,27],[31,17],[26,53],[11,14],[-1,15],[17,26],[7,26],[18,27],[34,20],[29,9],[17,33],[31,11],[30,25],[32,44],[3,26],[17,38],[21,18],[11,23],[38,21],[16,63],[15,21],[37,33],[78,-30],[33,3],[61,39],[41,3],[45,-16],[31,0],[96,9],[43,-7],[30,8],[208,118],[22,17],[9,21],[-5,29],[-26,34],[-20,56],[-19,29],[-28,20],[-20,25],[-7,35],[6,26],[38,51],[7,27],[2,39],[9,30],[38,57],[9,37],[0,20],[-10,67],[3,61],[12,54],[1,27],[-6,63],[5,53],[15,46],[2,29],[-6,23],[22,1],[35,11],[43,35],[15,-17],[23,-3],[24,3],[54,27],[55,5],[23,-18],[-3,-38],[12,-22],[39,-1],[20,-20],[28,14],[27,-15],[29,6],[23,13],[39,-22],[17,6],[11,20],[17,3],[31,43],[17,-16],[51,-22],[43,-5],[9,-22],[20,-20],[17,3],[20,-35],[1,-19],[19,-25],[-9,-28],[0,-26],[17,-37],[47,-16],[15,-14],[31,-7],[14,-27],[18,-16],[43,-23],[23,-4],[43,3],[28,-21],[15,20],[45,14],[16,-2],[12,-16],[27,-12],[27,-3],[56,-80],[24,2],[29,-7],[55,-24],[26,-20],[14,-19],[62,-42],[52,0],[61,-12],[61,21],[23,-3],[19,-13],[58,-4],[41,16],[41,7],[57,-21],[36,6],[18,-8],[25,-26],[34,-8],[25,13],[-4,13],[-3,71],[33,-42],[33,-7],[18,4],[19,31],[16,11],[45,11],[26,12],[2,17],[13,11],[74,21],[24,15],[47,0],[30,10],[12,11],[22,4],[20,-22],[16,-1],[15,-21],[10,24],[20,87],[-2,44],[21,61],[27,6],[26,20],[20,38],[40,11],[-14,51],[-16,34],[-28,75],[-32,36],[-19,46],[-10,34],[4,20],[19,28],[-6,22],[14,8],[11,36],[31,43],[1,41],[12,30],[-4,61],[-12,24],[-7,33],[2,33],[18,58],[-25,40],[-4,15],[-17,9],[-20,34],[-4,23],[-13,8],[-15,30],[-20,75],[-21,16],[-10,39],[-34,53],[-5,23],[-22,43],[-22,15],[-8,22],[-25,30],[-12,40],[-23,14],[-4,17],[-17,5],[-39,0],[-20,13],[2,19],[-15,5],[-31,23],[-10,36],[-22,4],[40,33],[18,43],[27,31],[10,22],[-5,23],[5,18],[-11,33],[-1,50],[-4,12],[-1,58],[-11,25],[-14,45],[2,19],[-5,43],[27,19],[-9,32],[-5,65],[2,24],[10,30],[15,65],[2,37],[-10,81],[-28,42],[-37,38],[9,33],[24,30],[24,15],[-3,53],[-12,32],[-29,21],[-51,-1],[-72,27],[0,38],[-16,30],[-13,50],[1,16],[14,32],[21,68],[23,33],[35,22],[21,41],[11,-40],[17,-2],[37,43],[52,34],[9,35],[13,14],[28,52],[3,57],[-14,23],[29,22],[37,19],[21,-3],[-11,24],[-32,-6],[-20,14],[-7,19],[7,46],[18,61],[23,11],[26,0],[15,26],[-1,22],[-17,10],[-1,37],[-19,12],[-27,26],[-11,22],[-19,7],[-28,23],[-3,19],[10,24],[1,42],[-15,38],[-43,18],[-18,-20],[-21,10],[8,54],[-25,39],[-27,24],[-24,61],[-48,86],[-17,18],[-33,-20],[-24,-4],[-40,10],[-40,-16],[-54,20],[-10,13],[-18,5],[-4,28],[-18,42],[-11,8],[-57,-21],[-25,2],[-27,19],[-91,55],[-28,11],[-39,0],[-33,48],[-39,25],[-18,-5],[-16,8],[-63,2],[-17,9],[-21,32],[-27,68],[-3,24],[-9,20],[-36,39],[-27,17],[-34,38],[-5,17],[-24,40],[17,51],[-13,18],[7,26],[-17,26],[-2,17],[-17,7],[-24,46],[-1,13],[-17,23],[-17,7],[-21,-34],[-33,-2],[-2,11],[-22,21],[-4,18],[-23,9],[-9,29],[-26,-4],[-24,38],[-9,25],[-38,31],[-16,41],[-36,22],[-12,-1],[-26,19],[0,19],[-16,27],[-10,31],[-23,21],[-30,56],[-2,22],[9,18],[-5,13],[-30,19],[-10,22],[-28,16],[-6,11],[-43,27],[-25,35],[-39,28],[-25,-17],[-26,-10],[-23,2],[-9,-24],[-28,-6],[-31,30],[-18,5],[-23,17],[-26,-4],[-41,-24],[-71,8],[-40,15],[-29,1],[-9,30],[-18,17],[-31,-21],[-39,18],[-23,35],[-35,17],[-17,1],[-16,19],[-42,19],[-24,29],[-27,0],[-11,-28],[-29,-46],[-12,-5],[-44,1],[-27,-18],[-15,-40],[-37,-3],[-18,12],[-15,21],[-13,34],[-21,13],[-25,-3],[-30,-38],[-23,12],[-3,32],[10,10],[-6,25],[-39,13],[-49,-20],[-27,24],[-17,-21],[-31,5],[-18,-10],[-46,10],[-25,-14],[-21,3],[1,18],[-16,8],[-26,-7],[-22,-14],[-39,-9],[-37,23],[-14,-25],[-16,-3],[-35,9],[-19,-10],[-17,-22],[-26,-12],[-8,-33],[-22,-75],[-11,-26],[-26,-21],[1,-21],[22,-20],[-27,-17],[-9,-23],[-21,-15],[-23,-7],[-10,-29],[5,-23],[-26,-19],[-50,-9],[-32,-16],[-32,2],[-21,-16],[-25,1],[-14,8],[-20,-10],[-12,4],[-26,-8],[-35,32],[-55,-47],[-43,-9],[-26,14],[-26,-26],[-35,-4],[-11,9],[-5,50],[-9,27],[-28,31],[-35,0],[-1,18],[-14,24],[-6,22],[-37,0],[-16,6],[-43,36],[-33,9],[-35,-2],[-17,15],[-25,36],[-43,-2],[-20,6],[-57,26],[-18,43],[-21,0],[-37,-26],[-13,-42],[-35,-11],[-16,-13],[-22,3],[-18,-6],[-14,11],[-38,-4],[-27,3],[-52,-15],[-12,-8],[-27,0],[-15,-11],[-43,15],[-13,28],[-14,14],[-11,-18],[-22,0],[2,-20],[-17,-46],[1,-20],[-20,-11],[-25,-41],[-28,-3]],[[37202,44968],[3,21],[13,30],[54,96],[18,26],[24,22],[27,18],[51,40],[19,22],[56,88],[66,96],[331,381],[238,255],[590,626],[474,507],[739,790],[414,443],[799,870],[376,410],[689,737],[578,618],[616,660],[619,662],[35,-37],[9,-35],[37,-15],[46,-7],[35,-15],[26,-31],[79,-60],[104,-100],[44,-53],[28,-65],[23,-38],[30,-10],[12,4],[49,-47],[148,-46],[33,-25],[30,9],[30,-13],[28,-3],[44,13],[28,-34],[16,-35],[35,-6],[34,-53],[33,-62],[37,-138],[42,10],[18,31],[44,40],[61,3],[23,-31],[72,-3],[39,-9],[28,22],[35,65],[0,13],[16,31],[21,25],[44,-10],[35,-3],[12,10],[23,46],[30,29],[21,12],[62,-25],[33,6],[37,-6],[12,-31],[2,-22],[26,-22],[60,-15],[23,-25],[12,-32],[-7,-46],[39,-97],[19,-41],[25,-12],[33,-6],[48,-16],[31,-34],[18,-44],[60,-59],[84,-10],[44,16],[49,34],[30,0],[42,-9],[44,12],[60,-103],[44,-115],[35,-19],[23,-40],[-4,-35],[11,-31],[70,-47],[35,-75],[25,-25],[21,-37],[28,-31],[21,-38],[-12,-31],[-23,-44],[-2,-34],[20,-53],[72,-22],[58,3],[40,13],[46,9],[35,-25],[39,-68],[45,-66],[27,-12],[33,-4],[28,-12],[11,-56],[0,-53],[7,-31],[17,-7],[20,-22],[-2,-46],[-9,-60],[2,-31],[26,-25],[113,-50],[54,-9],[51,9],[39,-9],[19,0],[28,-16],[27,-43],[42,-57],[23,-15],[63,-59],[16,-35],[10,-46],[-9,-47],[10,-38],[26,-59],[-2,-43],[-27,-57],[2,-32],[15,-43],[7,-36],[23,-19],[6,-28],[-2,-40],[10,-43],[28,-38],[11,-23],[-35,-33],[-7,-29],[27,-34],[130,-81],[16,2],[45,53],[81,52],[56,53],[96,29],[41,21],[23,-11],[17,-43],[35,-18],[69,24],[61,39],[52,16],[19,59],[46,27],[129,56],[24,16],[29,-8],[54,-36],[39,-11],[77,39],[35,40],[27,12],[75,-10],[92,2],[29,-10],[25,-28],[6,-42],[13,-26],[47,-22],[25,-36],[26,-80],[33,-44],[29,-17],[23,-8],[-6,-73],[29,-76],[96,-78],[71,-63],[3,-90],[55,-78],[21,-78],[27,-63],[27,-29],[29,-11],[45,-2],[11,-46],[24,-10],[30,-1],[37,19],[29,-12],[-11,-24],[1,-48],[18,-76],[13,-28],[12,-66],[42,-68],[27,-65],[3,-63],[-2,-38],[-14,-96],[-3,-82],[-13,-60],[-31,-55],[-55,-34],[-29,-33],[-15,-67],[-23,-78],[-18,-45],[-41,-46],[-28,-3],[-19,11],[-24,35],[-16,34],[-61,-2],[-36,-18],[-59,-72],[-18,-49],[-3,-38],[-45,-101],[-22,-73],[25,-102],[16,-48],[-5,-25],[-74,-131],[-19,-42],[-17,-113],[-35,-78],[-41,-63],[4,-31],[19,-43],[40,-48],[34,-31],[8,-25],[-3,-38],[46,-60],[23,-77],[29,-17],[30,-3],[13,-15],[0,-62],[3,-55],[19,-59],[25,-23],[44,-7],[43,5],[10,-7],[7,-55],[47,-86],[30,-51],[41,-20],[6,-15],[-15,-27],[-23,2],[-17,-20],[5,-65],[17,-36],[23,-56],[-11,-42],[-36,-30],[-60,-17],[-87,8],[-40,-8],[-40,-28],[-37,-32],[-1,-48],[-29,-42],[-32,-37],[-7,-21],[3,-38],[-3,-28],[-18,-55],[-4,-38],[-27,-70],[-3,-30],[26,-46],[34,-49],[61,-49],[10,-30],[-7,-28],[23,-34],[7,-29],[31,-19],[103,17],[21,-10],[27,-26],[42,-9],[24,-27],[64,-44],[44,12],[15,-16],[80,-50],[15,-17],[18,-7],[32,8],[41,-39],[38,-52],[36,-23],[46,-62],[19,-22],[26,-9],[41,-1],[28,-60],[16,-15],[35,-7],[6,-14],[28,-80],[29,-38],[25,-3],[133,72],[31,11],[28,62],[35,57],[34,41],[87,33],[55,39],[154,90],[15,-27],[40,-44],[32,-62],[50,-46],[11,-17],[8,-89],[28,-77],[43,-79],[33,-43],[18,-35],[77,-114],[22,-8],[23,-28],[5,-37],[14,-18],[55,37],[15,-5],[5,-20],[-11,-71],[7,-42],[47,-68],[17,-59],[33,-39],[8,-24],[3,-43],[14,-29],[31,-16],[19,-33],[29,-28],[23,-14],[5,-36],[-3,-72],[21,-41],[26,-27],[12,-28],[12,-60],[0,-47],[23,-44],[23,-25],[35,-8],[13,-16],[11,-39],[25,-24],[0,-44],[18,-54],[4,-35],[77,-52],[10,-10],[1,-42],[15,-37],[43,-61],[44,-25],[47,-63],[4,-29],[-24,-32],[-31,-21],[-34,-69],[-100,-157],[-20,-39],[-1,-27],[-15,-31],[-11,-4],[-42,12],[-20,-10],[-36,-57],[-18,-20],[-45,-28],[-34,-36],[-20,-48],[0,-43],[6,-74],[-5,-47],[46,-77],[7,-35],[-15,-32],[-24,-36],[-27,-63],[-24,-39],[-6,-30],[25,-45],[25,-61],[27,-21],[30,-14],[23,-4],[28,-76],[11,-17],[10,-32],[-2,-112],[-8,-28],[15,-12],[26,-3],[32,8],[9,-14],[-7,-20],[-73,-109],[-22,-48],[-4,-40],[-17,-21],[-17,-29],[6,-24],[16,-25],[13,-6],[9,-59],[28,-27],[26,-15],[17,-41],[25,-21],[22,-27],[21,-79],[29,-22],[15,10],[13,-15],[0,-31],[6,-19],[37,-62],[62,-11],[7,-16],[-7,-31],[18,-76],[-31,-80],[4,-33],[33,-69],[14,-17],[20,-49],[-6,-12],[-50,-60],[-10,-31],[6,-30],[-2,-34],[-124,-134],[-9,-36],[18,-17],[15,-4],[10,-21],[6,-30],[34,-51],[60,-62],[-2,-15],[-17,-23],[-4,-33],[15,-79],[-14,-36],[6,-25],[27,-33],[97,-85],[7,-13],[1,-38],[14,-25],[44,-15],[53,-23],[36,-58],[12,-76],[1,-34],[82,-51],[42,-4],[35,25],[28,-2],[24,-40],[46,-47],[52,-24],[32,0],[72,48],[80,3],[52,-35],[37,-10],[22,11],[28,43],[33,22],[32,-4],[16,17],[20,9],[52,7],[35,17],[56,12],[53,33],[20,7],[29,-52],[36,-17],[12,-12],[32,2],[8,-7],[29,4],[26,-45],[9,-8],[45,-2],[32,-27],[57,-36],[30,1],[35,-6],[20,7],[60,39],[28,7],[36,-48]],[[54001,38371],[-55,-218],[-42,-49],[-41,-15],[-20,-51],[-17,-24],[-37,-37],[-18,-9],[-60,-64],[-4,-31],[-14,-51],[-20,-38],[-18,-9],[-2,-20],[-26,-22],[-19,-28],[13,-32],[3,-33],[17,-30],[9,-66],[20,-32],[33,2],[43,-49],[4,-20],[15,-24],[3,-36],[10,-18],[20,-14],[2,-22],[14,-37],[19,-21],[-2,-25],[-16,0],[13,-38],[26,-13],[13,-21],[7,-65],[9,-42],[16,-32],[7,-25],[16,-2],[4,-42],[-32,-78],[12,-48],[-12,-58],[5,-61],[-19,-23],[1,-45],[-12,-22],[3,-19],[-10,-19],[-5,-27],[6,-25],[-2,-85],[-6,-24],[26,-27],[-10,-43],[36,-29],[4,-28],[39,-57],[40,-89],[-9,-19],[21,-23],[2,-36],[8,-19],[27,-14],[19,12],[1,-20],[-15,-27],[14,-8],[37,-1],[1,-29],[12,-15],[15,-35],[55,-48],[19,-13],[0,-20],[18,-32],[14,-37],[1,-17],[13,-20],[28,-11],[2,-27],[-14,-39],[-8,-50],[-13,-10],[2,-46],[-9,-21],[1,-38],[8,-22],[-5,-34],[8,-19],[5,-45],[-11,-40],[11,-39],[1,-22],[12,-33],[16,-26],[5,-75],[-7,-64],[-15,-43],[5,-23],[-9,-22],[16,-62],[-7,-22],[26,-46],[1,-32],[12,-43],[-3,-20],[-23,-34],[-50,-29],[-12,-23],[-28,-36],[-26,-7],[-18,-24],[7,-58],[-2,-30],[7,-22],[-20,-54],[-1,-30],[14,-25],[-1,-61],[-3,-35],[-25,-11],[-13,-37],[-6,-31],[-44,-38],[-34,-45],[-7,-27],[5,-55],[13,-21],[14,-42],[-25,-9],[-21,-31],[-45,-17],[-20,-31],[4,-34],[-14,-12],[-15,-25],[-31,-14],[-15,-37],[-42,-3],[-39,37],[-32,4],[-15,-8],[-24,-1],[-33,19],[-19,-3],[-48,3],[-16,-25],[-43,-4],[-21,-13],[-27,-35],[-17,-1],[-68,-38],[-19,-29],[-19,-15],[-48,-24],[-27,-29],[-58,-37],[-19,-18],[-9,-31],[-32,-6],[-9,-10],[5,-31],[-33,-30],[-13,-45],[-13,-21],[-24,-8],[-46,1],[-9,-21],[-22,-4],[-9,-27],[2,-48],[-7,-26],[-37,-28],[-16,-21],[-11,-29],[-49,-30],[-16,-29],[-2,-42],[10,-20],[-6,-18],[-21,-4],[-17,-38],[-34,-22],[-17,-36],[-32,-33],[-32,-10],[-16,-12],[-13,-23],[-43,-36],[-7,-26],[-40,-48],[-34,-18],[-76,-49],[-14,-20],[-20,-15],[-4,-39],[-41,-10],[-19,-15],[-86,4],[-26,-26],[-41,-23],[-14,-16],[-41,-6],[-16,-14],[-20,-1],[-52,-32],[-23,-6],[-27,-19],[-35,-1],[-39,15],[-69,-8],[-26,-20],[-117,6],[-18,-23],[-36,-7],[-56,-15],[-32,1],[-27,-21],[-45,2],[-37,-41],[-76,-28],[-36,-20],[-51,1],[-45,-28],[-25,-8],[-38,-6],[-55,10],[-24,-14],[-23,-1],[-18,13],[-15,-10],[-14,4],[-37,-8],[-39,-1],[-24,-8],[-21,0],[-20,-21],[-21,-36],[-24,2],[-43,-30],[-26,-8],[-57,-39],[-12,0],[-47,-32],[-22,-19],[-13,-23],[-30,-8],[-36,-19],[-30,-2],[-22,-11],[-15,9],[-10,-12],[-31,-6],[-29,-29],[-13,-5],[-38,11],[-27,-23],[-2,-32],[-11,-30],[-24,-24],[-21,-6],[-18,-20],[-28,0],[-33,-10],[-5,-16],[-27,-10],[-24,-49],[-47,-53],[1,-36],[-19,-17],[-50,7],[-11,-25],[-18,-17],[-24,-9],[-3,-13],[-59,-68],[-29,-19],[-20,-1],[-19,-17],[-34,-13],[-73,-51],[-38,-4],[-12,-11],[-50,-4],[-26,-17],[-17,-41],[-41,-15],[-10,3],[-32,-12],[-25,11],[-37,-16],[-20,-21],[-9,-50],[-16,-47],[3,-20],[-30,-27],[-25,-41],[3,-34],[21,-36],[8,-38],[-6,-23],[-28,-33],[11,-25],[-13,-34],[-21,-6],[-73,-40],[-18,-20],[-31,-12],[-30,-26],[-25,-39],[-3,-20],[3,-46],[21,-72],[0,-53],[-13,-47],[-33,-5],[-33,-19],[-51,-1],[-16,-15],[-3,-26],[-21,-65],[8,-12],[2,-34],[-28,-26],[-8,-26],[-22,-38],[-14,-14],[-59,-15],[-29,-19],[-41,-3],[-31,-22],[-53,-48],[-5,-36],[-13,-44],[-37,-49],[-28,-26],[-16,-6],[-36,14],[-27,5],[-69,1],[-11,-4],[-23,-38],[-18,-20],[-11,-29],[-43,-39],[-42,-29],[-24,-8],[-6,-21],[-18,-18],[-13,-24],[-2,-38],[-9,-26],[1,-45],[-11,-47],[-6,-43],[-10,-34],[-12,-25],[-22,-18],[-11,1],[-35,20],[-66,2],[-33,-7],[-55,-7],[-24,-16],[-11,-20],[-13,-8],[-56,24],[-19,3],[-29,-14],[-27,0],[-15,-6],[-19,-23],[-31,-12],[-15,-15],[-58,-39],[-61,-20],[-63,-26],[-32,-4],[-39,-24],[-18,-16],[-14,-25],[-7,-33],[-14,-27],[-60,-73],[-25,-13],[-33,-10],[-62,8],[-37,22],[-13,33],[-36,26],[-20,21],[-22,2],[-51,-9],[-38,5],[-24,-5],[-28,18],[-40,17],[-49,33],[-54,19],[-34,20],[-25,27],[-31,1],[-47,10],[-30,12],[-34,-13],[-95,-19],[-55,3],[-72,42],[-30,28],[-33,18],[-33,6],[-28,-2],[-40,-15],[-14,-13],[-25,-11],[-15,2],[-36,22],[-48,6],[-57,52],[-36,29],[-18,35],[-46,28],[-49,52],[-18,26],[-33,19],[-19,40],[-46,28],[-22,6],[-69,5],[-67,30],[-64,25],[-24,13],[-18,3],[-33,-34],[-36,-7],[-55,18],[-35,-6],[-35,-27],[-29,-5],[-22,3],[-40,30],[-21,38],[-12,32],[-23,20],[-17,2],[-61,-9],[-39,-11],[-37,-18],[-30,-2],[-30,16],[-34,1],[-45,7],[-14,-3],[-49,12],[-50,28],[-25,0],[-15,-13],[-29,-38],[-31,-17],[-31,2],[-26,-4],[-23,-12],[-74,-54],[-39,-8],[-56,-40],[-45,-7],[-32,21],[-44,42],[-31,54],[-25,23],[-16,6],[-29,-15],[-26,-43],[-31,-16],[-28,-20],[-31,-4],[-54,13],[-49,38],[-37,14],[-24,16],[-27,51],[-18,8],[-32,-8],[-36,15],[-39,-2],[-105,-41],[-32,-26],[-29,-17],[-23,-7],[-26,5],[-31,15],[-33,-3],[-19,-11],[-59,-15],[-38,2],[-39,-8],[-29,0],[-43,32],[-12,19],[-5,37],[-17,10],[-23,-1],[-42,-45],[-34,-1],[-39,-8],[-41,-92],[-16,-4],[-55,8],[-28,-5],[-27,-15],[-17,-23],[-27,-21],[-23,-5],[-35,5],[-55,41],[-29,4],[-34,-4],[-23,8],[-21,14],[-39,47],[-12,7],[-31,-11],[-13,-40],[-48,-5],[-37,20],[-17,2],[-65,34],[-15,2],[-32,-42],[-8,-34],[-22,-52],[-30,-8],[-19,14],[-15,29],[-31,23],[-19,-4],[-23,-15]],[[42293,29666],[-42,-3],[-29,22],[-10,26],[-63,63],[-26,-6],[-29,-34],[-14,-28],[-23,-6],[-36,-23],[-31,-44],[-13,-11],[-17,0],[-14,12],[-15,38],[-39,24],[-45,7],[-47,16],[-47,24],[-26,24],[-47,65],[-19,11],[-22,-1],[-24,6],[-20,14],[-8,17],[-10,63],[-23,59],[-20,16],[-7,24],[-22,28],[-30,17]],[[41475,30086],[-4,12],[-31,-8],[-26,-19],[-13,3],[5,29],[23,63],[9,61],[5,18],[-2,78],[6,19],[27,13],[62,-15],[62,1],[16,-11],[17,1],[38,-16],[24,9],[12,11],[22,53],[-6,36],[-9,17],[0,61],[-14,21],[-10,44],[3,26],[-6,37],[0,44],[7,41],[10,15],[-9,76],[-18,50],[3,16],[-11,34],[-2,63],[3,43],[12,41],[20,24],[-26,26],[-32,-9],[-33,22],[-8,21],[-36,49],[-2,19],[-23,8],[-11,15],[-10,32],[-33,33],[-71,87],[-23,22],[-42,22],[-34,-3],[-7,15],[11,25],[2,32],[-19,53],[-15,-13],[7,-47],[-9,-15],[-54,-24],[-35,-9],[4,-22],[25,-28],[-10,-7],[-21,15],[-27,4],[-18,-15],[0,-23],[9,-9],[24,6],[-2,-24],[-43,-7],[-13,28],[-33,20],[-7,25],[-27,2],[-13,9],[-7,24],[-53,41],[-71,60],[-26,-9],[-9,-22],[-19,-18],[0,-13],[20,-30],[-10,-36],[-16,-9],[-25,21],[-21,2],[8,-36],[-24,-9],[-23,29],[-6,33],[2,24],[-37,11],[-17,0],[-9,-17],[-18,14],[-41,-25],[-1,-12],[12,-27],[-1,-14],[-43,-37],[-32,-6],[-48,57],[-7,18],[-3,41],[-48,35],[-22,44],[-30,11],[-14,13],[12,27],[-28,8],[-19,-19],[-19,10],[-22,-15],[-30,18],[-35,8],[-34,46],[-1,31],[-22,30],[-4,28],[21,23],[-1,48],[-35,27],[-13,24],[-48,14],[-65,2],[-25,-7],[-19,49],[26,51],[-10,6],[-46,-26],[-14,-31],[-15,-14],[-22,-2],[-13,-22],[-27,-5],[-14,38],[-22,6],[-12,-6],[-31,20],[-4,31],[6,52],[19,17],[-13,20],[-25,4],[-16,-11],[-10,28],[-18,23],[-6,19],[-40,-12],[-22,-12],[-49,48],[9,34],[-7,24],[15,9],[2,23],[-20,14],[-14,19],[3,20],[-18,19],[-39,1],[-18,35],[-13,14],[1,18],[-21,28],[17,14],[3,49],[20,24],[20,8],[19,-1],[48,24],[-14,31],[-2,35],[6,8],[29,2],[25,-4],[23,14],[5,17],[14,3],[19,-15],[33,44],[13,-9],[43,-12],[6,16],[-12,45],[17,16],[3,20],[24,5],[16,-18],[19,2],[9,13],[-30,48],[-10,28],[4,15],[22,29],[6,40],[-2,27],[21,22],[-18,24],[-34,30],[-7,39],[-35,24],[-8,23],[12,25],[-4,13],[-19,4],[-6,31],[-31,39],[-22,16],[-30,-1],[-18,-14],[-36,8],[-17,-2],[-49,11],[-12,-20],[-26,-5],[-19,5],[-27,-15],[-17,-24],[-47,-2],[-15,-10],[-5,-20],[28,-47],[4,-28],[17,-19],[16,-28],[1,-16],[-19,-37],[11,-31],[17,-19],[2,-26],[22,-25],[3,-29],[-6,-12],[-20,-6],[-37,24],[-42,12],[-16,15],[-25,3],[-81,54],[-1,31],[-35,35],[-14,-2],[-28,-29],[-18,-43],[-22,8],[-28,38],[6,29],[-42,68],[-29,6],[-6,-46],[-17,-6],[-1,28],[-12,10],[7,24],[-21,14],[-11,52],[-3,32],[-17,28],[-21,-13],[-17,6],[-13,-6],[-15,-44],[-24,-6],[-54,2],[-18,21],[-36,26],[-42,-18],[-19,18],[-21,7],[-12,21],[-24,-6],[-14,-16],[-21,12],[-12,27],[-3,28],[-12,25],[-38,29],[-22,25],[-9,1],[-37,36],[-3,22],[-25,20],[-9,16],[-41,51],[-20,13],[-7,15],[-29,-1],[-37,10],[-12,24],[-7,27],[16,1],[13,17],[0,24],[-15,20],[-11,30],[-20,33],[3,39],[-20,48],[1,15],[-12,33],[1,25],[-8,10],[-24,-3],[-37,-23],[-40,-37],[-16,1],[-25,16],[-81,14],[-68,-16],[-22,-8],[-31,-2],[-26,10],[-32,25],[-83,15],[-71,25],[-23,11],[-82,51],[-68,49],[-31,3],[-87,-4],[-78,4],[-32,6],[-76,1],[-39,-10],[-30,-15],[-36,31],[-29,9],[-24,1],[-36,-17],[19,-17],[-11,-18],[-1,-21],[-9,-25],[-31,-7],[-14,-12],[-26,-33],[-19,-8],[-13,-40],[0,-39],[10,-16],[-2,-42],[12,-15],[5,-29],[20,-55],[-21,-22],[-1,-47],[-18,-24],[11,-27],[2,-73],[16,-25],[16,-6],[24,4],[44,-57],[35,-35],[2,-15],[-7,-30],[21,-1],[0,-45],[3,-77],[-212,1],[2,106],[-37,20],[-11,13],[-33,19],[-15,0],[-25,17],[-6,17],[-52,8],[-16,-30],[-23,-7],[-16,-28],[-17,-7],[-21,11],[-15,-3],[-31,6],[-17,11],[-17,-6],[1,-17],[16,-18],[0,-14],[-42,-38],[-25,4],[-25,-6],[-14,-24],[-24,-20],[-41,3],[-24,-12],[-41,5],[-44,-7],[-30,-19]],[[36287,33115],[-29,32],[-24,12],[-76,-5],[-19,3],[-125,42],[-47,37],[-51,12],[-133,-1],[-90,4],[-133,1],[-19,9],[-11,15],[-37,71],[-17,55],[-26,21],[-63,14],[-21,25],[-6,37],[-27,24],[-10,23],[24,14],[-7,32],[-42,55],[-20,7],[-16,15],[-6,24],[-14,27],[-22,18],[-12,21],[-51,-6],[-36,14],[-31,44],[-6,18],[-22,20],[-32,3],[-38,-23],[-28,0],[-9,22],[-22,24],[-19,7]],[[34914,33882],[4,16],[17,19],[35,16],[75,54],[35,17],[30,24],[8,11],[-8,36],[7,27],[-24,50],[26,33],[-8,56],[-8,25],[-16,16],[8,32],[14,7],[-9,26],[2,30],[36,26],[0,23],[21,15],[-6,47],[4,17],[21,44],[9,49],[49,40],[14,43],[15,3],[28,-6],[12,-11],[-6,-28],[8,-16],[42,-9],[30,7],[11,15],[21,-12],[27,6],[0,24],[10,21],[32,2],[12,-11],[34,0],[3,38],[-13,19],[0,38],[-21,31],[-21,76],[-1,30],[-18,8],[-86,1],[-29,38],[7,5],[25,-35],[36,7],[31,11],[-5,16],[-25,-3],[-33,9],[-2,30],[-11,17],[6,19],[-3,36],[6,52],[17,20],[-13,53],[4,41],[-5,26],[-23,15],[-25,42],[-7,24],[38,8],[46,-20],[6,12]],[[54001,38371],[14,-22],[2,-17],[14,-16],[-1,-48],[24,-41],[19,-87],[19,-20],[18,-8],[-5,-34],[13,-71],[43,-60],[26,-19],[27,-4],[45,10],[54,20],[31,15],[16,0],[36,-23],[36,2],[81,-14],[11,-9],[2,-27],[18,-108],[0,-28],[-18,-40],[1,-16],[46,-26],[54,-39],[23,-1],[58,35],[29,8],[20,-1],[22,-20],[98,15],[24,-3],[30,-12],[27,7],[44,25],[41,16],[26,-1],[10,-20],[7,-32],[37,4],[28,-10],[22,-2],[61,4],[29,-15],[36,-56],[19,-15],[32,1],[40,12],[4,-24],[-29,-29],[7,-32],[20,-29],[32,-79],[22,-10],[39,0],[24,-29],[21,-33],[9,-53],[24,-47],[38,-37],[33,-12],[51,-5],[21,-16],[22,-42],[35,-53],[42,-32],[34,-13],[29,14],[47,34],[33,17],[95,10],[11,-11],[10,-43],[14,-30],[15,-9],[67,-9],[11,-30],[32,-59],[23,-30],[59,-21],[21,-35],[8,-54],[23,-75],[45,-73],[44,-77],[28,-18],[75,-18],[33,-36],[38,-29],[40,-1],[50,5],[94,-51],[19,-32],[10,-57],[33,-61],[26,-35],[145,3],[37,4],[51,24],[52,-8],[45,-4],[24,12],[44,39],[29,5],[24,-14],[52,-90],[41,-20],[61,-41],[96,-126],[25,-79],[-30,-12],[-20,-31],[10,-43],[66,-114],[-1,-35],[-83,-59],[-13,-30],[-60,-37],[-1,-22],[54,-70],[-8,-77],[13,-40],[42,-48],[106,-88],[9,-12],[31,0],[37,-10],[18,-27],[0,-40],[12,-31],[54,-40],[18,-48],[26,-45],[29,-23],[3,-45],[-19,-59],[0,-71],[8,-57],[-1,-45],[-29,-43],[-24,-58],[-60,-54],[0,-23],[15,-20],[29,-13],[26,-33],[15,-36],[24,5],[51,-17],[22,-48],[32,-32],[27,-21],[11,-54],[14,-38],[29,-40],[26,-5],[45,-50],[-7,-31],[-19,-16],[-69,-31],[-28,-10],[-33,-22],[-18,-96],[-9,-72],[13,-62],[56,-63],[72,-37],[67,-41],[47,-75],[9,-84],[-19,-81],[49,-69],[70,-31],[16,-75],[-26,-50],[7,-56],[26,-22],[9,-109],[-7,-78],[-32,-62],[25,-19],[40,-3],[97,22],[26,-7],[41,-81],[40,-65],[21,-50],[46,-85],[42,-87],[53,-137],[17,-59],[32,-75],[23,-69],[3,-56],[-3,-47],[10,-59],[25,-66],[0,-43],[97,-231],[45,-57],[23,-46],[39,-106],[40,-100],[37,-32],[46,-18],[5,-35],[-21,-78],[-40,-93],[14,-63],[28,-65],[33,-41],[7,-71],[30,-66],[51,-56],[30,-16],[16,-18],[0,-60],[-37,-68],[-72,-53],[-37,-16],[-16,-50],[0,-37],[-7,-57],[-11,-59],[0,-17],[-33,-64],[-4,-51],[8,-19],[41,-8],[26,-12],[19,-17],[-2,-62],[-7,-25],[-1,-36],[4,-43],[20,-41],[16,-20],[36,-1],[25,-7],[-3,-42],[1,-66],[-14,-78],[-5,-118],[3,-57],[22,-61],[12,-81],[-15,-39],[-27,-47],[-38,-38],[-35,-40],[-39,-36],[-28,-48],[-49,-38],[-56,-23],[-47,-27],[-83,6],[-64,-5],[-82,13],[-33,-3],[-59,-12],[-24,-20],[-12,-19],[-25,-19],[-30,-53],[-1,-38],[22,-53],[43,-74],[-30,-40],[-2,-26],[10,-38],[17,-41],[24,-34],[34,-27],[34,-34],[26,-40],[32,-40],[5,-30],[2,-106],[12,-25],[55,-19],[44,-21],[5,-28],[19,-51],[-1,-37],[10,-32],[21,-27],[31,-20],[26,-37],[18,-41],[5,-100],[11,-42],[13,-34],[-43,-23],[-30,-71],[0,-101],[-23,-29],[2,-57],[-30,-21],[-35,-38],[-14,-44],[42,-59],[30,-15],[26,-41],[0,-22],[-10,-15],[-2,-107],[2,-56],[14,-40],[56,-78],[32,-41],[-18,-40],[-19,-16],[-25,-34],[39,-41],[30,-50],[5,-93],[14,-38],[28,-47],[0,-53],[9,-37],[0,-72],[21,-40],[32,-32],[21,-9],[31,0],[32,6],[26,-3],[9,-12],[18,-60],[13,-23],[-121,-2],[-235,1],[-742,2],[-6,-6],[-517,3],[-276,0],[-714,-2],[-645,4],[-172,-1],[-44,0],[-606,0],[-444,0],[11,-175],[-1041,-3],[-669,-3],[-297,1],[-358,3],[-396,4],[-1002,10],[-782,-3],[-2,8],[-762,9],[-571,6],[-886,10],[-592,7],[-460,6],[-28,0],[-827,9],[-814,9],[-429,5],[-19,-921],[-18,-822],[-18,-864],[1,-30],[-374,0],[-23,2],[-291,5]],[[44180,23417],[-11,23],[6,14],[-5,28],[-9,4],[-36,-6],[-17,53],[9,33],[5,48],[-11,79],[-7,73],[-12,61],[-16,41],[-19,90],[46,28],[12,49],[-9,34],[-1,40],[-18,36],[3,-67],[-17,-4],[-10,24],[-22,8],[-3,16],[-23,28],[-19,38],[-16,-26],[-15,11],[-23,-4],[-11,-20],[-2,-25],[-19,5],[-16,34],[19,44],[-23,20],[-17,1],[-4,19],[-24,0],[-21,-14],[-13,30],[-19,-20],[-25,18],[-5,21],[-16,15],[-30,-36],[-21,0],[-20,-10],[-16,27],[-25,-31],[-17,-6],[-11,15],[6,21],[-24,8],[-18,31],[-31,-11],[-25,-16],[-41,-10],[-37,19],[-15,24],[-2,44],[-21,60],[-17,9],[-24,-11],[-31,0],[-7,32],[-5,73],[-13,23],[-17,10],[-9,32],[-20,19],[-23,2],[-20,35],[28,35],[-10,19],[12,39],[-46,-10],[-12,6],[-14,-19],[-25,16],[9,45],[15,29],[14,6],[10,25],[-27,37],[-13,0],[-40,29],[4,23],[36,15],[6,14],[-25,8],[-1,17],[19,2],[22,23],[20,39],[22,33],[13,11],[6,30],[10,13],[18,52],[-12,20],[-9,59],[22,47],[5,48],[14,23],[7,50],[-5,18],[32,63],[-1,13],[14,33],[14,8],[11,21],[13,5],[49,50],[35,7],[14,-6],[20,9],[-24,22]],[[43462,25677],[23,-3],[7,10],[6,37],[-2,18],[-18,-8],[-13,11],[-21,-11],[-19,0],[-7,23],[25,29],[-4,33],[-22,2],[-14,20],[-11,46],[1,48],[-22,35],[16,21],[-19,46],[-22,32],[22,23],[13,22],[11,4],[11,38],[-20,19],[1,22],[-30,10],[-37,30],[-17,-7],[-26,-1],[-35,-23],[-23,-2],[-30,16],[-12,40],[-8,7]],[[43166,26264],[39,42],[12,43],[-26,13],[-24,2],[-26,-5],[-14,13],[4,19],[53,40],[31,5],[13,11],[-6,21],[-22,8],[26,37],[-11,95],[-32,28],[2,45],[-39,25],[12,37],[-9,24],[-51,24],[-77,33],[-30,5],[-43,-9],[-27,5],[-15,9],[-30,6],[-17,15],[-60,23],[-45,-1],[-34,-5],[-51,-17],[-19,-12],[-28,-5],[-20,-10],[-37,-6],[-31,-13],[-26,3],[-36,-15],[3,60],[13,13],[10,30],[6,43],[-20,44],[8,13],[48,11],[6,13],[-35,45],[-42,16],[-18,39],[-52,23],[1,22],[12,23],[-7,25],[-11,14],[-28,1],[-19,11],[-9,32],[-17,27],[30,-7],[9,10],[-45,42],[-39,21],[1,22],[-17,12],[16,38],[6,42],[-7,23],[-30,25],[4,9],[78,-6],[19,4],[15,19],[-8,17],[-23,14],[1,33],[-17,-3],[-17,35],[-22,8],[16,25],[5,22],[-16,34],[0,13],[32,3],[53,23],[-2,27],[-13,8],[1,22],[14,10],[24,2],[18,-17],[24,6],[15,54],[-4,13],[-23,11],[-64,-3],[-36,10],[-34,21],[-13,21],[-29,33],[-16,45],[5,23],[-11,18],[-21,0],[-9,20],[3,17],[22,8],[10,15],[-6,41],[-17,4],[-13,25],[13,25],[-2,30],[24,10],[11,-29],[19,-6],[20,12],[9,-7],[4,-25],[14,-12],[35,-9],[11,-14],[4,-30],[22,-5],[11,-22],[-2,-21],[22,6],[8,54],[31,10],[13,23],[-11,24],[-36,33],[-14,36],[-3,37],[-44,32],[-5,29],[12,6],[18,-22],[22,-16],[35,-14],[18,4],[20,16],[23,-14],[15,20],[-34,70],[-8,47],[0,27],[13,27],[5,31],[-22,42],[8,28],[3,48],[19,74],[20,17],[5,21],[-2,59],[22,80],[-5,41],[26,32],[-8,21],[0,25],[-8,10],[-32,0],[2,23],[-9,67],[31,11],[-4,19],[-18,-3],[-13,15],[-22,-16],[-2,-25],[-29,-3],[-18,41],[-22,7],[-33,-15],[-32,20],[-32,-5],[-33,-20],[-28,15],[-2,26],[8,26],[-5,10],[-31,0],[-26,22],[0,22],[22,26],[62,-3],[8,30],[-10,42],[10,2],[-2,30],[-37,19],[-6,16],[10,34],[10,16],[-6,70],[7,11],[32,17],[7,22],[-5,22]],[[23390,29018],[70,2],[138,-2]],[[28898,27451],[210,0]],[[27167,29492],[-209,-1]],[[26958,29491],[0,226]],[[27346,30163],[16,-32],[11,-43],[2,-141]],[[27375,29947],[-209,-2]],[[26960,30396],[30,4],[72,0],[-2,-56],[94,1],[18,10]],[[26856,30170],[-2,54],[-16,22],[15,22],[48,1],[-1,17],[58,0],[2,110]],[[30774,24502],[417,4]],[[31191,24506],[206,0]],[[31397,24506],[130,0]],[[31527,24506],[176,-1]],[[30770,24050],[-1,66],[3,161],[2,225]],[[28275,25719],[54,0],[3,24],[12,8],[35,0],[11,-11],[27,15],[169,14],[25,-4],[24,-11],[15,12],[41,8]],[[28689,25439],[-111,1],[-106,-2],[-171,2],[-24,2]],[[22832,28336],[202,2],[429,7],[205,1],[43,7]],[[23711,28353],[6,-6],[187,2],[9,6],[26,-23]],[[23939,28332],[-10,-12],[-11,-33],[-68,-73]],[[23850,28214],[-16,-15],[-102,-70],[-20,-5],[-41,1],[1,-234]],[[23672,27891],[-210,-2],[-208,1]],[[23254,27890],[-211,1],[-209,-8]],[[26120,30246],[47,11],[37,-13],[25,14],[32,53],[16,19],[13,28],[13,91],[0,62],[-6,28],[-47,54],[-42,87],[15,0],[-2,54],[-8,35],[-15,27],[-3,47],[15,67],[30,29],[279,334],[2,5],[30,171],[36,120],[154,7],[65,23],[41,20],[42,-2],[23,3],[39,29],[57,48],[44,53],[5,18],[23,46],[26,42],[3,26],[-3,57],[-15,41],[-29,26],[-11,34],[5,47],[11,22],[11,-1],[30,31],[38,21],[15,19],[19,8]],[[26760,30870],[-15,-24],[3,-10],[-2,-76],[1,-77],[11,-12],[-10,-49]],[[26748,30622],[0,-37]],[[26446,30158],[-20,5],[-37,-19],[-35,-9],[-9,-31],[-14,-25],[-19,-7],[-41,28],[-136,-45],[-13,113],[-2,78]],[[26748,30622],[212,1],[1,-178],[-1,-49]],[[34104,21984],[208,-1]],[[34312,21983],[-1,-227]],[[34311,21756],[-7,-12],[-44,-43]],[[34260,21701],[-52,-46]],[[30779,29953],[12,-24],[168,-138],[393,-325],[99,-20],[28,4],[29,28],[25,-1],[52,-18]],[[31617,28121],[-236,2],[-138,2],[-111,-2],[-340,2],[-129,1],[-98,0],[-208,2]],[[22625,28930],[151,67],[57,57],[46,155],[5,11]],[[22884,29220],[179,-124],[124,-88],[90,-66]],[[23943,28338],[-4,-6]],[[23711,28353],[-203,218],[-395,-6],[-238,-5],[-38,2],[-5,-226]],[[27167,29039],[1,113]],[[22837,25620],[207,2],[207,0],[320,4],[302,0]],[[23873,25626],[1,-68],[0,-157],[1,-226],[-3,-229],[84,1],[329,2],[11,1],[627,5]],[[24923,24955],[-1,-454]],[[23676,26758],[156,1],[207,3],[54,-1]],[[24090,26191],[-416,-4]],[[23674,26187],[3,120],[-1,451]],[[23873,25626],[216,1],[417,2],[1,-225],[181,1],[233,3]],[[24921,25408],[2,-227],[0,-226]],[[23924,29398],[-13,8],[0,33],[-55,13],[-44,4],[-5,-34],[-32,1],[-51,16],[-30,-26],[24,-17],[-4,-13],[-20,4],[-24,-9],[-23,-34],[3,-30],[10,-13],[57,-45],[50,-7],[307,0]],[[23711,29243],[-217,191]],[[23494,29434],[24,29],[15,10],[48,16],[44,-2],[22,10],[43,2],[24,8],[6,-8],[61,-7],[13,7],[18,-10],[34,-6],[21,3],[29,17]],[[23943,28338],[169,-155],[54,-58]],[[23879,27893],[-1,102],[1,23],[0,101],[65,1],[-48,46],[-46,48]],[[24483,28575],[-123,-8],[-40,-1]],[[23673,27437],[1,-225]],[[23674,27212],[2,-454]],[[23676,26758],[-417,-2],[-2,365],[-2,310],[0,271],[-1,188]],[[24090,27441],[-206,-2]],[[23674,27212],[418,3]],[[24510,27216],[207,1]],[[24926,28000],[93,1],[1,-22],[51,-2],[1,-78],[62,0]],[[25134,27899],[0,-67],[-4,-11],[21,-14],[-13,-27],[-4,-27]],[[25134,27753],[-34,3],[-61,33],[-35,11],[-19,16],[-59,75]],[[24924,28126],[78,-1]],[[25086,28049],[-5,-6],[43,-37],[10,-25],[0,-82]],[[25134,27753],[1,-80]],[[25134,27753],[52,-6],[97,-30],[59,-29]],[[19918,25610],[6,683],[-2,360],[-1,94]],[[25133,27389],[-25,0],[0,-33],[-79,-1],[-1,-79],[-90,-4]],[[25541,25413],[-209,0],[-102,-2]],[[25230,25411],[3,187],[-1,39],[315,3],[105,1]],[[24921,25408],[3,230],[1,223],[2,335]],[[25761,26319],[1,-8],[1,-107],[61,-75]],[[25824,26129],[29,-21]],[[25230,25411],[-309,-3]],[[32013,22007],[79,-2],[55,-12],[62,-2],[13,-8]],[[26015,26320],[13,-20],[0,-92]],[[26028,26208],[0,-31]],[[26028,26177],[-210,-1],[6,-47]],[[26959,29264],[208,2]],[[27018,29039],[-1,37],[-16,24],[-27,22],[-14,29],[-1,113]],[[19707,25607],[2,228],[-210,-3],[5,461],[-1,226],[-2,227]],[[31807,22009],[90,-1]],[[12341,26311],[4,342]],[[22268,10953],[-1,-53],[2,-135],[-1,-69],[1,-387],[-1,-141],[1,-111],[-1,-351],[0,-583],[-4,-530],[-3,-28],[-419,-418],[-419,-458],[-131,-119],[-745,-766],[-57,-64],[-625,-648],[-387,-399],[-441,-459],[-376,-395],[-235,-241],[-34,-27],[-128,-133],[-50,-49],[-108,-112],[-96,-98],[-272,-278],[-273,-281]],[[17465,3620],[-154,169],[-195,218],[-275,295],[-21,25],[-57,93],[-33,35],[-57,36],[-2,448],[3,253],[2,91],[1,127],[-5,404],[0,487],[-3,894],[-238,-1]],[[16431,7194],[-1,551],[-1,211],[0,288],[-2,127],[1,180]],[[31194,25863],[0,-457],[2,-38],[-4,-227],[1,-109]],[[31193,25032],[-135,-73]],[[31058,24959],[-281,-3]],[[30777,24956],[1,224],[8,228],[200,0],[1,140],[0,313],[207,2]],[[37378,38625],[21,-41],[78,26],[13,12],[-2,61],[17,-7],[13,17],[9,30],[11,70],[25,27],[21,51],[15,15],[21,7],[21,-139],[13,-47],[22,-42],[3,-39],[-30,-1],[-11,-15],[-7,-35],[1,-42],[8,-36],[53,-20],[5,9],[2,47],[14,19],[25,-11],[15,-43],[22,-31],[14,-5],[22,34],[3,-24],[15,-6],[28,5],[5,-21],[-39,-6],[-10,-18],[2,-55],[-21,-27],[2,-30],[11,-29],[15,-17],[11,-45],[26,-25],[19,-4],[24,6],[31,-30],[46,-20],[25,-48],[-4,-28],[-14,-34],[12,-19],[9,-29],[32,-12],[16,13],[6,25],[20,8],[41,-20],[29,16],[8,24],[-1,27],[-14,41],[-2,19],[22,8],[31,-43],[28,-18],[47,2],[11,15],[21,60],[26,-13],[37,13],[8,10],[59,22]],[[37918,37038],[-26,17],[-61,14],[-106,42],[-62,-11],[-22,7],[-18,18],[-42,1],[-26,8],[-22,-6],[-91,33],[-30,62],[0,28],[-8,40],[-19,27],[-59,68],[-19,6],[-75,-40],[-12,-10],[-12,-28],[-1,-20],[-44,-37],[-28,-6]],[[37135,37251],[-11,42],[-25,42],[-2,12],[14,24],[-10,29],[12,55],[-3,54],[-14,47],[-24,48],[-1,61],[25,44],[21,59],[14,24],[27,22],[10,15],[8,30],[26,49],[12,32],[13,62],[20,77],[21,33],[15,49],[14,14],[21,56],[1,69],[5,46],[17,65],[10,25],[3,36],[16,47],[-6,48],[10,19],[4,39]],[[31519,25292],[-25,-40],[-93,-87]],[[31401,25165],[-2,20],[-103,-1],[1,224],[103,-1],[28,-6],[27,-18],[55,-72],[9,-19]],[[35240,38784],[201,-17],[30,2],[22,-4],[54,10],[13,16],[9,26],[8,55],[6,21],[31,23],[24,12],[26,-3],[56,25],[32,32],[30,18],[32,35],[0,46],[-16,35],[-2,46],[2,44],[6,16],[19,15],[63,19],[28,5],[64,-2],[69,22],[61,53],[14,17],[25,50]],[[36147,39401],[56,7],[26,-2],[44,-11],[21,-40],[13,-45],[4,-44],[22,-36],[37,-25],[13,-4],[9,-33],[18,-18],[36,-17],[18,-2],[31,-18],[44,-38],[12,6],[57,-6],[26,-20],[23,-8],[43,-8],[14,-10],[22,-3],[45,-20],[59,6],[9,-9],[6,-29],[44,-8],[35,-21]],[[36934,38945],[-27,-4],[-20,9],[-33,4],[-30,16],[-28,-3],[-31,7],[-42,0],[-15,-7],[-23,21],[-21,-7],[-16,-23],[-23,-7],[-23,6],[-18,12],[-56,1],[-53,33],[-23,7],[-12,-15],[-15,15],[-38,20],[-16,1],[-25,-11],[-18,18],[-37,10],[-17,0],[-57,-42],[-43,-46],[-43,-64],[-12,-36],[-3,-26],[-31,-30],[-18,-44],[1,-17],[18,-22],[-14,-29],[18,-10],[9,-26],[1,-45],[-31,-21],[16,-31],[15,-39],[17,-17],[28,-16],[16,-34],[29,-20],[22,-4],[22,-12],[32,0],[10,-26],[-17,-23],[-2,-22],[-27,-6],[-35,-14],[-28,-18],[-21,-4],[-32,-21],[9,-29],[-8,-39],[-34,-6],[-12,-108],[-18,-179],[-14,-118],[-24,-177],[-39,-376],[-27,-221],[6,-79],[22,-63],[92,-343],[120,-403],[48,-117]],[[36235,36025],[-11,-4]],[[35410,35330],[-13,14],[-21,0],[-24,11],[-36,-7],[-19,2],[-23,29],[-63,25],[-37,22],[-1,34],[-18,5]],[[34914,33882],[-5,-47],[-22,-38],[-34,-3],[-19,-8],[-34,-25],[-23,-30],[-17,-5],[-70,-3],[-14,-7],[-28,-31],[-49,-71],[-24,-42],[-20,-15],[-17,-76],[-16,-12],[-52,-1],[-40,-41],[-29,-11],[-44,-9],[-28,-15],[-36,-38],[-27,-38],[-11,-22],[-6,-35],[-17,-34],[5,-75],[-9,-34],[1,-34],[-9,-38],[7,-38],[-1,-45],[-12,-19],[-30,-29],[-28,-7],[-31,22],[-41,1],[-27,22],[-34,10],[-29,18],[-44,-2],[-61,-13],[-17,5],[-32,-2],[-45,5],[-38,30],[-36,16],[-34,9]],[[41475,30086],[-38,-14],[-28,-39],[-6,-24],[-19,-28],[-17,-13],[-29,-4],[-33,20],[-16,37],[21,23],[1,52],[-4,13],[-25,27],[-28,23],[-58,39],[-14,4],[-43,32],[-39,18],[-37,22],[-19,2],[-18,11],[-32,37],[-11,34],[8,38],[-8,60],[-10,31],[-15,20],[-41,43],[-28,21],[-36,19],[-32,4],[-19,-5],[-67,6],[-19,13],[-46,2],[-8,5],[-65,-41],[-20,-34],[-31,-22],[-26,-46],[-58,-48],[-20,-31],[-24,-22],[-50,-27],[-17,-20],[-28,-8],[-26,-18],[-29,-33],[-56,-14],[-62,-3],[-45,-15],[-40,-19],[-33,-9],[-23,0],[-81,-22],[-13,1],[-104,-16],[-48,-13],[-41,-29],[-34,-9],[-14,-15],[-63,-17],[-33,-19],[-58,-15],[-26,2],[-21,-4],[-20,12],[-27,5],[-39,22],[-48,14],[-24,-3],[-39,2],[-23,-14],[-16,-27],[-21,-8],[-25,-26],[-54,-14],[-71,45],[-11,27],[-50,218],[63,113],[9,38],[-9,42],[-22,25],[-33,10],[-37,-1],[-52,-7],[-22,6],[-25,-2],[-124,-34],[-27,14],[-19,0],[-35,23],[-11,26],[-19,76],[24,39],[-43,-12],[-40,16],[-27,-7],[-82,15],[-41,26],[-28,11],[-40,25],[-42,-10],[-20,13],[-21,4],[-113,71],[-27,20],[-29,39],[-111,71],[-6,-2],[-52,32],[-29,12],[-25,-2],[-65,-21],[-31,-56],[-1,-32],[5,-26],[-5,-26],[47,-198],[15,-50],[-7,-36],[-10,-16],[4,-26],[31,-125],[108,-69],[20,6],[42,-32],[217,-136],[1,-8],[65,-41],[20,-23],[17,-34],[6,-29],[1,-35],[-7,-27],[-34,-61],[-112,-29],[-28,-26],[-25,-7],[-6,-10],[-57,-16],[-20,-32],[-27,-26],[-25,-43],[-11,-11],[-24,0],[-70,-18],[-62,39],[-7,-2],[-42,25],[-7,-2],[-72,46],[-18,4],[-25,-7],[-20,5],[-390,-103],[-92,-215],[-71,-142],[62,-282],[-25,-47],[-24,-34],[-35,-37],[-58,-15],[-6,-10],[-99,-26],[-111,-25],[-81,-30],[-69,-13],[-100,-26],[-54,-25],[-50,-41],[-34,-32],[-42,-57],[-64,-93],[-1,-37],[-13,-12],[-16,-36],[-83,-13],[-35,7],[-38,0],[-90,-20],[-6,-18],[-43,-4],[-50,-20],[-14,14],[-18,-13],[-44,-2],[-29,5],[-29,16],[-82,39],[-31,27],[-45,23],[-46,15],[-17,-7],[-58,-42],[-20,-39],[-5,-33],[37,-28],[14,-32],[16,-76],[2,-52],[7,-57],[-2,-53],[-5,-16],[-27,-44],[-44,-57],[5,-9],[-25,-37],[-47,-42],[-27,-3],[-14,7],[-13,-14],[-46,-23],[-22,-3],[-69,-37],[-51,-19],[-16,10],[-20,-19],[-73,-48],[-35,-29],[-14,-21],[-29,-26],[-20,-30],[-38,-34],[-65,-71],[-20,-9],[-26,3],[-17,-7],[-13,-29],[-22,-34],[-25,-28],[-81,-47],[-31,-1],[-35,-28],[-7,-16],[9,-29],[-4,-40],[-7,-17],[4,-23],[-27,-31],[-5,-16],[-42,-48],[-69,-146],[-31,-87],[-23,-29],[-34,-16],[-56,-15],[-18,-42],[-34,-37]],[[32910,27938],[59,96],[14,8],[53,53],[9,16],[30,146],[43,79],[22,77],[37,79],[41,50],[19,55],[37,159],[10,37],[26,28],[41,29],[40,79],[32,22],[42,43],[18,41],[2,56],[21,40],[16,16],[11,23],[23,100],[9,54],[13,36],[13,51],[29,61],[8,28],[36,65],[33,31],[13,31],[18,55],[28,80],[9,37],[-5,57],[-14,57],[-20,12],[4,36],[-9,20],[-15,13],[-41,127],[12,29],[-5,41],[0,61],[12,29],[6,44],[-6,33],[-1,80],[8,38],[32,35],[32,42],[49,75],[8,28],[2,50],[-12,65],[49,16],[17,24],[21,16],[26,8],[31,15],[42,-4],[37,24],[34,0],[29,-15],[26,8],[46,-5],[23,17],[3,19],[28,8],[27,-18],[30,9],[33,-8],[41,8],[39,33],[23,57],[32,29],[13,41],[36,44],[35,18],[12,20],[41,27],[7,23],[41,36],[43,12],[39,2],[18,17],[7,68],[11,25],[22,11],[0,25],[16,44],[11,12],[-4,17],[18,33],[26,19],[24,7],[10,24],[45,21],[96,18],[73,31],[62,3],[68,60],[36,12],[36,8],[13,8],[55,72],[20,53],[34,42],[35,14],[51,2],[29,22],[43,11],[34,-9],[27,20],[79,14],[61,21],[85,16],[96,36],[19,14],[37,8],[41,-6],[267,-7],[35,1],[5,85],[6,19],[40,27],[12,29],[0,106],[-1,155],[-17,19],[2,26],[26,8],[67,3],[17,21],[-6,33],[-21,60],[-6,27],[25,21],[-19,58],[10,20],[-15,29],[-10,77],[-16,7],[-26,22],[-16,22],[-29,6],[1,11],[46,20],[1,18],[-31,46],[-44,29],[-20,26],[-18,40],[-18,23]],[[43462,25677],[-27,3],[-32,-4],[-15,-11],[-24,9],[-21,-12],[-17,-28],[-17,-16],[-37,18],[-11,1],[-30,26],[-14,40],[-27,11],[-2,20],[-17,14],[-17,0],[-11,22],[-21,-1],[-13,47],[-96,-15],[-4,-19],[-16,-1],[-12,-16],[-47,-14],[-14,16],[-22,8],[-12,25],[-18,-43],[-49,-15],[-14,-24],[-26,-25],[-27,-14],[-73,-21],[-27,8],[-15,-7],[-14,9],[-61,15],[-34,-6],[-38,-11],[-31,-17],[-13,4],[-1,21],[-35,2],[-26,30],[-26,-16],[-18,-4],[-27,-21],[-51,-19],[-27,-21],[-24,3],[-13,29],[-25,10],[-35,27],[-27,-6],[-42,41],[-28,36],[-45,33],[-56,19],[-94,-3],[-34,11],[-19,18],[-21,54],[-15,21],[-27,13],[-78,13],[-14,7],[-12,-49],[1,-45],[-22,-36],[2,-44],[-9,-73],[-8,-94],[-36,-39],[1,-38],[-11,-14],[-9,-33],[-18,-13],[-25,0],[-75,13],[-36,-1],[-26,-20],[-23,-6],[-42,17],[-35,0],[-44,14],[-133,-28],[-46,-14],[-15,2],[-25,21],[-33,-3],[-26,-28],[-57,-40],[-10,14],[-28,21],[-33,6],[-22,-16],[-25,-1],[-17,25],[-28,12],[-30,-4],[-37,13],[-15,-25],[-26,3],[-8,32],[-13,7],[-61,4],[-105,4],[-8,12],[0,25],[-10,23],[-44,34],[-103,43],[-40,21],[-15,-9],[-79,-5],[9,78],[-31,57],[-28,7],[-13,14],[-19,4],[-14,-14],[-3,-22],[-21,-19],[-29,-10],[-34,-35],[4,-31],[-18,0],[-28,-13],[-14,7],[-17,-25],[-33,0]],[[39830,25637],[-18,-20],[-23,-8],[-28,2],[25,-42],[-29,-29],[-10,-38],[-51,17],[-162,6],[-18,-3],[-99,6],[-70,7],[-51,-14],[3,-65],[34,-137],[5,-31],[16,-24],[-10,-28],[10,-16],[-9,-15],[-15,6],[-1,-72],[11,-34],[-12,-23],[-7,-36],[6,-68],[-4,-63],[6,-28],[0,-55],[7,-52],[2,-48],[-8,-17],[5,-17],[-1,-29],[26,-20],[19,-24],[17,-9],[11,-35],[26,-6],[18,-22],[19,-2],[1,-21],[16,-19],[0,-33],[16,-3],[10,-29],[-1,-37],[49,4],[36,-22],[5,-11],[-3,-32],[7,-17],[22,-22],[11,-47],[27,-30],[9,-20],[33,-10],[-11,-23],[-7,-35],[-16,-21],[-7,-44],[1,-25],[-9,-18],[-6,-53],[-24,-30],[-14,-50],[-30,-57],[-34,-99],[-13,-44],[-26,-40],[-16,-11],[-22,2],[-16,14],[-48,0],[-18,13],[-25,7],[-14,-17],[2,-12],[-16,-22],[-16,-33],[-15,-58],[-10,-17],[1,-20]],[[39299,23509],[-176,11],[-359,14],[-71,3],[-722,-9],[-98,-5],[-218,-3],[0,4],[-106,-5],[-102,-1]],[[36818,23530],[-10,15],[-20,9],[-92,15],[-81,50],[-147,158],[-19,27],[-12,53],[-30,55],[-101,96],[-111,51],[-148,64],[-104,84],[-65,85],[-23,33],[-53,139],[-32,40],[-26,89],[-36,135],[-17,22],[-32,8],[-57,79],[-6,18],[-5,70],[-30,59],[-29,26],[-38,16],[-93,2],[-180,0],[-112,61],[-18,8],[-150,16],[-75,10],[-11,46],[-10,6],[-73,23],[-96,13],[-16,19]],[[34660,25230],[59,-14],[171,-18],[47,-17],[32,-1],[50,20],[115,66],[83,61],[64,37],[19,5],[146,-4],[115,-5],[132,-2],[287,-6],[45,-11],[30,-15],[24,-20],[43,-44],[49,-23],[34,-6],[416,-14],[16,2],[80,23],[54,45],[24,15],[69,22],[15,1],[42,-8],[18,2],[42,17],[34,2],[42,-9],[33,0],[21,8],[35,24],[23,9],[59,4],[38,19],[55,17],[26,20],[20,25],[29,18],[53,7],[57,11],[75,-20],[33,6],[60,29],[34,26],[17,25],[18,46],[14,50],[21,30],[21,14],[35,4],[33,-9],[35,-4],[21,3],[81,29],[516,190],[446,164],[130,47],[27,14],[196,151],[36,13],[38,5],[29,12],[116,107],[19,13],[34,12],[76,8],[34,-1],[20,-8],[55,-38],[25,-12],[38,-1],[32,17],[87,59],[45,9],[44,-15],[45,-40],[17,-7],[32,-1],[121,37],[23,13],[34,29],[37,9],[17,-4],[24,-18],[26,-39],[28,-21],[34,-1],[263,106],[42,9],[30,0],[31,-5],[39,-15],[99,-60],[24,-4],[35,10],[25,25],[17,32],[32,21],[41,4],[20,13],[137,167],[12,12],[30,14],[140,30],[20,0],[26,-11],[18,-21],[7,-21],[2,-52],[17,-24],[39,-11],[11,-17],[0,-35],[10,-16],[24,-8],[27,1],[39,18],[28,8],[35,2],[32,9],[66,41],[24,3],[67,-7],[37,-14],[61,-54],[25,-8],[33,0],[15,-20],[19,-10],[33,-6],[47,-46],[7,-25],[24,-24],[8,-35],[26,-22],[9,-19],[35,-34],[11,-31],[60,-51],[8,-25],[23,-15],[61,2],[30,10],[48,-16],[10,-13],[12,-33],[45,-40],[29,-8],[39,7],[41,2],[50,19],[27,3],[37,13],[27,-9],[13,-23],[18,-15],[69,-15],[31,-28],[30,-10],[40,5],[12,-4],[16,-26],[17,-12],[16,-1],[26,16],[6,17],[-14,25],[-38,6],[-27,37],[-21,18],[-15,44],[-46,39],[-30,17],[0,24],[14,8],[44,-10],[56,11],[18,0]],[[44180,23417],[-191,2],[-19,2],[-321,8],[-398,10],[-399,6],[-389,-23],[-418,6],[-377,22],[-75,2],[-241,2],[-144,5],[-415,8],[-32,-1]],[[40761,23466],[-46,111],[-143,298],[-128,292],[-86,203],[-79,178],[-87,204],[0,19],[-69,138],[-118,265],[-104,265],[-55,151],[-16,47]],[[29319,28357],[-1,-226]],[[29318,28131],[-51,1],[-154,1]],[[32043,19062],[-21,-33],[-14,-6],[-47,-52],[-11,-18],[-109,-118],[0,-44],[-38,7],[-4,-6]],[[31799,18792],[3,46],[2,226]],[[29528,25896],[1,-688],[-62,1],[-359,3],[1,-231],[2,-228]],[[28693,24755],[-1,224]],[[28692,24979],[-2,232]],[[28690,25211],[-2,169],[1,59]],[[27177,30851],[-1,-91],[-2,-23],[0,-111]],[[27175,30582],[-59,0],[-22,-9],[-47,1],[3,54],[-31,11],[-24,17],[-14,19],[-14,38],[-1,137]],[[29935,21167],[205,0]],[[30075,20887],[-141,172]],[[34311,21756],[207,-1]],[[34518,21755],[-1,-113]],[[34517,21642],[-185,2],[-60,-1],[0,57],[-12,1]],[[26031,26109],[81,1],[31,-11],[-1,110]],[[26142,26209],[0,112]],[[26029,26098],[2,11]],[[27845,25442],[0,-176],[4,-52],[-2,-159]],[[27847,25055],[1,-297]],[[27640,24747],[0,230],[-2,225]],[[27638,25202],[0,227]],[[27428,25190],[42,1],[168,11]],[[28277,25211],[208,0]],[[28485,25211],[0,-223],[6,-8],[201,-1]],[[28278,24757],[-3,297],[2,157]],[[27639,25754],[0,113]],[[31969,22007],[-1,76],[-73,0],[2,65],[-89,1],[-1,-82],[-105,1],[1,11],[-90,2],[-1,23],[-14,0],[0,-92]],[[27847,25055],[118,-2],[0,-16],[23,0],[7,66],[17,20],[33,22],[15,34],[-3,263]],[[28277,25442],[0,-231]],[[29318,28131],[77,-3],[133,1]],[[29318,27903],[0,228]],[[30356,27676],[426,-2],[623,-2],[214,-2]],[[31613,26764],[-86,1],[-258,-1],[-250,1],[-229,1],[-411,2],[-18,0]],[[31609,25863],[-199,1],[-216,-1]],[[30777,24956],[-3,-454]],[[30353,24050],[1,201],[1,238],[2,298],[0,165],[1,129],[3,443],[-1,233],[2,100]],[[28485,25211],[205,0]],[[29518,21368],[40,-49],[202,-247],[171,-210]],[[29931,20862],[-3,-151],[-1,-281],[105,0]],[[30032,20430],[0,-142],[103,0],[0,29]],[[30135,20317],[208,-1],[0,42]],[[30343,20358],[51,-60],[145,-165],[66,-73],[74,-86]],[[29931,20862],[209,-255]],[[30140,20607],[-5,-30]],[[30135,20577],[-17,8],[-62,1],[0,-13],[-23,1],[-1,-144]],[[30343,20358],[-116,140],[-87,109]],[[30348,21168],[114,-2],[0,117],[29,7],[0,46]],[[30135,20317],[0,260]],[[33149,20277],[-18,-18],[-57,-70],[-54,-71],[-30,-28],[-98,-122],[-53,-46],[-155,-181],[-103,-97],[-37,-53],[-65,-63],[-4,-14]],[[31193,25032],[104,57],[43,27],[61,49]],[[31519,25292],[77,118],[8,0]],[[31594,25165],[-7,-12],[-43,27],[-17,4],[8,-50],[-37,-6],[-72,0],[-25,-6],[0,-106]],[[31401,25016],[-32,0],[0,-57]],[[31369,24959],[-178,0]],[[31191,24959],[-133,0]],[[31625,25036],[-115,-20],[-109,0]],[[31649,24874],[-127,-23],[-24,-5],[-77,-1]],[[31421,24845],[-24,0]],[[31397,24845],[0,58],[-28,0],[0,56]],[[31397,24845],[-207,0]],[[31190,24845],[1,114]],[[31421,24845],[0,-192]],[[31421,24653],[-24,0],[0,23],[-207,0]],[[31190,24676],[0,169]],[[31421,24653],[3,-53],[25,-7],[-1,-26],[-22,0],[-29,9],[0,-70]],[[31191,24506],[-2,112],[1,58]],[[31527,24506],[-1,73],[28,-1],[0,75],[32,0],[-1,84],[62,11],[10,-17],[14,0]],[[35863,23546],[-87,1]],[[35776,23547],[-416,8],[-417,7],[-3,-194],[-4,-139],[-1,-119]],[[34935,23110],[-465,0],[-38,1],[-533,4]],[[33899,23115],[-1,53],[2,287],[1,276],[0,229],[2,128],[-1,115],[1,290],[-1,436],[2,379],[0,68],[208,-3],[136,-1],[21,-5],[67,-34],[52,-23],[79,-26],[193,-54]],[[34935,23110],[-1,-227],[1,-184],[-1,-255],[-1,-244],[0,-221]],[[34933,21979],[-133,3],[-222,1],[-59,-2]],[[34519,21981],[-207,2]],[[33896,22109],[-1,186],[1,224],[0,258],[3,338]],[[27583,29952],[-117,-3],[-91,-2]],[[27346,30163],[28,14],[16,1],[193,2]],[[34519,21981],[-2,-68],[1,-158]],[[31799,18792],[-44,-43]],[[26084,29756],[22,-55],[1,-25],[-7,-34],[-28,-51],[-3,-19],[42,-10],[-9,-25],[9,-20],[0,-31]],[[25977,29486],[-4,46],[-34,43],[22,20],[48,63],[28,53],[28,32],[19,13]],[[26279,27002],[104,0]],[[26383,27002],[0,-69]],[[26383,26933],[0,-69],[62,-46],[40,-41]],[[26592,27003],[-105,0]],[[26487,27003],[0,195],[1,35]],[[26084,29756],[30,16],[33,1],[2,-26],[14,-75],[13,-40],[28,-61],[46,-89]],[[26142,26209],[-114,-1]],[[26749,29486],[62,4],[147,1]],[[26958,29491],[1,-227]],[[26959,29264],[-209,-1]],[[26750,29263],[-1,223]],[[26383,27002],[104,1]],[[26592,26889],[-104,0],[-1,50],[-41,0],[-24,-7],[-39,1]],[[26028,26177],[3,-68]],[[12172,16507],[433,-651],[497,-746],[85,-128],[155,-235],[190,-286],[206,-308],[269,-406],[343,-518],[-21,-53],[-3,-29],[3,-74],[-10,-31],[-19,-32],[-67,-75],[-31,-77],[-4,-19],[4,-32],[24,-48],[12,-38],[5,-39],[8,-127],[4,-23],[-1,-41],[14,-53],[30,-74],[11,-32],[-3,-56],[1,-91],[-5,-35],[4,-192],[2,-111],[5,-41],[24,-116],[-14,-26],[-31,-102],[-56,-150],[-36,-36],[-14,-26],[-39,-114],[-10,-24],[-67,-128],[-50,-117],[-16,-117],[-13,-121],[-1,-44],[9,-96],[-32,-35],[-27,-61],[-11,-10],[-31,-11],[-27,9],[-69,-77],[-71,-87],[-23,-21],[-12,-55],[-25,-28],[-14,-3],[-12,-35],[-23,5],[-23,19],[-36,11],[-37,4],[-14,-11],[-7,-56],[-35,-35],[-34,-12],[-28,7],[-7,-26],[-26,-12],[1,-27],[-31,-29],[-135,-199],[-38,-53],[-48,-76],[-45,-36],[0,-7],[0,-217],[-417,-5],[-263,4],[-157,1],[-6,-5],[4,-448],[4,-453]],[[13338,7167],[211,0],[206,3],[451,3],[242,1],[731,7],[289,2],[382,5],[166,1],[415,5]],[[17465,3620],[-345,-353],[-159,-165],[-193,-199],[-50,-61],[-41,-38],[-456,-481],[-729,-768],[-140,-147],[-50,-50],[-185,-194],[-206,-215],[-129,-137],[-103,-103],[-200,-209],[-88,-89],[-351,-364],[-35,-39],[-85,-8],[-97,28],[-31,32],[-17,40],[-23,94],[-47,5],[-5,6],[-39,1],[-35,35],[-21,28],[-10,47],[22,24],[-7,31],[-82,119],[-17,15],[-6,19],[1,31],[-6,25],[11,43],[30,48],[-30,39],[-4,36],[-13,27],[9,77],[0,37],[-6,18],[25,37],[-31,23],[-15,-2],[-55,38],[-23,36],[-30,37],[-12,24],[-27,13],[-18,30],[-20,43],[-39,2],[-18,-5],[-31,-22],[-35,19],[-78,57],[-27,49],[-20,0],[-2,28],[6,26],[-23,73],[8,53],[-12,54],[-29,35],[-12,51],[-26,12],[-12,14],[-26,1],[-10,7],[26,59],[23,35],[13,40],[-14,22],[-43,24],[-31,10],[-46,5],[-35,11],[-29,15],[-78,-7],[-29,7],[-44,16],[-81,13],[-76,17],[-70,20],[-20,-8],[-50,8],[-28,20],[-11,-3],[-39,-39],[-38,-7],[-31,6],[-27,28],[-34,50],[-15,0],[-82,38],[-18,19],[-26,10],[-105,59],[-14,42],[-17,7],[-38,-8],[-30,-11],[-41,-23],[-40,11],[-36,2],[-17,-5],[-61,-35],[-12,-11],[-19,16],[-36,-5],[-27,-42],[-36,-6],[0,-19],[-29,-4],[-24,-10],[-43,-26],[-36,-34],[-23,-10],[-20,0],[-47,28],[-24,29],[-10,26],[-10,47],[3,40],[-6,33],[0,23],[-25,50],[-11,11],[-24,45],[-37,13],[-32,24],[-22,5],[-17,25],[-34,35],[-22,34],[-54,37],[-5,13],[4,42],[-15,31],[2,18],[-47,25],[-47,7],[-15,24],[-40,21],[-26,29],[-19,2],[-21,16],[-21,33],[-28,7],[-61,-29],[-53,24],[-21,28],[-16,5],[-23,-8],[-4,15],[-16,8],[-22,22],[-4,40],[-43,-4],[-23,31],[12,28],[-20,23],[-28,8],[-3,18],[-37,2],[-17,11],[-5,62],[-13,32],[-20,28],[-33,38],[28,34],[1,38],[18,17],[-6,43],[-14,15],[-21,3],[-6,17],[-28,5],[-32,20],[-38,-2],[-22,-30],[-14,3],[-31,52],[-22,25],[10,31],[-19,19],[-40,16],[-17,20],[-24,12],[-19,-7],[-5,27],[-39,38],[-44,15],[-13,33],[-24,12],[-28,3],[-11,12],[-4,37],[-31,6],[-11,-6],[-6,-51],[-10,-9],[-44,2],[-1,33],[-58,1],[-3,23],[7,33],[-15,28],[-32,-9],[-16,-26],[-12,-32],[-27,17],[-18,26],[-22,12],[7,51],[-4,9],[-31,0],[-50,33],[-20,25],[-11,2],[-32,-13],[-8,-16],[8,-23],[-2,-54],[-6,-15],[19,-46],[-25,-43],[-26,18],[-15,21],[-7,23],[-12,9],[-44,-1],[-40,-11],[-15,15],[-24,5],[-28,21],[-16,6],[4,29],[9,19],[2,26],[-15,73],[12,20],[2,37],[10,62],[35,45],[8,39],[-13,12],[-12,-10],[-23,-35],[-18,3],[-18,27],[-58,-12],[-34,12],[-24,-9],[-13,25],[-15,9],[-41,-7],[-25,19],[-19,3],[-11,19],[-20,49],[-30,30],[-10,35],[-3,26],[12,47],[-16,46],[-38,43],[-19,2],[-38,37],[-66,8],[-8,38],[-17,21],[-34,2],[-19,12],[-38,9],[-47,-1],[-15,-12],[-19,5],[-32,42],[-60,15],[-32,32],[-49,2],[-33,42],[-31,31],[-73,52],[-14,27],[-27,26],[-24,15],[-26,50],[-32,24],[-22,2],[-58,42],[-23,23],[-30,46],[-14,6],[-9,28],[-27,17],[-43,-4],[-13,10],[8,25],[-12,38],[-12,16],[-37,34],[-25,11],[-18,31],[-4,27],[5,30],[-21,25],[-12,35],[-30,43],[-24,24],[4,55],[26,42],[-7,31],[2,42],[17,20],[4,40],[29,14],[-9,91],[8,11],[29,2],[29,10],[5,17],[-51,63],[-50,91],[-16,23],[-13,44],[-45,45],[-10,16],[0,27],[-30,36],[-29,23],[-39,7],[-39,-4],[-32,10],[-45,25],[-16,-4],[-4,-79],[-12,-26],[-36,-20],[-22,21],[-27,-9],[-2,-14],[10,-35],[12,-15],[-4,-43],[-14,-13],[-23,11],[-23,-16],[-21,3],[-16,21],[-21,7],[-23,18],[-45,1],[-33,8],[-10,13],[-19,-2],[-18,19],[-16,2],[-51,-27],[-15,2],[3,24],[-26,40],[-30,26],[-18,2],[-3,17],[-55,37],[-11,27],[-21,20],[-18,-13],[-7,-42],[-16,-17],[-26,13],[-43,14],[-38,-3],[-13,6],[-14,-18],[-17,-4],[-98,108],[-62,101],[4,21],[55,66],[15,71],[-23,24],[16,35],[11,40],[-19,31],[-50,5],[-23,14],[-24,-8],[-18,-15],[-28,23],[-19,31],[0,54],[-18,9],[-7,23],[2,36],[38,70],[-18,71],[-8,19],[3,16],[-15,28],[-22,21],[-13,58],[-30,40],[-12,3],[-13,20],[-17,13],[-34,12],[-31,43],[-25,23],[-50,19],[-34,0],[-29,23],[3,19],[27,40],[33,12],[15,45],[-9,41],[2,37],[-7,27],[5,14],[-3,52],[-12,40],[-29,34],[-3,49],[21,22],[-32,92],[-1,24],[-10,12],[-2,65],[4,22],[-12,55],[-69,37],[-21,25],[-4,54],[37,-3],[14,19],[24,-11],[19,39],[39,-5],[13,-12],[14,11],[21,5],[-8,48],[13,26],[28,97],[58,-32],[19,-2],[26,-20],[21,-9],[66,-44],[17,-4],[38,6],[18,19],[36,-12],[21,41],[-6,13],[-26,15],[3,20],[-26,46],[-17,23],[4,32],[8,19],[19,18],[7,28],[13,32],[28,8],[-3,61],[51,3],[28,-17],[19,12],[-11,37],[12,38],[1,25],[-9,36],[26,34],[23,16],[11,19],[-16,21],[8,26],[-2,17],[29,20],[18,33],[9,28],[0,22],[-18,23],[32,47],[18,11],[1,39],[-6,42],[25,34],[30,0],[20,13],[44,4],[31,19],[33,50],[24,13],[26,25],[32,37],[20,16],[-29,52],[-29,28],[1,51],[-44,42],[-45,49],[-4,18],[-20,27],[-9,24],[-27,13],[-13,13],[-17,35],[-22,1],[-18,14],[-23,65],[2,36],[-21,26],[-16,32],[-34,16],[-52,12],[-49,49],[-16,21],[-33,23],[-7,43],[-18,22],[-18,51],[-7,80],[-7,13],[-29,24],[-69,33],[-11,32],[-37,15],[-25,0],[-52,24],[-28,18],[-62,6],[-40,15],[-46,52],[-15,66],[-31,65],[-25,25],[-47,15],[-20,22],[-44,14],[-33,31],[-12,24],[-24,19],[0,29],[-19,38],[-17,23],[-13,46],[8,29],[37,69],[27,13],[14,24],[34,3],[5,-17],[26,17],[17,1],[7,22],[19,17],[12,29],[-17,65],[-21,14],[0,29],[-18,35],[-28,24],[-24,10],[-18,39],[-21,0],[-13,21],[-13,36],[0,20],[33,5],[19,9],[14,27],[19,16],[11,34],[21,17],[13,43],[13,26],[-8,45],[-38,41],[1,42],[27,56],[35,45],[21,13],[-5,20],[-24,40],[-47,13],[-50,42],[-64,30],[-48,52],[-2,14],[21,26],[37,59],[-6,42],[-29,36],[-2,29],[-16,32],[32,8],[-2,35],[53,43],[23,27],[3,13],[46,128],[11,10],[24,-5],[29,30],[15,41],[60,24],[3,17],[31,27],[7,24],[20,32],[14,34],[10,43],[33,30],[3,16],[27,16],[13,30],[22,8],[38,-1],[22,11],[18,39],[27,8],[46,-13],[34,14],[49,-3],[55,18],[28,4],[25,-7],[38,12],[10,40],[24,14],[39,0],[42,-21],[57,13],[25,-9],[17,6],[34,-2],[15,-6],[8,-20],[34,13],[25,-34],[36,-6],[15,10],[11,27],[40,19],[66,-14],[47,20],[56,33],[46,-35],[17,21],[25,1],[30,24],[32,-1],[32,43],[-8,14],[-11,39],[8,32],[26,8],[29,-11],[110,2],[12,-7],[24,26],[3,17],[38,7],[4,25],[11,28],[28,27],[73,2],[12,5],[-7,152],[4,186],[-13,1112],[4,510]],[[27375,29721],[0,226]],[[23674,26187],[-285,-1],[-549,-4]],[[22884,29220],[-6,35],[31,48],[44,52],[30,26],[23,3],[47,-24],[35,0],[17,-20],[49,-24],[52,-40],[53,-7],[68,9],[26,6],[59,22],[26,26],[5,20],[21,41],[30,41]],[[24332,28525],[20,-25],[58,-52]],[[24714,28237],[-1,112],[29,1]],[[37378,38625],[-22,-11],[-34,7],[-41,-3],[-15,41],[-48,44],[-25,14],[-2,27],[-17,15],[5,55],[-10,17],[-20,0],[-20,-10],[-15,3],[-14,25],[-8,35],[-10,12],[-21,3],[-35,27],[-77,1],[-15,18]],[[36147,39401],[5,11],[-2,93],[-7,64],[7,50],[-6,71],[5,52],[17,22],[55,52],[14,24],[45,32],[19,31],[31,17],[92,10],[23,7],[84,52],[25,20],[16,24],[29,31],[19,40],[33,94],[4,47],[21,77],[16,42],[42,41],[29,35],[11,7],[22,32],[49,51],[7,49],[-3,17],[11,42],[12,23],[-5,38],[-17,52],[-1,49],[-13,32],[-19,8],[-32,4],[-51,22],[-15,11],[-28,32],[-13,38],[5,23],[48,73],[35,38],[8,42],[-5,44],[8,52],[8,17],[6,34],[-2,26],[9,63],[1,33],[19,34],[-2,62],[-5,36],[2,32],[10,36],[63,82],[90,47],[40,33],[19,46],[8,53],[-8,49],[0,60],[4,66],[-18,43],[-14,21],[-21,87],[-2,68],[5,30],[-4,39],[-1,76],[-35,91],[-7,46],[-24,31],[-19,13],[-44,42],[-29,13],[-14,18],[-7,26],[3,22],[21,70],[5,59],[-4,59],[1,30],[8,28],[26,45],[10,37],[26,48],[6,48],[24,63],[-4,61],[-34,91],[-5,24],[-16,29],[-1,45],[-14,63],[-19,43],[-73,55],[0,38],[-27,176],[-5,14],[17,53],[36,41],[19,28],[39,16],[41,35],[14,16],[21,37],[4,18],[25,8],[42,48],[27,4],[71,-12],[35,18],[53,88],[12,25],[4,32],[-8,40],[-12,33],[-22,23],[-90,57],[-76,56],[-29,46],[1,45],[15,33],[16,18],[52,16],[42,1],[42,-3],[40,9],[76,38],[31,22],[18,32],[-2,69],[-11,18],[-55,48],[-23,23],[4,69]],[[37135,37251],[-17,-21],[-2,-14],[10,-29],[-17,-27],[-1,-27],[15,-20],[1,-32],[13,-42],[0,-51],[8,-19],[9,-53],[0,-30],[-13,-11],[-48,10],[-13,-4],[-14,-39],[8,-39],[-21,-5],[-26,19],[-24,-11],[-16,-62],[-28,-16],[-20,3],[-50,-74],[-49,22],[-47,-3],[-33,-10],[2,-52],[-3,-19],[-32,11],[-20,-25],[-35,-15],[-6,-10],[-45,-23],[-13,-11],[-6,-22],[-20,-8],[-33,10],[-27,-17],[15,-46],[-19,-46],[18,-59],[-15,-41],[-57,-7],[-33,24],[-15,5],[-33,-6],[-27,-27],[-1,-26],[-9,-3],[-37,10],[-26,24],[-22,1],[-13,-51],[-21,-41],[-19,-50],[0,-43],[31,-64],[-4,-14]],[[37026,22171],[-71,2],[-334,3],[-418,13],[-221,3],[-100,2],[-103,1]],[[35779,22195],[3,289],[1,157],[3,125],[4,443],[-7,48],[-3,170],[-4,120]],[[34660,25230],[-9,11],[-57,28],[-70,77],[-17,1],[-23,-14],[-30,-7],[-48,10],[-68,57],[-8,17],[-1,114],[-2,11],[-51,101],[-42,45],[-28,38],[-31,64],[-3,64],[5,18],[24,50],[13,16],[28,20],[67,23],[56,38],[74,26],[27,36],[0,13],[-15,17],[-80,7],[-8,17],[7,27],[5,50],[12,19],[15,51],[23,48],[-12,72],[-24,129],[-105,211]],[[40761,23466],[-43,0],[-341,-2],[-417,13],[-419,17],[-242,15]],[[34933,21979],[1,-293],[-1,-492],[0,-119],[2,-221]],[[34935,20854],[-26,-2],[-274,-1],[-113,1]],[[34517,21530],[0,112]],[[35779,22195],[-2,-281],[-4,-587],[-5,-442],[0,-48]],[[35768,20837],[-139,4],[-275,4],[-28,-2],[-112,3],[-231,4],[-48,4]],[[37443,22163],[0,-112],[0,-340],[-5,-679],[-2,-225],[-202,4],[-7,-1],[-212,5],[-408,7],[-421,8],[-181,2],[-237,5]],[[26545,29489],[1,-114]],[[25639,29475],[2,16],[23,50],[4,43],[-5,19],[6,50],[-10,23],[-27,32],[-23,19],[-6,25],[25,45],[21,17],[25,43],[31,7],[12,8],[16,-9],[24,4],[51,30],[63,12],[22,13],[10,17],[4,30],[34,71],[17,28],[37,106],[20,33],[15,12],[38,18],[52,9]],[[27534,25755],[-103,1]]],"transform":{"scale":[0.00004310342213011165,0.00003204716909097853],"translate":[-120.918731,35.906914]},"objects":{"Geometry\\06-019":{"type":"GeometryCollection","geometries":[{"arcs":[[0,1,2,3]],"type":"Polygon","properties":{"GEOID":"060190031034"}},{"arcs":[[-3,4,5,6]],"type":"Polygon","properties":{"GEOID":"060190031035"}},{"arcs":[[7,8,9,10]],"type":"Polygon","properties":{"GEOID":"060190031022"}},{"arcs":[[11,12,13,14]],"type":"Polygon","properties":{"GEOID":"060190031024"}},{"arcs":[[15,16,17,18,19]],"type":"Polygon","properties":{"GEOID":"060190037021"}},{"arcs":[[20,21,22,23]],"type":"Polygon","properties":{"GEOID":"060190038092"}},{"arcs":[[-23,24,25,26,27,28,29]],"type":"Polygon","properties":{"GEOID":"060190038091"}},{"arcs":[[30,31,32,33,34,35]],"type":"Polygon","properties":{"GEOID":"060190042141"}},{"arcs":[[36,37,38,39]],"type":"Polygon","properties":{"GEOID":"060190042143"}},{"arcs":[[40,41,42,43]],"type":"Polygon","properties":{"GEOID":"060190047032"}},{"arcs":[[44,45,46,47,-42]],"type":"Polygon","properties":{"GEOID":"060190047033"}},{"arcs":[[48,-43,-48,49,50,-16,51]],"type":"Polygon","properties":{"GEOID":"060190047041"}},{"arcs":[[52,53,54,55,56,57,58]],"type":"Polygon","properties":{"GEOID":"060190048011"}},{"arcs":[[59,-53,60]],"type":"Polygon","properties":{"GEOID":"060190048012"}},{"arcs":[[-47,61,-61,62,-50]],"type":"Polygon","properties":{"GEOID":"060190048023"}},{"arcs":[[63,64,65,66,67,68]],"type":"Polygon","properties":{"GEOID":"060190056072"}},{"arcs":[[-68,69,70,71,72]],"type":"Polygon","properties":{"GEOID":"060190056081"}},{"arcs":[[73,-64,74,75]],"type":"Polygon","properties":{"GEOID":"060190056073"}},{"arcs":[[76,77,-65,-74,78]],"type":"Polygon","properties":{"GEOID":"060190056071"}},{"arcs":[[79,80,81,82,83]],"type":"Polygon","properties":{"GEOID":"060190056051"}},{"arcs":[[84,85,86,-81]],"type":"Polygon","properties":{"GEOID":"060190056061"}},{"arcs":[[87,88,89,90,91,92]],"type":"Polygon","properties":{"GEOID":"060190066023"}},{"arcs":[[93,94,95,-90]],"type":"Polygon","properties":{"GEOID":"060190066024"}},{"arcs":[[96,97,98,99,100,101,102]],"type":"Polygon","properties":{"GEOID":"060190067001"}},{"arcs":[[-92,103,-99]],"type":"Polygon","properties":{"GEOID":"060190067002"}},{"arcs":[[104,105,106,107]],"type":"Polygon","properties":{"GEOID":"060190009021"}},{"arcs":[[108,109,110,111,112,-26]],"type":"Polygon","properties":{"GEOID":"060190038051"}},{"arcs":[[113,-111,114,115,116,117]],"type":"Polygon","properties":{"GEOID":"060190038071"}},{"arcs":[[-117,118,119,120,121]],"type":"Polygon","properties":{"GEOID":"060190038072"}},{"arcs":[[-39,122,123,124,125,126,127]],"type":"Polygon","properties":{"GEOID":"060190042132"}},{"arcs":[[-35,128,129,130,131]],"type":"Polygon","properties":{"GEOID":"060190042102"}},{"arcs":[[132,133,134,135,136]],"type":"Polygon","properties":{"GEOID":"060190042111"}},{"arcs":[[-136,137,138,139]],"type":"Polygon","properties":{"GEOID":"060190042112"}},{"arcs":[[140,141,142,143]],"type":"Polygon","properties":{"GEOID":"060190042121"}},{"arcs":[[144,145,146,-32,147]],"type":"Polygon","properties":{"GEOID":"060190043012"}},{"arcs":[[148,149,150,151]],"type":"Polygon","properties":{"GEOID":"060190049012"}},{"arcs":[[152,-152,153,154,155]],"type":"Polygon","properties":{"GEOID":"060190049011"}},{"arcs":[[156,157,158,159,160]],"type":"Polygon","properties":{"GEOID":"060190050001"}},{"arcs":[[-160,161,162,163,164,165]],"type":"Polygon","properties":{"GEOID":"060190050002"}},{"arcs":[[-87,166,-77,-82]],"type":"Polygon","properties":{"GEOID":"060190056062"}},{"arcs":[[167,168,169,170]],"type":"Polygon","properties":{"GEOID":"060190057011"}},{"arcs":[[171,172,173,174,175,-170]],"type":"Polygon","properties":{"GEOID":"060190057012"}},{"arcs":[[-175,176,177,178,179]],"type":"Polygon","properties":{"GEOID":"060190057013"}},{"arcs":[[-171,-176,-180,180,181]],"type":"Polygon","properties":{"GEOID":"060190057014"}},{"arcs":[[182,183,184,-173]],"type":"Polygon","properties":{"GEOID":"060190057021"}},{"arcs":[[185,186,187,-184]],"type":"Polygon","properties":{"GEOID":"060190057022"}},{"arcs":[[-188,188,189,190]],"type":"Polygon","properties":{"GEOID":"060190057023"}},{"arcs":[[-104,191,192,193,194,-100]],"type":"Polygon","properties":{"GEOID":"060190067003"}},{"arcs":[[-102,195,-194,196,197]],"type":"Polygon","properties":{"GEOID":"060190067004"}},{"arcs":[[-101,-195,-196]],"type":"Polygon","properties":{"GEOID":"060190067005"}},{"arcs":[[198,199,200]],"type":"Polygon","properties":{"GEOID":"060190068021"}},{"arcs":[[201,-201,202,203]],"type":"Polygon","properties":{"GEOID":"060190068024"}},{"arcs":[[204,205,206,207,208,209,210]],"type":"Polygon","properties":{"GEOID":"060190009023"}},{"arcs":[[211,212,-108,213,-208]],"type":"Polygon","properties":{"GEOID":"060190009022"}},{"arcs":[[214,215,-122,216,217]],"type":"Polygon","properties":{"GEOID":"060190038081"}},{"arcs":[[218,219,220,221,222,223]],"type":"Polygon","properties":{"GEOID":"060190039001"}},{"arcs":[[224,225,226,227,228,229,230]],"type":"Polygon","properties":{"GEOID":"060190039004"}},{"arcs":[[231,232,-229,233,234,235]],"type":"Polygon","properties":{"GEOID":"060190039005"}},{"arcs":[[236,237,238,239,-146]],"type":"Polygon","properties":{"GEOID":"060190043013"}},{"arcs":[[-240,240,241,242]],"type":"Polygon","properties":{"GEOID":"060190043021"}},{"arcs":[[-241,-239,243,244,245,246]],"type":"Polygon","properties":{"GEOID":"060190043022"}},{"arcs":[[247,248,249,250,-244]],"type":"Polygon","properties":{"GEOID":"060190043023"}},{"arcs":[[-242,-247,251,-123,-38]],"type":"Polygon","properties":{"GEOID":"060190043024"}},{"arcs":[[-251,252,253,-245]],"type":"Polygon","properties":{"GEOID":"060190043025"}},{"arcs":[[-252,-246,254,255,-124]],"type":"Polygon","properties":{"GEOID":"060190043031"}},{"arcs":[[256,257,258,259,260,261,262]],"type":"Polygon","properties":{"GEOID":"060190051001"}},{"arcs":[[-165,263,-150]],"type":"Polygon","properties":{"GEOID":"060190051004"}},{"arcs":[[264,-263,265,266,-163]],"type":"Polygon","properties":{"GEOID":"060190051005"}},{"arcs":[[267,268,269,270,-259]],"type":"Polygon","properties":{"GEOID":"060190052031"}},{"arcs":[[271,272,273,-268,-258]],"type":"Polygon","properties":{"GEOID":"060190052042"}},{"arcs":[[274,275,-269,-274]],"type":"Polygon","properties":{"GEOID":"060190052041"}},{"arcs":[[-185,-191,276,-177,-174]],"type":"Polygon","properties":{"GEOID":"060190057024"}},{"arcs":[[-277,277,278,279]],"type":"Polygon","properties":{"GEOID":"060190057031"}},{"arcs":[[-190,280,281,-278]],"type":"Polygon","properties":{"GEOID":"060190057032"}},{"arcs":[[-282,282,283,284]],"type":"Polygon","properties":{"GEOID":"060190057033"}},{"arcs":[[-181,-179,285,286,287]],"type":"Polygon","properties":{"GEOID":"060190057041"}},{"arcs":[[-178,-280,288,-286]],"type":"Polygon","properties":{"GEOID":"060190057042"}},{"arcs":[[-287,-289,289,290,291]],"type":"Polygon","properties":{"GEOID":"060190057043"}},{"arcs":[[292,-291,293,294,295,-8]],"type":"Polygon","properties":{"GEOID":"060190058011"}},{"arcs":[[296,297]],"type":"Polygon","properties":{"GEOID":"060190069001"}},{"arcs":[[298,299,300,301]],"type":"Polygon","properties":{"GEOID":"060190070021"}},{"arcs":[[-301,302,303,304]],"type":"Polygon","properties":{"GEOID":"060190070022"}},{"arcs":[[305,-302,-305,306,307]],"type":"Polygon","properties":{"GEOID":"060190070023"}},{"arcs":[[308,309,310,311,312,313,314,315]],"type":"Polygon","properties":{"GEOID":"060190070031"}},{"arcs":[[-311,316,317,318,319]],"type":"Polygon","properties":{"GEOID":"060190070032"}},{"arcs":[[-256,320,321,322,-125]],"type":"Polygon","properties":{"GEOID":"060190043032"}},{"arcs":[[323,324,325,326,327,328,329,330,331,332,333]],"type":"Polygon","properties":{"GEOID":"060190044041"}},{"arcs":[[334,335,336,-331]],"type":"Polygon","properties":{"GEOID":"060190044042"}},{"arcs":[[337,338,339,340,341,342]],"type":"Polygon","properties":{"GEOID":"060190044052"}},{"arcs":[[343,-343,344,-328,345]],"type":"Polygon","properties":{"GEOID":"060190044053"}},{"arcs":[[346,347,348,349,350,351,352]],"type":"Polygon","properties":{"GEOID":"060190052021"}},{"arcs":[[-352,353,354]],"type":"Polygon","properties":{"GEOID":"060190052022"}},{"arcs":[[355,356,357,358]],"type":"Polygon","properties":{"GEOID":"060190053011"}},{"arcs":[[359,-359,-272,360]],"type":"Polygon","properties":{"GEOID":"060190053012"}},{"arcs":[[361,-361,-257,-265,-162]],"type":"Polygon","properties":{"GEOID":"060190053013"}},{"arcs":[[362,363,-356,364]],"type":"Polygon","properties":{"GEOID":"060190053021"}},{"arcs":[[365,366,-365,-360,-362,-159]],"type":"Polygon","properties":{"GEOID":"060190053022"}},{"arcs":[[-295,367,368,369]],"type":"Polygon","properties":{"GEOID":"060190058012"}},{"arcs":[[-9,-296,-370,370,371,372]],"type":"Polygon","properties":{"GEOID":"060190058013"}},{"arcs":[[-371,-369,373,374,375,376,377]],"type":"Polygon","properties":{"GEOID":"060190058041"}},{"arcs":[[-376,378,379,380,381]],"type":"Polygon","properties":{"GEOID":"060190058044"}},{"arcs":[[-377,-382,382,383,384]],"type":"Polygon","properties":{"GEOID":"060190058042"}},{"arcs":[[-318,385,386,387,-306,388]],"type":"Polygon","properties":{"GEOID":"060190070033"}},{"arcs":[[389,390,-299,-388]],"type":"Polygon","properties":{"GEOID":"060190070042"}},{"arcs":[[391,392,393]],"type":"Polygon","properties":{"GEOID":"060190010001"}},{"arcs":[[394,395,-394,396,397]],"type":"Polygon","properties":{"GEOID":"060190010002"}},{"arcs":[[398,399,-349,400]],"type":"Polygon","properties":{"GEOID":"060190053052"}},{"arcs":[[401,402,403,404,405]],"type":"Polygon","properties":{"GEOID":"060190054102"}},{"arcs":[[406,407,-403,408]],"type":"Polygon","properties":{"GEOID":"060190054051"}},{"arcs":[[409,410,411,-408]],"type":"Polygon","properties":{"GEOID":"060190054052"}},{"arcs":[[412,413,414,415,-411]],"type":"Polygon","properties":{"GEOID":"060190054053"}},{"arcs":[[416,417,-407,418]],"type":"Polygon","properties":{"GEOID":"060190054061"}},{"arcs":[[-372,-378,-385,419,420]],"type":"Polygon","properties":{"GEOID":"060190058043"}},{"arcs":[[421,422,423,-380]],"type":"Polygon","properties":{"GEOID":"060190058051"}},{"arcs":[[424,425,426,427,428,-393]],"type":"Polygon","properties":{"GEOID":"060190011001"}},{"arcs":[[429,-426,-106,430]],"type":"Polygon","properties":{"GEOID":"060190011002"}},{"arcs":[[431,432,433,434]],"type":"Polygon","properties":{"GEOID":"060190059042"}},{"arcs":[[435,436,437,438,439]],"type":"Polygon","properties":{"GEOID":"060190072021"}},{"arcs":[[440,441,442,443]],"type":"Polygon","properties":{"GEOID":"060190073001"}},{"arcs":[[444,-315,445,446,447,-442,448]],"type":"Polygon","properties":{"GEOID":"060190073002"}},{"arcs":[[-448,449,450,451,452]],"type":"Polygon","properties":{"GEOID":"060190073003"}},{"arcs":[[453,454,455,456]],"type":"Polygon","properties":{"GEOID":"060190055121"}},{"arcs":[[-456,457,458,459,460,461,-186,-183,-172,462]],"type":"Polygon","properties":{"GEOID":"060190055122"}},{"arcs":[[463,-168,-182,464,465]],"type":"Polygon","properties":{"GEOID":"060190056021"}},{"arcs":[[466,467,468,469,470,471,472,-451]],"type":"Polygon","properties":{"GEOID":"060190073004"}},{"arcs":[[473,-443,-453,474,475,476]],"type":"Polygon","properties":{"GEOID":"060190073005"}},{"arcs":[[477,478,479,480,481,482,483,484]],"type":"Polygon","properties":{"GEOID":"060190075001"}},{"arcs":[[485,-463,-169,-464,486,487]],"type":"Polygon","properties":{"GEOID":"060190055132"}},{"arcs":[[488,489,490,491]],"type":"Polygon","properties":{"GEOID":"060190055141"}},{"arcs":[[492,493,494,495]],"type":"Polygon","properties":{"GEOID":"060190021004"}},{"arcs":[[496,497,498,499,500,501]],"type":"Polygon","properties":{"GEOID":"060190069003"}},{"arcs":[[502,503]],"type":"Polygon","properties":{"GEOID":"060190077003"}},{"arcs":[[504,505,506,507]],"type":"Polygon","properties":{"GEOID":"060190084022"}},{"arcs":[[508,509,510]],"type":"Polygon","properties":{"GEOID":"060190013031"}},{"arcs":[[511,512,513,514,-120]],"type":"Polygon","properties":{"GEOID":"060190020004"}},{"arcs":[[-63,-59,515,-17,-51]],"type":"Polygon","properties":{"GEOID":"060190048022"}},{"arcs":[[516,517,518,519]],"type":"Polygon","properties":{"GEOID":"060190054032"}},{"arcs":[[520,521,522,-400]],"type":"Polygon","properties":{"GEOID":"060190031033"}},{"arcs":[[523,524,525,526,527]],"type":"Polygon","properties":{"GEOID":"060190002002"}},{"arcs":[[-235,528,529,530,531,532,533]],"type":"Polygon","properties":{"GEOID":"060190076001"}},{"arcs":[[-532,534,-478,535]],"type":"Polygon","properties":{"GEOID":"060190076003"}},{"arcs":[[-531,536,537,538,539,-479,-535]],"type":"Polygon","properties":{"GEOID":"060190076004"}},{"arcs":[[540,541,542,543,544]],"type":"Polygon","properties":{"GEOID":"060190026011"}},{"arcs":[[-58,545,546,547]],"type":"Polygon","properties":{"GEOID":"060190036005"}},{"arcs":[[548,-457,-486,549]],"type":"Polygon","properties":{"GEOID":"060190055131"}},{"arcs":[[550,551,552,553,554]],"type":"Polygon","properties":{"GEOID":"060190045042"}},{"arcs":[[555,556,557,558,-498,559,560]],"type":"Polygon","properties":{"GEOID":"060190062012"}},{"arcs":[[561,-561,562]],"type":"Polygon","properties":{"GEOID":"060190062011"}},{"arcs":[[563,564,565,566,-469,567,-303,-300,-391,568,569,-310]],"type":"Polygon","properties":{"GEOID":"060190070041"}},{"arcs":[[570,-533,-536,-485,571,572,573,574]],"type":"Polygon","properties":{"GEOID":"060190076002"}},{"arcs":[[575,576,577,578]],"type":"Polygon","properties":{"GEOID":"060190080003"}},{"arcs":[[-525,579,580,581,582,583]],"type":"Polygon","properties":{"GEOID":"060190003002"}},{"arcs":[[584,585,586,587,588,589,590,591,-427,-430,592]],"type":"Polygon","properties":{"GEOID":"060190012011"}},{"arcs":[[593,594,-591]],"type":"Polygon","properties":{"GEOID":"060190012012"}},{"arcs":[[-595,595,596,597,-592]],"type":"Polygon","properties":{"GEOID":"060190012014"}},{"arcs":[[598,599,600,601,602,-597]],"type":"Polygon","properties":{"GEOID":"060190012022"}},{"arcs":[[603,604,605,606,-509,607]],"type":"Polygon","properties":{"GEOID":"060190013011"}},{"arcs":[[608,-476,609,610,611,612]],"type":"Polygon","properties":{"GEOID":"060190074001"}},{"arcs":[[613,614,615,616]],"type":"Polygon","properties":{"GEOID":"060190065012"}},{"arcs":[[617,-103,-198,618,619,620]],"type":"Polygon","properties":{"GEOID":"060190068022"}},{"arcs":[[-504,621]],"type":"Polygon","properties":{"GEOID":"060190077002"}},{"arcs":[[-28,622,623,624,625]],"type":"Polygon","properties":{"GEOID":"060190038041"}},{"arcs":[[-405,-520,626,-366,627]],"type":"Polygon","properties":{"GEOID":"060190054101"}},{"arcs":[[-572,-484,628,-613,629,630],[-503,-622]],"type":"Polygon","properties":{"GEOID":"060190077001"}},{"arcs":[[631,632,633,-237,-145,634]],"type":"Polygon","properties":{"GEOID":"060190043011"}},{"arcs":[[635,636,-551,637]],"type":"Polygon","properties":{"GEOID":"060190045043"}},{"arcs":[[-14,638,639,-522]],"type":"Polygon","properties":{"GEOID":"060190031031"}},{"arcs":[[640,-550,641,-490]],"type":"Polygon","properties":{"GEOID":"060190055142"}},{"arcs":[[-526,-584,-212,-207,642]],"type":"Polygon","properties":{"GEOID":"060190003003"}},{"arcs":[[-527,-643,-206,643]],"type":"Polygon","properties":{"GEOID":"060190003001"}},{"arcs":[[644,-608,645,646]],"type":"Polygon","properties":{"GEOID":"060190004001"}},{"arcs":[[647,648,649,650,651,652]],"type":"Polygon","properties":{"GEOID":"060190013013"}},{"arcs":[[653,654,655,656,657,-650]],"type":"Polygon","properties":{"GEOID":"060190013014"}},{"arcs":[[-651,-658,658,659,660]],"type":"Polygon","properties":{"GEOID":"060190013042"}},{"arcs":[[661,662,663]],"type":"Polygon","properties":{"GEOID":"060190014112"}},{"arcs":[[-72,664,665]],"type":"Polygon","properties":{"GEOID":"060190031021"}},{"arcs":[[666,667,668,669,670]],"type":"Polygon","properties":{"GEOID":"060190025023"}},{"arcs":[[671,-36,-132,-134,672]],"type":"Polygon","properties":{"GEOID":"060190042101"}},{"arcs":[[673,674,675,676,677,-493]],"type":"Polygon","properties":{"GEOID":"060190021005"}},{"arcs":[[-660,678,-600,-589]],"type":"Polygon","properties":{"GEOID":"060190012021"}},{"arcs":[[679,680,-161,-166,-149,681]],"type":"Polygon","properties":{"GEOID":"060190050003"}},{"arcs":[[-279,-285,682,-290]],"type":"Polygon","properties":{"GEOID":"060190057034"}},{"arcs":[[-646,-511,683,-585,684]],"type":"Polygon","properties":{"GEOID":"060190004002"}},{"arcs":[[685,686,687,688,-647,689]],"type":"Polygon","properties":{"GEOID":"060190004004"}},{"arcs":[[690,-545,691,692]],"type":"Polygon","properties":{"GEOID":"060190005011"}},{"arcs":[[-692,693,694,-688,695]],"type":"Polygon","properties":{"GEOID":"060190005012"}},{"arcs":[[696,697,698]],"type":"Polygon","properties":{"GEOID":"060190005022"}},{"arcs":[[699,700,701,702]],"type":"Polygon","properties":{"GEOID":"060190014114"}},{"arcs":[[703,704,-220]],"type":"Polygon","properties":{"GEOID":"060190041002"}},{"arcs":[[705,706,707,-236,-534,-571,708,709]],"type":"Polygon","properties":{"GEOID":"060190039003"}},{"arcs":[[710,-611,711]],"type":"Polygon","properties":{"GEOID":"060190074003"}},{"arcs":[[712,-505,713]],"type":"Polygon","properties":{"GEOID":"060190084021"}},{"arcs":[[-475,-452,-473,714,715,-712,-610]],"type":"Polygon","properties":{"GEOID":"060190074002"}},{"arcs":[[-590,-599,-596,-594]],"type":"Polygon","properties":{"GEOID":"060190012013"}},{"arcs":[[716,717,718,-677]],"type":"Polygon","properties":{"GEOID":"060190021002"}},{"arcs":[[719,-224,720,-706,721,722,723]],"type":"Polygon","properties":{"GEOID":"060190039002"}},{"arcs":[[724,725,726,727,728,729,730,731,732]],"type":"Polygon","properties":{"GEOID":"060190035003"}},{"arcs":[[733,734,-338,-344,735]],"type":"Polygon","properties":{"GEOID":"060190044051"}},{"arcs":[[736,-44,737,738]],"type":"Polygon","properties":{"GEOID":"060190047031"}},{"arcs":[[-266,-262,739,740]],"type":"Polygon","properties":{"GEOID":"060190051002"}},{"arcs":[[741,742,743,744]],"type":"Polygon","properties":{"GEOID":"060190014131"}},{"arcs":[[-583,745,-690,-685,-593,-431,-105,-213]],"type":"Polygon","properties":{"GEOID":"060190004003"}},{"arcs":[[746,747,748,749,750,751,752]],"type":"Polygon","properties":{"GEOID":"060190084043"}},{"arcs":[[753,754,-709,-575,755,756],[757,758,759,760]],"type":"Polygon","properties":{"GEOID":"060190082003"}},{"arcs":[[761,-761]],"type":"Polygon","properties":{"GEOID":"060190082005"}},{"arcs":[[762,-759]],"type":"Polygon","properties":{"GEOID":"060190082007"}},{"arcs":[[-754,763]],"type":"Polygon","properties":{"GEOID":"060190082002"}},{"arcs":[[764,-722,-710,-755,-764,-757,765,766]],"type":"Polygon","properties":{"GEOID":"060190082001"}},{"arcs":[[-763,-758,-762,-760]],"type":"Polygon","properties":{"GEOID":"060190082004"}},{"arcs":[[-147,-243,-37,-33]],"type":"Polygon","properties":{"GEOID":"060190042142"}},{"arcs":[[767,768,769,770,771,772,773,774,775,776,777,778]],"type":"Polygon","properties":{"GEOID":"060190055251"}},{"arcs":[[-771,779,-458,780]],"type":"Polygon","properties":{"GEOID":"060190055201"}},{"arcs":[[781,-772,-781,-455,782]],"type":"Polygon","properties":{"GEOID":"060190055222"}},{"arcs":[[783,-666,784,-15,-521,785]],"type":"Polygon","properties":{"GEOID":"060190031023"}},{"arcs":[[786,787,788,-482]],"type":"Polygon","properties":{"GEOID":"060190075005"}},{"arcs":[[-625,789,790,791]],"type":"Polygon","properties":{"GEOID":"060190038042"}},{"arcs":[[-624,792,793,-790]],"type":"Polygon","properties":{"GEOID":"060190038043"}},{"arcs":[[794,795,796,-734,797]],"type":"Polygon","properties":{"GEOID":"060190055161"}},{"arcs":[[798,799,-339,-735,-797]],"type":"Polygon","properties":{"GEOID":"060190055163"}},{"arcs":[[800,801,-24,-30,802,803]],"type":"Polygon","properties":{"GEOID":"060190038101"}},{"arcs":[[804,-804,805,806,807]],"type":"Polygon","properties":{"GEOID":"060190038102"}},{"arcs":[[-34,-40,808,-129]],"type":"Polygon","properties":{"GEOID":"060190042144"}},{"arcs":[[809,810,811,812,813,814,815,-322]],"type":"Polygon","properties":{"GEOID":"060190046011"}},{"arcs":[[816,817,818,-813]],"type":"Polygon","properties":{"GEOID":"060190049021"}},{"arcs":[[819,820,-334,821,822,823,-633]],"type":"Polygon","properties":{"GEOID":"060190044091"}},{"arcs":[[-823,824,-249,825]],"type":"Polygon","properties":{"GEOID":"060190044093"}},{"arcs":[[826,827,-814,828,-62,-46]],"type":"Polygon","properties":{"GEOID":"060190048021"}},{"arcs":[[829,830,831,832,-799]],"type":"Polygon","properties":{"GEOID":"060190055162"}},{"arcs":[[833,834,835,836,-786,-399,837]],"type":"Polygon","properties":{"GEOID":"060190053043"}},{"arcs":[[-276,838,-353,-355,839,-270]],"type":"Polygon","properties":{"GEOID":"060190052032"}},{"arcs":[[-358,-347,-839,-275,-273]],"type":"Polygon","properties":{"GEOID":"060190052043"}},{"arcs":[[840,841,842]],"type":"Polygon","properties":{"GEOID":"060190085012"}},{"arcs":[[843,844,-617,845,846]],"type":"Polygon","properties":{"GEOID":"060190065011"}},{"arcs":[[847,848,849,850,-93,-98,851]],"type":"Polygon","properties":{"GEOID":"060190066032"}},{"arcs":[[852,-787,-481]],"type":"Polygon","properties":{"GEOID":"060190075004"}},{"arcs":[[853,-663,854,855,856,-743,857]],"type":"Polygon","properties":{"GEOID":"060190014121"}},{"arcs":[[858,859,860]],"type":"Polygon","properties":{"GEOID":"060190029061"}},{"arcs":[[-819,-54,-60,-829]],"type":"Polygon","properties":{"GEOID":"060190048013"}},{"arcs":[[861,-156,862,-55,-818]],"type":"Polygon","properties":{"GEOID":"060190049022"}},{"arcs":[[-19,863,864,865,866]],"type":"Polygon","properties":{"GEOID":"060190037023"}},{"arcs":[[867,868,869,870,871,872]],"type":"Polygon","properties":{"GEOID":"060190029032"}},{"arcs":[[873,874,875,-143]],"type":"Polygon","properties":{"GEOID":"060190042124"}},{"arcs":[[876,877,878,879,-518]],"type":"Polygon","properties":{"GEOID":"060190054033"}},{"arcs":[[880,881,882,883,884,885]],"type":"Polygon","properties":{"GEOID":"060190078021"}},{"arcs":[[886,887,888,889,890,891,892,893]],"type":"Polygon","properties":{"GEOID":"060190059121"}},{"arcs":[[-519,-880,894,-363,-367,-627]],"type":"Polygon","properties":{"GEOID":"060190054031"}},{"arcs":[[895,896,-580,-524,897]],"type":"Polygon","properties":{"GEOID":"060190002001"}},{"arcs":[[-510,-607,898,899,-586,-684]],"type":"Polygon","properties":{"GEOID":"060190013032"}},{"arcs":[[900,901,-899,-606]],"type":"Polygon","properties":{"GEOID":"060190013012"}},{"arcs":[[902,-653,903,-902]],"type":"Polygon","properties":{"GEOID":"060190013015"}},{"arcs":[[-904,904,-587,-900]],"type":"Polygon","properties":{"GEOID":"060190013043"}},{"arcs":[[-698,905,-693,-696,-687,906]],"type":"Polygon","properties":{"GEOID":"060190005021"}},{"arcs":[[907,908,-83,-79,-76,909,-836,910,-834,911,-895,-879,912,-414,913]],"type":"Polygon","properties":{"GEOID":"060190054081"}},{"arcs":[[914,-858,915,-701]],"type":"Polygon","properties":{"GEOID":"060190014113"}},{"arcs":[[-872,916,917]],"type":"Polygon","properties":{"GEOID":"060190029033"}},{"arcs":[[918,-873,-918,919,920,921]],"type":"Polygon","properties":{"GEOID":"060190029031"}},{"arcs":[[922,923,924,-870]],"type":"Polygon","properties":{"GEOID":"060190030031"}},{"arcs":[[925,926,927,928,929]],"type":"Polygon","properties":{"GEOID":"060190027012"}},{"arcs":[[930,931,932,-861,933,934]],"type":"Polygon","properties":{"GEOID":"060190029062"}},{"arcs":[[935,936,937,938]],"type":"Polygon","properties":{"GEOID":"060190059112"}},{"arcs":[[939,-614,-845,940]],"type":"Polygon","properties":{"GEOID":"060190065021"}},{"arcs":[[941,942,-941,-844,943,944]],"type":"Polygon","properties":{"GEOID":"060190065022"}},{"arcs":[[-770,945,-459,-780]],"type":"Polygon","properties":{"GEOID":"060190055202"}},{"arcs":[[-665,-71,946,-293,-11,-1,-12,-785]],"type":"Polygon","properties":{"GEOID":"060190031025"}},{"arcs":[[947,948,-667,949]],"type":"Polygon","properties":{"GEOID":"060190025014"}},{"arcs":[[950,951,952,-948,953]],"type":"Polygon","properties":{"GEOID":"060190025013"}},{"arcs":[[-929,-922,954,955,956]],"type":"Polygon","properties":{"GEOID":"060190027022"}},{"arcs":[[-956,957,-654,-649,958]],"type":"Polygon","properties":{"GEOID":"060190027023"}},{"arcs":[[959,-397,-429,960,961,962,963,964]],"type":"Polygon","properties":{"GEOID":"060190018001"}},{"arcs":[[-210,965,-395,966]],"type":"Polygon","properties":{"GEOID":"060190009011"}},{"arcs":[[967,-664,-854,-915,-700,968,969]],"type":"Polygon","properties":{"GEOID":"060190014111"}},{"arcs":[[-934,-860,970,971,972,973]],"type":"Polygon","properties":{"GEOID":"060190029051"}},{"arcs":[[-863,-155,974,975,976,977]],"type":"Polygon","properties":{"GEOID":"060190035002"}},{"arcs":[[-264,-164,-267,-741,978,-975,-154,-151]],"type":"Polygon","properties":{"GEOID":"060190051003"}},{"arcs":[[-791,979,-215,980]],"type":"Polygon","properties":{"GEOID":"060190038082"}},{"arcs":[[981,-439,982,-715,-472]],"type":"Polygon","properties":{"GEOID":"060190072022"}},{"arcs":[[-635,-148,-31,-672,983,984,985,986]],"type":"Polygon","properties":{"GEOID":"060190042081"}},{"arcs":[[-683,-284,987,988,-294]],"type":"Polygon","properties":{"GEOID":"060190058021"}},{"arcs":[[-989,-939,989,990,-374,-368]],"type":"Polygon","properties":{"GEOID":"060190058022"}},{"arcs":[[-938,-893,991,-432,-990]],"type":"Polygon","properties":{"GEOID":"060190059111"}},{"arcs":[[-415,-913,-878,992]],"type":"Polygon","properties":{"GEOID":"060190054092"}},{"arcs":[[-96,993,994,995,-192,-91]],"type":"Polygon","properties":{"GEOID":"060190066022"}},{"arcs":[[-775,996,-489,997,998,999]],"type":"Polygon","properties":{"GEOID":"060190055241"}},{"arcs":[[1000,1001,1002]],"type":"Polygon","properties":{"GEOID":"060190055181"}},{"arcs":[[-461,1003,-1002,1004,1005,-888,1006,1007]],"type":"Polygon","properties":{"GEOID":"060190059122"}},{"arcs":[[1008,-783,-454,-549,1009]],"type":"Polygon","properties":{"GEOID":"060190055221"}},{"arcs":[[-773,-782,-1009,1010]],"type":"Polygon","properties":{"GEOID":"060190055223"}},{"arcs":[[1011,1012,1013,1014]],"type":"Polygon","properties":{"GEOID":"060190064053"}},{"arcs":[[-1008,1015,1016,-281,-189,-187,-462]],"type":"Polygon","properties":{"GEOID":"060190059071"}},{"arcs":[[1017,1018,1019,1020,-558,1021,1022,1023,1024,1025]],"type":"Polygon","properties":{"GEOID":"060190059061"}},{"arcs":[[1026,1027,1028,-843,1029,1030,1031,-203,-200,-621,1032,-565]],"type":"Polygon","properties":{"GEOID":"060190085011"}},{"arcs":[[1033,1034,-841,-1029]],"type":"Polygon","properties":{"GEOID":"060190085013"}},{"arcs":[[-911,-835]],"type":"Polygon","properties":{"GEOID":"060190053042"}},{"arcs":[[1035,-969,-703,1036,-924]],"type":"Polygon","properties":{"GEOID":"060190030032"}},{"arcs":[[-13,-4,-7,1037,-639]],"type":"Polygon","properties":{"GEOID":"060190031032"}},{"arcs":[[-139,1038,1039,1040,1041,1042]],"type":"Polygon","properties":{"GEOID":"060190042123"}},{"arcs":[[1043,1044,1045,-1005,-1001,1046,-768,1047,1048]],"type":"Polygon","properties":{"GEOID":"060190055151"}},{"arcs":[[-491,-642,-488,1049,-85,1050]],"type":"Polygon","properties":{"GEOID":"060190055143"}},{"arcs":[[1051,-1015,1052,1053,-1045]],"type":"Polygon","properties":{"GEOID":"060190064051"}},{"arcs":[[-1022,-557,1054,1055,1056,1057]],"type":"Polygon","properties":{"GEOID":"060190062021"}},{"arcs":[[1058,1059,1060,-1013,1061]],"type":"Polygon","properties":{"GEOID":"060190064052"}},{"arcs":[[-500,1062,-852,-97,-618,-199,-202,1063]],"type":"Polygon","properties":{"GEOID":"060190068023"}},{"arcs":[[-885,1064,1065,1066,1067,1068]],"type":"Polygon","properties":{"GEOID":"060190078022"}},{"arcs":[[-652,-661,-588,-905]],"type":"Polygon","properties":{"GEOID":"060190013041"}},{"arcs":[[1069,-1067]],"type":"Polygon","properties":{"GEOID":"060190078024"}},{"arcs":[[-381,-424,1070,-383]],"type":"Polygon","properties":{"GEOID":"060190058045"}},{"arcs":[[1071,1072]],"type":"Polygon","properties":{"GEOID":"060190078011"}},{"arcs":[[1073,1074,1075,-957,-959,-648,-903]],"type":"Polygon","properties":{"GEOID":"060190027021"}},{"arcs":[[1076,1077,1078,1079]],"type":"Polygon","properties":{"GEOID":"060190046023"}},{"arcs":[[1080,1081,1082]],"type":"Polygon","properties":{"GEOID":"060190036003"}},{"arcs":[[-866,1083,-1083,1084,1085]],"type":"Polygon","properties":{"GEOID":"060190037012"}},{"arcs":[[-809,-128,1086,-130]],"type":"Polygon","properties":{"GEOID":"060190042131"}},{"arcs":[[1087,1088,1089,1090,-417,-335]],"type":"Polygon","properties":{"GEOID":"060190044062"}},{"arcs":[[1091,-336,-419,-409,1092,-553]],"type":"Polygon","properties":{"GEOID":"060190045041"}},{"arcs":[[-406,-628,-158,1093]],"type":"Polygon","properties":{"GEOID":"060190045052"}},{"arcs":[[1094,-401,-348,-357]],"type":"Polygon","properties":{"GEOID":"060190053051"}},{"arcs":[[-1048,1095,1096,1097,1098]],"type":"Polygon","properties":{"GEOID":"060190055032"}},{"arcs":[[1099,-465,-288,1100,-67]],"type":"Polygon","properties":{"GEOID":"060190056022"}},{"arcs":[[1101,1102,-850]],"type":"Polygon","properties":{"GEOID":"060190066031"}},{"arcs":[[-297,1103,1104,1105,-502,1106,-1027,-564,1107]],"type":"Polygon","properties":{"GEOID":"060190069002"}},{"arcs":[[-573,-631,1108,-882,1109]],"type":"Polygon","properties":{"GEOID":"060190077004"}},{"arcs":[[1110,-1072,1111,-1066]],"type":"Polygon","properties":{"GEOID":"060190078023"}},{"arcs":[[-578,1112,1113,1114,1115]],"type":"Polygon","properties":{"GEOID":"060190081004"}},{"arcs":[[1116,1117,-724,1118,1119,1120,1121,1122,1123]],"type":"Polygon","properties":{"GEOID":"060190083013"}},{"arcs":[[1124,1125,-581,-897]],"type":"Polygon","properties":{"GEOID":"060190001001"}},{"arcs":[[1126,1127,1128,1129]],"type":"Polygon","properties":{"GEOID":"060190014082"}},{"arcs":[[1130,1131,1132,-1127,1133,1134]],"type":"Polygon","properties":{"GEOID":"060190014072"}},{"arcs":[[-602,1135,1136,1137,1138,1139,1140,1141,1142,1143]],"type":"Polygon","properties":{"GEOID":"060190015002"}},{"arcs":[[-598,-603,-1144,1144,-961,-428]],"type":"Polygon","properties":{"GEOID":"060190015001"}},{"arcs":[[1145,-1104,-298,-1108,-309,1146,1147,1148,-1142]],"type":"Polygon","properties":{"GEOID":"060190016001"}},{"arcs":[[1149,1150,-1148]],"type":"Polygon","properties":{"GEOID":"060190016002"}},{"arcs":[[1151,-1145,-1143,-1149,1152,1153,1154]],"type":"Polygon","properties":{"GEOID":"060190017001"}},{"arcs":[[1155,-1154,1156,1157,-538]],"type":"Polygon","properties":{"GEOID":"060190017003"}},{"arcs":[[-1158,1158,-449,-441,-539]],"type":"Polygon","properties":{"GEOID":"060190017002"}},{"arcs":[[1159,1160,1161,-115,-110]],"type":"Polygon","properties":{"GEOID":"060190020001"}},{"arcs":[[-116,-1162,-495,1162,1163,1164,1165,-512,-119]],"type":"Polygon","properties":{"GEOID":"060190020002"}},{"arcs":[[-1166,1166,-513]],"type":"Polygon","properties":{"GEOID":"060190020005"}},{"arcs":[[1167,1168,-717,-676]],"type":"Polygon","properties":{"GEOID":"060190021001"}},{"arcs":[[-678,-719,1169,1170,-1163,-494]],"type":"Polygon","properties":{"GEOID":"060190021003"}},{"arcs":[[-731,1171,1172,1173,1174]],"type":"Polygon","properties":{"GEOID":"060190022001"}},{"arcs":[[1175,-670,1176,1177,1178,-543]],"type":"Polygon","properties":{"GEOID":"060190026012"}},{"arcs":[[-669,1179,1180,-1177]],"type":"Polygon","properties":{"GEOID":"060190026013"}},{"arcs":[[-544,-1179,1181,1182,-694]],"type":"Polygon","properties":{"GEOID":"060190026021"}},{"arcs":[[-1183,1183,-604,-645,-689,-695]],"type":"Polygon","properties":{"GEOID":"060190026023"}},{"arcs":[[1184,1185,-1075,-1180]],"type":"Polygon","properties":{"GEOID":"060190027011"}},{"arcs":[[1186,1187,-930,-1076,-1186]],"type":"Polygon","properties":{"GEOID":"060190027013"}},{"arcs":[[1188,-935,-974,-927,1189]],"type":"Polygon","properties":{"GEOID":"060190028001"}},{"arcs":[[-354,1190,1191,1192,1193]],"type":"Polygon","properties":{"GEOID":"060190032011"}},{"arcs":[[-351,1194,1195,1196,-1191]],"type":"Polygon","properties":{"GEOID":"060190032012"}},{"arcs":[[1197,-1193,1198,1199,1200]],"type":"Polygon","properties":{"GEOID":"060190032021"}},{"arcs":[[-1192,1201,1202,1203,-1199]],"type":"Polygon","properties":{"GEOID":"060190032022"}},{"arcs":[[-1196,1204,-931,1205]],"type":"Polygon","properties":{"GEOID":"060190032023"}},{"arcs":[[-271,1206,1207,1208,1209]],"type":"Polygon","properties":{"GEOID":"060190033011"}},{"arcs":[[-705,1210,1211,1212,1213,-225,1214,-221]],"type":"Polygon","properties":{"GEOID":"060190041001"}},{"arcs":[[-255,-254,1215,1216,-810,-321]],"type":"Polygon","properties":{"GEOID":"060190043033"}},{"arcs":[[1217,1218,-1088,-330]],"type":"Polygon","properties":{"GEOID":"060190044063"}},{"arcs":[[-634,-824,-826,-248,-238]],"type":"Polygon","properties":{"GEOID":"060190044092"}},{"arcs":[[-912,-838,-1095,-364]],"type":"Polygon","properties":{"GEOID":"060190053041"}},{"arcs":[[-1091,1219,1220,-410,-418]],"type":"Polygon","properties":{"GEOID":"060190054062"}},{"arcs":[[1221,1222,1223,-914,-413,-1221]],"type":"Polygon","properties":{"GEOID":"060190054063"}},{"arcs":[[1224,1225,1226,-908,-1224]],"type":"Polygon","properties":{"GEOID":"060190054071"}},{"arcs":[[1227,-84,-909,-1227]],"type":"Polygon","properties":{"GEOID":"060190054072"}},{"arcs":[[1228,1229,-795,1230]],"type":"Polygon","properties":{"GEOID":"060190055031"}},{"arcs":[[1231,-1055,-556,-562,1232]],"type":"Polygon","properties":{"GEOID":"060190062022"}},{"arcs":[[-540,-444,-474,1233,-788,-853,-480]],"type":"Polygon","properties":{"GEOID":"060190075002"}},{"arcs":[[-789,-1234,-477,-609,-629,-483]],"type":"Polygon","properties":{"GEOID":"060190075003"}},{"arcs":[[1234,1235,1236,1237,1238,1239,-576,1240]],"type":"Polygon","properties":{"GEOID":"060190080001"}},{"arcs":[[1241,-1238,1242,1243,-1113,-577,-1240]],"type":"Polygon","properties":{"GEOID":"060190080002"}},{"arcs":[[-1133,1244,-925,-1037,1245,1246,1247,1248,-1128]],"type":"Polygon","properties":{"GEOID":"060190014091"}},{"arcs":[[-962,-1152,1249,1250]],"type":"Polygon","properties":{"GEOID":"060190018002"}},{"arcs":[[1251,-964,1252,-1250,-1155,-1156,-537,-530]],"type":"Polygon","properties":{"GEOID":"060190018003"}},{"arcs":[[-963,-1251,-1253]],"type":"Polygon","properties":{"GEOID":"060190018004"}},{"arcs":[[-910,-75,-69,-73,-784,-837]],"type":"Polygon","properties":{"GEOID":"060190056082"}},{"arcs":[[1253,-1174,1254,1255,1256]],"type":"Polygon","properties":{"GEOID":"060190022002"}},{"arcs":[[1257,1258,-1257,1259,-1170,-718,-1169]],"type":"Polygon","properties":{"GEOID":"060190022003"}},{"arcs":[[1260,-732,-1175,-1254,-1259]],"type":"Polygon","properties":{"GEOID":"060190022004"}},{"arcs":[[-729,1261,1262,1263,1264,1265]],"type":"Polygon","properties":{"GEOID":"060190023001"}},{"arcs":[[-1173,1266,-1265,1267,1268,1269,-1255]],"type":"Polygon","properties":{"GEOID":"060190023003"}},{"arcs":[[-730,-1266,-1267,-1172]],"type":"Polygon","properties":{"GEOID":"060190023002"}},{"arcs":[[1270,1271,1272,1273,1274]],"type":"Polygon","properties":{"GEOID":"060190024001"}},{"arcs":[[-1203,-1190,-926,-1188,1275]],"type":"Polygon","properties":{"GEOID":"060190028002"}},{"arcs":[[-1200,-1204,-1276,-1187,1276,-952]],"type":"Polygon","properties":{"GEOID":"060190028003"}},{"arcs":[[-949,-953,-1277,-1185,-668]],"type":"Polygon","properties":{"GEOID":"060190028004"}},{"arcs":[[-972,1277,-869,1278]],"type":"Polygon","properties":{"GEOID":"060190029042"}},{"arcs":[[-840,-1194,1279,-1207]],"type":"Polygon","properties":{"GEOID":"060190033012"}},{"arcs":[[-1208,-1280,-1198,1280,1281]],"type":"Polygon","properties":{"GEOID":"060190033024"}},{"arcs":[[-1281,-1201,-951,1282,1283]],"type":"Polygon","properties":{"GEOID":"060190033022"}},{"arcs":[[-1209,-1282,1284,1285]],"type":"Polygon","properties":{"GEOID":"060190033023"}},{"arcs":[[1286,1287,1288,-977]],"type":"Polygon","properties":{"GEOID":"060190035005"}},{"arcs":[[-1288,1289,1290,-727,1291]],"type":"Polygon","properties":{"GEOID":"060190035001"}},{"arcs":[[-876,1292,1293,1294,1295,1296]],"type":"Polygon","properties":{"GEOID":"060190042051"}},{"arcs":[[-1296,1297,1298,1299]],"type":"Polygon","properties":{"GEOID":"060190042052"}},{"arcs":[[-1299,1300,1301]],"type":"Polygon","properties":{"GEOID":"060190042053"}},{"arcs":[[1302,-638,-555,1303,1304,-253]],"type":"Polygon","properties":{"GEOID":"060190045032"}},{"arcs":[[-825,-822,-333,1305,-636,-1303,-250]],"type":"Polygon","properties":{"GEOID":"060190045031"}},{"arcs":[[-332,-337,-1092,-552,-637,-1306]],"type":"Polygon","properties":{"GEOID":"060190045044"}},{"arcs":[[-554,1306,-681,1307]],"type":"Polygon","properties":{"GEOID":"060190045051"}},{"arcs":[[-1304,-1308,1308,1309]],"type":"Polygon","properties":{"GEOID":"060190045062"}},{"arcs":[[1310,1311,-778,1312,1313,1314]],"type":"Polygon","properties":{"GEOID":"060190055041"}},{"arcs":[[1315,-1314,1316,1317,1318]],"type":"Polygon","properties":{"GEOID":"060190055051"}},{"arcs":[[-800,1319,1320,-340]],"type":"Polygon","properties":{"GEOID":"060190055071"}},{"arcs":[[-833,1321,1322,1323,-1320]],"type":"Polygon","properties":{"GEOID":"060190055072"}},{"arcs":[[1324,1325,1326,1327]],"type":"Polygon","properties":{"GEOID":"060190055081"}},{"arcs":[[1328,-999,1329,-1326]],"type":"Polygon","properties":{"GEOID":"060190055082"}},{"arcs":[[-1327,-1330,-998,-492,1330,1331,1332]],"type":"Polygon","properties":{"GEOID":"060190055091"}},{"arcs":[[1333,-1056,-1232,1334,1335,1336]],"type":"Polygon","properties":{"GEOID":"060190062023"}},{"arcs":[[-1057,-1334,1337]],"type":"Polygon","properties":{"GEOID":"060190062024"}},{"arcs":[[1338,1339,1340,-1236]],"type":"Polygon","properties":{"GEOID":"060190081001"}},{"arcs":[[-1243,-1237,-1341,1341]],"type":"Polygon","properties":{"GEOID":"060190081002"}},{"arcs":[[-1342,-1340,-1114,-1244]],"type":"Polygon","properties":{"GEOID":"060190081003"}},{"arcs":[[-1147,-316,1342,-1150]],"type":"Polygon","properties":{"GEOID":"060190016003"}},{"arcs":[[-1274,1343,-691,-906,1344]],"type":"Polygon","properties":{"GEOID":"060190024002"}},{"arcs":[[1345,-1345,-697,-1263]],"type":"Polygon","properties":{"GEOID":"060190024003"}},{"arcs":[[-728,-1291,1346,-1275,-1346,-1262]],"type":"Polygon","properties":{"GEOID":"060190024004"}},{"arcs":[[1347,1348,1349,-1273]],"type":"Polygon","properties":{"GEOID":"060190025011"}},{"arcs":[[1350,-1283,-954,-950,1351,-1349]],"type":"Polygon","properties":{"GEOID":"060190025012"}},{"arcs":[[-1350,1352,-541,-1344]],"type":"Polygon","properties":{"GEOID":"060190025021"}},{"arcs":[[-1352,-671,-1176,-542,-1353]],"type":"Polygon","properties":{"GEOID":"060190025022"}},{"arcs":[[-973,-1279,-868,-919,-928]],"type":"Polygon","properties":{"GEOID":"060190029041"}},{"arcs":[[1353,1354,1355,1356,-859,-933]],"type":"Polygon","properties":{"GEOID":"060190030011"}},{"arcs":[[-1357,1357,-971]],"type":"Polygon","properties":{"GEOID":"060190030012"}},{"arcs":[[-1358,1358,-923,-1278]],"type":"Polygon","properties":{"GEOID":"060190030042"}},{"arcs":[[-1356,-970,-1036,-1359]],"type":"Polygon","properties":{"GEOID":"060190030041"}},{"arcs":[[-523,-640,-1038,-6,1359,-421,1360,-1354,-932,-1205,-1195,-350]],"type":"Polygon","properties":{"GEOID":"060190031042"}},{"arcs":[[-56,-978,-1289,-1292,-726,1361]],"type":"Polygon","properties":{"GEOID":"060190035004"}},{"arcs":[[-57,-1362,-725,1362,1363,-546]],"type":"Polygon","properties":{"GEOID":"060190036001"}},{"arcs":[[-1082,1364,-1363,-733,-1261,-1258,-1168,-675,1365,-1085]],"type":"Polygon","properties":{"GEOID":"060190036002"}},{"arcs":[[-865,1366,-547,-1364,-1365,-1081,-1084]],"type":"Polygon","properties":{"GEOID":"060190036004"}},{"arcs":[[-516,-548,-1367,-864,-18]],"type":"Polygon","properties":{"GEOID":"060190037024"}},{"arcs":[[1367,-1086,-1366,-674,-496,-1161,1368]],"type":"Polygon","properties":{"GEOID":"060190037011"}},{"arcs":[[1369,-20,-867,-1368,1370]],"type":"Polygon","properties":{"GEOID":"060190037022"}},{"arcs":[[-1297,-1300,-1302,-739,1371,1372,-1371,-1369,-1160,-109,-25,-22,1373,-144]],"type":"Polygon","properties":{"GEOID":"060190042054"}},{"arcs":[[1374,-133,1375,1376]],"type":"Polygon","properties":{"GEOID":"060190042161"}},{"arcs":[[1377,-140,-1043,1378,1379]],"type":"Polygon","properties":{"GEOID":"060190042151"}},{"arcs":[[-1305,-1310,-1077,-1216]],"type":"Polygon","properties":{"GEOID":"060190045061"}},{"arcs":[[-1217,-1080,-811]],"type":"Polygon","properties":{"GEOID":"060190046012"}},{"arcs":[[-1078,-1309,-680,1380]],"type":"Polygon","properties":{"GEOID":"060190046021"}},{"arcs":[[-1079,-1381,-682,-153,-862,-817,-812]],"type":"Polygon","properties":{"GEOID":"060190046022"}},{"arcs":[[-1332,1381,1382]],"type":"Polygon","properties":{"GEOID":"060190055092"}},{"arcs":[[-1101,-292,-947,-70]],"type":"Polygon","properties":{"GEOID":"060190056023"}},{"arcs":[[-1050,-487,-466,1383,-167,-86]],"type":"Polygon","properties":{"GEOID":"060190056024"}},{"arcs":[[-78,-1384,-1100,-66]],"type":"Polygon","properties":{"GEOID":"060190056074"}},{"arcs":[[1384,1385,-994,-95]],"type":"Polygon","properties":{"GEOID":"060190066021"}},{"arcs":[[1386,-1120,1387,1388]],"type":"Polygon","properties":{"GEOID":"060190083011"}},{"arcs":[[-1121,-1387,1389]],"type":"Polygon","properties":{"GEOID":"060190083012"}},{"arcs":[[1390,-1134,-1130,1391,-659]],"type":"Polygon","properties":{"GEOID":"060190014081"}},{"arcs":[[-1167,-1165,1392,-514]],"type":"Polygon","properties":{"GEOID":"060190020003"}},{"arcs":[[-1285,-1284,-1351,-1348,1393]],"type":"Polygon","properties":{"GEOID":"060190033021"}},{"arcs":[[-1182,-1178,-1181,-1074,-901,-605,-1184]],"type":"Polygon","properties":{"GEOID":"060190026022"}},{"arcs":[[1394,1395,-752]],"type":"Polygon","properties":{"GEOID":"060190084052"}},{"arcs":[[-713,1396,-749,1397,1398,1399,-753,-1396,1400,-1124,1401,1402,-506]],"type":"Polygon","properties":{"GEOID":"060190084053"}},{"arcs":[[1403,-1117,-1401,-1395,-751]],"type":"Polygon","properties":{"GEOID":"060190084031"}},{"arcs":[[-1402,-1123,1404,1405,1406]],"type":"Polygon","properties":{"GEOID":"060190083032"}},{"arcs":[[1407,-1388,1408,1409]],"type":"Polygon","properties":{"GEOID":"060190083044"}},{"arcs":[[-1403,-1407,1410,-1409,-1119,-723,-765,1411,1412,-507]],"type":"Polygon","properties":{"GEOID":"060190083041"}},{"arcs":[[-1412,-767,1413,1414,1415,1416]],"type":"Polygon","properties":{"GEOID":"060190083042"}},{"arcs":[[1417,1418,1419,1420,1421]],"type":"Polygon","properties":{"GEOID":"060190040033"}},{"arcs":[[1422,1423,-1420]],"type":"Polygon","properties":{"GEOID":"060190040032"}},{"arcs":[[1424,1425,-1424]],"type":"Polygon","properties":{"GEOID":"060190040052"}},{"arcs":[[-1421,-1426,1426,1427,-232,1428]],"type":"Polygon","properties":{"GEOID":"060190040051"}},{"arcs":[[1429,-230,-233,-1428]],"type":"Polygon","properties":{"GEOID":"060190040053"}},{"arcs":[[1430,-1422,-1429,-708]],"type":"Polygon","properties":{"GEOID":"060190040031"}},{"arcs":[[-567,1431,1432,1433,-436,1434,-470]],"type":"Polygon","properties":{"GEOID":"060190072044"}},{"arcs":[[-766,-756,-574,-1110,-881,1435,-1414]],"type":"Polygon","properties":{"GEOID":"060190082006"}},{"arcs":[[1436,1437,1438,1439,-1433]],"type":"Polygon","properties":{"GEOID":"060190072031"}},{"arcs":[[1440,1441,-1399]],"type":"Polygon","properties":{"GEOID":"060190084051"}},{"arcs":[[-1014,-1061,1442,1443,-1053]],"type":"Polygon","properties":{"GEOID":"060190064062"}},{"arcs":[[1444,-747,-1400,-1442]],"type":"Polygon","properties":{"GEOID":"060190084042"}},{"arcs":[[-433,-992,-892,1445,1446,1447,-856,1448]],"type":"Polygon","properties":{"GEOID":"060190059043"}},{"arcs":[[1449,1450,1451,-1031,1452]],"type":"Polygon","properties":{"GEOID":"060190085033"}},{"arcs":[[1453,1454,1455,1456,1457,1458,1459,1460,1461,1462]],"type":"Polygon","properties":{"GEOID":"060190064081"}},{"arcs":[[-1459,1463,1464,1465,1466]],"type":"Polygon","properties":{"GEOID":"060190064111"}},{"arcs":[[1467,-1376,-137,-1378]],"type":"Polygon","properties":{"GEOID":"060190042152"}},{"arcs":[[-1361,-420,-384,-1071,-423,1468,-434,-1449,-855,-662,-968,-1355]],"type":"Polygon","properties":{"GEOID":"060190058052"}},{"arcs":[[-1324,-1328,1469,1470]],"type":"Polygon","properties":{"GEOID":"060190055074"}},{"arcs":[[-1318,1471,1472,-1322,-832]],"type":"Polygon","properties":{"GEOID":"060190055054"}},{"arcs":[[1473,-1319,-831,1474]],"type":"Polygon","properties":{"GEOID":"060190055292"}},{"arcs":[[1475,1476,1477,1478,-560,-497,-1106,1479]],"type":"Polygon","properties":{"GEOID":"060190061012"}},{"arcs":[[1480,-745,1481,-1247]],"type":"Polygon","properties":{"GEOID":"060190014182"}},{"arcs":[[1482,1483,1484,1485,1486,1487,-1213]],"type":"Polygon","properties":{"GEOID":"060190042182"}},{"arcs":[[1488,-1049,-1099,1489,1490,-1229,1491]],"type":"Polygon","properties":{"GEOID":"060190055033"}},{"arcs":[[-1491,1492,-1475,-830,-796,-1230]],"type":"Polygon","properties":{"GEOID":"060190055281"}},{"arcs":[[1493,1494,1495,1496,-88,-851,-1103]],"type":"Polygon","properties":{"GEOID":"060190066051"}},{"arcs":[[-1046,1497,-1026,1498,-889,-1006]],"type":"Polygon","properties":{"GEOID":"060190059152"}},{"arcs":[[1499,1500,-1379,-1042,1501,-1484,1502,-1212]],"type":"Polygon","properties":{"GEOID":"060190042183"}},{"arcs":[[-1483,-1503]],"type":"Polygon","properties":{"GEOID":"060190042181"}},{"arcs":[[-1382,-1331,-1051,-80,-1228,-1226,1503]],"type":"Polygon","properties":{"GEOID":"060190055093"}},{"arcs":[[-228,1504,1505,1506,-965,-1252,-529,-234]],"type":"Polygon","properties":{"GEOID":"060190086003"}},{"arcs":[[1507,-218,1508,1509]],"type":"Polygon","properties":{"GEOID":"060190038111"}},{"arcs":[[1510,1511,-1506]],"type":"Polygon","properties":{"GEOID":"060190086002"}},{"arcs":[[-986,1512,-984,-673,-1375,1513,1514]],"type":"Polygon","properties":{"GEOID":"060190042083"}},{"arcs":[[-1502,1515,-1374,-21,-802,1516,-1485]],"type":"Polygon","properties":{"GEOID":"060190042171"}},{"arcs":[[-135,-131,1517,-1039,-138]],"type":"Polygon","properties":{"GEOID":"060190042113"}},{"arcs":[[-1487,-808,1518,1519,1520]],"type":"Polygon","properties":{"GEOID":"060190038121"}},{"arcs":[[-803,-29,1521,-806]],"type":"Polygon","properties":{"GEOID":"060190038103"}},{"arcs":[[1522,-792,-981,-1508,-1520]],"type":"Polygon","properties":{"GEOID":"060190038113"}},{"arcs":[[1523,-112,-114,-793]],"type":"Polygon","properties":{"GEOID":"060190038052"}},{"arcs":[[1524,1525,1526,-1295]],"type":"Polygon","properties":{"GEOID":"060190047051"}},{"arcs":[[1527,-816,1528,-1525,-1294]],"type":"Polygon","properties":{"GEOID":"060190047063"}},{"arcs":[[-1527,1529,-737,-1301,-1298]],"type":"Polygon","properties":{"GEOID":"060190047052"}},{"arcs":[[1530,-827,-45,-41,-1530]],"type":"Polygon","properties":{"GEOID":"060190047062"}},{"arcs":[[-1215,-231,-1430,-1427,-1425,1531]],"type":"Polygon","properties":{"GEOID":"060190040061"}},{"arcs":[[-738,-49,1532,-1372]],"type":"Polygon","properties":{"GEOID":"060190047043"}},{"arcs":[[-644,-205,1533,1534]],"type":"Polygon","properties":{"GEOID":"060190007011"}},{"arcs":[[1535,-515,-1393,-1164,-1171,1536,1537,-898,-528,-1535,1538]],"type":"Polygon","properties":{"GEOID":"060190007021"}},{"arcs":[[1539,-204,-1032,-1452]],"type":"Polygon","properties":{"GEOID":"060190085032"}},{"arcs":[[-1260,-1256,-1270,1540,1541,1542,-1537]],"type":"Polygon","properties":{"GEOID":"060190006012"}},{"arcs":[[1543,-1383,-1504,-1225,-1223,1544]],"type":"Polygon","properties":{"GEOID":"060190055261"}},{"arcs":[[-222,-1532,-1423,-1419,1545]],"type":"Polygon","properties":{"GEOID":"060190040041"}},{"arcs":[[-721,-223,-1546,-1418,-1431,-707]],"type":"Polygon","properties":{"GEOID":"060190040042"}},{"arcs":[[-1035,1546,-1453,-1030,-842]],"type":"Polygon","properties":{"GEOID":"060190085031"}},{"arcs":[[-1435,-440,-982,-471]],"type":"Polygon","properties":{"GEOID":"060190072023"}},{"arcs":[[-1122,-1390,-1389,-1408,1547,-1405]],"type":"Polygon","properties":{"GEOID":"060190083043"}},{"arcs":[[-1068,-1070,-1112,-1073,-1111,-1065,-884,1548,1549,1550]],"type":"Polygon","properties":{"GEOID":"060190078012"}},{"arcs":[[1551,1552,1553,1554]],"type":"Polygon","properties":{"GEOID":"060190060011"}},{"arcs":[[1555,-1456,1556,1557]],"type":"Polygon","properties":{"GEOID":"060190064094"}},{"arcs":[[1558,1559]],"type":"Polygon","properties":{"GEOID":"060190060012"}},{"arcs":[[1560,1561,1562,1563,-1454,1564,-1059]],"type":"Polygon","properties":{"GEOID":"060190064092"}},{"arcs":[[-1565,-1463,1565,-1443,-1060]],"type":"Polygon","properties":{"GEOID":"060190064061"}},{"arcs":[[-1461,1566,-1019,1567]],"type":"Polygon","properties":{"GEOID":"060190064072"}},{"arcs":[[-1153,-1151,-1343,-445,-1159,-1157]],"type":"Polygon","properties":{"GEOID":"060190017004"}},{"arcs":[[-1466,1568,1569,1570,-942,1571,1572]],"type":"Polygon","properties":{"GEOID":"060190064113"}},{"arcs":[[-1569,-1465,1573,1574]],"type":"Polygon","properties":{"GEOID":"060190064102"}},{"arcs":[[-1017,1575,1576,-283]],"type":"Polygon","properties":{"GEOID":"060190059141"}},{"arcs":[[-1439,1577,1578]],"type":"Polygon","properties":{"GEOID":"060190072043"}},{"arcs":[[-744,-857,1579,-1140,1580,1581,1582]],"type":"Polygon","properties":{"GEOID":"060190014132"}},{"arcs":[[-1097,1583,-1311,1584]],"type":"Polygon","properties":{"GEOID":"060190055291"}},{"arcs":[[1585,-319,-389,-308,1586,-313]],"type":"Polygon","properties":{"GEOID":"060190070035"}},{"arcs":[[-1496,1587,1588,1589]],"type":"Polygon","properties":{"GEOID":"060190066063"}},{"arcs":[[-1197,-1206,-1189,-1202]],"type":"Polygon","properties":{"GEOID":"060190032024"}},{"arcs":[[1590,1591,-1268,-1264,-699,-907,-686,-746,-582,-1126,1592]],"type":"Polygon","properties":{"GEOID":"060190006021"}},{"arcs":[[-1129,1593,1594,-1137,1595,1596]],"type":"Polygon","properties":{"GEOID":"060190014152"}},{"arcs":[[1597,-1596,-1136,-601]],"type":"Polygon","properties":{"GEOID":"060190014151"}},{"arcs":[[1598,1599,-1581,-1139,1600]],"type":"Polygon","properties":{"GEOID":"060190014173"}},{"arcs":[[-871,-1245,-1132,1601]],"type":"Polygon","properties":{"GEOID":"060190014073"}},{"arcs":[[-501,-1064,-1540,-1451,1602,-1028,-1107]],"type":"Polygon","properties":{"GEOID":"060190085042"}},{"arcs":[[1603,-1248,1604,-1601,-1138,-1595]],"type":"Polygon","properties":{"GEOID":"060190014162"}},{"arcs":[[-1249,-1604,-1594]],"type":"Polygon","properties":{"GEOID":"060190014161"}},{"arcs":[[-10,-373,-1360,-5,-2]],"type":"Polygon","properties":{"GEOID":"060190031041"}},{"arcs":[[-991,-435,-1469,-422,-379,-375]],"type":"Polygon","properties":{"GEOID":"060190058053"}},{"arcs":[[1605,-894,-937,1606]],"type":"Polygon","properties":{"GEOID":"060190059132"}},{"arcs":[[-1016,-1007,-887,-1606,-1576]],"type":"Polygon","properties":{"GEOID":"060190059142"}},{"arcs":[[1607,-1024,1608,-1446,-891]],"type":"Polygon","properties":{"GEOID":"060190059162"}},{"arcs":[[-1447,-1609,-1023,1609,-1555,1610,-1480,-1105,1611]],"type":"Polygon","properties":{"GEOID":"060190059161"}},{"arcs":[[-1499,-1025,-1608,-890]],"type":"Polygon","properties":{"GEOID":"060190059151"}},{"arcs":[[-702,-916,-742,-1481,-1246]],"type":"Polygon","properties":{"GEOID":"060190014181"}},{"arcs":[[1612,-1582,-1600]],"type":"Polygon","properties":{"GEOID":"060190014171"}},{"arcs":[[-1448,-1612,-1146,-1141,-1580]],"type":"Polygon","properties":{"GEOID":"060190059041"}},{"arcs":[[1613,1614,1615,1616,1617,-467,-450,-447]],"type":"Polygon","properties":{"GEOID":"060190071013"}},{"arcs":[[1618,1619,1620,-1615]],"type":"Polygon","properties":{"GEOID":"060190071012"}},{"arcs":[[-314,-1587,-307,-304,-568,-468,-1618,1621,-1619,-1614,-446]],"type":"Polygon","properties":{"GEOID":"060190071021"}},{"arcs":[[1622,-569,-390,-387]],"type":"Polygon","properties":{"GEOID":"060190070044"}},{"arcs":[[-570,-1623,-386,-317]],"type":"Polygon","properties":{"GEOID":"060190070043"}},{"arcs":[[-1620,-1622,-1617,1623]],"type":"Polygon","properties":{"GEOID":"060190071014"}},{"arcs":[[-1624,-1616,-1621]],"type":"Polygon","properties":{"GEOID":"060190071011"}},{"arcs":[[-1033,-620,1624,-1437,-1432,-566]],"type":"Polygon","properties":{"GEOID":"060190072041"}},{"arcs":[[1625,-1559,1626,-1338,-1337,1627,1628,1629,1630,-1553]],"type":"Polygon","properties":{"GEOID":"060190060023"}},{"arcs":[[-1336,1631,-1628]],"type":"Polygon","properties":{"GEOID":"060190060021"}},{"arcs":[[-1629,-1632,-1335,1632,1633,1634]],"type":"Polygon","properties":{"GEOID":"060190060022"}},{"arcs":[[-1630,-1635,1635,1636]],"type":"Polygon","properties":{"GEOID":"060190060024"}},{"arcs":[[-1636,-1634,1637,1638,1639]],"type":"Polygon","properties":{"GEOID":"060190061024"}},{"arcs":[[-1639,1640,-1477,1641]],"type":"Polygon","properties":{"GEOID":"060190061023"}},{"arcs":[[-563,-1479,1642]],"type":"Polygon","properties":{"GEOID":"060190061022"}},{"arcs":[[-1572,-945,1643,1644,1645,1646]],"type":"Polygon","properties":{"GEOID":"060190063022"}},{"arcs":[[-1646,1647,1648,1649,-1494,-1102,-849,1650]],"type":"Polygon","properties":{"GEOID":"060190063012"}},{"arcs":[[-776,1651,-1472,1652]],"type":"Polygon","properties":{"GEOID":"060190055052"}},{"arcs":[[-1650,1653,-1588,-1495]],"type":"Polygon","properties":{"GEOID":"060190066061"}},{"arcs":[[-1434,-1440,-1579,1654,-437]],"type":"Polygon","properties":{"GEOID":"060190072042"}},{"arcs":[[1655,-325,1656]],"type":"Polygon","properties":{"GEOID":"060190044101"}},{"arcs":[[1657,1658,1659,-1271,-1347,-1290]],"type":"Polygon","properties":{"GEOID":"060190034012"}},{"arcs":[[-260,-1210,1660,1661]],"type":"Polygon","properties":{"GEOID":"060190034021"}},{"arcs":[[1662,-326,-1656]],"type":"Polygon","properties":{"GEOID":"060190044102"}},{"arcs":[[-1269,-1592,1663,-1541]],"type":"Polygon","properties":{"GEOID":"060190006013"}},{"arcs":[[1664,1665,1666,1667]],"type":"Polygon","properties":{"GEOID":"060190055273"}},{"arcs":[[-1093,-402,-1094,-157,-1307]],"type":"Polygon","properties":{"GEOID":"060190045053"}},{"arcs":[[1668,-1661,-1286,1669,-1659]],"type":"Polygon","properties":{"GEOID":"060190034011"}},{"arcs":[[1670,-1593,-1125,-896,-1538,-1543]],"type":"Polygon","properties":{"GEOID":"060190006011"}},{"arcs":[[-1667,-1545,-1222,-1220,-1090]],"type":"Polygon","properties":{"GEOID":"060190055272"}},{"arcs":[[-955,-921,-655,-958]],"type":"Polygon","properties":{"GEOID":"060190027024"}},{"arcs":[[-1450,-1547,-1034,-1603]],"type":"Polygon","properties":{"GEOID":"060190085041"}},{"arcs":[[-1577,-1607,-936,-988]],"type":"Polygon","properties":{"GEOID":"060190059131"}},{"arcs":[[-794,-118,-216,-980]],"type":"Polygon","properties":{"GEOID":"060190038083"}},{"arcs":[[-1398,-748,-1445,-1441]],"type":"Polygon","properties":{"GEOID":"060190084041"}},{"arcs":[[-1096,-779,-1312,-1584]],"type":"Polygon","properties":{"GEOID":"060190055042"}},{"arcs":[[-1416,1671,-1241,-579,-1116,1672,-1550,1673]],"type":"Polygon","properties":{"GEOID":"060190079032"}},{"arcs":[[-1444,-1566,-1462,-1568,-1018,-1498,-1054]],"type":"Polygon","properties":{"GEOID":"060190064071"}},{"arcs":[[-1098,-1585,-1315,-1316,-1474,-1493,-1490]],"type":"Polygon","properties":{"GEOID":"060190055293"}},{"arcs":[[-979,-740,-261,-1662,-1669,-1658,-1287,-976]],"type":"Polygon","properties":{"GEOID":"060190034022"}},{"arcs":[[-1652,-1000,-1329,1674]],"type":"Polygon","properties":{"GEOID":"060190055084"}},{"arcs":[[-774,-1011,-1010,-641,-997]],"type":"Polygon","properties":{"GEOID":"060190055242"}},{"arcs":[[-1488,-1521,-1510,1675,-226,-1214]],"type":"Polygon","properties":{"GEOID":"060190038122"}},{"arcs":[[-1514,-1377,-1468,-1380,-1501,1676]],"type":"Polygon","properties":{"GEOID":"060190042162"}},{"arcs":[[-1321,-1471,-1665,-341]],"type":"Polygon","properties":{"GEOID":"060190055073"}},{"arcs":[[-1676,-1509,-217,-121,-1536,-1511,-1505,-227]],"type":"Polygon","properties":{"GEOID":"060190086001"}},{"arcs":[[-1041,1677,-141,-1516]],"type":"Polygon","properties":{"GEOID":"060190042126"}},{"arcs":[[-1517,-801,-805,-1486]],"type":"Polygon","properties":{"GEOID":"060190042172"}},{"arcs":[[-769,-1047,-1003,-1004,-460,-946]],"type":"Polygon","properties":{"GEOID":"060190055182"}},{"arcs":[[-126,-323,-1528,-1293,-875,1678]],"type":"Polygon","properties":{"GEOID":"060190042125"}},{"arcs":[[-807,-1522,-626,-1523,-1519]],"type":"Polygon","properties":{"GEOID":"060190038112"}},{"arcs":[[-27,-113,-1524,-623]],"type":"Polygon","properties":{"GEOID":"060190038053"}},{"arcs":[[-1518,-1087,-127,-1679,-874,-142,-1678,-1040]],"type":"Polygon","properties":{"GEOID":"060190042122"}},{"arcs":[[-815,-828,-1531,-1526,-1529]],"type":"Polygon","properties":{"GEOID":"060190047061"}},{"arcs":[[-52,-1370,-1373,-1533]],"type":"Polygon","properties":{"GEOID":"060190047042"}},{"arcs":[[-1470,-1333,-1544,-1666]],"type":"Polygon","properties":{"GEOID":"060190055271"}},{"arcs":[[-1539,-1534,-211,-967,-398,-960,-1507,-1512]],"type":"Polygon","properties":{"GEOID":"060190086004"}},{"arcs":[[-1664,-1591,-1671,-1542]],"type":"Polygon","properties":{"GEOID":"060190006014"}},{"arcs":[[-209,-214,-107,-425,-392,-396,-966]],"type":"Polygon","properties":{"GEOID":"060190009012"}},{"arcs":[[-1548,-1410,-1411,-1406]],"type":"Polygon","properties":{"GEOID":"060190083031"}},{"arcs":[[-1436,-886,-1069,-1551,-1673,-1115,-1339,-1235,-1672,-1415]],"type":"Polygon","properties":{"GEOID":"060190079031"}},{"arcs":[[-1554,-1631,-1637,-1640,-1642,-1476,-1611]],"type":"Polygon","properties":{"GEOID":"060190061011"}},{"arcs":[[-1457,-1556,1679,-1562,1680]],"type":"Polygon","properties":{"GEOID":"060190064091"}},{"arcs":[[-1610,-1058,-1627,-1560,-1626,-1552]],"type":"Polygon","properties":{"GEOID":"060190060013"}},{"arcs":[[-1680,-1558,1681,-1563]],"type":"Polygon","properties":{"GEOID":"060190064093"}},{"arcs":[[-1557,-1455,-1564,-1682]],"type":"Polygon","properties":{"GEOID":"060190064095"}},{"arcs":[[-1644,-944,-847,1682,1683]],"type":"Polygon","properties":{"GEOID":"060190065014"}},{"arcs":[[-1020,-1567,-1460,-1467,-1573,1684]],"type":"Polygon","properties":{"GEOID":"060190064112"}},{"arcs":[[-1575,1685,-1570]],"type":"Polygon","properties":{"GEOID":"060190064101"}},{"arcs":[[-1242,-1239]],"type":"Polygon","properties":{"GEOID":"060190080004"}},{"arcs":[[-1313,-777,-1653,-1317]],"type":"Polygon","properties":{"GEOID":"060190055053"}},{"arcs":[[-1589,-1654,-1649,1686,1687,-995,-1386,1688]],"type":"Polygon","properties":{"GEOID":"060190063011"}},{"arcs":[[-1392,-1597,-1598,-679]],"type":"Polygon","properties":{"GEOID":"060190014153"}},{"arcs":[[-1638,-1633,-1233,-1643,-1478,-1641]],"type":"Polygon","properties":{"GEOID":"060190061021"}},{"arcs":[[-559,-1021,-1685,-1647,-1651,-848,-1063,-499]],"type":"Polygon","properties":{"GEOID":"060190063021"}},{"arcs":[[-1648,-1645,-1684,1689,1690,-1687]],"type":"Polygon","properties":{"GEOID":"060190063013"}},{"arcs":[[-1497,-1590,-1689,-1385,-94,-89]],"type":"Polygon","properties":{"GEOID":"060190066062"}},{"arcs":[[-1683,-846,-616,1691,-1690]],"type":"Polygon","properties":{"GEOID":"060190065013"}},{"arcs":[[-1670,-1394,-1272,-1660]],"type":"Polygon","properties":{"GEOID":"060190034013"}},{"arcs":[[-345,1692,-1218,-329]],"type":"Polygon","properties":{"GEOID":"060190044064"}},{"arcs":[[-1473,-1675,-1325,-1323]],"type":"Polygon","properties":{"GEOID":"060190055083"}},{"arcs":[[-1492,-1231,-798,-736,-346,-327,-1663,-1657,-324,-821,1693]],"type":"Polygon","properties":{"GEOID":"060190044111"}},{"arcs":[[-1693,-342,-1668,-1089,-1219]],"type":"Polygon","properties":{"GEOID":"060190044061"}},{"arcs":[[-412,-416,-993,-877,-517,-404]],"type":"Polygon","properties":{"GEOID":"060190054091"}},{"arcs":[[-920,-917,-1602,-1131,1694,-656]],"type":"Polygon","properties":{"GEOID":"060190014074"}},{"arcs":[[-320,-1586,-312]],"type":"Polygon","properties":{"GEOID":"060190070034"}},{"arcs":[[-985,-1513]],"type":"Polygon","properties":{"GEOID":"060190042082"}},{"arcs":[[-1482,-1583,-1613,-1599,-1605]],"type":"Polygon","properties":{"GEOID":"060190014172"}},{"arcs":[[-1695,-1135,-1391,-657]],"type":"Polygon","properties":{"GEOID":"060190014071"}}]}}}