{"type":"Topology","arcs":[[[1879,14998],[13,5],[13,20],[25,2],[88,32],[23,12],[8,13],[-8,45],[53,21],[5,13],[-20,45],[29,11],[53,41],[-14,20],[-18,44],[-10,38]],[[2119,15360],[223,105]],[[2342,15465],[25,-39],[90,-108],[33,9],[11,27],[22,19],[33,7],[25,-8],[62,-46],[19,-10],[-8,-16],[117,-57],[-8,-17],[0,-27],[175,29],[82,12],[114,19]],[[3134,15259],[-6,-52]],[[3128,15207],[-4,-34]],[[3124,15173],[-105,-79],[-37,-24],[-47,-24],[-85,-37],[-58,-17],[-160,-39],[-193,-49],[-231,-55],[-275,-68]],[[1933,14781],[-35,145],[-19,72]],[[1682,19906],[122,145],[97,110],[101,110],[96,101],[73,74]],[[2171,20446],[42,-67],[62,-90],[45,-78],[42,-84],[43,-62],[94,-89]],[[2499,19976],[-60,-72],[-85,-90],[-56,-56]],[[2298,19758],[-79,35],[-35,7],[-145,9],[-77,1],[-50,15],[-105,41]],[[1807,19866],[-92,36],[-33,4]],[[4274,17773],[163,103]],[[4437,17876],[104,-123],[73,-105]],[[4614,17648],[97,-146],[61,-86],[134,66]],[[4906,17482],[105,52],[35,13]],[[5046,17547],[6,-40],[-29,-48],[-57,-41],[-18,-26],[-36,-38],[-4,-17],[7,-32],[20,-26],[6,-39],[-22,-17],[-48,20],[-13,-1],[-13,-26]],[[4845,17216],[-57,-25],[-25,1],[-26,13],[-67,15],[-40,-22],[-25,12]],[[4605,17210],[20,41],[35,59],[22,28],[-55,43],[-73,53],[-68,41],[-63,49]],[[4423,17524],[-28,20],[-33,67],[-21,56],[-27,48],[-40,58]],[[7923,18792],[38,-18],[29,52]],[[7990,18826],[70,-35],[-30,-52]],[[8030,18739],[-18,-31],[27,-13],[-18,-31]],[[8021,18664],[-133,66]],[[7888,18730],[35,62]],[[5801,20659],[-1,-37],[-9,-17],[-38,-31],[-1,-40],[-32,-27],[-43,-55],[-34,-33],[-2,-19],[23,-58],[5,-32],[-4,-18],[-21,-41],[-63,-60],[6,-56],[2,-114],[19,-73],[9,-19],[13,-60],[-10,-125],[142,44],[71,20],[100,30],[21,-4],[28,-16],[23,-5],[10,-18],[8,-46],[15,-23],[28,-18],[14,-34],[32,-26],[4,-31],[146,75],[-14,-53],[9,-29],[35,-21],[-17,-19],[161,22],[16,-2]],[[6452,19590],[-16,-62],[-27,-39],[-91,-96],[-54,-71]],[[6264,19322],[-218,76],[-20,6],[-70,8],[-57,3],[-196,15],[-113,17]],[[5590,19447],[-158,27],[-85,13],[-77,4],[-71,-5],[-15,-4]],[[5184,19482],[-2,9],[-36,32],[-16,8],[-32,32],[-16,5],[-36,-15],[-11,-23],[10,-36],[-28,-12],[-31,10],[-21,63],[-4,70],[6,25],[32,6],[75,-30],[42,-21],[43,-1],[19,5],[27,20],[22,34],[2,66],[-17,46],[-23,20],[-44,47],[-59,44],[-47,23],[-14,14],[-12,32],[3,18],[25,38],[29,11],[31,27],[32,34],[11,34],[25,26],[-10,63],[-19,56],[-73,129],[-4,63]],[[5063,20454],[-18,91],[-6,7],[-51,8],[-39,-17],[-25,13],[-1,34],[-13,24],[3,30],[47,46],[25,45],[-70,13],[-34,15],[-13,18],[-15,57]],[[4853,20838],[24,13],[406,179],[37,-35],[-32,-11],[-25,-18],[-13,-32],[13,-27],[45,-29],[39,3],[68,-81],[152,-55],[36,-10],[131,-43],[67,-33]],[[4320,3396],[43,-50],[60,-62],[157,-134],[120,-105],[44,-46],[27,-35],[63,-102],[146,-341],[47,-108],[22,-44],[44,-68],[52,-73],[214,-292],[162,-222],[32,-54],[46,-92],[8,3],[21,-43],[-8,-4],[147,-298],[42,-67],[87,-118]],[[5896,1041],[-75,-57],[-64,-46],[-97,-57],[-14,-6],[-28,131],[-243,30],[-70,1],[-107,-6],[-49,7],[-130,46],[-140,34],[-50,5],[-86,0],[-51,11],[-198,50],[-152,38],[-34,14],[-221,122],[-94,54],[-184,101],[-101,58],[-178,97],[-128,46],[-51,16],[-55,12]],[[3296,1742],[3,50],[36,46],[8,24],[21,12],[28,33],[33,24],[9,15],[31,23],[29,43],[2,25],[16,50],[25,27],[10,38],[19,11],[16,37],[10,5],[-11,39],[19,28],[31,27],[13,23],[-2,45],[36,49],[53,49],[10,16],[5,30],[35,43],[11,49],[-8,28],[16,15],[10,64],[24,31],[10,22],[2,39],[20,47],[47,24],[1,21],[46,48],[21,16],[81,44],[12,19],[-2,17],[-27,54],[-1,15],[21,40],[31,18],[15,38],[16,23],[32,18],[0,30],[23,60],[30,28],[35,23],[27,-13],[12,2],[34,22]],[[587,15632],[38,46]],[[625,15678],[71,75],[99,112]],[[795,15865],[16,-9],[70,-3],[171,4],[42,-1],[76,-12],[35,-1]],[[1205,15843],[2,-95],[14,-83],[1,-61],[29,-276],[16,-106],[12,-149]],[[1279,15073],[-38,-35],[-69,-56]],[[1172,14982],[-28,20],[-44,3],[-15,15],[-15,48],[3,19],[18,38],[-5,19],[-23,1],[-10,-16],[-19,-8],[-42,3],[-74,-9],[-15,19],[-24,12],[-19,-3],[-23,10],[-5,46],[-6,13],[-23,10],[-53,5],[-18,-7],[-32,3],[-13,15],[-14,-16],[-52,0],[3,20],[-15,2],[-26,42],[-42,23],[-23,36],[-24,7],[7,71],[22,47],[-6,18],[21,23],[28,58],[30,19],[4,20],[-13,24]],[[6693,16456],[62,87],[44,59],[-29,28],[-38,58]],[[6732,16688],[-9,15],[4,17],[33,17]],[[6760,16737],[17,-26],[15,-8],[59,-8],[42,-34],[14,-23],[29,-6],[18,-64],[12,-21],[34,-38],[32,-16]],[[7032,16493],[-86,-115]],[[6946,16378],[-99,66],[-37,13],[-51,-1],[-18,7],[-18,-25],[-30,18]],[[8349,19170],[50,28]],[[8399,19198],[21,11]],[[8420,19209],[72,-116]],[[8492,19093],[-109,-60]],[[8383,19033],[-48,77],[38,21],[-24,39]],[[5801,20659],[107,-54],[106,-29],[88,-22],[146,8],[32,4]],[[6280,20566],[39,-109],[28,-70],[24,-75],[47,-83],[71,-109]],[[6489,20120],[13,-73],[-1,-26],[-10,-27],[-38,-70],[-5,-32],[5,-25],[42,-144]],[[6495,19723],[-17,-27],[-14,-35],[-12,-71]],[[3128,13854],[123,-150],[17,-13],[64,-91]],[[3332,13600],[-129,-57]],[[3203,13543],[-5,5]],[[3198,13548],[-57,51],[-67,73]],[[3074,13672],[86,69],[-68,83],[36,30]],[[7425,19106],[246,-122]],[[7671,18984],[-65,-114]],[[7606,18870],[-58,29]],[[7548,18899],[-65,32]],[[7483,18931],[-121,60]],[[7362,18991],[63,115]],[[1205,15843],[207,-7],[88,-4],[59,15],[-30,103],[-42,219],[-12,54]],[[1475,16223],[179,18],[124,17]],[[1778,16258],[52,14],[72,23],[77,-192],[52,-134]],[[2031,15969],[-241,-91],[-3,-16],[-49,-93],[-21,-54],[-15,-73]],[[1702,15642],[-1,-23],[6,-51],[14,-51],[52,-132],[23,-65]],[[1796,15320],[-81,-15],[4,-16],[-148,-67],[-103,-34],[-47,-10],[-43,-3],[-8,-25],[-91,-77]],[[6133,17339],[25,8],[60,9],[80,-1],[43,-16],[65,-55],[7,-11],[67,-12],[26,5],[122,77],[70,59],[11,79],[35,61],[41,22],[29,11],[75,15],[118,73],[42,5],[112,-17],[81,-26],[113,-23],[287,64],[76,32],[29,33],[21,42],[9,64],[-11,44]],[[7766,17881],[-25,74],[-6,92],[3,43]],[[7738,18090],[16,-16]],[[7754,18074],[157,-74],[1,-18]],[[7912,17982],[4,-73],[5,-121],[-5,-44],[-12,-51],[-19,-40],[-31,-46],[-182,-244],[-46,-61]],[[7626,17302],[-22,-31]],[[7604,17271],[-106,-141],[-115,-155],[-151,-209],[-30,-39]],[[7202,16727],[-50,6],[-71,29],[-72,51],[-34,32],[-18,-5],[-119,0],[-30,-33],[-42,-26],[-11,-22],[5,-22]],[[6732,16688],[-17,-28],[-24,-18],[41,-64],[-9,-26],[-35,-8],[-6,19],[-52,49],[-21,-42],[-14,-15],[-101,-17],[-18,20]],[[6476,16558],[-110,178],[-57,89],[-17,36],[-88,224],[-44,113],[-9,33],[-18,108]],[[6858,18132],[-4,-29],[33,-33]],[[6887,18070],[-57,-49]],[[6830,18021],[-259,36]],[[6571,18057],[0,48],[9,61],[218,-27],[60,-7]],[[5783,18155],[246,34],[246,37]],[[6275,18226],[14,-20],[10,-35],[29,-10]],[[6328,18161],[26,-66],[34,-14]],[[6388,18081],[-8,-59],[-184,27],[-5,-3],[-23,-128]],[[6168,17918],[-105,16],[6,-25],[61,-79],[-19,-25],[18,-26],[6,-45],[-30,-5],[-101,-58]],[[6004,17671],[-79,100],[-33,67]],[[5892,17838],[-12,43],[-30,74],[-13,99],[-15,42],[-39,59]],[[6140,17679],[162,19],[79,66],[23,117]],[[6404,17881],[135,-24]],[[6539,17857],[79,-16]],[[6618,17841],[-76,-66],[-95,-79],[-96,-83],[-111,-92],[-54,75],[-46,83]],[[5534,17854],[91,-21],[71,-13],[175,-21],[-16,30],[37,9]],[[6004,17671],[14,-17]],[[6018,17654],[-94,-59],[47,-71],[18,-70],[-61,5]],[[5928,17459],[-248,43]],[[5680,17502],[-157,27]],[[5523,17529],[17,6],[7,20],[-20,63],[6,43],[-8,28],[8,11],[-11,28],[8,60],[4,66]],[[5928,17459],[3,-46],[-28,-6],[7,-45]],[[5910,17362],[-181,-42],[0,49],[-61,2],[6,125],[6,6]],[[1494,12975],[80,23],[85,16],[148,19],[412,45]],[[2219,13078],[-33,-45],[-40,-28],[-3,-39],[-11,-24],[9,-14],[18,1],[34,-21],[19,-30],[23,-21],[8,-23],[32,-37],[24,-46],[-10,-32],[-50,-23],[-29,-45],[3,-13],[-15,-55],[-9,-15],[10,-27],[1,-23],[12,-36],[-31,-26],[-8,-27],[-41,-48],[-8,-34],[-18,-31]],[[2106,12316],[-150,-19],[-104,-12],[-196,-27],[-18,-1]],[[1638,12257],[-38,3],[-18,20],[-1,22],[30,51]],[[1611,12353],[10,47],[-12,91]],[[1609,12491],[-18,135],[-12,51],[-85,298]],[[5046,17547],[66,6],[205,8],[53,-6],[153,-26]],[[5910,17362],[-35,-14],[15,-81],[93,10],[6,-33]],[[5989,17244],[-106,-146],[-120,-218],[-25,-58],[-20,-25],[-26,-7]],[[5692,16790],[-23,7],[-3,66],[-10,22],[-16,14],[-34,9],[-89,18],[-35,15],[-63,19],[-15,0],[-53,-17],[-85,-38],[-59,-19],[-88,-17],[-25,2],[-64,35],[-18,5],[-24,-7],[-4,-11],[10,-47],[-16,-30],[-22,-8],[-63,-35],[-23,-3],[-30,13],[-31,21],[-69,65],[-13,21],[-13,49],[3,31],[35,49],[61,45],[7,17],[1,39],[39,32],[12,37],[-9,20],[-18,7]],[[5255,17913],[30,13],[42,2],[207,-74]],[[5046,17547],[-2,20],[16,46],[14,15],[27,7],[36,2],[98,31],[40,79],[29,32],[0,24],[-14,64],[-35,46]],[[6018,17654],[27,-33],[43,-40],[17,-22],[12,-33],[19,-122],[-35,-13],[13,-60]],[[6114,17331],[-75,-38],[-50,-49]],[[7111,18237],[40,19]],[[7151,18256],[175,86]],[[7326,18342],[41,-119],[45,-118]],[[7412,18105],[44,-32],[53,60],[40,77],[14,-18],[-16,-65],[-13,-20],[86,-16],[-5,-141],[23,4],[76,3],[-2,26],[4,69],[10,64],[12,-26]],[[7766,17881],[-352,-64],[10,33],[-16,9],[-57,-11],[-76,-20],[-18,1],[-46,25]],[[7211,17854],[21,25],[-58,44],[-28,30],[-13,25],[-9,33],[0,33],[10,57],[0,91],[-23,45]],[[6887,18070],[52,45],[76,59],[62,44],[34,19]],[[7211,17854],[-61,-52],[-29,-13],[-25,-25],[-95,11],[-85,26],[-47,12],[-175,18],[-76,10]],[[6618,17841],[29,26],[183,154]],[[3763,13798],[-138,-68],[-56,-26]],[[3569,13704],[-3,-1]],[[3566,13703],[-40,45],[-143,167],[-44,46]],[[3339,13961],[40,20],[22,0],[60,-32],[-4,-16],[14,-35],[17,12],[-5,33],[45,20],[24,-39],[75,-59],[38,34],[17,-14],[-9,-19],[86,-61],[4,-7]],[[4545,15248],[93,52],[40,17],[78,20],[228,20]],[[4984,15357],[5,-11],[88,-98],[54,-47],[22,-27],[74,-127]],[[5227,15047],[46,-78]],[[5273,14969],[18,-31],[66,-172]],[[5357,14766],[-100,-30]],[[5257,14736],[-8,3],[-238,40],[-77,27],[-35,28],[-31,52],[-43,87],[-77,60],[-24,13],[-71,21],[-94,43]],[[4559,15110],[0,65],[-14,73]],[[4871,17800],[219,90]],[[5090,17890],[135,54]],[[5225,17944],[30,-31]],[[4906,17482],[-3,26],[15,26],[-11,54],[-24,15],[-24,2],[-49,67],[-2,10],[22,30],[-8,34],[16,10],[-1,15],[32,19],[2,10]],[[4614,17648],[52,49],[44,33],[36,18],[125,52]],[[4600,17977],[140,88]],[[4740,18065],[102,64]],[[4842,18129],[178,112],[58,34]],[[5078,18275],[66,30],[51,19],[53,16]],[[5248,18340],[23,-19],[-17,-24],[-5,-38],[-14,-27],[-41,-26],[7,-27],[-34,-51],[-5,-36],[5,-43],[-11,-30],[9,-25],[26,-27],[34,-23]],[[5090,17890],[11,77],[-1,14],[-143,35],[-80,17],[-24,-1],[-199,-56]],[[4654,17976],[-51,-15],[-3,16]],[[4871,17800],[11,26],[-54,25],[-24,26],[-54,-27],[-21,15],[-15,36],[-40,26],[-20,49]],[[4437,17876],[118,71],[45,30]],[[4405,14253],[8,41]],[[4413,14294],[15,88],[1,24],[47,255]],[[4476,14661],[31,167]],[[4507,14828],[51,251],[1,31]],[[5257,14736],[-28,-23],[-52,-34],[-83,-57],[-225,-151],[-63,-45],[-87,-59],[-119,-84]],[[4600,14283],[-105,-77],[-112,-77]],[[4383,14129],[22,124]],[[5653,15424],[169,21],[218,23]],[[6040,15468],[67,7],[49,0],[103,-5]],[[6259,15470],[-68,-78],[-168,-179],[-133,-140],[-24,-28]],[[5866,15045],[-40,33],[-28,32],[-25,-23]],[[5773,15087],[-21,20],[-14,53],[-25,50],[9,21],[43,30],[-23,32],[-25,75],[-39,-4],[-23,41],[-2,19]],[[5273,14969],[34,14],[65,21],[37,0],[27,-10],[11,13],[34,21],[25,-37],[71,42]],[[5577,15033],[13,-18],[23,-47],[11,-55],[19,-45]],[[5643,14868],[-123,-53],[-72,-25],[-91,-24]],[[4984,15357],[101,8]],[[5085,15365],[235,22],[80,10]],[[5400,15397],[12,-34],[14,-105],[-21,-14],[17,-23]],[[5422,15221],[-26,-75],[2,-32]],[[5398,15114],[-44,-8],[-43,-18],[-84,-41]],[[4675,18438],[212,135]],[[4887,18573],[33,16],[48,-4],[163,-25]],[[5131,18560],[61,-36],[50,-21]],[[5242,18503],[-23,-55],[22,-51],[2,-49],[5,-8]],[[5078,18275],[-39,69],[-29,46],[-197,-2],[-17,-12],[-1,-19]],[[4795,18357],[-32,-1],[3,-41],[-33,-2],[-8,36],[-40,30],[-7,13],[-3,46]],[[4842,18129],[-27,44],[-5,19],[-15,165]],[[4518,18338],[157,100]],[[4740,18065],[-12,20],[-39,27],[-34,12],[-14,14],[-36,-9],[-8,54],[-14,21],[-31,18],[-7,16],[-14,65],[-13,35]],[[4332,18234],[54,20],[132,84]],[[4437,17876],[-32,32],[-72,51],[-60,53],[61,57],[35,36],[13,41],[-7,52],[-34,3],[-9,33]],[[4117,18151],[30,17]],[[4147,18168],[27,14]],[[4174,18182],[82,32],[76,20]],[[4274,17773],[-95,-59]],[[4179,17714],[5,45],[-21,36],[-6,47],[-22,28],[-20,15],[-8,16],[-35,22],[-8,14],[-2,59],[-16,21],[9,17],[45,21],[11,33],[35,20],[-25,15],[16,14],[-20,14]],[[4363,19025],[177,31],[85,31]],[[4625,19087],[27,-30],[64,-61],[56,-70],[56,-66],[83,-104],[74,-89],[36,-33],[110,-74]],[[4887,18573],[-35,55],[-38,48],[-41,46],[-71,40],[-59,36],[-52,38],[-62,38],[-104,50],[-49,-7]],[[4376,18917],[-13,108]],[[5301,16274],[50,16],[48,-15],[25,16],[12,39],[-3,49],[19,32],[30,-3],[27,-18],[24,1],[47,24],[14,12],[48,53],[42,26],[16,28],[0,41],[-13,36],[-46,75],[-5,42],[10,41],[8,10],[38,11]],[[6114,17331],[19,8]],[[6476,16558],[43,-80],[75,-144]],[[6594,16334],[19,-37],[121,-204]],[[6734,16093],[-180,-236],[-53,-70],[-242,-317]],[[6040,15468],[-17,70],[-18,42],[-26,31],[-119,85],[-333,247]],[[5527,15943],[-55,47],[-28,38],[-18,37],[-22,99],[-17,36],[-31,34],[-55,40]],[[4551,15476],[30,0],[80,-14],[56,-13],[44,30],[21,6],[31,0],[35,-8],[36,5],[32,12],[38,41],[32,-6],[13,4],[3,26],[-13,19],[-46,10],[-21,38],[3,30],[41,45],[9,53],[9,17],[20,14],[29,-2],[19,-13],[5,-15],[33,-9],[16,13]],[[5106,15759],[21,-6],[83,-37],[30,-18],[48,-56]],[[5288,15642],[-17,-20]],[[5271,15622],[-182,-222],[-4,-35]],[[4545,15248],[-14,74],[-14,59],[-27,31]],[[4490,15412],[-4,22],[8,16],[37,22],[20,4]],[[6736,16096],[84,114],[126,168]],[[7032,16493],[116,160]],[[7148,16653],[40,-74],[10,-35],[7,-80],[17,-167],[27,-296]],[[7249,16001],[17,-213],[4,-39]],[[7270,15749],[9,-80]],[[7279,15669],[-124,75],[-30,21],[12,23],[-39,40],[21,5],[63,-34],[53,5],[-6,78],[-50,-3],[-59,15],[-15,-28],[-186,-86]],[[6919,15780],[-71,121],[-112,195]],[[7279,15669],[22,-242],[7,-18]],[[7308,15409],[-178,11]],[[7130,15420],[-46,75],[-165,285]],[[4292,18504],[27,68],[50,141],[19,66],[-12,138]],[[4332,18234],[-12,41],[19,5],[11,16],[16,78],[22,66],[-1,18],[-13,14],[-57,25],[-25,7]],[[4174,18182],[-4,38],[12,34],[45,109],[44,93],[21,48]],[[4233,19829],[58,-27],[70,-36],[112,-70],[50,-33],[49,-38],[44,-29],[47,-18],[39,-12],[136,-28],[51,-19],[83,-41],[43,-14],[44,-1]],[[5059,19463],[-129,-212],[-16,-19],[-29,-19],[-215,-101],[-45,-25]],[[4363,19025],[-7,78],[-6,103],[-6,41],[-61,226],[-5,86],[-18,93],[-3,33],[-22,125]],[[4235,19810],[-2,19]],[[5059,19463],[125,19]],[[5184,19482],[5,-12],[55,-79],[28,-52],[31,-14],[4,-22],[-71,-138],[2,-23],[44,-50],[19,-28],[7,-42],[2,-32],[-23,-30],[-32,-26],[-69,-44],[-14,-28]],[[5172,18862],[-32,-49],[4,-25],[37,-5],[23,-39],[55,-23],[62,-84],[17,-10],[1,-27],[16,-23],[-22,-6],[-27,-33],[-22,-15],[-30,-10],[-12,-10]],[[3653,21581],[-6,-15],[-7,-62],[7,-33],[23,-68],[-2,-24],[-12,-12],[-14,-33],[-2,-41],[7,-13],[62,1],[10,8],[2,28],[12,48],[9,18],[30,-3],[19,-14],[44,-15]],[[3835,21351],[-2,-9],[16,-68],[-2,-32],[-42,-90],[-20,-54],[-7,-43],[-26,-42],[-43,-55],[-72,-85],[-104,-111],[-28,-28],[-42,-34]],[[3463,20700],[-42,30],[-74,-11],[-26,0],[-97,16],[-46,4]],[[3178,20739],[-30,20],[-31,34],[-51,46],[-135,87],[-65,35],[-54,50]],[[2812,21011],[81,63],[124,92],[79,56],[113,79],[159,105],[122,77],[163,98]],[[7202,16727],[-54,-74]],[[6736,16096],[-2,-3]],[[6594,16334],[19,11],[80,111]],[[7912,17982],[24,1],[2,-33],[27,-13],[-5,-15],[47,8],[-10,29],[189,-89]],[[8186,17870],[97,-48]],[[8283,17822],[-48,-198],[-43,-154],[1,-4],[-28,-98]],[[8165,17368],[-24,30],[-73,105],[-25,-17],[17,-27],[-176,-111],[-58,-79],[20,-55],[91,-132],[19,-24],[36,-23],[75,-19]],[[8067,17016],[-41,-138]],[[8026,16878],[-12,4],[-88,60],[-40,39],[-184,270],[-76,51]],[[8067,17016],[22,78],[38,138],[38,136]],[[8283,17822],[101,-48],[-13,-27],[29,-16],[36,17],[159,-77],[59,-142],[24,-64],[13,-46],[10,-51],[6,-97],[-8,-99],[52,-60],[28,-26]],[[8779,17086],[-25,14],[-90,34],[-19,5],[-221,-30],[-115,-15],[0,-16],[-183,-239],[-14,-6],[-58,35],[-28,10]],[[2298,19758],[-8,-50],[-42,-192],[-6,-20],[-26,-45],[-8,-31]],[[2208,19420],[-12,-3],[-34,-36],[-34,-29],[-34,-44],[-13,-29],[-53,-48],[-13,-5],[-95,-14],[-264,-30]],[[1656,19182],[-44,141],[-10,97],[-9,107],[-4,80],[1,52],[52,77],[11,10],[110,26],[24,16],[20,30],[0,48]],[[7604,17271],[35,-140],[75,-300],[-41,-84]],[[7673,16747],[-87,5],[-210,10],[-25,-3],[-57,-14]],[[7294,16745],[-45,-11],[-47,-7]],[[2499,19976],[87,-84],[121,-125],[87,-127]],[[2794,19640],[19,-35],[51,-118],[14,-50],[9,-76]],[[2887,19361],[18,-154],[14,-165],[10,-45]],[[2929,18997],[-64,-14],[-88,-8],[-47,-19],[-99,-57],[-191,-106],[-38,-23]],[[2402,18770],[-12,23],[-1,48],[8,24],[-2,30],[-19,27],[-86,68],[-17,26],[-19,49],[-30,101],[-6,33],[1,42],[-4,82],[-7,97]],[[3050,17799],[51,19],[25,18],[99,108],[34,41]],[[3259,17985],[42,73]],[[3301,18058],[21,-19],[50,-57],[22,-21],[46,-18],[217,-10],[4,-34],[-2,-70],[23,0],[32,-18],[-20,-31],[0,-51],[49,-218],[15,-23],[-20,-20],[20,-84]],[[3758,17384],[-114,-105]],[[3644,17279],[-5,8],[-64,128],[-11,11],[-138,10]],[[3426,17436],[-179,12],[-58,6]],[[3189,17454],[-20,3]],[[3169,17457],[-14,37],[-20,36],[-38,108],[-45,68],[-3,13],[1,80]],[[2929,18997],[8,-31],[60,-119],[18,-30],[38,-44],[25,-20],[129,-80],[73,-50]],[[3280,18623],[-35,-30],[-37,-12],[-18,-13]],[[3190,18568],[-20,1],[-33,-11],[-58,-57],[-41,-19],[-63,-6],[-26,-10],[-53,-42],[-39,-10],[-29,-57],[-85,38],[-25,-35]],[[2718,18360],[-11,52],[-36,80],[-36,61],[-8,7],[-43,4],[-44,14],[-54,26],[-15,11],[1,27],[-9,30],[-61,98]],[[3188,18274],[23,37],[6,26],[3,109],[-7,51],[-23,61],[0,10]],[[3280,18623],[25,-21],[69,-50],[97,-64],[32,-23],[44,-51],[24,-33]],[[3571,18381],[-73,-44],[-72,-65],[-39,-46],[-8,1],[-14,-47],[-64,-122]],[[3259,17985],[-30,-2],[-18,43],[12,44],[-35,13],[-15,12],[-16,29],[-5,65],[2,26],[15,38],[19,21]],[[7584,16567],[176,-106],[112,-67],[16,1]],[[7888,16395],[-19,-69]],[[7869,16326],[-30,-99]],[[7839,16227],[-44,35],[-18,24],[-48,34],[-57,35],[-22,-16],[-53,6],[-69,-39],[-22,-3]],[[7506,16303],[-9,67],[0,57],[9,36],[78,104]],[[7839,16227],[-45,-153],[-44,-164],[-28,-5],[-43,44],[-20,-4],[-17,-13],[16,-18],[-15,-14],[-60,61],[-6,12]],[[7577,15973],[-25,120],[-7,56],[-24,75]],[[7521,16224],[-10,29],[-5,50]],[[7673,16747],[70,-4],[-2,-9],[242,-11]],[[7983,16723],[-23,-88],[-9,-24],[-63,-216]],[[7584,16567],[14,19],[-179,126],[-61,42],[-64,-9]],[[7577,15973],[-107,-86],[-9,38],[-45,-73],[3,-18],[1,-99],[-32,-28],[-24,0],[-66,43],[-28,-1]],[[7249,16001],[89,9],[-8,77],[1,68],[18,31],[22,11],[57,0],[93,27]],[[7839,16227],[17,-21],[66,-40],[3,-34],[-7,-80],[-17,-52],[6,-17],[52,-9],[13,-15],[70,-204],[33,-86]],[[8075,15669],[-21,-27],[-27,-17],[22,-51],[-16,-17],[-30,-16],[-52,-18],[-15,-22],[-28,-20],[-13,-25],[-28,-15],[-10,-21],[-16,-5],[-69,32],[-66,22],[-36,20],[-36,14],[-84,39],[-63,15],[-85,47],[-81,39],[-42,26]],[[973,18853],[68,60],[60,0],[46,12],[21,33],[58,61],[33,18],[121,34],[27,2],[35,-6],[41,-30],[33,-15],[22,-19],[97,-71],[19,69],[17,76],[0,53],[-15,52]],[[2402,18770],[-145,-80],[-21,-21],[-21,-38],[-35,-109]],[[2180,18522],[-67,43],[-22,-24],[-66,-85],[-33,-37],[-159,-155],[-14,-11],[-63,-1],[-48,-7],[-91,32],[-22,4],[-39,-6],[-47,-21],[-43,-11],[-114,-49],[-31,-29],[-108,-35],[-71,-36],[-62,155],[-86,2]],[[994,18251],[11,25],[-9,41],[-31,56],[-3,16],[-24,22],[-70,36],[-61,21],[-26,2]],[[781,18470],[55,115],[59,118],[78,150]],[[3336,19992],[50,-31],[19,-63],[13,-59],[14,-16],[39,5],[23,-12],[17,-33],[40,-37],[10,-40],[-22,-43],[-19,-22],[-21,-41],[-8,-53]],[[3491,19547],[-65,2],[-19,-7],[-68,-48],[-59,-30],[28,-50],[11,-31],[-2,-42],[-21,-60],[-9,-11]],[[3287,19270],[-39,-20],[-29,-6],[-63,0],[-22,6],[-70,30],[-89,23],[-26,44],[-19,14],[-43,0]],[[2794,19640],[30,19],[21,23],[127,87],[115,71],[249,152]],[[3063,15966],[93,60]],[[3156,16026],[10,-3]],[[3166,16023],[170,-17],[39,-9],[106,-38]],[[3481,15959],[-9,-22],[-68,25],[-51,-12],[-15,0],[-54,29],[-22,-31],[-3,-16],[12,-20],[154,-94]],[[3425,15818],[-25,-46],[-104,-81],[46,-52],[42,-129],[86,-2],[-85,-63],[-47,-40],[-67,-61],[-122,-120],[-21,-17]],[[3134,15259],[12,180],[8,207],[-30,86],[-13,81],[-6,55],[-17,62],[-25,36]],[[2376,15874],[16,11],[215,-247]],[[2607,15638],[-74,-62],[-81,-54]],[[2452,15522],[-54,82],[-30,-23],[-8,21],[-18,165],[9,18],[62,46],[-37,43]],[[4733,8647],[214,43],[206,36],[166,110],[5,6],[54,94],[19,21],[67,43],[95,66],[63,47],[214,130],[56,26],[235,66],[333,99],[29,7],[127,19],[34,3],[58,-8],[27,-8],[203,-46],[223,-52],[178,-41],[31,-5],[-85,-215],[-34,11],[-13,-40],[-22,-50],[-12,-6],[2,-43],[-30,-27],[-37,-24],[-46,-41],[-6,-15],[-24,-24],[21,-10],[-43,-17],[-46,-44],[-30,-34],[0,-12],[-18,-37],[-26,-39],[-24,-7],[-8,-25],[-14,-9],[-12,-22],[1,-16],[16,-13],[-16,-40],[-24,-37],[21,-2],[170,2]],[[7031,8467],[-120,-526],[-36,-193],[-11,-221],[22,-260],[89,-239],[163,-210],[55,-145],[9,-57]],[[7202,6616],[-111,-60],[-29,-11],[-9,-32],[-12,-12],[-14,-34],[-23,-16],[-33,7],[-26,19],[-25,46],[-45,-2],[-42,-18],[-86,-3],[-26,2],[-7,-14],[4,-47],[-10,-20],[-32,-16],[-82,-9],[-27,14],[-16,19],[-4,72],[-24,7],[-20,-3],[-28,-23],[-55,-33],[-40,13],[-20,11],[-63,47],[-94,59],[-17,21],[-31,59],[-52,39],[-84,20],[-7,19],[-4,66],[8,36],[58,88],[13,35],[-1,57],[7,31],[19,19],[0,27],[-31,50],[-79,68],[-51,20],[-79,52],[-22,11],[-71,11],[-30,-3],[-45,-45],[-19,-4],[-23,9],[-17,22],[-30,17],[-27,3],[-24,-13],[-25,-36],[-3,-30],[6,-39],[33,-36],[5,-34],[-16,-13],[-34,-12],[-66,-1],[-18,6],[-59,35],[-52,-7],[-83,5],[-10,-10],[-21,-44]],[[5221,7078],[-21,-6],[-22,7],[-33,32],[-42,12],[-6,42],[-12,30],[28,7],[7,19],[-31,34],[-10,31],[28,-3],[18,-32],[14,-5],[20,10],[14,18],[4,25],[-7,36],[-23,37],[-8,40],[-32,15],[-27,72],[-10,1],[-19,-22],[-43,-25],[37,-24],[5,-15],[-22,-21],[-61,2],[-87,-64],[-21,9],[7,36],[57,59],[-6,18],[-46,-7],[-23,1],[-6,35],[-10,9],[-42,-22],[-25,-43],[-23,9],[-22,55],[-34,25],[-14,2]],[[4672,7517],[-11,145],[3,94],[26,287],[15,197],[14,153],[6,92],[8,162]],[[981,282],[21,16],[39,10],[29,17],[50,-6],[67,11],[44,19],[37,20],[28,25],[28,44],[20,17],[12,30],[24,89],[11,18],[21,62],[51,79],[22,49],[33,36],[31,23],[16,42],[13,22],[13,59],[1,19],[25,19],[6,33],[26,28],[7,17],[5,49],[28,33],[12,31],[23,27],[9,37],[22,32],[23,50],[31,36],[10,22],[18,11],[5,17],[38,8],[306,76],[148,33],[40,13],[155,63],[198,49],[73,17],[29,14],[72,53],[109,77],[8,3],[52,-31],[30,-12],[100,-29],[96,-17]],[[5896,1041],[137,-189],[61,-90]],[[6094,762],[-13,-1],[-26,16],[-33,6],[-56,-39],[-23,-5],[-30,13],[-46,49],[-58,5],[-50,10],[-13,-2],[-25,-22],[-21,-26],[-54,-12],[-23,-24],[-10,-44],[-17,-24],[-32,-27],[-8,-38],[-18,-27],[-12,0],[-25,15],[-23,-3],[-69,-61],[-17,-11],[-39,1],[-6,-28],[-18,3],[-6,-18],[-16,-16],[-22,-2],[-36,20],[-52,-15],[-68,3],[-102,1],[-37,-23],[-22,-68],[-58,-45],[-141,-112],[-9,-39],[-13,-32],[-3,-23],[-29,-34],[-38,-30],[-61,14],[-27,-12],[-8,-12],[-26,-9],[-34,18],[-64,-2],[-96,6],[-84,-15],[-37,-20],[-29,-11],[-20,4],[-24,-14],[-37,4],[-19,23],[-49,17],[-56,-24],[-41,2],[-40,7],[-37,-8],[-7,-15],[-32,8],[-54,38],[-30,37],[-25,9],[-51,-8],[-38,29],[-17,20],[-41,37],[-34,62],[-37,41],[-98,7],[-455,42],[-455,45],[-161,-14],[-246,-17],[-94,-7],[-160,-10],[-178,-14],[-217,-14],[-134,-2],[-342,-27],[-1,14]],[[3426,17436],[-4,-33],[-17,-3],[-37,-24],[-28,-28],[24,-16],[40,-64],[-35,-16],[21,-39],[32,-40],[32,23],[44,41],[51,-48]],[[3549,17189],[-73,-65],[-56,-35],[-272,-107]],[[3148,16982],[15,34],[6,28],[0,49],[19,112],[9,66],[27,55],[2,17],[-25,68],[-12,43]],[[3644,17279],[-95,-90]],[[7308,15409],[56,-4],[48,-8],[89,-35]],[[7501,15362],[-103,-99],[7,-3],[-140,-74]],[[7265,15186],[-99,168],[-36,66]],[[6157,15047],[135,51],[126,34],[89,17],[-13,40],[14,21],[40,97],[-26,12],[-1,105],[-46,-1],[0,32],[44,1],[128,-7],[14,-2],[170,-9],[203,-11],[96,-7]],[[7265,15186],[-152,-80],[-76,-39],[-28,-22],[-36,-76],[-12,-12],[-153,-46],[-94,-27],[-38,-16],[-25,-19],[-83,-88]],[[6568,14761],[-55,31],[-14,26],[-19,69],[-20,28],[-98,87],[-13,7],[-103,35],[-33,9],[-56,-6]],[[3763,13798],[253,123]],[[4016,13921],[66,31],[172,85],[47,30],[82,62]],[[4383,14129],[-18,-95],[-16,-114]],[[4349,13920],[-151,-101],[-127,-81],[-111,-76],[-222,-145]],[[3738,13517],[-81,91],[-88,96]],[[3332,13600],[57,25]],[[3389,13625],[117,50],[60,28]],[[3738,13517],[-223,-146],[-36,-31],[-23,-30],[-13,-26],[-18,-62],[-78,-437],[-8,-2]],[[3339,12783],[17,94],[0,16],[-48,252],[-9,37],[-31,198],[-12,88],[-8,18],[-45,57]],[[7939,19011],[28,34],[25,51],[14,67]],[[8006,19163],[13,71]],[[8019,19234],[43,-54],[76,-63],[4,-18],[23,-45]],[[8165,19054],[51,-51],[45,-22],[56,-9]],[[8317,18972],[-15,-49],[-31,-54],[64,-30],[-81,-144]],[[8254,18695],[-29,-52]],[[8225,18643],[-195,96]],[[7990,18826],[61,110],[-61,21],[-51,54]],[[8718,19788],[48,50],[37,26],[59,16],[62,29],[57,-116],[29,-27],[36,-24],[86,-34]],[[9132,19708],[-24,-50],[-51,-65],[-34,-29]],[[9023,19564],[-18,23],[-25,20],[-59,22],[-61,38],[-153,109],[11,12]],[[8859,19469],[78,43],[86,52]],[[9132,19708],[48,-21],[1,-28],[-9,-42],[-11,-24],[-51,22],[-5,-4],[40,-78],[34,-61]],[[9179,19472],[-239,-133]],[[8940,19339],[-81,130]],[[8859,19469],[-116,188]],[[8743,19657],[-37,66],[7,5],[-21,32],[-34,-36],[-13,11],[64,59],[9,-6]],[[8650,19335],[98,53]],[[8748,19388],[62,54],[49,27]],[[8940,19339],[-11,-6]],[[8929,19333],[-207,-115]],[[8722,19218],[-72,117]],[[8651,19606],[-40,-22],[34,-56],[91,-95],[-17,-16],[29,-29]],[[8650,19335],[-63,103]],[[8587,19438],[-115,184]],[[8472,19622],[63,35],[27,-20],[45,40],[44,-71]],[[2798,18246],[71,-68],[67,-74],[16,-28]],[[2952,18076],[16,-89],[2,-59],[7,-35],[11,-18],[31,-19],[16,-16],[15,-41]],[[3050,17799],[-23,-5],[-91,-4],[-51,-6],[-65,-26]],[[2820,17758],[-39,-27],[-29,-29],[-40,-57],[-24,-20],[-51,-12]],[[2637,17613],[-9,88]],[[2628,17701],[-13,99],[-16,143],[-10,113],[-20,53]],[[2569,18109],[20,4],[111,49],[-16,34],[114,50]],[[2718,18360],[12,-33],[21,-22],[47,-59]],[[2569,18109],[-28,55],[-31,71],[-24,34],[-56,45],[-76,95],[-26,27],[-40,28],[-50,29],[-58,29]],[[3491,19547],[24,-29],[43,-10],[40,-21]],[[3598,19487],[65,-68],[6,-30],[51,-80],[23,-24],[29,-20],[2,-18],[-13,-49],[-1,-38],[10,-72],[19,-27]],[[3789,19061],[-41,-55],[-27,-25]],[[3721,18981],[-38,-6],[-50,12],[-20,-7],[-88,-43],[-30,-22]],[[3495,18915],[-45,61],[-15,15],[-39,23],[-81,21],[-7,9],[28,59],[4,21],[-13,23],[-48,39],[30,22],[4,26],[-26,36]],[[3495,18915],[-43,-46],[-57,-74],[-46,-41],[-23,-38],[-6,-35],[-11,-24],[-29,-34]],[[7310,18623],[83,148]],[[7393,18771],[66,-33]],[[7459,18738],[58,-29]],[[7517,18709],[-121,-216]],[[7396,18493],[-77,-138]],[[7319,18355],[-48,97]],[[7271,18452],[71,126],[-45,22],[13,23]],[[6992,18601],[144,32],[35,26],[18,24]],[[7189,18683],[121,-60]],[[7271,18452],[-83,175],[-102,-183],[-4,-5]],[[7082,18439],[-41,28],[-97,48],[48,86]],[[7272,18831],[121,-60]],[[7189,18683],[83,148]],[[7517,18709],[57,-28]],[[7574,18681],[-50,-90]],[[7524,18591],[-44,-79]],[[7480,18512],[-27,-48],[-57,29]],[[10241,21955],[115,-26],[132,-29]],[[10488,21900],[104,-20],[106,-15],[89,-15],[133,-28],[57,-7],[44,-12]],[[11021,21803],[-184,-196]],[[10837,21607],[-59,-61],[-170,-182]],[[10608,21364],[-33,20],[-37,14],[-12,28],[-26,41],[-19,56],[-5,36],[-20,24],[-19,6],[-40,-1],[-38,32],[-17,21],[-26,-14],[-24,-27],[4,-15],[-21,-7],[-31,37],[-8,22],[2,31],[-58,-22],[-23,7]],[[10157,21653],[9,20],[50,195],[25,87]],[[9553,21722],[184,249],[9,16],[23,57]],[[9769,22044],[80,-13],[170,-31],[201,-39],[21,-6]],[[10157,21653],[-27,-32],[-105,-79]],[[10025,21542],[-146,55],[-326,125]],[[9420,22110],[191,-38],[76,-18],[82,-10]],[[9553,21722],[-308,116]],[[9245,21838],[18,42],[10,50],[0,24],[-10,20],[89,101],[21,-10],[25,11],[22,34]],[[3598,19487],[30,37],[53,34],[69,17],[45,30],[100,74],[13,4],[88,9],[18,5],[88,49],[133,64]],[[4363,19025],[-291,-49],[-12,0],[-98,39],[-104,45],[-24,8],[-39,5],[-6,-12]],[[3721,18981],[-15,-40],[3,-20],[26,-27],[25,14],[29,-6],[25,-22],[4,-23],[-50,-29],[-7,-33],[50,-49],[65,-41],[19,-7],[4,-13],[-13,-51],[-9,-19],[13,-34],[3,-34],[7,-18],[-2,-43],[5,-26],[-8,-40],[-3,-62],[13,-27],[-5,-17],[15,-31]],[[3915,18283],[-68,-4],[-47,-10],[-49,-4],[-40,5],[-47,16],[-30,20],[-35,36],[-28,39]],[[4147,18168],[-28,34],[-25,17],[-94,42],[-43,16],[-42,6]],[[2644,17362],[55,16],[73,12],[35,2],[86,-16]],[[2893,17376],[87,-17],[19,5],[57,47],[62,36],[51,10]],[[3148,16982],[-118,-46],[11,-26],[38,-35],[34,-25],[34,-47]],[[3147,16803],[40,-67],[34,-39]],[[3221,16697],[-90,-10],[-17,-32],[-54,-22],[-28,4],[-38,18],[-58,9],[-51,17],[-96,-39],[-21,-15],[-7,-20],[13,-27],[38,-8],[-2,-24],[-18,-26]],[[2792,16522],[-19,11],[0,15],[-35,36],[-9,28],[-9,5],[-1,46],[-18,113],[-1,31]],[[2700,16807],[-12,180],[-15,270],[-15,70],[-14,35]],[[3280,11778],[37,48],[166,256],[61,88]],[[3544,12170],[17,-9],[80,-25],[323,-92],[168,-46],[72,-17]],[[4204,11981],[-24,-153],[-16,-91],[-11,-121],[-72,-156],[-44,-81],[-26,-34],[-31,19],[-24,1],[-17,-24],[-29,-9],[-18,35],[-3,29],[-31,20],[-46,9],[-52,1],[-48,8],[-33,-7],[-22,10],[-23,33],[-16,44],[-16,32],[-29,22],[-75,38],[-55,35],[-103,79],[-60,58]],[[6739,11541],[-163,130],[-73,63],[-65,51],[-20,13],[-75,27]],[[6343,11825],[-157,62],[-123,66],[-110,54],[-34,10],[-38,5],[11,30],[26,40],[30,31],[230,96],[33,2],[231,95],[14,-17],[43,-22],[19,-18],[26,-12],[13,-24],[44,-31],[16,-22],[56,-42],[-7,-26],[15,-15],[24,-6],[17,-15],[28,-13],[15,-21],[72,-53],[-11,-19],[26,-6],[-3,-32],[10,-23],[20,-14],[-16,-18],[-37,-22],[-29,-41],[-29,-134],[-29,-129]],[[6739,11541],[-14,-93],[-18,-94],[-12,-55],[4,-33],[-8,-50],[-16,-66],[-98,0],[-185,149],[-85,75],[-16,19],[2,41],[-7,35],[-25,47],[1,14],[27,85],[11,51],[36,127],[7,32]],[[9487,19644],[210,115]],[[9697,19759],[19,11]],[[9716,19770],[61,-44],[-81,-99],[64,-45],[-10,-12],[126,-90],[93,111],[17,-5],[21,31],[33,-22]],[[10040,19595],[-151,-173],[-41,-37]],[[9848,19385],[-158,113]],[[9690,19498],[-79,55],[-126,84],[2,7]],[[3131,11605],[15,80],[60,336],[57,308],[48,263],[29,154]],[[3340,12746],[143,-109],[125,-96],[66,-45],[74,-40]],[[3748,12456],[-204,-286]],[[3280,11778],[-144,-167]],[[3136,11611],[-5,-6]],[[2917,13817],[54,-33],[103,-112]],[[3198,13548],[-34,-18],[-48,-36],[-57,-48],[-63,-63]],[[2996,13383],[-21,16],[-140,79],[-240,187]],[[2595,13665],[28,25],[56,25],[32,5],[45,-16],[31,-15],[19,1],[19,13],[19,1],[49,-27],[11,21],[-23,28],[-11,27],[59,46],[-12,18]],[[8859,22212],[94,-16]],[[8953,22196],[121,-20],[346,-66]],[[9245,21838],[-54,20],[-59,33]],[[9132,21891],[-114,64],[-19,19],[-115,193],[-25,45]],[[9553,21722],[-117,-158],[-34,-48]],[[9402,21516],[-115,-153]],[[9287,21363],[-224,164],[-37,8],[-50,-22]],[[8976,21513],[-33,50],[-59,105],[8,22],[-37,29],[-21,27],[146,75],[65,2],[23,-9],[50,78],[14,-1]],[[8633,22024],[-3,205],[2,18]],[[8632,22247],[188,-27],[39,-8]],[[8976,21513],[-182,-99],[-63,-23],[-82,-19],[-57,-3]],[[8592,21369],[-4,141],[1,30],[14,166],[12,102],[19,76],[2,44],[-3,96]],[[10025,21542],[-151,-112],[-213,-278],[-29,-40]],[[9632,21112],[-142,104]],[[9490,21216],[21,30],[29,-9],[12,11],[122,144],[-175,131],[-39,-45],[-58,38]],[[9490,21216],[-67,48]],[[9423,21264],[-136,99]],[[9632,21112],[-5,-88]],[[9627,21024],[-135,-58],[-23,-15],[-62,-83]],[[9407,20868],[-128,86],[-47,19],[41,46],[98,137],[11,41],[12,30],[29,37]],[[3425,15818],[118,-43],[29,4],[99,60],[21,46]],[[3692,15885],[31,-11],[78,-56],[40,-41],[23,-33]],[[3864,15744],[-34,-27],[-45,-30],[-217,-132],[-59,-53],[-109,-140],[-38,-38],[-34,-28]],[[3328,15296],[-36,-25],[-118,-65],[-50,-33]],[[3255,14818],[67,32]],[[3322,14850],[-6,-12],[83,-133]],[[3399,14705],[28,-46],[17,-7],[18,-44],[47,-80],[63,-84]],[[3572,14444],[-38,-25],[-27,37],[-70,-54],[-37,-5],[-26,19],[-29,-9],[-47,47],[1,18],[21,41],[-2,38]],[[3318,14551],[-4,34],[27,49],[-5,32],[-62,100],[-19,52]],[[2833,14239],[11,-7],[7,-32]],[[2851,14200],[14,-18],[32,4],[30,35],[15,-8],[7,-35],[8,-10],[23,-2],[16,-33],[20,8],[14,-17],[-13,-11],[9,-23],[42,-39],[40,20],[63,42],[21,19],[29,-20]],[[3221,14112],[34,-48]],[[3255,14064],[-57,-55],[-61,-53]],[[3137,13956],[-18,21],[-45,-31],[-8,-14],[62,-78]],[[2917,13817],[-25,11],[-20,25],[-26,122],[-32,136],[-2,40],[21,88]],[[7139,19144],[-1,-2]],[[7138,19142],[-17,-31]],[[7121,19111],[-90,-161]],[[7031,18950],[-182,89]],[[6849,19039],[-47,24]],[[6802,19063],[35,232],[302,-151]],[[7524,18591],[113,-56],[15,26],[27,-13],[5,26],[18,43]],[[7702,18617],[97,-45]],[[7799,18572],[-2,-4],[-80,-38],[-142,-69]],[[7575,18461],[-21,13],[-74,38]],[[7575,18461],[-115,-54]],[[7460,18407],[-134,-65]],[[7326,18342],[-7,13]],[[3188,18274],[-62,18],[-56,-6],[-111,-81],[-47,-59],[42,-32],[9,-35],[-11,-3]],[[6936,18734],[61,119],[-13,6],[50,90]],[[7034,18949],[238,-118]],[[6992,18601],[43,79],[-83,39],[-16,15]],[[7501,15362],[13,-6],[130,-128],[59,-69],[23,-3],[5,-21],[80,-125]],[[7811,15010],[-566,-183],[-173,-11]],[[7072,14816],[-92,124],[-25,-8],[-63,-32],[-33,-7],[-28,-47],[-22,-29],[-11,-34],[-21,-20],[-34,-45],[-30,-60],[-17,-5],[-155,80],[27,28]],[[8075,15669],[6,6],[131,-126]],[[8212,15549],[-158,-215],[-164,-298],[-79,-26]],[[7869,16326],[64,-17],[59,-35],[75,-35],[-16,-23],[18,-11],[358,487]],[[8427,16692],[87,-13],[46,-12],[54,-19],[178,-71],[133,-56]],[[8925,16521],[-713,-972]],[[3607,16875],[10,-8],[56,-18],[18,-21],[47,-31],[27,8],[23,33],[14,9],[46,13]],[[3848,16860],[9,-32],[38,-49],[39,-33],[23,-31],[24,-54],[20,-17],[54,-13],[19,-12],[-107,-100],[-68,-49],[-62,-38],[-122,-77],[-82,-48]],[[3633,16307],[-24,34],[-30,34],[-41,38]],[[3538,16413],[-79,81],[-37,33],[-77,75],[-51,43],[-73,52]],[[3147,16803],[39,17],[41,25],[32,15],[25,-8],[56,9],[54,45],[31,8],[33,3],[55,28],[36,-4],[47,-39],[11,-27]],[[6169,18405],[28,-37],[1,-13],[44,-54],[12,-5],[107,5]],[[6361,18301],[58,6],[-1,7],[125,19],[-33,183]],[[6510,18516],[58,-18],[34,-2],[86,4],[80,18],[2,35]],[[6770,18553],[222,48]],[[7082,18439],[12,-12]],[[7094,18427],[-59,-11],[-106,-25],[0,-15],[-20,-11],[-39,-11],[-19,-21]],[[6851,18333],[-47,-7],[-12,-19],[-4,-27],[-53,-22],[-10,35],[12,19],[-134,-44],[10,-15],[-13,-28],[-18,-15],[-67,-42],[-113,-23],[-16,-6],[-34,4],[-24,18]],[[6275,18226],[-16,35],[-23,19],[-65,62],[-6,25],[4,38]],[[6436,4729],[-2,13],[19,30],[-11,29],[-34,10],[-11,12],[1,26],[24,38],[-3,17],[-21,27],[-62,59],[-8,35],[0,117],[-8,13],[-23,-18],[5,-29],[-16,-39],[-26,-19],[-16,4],[-6,17],[1,32],[-12,46],[-28,24],[-12,-2],[-20,-29],[-59,-17],[-21,-14],[-14,5],[-9,48],[12,27],[58,27],[13,24],[1,34],[10,10],[62,-1],[72,29],[43,31],[19,29],[1,66],[28,32],[60,75],[1,33],[-29,2],[-19,8],[-16,29],[5,15],[63,17],[-2,26],[-13,32],[-49,54],[-8,14],[13,18],[22,-8],[32,-43],[22,-3],[28,32],[13,-20],[23,-12],[28,-4],[16,12],[-4,22],[-19,41],[3,48],[46,11],[35,-15],[10,-14],[28,-67],[52,17],[63,0],[40,32],[38,13],[46,-22],[51,-3],[22,21],[16,4],[50,-16],[17,3],[11,18],[2,24],[-11,27],[-58,68],[-2,14],[14,18],[71,24],[9,29],[-9,23],[-34,35],[-6,16],[12,22],[36,27],[21,6],[39,-10],[26,-24],[41,-56],[23,-8],[22,8],[42,47],[44,56],[9,2],[166,59]],[[7535,6249],[68,-74],[47,-40],[131,-97],[285,-198],[211,-230],[160,-156],[176,-134],[97,-166],[297,-675],[188,-252],[154,-332],[74,-236],[91,-337],[11,-95]],[[9525,3227],[-120,-104],[-39,-24],[-76,-23],[-28,-22],[-6,-33],[-5,-68],[-6,-22],[-14,-16],[-64,-20],[-28,-18],[-17,-35],[-26,-25],[-18,0],[-62,45],[-22,6],[-67,-9],[-47,-16],[-17,-11],[-24,-28],[-12,-34],[5,-29],[37,-39],[11,-48],[-13,-23],[-36,-28],[-29,4],[-50,34],[-30,10],[-22,-3],[-34,-19],[-24,-30],[-1,-46],[-6,-34],[-18,-21],[-29,-11],[-31,6],[-47,24],[-28,25],[-17,54],[-13,26],[-15,12],[-43,8],[-31,-13],[-26,-34],[-27,-77],[-12,-16],[-27,-9],[-62,7],[-29,16],[-8,16],[0,50],[-32,31],[-62,15],[-25,-4],[-38,-21],[-21,-17],[-38,-45],[-7,-17],[8,-43],[21,-22],[22,0],[32,9],[28,-11],[11,-17],[6,-41],[-5,-30],[4,-67],[-3,-23],[-19,-19],[-34,2],[-55,10],[-31,19],[-25,36],[-10,37],[-1,27],[-11,21],[-29,13],[-11,-20],[-19,-54],[-18,-32],[-39,-27],[-20,-34],[6,-49],[13,-17],[44,-15],[28,-14],[9,-12],[8,-40],[-9,-38],[-20,-26],[-4,-30],[20,-22],[48,-33],[20,-34],[2,-22],[-18,-50],[-47,-52],[-43,-30],[-52,-15],[-47,-24],[-33,-12],[-29,2],[-41,-8],[-29,-19],[-56,-50],[-57,-63],[-26,-47],[-2,-43],[12,-49],[25,-76],[-12,-41],[-24,-49],[-27,-62],[-13,-41],[-60,-120],[-57,-96],[-49,-31],[-32,-6],[-51,-24],[-23,-7],[-73,-35],[-65,-52],[-44,-47],[-24,-2],[-33,23],[-34,10],[-10,9],[2,34],[-8,20],[-27,17],[-41,11],[-31,3],[-31,-5],[-27,-21],[-7,-48],[-24,-30],[-13,-28],[-27,-5],[-15,16],[-2,30],[-8,16],[-38,3],[-35,-19],[-56,15],[-15,-7],[-12,-54],[-17,-13],[-23,-6],[-44,6],[-30,19],[-18,21],[-2,21],[12,40],[-8,20],[-15,5],[-29,-26],[-13,-37],[-29,-28],[-23,-36],[-19,0],[-53,33],[-22,-4]],[[4320,3396],[65,48],[21,7],[39,34],[39,0],[33,8],[38,23],[30,-15],[22,1],[31,12],[18,14],[48,-7],[19,18],[46,20],[21,-6],[55,-1],[72,24],[9,10],[8,35],[-20,20],[-72,29],[-8,15],[4,22],[33,80],[38,5],[55,-5],[19,2],[12,19],[1,18],[34,84],[28,31],[16,-3],[14,-21],[8,-34],[17,-15],[15,14],[21,60],[3,79],[7,22],[18,17],[37,-3],[79,-31],[20,-15],[16,-33],[6,-68],[25,-9],[34,33],[54,59],[18,11],[51,3],[97,47],[16,21],[20,48],[1,36],[-13,32],[19,29],[23,20],[27,13],[50,67],[28,9],[34,-3],[34,-12],[27,-55],[18,-5],[58,6],[28,-1],[63,-11],[35,26],[51,11],[45,-28],[21,2],[16,18],[15,50],[23,4],[20,-6],[48,-30],[7,-57],[11,-19],[14,0],[20,18],[18,29],[15,4],[71,-4],[19,7],[17,22],[22,58],[25,23],[0,23],[-32,4],[-10,12],[7,70],[-4,53],[21,26],[7,23],[-10,21],[-39,1],[-19,14],[-20,37],[-25,69]],[[10509,20756],[4,-9],[79,-56],[50,-30],[-58,-74],[88,-51]],[[10672,20536],[-118,-131]],[[10554,20405],[-76,50],[-134,95],[59,75],[106,131]],[[2048,14325],[27,-22],[4,-31],[38,-8],[19,-10],[28,5],[19,28],[29,25],[11,23],[-2,21],[26,30],[20,-7],[52,-43],[2,-36],[9,-29],[15,-12],[20,6],[16,16],[23,42],[19,18],[20,39],[33,17],[22,17],[22,-18],[14,4],[50,-15],[31,5],[36,40],[-20,52],[-4,55],[18,10],[27,-13],[41,14]],[[2713,14548],[7,-15],[25,-18],[-13,-23],[44,-74],[-12,-26],[-28,-24],[-29,-59],[21,-35],[33,-7],[40,-20],[13,5],[19,-13]],[[2595,13665],[-54,-45],[-13,4],[-24,-12],[-7,-41],[21,-52],[-1,-30],[-18,-45],[4,-19],[19,-14],[-20,-29],[56,-42],[202,-155]],[[2760,13185],[8,-6]],[[2768,13179],[-82,-37],[-73,-23],[-115,-13]],[[2498,13106],[-2,15],[-33,107],[-42,119],[-20,40],[-51,86],[-10,22],[-11,68],[-8,24],[-90,211],[-49,73],[-14,27],[-51,143],[-34,91],[-22,52],[-4,21],[-4,74],[-5,46]],[[8618,19161],[104,57]],[[8722,19218],[16,-70],[-63,-73]],[[8675,19075],[-42,-49]],[[8633,19026],[-32,23]],[[8601,19049],[-77,61]],[[8524,19110],[94,51]],[[2628,17701],[-151,32],[-55,-6],[22,-31],[1,-21],[-35,-72],[-10,-42],[-18,-23],[-3,-22],[9,-39],[27,-22],[-9,-29],[-34,-21],[-33,-8],[-19,-24],[-20,-11],[-5,-19],[-31,-35],[-6,-30],[3,-16],[62,-26],[5,-12],[4,-74],[15,-19],[-23,-48],[19,-21],[12,-104],[5,-25],[-4,-39],[9,-51],[-19,-20],[-6,-33],[16,-51],[-11,-25],[-11,-5]],[[2334,16709],[-33,32],[-192,212],[-39,46],[-172,227]],[[1898,17226],[-37,51],[-26,42],[-66,124]],[[1769,17443],[-29,40],[-37,27],[-68,27],[-49,-110],[-12,-25],[-68,-94],[-13,-35],[-38,-179],[-14,-48],[-47,-105],[-86,-186],[-10,-35],[4,-23],[31,-108],[9,-58],[24,-69]],[[1366,16462],[-18,-10],[-24,1],[-48,17],[-50,3],[-25,34]],[[1201,16507],[-28,38],[-33,30],[-9,25],[5,25],[23,34],[21,46]],[[1180,16705],[21,44],[10,-10],[29,88],[-8,2],[9,41],[-10,31],[9,51],[-11,30],[-50,26],[-41,73],[-39,29],[-25,37],[-41,77],[-32,35],[-9,40],[1,56],[16,106],[22,63],[21,29],[-5,19],[-36,23],[-18,19],[-8,20],[-24,9],[-40,42],[-23,16],[-45,20],[-9,9],[-24,75],[-10,50],[-5,45],[-23,19],[-30,5],[-14,29],[16,58],[39,31],[15,31],[23,10],[32,-10],[19,14],[-3,34],[19,12],[24,-6],[21,-18],[15,2],[15,33],[-1,61],[22,46]],[[1584,14698],[30,3],[106,27],[213,53]],[[1933,14781],[42,-155],[28,-117],[42,16],[219,75],[269,90],[81,23],[59,7],[0,-25],[-12,-31],[19,-46],[21,-22],[13,-37],[-1,-11]],[[2048,14325],[-37,23],[-46,14],[-9,9],[-5,31],[-37,67],[-17,11],[-22,1],[-30,-8],[-27,2],[-38,34],[-36,0],[-14,24],[-13,6],[-48,3],[-40,19],[-20,29],[-24,24],[-9,37],[13,34],[-5,13]],[[7094,18427],[19,-27],[22,-61],[16,-83]],[[6858,18132],[12,140],[5,20],[-24,41]],[[8502,8522],[-143,-15]],[[8359,8507],[3,60],[12,37],[8,44],[38,93],[12,19],[16,10],[22,-20],[6,-22],[5,-55],[21,-151]],[[7799,11183],[-42,-509],[-67,-836],[-44,-133],[438,-85],[47,-10],[-29,-180],[-267,42],[-8,-37],[-113,-299],[-120,-194],[-119,32],[14,50],[-71,22],[-76,-198],[260,-73],[-25,-107],[-132,-60],[-166,140],[-248,-281]],[[4733,8647],[6,340],[2,55],[6,638],[-1,45],[1,271],[4,126]],[[4751,10122],[8,412],[0,64],[-8,71],[-13,41],[-17,36],[-40,74]],[[4681,10820],[13,8],[147,58],[132,30],[160,12],[135,-9],[148,-32],[212,-39],[86,-21],[60,0],[79,8],[182,28],[192,44],[259,50],[80,16],[742,129],[160,32],[151,15],[162,36],[18,-2]],[[4215,20134],[4,-4],[103,-124],[4,-3],[167,113],[226,171],[103,59],[73,-7],[18,-11],[33,-58],[15,-33],[37,22],[47,62],[8,14],[-9,87],[2,22],[17,10]],[[4233,19829],[0,12],[-11,184],[-5,42],[-2,67]],[[3481,15959],[211,-74]],[[1448,14713],[132,2]],[[1580,14715],[4,-17]],[[2498,13106],[-279,-28]],[[1494,12975],[-41,140],[-4,33],[6,85],[13,35],[1,26]],[[1469,13294],[2,31],[42,333],[5,69],[4,97]],[[1522,13824],[6,140]],[[1528,13964],[12,293]],[[1540,14257],[6,141],[-3,71],[-18,81],[-56,130],[-21,33]],[[416,16513],[22,-10]],[[438,16503],[29,-13]],[[467,16490],[-20,-63],[-16,-21],[24,-78],[2,-37],[5,-188],[7,-94],[41,-106]],[[510,15903],[41,-98],[30,-76],[18,-27],[26,-24]],[[587,15632],[-40,56],[-38,25],[-26,-3],[-19,30],[-31,8],[-23,-15],[-18,-2],[-15,17],[4,25],[-18,24],[-21,-14],[-46,30],[-14,21],[-26,16],[-5,22],[24,5],[4,50],[-7,67],[0,86],[5,30],[14,41],[37,51],[5,49],[14,18],[21,47],[19,7],[14,21],[-3,23],[7,31],[-3,24],[14,91]],[[7258,20897],[54,-6],[28,-21]],[[7340,20870],[4,-52],[-2,-25],[-11,-47],[0,-42],[4,-21],[22,-26],[189,-110],[88,-43],[76,-54],[116,-75],[50,18],[42,-2],[44,-21],[25,-27],[115,-139],[55,-58],[47,-29],[32,-11],[44,-6]],[[8280,20100],[38,-251],[17,-126],[19,-160]],[[8354,19563],[-128,-47],[-88,-29]],[[8138,19487],[-109,-37],[-13,5],[-26,-8],[-124,-14]],[[7866,19433],[-6,25],[0,42],[23,105],[-26,44],[-32,46],[-40,37],[-32,8],[-59,3],[-51,0],[-50,10],[-46,30],[-42,20],[-61,22],[-42,0],[-53,-30],[-65,-47],[-45,-8],[-17,4]],[[7222,19744],[-49,33],[-26,3],[-18,23]],[[7129,19803],[-6,20],[10,50],[25,60],[22,43],[66,69],[16,6],[43,39],[61,93],[32,30],[17,34],[2,22],[-10,30],[-16,9],[-46,13],[-107,41]],[[7238,20362],[-45,21],[-10,15],[-1,66],[-20,39],[-44,39],[-24,37],[-14,52],[0,48],[13,26],[65,53],[20,19],[47,33],[28,28],[5,59]],[[6539,17857],[32,200]],[[646,14807],[21,8],[132,67],[64,15],[138,12],[75,24],[75,36],[21,13]],[[1172,14982],[19,-24],[30,4],[22,-28],[54,-57],[31,-48],[19,-19],[26,-11],[50,4],[78,-31],[7,-8],[64,-33],[8,-16]],[[1448,14713],[-196,0],[-169,-2],[-40,-4],[-62,-13],[-71,-22],[-140,-50],[-48,-21],[-387,-145],[-110,-43],[-88,-22],[-95,-9]],[[42,14382],[-11,171]],[[31,14553],[177,72],[100,44],[60,22],[205,82],[73,34]],[[5915,18661],[131,116],[12,19],[9,73]],[[6067,18869],[122,19],[31,-1],[151,-21],[10,1]],[[6381,18867],[-18,-33],[-10,-55],[-30,-27]],[[6323,18752],[-23,-37],[-4,-38],[-37,-64],[6,-21],[-8,-20],[-7,-54],[3,-17]],[[6253,18501],[2,-6]],[[6255,18495],[-64,-10],[-233,-24],[-52,-6],[-172,-9]],[[5734,18446],[64,114],[18,27],[99,74]],[[7983,16723],[422,-28],[22,-3]],[[3607,16875],[302,167],[82,43],[-17,39],[-66,49],[-9,13],[-11,51],[13,33],[32,46],[0,20],[-30,53]],[[3903,17389],[91,21],[134,41],[57,39],[35,15],[56,18],[59,9],[88,-8]],[[4605,17210],[-11,-27]],[[4594,17183],[-32,-13],[-23,-41],[-1,-31],[-13,-26],[9,-19],[-10,-35],[-36,-27],[-42,-58],[-38,-19],[-26,1],[-47,37],[-61,4],[-27,-29],[-40,-28],[0,-16],[15,-25],[-28,-41],[-30,4],[-61,54],[-31,17],[-23,5],[-53,-11],[-48,-26],[-42,8],[-58,-8]],[[8026,16878],[-43,-155]],[[8839,20780],[65,79],[73,96],[63,86],[48,58],[101,130],[98,134]],[[9407,20868],[-73,-95]],[[9334,20773],[-35,-24],[-200,-39],[-106,-36]],[[8993,20674],[-18,15],[-136,91]],[[8839,20780],[-125,108]],[[8714,20888],[-17,19],[-31,49],[-14,34],[-19,116],[-41,263]],[[8469,21153],[-11,23],[-24,29],[-1,28],[-12,55],[-5,3],[-91,4],[10,91]],[[8335,21386],[85,-7],[131,-9],[41,-1]],[[8714,20888],[-15,-15],[-66,-17],[-33,-28],[-21,16],[-16,25],[-154,-48],[-19,-3]],[[8390,20818],[-60,58],[-9,87],[184,19],[48,17],[-8,13],[-34,33],[-42,108]],[[8177,21071],[292,82]],[[8390,20818],[-128,-41],[-11,0],[-6,36],[-38,-4]],[[8207,20809],[-30,262]],[[8135,21402],[200,-16]],[[8177,21071],[-30,233]],[[8147,21304],[-12,98]],[[3482,16212],[94,55],[62,33]],[[3638,16300],[14,-24],[18,-49],[26,-107],[2,-117],[14,-54],[-3,-24],[-17,-40]],[[3166,16023],[108,69],[208,120]],[[2687,16191],[-11,19]],[[2676,16210],[118,47],[154,56]],[[2948,16313],[33,-44],[24,-23],[51,-39]],[[3056,16207],[12,-28],[-31,-4],[20,-72],[11,-23],[18,-20],[32,-21],[38,-13]],[[3063,15966],[-117,-77],[-48,-29]],[[2898,15860],[-15,21],[-70,82],[-31,12],[-16,-24],[-15,-1],[-38,15],[-21,16],[-37,-33],[-28,0],[-14,12],[-19,33],[7,45],[21,21],[36,21],[45,37],[17,4],[27,-12],[21,37],[-69,35],[-12,10]],[[2540,12366],[187,20],[138,42],[104,42],[65,29]],[[3034,12499],[16,10],[91,63],[41,36],[136,155]],[[3318,12763],[22,-17]],[[3131,11605],[-29,-47]],[[3102,11558],[-271,109],[-32,2],[-115,-14],[-16,135],[-5,10],[-82,93],[-11,35],[-8,147],[-22,291]],[[2498,13106],[2,-160],[11,-45],[22,-43],[23,-28],[-122,-13],[-26,-19],[-2,-21],[14,-131],[28,-289]],[[2448,12357],[-342,-41]],[[2996,13383],[-113,-123],[-33,-28],[-35,-23],[-55,-24]],[[7485,20970],[184,108],[95,54],[92,56],[75,42],[86,39],[52,15],[78,20]],[[8207,20809],[4,-32]],[[8211,20777],[-88,-27],[-28,-5],[-10,92],[-1,53],[-30,-12],[-58,-69],[-14,6],[-312,89],[-49,16],[-115,30],[-21,20]],[[7340,20870],[19,8],[20,24],[36,28],[70,40]],[[8211,20777],[11,-104]],[[8222,20673],[22,-199],[4,-46],[-4,-30],[20,-174],[16,-124]],[[6495,19723],[22,15],[43,41],[112,95],[32,-5],[28,-22],[107,-105],[38,-35],[38,40],[39,21],[123,28],[25,7],[27,0]],[[7222,19744],[-58,-106]],[[7164,19638],[-66,-119],[-14,-29],[49,-47],[125,-86]],[[7258,19357],[-119,-213]],[[6802,19063],[-169,76],[-169,82],[-32,19],[-132,66],[-36,16]],[[2898,15860],[-81,-48],[-61,-48],[-149,-126]],[[2376,15874],[-18,32],[-43,50],[18,34],[33,21],[39,-4],[67,22],[22,4],[69,-3],[4,23],[18,24],[9,23],[29,24],[12,28],[-3,19],[55,20]],[[2031,15969],[177,64],[286,107],[182,70]],[[2376,15874],[-38,-27]],[[2338,15847],[-25,-17],[-43,-13],[-209,-19],[-22,136],[-8,35]],[[1748,16479],[41,-6],[36,-14],[19,1],[7,13],[-6,63],[0,40],[21,9]],[[1866,16585],[35,-4],[76,11],[80,15],[21,-5],[31,2],[17,-11],[43,-13],[31,7]],[[2200,16587],[38,5],[40,17],[45,10],[70,10],[12,-17],[10,-31],[28,-25],[25,-32],[35,-22],[26,-10],[28,-3],[71,4],[55,-12],[23,-18],[12,-23],[16,-8],[27,5],[30,30],[-7,37],[8,18]],[[2792,16522],[33,-35],[123,-174]],[[1778,16258],[-3,47],[23,40],[-65,5],[15,129]],[[5590,19447],[-14,-55],[-22,-39],[-8,-26],[1,-84],[33,-157],[5,-60],[4,-88],[9,-129]],[[5598,18809],[-22,-1],[-147,23],[-8,7],[-113,40],[-38,4],[-98,-20]],[[5598,18809],[10,-115]],[[5608,18694],[13,-120],[21,-133]],[[5642,18441],[-78,-8],[-95,-21],[-92,-28],[-129,-44]],[[5642,18441],[11,-43],[9,-67],[12,-26],[24,-30],[85,-120]],[[6264,19322],[-109,-113],[-36,-43],[-12,-21],[-15,-43],[-26,-224],[1,-9]],[[6067,18869],[-32,4],[-117,31],[-21,7],[-32,-3],[-135,-51],[-116,-45],[-16,-3]],[[5915,18661],[-7,27],[-64,16],[-20,-20],[1,-13],[-66,-27],[-31,24],[-5,37],[-115,-11]],[[795,15865],[114,114]],[[909,15979],[70,74],[63,71],[62,62],[17,9]],[[1121,16195],[63,2]],[[1184,16197],[15,0]],[[1199,16197],[1,-26],[5,-328]],[[467,16490],[225,-101],[24,-12]],[[716,16377],[-29,-57],[-26,-27],[-25,-151],[16,-32],[64,-26],[26,-6],[52,3],[30,-1],[35,71],[93,-42],[-22,-21],[-28,1],[-77,-31],[23,-29]],[[848,16029],[-101,-38],[-237,-88]],[[716,16377],[134,-60],[208,-97],[55,-23]],[[1113,16197],[8,-2]],[[909,15979],[-61,50]],[[5734,18446],[-92,-5]],[[6764,18920],[11,27],[74,92]],[[7031,18950],[3,-1]],[[6936,18734],[-69,60],[-102,5]],[[6765,18799],[-3,106],[2,15]],[[6764,18920],[-67,-23],[-46,-3],[-171,-2],[-35,-5],[-35,-14],[-29,-6]],[[6765,18799],[0,-5],[-77,-5],[-105,-86],[-72,24],[-75,-60]],[[6436,18667],[-41,41],[-23,11],[-16,-9],[-33,42]],[[1366,16462],[10,4]],[[1376,16466],[18,4],[69,2],[78,13],[37,10],[63,-2],[107,-14]],[[1475,16223],[-29,-3],[-247,-23]],[[1184,16197],[-16,157],[16,63],[7,70],[10,20]],[[1796,15320],[20,-71],[17,-76],[46,-175]],[[2338,15847],[-6,-12],[-34,-27],[-31,-38],[-11,-33],[-14,-22],[-40,-19],[-119,-24]],[[2083,15672],[-26,-2],[-70,4],[-77,13],[-45,-3],[-32,6],[-40,0],[-22,-26],[-40,-38],[-29,16]],[[2452,15522],[-110,-57]],[[2119,15360],[-9,55],[-27,257]],[[1796,15320],[199,16],[51,5],[73,19]],[[6382,18521],[66,10],[62,-15]],[[6361,18301],[-9,68],[11,28],[21,110],[-2,14]],[[6253,18501],[129,20]],[[6169,18405],[34,15],[56,52],[-4,23]],[[6388,18081],[183,-24]],[[6404,17881],[-146,25],[-11,-1],[-79,13]],[[3124,15173],[-12,-147],[-16,-218],[1,-36]],[[3097,14772],[-114,-17],[-64,-7],[16,-86],[-4,-44],[-66,-250],[-32,-129]],[[17,14759],[229,272],[28,-45],[17,-46],[4,-28],[24,20],[99,118],[85,77],[70,36],[44,12],[69,-122],[9,-95],[-48,-12],[5,-53],[-17,-29],[-5,-23],[16,-34]],[[31,14553],[-14,206]],[[2768,13179],[107,-82],[333,-251]],[[3208,12846],[-51,8],[-52,14],[-11,22],[-35,12],[-23,-5],[-21,-14],[-74,-16],[-63,-8],[21,-51],[5,-34],[1,-41],[-13,-52],[-13,-32],[-16,-29],[101,-64],[70,-57]],[[2540,12366],[-92,-9]],[[8462,22625],[-82,-133],[-26,-65],[-35,-146],[-13,-74]],[[8306,22207],[-27,-122],[-55,-158],[-62,-161],[-23,-76]],[[8139,21690],[-18,-82],[-5,-46],[5,-59],[14,-101]],[[7258,20897],[9,48],[18,41],[32,46],[58,103],[15,33],[37,47],[67,65],[44,48],[17,37],[1,57],[-23,57],[-31,65],[-29,72],[-16,58],[-25,64],[-25,34],[-24,20],[-12,32],[-46,44],[-34,17],[-32,29],[-22,39],[4,78],[13,64],[28,57],[37,54],[8,17],[1,34],[-22,53],[-44,43],[-48,65],[-30,27],[-20,63],[-26,52],[-22,35],[-13,31]],[[7103,22626],[94,7],[184,10],[114,5],[153,3],[209,1],[134,-2],[110,-4],[189,-9],[172,-12]],[[3853,17471],[77,71]],[[3930,17542],[34,30],[92,65],[123,77]],[[3903,17389],[-50,82]],[[10836,21167],[46,5],[49,18],[38,26],[25,26],[59,84],[68,70],[59,54]],[[11180,21450],[27,-25],[63,-75],[38,-60],[47,-81]],[[11355,21209],[-51,-33],[-48,-34],[-50,-44]],[[11206,21098],[-126,89],[-60,-55],[-50,-51],[-40,33],[-48,29],[-25,-4],[-21,28]],[[10800,21168],[36,-1]],[[11206,21098],[-83,-74],[-114,-122],[-43,-44]],[[10966,20858],[-4,-4]],[[10962,20854],[-33,35],[-12,36],[-27,15],[-156,119],[-17,16],[77,39],[11,12],[-13,21],[8,21]],[[10772,20434],[77,89],[45,44],[129,113],[88,72],[-145,106]],[[11355,21209],[150,94],[77,50],[85,52],[160,41],[238,66]],[[12065,21512],[126,-75],[101,-61],[121,-77],[52,-44],[51,-36]],[[12516,21219],[-315,-278],[-111,-26],[-277,-70],[-444,-264],[-509,-406]],[[10860,20175],[-142,107]],[[10718,20282],[38,34],[29,17],[3,19],[28,50],[-44,32]],[[8779,17086],[98,-107],[62,-61],[43,-51],[97,-103]],[[9079,16764],[-154,-243]],[[3102,11558],[-2,-3],[-105,-323],[-78,-251],[-33,-63],[-28,-31],[-29,-23],[-203,-108],[-253,-132],[-56,-16],[-9,-21],[-114,-60],[-34,-31],[-15,-31],[-11,-4],[-15,-88]],[[2117,10373],[-23,-3],[-371,-24]],[[1723,10346],[-18,254],[-13,208],[1,55],[15,105],[22,78]],[[1730,11046],[10,46],[5,52],[0,31],[-16,218],[-18,148],[-10,63]],[[1701,11604],[-24,170],[-25,229],[-3,42],[-11,212]],[[6018,17654],[76,52],[29,11],[17,-38]],[[6770,18553],[1,64],[-17,25],[-52,11],[-172,52],[-28,-3],[-62,-50],[-4,15]],[[8415,18359],[108,34],[64,-2],[49,-17],[45,-26],[-16,-270]],[[8665,18078],[0,-24],[39,-112],[68,-94],[59,-42],[55,-36],[42,-23],[250,-105],[195,-91],[154,-61]],[[9527,17490],[-255,-545],[-193,-181]],[[8186,17870],[65,121],[27,45],[151,267],[3,21],[-17,35]],[[4117,18151],[-22,-21],[-18,-25],[-127,-198],[-18,-37],[-14,-52],[-42,-174],[4,-42],[25,-36],[25,-24]],[[3853,17471],[-70,-66],[-25,-21]],[[2334,16709],[-7,-12],[2,-34]],[[2329,16663],[-62,-32],[-67,-44]],[[1866,16585],[34,10],[-34,73],[48,99],[26,9],[36,42],[-39,27],[-64,29],[-16,29],[51,153],[13,22],[-73,121],[50,27]],[[3538,16413],[-15,-9],[-22,4],[-32,23],[-18,3],[-33,16],[-19,-3],[-23,-28]],[[3376,16419],[-41,-23],[-44,-15],[17,-63],[-39,-5],[-53,-15],[-8,-12],[7,-19],[-61,-19],[-34,7],[-28,13],[-36,-61]],[[3675,14323],[9,29],[22,19],[65,15],[36,26],[23,59],[2,20],[-8,24]],[[3824,14515],[41,57]],[[3865,14572],[102,-161],[266,-154],[21,16],[27,-28],[37,-4],[30,12],[31,4],[26,-4]],[[4016,13921],[-94,92],[-151,153],[-30,46],[-27,59],[-39,52]],[[3633,16307],[5,-7]],[[3482,16212],[25,19],[2,11],[-28,36],[-62,-11],[-19,44],[9,40],[-33,68]],[[10748,22128],[136,-51],[194,-77],[92,-39]],[[11170,21961],[-29,-33],[-120,-125]],[[10488,21900],[5,25],[19,50],[1,15],[-19,52],[83,44],[11,1],[38,26],[5,31],[24,-2],[48,-18],[16,-10],[29,14]],[[8665,18078],[39,14],[9,16],[3,36],[-2,36],[10,19],[71,12],[26,11],[50,42],[36,45],[14,48],[-1,52],[-9,50],[-5,8]],[[8906,18467],[26,26],[23,11],[-25,41],[-5,27],[10,71],[7,23],[-43,64],[-51,2]],[[8848,18732],[58,39],[8,10],[126,81],[138,79]],[[9178,18941],[89,-141],[87,-43]],[[9354,18757],[248,-124],[357,56]],[[9959,18689],[-261,-777],[-60,-129],[-111,-293]],[[8993,20674],[-226,-76],[-102,-33]],[[8665,20565],[-222,-73],[-69,186],[-39,-8],[-20,5],[-7,19],[-43,-16],[-43,-5]],[[2637,17613],[15,-119],[-20,-71],[0,-25],[12,-36]],[[2700,16807],[-35,-14],[-107,-50],[-58,-23],[-69,-19],[-78,-26],[-24,-12]],[[3549,17189],[35,-33],[36,-3],[27,-43],[3,-17],[17,-14],[14,1],[108,47],[13,11],[-9,26],[21,12],[48,55],[3,17],[-47,108],[85,33]],[[4594,17183],[-14,-39],[-5,-32],[8,-44],[12,-33],[52,-103],[19,-56],[2,-65],[-4,-31],[-41,-129],[-30,-117],[-21,-64],[-30,-73],[-31,-107],[-14,-63],[-27,-169],[8,-55],[34,-79],[36,-66],[18,-55],[0,-62],[-22,-84],[-8,-50],[2,-74],[13,-57]],[[4490,15412],[-44,30],[-51,15],[-17,11]],[[4378,15468],[-96,49],[-107,39],[-48,1],[-33,28],[-54,22]],[[4040,15607],[-53,18],[-48,26],[-39,40],[-36,53]],[[4476,14661],[-57,5],[-40,-14],[-144,-87]],[[4235,14565],[-142,237]],[[4093,14802],[111,65],[32,-1],[113,-62],[22,-3],[136,27]],[[4093,14802],[-28,47],[18,44],[16,16],[-3,28],[16,40],[-14,-2]],[[4098,14975],[-32,23],[4,28],[-6,15],[11,30],[35,45],[0,13],[31,35],[27,10],[41,-5],[30,21],[26,-13],[22,14],[21,29],[36,39],[-3,17],[-20,30],[2,18],[34,42],[15,13],[53,33],[32,10],[16,-11],[17,1]],[[7671,18984],[186,-92]],[[7857,18892],[-65,-114]],[[7792,18778],[-186,92]],[[10448,22232],[284,-104],[16,0]],[[10241,21955],[13,35],[5,49],[31,30],[158,163]],[[5400,15397],[253,27]],[[5773,15087],[-38,-35],[-39,25],[-9,-10],[-31,21],[7,48],[26,0],[-9,18],[-22,0],[-11,21],[-17,8],[-30,-9],[-16,-68],[-35,31],[-39,13],[14,27],[-1,18],[-18,14],[-83,12]],[[4235,14565],[-36,-20],[-23,11],[-116,-15],[-36,-14],[-74,-42],[-15,5],[8,33],[-40,25],[-2,53]],[[3901,14601],[6,53],[-8,36],[-16,1],[-33,-13],[-4,22],[-23,5],[-3,31],[-11,21],[2,24],[15,27],[38,10],[9,17],[-4,38],[17,25],[56,45],[22,12],[43,10],[46,0],[45,10]],[[8587,19438],[-105,-58]],[[8482,19380],[-99,-53]],[[8383,19327],[-11,95]],[[8372,19422],[-18,141]],[[8354,19563],[82,38],[36,21]],[[8372,19422],[-80,-139]],[[8292,19283],[-18,8],[-80,129],[-95,-52],[-29,42],[68,77]],[[8186,19091],[106,192]],[[8383,19327],[16,-129]],[[8349,19170],[-149,-79],[-14,0]],[[8186,19091],[-21,-37]],[[8019,19234],[-81,79],[-41,50],[-22,34]],[[7875,19397],[-9,36]],[[8420,19209],[126,68]],[[8546,19277],[72,-116]],[[8524,19110],[-32,-17]],[[8383,19033],[-58,-30],[-8,-31]],[[8722,19218],[14,-12],[213,-163]],[[8949,19043],[-93,-105]],[[8856,18938],[-123,95],[-58,42]],[[8856,18938],[-124,-141]],[[8732,18797],[-40,29],[-106,84],[58,67],[-11,49]],[[8732,18797],[-94,-58],[-107,-54]],[[8531,18685],[-14,42],[-61,93],[-8,72]],[[8448,18892],[27,9],[126,148]],[[8448,18892],[3,7],[-31,46],[-49,22],[-54,5]],[[8949,19043],[107,55],[18,5]],[[9074,19103],[35,-55],[110,61],[-13,-60],[-28,-15],[12,-20],[-43,-24],[31,-49]],[[8848,18732],[-18,-12],[-98,77]],[[8531,18685],[8,-137],[9,-13]],[[8548,18535],[-24,26],[-112,54]],[[8412,18615],[-41,22]],[[8371,18637],[61,107],[-74,38]],[[8358,18782],[64,115],[26,-5]],[[8371,18637],[-74,37]],[[8297,18674],[61,108]],[[8297,18674],[-43,21]],[[7987,18603],[34,61]],[[8225,18643],[-18,-32]],[[8207,18611],[-51,-91]],[[8156,18520],[-53,-99]],[[8103,18421],[-243,121]],[[7860,18542],[9,16],[21,6],[59,-29],[38,68]],[[7718,19317],[24,19],[65,14],[-16,18],[57,21]],[[7848,19389],[27,8]],[[8006,19163],[-18,-15],[-58,65],[-104,-82]],[[7826,19131],[-107,122]],[[7719,19253],[33,25],[-34,39]],[[7939,19011],[-4,-4]],[[7935,19007],[-50,56]],[[7885,19063],[2,3],[-61,65]],[[7885,19063],[-12,5],[-132,42]],[[7741,19110],[-86,28]],[[7655,19138],[64,115]],[[7589,19396],[97,78]],[[7686,19474],[17,12],[54,-11],[25,-20],[37,-14],[15,-13],[14,-39]],[[7718,19317],[-8,8],[-35,-24],[-86,95]],[[7492,19221],[97,175]],[[7655,19138],[-47,15],[-81,41],[-22,15]],[[7505,19209],[-13,12]],[[7686,19474],[-79,86],[-33,1],[-80,-62],[-10,-18]],[[7484,19481],[-320,157]],[[7492,19221],[-111,76]],[[7381,19297],[103,184]],[[7258,19357],[10,18],[113,-78]],[[7505,19209],[-29,-16],[-51,-87]],[[7425,19106],[-118,59],[-46,-84],[-123,61]],[[7741,19110],[-70,-126]],[[7923,18792],[29,52],[-95,48]],[[7857,18892],[34,64],[44,51]],[[7888,18730],[-96,48]],[[8366,18532],[46,83]],[[8548,18535],[19,-25],[22,-11],[30,-1],[44,17],[57,28],[85,-45],[62,-22],[29,-20],[10,11]],[[8415,18359],[-16,30],[-16,18],[-68,34]],[[8315,18441],[51,91]],[[8366,18532],[-159,79]],[[8073,18352],[75,-52],[48,-24],[52,4],[74,18],[93,61]],[[7754,18074],[0,47],[23,135],[41,92],[33,34],[42,24],[44,-4],[68,-15],[68,-35]],[[8073,18352],[30,69]],[[8156,18520],[159,-79]],[[7758,18717],[34,61]],[[7987,18603],[-229,114]],[[7702,18617],[42,74]],[[7744,18691],[14,26]],[[7860,18542],[-61,30]],[[7653,18737],[91,-46]],[[7702,18617],[-90,45]],[[7612,18662],[41,75]],[[7559,18784],[94,-47]],[[7612,18662],[-38,19]],[[7517,18709],[42,75]],[[7606,18870],[-47,-86]],[[7459,18738],[89,161]],[[7393,18771],[90,160]],[[7362,18991],[-241,120]],[[7362,18991],[-90,-160]],[[7412,18105],[211,265],[-8,-2],[-56,-59],[-39,-12],[-60,110]],[[7071,12763],[28,-14],[17,-24],[46,-11],[6,-29],[27,-31],[39,-9],[34,-17],[41,-33],[16,-40],[21,-13],[14,7],[27,-17],[36,-13],[43,-30],[72,-64],[55,-55],[20,-44],[-41,-65],[-4,-24],[-16,-5],[-31,-71],[-38,-3],[-13,-8],[-59,17],[-54,21],[-7,-2],[-29,28],[-22,13],[-9,21],[-23,1],[-56,79],[-15,35],[-25,40],[-43,106],[-14,66],[8,56],[-4,22],[-36,70],[-11,40]],[[4612,13016],[55,2],[26,-8],[58,-5],[67,11],[23,-4],[63,-35],[44,23],[23,18],[-2,25],[22,19],[40,4],[102,-31],[24,-11],[12,-14],[53,-17],[102,-9],[60,8],[60,-16],[50,-8],[28,6],[69,35],[37,29],[52,46],[38,7],[53,-9],[53,1],[67,-13],[42,-13],[218,-10]],[[6151,13047],[-5,-69],[35,-202],[137,-157],[271,-197],[508,-471],[578,-535],[61,-44],[48,-82],[8,-94],[7,-13]],[[4681,10820],[-35,68],[-13,38],[-19,134],[-9,45],[-41,296],[-10,55],[-72,343],[-28,124]],[[4454,11923],[-1,10],[-69,316],[-36,153],[1,4],[133,324],[83,195],[47,91]],[[6609,14195],[463,621]],[[9959,18689],[9,26],[282,402]],[[10250,19117],[73,88],[138,201],[137,355],[262,414]],[[12516,21219],[497,-345],[-724,-330],[-319,-140],[-73,-25],[-235,-204],[-171,-172],[2,-22],[31,-13],[-103,-224],[-241,-132],[-75,-93],[-18,-15],[-59,-100],[13,-155],[-91,-256],[3,-14],[-15,-25],[-32,-90],[-13,-63],[-50,-135],[-28,-25],[-11,-20],[-5,-38],[-9,-22],[-22,-24],[-21,-33],[-21,-19],[-33,-71],[-27,-62],[-18,-20],[8,-18],[-22,-33],[2,-51],[9,-46],[0,-53],[5,-15],[-11,-40],[-25,-55],[-5,-21],[-24,-46],[-6,-26],[23,-18],[6,-24],[-9,-37],[3,-22],[-4,-45],[6,-17],[6,-65],[-6,-34],[3,-81],[-6,-23],[-37,-40],[-31,-44],[-41,-17],[-73,1],[-28,18],[-31,48],[-58,26],[-27,-4],[-39,-20],[-22,-22],[-16,-4],[-7,-21],[-33,-39],[-34,-54],[0,-10],[-30,-36],[5,-17],[-5,-28],[-32,-50],[-14,-29],[-18,-10],[-18,-28],[3,-31],[-38,-83],[-24,-97],[-23,-34],[-34,-25],[-67,-37],[-63,-2],[-51,-30],[-50,-16],[-82,-42],[-48,-60],[-46,-67],[-20,-11],[12,-26],[13,-50],[-11,-141],[-3,-84],[16,-17],[-5,-55],[-43,-185],[15,-27],[-11,-74],[-21,-107],[-40,-148],[-21,-35],[-17,-14],[-18,-56],[-12,-13],[0,-21],[-28,-55],[-34,-54],[-66,-82],[-30,-28],[-55,-41],[-46,-45],[-28,-42],[-30,-52],[-31,-48],[-38,-39],[-12,-6],[-28,15],[-18,-31],[24,-1],[14,-18],[-18,-50],[-14,-24],[-25,-31],[-23,-8],[-12,-31],[-71,-76],[-13,-34],[-74,-78],[-53,-31],[-55,-8],[-81,-31],[-67,-17],[-31,-1],[-12,-32],[-70,-102],[-91,-103],[-8,-19],[-41,-60],[-39,-13],[-52,-34],[-61,-22],[-42,-22],[-15,-25],[-25,-19],[-25,-36],[-17,-11],[-22,-32]],[[7860,14117],[-20,-9],[-21,-47],[-33,-20],[-28,-29],[-53,-11],[-31,5],[-30,-12],[-13,-16],[-83,-24],[-116,-57],[-34,-24],[-12,-34],[2,-200],[43,-107],[11,-21],[66,-164],[59,-131],[68,-112],[73,-111],[26,0],[183,20]],[[7917,13013],[12,-38],[43,-44],[21,-48],[0,-37],[60,-19],[44,-22],[36,-43],[38,-17],[27,-22],[8,-22],[33,-36],[90,-65],[46,-53],[35,-12],[33,5],[67,-19],[27,-15],[6,-14],[-2,-31],[10,-23],[29,-17],[55,-43],[9,-3],[8,-30],[11,-14],[22,-10],[23,5],[35,-19],[2,-22],[11,-14],[14,-42],[12,-14],[28,-16],[19,-22],[19,-37],[17,-22],[105,1],[102,-33],[68,-1],[16,-10],[36,-10],[57,-51],[5,-15],[18,-13],[13,11],[22,-16],[12,-29],[4,-31],[14,-7],[34,-36],[24,-365],[4,-89],[-17,-23],[-5,-21],[-46,-94],[-24,-53],[-12,-2],[-34,-81],[-25,-50],[-36,-82],[-11,-31],[-31,-52],[-78,-104],[-39,-45],[-54,-60],[-22,-29],[-43,-48],[-34,-35],[-108,-99],[-73,-81],[-36,-51],[-20,-56],[1,-20],[68,-126],[34,-24],[39,-10],[68,-40],[11,-16],[5,-32],[-5,-61],[4,-18],[15,-16],[9,-69],[-9,-66],[9,-82],[-8,-44],[-8,-19],[2,-58],[-29,-85],[-3,-50],[-7,-47],[-1,-50],[29,-26],[1,-25],[-5,-50],[-27,-40],[-22,-41],[-26,-67],[-10,-67],[1,-182],[-2,-49],[12,-27],[10,-54],[1,-67],[65,-46],[21,-29],[-24,-18],[-11,-34],[-357,-50]],[[8359,8507],[-132,-13],[-427,-18],[-152,-517],[-1,-10],[106,-1080],[-2,-50],[172,-178],[826,-872],[624,-652],[443,-463],[408,-425],[213,-218],[-722,-620],[-190,-164]],[[7535,6249],[-103,227],[-99,41],[-131,99]],[[6151,13047],[15,124],[-9,121],[-64,153],[25,153],[211,222],[280,375]],[[10040,19595],[39,45]],[[10079,19640],[35,48],[19,-8],[77,-15],[10,5],[54,0],[19,-6],[75,171],[46,95],[30,47]],[[10444,19977],[39,-30],[36,42],[25,49],[19,25],[32,49],[44,59],[7,15],[20,16],[52,80]],[[10250,19117],[-103,74],[-34,-23],[-22,5],[-21,-20],[-9,-28],[-41,-58],[-22,7],[-30,-3],[-15,14],[-67,16],[4,23],[67,52],[0,14],[-49,-19],[-43,6]],[[9865,19177],[105,41],[63,35],[-185,132]],[[8665,20565],[-149,-186],[-58,-77],[-47,-56],[-32,-42]],[[8379,20204],[-54,-68],[-39,-27],[-6,-9]],[[973,18853],[125,217],[88,145],[102,157],[39,59],[108,154],[86,116],[73,95],[88,110]],[[8651,19606],[92,51]],[[10679,20544],[131,147],[82,87]],[[10892,20778],[70,76]],[[10772,20434],[-16,22],[17,19],[-2,13],[-46,16],[-18,25],[-28,15]],[[10802,21190],[8,40],[14,11],[50,9],[27,19],[27,41],[-91,53],[-23,21],[-7,15],[5,34],[21,33],[36,30],[45,14],[10,8],[19,40]],[[10943,21558],[67,-31],[139,-57],[31,-20]],[[10800,21168],[2,22]],[[10837,21607],[30,-12],[76,-37]],[[10802,21190],[-75,23],[-10,22],[7,21],[-4,17],[-21,20],[0,17],[-37,29],[-11,2],[-43,23]],[[8546,19277],[104,58]],[[3137,13956],[99,-120],[13,-19],[87,-104],[-7,-9],[60,-79]],[[3653,21581],[135,76],[99,54],[144,74],[122,61],[106,50],[159,72]],[[4418,21968],[54,-20],[273,-89],[76,-22],[192,-82],[69,-26],[33,-8],[74,16],[38,-5],[28,-14],[37,-30],[258,-115],[86,-61],[153,-113],[97,-78],[120,-100],[13,-17],[48,-109],[27,-74],[58,-140],[33,-87],[68,-158],[27,-70]],[[4853,20838],[-32,75],[-18,10],[-33,6],[-32,53],[-24,49],[-35,29],[-53,30],[-21,38],[-18,4],[-13,-26],[-11,-73],[-14,-35],[-18,-14],[-13,-28],[-22,-17],[-65,11],[-37,-3],[-39,14],[-12,20],[-40,24],[-11,18],[25,31],[6,16],[-15,41],[-21,12],[-28,4],[-35,49],[-63,68],[-26,48],[-5,25],[11,30],[-3,13],[-27,10],[-85,2],[-34,16],[-14,-1],[-29,-22],[-19,-44],[-32,8],[-63,22]],[[8379,20204],[35,-11],[48,11],[21,-12],[18,-30],[61,-10],[41,4],[5,-41],[10,-34],[167,42],[25,11],[72,-145],[17,-28],[74,39],[73,2],[30,6],[7,14],[-11,18],[35,11],[123,32]],[[9230,20083],[-9,-85],[-14,-98],[13,-44],[-8,-83],[21,-87],[17,-80],[13,-87]],[[9263,19519],[-84,-47]],[[4204,11981],[164,-42],[86,-16]],[[4681,10820],[-121,-73],[-56,-39]],[[4504,10708],[-51,71],[-103,133],[-46,62],[-30,56],[-19,60],[-2,26],[-116,4],[-187,11],[-57,6],[-192,88],[-33,13],[-107,31],[-36,15],[-68,21],[-101,67],[-182,128],[-48,37],[10,47],[0,27]],[[8929,19333],[145,-230]],[[10892,20778],[-92,70]],[[10800,20848],[-174,132],[-17,21]],[[10609,21001],[-94,126],[-67,70]],[[10448,21197],[160,167]],[[10523,20779],[14,20],[68,82],[20,-26],[-4,-37],[8,-26],[21,-16],[74,88],[55,-41],[21,25]],[[10679,20544],[-7,-8]],[[10509,20756],[14,23]],[[10609,21001],[-58,-38],[-31,-1],[-49,25],[-18,-1],[-99,-83],[4,-25],[53,-25],[20,0],[5,-16],[29,-28],[8,-23],[50,-7]],[[10554,20405],[-115,-94]],[[10439,20311],[-124,89],[-27,26],[-13,21],[-21,80],[-16,40],[-57,107],[-17,26],[-36,43]],[[10128,20743],[32,51],[40,77],[49,91],[44,65],[74,83],[47,47],[34,40]],[[10269,20177],[170,134]],[[10444,19977],[-75,64],[-10,5],[-24,31],[-44,8],[-14,28],[0,19],[-15,20],[7,25]],[[10079,19640],[-56,48],[-66,33],[-45,43],[-15,26],[-19,-12],[-41,59]],[[9837,19837],[38,22],[105,82],[69,62],[127,101],[93,73]],[[9716,19770],[121,67]],[[9230,20083],[66,19],[143,51],[89,45],[60,38]],[[9588,20236],[-12,-200],[-7,-54],[-16,-63],[25,-17],[119,-143]],[[9487,19644],[-72,-40]],[[9415,19604],[-152,-85]],[[8993,20674],[92,-170],[77,-149]],[[9162,20355],[19,-99],[48,-128],[1,-45]],[[9627,21024],[-15,-348]],[[9612,20676],[-39,0],[-8,-35],[-128,-42],[-11,4],[-44,78],[-30,-6],[-23,44],[3,19],[19,13],[-17,22]],[[9612,20676],[-9,-264]],[[9603,20412],[-60,-3],[-149,-20],[-43,-8],[-189,-26]],[[9603,20412],[-5,-95],[-10,-81]],[[9588,20236],[78,48],[76,58],[37,35],[159,157]],[[9938,20534],[144,148],[46,61]],[[9632,21112],[33,-25],[111,-72]],[[9776,21015],[-11,-15],[-8,-46],[-22,-42],[3,-63],[22,-25],[12,-50],[-18,-34],[12,-22],[32,-32],[24,-42],[18,-17],[6,-18],[53,-30],[7,-13],[32,-32]],[[9776,21015],[93,-61],[124,-56],[23,-16],[72,-97],[40,-42]],[[8139,21690],[36,-24],[44,-15],[15,3],[27,37],[6,24],[21,9],[0,38],[62,182],[74,22],[82,41],[64,35],[63,-18]],[[8306,22207],[37,1],[86,11],[55,10],[52,18],[41,6],[55,-6]],[[9172,22540],[216,-38],[137,-27],[174,-37],[141,-34]],[[9840,22404],[-21,-136],[-45,-208],[-5,-16]],[[8953,22196],[29,2],[4,26],[35,49],[110,142],[12,32],[29,93]],[[8462,22625],[156,-13],[228,-25],[146,-20],[180,-27]],[[9840,22404],[121,-30],[117,-31],[145,-42],[95,-28],[130,-41]],[[15,16697],[53,-21],[210,-98],[95,-46],[43,-19]],[[587,15632],[-91,-107],[-150,-159],[-104,-109],[-87,-98],[-150,-161]],[[5,14998],[-5,241],[3,197],[4,103],[7,138],[1,1020]],[[1769,17443],[-15,-13],[-28,-8],[-73,2],[13,-32],[-14,-17],[7,-18],[-3,-64],[-18,-33],[2,-51],[13,-25],[-17,-47],[9,-49],[-16,-32],[-37,-20],[-20,-49],[-49,-56],[-6,-26],[-4,-59],[-11,-20],[-31,-27],[-31,-1],[-21,-18],[-14,-22],[-53,-129],[-1,-57],[5,-54],[20,-52]],[[5301,16274],[-34,-22],[-2,-14],[26,-25],[27,-15],[51,-38],[5,-20],[-36,-62],[-31,-22],[-32,-45],[-13,-12],[-24,-2],[-19,12],[-15,25],[4,13],[23,17],[5,23],[-11,19],[-37,14],[-37,-6],[-8,-18],[10,-31],[-9,-15],[-55,-11],[-24,-22],[-5,-21],[13,-27],[41,6],[22,-4],[23,-26],[13,-60],[4,-50],[-17,-10],[-25,7],[-32,-14],[-3,-20],[7,-39]],[[4413,14294],[-30,48],[-23,14],[-23,35],[-102,174]],[[5866,15045],[-27,-26]],[[5839,15019],[-59,-59],[-40,-38],[-62,-38],[-35,-16]],[[5577,15033],[-19,23],[-31,26],[-41,21],[-45,11],[-43,0]],[[1649,5720],[407,110],[19,-3],[32,-18],[34,0],[37,-7],[35,-12],[39,-1],[20,18],[91,71],[60,61],[27,16],[25,41],[29,6],[17,20],[8,22],[39,18]],[[2568,6062],[9,-23],[44,-93],[78,-152],[29,-79],[16,-73],[35,-91],[19,-56],[18,-70],[17,-92],[6,-60],[14,-79],[28,-94],[14,-32],[26,-36],[114,-147],[17,-18]],[[3052,4867],[-16,-18],[-7,-33],[-39,-15],[-43,-58],[-36,-32],[-39,-63],[9,-14],[41,-34],[162,-147],[92,-102],[35,-69],[-238,-138],[-234,-95],[-51,-14],[-202,-29]],[[2486,4006],[-14,17],[-65,124],[-7,9],[-56,19],[-109,84],[-108,92],[-140,119],[-212,180],[110,200],[239,121],[50,27],[173,89],[7,5],[-123,199],[-136,227],[-15,54],[-30,-4],[-31,2],[-45,17],[-143,63],[-48,19],[-70,22],[-51,20],[-13,9]],[[3052,4867],[55,-42],[80,-44],[81,-50],[46,-45],[38,-56],[56,-34],[35,-17],[102,-76],[46,-66],[58,-50],[7,8],[184,-197],[95,-114],[22,-35],[124,-130]],[[4081,3919],[-18,-15],[-129,-145],[-84,-90],[-18,-5],[-230,-35],[-66,-13],[-250,-40],[-20,0],[-21,-22],[-64,-44],[-27,-34],[-55,-83],[-52,-160],[-12,13],[-56,105],[-183,340],[-37,72],[-34,46],[-79,55],[-45,66],[-115,76]],[[789,3170],[15,-7],[133,102],[329,260],[32,18],[22,5],[39,-2],[117,-19],[203,-35],[50,-3],[36,7],[201,88],[65,30],[20,17],[19,27],[50,130],[30,42],[77,63],[78,60],[28,19],[56,20],[97,14]],[[4081,3919],[16,-20],[75,-127],[17,-40],[11,-9]],[[4200,3723],[-1,-58],[12,-71],[8,-29],[24,-58],[34,-57],[43,-54]],[[981,282],[-53,794],[-77,1166],[-62,928]],[[7258,20897],[-17,1],[-8,-20],[-18,-13],[-79,-47],[-49,-33],[-74,-44],[-72,-25],[-76,-41],[-39,-48],[-57,-15],[-261,-23],[-228,-23]],[[4418,21968],[199,84],[186,72],[173,62],[89,31],[175,56],[118,35],[168,47],[120,31],[157,39],[147,33],[111,23],[158,30],[226,39],[221,31],[142,17],[177,18],[118,10]],[[5756,14898],[-83,-118],[-79,-125],[-41,-75]],[[5553,14580],[-112,-201]],[[5441,14379],[-33,-53],[-70,-125]],[[5338,14201],[-74,33],[30,56],[-188,67],[-68,29]],[[5038,14386],[33,30],[115,110],[106,99],[100,86],[52,34],[106,65],[110,51],[96,37]],[[5756,14898],[85,34],[48,16],[175,64],[23,11],[70,24]],[[6609,14195],[-233,42],[7,34],[-10,30],[-140,57],[-26,38]],[[6207,14396],[-14,24],[-37,27],[-36,9],[-45,5],[-29,-4],[-126,-4],[-62,26],[-43,9],[-132,42],[-87,30],[-43,20]],[[2772,6591],[-110,-6],[-106,-5],[-102,-7]],[[2454,6573],[-18,76],[-32,117],[-36,126]],[[2368,6892],[81,13],[62,22],[41,5],[42,-1],[28,6],[37,-51],[32,-18],[42,-8],[-9,-47],[-10,-25],[17,-65],[25,-73],[16,-59]],[[6436,4729],[-42,-23],[-25,-25],[-34,-101],[-29,-19],[-151,-10],[-11,1],[-238,59],[-30,-5],[-49,-40],[-27,-7],[-15,5],[-71,54],[-16,19],[-47,93]],[[5651,4730],[-197,396]],[[5454,5126],[-32,66],[-11,47],[-5,123],[-17,69],[-36,94],[-12,100],[-18,57],[-62,142],[-55,77],[-91,116],[-59,55],[-45,31],[-82,61],[-8,3]],[[4921,6167],[6,20],[-1,26],[-47,100],[-85,188],[-10,17],[-88,83],[-102,65]],[[4594,6666],[43,47],[26,6],[25,14],[66,58],[48,80],[6,20],[3,54],[5,20],[32,13],[59,12],[95,65],[30,7],[79,-8],[61,-39],[21,2],[21,39],[7,22]],[[869,13973],[39,-84],[25,-20],[30,-4],[119,10],[96,11],[54,4],[59,-8],[44,-15],[51,-35],[34,-9],[102,1]],[[1469,13294],[-23,-21],[-17,-39],[-3,-27],[-14,-20],[-25,0],[-18,-12],[-23,1],[-18,-12],[-27,1],[-5,42],[-29,10],[-28,-16],[-48,3],[-64,37],[-90,70],[-14,21],[15,29],[9,33],[-21,26],[-41,16],[6,10],[-15,22],[-39,14],[-16,27],[-14,11],[-24,-4],[-16,9],[-11,22],[-34,-1],[-17,20],[-45,13],[-5,-20],[-32,4],[-13,36],[-74,0],[-28,10],[-3,121],[-13,50],[-43,67]],[[549,13847],[320,126]],[[3820,7012],[77,-9],[26,9],[48,56],[6,19],[19,19],[32,-1],[8,36]],[[4036,7141],[9,25],[-24,10],[21,39],[37,-8],[47,28],[25,-22],[21,1],[20,28],[24,47],[38,25],[-24,14],[-16,19],[19,14],[49,-20],[20,5],[18,24],[18,4],[15,18],[18,36],[26,8],[19,-1],[18,-25],[6,-75],[30,-21],[19,1],[45,13],[34,24],[17,21],[4,43],[22,0],[16,-10],[14,7],[8,31],[-24,19],[-1,17],[28,31],[20,6]],[[4594,6666],[-27,-31],[24,-63],[5,-32],[-10,-24],[-30,-11],[-22,21],[-18,-26],[-27,-21],[-34,-3],[-60,-25],[-12,-18],[0,-19],[17,-15],[21,-7],[4,-28],[-16,-16],[-20,2],[-34,27],[-32,-6],[-29,-25],[-32,6]],[[4262,6352],[-13,-5],[-19,-31],[13,-40],[-6,-31]],[[4237,6245],[-39,40],[9,9],[-181,184],[-90,96],[-32,49],[-13,31],[-11,51],[-3,44],[7,54],[-21,-8],[-49,105],[25,7],[56,43],[-75,62]],[[3546,8806],[42,-15]],[[3588,8791],[80,-21],[60,-9],[208,-22],[171,-22],[101,-15],[396,-66],[34,-1],[95,12]],[[4036,7141],[-59,-3],[-197,79],[-207,81],[-38,13],[-72,31],[-83,53],[-175,129],[-290,201]],[[2915,7725],[116,140],[18,27],[71,95],[39,74],[47,94],[43,75],[39,41],[80,73],[17,33],[93,251],[68,178]],[[2772,6591],[192,15]],[[2964,6606],[162,11]],[[3126,6617],[74,-272],[42,-158],[11,-66],[-8,-31]],[[3245,6090],[-48,-19],[-34,-1],[-81,-21],[-101,-2],[-22,-7],[-92,4],[-31,-15],[-32,-6],[-68,13],[-18,28],[-27,13],[-57,12],[-17,-1],[-49,-26]],[[2568,6062],[-20,63],[-46,216],[-17,71],[-31,161]],[[3126,6617],[112,20],[74,15],[169,43],[-11,45],[-25,148],[-16,83],[-9,62],[17,67]],[[3437,7100],[24,-12],[20,-1],[31,-20],[21,-8],[45,-28],[29,-10],[10,-26],[20,-27],[30,-3],[49,31],[78,17],[26,-1]],[[4237,6245],[-20,-37],[-7,-35],[-37,-19],[4,-29],[15,-20],[-14,-8],[-50,2],[-34,15],[-7,26],[-28,16],[-34,-1],[-21,13],[-13,18],[-24,14],[-31,-1],[-32,-39],[-22,-18],[-31,-14],[-54,-11],[-106,18],[-75,-2],[-46,13],[-38,-1],[-73,-42],[-28,0],[-56,10],[-72,-24],[-58,1]],[[4262,6352],[20,-91],[9,-21],[58,-100],[18,-69],[11,-125],[63,-279],[13,-93],[2,-88],[-2,-44]],[[4454,5442],[-12,-38],[-18,-91],[-10,-63]],[[4414,5250],[-10,-86],[-24,-99],[-55,-217],[-11,-84],[-12,-265],[-45,-341],[-54,-396],[-3,-39]],[[4414,5250],[126,-54],[208,-78]],[[4748,5118],[38,-257],[10,-50],[61,29],[22,-61],[47,17],[20,22],[3,25],[25,35],[29,13],[69,6],[23,-5],[-6,-37],[-16,-22],[-3,-16],[12,-112],[9,-52],[44,8],[44,-16],[27,12],[18,1],[43,-18],[69,12],[59,-6],[44,1],[22,-21],[190,104]],[[2073,6576],[92,84],[34,45],[29,67]],[[2228,6772],[10,33],[29,157],[11,10],[26,148]],[[2304,7120],[16,-55]],[[2320,7065],[48,-173]],[[1649,5720],[-23,-6],[28,-56],[9,-25],[1,-39],[-67,-203],[-106,-202],[-42,-77],[-83,-157],[-12,-5],[-431,142],[-162,54]],[[761,5146],[25,45],[33,75],[68,200],[56,161],[84,250],[18,42],[23,43],[51,45],[254,159],[72,41],[289,123],[111,54],[64,43],[61,51],[103,98]],[[944,11231],[37,33],[60,18],[86,21],[32,19],[49,52],[24,29],[12,24],[62,161],[6,20],[-7,56],[140,16],[22,-2],[57,-22],[26,-14],[38,-37],[48,-10],[65,9]],[[1730,11046],[-79,25],[-31,15],[-29,22],[-82,84],[-53,30],[-43,9],[-32,-2],[-50,-14],[-77,-43],[-46,-14],[-38,0],[-80,7],[-36,5],[-62,27],[-48,34]],[[1723,10346],[-526,-33]],[[1197,10313],[-28,97],[-47,182],[-60,199],[-32,70],[-28,65],[-62,124],[-51,122],[55,59]],[[327,10115],[74,-8],[48,-9],[68,1],[37,12],[14,-2],[49,17],[23,0],[75,20],[65,21],[132,60],[50,32],[162,49],[73,5]],[[1723,10346],[6,-88],[6,-125],[11,-171],[4,-33],[12,-33],[15,-19],[-31,-23],[-67,-26],[-107,-50],[-47,-24],[-48,-53],[-37,-45],[-47,-98],[-4,-30],[18,-244],[-2,-24],[-26,-51],[-17,-21],[-101,-89],[-13,-20],[0,-42],[53,-183],[37,-48]],[[1338,8806],[-90,-124],[-49,-57],[-104,-79],[-12,-6],[-231,-63],[-74,-38],[-117,-47],[-38,-4],[-107,18],[-75,9]],[[441,8415],[-73,1086],[-41,614]],[[2117,10373],[47,8]],[[2164,10381],[-11,-113],[-22,-184],[-1,-28],[7,-22],[79,-121],[15,-30],[-8,-31],[54,-45],[37,-51],[146,-221],[90,-157],[45,-88],[23,-79],[8,-76],[-2,-25]],[[2624,9110],[-19,1],[-64,-7],[-102,-4],[-56,-6],[-72,-3],[-27,-4],[-141,-49],[-68,-26],[-271,-92],[-65,0],[-182,6],[-38,-3],[-48,-14],[-28,-17],[-105,-86]],[[3748,12456],[160,221],[29,43],[128,179],[39,58],[18,-7],[58,27],[32,21]],[[4212,12998],[13,9],[19,32],[26,22],[42,26],[15,2],[26,-11],[19,-17],[11,-23],[24,-4],[16,-16],[20,-4],[42,15],[127,-13]],[[4600,14283],[-3,-59],[2,-54],[12,-79]],[[4611,14091],[18,-64],[38,-100],[28,-56],[26,-44],[88,-131],[57,-77],[61,-90]],[[4927,13529],[-21,-38],[-171,-273],[-100,-162],[-23,-40]],[[4212,12998],[-2,18]],[[4210,13016],[-1,30],[7,44],[19,57],[36,268],[22,154],[56,351]],[[2915,10436],[112,-13],[166,-22],[71,-2],[65,-7],[155,-12],[121,6],[189,49],[149,34],[175,32],[108,26],[140,85],[138,96]],[[4751,10122],[-51,-17],[-31,-3],[-56,-25],[-45,-6],[-25,-16],[-41,-8],[-29,-90],[-9,-12],[-27,-12],[-13,-21],[10,-23],[-6,-35],[-10,-23],[-26,-20],[-24,-26],[-25,-17],[-32,-1],[-16,-10],[-30,-46],[-45,-17],[-32,-33],[-48,-34],[-55,-57],[-14,-29],[-25,-12],[-40,-40],[-49,-69],[-47,-49],[-51,-44],[-28,-34],[-20,-18],[-29,-40],[-41,-19],[-7,-41],[-12,-31],[-42,-89],[-36,-81],[-56,-183]],[[3546,8806],[-154,58],[-66,28],[-38,22],[-47,43],[-54,64],[-55,47],[-28,17],[-47,19],[-58,11],[-133,6],[-42,-1],[-152,-10]],[[2672,9110],[19,111],[33,168],[36,193],[49,271],[25,135],[9,56],[25,129],[47,263]],[[7860,14117],[-11,-35],[-14,-17],[-10,-41],[-14,-14],[-14,-134],[-13,-54],[4,-128],[9,-90],[9,-68],[8,-25],[26,-16],[1,-36],[15,-72],[8,-74],[17,-39],[5,-25],[-3,-25],[-27,-58],[11,-42],[5,-38],[22,-43],[23,-30]],[[4927,13529],[58,95],[48,77],[167,268],[138,232]],[[5441,14379],[2,-23],[54,-27],[19,-35],[16,-16],[119,-60],[36,-22],[15,27],[15,-7],[48,-1],[61,-30],[39,-5],[34,-17],[-4,-21],[33,-29],[40,43],[29,25],[210,215]],[[4611,14091],[228,150],[94,63],[54,40],[51,42]],[[3339,12783],[-21,-20]],[[3318,12763],[-110,83]],[[772,11951],[30,11],[53,36],[89,55],[90,89],[33,42],[119,80],[18,8],[85,17],[310,66],[12,-2]],[[327,10115],[-52,787],[-49,729]],[[226,11631],[152,66],[102,71],[30,59],[20,21],[133,51],[109,52]],[[5756,14898],[83,121]],[[1540,14257],[-112,-75],[-76,-35],[-93,-30]],[[1259,14117],[-177,-59],[-113,-43],[-100,-42]],[[549,13847],[-116,-45],[-98,-40],[-245,-95]],[[90,13667],[-48,715]],[[3986,20361],[40,-6],[14,-9],[39,-49],[45,-51],[91,-112]],[[3336,19992],[53,33],[108,79],[53,37],[82,23],[36,15],[58,39],[55,23],[87,21],[21,9],[97,90]],[[3986,20361],[-151,42],[-74,18],[-68,13],[-35,21],[-19,31],[-52,41],[-20,20],[-37,67],[-15,13],[-29,10],[-23,30],[0,33]],[[2624,9110],[4,0]],[[2628,9110],[-12,-84],[-6,-73],[-18,-177],[-17,-142],[-15,-74],[-77,-235],[-136,-402],[-13,-80]],[[2334,7843],[-65,0],[-47,3],[-104,10],[-27,10],[-41,42],[-43,49],[-50,-4],[-135,-26],[-10,-17],[-15,-46],[-7,-62],[0,-56],[-51,-179],[-18,-76],[-40,-268],[-10,-45],[-16,-41],[-28,-83],[-32,-78],[-46,-71]],[[1549,6905],[-56,61],[-11,5],[-231,63],[-310,111],[-127,41],[-13,7],[-92,32],[-121,-2],[-68,4]],[[520,7227],[-35,525],[-44,663]],[[2915,10436],[-58,7],[-234,16],[-185,-23],[-112,-29],[-162,-26]],[[3336,19992],[-38,44],[-40,34],[-34,10],[-19,13],[-70,95],[-28,48],[-9,54],[-57,-15],[-59,26],[-30,29],[-54,42],[-53,32]],[[2845,20404],[58,84],[31,36],[90,82],[117,103],[37,30]],[[4454,5442],[22,2],[14,12],[36,49],[56,60],[69,66],[18,27],[52,103],[67,141],[133,265]],[[5454,5126],[-56,3],[-83,22],[-65,27],[-29,1],[-45,-10],[-183,-46],[-138,-30],[-44,0],[-63,25]],[[15,16920],[49,3],[43,-9],[9,-26],[26,-8],[58,-39],[46,-12],[6,-15],[134,25]],[[386,16839],[6,-46],[12,4],[39,30],[39,-5],[15,-23],[-11,-35],[-27,-24],[4,-25],[24,-26],[1,-27],[-17,-12],[-18,5],[-27,-50],[17,-33],[2,-52],[-7,-17]],[[15,16697],[0,223]],[[1528,13964],[-110,4],[-13,11],[-3,53],[-53,1],[-72,-11],[-7,7],[-2,38],[-9,50]],[[2820,17758],[12,-14],[42,11],[33,-10],[8,-24],[1,-94],[14,-13],[40,-4],[18,-18],[2,-22],[-10,-18],[-33,-27],[-11,-15],[-5,-40],[-30,-16],[-12,-18],[4,-60]],[[9641,19094],[-51,51],[-82,92],[-42,68]],[[9466,19305],[86,45]],[[9552,19350],[64,-17],[48,3],[125,-90],[27,-10],[14,-19],[19,-47],[16,7]],[[9354,18757],[58,79],[30,33],[57,42],[119,54],[52,32],[34,29],[-63,68]],[[5271,15622],[92,-41],[19,-21],[18,-163]],[[489,12989],[89,-6],[92,-12],[223,-51],[64,-13],[48,-2],[28,2],[374,54],[87,14]],[[1609,12491],[-145,-9],[-413,-33],[7,-103],[-419,-156]],[[639,12190],[-4,68],[-9,33],[-115,249],[-6,28],[17,90],[-1,55],[-32,276]],[[3738,13517],[140,-158],[197,-217],[109,-61],[12,-16],[14,-49]],[[3328,15296],[33,-51],[37,27],[19,4],[35,-3],[9,-11],[-2,-82],[10,-33],[35,31],[38,11],[41,-7],[55,-41],[7,-53],[-14,-69],[7,-22]],[[3638,14997],[-145,-65],[-171,-82]],[[3255,14818],[-62,-26],[-40,-11],[-56,-9]],[[2320,7065],[132,57]],[[2452,7122],[14,-17],[35,-17],[54,-13],[69,-48],[74,14],[34,20],[30,9],[30,-4],[18,-37],[34,-10],[35,5],[25,-9]],[[2904,7015],[-3,-53],[-14,-66],[-2,-66],[13,-60],[8,-16],[58,-148]],[[2452,7122],[138,62],[12,15],[45,110],[72,169],[16,22]],[[2735,7500],[10,-20],[-1,-51],[25,-49],[35,-35],[23,-17],[41,-21],[25,-54],[21,-29],[26,-17],[33,-9],[65,-4],[23,-7],[43,6],[30,-29],[32,-17],[63,-61]],[[3229,7086],[-25,-13],[-14,-21],[-21,-50],[-17,-9],[-60,-2],[-64,-18],[-31,-4],[-44,18],[-49,28]],[[3638,14997],[59,28],[66,34],[112,63]],[[3875,15122],[104,57],[77,44],[101,72],[116,89],[105,84]],[[3901,14601],[-21,-8],[-15,-21]],[[3824,14515],[-93,14],[-1,20],[36,11],[14,-15],[19,2],[17,17],[-10,44],[2,28],[-13,9],[-36,4],[-54,25],[-9,45]],[[3696,14719],[-18,144],[-1,24],[9,19],[-2,22],[-46,69]],[[2334,7843],[-14,-249]],[[2320,7594],[-131,8],[-7,2],[-95,3],[2,-204],[-146,-69],[-37,-29],[72,-106],[-51,-31],[-291,-189],[59,-71],[217,48],[37,-169],[77,13],[47,3],[99,-14],[56,-17]],[[2073,6576],[-35,18],[-40,5],[-39,24],[-74,41],[-51,31],[-70,48],[-154,111],[-61,51]],[[2320,7594],[-4,-72],[-14,-263],[-7,-101],[16,-1],[-7,-37]],[[11180,21450],[49,42],[59,40],[47,37],[27,36],[31,55]],[[11393,21660],[21,31],[37,45],[66,67]],[[11517,21803],[171,-86],[135,-70],[153,-84],[89,-51]],[[11021,21803],[63,-26]],[[11084,21777],[50,-24],[101,-43],[35,-14],[123,-36]],[[3696,14719],[-69,-8],[-27,10],[-71,-9],[-60,19],[-34,2],[-36,-28]],[[133,13029],[65,11],[54,-6],[79,-20],[88,-17],[70,-8]],[[639,12190],[6,-64],[13,-32],[96,-118],[18,-25]],[[226,11631],[-50,749],[-43,649]],[[9690,19498],[-59,-74],[-79,-74]],[[9466,19305],[-39,72]],[[9427,19377],[-32,52],[36,146],[-16,29]],[[6489,20120],[67,-93],[54,39],[192,128],[134,81],[69,40],[124,-75],[36,-9],[25,27],[-3,11],[67,39],[-28,34],[12,20]],[[3437,7100],[-50,14],[-37,6],[-36,-12],[-39,-4],[-46,-18]],[[2735,7500],[170,215],[10,10]],[[2851,14200],[112,78],[82,165],[22,34],[15,15],[39,22],[41,15],[32,7],[124,15]],[[3572,14444],[43,-53],[60,-68]],[[3675,14323],[-17,-17],[-13,-28],[0,-38],[-39,-37],[22,-22],[-12,-11],[-45,-20],[-33,9],[-35,51],[-46,22],[-32,20],[-18,0],[-25,-13],[-41,-35],[-62,-48],[-28,-29],[-30,-15]],[[1180,16705],[-161,40],[-8,118],[-254,-31],[12,-23]],[[769,16809],[-15,-16],[-57,55],[-91,30],[-10,-14],[-33,-25],[-15,26],[-26,22],[-6,-9],[-32,30],[-13,-12],[35,-34],[-120,-23]],[[15,16920],[-1,893],[503,1],[43,122],[74,195],[59,141],[44,102],[44,96]],[[9427,19377],[-65,-32],[-5,-28],[-117,-56],[16,-80],[24,-33],[-2,-23],[-14,-13],[-1,-24],[101,-19],[73,1],[204,24]],[[3255,14064],[84,-103]],[[761,5146],[-105,38]],[[656,5184],[-80,1196],[-56,847]],[[2628,9110],[44,0]],[[789,3170],[-28,428],[-70,1056],[-35,530]],[[5288,15642],[101,126],[138,175]],[[1113,16197],[-46,64],[-42,66],[-30,60],[-29,88],[-18,39],[-16,22],[-64,73],[-57,132],[-14,29],[-28,39]],[[8546,19277],[-64,103]],[[133,13029],[-43,638]],[[2499,19976],[108,122],[66,73],[41,47],[66,89],[65,97]],[[2171,20446],[72,70],[115,109],[101,92],[74,65],[115,97],[164,132]],[[11170,21961],[78,-34]],[[11248,21927],[-10,-7]],[[11238,21920],[-26,2],[-41,-24],[30,-69]],[[11201,21829],[-74,-26],[-26,-3],[-17,-23]],[[17,14759],[-7,108],[-5,131]],[[4040,15607],[-21,-20],[-15,-6],[-71,-1],[-125,-27],[3,-17],[-8,-44],[8,-29],[-2,-53],[10,-34],[1,-23],[-8,-45],[-7,-13],[-31,-16],[-56,11],[-9,-20],[65,-17],[29,-33],[17,-3],[19,-23],[4,-17],[32,-55]],[[11201,21829],[34,8],[33,-4],[4,15],[-34,72]],[[11248,21927],[134,-61],[135,-63]]],"transform":{"scale":[0.000029478905709675476,0.00002424452586968022],"translate":[-75.789023,39.29032]},"objects":{"Geometry\\10-003":{"type":"GeometryCollection","geometries":[{"arcs":[[0,1,2,3,4,5,6]],"type":"Polygon","properties":{"GEOID":"100030147052"}},{"arcs":[[7,8,9,10,11]],"type":"Polygon","properties":{"GEOID":"100030135051"}},{"arcs":[[12,13,14,15,16,17,18,19]],"type":"Polygon","properties":{"GEOID":"100030136142"}},{"arcs":[[20,21,22,23,24]],"type":"Polygon","properties":{"GEOID":"100030016002"}},{"arcs":[[25,26,27,28,29,30,31]],"type":"Polygon","properties":{"GEOID":"100030119003"}},{"arcs":[[32,33,34]],"type":"Polygon","properties":{"GEOID":"100030169011"}},{"arcs":[[35,36,37,38,39,40]],"type":"Polygon","properties":{"GEOID":"100030144022"}},{"arcs":[[41,42,43,44,45]],"type":"Polygon","properties":{"GEOID":"100030152002"}},{"arcs":[[46,47,48,49,50]],"type":"Polygon","properties":{"GEOID":"100030005003"}},{"arcs":[[51,52,53,54,-26]],"type":"Polygon","properties":{"GEOID":"100030119002"}},{"arcs":[[55,56,57,58,59]],"type":"Polygon","properties":{"GEOID":"100030149031"}},{"arcs":[[60,61,62,63,64,65]],"type":"Polygon","properties":{"GEOID":"100030014002"}},{"arcs":[[66,67,68,69,70,71,-39]],"type":"Polygon","properties":{"GEOID":"100030145021"}},{"arcs":[[72,73,74,75,76,77,78,79,-43,80,81]],"type":"Polygon","properties":{"GEOID":"100030152005"}},{"arcs":[[82,83,84,85]],"type":"Polygon","properties":{"GEOID":"100030125005"}},{"arcs":[[86,87,88,89,90,91,92]],"type":"Polygon","properties":{"GEOID":"100030126001"}},{"arcs":[[93,94,95,96]],"type":"Polygon","properties":{"GEOID":"100030126003"}},{"arcs":[[97,-92,98,99,100,101,102]],"type":"Polygon","properties":{"GEOID":"100030127001"}},{"arcs":[[-101,103,104]],"type":"Polygon","properties":{"GEOID":"100030127002"}},{"arcs":[[105,106,107,108,109,110]],"type":"Polygon","properties":{"GEOID":"100030148102"}},{"arcs":[[-17,111,-102,-105,112,113,114]],"type":"Polygon","properties":{"GEOID":"100030127003"}},{"arcs":[[115,-103,-112,116]],"type":"Polygon","properties":{"GEOID":"100030127004"}},{"arcs":[[-104,-100,117,118,-113]],"type":"Polygon","properties":{"GEOID":"100030127005"}},{"arcs":[[119,120,121,122,-74,123,124]],"type":"Polygon","properties":{"GEOID":"100030129001"}},{"arcs":[[-84,125,-125,126,127]],"type":"Polygon","properties":{"GEOID":"100030129002"}},{"arcs":[[128,129,130,131]],"type":"Polygon","properties":{"GEOID":"100030149034"}},{"arcs":[[132,133,134,135,136,137,138]],"type":"Polygon","properties":{"GEOID":"100030149042"}},{"arcs":[[139,140,141,-117,-16,142]],"type":"Polygon","properties":{"GEOID":"100030130001"}},{"arcs":[[-143,-15,143]],"type":"Polygon","properties":{"GEOID":"100030130002"}},{"arcs":[[144,145,146,147,148,-141,149,150]],"type":"Polygon","properties":{"GEOID":"100030131001"}},{"arcs":[[-150,-140,151]],"type":"Polygon","properties":{"GEOID":"100030131002"}},{"arcs":[[152,-151,-152,-144,-14]],"type":"Polygon","properties":{"GEOID":"100030131003"}},{"arcs":[[153,154,155,156,-138,157,158,159]],"type":"Polygon","properties":{"GEOID":"100030149041"}},{"arcs":[[160,161,162,163,164]],"type":"Polygon","properties":{"GEOID":"100030149093"}},{"arcs":[[165,166,167,-136]],"type":"Polygon","properties":{"GEOID":"100030149081"}},{"arcs":[[168,169,170,171,172,-134]],"type":"Polygon","properties":{"GEOID":"100030149091"}},{"arcs":[[173,174,175,176,-148,177,178]],"type":"Polygon","properties":{"GEOID":"100030132001"}},{"arcs":[[-147,179,-178]],"type":"Polygon","properties":{"GEOID":"100030132002"}},{"arcs":[[180,-179,-180,-146,181]],"type":"Polygon","properties":{"GEOID":"100030132003"}},{"arcs":[[182,-182,-145,-153,183]],"type":"Polygon","properties":{"GEOID":"100030133001"}},{"arcs":[[184,185,186,-184,-13,187,188]],"type":"Polygon","properties":{"GEOID":"100030133002"}},{"arcs":[[189,190,-175,191,192]],"type":"Polygon","properties":{"GEOID":"100030134001"}},{"arcs":[[193,-114,-119,194,-82,195,196,197,-162,198,199]],"type":"Polygon","properties":{"GEOID":"100030150001"}},{"arcs":[[200,201,202,203,-169,-133,204,205]],"type":"Polygon","properties":{"GEOID":"100030150003"}},{"arcs":[[206,-45,207,208,209,210,211,212]],"type":"Polygon","properties":{"GEOID":"100030151001"}},{"arcs":[[213,214,215,-212]],"type":"Polygon","properties":{"GEOID":"100030151002"}},{"arcs":[[216,-192,-174,-181,-183,217]],"type":"Polygon","properties":{"GEOID":"100030134002"}},{"arcs":[[-218,-187,218]],"type":"Polygon","properties":{"GEOID":"100030134003"}},{"arcs":[[219,220,-190,221,222]],"type":"Polygon","properties":{"GEOID":"100030135013"}},{"arcs":[[-221,223,224,225,-176,-191]],"type":"Polygon","properties":{"GEOID":"100030135012"}},{"arcs":[[226,227,228,229,230]],"type":"Polygon","properties":{"GEOID":"100030135011"}},{"arcs":[[231,-208,-44,-80]],"type":"Polygon","properties":{"GEOID":"100030152001"}},{"arcs":[[-46,-207,232,-197,233]],"type":"Polygon","properties":{"GEOID":"100030152003"}},{"arcs":[[-81,-42,-234,-196]],"type":"Polygon","properties":{"GEOID":"100030152004"}},{"arcs":[[234,235,236,237,238,239,-77]],"type":"Polygon","properties":{"GEOID":"100030154001"}},{"arcs":[[240,-237,241,242,-239]],"type":"Polygon","properties":{"GEOID":"100030155021"}},{"arcs":[[-11,243,244,245]],"type":"Polygon","properties":{"GEOID":"100030135063"}},{"arcs":[[-79,246,247,248]],"type":"Polygon","properties":{"GEOID":"100030156001"}},{"arcs":[[-10,249,250,251,252,253,-244]],"type":"Polygon","properties":{"GEOID":"100030135052"}},{"arcs":[[254,255,256,257,258,259,260,261]],"type":"Polygon","properties":{"GEOID":"100030136041"}},{"arcs":[[-253,262,263,264,265]],"type":"Polygon","properties":{"GEOID":"100030136071"}},{"arcs":[[266,-264,267,268,-256,269]],"type":"Polygon","properties":{"GEOID":"100030136074"}},{"arcs":[[270,271,272,273,274]],"type":"Polygon","properties":{"GEOID":"100030159002"}},{"arcs":[[-274,275,276,277]],"type":"Polygon","properties":{"GEOID":"100030159003"}},{"arcs":[[-248,278,279,-271,280]],"type":"Polygon","properties":{"GEOID":"100030159001"}},{"arcs":[[-277,281,-210,282]],"type":"Polygon","properties":{"GEOID":"100030160001"}},{"arcs":[[-282,-276,283,284,-211]],"type":"Polygon","properties":{"GEOID":"100030161001"}},{"arcs":[[285,-245,-254,286,287,288,289]],"type":"Polygon","properties":{"GEOID":"100030135062"}},{"arcs":[[290,291,292,-251,293]],"type":"Polygon","properties":{"GEOID":"100030136121"}},{"arcs":[[294,295,296,297,298,-4,299]],"type":"Polygon","properties":{"GEOID":"100030139011"}},{"arcs":[[300,301,302]],"type":"Polygon","properties":{"GEOID":"100030147034"}},{"arcs":[[303,304,305,306,307]],"type":"Polygon","properties":{"GEOID":"100030166082"}},{"arcs":[[308,-34,309,310]],"type":"Polygon","properties":{"GEOID":"100030169012"}},{"arcs":[[-260,311,312,313]],"type":"Polygon","properties":{"GEOID":"100030136081"}},{"arcs":[[-259,314,-312]],"type":"Polygon","properties":{"GEOID":"100030136082"}},{"arcs":[[-215,315,316,317]],"type":"Polygon","properties":{"GEOID":"100030162002"}},{"arcs":[[318,-318,319,320]],"type":"Polygon","properties":{"GEOID":"100030162003"}},{"arcs":[[-129,321,322,323,324,325]],"type":"Polygon","properties":{"GEOID":"100030163011"}},{"arcs":[[-57,326,327,-130,-326,328,329]],"type":"Polygon","properties":{"GEOID":"100030163012"}},{"arcs":[[330,331,332,333,334,335,336,-22,337]],"type":"Polygon","properties":{"GEOID":"100030028001"}},{"arcs":[[338,339,340]],"type":"Polygon","properties":{"GEOID":"100030002001"}},{"arcs":[[341,-340,342,343,344]],"type":"Polygon","properties":{"GEOID":"100030002002"}},{"arcs":[[-341,-342,345,346]],"type":"Polygon","properties":{"GEOID":"100030002003"}},{"arcs":[[347,348,-345,349,350,351]],"type":"Polygon","properties":{"GEOID":"100030002005"}},{"arcs":[[352,-348,353,354,355]],"type":"Polygon","properties":{"GEOID":"100030002006"}},{"arcs":[[356,357,358,359,360,361,362]],"type":"Polygon","properties":{"GEOID":"100030136111"}},{"arcs":[[-266,363,-363,364,-287]],"type":"Polygon","properties":{"GEOID":"100030136112"}},{"arcs":[[-292,365,366,367,368,369]],"type":"Polygon","properties":{"GEOID":"100030136122"}},{"arcs":[[-293,-370,370,-263,-252]],"type":"Polygon","properties":{"GEOID":"100030136123"}},{"arcs":[[371,372,373,374,375,376,377]],"type":"Polygon","properties":{"GEOID":"100030025001"}},{"arcs":[[378,379,-378,380,381]],"type":"Polygon","properties":{"GEOID":"100030025002"}},{"arcs":[[382,-372,-380,383]],"type":"Polygon","properties":{"GEOID":"100030025003"}},{"arcs":[[384,385,386,387,-375]],"type":"Polygon","properties":{"GEOID":"100030026001"}},{"arcs":[[388,389,390,391,392,393]],"type":"Polygon","properties":{"GEOID":"100030112041"}},{"arcs":[[394,395,-394,396,397]],"type":"Polygon","properties":{"GEOID":"100030112042"}},{"arcs":[[398,-395,399,400]],"type":"Polygon","properties":{"GEOID":"100030112051"}},{"arcs":[[401,-222,402,-367]],"type":"Polygon","properties":{"GEOID":"100030136131"}},{"arcs":[[-369,403,404,-268,-371]],"type":"Polygon","properties":{"GEOID":"100030136132"}},{"arcs":[[-368,-403,-193,-217,-219,-186,405,-404]],"type":"Polygon","properties":{"GEOID":"100030136133"}},{"arcs":[[406,407,-261,-314,408,409,410,411,412]],"type":"Polygon","properties":{"GEOID":"100030137001"}},{"arcs":[[413,414,415]],"type":"Polygon","properties":{"GEOID":"100030164011"}},{"arcs":[[416,417]],"type":"Polygon","properties":{"GEOID":"100030164042"}},{"arcs":[[-417,418]],"type":"Polygon","properties":{"GEOID":"100030164043"}},{"arcs":[[419,420,421,422,423,424]],"type":"Polygon","properties":{"GEOID":"100030105023"}},{"arcs":[[425,426,427,-414,428,429]],"type":"Polygon","properties":{"GEOID":"100030148093"}},{"arcs":[[430,-59,431,432,433]],"type":"Polygon","properties":{"GEOID":"100030148084"}},{"arcs":[[434,435,-401,436,437]],"type":"Polygon","properties":{"GEOID":"100030112052"}},{"arcs":[[-437,-400,438,439,440,441]],"type":"Polygon","properties":{"GEOID":"100030112061"}},{"arcs":[[442,443,-438,-442,444,445]],"type":"Polygon","properties":{"GEOID":"100030112062"}},{"arcs":[[-439,-398,446,447,448]],"type":"Polygon","properties":{"GEOID":"100030113001"}},{"arcs":[[-440,-449,449,450]],"type":"Polygon","properties":{"GEOID":"100030113002"}},{"arcs":[[-450,-448,451,452,453]],"type":"Polygon","properties":{"GEOID":"100030114001"}},{"arcs":[[-299,454,455,456,457,-5]],"type":"Polygon","properties":{"GEOID":"100030139013"}},{"arcs":[[458,459,460,461,462]],"type":"Polygon","properties":{"GEOID":"100030139032"}},{"arcs":[[463,464,465,466,467,-60,-431,468]],"type":"Polygon","properties":{"GEOID":"100030149033"}},{"arcs":[[469,470,471,472,473,474]],"type":"Polygon","properties":{"GEOID":"100030024002"}},{"arcs":[[475,476,477,478,-387]],"type":"Polygon","properties":{"GEOID":"100030026002"}},{"arcs":[[-376,-388,-479,479,480,481]],"type":"Polygon","properties":{"GEOID":"100030026004"}},{"arcs":[[-265,-267,482,-357,-364]],"type":"Polygon","properties":{"GEOID":"100030136072"}},{"arcs":[[483,484,-384,-379,485]],"type":"Polygon","properties":{"GEOID":"100030024004"}},{"arcs":[[-320,-317,486,487,488]],"type":"Polygon","properties":{"GEOID":"100030162001"}},{"arcs":[[-285,489,490,-487,-316,-214]],"type":"Polygon","properties":{"GEOID":"100030161002"}},{"arcs":[[-273,491,492,493,-490,-284]],"type":"Polygon","properties":{"GEOID":"100030158021"}},{"arcs":[[494,495,496,497,-410,498]],"type":"Polygon","properties":{"GEOID":"100030138001"}},{"arcs":[[499,500,501,502,-382,503,504,505,-88,506]],"type":"Polygon","properties":{"GEOID":"100030124001"}},{"arcs":[[507,508,509,-310,-33,510]],"type":"Polygon","properties":{"GEOID":"100030169041"}},{"arcs":[[511,512,513]],"type":"Polygon","properties":{"GEOID":"100030104002"}},{"arcs":[[514,515,-469,-434,516,517,518,519]],"type":"Polygon","properties":{"GEOID":"100030148081"}},{"arcs":[[520,521,522,523,524,525]],"type":"Polygon","properties":{"GEOID":"100030006021"}},{"arcs":[[-288,-365,-362,526,527,528,529,530,531,532]],"type":"Polygon","properties":{"GEOID":"100030136101"}},{"arcs":[[533,534,-515,535]],"type":"Polygon","properties":{"GEOID":"100030147062"}},{"arcs":[[-505,536,-120,-126,-83,537]],"type":"Polygon","properties":{"GEOID":"100030125002"}},{"arcs":[[[538,539]],[[540,-304,541,542,543]]],"type":"MultiPolygon","properties":{"GEOID":"100030166081"}},{"arcs":[[544,-30,-224,-220,545]],"type":"Polygon","properties":{"GEOID":"100030135014"}},{"arcs":[[546,-455,-298]],"type":"Polygon","properties":{"GEOID":"100030139012"}},{"arcs":[[547,548,-536,-520,549,-106,550,551,552,553,554]],"type":"Polygon","properties":{"GEOID":"100030148082"}},{"arcs":[[555,556,557,558,-36,559]],"type":"Polygon","properties":{"GEOID":"100030144042"}},{"arcs":[[560,561,562,563,564,565,566,567,568]],"type":"Polygon","properties":{"GEOID":"100030117003"}},{"arcs":[[-85,-128,-96,569]],"type":"Polygon","properties":{"GEOID":"100030125004"}},{"arcs":[[-241,-238]],"type":"Polygon","properties":{"GEOID":"100030154002"}},{"arcs":[[570,571,-548,572,573,574]],"type":"Polygon","properties":{"GEOID":"100030148031"}},{"arcs":[[575,576,577,578,579,580,581]],"type":"Polygon","properties":{"GEOID":"100030122004"}},{"arcs":[[-272,-280,582,-492]],"type":"Polygon","properties":{"GEOID":"100030158022"}},{"arcs":[[583,584,-19,585,586,-495]],"type":"Polygon","properties":{"GEOID":"100030136153"}},{"arcs":[[-78,-240,587,-279,-247]],"type":"Polygon","properties":{"GEOID":"100030156002"}},{"arcs":[[588,-451,-454,589,590,591]],"type":"Polygon","properties":{"GEOID":"100030114002"}},{"arcs":[[-445,-441,-589,592,593]],"type":"Polygon","properties":{"GEOID":"100030114003"}},{"arcs":[[594,595,-594,596,597]],"type":"Polygon","properties":{"GEOID":"100030115001"}},{"arcs":[[598,-598,599,600]],"type":"Polygon","properties":{"GEOID":"100030115003"}},{"arcs":[[601,-595,-599,602,603]],"type":"Polygon","properties":{"GEOID":"100030115002"}},{"arcs":[[604,605,-547,-297,606]],"type":"Polygon","properties":{"GEOID":"100030140004"}},{"arcs":[[607,608,609,610,-295,611,612]],"type":"Polygon","properties":{"GEOID":"100030141001"}},{"arcs":[[613,614,615,-426,616,617]],"type":"Polygon","properties":{"GEOID":"100030148092"}},{"arcs":[[-550,618,619,-107]],"type":"Polygon","properties":{"GEOID":"100030148103"}},{"arcs":[[-433,620,-517]],"type":"Polygon","properties":{"GEOID":"100030148083"}},{"arcs":[[621,-603,-601,622,623]],"type":"Polygon","properties":{"GEOID":"100030117001"}},{"arcs":[[624,-624,625,626,-562]],"type":"Polygon","properties":{"GEOID":"100030117002"}},{"arcs":[[-27,-55,627,-567,628,629,630,-475,631]],"type":"Polygon","properties":{"GEOID":"100030119001"}},{"arcs":[[-613,632,-301,633]],"type":"Polygon","properties":{"GEOID":"100030141002"}},{"arcs":[[634,-608,-634,635,636]],"type":"Polygon","properties":{"GEOID":"100030141003"}},{"arcs":[[637,638,639,640,-609,-635,-69,641]],"type":"Polygon","properties":{"GEOID":"100030142001"}},{"arcs":[[-29,642,643,-225]],"type":"Polygon","properties":{"GEOID":"100030120001"}},{"arcs":[[-644,644,645,646,-177,-226]],"type":"Polygon","properties":{"GEOID":"100030120002"}},{"arcs":[[-647,647,-93,-98,-116,-142,-149]],"type":"Polygon","properties":{"GEOID":"100030120003"}},{"arcs":[[-28,648,649,-643]],"type":"Polygon","properties":{"GEOID":"100030121001"}},{"arcs":[[-650,-576,650,-645]],"type":"Polygon","properties":{"GEOID":"100030121002"}},{"arcs":[[651,652,653,654,655,-38]],"type":"Polygon","properties":{"GEOID":"100030144021"}},{"arcs":[[656,657,658,-558]],"type":"Polygon","properties":{"GEOID":"100030144031"}},{"arcs":[[659,660,-653,661,-658]],"type":"Polygon","properties":{"GEOID":"100030144032"}},{"arcs":[[-662,-652,-37,-559,-659]],"type":"Polygon","properties":{"GEOID":"100030144033"}},{"arcs":[[-651,-582,662,-646]],"type":"Polygon","properties":{"GEOID":"100030121003"}},{"arcs":[[663,-473,664,-484,665,666]],"type":"Polygon","properties":{"GEOID":"100030122001"}},{"arcs":[[-632,-474,-664,667,-577,-649]],"type":"Polygon","properties":{"GEOID":"100030122002"}},{"arcs":[[-578,-668,-667,668,669]],"type":"Polygon","properties":{"GEOID":"100030122003"}},{"arcs":[[-531,670,671,-642,-68,672,-655,673]],"type":"Polygon","properties":{"GEOID":"100030145011"}},{"arcs":[[-72,674,-7,-534,-549,-572,-40]],"type":"Polygon","properties":{"GEOID":"100030147021"}},{"arcs":[[-637,675,676,-70]],"type":"Polygon","properties":{"GEOID":"100030147031"}},{"arcs":[[-676,-636,-303,677,-2,678]],"type":"Polygon","properties":{"GEOID":"100030147033"}},{"arcs":[[679,-1,-675]],"type":"Polygon","properties":{"GEOID":"100030147051"}},{"arcs":[[-677,-679,-680,-71]],"type":"Polygon","properties":{"GEOID":"100030147032"}},{"arcs":[[680,-501,681]],"type":"Polygon","properties":{"GEOID":"100030124002"}},{"arcs":[[-580,682,-682,-500,683]],"type":"Polygon","properties":{"GEOID":"100030124003"}},{"arcs":[[-663,-581,-684,-507,-87,-648]],"type":"Polygon","properties":{"GEOID":"100030124004"}},{"arcs":[[-377,-482,-121,-537,-504,-381]],"type":"Polygon","properties":{"GEOID":"100030125001"}},{"arcs":[[684,-570,-95,685,-90]],"type":"Polygon","properties":{"GEOID":"100030125006"}},{"arcs":[[-538,-86,-685,-89,-506]],"type":"Polygon","properties":{"GEOID":"100030125003"}},{"arcs":[[-678,-302,-633,-612,-300,-3]],"type":"Polygon","properties":{"GEOID":"100030147053"}},{"arcs":[[-6,686,687,-516,-535]],"type":"Polygon","properties":{"GEOID":"100030147061"}},{"arcs":[[688,-575,689]],"type":"Polygon","properties":{"GEOID":"100030148032"}},{"arcs":[[-519,690,691,-614,692,-619]],"type":"Polygon","properties":{"GEOID":"100030148091"}},{"arcs":[[693,694,695,-604,-622,-625,-561,696,697]],"type":"Polygon","properties":{"GEOID":"100030117004"}},{"arcs":[[698,699,-188,-20,-585,700]],"type":"Polygon","properties":{"GEOID":"100030136141"}},{"arcs":[[701,702,703,704]],"type":"Polygon","properties":{"GEOID":"100030103003"}},{"arcs":[[705,-705,706,707,708]],"type":"Polygon","properties":{"GEOID":"100030103002"}},{"arcs":[[709,-707,-704,710,711,712,713,714]],"type":"Polygon","properties":{"GEOID":"100030101041"}},{"arcs":[[-588,-243,715,716,-493,-583]],"type":"Polygon","properties":{"GEOID":"100030155022"}},{"arcs":[[-108,-620,-693,-618,717,718,719,720,721]],"type":"Polygon","properties":{"GEOID":"100030148101"}},{"arcs":[[-97,-127,-124,-73,-195,-118,722]],"type":"Polygon","properties":{"GEOID":"100030129003"}},{"arcs":[[-669,-666,-486,-503,723]],"type":"Polygon","properties":{"GEOID":"100030123002"}},{"arcs":[[724,725,726,-716,-242,-236,727]],"type":"Polygon","properties":{"GEOID":"100030019021"}},{"arcs":[[-405,-406,-185,728,-699,729,-257,-269]],"type":"Polygon","properties":{"GEOID":"100030136042"}},{"arcs":[[-528,730,731,-639,732]],"type":"Polygon","properties":{"GEOID":"100030136104"}},{"arcs":[[-189,-700,-729]],"type":"Polygon","properties":{"GEOID":"100030136043"}},{"arcs":[[-498,733,734,-610,-641,-411]],"type":"Polygon","properties":{"GEOID":"100030140001"}},{"arcs":[[735,736,737,-160,-323,738]],"type":"Polygon","properties":{"GEOID":"100030149062"}},{"arcs":[[-497,739,-605,740,-734]],"type":"Polygon","properties":{"GEOID":"100030140003"}},{"arcs":[[741,742,-390,743]],"type":"Polygon","properties":{"GEOID":"100030112033"}},{"arcs":[[-670,-724,-502,-681,-683,-579]],"type":"Polygon","properties":{"GEOID":"100030123001"}},{"arcs":[[744,745,746,747,748,749,-726]],"type":"Polygon","properties":{"GEOID":"100039801001"}},{"arcs":[[-600,-597,-593,-592,750,751,-626,-623]],"type":"Polygon","properties":{"GEOID":"100030116002"}},{"arcs":[[-361,752,-413,753,-731,-527]],"type":"Polygon","properties":{"GEOID":"100030137003"}},{"arcs":[[-754,-412,-640,-732]],"type":"Polygon","properties":{"GEOID":"100030137002"}},{"arcs":[[-313,754,-584,-499,-409]],"type":"Polygon","properties":{"GEOID":"100030136151"}},{"arcs":[[-258,-730,-701,-755,-315]],"type":"Polygon","properties":{"GEOID":"100030136152"}},{"arcs":[[-270,-255,-358,-483]],"type":"Polygon","properties":{"GEOID":"100030136073"}},{"arcs":[[-496,-587,755,-206,756,757,758,-456,-606,-740]],"type":"Polygon","properties":{"GEOID":"100030138002"}},{"arcs":[[-735,-741,-607,-296,-611]],"type":"Polygon","properties":{"GEOID":"100030140002"}},{"arcs":[[-156,759,760,761]],"type":"Polygon","properties":{"GEOID":"100030149072"}},{"arcs":[[-205,-139,-157,-762,762,763]],"type":"Polygon","properties":{"GEOID":"100030149071"}},{"arcs":[[764,765,766,-62]],"type":"Polygon","properties":{"GEOID":"100030015002"}},{"arcs":[[767,-744,-389,768]],"type":"Polygon","properties":{"GEOID":"100030112032"}},{"arcs":[[769,-165,770,-171]],"type":"Polygon","properties":{"GEOID":"100030149092"}},{"arcs":[[-763,-761,771,772]],"type":"Polygon","properties":{"GEOID":"100030149061"}},{"arcs":[[-355,773,774,775,776,777]],"type":"Polygon","properties":{"GEOID":"100030003003"}},{"arcs":[[-564,-777,778,779]],"type":"Polygon","properties":{"GEOID":"100030004001"}},{"arcs":[[780,-779,-776,781,-47,782]],"type":"Polygon","properties":{"GEOID":"100030004002"}},{"arcs":[[-780,-781,783,-333,784,785,-565]],"type":"Polygon","properties":{"GEOID":"100030004003"}},{"arcs":[[786,787,-526,788,-49]],"type":"Polygon","properties":{"GEOID":"100030005002"}},{"arcs":[[-783,-51,789,-334,-784]],"type":"Polygon","properties":{"GEOID":"100030005004"}},{"arcs":[[790,791,792,-522]],"type":"Polygon","properties":{"GEOID":"100030006012"}},{"arcs":[[-523,-793,793,794]],"type":"Polygon","properties":{"GEOID":"100030006013"}},{"arcs":[[-524,-795,795,796,797]],"type":"Polygon","properties":{"GEOID":"100030006022"}},{"arcs":[[-50,-789,-525,-798,798,-790]],"type":"Polygon","properties":{"GEOID":"100030006023"}},{"arcs":[[-794,-792,799,800,-747,801]],"type":"Polygon","properties":{"GEOID":"100030030022"}},{"arcs":[[-797,802,803,804,805,806]],"type":"Polygon","properties":{"GEOID":"100030009001"}},{"arcs":[[-806,807,808]],"type":"Polygon","properties":{"GEOID":"100030009002"}},{"arcs":[[-799,-807,-809,809,-335]],"type":"Polygon","properties":{"GEOID":"100030009003"}},{"arcs":[[810,-23,-337,811,812,813,814,815]],"type":"Polygon","properties":{"GEOID":"100030028002"}},{"arcs":[[816,817,-785,-332,818,819,820]],"type":"Polygon","properties":{"GEOID":"100030011001"}},{"arcs":[[-819,-331,821,822,823]],"type":"Polygon","properties":{"GEOID":"100030011002"}},{"arcs":[[-820,-824,824,825,826]],"type":"Polygon","properties":{"GEOID":"100030011003"}},{"arcs":[[827,828,-817,829]],"type":"Polygon","properties":{"GEOID":"100030012001"}},{"arcs":[[830,-830,-821,-827,831,832]],"type":"Polygon","properties":{"GEOID":"100030012002"}},{"arcs":[[-629,-566,-786,-818,-829,833,834]],"type":"Polygon","properties":{"GEOID":"100030013001"}},{"arcs":[[-834,-828,-831,835,836]],"type":"Polygon","properties":{"GEOID":"100030013002"}},{"arcs":[[-631,837,-836,-833,838,839,-470]],"type":"Polygon","properties":{"GEOID":"100030013003"}},{"arcs":[[-835,-837,-838,-630]],"type":"Polygon","properties":{"GEOID":"100030013004"}},{"arcs":[[-832,-826,840,-61,-839]],"type":"Polygon","properties":{"GEOID":"100030014001"}},{"arcs":[[-822,-338,-21,841,842]],"type":"Polygon","properties":{"GEOID":"100030016001"}},{"arcs":[[-842,-25,843,-766]],"type":"Polygon","properties":{"GEOID":"100030016003"}},{"arcs":[[844,-804,845,-745,-725,846,847]],"type":"Polygon","properties":{"GEOID":"100030029001"}},{"arcs":[[-336,-810,-808,-805,-845,848,-812]],"type":"Polygon","properties":{"GEOID":"100030029004"}},{"arcs":[[849,-728,-235,-76,850]],"type":"Polygon","properties":{"GEOID":"100030019022"}},{"arcs":[[851,-814,852,-847,-850]],"type":"Polygon","properties":{"GEOID":"100030029002"}},{"arcs":[[853,-844,-24,-811,854]],"type":"Polygon","properties":{"GEOID":"100030021001"}},{"arcs":[[855,856,-855,-816,857,-477]],"type":"Polygon","properties":{"GEOID":"100030021002"}},{"arcs":[[858,-856,859,860]],"type":"Polygon","properties":{"GEOID":"100030022002"}},{"arcs":[[861,-861,862,-385,863]],"type":"Polygon","properties":{"GEOID":"100030022003"}},{"arcs":[[-63,864,-864,-374,865]],"type":"Polygon","properties":{"GEOID":"100030023001"}},{"arcs":[[-64,-866,-373,866]],"type":"Polygon","properties":{"GEOID":"100030023002"}},{"arcs":[[-840,-66,867,-471]],"type":"Polygon","properties":{"GEOID":"100030024001"}},{"arcs":[[-472,-868,868,-485,-665]],"type":"Polygon","properties":{"GEOID":"100030024003"}},{"arcs":[[-863,-860,-476,-386]],"type":"Polygon","properties":{"GEOID":"100030026003"}},{"arcs":[[869,-480,-478,-858,-815,-852,-851,-75,-123]],"type":"Polygon","properties":{"GEOID":"100030027001"}},{"arcs":[[-870,-122,-481]],"type":"Polygon","properties":{"GEOID":"100030027002"}},{"arcs":[[[870]],[[871,872,-544,873,874],[-419,-418]]],"type":"MultiPolygon","properties":{"GEOID":"100030164041"}},{"arcs":[[875,-488,-491,-494,-717,-727,-750,876,877,-713,878,879,880,-540,881,-509,882,-305,-541,-873,883],[-871]],"type":"Polygon","properties":{"GEOID":"100039901000"}},{"arcs":[[-423,884,885,886,-714,-878,887,888]],"type":"Polygon","properties":{"GEOID":"100030105024"}},{"arcs":[[-752,889,890,-627]],"type":"Polygon","properties":{"GEOID":"100030116001"}},{"arcs":[[891,-12,-246,-286]],"type":"Polygon","properties":{"GEOID":"100030135061"}},{"arcs":[[892,-346,-349,-353]],"type":"Polygon","properties":{"GEOID":"100030002004"}},{"arcs":[[893,894,-708,-710,895]],"type":"Polygon","properties":{"GEOID":"100030101042"}},{"arcs":[[896,897,-702,-706,898]],"type":"Polygon","properties":{"GEOID":"100030102001"}},{"arcs":[[899,-897,900,-392]],"type":"Polygon","properties":{"GEOID":"100030102002"}},{"arcs":[[-849,-848,-853,-813]],"type":"Polygon","properties":{"GEOID":"100030029003"}},{"arcs":[[-91,-686,-94,-723,-99]],"type":"Polygon","properties":{"GEOID":"100030126002"}},{"arcs":[[901,-352,-521,-788]],"type":"Polygon","properties":{"GEOID":"100030005001"}},{"arcs":[[902,-327,-56,-468]],"type":"Polygon","properties":{"GEOID":"100030149032"}},{"arcs":[[903,904,-52,-32,905,-227]],"type":"Polygon","properties":{"GEOID":"100030118001"}},{"arcs":[[-891,906,907,908,-343,-339,-347,-893,-356,-778,-563]],"type":"Polygon","properties":{"GEOID":"100030108003"}},{"arcs":[[-429,-416,909,-874,910,911]],"type":"Polygon","properties":{"GEOID":"100030164012"}},{"arcs":[[-351,912,-800,-791]],"type":"Polygon","properties":{"GEOID":"100030006011"}},{"arcs":[[-901,-899,-709,-895,913,914,915,916]],"type":"Polygon","properties":{"GEOID":"100030103001"}},{"arcs":[[917,-914,-894,918,-512,919]],"type":"Polygon","properties":{"GEOID":"100030104001"}},{"arcs":[[-916,920,-920,-514,921,922,923]],"type":"Polygon","properties":{"GEOID":"100030104003"}},{"arcs":[[-915,-918,-921]],"type":"Polygon","properties":{"GEOID":"100030104004"}},{"arcs":[[924,-922,-513,-919,-896,-715,-887,925]],"type":"Polygon","properties":{"GEOID":"100030105025"}},{"arcs":[[-926,-886,926,927]],"type":"Polygon","properties":{"GEOID":"100030105021"}},{"arcs":[[928,-927,-885,-422]],"type":"Polygon","properties":{"GEOID":"100030105022"}},{"arcs":[[929,930,-420,931,932,-908]],"type":"Polygon","properties":{"GEOID":"100030108001"}},{"arcs":[[-890,-751,933,934,-907]],"type":"Polygon","properties":{"GEOID":"100030108002"}},{"arcs":[[-590,-453,935,936]],"type":"Polygon","properties":{"GEOID":"100030109001"}},{"arcs":[[-937,937,938,-934,-591]],"type":"Polygon","properties":{"GEOID":"100030109002"}},{"arcs":[[-939,939,-930,-935]],"type":"Polygon","properties":{"GEOID":"100030109003"}},{"arcs":[[940,941,-923,-925,-928,-929,-421,-931]],"type":"Polygon","properties":{"GEOID":"100030110001"}},{"arcs":[[-938,-936,-452,942,943,-941,-940]],"type":"Polygon","properties":{"GEOID":"100030110003"}},{"arcs":[[944,-942,-944]],"type":"Polygon","properties":{"GEOID":"100030110002"}},{"arcs":[[-397,-393,-917,-924,-945,-943,-447]],"type":"Polygon","properties":{"GEOID":"100030111001"}},{"arcs":[[-673,-67,-656]],"type":"Polygon","properties":{"GEOID":"100030145022"}},{"arcs":[[945,-446,-596,-602,-696]],"type":"Polygon","properties":{"GEOID":"100030112011"}},{"arcs":[[946,-443,-946,-695]],"type":"Polygon","properties":{"GEOID":"100030112012"}},{"arcs":[[947,948,-399,-436,949]],"type":"Polygon","properties":{"GEOID":"100030112021"}},{"arcs":[[950,-950,-435,-444,-947,-694]],"type":"Polygon","properties":{"GEOID":"100030112022"}},{"arcs":[[951,-769,-396,-949]],"type":"Polygon","properties":{"GEOID":"100030112031"}},{"arcs":[[-767,-854,-857,-859,-862,-865]],"type":"Polygon","properties":{"GEOID":"100030022001"}},{"arcs":[[-65,-867,-383,-869]],"type":"Polygon","properties":{"GEOID":"100030023003"}},{"arcs":[[952,-560,953,954]],"type":"Polygon","properties":{"GEOID":"100030144041"}},{"arcs":[[955,-671,-530]],"type":"Polygon","properties":{"GEOID":"100030136102"}},{"arcs":[[-529,-733,-638,-672,-956]],"type":"Polygon","properties":{"GEOID":"100030136103"}},{"arcs":[[-586,-18,-115,-194,956,-201,-756]],"type":"Polygon","properties":{"GEOID":"100030138003"}},{"arcs":[[-760,-155,957]],"type":"Polygon","properties":{"GEOID":"100030149073"}},{"arcs":[[-825,-823,-843,-765,-841]],"type":"Polygon","properties":{"GEOID":"100030015001"}},{"arcs":[[-771,-164,958,959,-167,960,-172]],"type":"Polygon","properties":{"GEOID":"100030149094"}},{"arcs":[[961,962,963,964]],"type":"Polygon","properties":{"GEOID":"100030168061"}},{"arcs":[[-964,965,966]],"type":"Polygon","properties":{"GEOID":"100030168063"}},{"arcs":[[967,-967,968,969,-35,-309,970]],"type":"Polygon","properties":{"GEOID":"100030168051"}},{"arcs":[[-697,971,-905,972]],"type":"Polygon","properties":{"GEOID":"100030118004"}},{"arcs":[[973,974,975,976,977]],"type":"Polygon","properties":{"GEOID":"100030163062"}},{"arcs":[[-974,978,-321,-489,-876,979,980]],"type":"Polygon","properties":{"GEOID":"100030163091"}},{"arcs":[[981,982,983]],"type":"Polygon","properties":{"GEOID":"100030166133"}},{"arcs":[[-306,-883,-508,984,985,986,987,988]],"type":"Polygon","properties":{"GEOID":"100030168071"}},{"arcs":[[989,-552,990,991]],"type":"Polygon","properties":{"GEOID":"100030148142"}},{"arcs":[[-232,-249,-281,-275,-278,-283,-209]],"type":"Polygon","properties":{"GEOID":"100030160002"}},{"arcs":[[992,993,-307,-989,994,995,996]],"type":"Polygon","properties":{"GEOID":"100030166143"}},{"arcs":[[997,998,-308,-994,999,1000]],"type":"Polygon","properties":{"GEOID":"100030166123"}},{"arcs":[[-982,1001,1002,1003,1004,1005]],"type":"Polygon","properties":{"GEOID":"100030166141"}},{"arcs":[[1006,1007,-997,1008,-1004]],"type":"Polygon","properties":{"GEOID":"100030166142"}},{"arcs":[[-1005,-1009,-996,1009,1010,1011,-969,-966,-963]],"type":"Polygon","properties":{"GEOID":"100030168082"}},{"arcs":[[-1012,1012,1013,-985,-511,-970]],"type":"Polygon","properties":{"GEOID":"100030168083"}},{"arcs":[[1014,1015,1016,1017,-983,-1006,-962,1018,1019]],"type":"Polygon","properties":{"GEOID":"100030166101"}},{"arcs":[[1020,-721,1021]],"type":"Polygon","properties":{"GEOID":"100030148113"}},{"arcs":[[-1022,-720,1022,1023]],"type":"Polygon","properties":{"GEOID":"100030148112"}},{"arcs":[[1024,-1023,1025,1026,1027]],"type":"Polygon","properties":{"GEOID":"100030166093"}},{"arcs":[[-719,1028,1029,1030,-1026]],"type":"Polygon","properties":{"GEOID":"100030166092"}},{"arcs":[[1031,1032,-875,-910,-415,-428]],"type":"Polygon","properties":{"GEOID":"100030164013"}},{"arcs":[[-324,-159,1033,1034,1035,-1033,1036,1037]],"type":"Polygon","properties":{"GEOID":"100030163071"}},{"arcs":[[1038,-911,-543,1039,-998,1040,1041]],"type":"Polygon","properties":{"GEOID":"100030166111"}},{"arcs":[[-542,-999,-1040]],"type":"Polygon","properties":{"GEOID":"100030166113"}},{"arcs":[[[1042,-880]],[[-1036,1043,-976,1044,-980,-884,-872]]],"type":"MultiPolygon","properties":{"GEOID":"100030163082"}},{"arcs":[[1045,-977,-1044,-1035]],"type":"Polygon","properties":{"GEOID":"100030163063"}},{"arcs":[[-621,-432,-58,-330,1046,1047,-691,-518]],"type":"Polygon","properties":{"GEOID":"100030148094"}},{"arcs":[[1048,-109,-722,-1021,-1024,-1025,1049,1050]],"type":"Polygon","properties":{"GEOID":"100030148111"}},{"arcs":[[1051,-959,-163,-198,-233,-213,-216,-319,-979]],"type":"Polygon","properties":{"GEOID":"100030163092"}},{"arcs":[[-573,-555,1052,1053,-992,1054,1055]],"type":"Polygon","properties":{"GEOID":"100030148131"}},{"arcs":[[1056,-546,-223,-402,-366,-291,1057]],"type":"Polygon","properties":{"GEOID":"100030135071"}},{"arcs":[[-228,-906,-31,-545,-1057,1058]],"type":"Polygon","properties":{"GEOID":"100030135015"}},{"arcs":[[-1027,-1031,1059,1060,1061,1062,1063]],"type":"Polygon","properties":{"GEOID":"100030166091"}},{"arcs":[[-617,-430,-912,-1039,1064,-1029,-718]],"type":"Polygon","properties":{"GEOID":"100030164014"}},{"arcs":[[-975,-981,-1045]],"type":"Polygon","properties":{"GEOID":"100030163081"}},{"arcs":[[-229,-1059,-1058,1065,1066]],"type":"Polygon","properties":{"GEOID":"100030135082"}},{"arcs":[[-1011,1067,-987,1068,-1013]],"type":"Polygon","properties":{"GEOID":"100030168084"}},{"arcs":[[-173,-961,-166,-135]],"type":"Polygon","properties":{"GEOID":"100030149082"}},{"arcs":[[1069,1070,-556,-953,1071]],"type":"Polygon","properties":{"GEOID":"100030143021"}},{"arcs":[[-1053,-554,1072]],"type":"Polygon","properties":{"GEOID":"100030148133"}},{"arcs":[[-360,1073,-407,-753]],"type":"Polygon","properties":{"GEOID":"100030136113"}},{"arcs":[[1074,1075,1076,-888,-877,-749,1077]],"type":"Polygon","properties":{"GEOID":"100030107042"}},{"arcs":[[1078,-170,-204]],"type":"Polygon","properties":{"GEOID":"100030150005"}},{"arcs":[[1079,-111,1080,1081]],"type":"Polygon","properties":{"GEOID":"100030148123"}},{"arcs":[[-329,1082,-1037,-1032,-427,-616,-1047]],"type":"Polygon","properties":{"GEOID":"100030163013"}},{"arcs":[[-458,1083,1084,-459,1085,-687]],"type":"Polygon","properties":{"GEOID":"100030139063"}},{"arcs":[[1086,1087,1088,-1002,-984,-1018]],"type":"Polygon","properties":{"GEOID":"100030166132"}},{"arcs":[[1089,1090,1091,-1088]],"type":"Polygon","properties":{"GEOID":"100030166131"}},{"arcs":[[1092,1093,-757,-764,-773,1094,-737,1095,1096]],"type":"Polygon","properties":{"GEOID":"100030139053"}},{"arcs":[[-1062,1097,1098,-1015,1099]],"type":"Polygon","properties":{"GEOID":"100030166102"}},{"arcs":[[1100,-1016,-1099]],"type":"Polygon","properties":{"GEOID":"100030166104"}},{"arcs":[[-995,-988,-1068,-1010]],"type":"Polygon","properties":{"GEOID":"100030168085"}},{"arcs":[[1101,1102,1103,-711,-703]],"type":"Polygon","properties":{"GEOID":"100030101051"}},{"arcs":[[1104,1105,-1102,-898,-900,-391]],"type":"Polygon","properties":{"GEOID":"100030101052"}},{"arcs":[[-1085,-1097,1106,-460]],"type":"Polygon","properties":{"GEOID":"100030139052"}},{"arcs":[[1107,-1082,1108,-1051,1109]],"type":"Polygon","properties":{"GEOID":"100030148121"}},{"arcs":[[-1054,-1073,-553,-990]],"type":"Polygon","properties":{"GEOID":"100030148132"}},{"arcs":[[-932,-425,1110,-1076,1111,1112]],"type":"Polygon","properties":{"GEOID":"100030107032"}},{"arcs":[[1113,-568,-628,-54]],"type":"Polygon","properties":{"GEOID":"100030118002"}},{"arcs":[[-1000,-993,-1008,1114,-1091,1115]],"type":"Polygon","properties":{"GEOID":"100030166122"}},{"arcs":[[1116,-462,1117,1118,-465]],"type":"Polygon","properties":{"GEOID":"100030139033"}},{"arcs":[[-289,-533,1119,1120,-1070,1121]],"type":"Polygon","properties":{"GEOID":"100030143011"}},{"arcs":[[-350,-344,-909,-933,-1113,1122,-1078,-748,-801,-913]],"type":"Polygon","properties":{"GEOID":"100030107041"}},{"arcs":[[-325,-1038,-1083]],"type":"Polygon","properties":{"GEOID":"100030163014"}},{"arcs":[[-467,1123,-131,-328,-903]],"type":"Polygon","properties":{"GEOID":"100030149035"}},{"arcs":[[-972,-569,-1114,-53]],"type":"Polygon","properties":{"GEOID":"100030118003"}},{"arcs":[[-1063,-1100,-1020,1124,1125]],"type":"Polygon","properties":{"GEOID":"100030166103"}},{"arcs":[[-1098,-1061,1126,-1041,-1001,-1116,-1090,-1087,-1017,-1101]],"type":"Polygon","properties":{"GEOID":"100030166121"}},{"arcs":[[-1048,-615,-692]],"type":"Polygon","properties":{"GEOID":"100030148095"}},{"arcs":[[-1125,-1019,-965,-968,1127]],"type":"Polygon","properties":{"GEOID":"100030168062"}},{"arcs":[[1128,-199,-161,-770,-1079,-203]],"type":"Polygon","properties":{"GEOID":"100030150004"}},{"arcs":[[-532,-674,-654,-661,1129,-1120]],"type":"Polygon","properties":{"GEOID":"100030143023"}},{"arcs":[[-1112,-1075,-1123]],"type":"Polygon","properties":{"GEOID":"100030107043"}},{"arcs":[[-1069,-986,-1014]],"type":"Polygon","properties":{"GEOID":"100030168081"}},{"arcs":[[-1121,-1130,-660,-657,-557,-1071]],"type":"Polygon","properties":{"GEOID":"100030143022"}},{"arcs":[[-774,-354,-902,1130]],"type":"Polygon","properties":{"GEOID":"100030003001"}},{"arcs":[[-1092,-1115,-1007,-1003,-1089]],"type":"Polygon","properties":{"GEOID":"100030166134"}},{"arcs":[[-1055,-991,-551,-1080,-1108,1131]],"type":"Polygon","properties":{"GEOID":"100030148141"}},{"arcs":[[-802,-746,-846,-803,-796]],"type":"Polygon","properties":{"GEOID":"100030030021"}},{"arcs":[[1132,-1066,-294,-250]],"type":"Polygon","properties":{"GEOID":"100030135083"}},{"arcs":[[-230,-1067,-1133,-9,1133]],"type":"Polygon","properties":{"GEOID":"100030135081"}},{"arcs":[[-1065,-1042,-1127,-1060,-1030]],"type":"Polygon","properties":{"GEOID":"100030166112"}},{"arcs":[[-1096,-736,-1118,-461,-1107]],"type":"Polygon","properties":{"GEOID":"100030139051"}},{"arcs":[[-772,-958,-154,-738,-1095]],"type":"Polygon","properties":{"GEOID":"100030149063"}},{"arcs":[[1134,1135,1136,1137,-1105,-743]],"type":"Polygon","properties":{"GEOID":"100030101062"}},{"arcs":[[-158,-137,-168,-960,-1052,-978,-1046,-1034]],"type":"Polygon","properties":{"GEOID":"100030163061"}},{"arcs":[[-1086,-463,-1117,-464,-688]],"type":"Polygon","properties":{"GEOID":"100030139031"}},{"arcs":[[-954,-41,-571,-689,1138]],"type":"Polygon","properties":{"GEOID":"100030148033"}},{"arcs":[[-359,-262,-408,-1074]],"type":"Polygon","properties":{"GEOID":"100030136114"}},{"arcs":[[-759,1139,-1093,-1084,-457]],"type":"Polygon","properties":{"GEOID":"100030139062"}},{"arcs":[[-758,-1094,-1140]],"type":"Polygon","properties":{"GEOID":"100030139061"}},{"arcs":[[-1081,-110,-1049,-1109]],"type":"Polygon","properties":{"GEOID":"100030148122"}},{"arcs":[[1140,-1136,1141,-1103,-1106,-1138]],"type":"Polygon","properties":{"GEOID":"100030101061"}},{"arcs":[[-200,-1129,-202,-957]],"type":"Polygon","properties":{"GEOID":"100030150002"}},{"arcs":[[-739,-322,-132,-1124,-466,-1119]],"type":"Polygon","properties":{"GEOID":"100030149036"}},{"arcs":[[-1111,-424,-889,-1077]],"type":"Polygon","properties":{"GEOID":"100030107031"}},{"arcs":[[-1131,-787,-48,-782,-775]],"type":"Polygon","properties":{"GEOID":"100030003002"}},{"arcs":[[-1141,-1137]],"type":"Polygon","properties":{"GEOID":"100030101063"}}]}}}