{"type":"Topology","arcs":[[[17624,21114],[48,-102]],[[17672,21012],[-110,-35],[-11,1],[-29,-12],[-20,-4],[-8,-9],[-151,-1],[-7,9],[-54,-1]],[[17282,20960],[-57,156]],[[17225,21116],[31,-1],[13,-30],[230,2],[11,8],[89,19],[25,0]],[[18983,17756],[83,1],[112,40]],[[19178,17797],[22,-53],[84,-168]],[[19284,17576],[-109,-43],[-52,-4],[-127,-2],[-52,2],[-35,-9],[-54,-25]],[[18855,17495],[-52,69],[-68,88]],[[18735,17652],[36,59],[16,18],[24,18],[65,27],[10,-19],[97,1]],[[17672,21012],[81,-172]],[[17753,20840],[-111,-37],[-45,3],[-51,0],[-10,-9],[-118,-1],[-7,-7],[5,-21],[-59,-14]],[[17357,20754],[-42,92],[-33,114]],[[17996,17950],[168,73]],[[18164,18023],[19,-33],[39,-75]],[[18222,17915],[72,-138]],[[18294,17777],[-203,-84]],[[18091,17693],[-25,49],[12,5],[-23,44],[12,6],[-21,40],[7,4],[-57,109]],[[17781,17855],[215,95]],[[18091,17693],[-76,-32],[-82,-32],[-57,-25]],[[17876,17604],[-30,112],[-10,30]],[[17836,17746],[-55,109]],[[17850,20633],[124,-263]],[[17974,20370],[-114,-44],[-12,-6],[-226,-95],[-56,-19]],[[17566,20206],[2,29],[-73,176]],[[17495,20411],[-80,184]],[[17415,20595],[52,2],[227,2],[40,1],[116,33]],[[17748,19614],[192,70],[30,-65],[82,33],[53,24],[19,4],[29,13],[-48,104],[121,44]],[[18226,19841],[124,-261]],[[18350,19580],[-120,-48],[-6,-4],[-231,-94],[-19,-2],[-102,-47]],[[17872,19385],[-62,104]],[[17810,19489],[-62,125]],[[18350,19580],[171,-358]],[[18521,19222],[-120,-39],[3,-6],[-129,-52]],[[18275,19125],[-146,-56],[-80,-33]],[[18049,19036],[-177,349]],[[18049,19036],[-26,-10],[-90,-30],[-49,-27],[-29,-7],[-4,14],[-16,-1],[-7,14],[-16,-7],[-15,16],[-18,2],[-30,-7],[14,-27],[-77,-35]],[[17686,18931],[-164,311]],[[17522,19242],[-51,95]],[[17471,19337],[62,27],[177,79],[-1,8],[101,38]],[[17103,19882],[111,-63],[272,123],[-17,34]],[[17469,19976],[29,15],[65,27]],[[17563,20018],[10,-24]],[[17573,19994],[119,-266],[5,-14]],[[17697,19714],[-93,-37],[-171,-75],[-82,-36]],[[17351,19566],[-42,80],[-17,27],[-40,40],[-28,20],[-60,32],[-10,27],[4,13],[-19,13],[3,14],[-23,10],[-15,25],[-1,15]],[[17566,20206],[-3,-188]],[[17469,19976],[-86,171],[-201,-90]],[[17182,20057],[-27,61],[-72,123],[63,22],[14,7],[-34,67],[-11,11],[-26,4],[-15,11],[-2,15],[8,13],[80,35],[8,5],[-77,149],[60,25],[26,-53],[25,12],[26,-52],[14,-11],[15,-23],[3,-12],[28,-47],[3,-15],[36,-59],[168,66]],[[17103,19882],[-1,22],[-13,24]],[[17089,19928],[14,12],[-14,35],[55,23],[-18,34],[56,25]],[[16837,19469],[99,8],[27,0],[79,-9]],[[17042,19468],[-4,-44],[-14,-1],[-4,-27],[0,-37],[13,-27],[-41,-18],[79,-152],[6,-14],[-8,-27],[24,5],[24,-39],[6,-19]],[[17123,19068],[-117,-51]],[[17006,19017],[-140,262],[-26,52],[-7,33],[4,105]],[[17123,19068],[2,0],[231,101],[166,73]],[[17686,18931],[-60,-26],[-35,-3],[-99,8],[-21,-1],[-41,-13],[-92,-40],[17,-34],[30,3],[38,-72],[7,-21]],[[17430,18732],[-122,-54],[-102,-44]],[[17206,18634],[-12,28],[-138,260]],[[17056,18922],[-50,95]],[[16678,19453],[159,16]],[[17056,18922],[-97,-42],[-12,-3],[-58,1]],[[16889,18878],[-31,117],[-29,-1]],[[16829,18994],[-62,-2],[-18,1],[-23,14],[-3,9],[2,50],[-13,54],[-5,74],[1,12],[-11,49],[-1,53],[4,64],[0,31],[-5,27],[-17,23]],[[17206,18634],[19,-35],[22,-33],[23,-22]],[[17270,18544],[-117,-50]],[[17153,18494],[-50,96],[13,5],[-50,96],[-39,-16],[-81,-3],[-57,206]],[[17270,18544],[14,-14],[104,-77],[76,-59]],[[17464,18394],[30,-23],[30,-35],[14,-27]],[[17538,18309],[-105,-46],[-128,-56]],[[17305,18207],[-108,-48]],[[17197,18159],[-59,-27]],[[17138,18132],[-91,133],[-15,63],[-17,38],[0,32]],[[17015,18398],[-30,94],[168,2]],[[14935,19388],[47,-27],[74,-33],[17,-5],[43,0],[276,5],[348,5]],[[15740,19333],[40,-121],[40,-117],[32,-96]],[[15852,18999],[20,-64],[36,-102]],[[15908,18833],[-135,-40],[-83,-23]],[[15690,18770],[12,33],[4,23],[-6,31],[-31,-4],[-9,-7],[-26,5],[-30,-2],[-18,-11],[-25,3],[-25,-10],[-54,-2],[-47,-5],[-11,-8],[-23,-1],[-16,7],[-14,20],[-25,43],[-46,39],[-17,9],[-39,45],[-29,15]],[[15215,18993],[0,34],[-17,56],[0,15],[-52,6],[-27,15],[-46,31],[-33,8],[-9,26],[0,26],[13,11],[23,2],[-1,12],[-126,-3]],[[14940,19232],[-5,156]],[[18176,15504],[149,1],[143,0],[145,0],[85,22],[26,2],[39,18]],[[18763,15547],[54,-114],[45,-84]],[[18862,15349],[-45,-19],[-28,-4],[-18,-9],[-26,-34],[-3,-26],[-11,-14],[-35,-21],[-87,-17],[-26,-8],[-107,-64],[-35,-21]],[[18441,15112],[-27,38],[-196,204],[-15,18],[-19,36],[-8,31]],[[18176,15439],[0,65]],[[18862,15349],[56,-96],[108,-203]],[[19026,15050],[-129,-77],[-68,-43]],[[18829,14930],[-213,-131],[-68,-41],[-31,-23]],[[18517,14735],[-19,25],[-35,244],[-10,70]],[[18453,15074],[-12,38]],[[17604,17645],[45,19]],[[17649,17664],[63,-127],[48,-99]],[[17760,17438],[99,-198],[-53,-21],[-14,-8],[15,-29],[-3,-19]],[[17804,17163],[-150,-65]],[[17654,17098],[-17,31],[-8,22],[-47,93],[-24,51],[-26,49]],[[17532,17344],[-110,221]],[[17422,17565],[31,13],[151,67]],[[17760,17438],[13,4],[43,4],[116,45]],[[17932,17491],[60,-116]],[[17992,17375],[53,-109]],[[18045,17266],[-241,-103]],[[18294,17777],[13,-22],[89,-167]],[[18396,17588],[-88,-55],[-40,51],[-41,-17],[-26,-13]],[[18201,17554],[-17,-5],[-20,41],[-157,-65],[-75,-34]],[[17932,17491],[-50,98],[-6,15]],[[18201,17554],[32,-67]],[[18233,17487],[-71,-42],[-170,-70]],[[18233,17487],[22,-41],[53,-62],[28,-47]],[[18336,17337],[-153,-66],[-114,-48]],[[18069,17223],[-24,43]],[[18396,17588],[16,9],[-17,32],[119,48],[-12,22],[12,5],[-26,53],[33,14]],[[18521,17771],[17,6],[10,22],[22,4],[66,28]],[[18636,17831],[2,-6],[64,-124]],[[18702,17701],[-49,-58],[-13,-10],[-8,-16],[0,-86],[-171,-73],[27,-56]],[[18488,17402],[-145,-62]],[[18343,17340],[-7,-3]],[[18702,17701],[11,-21],[22,-28]],[[18855,17495],[89,-169]],[[18944,17326],[-182,-95],[-21,8]],[[18741,17239],[-17,53],[-23,43],[-6,19],[-150,-63]],[[18545,17291],[-57,111]],[[18545,17291],[58,-111]],[[18603,17180],[-144,-61]],[[18459,17119],[-17,35],[18,8],[-11,21],[-30,-13],[-44,86],[-60,-26]],[[18315,17230],[-13,25],[69,29],[-28,56]],[[18459,17119],[-38,-19],[27,-53],[-213,-91]],[[18235,16956],[-58,111],[60,25],[-36,70],[123,52],[-9,16]],[[18603,17180],[28,-55]],[[18631,17125],[31,-59]],[[18662,17066],[-138,-60],[-11,-9],[-20,-34],[-15,-10],[-163,-70],[-50,-23]],[[18265,16860],[-46,90]],[[18219,16950],[16,6]],[[18662,17066],[55,-110]],[[18717,16956],[-156,-66],[-15,-11],[-144,-63],[-86,-38],[-11,-3]],[[18305,16775],[-11,28],[-29,57]],[[18219,16950],[-93,170],[-57,103]],[[18696,17152],[78,-148],[8,-18]],[[18782,16986],[25,-51],[51,-94],[28,-54],[43,-95]],[[18929,16692],[-49,-21],[-28,-16]],[[18852,16655],[-135,301]],[[18631,17125],[65,27]],[[18944,17326],[108,-212]],[[19052,17114],[-69,-31],[-5,-10],[-27,-13],[-169,-74]],[[18696,17152],[77,33],[-32,54]],[[18852,16655],[-148,-66]],[[18704,16589],[-51,-21],[-18,-5],[-273,-119]],[[18362,16444],[-1,5]],[[18361,16449],[-10,88],[-8,46],[-21,111],[-17,81]],[[18929,16692],[279,119]],[[19208,16811],[113,-236]],[[19321,16575],[25,-59],[31,-50]],[[19377,16466],[-189,-69],[-86,-36]],[[19102,16361],[-30,55],[-95,-38]],[[18977,16378],[-33,75],[-21,44],[-71,158]],[[18977,16378],[-134,-55]],[[18843,16323],[-27,58],[20,8],[-9,22],[-46,-17],[-8,3],[-77,149],[20,13],[-12,30]],[[18843,16323],[-7,-3]],[[18836,16320],[-179,-72]],[[18657,16248],[-157,-70]],[[18500,16178],[-49,100],[-41,77],[-17,29],[-20,28],[-11,32]],[[18902,16197],[15,-26],[73,-145],[12,-22],[28,-24],[4,-22]],[[19034,15958],[-126,-2],[-20,-2]],[[18888,15954],[-2,23],[-93,215],[28,10],[20,0],[28,10],[13,-23],[20,8]],[[18657,16248],[69,-131],[62,-116],[38,-73]],[[18826,15928],[-216,-90]],[[18610,15838],[-70,128],[-23,60],[-8,30],[0,94],[-9,28]],[[18836,16320],[35,-70],[31,-53]],[[18888,15954],[-62,-26]],[[19034,15958],[131,2]],[[19165,15960],[64,-144],[43,-94]],[[19272,15722],[-205,1],[18,-33],[8,-8],[-44,-20],[-16,-1],[-32,-12],[-79,-35],[-159,-67]],[[18763,15547],[-46,90],[-51,95],[-11,22],[-45,84]],[[18090,15079],[44,-3]],[[18134,15076],[100,-2],[181,-1],[38,1]],[[18517,14735],[-25,-31],[-9,-17],[-16,-45]],[[18467,14642],[-7,13],[3,31],[-6,18],[-19,26],[-34,36],[-30,17]],[[18374,14783],[-9,16],[-1,101],[-8,21],[-24,41],[4,35],[-55,0],[-206,3],[0,21],[10,26],[5,32]],[[16785,22242],[22,4]],[[16807,22246],[6,-18],[34,-77],[34,-90],[25,-60],[29,6],[142,4],[87,-184]],[[17164,21827],[-87,-3],[-92,-30]],[[16985,21794],[-16,-12]],[[16969,21782],[-46,122],[-26,58],[-73,187],[-31,87],[-8,6]],[[13113,10697],[390,112],[25,4],[63,1],[25,3],[285,13],[21,-2]],[[13922,10828],[18,-61],[15,-29],[37,-43],[82,-61]],[[14074,10634],[2,-5],[-80,-165],[-92,-179],[-12,-29],[-9,-11],[-36,-68]],[[13847,10177],[-99,-94],[-89,-71],[-55,-42]],[[13604,9970],[-40,11],[-134,1],[-97,19],[-81,29],[-54,2],[-37,-12]],[[13161,10020],[-25,27],[-62,38],[-80,53]],[[12994,10138],[-29,31],[-19,40],[45,3],[1,42],[59,2],[1,51],[59,1],[1,147],[2,26],[-1,216]],[[11818,9289],[117,-1],[0,-17],[52,0],[6,-25],[72,0],[6,25],[144,0],[7,-8],[0,-105],[-6,-20],[22,-12],[51,-49],[20,-9],[95,-10],[27,-9],[21,-17]],[[12452,9032],[-76,-62],[-36,37],[-11,6],[-55,12],[-8,-17],[2,-37],[-42,-13],[-303,0]],[[11923,8958],[-1,128],[-5,16],[-32,21],[-55,53],[-8,17],[-4,96]],[[17164,21827],[11,-3],[98,31]],[[17273,21855],[194,-409]],[[17467,21446],[-111,-38]],[[17356,21408],[-112,243],[-202,-2],[-57,145]],[[17356,21408],[-54,1],[-161,-2],[-3,-26],[-29,32]],[[17109,21413],[-37,96],[-103,273]],[[13921,9878],[4,-11],[33,-54],[5,-13]],[[13963,9800],[3,-16],[-1,-53],[7,-23],[22,-28],[53,-45],[18,-20],[13,-26],[40,-115],[12,-27],[45,-65]],[[14175,9382],[-101,-57],[-69,-23]],[[14005,9302],[-47,131],[-48,2],[0,25]],[[13910,9460],[37,0],[27,7],[-23,63],[-14,5],[-1,50],[-140,-1],[0,25],[-120,0]],[[13676,9609],[1,191],[-1,11],[-15,32],[124,2],[28,5],[108,28]],[[20777,10753],[40,2],[16,3],[226,84],[57,21],[-24,161],[-36,257],[15,25]],[[21071,11306],[18,8],[220,65]],[[21309,11379],[-3,-67],[1,-22],[7,-30],[22,-51],[15,-21],[29,-21],[44,-19],[24,-8],[6,-7],[30,-84],[27,-26],[8,-13],[37,-82],[8,-54],[53,-108],[49,-100],[-275,-6],[6,-28],[140,-331]],[[21537,10301],[-18,-8],[-197,-70],[-50,-27],[-52,-40],[-21,-18],[-139,-105],[-45,-31],[-43,-19]],[[20972,9983],[-66,182],[-5,38],[-3,79],[-4,18],[-80,251],[-24,51],[-9,35],[1,39],[-2,57],[-3,20]],[[17974,20370],[89,-187]],[[18063,20183],[-120,-42],[-32,-16],[-212,-88],[-126,-43]],[[18287,14389],[67,31]],[[18354,14420],[83,-175],[120,-252]],[[18557,13993],[129,-272],[62,-132],[110,-231],[8,-19]],[[18866,13339],[-23,7],[-49,3],[-9,-2],[-133,44],[-27,2],[-27,7],[-20,10],[-59,36],[-63,52],[-17,22]],[[18439,13520],[-15,35],[-5,33],[-2,89],[2,22],[45,151],[2,25],[-6,19],[-96,146],[-6,23],[-4,75],[-1,85],[-5,52],[-6,18],[-22,42],[-33,54]],[[19026,15050],[113,-209],[30,-32],[37,-23],[30,-10]],[[19236,14776],[-1,-17],[-11,-13],[-16,7],[-56,0],[-10,-2],[-33,9],[-71,1],[-2,-74],[24,0],[-1,-23],[28,-26],[-13,-9],[6,-18],[0,-52],[5,-23],[18,-46],[-1,-10],[-16,-11],[-20,-4],[-41,0]],[[19025,14465],[-2,21],[-48,65],[-31,102],[-1,15],[7,32],[-9,98],[-6,27],[10,30],[1,17],[-26,1],[-34,8],[-37,23],[-20,26]],[[17858,15083],[65,0],[167,-4]],[[18374,14783],[-164,65],[-153,0],[0,18],[-80,2],[-12,4],[-13,23],[0,107],[-103,3],[8,45],[1,33]],[[18134,15076],[-2,10],[0,141],[-17,27],[-20,5],[-146,1],[-25,5],[-17,11],[-12,33],[1,97],[48,-3],[144,-1],[18,25],[1,12],[69,0]],[[19531,14958],[13,2],[51,14],[121,0]],[[19716,14974],[0,-105],[2,-133],[0,-92],[-20,0],[-17,-11]],[[19681,14633],[-37,31],[-31,14],[-61,17]],[[19552,14695],[-15,188],[-6,75]],[[19244,14773],[111,-27]],[[19355,14746],[197,-51]],[[19552,14695],[4,-39],[16,-217]],[[19572,14439],[-22,-21],[-16,2],[-3,13],[9,14],[-14,10],[-8,-15],[-22,3],[-141,1]],[[19355,14446],[-105,-1]],[[19250,14445],[-2,20],[0,96],[9,4],[0,19],[-8,4],[0,166],[-5,19]],[[20856,13369],[41,-81],[43,-75],[31,-58],[33,-42],[27,-27],[114,-45],[50,-12],[74,-20],[17,-8],[41,-5],[36,0],[127,3],[37,-1],[85,2],[37,-25],[51,-49],[25,-26],[20,-27],[39,-64],[-2,-8],[-21,-20],[-3,-54],[3,-39],[10,-52],[2,-35],[-9,-15],[-17,-1],[50,-132]],[[21797,12453],[-9,-111],[-49,-59],[-133,-36],[-82,-47],[-56,-50]],[[21468,12150],[-19,-3],[-54,-25],[-50,45],[-52,75],[-38,36],[-32,55],[-15,35],[-11,-16],[-78,-30]],[[21119,12322],[-82,165],[-12,38],[2,25],[-3,33],[-30,89],[-11,25],[-105,185],[-67,158],[-20,33],[-69,103]],[[20722,13176],[10,3],[71,33],[12,-1],[35,-22],[10,0],[35,16],[-17,26],[-20,-3],[-4,8],[32,17],[-1,19],[-8,28],[-40,70],[19,-1]],[[19236,14776],[8,-3]],[[19250,14445],[-25,0]],[[19225,14445],[-114,3],[-86,0]],[[19025,14448],[0,17]],[[18080,16326],[100,43]],[[18180,16369],[5,-18],[11,-11],[-2,-21],[43,-162],[9,-6],[6,-21],[-6,-4],[13,-47]],[[18259,16079],[-87,-36],[-3,-192],[-51,-1]],[[18118,15850],[-1,1]],[[18117,15851],[-20,32],[-14,39],[-4,37],[0,125]],[[18079,16084],[0,98],[5,20],[16,30],[6,26],[-6,28],[-20,40]],[[19102,16361],[48,-90],[54,-106],[50,-102],[45,-101],[5,-13],[39,-80],[40,-72],[37,-77]],[[19420,15720],[-71,-30],[0,32],[-77,0]],[[19165,15960],[-65,143],[-54,124],[-69,151]],[[17736,16177],[45,19]],[[17781,16196],[9,-21],[1,-46],[68,-2],[3,-43],[27,-27],[22,19],[20,7],[148,1]],[[18117,15851],[-213,0]],[[17904,15851],[3,90],[-165,158],[-1,71],[-5,7]],[[18181,15715],[231,1],[30,3],[21,8],[25,18],[37,39],[33,27],[52,27]],[[18176,15504],[5,211]],[[21468,12150],[-7,-40],[2,-55],[5,-47]],[[21468,12008],[-59,-22],[-155,-60]],[[21254,11926],[-29,74],[-63,130]],[[21162,12130],[-36,76],[-18,41],[-31,58]],[[21077,12305],[42,17]],[[17244,13749],[119,36],[14,3],[176,1]],[[17553,13789],[0,-25],[8,-24],[19,-22],[22,-18]],[[17602,13700],[45,-34],[5,-20],[-28,-116],[8,-25],[43,-51],[75,-56],[25,-15],[20,-7],[86,-16],[77,0],[0,-45],[13,-15]],[[17971,13300],[-16,-5],[-45,-1],[1,-91],[49,2],[2,-158],[22,1],[1,-53],[94,1],[1,-53],[113,2],[4,-2],[2,-62],[46,1],[4,-95]],[[18249,12787],[-56,14],[-35,7],[-58,7],[-71,3],[-158,-16],[-33,-8],[-243,-81],[-318,-110],[-7,-2]],[[17270,12601],[-9,119],[-23,275],[1,32],[16,59],[3,24],[-3,134],[-4,171],[-7,334]],[[12957,8576],[33,-7],[18,-9],[29,-32]],[[13037,8528],[7,-27],[-2,-40],[48,0],[9,-8],[0,-117],[-2,-147],[14,-28],[-21,-16],[28,-25]],[[13118,8120],[-14,-21],[-19,13],[-22,23],[-42,-32],[-13,-13],[-10,-36],[-13,-28],[-29,-36],[-18,-16],[-61,-27]],[[12877,7947],[-35,52],[-25,22]],[[12817,8021],[12,18],[26,-7],[17,12],[-30,13],[-19,12],[24,34],[-2,7],[-25,16],[-36,-2],[-11,-10],[-10,7],[-39,41],[27,17],[22,-18],[71,9],[11,16],[-6,69],[-12,35],[-46,7],[-14,50],[-1,16],[9,18],[6,41],[19,5],[9,12],[-4,22],[-18,29],[6,44],[35,-13],[49,-39],[26,6],[-33,27],[0,12],[13,16],[53,-8],[6,13],[5,28]],[[13338,9741],[224,189],[42,40]],[[13847,10177],[18,-29],[10,-26],[47,-75],[13,-36],[-1,-53],[-15,-45],[2,-35]],[[13676,9609],[-33,0],[-28,13],[-2,12],[-45,-1],[-24,13],[-28,-13],[-46,0],[0,115],[-7,23],[-90,-31],[-24,-12]],[[13349,9728],[-11,13]],[[10763,7880],[57,0]],[[10820,7880],[52,0],[54,-6],[132,-60],[13,-2],[80,1],[63,27],[0,-56],[13,-4]],[[11227,7780],[-45,-149],[-21,-56]],[[11161,7575],[-259,-64],[-90,-40],[-42,-14],[-28,-4],[-1,161],[-9,44],[-7,76],[31,-12],[-2,32],[-13,8],[-14,32],[1,13],[15,26],[20,18],[0,29]],[[16269,17756],[101,45],[158,71]],[[16528,17872],[42,-130],[55,-201],[36,-130],[38,-147],[29,-104],[18,-48],[28,-60],[86,-189],[16,-52],[2,-99],[9,-26],[20,-22],[36,-24]],[[16943,16640],[-40,-80],[-102,-198]],[[16801,16362],[-12,19],[-33,39],[-40,43],[-17,26],[-17,36],[-16,40],[-118,355],[-102,303],[-109,330],[-68,203]],[[15988,18855],[-4,-58],[2,-24],[15,-42],[16,-23],[128,-127],[192,-188],[23,-27],[14,-28],[28,-85],[167,1],[38,1]],[[16607,18255],[6,-1],[107,4],[127,2],[43,7],[32,11],[38,24],[29,27],[23,42],[3,27]],[[17138,18132],[-55,-19],[-352,-153],[-203,-88]],[[16269,17756],[-57,168],[-43,132],[-58,171],[-69,207],[-80,240],[-26,74],[-28,85]],[[15908,18833],[80,22]],[[17197,18159],[-3,-7],[-2,-114],[-6,-82],[2,-110]],[[17188,17846],[1,-94]],[[17189,17752],[3,-190],[10,-43],[20,-39]],[[17222,17480],[-57,-25],[-39,-10],[-45,2],[-2,-44],[4,-26],[9,-22],[27,-54],[106,-216],[62,-124]],[[17287,16961],[-106,-39],[-42,-17],[-30,-15],[-54,-45],[-26,-36],[-86,-169]],[[16712,18926],[103,3],[14,2],[0,63]],[[16889,18878],[-62,8],[-4,-163],[-9,-6],[-108,-2],[5,195],[1,16]],[[16527,18710],[62,2],[-1,212],[70,3],[54,-1]],[[16607,18255],[-46,119],[-16,45],[-12,57],[-5,52],[-1,182]],[[13642,7755],[50,-15],[20,-3],[225,0]],[[13937,7737],[19,2],[50,17],[130,16]],[[14136,7772],[8,-116],[0,-67],[-2,-30],[-11,-23],[-25,-24],[-113,-82],[-21,-28],[-5,-36],[0,-131],[-8,-30],[-33,-81]],[[13926,7124],[-239,74]],[[13687,7198],[-4,31],[-30,2],[-37,25],[-11,21],[0,95],[-2,68],[35,116],[-9,14],[-77,25],[-10,14],[1,86],[91,2],[-8,12],[16,46]],[[17042,19468],[53,2],[20,5],[131,56],[57,15],[34,11],[14,9]],[[17351,19566],[52,-96],[68,-133]],[[17697,19714],[4,-10],[47,-90]],[[12543,8895],[28,-28],[5,-32],[24,-42],[44,-30],[20,-22]],[[12664,8741],[24,-22],[105,-47],[15,-9],[39,-38]],[[12847,8625],[-62,-50],[-24,-32],[-6,-14],[-5,-37]],[[12750,8492],[-31,1],[-54,22],[-104,-1],[-21,-2],[-30,-8],[-17,-9],[-50,-42],[-25,-29]],[[12418,8424],[-58,33],[-54,17],[-29,16],[-13,14],[-12,22],[-19,50],[-17,20],[-14,9]],[[12202,8605],[24,53],[2,24],[18,16],[12,1],[-2,46],[31,5],[5,23],[118,2],[12,11],[0,35],[24,2],[3,37],[32,2],[19,15],[17,24],[26,-6]],[[13706,9060],[83,91]],[[13789,9151],[82,-68],[119,-102],[17,-20],[20,-36],[8,-30],[12,-69]],[[14047,8826],[-169,-25],[-38,-15],[-21,-21],[-12,-21]],[[13807,8744],[-28,-59]],[[13779,8685],[-84,62],[-52,8],[0,29],[13,7],[4,16],[-21,5],[9,29],[-21,29],[-37,-19],[-31,-7],[-11,7],[-94,42],[47,37],[17,-27],[23,6],[3,50],[30,-3],[12,-22],[26,-2],[25,7],[7,13],[-2,22],[-9,19],[11,14],[21,7],[12,20],[29,26]],[[13389,8983],[70,16],[21,3],[91,-1],[23,3],[27,11],[71,35],[14,10]],[[13779,8685],[-16,-28],[-30,-23]],[[13733,8634],[-22,-8],[-120,-20],[-29,-7],[-121,-45],[-16,-4],[-43,0]],[[13382,8550],[1,50]],[[13383,8600],[31,0],[15,4],[-12,25],[26,11],[26,36],[13,6],[-15,35],[-33,1],[-23,-16],[-23,-8],[-10,-9],[-18,2],[-14,15],[24,29],[-1,35],[-38,-1],[-12,-7],[-23,5],[6,30],[8,16],[7,38],[32,48],[18,42],[32,12],[-10,34]],[[14047,8826],[83,12],[103,0],[27,1]],[[14260,8839],[28,-1],[0,-43],[5,-13],[38,-22],[-13,-27],[26,-6],[-7,-13],[-39,-38],[-17,-27],[-69,-74]],[[14212,8575],[-88,68],[-30,-33],[-12,-4],[-153,27],[-6,4],[-28,44],[-40,17],[5,25],[-53,21]],[[12544,8920],[15,0],[38,14],[28,2],[17,-4],[22,-13],[19,-18],[40,-17],[36,4],[59,38],[19,6],[24,-1],[48,-18],[63,-1],[61,11],[41,-7],[43,14],[52,34],[24,12],[36,4],[160,3]],[[13383,8600],[-42,0],[-19,6],[-39,22],[-44,11],[0,29],[-7,8],[-37,7],[-45,23],[-21,21],[-34,5],[-8,22],[-401,-1],[-22,-12]],[[12543,8895],[1,25]],[[10754,10565],[55,-18],[17,-2],[130,-6]],[[10956,10539],[3,-100],[30,1],[1,-57],[-3,-26],[1,-104],[2,-59],[57,0],[-1,-52],[46,0],[71,-3],[0,-139],[-58,-1],[-1,-71],[9,0],[1,-26],[-9,0],[-1,-80]],[[11104,9822],[-116,3]],[[10988,9825],[-116,0],[-43,-2],[-73,4]],[[10756,9827],[-1,101]],[[10755,9928],[0,211],[6,107]],[[10761,10246],[0,192]],[[10761,10438],[-1,53],[-6,74]],[[14175,9382],[37,20],[30,8],[112,1],[148,6]],[[14502,9417],[0,-26],[6,-20],[14,-23],[46,-63],[162,-213],[-27,-11],[-23,-25],[-50,-15],[-55,-3],[2,-11],[0,-74],[-50,-1],[-24,-6],[-46,-2],[-56,-17],[2,-155],[7,-23],[20,-34],[12,-36],[2,-58],[-7,-25],[-20,-27],[-71,-78]],[[14346,8471],[-134,104]],[[14260,8839],[0,148],[-21,49],[-6,21],[-1,41],[6,29],[18,60],[-1,86],[-11,8],[-44,-1],[-2,56],[-8,21],[-15,25]],[[13382,8550],[-27,0]],[[13355,8550],[-31,1],[-24,9],[-39,22],[-18,6],[-26,0],[-21,-11],[-23,-18],[-26,-9],[-51,0],[-59,-22]],[[12957,8576],[-39,6],[-39,13],[-32,30]],[[17230,11648],[370,7],[210,3],[183,4],[0,5],[347,7],[365,8],[390,9],[76,0],[148,5],[180,3]],[[19499,11699],[3,-5]],[[19502,11694],[167,-265],[85,-135],[496,-788],[57,-91],[34,-64],[125,-280],[31,-71],[53,-119]],[[20550,9881],[54,-123],[44,-95],[217,-488],[26,-69],[169,-577],[29,-89],[28,-77]],[[21117,8363],[260,-687],[15,5],[32,-87],[14,-42],[9,-48],[110,-715],[17,-84],[77,-262],[204,-684],[18,-64],[131,-483]],[[22004,5212],[-38,0],[-406,-5],[-135,-2],[-432,-5],[-920,-10],[15,-707],[13,-576],[3,-133],[2,-110],[10,-332],[4,-305],[5,-253],[2,-90],[1,-250],[3,-99],[5,-134],[0,-18],[3,-208],[5,-243],[1,-141],[5,-583],[3,-293],[3,-297],[0,-51],[5,-23],[2,-110],[1,-185],[-1,-28],[6,-11],[-78,-9],[-51,1],[-30,-2],[-116,0],[-174,12],[-120,0],[-72,-2],[-37,6],[-37,21],[-18,29],[3,47],[11,17],[15,2],[27,-10],[33,12],[13,19],[-2,12],[-28,50],[-17,56],[6,47],[-12,29],[-24,7],[-42,-29],[-35,-22],[-33,-34],[-28,-5],[-6,12],[-39,59],[-22,23],[-45,34],[-30,39],[-3,20],[10,16],[13,7],[18,21],[1,29],[-34,-12],[-17,3],[-69,33],[-21,26],[-66,66],[-23,35],[-21,17],[1,23],[29,29],[26,23],[38,11],[33,17],[36,-10],[7,14],[-5,31],[-32,55],[-26,59],[-1,48],[7,45],[-41,40],[-12,33],[-24,34],[-2,40],[-37,84],[-30,79],[-5,41],[13,18],[6,22],[15,28],[0,29],[-21,25],[-86,110],[-85,66],[-78,41],[-103,43],[-23,30],[-3,27],[7,71],[-2,46],[-7,84],[-4,25],[2,28],[7,41],[38,59],[0,37],[44,22],[39,23],[18,33],[0,21],[-8,33],[-17,32],[-32,30],[-14,29],[-44,48],[2,52],[-13,27],[-17,19],[-58,40],[-50,18],[-18,23],[-17,13],[-28,6],[-47,29],[-25,23],[-37,21],[-28,12],[-27,17],[-28,25],[-18,27],[-15,69],[7,40],[0,31],[9,22],[31,39],[2,29],[-6,25],[-10,15],[-22,10],[-40,8],[-28,15],[-36,40],[2,23],[16,9],[23,-8],[27,4],[12,20],[-2,26],[-11,24],[-22,14],[-108,30],[-11,7],[-1,14],[9,21],[13,14],[1,22],[-8,19],[-18,16],[-453,433],[-97,143],[1,197],[15,153],[210,338],[-68,330],[-7,23],[-25,45],[-5,61],[-7,35],[-17,50],[-28,59],[-14,23]],[[17503,5329],[21,2],[2,9],[20,8],[10,26],[-1,12],[7,47],[12,4],[13,-7],[41,8],[-8,15],[19,14],[20,2],[-4,-16],[5,-14],[27,-18],[21,-4],[13,10],[-8,20],[-9,-1],[-18,25],[0,18],[8,25],[-26,17],[-7,17],[17,36],[11,-12],[23,2],[11,19],[-7,25],[6,8],[-8,21],[-13,11],[-7,24],[7,26],[-52,62],[-16,28],[-8,52],[-2,85],[-3,28],[-33,90],[-22,56],[-6,67],[-13,28],[-18,16],[-79,46],[-25,21],[-4,15],[5,24],[-4,32],[-41,62],[-9,5],[-110,8],[-71,43],[-15,1],[-152,6],[-11,15],[-4,47],[-2,64],[-14,44],[-62,199],[-34,80],[-31,3],[-79,0],[-41,-27],[-21,-4],[-56,-5],[-31,-9],[-49,-29],[-34,2],[-6,5],[-81,28],[-11,12],[-35,80],[-21,28],[-12,53],[-9,25],[-16,31],[-13,14],[-7,42],[-22,37],[-28,38],[-39,48],[-41,29],[-39,33],[-5,18],[-15,11],[1,33],[-21,21],[-27,54],[-12,17],[-11,30],[-11,13],[-8,21],[-3,25],[3,26],[-12,11],[-11,38],[-8,10],[-4,23],[-58,-3],[-13,3],[-15,28],[-19,50],[2,17],[-8,30],[6,21],[5,34],[14,12],[11,31],[-3,16],[10,16],[7,45],[-8,40],[1,12],[-26,12],[6,28],[-28,27],[-20,27],[-39,22],[-22,19],[-71,32],[-57,-4],[-32,-4],[-14,2],[-30,14],[-40,56],[-9,21],[-18,17],[-10,21],[-13,11],[-32,12],[-57,-11],[-31,9],[-23,20]],[[15396,8400],[274,373],[67,93],[151,205],[34,48],[337,505],[24,27],[117,183],[131,195],[210,316],[17,24],[333,454],[14,27],[7,21],[13,84],[48,318],[57,375]],[[13733,8634],[13,-24],[9,-30],[12,-17],[45,-33],[39,-9],[19,-9],[21,-26],[20,-72],[1,-79],[5,-16],[118,-140]],[[14035,8179],[-22,-16],[12,-15],[8,-22],[-1,-20],[-52,-1],[-30,-31],[-1,-16],[-27,-1],[-2,27],[-12,23],[-12,-3],[-16,-41],[-25,7],[10,28],[-5,23],[-21,13],[-45,1],[-14,-15],[-26,7],[-11,20],[-10,8],[-68,21],[-19,3]],[[13646,8179],[-7,22],[-167,185],[-18,14],[-11,-10],[-52,0],[2,46],[-7,7],[-22,0],[-9,29],[0,78]],[[14502,9417],[118,-4]],[[14620,9413],[0,-83],[3,-16],[24,-38],[14,-14],[255,-229],[10,-15],[128,-264],[95,-191],[179,-120],[43,-30],[25,-13]],[[15396,8400],[-29,-39],[-286,-393],[-29,-30],[-123,-113],[-20,-17],[-34,-22],[-112,-53],[-21,-14],[-54,-50],[-65,-88],[-12,-19]],[[14611,7562],[-35,16],[-35,27],[-22,35],[-10,37],[-2,136]],[[14507,7813],[-1,101],[2,86],[0,56],[-3,96],[0,129],[-11,50],[-16,28],[-27,30],[-105,82]],[[14136,7772],[17,3],[122,33],[199,1],[33,4]],[[14611,7562],[-10,-25],[-3,-24],[7,-522],[1,-49]],[[14606,6942],[-76,1],[-30,4],[-218,67],[-88,28],[-268,82]],[[16136,23805],[10,-23],[14,-50],[11,-51],[19,-103],[31,-146],[13,-42],[12,-20],[47,-61],[35,-42],[40,-54],[35,-55],[18,-59],[14,-52],[10,-26],[30,-51],[26,-53],[51,-98],[38,-84],[72,-185],[65,-156],[41,-109],[17,-43]],[[16785,22242],[3,-22],[-132,-49],[8,-216],[-97,-109],[-67,-14],[-18,-41],[0,-29],[124,-204],[6,-10]],[[16612,21548],[-32,-46],[-22,4],[-55,20],[-25,0],[73,-78],[-22,-17],[9,-25],[-31,-5],[-210,-133],[-142,-92],[-14,-12],[-19,-27],[-13,-10],[-66,-31],[4,-30],[-6,-14],[82,-185],[-149,114],[-56,-61],[35,-27],[-61,-66]],[[15892,20827],[-86,66],[-40,29],[-65,51],[-93,74]],[[15608,21047],[26,29],[5,21],[-2,86],[1,21],[21,46],[51,102],[9,25],[9,45],[3,24],[-2,48],[-10,51],[-15,44],[-8,35],[-1,30],[3,31],[10,38],[21,42],[18,25],[36,34],[-20,19],[-64,98],[-14,24],[-46,87],[-8,21],[-54,167],[-116,364],[-158,488],[-11,19],[-15,11],[-35,9],[-261,-4],[-67,1],[-118,-2]],[[14796,23126],[-10,111],[-6,99],[218,26],[0,71],[-2,20],[-14,54],[169,42],[295,80],[63,15],[212,59],[322,99],[22,3],[71,0]],[[3064,17267],[71,15],[43,-17],[20,7],[34,2],[8,-5],[6,-20],[18,-4],[33,8],[59,34],[20,4],[42,-12],[29,23],[0,17],[-12,18],[8,41],[-2,20],[18,15],[9,0],[23,22],[117,54],[11,-7],[22,5],[117,38],[8,0],[20,-23],[5,-22],[30,9],[5,-13],[23,-5],[11,-26],[-9,-26],[6,-8],[20,1],[12,-6],[9,11],[-7,16],[-2,22],[15,7],[-58,64],[4,2],[105,-110],[8,4],[7,27],[12,23],[13,10],[45,9],[11,14],[18,52],[30,47],[12,25],[-33,5],[27,25],[43,32],[30,34],[8,-16],[-33,-29],[-47,-35],[7,-8],[206,1],[13,4],[12,22],[0,19],[-1,90],[19,22],[131,10],[213,78],[13,10],[61,83],[16,13],[80,30],[35,8],[356,7]],[[5267,18034],[1,-103],[-5,-21],[-22,-58],[-8,-10],[-129,-84],[-57,-41],[-17,-34],[-12,-15],[-61,-33],[-80,-50],[-11,-10],[-50,-63],[-7,-17],[-26,-171],[268,-50],[73,-14],[34,13],[20,-1],[57,-25],[20,-4],[19,7],[21,17],[279,3],[168,2],[10,-5],[1,-24],[8,-13],[29,-13],[187,3],[21,2],[138,1],[22,4],[386,144],[12,6],[22,25]],[[6578,17402],[234,-191],[129,-92],[54,-44],[103,-97],[61,-51],[157,-128]],[[7316,16799],[406,-331],[42,-34],[250,-205],[333,-271],[579,-474],[34,-25],[52,-31],[45,-23]],[[9057,15405],[-3,-11],[8,-26],[0,-27],[-4,-19],[-22,-8]],[[9036,15314],[-73,-26],[-32,-13],[-31,31],[-14,5],[-18,-5],[-41,15],[-6,-5],[-85,9],[-26,-1],[-34,-16],[-17,-14],[-22,7],[-24,-3],[-68,-28],[-21,-7],[-29,-2],[-59,16],[-27,10],[-11,11],[-20,1],[-33,8],[-19,-6],[-17,-17],[-19,-59],[-24,-9],[-28,1],[-28,-12],[-45,5],[-13,11],[-45,6],[-20,-8],[-15,-16],[-2,-19],[12,-28],[-3,-16],[-30,-35],[-46,-16],[-16,-23],[-24,-18],[-13,-17],[-23,-15],[-18,-4],[-57,-1],[-18,12],[-21,2],[-18,-3],[-11,-10],[-16,-94],[1,-23],[32,-48],[1,-26],[22,-43],[18,-21],[38,-7],[13,-12],[6,-34],[-2,-22],[-8,-12],[-57,-31],[-23,-21],[-16,-28],[-521,-221],[-169,115],[-92,171],[-17,20],[-22,7],[-32,-2],[-25,-13],[-42,-46],[-34,-57],[-33,-44],[-22,-27],[-34,-22],[-36,-2],[-48,6],[-24,10],[-27,20],[-41,54],[-15,9],[-235,-56],[-285,-10],[-19,58],[-577,-126],[-350,29],[-79,-33]],[[5014,14430],[-111,172],[11,165],[51,172],[-37,46],[-10,41],[-28,29],[-11,17],[-31,73],[-37,59],[-19,12],[-28,26],[-34,44],[-25,55],[-9,27],[-11,78],[-3,36],[-42,78],[-12,44],[-11,32],[-45,85],[-37,59],[-11,12],[-40,60],[-27,32],[-14,27],[-14,50],[3,15],[-4,30],[0,24],[10,50],[33,53],[7,24],[1,23],[-22,45],[-26,26],[-10,17],[-26,17],[-39,18],[-37,8],[-63,9],[-31,17],[-18,24],[-5,29],[11,26],[6,35],[-6,35],[-14,17],[-23,12],[-34,3],[-77,17],[-14,9],[-39,6],[-52,11],[-23,12],[-22,17],[-46,12],[-17,14],[-14,24],[-9,23],[-45,55],[-26,12],[-42,3],[-85,-18],[-23,0],[-34,6],[-14,20],[-1,23],[9,32],[16,24],[0,11],[-14,32],[-32,30],[-14,29],[-11,32],[-12,20],[-17,18],[-9,29],[-6,43],[-11,30],[-57,64],[-23,17],[-48,12],[-48,-1],[-40,9],[-17,9],[-40,9],[-14,-1],[-65,15],[-20,12],[-22,28]],[[10592,15081],[59,1],[44,4],[31,14],[123,16],[59,9],[65,17],[14,-1],[25,-11],[17,-26],[12,-7],[32,-7],[13,-36],[17,-71],[-7,-65],[12,-21],[5,-43],[7,-18]],[[11120,14836],[-13,-43],[-14,-30],[-16,-27],[-31,-7],[-74,-116],[-82,-105],[-10,-34],[-13,-91],[-10,-87]],[[10857,14296],[-306,-37],[-52,-7],[-59,-19],[-33,-17],[-23,-17],[-207,-162]],[[10177,14037],[-12,32],[-1,97],[70,0],[-1,131],[4,10],[0,47],[-53,0],[-8,2],[0,21],[30,3],[-3,54],[-84,-3],[-62,4],[1,76],[-3,82],[2,31],[-1,61],[-4,12],[-26,3],[-2,97],[-9,9],[66,22],[29,13],[84,73],[26,16],[178,59],[31,14],[118,59],[45,19]],[[12750,8492],[-6,-88],[-7,-28],[-10,-17],[-30,-32],[-16,-26],[-6,-28],[-2,-52],[-9,-22],[-28,-42]],[[12636,8157],[-18,17],[-8,16],[-4,23],[0,36],[-8,18],[-74,89],[-14,13],[-92,55]],[[16436,19258],[47,43],[117,115],[42,26],[36,11]],[[16527,18710],[-1,209],[-3,40],[-12,53],[-1,25],[14,71],[-1,27],[-8,27],[-16,31],[-16,20],[-47,45]],[[10616,13840],[-19,-40],[-10,-45],[-1,-39],[5,-331],[2,-38]],[[10593,13347],[-8,36],[-10,21],[-16,22],[-43,39],[-196,155],[-20,18],[-55,57]],[[10245,13695],[117,93],[27,20],[0,7],[39,30],[99,79],[19,-29],[20,-12],[35,-38],[15,-5]],[[23007,8423],[-1,20],[35,-2],[7,-18],[71,18],[6,9],[32,21],[44,19],[69,24]],[[23270,8514],[49,-96],[80,-157],[59,-95],[61,-116],[65,-104],[74,-91],[54,-58],[-7,-6],[50,-88],[20,-26],[243,-402],[76,-134],[-278,-1],[1,-214],[3,-211],[-199,-1],[19,-25],[92,-139],[-111,-40],[5,-16],[1,-33],[9,-4],[23,-47],[-61,-22],[20,-46],[-149,-52],[-107,0],[2,-145],[1,-154],[3,-33],[3,-290],[4,-15],[37,-57],[39,-55],[28,-45],[10,-10],[102,-268]],[[23591,5218],[-225,-1],[-156,2],[-300,1],[-216,-2],[-170,-1],[-54,2]],[[22470,5219],[37,153],[12,35],[11,14],[215,244],[35,43],[116,133],[52,61],[147,168],[130,149],[44,37],[40,23],[21,9],[221,83],[35,23],[21,28],[13,39],[-3,44],[-53,118],[-37,80],[-77,174],[-10,30],[-18,103],[-69,235],[-3,13],[-1,93],[-3,264],[-9,36],[-18,45],[-38,84],[-27,55],[-29,65],[-51,111],[-34,71],[-40,92],[-35,91],[-12,36],[-46,122]],[[18049,19036],[84,-172],[45,-84]],[[18178,18780],[109,-210]],[[18287,18570],[18,-34]],[[18305,18536],[-92,1],[-53,3],[-31,8],[-5,17]],[[18124,18565],[-21,91],[-19,49],[-32,58],[-77,-32],[-1,2],[-80,-35],[99,-189]],[[17993,18509],[-69,-30]],[[17924,18479],[-50,94]],[[17874,18573],[-152,288],[-36,70]],[[15608,21047],[-72,54],[-55,43]],[[15481,21144],[-7,6]],[[15474,21150],[5,236],[1,65],[-8,52],[-10,31],[-139,332],[-62,149],[-105,251],[-240,575],[-120,285]],[[12817,8021],[-22,15],[-30,40],[-29,26],[-100,55]],[[13646,8179],[-33,-35],[-7,-24],[-34,18],[-23,25],[-20,12],[-26,2],[-102,-14],[-17,-7],[-29,-38]],[[13355,8118],[-29,-5]],[[13326,8113],[0,26],[-27,-3],[-25,-11],[-35,-26],[-26,9],[-26,5],[-47,1],[-22,6]],[[11695,13133],[71,37],[44,28],[54,38],[37,28],[92,79],[137,119]],[[12130,13462],[4,-9],[1,-85],[2,-68],[-4,-53],[3,-194],[33,-11],[8,-13],[-4,-19],[-26,-24],[-10,1],[2,-127],[2,-49],[0,-121],[12,-7],[28,-32],[4,-61],[-15,-21],[-14,-6],[-25,-3],[0,-33],[3,-50],[-1,-199],[3,-22],[1,-44],[-17,-5],[-14,-15],[-6,-17],[-14,-9],[-32,14],[-20,13],[-21,-2],[-11,-9],[-12,-22],[-18,-5],[-9,-11],[-5,-27],[10,-54]],[[11968,12063],[-115,-4]],[[11853,12059],[-19,504],[-2,53],[5,26],[11,32],[4,32],[-3,99],[-9,38],[-14,22],[-33,43],[-14,26],[-7,32],[-5,200],[-72,-33]],[[10956,10539],[98,-4],[50,-8],[29,-10],[41,-19],[511,-334]],[[11685,10164],[0,-57]],[[11685,10107],[-34,-51],[-36,-21],[-44,-12],[-33,-28],[-12,-49],[8,-62],[1,-62],[0,-57],[-11,-46],[-20,-37],[-17,-19],[-28,-22],[-35,-16],[-77,-21],[-27,-11],[-25,-15],[-22,-19],[-12,-16]],[[11261,9543],[-33,16],[-5,57],[-32,20],[-55,46],[-39,0],[13,60],[-5,37],[-1,43]],[[10041,6576],[8,25],[31,76],[18,77],[2,69],[-1,209],[3,33],[11,56],[12,38],[15,36],[130,265]],[[10270,7460],[32,64],[11,30],[35,73],[106,214],[22,56]],[[10476,7897],[141,0],[7,-17],[139,0]],[[11161,7575],[-29,-54],[-25,-37]],[[11107,7484],[-29,-35],[-103,-108],[-69,-70],[-123,-129],[-334,-346],[-98,-95],[-107,-110],[-27,-52],[-51,-53]],[[10166,6486],[-19,0],[-36,26],[-46,55],[-24,9]],[[17538,18309],[51,-96],[32,-42],[-3,-13],[23,-40]],[[17641,18118],[49,-94]],[[17690,18024],[-113,-50],[-121,-54]],[[17456,17920],[-55,102],[-15,37],[-45,85],[-36,63]],[[11451,11734],[11,3],[339,4],[57,-5],[3,84],[-8,239]],[[11968,12063],[36,-3],[19,-11],[10,-14],[24,-68],[27,-111],[14,-25],[17,-13],[19,-9],[116,-36],[36,-7],[42,-1],[25,2],[49,11],[30,11],[69,33],[49,16],[26,3],[74,-3]],[[12650,11838],[-191,-210],[-45,-58],[-23,-37],[-22,-50],[-16,-48]],[[12353,11435],[-69,-226],[-93,-306],[-10,-30]],[[12181,10873],[-152,7],[-23,-3],[-281,-2],[-252,-1]],[[11473,10874],[-3,72],[-6,201],[-2,166]],[[11462,11313],[-7,293],[-4,128]],[[10963,12580],[234,4]],[[11197,12584],[5,-99],[0,-53],[5,-176]],[[11207,12256],[-234,-2]],[[10973,12254],[-5,168],[-8,17],[7,27],[-4,114]],[[10730,12575],[117,3]],[[10847,12578],[116,2]],[[10973,12254],[-116,-2]],[[10857,12252],[-2,54],[-116,-2]],[[10739,12304],[-4,110],[-5,161]],[[10322,12570],[174,3]],[[10496,12573],[11,-215],[1,-58]],[[10508,12300],[1,-104],[-177,-1]],[[10332,12195],[0,21],[-10,354]],[[16612,21548],[20,-26],[22,-13],[36,-41],[-18,-68],[71,-59],[3,-30],[-8,-24],[-17,-22],[-11,-28],[1,-25],[11,-37],[19,-21],[13,24],[-15,33],[6,15],[20,-47],[-17,-32],[26,-11],[17,-15],[7,-24],[-12,-8],[-33,-6],[-11,-13],[2,-19],[9,-23],[17,-30],[11,-29],[-7,-21],[-12,-13],[-16,-6],[-21,1],[-33,21],[-15,-8],[-5,-12],[11,-26],[36,-24],[17,-2],[37,11],[24,-6],[20,-20],[-2,-28],[-7,-29],[-3,-72],[-3,-19]],[[16802,20716],[-23,-7],[-39,3],[-14,-24],[-1,-42],[-13,-30],[-11,4],[-24,-3],[-43,21],[-14,-10],[7,-22],[13,-17],[4,-34],[-4,-13],[-23,-29],[-22,-34],[-22,-22],[-27,3],[-23,13],[-17,-4],[-9,-21],[-4,-46],[15,-74],[5,-14],[26,-38],[-1,-18],[-10,-17]],[[16528,20241],[-129,124],[-7,0],[-138,134],[-13,18],[-157,154],[-55,51],[-69,55],[-68,50]],[[19364,14025],[110,-1],[13,-15],[99,-1],[7,-35],[17,-14],[-38,480]],[[19572,14439],[26,-5],[30,-23],[12,-14],[25,-8],[9,5],[26,30],[45,-22],[38,-3],[79,-15],[43,-21],[47,9],[123,9],[45,25],[22,23],[31,39],[14,29],[-3,12],[9,25],[31,27],[6,32],[29,22],[19,48],[76,34]],[[20354,14697],[37,-42],[26,-35],[5,-14],[29,-40],[22,-94],[39,-124],[22,-46]],[[20534,14302],[59,-122],[2,-107],[25,-21]],[[20620,14052],[-18,-29],[-3,-31],[-8,-25],[-3,-47],[-15,9],[-9,-46]],[[20564,13883],[-118,0],[-41,-1],[-31,-9],[-39,-5],[1,28],[-27,-19],[-38,8],[-31,23],[-51,24],[-46,-29],[-11,-14],[-118,-55],[-36,8],[-66,-15],[-9,-41],[-4,-61],[-131,-40],[-127,-20],[-6,-18]],[[19635,13647],[-41,-1],[-31,-13],[-27,-53],[-26,-34],[-31,-50],[-7,-15],[-24,-21],[-21,-31],[-11,5],[-20,45],[-33,31]],[[19363,13510],[6,3],[-2,230],[-3,174],[0,108]],[[17188,17846],[121,2],[-16,43],[18,5],[90,1],[55,23]],[[17456,17920],[72,-135]],[[17528,17785],[-73,-31],[-38,1],[-228,-3]],[[17690,18024],[96,41],[36,-68],[-24,-8],[-43,-19],[-16,31],[-30,-12],[52,-101],[9,4],[11,-37]],[[17836,17746],[-187,-82]],[[17604,17645],[-76,140]],[[17222,17480],[181,76],[19,9]],[[17532,17344],[-53,-17],[-132,-56],[-35,-14],[-30,102],[-6,14],[-54,107]],[[10820,8114],[160,1],[116,2],[160,0],[45,-96]],[[11301,8021],[-74,-241]],[[10820,7880],[0,234]],[[13326,8113],[-1,-71],[-3,-28],[0,-86],[2,-23],[19,-25],[13,-8],[7,15],[23,7],[59,-38],[-41,-52],[47,-31],[38,-11],[126,0],[27,-7]],[[13687,7198],[-260,79]],[[13427,7277],[-348,108],[-76,23],[-17,7],[-139,92]],[[12847,7507],[41,52],[13,23],[7,31],[11,18],[24,18],[15,31],[0,96],[-15,64],[-2,51],[-21,27],[-25,10],[-18,19]],[[10640,11726],[114,1]],[[10754,11727],[183,2],[48,0]],[[10985,11729],[119,0],[114,2]],[[11218,11731],[233,3]],[[11462,11313],[-107,-15],[-42,-4],[-86,-1]],[[11227,11293],[-3,51],[1,29],[-4,136],[-210,-6],[-77,2],[-285,2]],[[10649,11507],[0,54],[-3,110],[-4,19],[-2,36]],[[10332,12195],[-175,-2]],[[10157,12193],[-3,161],[-6,159],[-1,54],[175,3]],[[18328,17961],[87,42],[-49,63],[139,59]],[[18505,18125],[37,-72]],[[18542,18053],[40,-74],[54,-148]],[[18521,17771],[-35,85],[-192,-79]],[[18222,17915],[106,46]],[[12624,7868],[75,0],[43,8],[26,13],[62,40],[47,18]],[[12847,7507],[-69,44],[-25,7],[-133,20],[-177,24],[-20,1],[-28,-8],[-103,-58],[-50,-12]],[[12242,7525],[-9,40],[1,40],[23,26],[-3,22],[-35,25],[-23,3],[-8,24],[208,1],[228,2],[0,160]],[[15988,18855],[39,17],[38,29],[56,72],[55,57],[49,43],[43,36],[121,109],[47,40]],[[18542,18053],[52,13],[50,15],[38,18]],[[18682,18099],[34,15],[95,35],[62,26],[113,46]],[[18986,18221],[104,-213]],[[19090,18008],[-107,-39],[-44,-19]],[[18939,17950],[-76,162],[-99,-37],[-34,0],[-3,-11],[11,-25],[-22,-8],[71,-138]],[[18787,17893],[-151,-62]],[[18787,17893],[22,9]],[[18809,17902],[21,-41],[23,2],[72,27],[58,-130],[0,-4]],[[18419,14477],[39,128],[9,37]],[[19025,14448],[-144,-3]],[[18881,14445],[-86,0],[-67,1],[-282,2],[-9,3],[-18,26]],[[19052,17114],[54,-105]],[[19106,17009],[89,-174],[13,-24]],[[9884,18990],[951,15],[782,12],[441,6],[79,0],[637,9],[70,2],[229,2],[120,6],[79,0],[32,7],[234,4],[132,11],[930,25],[164,5],[31,0],[149,4],[-4,134]],[[15215,18993],[-27,12],[-27,-1],[-51,-21],[-18,-15],[-18,-6],[-85,-4],[-30,-7],[-33,-16],[-23,-18],[-47,-14],[-14,-8],[-15,-24],[-19,-21],[-21,-4],[-41,13],[-63,10],[-17,1],[-63,-12],[-63,-34]],[[14540,18824],[-8,5],[-168,136],[-37,20],[-43,10]],[[14284,18995],[-53,-2],[-62,-20],[-169,-66],[-113,-44],[-264,-102],[-51,-17],[-73,-9],[-337,-27],[-29,-6],[-42,-18],[-91,-68],[-29,-20],[-66,-54],[-224,-179],[-23,-15],[-48,-19],[-28,-4],[-183,-3],[-55,2],[-188,23],[-40,1],[-27,-2],[-35,-8],[-105,-26],[-280,-73],[-647,-166],[-314,-81],[-56,-11],[-48,-7],[-190,-24]],[[10414,17950],[8,21],[2,23],[-17,27],[-27,16],[-21,43],[-3,17],[2,26],[-4,22],[-15,27],[-32,112],[-12,14],[-20,2],[-11,10],[-7,28],[1,27],[-9,28],[-4,33],[-16,16],[-22,9],[-18,-5],[-26,5],[-2,22],[-17,32],[8,17],[-11,19],[-23,7],[-19,23],[-11,5],[8,24],[3,39],[13,8],[18,41],[18,18],[0,10],[-29,26],[-12,16],[-24,14],[-22,24],[-17,11],[-25,5],[-36,23],[-18,4],[-14,12],[-8,18],[-22,34],[-12,9],[-5,22],[-13,26],[4,16],[-11,14]],[[13789,9151],[35,39],[23,19],[102,72],[22,11],[34,10]],[[17993,18509],[131,56]],[[18305,18536],[110,-210],[10,-22]],[[18425,18304],[10,-19]],[[18435,18285],[-114,-52],[-31,-9],[-59,-30]],[[18231,18194],[-59,-27],[-28,54],[-68,-30]],[[18076,18191],[-50,96]],[[18026,18287],[-50,96],[-52,96]],[[18231,18194],[78,-149],[-20,-9],[39,-75]],[[18164,18023],[-60,115],[-28,53]],[[18435,18285],[65,-151],[5,-9]],[[18727,18405],[35,12],[123,39]],[[18885,18456],[6,-13],[95,-222]],[[18682,18099],[-90,198],[158,58],[-23,50]],[[10533,8114],[35,138],[11,62],[0,142],[6,42]],[[10585,8498],[11,53],[33,121],[22,79],[2,12]],[[10653,8763],[129,-2],[151,-3],[125,1],[352,-1],[115,1]],[[11525,8759],[-9,-30]],[[11516,8729],[-43,-140],[-17,-41],[-45,-85],[-27,-67],[-11,-39],[-11,-55],[-13,-107],[-14,-62],[-34,-112]],[[10820,8114],[-287,0]],[[4868,21979],[224,60],[560,142],[456,113],[25,3],[29,9],[25,2],[48,12],[119,31],[87,26],[8,6],[26,3],[21,12],[55,24],[35,18],[36,8],[12,21],[23,21],[7,14],[27,13],[19,23],[28,40],[34,7],[4,16],[-9,5],[-8,39],[15,26],[0,18],[9,31],[3,44],[13,10],[17,24],[30,29],[20,10],[35,31],[13,7],[22,31],[27,54],[-27,33],[28,16],[52,-5],[3,-21],[28,-12],[10,-31],[22,-11],[72,-7],[28,4],[34,10],[0,27],[12,12],[15,33],[34,21],[10,-17],[40,-8],[8,-472],[2,-241],[1,-223],[14,-418],[17,-727],[14,-705],[15,-595],[16,-430]],[[7411,19195],[-81,21],[-222,137],[-24,19],[-33,8],[-24,14],[-47,14],[-32,5],[-82,1],[-20,-6],[-81,-76],[-14,-8],[-38,3],[-53,0],[-61,-9],[-52,-7],[-56,-1],[-116,-9],[-41,1],[-15,8],[-27,27],[-30,22],[-52,27],[-76,11],[-85,-8],[-47,5],[-64,36],[-29,5],[-24,8],[-35,18],[-30,31],[-37,30],[-28,6],[-18,-4]],[[5737,19524],[-43,152],[-20,65],[-7,18],[-90,200],[-41,88],[-56,115],[-67,148],[-25,51],[-46,105],[-16,56],[-31,69],[-19,28],[-30,63],[-17,45],[-12,46],[-15,70],[-17,178],[-5,32],[-48,170],[-28,60],[-23,99],[-53,245],[-8,27],[-53,113],[-99,212]],[[10476,7897],[11,35],[41,170],[5,12]],[[17339,15329],[34,-62],[33,-49],[33,-40],[42,-43],[49,-42],[20,-14]],[[17550,15079],[128,-81],[146,-92],[-4,-15],[311,-195],[67,-43],[33,-26],[38,-42],[25,-39],[60,-126]],[[18287,14389],[-49,59],[-34,29],[-141,91],[-171,109],[-31,-38],[-25,-22],[-20,-13],[-38,-18],[-55,-12],[-30,-2],[-179,2],[-83,-2],[-51,1],[-183,-1]],[[17197,14572],[-29,265],[-7,37],[-97,284],[46,26],[223,140],[6,5]],[[18247,13338],[-48,-12],[-53,-1]],[[18146,13325],[-106,-2],[-33,-2],[-19,-6],[-17,-15]],[[17602,13700],[8,10],[29,1],[28,9],[18,25],[46,46],[18,11],[36,5],[6,7],[-8,24],[20,4],[30,-7],[6,13],[-5,17],[25,-8],[23,1],[13,16],[10,39],[28,15],[22,5],[11,-5],[-13,-24],[10,-12],[66,0],[19,7],[41,32],[20,9],[30,1],[43,-31],[-12,-23],[-22,-23],[9,-13],[-8,-44],[-49,-99],[15,-16],[3,-17],[-13,-3],[7,-39],[19,1],[30,-19],[17,-19],[13,-26],[0,-15],[-10,-42],[18,-31],[41,-42],[5,-12],[-15,-24],[-4,-21],[14,-8],[12,-31],[-5,-6]],[[11600,8976],[97,314]],[[11697,9290],[121,-1]],[[11923,8958],[-197,0],[-25,13],[-12,1],[-80,0],[-9,4]],[[10496,12573],[117,1]],[[10613,12574],[117,1]],[[10739,12304],[-231,-4]],[[9242,12956],[0,202],[-3,64],[3,30],[8,39],[37,138],[129,-20],[25,0],[108,9],[62,0],[297,4],[102,2]],[[10010,13424],[4,-216]],[[10014,13208],[5,-247],[11,-303],[-2,-40],[3,-52]],[[10031,12566],[-60,-2],[-239,-4],[-117,0],[-207,-5],[-58,10],[-112,17],[4,374]],[[11685,10107],[1,-150],[0,-110],[1,-29],[-1,-101],[0,-197],[3,-69]],[[11689,9451],[-117,-1],[-1,-54],[-337,1]],[[11234,9397],[0,81],[12,39],[15,26]],[[17512,18415],[342,150]],[[17854,18565],[20,8]],[[17924,18479],[-169,-73]],[[17755,18406],[-97,-44],[-120,-53]],[[17464,18394],[48,21]],[[18146,13325],[-1,-26],[18,-46],[-2,-40],[-11,-22],[18,-19],[14,-28],[26,-36],[41,20],[13,2],[2,14],[21,5],[52,-9],[9,-8],[16,-37],[9,-47],[14,-38],[-4,-16],[-17,-13],[9,-14],[26,-14],[8,-12],[1,-27],[-13,-17],[-18,-8],[-21,-2],[-23,6],[-3,-13],[22,-44],[-3,-12],[-23,-27],[-11,-28]],[[18315,12769],[-66,18]],[[11730,9399],[129,422]],[[11859,9821],[118,0],[73,-1],[16,6],[13,16],[13,-9],[30,-10],[60,-4],[22,-3],[57,-18],[15,-2]],[[12276,9796],[5,-240],[150,2],[57,14],[77,1],[4,-170],[10,-31],[10,-14],[38,-36],[29,-10],[149,2]],[[12805,9314],[-174,-164],[-158,-129],[-6,-4]],[[12467,9017],[-15,15]],[[11697,9290],[33,109]],[[16416,23808],[660,-1528]],[[17076,22280],[-94,-31],[-16,1],[-159,-4]],[[16136,23805],[75,1],[52,-2],[38,3],[115,1]],[[16528,20241],[-39,-19],[-35,-25],[-18,-18],[-6,-16],[-3,-41],[-6,-14],[-14,-8],[-79,-21],[-52,2],[-25,-16],[-25,-47],[-9,-31],[-22,-47],[4,-30],[29,-31],[30,-41],[4,-38],[-4,-12],[-33,-63],[4,-8]],[[16229,19717],[15,-17],[19,-6],[-17,-17],[3,-19],[29,-29],[13,-18],[4,-33],[-12,-17],[-30,-19],[-14,-15],[-27,-53],[-18,-27],[-17,-79],[-27,-30],[-41,-62],[-19,-24],[-21,-10],[-22,-3],[-20,-31],[-3,-40],[-20,-40],[-26,-12],[-27,-40],[-28,-25],[-12,-3],[-36,-25],[-23,-24]],[[15740,19333],[-23,69],[-30,104],[-32,94],[-42,113],[-126,374],[-15,54],[-9,67],[-1,34],[17,794],[2,108]],[[11234,9397],[-246,-1],[1,134],[-2,67],[0,172],[1,56]],[[17654,17098],[-367,-137]],[[14035,8179],[11,-13],[13,-29],[2,-21],[-5,-25],[-13,-37],[66,-20]],[[14109,8034],[-6,-27],[4,-53],[-1,-55],[18,-38],[7,-21],[5,-68]],[[13937,7737],[4,33],[-29,-1],[-9,5],[0,26],[26,5],[6,13],[17,8],[51,-21],[12,-29],[15,3],[-13,29],[-67,25],[-28,27],[-7,17],[-50,33],[-36,4],[-6,-20],[27,-22],[-7,-7],[-26,-4],[-6,-26],[-11,-15],[-48,6],[-2,25],[-14,20],[0,15],[14,1],[12,27],[-26,36],[-16,7],[-97,0],[-6,19],[-47,38],[-34,15],[-37,41],[-27,10],[-16,-3],[-7,11],[-23,9],[-30,-10],[-29,19],[-12,12]],[[14873,21608],[120,-93],[60,-45],[202,-157],[92,-71],[127,-92]],[[14935,19388],[-30,1005],[-15,533],[-19,640],[2,42]],[[12276,9796],[69,-1],[142,2],[50,1],[75,0],[36,-3],[45,-17],[32,-21],[78,-58]],[[12803,9699],[109,-78],[20,-17],[134,-98]],[[13066,9506],[-82,-48],[7,-32],[-110,-69],[-76,-43]],[[10755,9928],[-59,0],[-257,2],[-151,0]],[[10288,9930],[-1,320],[150,-2],[315,-3],[9,1]],[[18939,17950],[-130,-48]],[[19090,18008],[29,-65],[31,-83],[28,-63]],[[11027,11290],[200,3]],[[11473,10874],[-123,-1],[-237,-2],[-179,-2]],[[10934,10869],[-2,116],[1,29],[49,-1],[11,-6],[39,22],[10,15],[3,41],[-14,48],[-4,157]],[[19502,11694],[40,0],[305,8],[161,3]],[[20008,11705],[27,-134],[7,-17],[43,-60],[8,-18],[7,-223]],[[20100,11253],[4,-95],[5,-5],[65,13],[47,2],[21,-5],[18,-14],[8,-17],[14,-53],[62,-133],[53,-127],[22,-57],[25,-77],[4,-2],[89,18],[23,13],[12,25],[11,5],[62,2],[65,6],[64,13],[3,-12]],[[20972,9983],[-190,-68],[-73,-25],[-54,-9],[-105,0]],[[18425,18304],[94,8],[7,17],[201,76]],[[14074,10634],[314,-359]],[[14388,10275],[-49,-26],[-13,0],[-33,21],[-40,11],[-39,19],[-19,-2],[-8,-17],[-3,-65],[-28,-32],[-4,-360],[-107,-1],[-82,-23]],[[10225,8322],[43,-14],[21,36],[30,-12],[77,0],[11,9],[1,20],[25,3],[0,24],[29,1],[18,4],[36,3],[2,62],[11,49],[56,-9]],[[10533,8114],[-217,-2],[-245,0]],[[10071,8112],[-1,178],[29,0],[13,6],[31,23],[82,3]],[[18247,13338],[37,27],[102,120],[24,20],[29,15]],[[18866,13339],[20,-51],[24,-82],[12,-51],[10,-77],[31,-365]],[[18963,12713],[-190,-17],[-28,0],[-66,10],[-122,21],[-152,26],[-90,16]],[[14873,21608],[-8,192],[-9,260],[-7,233],[-10,223],[-8,8],[0,21],[-6,132],[-10,134],[4,49],[-8,83],[-7,87],[-8,71],[0,25]],[[11685,10164],[111,-73],[123,-76]],[[11919,10015],[-5,-14],[-55,-180]],[[11730,9399],[-41,-3],[0,55]],[[21030,14425],[624,-846],[9,-8]],[[21663,13571],[-83,-44],[-11,-4]],[[21569,13523],[-128,124],[-54,61],[-87,101],[-53,-11],[-113,145],[-38,-1],[-115,14],[-4,17],[-17,27],[-174,312]],[[20786,14312],[47,22],[26,-36],[38,22],[133,105]],[[17553,13789],[43,3],[28,17],[73,71],[17,20],[74,114],[31,58],[23,30],[135,146],[17,14],[142,64],[61,23],[90,40]],[[20508,11714],[149,2],[50,5],[32,6],[47,14],[86,40],[91,31]],[[20963,11812],[57,19],[151,60],[83,35]],[[21254,11926],[38,-83],[30,-73],[94,-214],[9,-15],[51,-113]],[[21476,11428],[-167,-49]],[[21071,11306],[-29,73],[-43,0],[-2,20],[-20,1],[-84,48],[-15,-48],[-47,-77],[-26,33],[-41,37],[-31,15],[-12,15],[-36,78],[-8,32],[-28,47],[6,37]],[[20655,11617],[-11,18],[-4,18],[-14,10],[-40,10],[-31,-5],[-33,17],[-14,29]],[[5267,18034],[287,6],[-1,94],[-121,-3],[-1,30],[121,2],[-3,89],[9,5],[50,1],[-1,30],[59,1],[-2,49],[-59,0],[-1,30],[-59,-2],[-3,110],[-160,-3],[-1,37],[41,1],[0,12],[40,1],[-1,34],[18,0],[0,22],[-59,-1],[-1,49],[-7,270],[116,3],[-2,109],[58,1],[3,-107],[327,11],[9,2]],[[5923,18917],[24,-75],[21,-55],[20,-35],[107,-173],[21,-41],[9,-29],[7,-36],[3,-69],[9,-297],[8,-61],[64,-231],[26,-93],[20,-44],[18,-26],[42,-42],[256,-208]],[[10285,9929],[3,1]],[[10756,9827],[-1,-167]],[[10755,9660],[-133,1],[-190,2]],[[10432,9663],[-144,1]],[[10288,9664],[2,140],[-3,19],[-2,106]],[[10432,9663],[1,-53],[-89,1],[0,-186],[-59,0],[1,-29],[-56,0],[1,-50],[-1,-222],[36,-1],[21,-5],[1,-62],[1,-219],[0,-24],[-19,-29],[-19,-3],[-13,-21],[-28,1]],[[10210,8761],[-11,-3],[-11,21],[-13,6],[-78,0],[0,-26]],[[10097,8759],[-38,0]],[[10059,8759],[-1,315],[-4,50],[-139,-1],[-32,-1],[0,75],[2,98],[-2,158],[-1,205],[87,8],[319,-2]],[[17753,20840],[97,-207]],[[17415,20595],[-58,159]],[[11234,9397],[-2,-157],[1,-172],[2,-52],[1,-132],[-151,1],[-34,5],[-33,14],[-29,4],[-1,62],[-56,0],[1,84],[2,11],[0,118],[-177,0]],[[10758,9183],[-1,53],[-3,14],[1,410]],[[13244,5548],[31,51],[6,24],[13,9],[11,17],[27,30],[22,16],[37,16],[45,14],[42,16],[24,13],[208,122],[114,67],[27,18],[32,32],[196,230],[118,134],[62,76],[43,64],[20,26],[185,200],[52,58],[10,15]],[[14569,6796],[19,36],[12,30],[4,21],[2,59]],[[17503,5329],[-28,34],[-90,97],[-115,105],[-10,20],[-3,23],[5,22],[11,24],[19,29],[12,29],[3,59],[-16,48],[-20,37],[-30,24],[-44,26],[-17,6],[-46,-3],[-25,2],[-21,12],[-16,15],[-7,15],[-8,35],[-9,29],[-21,24],[-34,8],[-25,-10],[-25,-46],[-19,-22],[-53,-24],[-44,-14],[-24,0],[-34,10],[-24,24],[-25,44],[-31,28],[-35,38],[-21,35],[-24,52],[-29,33],[-37,4],[-44,-27],[-20,-35],[-13,-17],[-35,-16],[-30,3],[-12,8],[-21,37],[-30,15],[-45,11],[-23,10],[-26,27],[-5,15],[-5,59],[-15,13],[-27,7],[-94,-5],[-57,1],[-17,-6],[-49,-43],[-21,-11],[-26,-6],[-30,2],[-28,6],[-31,1],[-42,-9],[-21,-14],[-46,-58],[-33,-27],[-24,-14],[-17,-2],[-41,-23],[-10,-16],[3,-13],[34,-33],[13,-41],[18,-40],[20,-33],[9,-38],[-7,-41],[-8,-21],[-33,-39],[-156,-107],[-19,-20],[-4,-17],[20,-27],[21,-16],[16,-59],[5,-60],[-8,-22],[-27,-26],[-31,-3],[-62,0],[-83,-17],[-53,-14],[-39,-18],[-18,-24],[18,-21],[24,-11],[47,2],[20,-5],[13,-12],[12,-25],[-2,-19],[-13,-18],[-47,-27],[-58,-2],[-125,10],[-69,8],[-60,11],[-32,-3],[-109,-20],[-42,-1],[-27,11],[-77,-25],[-35,-2],[-47,-15],[-64,-26],[-48,-35],[-31,-28],[-39,-45],[-35,-63],[-28,-16],[-7,3],[5,54],[-11,23],[-11,7],[-94,2],[-56,-3],[-18,-4],[-9,-22],[10,-15],[2,-49],[-10,-15],[-32,-15],[-42,14],[-23,15],[-5,12],[19,46],[5,32],[15,39],[15,87],[0,35],[-11,37],[-6,74],[-8,20],[-17,19],[-26,17],[-36,8],[-31,-14],[-31,-39],[-26,-28],[-22,-17],[-30,-10],[-25,4],[-38,19],[-14,28],[-12,5],[-24,-14],[-51,-58],[-28,-27],[-44,-13],[-23,2],[-11,13],[-18,37],[-8,25],[-21,6],[-38,26],[-54,20],[-34,20],[-12,19],[-12,34],[-35,23],[-38,51],[-19,14],[-68,20]],[[5737,19524],[57,-203],[129,-404]],[[3064,17267],[-62,-12],[-37,0],[-36,-12],[-35,-21],[-29,-9],[-30,-1],[-24,-16],[-43,-19],[-50,-7],[-33,3],[-37,-13],[-56,-12],[-120,-8],[-43,3],[-65,10],[-85,9],[-57,12],[-74,11],[-20,10],[-32,7],[-5,7],[-65,19],[-16,11],[-21,5],[-25,-3],[-34,15],[-3,17],[4,28],[-18,2],[0,15],[-30,24],[-8,12],[-15,1],[9,19],[-2,19],[-35,40],[-2,11],[-26,33],[1,34],[-12,17],[-3,19],[17,29],[1,19],[15,28],[22,14],[4,12],[-12,20],[19,9],[-17,37],[-17,68],[10,6],[-26,36],[-25,59],[-5,30],[-10,24],[-25,38],[-7,29],[-33,21],[-34,25],[-17,25],[-13,34],[-25,25],[-10,14],[-44,46],[-9,23],[-53,55],[-46,41],[-8,29],[-46,40],[-29,34],[-4,14],[-27,21],[-15,27],[-5,25],[2,10],[-20,37],[12,54],[13,15],[6,19],[-15,41],[9,22],[1,56],[-23,51],[-29,74],[-4,26],[-12,30],[-23,72],[-18,73],[-13,35],[0,22],[-12,46],[-9,18],[-7,29],[-18,31],[-1,26],[-14,38],[-18,31],[-14,36],[-26,37],[-10,21],[-19,26],[-31,38],[-21,28],[-4,26],[-9,10],[-21,53],[-20,24],[-15,25],[-1,16],[-20,52],[2,54],[-39,68],[-8,18],[-43,66],[-15,35],[-10,11],[-29,12],[-32,38],[-18,29],[-10,8],[-27,-4],[-25,-13],[-28,-4],[-43,-2],[-37,17],[-83,5],[-9,9],[-50,10],[-42,27],[-33,34],[-26,21],[-20,22],[-40,34],[-32,40],[-17,26],[-3,16],[-18,24],[-26,50],[-25,61],[-24,64],[-10,15],[-35,82],[-8,30],[-12,27],[-8,43],[-9,29],[-14,17],[-6,36],[9,3],[633,147],[3,3],[934,222],[1121,257],[320,78],[350,87],[196,49],[149,32],[227,61],[538,165],[105,-10],[233,58],[50,20]],[[22154,8874],[62,-94],[70,-105],[105,-139],[28,-97],[11,-44],[55,8],[80,9],[195,15],[23,-5],[104,-1],[117,0],[3,2]],[[22470,5219],[-162,-4],[-304,-3]],[[21117,8363],[13,9],[28,9],[2,19],[-6,16],[23,15],[5,17],[25,11],[25,4],[26,10],[43,23],[15,15],[10,24],[67,64],[9,3],[154,28],[17,8],[54,58],[14,9],[138,50],[174,64],[35,11],[40,5],[126,39]],[[22313,9461],[5,10],[-4,31],[3,13],[14,19],[19,14],[98,70],[34,17]],[[22482,9635],[13,-26],[181,63],[68,24],[10,1]],[[22754,9697],[19,2],[-10,-21],[5,-25],[22,-36],[31,1],[10,-21],[19,-15],[27,-55],[5,-18],[14,0],[7,-29],[15,-35],[44,-113],[52,-162],[27,-80],[40,-109],[62,-156],[45,-129],[13,-45],[32,-61],[37,-76]],[[22154,8874],[11,112],[4,163],[21,155],[12,19],[111,138]],[[10414,17950],[-4,-10],[-27,-10],[-2,-22],[10,-52],[10,-23],[-20,-26],[-4,-15],[12,-28],[-3,-11],[12,-27],[-4,-29],[19,-9],[8,-19],[21,-4],[27,14],[20,-5],[17,3],[8,24],[23,-8],[6,-9],[24,-3],[2,-13],[-38,-56],[70,-300],[43,-115],[15,-51],[48,-110],[41,-88],[51,-72],[79,-50],[96,-26],[42,-47],[41,-53],[55,-82],[44,-140],[104,-69],[141,-104],[65,-78],[73,-99],[217,39],[-161,-166],[31,-76],[55,-69],[162,-225],[74,-179],[73,-199],[-29,-186],[1,-90],[13,-50],[10,-60],[14,-155],[27,-13]],[[12026,14699],[-22,-43],[-193,214],[-2,-95],[-198,-3],[-38,11],[5,39],[-2,7],[-24,25],[-48,34],[-8,8],[-83,152],[-23,30],[-25,-41],[-53,-75],[-28,-29],[-67,-30],[-28,-14],[-37,-24],[-32,-29]],[[10592,15081],[-25,3],[-158,45],[-185,-3],[-1,215],[-25,2],[-94,-2],[-117,-6],[-159,-3],[-237,-3],[-189,-2]],[[9402,15327],[-87,-1],[-18,-7],[-54,-42],[-37,41],[-24,21],[-43,26],[-82,40]],[[7316,16799],[69,69],[27,22],[21,11],[38,12],[326,52],[43,11],[530,190],[285,102],[75,27],[36,11],[42,7],[278,13],[42,11],[27,12],[182,116],[100,65],[184,118],[346,221],[21,13],[33,15],[30,6],[363,47]],[[19377,15488],[71,-158],[53,-113],[7,-27]],[[19508,15190],[7,-38],[16,-194]],[[19355,14746],[0,116],[12,33],[-3,218],[-19,76],[-19,82],[-7,14],[-70,88]],[[19249,15373],[10,12],[79,77],[39,26]],[[10746,12040],[116,-1],[-2,106]],[[10860,12145],[117,1],[4,-130],[3,-128],[1,-159]],[[10754,11727],[-3,98],[-5,215]],[[10518,11936],[175,-2],[-2,13],[-3,93],[58,0]],[[10640,11726],[-116,-3]],[[10524,11723],[-2,92],[-4,121]],[[10335,12089],[177,2],[6,-155]],[[10524,11723],[-117,-2]],[[10407,11721],[-118,-1]],[[10289,11720],[-7,211],[58,1],[-3,67],[-2,90]],[[10160,12094],[29,-6],[146,1]],[[10289,11720],[-118,-1]],[[10171,11719],[-11,375]],[[9177,12034],[111,30],[67,24],[85,23],[60,12],[62,7],[245,7]],[[9807,12137],[5,-175],[6,-155],[3,-97]],[[9821,11710],[-57,-2],[-178,-4],[-202,-3],[-32,2],[-66,-1]],[[9286,11702],[-109,332]],[[9821,11710],[232,6]],[[10053,11716],[9,-353],[8,-336],[3,-171]],[[10073,10856],[-294,-4],[-35,-2]],[[9744,10850],[-196,340],[-58,100],[-82,90],[-17,28],[-90,247],[-15,47]],[[9744,10850],[-39,1],[-155,0],[-310,-185],[-81,-52],[-21,-8],[-26,-3],[-47,9],[-52,32]],[[9013,10644],[48,38],[61,54],[34,49],[12,27],[19,54],[-3,13],[-34,65],[-15,19],[-56,49],[-25,15],[-45,31],[-23,14],[-76,38],[-17,4],[-130,10],[-60,-4],[-34,1],[-51,12],[-25,15],[-11,20],[9,17],[13,9],[33,13],[36,20],[15,12],[7,28],[-4,12],[-18,20],[-19,7],[-36,-11],[-14,6],[-47,-19],[-20,1],[-14,9],[-16,39],[-11,72],[-30,102],[-17,34],[-50,27]],[[8399,11566],[250,227],[28,23],[71,52],[38,24],[56,31],[64,28],[1,3],[111,36],[159,44]],[[9807,12137],[235,2]],[[10042,12139],[10,-370],[2,-20],[12,-33]],[[10066,11716],[-13,0]],[[10159,12139],[145,2],[252,2],[55,1],[121,0],[128,1]],[[10160,12094],[-1,45]],[[11207,12256],[3,-108]],[[11210,12148],[2,-65],[3,-248],[3,-104]],[[10860,12145],[-3,107]],[[7411,19195],[10,-238],[241,0],[229,2],[489,8],[238,4],[125,0],[92,2],[109,-1],[85,5],[413,6],[340,6],[102,1]],[[10014,13208],[112,1],[178,1],[292,4]],[[10596,13214],[4,-107],[1,-75],[3,-111]],[[10604,12921],[2,-107],[8,-233],[-1,-7]],[[10157,12193],[2,-54]],[[10159,12139],[-117,0]],[[10042,12139],[-9,322],[-2,105]],[[10014,13896],[39,-23],[61,-47],[45,-42],[86,-89]],[[10593,13347],[3,-133]],[[10010,13424],[-3,134],[-3,283],[2,30],[8,25]],[[10857,14296],[-10,-68],[-17,-137],[-8,-27],[-21,-46],[-15,-22],[-33,-34]],[[10753,13962],[-71,-49],[-29,-24],[-19,-22],[-18,-27]],[[10014,13896],[18,27],[145,114]],[[17857,18213],[91,-171],[48,-92]],[[17641,18118],[216,95]],[[14388,10275],[110,-126],[5,-1],[18,-35],[100,-190],[2,-7],[-1,-149],[-1,-158],[0,-108],[-1,-88]],[[12130,13462],[96,82],[70,63],[42,35],[168,145],[455,395],[33,24],[57,37]],[[13051,14243],[3,-7],[0,-126],[2,-331],[2,-99],[2,-390],[1,-127],[191,1],[170,2],[46,-46],[21,-39],[30,-116],[6,-35],[10,-25],[37,-45],[1,-9]],[[13573,12851],[-237,-261],[-59,-65],[-78,-92],[-63,-69],[-83,-84],[-229,-251],[-37,-42],[-137,-149]],[[10066,11716],[12,-21],[168,-225],[89,-120],[25,-23],[25,-15],[30,-12]],[[10415,11300],[42,-7],[116,-2],[81,0]],[[10654,11291],[2,-63],[1,-84],[8,-54],[8,-26],[45,-95],[8,-21],[11,-52],[3,-29]],[[10740,10867],[-203,-3],[-106,-3],[-130,-2],[-49,1],[-179,-4]],[[17109,21413],[116,-297]],[[17089,19928],[-39,67],[-18,48],[-5,26],[12,16],[-23,13],[-12,67],[-37,27],[3,36],[-12,3],[-27,54],[-1,48],[-13,41],[2,24],[-7,42],[6,26],[18,19],[9,28],[-7,25],[5,33],[-19,17],[-19,7],[-3,43],[-15,4],[-26,-8],[-3,15],[14,8],[7,35],[-27,18],[-11,17],[-19,7],[-6,-26],[-14,8]],[[19577,16041],[50,16],[86,23],[36,18],[-21,30],[17,9],[11,22],[24,-2],[19,-32],[60,30],[109,45]],[[19968,16200],[154,-310],[50,-90]],[[20172,15800],[-128,-55],[-4,-3],[-65,-30],[-109,-52]],[[19866,15660],[-168,79],[-12,45],[-28,-9],[-13,24]],[[19645,15799],[-50,105],[1,44],[13,27],[-32,66]],[[11107,7484],[14,-4],[31,-17],[21,5],[4,9],[24,-6],[27,7],[39,16],[42,10],[72,4],[43,-14],[19,-1],[4,-22],[18,-3],[22,3],[11,7],[76,0],[56,-38],[25,-10],[110,-24],[63,-20],[29,-8],[26,4],[32,-2],[51,-20]],[[11966,7360],[58,-27],[66,-48],[41,-33],[50,-13],[83,-10],[28,4],[77,-3],[276,-1],[13,-5],[103,-78],[17,-9],[36,-7],[109,10],[29,6],[118,-3],[117,-5],[35,-7],[18,-8],[36,-31],[53,-23],[10,-9],[21,-33]],[[13360,7027],[6,-18],[1,-32],[6,-11],[40,-35],[53,-55],[15,-8],[58,-14],[193,-44],[46,-6],[26,0],[302,0],[19,8],[24,24],[55,26],[34,2],[25,-9],[18,-13],[20,-25],[35,-13],[217,-3],[16,-5]],[[13244,5548],[-34,10],[-27,14],[-31,28],[-7,22],[-10,75],[-5,10],[-24,14],[-28,-2],[-11,62],[21,37],[7,53],[-4,27],[-18,22],[-32,26],[-27,27],[-38,44],[-39,54],[-19,10],[-55,12],[-18,14],[1,14],[25,53],[24,60],[-1,28],[-13,33],[-46,83],[-9,36],[-20,16],[-34,1],[-46,-7],[-29,6],[-565,14],[-488,14],[-707,17],[-483,12],[-288,-1]],[[10654,11291],[115,1],[94,2],[39,-4],[125,0]],[[10934,10869],[-194,-2]],[[13066,9506],[37,-27],[22,-13],[33,-11],[226,-43],[18,-1],[19,-11],[321,-212],[47,-37]],[[12544,8920],[-29,13],[-14,21],[-4,20],[-14,26],[-16,17]],[[12026,14699],[105,-50],[239,-79],[141,-86],[178,-10],[101,-44],[77,-48],[83,-89],[70,-16],[18,-14],[13,-20]],[[11695,13133],[-224,-103],[-128,-61],[-62,-20],[-28,-7]],[[11253,12942],[-38,-7],[-60,-5],[-143,-2]],[[11012,12928],[-2,77],[98,1],[33,4],[25,6],[1,47],[112,90],[41,15],[217,88],[-5,10],[0,190],[-4,16],[-27,37],[-44,42],[-10,15],[-23,67],[-2,10],[7,142],[12,31],[21,19],[49,30],[3,15],[-314,-6],[-160,-4],[-143,-3],[-43,4],[-29,16],[-72,75]],[[13573,12851],[18,-167],[1,-52],[-7,-94],[-26,-161],[-23,-71],[-9,-74],[15,-102],[5,-109]],[[13547,12021],[0,-11],[26,-137],[7,-82],[1,-43],[8,-70],[18,-57],[24,-52],[21,-24],[16,-40],[17,-69],[6,-40],[17,-65],[10,0],[13,-15],[59,-54],[32,-35],[22,-32],[22,-35],[60,-121],[4,-26],[-2,-30],[-7,-30],[-4,-57],[0,-26],[5,-42]],[[13113,10697],[-98,-26],[-23,-1],[-346,-5],[-5,322],[-3,93],[-6,13],[6,24],[-4,154],[-2,145],[-223,-5],[-24,-2],[-18,-7],[-14,33]],[[16837,19469],[7,117],[-2,28],[-13,43],[-49,93],[-77,146],[-5,26]],[[16698,19922],[6,34],[73,110],[-117,66],[-51,32],[-27,22],[-54,55]],[[14284,18995],[3,-115],[-37,-1],[4,-277],[24,-21],[1,-15],[10,-32],[16,-20],[5,-19],[-7,-128],[-33,-38],[-10,-20],[-9,-47],[-1,-30],[10,-34],[34,-33],[21,-10],[4,-16],[69,-125],[10,0],[57,-84],[27,-43],[391,-703],[48,-142],[31,-23],[23,-31],[23,-26],[54,-52],[22,-24],[48,-64],[15,-26],[25,-19],[8,-12],[5,-34],[21,-31],[47,-30],[24,-23],[15,-8],[27,-26],[4,-7],[-43,-94],[7,-54],[10,-42],[11,-14],[30,-14],[10,-10],[15,-29],[12,-7],[40,-48],[24,-10],[39,5],[17,-2],[52,-22],[31,2],[64,29],[24,7],[40,20],[79,20],[24,102]],[[15799,16445],[0,-177],[1,-64],[4,-34],[7,-18],[20,-34],[301,-339]],[[16132,15779],[-57,-42],[3,-4],[-58,-43],[-6,0],[-56,-35],[-84,-42],[-62,-37],[-170,-88],[-22,-9],[-116,-30],[-242,-87],[-20,-9],[-114,-59],[-22,-24],[-126,-40],[-96,-33],[-66,-28],[-25,-14],[-123,-62],[-213,-114],[-553,-289],[-66,-35],[-90,-46],[-263,-138],[-434,-228]],[[19225,14445],[0,-118]],[[19225,14327],[-90,0],[1,-21],[6,-12],[-1,-23],[-9,-15],[2,-116],[53,-2],[108,1],[46,3],[3,32]],[[19344,14174],[19,0]],[[19363,14174],[1,-149]],[[19363,13510],[-15,0],[-32,9],[-56,-9],[-15,9],[4,22],[-5,37],[-16,41],[-19,25],[-11,6],[-2,25],[16,33],[3,13],[-7,15],[-26,18],[-29,-8],[-10,7],[-17,26],[-19,14],[-28,5],[-21,-4],[-31,-15],[-29,-27],[-13,-3],[-25,20],[-19,25],[-5,29],[-10,27],[-7,32]],[[18919,13882],[66,-24],[20,1],[-5,61],[-3,14],[-86,0],[-22,26],[-4,47],[1,55],[6,9],[-9,21],[-2,151],[0,202]],[[17854,18565],[-14,25],[-75,55],[-46,-22],[-64,-27]],[[17655,18596],[-50,95],[-73,-31],[-50,96],[-52,-24]],[[17857,18213],[169,74]],[[10835,12925],[44,2],[133,1]],[[11253,12942],[-3,-28],[0,-65],[4,-196],[6,-68],[-63,-1]],[[10847,12578],[-12,347]],[[10067,7903],[117,0],[4,-6],[113,-1],[175,1]],[[10270,7460],[-114,-17],[-50,-16],[-169,12],[15,197],[112,74],[1,69],[2,124]],[[10067,7903],[0,86],[4,123]],[[17654,17098],[16,-44],[19,-64],[22,-22],[26,-18],[182,-116],[19,-16],[17,-21],[14,-30],[5,-48]],[[17974,16719],[2,-75],[4,-46],[9,-88],[7,-31],[11,-37],[18,-31],[28,-38],[27,-47]],[[18080,16326],[-18,-9],[-170,-72],[-111,-49]],[[17736,16177],[-83,-37],[-119,-51],[-159,-71]],[[17375,16018],[-98,-41],[-236,-107]],[[17041,15870],[-125,225],[-61,111],[-13,28]],[[16842,16234],[-8,26],[-15,62],[-18,40]],[[18265,16860],[-132,-56],[-93,-39],[-27,-22],[-39,-24]],[[18361,16449],[-63,-27],[-118,-53]],[[17755,18406],[25,-49],[77,-144]],[[18287,18570],[131,12],[226,3],[83,-180]],[[19284,17576],[93,-188]],[[19377,17388],[-104,-55],[-40,-1],[-190,-3],[-99,-3]],[[19716,14974],[47,0],[14,4]],[[19777,14978],[22,-43],[27,-57],[18,-57],[47,-105],[19,-55],[4,-29],[4,-61],[2,-90],[-61,1],[-36,10],[-42,23],[-19,17],[-41,48],[-40,53]],[[18919,13882],[-16,21],[-20,8],[-54,-4],[-39,21],[-25,-1],[-22,-21],[-26,9],[2,14],[15,17],[-1,17],[-18,32],[8,42],[-22,17],[-25,-9],[-22,-18],[-13,-19],[-17,-8],[-42,5],[-25,-12]],[[18354,14420],[28,12],[25,22],[12,23]],[[11516,8729],[86,0],[-2,30],[307,0]],[[11907,8759],[-5,-11],[-26,-18],[-16,-32]],[[11860,8698],[-23,-28],[-9,-17],[-9,-33],[-46,-24],[-15,-23],[-5,-17],[-1,-132]],[[11752,8424],[-98,0],[-22,-3],[-39,-29],[-16,-23],[-14,-34],[-25,-31],[-13,-23],[-9,-29],[-32,-42],[-31,-84]],[[11453,8126],[-13,-27],[-39,-32],[-18,-19],[-11,-24],[-1,-35],[5,-27],[-6,-22],[-18,-13]],[[11352,7927],[-38,72],[-13,22]],[[11964,8299],[29,4],[36,-26],[18,-7],[38,-7],[17,-9],[36,-38],[14,-11]],[[12152,8205],[48,-28],[26,-24],[83,-141],[23,-26],[85,-59]],[[12417,7927],[-99,-120],[-28,-22],[-25,-8],[-76,-12]],[[12189,7765],[0,297],[44,0],[12,5],[-37,63],[-15,18],[-104,67],[-20,-38],[-1,-36],[-13,-8],[-68,0],[-2,39],[-4,13],[-19,36],[1,36],[7,19],[-6,23]],[[10285,9929],[-239,1]],[[10046,9930],[-1,107],[14,1],[-2,58],[2,65],[-2,81],[58,3],[0,34],[58,1],[-1,42],[56,1],[2,40],[56,1],[0,64],[19,8],[60,-2],[122,3],[231,1],[43,0]],[[21797,12453],[62,2],[46,-5],[115,0]],[[22020,12450],[1,-109],[1,-178]],[[22022,12163],[-52,2],[-34,8],[-37,3],[-20,-5],[-411,-163]],[[19377,17388],[76,-152]],[[19453,17236],[-111,-42],[-38,-13],[-95,-37],[39,-71],[-35,-13],[-18,-11],[-89,-40]],[[19453,17236],[303,-610]],[[19756,16626],[-116,-42],[-46,-3],[-97,-1],[-6,3],[-170,-8]],[[20172,15800],[158,-289]],[[20330,15511],[-111,-46],[-88,-40],[-115,-22]],[[20016,15403],[-66,162],[-84,95]],[[21468,12008],[18,-47],[7,-40],[11,-22],[46,-59],[20,-23],[39,-55],[53,-102],[39,-80],[6,-26],[22,-35],[-2,-13]],[[21727,11506],[-83,-31],[-123,-29],[-45,-18]],[[21077,12305],[-17,22],[-46,38],[-106,85],[-109,86],[-255,203],[-41,23],[-28,9],[-164,33]],[[20311,12804],[-5,15],[67,3],[24,-4],[13,43],[-2,16],[-13,16],[-37,11],[-15,12],[-45,53],[127,62],[50,31],[109,53],[53,22],[79,41],[6,-2]],[[20961,11862],[87,69],[-61,126],[-21,40]],[[20966,12097],[84,34],[20,-38],[92,37]],[[20963,11812],[-2,50]],[[20669,12057],[39,10],[17,1]],[[20725,12068],[71,1],[48,7],[122,21]],[[20961,11862],[-29,-22],[-8,5],[-178,8],[-11,-4],[-57,51],[-10,26],[1,131]],[[22074,10854],[36,-67],[75,-136],[67,-130]],[[22252,10521],[-74,10],[-73,-2],[-8,-3]],[[22097,10526],[-86,-43],[-24,-10],[-46,-23]],[[21941,10450],[-44,72],[15,4],[-48,109],[59,1],[20,4],[66,29],[-71,118],[95,46],[41,21]],[[17512,18415],[-29,53],[25,12],[-16,31],[52,23],[-4,11],[115,51]],[[17467,21446],[157,-332]],[[20725,12068],[-25,84],[17,8],[60,16],[83,39],[13,8],[204,82]],[[17076,22280],[35,-83],[162,-342]],[[9323,9558],[10,22],[25,6],[29,-35],[23,-11],[34,10],[50,72],[24,46],[-1,28],[-33,49],[3,61],[4,19],[31,79],[20,20],[20,5],[307,1],[177,0]],[[10059,8759],[-97,0],[3,-570],[-2,-77]],[[9963,8112],[-221,1],[-160,-1],[-185,0],[-147,0],[-46,2],[-31,7],[-20,-9]],[[9153,8112],[15,47],[11,25],[7,44],[-4,28],[-7,14],[-21,30],[16,20],[13,-3],[37,-20],[17,6],[-2,24],[-34,28],[-47,5],[-22,5],[-29,24],[-8,23],[12,69],[-3,27],[-17,22],[-43,35],[-12,14],[-3,15],[15,38],[17,21],[48,29],[19,26],[-1,15],[-9,13],[-45,26],[-23,23],[-3,23],[10,20],[22,28],[23,36],[32,40],[66,79],[21,2],[23,-9],[17,2],[0,20],[-8,25],[-13,7],[-4,57],[-14,58],[-18,24],[-33,34],[-6,17],[-1,27],[14,32],[14,13],[60,14],[14,11],[9,15],[-1,36],[-13,20],[-38,40],[-6,20],[10,18],[19,11],[11,-1],[42,16],[23,17],[1,21]],[[18500,16178],[-36,-16],[-67,-26],[-138,-57]],[[19377,16466],[41,-96],[159,-329]],[[19645,15799],[-180,-77],[-15,12],[-30,-14]],[[17903,15618],[0,173],[1,60]],[[18118,15850],[38,-56],[18,-37],[7,-42]],[[17858,15083],[-9,45],[-9,25],[-21,38],[-16,21],[-27,27],[-170,140],[-33,32],[33,26],[47,23],[55,7],[194,-1],[1,152]],[[20016,15403],[49,-117],[65,-207]],[[20130,15079],[-39,-10],[4,-24],[-26,-7],[-46,12],[-33,-6],[-66,-8],[-17,-13],[-19,-3],[-10,11],[-22,-22],[-79,-31]],[[19508,15190],[18,-8],[73,1],[-11,19],[-4,17],[60,13],[62,17],[8,-4],[156,44],[-45,128],[-7,29],[3,66],[8,46],[24,74],[13,28]],[[21664,9602],[147,53]],[[21811,9655],[123,43],[249,87]],[[22183,9785],[23,-82]],[[22206,9703],[-42,-11],[-246,-88],[-221,-80],[-33,78]],[[18275,19125],[39,-81],[11,-14],[47,-92],[67,-147]],[[18439,18791],[-164,-3],[-97,-8]],[[18521,19222],[184,-388]],[[18705,18834],[-124,-40],[-142,-3]],[[18705,18834],[180,-378]],[[17550,15079],[308,4]],[[10014,13896],[-37,22],[-28,24],[-75,86],[-159,178]],[[9715,14206],[-107,121],[-83,81],[3,5],[-1,239],[75,1],[35,-2],[1,12],[-2,104],[-110,16],[-89,11]],[[9437,14794],[2,12],[0,67],[-10,16],[-23,16],[-4,422]],[[17903,15618],[-15,14],[-24,11],[-8,-11],[-33,-24],[-18,-4],[-73,0],[-14,3],[-24,17],[-58,74],[-88,117],[-20,17],[-80,36],[-27,22],[-24,47],[-9,54],[-13,27]],[[17339,15329],[-145,263],[-74,132],[-79,146]],[[19377,15488],[-9,23]],[[19368,15511],[-96,211]],[[19355,14446],[4,-13],[3,-160],[1,-99]],[[19344,14174],[0,44],[-4,3],[-47,-1],[-68,1],[0,31],[-7,21],[0,27],[7,27]],[[22252,10521],[104,-196],[60,-101],[64,-141],[138,-152],[40,-39],[48,-63],[36,-57],[-16,0],[-5,-22],[22,3],[5,-24],[-4,-18],[10,-14]],[[22482,9635],[-16,52],[-5,32],[-58,183],[-3,1],[-22,70],[-29,68],[-20,-1],[0,28],[13,0],[-35,80],[-33,63],[-108,194],[-17,33],[-52,88]],[[21669,9992],[48,18],[26,7],[310,110]],[[22053,10127],[46,-103],[39,-94],[45,-145]],[[21811,9655],[-142,337]],[[21537,10301],[345,122],[33,14]],[[21915,10437],[52,-115],[86,-195]],[[21669,9992],[-39,90]],[[21630,10082],[-93,219]],[[21664,9602],[-151,355],[-30,73],[147,52]],[[8979,14863],[59,378],[2,31],[-4,42]],[[9437,14794],[-208,30],[-38,8],[-212,31]],[[10654,11291],[-3,162],[-2,54]],[[10758,9183],[-4,-55],[-6,-28],[-25,-94],[-12,-35],[-58,-208]],[[10653,8763],[-8,-6],[-193,1],[-47,-6],[-195,1],[0,8]],[[14109,8034],[14,26],[28,26],[53,44],[19,30],[4,21],[1,146],[10,25],[108,119]],[[13066,9506],[82,72],[33,37],[81,60],[60,41],[16,25]],[[13349,9728],[11,-23],[64,-157],[26,-53],[23,-26],[27,-12],[78,-9],[31,-11],[21,20],[15,2],[265,1]],[[11525,8759],[54,174],[7,-2],[14,45]],[[11923,8958],[0,-38],[25,-42],[3,-17],[-12,-44],[-19,-28],[-13,-30]],[[12467,9017],[-273,-237],[-21,-16],[-40,-6],[-226,1]],[[16132,15779],[212,156],[123,90],[141,105],[10,-22],[-9,-34],[-3,-52],[25,-66],[-10,-10],[-9,-27],[22,-23],[15,-27],[11,-57],[28,-33],[27,-14],[8,-20],[-27,-12],[3,-13],[132,57],[-14,50],[-23,103],[-31,117],[-39,135],[118,52]],[[17197,14572],[10,-74],[19,-64],[5,-58]],[[17231,14376],[-198,-4],[-266,-5],[-1,52],[-66,-1],[-28,-49],[33,-45],[34,-330],[32,-286],[-1115,24],[-279,6],[-97,-552],[-257,-530],[-37,-83],[-104,-220],[-67,-200]],[[14815,12153],[-38,11],[-42,7],[-104,8],[-69,8],[-106,17],[-67,2],[-232,-5],[-35,-3],[-44,-10],[-38,-14],[-69,-33],[-52,-20],[-27,-7],[-184,-33],[-34,-9],[-127,-51]],[[14540,18824],[34,-16],[35,-9],[116,-15],[422,-54],[191,-26],[42,-4],[40,1],[53,8],[64,19],[96,25],[57,17]],[[16269,17756],[-57,-24],[-120,-58],[-194,-84],[-42,-27],[-26,-24],[-18,-26],[-9,-23],[-7,-45],[0,-232],[1,-304],[1,-297],[1,-167]],[[11853,12059],[-113,-5],[-34,1],[-47,15],[-139,74],[-18,5],[-292,-1]],[[20301,14792],[11,6],[147,63],[187,82]],[[20646,14943],[384,-518]],[[20786,14312],[-20,-12],[-35,-4],[-30,-22],[-63,3],[-6,13],[-27,1],[-71,11]],[[20354,14697],[-78,84],[25,11]],[[20620,14052],[56,-50],[53,18],[84,-39],[61,-57],[46,-73],[24,-51],[10,-85],[159,-136],[29,-16],[-13,-58],[32,-64],[52,-54],[97,0],[137,2],[3,30],[10,19],[3,17],[16,22],[42,20],[28,4],[44,-1],[-24,23]],[[21663,13571],[125,-123],[322,-732],[124,-229]],[[22234,12487],[-109,-38],[-14,1],[-91,0]],[[20856,13369],[-9,20],[-126,236],[-135,260],[-22,-2]],[[10225,8322],[2,47],[23,38],[1,11],[-14,24],[-42,38],[27,19],[-11,19],[3,23],[-14,25],[20,21],[10,29],[-41,4],[-41,11],[-2,28],[-35,1],[-1,27],[-13,23],[0,49]],[[22460,11538],[146,68],[27,-50],[13,-12],[24,-36],[44,-89],[11,-11],[14,-28],[14,-12],[32,-56],[-90,-45],[-36,-21],[-79,122],[-39,52],[-34,44],[-18,36],[-29,38]],[[22234,12487],[135,-235]],[[22369,12252],[-110,-48],[-14,-9],[-51,-23],[-13,-12],[-32,5],[-74,-2]],[[22075,12163],[-53,0]],[[22369,12252],[208,-340]],[[22577,11912],[-145,-73],[-122,-56],[-55,84],[-60,97],[-33,66],[-24,42],[-58,73],[-5,18]],[[21938,11110],[6,-11]],[[21944,11099],[130,-245]],[[21941,10450],[-26,-13]],[[21915,10437],[-88,199],[-90,203],[-31,67],[-55,129]],[[21651,11035],[80,30],[98,38],[94,35],[15,-28]],[[21727,11506],[17,2],[194,-398]],[[21651,11035],[-51,108],[-67,156],[-35,77],[-22,52]],[[26790,5219],[-390,599],[-660,1103],[-462,752],[-99,180],[-363,579],[-1146,1764],[-109,166],[-98,119],[-432,698]],[[23031,11179],[-454,733]],[[20646,14943],[-20,28],[-296,540]],[[19968,16200],[-212,426]],[[18226,19841],[-163,342]],[[16416,23808],[153,2],[1050,124],[263,31],[244,-528],[733,-1585],[245,-528],[71,-154],[316,-646],[454,-928],[469,-957],[262,-674],[177,-453],[391,-858],[148,-325],[400,-776],[887,-1119],[14,-13],[492,-753],[335,-512],[548,-871],[359,-571],[354,-564],[310,-492],[544,-866],[181,-288],[7,-14],[390,-591],[576,-900],[211,-330],[328,-494],[493,-740],[493,-740],[329,-494],[-338,4],[-1016,10],[-499,4]],[[16440,19590],[29,26],[8,17],[17,-3],[19,-10],[22,-25],[26,18],[-5,34],[-30,12],[-6,22],[35,26],[-17,14],[-44,11],[-23,10],[-14,23],[83,34],[103,119],[7,5],[48,-1]],[[16678,19453],[-31,31],[-29,18],[-29,27],[-12,7],[-67,12],[-51,26],[-19,16]],[[12417,7927],[82,101],[20,17],[47,21],[17,12],[19,22],[34,57]],[[12624,7868],[-59,1],[-67,11],[-32,14],[-49,33]],[[12202,8605],[-74,33]],[[12128,8638],[-32,17],[-33,7],[-90,0],[-33,8],[-39,18],[-41,10]],[[12418,8424],[-36,-49],[-18,-19],[-34,-27],[-21,-11],[-77,-29],[-28,-16],[-11,-13],[-41,-55]],[[11964,8299],[-6,19],[3,43],[-6,28],[4,20],[30,29],[5,15],[1,86],[98,0],[1,25],[34,74]],[[11964,8299],[-24,1],[-28,21],[-29,6],[-40,1],[-33,10],[-22,17]],[[11788,8355],[-30,46],[-6,23]],[[10604,12921],[231,4]],[[20100,11253],[101,4],[30,7],[7,9],[21,47],[23,32],[49,65],[39,42],[147,83],[59,31],[79,44]],[[20008,11705],[65,1],[107,3],[117,2],[115,1],[96,2]],[[10415,11300],[-1,9],[-3,160],[-2,39],[-2,160],[0,53]],[[10066,11716],[105,3]],[[23031,11179],[-134,-53],[4,-7]],[[22901,11119],[-152,-1],[-100,-7]],[[22649,11111],[-46,0],[-264,-8],[-86,-3],[-309,-1]],[[20669,12057],[-150,9],[-28,3],[-134,22]],[[20357,12091],[-5,23],[11,55],[30,39],[-4,5],[-61,0],[14,32],[9,12],[84,0],[-7,18],[5,13],[18,6],[0,27],[29,15],[-7,13],[-28,0],[-4,27],[-9,0],[-4,83],[2,16],[-25,16],[4,15],[30,11],[-11,16],[-25,-11],[-38,21],[-21,4],[-2,25],[-35,-2],[-1,15],[26,2],[9,6],[13,29],[-24,11],[0,22],[-7,15],[10,37],[19,36],[-8,29],[-10,17],[-23,15]],[[9715,14206],[-25,-23],[-3,-18],[-56,9],[-101,1],[-2,37],[-30,12],[-262,40],[-30,28],[-19,0],[5,145],[-33,3],[-153,25],[-27,2],[-60,10],[60,386]],[[12803,9699],[36,44],[59,66],[36,18],[23,3],[148,3],[31,0],[54,10],[-21,156],[-8,21]],[[12994,10138],[-1,-42],[12,-1],[45,-49],[-57,-2],[0,32],[-38,-1],[0,-31],[-99,-2],[0,105],[-44,2],[1,-38],[16,0],[10,11],[-1,-80],[-40,-1],[1,49],[-15,-1],[-1,-49],[-14,0],[-1,105],[-17,2],[-85,-3],[0,60],[-4,14],[-88,-12],[7,14],[22,19],[-12,26],[-15,-20],[-17,-2],[-15,4],[-30,-3],[-7,19],[9,18],[17,-2],[31,8],[12,-5],[11,12],[-21,9],[-13,0],[0,19],[-7,21],[0,56],[48,2],[0,48],[-94,-3],[-154,-2],[-110,2],[-56,0],[-4,22],[-3,193],[1,129],[-18,3]],[[12156,10793],[25,80]],[[11788,8355],[-22,-13],[7,-20],[-2,-38],[3,-19],[25,-46],[26,-68],[0,-63],[-9,-30],[9,-37],[16,-18],[18,-7],[12,-12],[4,-13],[0,-119]],[[11875,7852],[-48,-9],[-18,-8],[-23,-26],[-28,-22],[-25,-8],[-24,-1],[0,158],[-3,32],[-9,19],[-32,31],[-30,41],[-12,4],[-63,0],[-17,5],[-26,32],[-18,10],[-46,16]],[[16229,19717],[17,-8],[33,-7],[15,-12],[30,-68],[5,-21],[31,0],[72,-8],[8,-3]],[[20130,15079],[58,-182],[113,-105]],[[22649,11111],[38,-137],[-4,-16],[-40,23],[-1,-26],[40,-43],[-6,-16],[8,-20],[-18,-22],[19,-37],[7,3],[6,36],[10,22],[-10,24],[8,6],[3,19],[17,3],[26,-17],[10,-13],[-16,-12],[-9,-17],[32,-24],[34,-7],[9,-10],[-5,-22],[-13,-9],[21,-32],[-15,-25],[18,-15],[9,11],[24,4],[30,-3],[35,-11],[37,-18],[7,-9],[9,-28],[-20,-34],[53,-2],[44,50],[12,10],[25,4],[21,14],[-54,73],[-29,44],[-120,200],[44,24],[-20,37],[-24,26]],[[26790,5219],[-104,1],[-312,1],[-23,-1],[-138,1],[-561,-2],[-757,-2],[-8,0],[-183,1],[-59,4],[-67,1],[-104,-3],[-56,2],[-173,-2],[-208,-1],[-11,1],[-435,-2]],[[20311,12804],[-76,16],[-34,11],[-30,16],[-246,174],[-65,49],[-25,30],[-9,14],[-83,187],[-65,148],[-16,34],[-14,41],[-6,31],[-7,92]],[[20357,12091],[-31,2],[-23,-4],[-29,-15],[-61,-53],[-20,-7],[-52,-4],[-17,2],[-151,55],[-73,56],[-18,11],[-232,117],[-289,143],[-33,14],[-42,10],[-23,13],[-80,86],[-13,18],[-14,35],[-46,133],[-13,15],[-21,5],[-113,-10]],[[22206,9703],[13,-34],[19,-37],[38,-92],[37,-79]],[[12156,10793],[-44,-145],[-95,-311],[-97,-313],[-1,-9]],[[10754,10565],[-5,64],[-8,130],[1,57],[-2,51]],[[8399,11566],[-18,15],[-21,9],[-79,23],[-41,22],[-13,37],[5,17],[22,40],[6,16],[-1,33],[-5,18],[-28,41],[-35,37],[-29,22],[-31,11]],[[8131,11907],[5,15],[22,-1],[-10,24],[5,20],[-6,55],[1,48],[6,28],[5,45],[8,15],[1,15],[-22,56],[-28,12],[-15,17],[8,23],[15,15],[4,22],[-2,49],[-15,11],[-1,19],[-14,36],[-13,13],[-17,37],[-19,18],[-48,26],[-3,34],[-5,12],[2,31],[10,21],[23,25],[20,9],[36,4],[14,6],[8,26],[9,6],[33,2],[93,-5],[90,12],[37,-5],[12,3],[47,-4],[46,-17],[32,12],[35,29],[14,7],[42,-1],[17,13],[6,23],[-2,9],[-25,22],[1,23],[33,-11],[13,22],[1,31],[-3,39],[-9,36],[39,19],[17,23],[47,3],[36,16],[70,18],[7,-2],[165,-26],[151,-22],[82,-12]],[[13360,7027],[26,13],[12,15],[16,35],[-4,42],[-15,34],[2,50],[6,20],[24,41]],[[18963,12713],[11,-119],[4,-30],[12,-42],[28,-58],[128,-203],[76,-121],[238,-378],[39,-63]],[[17230,11648],[3,25],[66,435],[2,37],[-31,456]],[[17231,14376],[5,-94],[0,-167],[3,-206],[5,-160]],[[17270,12601],[-119,-42],[-160,-54],[-177,-69],[-44,-27],[-25,-26],[-66,-95],[-34,-34],[-36,-21],[-147,-73],[-47,-45],[-24,-9],[-134,-20],[-23,-1],[-158,28],[-15,2],[-85,-2],[-31,-2],[-264,-45],[-16,-2],[-8,-13],[-24,2],[-617,39],[-60,10],[-32,10],[-109,41]],[[12189,7765],[-29,-6],[-22,-11],[-29,-25]],[[12109,7723],[-18,16],[-49,25],[-24,25],[-13,25],[-24,25],[-37,17],[-42,1],[-27,-5]],[[9323,9558],[-17,3],[-60,-16],[-21,-2],[-41,14],[-19,22],[-6,24],[9,39],[44,52],[14,30],[6,28],[-5,13],[-26,15],[-23,1],[-32,-26],[-39,-45],[-24,-14],[-26,4],[-9,21],[9,18],[16,12],[61,39],[52,24],[18,35],[-8,23],[-22,17],[-16,5],[-80,-3],[-32,3],[-23,18],[-5,28],[9,30],[9,8],[26,6],[8,19],[-6,32],[-38,23],[-39,11],[-55,-38],[-20,2],[-34,-5],[-28,-10],[-43,1],[-76,75],[-4,17],[8,9],[44,9],[55,19],[8,-3],[-16,-22],[7,-10],[21,18],[3,20],[13,28],[-9,42],[-34,61],[-14,10],[-14,23],[-29,56],[-8,33],[13,11],[19,-14],[22,-2],[20,-12],[38,0],[28,11],[13,8],[24,41],[10,53],[2,44],[8,30],[23,43],[31,27]],[[12242,7525],[-95,-20],[-39,-3],[-62,2]],[[12046,7504],[-1,118],[5,32],[17,28],[42,41]],[[9963,8112],[108,0]],[[10041,6576],[-37,5],[-123,37],[-59,25],[-41,14],[-37,28],[-47,42],[-30,34],[-43,36],[-21,31],[-49,24],[-38,-5],[-57,-16],[-77,-3],[-137,29],[-106,9],[-49,8],[-20,14],[-17,19],[-9,19],[1,21],[18,31],[19,16],[45,22],[29,20],[10,12],[8,24],[-2,58],[3,42],[13,19],[29,16],[37,-31],[30,-1],[-19,71],[-9,52],[-23,16],[-21,7],[-30,2],[-37,6],[-53,19],[-87,16],[-69,5],[-20,13],[-13,15],[-2,25],[4,26],[21,48],[23,24],[28,9],[44,9],[8,26],[-14,31],[-66,56],[-64,62],[-34,45],[-12,34],[17,23],[16,2],[22,-5],[23,-23],[15,-3],[16,5],[0,15],[-14,23],[-21,22],[-30,48],[-17,55],[-5,55],[1,33],[15,37],[29,36],[27,8],[28,-5],[23,-16],[51,-51],[30,-23],[26,-10],[23,6],[15,12],[10,19],[6,34],[8,23]],[[11352,7927],[51,-102],[4,-6],[122,-128],[6,-9],[0,-27],[211,0],[1,-151],[149,2],[63,0],[6,6],[37,-7],[44,-1]],[[12046,7504],[-1,-21],[-19,-37],[-43,-50],[-17,-28],[0,-8]],[[8131,11907],[-38,-5],[-30,-16],[-21,-17],[-16,13],[1,18],[23,43],[7,59],[-1,27],[-16,29],[-24,27],[-73,62],[-53,51],[-62,74],[-32,14],[-29,-7],[-29,0],[-19,-5],[-32,-22],[-17,-18],[-26,-4],[-15,7],[-29,32],[-5,15],[-10,64],[-26,40],[-22,22],[-33,21],[-29,13],[-19,0],[-34,-12],[-42,1],[-39,24],[-18,18],[-66,95],[-24,26],[-51,37],[-49,21],[-20,1],[-33,-6],[-32,-34],[-27,-1],[-20,7],[-22,22],[-21,32],[-20,17],[-23,8],[-30,27],[-19,26],[-29,50],[-25,27],[-71,95],[-38,69],[-46,74],[-29,49],[-17,22],[-18,6],[-40,-3],[-71,-14],[-45,-3],[-37,9],[-28,12],[-21,21],[-13,27],[-5,57],[16,50],[2,27],[-13,86],[-15,19],[-22,13],[-45,18],[-24,6],[-23,15],[-10,20],[-6,58],[12,48],[22,27],[28,22],[14,8],[20,0],[46,8],[16,8],[26,36],[-6,43],[-42,67],[-20,52],[-2,66],[-11,53],[-34,65],[-19,11],[-50,15],[-60,11],[-28,12],[-35,21],[-30,14],[-42,10],[-25,-1],[-45,-6],[-72,-49],[-34,-13],[-34,-7],[-94,-3],[-42,-4],[-36,-6],[-78,-25],[-78,-7],[-53,8],[-44,31],[-21,21],[-24,17],[-40,5],[-30,-6],[-33,-1],[-51,6],[-65,17],[-34,16],[-30,29],[15,54],[29,49],[5,34],[-8,28],[-28,49],[-34,34]],[[19368,15511],[-16,-4],[-175,2],[-31,-7],[-185,-100],[-36,-25],[-63,-28]],[[19249,15373],[-13,-17],[-59,-102],[-91,-154],[-40,-38],[-20,-12]]],"transform":{"scale":[0.00003552148867087954,0.00003420822032130193],"translate":[-81.680903,28.612662]},"objects":{"Geometry\\12-127":{"type":"GeometryCollection","geometries":[{"arcs":[[0,1,2,3]],"type":"Polygon","properties":{"GEOID":"121270803001"}},{"arcs":[[4,5,6,7,8]],"type":"Polygon","properties":{"GEOID":"121270813002"}},{"arcs":[[9,10,11,-2]],"type":"Polygon","properties":{"GEOID":"121270803002"}},{"arcs":[[12,13,14,15,16]],"type":"Polygon","properties":{"GEOID":"121270816001"}},{"arcs":[[17,-17,18,19,20]],"type":"Polygon","properties":{"GEOID":"121270816002"}},{"arcs":[[21,22,23,24,25]],"type":"Polygon","properties":{"GEOID":"121270804002"}},{"arcs":[[26,27,28,29,30]],"type":"Polygon","properties":{"GEOID":"121270805001"}},{"arcs":[[-29,31,32,33,34]],"type":"Polygon","properties":{"GEOID":"121270805002"}},{"arcs":[[-30,-35,35,36,37,38]],"type":"Polygon","properties":{"GEOID":"121270806001"}},{"arcs":[[39,40,41,42,43,44]],"type":"Polygon","properties":{"GEOID":"121270806002"}},{"arcs":[[-24,45,-41,46,47]],"type":"Polygon","properties":{"GEOID":"121270807001"}},{"arcs":[[-47,-40,48,49]],"type":"Polygon","properties":{"GEOID":"121270807002"}},{"arcs":[[50,51,52,53]],"type":"Polygon","properties":{"GEOID":"121270808031"}},{"arcs":[[54,-37,55,56,57,58,-53]],"type":"Polygon","properties":{"GEOID":"121270808033"}},{"arcs":[[59,-54,-59,60,61,62]],"type":"Polygon","properties":{"GEOID":"121270808051"}},{"arcs":[[-58,63,64,65,-61]],"type":"Polygon","properties":{"GEOID":"121270808052"}},{"arcs":[[-65,66,67,68,69,70,71,72]],"type":"Polygon","properties":{"GEOID":"121270808053"}},{"arcs":[[73,74,75,76,77,78,79]],"type":"Polygon","properties":{"GEOID":"121270832032"}},{"arcs":[[80,81,82,83,84]],"type":"Polygon","properties":{"GEOID":"121270825061"}},{"arcs":[[-83,85,86,87,88,89]],"type":"Polygon","properties":{"GEOID":"121270825062"}},{"arcs":[[90,91,92,93,94,95,96]],"type":"Polygon","properties":{"GEOID":"121270818002"}},{"arcs":[[97,98,99,100,-93]],"type":"Polygon","properties":{"GEOID":"121270818003"}},{"arcs":[[-16,101,102,103,104,-19]],"type":"Polygon","properties":{"GEOID":"121270819001"}},{"arcs":[[-104,105,106,-99]],"type":"Polygon","properties":{"GEOID":"121270819002"}},{"arcs":[[107,108,109,-100,-107]],"type":"Polygon","properties":{"GEOID":"121270820001"}},{"arcs":[[110,111,112,113,114,115,-108,-106,-103]],"type":"Polygon","properties":{"GEOID":"121270820002"}},{"arcs":[[116,-8,117,118,119,120,-114]],"type":"Polygon","properties":{"GEOID":"121270820003"}},{"arcs":[[-115,-121,121,122,123,124]],"type":"Polygon","properties":{"GEOID":"121270821001"}},{"arcs":[[-124,125,126]],"type":"Polygon","properties":{"GEOID":"121270821002"}},{"arcs":[[-126,-123,127,128,129,130,131]],"type":"Polygon","properties":{"GEOID":"121270821003"}},{"arcs":[[132,133,134,-130]],"type":"Polygon","properties":{"GEOID":"121270821004"}},{"arcs":[[-116,-125,-127,-132,135,-109]],"type":"Polygon","properties":{"GEOID":"121270821005"}},{"arcs":[[136,137,138,139,-133,-129,140]],"type":"Polygon","properties":{"GEOID":"121270822012"}},{"arcs":[[-119,141,142,-137,143]],"type":"Polygon","properties":{"GEOID":"121270822013"}},{"arcs":[[-140,144,145,146,147,-134]],"type":"Polygon","properties":{"GEOID":"121270822021"}},{"arcs":[[-139,148,149,150,151,152,153]],"type":"Polygon","properties":{"GEOID":"121270824011"}},{"arcs":[[-145,-154,154,155]],"type":"Polygon","properties":{"GEOID":"121270824041"}},{"arcs":[[-146,-156,156,157,158,159]],"type":"Polygon","properties":{"GEOID":"121270824042"}},{"arcs":[[160,161,162]],"type":"Polygon","properties":{"GEOID":"121270824052"}},{"arcs":[[163,164,165,-159]],"type":"Polygon","properties":{"GEOID":"121270824053"}},{"arcs":[[-158,166,-163,167,-164]],"type":"Polygon","properties":{"GEOID":"121270824054"}},{"arcs":[[-168,-162,168,169,170,171,-165]],"type":"Polygon","properties":{"GEOID":"121270824061"}},{"arcs":[[172,173,-89,174,175,176]],"type":"Polygon","properties":{"GEOID":"121270824102"}},{"arcs":[[177,178,179,180,181]],"type":"Polygon","properties":{"GEOID":"121270802013"}},{"arcs":[[182,183,184,185,186,187,188]],"type":"Polygon","properties":{"GEOID":"121270910212"}},{"arcs":[[189,190,191]],"type":"Polygon","properties":{"GEOID":"121270910332"}},{"arcs":[[-180,192,193,194,195]],"type":"Polygon","properties":{"GEOID":"121270802022"}},{"arcs":[[-181,-196,196,197]],"type":"Polygon","properties":{"GEOID":"121270802023"}},{"arcs":[[198,199,200,201,202,203]],"type":"Polygon","properties":{"GEOID":"121270910204"}},{"arcs":[[204,205,206,207,208]],"type":"Polygon","properties":{"GEOID":"121270830092"}},{"arcs":[[-23,209,210,-42,-46]],"type":"Polygon","properties":{"GEOID":"121270804001"}},{"arcs":[[211,212,213,214,215]],"type":"Polygon","properties":{"GEOID":"121270832101"}},{"arcs":[[-87,216,217,218]],"type":"Polygon","properties":{"GEOID":"121270825122"}},{"arcs":[[219,-177,220]],"type":"Polygon","properties":{"GEOID":"121270824104"}},{"arcs":[[-84,-90,-174,221]],"type":"Polygon","properties":{"GEOID":"121270824101"}},{"arcs":[[222,223,224,225]],"type":"Polygon","properties":{"GEOID":"121270825103"}},{"arcs":[[226,227,228,229,230,231]],"type":"Polygon","properties":{"GEOID":"121270825131"}},{"arcs":[[232,233,234,235,236]],"type":"Polygon","properties":{"GEOID":"121270828024"}},{"arcs":[[-218,237,-232,238,239,240]],"type":"Polygon","properties":{"GEOID":"121270825123"}},{"arcs":[[241,242,243,244,245,246]],"type":"Polygon","properties":{"GEOID":"121270824152"}},{"arcs":[[247,248,-170,249,-153]],"type":"Polygon","properties":{"GEOID":"121270824013"}},{"arcs":[[250,251,-246,252,253]],"type":"Polygon","properties":{"GEOID":"121270824122"}},{"arcs":[[254,-172,-81,255]],"type":"Polygon","properties":{"GEOID":"121270824142"}},{"arcs":[[-235,256,257,258,259,260]],"type":"Polygon","properties":{"GEOID":"121270828022"}},{"arcs":[[261,262,263,264,265,266]],"type":"Polygon","properties":{"GEOID":"121270832112"}},{"arcs":[[267,268,269,270,271]],"type":"Polygon","properties":{"GEOID":"121270910302"}},{"arcs":[[272,-186,273,-204,274,275]],"type":"Polygon","properties":{"GEOID":"121270910201"}},{"arcs":[[276,277,278,279]],"type":"Polygon","properties":{"GEOID":"121270909062"}},{"arcs":[[280,281,282,283]],"type":"Polygon","properties":{"GEOID":"121270823022"}},{"arcs":[[284,285,-72,286,-281,287,288]],"type":"Polygon","properties":{"GEOID":"121270808081"}},{"arcs":[[-287,-71,289,290,291,292,293,-282]],"type":"Polygon","properties":{"GEOID":"121270823021"}},{"arcs":[[294,-62,295]],"type":"Polygon","properties":{"GEOID":"121270808092"}},{"arcs":[[296,-296,-66,-73,-286,297]],"type":"Polygon","properties":{"GEOID":"121270808091"}},{"arcs":[[298,299,300,301,302]],"type":"Polygon","properties":{"GEOID":"121270910311"}},{"arcs":[[303,304,-38,-55,-52]],"type":"Polygon","properties":{"GEOID":"121270808032"}},{"arcs":[[305,-31,-39,-305,-44]],"type":"Polygon","properties":{"GEOID":"121270806003"}},{"arcs":[[306,307,308,309,310,311]],"type":"Polygon","properties":{"GEOID":"121270910153"}},{"arcs":[[312,313,314,315,316]],"type":"Polygon","properties":{"GEOID":"121270910362"}},{"arcs":[[317,-317,318,319,320,321]],"type":"Polygon","properties":{"GEOID":"121270910361"}},{"arcs":[[322,323,324,-315]],"type":"Polygon","properties":{"GEOID":"121270910341"}},{"arcs":[[325,-322,326,-307,327]],"type":"Polygon","properties":{"GEOID":"121270910372"}},{"arcs":[[328,329,330,331,332,333,334,335]],"type":"Polygon","properties":{"GEOID":"121270908081"}},{"arcs":[[336,337,338,-324,339]],"type":"Polygon","properties":{"GEOID":"121270910352"}},{"arcs":[[-327,-321,340,341,-268,342,-308]],"type":"Polygon","properties":{"GEOID":"121270910371"}},{"arcs":[[343,344,345,346,347,348,349,350]],"type":"Polygon","properties":{"GEOID":"121270832093"}},{"arcs":[[-341,-320,351,352,353]],"type":"Polygon","properties":{"GEOID":"121270910392"}},{"arcs":[[354,355,356,357,358,-338]],"type":"Polygon","properties":{"GEOID":"121270910351"}},{"arcs":[[359,-358,360,361,-301]],"type":"Polygon","properties":{"GEOID":"121270910313"}},{"arcs":[[362,363,364,365,366,367]],"type":"Polygon","properties":{"GEOID":"121270801021"}},{"arcs":[[368,369,370,371,372,373,374]],"type":"Polygon","properties":{"GEOID":"121270901022"}},{"arcs":[[375,376,377,378]],"type":"Polygon","properties":{"GEOID":"121270902034"}},{"arcs":[[379,380,-310]],"type":"Polygon","properties":{"GEOID":"121270910151"}},{"arcs":[[381,-63,-295,-297,382]],"type":"Polygon","properties":{"GEOID":"121270808082"}},{"arcs":[[383,384,385]],"type":"Polygon","properties":{"GEOID":"121270902023"}},{"arcs":[[386,387,388,389]],"type":"Polygon","properties":{"GEOID":"121270830033"}},{"arcs":[[-36,390,391,392,393,394,395,396,397]],"type":"Polygon","properties":{"GEOID":"121270810011"}},{"arcs":[[398,399,400,-367]],"type":"Polygon","properties":{"GEOID":"121270801023"}},{"arcs":[[-309,-343,-272,401,-380]],"type":"Polygon","properties":{"GEOID":"121270910301"}},{"arcs":[[-342,-354,402,403,404,-269]],"type":"Polygon","properties":{"GEOID":"121270910391"}},{"arcs":[[405,406,407,408]],"type":"Polygon","properties":{"GEOID":"121270903052"}},{"arcs":[[409,410,411,412,-330]],"type":"Polygon","properties":{"GEOID":"121270908074"}},{"arcs":[[413,414,415,-280,416,417,418]],"type":"Polygon","properties":{"GEOID":"121270909061"}},{"arcs":[[-69,419,420,421,422]],"type":"Polygon","properties":{"GEOID":"121270817011"}},{"arcs":[[423,-408,424,425,426,427,428,429]],"type":"Polygon","properties":{"GEOID":"121270903063"}},{"arcs":[[430,431,432,433]],"type":"Polygon","properties":{"GEOID":"121270904021"}},{"arcs":[[434,435,-434,436,437,438]],"type":"Polygon","properties":{"GEOID":"121270904022"}},{"arcs":[[439,440,441,442]],"type":"Polygon","properties":{"GEOID":"121270904011"}},{"arcs":[[443,444,445,-365]],"type":"Polygon","properties":{"GEOID":"121270801012"}},{"arcs":[[446,447,448,449,450,451,452,453]],"type":"Polygon","properties":{"GEOID":"121270825094"}},{"arcs":[[454,455,456,-291]],"type":"Polygon","properties":{"GEOID":"121270817021"}},{"arcs":[[-70,-423,-455,-290]],"type":"Polygon","properties":{"GEOID":"121270817012"}},{"arcs":[[457,-21,458,-91,459,-456,-422]],"type":"Polygon","properties":{"GEOID":"121270817022"}},{"arcs":[[460,-96,461]],"type":"Polygon","properties":{"GEOID":"121270823031"}},{"arcs":[[462,463,-278,464]],"type":"Polygon","properties":{"GEOID":"121270909053"}},{"arcs":[[-270,-405,465,-303,466,467,468]],"type":"Polygon","properties":{"GEOID":"121270910312"}},{"arcs":[[469,470,471,472,-430,473,474,475]],"type":"Polygon","properties":{"GEOID":"121270903074"}},{"arcs":[[-443,476,477]],"type":"Polygon","properties":{"GEOID":"121270904012"}},{"arcs":[[478,479,480,-112,481,-15,482]],"type":"Polygon","properties":{"GEOID":"121270815002"}},{"arcs":[[483,-469,484,485]],"type":"Polygon","properties":{"GEOID":"121270910283"}},{"arcs":[[486,-383,-298,-285]],"type":"Polygon","properties":{"GEOID":"121270808083"}},{"arcs":[[487,488,489,490,491,492,-481]],"type":"Polygon","properties":{"GEOID":"121270812012"}},{"arcs":[[-493,493,494,-9,-117,-113]],"type":"Polygon","properties":{"GEOID":"121270812022"}},{"arcs":[[495,-175,-88,-219,-241,496,497]],"type":"Polygon","properties":{"GEOID":"121270825121"}},{"arcs":[[498,499,-149,-138,-143]],"type":"Polygon","properties":{"GEOID":"121270822014"}},{"arcs":[[500,-79,501,502,503,504]],"type":"Polygon","properties":{"GEOID":"121270832034"}},{"arcs":[[505,-201,-340,-323,-314]],"type":"Polygon","properties":{"GEOID":"121270910342"}},{"arcs":[[-396,506,-394,507,508,509,510,511,512]],"type":"Polygon","properties":{"GEOID":"121270810021"}},{"arcs":[[513,-483,-14,514,-511]],"type":"Polygon","properties":{"GEOID":"121270810022"}},{"arcs":[[-510,515,-479,-514]],"type":"Polygon","properties":{"GEOID":"121270810023"}},{"arcs":[[516,517,-489,518]],"type":"Polygon","properties":{"GEOID":"121270812013"}},{"arcs":[[519,520,521,522,523,-463,524]],"type":"Polygon","properties":{"GEOID":"121270909051"}},{"arcs":[[525,526,527]],"type":"Polygon","properties":{"GEOID":"121270901013"}},{"arcs":[[-525,-465,-277,-416,528]],"type":"Polygon","properties":{"GEOID":"121270909052"}},{"arcs":[[-507,-395]],"type":"Polygon","properties":{"GEOID":"121270810012"}},{"arcs":[[529,530,-212,531,532]],"type":"Polygon","properties":{"GEOID":"121270832074"}},{"arcs":[[533,534,-264,535]],"type":"Polygon","properties":{"GEOID":"121270832102"}},{"arcs":[[536,537,-192,538]],"type":"Polygon","properties":{"GEOID":"121270910331"}},{"arcs":[[539,540,-439,541,-441]],"type":"Polygon","properties":{"GEOID":"121270904023"}},{"arcs":[[542,543,544,545]],"type":"Polygon","properties":{"GEOID":"121270902043"}},{"arcs":[[-412,546,547,548]],"type":"Polygon","properties":{"GEOID":"121270908072"}},{"arcs":[[549,550,-397,551,552,-68,553]],"type":"Polygon","properties":{"GEOID":"121270809014"}},{"arcs":[[-535,554,555,-265]],"type":"Polygon","properties":{"GEOID":"121270832111"}},{"arcs":[[556,557,558,559,560,-190,-538,561]],"type":"Polygon","properties":{"GEOID":"121270910322"}},{"arcs":[[562,563,-178,-363,564]],"type":"Polygon","properties":{"GEOID":"121270802011"}},{"arcs":[[-399,-366,-446,565,566,-75,567]],"type":"Polygon","properties":{"GEOID":"121270801011"}},{"arcs":[[-457,-460,-97,-461,-292]],"type":"Polygon","properties":{"GEOID":"121270817023"}},{"arcs":[[-331,-413,-549,568]],"type":"Polygon","properties":{"GEOID":"121270908071"}},{"arcs":[[-462,-95,569,-293]],"type":"Polygon","properties":{"GEOID":"121270823032"}},{"arcs":[[-353,570,571,-300,572,-403]],"type":"Polygon","properties":{"GEOID":"121270910382"}},{"arcs":[[-404,-573,-299,-466]],"type":"Polygon","properties":{"GEOID":"121270910381"}},{"arcs":[[573,-400,-568,-74,574]],"type":"Polygon","properties":{"GEOID":"121270832033"}},{"arcs":[[575,576,577,-559]],"type":"Polygon","properties":{"GEOID":"121270910321"}},{"arcs":[[-334,578,579]],"type":"Polygon","properties":{"GEOID":"121270908044"}},{"arcs":[[580,-494,-492]],"type":"Polygon","properties":{"GEOID":"121270812014"}},{"arcs":[[-581,-491,581,-5,-495]],"type":"Polygon","properties":{"GEOID":"121270812021"}},{"arcs":[[582,-474,-429,583,584]],"type":"Polygon","properties":{"GEOID":"121270903062"}},{"arcs":[[585,586,587,-209,588,-346]],"type":"Polygon","properties":{"GEOID":"121270829024"}},{"arcs":[[589,-519,-488,-480,-516,-509]],"type":"Polygon","properties":{"GEOID":"121270812011"}},{"arcs":[[-185,590,591,-199,-274]],"type":"Polygon","properties":{"GEOID":"121270910203"}},{"arcs":[[592,-520,593,594]],"type":"Polygon","properties":{"GEOID":"121270909033"}},{"arcs":[[-534,595,-215,596,597,-555]],"type":"Polygon","properties":{"GEOID":"121270832113"}},{"arcs":[[-401,-574,598]],"type":"Polygon","properties":{"GEOID":"121270801022"}},{"arcs":[[599,600,-557,601,-547,-411]],"type":"Polygon","properties":{"GEOID":"121270908073"}},{"arcs":[[602,603,604,605]],"type":"Polygon","properties":{"GEOID":"121270826063"}},{"arcs":[[606,-216,-596,-536,-263]],"type":"Polygon","properties":{"GEOID":"121270832103"}},{"arcs":[[607,608,609,610,-206,611,612]],"type":"Polygon","properties":{"GEOID":"121270829022"}},{"arcs":[[613,614,-370]],"type":"Polygon","properties":{"GEOID":"121270901023"}},{"arcs":[[615,-579,-333,616,617,618,619]],"type":"Polygon","properties":{"GEOID":"121270908043"}},{"arcs":[[-619,620,621,622,623]],"type":"Polygon","properties":{"GEOID":"121270908042"}},{"arcs":[[624,-26,625,-11]],"type":"Polygon","properties":{"GEOID":"121270803003"}},{"arcs":[[-617,-332,-569,626,627]],"type":"Polygon","properties":{"GEOID":"121270908062"}},{"arcs":[[628,629,-361,-357,-350,630]],"type":"Polygon","properties":{"GEOID":"121270910051"}},{"arcs":[[-528,631,-614,-369,632]],"type":"Polygon","properties":{"GEOID":"121270901021"}},{"arcs":[[-20,-105,-98,-92,-459]],"type":"Polygon","properties":{"GEOID":"121270818001"}},{"arcs":[[633,-390,634,-348,635]],"type":"Polygon","properties":{"GEOID":"121270830032"}},{"arcs":[[636,637,638,-387,-634,639]],"type":"Polygon","properties":{"GEOID":"121270830031"}},{"arcs":[[-120,-144,-141,-128,-122]],"type":"Polygon","properties":{"GEOID":"121270822011"}},{"arcs":[[640,641,-376,642,643,-372,644]],"type":"Polygon","properties":{"GEOID":"121270901011"}},{"arcs":[[645,646,-226,-228,647,648]],"type":"Polygon","properties":{"GEOID":"121270825033"}},{"arcs":[[-155,-250,-169,-161,-167,-157]],"type":"Polygon","properties":{"GEOID":"121270824051"}},{"arcs":[[649,650,-471,651]],"type":"Polygon","properties":{"GEOID":"121270906002"}},{"arcs":[[652,-652,-470,653,654]],"type":"Polygon","properties":{"GEOID":"121270906003"}},{"arcs":[[655,-655,656,657,658]],"type":"Polygon","properties":{"GEOID":"121270906004"}},{"arcs":[[659,-659,660,661]],"type":"Polygon","properties":{"GEOID":"121270906005"}},{"arcs":[[662,663,664,665]],"type":"Polygon","properties":{"GEOID":"121270907011"}},{"arcs":[[-665,666,667,668,669]],"type":"Polygon","properties":{"GEOID":"121270907012"}},{"arcs":[[-666,-670,670,671,672]],"type":"Polygon","properties":{"GEOID":"121270907013"}},{"arcs":[[673,674,675,-667,-664]],"type":"Polygon","properties":{"GEOID":"121270907014"}},{"arcs":[[676,-650,-653,-656,-660,677]],"type":"Polygon","properties":{"GEOID":"121270905001"}},{"arcs":[[-437,-433,678,679,-472,-651,680]],"type":"Polygon","properties":{"GEOID":"121270906001"}},{"arcs":[[681,-505,-645,-371,-615,-632,-527]],"type":"Polygon","properties":{"GEOID":"121270901012"}},{"arcs":[[682,683,684,-540,-440,-478,685,686,687,-545]],"type":"Polygon","properties":{"GEOID":"121270902021"}},{"arcs":[[688,-385,689,-683,-544,690]],"type":"Polygon","properties":{"GEOID":"121270902022"}},{"arcs":[[-378,691,692,-386,-689,693]],"type":"Polygon","properties":{"GEOID":"121270902024"}},{"arcs":[[694,-18,-458,-421,695]],"type":"Polygon","properties":{"GEOID":"121270809022"}},{"arcs":[[-592,696,-355,-337,-200]],"type":"Polygon","properties":{"GEOID":"121270910202"}},{"arcs":[[697,698,699,-425,-407]],"type":"Polygon","properties":{"GEOID":"121270903051"}},{"arcs":[[-676,700,701,702,703,-668]],"type":"Polygon","properties":{"GEOID":"121270907024"}},{"arcs":[[-182,-198,704,-3,-12,-626,-25,-48,-50,705,-444,-364]],"type":"Polygon","properties":{"GEOID":"121270807003"}},{"arcs":[[706,707,708,709,710]],"type":"Polygon","properties":{"GEOID":"121270826051"}},{"arcs":[[711,712,713,-629,714,-418]],"type":"Polygon","properties":{"GEOID":"121270910291"}},{"arcs":[[715,-585,716,-703]],"type":"Polygon","properties":{"GEOID":"121270903072"}},{"arcs":[[-578,717,-313,-318,-326,718,-560]],"type":"Polygon","properties":{"GEOID":"121270910193"}},{"arcs":[[-692,-377,-642,719,-698,-406,720,721,722]],"type":"Polygon","properties":{"GEOID":"121270903031"}},{"arcs":[[-700,723,724,-183,725,-426]],"type":"Polygon","properties":{"GEOID":"121270910013"}},{"arcs":[[-706,-49,-45,-304,-51,726,727,-445]],"type":"Polygon","properties":{"GEOID":"121270808071"}},{"arcs":[[-504,728,729,730,-720,-641]],"type":"Polygon","properties":{"GEOID":"121270832061"}},{"arcs":[[-497,-240,731,732,733,734,-454,735,736]],"type":"Polygon","properties":{"GEOID":"121270825081"}},{"arcs":[[-398,-551,737,738,-56]],"type":"Polygon","properties":{"GEOID":"121270809012"}},{"arcs":[[-512,-515,-13,-695,739]],"type":"Polygon","properties":{"GEOID":"121270809021"}},{"arcs":[[740,-722,741,-431,-436,742]],"type":"Polygon","properties":{"GEOID":"121270903043"}},{"arcs":[[743,-415,744]],"type":"Polygon","properties":{"GEOID":"121270909042"}},{"arcs":[[-594,-529,-744,745]],"type":"Polygon","properties":{"GEOID":"121270909043"}},{"arcs":[[-294,-570,746,747,748,-251,749,750,751,752,-283]],"type":"Polygon","properties":{"GEOID":"121270925001"}},{"arcs":[[-101,-110,-136,-131,753,-747,-94]],"type":"Polygon","properties":{"GEOID":"121270925002"}},{"arcs":[[-754,-135,-148,754,-242,-748]],"type":"Polygon","properties":{"GEOID":"121270925003"}},{"arcs":[[755,-696,-420,-553]],"type":"Polygon","properties":{"GEOID":"121270809023"}},{"arcs":[[-552,-513,-740,-756]],"type":"Polygon","properties":{"GEOID":"121270809024"}},{"arcs":[[756,-590,-508,-393]],"type":"Polygon","properties":{"GEOID":"121270811021"}},{"arcs":[[757,758,-118,-7]],"type":"Polygon","properties":{"GEOID":"121270813001"}},{"arcs":[[-224,759,760]],"type":"Polygon","properties":{"GEOID":"121270825102"}},{"arcs":[[-498,-737,761,-213,762]],"type":"Polygon","properties":{"GEOID":"121270825082"}},{"arcs":[[-524,763,764,765,766,767,768]],"type":"Polygon","properties":{"GEOID":"121270910181"}},{"arcs":[[769,770,771,772]],"type":"Polygon","properties":{"GEOID":"121270910171"}},{"arcs":[[-335,-580,-616,773,774]],"type":"Polygon","properties":{"GEOID":"121270908032"}},{"arcs":[[-234,775,776,777,-257]],"type":"Polygon","properties":{"GEOID":"121270827031"}},{"arcs":[[778,779,-499,-142,-759]],"type":"Polygon","properties":{"GEOID":"121270826041"}},{"arcs":[[-780,780,781,-150,-500]],"type":"Polygon","properties":{"GEOID":"121270826042"}},{"arcs":[[782,783,784,-709]],"type":"Polygon","properties":{"GEOID":"121270826071"}},{"arcs":[[785,786,-610,-258]],"type":"Polygon","properties":{"GEOID":"121270828021"}},{"arcs":[[-236,-261,787,788]],"type":"Polygon","properties":{"GEOID":"121270828023"}},{"arcs":[[789,790,-259,-609,791]],"type":"Polygon","properties":{"GEOID":"121270829031"}},{"arcs":[[792,793,-790,794]],"type":"Polygon","properties":{"GEOID":"121270829033"}},{"arcs":[[795,796,797,798]],"type":"Polygon","properties":{"GEOID":"121270830082"}},{"arcs":[[-738,-550,799]],"type":"Polygon","properties":{"GEOID":"121270809013"}},{"arcs":[[-482,-111,-102]],"type":"Polygon","properties":{"GEOID":"121270815001"}},{"arcs":[[-195,800,-4,-705,-197]],"type":"Polygon","properties":{"GEOID":"121270802021"}},{"arcs":[[-260,-791,-794,801]],"type":"Polygon","properties":{"GEOID":"121270829034"}},{"arcs":[[-564,802,-193,-179]],"type":"Polygon","properties":{"GEOID":"121270802012"}},{"arcs":[[803,-774,-620,-624,804,805,806]],"type":"Polygon","properties":{"GEOID":"121270908031"}},{"arcs":[[-755,-147,-160,807,-243]],"type":"Polygon","properties":{"GEOID":"121270824151"}},{"arcs":[[808,-711,809,-248,-152]],"type":"Polygon","properties":{"GEOID":"121270824012"}},{"arcs":[[810,-253,-245,811,-256,-85,-222,-173,-220,812]],"type":"Polygon","properties":{"GEOID":"121270824131"}},{"arcs":[[-785,813,814,-760,-223,-647,815]],"type":"Polygon","properties":{"GEOID":"121270825112"}},{"arcs":[[816,817,818,819]],"type":"Polygon","properties":{"GEOID":"121270830072"}},{"arcs":[[820,821,-391,-34]],"type":"Polygon","properties":{"GEOID":"121270811011"}},{"arcs":[[-33,822,823,-821]],"type":"Polygon","properties":{"GEOID":"121270811012"}},{"arcs":[[-824,824,-517,-757,-392,-822]],"type":"Polygon","properties":{"GEOID":"121270811022"}},{"arcs":[[825,-221,-176,-496,-763,-531]],"type":"Polygon","properties":{"GEOID":"121270824103"}},{"arcs":[[-749,-247,-252]],"type":"Polygon","properties":{"GEOID":"121270824121"}},{"arcs":[[-643,-379,-694,826,827,828]],"type":"Polygon","properties":{"GEOID":"121270902033"}},{"arcs":[[-750,-254,-811,829]],"type":"Polygon","properties":{"GEOID":"121270824111"}},{"arcs":[[-751,-830,-813,-826,-530,830]],"type":"Polygon","properties":{"GEOID":"121270824112"}},{"arcs":[[-244,-808,-166,-255,-812]],"type":"Polygon","properties":{"GEOID":"121270824141"}},{"arcs":[[-249,-810,-710,-816,-646,831,832]],"type":"Polygon","properties":{"GEOID":"121270825111"}},{"arcs":[[-732,-239,-231,833,-734,834]],"type":"Polygon","properties":{"GEOID":"121270825091"}},{"arcs":[[-835,-733]],"type":"Polygon","properties":{"GEOID":"121270825092"}},{"arcs":[[-230,-447,-735,-834]],"type":"Polygon","properties":{"GEOID":"121270825093"}},{"arcs":[[835,-638,836,-797]],"type":"Polygon","properties":{"GEOID":"121270830052"}},{"arcs":[[837,838,-818,839]],"type":"Polygon","properties":{"GEOID":"121270830061"}},{"arcs":[[840,841,-838,842,843]],"type":"Polygon","properties":{"GEOID":"121270830062"}},{"arcs":[[-843,-840,-817,844]],"type":"Polygon","properties":{"GEOID":"121270830063"}},{"arcs":[[845,-373,-644,-829,846]],"type":"Polygon","properties":{"GEOID":"121270902032"}},{"arcs":[[-475,-583,-716,847]],"type":"Polygon","properties":{"GEOID":"121270903073"}},{"arcs":[[-477,-442,-542,-438,-681,-677,-686]],"type":"Polygon","properties":{"GEOID":"121270905002"}},{"arcs":[[-621,-618,-628,848,849]],"type":"Polygon","properties":{"GEOID":"121270908041"}},{"arcs":[[850,-359,-360,-572]],"type":"Polygon","properties":{"GEOID":"121270910252"}},{"arcs":[[851,-276,852,-202,-506,-718]],"type":"Polygon","properties":{"GEOID":"121270910191"}},{"arcs":[[853,-539,854,-764,-523]],"type":"Polygon","properties":{"GEOID":"121270910231"}},{"arcs":[[-191,-561,855,-855]],"type":"Polygon","properties":{"GEOID":"121270910232"}},{"arcs":[[-731,856,-752,-831,-533,857,858,859,-724,-699]],"type":"Polygon","properties":{"GEOID":"121270832072"}},{"arcs":[[-503,860,-77,-288,861,-729]],"type":"Polygon","properties":{"GEOID":"121270832051"}},{"arcs":[[-742,-721,-409,862,-679,-432]],"type":"Polygon","properties":{"GEOID":"121270903041"}},{"arcs":[[-275,-203,-853]],"type":"Polygon","properties":{"GEOID":"121270910192"}},{"arcs":[[863,864,-606,865,-449,866]],"type":"Polygon","properties":{"GEOID":"121270826061"}},{"arcs":[[867,-604,868,869,-776,-233,870,-451]],"type":"Polygon","properties":{"GEOID":"121270827011"}},{"arcs":[[-850,-521,-593,871,-622]],"type":"Polygon","properties":{"GEOID":"121270909031"}},{"arcs":[[872]],"type":"Polygon","properties":{"GEOID":"121270827051"}},{"arcs":[[-870,873,874,875,-777]],"type":"Polygon","properties":{"GEOID":"121270827032"}},{"arcs":[[-875,876,877]],"type":"Polygon","properties":{"GEOID":"121270827033"}},{"arcs":[[878,879,-799,880,881,882]],"type":"Polygon","properties":{"GEOID":"121270830081"}},{"arcs":[[-787,883,-883,884]],"type":"Polygon","properties":{"GEOID":"121270830083"}},{"arcs":[[885,886,-877,-874,-869,-603,-865,887,-783,-708,888,-781,-779,-758,-6,-582,-490,-518,-825,-823,-32,-28,889,-210,-22,-625,-10,-1,-801,-194,-803,-563,890]],"type":"Polygon","properties":{"GEOID":"121279900000"}},{"arcs":[[891,-727,-60,892]],"type":"Polygon","properties":{"GEOID":"121270808072"}},{"arcs":[[-863,-424,-473,-680]],"type":"Polygon","properties":{"GEOID":"121270903071"}},{"arcs":[[893,-402,-271,-484,894]],"type":"Polygon","properties":{"GEOID":"121270910281"}},{"arcs":[[-856,-719,-328,-312,895,896,-765]],"type":"Polygon","properties":{"GEOID":"121270910152"}},{"arcs":[[-896,-311,897,-770,898]],"type":"Polygon","properties":{"GEOID":"121270910161"}},{"arcs":[[-897,-899,899,900,-766]],"type":"Polygon","properties":{"GEOID":"121270910162"}},{"arcs":[[-381,-894,-771,-898]],"type":"Polygon","properties":{"GEOID":"121270910163"}},{"arcs":[[901,-743,-435,-541,-685]],"type":"Polygon","properties":{"GEOID":"121270903042"}},{"arcs":[[902,-612,-205,-588]],"type":"Polygon","properties":{"GEOID":"121270829021"}},{"arcs":[[903,-613,-903,-587]],"type":"Polygon","properties":{"GEOID":"121270829023"}},{"arcs":[[-657,-654,-476,-848,-702,904]],"type":"Polygon","properties":{"GEOID":"121270907021"}},{"arcs":[[905,-661,-658,-905,-701]],"type":"Polygon","properties":{"GEOID":"121270907022"}},{"arcs":[[-687,-678,-662,-906,-675]],"type":"Polygon","properties":{"GEOID":"121270907023"}},{"arcs":[[-876,-878,-887,906,907,908,-879,-884,-786,-778],[-873]],"type":"Polygon","properties":{"GEOID":"121270827052"}},{"arcs":[[-782,-889,-707,-809,-151]],"type":"Polygon","properties":{"GEOID":"121270826052"}},{"arcs":[[-788,-802,-793,909,910]],"type":"Polygon","properties":{"GEOID":"121270829042"}},{"arcs":[[-847,-828,911]],"type":"Polygon","properties":{"GEOID":"121270902031"}},{"arcs":[[-187,-273,-852,-577,912]],"type":"Polygon","properties":{"GEOID":"121270910211"}},{"arcs":[[-427,-726,-189,913,914]],"type":"Polygon","properties":{"GEOID":"121270910012"}},{"arcs":[[-901,915,916,-767]],"type":"Polygon","properties":{"GEOID":"121270910183"}},{"arcs":[[-78,-861,-502]],"type":"Polygon","properties":{"GEOID":"121270832031"}},{"arcs":[[-611,-885,-882,-841,-207]],"type":"Polygon","properties":{"GEOID":"121270830091"}},{"arcs":[[-567,917,-893,-382,-487,-289,-76]],"type":"Polygon","properties":{"GEOID":"121270808061"}},{"arcs":[[-225,-761,-815,918,-867,-448,-229]],"type":"Polygon","properties":{"GEOID":"121270825101"}},{"arcs":[[-909,919,-907,-886,920,-388,-639,-836,-796,-880]],"type":"Polygon","properties":{"GEOID":"121270827042"}},{"arcs":[[-908,-920]],"type":"Polygon","properties":{"GEOID":"121270827041"}},{"arcs":[[-452,-871,-237,-789,921]],"type":"Polygon","properties":{"GEOID":"121270828011"}},{"arcs":[[-762,-736,-453,-922,-911,922,-597,-214]],"type":"Polygon","properties":{"GEOID":"121270829041"}},{"arcs":[[-208,-844,-845,-820,923,-640,-636,-347,-589]],"type":"Polygon","properties":{"GEOID":"121270830071"}},{"arcs":[[-717,-584,-428,-915,924,-600,-410,-329,925]],"type":"Polygon","properties":{"GEOID":"121270903061"}},{"arcs":[[-546,-688,-674,-663,-673,926,927]],"type":"Polygon","properties":{"GEOID":"121270902042"}},{"arcs":[[928,-467,-302,-362,-630,-714]],"type":"Polygon","properties":{"GEOID":"121270910292"}},{"arcs":[[-319,-316,-325,-339,-851,-571,-352]],"type":"Polygon","properties":{"GEOID":"121270910251"}},{"arcs":[[-866,-605,-868,-450]],"type":"Polygon","properties":{"GEOID":"121270826062"}},{"arcs":[[-266,-556,-598,929,-344,930]],"type":"Polygon","properties":{"GEOID":"121270832092"}},{"arcs":[[-859,931,-267,932]],"type":"Polygon","properties":{"GEOID":"121270832071"}},{"arcs":[[-532,-607,-262,-932,-858]],"type":"Polygon","properties":{"GEOID":"121270832073"}},{"arcs":[[-284,-753,-857,-730,-862]],"type":"Polygon","properties":{"GEOID":"121270832052"}},{"arcs":[[-925,-914,-188,-913,-576,-558,-601]],"type":"Polygon","properties":{"GEOID":"121270910011"}},{"arcs":[[-728,-892,-918,-566]],"type":"Polygon","properties":{"GEOID":"121270808073"}},{"arcs":[[-900,-773,933,934,-916]],"type":"Polygon","properties":{"GEOID":"121270910172"}},{"arcs":[[-671,-669,-704,-926,-336,-775,-804,935]],"type":"Polygon","properties":{"GEOID":"121270908033"}},{"arcs":[[-627,-548,-602,-562,-537,-854,-522,-849]],"type":"Polygon","properties":{"GEOID":"121270908061"}},{"arcs":[[-934,-772,-895,-486,936,937]],"type":"Polygon","properties":{"GEOID":"121270910282"}},{"arcs":[[-860,-933,-931,-351,-356,-697,-591,-184,-725]],"type":"Polygon","properties":{"GEOID":"121270832091"}},{"arcs":[[-693,-723,-741,-902,-684,-690,-384]],"type":"Polygon","properties":{"GEOID":"121270903032"}},{"arcs":[[-806,938,-746,-745,-414,939]],"type":"Polygon","properties":{"GEOID":"121270909041"}},{"arcs":[[-279,-464,-769,940,941,-712,-417]],"type":"Polygon","properties":{"GEOID":"121270910182"}},{"arcs":[[-768,-917,-935,-938,-941]],"type":"Polygon","properties":{"GEOID":"121270910184"}},{"arcs":[[-784,-888,-864,-919,-814]],"type":"Polygon","properties":{"GEOID":"121270826072"}},{"arcs":[[-923,-910,-795,-792,-608,-904,-586,-345,-930]],"type":"Polygon","properties":{"GEOID":"121270829032"}},{"arcs":[[-374,-846,-912,-827,-691,-543,-928,942]],"type":"Polygon","properties":{"GEOID":"121270902041"}},{"arcs":[[-937,-485,-468,-929,-713,-942]],"type":"Polygon","properties":{"GEOID":"121270910293"}},{"arcs":[[-623,-872,-595,-939,-805]],"type":"Polygon","properties":{"GEOID":"121270909032"}},{"arcs":[[-890,-27,-306,-43,-211]],"type":"Polygon","properties":{"GEOID":"121270804003"}},{"arcs":[[-57,-739,-800,-554,-67,-64]],"type":"Polygon","properties":{"GEOID":"121270809011"}},{"arcs":[[-833,943,-82,-171]],"type":"Polygon","properties":{"GEOID":"121270825031"}},{"arcs":[[-944,-832,-649,944,-86]],"type":"Polygon","properties":{"GEOID":"121270825032"}},{"arcs":[[-648,-227,-238,-217,-945]],"type":"Polygon","properties":{"GEOID":"121270825034"}},{"arcs":[[-798,-837,-637,-924,-819,-839,-842,-881]],"type":"Polygon","properties":{"GEOID":"121270830051"}}]}}}