{"type":"Topology","arcs":[[[12606,14352],[62,6],[44,-6],[53,-72],[25,-49],[28,-33],[29,-9],[21,-30],[51,-30],[21,-69],[47,-48],[47,2],[21,-8]],[[13055,14006],[-47,-15],[-31,11],[-78,-33],[-59,12],[-45,31],[-35,-19],[-43,-36],[-24,1],[-70,-31],[-39,-7],[-36,-25]],[[12548,13895],[-51,7]],[[12497,13902],[11,70],[32,52],[5,25],[-15,48],[-71,81],[-32,21],[-29,5]],[[12398,14204],[-2,54],[-23,43],[55,47],[17,30],[14,77],[37,-4],[23,15],[7,42],[34,-44],[15,-57],[31,-55]],[[11993,14881],[62,1],[17,-7],[33,10],[24,-9],[-13,-30],[23,-11],[78,-17],[37,-21],[48,10],[22,-53],[21,-17],[16,-44],[-35,-51],[-15,-48],[32,-21],[84,14],[56,-32],[79,-21],[17,-23],[7,-34],[-4,-31],[20,-39],[4,-55]],[[12398,14204],[-45,-2],[-73,-11],[-43,-14]],[[12237,14177],[-33,65],[-23,63],[-27,161]],[[12154,14466],[-30,128],[-24,86]],[[12100,14680],[-33,103],[-20,39],[-54,59]],[[11065,11874],[92,-47],[46,-82],[23,-25],[45,-26],[97,-29],[-36,-59],[50,-37],[39,-43],[68,-87]],[[11489,11439],[43,-43],[-16,-24],[-12,-53],[-15,-23],[-31,-16]],[[11458,11280],[-37,-35],[-84,-128],[-32,-31],[-24,-13]],[[11281,11073],[-71,-23],[-81,-17],[-50,-26],[-53,-8],[-96,30],[-40,4],[-71,-18],[-77,34]],[[10742,11049],[118,262],[33,85],[114,319],[58,159]],[[9876,11642],[30,-47],[40,-79],[102,-135],[100,-124],[52,-82],[52,-88],[19,-38]],[[10271,11049],[-213,-80],[-29,-27],[-4,-29],[16,-43],[0,-30],[-47,-81],[-86,-91],[-28,-22],[-60,49],[-30,6]],[[9790,10701],[4,70],[40,201],[9,82],[6,114],[11,100],[27,199],[1,28],[-16,96],[4,51]],[[6784,12972],[62,68],[115,146]],[[6961,13186],[161,-295]],[[7122,12891],[-8,-30],[-23,-29],[-10,-69],[-18,-30],[-2,-21],[-24,-33],[-37,-190],[-26,-28],[-16,-2],[-52,-33],[-6,-16],[-50,-34]],[[6850,12376],[-17,41],[-46,85],[-54,42],[-142,194]],[[6591,12738],[15,28],[78,106],[40,43],[60,57]],[[5156,11434],[32,114],[27,74],[1,48],[-39,125]],[[5177,11795],[33,26],[60,66]],[[5270,11887],[14,-26],[57,-71],[20,-7],[12,-27],[-23,-27],[0,-18],[40,-96],[-4,-31],[8,-28],[37,-50],[13,-58],[21,-20],[52,-13],[73,-41],[57,-58],[50,-31]],[[5697,11285],[-8,-63],[-26,-66],[-12,-51],[-19,-39],[-8,-39],[4,-27],[19,-26],[-57,-27],[-28,-22]],[[5562,10925],[-76,45],[-204,86],[-47,15],[-62,9],[-74,-2],[-42,32]],[[5057,11110],[33,59],[29,122],[37,143]],[[13235,19069],[63,8],[69,27],[40,10],[34,1],[183,-22]],[[13624,19093],[0,-38],[8,-48],[14,-43],[92,-220],[10,-17],[69,-83]],[[13817,18644],[-21,-22],[-2,-17],[-61,-17],[-42,-5],[-19,-36],[-36,1],[-69,-15],[-7,-59],[-32,-51],[-1,-33],[37,-128],[36,-18],[44,13],[76,8],[27,-24]],[[13747,18241],[-20,-11],[-33,-45],[-37,-19],[-72,0],[-21,-9],[-19,-31],[2,-22],[40,-141]],[[13587,17963],[-12,-42],[64,-32],[1,-21]],[[13640,17868],[-134,15]],[[13506,17883],[13,61],[-1,40],[-10,54],[-48,180],[-36,126],[-39,159]],[[13385,18503],[-56,230],[-18,68],[-34,142],[-42,126]],[[13747,18241],[85,10],[35,17],[54,37],[54,14],[35,3],[48,-9]],[[14058,18313],[-10,-50],[-3,-72],[1,-60],[-9,-11],[-82,-24],[0,-54],[-95,-32],[-42,-36],[-70,-24],[-30,-1],[-71,18],[-60,-4]],[[14058,18313],[50,-15],[59,-26],[63,-2]],[[14230,18270],[3,-75],[-5,-131],[-35,-299],[-160,38],[-42,13],[-87,18],[-144,21],[-120,13]],[[6653,14865],[40,-15],[48,3]],[[6741,14853],[64,2],[49,-13],[140,-68],[29,-17],[34,-30],[27,-36]],[[7084,14691],[4,-4]],[[7088,14687],[-153,-33],[-103,-20],[-98,-10]],[[6734,14624],[-114,3],[-72,11]],[[6548,14638],[-2,41],[25,12],[5,34],[49,78],[28,62]],[[300,7764],[737,382],[620,83],[551,-269]],[[2208,7960],[963,-87],[13,-9],[31,32],[62,10],[43,-28],[10,25],[20,-9],[29,20],[25,-7],[14,18],[44,-1],[7,-22],[30,-15],[47,54],[19,-5],[23,-28],[25,-43],[35,-25],[30,-13],[35,9],[33,22],[32,44],[22,49],[20,30],[28,5]],[[3848,7986],[-1,-50],[-7,-53],[-13,-53],[-37,-100],[-46,-95],[-64,-106],[-58,-78],[-104,-118]],[[3518,7333],[-252,-276],[-49,-57],[-188,-231],[-64,-72],[-90,-97]],[[2875,6600],[-45,40],[-103,55],[-111,70],[-13,16],[-25,56],[-20,17],[-43,19],[-60,45],[-32,36],[-109,165],[-34,57],[-14,10],[-85,42],[-30,23],[-58,59],[-57,27],[-116,6],[-94,20],[-198,33],[-22,0],[-65,18],[-61,6],[-19,13],[-93,109],[-22,-4],[-39,-26],[-30,0],[-80,-44],[-30,-42],[-4,-44],[24,-38],[-5,-107],[-51,-31],[-85,-58],[-44,-56],[-49,-31],[-11,-14],[-170,-82],[-87,-27],[-66,-24],[-53,-29]],[[566,6885],[-15,43],[-50,228],[-55,181],[-45,90],[-40,144],[-61,193]],[[6185,25249],[66,39],[64,19],[74,4],[64,22],[169,94],[80,24],[131,11],[44,11],[31,16],[98,63],[53,-75],[107,-82],[29,-35],[97,-145],[2,-19]],[[7294,25196],[-32,-38],[-68,-94],[-67,-110],[-6,4]],[[7121,24958],[-22,-33],[-286,131],[-163,74],[-62,-134]],[[6588,24996],[-133,129],[-58,44],[-58,31],[-20,21]],[[6319,25221],[-22,-5],[-87,23],[-25,10]],[[7567,19166],[64,-25]],[[7631,19141],[18,-37],[37,-34],[4,-24],[18,-24],[-59,-41],[-19,-27],[-47,-94],[-4,-18],[-70,2]],[[7509,18844],[-5,41],[21,127],[-47,24],[89,130]],[[7733,18905],[55,110],[5,32],[-21,104]],[[7772,19151],[64,11]],[[7836,19162],[89,13],[64,1],[70,-12],[53,-18],[61,-27]],[[8173,19119],[-70,-127],[-73,-140],[-39,-61]],[[7991,18791],[-2,12],[-50,58],[-79,31],[-67,17],[-60,-4]],[[7631,19141],[57,-3],[84,13]],[[7733,18905],[-95,-184],[0,-37]],[[7638,18684],[-134,23]],[[7504,18707],[-27,128],[32,9]],[[6809,18643],[54,3],[376,85],[63,3],[202,-27]],[[7638,18684],[185,-31],[22,-15]],[[7845,18638],[-206,-171],[-78,-78],[-72,-87]],[[7489,18302],[-67,-16],[-313,-87]],[[7109,18199],[-26,24],[-11,29],[-34,60],[-32,23],[-23,28],[-31,66],[-15,59],[-59,41],[-7,22],[-43,41],[-19,51]],[[6367,25712],[140,66],[106,54],[50,35],[62,57],[16,33],[46,73],[96,168],[23,24],[81,168],[306,511]],[[7293,26901],[157,-74],[53,-38],[32,-39],[15,-32]],[[7550,26718],[35,-55],[74,-78],[53,-66],[16,-40],[10,-59],[-13,-61],[-47,-100],[-25,-101],[-46,-122],[116,4],[44,-8],[40,-15],[71,-49],[41,-47]],[[7919,25921],[-81,-69],[-28,-28],[-49,-62],[37,-19],[66,-56],[79,-53],[56,-25],[81,-22],[79,-37],[53,-33],[56,-23],[52,-15],[40,-2]],[[8360,25477],[-2,-47],[-17,-17],[-52,-35],[-40,-56],[-12,-28],[-11,-92],[-1,-121],[-16,-58],[-68,-55],[-48,-13],[-93,-63],[-60,-26],[-114,-28],[-314,-4],[-105,0],[-44,-3]],[[7363,24831],[-1,25],[41,58],[1,28],[39,23],[19,25],[80,119],[-149,81],[-27,9],[-39,-18],[-33,15]],[[6185,25249],[-42,-10],[-103,-16],[-46,-17]],[[5994,25206],[76,217],[31,58],[50,76],[49,54],[81,61],[86,40]],[[4970,21568],[132,34],[23,19]],[[5125,21621],[34,-50],[107,-197],[25,-79],[13,-149],[18,-60]],[[5322,21086],[1,-3]],[[5323,21083],[-7,0]],[[5316,21083],[-535,33]],[[4781,21116],[4,38],[20,58],[15,25],[34,37],[-44,34],[4,11],[5,91],[45,13],[46,56],[28,52],[22,7],[10,30]],[[6295,20539],[26,58],[79,103],[7,17]],[[6407,20717],[102,-7],[43,-15],[66,-15]],[[6618,20680],[-33,-80],[-67,12],[-20,-104],[-29,6],[-67,-8],[4,-40]],[[6406,20466],[-35,5],[-96,2]],[[6275,20473],[20,66]],[[7577,22524],[118,-7]],[[7695,22517],[140,-13],[58,15],[86,54],[30,28],[36,58]],[[8045,22659],[15,40],[5,42],[52,22],[35,33],[18,28],[8,45],[-24,58]],[[8154,22927],[76,42],[-31,111]],[[8199,23080],[69,-12],[53,-3],[208,17],[77,-4]],[[8606,23078],[-24,-76],[-27,-68],[-28,-61],[-30,-50],[-57,-72]],[[8440,22751],[-93,-81],[-82,-54],[-61,-30],[-136,-51],[-148,-59]],[[7920,22476],[-72,-44],[-113,-88],[-24,-24]],[[7711,22320],[-134,204]],[[6575,21311],[25,-7],[50,3],[38,-26],[33,3],[35,-30],[32,-15],[27,-31],[76,-47],[-13,-99],[-86,5],[-9,-8],[-4,-73],[-33,-2],[-2,-44]],[[6744,20940],[-83,-3],[-50,-14],[-33,-16],[1,27],[-125,6]],[[6454,20940],[5,97],[11,51],[67,147],[38,76]],[[7121,24958],[-29,-58],[-54,-116],[-42,-119],[-38,-160],[-161,169],[-84,85]],[[6713,24759],[6,64],[-13,54],[-118,119]],[[8255,27594],[23,-19],[-12,-31],[34,-18],[197,4],[30,10],[26,-25],[77,35],[7,-12]],[[8637,27538],[-173,-85],[-23,-5],[-72,0],[-26,8],[-14,-103],[-2,-52]],[[8327,27301],[-206,36],[11,51],[30,68],[93,138]],[[11445,23231],[3,-84],[-85,-5],[-63,23],[-26,-10],[-55,-43],[-11,-42],[-38,-31],[18,-41],[43,6],[36,-191],[31,-13],[44,-58]],[[11342,22742],[-332,-236]],[[11010,22506],[-27,68],[-73,164],[-44,117],[-17,36],[-33,43],[-63,45],[43,41],[48,15],[72,130],[21,22],[23,7],[65,-3],[128,34],[56,21],[43,4],[85,-13],[108,-6]],[[6259,16927],[28,12],[32,-44],[69,-120],[128,-55],[-33,-78],[29,-12]],[[6512,16630],[-41,-98]],[[6471,16532],[-61,24],[-155,64],[-106,108],[-72,-72],[-46,46]],[[6031,16702],[228,225]],[[13232,20431],[186,6],[389,16],[141,15],[272,64]],[[14220,20532],[2,-89],[-9,-112],[-17,-150],[-2,-87],[0,-182]],[[14194,19912],[-60,23],[-64,31],[-75,60]],[[13995,20026],[-57,45],[-35,18],[-42,7],[-34,-3]],[[13827,20093],[4,53],[-159,127],[-47,30],[-42,18],[-63,13],[-71,7],[-42,24],[-12,59],[-158,-5],[-5,12]],[[10550,17444],[-3,-44],[-14,-65],[-46,10],[-26,-8],[-83,-55],[-51,31],[-44,-69]],[[10283,17244],[-144,93],[-63,48]],[[10076,17385],[19,29],[36,72],[20,66],[135,-23],[55,-13],[160,-48],[49,-24]],[[7350,10587],[23,112],[2,56]],[[7375,10755],[1,65]],[[7376,10820],[24,-2],[49,-34],[29,-13],[62,-16],[34,-2],[38,-19],[48,-40],[71,-24],[27,-24],[36,-50],[39,-34],[26,-11]],[[7859,10551],[7,-67],[-20,-103],[-15,-43],[-19,-31],[0,-43],[-42,-273],[-3,-28],[-25,-85],[-1,-64],[-45,3],[1,55],[30,73],[4,29],[-26,1],[-262,-85],[-19,-10],[-4,-39],[-46,5]],[[7374,9846],[13,108],[-9,51],[-42,53],[-12,22],[-40,199],[2,31],[26,116],[19,67],[19,94]],[[3912,22551],[94,227]],[[4006,22778],[52,-39],[54,-56],[24,-69],[53,-93],[24,-31],[2,-58],[33,-18],[38,-44],[68,3],[54,-22]],[[4408,22351],[-13,-28],[-71,-100],[-11,-20],[-45,-113]],[[4268,22090],[-49,29],[-93,103],[-10,42],[20,64],[-26,8]],[[4110,22336],[-67,20]],[[4043,22356],[-29,-1]],[[4014,22355],[-3,32],[17,50],[31,33],[-29,29],[-71,36],[-47,16]],[[4198,22004],[36,25],[34,61]],[[4408,22351],[58,-43],[42,-48],[46,-32]],[[4554,22228],[-175,-282]],[[4379,21946],[-167,-22],[-45,1],[-42,18]],[[4125,21943],[27,31],[46,30]],[[4554,22228],[8,-37],[24,-19],[20,9],[15,25],[18,-2],[5,-28],[26,4],[63,-24],[-2,-18],[-27,-15],[17,-33],[6,-48],[-21,-56]],[[4706,21986],[-73,-10],[15,-128],[-8,-51],[-23,-80],[-13,-59],[-2,-87],[9,-39],[-191,-11]],[[4420,21521],[-2,83],[5,23],[27,53],[3,44],[-24,228],[-50,-6]],[[3908,22104],[46,53]],[[3954,22157],[33,-18],[67,-8]],[[4054,22131],[70,-10],[27,-14],[-17,-29],[-4,-32],[36,-8],[32,-34]],[[4125,21943],[-209,155]],[[3916,22098],[-8,6]],[[3689,22383],[31,48],[32,77],[30,35],[56,101],[33,51],[10,29],[60,71],[20,41]],[[3961,22836],[17,-31],[28,-27]],[[3912,22551],[-68,-166]],[[3844,22385],[-72,18],[-83,-20]],[[6113,23426],[14,72],[29,117]],[[6156,23615],[44,-4],[72,0],[134,13]],[[6406,23624],[-67,-315]],[[6339,23309],[-40,-190]],[[6299,23119],[-19,-88]],[[6280,23031],[-68,60],[-45,51],[-75,5],[-36,11],[45,199],[12,69]],[[5256,20129],[96,-57],[18,-19]],[[5370,20053],[21,-24]],[[5391,20029],[-28,-41],[-156,-207],[-108,-163],[-58,-69]],[[5041,19549],[-57,64],[-3,93]],[[4981,19706],[-9,131]],[[4972,19837],[50,3],[9,25],[28,14],[48,64],[76,108],[42,56],[31,22]],[[7655,15920],[45,101],[1,18]],[[7701,16039],[120,66],[-93,143],[30,182]],[[7758,16430],[40,22],[49,42],[78,84]],[[7925,16578],[55,38],[50,18],[36,5],[103,0],[89,11],[187,6],[123,-6],[102,-30],[56,-23]],[[8726,16597],[5,-24]],[[8731,16573],[-19,-14],[-66,-11],[-71,-21],[-34,-29],[-38,-5],[-16,-14],[-28,0],[-12,-31],[-29,4],[-31,-10],[-37,-40],[-65,-30],[-55,-5],[-53,3],[-55,-15],[-56,-34],[-9,-14],[-47,-19],[-26,-18],[-9,-24],[-27,-14],[-30,-62],[-25,-34],[-30,-20],[-2,-47],[-19,-66]],[[7842,16003],[-29,-32],[-132,-49],[-26,-2]],[[6795,9075],[55,57],[44,35],[79,73],[181,180],[80,20],[19,19],[24,4],[15,-20],[41,-21]],[[7333,9422],[76,-36],[29,19],[58,110],[19,22],[30,11],[42,-1],[18,15],[32,-8],[20,36],[38,-8],[36,13],[21,-23],[25,6],[47,-6],[73,8]],[[7897,9580],[13,-210],[9,-93],[18,-76],[56,-210],[26,-104],[13,-64],[7,-107],[-1,-187],[4,-64],[14,-83],[32,-146],[24,-95]],[[8112,8141],[-71,20],[-57,27],[-137,95],[-22,4],[-151,48],[-75,34],[-112,29],[-67,12],[-119,-9],[-79,-30],[-44,-4],[-169,-26],[-41,-26],[-66,-67],[-88,-30],[-112,17],[-86,18],[-54,15],[-115,68]],[[6447,8336],[-52,48],[-19,10],[-134,34],[-177,39],[-141,27],[-137,-4],[-34,-16],[-59,-39]],[[5694,8435],[-25,74]],[[5669,8509],[32,10],[25,44],[49,-7],[26,32],[27,-4],[88,39],[55,48],[38,48],[21,18],[47,9],[59,33],[48,15],[41,-10],[19,10],[59,-10],[20,10],[57,0],[49,134],[73,113],[166,14],[127,20]],[[3820,20700],[52,80],[58,151]],[[3930,20931],[132,-34],[23,-11],[58,-79],[26,-19],[8,-69],[-24,-59],[-22,-24],[-106,-72]],[[4025,20564],[-205,136]],[[7398,16094],[37,30],[38,52]],[[7473,16176],[40,113],[70,74],[61,26]],[[7644,16389],[50,15],[64,26]],[[7701,16039],[-239,-36],[-58,-11]],[[7404,15992],[-2,28],[23,34],[-27,40]],[[10757,17669],[-12,60]],[[10745,17729],[98,29],[88,18],[174,15],[91,16],[73,24]],[[11269,17831],[-43,-86],[-26,-6],[-84,-3],[-51,-32],[-56,-10],[-3,-32],[-83,-100],[-62,-33],[-10,-31],[10,-18],[31,-22],[25,-30],[14,-39],[-11,-31],[-3,-71],[-12,-66],[24,-53],[2,-53],[-28,-29],[32,-41],[-26,-28],[47,-37],[-4,-35],[-20,-6],[10,-28],[20,-3],[64,-60],[52,-13],[28,-27],[5,-23],[-10,-22],[8,-41],[-13,-40],[-8,-55]],[[11088,16627],[-157,37]],[[10931,16664],[-147,35],[-58,23],[-62,39],[-49,48]],[[10615,16809],[-30,41],[-26,51],[-35,84],[-51,81]],[[10473,17066],[83,63],[60,55],[64,89],[22,38],[17,55],[21,108],[25,115],[0,38],[-8,42]],[[7760,15077],[418,-131]],[[8178,14946],[-25,-60],[-33,16],[-36,3],[-254,-23],[-3,-60],[22,-53],[-36,-3],[-123,7],[-5,50],[9,41],[66,213]],[[9909,17307],[-60,-7],[-72,-18],[-131,-53]],[[9646,17229],[-55,154]],[[9591,17383],[171,65],[35,5],[41,-9],[40,-28],[23,-50],[8,-59]],[[6138,14279],[44,52],[-2,22],[13,31],[59,15],[31,28]],[[6283,14427],[49,24],[43,5],[7,12],[85,40],[3,29],[65,26],[24,-2],[32,14],[37,33],[40,-13],[22,5]],[[6690,14600],[47,-4],[24,6],[59,-10],[17,6],[88,-57],[32,-55],[50,-139],[31,-76],[25,-50],[22,-27],[44,-42],[63,-52],[30,-45],[25,1],[15,-44],[-21,-29],[13,-26],[30,-11],[14,-17],[31,-3],[20,-19]],[[7349,13907],[-109,-43],[-111,-26],[-42,-15],[-104,-3],[-54,4],[-85,14],[-405,69]],[[6439,13907],[-111,19],[-71,4],[-44,-2],[-58,-13],[-172,-51]],[[5983,13864],[18,61],[-2,29],[9,42],[64,85],[27,64],[16,69],[23,65]],[[8442,11766],[49,9],[124,50],[94,43],[85,48],[37,5],[53,17],[59,38],[82,76],[69,50],[86,44],[16,4],[53,-10],[16,7],[40,59],[14,10],[51,15]],[[9370,12231],[63,-119],[44,-67],[31,-60],[29,-113],[11,-23],[27,-11],[17,-34],[-5,-22],[-47,-47],[-12,-35],[-57,-16],[-18,-19],[-1,-24],[15,-68],[-5,-60],[-28,-16],[13,-35],[-8,-48],[-26,-67],[0,-24],[-42,-85],[6,-11],[-4,-57],[49,-115],[19,-63],[8,-152],[-24,-92],[-3,-39],[-27,-42],[-44,-49],[-15,-34],[-9,-46],[1,-84],[-10,-40],[-38,-56],[-17,-41],[-18,-6]],[[9245,10311],[-94,55],[-77,25],[-75,52],[-69,64],[-88,90],[-5,18],[-96,84],[-85,80],[-21,34],[-61,235],[-22,170],[0,61],[-5,52],[-18,66],[-23,37],[-36,75],[-15,48],[1,91],[-14,118]],[[11656,14624],[69,21],[32,4],[102,23],[241,8]],[[12154,14466],[-13,-13],[-57,-8],[-29,-24],[-71,6],[-38,12],[-35,-6],[-21,-19],[-18,-40],[-29,-26],[-122,-11],[-35,9],[-35,33],[-23,-15],[-60,-23],[-14,-38],[-41,-32],[-25,-51],[-50,-40],[-44,-58]],[[11394,14122],[-211,140],[23,26],[56,24],[18,14],[31,45],[135,95],[30,30],[59,37],[53,49],[68,42]],[[10271,11049],[25,-42],[73,-64],[20,-13],[105,-18],[45,-21],[100,-66]],[[10639,10825],[-239,-524]],[[10400,10301],[-91,24],[-46,22],[-39,37],[-43,69],[-40,35],[-41,26],[-104,-2],[-39,25],[-22,23],[-33,18],[-29,6],[-48,42],[-11,22],[-23,12]],[[9791,10660],[-1,41]],[[3368,13041],[10,-108],[1,-233]],[[3379,12700],[-23,-32],[-21,-50],[-5,-36],[6,-154],[4,-60],[-5,-122],[-6,-50],[12,-76],[31,-69],[31,-117]],[[3403,11934],[-33,-3],[-50,7],[-66,4],[-20,21],[-116,-17],[-38,-3]],[[3080,11943],[-19,108],[0,46],[19,69],[27,39],[10,89],[31,112],[20,130],[14,69],[11,90],[19,82],[16,110],[29,73],[42,50],[16,12],[53,19]],[[8433,19408],[103,83]],[[8536,19491],[35,28],[23,-15],[95,-48],[14,-31],[-24,-48],[21,-14]],[[8700,19363],[-35,-69],[-5,-50],[-27,-46],[-13,-87]],[[8620,19111],[-52,-83],[39,-93],[-63,-83]],[[8544,18852],[-41,31],[-112,101],[-71,49]],[[8320,19033],[-112,68],[-35,18]],[[8173,19119],[43,72],[36,47],[90,97],[91,73]],[[8620,19111],[8,12],[34,0],[9,-55],[37,-8],[46,15],[8,-51],[23,18],[3,-50],[-6,-25],[-50,-106],[-17,-62],[5,-73]],[[8720,18726],[-176,126]],[[7796,19609],[36,-20],[58,2],[89,18],[262,30],[34,-14],[45,-54]],[[8320,19571],[34,-22],[2,-49],[77,-92]],[[7836,19162],[9,51],[62,102],[-16,19],[-87,48],[65,102],[3,31],[-14,67],[-40,8],[-22,19]],[[7277,19328],[392,330],[17,-10],[19,16]],[[7705,19664],[78,66],[-21,11],[27,44],[23,56],[23,41],[29,35],[59,41]],[[7923,19958],[12,-55],[19,-41]],[[7954,19862],[-98,-83],[-13,-42],[-66,-57],[-28,-42],[47,-29]],[[7567,19166],[-228,126]],[[7339,19292],[-62,36]],[[9784,17026],[67,-73],[28,-36],[64,-109]],[[9943,16808],[39,-70],[17,-43],[4,-81],[-19,-86],[-48,-127],[-8,-53],[6,-39],[14,-28],[16,-57]],[[9964,16224],[-39,-18],[-54,-14],[-62,-3],[-104,2],[-71,10],[-74,26]],[[9560,16227],[-111,49],[-103,36],[-29,1]],[[9317,16313],[20,56],[8,42],[3,57],[-7,446],[-6,124],[-14,61],[-55,180]],[[9266,17279],[40,16],[8,-16],[59,-35],[18,6],[10,-31],[18,-17],[51,-87],[25,-17],[20,6],[54,-18],[-12,-30],[40,-35],[44,-9],[18,-19],[44,13],[29,-21],[43,10],[9,31]],[[6687,19068],[1,-56],[-10,-41],[-32,-39],[-12,-51],[1,-57],[-6,-21]],[[6629,18803],[-13,-38],[-31,-44],[14,-50]],[[6599,18671],[-175,-72],[-40,-24],[-54,-44],[-40,-25],[-58,-25]],[[6232,18481],[15,46],[29,128],[-1,55],[-17,68],[-20,38],[-35,49]],[[6203,18865],[139,-52],[20,14],[75,190],[88,47],[162,4]],[[6147,19741],[72,-19],[79,12],[184,23]],[[6482,19757],[92,8],[57,-16]],[[6631,19749],[-33,-63],[-13,-37],[-32,-60],[-25,-32]],[[6528,19557],[-39,-39]],[[6489,19518],[-177,93],[-226,-5],[-71,-7],[0,11]],[[6015,19610],[-25,34],[43,7],[67,23],[2,83],[45,-16]],[[5568,18743],[66,66],[66,138],[-2,59],[-28,335],[-10,86],[4,34]],[[5664,19461],[29,-13],[62,3],[32,-4],[67,42],[38,35],[2,18],[47,43],[54,13],[20,12]],[[6489,19518],[-49,-38],[-138,-71],[-62,-43],[-50,-52],[-44,-66],[-98,-167],[155,-216]],[[6232,18481],[-153,-63],[-39,-19],[-86,-51]],[[5954,18348],[-92,90],[-106,121],[-188,184]],[[4916,19379],[125,170]],[[5391,20029],[36,-37],[30,-14],[48,4]],[[5505,19982],[-18,-25],[-20,-44],[-9,-64],[3,-47],[28,-55],[29,-23],[-29,-20]],[[5489,19704],[-51,-38],[-253,-143],[-41,-27],[-31,-29],[-151,-133]],[[4962,19334],[-46,45]],[[4556,19753],[94,15],[175,23],[-29,108],[-2,50]],[[4794,19949],[22,1],[3,-53],[16,-61],[93,16],[43,3],[1,-18]],[[4981,19706],[-242,-150]],[[4739,19556],[-181,180]],[[4558,19736],[-2,17]],[[4916,19379],[-177,177]],[[4622,20402],[23,1],[46,24],[38,35],[32,15],[24,-9],[20,-21],[16,-38],[8,-59],[17,-38]],[[4846,20312],[-35,-33],[-40,-18],[-33,36],[-37,16],[-101,31]],[[4600,20344],[22,58]],[[4561,20229],[28,-27],[37,-19],[35,-29]],[[4661,20154],[-23,-17]],[[4638,20137],[-154,-75]],[[4484,20062],[-52,115],[92,27],[37,25]],[[4025,20564],[105,-70],[20,-11]],[[4150,20483],[41,-84],[-10,-141],[7,-109],[-20,-3],[-6,-21]],[[4162,20125],[-242,244],[-121,119]],[[3799,20488],[8,101],[-2,76],[15,35]],[[4150,20483],[193,-35],[100,-34],[157,-70]],[[4600,20344],[-18,-77],[-21,-38]],[[4484,20062],[-65,-34]],[[4419,20028],[-31,-27],[-45,-53]],[[4343,19948],[-181,177]],[[4915,20678],[32,33]],[[4947,20711],[103,104],[65,69],[112,114],[83,70]],[[5310,21068],[12,-27],[9,-86],[-7,-121],[17,-33],[-2,-83],[5,-108]],[[5344,20610],[-303,-19],[-40,10],[-86,77]],[[4784,20568],[81,61],[50,49]],[[5344,20610],[6,-94]],[[5350,20516],[4,-75],[-80,-5],[-42,-14],[-99,2],[-59,15]],[[5074,20439],[-195,74],[-63,27],[-32,28]],[[5074,20439],[-56,-178],[-6,-27]],[[5012,20234],[-64,-7]],[[4948,20227],[-45,43],[-40,17],[-17,25]],[[4622,20402],[25,52],[51,54],[86,60]],[[5037,22023],[26,-10],[138,-35],[49,-2],[51,7],[20,-65],[25,-55],[25,-6],[16,-33],[85,-24],[61,-53],[46,-29],[2,-22],[77,-42],[15,3],[48,-23]],[[5721,21634],[1,-70],[-1,-160]],[[5721,21404],[-57,-45]],[[5664,21359],[-33,22],[-22,24],[-53,131],[-21,29],[-16,-15],[-328,113],[-91,27],[-5,-2]],[[5095,21688],[-16,64],[-6,77],[-10,36],[-26,158]],[[4433,12474],[58,38],[20,3],[4,26],[57,17],[46,23],[43,-1],[19,8],[49,41],[22,7],[248,22],[60,20],[28,-1],[9,21],[2,38],[25,34]],[[5123,12770],[9,23],[26,33],[82,52],[35,28],[50,4],[53,59],[54,85]],[[5432,13054],[131,-71]],[[5563,12983],[-34,-58],[-4,-30],[12,-27],[42,-27],[22,-28],[31,-157],[-3,-77],[46,-12],[25,-21],[23,-65],[5,-47],[22,-26]],[[5750,12408],[-51,-71],[-42,-88],[-26,-37],[-54,-51],[-43,-57],[-56,-45]],[[5478,12059],[-33,32],[-48,28],[-49,53],[-54,105],[-12,12],[-79,39],[-26,7],[-117,1],[-18,7],[-99,79],[-27,14],[-64,9],[-8,-71],[-47,-13],[-108,-12],[-35,-12],[-84,-58]],[[4570,12279],[-137,195]],[[9548,21531],[240,159],[31,22]],[[9819,21712],[88,57],[133,91],[265,174]],[[10305,22034],[36,-99],[147,-169],[114,-145],[34,-48],[-20,-55],[-2,-56],[-61,-3],[-81,11],[-103,-2],[2,-78],[-51,-1],[5,-277],[-42,1],[-90,27],[-7,20],[-35,19],[-24,-39],[-38,-10],[-37,3],[-4,-29],[-26,-9]],[[10022,21095],[-12,34],[2,25],[27,12],[1,21],[21,13],[23,46],[-10,34],[4,74],[17,33],[-20,5],[-43,-9],[-97,-8],[-21,7],[-91,3],[-61,19],[-36,24],[-22,28],[-74,40],[-82,35]],[[10400,10301],[-107,-232],[-48,-72],[-41,-47],[-161,-165]],[[10043,9785],[-43,36],[-112,75],[-35,28],[-23,33],[-45,110],[-6,28],[5,64],[-10,65]],[[9774,10224],[-14,68],[-6,57],[5,39],[23,95],[7,69],[2,108]],[[14220,20532],[87,10],[315,10],[506,13]],[[15128,20565],[3,-65],[14,-50],[5,-76],[-19,-76],[-14,-32],[-35,-39],[-13,-35],[32,-75],[14,-53],[29,-67],[21,-19],[36,-65],[32,-46],[6,-36],[-2,-47],[-42,-87],[-10,-41],[10,-48],[39,-69],[47,-45],[40,-19],[89,-19],[51,-17],[43,-32],[32,-12],[59,0],[14,-32],[2,-94],[-16,-47],[-26,-46],[-9,-36],[-16,-20],[-97,-36],[-82,-18],[-59,0],[-48,-21],[-7,-14],[5,-50],[52,-93],[79,-102],[26,-64],[28,-16],[26,8],[16,36],[27,18],[46,-7],[17,-16],[56,-84],[12,-11],[47,-9],[14,-21],[5,-34],[32,-58],[4,-24],[-4,-70],[-22,-25],[4,-60],[29,-21],[37,-39],[72,-14],[33,-26],[47,-55]],[[15939,18194],[-101,-44],[-44,-16],[-194,-55],[-30,51],[-102,119],[-36,36],[-75,54],[-44,-1],[-96,37],[-191,61],[-32,-3],[-74,15],[-48,-5],[-50,5],[-69,2],[-46,28],[-73,25],[-88,49],[-106,45],[-51,39],[-18,3],[-98,-29],[-37,2]],[[14236,18612],[29,293],[6,126]],[[14271,19031],[-1,51],[-19,178],[-29,221],[-6,104],[-15,-1]],[[14201,19584],[-6,196],[-1,132]],[[1723,9449],[423,-98],[19,-12],[-2,-21],[59,-15],[267,-59],[57,3],[178,74],[115,-25],[107,7],[38,-2],[91,-20],[69,-10]],[[3144,9271],[5,-55],[22,-105],[2,-43],[-19,-69],[-48,-69]],[[3106,8930],[-124,-163],[-26,-32],[-53,-48],[-99,-75],[-25,-15],[-54,-18],[-33,-3]],[[2692,8576],[-66,10],[-149,39],[-88,36],[-52,38],[-33,0],[9,-24],[-107,-284],[-35,-60],[-10,-31],[5,-50],[9,-28],[23,-17],[47,-16],[-37,-229]],[[300,7764],[-300,592],[59,29],[28,1],[97,54],[14,16],[51,39],[-11,45],[-24,20],[2,37],[35,46],[3,29],[22,18],[37,17],[31,3],[12,-14],[79,-28],[31,15],[3,-45],[21,-21],[20,-36],[51,-36],[27,-5],[78,5],[44,-7],[150,-2],[56,-5],[164,11],[28,-5],[44,15],[78,-18],[56,4],[44,56],[69,45],[69,39],[51,58],[30,22],[29,65],[60,92],[21,40],[7,64],[19,63],[16,130],[9,47],[21,57],[-7,52],[-1,81]],[[3600,14142],[71,-30]],[[3671,14112],[23,-21],[60,-87],[37,-60]],[[3791,13944],[9,-27],[43,-70]],[[3843,13847],[-91,-28],[-150,-32]],[[3602,13787],[-32,89]],[[3570,13876],[65,24],[-20,120],[-27,35],[-19,5],[31,82]],[[4069,10632],[60,104],[18,52],[34,45],[213,174],[41,30],[35,44],[64,-27],[25,1],[56,23],[29,-1],[80,-47],[41,-57],[45,38],[21,10],[110,26],[52,23],[64,40]],[[5562,10925],[-30,-10],[-55,-55],[-15,-28],[-19,10],[-23,-19],[-23,-1],[-30,-20],[-13,-36],[-22,-28],[-33,-20],[-23,-39],[3,-45],[-47,-22],[-18,-67],[-39,-14],[-1,-29],[-26,0],[5,-43],[-11,-32],[-45,-51],[-51,-28],[-34,-26],[-33,-11]],[[4979,10311],[-95,56],[-59,48],[-31,34],[-30,50],[-19,73],[0,51],[53,15],[-10,62],[15,68],[-66,13],[-48,-2],[-57,-18],[-37,-18],[-23,0],[-41,-81],[-33,-46],[-46,-33],[-26,-8],[-40,5],[-76,41],[-47,14],[-62,-14],[-46,-37]],[[4155,10584],[-26,22],[-60,26]],[[5616,14821],[65,23],[94,-56],[30,-27],[78,-45],[10,20],[6,85],[25,49],[-20,40],[-26,-20],[-37,5],[-19,19],[-36,5],[-13,81]],[[5773,15000],[61,14],[114,22]],[[5948,15036],[41,-74],[40,-58],[58,-67],[47,-44],[64,-42],[42,-20],[151,-53]],[[6391,14678],[109,-31],[48,-9]],[[6734,14624],[-44,-24]],[[6283,14427],[-76,91],[-42,19],[-26,42],[-25,-7],[-33,19],[-16,19],[-68,36],[-61,9],[-48,19],[-3,18],[-26,0],[-26,26],[-41,20],[-77,64],[-16,-31],[-50,-27],[-18,20],[-15,57]],[[7550,15463],[30,-15]],[[7580,15448],[120,-60],[54,-12],[71,-1],[66,-15],[108,-67]],[[7999,15293],[56,-42],[130,-129]],[[8185,15122],[-4,-147],[-3,-29]],[[7760,15077],[-90,27]],[[7670,15104],[-85,26],[-86,32]],[[7499,15162],[18,49],[33,252]],[[4049,22178],[54,-6],[0,79],[7,85]],[[4054,22131],[-5,47]],[[6847,23460],[22,59],[17,68],[14,110],[12,157],[80,-3],[138,1],[1,55],[9,101],[-9,103],[2,29],[13,33],[74,127],[19,72],[9,219],[-2,54],[-11,77],[114,101],[14,8]],[[8360,25477],[85,10],[47,-6]],[[8492,25481],[74,-23],[47,-11],[61,-1],[242,9],[39,-6]],[[8955,25449],[-47,-20],[-72,-68],[-39,-71],[-43,-54],[-55,-38],[-42,-50],[57,-14],[42,-36],[53,-15],[70,-30],[40,-8],[54,-25],[13,-28],[-15,-60],[1,-47],[12,-40],[6,-66],[28,-64],[76,-97],[1,-33],[-15,-38],[19,-10]],[[9099,24537],[-74,-181]],[[9025,24356],[-74,-184],[-109,-301],[-59,-173]],[[8783,23698],[-30,-97],[-65,-229],[-16,-62],[-66,-232]],[[8199,23080],[-2,27],[13,38],[2,33],[-19,42],[-40,28],[-77,28],[-53,3],[-106,0],[-107,-9],[-36,5],[-42,-5],[-84,-38],[-86,-88],[-23,-33],[-19,-105]],[[7520,23006],[-48,28],[-71,-126],[-33,-53]],[[7368,22855],[-9,13]],[[7359,22868],[-129,188]],[[7230,23056],[-46,69],[-65,83]],[[7119,23208],[-71,74],[-75,69],[-120,104]],[[6853,23455],[-6,5]],[[10022,21095],[19,-3],[16,-75],[-10,-39],[13,-60],[110,-65],[14,-47],[24,-14],[48,-127],[-7,-77]],[[10249,20588],[-67,8],[-40,26],[-126,90],[-47,37],[-112,100],[-47,30],[-158,66],[-112,53],[-54,9]],[[9486,21007],[-3,26],[-39,81],[-113,272]],[[9331,21386],[217,145]],[[8440,22751],[53,-69],[19,-54],[11,-60],[6,-100],[24,-80],[5,-67]],[[8558,22321],[-52,12],[-83,47],[-33,10]],[[8390,22390],[-121,20],[-95,29]],[[8174,22439],[-26,6],[-90,-4],[-37,4],[-101,31]],[[11394,14122],[129,-85],[57,-30],[87,-39],[49,-33],[29,-26],[44,-62],[117,-194],[17,-1]],[[11923,13652],[6,-60],[-4,-14]],[[11925,13578],[-162,-25],[-179,-32],[-46,-3],[-63,4],[-47,9],[-132,41],[-122,23],[-64,3],[-92,-4],[-165,-15],[-113,-20],[-65,-18],[-103,-39],[-78,-15],[-55,3],[-71,22],[-287,119]],[[10081,13631],[-4,128],[-5,72],[-2,120],[154,-50],[40,-25],[20,-36],[24,-9],[208,5],[52,-4],[27,5],[46,25],[74,79],[40,95],[13,64],[156,354],[26,37],[32,34],[17,29],[26,64],[35,8],[17,25],[15,39],[30,35],[50,23],[27,2],[40,-12],[27,-19],[19,-36],[45,-7],[99,37],[76,-1],[21,17],[24,41],[24,59],[19,10],[21,-30],[8,-58],[17,-78],[17,-49]],[[8918,27928],[57,173]],[[8975,28101],[53,-23],[14,-14],[34,-12],[44,12],[27,-3],[37,-26],[25,-27],[47,-3]],[[9256,28005],[-64,-99],[-41,-85],[-157,-190]],[[8994,27631],[-73,44],[-45,8]],[[8876,27683],[12,86],[30,159]],[[8472,27987],[59,-12],[93,-29],[28,-43],[14,-5],[33,21],[54,-12],[19,7],[14,48],[88,-26],[44,-8]],[[8876,27683],[-59,7]],[[8817,27690],[-88,7],[-23,7],[-58,-10]],[[8648,27694],[-18,35],[25,76],[-154,48],[-54,74],[7,36],[18,24]],[[10048,20139],[185,-7],[115,-7],[51,1],[169,-11],[79,-12],[78,-16]],[[10725,20087],[-36,-56],[-31,-59],[-42,-36],[-12,-23],[-44,-50],[-4,-43],[-26,-54],[-24,-39],[-13,-82],[-8,-20],[-33,-33],[-28,-17],[-82,-21],[-38,-67],[-26,-36],[-7,-27],[1,-135],[25,-85],[2,-65],[-13,-71]],[[10286,19068],[-21,27],[-33,101],[-8,61],[-29,63],[-10,78],[7,83],[-1,35],[-67,162],[-34,210],[-39,133],[-6,31],[3,87]],[[7489,18302],[75,26],[161,111],[46,20],[47,5],[183,-4]],[[8001,18460],[-11,-46],[-45,-35],[11,-51],[38,-133],[85,1],[44,-27],[15,-20],[48,-125]],[[8186,18024],[45,-67],[25,-118],[1,-16]],[[8257,17823],[-30,-30],[-29,-3],[-45,13],[-43,-17],[-22,-26],[-15,-76],[-1,-37],[12,-29],[-85,-43]],[[7999,17575],[-14,32],[-22,30],[-81,45],[-24,24],[-18,38],[-28,88],[-26,46],[-22,20],[-68,40]],[[7696,17938],[-141,86],[-79,57],[-13,14],[-64,109],[90,98]],[[8257,17823],[71,23],[31,24],[18,3],[93,-6],[18,2],[6,-39]],[[8494,17830],[27,-82],[-1,-36],[-28,-121],[-2,-41],[24,-58],[54,-61],[32,-42],[21,-53]],[[8621,17336],[-297,-34],[-264,-22]],[[8060,17280],[-52,264],[-9,31]],[[8784,20061],[171,18]],[[8955,20079],[242,27],[336,32]],[[9533,20138],[-1,-34],[-18,-14],[-15,-60],[8,-30],[20,-22],[28,-12],[35,-60],[11,-37],[36,-69],[19,-73],[102,-139],[-61,7],[-107,-59],[-14,-15]],[[9576,19521],[-117,67],[-24,8],[-134,18],[-91,10]],[[9210,19624],[-27,4],[-159,51],[-103,24],[7,-82],[-26,-4]],[[8902,19617],[-9,72],[-26,127],[-25,90],[-24,68],[-34,87]],[[9210,19624],[-41,-265],[-44,7],[-11,-35],[-118,9],[-67,-7]],[[8929,19333],[-12,120]],[[8917,19453],[-15,164]],[[8320,19571],[25,30],[50,-20],[10,42],[40,110],[70,-25],[66,-39],[33,-50],[-85,-22],[-15,-10],[-17,-44],[39,-52]],[[7954,19862],[74,68],[68,77],[148,176],[115,131],[42,60],[76,139],[42,70]],[[8519,20583],[18,31]],[[8537,20614],[26,-50],[84,-182],[75,-179],[62,-142]],[[8917,19453],[-14,-13],[-55,-22],[-53,2],[-55,-16],[-30,-19],[-10,-22]],[[7641,21441],[24,23],[37,20],[114,17],[73,23],[61,47],[20,10],[64,12],[125,38],[45,30]],[[8204,21661],[74,-108],[33,-58],[38,-85]],[[8349,21410],[-57,-4],[-56,18],[-52,-32],[-51,-44],[-44,-67],[-25,-19],[-121,-22]],[[7943,21240],[-43,-4],[-31,-19],[-57,67],[-34,18],[-31,25],[-48,24],[-22,26],[-15,39],[-21,25]],[[8178,14946],[51,-14],[209,-39],[18,-6]],[[8456,14887],[-120,-216],[-78,-136],[-66,-91]],[[8192,14444],[-155,44],[-112,40],[-219,100],[-141,51]],[[7565,14679],[13,25],[12,79],[21,39],[18,18],[33,60],[1,43],[-17,19],[-4,67],[28,56],[0,19]],[[8456,14887],[82,144],[12,18],[68,123],[106,238],[57,93],[49,61],[140,141],[30,33]],[[9000,15738],[28,33],[56,79],[28,49],[59,118],[146,296]],[[9560,16227],[-20,-43],[-4,-131],[-3,-46],[-13,-36],[-43,-49],[-62,-42],[-17,-23],[-26,-61],[-6,-42],[-21,-45],[-45,-83],[-13,-41],[-28,-62],[8,-82],[28,-50],[34,-115],[-21,-100],[-43,-61],[-29,-8],[113,-177],[96,-137],[34,-1],[23,-18],[0,-37],[36,-52],[61,-49],[55,-27],[46,-2]],[[9700,14607],[-47,-28],[-78,-28],[-38,-42],[-7,-58],[-47,-37],[-34,-11],[-17,-24],[-58,-36],[-25,-1],[-49,18],[-27,24],[-45,6],[-25,-4],[-49,9],[-26,-35],[-30,-25],[-27,-1],[-43,37],[-68,-3],[-42,-21],[40,-129]],[[8958,14218],[-73,125],[-35,54],[-283,-2],[-145,-6]],[[8422,14389],[-3,18],[-153,20],[-74,17]],[[8038,15775],[70,-56],[66,-63],[-13,-22],[-57,-202],[-48,-37],[-23,-33],[-34,-69]],[[7580,15448],[23,75],[79,-20],[104,35],[-3,71],[129,-24],[47,65],[79,125]],[[8185,15122],[12,53],[75,126],[13,40],[18,78],[15,127],[-7,34],[-38,80],[-4,29],[1,141],[16,63]],[[8286,15893],[311,-84],[48,-4]],[[8645,15805],[205,23],[42,0],[34,-13],[27,-23],[47,-54]],[[7923,15877],[47,45],[48,21],[128,33],[37,5],[144,0]],[[8327,15981],[-41,-88]],[[8038,15775],[-126,100]],[[7912,15875],[11,2]],[[8327,15981],[31,49],[114,76],[74,72],[103,35],[-39,170],[-23,117],[95,25],[51,21],[-2,27]],[[8726,16597],[122,-80]],[[8848,16517],[40,-132],[-4,-40],[-15,-19],[-47,-27],[-16,-58],[-19,-42],[-62,-98],[-41,-82],[0,-30],[-14,-26],[-26,-23],[5,-31],[-21,-80],[17,-24]],[[8621,17336],[354,45]],[[8975,17381],[84,14],[155,56]],[[9214,17451],[52,-172]],[[8848,16517],[-33,151],[-41,162],[-3,30],[-106,351],[-37,96],[-7,29]],[[7571,15896],[84,24]],[[7842,16003],[8,-38],[35,-51],[38,-37]],[[7912,15875],[-11,-6],[-82,-113],[-30,-32],[-30,-22],[-48,-22],[-77,-22],[-77,-48],[-47,-8]],[[7510,15602],[17,60],[-30,70],[80,33],[-6,131]],[[7302,15549],[124,54],[84,-1]],[[7550,15463],[-183,52],[-65,34]],[[6288,16266],[114,-100],[19,4],[31,-18],[22,-1],[62,47]],[[6536,16198],[23,-55],[17,-22]],[[6576,16121],[-19,-20],[-9,-40],[20,-2],[-1,-55],[22,-20],[29,-1],[4,-78]],[[6622,15905],[-16,5],[-77,45],[-56,-59],[-16,-7]],[[6457,15889],[-135,130],[-96,90]],[[6226,16109],[48,45],[-18,58],[10,27],[22,27]],[[7571,15896],[-89,-19],[-86,-35]],[[7396,15842],[19,78],[-3,49],[-8,23]],[[7270,16047],[58,16],[70,31]],[[7396,15842],[-171,-71],[7,115],[9,47],[33,82],[-4,32]],[[5005,15543],[23,9],[80,47],[39,42],[7,44],[29,25],[7,26],[68,74],[65,44],[33,35],[24,15],[24,-2],[132,65],[5,10],[99,40],[60,11],[58,17],[51,24],[29,1],[41,19],[-4,13]],[[5875,16102],[42,18]],[[5917,16120],[11,-28],[43,-240],[25,-70],[-31,-17],[13,-70]],[[5978,15695],[-23,-5],[20,-110],[28,-19],[12,-55]],[[6015,15506],[-32,-29],[85,-48],[161,-98]],[[6229,15331],[-83,-114]],[[6146,15217],[-74,-97],[-69,-55],[-58,-24]],[[5945,15041],[-20,35],[-39,40],[-25,18],[-83,38],[-136,49],[-71,29],[-31,19],[-53,45],[-77,77],[-67,48],[-79,35],[-37,11],[-92,18],[-48,3],[-62,-4]],[[5025,15502],[-2,4]],[[5023,15506],[-18,37]],[[5978,15695],[52,10],[359,113],[8,-5]],[[6397,15813],[-17,-38],[-2,-34],[25,-191]],[[6403,15550],[-24,-3],[-70,-22],[-25,73],[-130,-45],[-105,-25],[-34,-22]],[[7196,17711],[302,98],[67,24]],[[7565,17833],[21,-122],[28,-99]],[[7614,17612],[-182,-80],[-15,32],[-37,-34],[-18,-24]],[[7362,17506],[-56,40],[-35,55],[-59,19],[-7,22],[6,42],[-15,27]],[[7614,17612],[7,-43],[-32,-12],[-3,-14],[26,-152],[-4,-22],[58,-15],[68,14],[37,-45],[14,-30],[11,-60]],[[7796,17233],[-114,1],[-109,-3],[-107,-9]],[[7466,17222],[-8,30],[-48,65],[5,66],[-9,40],[-39,63],[-5,20]],[[7639,17894],[57,44]],[[8060,17280],[-98,-12],[-110,-27],[-56,-8]],[[7565,17833],[74,61]],[[6772,17816],[94,34],[238,76],[61,15],[38,57]],[[7203,17998],[22,-9]],[[7225,17989],[-45,-78],[0,-42],[40,-95],[-26,-28],[2,-35]],[[7196,17711],[-51,-17],[-67,-12],[-151,-39]],[[6927,17643],[-12,7],[-35,-24],[-88,-47],[-29,-34]],[[6763,17545],[-75,73]],[[6688,17618],[19,66],[11,-6],[22,44],[46,46],[-13,13],[-1,35]],[[7466,17222],[-84,-8],[-126,-20]],[[7256,17194],[-18,81],[-14,27],[-118,147],[-17,37],[-100,122],[-62,35]],[[7256,17194],[-79,-3]],[[7177,17191],[-106,14],[-78,24],[-44,19],[-93,49],[-67,25],[-57,11],[-61,2]],[[6671,17335],[151,149],[-59,61]],[[5380,16059],[73,-34],[48,-11],[87,0],[39,9],[174,52],[74,27]],[[5005,15543],[-32,54],[-28,31]],[[4945,15628],[435,431]],[[5797,16471],[88,-90],[91,-89],[0,-10],[-110,-108]],[[5866,16174],[-43,41],[-24,-21],[-139,141]],[[5660,16335],[137,136]],[[5879,16553],[33,-1],[143,-32],[153,-45],[43,-21],[59,-49],[71,-32]],[[6381,16373],[-93,-107]],[[6226,16109],[-59,35],[-33,11],[-85,8],[-63,-14],[-69,-29]],[[5917,16120],[-51,54]],[[5797,16471],[82,82]],[[5879,16553],[152,149]],[[6471,16532],[-68,-166]],[[6403,16366],[-22,7]],[[7177,17191],[-8,-15],[-126,-24]],[[7043,17152],[-239,-43]],[[6804,17109],[-100,-19],[-110,5],[-89,28]],[[6505,17123],[-36,12]],[[6469,17135],[202,200]],[[6804,17109],[-71,-181],[-41,-62]],[[6692,16866],[-43,55],[-15,8],[-36,-88]],[[6598,16841],[-141,57],[-58,115],[0,6],[106,104]],[[6598,16841],[-86,-211]],[[6259,16927],[210,208]],[[7043,17152],[20,-128],[42,-206],[44,-237],[-4,-20],[-27,-20],[-36,-38],[-9,-27],[-8,-79],[-13,-29],[-42,-38],[-20,-40],[-79,-32],[-30,-24]],[[6881,16234],[-44,64],[-22,49],[1,35],[12,31],[-1,29],[-11,23],[-121,96],[-29,41],[-23,60],[-1,28],[50,176]],[[8060,17280],[13,-111],[-2,-112],[-11,-85],[-14,-38],[-22,-27],[-39,-32],[-17,-23],[-70,-183],[-4,-23],[9,-41],[22,-27]],[[7644,16389],[-40,54],[-18,35],[-14,55],[8,39],[45,57],[62,65],[-22,29],[1,54],[-55,4],[-78,62],[-34,9],[-102,-21],[-72,-10]],[[7325,16821],[-41,220],[-16,99],[-12,54]],[[6740,18114],[140,23],[45,10],[184,52]],[[7109,18199],[27,-26],[-2,-63],[16,-18],[23,-82],[30,-12]],[[6772,17816],[-1,189],[-31,109]],[[6275,18029],[65,14],[216,40]],[[6556,18083],[184,31]],[[6688,17618],[-413,411]],[[7639,17894],[-41,1],[-30,-15],[-39,-2],[-41,28],[-31,33],[-23,8],[-21,-10],[-21,-28],[-36,13],[-41,-6],[-35,39],[-55,34]],[[5974,18329],[24,23],[45,24],[59,11],[38,-2],[157,-47],[42,-20],[34,-31],[90,-113],[80,-83],[13,-8]],[[6275,18029],[-301,300]],[[7991,18791],[-65,-77],[-81,-76]],[[9909,17307],[55,9],[64,21],[48,48]],[[10283,17244],[65,-45],[80,-75],[45,-58]],[[10615,16809],[-30,-13],[-76,-24],[-115,-4],[-43,7],[-44,18],[-96,53],[-52,5],[-157,-20],[-59,-23]],[[9784,17026],[-51,57],[-49,72],[-38,74]],[[9542,18452],[62,105],[26,24],[38,21],[132,45]],[[9800,18647],[74,-146],[8,-47],[63,-208],[17,-11],[-7,-24],[26,-83]],[[9981,18128],[14,-31],[24,-29],[75,-51],[45,-37],[20,-34],[7,-49],[-2,-108]],[[10164,17789],[-187,6],[-42,-2],[-58,-12],[-72,-29]],[[9805,17752],[-64,257]],[[9741,18009],[-62,248],[-24,62],[-33,54],[-28,34],[-52,45]],[[10736,20155],[27,66],[11,46],[8,283],[12,30],[10,55]],[[10804,20635],[100,54],[153,87],[70,45]],[[11127,20821],[9,-128],[-7,-42],[-45,-215],[-3,-54],[9,-140],[11,-111],[-6,-129]],[[11095,20002],[-59,15],[-311,70]],[[10725,20087],[-12,28],[23,40]],[[10265,18978],[21,90]],[[11095,20002],[-11,-68],[-27,-83],[-100,-173],[-35,-77],[-75,-189],[-66,-162],[-8,-31],[1,-45],[29,-58],[85,-109],[15,-32],[10,-47],[-7,-62]],[[10906,18866],[-332,-62],[-86,-1],[-52,-4],[-59,-23]],[[10377,18776],[-2,22],[-18,18],[-66,25],[-30,46],[17,62],[-13,29]],[[8981,21656],[171,83],[79,44]],[[9231,21783],[73,-144],[27,-37],[72,-65],[30,-39],[68,45],[24,-13],[23,1]],[[9331,21386],[-255,-169],[-78,-54]],[[8998,21163],[-17,40],[7,52],[3,63],[-9,82],[-12,36],[1,30],[-31,64],[6,80],[35,46]],[[8459,21758],[6,1]],[[8465,21759],[57,10],[44,-7],[31,-16],[42,-51]],[[8639,21695],[21,-17],[55,-22],[45,-9],[87,-3],[68,3]],[[8915,21647],[18,-39],[-2,-56],[-38,17],[-9,32],[-85,-3],[-9,-15],[3,-42],[-15,-14],[-36,-4],[-26,-33],[19,-200],[38,4],[-7,-33],[7,-110],[-2,-94],[9,-46],[-111,-97],[-25,-33]],[[8644,20881],[-31,-38]],[[8613,20843],[-21,17],[-11,34],[-71,368],[-27,275],[-24,221]],[[8204,21661],[71,51],[32,13],[152,33]],[[8613,20843],[-55,-46],[-65,-45]],[[8493,20752],[-22,86],[-96,489],[-26,83]],[[9256,28005],[63,-23],[55,-32],[19,-27],[43,-21]],[[9436,27902],[-105,-120],[-109,-133],[-103,-122]],[[9119,27527],[-125,104]],[[7421,27110],[23,43],[41,97],[30,120],[56,239]],[[7571,27609],[568,123],[9,3]],[[8148,27735],[85,19],[65,3]],[[8298,27757],[-17,-106],[-26,-57]],[[8327,27301],[58,-9],[100,-8],[58,-13],[82,-25],[52,-11]],[[8677,27235],[118,-6],[39,-16]],[[8834,27213],[-28,-31],[-72,-11],[-23,-20],[-58,-7],[-27,10],[-34,-23],[-73,-14],[-20,14]],[[8499,27131],[-19,15],[-41,0],[-31,9],[-61,-8],[-48,5],[-80,-4],[-90,46],[-17,-6]],[[8112,27188],[-65,0],[-85,-13],[-32,2],[-51,-17],[-46,-29],[-103,6],[-103,-45],[-83,-5],[-14,-11],[-73,3],[-36,31]],[[6844,27804],[53,117],[105,296],[23,96],[9,18],[-131,161],[189,117],[-21,39],[61,35],[22,-34],[85,47],[166,87],[211,299],[21,65],[100,-1],[6,-24],[1,-69],[20,-65],[25,-57],[53,-65]],[[7842,28866],[-43,-65],[-31,-35],[-27,-105],[-26,-83],[-7,-42],[-53,-123],[-22,8],[-22,-32],[-10,-32],[-2,-49],[-36,-107],[-42,-74],[-35,-96],[-38,-57],[-51,-62],[-31,-17],[-98,-32],[-126,-51],[-177,-77],[-17,-13],[-28,-52],[-39,53],[-37,81]],[[5664,21359],[-279,-233],[-40,-36],[-23,-4]],[[5125,21621],[-30,67]],[[5721,21404],[0,-60]],[[5721,21344],[-15,-125],[-25,-223]],[[5681,20996],[-139,59]],[[5542,21055],[-64,14],[-56,2],[-99,12]],[[5681,20996],[75,-30],[48,-13],[88,-17],[102,-25],[230,-64]],[[6224,20847],[-34,-54]],[[6190,20793],[-39,-80],[-69,-168]],[[6082,20545],[-31,-60],[-3,-63],[-27,-41],[-46,-28],[-106,3],[-58,278],[-1,32],[-164,3],[7,74]],[[5653,20743],[11,99],[-130,-4],[-3,98],[-6,1],[17,118]],[[6224,20847],[189,-52]],[[6413,20795],[-6,-78]],[[6295,20539],[-59,31],[-7,18],[68,153],[-107,52]],[[6275,20473],[-4,-20]],[[6271,20453],[-24,-52],[-29,-35],[-44,-34]],[[6174,20332],[-10,8],[49,61],[8,93],[-139,51]],[[6413,20795],[6,-1]],[[6419,20794],[49,-12],[56,-7],[65,1],[96,14],[70,27],[94,7]],[[6849,20824],[122,4]],[[6971,20828],[0,-96],[-19,-88],[-35,-68],[-69,-93]],[[6848,20483],[-21,37],[-37,37],[-89,56],[-83,67]],[[3583,11030],[36,9],[77,31],[171,94],[153,35],[88,-6],[77,7],[28,27],[83,6],[117,132],[52,51],[68,32],[50,5],[63,-9],[71,-23],[55,-45],[23,-1],[45,13],[120,61],[73,-16],[53,-17],[26,6],[11,20],[33,-8]],[[4069,10632],[-101,40],[-62,20],[-187,72],[-59,4],[-71,19]],[[3589,10787],[-21,240]],[[3568,11027],[15,3]],[[9964,16224],[22,8],[146,9],[135,26],[40,12],[97,47],[115,71],[55,17]],[[10574,16414],[3,-47],[11,-42],[55,-139],[27,-41],[50,-54],[20,-47],[-2,-96],[18,-85],[16,-43],[36,-51],[89,-91],[20,-47],[3,-55],[20,-48],[42,-50],[100,-79],[95,-28],[23,-10],[106,-65],[39,-13],[86,-13],[52,-19],[120,-68],[47,-30],[114,-94],[123,-74],[106,-104]],[[11993,14881],[-60,-23],[-29,64],[-42,56],[-19,3],[-47,22],[-84,2],[-56,41],[-30,-4],[-42,-39],[-64,-4],[-56,28],[-27,-5],[-123,10],[-51,12],[-42,-6],[-24,12],[-55,-16],[-14,15],[-29,4],[-33,-16],[-18,-27],[-103,7],[-104,-36],[-71,-30],[-23,-42],[-103,-72],[-35,-42],[-67,-46],[-43,4],[-147,-98],[-19,-15],[-51,-91],[-47,-59],[-58,-18],[-39,-1],[-59,-21],[-44,5],[-49,-13],[-50,55],[-13,40],[-27,39],[-69,15],[-52,41],[-47,-21],[-28,-4]],[[5673,6981],[107,83],[104,45],[225,118],[166,96],[78,15],[10,48],[30,74],[4,29],[-1,157],[-7,44],[-15,18],[-94,89],[-70,55],[-22,29],[-16,56],[7,78],[7,31],[35,74],[61,98],[58,54],[64,32],[43,32]],[[8112,8141],[150,-42],[48,-25],[76,-65]],[[8386,8009],[-146,-167],[-25,-41],[-10,-37],[-1,-40],[7,-31],[26,-65],[8,-38],[4,-120],[0,-99],[8,-2],[-1,-73],[-24,-95],[-70,-163],[-30,-102],[-17,-118],[-7,-243],[3,-67],[11,-50],[76,-282],[6,-54],[-5,-50],[-19,-62]],[[8180,6010],[-70,4],[-115,33],[-39,-17],[-46,-55],[-42,-28],[-37,5],[-34,14],[-34,-4],[-40,17],[-50,-12],[-56,-29],[-18,2],[-46,-91],[-66,13],[-57,-7],[-23,9],[-36,-33],[-22,-2],[-51,9],[-50,-6],[-17,-12],[-36,-57],[-35,-18],[-25,-24],[-80,8],[-52,-46],[-48,13],[-29,1],[-88,20],[-40,-5],[-41,37],[-26,-13],[-43,1],[-25,13]],[[6663,5750],[6,82],[-2,19],[-32,123],[-35,56],[-9,35],[15,46],[-6,44],[-23,24],[-24,61],[-22,25],[-25,6],[-279,-7],[-52,16],[-50,36],[-32,65],[-6,37],[-2,73],[-14,32],[-46,31],[-36,33],[-20,8],[-96,-11],[-36,10],[-63,117],[-75,217],[-26,53]],[[8251,20581],[120,86]],[[8371,20667],[64,47],[58,38]],[[8493,20752],[11,-32],[41,-94],[-8,-12]],[[8519,20583],[-7,0],[-51,-89],[-12,2],[-51,-96],[-133,29],[3,32],[-35,49],[23,14],[23,-29],[31,24],[-36,46],[-23,16]],[[9486,21007],[-80,2],[-91,22],[-47,4],[-43,-5],[-135,-44],[-51,-11]],[[9039,20975],[-64,-10],[-189,-18]],[[8786,20947],[93,103],[68,71],[51,42]],[[11537,6393],[154,-103],[76,-58],[138,-155],[35,-13],[63,-8],[34,1],[21,11],[75,52],[49,77]],[[12182,6197],[91,-29],[95,8],[70,19],[26,14],[68,61],[48,19],[100,-10],[75,-25],[123,-37],[74,1],[87,-34],[37,-40],[25,-66],[40,-42],[218,-113],[103,-58],[61,-26],[81,-57],[59,-10],[87,-27],[99,-39],[110,-46],[35,-30],[48,-68],[76,-55],[42,-11],[46,0],[64,-37],[-8,-64],[-1,-98]],[[14261,5297],[1,-50],[-39,-120],[-27,-50],[-12,-33],[-45,-92],[-26,-76],[-26,-39],[-46,-44],[-96,-42],[-48,-35],[-24,-68],[-51,-88],[-52,-51],[-69,-95],[-33,-13],[-91,14],[-32,-1],[-51,-21],[-31,-2],[-53,-18],[-75,-74],[-17,-34],[129,-218],[30,-29],[65,-35],[40,-36],[53,-102],[17,-24],[54,-56],[79,-71],[26,-29],[21,-36],[9,-86],[29,-128],[54,-147],[31,-95],[46,-186],[7,-66],[-3,-44],[-23,-75],[-15,-79],[-5,-55],[-29,-144],[-4,-60],[8,-97],[25,-120],[57,-147],[8,-74],[-3,-72],[-15,-76],[-21,-57],[-99,-244],[-30,-58],[-45,-49],[-105,-81],[-283,-202],[-38,-39],[-15,-31]],[[13373,1117],[-46,28],[-4,18],[21,51],[7,58],[-11,20],[18,29],[-5,33],[-21,16],[19,30],[5,38],[-30,32],[-39,19],[9,12],[35,4],[29,19],[16,62],[-21,47],[2,32],[-19,33],[-25,15],[11,46],[-6,12],[32,33],[14,27],[-5,19],[-45,63],[-43,73],[-10,30],[6,25],[27,44],[14,39],[-16,62],[-41,95],[-2,21],[13,68],[-3,285],[-6,182],[-5,41],[-26,49],[-39,13],[-44,57],[5,37],[-16,27],[-22,57],[-1,42],[20,29],[0,42],[-21,80],[1,24],[18,46],[3,37],[-20,161],[0,47],[-11,133],[-26,218],[-9,32],[-36,42],[-22,12],[-92,27],[-35,20],[-56,24],[-52,13],[-65,-24],[-43,2],[-57,20],[-103,47],[-50,59],[-18,13],[-62,24],[-21,-7],[-118,44],[-61,43],[-59,21],[-217,95],[-337,166],[-11,7],[-200,94],[-701,332],[-255,112]],[[10389,5195],[106,72],[38,47],[39,39],[38,24],[44,78],[41,47],[41,33],[46,126],[21,77],[-5,101],[0,120],[-5,92],[2,34],[-15,42],[-29,57],[8,36],[71,21],[295,2],[96,42],[112,23],[32,12],[59,38],[57,29],[56,6]],[[5298,14972],[22,28]],[[5320,15000],[76,-123]],[[5396,14877],[-73,-33],[-45,-26],[-190,-115]],[[5088,14703],[-71,-42]],[[5017,14661],[-18,24],[110,130],[143,100],[26,25],[20,32]],[[6406,23624],[74,4],[99,-13],[52,-15],[73,-32]],[[6704,23568],[-1,-58],[-25,-105],[-33,-160],[-306,64]],[[7810,26808],[61,-70],[23,-34],[0,-31],[121,-80],[79,-25],[204,-73],[106,-41]],[[8404,26454],[57,-13],[50,-22]],[[8511,26419],[-204,-172],[-224,-188]],[[8083,26059],[-164,-138]],[[7550,26718],[26,13],[69,8],[165,69]],[[5489,19704],[71,-28],[14,-21],[45,-40],[45,-154]],[[5568,18743],[-78,78],[-203,196],[-325,317]],[[8915,21647],[66,9]],[[8786,20947],[-45,-6],[-50,-21],[-47,-39]],[[10249,20588],[37,3]],[[10286,20591],[-142,-21],[-34,0],[-137,8],[-59,-22],[-78,-65],[-103,-75],[-153,-102],[-101,-70]],[[9479,20244],[-7,44],[-14,15],[-3,29],[-14,38],[14,70],[-19,71],[-25,38],[-31,17],[-115,25],[-30,0]],[[9235,20591],[-42,42],[-11,22],[-2,47],[27,109],[-9,33],[-39,44],[-32,24],[-82,46],[-6,17]],[[7744,20360],[35,30],[70,16],[65,-9],[53,4],[41,15]],[[8008,20416],[90,57],[60,41]],[[8158,20514],[82,58]],[[8240,20572],[11,9]],[[7923,19958],[-23,107],[-126,77],[-26,9],[-72,9],[-39,31]],[[7637,20191],[38,44],[69,125]],[[7166,20927],[53,41],[39,15],[48,0]],[[7306,20983],[215,-8],[50,-17],[52,-48],[33,-24],[35,-12],[105,-11],[62,-26]],[[7858,20837],[14,-31],[-41,-29],[-6,-16],[-2,-68],[-33,-52],[99,-72],[29,-16],[28,-30],[46,-73],[16,-34]],[[7744,20360],[-29,33],[-254,315],[-64,62],[-132,90]],[[7265,20860],[-99,67]],[[7858,20837],[77,-45],[88,-33]],[[8023,20759],[-8,-29],[-49,-58],[32,-62],[49,-47],[5,-19],[61,2],[29,-13],[16,-19]],[[7492,20135],[5,1]],[[7497,20136],[44,-52],[111,-294],[29,-30],[49,-28],[-58,-52]],[[7672,19680],[-166,93],[-33,41],[-30,85],[18,58],[-12,31],[-46,-4],[-31,32],[-66,26],[-27,19]],[[7279,20061],[213,74]],[[6631,19749],[34,49],[58,69],[21,32],[42,95],[13,52],[8,65],[-10,188],[11,93],[13,39]],[[6821,20431],[63,-15],[104,-46],[41,-37]],[[7029,20333],[44,-50],[75,-39],[87,-33],[188,-51],[47,-8],[22,-17]],[[7279,20061],[-85,-35]],[[7194,20026],[-44,-29],[-44,-44],[-57,-71]],[[7049,19882],[-20,-21],[-85,-73],[-50,-31],[-45,-16],[-64,-8],[-109,1],[-45,15]],[[6971,20828],[74,2],[47,24],[74,73]],[[7265,20860],[-21,-16],[-38,-43],[-19,-7],[-22,-43],[45,-35],[-7,-37],[16,-63],[4,-41],[-27,-77],[-21,-50],[-19,-19],[-44,-23],[-32,-24],[-51,-49]],[[6821,20431],[27,52]],[[7637,20191],[-34,-17],[-106,-38]],[[6406,20466],[46,-3],[109,-25]],[[6561,20438],[-14,-52],[10,-9],[-20,-40],[54,-37],[-23,-63],[-30,-30],[-56,-46],[-15,-5]],[[6467,20156],[-26,109]],[[6441,20265],[-27,60],[-143,58],[4,44],[-4,26]],[[6085,20231],[34,48],[55,53]],[[6441,20265],[-36,-20],[-35,-51],[-21,-19],[-19,20],[-138,93],[-31,-58],[-76,1]],[[6054,20182],[31,49]],[[6467,20156],[7,-35]],[[6474,20121],[-16,-54],[-41,-52],[-26,-14],[-34,5],[-30,13],[-48,38],[-33,-43],[-153,103]],[[6093,20117],[28,43],[-67,22]],[[6561,20438],[36,-9],[94,2],[99,10],[12,7]],[[6802,20448],[3,-8],[-30,-102],[7,-208],[-24,-127],[-11,-33],[-37,27],[-41,-3],[9,156],[-31,-10],[-27,-30],[-23,-52],[-11,-6],[-51,1]],[[6535,20053],[21,64],[-82,4]],[[6535,20053],[-9,-43],[-2,-77],[-17,-107],[-25,-69]],[[6147,19741],[-5,214],[-16,0],[-2,42],[-23,4],[-58,41],[50,75]],[[5505,19982],[24,4],[102,71],[24,12],[229,-120],[50,52],[41,55],[79,126]],[[6629,18803],[88,39],[-1,61],[37,6],[34,48],[-4,58],[28,4],[38,21],[-12,99],[15,37]],[[6852,19176],[5,70],[17,-2],[76,-64],[18,-7],[27,21],[26,-18],[53,67],[-4,70],[23,28],[-12,16],[23,57]],[[7104,19414],[67,-30],[106,-56]],[[7339,19292],[-149,-199],[-46,-58],[-148,-142],[-34,-30],[-81,-59],[-63,-37],[-53,-26],[-166,-70]],[[7104,19414],[17,37],[102,-28]],[[7223,19423],[25,-14],[81,137],[8,30],[-9,179],[-12,28],[-51,27],[0,47],[29,55],[-55,35],[-45,79]],[[7672,19680],[33,-16]],[[7049,19882],[55,-41],[13,-23],[4,-36],[36,-67],[40,-136],[14,-73],[20,-33],[1,-44],[-9,-6]],[[7104,19414],[-97,24],[-127,23],[3,5],[-215,37],[-42,10]],[[6626,19513],[-44,17],[-54,27]],[[6621,19481],[72,-39],[56,-43],[-13,-55],[20,-49],[-2,-37],[14,-43],[47,-11],[37,-28]],[[6687,19068],[-4,143],[12,79],[-3,19],[-31,77],[-35,55],[-5,40]],[[6626,19513],[-5,-32]],[[10164,17789],[77,-3],[85,-14],[161,-35],[129,-25],[73,3],[56,14]],[[10757,17669],[-36,-35],[-27,-47],[-33,-36],[-105,-69],[-6,-38]],[[10076,17385],[-60,50],[-63,61],[-66,69],[-43,65],[-15,37],[-24,85]],[[8929,19333],[16,-177],[20,-150],[34,-151],[43,-180]],[[9042,18675],[-89,-8],[-53,-1],[-84,13],[-78,29],[-19,12]],[[8719,18720],[1,6]],[[10931,16664],[-24,-59],[-24,-43],[-67,-91],[-57,-20],[-185,-37]],[[4422,21413],[-2,108]],[[4706,21986],[3,-57],[11,-73],[98,-44],[-28,-69],[-25,-17],[-43,-50],[-44,-15],[-27,-35],[3,-46]],[[4654,21580],[8,-19],[38,-43],[17,-51],[-18,-54],[-1,-54],[-7,-23],[8,-37],[-20,-37],[-34,-24],[-23,-41],[-29,-18],[-20,12],[-20,-6],[-14,-32]],[[4539,21153],[-165,58],[7,69],[8,31],[33,77],[0,25]],[[4413,22882],[34,69],[85,19]],[[4532,22970],[133,-127]],[[4665,22843],[67,-94],[46,-77],[14,-47],[13,-78],[18,-51],[47,-61],[105,-93],[18,-27],[11,-49],[-13,-87],[6,-48],[40,-108]],[[5037,22023],[-44,5],[-55,-14],[-101,-14],[-131,-14]],[[4408,22351],[20,52],[-2,46],[-7,23],[-51,118],[-5,45],[50,247]],[[4116,23124],[58,81],[32,55]],[[4206,23260],[58,-65],[68,-32],[79,-71]],[[4411,23092],[-24,-12],[-167,27],[-36,27],[-30,-14],[-38,4]],[[4539,21153],[66,-18],[58,-11],[118,-8]],[[5316,21083],[-6,-15]],[[4947,20711],[-148,88],[-89,52],[-36,26],[-15,-1]],[[4659,20876],[-1,33],[-37,-23],[-57,-1],[-25,-11],[-29,-29]],[[4510,20845],[-24,44],[-33,39]],[[4453,20928],[3,3]],[[4456,20931],[-12,40],[-2,41],[19,50],[22,26],[36,11],[20,54]],[[4659,20876],[6,-95],[6,-19],[58,-141],[9,-42]],[[4738,20579],[-106,-24],[-55,129],[-67,161]],[[11207,8993],[18,23],[20,6],[-20,116],[-23,52],[-80,52],[-158,113],[74,338]],[[11038,9693],[34,-25],[195,-93],[41,-16],[92,-1],[106,-20],[108,-17],[235,-141],[33,20],[67,-19],[40,-46],[-6,-35],[17,-20],[97,11],[38,16],[22,1],[51,-20],[39,-7],[47,6],[-12,-22],[60,-6],[39,-12],[27,13],[55,-4],[22,-7],[43,-29],[8,-87],[32,-68],[10,-69],[-17,-68],[-34,-77],[-52,-37],[-22,-37],[-29,-3],[-31,-25],[-58,-31],[-51,10],[-34,-12],[-29,-38],[-20,-36],[-54,-33],[28,-15],[52,-59],[55,-13],[12,-9],[23,-69]],[[12317,8444],[26,-141],[12,-26],[32,-44],[46,-53],[29,-24],[76,-41],[83,-32],[59,-58],[58,-31],[25,0],[12,-23],[42,-51],[40,-93],[11,-35],[3,-65],[70,-80],[21,-32],[11,-36],[4,-170],[-23,-38],[-50,-24],[-36,-28],[-128,-133],[-69,-104],[-14,-36],[-20,-84],[-49,-63],[-42,-27],[-89,-30],[-54,-43],[-41,-85],[-32,-53],[-59,-61],[-63,-78],[-9,-29],[1,-62],[-9,-63],[2,-92],[-11,-79]],[[11537,6393],[-15,14],[-54,74],[-29,26],[-97,59],[-64,31],[-93,56],[-53,61],[-67,62],[-61,44],[-36,20],[-165,58],[-46,21],[-86,49],[-23,23],[-70,100],[-76,83],[-71,89],[83,110],[13,27],[6,56],[17,38],[58,77],[9,27],[34,33],[63,51],[-4,129],[3,82],[165,40],[108,34],[63,37],[28,9],[36,-2],[50,-23],[15,1],[52,43],[24,41],[26,76],[-4,83],[12,37],[20,21],[67,49],[61,68],[41,77],[24,87],[-50,10],[-50,23],[-45,38],[-12,45],[-31,60],[-17,45],[-58,114],[-31,87]],[[2692,8576],[7,-42],[28,-41],[48,-33],[59,-31],[39,-10],[61,2],[130,27],[33,10],[74,37],[58,23],[144,70],[65,-21],[72,24],[95,44],[109,33]],[[3714,8668],[1,-196],[8,-68],[12,-50],[30,-82],[52,-120],[14,-39],[10,-56],[7,-71]],[[6397,15813],[28,44],[32,32]],[[6457,15889],[59,-62],[160,-178],[89,-91],[20,-15]],[[6785,15543],[-56,-20]],[[6729,15523],[-74,-17],[-64,-7],[-90,-4],[-88,-23]],[[6413,15472],[-10,78]],[[6599,18671],[27,-44],[25,-14],[46,1],[53,23],[59,6]],[[5974,18329],[-20,19]],[[4548,19945],[28,5],[-16,114],[22,5],[48,47],[8,21]],[[4661,20154],[121,54]],[[4782,20208],[12,-259]],[[4556,19753],[-14,109],[6,83]],[[4014,22355],[-50,-4],[-32,4]],[[3932,22355],[-88,30]],[[9524,17577],[61,32],[88,51],[132,92]],[[9591,17383],[-67,194]],[[6006,25729],[44,-26],[62,-11],[26,5],[90,49],[55,19],[64,5],[19,-14],[1,-44]],[[5994,25206],[-94,-52]],[[5900,25154],[-30,42],[-25,24],[-56,40]],[[5789,25260],[22,36],[26,19],[43,9],[-23,44],[-26,22],[-65,41],[-71,19]],[[5695,25450],[-6,41],[33,29],[95,-10],[11,40],[48,-5],[93,54],[11,20],[11,76],[15,34]],[[8154,22927],[-32,22],[-94,25],[-105,39]],[[7923,23013],[-47,9],[-103,2],[-66,-8],[-75,-21],[-59,-6],[-53,17]],[[8390,22390],[-9,-39],[29,-2],[26,-22],[30,-88],[-2,-21],[-46,-91],[54,-24],[32,-29],[40,-15],[84,-1]],[[8628,22058],[-23,-14],[-64,-16],[6,-27],[-88,-43],[6,-199]],[[8459,21758],[-5,25],[-51,85],[-26,30],[-53,22],[-108,10],[-45,17]],[[8171,21947],[-17,16],[-50,80],[-20,23],[-54,91],[-9,48],[5,30],[16,28],[91,97],[20,29],[21,50]],[[6374,22293],[30,-5],[22,-68],[33,-79],[-4,-55],[12,-11],[346,-77]],[[6813,21998],[-17,-77],[-21,-46],[-84,-110],[-12,-34],[1,-68],[-5,-31],[-33,-124]],[[6642,21508],[-57,26],[-107,9],[-43,-6],[7,33],[38,41],[34,52],[-4,20]],[[6510,21683],[29,48],[-5,57],[-29,38],[-38,64],[-51,222],[-24,125],[-19,38],[1,18]],[[6704,23568],[83,-54],[60,-54]],[[6853,23455],[-32,-66],[-53,-89],[-91,-130],[10,-13],[-64,-87],[-36,-54],[-15,11]],[[6572,23027],[-117,60],[-156,32]],[[6242,22852],[23,118],[15,61]],[[6572,23027],[-26,-42],[-137,71],[-28,-80],[-24,-77],[79,-34],[-40,-124],[-7,-62],[21,-14],[-12,-36]],[[6398,22629],[-68,0],[-135,7]],[[6195,22636],[47,216]],[[6242,22852],[-41,7],[15,72],[-187,79],[12,56],[-65,13],[-34,-179],[-18,-103],[-53,-2]],[[5871,22795],[-7,11],[1,61],[-10,46],[5,78],[23,51],[-2,20]],[[5881,23062],[-14,105],[-39,34],[-24,41],[-10,44],[11,155],[-5,15],[11,64],[29,20],[48,21],[101,-39],[34,-18],[90,-78]],[[5849,22216],[7,16],[41,-16],[178,-29],[7,44],[28,25],[3,33],[-31,21],[55,45],[55,51],[-45,12],[38,167]],[[6185,22585],[10,51]],[[6398,22629],[10,0]],[[6408,22629],[-66,-200]],[[6342,22429],[-41,-125],[73,-11]],[[6510,21683],[-16,26],[-99,113],[-28,22],[-24,50],[-126,55],[-41,6]],[[6176,21955],[-57,5],[-54,-7],[-58,-21],[-15,-27],[-35,16],[-68,72],[-14,8],[-123,17],[28,63],[69,135]],[[6185,22585],[-142,7],[-79,18],[4,37],[-41,13]],[[5927,22660],[1,11],[-31,80],[-26,44]],[[5721,21634],[0,37],[75,2],[131,19],[151,-36]],[[6078,21656],[-103,-318],[-252,16],[-2,-10]],[[6078,21656],[98,299]],[[6642,21508],[24,-11],[-65,-133]],[[6601,21364],[-26,-53]],[[6454,20940],[-19,-59],[-16,-87]],[[5263,23805],[105,27],[48,8]],[[5416,23840],[19,-117],[9,-88],[25,-104],[11,-25],[36,-50],[78,-120],[37,-51],[37,-36],[69,-41],[67,-30],[15,-12],[20,-59],[42,-45]],[[5927,22660],[-116,34],[-197,43],[-21,35],[65,14],[77,6],[26,156],[-191,47],[-10,-37],[-16,-1],[-21,-59],[-11,-56],[-13,-33],[-39,-40],[-68,16],[-216,47],[-44,29],[55,104],[70,35],[20,23],[-24,27],[-88,-23],[-12,-22],[-105,-24],[-42,-112],[-39,7]],[[4967,22876],[13,50],[-45,14],[91,185],[76,148],[23,-16],[55,276],[38,84],[28,98],[17,90]],[[5416,23840],[96,3],[93,-7],[100,-27],[57,-24],[122,-62],[108,-52],[59,-21],[108,-23]],[[6159,23627],[-3,-12]],[[4791,24251],[44,-8],[31,-21],[45,38],[25,30],[41,-9],[20,-17],[16,15],[33,0],[14,18],[38,7],[25,-7],[6,-22],[28,-26],[46,-5],[35,-42],[-14,-51],[-14,-27],[-40,-42],[9,-29],[32,-32],[50,-16],[6,-25],[-31,-15],[-13,-19],[17,-39],[39,-7]],[[5279,23900],[-16,-95]],[[5263,23805],[-307,-91],[-52,-11],[-97,-26],[-99,-23]],[[4708,23654],[-120,-17],[-69,-6],[-99,1]],[[4420,23632],[24,37],[51,100],[49,72],[45,90],[84,142],[118,178]],[[3641,10138],[45,-522]],[[3686,9616],[22,-316]],[[3708,9300],[-73,-25],[-137,-41],[-59,-12],[-51,5],[-108,57],[-58,6],[-78,-19]],[[3144,9271],[-12,41],[4,93],[30,297],[28,114],[56,133],[26,45],[74,103],[21,20],[64,26],[39,3],[167,-8]],[[4156,21685],[46,42],[119,143],[58,76]],[[4422,21413],[-280,55],[-18,5]],[[4124,21473],[32,69],[7,36],[-7,107]],[[4116,21369],[5,24],[3,80]],[[4456,20931],[-100,111],[-59,69],[-85,125],[-99,127]],[[4113,21363],[3,6]],[[4970,21568],[-24,90],[-25,0],[-6,67],[-77,-13],[-51,-20],[-21,-27],[-56,-42],[-10,-33],[-46,-10]],[[7711,22320],[99,-143],[57,-77],[100,-121],[103,-146],[12,5]],[[8082,21838],[12,-16]],[[8094,21822],[-41,-23],[-47,-81],[-31,13],[-19,-25],[-60,-30],[-46,2],[-41,8],[-52,27],[11,17],[-41,7],[-22,14],[-82,16],[-137,73],[-51,16]],[[7435,21856],[20,102],[16,48],[24,50],[43,71],[63,82],[110,111]],[[8639,21695],[41,50],[-27,18],[16,17],[-15,30],[-11,69],[2,15],[69,0]],[[8714,21894],[107,-18],[44,-22],[53,-4],[9,74],[17,109],[10,107],[-10,45]],[[8944,22185],[-36,66],[-7,45]],[[8901,22296],[100,-9],[62,-12]],[[9063,22275],[-8,-26],[-5,-71],[12,-28],[-36,-61],[16,-83],[-21,-50],[3,-15],[-34,-26],[15,-72],[15,-47],[-21,-112],[-18,-28]],[[8783,23698],[115,-63],[216,-110],[-28,-67],[-22,-73],[-9,-109],[4,-57],[22,-118],[32,-127],[44,-144],[39,-105],[65,-150],[39,-78],[74,-132],[10,-25]],[[9384,22340],[-37,-4],[-189,-59],[-28,-5],[-67,3]],[[8901,22296],[-113,8]],[[8788,22304],[-63,4]],[[8725,22308],[-167,13]],[[6408,22629],[109,2],[139,-3],[63,-7]],[[6719,22621],[192,-41],[85,-20],[92,-17]],[[7088,22543],[27,-22],[-15,-42],[-23,-40],[-49,-67],[-87,-104]],[[6941,22268],[-93,30],[-90,24],[-137,42],[-64,34],[-45,-52],[-52,44],[-118,39]],[[6941,22268],[-91,-133],[-15,-39],[-22,-98]],[[6159,23627],[27,102],[10,24],[51,90],[58,70],[139,120],[142,126],[27,67],[75,203]],[[6688,24429],[62,155],[-9,13],[-18,79],[-10,83]],[[5507,24359],[68,61],[53,57],[58,82],[69,129]],[[5755,24688],[137,259],[47,101],[55,158]],[[6319,25221],[-19,-16],[-51,18],[-56,7],[-16,-23],[1,-20],[62,-296],[34,-144],[94,-318]],[[6368,24429],[-556,-49],[-45,18],[-56,5],[-42,-7],[-45,-23],[-17,-20],[-29,-53],[-38,-23],[-25,63]],[[5515,24340],[-8,19]],[[6688,24429],[-47,-15],[-14,2],[-53,33],[-45,12],[-161,-32]],[[5399,25288],[79,-44],[18,0],[87,34],[37,24],[52,-34],[75,-27],[17,-24],[-51,-83],[-14,-29],[1,-23],[32,-53]],[[5732,25029],[-163,-123]],[[5569,24906],[-118,-88],[-36,-33],[-31,-37],[-38,-79]],[[5346,24669],[-15,19]],[[5331,24688],[-27,39],[-30,58],[-77,120],[-8,36]],[[5189,24941],[107,191],[50,70],[53,86]],[[8094,21822],[110,-161]],[[7641,21441],[-37,-33],[-99,-31],[-43,-7],[-58,1],[-109,11],[-75,-2]],[[7220,21380],[43,80],[95,141],[18,33],[28,67],[13,49],[18,106]],[[7923,23013],[-25,-50],[-27,0],[-71,-16],[-73,-46],[-28,-3],[-25,-36],[-40,-27],[9,-23],[33,1],[13,12],[54,-18],[13,44],[42,50],[43,22],[39,-2],[25,-17],[33,-71],[-7,-67],[-45,-53]],[[7886,22713],[-46,-54],[-24,-10],[-48,14],[-16,-23],[-33,-13],[-3,-32],[-16,-39],[-5,-39]],[[7577,22524],[-93,160],[-116,171]],[[12497,13902],[-24,-3],[-34,-16],[-82,86],[-38,54],[-82,154]],[[13817,18644],[48,-48],[34,-8],[50,-1],[126,-16],[47,11],[50,31],[22,7],[42,-8]],[[14236,18612],[-7,-54],[-6,-125],[7,-163]],[[13685,19583],[25,-3],[60,14],[25,-2],[21,-17],[25,-37],[62,-67],[28,-74],[-4,-50],[-33,-74],[3,-41],[18,-25],[71,-36],[15,22],[46,21],[42,-7],[23,-18],[15,44],[33,11],[44,38],[29,-27],[2,-73],[-4,-73]],[[14231,19109],[-64,2],[-72,-14],[-48,-26],[-71,-29],[-69,-8],[-40,11],[-81,47],[-66,15],[-96,-14]],[[13624,19093],[-5,49],[-53,113],[-5,38],[18,60],[57,111],[26,43],[23,76]],[[14231,19109],[-3,-48],[43,-30]],[[3714,8668],[144,46],[175,66],[30,-35],[89,-70],[123,-137],[32,-44],[30,-53],[16,-68],[-13,-51],[-21,-53],[-7,-56]],[[4312,8213],[-40,-2],[-37,-40],[-17,-35],[-5,-69],[-14,-52],[-73,-53],[-59,-17],[-47,14],[-73,58],[-64,3],[-13,-33],[-22,-1]],[[3818,14513],[118,-33],[24,-11],[318,-263]],[[4278,14206],[-63,-40],[-51,-23],[-122,-28]],[[4042,14115],[-19,94],[-7,20],[-27,24],[-61,13],[-79,-14],[-66,1],[-63,19],[-107,38]],[[3613,14310],[205,203]],[[8023,20759],[36,-7],[47,-21],[29,-23],[105,-136]],[[6744,20940],[56,-22],[59,-7],[-10,-87]],[[4206,23260],[104,184],[31,50],[79,138]],[[4708,23654],[-2,-57],[-15,-129],[-23,-100],[-20,-197],[-25,-104],[-19,-36],[-72,-61]],[[4532,22970],[-68,78],[-53,44]],[[8573,28151],[48,-31],[39,3],[19,16],[51,-5],[96,0],[33,6],[45,-28],[71,-11]],[[8472,27987],[15,7],[18,59],[55,3],[-13,22],[6,39],[20,34]],[[9370,12231],[24,9]],[[9394,12240],[24,-43],[29,-40],[66,-58],[157,-155],[22,-38],[59,-126],[18,-29],[76,-70],[31,-39]],[[9774,10224],[-52,5],[-386,43],[-43,9],[-48,30]],[[3487,14185],[29,-17],[84,-26]],[[3570,13876],[-15,38],[-31,31],[-32,8]],[[3492,13953],[-5,34],[-25,29],[33,13],[-45,59],[-42,-19],[-14,14],[-36,-23]],[[3358,14060],[129,125]],[[3534,11335],[41,50],[12,27],[55,64],[-18,44],[18,30],[-24,41],[15,42],[17,12]],[[3650,11645],[145,-89],[33,-14],[5,-81],[87,2],[37,-17],[20,-28]],[[3977,11418],[-81,-49],[-7,-31],[-106,-79],[-78,-35],[-12,-11],[-107,-149],[-3,-34]],[[3568,11027],[-11,142],[-9,76],[-14,90]],[[7943,21240],[-42,-10],[-43,-32],[-26,-43],[-36,-87]],[[7796,21068],[-37,6],[-59,35],[-55,20],[-42,6],[-42,-4],[-53,-21],[-54,-13],[-37,-31],[-38,-18],[-32,-31],[-28,5],[-13,-39]],[[6971,20828],[8,102],[26,69],[28,50],[72,111],[69,123],[46,97]],[[5499,25464],[215,364],[36,73]],[[5750,25901],[14,3],[22,-47],[29,-19],[113,-63],[78,-46]],[[5695,25450],[-140,-5],[-13,-8]],[[5542,25437],[-43,27]],[[7976,10519],[10,81]],[[7986,10600],[31,9],[68,40],[23,39],[42,-1],[56,74],[14,34],[7,68],[-4,70],[-12,46],[-6,86],[11,30],[41,66],[5,44],[-14,44],[-31,40],[-35,21],[-36,42],[-21,-16],[-31,9],[-36,-7],[-80,150],[8,4]],[[7986,11492],[103,39],[39,24],[34,28],[90,92],[57,46],[53,25],[51,17],[29,3]],[[9245,10311],[-74,-86],[-48,-47],[-96,-79],[-31,-42],[-11,-39],[-65,-19],[-15,-41],[-36,-47],[-32,-22],[-82,-30],[-38,-30],[-6,-20],[-29,-34],[-62,-8],[-18,-14],[-43,-6],[-20,13],[-29,-14],[-30,16],[-8,-14],[-52,-20],[-26,1],[-26,12],[-39,-21],[-64,-25],[-39,-32],[-31,-17],[-34,0],[-26,-10],[-72,9],[-28,-4],[-52,-54],[-44,-7],[-42,0]],[[7897,9580],[-8,144],[7,58],[11,40],[21,44],[31,45],[34,73],[10,47],[2,75],[-31,351],[2,62]],[[10893,10391],[37,27],[47,10],[40,16],[79,51],[42,-55]],[[11138,10440],[19,-54],[39,-40],[27,-12],[70,4],[38,-9],[51,-42],[26,-10],[161,-29],[28,-10],[58,-55],[39,-14],[38,4],[71,14],[100,16],[28,10],[171,108],[61,35],[43,38],[53,84],[52,28],[26,21],[95,106],[-23,35],[-5,25],[5,43],[11,33],[47,87],[19,23],[47,37],[23,26],[22,46],[23,21],[86,102],[48,39],[31,45],[-3,42],[-40,100]],[[12723,11337],[44,54],[24,50],[19,80],[19,26],[37,18],[66,5],[48,16],[136,84],[37,19],[161,52],[74,17],[44,4],[52,-9],[56,-25],[48,-4],[39,27],[25,5],[98,0],[35,6],[67,38],[129,87],[70,58],[53,55],[43,28],[69,-88],[-19,-26],[15,-27],[12,-46],[59,35],[58,2]],[[14341,11878],[12,-65],[25,-58],[32,-39],[130,-64],[37,-22],[206,-151],[74,-65],[33,-125],[7,-157],[14,-178],[-4,-104],[5,-92],[0,-59],[9,-35],[67,-144],[45,-51],[77,-26],[160,1],[144,-17],[28,-27],[35,-53],[10,-52],[-9,-103],[15,-151],[16,-114],[-32,-78],[-83,-41],[-195,3],[-68,-3],[-45,-41],[-27,-93],[6,-79],[71,-219],[4,-113],[-29,-66],[-185,-378],[-79,-143],[-29,-93],[6,-38],[31,-41]],[[14855,8504],[-50,-5],[-83,4],[-5,65],[-41,9],[-219,150],[-134,88],[-57,12],[-57,-11],[-95,14],[-134,37],[-53,22],[-19,1],[-157,-15],[-39,-6],[-41,-19],[-90,-69],[-39,-23],[-63,-2],[-52,-9],[-24,-16],[-61,-62],[-31,-11],[-89,-6],[-71,6],[-136,-3],[-48,-9],[-171,-46],[-132,-60],[-138,-42],[-209,-54]],[[11038,9693],[-24,19],[-69,39],[-29,35],[-66,48],[-72,67],[-47,85],[-24,52],[-46,67],[-18,16],[-21,93],[28,55],[25,12],[85,25],[79,29],[54,56]],[[9235,20591],[-27,-4],[-413,-24],[77,-196],[63,-136],[12,-39],[8,-113]],[[9587,22100],[30,46],[34,88],[0,46]],[[9651,22280],[197,8]],[[9848,22288],[2,-81],[6,-63],[-10,-27],[-187,-46],[-32,0],[-40,29]],[[3368,13108],[109,73],[90,46],[66,17],[64,10]],[[3697,13254],[33,3],[324,38],[86,13],[155,28],[173,36]],[[4468,13372],[-84,-112],[-32,-25],[12,-14]],[[4364,13221],[-59,-64],[-211,-207]],[[4094,12950],[-92,-90],[-25,-36],[-36,-69]],[[3941,12755],[-7,24],[-46,-15],[-21,27],[-147,-7],[2,-17],[-57,-11],[-36,-13],[-21,-21],[-31,16],[-140,-29],[1,-103],[10,-22],[118,-13],[26,15],[8,26],[34,-8],[-9,-33],[-17,-21],[-64,-34],[-36,-26],[-75,-164],[-43,-9]],[[3390,12317],[-10,206],[-1,177]],[[3368,13041],[0,67]],[[4782,20208],[74,25],[38,-13],[44,-2],[10,9]],[[5012,20234],[59,-5],[47,-13],[101,-69],[37,-18]],[[10305,22034],[107,70]],[[10412,22104],[263,-192],[90,-75],[64,-65],[50,-58],[30,-55],[132,-171],[45,-75],[25,-51],[26,-72],[15,-62],[6,-80],[-4,-65],[-27,-192],[0,-70]],[[10804,20635],[-65,-22],[-40,-5],[-165,15]],[[10534,20623],[-248,-32]],[[11037,22436],[66,25],[105,12],[130,8],[49,-25],[19,-34],[4,-109],[31,-48],[36,-15],[28,0],[97,25],[32,4],[76,-11],[32,3],[70,20],[35,15],[46,33],[59,28],[67,27],[10,-29]],[[12029,22365],[-22,5],[-35,-42],[-90,-34],[-27,1],[-33,-35],[-10,-56],[5,-30],[-38,-124],[-2,-46],[-25,-84],[-14,-20],[-28,-66],[15,-41],[37,-63],[8,-45],[-13,-85],[-10,-2],[-23,-50],[5,-109],[-49,14],[-132,0],[-27,-4]],[[11521,21449],[-26,61],[-38,37],[-35,51],[-19,51],[-27,131],[-13,43],[-35,62],[-46,53],[-31,47],[-40,88],[-58,82],[-93,217],[-23,64]],[[2875,6600],[-138,-150],[-73,-75],[-90,-98]],[[2574,6277],[-197,-213],[-59,-68],[-82,-88],[-136,-150],[-263,-285],[-161,-172],[-57,-56],[-99,-92],[-127,-104],[-77,-59],[-134,-94]],[[1182,4896],[-55,133],[-28,72],[-28,86],[-168,570],[-59,197],[-129,424],[-33,105],[-69,234],[-47,168]],[[4094,12950],[52,-66],[98,-142]],[[4244,12742],[135,-192]],[[4379,12550],[54,-76]],[[4433,12474],[-20,-8],[-48,3],[-42,-26],[-17,-23],[-19,-3],[-19,-26],[-25,2],[-20,-21],[-43,-28],[-39,-4],[-74,-47],[-44,-64],[-21,-19],[-8,-30],[-26,-13],[-28,-29],[-34,-76],[-53,-89],[-51,-91],[-15,-41],[-50,-66],[-7,-44],[-22,-38],[-44,-22],[-14,-26]],[[3534,11335],[-33,205],[-74,441]],[[3427,11981],[91,44],[92,33],[14,24],[87,241],[16,82],[14,32],[109,132],[81,151],[10,35]],[[4570,12279],[58,-92],[14,-38],[41,-134],[22,-39],[71,-40],[21,-17],[98,-110],[69,-69]],[[4964,11740],[-39,-15],[-30,-19],[-101,-86],[-47,-22],[-77,-9],[-62,5],[-34,11],[-32,22],[-55,49],[-75,26],[-50,2],[-108,-22],[-49,-37],[-46,-95],[-19,-20],[-163,-112]],[[14855,8504],[125,-108],[68,-100],[40,-123],[-1,-106],[-40,-124],[-74,-146],[-23,-124],[4,-89],[38,-129],[75,-99],[83,-64],[124,-79],[75,-42],[40,-30],[6,-36],[-17,-93],[-117,-247],[-96,-65],[-125,-30],[-118,-31],[-55,-48],[-12,-86],[23,-66],[44,-61],[80,-54],[113,-41],[127,10],[138,-12],[94,-37],[41,-42],[21,-49],[5,-116],[-75,-197],[-65,-85],[-89,-88],[-54,-69],[-42,-65],[-19,-93],[1,-125],[-3,-41]],[[15195,5274],[-43,7],[-11,40],[-24,-44],[-70,-28],[-79,-22],[-33,3],[-65,34],[-81,36],[-57,8],[-28,-5],[-76,14],[-98,-10],[-62,-3],[-81,8],[-49,-2],[-77,-13]],[[11088,16627],[119,-28],[80,-13],[69,-4],[116,0],[94,-11],[74,-28]],[[11640,16543],[70,-49],[137,-140],[52,-73],[28,-61],[25,-68]],[[11952,16152],[80,-217],[20,-41],[83,-126],[26,-63]],[[12161,15705],[41,-193],[15,-57],[26,-54],[57,-76],[228,-208],[60,-69],[59,-84],[27,-49],[35,-84],[136,-340],[64,-115],[45,-178],[40,-72],[85,-86],[33,-45],[34,-60]],[[13146,13935],[-33,-19],[-34,20],[-4,39],[-20,31]],[[7770,11393],[99,66],[37,16],[80,17]],[[7986,10600],[14,140],[-4,75],[-8,52],[-20,64],[-161,362],[-37,100]],[[8725,22308],[1,-29],[-98,-221]],[[15195,5274],[-26,-331],[32,-74],[71,-92],[74,-72],[81,-68],[104,-51],[86,-20],[72,-38],[34,-31],[35,-53],[21,-55],[20,-35],[23,-65],[52,-83],[86,-188],[4,-153],[-21,-95],[-9,-87],[-14,-97],[-5,-71],[12,-192],[11,-68],[19,-63],[-6,-67],[-27,-71],[-25,-44],[-19,-58],[-11,-66],[0,-53],[-19,-58],[-81,-124],[-57,-137],[-28,-76],[-4,-52],[-12,-26],[-17,-75],[-14,-78],[17,-96],[32,-122],[63,-179],[8,-65],[-4,-56],[-19,-49],[-27,-46],[-10,-60],[18,-58],[36,-63],[28,-40],[18,-42],[16,-54],[26,-130],[19,-47],[80,-157],[24,-88],[-5,-194],[-9,-101],[-22,-96],[-13,-96],[-35,-145],[-37,-95],[-11,-72],[9,-31],[-109,-25],[-128,32],[-126,38],[-56,30],[-72,12],[-62,-2],[-38,16],[-26,24],[-22,101],[-19,32],[-175,98],[-27,6],[-38,-13],[-32,-26],[-31,-9],[-30,8],[1,108],[-34,42],[-20,43],[-58,34],[-19,-4],[-51,-43],[-10,-36],[14,-50],[18,-22],[28,-7],[1,-35],[-19,-8],[-57,14],[-16,11],[-26,89],[-5,58],[-24,19],[-68,13],[-23,19],[-32,56],[-26,19],[-12,-16],[-6,-45],[-24,-4],[-40,18],[-44,7],[-23,-10],[-24,17],[11,23],[47,24],[3,23],[-57,-1],[-44,33],[-44,-3],[-27,31],[-29,10],[-70,-3],[-43,13],[-56,46],[-35,23],[-24,6],[-38,24],[-43,38],[-41,21],[-54,18],[-25,19],[-43,72],[-27,28],[-40,11],[-34,-2],[-69,-27],[-36,9],[-30,39],[-28,8]],[[5697,11285],[55,35],[27,30],[47,40],[59,86],[48,39],[86,50],[77,52],[23,48],[106,120],[8,35],[-9,43],[-3,52],[41,92]],[[6262,12007],[9,-93]],[[6271,11914],[1,-42],[-18,-117],[-11,-41],[-70,-124],[27,-17],[116,-110],[21,-55],[57,-29],[17,-18],[51,26],[61,-6],[20,3],[50,53],[11,3],[40,-52]],[[6644,11388],[-60,-39],[-120,-18]],[[6464,11331],[-89,-63],[-34,-46],[-100,-47],[-65,-21],[40,-53],[58,-57],[173,-278],[-37,-17],[-147,-36],[-44,-29],[-80,-90]],[[6139,10594],[-31,22],[-223,136],[-119,47],[-80,58],[-73,35],[-51,33]],[[3937,21239],[72,22],[35,16],[35,39]],[[4079,21316],[18,-25],[-12,-29],[-11,-62],[7,-51],[-3,-58],[8,-26],[-4,-36],[10,-101],[36,-62],[72,-40],[28,-37],[14,-36],[39,-18],[38,-26],[10,-16],[-15,-66]],[[4314,20627],[-9,-29],[34,-52],[24,-4],[56,-42],[88,-57],[79,-39],[36,-2]],[[3930,20931],[39,127],[0,43],[-32,138]],[[13358,19620],[36,-22],[53,-9],[112,17],[59,-5],[67,-18]],[[13235,19069],[-74,195],[-108,269]],[[13053,19533],[37,9],[22,-31],[4,-21],[27,-61],[12,-54],[36,-49],[-2,51],[17,21],[50,15],[-14,21],[-11,55],[7,37],[39,41],[63,33],[18,20]],[[13609,21390],[35,1],[98,-20],[23,-18],[38,-52],[100,-152],[8,-15],[37,3],[13,-37],[-45,-54],[-10,-22],[68,-22],[42,-43],[13,-57]],[[14029,20902],[-46,-15],[-36,-21],[-53,-18],[-50,-7]],[[13844,20841],[-30,6],[-74,40],[-108,71],[-70,13],[-69,-10]],[[13493,20961],[1,34],[21,88],[41,71],[27,37],[27,50],[14,65],[-15,84]],[[13431,20960],[62,1]],[[13844,20841],[-7,-46],[-23,-27],[-78,-53],[-49,-11],[-65,2],[-44,-7],[-72,-32],[-43,-46],[-30,-12],[-114,15],[-34,19],[-36,46]],[[13249,20689],[50,78],[68,93],[54,57],[10,43]],[[13151,20582],[53,67],[45,40]],[[14029,20902],[140,16],[62,3],[-11,-157],[0,-232]],[[13232,20431],[-9,0]],[[13223,20431],[-50,115],[-22,36]],[[3437,20847],[147,41],[43,20],[54,41],[35,37],[78,96]],[[3794,21082],[95,117],[48,40]],[[3799,20488],[-362,359]],[[4155,10584],[80,-111],[21,-24],[96,-72],[16,-23],[5,-105],[-3,-160],[-9,-38],[-29,-59],[-39,-90],[-27,-92],[-4,-31]],[[4262,9779],[-8,-5],[-54,11],[-111,2],[-26,6],[-61,26],[-53,5],[-54,-9],[-14,-11],[-156,-64],[-33,-5],[6,-102],[-12,-17]],[[3641,10138],[-29,367],[-22,250],[-1,32]],[[4244,12742],[67,67],[91,64],[57,49],[67,-140],[9,-35],[40,-71],[19,-41],[-137,-73],[-32,-3],[-22,11],[-24,-20]],[[6403,16366],[63,-30],[36,-39],[17,-36],[17,-63]],[[7081,22981],[22,-19]],[[7103,22962],[-33,-39],[-19,-48],[-3,-54],[10,-43],[-20,-11],[-224,20],[-24,9]],[[6790,22796],[14,32],[76,131],[50,-46],[23,24],[74,20],[37,39],[17,-15]],[[5380,16059],[280,276]],[[4079,21316],[34,47]],[[4453,20928],[-25,-44],[-16,-78],[-52,-52],[-3,-36],[-20,-32],[-23,-59]],[[4738,20579],[46,-11]],[[3680,21192],[114,-110]],[[3437,20847],[-165,164]],[[3272,21011],[81,4],[65,-21],[18,-11],[68,34],[98,94],[78,81]],[[3390,21309],[65,3],[53,-15],[79,-12],[30,-23]],[[3617,21262],[63,-70]],[[3272,21011],[-36,35],[154,263]],[[3435,21375],[119,141],[64,8]],[[3618,21524],[7,-30],[58,-79]],[[3683,21415],[-46,-38],[-26,8],[-44,-36],[-20,28],[-13,-34],[-38,42],[-43,-24],[-18,14]],[[4156,21685],[-2,35],[-34,-6],[-37,187],[-111,-12],[-49,-15],[-43,5]],[[3880,21879],[18,92],[12,35],[6,92]],[[6741,14853],[75,115],[100,91],[69,89]],[[6985,15148],[181,-64],[51,-31]],[[7217,15053],[-53,-24],[-25,-21],[-72,-37],[-20,-15],[27,-78],[37,-142]],[[7111,14736],[47,-6],[10,-24]],[[7168,14706],[-84,-15]],[[4364,13221],[45,10],[50,-2],[107,-42],[57,-13],[29,3],[60,37],[56,12]],[[4768,13226],[94,-16],[49,-16]],[[4911,13194],[91,-191],[26,-109],[95,-124]],[[5382,13600],[25,14],[6,21]],[[5413,13635],[78,2],[26,-4],[48,-24],[92,1],[26,-6],[36,-37],[16,-49],[26,-167]],[[5761,13351],[16,-42],[56,-66]],[[5833,13243],[188,-212],[45,-43]],[[6066,12988],[-106,-31],[-69,-3],[-63,12],[-49,-2],[-104,-15],[-38,2],[-74,32]],[[5432,13054],[17,21],[-24,10],[-33,36],[-41,76],[-12,35],[-26,109],[6,60],[10,29],[33,36],[20,113],[0,21]],[[4413,22882],[-116,19]],[[4297,22901],[14,31],[18,106],[-16,24],[-36,6],[-57,-9]],[[4220,23059],[-36,-4],[-49,-20],[-52,27]],[[4083,23062],[33,62]],[[5042,24678],[138,238],[9,25]],[[5331,24688],[-10,-5],[-150,-38],[-12,-11],[-38,0],[-26,8],[-53,36]],[[5569,24906],[38,-88],[10,-14],[-47,-50],[69,-105],[15,-1],[93,65],[8,-25]],[[5507,24359],[-48,94],[-53,138],[-60,78]],[[7258,11243],[121,44],[118,21],[117,14],[66,25],[90,46]],[[7976,10519],[-117,32]],[[7376,10820],[-10,104],[-6,29],[-102,290]],[[7047,10179],[47,47],[33,51],[33,70],[26,47],[80,111],[65,76],[19,6]],[[7374,9846],[-5,-101],[-10,-66]],[[7359,9679],[-28,-4],[-40,-23],[-42,-11],[-33,-19],[-39,-2],[-12,-21],[-78,51],[-12,20],[54,49],[-14,14],[-101,-28],[-12,37],[93,26],[-12,93],[-16,30],[4,17],[-18,24],[-4,38],[81,19],[0,40],[-66,-16],[-9,38],[30,7],[-22,98],[-16,23]],[[5279,23900],[23,151],[17,64],[27,61],[41,58],[36,38],[92,68]],[[7035,15268],[152,-75],[14,-3]],[[7201,15190],[15,-3],[90,-42],[20,-23],[38,17]],[[7364,15139],[6,-19],[-4,-65]],[[7366,15055],[-114,-16],[-35,14]],[[6985,15148],[50,120]],[[7333,9422],[26,70],[-6,55],[6,132]],[[6686,12088],[118,46],[196,74],[206,80],[65,14],[21,-20],[6,35]],[[7298,12317],[25,-43],[65,-40],[79,-65],[31,-19],[58,-9]],[[7556,12141],[55,-192],[5,-27],[-22,-23],[71,-142],[16,-46]],[[7681,11711],[-52,43],[-57,8],[-57,48],[-32,6],[-28,-4],[-23,-34],[-27,0],[-19,-15],[-36,-8],[-34,-42],[-36,-33],[-105,-66]],[[7175,11614],[1,34],[18,124],[0,92],[-51,-9],[-30,6],[-84,-19],[-27,111],[-38,13],[-203,-49],[9,32],[2,46],[-44,27],[-31,41],[-11,25]],[[8637,27538],[122,60],[40,12]],[[8799,27610],[70,-20],[35,-1],[82,-49],[93,-60]],[[9079,27480],[-127,-140]],[[8952,27340],[-56,29],[-73,66],[-111,-123]],[[8712,27312],[-18,14],[-94,25],[1,38],[34,25],[41,13],[-6,68],[8,16],[-41,27]],[[11784,16715],[39,-9],[164,3],[130,7],[45,23]],[[12162,16739],[13,-43],[-31,-31],[1,-45],[8,-37],[29,-31],[33,-13],[-24,-93],[9,-26],[28,-5],[78,17],[43,-19],[17,-32],[-3,-69],[-23,-56],[-29,-37],[-55,-34],[-23,-36],[-38,-20],[-36,5],[-48,37],[-36,12],[-26,-1],[-74,-27],[-23,-3]],[[11640,16543],[20,47],[102,125],[22,0]],[[9025,24356],[161,22],[129,2],[135,-21],[99,-22],[149,-29],[94,-3],[103,16],[68,23],[59,29],[58,36],[141,95],[37,31],[60,64],[31,43],[40,85],[19,64],[12,101],[-3,90],[-15,97]],[[10402,25079],[-15,53],[-20,21],[-63,41],[-40,40],[-25,42],[-4,60],[18,23],[41,5],[60,-47],[26,13],[55,47],[-80,51],[102,145],[14,45],[30,64],[1,25],[21,14],[97,-28],[13,11]],[[10633,25704],[95,16],[39,27],[39,5],[59,38],[22,-11],[15,-50],[34,-40],[24,-61],[2,-79],[12,-66],[11,-25],[25,-24],[29,-11],[107,-20],[27,3],[31,-12],[26,-44],[21,-21],[3,-32],[22,-25],[5,-42],[18,-59],[-12,-26],[-1,-31],[18,-90],[19,-41],[31,-17],[40,-4],[50,-36],[47,3],[26,-21],[58,14],[39,0],[25,27],[8,31],[19,7],[49,-13],[46,3],[66,-17],[29,-24],[34,7],[53,-2],[-15,-26],[12,-12],[40,1],[37,10],[31,-34],[1,-18],[-48,-66],[3,-14],[35,-52],[33,-14],[62,17],[50,-9],[10,-16],[-2,-28],[24,-16],[12,-34],[39,-3],[39,9],[43,63],[24,3],[46,-66],[8,-46],[-18,-25],[30,-45],[19,-7],[17,-31],[30,-37],[25,10]],[[12530,24455],[-17,-24],[-55,-21],[-81,-23],[-19,-34],[-62,-54],[-11,-28],[-35,-47],[9,-42],[-12,-37],[-33,-47],[7,-24],[-31,-82],[-38,-6],[-40,38],[-37,21],[-112,42],[-23,13],[-66,63],[-24,17],[-206,88],[-18,-57],[-46,-254],[-1,-87],[32,-137],[30,-118],[87,-217],[9,-149]],[[11737,23249],[-125,-7],[-103,3],[-64,-14]],[[11010,22506],[-272,-183],[-207,-137],[-119,-82]],[[10412,22104],[-129,90],[-41,19],[-93,25],[-178,41],[-39,5],[-84,4]],[[9651,22280],[-75,5],[-133,44],[-59,11]],[[9147,13945],[25,30],[44,-32],[91,-48],[47,-16],[384,-117],[149,-51],[194,-80]],[[11925,13578],[-20,-74],[135,5],[51,-1],[86,-9],[68,-13],[45,-22],[51,-33],[22,-24],[-73,-47],[19,-24],[89,-87],[41,-33],[53,-32],[42,-39],[7,-52],[-15,-70],[-3,-73],[5,-122]],[[12528,12828],[-59,-14],[-80,-34],[-45,-38],[-78,-91],[-70,-51],[-43,-21],[-67,-20],[-127,-10],[-152,-5],[-59,-10],[-54,-24],[-43,-29],[-412,-316],[-56,-54]],[[11183,12111],[-22,8],[-37,-7],[-28,7],[-60,-35],[-18,-3],[-36,17],[-41,1],[-34,21],[-5,59],[-14,11],[-45,15],[-34,5],[-45,35],[-29,33],[-11,24],[-28,109],[-26,11],[-32,41],[-56,44],[-26,50],[-34,21]],[[10522,12578],[-50,28],[-108,38],[-39,-8],[-25,15],[-8,81],[-41,64],[-22,67],[-17,29],[-58,40],[8,47],[-29,25],[-40,-6],[-34,11],[22,48],[24,69],[6,33],[-59,12],[-49,-10],[-29,9],[-18,22],[-19,62],[-11,14],[-52,24],[-33,8],[-76,5],[-26,10],[-15,-27],[-65,57],[-56,65],[-81,41],[-58,7],[10,-65],[18,-188],[-34,-11],[5,-39],[-7,-99],[-33,5],[-15,-30]],[[9408,13031],[-68,63],[-83,56],[-76,36],[-28,20]],[[9153,13206],[-35,592],[-4,92],[10,30],[23,25]],[[6464,11331],[31,-31],[16,14],[88,16],[23,8],[22,-72],[5,-34],[-9,-93],[4,-21],[-27,-10],[13,-43],[106,36],[122,48],[57,19],[148,36],[154,29],[41,10]],[[7375,10755],[-73,-6],[-124,-53],[-110,-43],[13,-47],[-98,-82],[-40,-19],[-91,-75],[-211,-245],[31,-72],[4,-26],[-9,-38],[-22,-53],[-15,-4],[-3,-33],[-23,-55],[-11,-48],[-21,-59],[16,-29],[-20,-57],[17,-87]],[[6585,9624],[-47,-26],[-27,-30],[-74,-115],[-50,19],[-51,47],[-34,49],[-65,72],[-17,54],[-41,84],[-56,43],[-60,82],[-10,26],[-1,64],[-16,81],[-5,55],[-9,27],[-33,39],[-12,38],[-3,45],[-27,99],[21,26],[171,191]],[[7464,14919],[22,142],[13,101]],[[7565,14679],[-105,26],[-56,9],[-98,4],[-93,-4],[-45,-8]],[[7111,14736],[54,9],[21,41],[35,27],[66,-18],[44,40],[108,54],[25,30]],[[3961,22836],[16,28],[106,198]],[[4220,23059],[3,-41],[-21,-104]],[[4202,22914],[-142,21],[-15,-62],[-39,-95]],[[4297,22901],[-95,13]],[[13050,16452],[45,246],[14,71],[24,54],[98,173],[20,34],[54,112],[28,85],[48,192],[48,182],[77,282]],[[15939,18194],[28,-20],[20,0],[26,16],[24,-1],[8,-17],[18,-82],[3,-76],[-24,-59],[-45,-46],[11,-38],[-19,-16],[2,-50],[-58,-30],[-49,-66],[-31,-16],[-30,-28],[-16,-41],[5,-138],[-5,-48],[51,-82],[67,-85],[42,-22],[14,-23],[-14,-46],[-59,-40],[-60,-7],[-11,-12],[6,-42],[-21,-44],[3,-52],[17,-16],[-1,-27],[-28,-84],[-8,-150],[-9,-48],[-24,-58],[-41,-62],[-64,-31],[-28,-29],[-6,-26],[6,-58],[-46,-72],[-14,-32],[-12,-54],[-25,-30],[-54,-33],[-92,-46],[-44,-27],[-24,-29],[-69,-139],[-39,-64],[-23,-70],[0,-61],[42,-79],[-5,-54]],[[15234,15604],[-67,28],[-35,29],[-20,-2],[-77,26],[-19,-3],[-36,19],[-26,46],[-7,26],[7,25],[-5,43],[-24,55],[-19,30],[-26,15],[-22,24],[-33,6],[-41,20],[-16,-16],[-40,27],[-46,89],[-90,10],[-16,-29],[-20,-4],[-71,44],[-17,6],[-80,54],[-29,13],[-44,-20],[-29,0],[-28,21],[-24,5],[-33,-14],[-20,14],[-46,8],[-58,-24],[-79,-10],[-77,-312]],[[13921,15853],[-152,52],[-33,19],[-58,20],[-37,28],[-26,32],[-44,42],[-91,73],[-113,33],[-170,58],[-32,18],[-26,30],[-70,159],[-19,35]],[[10906,18866],[86,13],[69,4],[70,0],[94,7],[28,8],[94,43],[114,76],[66,37],[255,100],[54,16],[47,2],[29,-7],[120,-66],[105,-28],[50,-18],[101,-21],[110,-10],[85,17]],[[12483,19039],[7,-62],[-8,-31],[17,-59],[-12,-13],[-97,4],[-50,-8],[-51,-44],[-34,6],[-54,31],[-28,-10],[-18,-58],[-45,-102],[1,-27],[-36,-51],[-1,-23],[-36,-49],[-49,-12],[-78,-55],[-92,-44],[-24,-22],[-25,-63],[0,-63],[-30,-58],[-30,-37],[-43,-40],[-22,-8],[-103,-50],[-71,-72],[-14,-50],[-28,-22],[-60,-1],[-41,-57],[-20,-13]],[[11308,17876],[-43,79],[-83,89],[-19,29],[-20,56],[-18,103],[-13,33],[-42,81]],[[11070,18346],[-30,69],[-22,92],[-17,40],[-30,44],[-51,55],[-22,36],[-12,47],[2,36],[18,101]],[[4262,9779],[-6,-69],[25,-5],[63,-31],[32,-9],[12,-23],[105,37]],[[4493,9679],[53,-39],[-20,-23],[11,-41],[-51,-114],[8,-44],[-2,-63],[-24,-22],[-79,-3],[-8,-25],[25,-41],[-8,-17],[6,-35],[-5,-20],[34,-64],[2,-37],[28,-26],[28,-37],[0,-47],[-38,-14],[-9,-89],[44,-50],[8,-48],[-23,-37],[-28,-25],[18,-38],[-13,-52],[9,-35],[-3,-30],[-22,-44],[-20,-126],[13,-12],[-14,-40],[32,-56],[5,-19],[-36,-18],[-14,-29],[-52,-7],[-36,1]],[[3714,8668],[-1,86]],[[3713,8754],[0,128],[-1,301],[-4,117]],[[7293,26901],[128,209]],[[8112,27188],[-8,-41],[-21,-57]],[[8083,27090],[-39,-60],[-93,-105],[-54,-52],[-87,-65]],[[8386,8009],[52,-53],[18,-26],[59,-58],[32,-20],[35,-1],[134,24],[158,34],[53,9],[131,-1],[142,-13],[85,176],[123,247],[181,369],[9,-107],[33,-49],[33,-60],[25,-26],[42,31],[34,2],[57,-17],[34,-5],[38,5],[4,13],[34,9],[44,-7],[30,9],[19,19],[73,7],[76,-4],[54,-29],[9,-39],[30,-22],[32,-45],[40,3],[38,-4],[58,22],[34,0],[47,22],[47,3],[41,29],[20,46],[28,2],[78,38],[87,81],[25,28],[29,18],[56,14],[91,46],[75,35],[29,33],[23,38],[46,99],[16,59]],[[10389,5195],[-26,18],[-682,313],[-44,24],[-218,107],[-278,129],[-170,77],[-135,60],[-140,68],[-66,25],[-18,13],[-37,-27],[-19,0],[-52,32],[-23,7],[-41,-14],[-39,-31],[-19,-1],[-102,46],[-48,-5],[-26,-22],[-26,-4]],[[13294,21623],[150,57]],[[13444,21680],[21,-61],[5,-46],[11,-20],[48,-51],[42,-25],[25,-37],[13,-50]],[[13431,20960],[-72,1],[-124,57],[-17,20],[-20,64]],[[13198,21102],[-1,38],[-20,115],[-8,72],[12,50],[113,148],[14,31],[-3,38],[-11,29]],[[7618,12150],[33,4],[111,3],[84,-12],[53,-18],[68,-31],[110,-16],[93,-2],[101,1],[277,-2],[-1,62],[13,32],[116,53],[4,31]],[[8680,12255],[62,-57],[41,-25],[49,-16],[85,-3],[17,13],[85,29],[153,61],[99,14],[38,-21],[61,-19]],[[7770,11393],[-24,75],[-47,184],[-18,59]],[[7556,12141],[62,9]],[[6644,11388],[39,17],[69,4],[51,-10],[25,0],[125,47],[133,99],[89,69]],[[6271,11914],[175,77],[240,97]],[[6262,12007],[3,19],[42,42],[13,30],[6,54],[-5,25],[37,25],[101,52],[25,4],[28,-16],[27,15],[33,-4],[22,9],[20,28],[28,22],[98,17],[25,21],[85,26]],[[7122,12891],[40,-78],[32,-76],[82,-253],[17,-95],[5,-72]],[[13927,22673],[60,11],[53,23],[33,4],[91,-54],[29,-35],[34,-22],[36,-1],[19,-15],[39,-55],[66,-57],[27,2],[32,27],[79,-69],[25,-29],[8,-70],[16,-28],[19,-2],[42,-47],[22,-1],[1,-43],[13,-26]],[[14671,22186],[-119,-151],[-10,5],[-163,38],[-49,-10],[-30,-18],[-141,-66],[-56,-21],[-217,-64],[-78,-38]],[[13808,21861],[-47,81],[-94,167],[-23,35],[-75,92],[-22,33]],[[13547,22269],[-17,29]],[[13530,22298],[66,23],[19,21],[22,49],[40,41],[83,41],[52,5],[49,86],[66,109]],[[12162,16739],[59,12],[24,-11],[100,-85],[88,-31],[104,5],[56,-9]],[[12593,16620],[126,-10],[93,-24],[50,5],[58,-21],[106,-17],[24,-101]],[[13050,16452],[-42,-214],[-54,-296]],[[12954,15942],[-55,-12],[-32,-1],[-23,12],[-84,-7],[-22,-7],[-30,8],[-33,-6],[-25,25],[-63,-49],[-13,-36],[1,-92],[-116,-17],[-89,-49],[-30,-9],[-107,-3],[-72,6]],[[13921,15853],[-23,-129],[-44,-632],[-13,-80],[-16,-62]],[[13825,14950],[-26,-68],[-33,-70],[-31,-95],[-35,-192],[-12,-44],[-21,-49],[-88,-154],[-45,-98],[-23,-86],[-25,-118],[-58,-295],[-15,-63]],[[13413,13618],[-153,-8],[12,17],[3,48],[-4,29],[-72,256]],[[13199,13960],[-22,96],[-6,325],[-4,58],[-11,32],[-86,124],[-29,52],[-6,57],[44,183],[39,147],[3,31],[-6,43],[-21,43],[-200,279],[-19,56],[-1,50],[19,117],[61,289]],[[3843,13847],[15,-57],[22,-25],[53,-14],[63,-10],[103,-42],[45,-5],[83,-26],[24,-19],[63,-13]],[[4314,13636],[6,-22]],[[4320,13614],[-87,9],[-174,55],[-35,6],[-30,-23],[-40,-102],[2,-63],[-22,-149],[-41,9],[-89,12],[-46,13],[-58,2],[-22,-6]],[[3678,13377],[-9,22],[-101,187],[-37,49],[-55,41]],[[3476,13676],[5,33],[-8,45],[41,15],[88,18]],[[9576,19521],[200,-114]],[[9776,19407],[-18,-27],[-54,-103],[-54,-91],[-47,-36],[-20,-34],[-13,-73],[-16,-35],[38,-26],[60,-56],[52,-93],[65,-132],[31,-54]],[[9542,18452],[-218,156],[-60,35],[-59,22],[-34,8],[-69,7],[-60,-5]],[[8001,18460],[219,-5],[47,4]],[[8267,18459],[74,17]],[[8341,18476],[214,50],[123,24]],[[8678,18550],[-63,-169],[-7,-72],[-15,-30],[-60,10],[-40,-20],[-19,-39],[3,-32],[-37,-18],[-50,-33]],[[8390,18147],[-90,-57],[-114,-66]],[[8678,18550],[29,70],[12,100]],[[9042,18675],[61,-258],[15,-70],[4,-102],[-10,-68]],[[9112,18177],[-74,12],[-40,1],[-53,-10],[-78,-30]],[[8867,18150],[-53,-17],[-37,-6],[-10,-11],[-65,-27],[-114,5],[-66,-12],[-115,45],[-17,20]],[[8867,18150],[17,-53],[-2,-21],[-23,-65],[1,-39],[-20,-164]],[[8840,17808],[-2,-13],[-38,-2],[-23,27],[-85,49],[-13,12],[-29,-7],[-38,1],[-35,-15],[-29,4],[-20,-20],[-34,-14]],[[13199,13960],[-53,-25]],[[7230,23056],[-19,-2],[42,-61],[13,-33],[3,-43],[-109,-1]],[[7160,22916],[-24,14],[-33,32]],[[7081,22981],[22,47],[31,53],[-46,18],[-82,71],[20,20],[32,15],[61,3]],[[11342,22742],[312,222],[51,38],[136,95]],[[11841,23097],[17,-29],[13,-195],[11,-118],[5,-85],[34,-99],[42,-24],[29,-47],[115,39]],[[12107,22539],[-22,-72],[-56,-102]],[[11037,22436],[-27,70]],[[3618,21524],[77,10]],[[3695,21534],[134,-28],[149,-48],[43,-23],[95,-66]],[[3617,21262],[40,20],[5,16],[39,39],[41,16],[-45,73],[-14,-11]],[[3280,13981],[21,-39],[37,-84]],[[3338,13858],[23,-67],[17,-93]],[[3378,13698],[6,-65],[-3,-319],[-10,-113],[-3,-93]],[[3368,13108],[-253,-166],[-97,-67],[-119,-69],[-46,-30],[-100,-53],[-69,-25],[-128,-41],[-104,-29],[-108,-18],[-177,-10],[-285,-11]],[[1882,12589],[510,506],[80,82],[59,56],[544,539],[205,209]],[[5259,14090],[37,12],[40,27],[127,137],[47,60],[63,89],[29,57]],[[5602,14472],[12,81]],[[5614,14553],[40,-30],[71,-29],[176,-47],[59,-25],[41,-25],[90,-74],[47,-44]],[[5983,13864],[-56,-17],[-107,-20],[-75,-5],[-55,1],[-185,10],[-80,-6],[-68,-18],[-52,-21]],[[5305,13788],[-19,19],[-17,36],[-5,34],[-4,111],[4,79],[-5,23]],[[7088,14687],[111,-132]],[[7199,14555],[28,-33],[58,-33],[34,-28],[68,-104],[85,-134],[75,-92],[99,-95]],[[7646,14036],[13,-11]],[[7659,14025],[-191,-80],[-8,10],[-111,-48]],[[5616,14821],[-31,49],[-130,-58],[-19,-2]],[[5436,14810],[-37,61]],[[5399,14871],[159,65],[50,18],[165,46]],[[12064,23259],[54,51],[161,160],[114,123],[76,98],[69,105],[78,136],[52,92],[166,283],[25,39],[58,77]],[[12917,24423],[66,-15],[70,-38],[4,-11],[-48,-68],[-43,-32],[-10,-28],[13,-39],[72,-53],[55,-6],[28,-29],[44,-99],[28,-28],[11,-23],[5,-41],[19,-29],[5,-91],[8,-67],[-31,-78],[-23,-29],[-17,-44],[4,-13],[48,-20],[13,-13],[0,-27],[57,-54],[24,-9],[2,-54],[16,-31],[20,-12],[67,-4],[23,-12],[38,-48],[4,-22]],[[13489,23256],[-18,21],[-28,-11],[-41,-30],[-30,-12],[-13,7],[-22,-22],[-73,-30],[-44,4],[-104,-42]],[[13116,23141],[-34,-15],[-48,-10],[-22,8],[-27,-13],[-55,-41],[-54,-4],[-34,26],[-71,-17],[-60,-30],[-64,-3],[-48,-15],[-37,-19],[-26,-44],[4,-54],[-8,-18]],[[12532,22892],[13,-89],[-39,-72],[-28,-31],[-94,-63],[-49,-24],[-45,-29],[-21,-7],[-99,-14],[-63,-24]],[[11841,23097],[87,65],[69,47],[67,50]],[[13835,19823],[48,81],[28,32],[45,42],[39,48]],[[14201,19584],[2,-23],[-50,-6],[-68,-32],[-59,8],[-34,24],[-71,69],[-27,56],[-4,76],[-21,38],[-34,29]],[[4320,13614],[7,-61],[17,-59],[18,-20],[176,14]],[[4538,13488],[10,-24],[-80,-92]],[[3697,13254],[-8,86],[-11,37]],[[11923,13652],[74,-6],[109,44],[67,21],[22,17],[55,2],[26,31],[95,-8],[33,14],[7,20],[42,48],[32,18],[57,23],[6,19]],[[13413,13618],[95,1],[100,-4],[114,-8],[119,-15],[114,-18],[162,-36],[174,-41],[86,-15],[47,-4]],[[14424,13478],[8,-39],[20,-55],[22,-36],[76,-88],[22,-43],[10,-36],[-13,-86],[-23,-61],[-31,-64],[-33,-104],[-1,-38],[22,-81],[27,-42],[109,-119],[78,-62],[78,-51],[19,-32],[1,-49],[-14,-39],[-51,-54],[-94,-57],[-70,-22],[-87,-14],[-78,-28],[-37,-48],[-36,-84],[-9,-44],[2,-124]],[[12723,11337],[-47,105],[-24,29],[-59,49],[-50,30],[-105,112],[-28,44],[-25,65],[-18,22],[-109,67]],[[12258,11860],[17,31],[69,41],[92,28],[19,21],[10,40],[29,66],[37,48],[39,88],[37,96],[6,41],[-18,63],[-11,79],[-25,62],[-26,47],[-10,52],[-2,80],[7,85]],[[12483,19039],[67,27]],[[12550,19066],[10,-38],[61,-122],[51,-144],[41,-80],[8,-36],[0,-55],[26,-35],[17,-81],[46,3],[9,-114],[88,38],[42,30],[42,-18],[6,21],[3,172],[6,4],[182,15],[-3,31],[141,-23],[51,-125],[8,-6]],[[13506,17883],[-66,12],[-75,30],[-44,24],[-73,29]],[[13248,17978],[-80,14],[-38,2],[-65,-8],[-95,-19],[-105,-16],[-214,-20]],[[12651,17931],[-64,-5],[-230,-24],[-155,-10],[-246,-20],[-147,-15],[-49,-3]],[[11760,17854],[-79,2],[-188,25]],[[11493,17881],[-88,-6],[-83,-26],[-14,27]],[[9408,13031],[17,-19],[20,-62],[5,-37],[18,-22],[43,-17],[28,-22],[42,-87],[47,-76],[13,-33]],[[9641,12656],[-52,-74],[-95,-116],[-107,-135],[-15,-29],[4,-29],[18,-33]],[[8680,12255],[1,32],[-123,87],[53,0],[0,13],[49,9],[180,17],[13,330],[189,106],[-77,156],[-4,43],[15,53],[43,57],[30,116],[104,-68]],[[11138,10440],[50,37],[77,33],[88,32],[26,13],[50,43],[68,70],[51,29],[130,26],[-1,49],[-99,8],[-19,16],[-17,44],[-35,-2],[-18,10],[-35,58],[-17,59],[-33,37],[-26,15],[-42,8],[-37,24],[-18,24]],[[11458,11280],[62,-64],[2,-12],[36,-15],[35,0],[18,-10],[50,15],[52,24],[7,19],[83,26],[60,26],[30,-16],[51,14],[47,25],[4,194],[4,108]],[[11999,11614],[242,255],[17,-9]],[[8386,8009],[62,67],[170,194],[380,426],[133,153],[125,138],[274,279],[46,49],[77,74],[246,252],[144,144]],[[10639,10825],[25,-15],[-24,-62],[-8,-56],[12,-62],[-9,-44],[14,-22],[51,-16],[25,-17],[120,-109],[48,-31]],[[2574,6277],[27,-67],[1,-27],[-20,-129],[-15,-32],[-64,-104],[-35,-32],[-50,-66],[-29,-72],[28,-94],[10,-80],[3,-89],[126,4]],[[2556,5489],[-40,-57],[-6,-26],[5,-38],[-25,-37],[6,-29],[-28,-84],[-46,-35],[-10,-27],[-38,-15],[-11,-17],[0,-32],[-49,-43],[-10,-28],[-9,-58],[13,-43],[-19,-47],[-43,-49],[-24,-16],[-50,-3],[-47,-20],[-47,-54],[-25,-3],[-23,-19],[-40,-4],[-42,-29],[-14,-20],[-21,-1],[-67,-44],[8,-22],[-40,-20],[-15,-49],[4,-21],[-16,-42],[1,-26],[-23,-14],[-40,-76],[2,-17],[-38,-11],[-20,-52],[-70,-48],[-16,-27],[-19,-10],[-2,-27],[-15,-15],[11,-54],[-13,-14],[-7,-45],[-32,-25],[-19,-44],[-92,222],[-58,220],[-34,78],[-39,128],[-82,296]],[[4312,8213],[-16,-104],[-18,-104],[-8,-69],[11,4],[33,53],[54,52],[59,67],[50,22],[83,48],[50,16]],[[4610,8198],[112,16],[29,6],[189,29],[52,11],[191,59],[86,-8],[94,3],[38,12],[60,27],[56,13],[177,69]],[[5673,6981],[-41,-32],[-41,-25],[-72,-33],[-82,-46],[-92,-63],[-188,-74],[-36,-2],[-64,11],[-62,-3],[-39,14],[-80,4],[-56,13],[-103,9],[-57,11],[-56,25],[-133,-10],[-70,-29],[-51,158],[-34,71],[-45,55],[-57,50],[-34,52],[-50,125],[-35,103],[-26,90],[-35,26],[-64,-39],[-60,-50],[-29,-6],[-115,-5],[-63,-9],[-121,-32],[-64,-7]],[[7047,10179],[-47,-47],[-23,-31],[-47,-82],[-30,-42],[-210,-285],[-26,-23],[-79,-45]],[[4979,10311],[-41,-29],[-34,-40],[6,-21],[-31,-31],[-4,-33],[-41,-21],[-13,-20],[-33,15],[-30,-25],[-35,0],[-11,-11],[16,-33],[-31,-77],[-23,-42],[-56,-5],[-20,-14],[-13,-37],[-29,2],[-15,-12],[-3,-32],[6,-39],[24,-8],[-7,-32],[-40,-9],[-38,13],[-22,-18],[21,-61],[11,-12]],[[1710,10337],[1065,-29],[114,54],[101,75],[14,34],[30,118],[14,43],[41,42],[59,45],[69,36],[38,16],[27,28],[13,27],[5,45],[-13,25],[-23,14],[-9,29],[10,15]],[[3265,10954],[15,33],[1,47],[9,18],[117,-26],[84,-35],[24,0],[53,36]],[[1723,9449],[1,137],[-4,53],[6,59],[-9,135],[10,20],[-47,76],[-16,16],[-8,37],[27,34],[17,55],[10,266]],[[3695,21534],[47,16],[137,67],[-11,13],[-24,77],[36,172]],[[10522,12578],[-5,-24],[15,-33],[-29,-41],[-33,-63],[-59,20],[-59,29],[-119,44],[-13,-39],[51,-23],[-18,-39],[-33,-26],[-8,-27],[-54,13],[-79,45],[-84,55],[-30,39],[-11,42],[-1,92],[-101,-2],[-3,-41],[-26,-37],[-26,-13],[-17,-27],[-46,19],[-31,27],[-36,72],[-26,16]],[[6082,12616],[57,12],[76,-12],[105,-28],[42,1],[69,19],[97,34],[44,41],[19,55]],[[6262,12007],[-17,168],[-13,85],[-33,60],[-32,9],[-47,25],[-46,-1],[-32,14],[-29,-21],[-52,-12],[-15,-21],[-88,67],[-53,84]],[[5805,12464],[71,26],[65,31],[141,95]],[[3932,22355],[-5,-54],[2,-46],[17,-82],[8,-16]],[[3908,22104],[-70,52],[-68,71],[-97,126],[16,30]],[[5750,12408],[31,37],[24,19]],[[5270,11887],[35,36],[94,77],[79,59]],[[6585,9624],[35,-98],[82,-210],[17,-65],[76,-176]],[[5669,8509],[-50,146],[-69,121],[-20,57],[-48,103],[-43,76],[-62,68],[-133,112],[-44,22],[-35,7],[-22,-46],[-31,-38],[-93,-96],[-72,-52],[-87,-55],[-37,-42],[-7,-50],[-13,-29],[-5,-99],[-13,-70],[-21,-60],[-73,-117],[-34,-81],[-17,-62],[-30,-126]],[[12530,24455],[74,55],[21,23],[61,38],[55,-1],[20,-27],[50,-3],[13,-9],[7,-31],[41,-11],[22,-56],[23,-10]],[[12064,23259],[-161,0],[-166,-10]],[[6790,22796],[-17,-29],[-34,-43],[-20,-103]],[[12661,21238],[46,23],[46,39]],[[12753,21300],[11,-61],[19,-61]],[[12783,21178],[55,-108],[57,-160],[25,-40],[67,-89],[109,-142],[55,-57]],[[13223,20431],[-97,-20],[-85,-38],[-107,-62]],[[12934,20311],[0,40],[-10,65],[-28,139],[-60,175],[-54,149],[-44,129],[-38,99],[-39,131]],[[11309,21021],[29,46],[40,45],[91,81],[121,131],[17,15]],[[11607,21339],[34,22],[73,31],[64,14],[68,2],[88,-10],[125,-32]],[[12059,21366],[76,-28],[44,-4],[210,-47]],[[12389,21287],[-6,-69],[-15,-109],[-1,-49],[-7,-17],[-37,-37],[26,-145],[-3,-46],[-11,-14],[-136,-15],[-43,-18],[13,-95]],[[12169,20673],[-103,-11],[-173,16],[-44,8],[-75,51]],[[11774,20737],[-12,12],[-184,77],[-27,16],[-38,58],[-167,93],[-37,28]],[[7356,15223],[87,-40],[56,-21]],[[7464,14919],[-90,13],[18,128],[-26,-5]],[[7364,15139],[-6,25],[-2,59]],[[7035,15268],[31,75]],[[7066,15343],[20,-8],[147,-68],[2,-10],[-34,-67]],[[6622,15905],[100,-82],[74,1],[49,17],[301,-191]],[[7146,15650],[-193,-74],[-53,-13],[-37,21],[-78,-41]],[[6576,16121],[35,-36],[82,30],[41,4],[49,-15],[45,4],[39,23],[35,11]],[[6902,16142],[59,-7],[26,-9],[59,-45]],[[7046,16081],[-4,-10],[40,-142],[33,-20],[-23,-43],[11,-44],[72,-172],[3,-21]],[[7178,15629],[-32,21]],[[7046,16081],[105,-82],[50,30],[69,18]],[[7302,15549],[-124,80]],[[8840,17808],[4,-13],[99,6],[21,-98],[21,-80],[-119,-15],[3,-25],[53,-44],[61,-34],[26,-30],[10,-35],[-25,-13],[-19,-29],[0,-17]],[[13685,19583],[18,76],[20,48],[112,116]],[[13827,20093],[-109,-10],[-64,4],[-100,23],[-53,21],[-46,26],[-26,-49],[-35,-30],[-87,-104]],[[13307,19974],[-26,-35],[-23,-77],[0,-64],[60,-125],[40,-53]],[[13053,19533],[-27,76],[-17,80],[-49,258],[-18,109],[-4,54],[-4,201]],[[13835,19823],[-44,46],[-16,50],[-20,26],[-23,15],[-36,-4],[-32,-19],[-59,-16],[-24,1],[-119,-11],[-54,0],[-58,25],[-43,38]],[[12187,20055],[186,18],[68,8],[79,18],[115,42],[126,68],[173,102]],[[12550,19066],[0,44],[20,72],[3,27],[-12,40],[-34,94],[-1,84],[-10,27],[-39,54],[-80,92],[-91,132],[-62,127],[-57,196]],[[7088,22543],[65,-5]],[[7153,22538],[15,-1],[70,117],[68,125],[53,89]],[[7220,21380],[-47,-3],[-107,-23],[-60,-3],[-138,5],[-72,-5],[-164,7],[-31,6]],[[9533,20138],[80,8],[155,2],[280,-9]],[[10265,18978],[-9,42],[-24,31],[-15,41],[-20,29],[-62,115],[-110,33],[-53,-5],[-26,18],[14,30],[-4,32],[-50,2],[-42,25],[-12,23],[-41,3],[-35,10]],[[12783,21178],[32,9],[61,-20],[38,-63],[34,-8],[63,7],[92,3],[95,-4]],[[12753,21300],[186,176],[21,24],[85,31]],[[13045,21531],[249,92]],[[9119,27527],[-40,-47]],[[8799,27610],[18,80]],[[13444,21680],[71,25],[138,53],[24,12],[82,54],[49,37]],[[14671,22186],[36,-28],[22,-34],[52,-18],[20,-18],[56,-87],[32,-16],[43,-42],[28,-18],[9,-22],[-2,-41],[-30,-56],[-67,-33],[-61,-34],[-11,-18],[-3,-73],[4,-50],[13,-16],[41,-18],[0,-27],[-16,-39],[-7,-52],[-26,-23],[-55,-12],[-11,-16],[11,-63],[10,-18],[46,-50],[34,-12],[26,-30],[50,-11],[14,-27],[-6,-55],[18,-56],[-12,-124],[8,-62],[99,-90],[13,-47],[31,-14],[-9,-29],[4,-34],[43,-61],[10,-47]],[[12389,21287],[236,-54],[36,5]],[[12187,20055],[-37,113],[-7,52],[22,184],[1,66],[15,128],[-12,75]],[[9436,27902],[21,-24],[6,-33],[-10,-21],[12,-36],[41,-46],[29,-59],[47,-21],[14,-67],[-26,-52],[16,-77],[19,-10],[61,-4],[54,-40],[22,-1],[38,17],[14,-50],[55,13],[21,-28],[38,40],[27,-18],[31,-32],[17,-66],[-17,-50],[14,-25],[14,-78],[-6,-26],[-44,-32],[-12,-26],[-44,-22],[-5,-45],[-34,-24],[-20,2],[-38,-41]],[[9791,26920],[-20,29],[-252,234],[-108,58],[-64,29]],[[9347,27270],[-68,40],[-16,36],[-33,35],[-19,5]],[[9211,27386],[-34,13],[-68,50],[-30,31]],[[7941,28085],[129,95],[-29,19],[94,107],[68,62]],[[8203,28368],[23,-33],[26,-17],[40,-7],[20,-14],[9,-41],[15,-18],[43,-25],[194,-62]],[[8648,27694],[-45,-5],[-110,19],[-63,21],[-24,14],[-65,12],[-43,2]],[[8148,27735],[-79,34],[4,24],[-35,0],[11,98],[24,29],[-3,38],[-38,-15],[-79,-3],[-13,17],[-71,57],[72,71]],[[8404,26454],[68,77],[61,123],[-43,16],[15,35],[3,34],[17,42],[-43,22],[-50,38]],[[8432,26841],[33,56],[15,-5],[44,53],[7,37],[-36,23],[18,21],[-44,47],[23,26],[7,32]],[[8834,27213],[118,127]],[[9211,27386],[-32,-85],[-66,-153],[-5,1],[-75,-172]],[[9033,26977],[-41,-95],[-32,-59],[-56,-71],[-69,-61],[-136,-114]],[[8699,26577],[-188,-158]],[[6079,26477],[59,95],[214,369],[65,103],[90,145],[126,246],[173,302],[-25,34],[53,50],[10,-17]],[[7842,28866],[40,-32],[81,-103],[73,-112],[95,-174],[12,-16],[34,-18],[26,-43]],[[7941,28085],[-210,-154],[-68,-61],[-62,-82],[-30,-58],[24,-30],[-24,-91]],[[7293,26901],[-125,52],[-12,-7],[-21,-41],[-8,-42],[14,-62],[-33,-39],[-43,-30],[-145,-61],[-70,-32],[-51,-7],[-88,8],[-52,-5],[-115,1],[-40,4],[-57,29],[-12,-9],[-57,-220],[-4,-22],[-99,19],[-161,25],[-35,15]],[[9550,25599],[29,68],[76,154],[75,135],[93,152]],[[9823,26108],[12,-34],[34,-31],[15,-65],[21,-11],[10,-28],[-7,-50],[14,-12],[38,20],[19,42],[39,-1],[31,-35],[24,-1],[55,-46],[25,-3],[8,-24],[17,-6],[43,9],[52,-33],[11,-19],[38,-8],[28,-27],[23,1],[41,42],[20,-10],[1,-28],[26,-4],[39,25],[31,0],[30,-33],[40,-27],[32,-7]],[[10402,25079],[-208,-34],[-88,-42],[-36,-13],[-51,-1],[-39,7],[-60,31],[-115,113]],[[9805,25140],[-65,55],[-68,50],[-65,68],[-23,43],[-8,27],[1,114],[-2,32],[-25,70]],[[9099,24537],[151,347],[102,206],[39,87]],[[9391,25177],[48,-38],[366,1]],[[9347,27270],[-52,-93],[-42,-90],[-18,-58],[-21,-128]],[[9214,26901],[-61,8],[-34,14],[-86,54]],[[9214,26901],[-6,-46]],[[9208,26855],[-26,-200]],[[9182,26655],[-38,7],[-28,21],[-51,19],[-80,2],[-47,-9],[-50,-26],[-33,3],[-37,-30],[-16,-35],[-38,-30],[-42,-7],[-23,7]],[[9182,26655],[-15,-110]],[[9167,26545],[-286,-20],[-18,-50],[2,-155]],[[8865,26320],[-70,-12],[-46,5],[-129,53],[-109,53]],[[9167,26545],[-5,-69],[10,-86],[22,-62]],[[9194,26328],[-42,-4],[-181,-3]],[[8971,26321],[-61,-1]],[[8910,26320],[-45,0]],[[9791,26920],[-73,-101],[-6,-12]],[[9712,26807],[-385,-25],[-41,49],[-78,24]],[[9712,26807],[-19,-29],[11,-30],[17,-89],[30,-129],[31,-42],[8,-39],[-19,-13],[-30,-6],[-28,-18],[1,-25],[-26,-23],[-35,0],[-16,-34],[-20,1],[-16,18],[-24,-12],[-8,-27],[16,-36],[-1,-36],[15,-25],[-1,-57],[30,-52],[5,-32],[24,-23],[49,0],[46,23],[-12,37],[15,9],[68,-10]],[[9550,25599],[-1,-3]],[[9549,25596],[-28,72],[-4,34],[0,148],[-10,71],[-18,61],[-21,48],[-37,60],[-56,63]],[[9375,26153],[-121,92],[-35,38],[-25,45]],[[4278,14206],[57,-46],[33,-21],[76,-21],[36,-23],[47,-56]],[[4527,14039],[87,-107],[84,-117],[19,-32]],[[4717,13783],[-73,3],[-68,-11],[-84,2],[-87,21],[-45,-1],[-45,-15],[-131,0],[-92,20],[-70,29],[-125,15],[-38,13],[-30,29],[-38,56]],[[3671,14112],[43,33],[32,8],[60,-3],[85,-31],[41,-11],[48,-3],[62,10]],[[5187,14573],[73,-15],[27,2],[67,58],[28,-30],[33,-63],[14,-18],[37,-21],[136,-14]],[[5259,14090],[-7,17],[-37,39],[7,162]],[[5222,14308],[-6,28],[-91,0]],[[5125,14336],[14,65],[42,62],[-1,54],[7,56]],[[5396,14877],[3,-6]],[[5436,14810],[107,-176],[36,-48],[35,-33]],[[5187,14573],[-40,38],[-59,92]],[[3713,8754],[-73,0],[-41,15],[-115,73],[-8,20],[-96,-19],[-42,5],[-163,36],[-69,46]],[[4643,15044],[114,-72],[35,-50]],[[4792,14922],[29,-34],[37,-60],[3,-35],[-19,-56]],[[4842,14737],[-19,-55],[-3,-31],[11,-28],[-37,-39],[-22,-11],[-58,-7],[-30,-12]],[[4684,14554],[-13,30],[-20,-6],[-51,67],[64,28],[-34,45],[18,15],[76,26],[16,23],[-32,8],[-36,27],[-48,62],[26,27],[-48,49],[3,35],[38,54]],[[4842,14737],[24,-17],[55,-18],[31,-35],[12,-38]],[[4964,14629],[-89,-65],[33,-32]],[[4908,14532],[-164,-120],[-25,-6],[-3,48],[-81,-10],[-41,-21],[-40,-52]],[[4554,14371],[-65,25]],[[4489,14396],[17,37],[26,37],[45,36],[107,48]],[[4908,14532],[16,-16],[117,-164],[21,-14],[63,-2]],[[5222,14308],[-30,-1],[-74,8],[-61,-5],[-39,-10],[-32,-29],[-33,-5],[-6,-15],[-50,-5],[-8,9],[-45,-4],[-27,10],[-31,-6],[-13,-21],[-26,-9],[-45,4],[-26,12],[-38,1],[-27,43],[-30,24]],[[4581,14309],[-1,26],[-26,36]],[[6439,13907],[34,-42],[117,-131]],[[6590,13734],[-72,-37]],[[6518,13697],[-34,107],[-34,26],[-31,0],[-119,-38],[-53,17],[0,43],[-26,28],[-28,14],[-21,-71],[-32,-88],[-35,-15],[-52,15],[-130,-196],[-45,-64],[-52,-115],[-65,-9]],[[5413,13635],[-18,61],[-16,20],[-48,41],[-26,31]],[[4964,14629],[53,32]],[[4926,13186],[65,-38],[67,-18],[102,13],[27,-9],[34,-23],[33,-11],[131,-27],[47,-19]],[[4911,13194],[15,-8]],[[3403,11934],[13,43],[11,4]],[[3265,10954],[-69,36],[-48,47]],[[3148,11037],[-13,22],[-13,58],[2,259],[-28,238],[-1,85],[3,134]],[[3098,11833],[-18,110]],[[2702,11571],[29,76],[18,32],[27,31],[135,172],[21,5],[166,-54]],[[3148,11037],[-28,-8],[-42,2],[-205,-6],[-31,-7],[-157,-77]],[[2685,10941],[-9,66],[-4,159],[-5,50],[27,8],[16,25],[8,45],[2,61],[-8,130],[-13,26],[3,60]],[[2685,10941],[-50,-21],[-39,-2],[-64,8],[-136,11],[-8,10],[8,46],[-4,33],[-129,-14],[-8,-36]],[[2255,10976],[-5,35],[25,55],[-1,73],[-18,35],[6,18],[107,34],[-13,127],[1,19],[74,70],[21,26],[64,25],[59,17],[77,33],[50,28]],[[5023,15506],[-77,-20],[-37,-19],[32,-32],[13,-46],[-61,-57],[-41,-15],[-50,-46],[-27,-37]],[[4775,15234],[-36,-60],[-24,-27],[-99,-73]],[[4616,15074],[-21,-13],[-64,6],[-45,45],[-37,26]],[[4449,15138],[496,490]],[[3998,14692],[451,446]],[[4616,15074],[27,-30]],[[4489,14396],[-31,15],[15,34],[-25,36],[35,36],[-10,17],[2,38],[-17,34],[-15,-19],[-8,-94],[-21,-23],[-43,68],[-5,64],[-59,-18],[-55,-11],[10,-53],[-33,2],[-20,12],[-14,28],[-146,7],[1,26],[31,33],[-19,20],[-32,-32],[-13,14],[15,33],[-34,29]],[[4581,14309],[-50,-260],[-4,-10]],[[3818,14513],[180,179]],[[1728,10976],[526,-9],[1,9]],[[1710,10337],[18,639]],[[1728,10976],[8,288],[0,966],[42,-10],[6,229],[-14,25],[36,3],[7,55],[13,2],[56,55]],[[3427,11981],[-17,122],[-14,137],[-6,77]],[[5833,13243],[92,37],[53,41],[-1,24],[45,20],[29,2],[71,25],[37,2],[96,-25],[41,-1],[23,-10],[6,-21],[30,-17]],[[6355,13320],[-55,-112],[-8,-23],[4,-137]],[[6296,13048],[-98,-23],[-132,-37]],[[6296,13048],[81,19],[89,6],[96,-3],[105,-34],[117,-64]],[[6082,12616],[2,43],[46,202],[5,37],[-19,52],[-50,38]],[[5945,15041],[3,-5]],[[5320,15000],[-156,260]],[[5164,15260],[-75,127],[-64,115]],[[7659,14025],[100,53],[72,50],[76,63],[-12,8],[64,54],[11,-9],[158,136],[64,64]],[[8422,14389],[-49,-7],[-124,-32],[2,-8],[-112,-53],[-102,-60],[-9,-2]],[[8028,14227],[-298,-231],[-168,-145],[3,-4],[-88,-79],[-48,-71],[-22,-50],[-36,-107],[-14,-29]],[[7357,13511],[-58,-107],[-27,-32],[-46,-45],[-52,-34],[-112,-26],[-38,-22],[-63,-59]],[[6961,13186],[-118,217],[-25,43],[-68,98],[-58,73],[-102,117]],[[5177,11795],[-63,-36],[-33,-5],[-64,1],[-53,-15]],[[3378,13698],[98,-22]],[[3492,13953],[-17,-39],[-27,-18],[-110,-38]],[[3280,13981],[78,79]],[[6355,13320],[54,111],[34,61],[150,87],[-64,95],[-11,23]],[[6229,15331],[80,-51],[89,-94],[30,-21],[87,-41],[29,-17],[36,-45],[13,-40]],[[6593,15022],[25,-106],[35,-51]],[[6391,14678],[5,13],[47,-17],[27,11],[-6,38],[-34,15],[-4,26],[-84,32],[-2,11],[54,84],[-1,92],[-28,70],[-21,19],[-198,145]],[[6413,15472],[-78,-28],[-40,-27],[-24,-30]],[[6271,15387],[-42,-56]],[[6271,15387],[79,-13],[48,7],[16,13],[41,5],[21,-137],[90,9],[15,-99],[41,-90]],[[6622,15082],[6,-27],[-35,-33]],[[7356,15223],[-54,24],[-233,108]],[[7069,15355],[-117,57],[-44,26],[-69,55],[-54,50]],[[4926,13186],[109,157],[22,9],[23,-13],[22,12],[143,173],[54,26],[38,36],[45,14]],[[5020,13657],[-12,9]],[[5008,13666],[118,50],[179,72]],[[4911,13194],[7,141],[12,49],[35,46],[40,88],[69,99],[-19,38],[-35,2]],[[4768,13226],[10,48],[16,9],[19,50],[7,36],[-22,-3],[-43,-30],[-32,-3],[-8,39],[-34,12],[-25,24],[45,29],[139,123],[53,37],[72,38],[55,22]],[[3487,14185],[126,125]],[[7646,14036],[9,13],[-6,74],[-42,33],[28,44],[-69,11],[27,91],[24,93],[-12,11],[-103,12],[6,51],[115,-11],[14,82],[-23,19],[-72,45],[-136,38],[-1,-48],[-153,-25],[-53,-14]],[[13116,23141],[63,-37],[116,-106],[77,-79],[11,-29],[-2,-24],[-51,-161],[-10,-46]],[[13320,22659],[-63,-199],[-16,-34],[-75,-109],[-26,-30]],[[13140,22287],[-20,-14],[-61,-27],[-25,-15]],[[13034,22231],[-25,34],[-72,35],[48,46],[3,19],[-46,37],[-19,40],[1,45],[-28,8],[-17,-15],[-109,-23],[-32,2],[-69,55],[-40,3]],[[12629,22517],[-9,141],[-8,85],[-17,45],[-63,104]],[[13034,22231],[-75,-50],[-38,-32],[-20,-31],[-28,-67],[-35,-25],[-152,-55]],[[12686,21971],[-39,223],[-3,119],[-15,204]],[[9587,22100],[-53,-70]],[[9534,22030],[-41,-48],[-262,-199]],[[9819,21712],[-26,30],[-30,4],[-77,47],[-16,34],[-11,59],[3,87],[-84,31],[-44,26]],[[11521,21449],[25,-48],[61,-62]],[[11309,21021],[-75,-116],[-65,-59],[-42,-25]],[[12029,22365],[18,-64],[0,-66],[-5,-55],[19,-54],[69,-316],[18,-108],[-27,-62],[-62,-274]],[[12686,21971],[44,-274],[4,-64],[-3,-139],[6,-103],[16,-91]],[[8371,20667],[-22,58],[-6,68],[17,38],[-18,28],[-56,104],[-44,58],[-55,45],[-82,20],[-65,1],[-27,-5],[-59,-27],[-17,-14],[-97,20],[-51,-4]],[[7789,21057],[7,11]],[[7858,20837],[-59,101],[-10,119]],[[11999,11614],[-21,161],[-39,-41],[-27,-2],[1,-37],[-28,-25],[-27,4],[-17,20],[-4,66],[-22,51],[-20,-16],[-65,-84],[-22,-42],[-5,-48],[-56,-6],[-26,-9],[-31,-29],[-66,-107],[-35,-31]],[[11065,11874],[37,103],[31,65],[50,69]],[[10639,10825],[103,224]],[[8944,22185],[-77,-32],[-16,-23]],[[8851,22130],[-44,98],[-6,49],[-13,27]],[[8714,21894],[17,48],[-27,24],[-11,45],[10,26],[87,3],[64,54],[-3,36]],[[6821,20431],[-19,17]],[[13489,23256],[16,-12],[12,-36],[46,-103],[28,-11],[19,-35],[26,13],[24,-2],[61,-29],[51,18],[10,25],[42,-5],[88,-64],[3,-22],[19,-33],[34,-20],[-22,-54],[-14,-48],[-40,-108],[3,-43],[32,-14]],[[13530,22298],[-86,137],[-31,40],[-40,36],[-28,37],[-21,51],[-4,60]],[[13547,22269],[-19,-7],[17,-50],[-5,-11],[-83,-62],[-64,-41],[-17,-5],[-99,-7]],[[13277,22086],[-18,30],[-70,55],[-18,70],[-31,46]],[[13277,22086],[2,-44]],[[13279,22042],[-268,-13],[-34,-5],[-19,-14],[-37,-57],[-54,-28],[51,-138],[11,-43],[27,-56],[53,-70],[36,-87]],[[13279,22042],[23,-9],[14,-27],[-2,-64],[8,-29],[21,-22],[54,-40],[18,-35],[-2,-43],[9,-42],[22,-51]],[[5259,14090],[-98,-26],[-52,-20],[-67,-39],[-38,-32],[-81,-82],[-41,-56],[-72,-71],[-46,-55]],[[4764,13709],[-17,15],[-30,59]],[[4791,24251],[58,100],[20,29],[98,187],[75,111]],[[8171,21947],[-3,-41],[-54,-9],[-39,-21],[18,-27],[-11,-11]],[[7160,22916],[-12,-25],[0,-31],[-20,-16],[-14,-38],[8,-33],[-17,-39],[37,-22],[27,-48],[-23,-41],[-13,-72],[20,-13]],[[4967,22876],[-62,4],[-56,-6],[-127,-26],[-57,-5]],[[6881,16234],[-10,-28],[3,-26],[28,-38]],[[8910,26320],[-1,-43],[-42,0],[-55,-31],[9,-38],[46,-9],[41,15],[5,-54],[-35,-8],[-56,-40],[-22,-49],[5,-34],[46,-25],[60,12],[-1,-66],[5,-18]],[[8915,25932],[-20,-7],[-86,-65],[-36,-19],[-62,-12],[-23,-11],[-110,-105],[-20,-16]],[[8558,25697],[-28,16],[-89,404],[-249,-41],[-109,-17]],[[8915,25932],[17,6]],[[8932,25938],[97,41],[124,25],[49,34]],[[9202,26038],[20,-38],[-3,-45],[-19,-39],[0,-98],[-10,-38],[-62,-79],[-12,-33],[10,-72],[30,-21],[-44,-70],[-32,-34],[-35,-62]],[[9045,25409],[-90,40]],[[8492,25481],[57,192],[9,24]],[[8971,26321],[-12,-76],[-21,-43],[-1,-63],[6,-180],[-11,-21]],[[9202,26038],[71,28],[56,34],[46,53]],[[9549,25596],[-32,-78],[-87,-248],[-39,-93]],[[9391,25177],[-180,167],[-86,29],[-80,36]],[[9741,18009],[-97,-38],[-56,-7],[-5,-57],[-54,3],[-29,-39],[-59,-3],[-5,-33],[-37,-112],[-1,-15],[52,-18],[34,-27],[18,-29],[22,-57]],[[9524,17577],[-78,-37],[-142,-58],[-90,-31]],[[9214,17451],[-15,53],[-96,315],[-12,48],[-7,87],[3,64],[25,159]],[[9479,20244],[40,-46],[14,-60]],[[13248,17978],[-17,-63],[4,-76],[20,-84],[6,-63],[57,-8],[35,-40],[0,-47],[-24,-57],[-12,-87],[-15,-26],[-30,-26],[-51,-11],[-15,53],[-22,32],[-26,-15],[-60,-13],[-71,-3],[-73,17],[-95,53],[-73,57],[-65,14],[-50,-2]],[[12671,17583],[-10,185],[-10,163]],[[12645,17230],[32,134],[6,39],[-12,180]],[[12593,16620],[-2,37],[9,119],[-18,161],[3,28],[60,265]],[[7357,13511],[26,9],[22,-5],[-12,-129],[-22,-68],[-23,-42]],[[7348,13276],[-61,-82],[-30,-53],[-15,-56],[-4,-41]],[[7238,13044],[1,-104],[9,-86],[18,-69],[26,-63],[30,-53],[47,-61],[35,-36],[111,-94],[78,-87],[32,-20],[78,-26]],[[7703,12345],[-54,-117],[-31,-78]],[[5370,20053],[76,76],[50,62],[48,65],[-19,18],[-18,68],[0,67],[23,-1],[4,123],[-16,-1]],[[5518,20530],[-6,208],[141,5]],[[7238,13044],[24,5],[53,25],[24,4],[373,2]],[[7712,13080],[1,-208],[-8,-202],[27,-89],[12,-75],[12,-38],[-2,-19],[-51,-104]],[[15234,15604],[-46,-142],[-50,-88],[-112,-124],[-38,-123],[-28,-80],[-7,-80],[-25,-72],[-18,-80],[-6,-73],[29,-109],[-1,-11]],[[14932,14622],[-103,-1],[-47,-16],[-50,15],[-53,10],[-55,21],[-40,-3],[-8,-13],[-43,26],[24,49],[-10,49],[-28,34],[-59,23],[-48,-25],[-60,-59],[-24,-10],[-31,1],[-48,34],[-38,76],[-41,66],[-28,26],[-34,19],[-71,23],[-66,2],[-82,-34],[-64,15]],[[10462,18007],[51,-33],[53,-23],[114,-24],[31,-20],[25,-33],[14,-63],[-10,-42],[5,-40]],[[9981,18128],[86,42],[43,11],[57,0],[64,-14],[39,-25],[76,-74],[76,-44],[40,-17]],[[5927,22660],[-8,-122],[-7,-31],[-20,-19],[-27,-5],[-6,-64],[-48,-57],[-1,-81],[9,-24],[30,-41]],[[8320,19033],[-41,-70],[-42,10],[-48,-9],[-24,-19],[-43,-79],[-7,-47],[162,0],[0,-66]],[[8277,18753],[-53,-10]],[[8224,18743],[-104,21],[-116,17],[-13,10]],[[8224,18743],[-64,-56],[-46,-18],[3,-37],[15,-30],[72,-53],[22,-12],[42,-2],[-1,-76]],[[8341,18476],[-10,45],[5,17],[42,40],[12,50],[-34,68],[-7,40],[-72,17]],[[6663,5750],[-57,2],[-14,-10],[-57,-13],[-68,36],[-8,14],[-55,19],[-24,-11],[-9,17],[-58,14],[-137,15],[-51,11],[-24,-3],[-55,-27],[-42,-8],[-38,13],[-41,25],[-69,10],[-22,9],[-56,-15],[-37,10],[-6,-13],[-32,-9],[-21,5],[-22,-10],[-71,51],[-24,30],[-58,8],[-4,24],[-31,33],[-22,8],[-13,26],[-21,5],[-28,27],[-44,6],[-78,-27],[-59,-4],[-123,2],[-74,24],[-43,-6],[-38,5],[-37,27],[-74,24],[-66,29],[-62,13],[-40,22],[-28,-20],[-22,9],[-82,-14],[-25,-17],[-23,2],[-6,-29],[-19,-19],[-34,2],[-20,-53],[-71,-8],[-38,5],[-29,13],[-30,2],[-27,-24],[-45,-26],[-42,22],[-16,-14],[-51,5],[-32,-20],[-75,9],[-31,-20],[-68,-21],[-14,10],[-85,-30],[-45,12],[-32,22],[-38,-33],[-59,-3],[-40,-17],[-28,-32],[-51,-7],[-18,-21],[-42,-8]],[[3384,5835],[-18,29],[36,38],[14,26],[24,112],[21,58],[64,126],[12,42],[20,133],[21,86],[19,50],[-126,28],[-147,8],[-173,-7],[-117,0],[-35,4],[-124,32]],[[9800,18647],[124,29],[31,1],[94,-8],[61,5],[81,28],[186,74]],[[10377,18776],[2,-23],[23,-23],[16,-31],[4,-76],[31,-16],[26,-35],[-4,-23],[30,-20],[18,-32],[-10,-27],[53,-38],[-11,-19],[36,-34],[0,-37],[24,-62],[22,-32],[26,-11],[37,-40]],[[10700,18197],[-58,4],[-40,-75],[-33,-18],[2,-30],[-12,-16],[-37,-5],[-31,16],[-29,-66]],[[4548,19945],[-60,-9],[-22,-17],[-31,41],[-7,50],[-9,18]],[[10534,20623],[20,-310],[15,-41],[23,-27],[74,-60],[41,-24],[29,-6]],[[6729,15523],[8,-74],[19,-239],[-10,-22],[-11,-58],[-46,-19],[-44,-8],[-23,-21]],[[11070,18346],[-126,-52],[-22,-32],[-216,-73],[-6,8]],[[5518,20530],[-89,-10],[-79,-4]],[[7712,13080],[-1,181]],[[7711,13261],[200,0],[-1,186],[57,0],[4,35],[1,323],[-12,26],[-30,3],[-3,57],[11,14],[28,-1],[0,68],[44,0],[9,79],[11,124],[-2,52]],[[8958,14218],[68,-109],[44,-64],[77,-100]],[[11095,20002],[125,-24],[73,-6],[115,2],[89,11],[395,39]],[[11892,20024],[295,31]],[[11774,20737],[-8,-16],[-30,-180],[-15,-63],[-7,-73],[4,-27],[17,-23],[-28,-33],[-27,-8],[2,-68],[-36,-24],[-43,9],[-33,-19],[-4,-23],[135,-35],[179,-124],[12,-6]],[[11269,17831],[39,45]],[[11493,17881],[-53,-206],[103,-136],[30,-25],[44,-87],[20,-78]],[[11637,17349],[24,-88],[33,-109],[21,-80],[42,-102],[24,-69],[15,-116],[-18,-48],[6,-22]],[[11637,17349],[115,27],[112,13],[31,8],[66,27]],[[11961,17424],[57,17],[31,-193],[222,24],[92,16],[-6,23],[155,12],[38,-19],[19,-43],[18,-19],[58,-12]],[[4538,13488],[30,-3],[71,95]],[[4639,13580],[83,74],[42,55]],[[5008,13666],[-79,-33],[-81,-50],[-132,-114],[-63,-43],[-38,-18],[-57,-18],[-90,-18]],[[5164,15260],[-28,-20],[-63,-83],[-52,-34],[-35,-9]],[[4986,15114],[-16,-10]],[[4970,15104],[-40,33],[-155,97]],[[4792,14922],[93,73],[55,88],[44,-65],[27,15],[-41,71]],[[4986,15114],[27,-18],[49,-7],[-3,-31],[15,-13],[98,-12],[17,-7],[32,-48],[35,1],[42,-7]],[[3384,5835],[-26,-25],[-50,10],[-37,17],[-22,0],[-18,-33],[-11,-1],[-31,-34],[-16,-4],[-33,21],[-15,-8],[8,-31],[-51,-10],[-14,-18],[-30,-5],[-16,8],[-30,-5],[-12,10],[-42,-8],[-33,-16],[-15,-38],[-26,-26],[-44,-1],[-7,-14],[-29,1],[-24,-22],[-91,-39],[-25,-4],[-37,-26],[-7,-15],[-44,-30]],[[11760,17854],[14,-290],[90,8],[13,-56],[13,-30],[53,-38],[18,-24]],[[5732,25029],[168,125]],[[4639,13580],[-32,45],[-73,24],[-35,-4],[-21,-11],[-72,12],[-92,-10]],[[5750,25901],[51,82],[34,68],[94,157],[87,138],[63,131]],[[5399,25288],[24,44],[58,93],[18,39]],[[5542,25437],[17,-26],[36,-73],[118,-52],[76,-26]],[[8712,27312],[-27,-38],[-8,-39]],[[8432,26841],[-24,16],[-27,4],[-2,-50],[-18,-66],[41,-5],[-27,-35],[-31,2],[-45,24],[-9,16],[21,105],[-41,2],[-40,-8],[-50,36],[14,19],[40,31],[-63,38],[-17,36],[0,37],[-9,37],[-36,-2],[-26,12]],[[4049,22178],[-24,4],[-26,24],[-1,94],[41,9],[4,47]],[[7886,22713],[74,-39],[43,-11],[42,-4]],[[7066,15343],[3,12]],[[3390,21309],[45,66]],[[7473,16176],[2,56],[-64,154],[-27,129],[-59,306]],[[4558,19736],[-215,212]],[[7711,13261],[-253,0],[-62,2],[-48,13]],[[14932,14622],[-14,-76],[15,-80],[31,-62],[14,-54],[11,-150],[44,-146],[-20,-103],[-3,-89],[-33,-41],[-30,-22],[-89,-76],[-33,-20],[-80,-20],[-45,5],[-72,24],[-48,34],[-50,-8],[-47,-28],[-39,-44],[-16,-38],[-9,-53],[-2,-61],[7,-36]]],"transform":{"scale":[0.000025944167807793093,0.00002044584348303418],"translate":[-77.086391,38.535372]},"objects":{"Geometry\\24-033":{"type":"GeometryCollection","geometries":[{"arcs":[[0,1,2,3,4]],"type":"Polygon","properties":{"GEOID":"240338006062"}},{"arcs":[[5,-5,6,7,8,9]],"type":"Polygon","properties":{"GEOID":"240338006063"}},{"arcs":[[10,11,12,13,14]],"type":"Polygon","properties":{"GEOID":"240338007042"}},{"arcs":[[15,16,17]],"type":"Polygon","properties":{"GEOID":"240338010061"}},{"arcs":[[18,19,20,21,22]],"type":"Polygon","properties":{"GEOID":"240338012121"}},{"arcs":[[23,24,25,26,27,28]],"type":"Polygon","properties":{"GEOID":"240338012131"}},{"arcs":[[29,30,31,32,33,34,35,36]],"type":"Polygon","properties":{"GEOID":"240338005111"}},{"arcs":[[37,38,-33]],"type":"Polygon","properties":{"GEOID":"240338005112"}},{"arcs":[[-39,39,40,-34]],"type":"Polygon","properties":{"GEOID":"240338005113"}},{"arcs":[[41,42,43,44,45,46]],"type":"Polygon","properties":{"GEOID":"240338020011"}},{"arcs":[[47,48,49,50,51,52]],"type":"Polygon","properties":{"GEOID":"240338013022"}},{"arcs":[[53,54,55,56,57]],"type":"Polygon","properties":{"GEOID":"240338074041"}},{"arcs":[[58,59,60]],"type":"Polygon","properties":{"GEOID":"240338032002"}},{"arcs":[[61,62,63,64,65]],"type":"Polygon","properties":{"GEOID":"240338033001"}},{"arcs":[[-60,66,-62,67,68,69]],"type":"Polygon","properties":{"GEOID":"240338033002"}},{"arcs":[[70,-69,71,72,73,74]],"type":"Polygon","properties":{"GEOID":"240338033003"}},{"arcs":[[75,76,77,78,79,80,-54,81,82]],"type":"Polygon","properties":{"GEOID":"240338074083"}},{"arcs":[[83,84,85,86,87,88]],"type":"Polygon","properties":{"GEOID":"240338059081"}},{"arcs":[[89,90,91,92,93]],"type":"Polygon","properties":{"GEOID":"240338066013"}},{"arcs":[[94,95,96,97,98,99,100,101,102]],"type":"Polygon","properties":{"GEOID":"240338067081"}},{"arcs":[[103,104,105]],"type":"Polygon","properties":{"GEOID":"240338066023"}},{"arcs":[[-56,106,107]],"type":"Polygon","properties":{"GEOID":"240338074043"}},{"arcs":[[108,109,110]],"type":"Polygon","properties":{"GEOID":"240338001092"}},{"arcs":[[111,112,113]],"type":"Polygon","properties":{"GEOID":"240338004112"}},{"arcs":[[114,115,116,117]],"type":"Polygon","properties":{"GEOID":"240338026001"}},{"arcs":[[118,119,120,121,122]],"type":"Polygon","properties":{"GEOID":"240338005161"}},{"arcs":[[123,124,125]],"type":"Polygon","properties":{"GEOID":"240338035272"}},{"arcs":[[126,127,128,129,130]],"type":"Polygon","properties":{"GEOID":"240338012082"}},{"arcs":[[131,132,133,134,135,136,137]],"type":"Polygon","properties":{"GEOID":"240338057002"}},{"arcs":[[138,-134,139,140,141,142]],"type":"Polygon","properties":{"GEOID":"240338057003"}},{"arcs":[[-141,143,144,145]],"type":"Polygon","properties":{"GEOID":"240338058011"}},{"arcs":[[146,147,148,-143,149,150]],"type":"Polygon","properties":{"GEOID":"240338056012"}},{"arcs":[[151,152,-132,153,154]],"type":"Polygon","properties":{"GEOID":"240338057001"}},{"arcs":[[155,156,157,158,159,160]],"type":"Polygon","properties":{"GEOID":"240338069002"}},{"arcs":[[161,162,163,164,165,166]],"type":"Polygon","properties":{"GEOID":"240338046002"}},{"arcs":[[167,168,169,170,171,172,173]],"type":"Polygon","properties":{"GEOID":"240338022041"}},{"arcs":[[174,175,176,177,178,179,180]],"type":"Polygon","properties":{"GEOID":"240338010042"}},{"arcs":[[181,182,183]],"type":"Polygon","properties":{"GEOID":"240338050003"}},{"arcs":[[184,185,186,-169,187,188]],"type":"Polygon","properties":{"GEOID":"240338024043"}},{"arcs":[[189,190,191,192,193,194,195]],"type":"Polygon","properties":{"GEOID":"240338035261"}},{"arcs":[[196,197]],"type":"Polygon","properties":{"GEOID":"240338021042"}},{"arcs":[[198,199,200]],"type":"Polygon","properties":{"GEOID":"240338035131"}},{"arcs":[[201,202,203,204,205,206]],"type":"Polygon","properties":{"GEOID":"240338019052"}},{"arcs":[[207,208,209]],"type":"Polygon","properties":{"GEOID":"240338012151"}},{"arcs":[[210,-9,211,212]],"type":"Polygon","properties":{"GEOID":"240338006052"}},{"arcs":[[-17,213,214,215,216]],"type":"Polygon","properties":{"GEOID":"240338010062"}},{"arcs":[[217,218,219,220]],"type":"Polygon","properties":{"GEOID":"240338014043"}},{"arcs":[[221,222,223,224,225,226,227]],"type":"Polygon","properties":{"GEOID":"240338035082"}},{"arcs":[[-225,228,229]],"type":"Polygon","properties":{"GEOID":"240338035083"}},{"arcs":[[230,231,-228,-64,232]],"type":"Polygon","properties":{"GEOID":"240338035091"}},{"arcs":[[233,234,235,236,-233,-63,-67,-59,237,238]],"type":"Polygon","properties":{"GEOID":"240338035092"}},{"arcs":[[239,240,241,242,243,244]],"type":"Polygon","properties":{"GEOID":"240338035121"}},{"arcs":[[245,246,247,248,249]],"type":"Polygon","properties":{"GEOID":"240338042003"}},{"arcs":[[250,251,252,253,254,255]],"type":"Polygon","properties":{"GEOID":"240338043001"}},{"arcs":[[256,257,-255,258,-249,259,260]],"type":"Polygon","properties":{"GEOID":"240338043002"}},{"arcs":[[261,-164,262,263,264,265]],"type":"Polygon","properties":{"GEOID":"240338044002"}},{"arcs":[[266,267,-166,268,269,270]],"type":"Polygon","properties":{"GEOID":"240338047002"}},{"arcs":[[-269,-165,-262,271]],"type":"Polygon","properties":{"GEOID":"240338047003"}},{"arcs":[[272,273,274]],"type":"Polygon","properties":{"GEOID":"240338048021"}},{"arcs":[[275,276,277,278]],"type":"Polygon","properties":{"GEOID":"240338048011"}},{"arcs":[[-184,279,280,281,282]],"type":"Polygon","properties":{"GEOID":"240338049001"}},{"arcs":[[283,284,-279,285,286,287,-281]],"type":"Polygon","properties":{"GEOID":"240338049002"}},{"arcs":[[288,289,290,291]],"type":"Polygon","properties":{"GEOID":"240338061001"}},{"arcs":[[292,-292,293,294,295]],"type":"Polygon","properties":{"GEOID":"240338061002"}},{"arcs":[[-296,296,297,298,-273,299]],"type":"Polygon","properties":{"GEOID":"240338061003"}},{"arcs":[[300,301,302,303,304]],"type":"Polygon","properties":{"GEOID":"240338064001"}},{"arcs":[[305,306,307,308,309,310,311]],"type":"Polygon","properties":{"GEOID":"240338014072"}},{"arcs":[[312,313,314,315]],"type":"Polygon","properties":{"GEOID":"240338004081"}},{"arcs":[[-216,316,317,318]],"type":"Polygon","properties":{"GEOID":"240338010052"}},{"arcs":[[319,320,321,322,323,324,-120]],"type":"Polygon","properties":{"GEOID":"240338005071"}},{"arcs":[[325,326,327,328,-48,329]],"type":"Polygon","properties":{"GEOID":"240338013091"}},{"arcs":[[330,331,332,333,334,335]],"type":"Polygon","properties":{"GEOID":"240338017071"}},{"arcs":[[336,-28,337,338,339]],"type":"Polygon","properties":{"GEOID":"240338013051"}},{"arcs":[[340,341,342,343,-46,344,-203,345]],"type":"Polygon","properties":{"GEOID":"240338019071"}},{"arcs":[[346,347,348,349,-197,350,351,352]],"type":"Polygon","properties":{"GEOID":"240338021032"}},{"arcs":[[353,-135,-139,-149,354]],"type":"Polygon","properties":{"GEOID":"240338056021"}},{"arcs":[[355,-80,356,357,358,359,360,361,-99,362,363,364,365,366,367,368]],"type":"Polygon","properties":{"GEOID":"240338074081"}},{"arcs":[[-316,369,370,371,372]],"type":"Polygon","properties":{"GEOID":"240338036072"}},{"arcs":[[-101,373,374,375,376]],"type":"Polygon","properties":{"GEOID":"240338067122"}},{"arcs":[[-213,377,378,379,380]],"type":"Polygon","properties":{"GEOID":"240338007012"}},{"arcs":[[381,382,383,384,385]],"type":"Polygon","properties":{"GEOID":"240338001022"}},{"arcs":[[386,-386,387,388,389]],"type":"Polygon","properties":{"GEOID":"240338001023"}},{"arcs":[[390,391,392]],"type":"Polygon","properties":{"GEOID":"240338035202"}},{"arcs":[[393,394,395,396,397,398]],"type":"Polygon","properties":{"GEOID":"240338035241"}},{"arcs":[[-397,399,400,401,402]],"type":"Polygon","properties":{"GEOID":"240338035191"}},{"arcs":[[403,404,405,406,407,408]],"type":"Polygon","properties":{"GEOID":"240338036011"}},{"arcs":[[-408,409,410,411]],"type":"Polygon","properties":{"GEOID":"240338036012"}},{"arcs":[[412,-222,-232]],"type":"Polygon","properties":{"GEOID":"240338036021"}},{"arcs":[[413,414,415,-409,-412,416,-223,-413,-231,-237]],"type":"Polygon","properties":{"GEOID":"240338036022"}},{"arcs":[[417,418,419,420]],"type":"Polygon","properties":{"GEOID":"240338036051"}},{"arcs":[[-351,-198,421,422,423,424]],"type":"Polygon","properties":{"GEOID":"240338021041"}},{"arcs":[[-423,425,426,-243,427,428,429,430]],"type":"Polygon","properties":{"GEOID":"240338022011"}},{"arcs":[[431,-348,432]],"type":"Polygon","properties":{"GEOID":"240338022031"}},{"arcs":[[433,434,435,-426,-422,-350]],"type":"Polygon","properties":{"GEOID":"240338022032"}},{"arcs":[[436,437,-434,-349,-432,438,439]],"type":"Polygon","properties":{"GEOID":"240338022033"}},{"arcs":[[440,-172,441,442,-435,-438]],"type":"Polygon","properties":{"GEOID":"240338022043"}},{"arcs":[[443,444,445,-244,-427,-436,-443,446]],"type":"Polygon","properties":{"GEOID":"240338022044"}},{"arcs":[[447,-174,448,-440,449,450]],"type":"Polygon","properties":{"GEOID":"240338023013"}},{"arcs":[[451,-450,-439,-433,-347,452]],"type":"Polygon","properties":{"GEOID":"240338023012"}},{"arcs":[[453,454,455,456,457,458]],"type":"Polygon","properties":{"GEOID":"240338024081"}},{"arcs":[[-188,-168,-448,459,460]],"type":"Polygon","properties":{"GEOID":"240338024041"}},{"arcs":[[461,-189,-461,462]],"type":"Polygon","properties":{"GEOID":"240338024042"}},{"arcs":[[463,464,465,466,467,468,469,470,471,472]],"type":"Polygon","properties":{"GEOID":"240338024052"}},{"arcs":[[473,474,475,-467]],"type":"Polygon","properties":{"GEOID":"240338024061"}},{"arcs":[[476,477,478,479]],"type":"Polygon","properties":{"GEOID":"240338028051"}},{"arcs":[[-479,480,481,482]],"type":"Polygon","properties":{"GEOID":"240338028052"}},{"arcs":[[483,-398,-403,484,-481,-478,485]],"type":"Polygon","properties":{"GEOID":"240338028053"}},{"arcs":[[486,487,488,489,490,491,492]],"type":"Polygon","properties":{"GEOID":"240338029011"}},{"arcs":[[-490,-480,-483,493,494]],"type":"Polygon","properties":{"GEOID":"240338029012"}},{"arcs":[[-491,-495,495,496,497]],"type":"Polygon","properties":{"GEOID":"240338029013"}},{"arcs":[[498,-464,499,500]],"type":"Polygon","properties":{"GEOID":"240338025012"}},{"arcs":[[501,502,503]],"type":"Polygon","properties":{"GEOID":"240338025021"}},{"arcs":[[504,505,-459,506,507,-502,508]],"type":"Polygon","properties":{"GEOID":"240338025022"}},{"arcs":[[509,-117,510,511,-505]],"type":"Polygon","properties":{"GEOID":"240338026002"}},{"arcs":[[-497,512,513,514,515,516]],"type":"Polygon","properties":{"GEOID":"240338027001"}},{"arcs":[[-515,517,518,519]],"type":"Polygon","properties":{"GEOID":"240338027002"}},{"arcs":[[-516,-520,520,-115,521]],"type":"Polygon","properties":{"GEOID":"240338027003"}},{"arcs":[[-518,-514,522,523]],"type":"Polygon","properties":{"GEOID":"240338028032"}},{"arcs":[[-494,-482,-485,524,-170,-187,525,526]],"type":"Polygon","properties":{"GEOID":"240338028043"}},{"arcs":[[527,528,-487,529]],"type":"Polygon","properties":{"GEOID":"240338030011"}},{"arcs":[[530,531,-530,-493,532]],"type":"Polygon","properties":{"GEOID":"240338030012"}},{"arcs":[[-74,-399,-484,533,-488,-529]],"type":"Polygon","properties":{"GEOID":"240338030021"}},{"arcs":[[-534,-486,-477,-489]],"type":"Polygon","properties":{"GEOID":"240338030022"}},{"arcs":[[534,-531,535]],"type":"Polygon","properties":{"GEOID":"240338031002"}},{"arcs":[[-66,536,-72,-68]],"type":"Polygon","properties":{"GEOID":"240338033004"}},{"arcs":[[537,-125,538,-195,539,-240,540,-199]],"type":"Polygon","properties":{"GEOID":"240338035133"}},{"arcs":[[541,542,543,544,545,546]],"type":"Polygon","properties":{"GEOID":"240338035141"}},{"arcs":[[547,548,549,550,551]],"type":"Polygon","properties":{"GEOID":"240338035161"}},{"arcs":[[552,-392,-551,553,554,555]],"type":"Polygon","properties":{"GEOID":"240338035201"}},{"arcs":[[556,557,-373,558,559]],"type":"Polygon","properties":{"GEOID":"240338036061"}},{"arcs":[[560,561,562,563,564,565]],"type":"Polygon","properties":{"GEOID":"240338036062"}},{"arcs":[[566,-566,567,568,-419]],"type":"Polygon","properties":{"GEOID":"240338036063"}},{"arcs":[[569,570,571,-384]],"type":"Polygon","properties":{"GEOID":"240338001031"}},{"arcs":[[572,573,574,575,-111,576,577,578,579,580]],"type":"Polygon","properties":{"GEOID":"240338001061"}},{"arcs":[[581,582]],"type":"Polygon","properties":{"GEOID":"240338002031"}},{"arcs":[[-304,583,-85,584]],"type":"Polygon","properties":{"GEOID":"240338064002"}},{"arcs":[[-584,-303,585,586,587,588,-86]],"type":"Polygon","properties":{"GEOID":"240338064003"}},{"arcs":[[-588,589,590,591,592,593]],"type":"Polygon","properties":{"GEOID":"240338065011"}},{"arcs":[[-591,594,595,-90,596]],"type":"Polygon","properties":{"GEOID":"240338065012"}},{"arcs":[[-597,-94,597,598,599,-592]],"type":"Polygon","properties":{"GEOID":"240338065013"}},{"arcs":[[600,601,602,603,604,-91,-596]],"type":"Polygon","properties":{"GEOID":"240338066011"}},{"arcs":[[605,-29,-337,606,607,608]],"type":"Polygon","properties":{"GEOID":"240338013052"}},{"arcs":[[-242,609,610,611,-428]],"type":"Polygon","properties":{"GEOID":"240338007011"}},{"arcs":[[612,-178,613,614,615,616]],"type":"Polygon","properties":{"GEOID":"240338010031"}},{"arcs":[[617,618,619,-415,620]],"type":"Polygon","properties":{"GEOID":"240338036122"}},{"arcs":[[-559,-372,621,622,623]],"type":"Polygon","properties":{"GEOID":"240338036071"}},{"arcs":[[624,625,626,627,628]],"type":"Polygon","properties":{"GEOID":"240338009001"}},{"arcs":[[629,630,631,632,633]],"type":"Polygon","properties":{"GEOID":"240338018021"}},{"arcs":[[-158,634,635]],"type":"Polygon","properties":{"GEOID":"240338069001"}},{"arcs":[[636,637,638,639,-78,640]],"type":"Polygon","properties":{"GEOID":"240338002122"}},{"arcs":[[-265,641,-257,642]],"type":"Polygon","properties":{"GEOID":"240338044001"}},{"arcs":[[-564,643,-560,-624,644]],"type":"Polygon","properties":{"GEOID":"240338036064"}},{"arcs":[[-622,-371,645,646,647,648]],"type":"Polygon","properties":{"GEOID":"240338036081"}},{"arcs":[[649,650,651,652,-621,-414,-236,653,654]],"type":"Polygon","properties":{"GEOID":"240338036121"}},{"arcs":[[655,656,657,-650,658,659]],"type":"Polygon","properties":{"GEOID":"240338036131"}},{"arcs":[[660,661,-651,-658]],"type":"Polygon","properties":{"GEOID":"240338036132"}},{"arcs":[[662,663,664,665]],"type":"Polygon","properties":{"GEOID":"240338037002"}},{"arcs":[[666,667,668,-666,669,670,671]],"type":"Polygon","properties":{"GEOID":"240338038011"}},{"arcs":[[-604,672,-660,673,-668,674]],"type":"Polygon","properties":{"GEOID":"240338038031"}},{"arcs":[[-659,-655,675,-663,-669,-674]],"type":"Polygon","properties":{"GEOID":"240338038032"}},{"arcs":[[-93,676,677,678,679,-598]],"type":"Polygon","properties":{"GEOID":"240338039001"}},{"arcs":[[680,-599,-680,681]],"type":"Polygon","properties":{"GEOID":"240338039002"}},{"arcs":[[682,-682,-679,683,684,685]],"type":"Polygon","properties":{"GEOID":"240338039003"}},{"arcs":[[-678,686,687,688,-684]],"type":"Polygon","properties":{"GEOID":"240338040012"}},{"arcs":[[-685,-689,689,-251,690]],"type":"Polygon","properties":{"GEOID":"240338040021"}},{"arcs":[[691,-686,-691,-256,-258,-642,-264]],"type":"Polygon","properties":{"GEOID":"240338040022"}},{"arcs":[[692,693,694,-239,695,-247]],"type":"Polygon","properties":{"GEOID":"240338041011"}},{"arcs":[[696,697,-670,-665,698,-234,-695]],"type":"Polygon","properties":{"GEOID":"240338041021"}},{"arcs":[[-672,699,-697,700,701,-253]],"type":"Polygon","properties":{"GEOID":"240338041022"}},{"arcs":[[-671,-698,-700]],"type":"Polygon","properties":{"GEOID":"240338041023"}},{"arcs":[[702,-693,-246,703]],"type":"Polygon","properties":{"GEOID":"240338042001"}},{"arcs":[[-254,-702,704,-704,-250,-259]],"type":"Polygon","properties":{"GEOID":"240338042002"}},{"arcs":[[-545,705,-190,706,-126,707]],"type":"Polygon","properties":{"GEOID":"240338035271"}},{"arcs":[[-224,-417,-411,708,709,710,-229]],"type":"Polygon","properties":{"GEOID":"240338035081"}},{"arcs":[[-540,-194,711,-610,-241]],"type":"Polygon","properties":{"GEOID":"240338035122"}},{"arcs":[[712,-145,713,714,715]],"type":"Polygon","properties":{"GEOID":"240338058012"}},{"arcs":[[716,717,718,719,-144,-140,720]],"type":"Polygon","properties":{"GEOID":"240338059042"}},{"arcs":[[721,722,723]],"type":"Polygon","properties":{"GEOID":"240338059062"}},{"arcs":[[724,-88,725,-290,726,727,728,729,730]],"type":"Polygon","properties":{"GEOID":"240338060001"}},{"arcs":[[731,732,-728]],"type":"Polygon","properties":{"GEOID":"240338060002"}},{"arcs":[[733,734,735,-625,736]],"type":"Polygon","properties":{"GEOID":"240338008003"}},{"arcs":[[737,738,-49,-329]],"type":"Polygon","properties":{"GEOID":"240338013092"}},{"arcs":[[739,740,741,742,743,-475]],"type":"Polygon","properties":{"GEOID":"240338024062"}},{"arcs":[[-260,-248,744,-75,-528,-532,-535,745]],"type":"Polygon","properties":{"GEOID":"240338031001"}},{"arcs":[[746,-277,747,748,-267,749]],"type":"Polygon","properties":{"GEOID":"240338047001"}},{"arcs":[[-154,-138,750,751]],"type":"Polygon","properties":{"GEOID":"240338056011"}},{"arcs":[[752,-708,-538,-201,753]],"type":"Polygon","properties":{"GEOID":"240338035132"}},{"arcs":[[754,-83,755,756,757,758]],"type":"Polygon","properties":{"GEOID":"240338074073"}},{"arcs":[[-98,759,760,-363]],"type":"Polygon","properties":{"GEOID":"240338074082"}},{"arcs":[[-376,761,762,-561,763,764]],"type":"Polygon","properties":{"GEOID":"240338067102"}},{"arcs":[[765,766,767,768]],"type":"Polygon","properties":{"GEOID":"240338068003"}},{"arcs":[[-159,-636,769,-369,770,771]],"type":"Polygon","properties":{"GEOID":"240338069003"}},{"arcs":[[772,-160,-772,773,774,775]],"type":"Polygon","properties":{"GEOID":"240338070001"}},{"arcs":[[-161,-773,776,777,778]],"type":"Polygon","properties":{"GEOID":"240338070002"}},{"arcs":[[779,780,-775,781,782,783,-769,784,785]],"type":"Polygon","properties":{"GEOID":"240338070003"}},{"arcs":[[-777,-776,-781,786,787]],"type":"Polygon","properties":{"GEOID":"240338070004"}},{"arcs":[[-302,788,789,-586]],"type":"Polygon","properties":{"GEOID":"240338071021"}},{"arcs":[[-790,790,-785,-768,791,792,-106,793,-601,-595,-590,-587]],"type":"Polygon","properties":{"GEOID":"240338071022"}},{"arcs":[[794,795,-778,-788,796,797]],"type":"Polygon","properties":{"GEOID":"240338073012"}},{"arcs":[[798,799,-156,-779,-796]],"type":"Polygon","properties":{"GEOID":"240338073011"}},{"arcs":[[800,801,802,803,804]],"type":"Polygon","properties":{"GEOID":"240338073041"}},{"arcs":[[805,806,807,808]],"type":"Polygon","properties":{"GEOID":"240338013072"}},{"arcs":[[809,-146,-713,810,811]],"type":"Polygon","properties":{"GEOID":"240338058021"}},{"arcs":[[812,-811,-716,-731,813,814]],"type":"Polygon","properties":{"GEOID":"240338058022"}},{"arcs":[[-720,-305,-585,-84,815,-714]],"type":"Polygon","properties":{"GEOID":"240338059091"}},{"arcs":[[816,817,818,819]],"type":"Polygon","properties":{"GEOID":"240338067062"}},{"arcs":[[820,821,822,823,824,-644,-563]],"type":"Polygon","properties":{"GEOID":"240338067112"}},{"arcs":[[-100,-362,825,826,-824,827,828,829,-374]],"type":"Polygon","properties":{"GEOID":"240338067121"}},{"arcs":[[830,831,832,833,-783]],"type":"Polygon","properties":{"GEOID":"240338068001"}},{"arcs":[[-834,834,-766,-784]],"type":"Polygon","properties":{"GEOID":"240338068002"}},{"arcs":[[835,836,-107,-55,-81,-356,-770,-635,-157,-800]],"type":"Polygon","properties":{"GEOID":"240338074042"}},{"arcs":[[837,838,-82,-58,839,840,841]],"type":"Polygon","properties":{"GEOID":"240338074051"}},{"arcs":[[-57,-108,-837,842,-840]],"type":"Polygon","properties":{"GEOID":"240338074052"}},{"arcs":[[843,844,845,846,847,848]],"type":"Polygon","properties":{"GEOID":"240338074101"}},{"arcs":[[-819,849,-418,850,851]],"type":"Polygon","properties":{"GEOID":"240338067063"}},{"arcs":[[-364,-761,852,853,-95,854]],"type":"Polygon","properties":{"GEOID":"240338067082"}},{"arcs":[[-4,855,-7]],"type":"Polygon","properties":{"GEOID":"240338006061"}},{"arcs":[[856,857,-40,-38,-32]],"type":"Polygon","properties":{"GEOID":"240338005114"}},{"arcs":[[858,859,860]],"type":"Polygon","properties":{"GEOID":"240338005192"}},{"arcs":[[-860,861,-323,-857,-31]],"type":"Polygon","properties":{"GEOID":"240338005193"}},{"arcs":[[862,863,-739]],"type":"Polygon","properties":{"GEOID":"240338013121"}},{"arcs":[[864,865,866,867]],"type":"Polygon","properties":{"GEOID":"240338017041"}},{"arcs":[[-173,-441,-437,-449]],"type":"Polygon","properties":{"GEOID":"240338022042"}},{"arcs":[[868,-652,-662]],"type":"Polygon","properties":{"GEOID":"240338036133"}},{"arcs":[[-105,869,-602,-794]],"type":"Polygon","properties":{"GEOID":"240338066022"}},{"arcs":[[870,-804,871,872,-723]],"type":"Polygon","properties":{"GEOID":"240338073051"}},{"arcs":[[873,-382,-387,874]],"type":"Polygon","properties":{"GEOID":"240338001021"}},{"arcs":[[875,876,-18,-217,-319,877,-209]],"type":"Polygon","properties":{"GEOID":"240338010051"}},{"arcs":[[878,-336,879,880,881]],"type":"Polygon","properties":{"GEOID":"240338016001"}},{"arcs":[[882,883,884,-609,885]],"type":"Polygon","properties":{"GEOID":"240338014062"}},{"arcs":[[-851,-421,886,887,-656,-673,888]],"type":"Polygon","properties":{"GEOID":"240338036053"}},{"arcs":[[889,890,-759,891,892]],"type":"Polygon","properties":{"GEOID":"240338074072"}},{"arcs":[[893,894,895,-210,896,897]],"type":"Polygon","properties":{"GEOID":"240338012072"}},{"arcs":[[898,899,900,901,902,-735,903]],"type":"Polygon","properties":{"GEOID":"240338008001"}},{"arcs":[[-568,-565,-645,-623,-649,904,-404,-416,-620]],"type":"Polygon","properties":{"GEOID":"240338036083"}},{"arcs":[[905,906,907]],"type":"Polygon","properties":{"GEOID":"240338004131"}},{"arcs":[[908,909,910,911,912,913,914,-218,915]],"type":"Polygon","properties":{"GEOID":"240338014051"}},{"arcs":[[916,-298,917,-167,-268,-749]],"type":"Polygon","properties":{"GEOID":"240338046001"}},{"arcs":[[918,919,-549,920,921,-646,-370,-315]],"type":"Polygon","properties":{"GEOID":"240338004082"}},{"arcs":[[922,923,924]],"type":"Polygon","properties":{"GEOID":"240338004091"}},{"arcs":[[925,926,927,-52]],"type":"Polygon","properties":{"GEOID":"240338013021"}},{"arcs":[[-913,928,929,930,931,-883,932,933]],"type":"Polygon","properties":{"GEOID":"240338014091"}},{"arcs":[[-312,934,935,-884,-932]],"type":"Polygon","properties":{"GEOID":"240338014061"}},{"arcs":[[-903,936,937,-626,-736]],"type":"Polygon","properties":{"GEOID":"240338008002"}},{"arcs":[[-712,-193,938,939,940,941,942,-1,-6,-611]],"type":"Polygon","properties":{"GEOID":"240338006071"}},{"arcs":[[943,-895,944]],"type":"Polygon","properties":{"GEOID":"240338012071"}},{"arcs":[[-375,-830,945,-762]],"type":"Polygon","properties":{"GEOID":"240338067101"}},{"arcs":[[-938,946,-627]],"type":"Polygon","properties":{"GEOID":"240338009002"}},{"arcs":[[-27,947,948,949,950,951,952]],"type":"Polygon","properties":{"GEOID":"240338012101"}},{"arcs":[[953,954,955,-275,-284,-280,-183,956]],"type":"Polygon","properties":{"GEOID":"240338050001"}},{"arcs":[[957,-861,-30,958,959]],"type":"Polygon","properties":{"GEOID":"240338005151"}},{"arcs":[[960,961,962,963]],"type":"Polygon","properties":{"GEOID":"240338005043"}},{"arcs":[[964,-963,965,966]],"type":"Polygon","properties":{"GEOID":"240338005051"}},{"arcs":[[967,-966,-962,968,-119,969,970]],"type":"Polygon","properties":{"GEOID":"240338005052"}},{"arcs":[[971,972,-957,-182,-283,973]],"type":"Polygon","properties":{"GEOID":"240338050002"}},{"arcs":[[-607,-340,974,975,-806,976]],"type":"Polygon","properties":{"GEOID":"240338013131"}},{"arcs":[[-930,977]],"type":"Polygon","properties":{"GEOID":"240338014092"}},{"arcs":[[-506,-512,978,-454]],"type":"Polygon","properties":{"GEOID":"240338024082"}},{"arcs":[[-285,-274,-299,-917,-748,-276]],"type":"Polygon","properties":{"GEOID":"240338048022"}},{"arcs":[[-816,-89,-725,-715]],"type":"Polygon","properties":{"GEOID":"240338059092"}},{"arcs":[[979,980,981]],"type":"Polygon","properties":{"GEOID":"240338067141"}},{"arcs":[[-503,-508,-465,-499,982]],"type":"Polygon","properties":{"GEOID":"240338025011"}},{"arcs":[[983,-814,-730,984,-955]],"type":"Polygon","properties":{"GEOID":"240338051011"}},{"arcs":[[-985,-729,-733,985,-300,-956]],"type":"Polygon","properties":{"GEOID":"240338051012"}},{"arcs":[[986,-972,987,988]],"type":"Polygon","properties":{"GEOID":"240338052011"}},{"arcs":[[989,990,-989,991]],"type":"Polygon","properties":{"GEOID":"240338052012"}},{"arcs":[[992,993,994]],"type":"Polygon","properties":{"GEOID":"240338052022"}},{"arcs":[[-150,-142,-810,995,996]],"type":"Polygon","properties":{"GEOID":"240338055002"}},{"arcs":[[997,998,999,1000,1001,-43]],"type":"Polygon","properties":{"GEOID":"240338021071"}},{"arcs":[[1002,1003,1004,-306,-931,-978,-929,-912]],"type":"Polygon","properties":{"GEOID":"240338014082"}},{"arcs":[[1005,1006,1007,1008,1009,-308,1010]],"type":"Polygon","properties":{"GEOID":"240338017012"}},{"arcs":[[-724,-873,-717,1011,1012,1013,1014]],"type":"Polygon","properties":{"GEOID":"240338059061"}},{"arcs":[[1015,-848,1016]],"type":"Polygon","properties":{"GEOID":"240338074102"}},{"arcs":[[1017,-838,1018,-846]],"type":"Polygon","properties":{"GEOID":"240338074092"}},{"arcs":[[1019,-945,-894,1020,-129,1021]],"type":"Polygon","properties":{"GEOID":"240338012172"}},{"arcs":[[1022,-131,1023,1024]],"type":"Polygon","properties":{"GEOID":"240338012092"}},{"arcs":[[-802,1025,-841,-843,-836,-799,-795]],"type":"Polygon","properties":{"GEOID":"240338074053"}},{"arcs":[[1026,1027,1028,1029,-999,1030]],"type":"Polygon","properties":{"GEOID":"240338021072"}},{"arcs":[[-1024,-130,-1021,-898,-176,1031]],"type":"Polygon","properties":{"GEOID":"240338012081"}},{"arcs":[[1032,1033,1034,1035,1036]],"type":"Polygon","properties":{"GEOID":"240338012112"}},{"arcs":[[1037,1038,1039,1040,1041]],"type":"Polygon","properties":{"GEOID":"240338001081"}},{"arcs":[[1042,1043,-940,1044]],"type":"Polygon","properties":{"GEOID":"240338006073"}},{"arcs":[[-361,1045,1046,1047,1048,1049,-114,1050,1051,-907,1052,-826]],"type":"Polygon","properties":{"GEOID":"240338004111"}},{"arcs":[[1053,-380,1054,1055,1056,1057,1058,1059]],"type":"Polygon","properties":{"GEOID":"240338007071"}},{"arcs":[[-952,1060,-1022,-128,1061,1062]],"type":"Polygon","properties":{"GEOID":"240338012162"}},{"arcs":[[1063,-352,-425,1064,-1001,1065]],"type":"Polygon","properties":{"GEOID":"240338021063"}},{"arcs":[[1066,-1014,1067,1068,-153]],"type":"Polygon","properties":{"GEOID":"240338059072"}},{"arcs":[[-1013,1069,-1068]],"type":"Polygon","properties":{"GEOID":"240338059071"}},{"arcs":[[1070,-35,-41,-858,-322,1071,1072,1073]],"type":"Polygon","properties":{"GEOID":"240338005072"}},{"arcs":[[1074,1075,1076,1077]],"type":"Polygon","properties":{"GEOID":"240338005171"}},{"arcs":[[-976,1078,1079,-863,1080,1081,-807]],"type":"Polygon","properties":{"GEOID":"240338013122"}},{"arcs":[[1082,-581,1083,1084,-641,-77]],"type":"Polygon","properties":{"GEOID":"240338002121"}},{"arcs":[[1085,-737,-629,1086,-615]],"type":"Polygon","properties":{"GEOID":"240338010032"}},{"arcs":[[1087,1088,-964,-965,1089,1090]],"type":"Polygon","properties":{"GEOID":"240338005041"}},{"arcs":[[1091,1092,-208,-896,-944,1093,-1035,1094]],"type":"Polygon","properties":{"GEOID":"240338012142"}},{"arcs":[[-951,1095,-1036,-1094,-1020,-1061]],"type":"Polygon","properties":{"GEOID":"240338012171"}},{"arcs":[[1096,-1037,-1096,-950]],"type":"Polygon","properties":{"GEOID":"240338012102"}},{"arcs":[[1097,-21,1098,-1033,-1097,-949]],"type":"Polygon","properties":{"GEOID":"240338012111"}},{"arcs":[[1099,1100,1101,1102,1103]],"type":"Polygon","properties":{"GEOID":"240338004012"}},{"arcs":[[-1044,1104,1105,1106,1107,-941]],"type":"Polygon","properties":{"GEOID":"240338006081"}},{"arcs":[[-1107,-1074,1108,1109,1110,1111]],"type":"Polygon","properties":{"GEOID":"240338006082"}},{"arcs":[[-334,1112,1113,1114,1115,1116]],"type":"Polygon","properties":{"GEOID":"240338017072"}},{"arcs":[[-410,-407,1117,1118,-542,1119,-709]],"type":"Polygon","properties":{"GEOID":"240338035211"}},{"arcs":[[1120,1121,1122,1123,1124,-395]],"type":"Polygon","properties":{"GEOID":"240338035252"}},{"arcs":[[-1124,1125,-710,1126,1127,1128]],"type":"Polygon","properties":{"GEOID":"240338035251"}},{"arcs":[[-1125,-1129,1129,1130,-400,-396]],"type":"Polygon","properties":{"GEOID":"240338035242"}},{"arcs":[[-1108,-1112,1131,-942]],"type":"Polygon","properties":{"GEOID":"240338006072"}},{"arcs":[[-367,1132,1133,-980,1134]],"type":"Polygon","properties":{"GEOID":"240338067131"}},{"arcs":[[-113,1135,1136,1137,-923,1138]],"type":"Polygon","properties":{"GEOID":"240338004101"}},{"arcs":[[-994,1139,1140,-815,-984,-954,-973,-987,-991,1141]],"type":"Polygon","properties":{"GEOID":"240338052021"}},{"arcs":[[1142,1143,1144,1145,1146]],"type":"Polygon","properties":{"GEOID":"240338015002"}},{"arcs":[[1147,1148,1149,-207,1150,1151]],"type":"Polygon","properties":{"GEOID":"240338019072"}},{"arcs":[[-345,-45,1152,1153,1154,1155,-204]],"type":"Polygon","properties":{"GEOID":"240338019051"}},{"arcs":[[-341,1156,1157,1158]],"type":"Polygon","properties":{"GEOID":"240338019082"}},{"arcs":[[-458,-740,-474,-466,-507]],"type":"Polygon","properties":{"GEOID":"240338024051"}},{"arcs":[[1159,1160,1161,1162,1163,-1137,1164]],"type":"Polygon","properties":{"GEOID":"240338004102"}},{"arcs":[[1165,-121,-325,1166]],"type":"Polygon","properties":{"GEOID":"240338005201"}},{"arcs":[[-1115,1167,1168,-910,1169]],"type":"Polygon","properties":{"GEOID":"240338017073"}},{"arcs":[[-379,1170,-2,-943,-1132,-1111,1171,1172,-901,1173,1174,-1055]],"type":"Polygon","properties":{"GEOID":"240338006051"}},{"arcs":[[1175,1176,-36,1177,1178,1179,1180,1181,-1076]],"type":"Polygon","properties":{"GEOID":"240338005172"}},{"arcs":[[-1059,1182,1183,-876,-1093,1184]],"type":"Polygon","properties":{"GEOID":"240338012141"}},{"arcs":[[1185,-13,1186,1187,-1174,-900]],"type":"Polygon","properties":{"GEOID":"240338007052"}},{"arcs":[[1188,-317,-215,1189,-904,-734,-1086]],"type":"Polygon","properties":{"GEOID":"240338010041"}},{"arcs":[[-927,1190,1191]],"type":"Polygon","properties":{"GEOID":"240338013101"}},{"arcs":[[-50,-864,1192,1193,-179,-613,1194]],"type":"Polygon","properties":{"GEOID":"240338013113"}},{"arcs":[[-127,-1023,1195,-1062]],"type":"Polygon","properties":{"GEOID":"240338012161"}},{"arcs":[[-339,1196,-1079,-975]],"type":"Polygon","properties":{"GEOID":"240338013132"}},{"arcs":[[1197,1198,-608,-977,-809,-326,1199]],"type":"Polygon","properties":{"GEOID":"240338013071"}},{"arcs":[[-996,-812,-813,-1141,1200]],"type":"Polygon","properties":{"GEOID":"240338055001"}},{"arcs":[[-1058,1201,-1183]],"type":"Polygon","properties":{"GEOID":"240338007061"}},{"arcs":[[1202,-22,-1098,1203,1204]],"type":"Polygon","properties":{"GEOID":"240338012122"}},{"arcs":[[-155,-752,1205,-147,1206]],"type":"Polygon","properties":{"GEOID":"240338056013"}},{"arcs":[[-310,1207,-1204,-948,-26,1208]],"type":"Polygon","properties":{"GEOID":"240338012132"}},{"arcs":[[-1080,-1197,-338,-953,-1063,1209,-181,1210,-1193]],"type":"Polygon","properties":{"GEOID":"240338013111"}},{"arcs":[[1211,-1160,1212,-1049]],"type":"Polygon","properties":{"GEOID":"240338004103"}},{"arcs":[[-771,-368,-1135,-982,1213,-831,-782,-774]],"type":"Polygon","properties":{"GEOID":"240338067142"}},{"arcs":[[1214,1215,1216,-971,1217,1218]],"type":"Polygon","properties":{"GEOID":"240338005133"}},{"arcs":[[1219,1220,1221,1222,1223,1224]],"type":"Polygon","properties":{"GEOID":"240338005141"}},{"arcs":[[1225,-1064,1226,-1029,1227]],"type":"Polygon","properties":{"GEOID":"240338021061"}},{"arcs":[[1228,1229,-1027]],"type":"Polygon","properties":{"GEOID":"240338021073"}},{"arcs":[[-457,1230,1231,-741]],"type":"Polygon","properties":{"GEOID":"240338024072"}},{"arcs":[[1232,1233,1234,1235,-1231,-456]],"type":"Polygon","properties":{"GEOID":"240338024071"}},{"arcs":[[1236,-463,-460,-451,-452,1237,-1235]],"type":"Polygon","properties":{"GEOID":"240338023011"}},{"arcs":[[-1131,1238,-444,-401]],"type":"Polygon","properties":{"GEOID":"240338035193"}},{"arcs":[[1239,-1167,-324,-862,-859]],"type":"Polygon","properties":{"GEOID":"240338005191"}},{"arcs":[[-1218,-970,-123,1240,1241,-960,1242]],"type":"Polygon","properties":{"GEOID":"240338005152"}},{"arcs":[[-1241,-122,-1166,1243]],"type":"Polygon","properties":{"GEOID":"240338005162"}},{"arcs":[[1244,-1243,-959,-37,-1177,1245]],"type":"Polygon","properties":{"GEOID":"240338005182"}},{"arcs":[[-696,-238,-61,-70,-71,-745]],"type":"Polygon","properties":{"GEOID":"240338032001"}},{"arcs":[[-792,-767,-835,-833,1246,1247,-365,-855,-103,-820,-852,1248]],"type":"Polygon","properties":{"GEOID":"240338067061"}},{"arcs":[[-707,-196,-539,-124]],"type":"Polygon","properties":{"GEOID":"240338035262"}},{"arcs":[[1249,-393,-553,1250,-1118,-406]],"type":"Polygon","properties":{"GEOID":"240338035203"}},{"arcs":[[-1025,-1032,-175,-1210,-1196]],"type":"Polygon","properties":{"GEOID":"240338012091"}},{"arcs":[[-1090,-967,-968,-1217,1251]],"type":"Polygon","properties":{"GEOID":"240338005131"}},{"arcs":[[1252,1253,-1091,-1252,-1216]],"type":"Polygon","properties":{"GEOID":"240338005132"}},{"arcs":[[-388,-385,-572,1254,-1039,1255]],"type":"Polygon","properties":{"GEOID":"240338001093"}},{"arcs":[[1256,-1101,1257,-320,-969,-961,-1089]],"type":"Polygon","properties":{"GEOID":"240338005042"}},{"arcs":[[-1223,1258,-1219,-1245,1259]],"type":"Polygon","properties":{"GEOID":"240338005134"}},{"arcs":[[-571,1260,1261,1262,1263,-1255]],"type":"Polygon","properties":{"GEOID":"240338001032"}},{"arcs":[[1264,1265,-875,-390,1266,-575,1267]],"type":"Polygon","properties":{"GEOID":"240338001052"}},{"arcs":[[-576,-1267,-389,-1256,-1038,-109]],"type":"Polygon","properties":{"GEOID":"240338001091"}},{"arcs":[[1268,1269,-579,1270,-1040,-1264,1271,1272,1273,-638]],"type":"Polygon","properties":{"GEOID":"240338002132"}},{"arcs":[[1274,-583,1275,-1265,1276,-573,-1083,1277]],"type":"Polygon","properties":{"GEOID":"240338002032"}},{"arcs":[[1278,1279,-1047,1280,1281]],"type":"Polygon","properties":{"GEOID":"240338002061"}},{"arcs":[[-360,1282,1283,-1281,-1046]],"type":"Polygon","properties":{"GEOID":"240338002062"}},{"arcs":[[-1272,-1263,1284,1285]],"type":"Polygon","properties":{"GEOID":"240338002091"}},{"arcs":[[-1286,1286,1287,1288,-1273]],"type":"Polygon","properties":{"GEOID":"240338002092"}},{"arcs":[[-1289,1289,1290,1291,-1274]],"type":"Polygon","properties":{"GEOID":"240338002101"}},{"arcs":[[1292,1293,1294,1295,-1291]],"type":"Polygon","properties":{"GEOID":"240338002102"}},{"arcs":[[-1285,-1262,1296,1297,-1287]],"type":"Polygon","properties":{"GEOID":"240338002111"}},{"arcs":[[-1290,-1288,-1298,1298,-1279,1299,1300,1301,-1293]],"type":"Polygon","properties":{"GEOID":"240338002112"}},{"arcs":[[-866,1302,1303,1304,-332,1305]],"type":"Polygon","properties":{"GEOID":"240338017043"}},{"arcs":[[1306,-1148,1307,1308,1309]],"type":"Polygon","properties":{"GEOID":"240338018011"}},{"arcs":[[-632,1310,-1158,1311,-1149,-1307,1312]],"type":"Polygon","properties":{"GEOID":"240338018022"}},{"arcs":[[-180,-1194,-1211]],"type":"Polygon","properties":{"GEOID":"240338013112"}},{"arcs":[[-808,-1082,1313,-327]],"type":"Polygon","properties":{"GEOID":"240338013081"}},{"arcs":[[-328,-1314,-1081,-738]],"type":"Polygon","properties":{"GEOID":"240338013082"}},{"arcs":[[1314,1315,1316,1317]],"type":"Polygon","properties":{"GEOID":"240338018081"}},{"arcs":[[-1317,1318,1319,1320,1321,1322]],"type":"Polygon","properties":{"GEOID":"240338018082"}},{"arcs":[[-1321,1323,-1309,1324,1325]],"type":"Polygon","properties":{"GEOID":"240338018083"}},{"arcs":[[-1151,-206,1326,1327,1328,-1007,1329]],"type":"Polygon","properties":{"GEOID":"240338019011"}},{"arcs":[[1330,-633,-1313,-1310,-1324,-1320]],"type":"Polygon","properties":{"GEOID":"240338018023"}},{"arcs":[[1331,-307,-1005,1332]],"type":"Polygon","properties":{"GEOID":"240338014081"}},{"arcs":[[-220,1333,-933,-886,-1199,1334,1335,1336]],"type":"Polygon","properties":{"GEOID":"240338014111"}},{"arcs":[[1337,-1336,1338,1339]],"type":"Polygon","properties":{"GEOID":"240338014112"}},{"arcs":[[-1340,1340,1341]],"type":"Polygon","properties":{"GEOID":"240338014102"}},{"arcs":[[-500,-473,1342,1343,1344,1345]],"type":"Polygon","properties":{"GEOID":"240338018071"}},{"arcs":[[1346,-1345,1347,-1318,-1323,1348]],"type":"Polygon","properties":{"GEOID":"240338018072"}},{"arcs":[[-1349,-1322,-1326,1349,-1303,-865,1350]],"type":"Polygon","properties":{"GEOID":"240338018073"}},{"arcs":[[1351,-1341,-1339,-1335,-1198,1352]],"type":"Polygon","properties":{"GEOID":"240338014101"}},{"arcs":[[-1146,-916,-221,-1337,-1338,-1342,-1352,1353]],"type":"Polygon","properties":{"GEOID":"240338014041"}},{"arcs":[[-914,-934,1354]],"type":"Polygon","properties":{"GEOID":"240338014052"}},{"arcs":[[1355,1356,1357,-1009]],"type":"Polygon","properties":{"GEOID":"240338019013"}},{"arcs":[[1358,-23,-1203,1359,-1358]],"type":"Polygon","properties":{"GEOID":"240338019014"}},{"arcs":[[-471,1360,-342,-1159,-1311,-631,1361,1362]],"type":"Polygon","properties":{"GEOID":"240338019081"}},{"arcs":[[-1156,1363,-431,1364,1365,1366,1367,-1327,-205]],"type":"Polygon","properties":{"GEOID":"240338019041"}},{"arcs":[[-1010,-1360,-1205,-1208,-309]],"type":"Polygon","properties":{"GEOID":"240338014071"}},{"arcs":[[-311,-1209,-25,1368,-935]],"type":"Polygon","properties":{"GEOID":"240338014073"}},{"arcs":[[1369,-1116,-1170,-909,-1145]],"type":"Polygon","properties":{"GEOID":"240338015001"}},{"arcs":[[-881,1370,-1143,1371]],"type":"Polygon","properties":{"GEOID":"240338016002"}},{"arcs":[[-1371,-880,-335,-1117,-1370,-1144]],"type":"Polygon","properties":{"GEOID":"240338016003"}},{"arcs":[[1372,-1328,-1368,-19,-1359,-1357]],"type":"Polygon","properties":{"GEOID":"240338019042"}},{"arcs":[[-469,1373,1374,-47,-344,1375]],"type":"Polygon","properties":{"GEOID":"240338020013"}},{"arcs":[[-470,-1376,-343,-1361]],"type":"Polygon","properties":{"GEOID":"240338020012"}},{"arcs":[[-476,-744,1376,1377,-468]],"type":"Polygon","properties":{"GEOID":"240338020021"}},{"arcs":[[1378,1379,-1374,-1378]],"type":"Polygon","properties":{"GEOID":"240338020023"}},{"arcs":[[-1232,-1236,-1238,-453,-353,-1226,1380,1381]],"type":"Polygon","properties":{"GEOID":"240338021031"}},{"arcs":[[-1011,-1332,1382]],"type":"Polygon","properties":{"GEOID":"240338017011"}},{"arcs":[[1383,1384,-1330,-1006,-1383,-1333,1385]],"type":"Polygon","properties":{"GEOID":"240338017021"}},{"arcs":[[-1386,-1004,1386]],"type":"Polygon","properties":{"GEOID":"240338017022"}},{"arcs":[[-867,-1306,-331,-879,1387]],"type":"Polygon","properties":{"GEOID":"240338017042"}},{"arcs":[[-1329,-1373,-1356,-1008]],"type":"Polygon","properties":{"GEOID":"240338019012"}},{"arcs":[[-1002,-1065,-424,-1364,-1155,1388,-1153,-44]],"type":"Polygon","properties":{"GEOID":"240338019061"}},{"arcs":[[-1389,-1154]],"type":"Polygon","properties":{"GEOID":"240338019062"}},{"arcs":[[1389,1390,1391,1392,1393,-1163]],"type":"Polygon","properties":{"GEOID":"240338004031"}},{"arcs":[[-1393,1394,1395]],"type":"Polygon","properties":{"GEOID":"240338004032"}},{"arcs":[[-827,-1053,-906,1396,1397,-557,-825]],"type":"Polygon","properties":{"GEOID":"240338004121"}},{"arcs":[[-1397,-908,-1052,-919,-314,1398]],"type":"Polygon","properties":{"GEOID":"240338004132"}},{"arcs":[[-1399,-313,-558,-1398]],"type":"Polygon","properties":{"GEOID":"240338004122"}},{"arcs":[[-1051,-1139,-925,1399,-1220,1400,-920]],"type":"Polygon","properties":{"GEOID":"240338004083"}},{"arcs":[[-924,1401,-1221,-1400]],"type":"Polygon","properties":{"GEOID":"240338004092"}},{"arcs":[[-1164,-1394,-1396,1402,-1215,-1259,-1222,-1402,-1138]],"type":"Polygon","properties":{"GEOID":"240338004093"}},{"arcs":[[-676,-654,-235,-699,-664]],"type":"Polygon","properties":{"GEOID":"240338037001"}},{"arcs":[[-887,-420,-569,-619,1403,1404]],"type":"Polygon","properties":{"GEOID":"240338036052"}},{"arcs":[[-1404,-618,-653,-869,-661,1405]],"type":"Polygon","properties":{"GEOID":"240338036101"}},{"arcs":[[-1405,-1406,-657,-888]],"type":"Polygon","properties":{"GEOID":"240338036102"}},{"arcs":[[-793,-1249,-889,-603,-870,-104]],"type":"Polygon","properties":{"GEOID":"240338066021"}},{"arcs":[[-1056,-1175,-1188,1406,-11,1407]],"type":"Polygon","properties":{"GEOID":"240338007041"}},{"arcs":[[1408,-14,-1186,-899,-1190]],"type":"Polygon","properties":{"GEOID":"240338007051"}},{"arcs":[[-1407,-1187,-12]],"type":"Polygon","properties":{"GEOID":"240338007043"}},{"arcs":[[-828,-823,1409,1410]],"type":"Polygon","properties":{"GEOID":"240338067113"}},{"arcs":[[-1410,-822,1411]],"type":"Polygon","properties":{"GEOID":"240338067111"}},{"arcs":[[-605,-675,1412,-687,-677,-92]],"type":"Polygon","properties":{"GEOID":"240338066012"}},{"arcs":[[-701,-694,-703,-705]],"type":"Polygon","properties":{"GEOID":"240338041012"}},{"arcs":[[-1162,1413,-1104,1414,-1390]],"type":"Polygon","properties":{"GEOID":"240338004011"}},{"arcs":[[-1415,-1103,1415,1416,-1391]],"type":"Polygon","properties":{"GEOID":"240338004021"}},{"arcs":[[-1395,-1392,-1417,1417,1418,-1253,-1403]],"type":"Polygon","properties":{"GEOID":"240338004022"}},{"arcs":[[1419,-1088,-1254,-1419]],"type":"Polygon","properties":{"GEOID":"240338004023"}},{"arcs":[[-1416,-1102,-1257,-1420,-1418]],"type":"Polygon","properties":{"GEOID":"240338004024"}},{"arcs":[[-1325,-1308,1420,1421,-1304,-1350]],"type":"Polygon","properties":{"GEOID":"240338017092"}},{"arcs":[[-1017,-847,-1019,-842,-1026,-801,1422]],"type":"Polygon","properties":{"GEOID":"240338074091"}},{"arcs":[[-102,-377,-765,1423,-817]],"type":"Polygon","properties":{"GEOID":"240338067103"}},{"arcs":[[-981,-1134,1424,-1247,-832,-1214]],"type":"Polygon","properties":{"GEOID":"240338067132"}},{"arcs":[[-872,-803,-798,1425,-718]],"type":"Polygon","properties":{"GEOID":"240338073052"}},{"arcs":[[-116,-521,-519,-524,1426,-1233,-455,-979,-511]],"type":"Polygon","properties":{"GEOID":"240338028031"}},{"arcs":[[-1268,-574,-1277]],"type":"Polygon","properties":{"GEOID":"240338001051"}},{"arcs":[[-764,-567,-850,-818,-1424]],"type":"Polygon","properties":{"GEOID":"240338067104"}},{"arcs":[[-1292,-1296,1427,1428,1429,-639]],"type":"Polygon","properties":{"GEOID":"240338002183"}},{"arcs":[[-1429,1430,1431,1432,1433,-358,1434]],"type":"Polygon","properties":{"GEOID":"240338002162"}},{"arcs":[[-1295,1435,-1431,-1428]],"type":"Polygon","properties":{"GEOID":"240338002181"}},{"arcs":[[1436,-1301,1437,1438,-1433]],"type":"Polygon","properties":{"GEOID":"240338002171"}},{"arcs":[[-1294,-1302,-1437,-1432,-1436]],"type":"Polygon","properties":{"GEOID":"240338002182"}},{"arcs":[[-1050,-1213,-1165,-1136,-112]],"type":"Polygon","properties":{"GEOID":"240338004104"}},{"arcs":[[-1120,-547,1439,1440,1441,-1127]],"type":"Polygon","properties":{"GEOID":"240338035143"}},{"arcs":[[-648,1442,-405,-905]],"type":"Polygon","properties":{"GEOID":"240338036082"}},{"arcs":[[-1179,1443,1444]],"type":"Polygon","properties":{"GEOID":"240338005221"}},{"arcs":[[1445,-1444,-1178,-1071,-1106,1446]],"type":"Polygon","properties":{"GEOID":"240338005222"}},{"arcs":[[1447,1448,1449,1450,-1095,-1034,-1099,-20,-1367]],"type":"Polygon","properties":{"GEOID":"240338011051"}},{"arcs":[[1451,1452,-593,-600,-681,-683,-692,-263,-163]],"type":"Polygon","properties":{"GEOID":"240338075003"}},{"arcs":[[1453,1454,-1450]],"type":"Polygon","properties":{"GEOID":"240338011063"}},{"arcs":[[-640,-1430,-1435,-357,-79]],"type":"Polygon","properties":{"GEOID":"240338002161"}},{"arcs":[[-1434,-1439,-1283,-359]],"type":"Polygon","properties":{"GEOID":"240338002172"}},{"arcs":[[-1109,-1073,1455,1456]],"type":"Polygon","properties":{"GEOID":"240338006092"}},{"arcs":[[1457,-706,-544,1458]],"type":"Polygon","properties":{"GEOID":"240338035284"}},{"arcs":[[-1426,-797,1459,-786,-791,-789,-301,-719]],"type":"Polygon","properties":{"GEOID":"240339800001"}},{"arcs":[[-1070,-1012,-721,-133,-1069]],"type":"Polygon","properties":{"GEOID":"240338059041"}},{"arcs":[[-65,-227,1460,1461,1462]],"type":"Polygon","properties":{"GEOID":"240338034033"}},{"arcs":[[-73,-537,-1463,1463,-1121,-394]],"type":"Polygon","properties":{"GEOID":"240338034031"}},{"arcs":[[-226,-230,-711,-1126,-1123,1464,-1461]],"type":"Polygon","properties":{"GEOID":"240338034034"}},{"arcs":[[-51,-1195,-617,1465,1466]],"type":"Polygon","properties":{"GEOID":"240338013103"}},{"arcs":[[-897,-878,-318,-1189,-614,-177]],"type":"Polygon","properties":{"GEOID":"240338010043"}},{"arcs":[[-1300,-1282,-1284,-1438]],"type":"Polygon","properties":{"GEOID":"240338002063"}},{"arcs":[[-1133,-366,-1248,-1425]],"type":"Polygon","properties":{"GEOID":"240338067133"}},{"arcs":[[-1130,-1128,-1442,-445,-1239]],"type":"Polygon","properties":{"GEOID":"240338035192"}},{"arcs":[[1467,1468,1469,-1459,-543]],"type":"Polygon","properties":{"GEOID":"240338035282"}},{"arcs":[[-286,-278,-747,1470]],"type":"Polygon","properties":{"GEOID":"240338048013"}},{"arcs":[[-1462,-1465,-1122,-1464]],"type":"Polygon","properties":{"GEOID":"240338034032"}},{"arcs":[[-647,-922,1471,-552,-391,-1250,-1443]],"type":"Polygon","properties":{"GEOID":"240338035163"}},{"arcs":[[-1377,-743,1472,-1379]],"type":"Polygon","properties":{"GEOID":"240338020024"}},{"arcs":[[-921,-548,-1472]],"type":"Polygon","properties":{"GEOID":"240338035162"}},{"arcs":[[-1244,-1240,-958,-1242]],"type":"Polygon","properties":{"GEOID":"240338005163"}},{"arcs":[[-555,-1078,1473,-1469]],"type":"Polygon","properties":{"GEOID":"240338035281"}},{"arcs":[[-87,-589,-594,-1453,1474,-294,-291,-726]],"type":"Polygon","properties":{"GEOID":"240338075001"}},{"arcs":[[-1455,1475,1476,-1365,-430,1477,-1060,-1185,-1092,-1451]],"type":"Polygon","properties":{"GEOID":"240338011061"}},{"arcs":[[-295,-1475,-1452,-162,-918,-297]],"type":"Polygon","properties":{"GEOID":"240338075002"}},{"arcs":[[1478,1479,-1246,-1176,-1075,-554]],"type":"Polygon","properties":{"GEOID":"240338005181"}},{"arcs":[[-1401,-1225,1480,-1479,-550]],"type":"Polygon","properties":{"GEOID":"240338005142"}},{"arcs":[[-1202,-1057,-1408,-15,-1409,-214,-16,-877,-1184]],"type":"Polygon","properties":{"GEOID":"240338007062"}},{"arcs":[[1481,-1182,1482,1483,-1045,-939,-192]],"type":"Polygon","properties":{"GEOID":"240338005211"}},{"arcs":[[1484,1485,-1447,-1105,-1043,-1484]],"type":"Polygon","properties":{"GEOID":"240338005214"}},{"arcs":[[1486,1487,-1421,-1152,-1385,1488,-1169]],"type":"Polygon","properties":{"GEOID":"240338017094"}},{"arcs":[[-472,-1363,1489,1490,1491,-1343]],"type":"Polygon","properties":{"GEOID":"240338018094"}},{"arcs":[[1492,-1491,1493,-634,-1331,-1319,-1316]],"type":"Polygon","properties":{"GEOID":"240338018092"}},{"arcs":[[-926,-1467,1494,-1191]],"type":"Polygon","properties":{"GEOID":"240338013102"}},{"arcs":[[-1181,1495,-1485,-1483]],"type":"Polygon","properties":{"GEOID":"240338005213"}},{"arcs":[[-845,1496,-756,-839,-1018]],"type":"Polygon","properties":{"GEOID":"240338074093"}},{"arcs":[[-1305,-1422,-1488,1497,-1113,-333]],"type":"Polygon","properties":{"GEOID":"240338017093"}},{"arcs":[[-1278,-76,-755,-891,1498]],"type":"Polygon","properties":{"GEOID":"240338074074"}},{"arcs":[[1499,-893,1500,-757,-1497,-844]],"type":"Polygon","properties":{"GEOID":"240338074075"}},{"arcs":[[-758,-1501,-892]],"type":"Polygon","properties":{"GEOID":"240338074071"}},{"arcs":[[-688,-1413,-667,-252,-690]],"type":"Polygon","properties":{"GEOID":"240338040011"}},{"arcs":[[-946,-829,-1411,-1412,-821,-562,-763]],"type":"Polygon","properties":{"GEOID":"240338067114"}},{"arcs":[[-1042,1501,-577,-110]],"type":"Polygon","properties":{"GEOID":"240338001083"}},{"arcs":[[-546,-753,-1440]],"type":"Polygon","properties":{"GEOID":"240338035142"}},{"arcs":[[-1084,-580,-1270,1502]],"type":"Polygon","properties":{"GEOID":"240338002131"}},{"arcs":[[-1489,-1384,-1387,-1003,-911]],"type":"Polygon","properties":{"GEOID":"240338017023"}},{"arcs":[[-136,-354,1503]],"type":"Polygon","properties":{"GEOID":"240338056023"}},{"arcs":[[-1085,-1503,-1269,-637]],"type":"Polygon","properties":{"GEOID":"240338002123"}},{"arcs":[[-1180,-1445,-1446,-1486,-1496]],"type":"Polygon","properties":{"GEOID":"240338005212"}},{"arcs":[[-1041,-1271,-578,-1502]],"type":"Polygon","properties":{"GEOID":"240338001082"}},{"arcs":[[1504,-96,-854]],"type":"Polygon","properties":{"GEOID":"240338067083"}},{"arcs":[[-1381,-1228,-1028,-1230,1505]],"type":"Polygon","properties":{"GEOID":"240338021074"}},{"arcs":[[1506,-995,-1142,-990]],"type":"Polygon","properties":{"GEOID":"240338052023"}},{"arcs":[[-915,-1355,-1334,-219]],"type":"Polygon","properties":{"GEOID":"240338014042"}},{"arcs":[[-751,-137,-1504,-355,-148,-1206]],"type":"Polygon","properties":{"GEOID":"240338056022"}},{"arcs":[[-526,-186,1507]],"type":"Polygon","properties":{"GEOID":"240338028042"}},{"arcs":[[-402,-447,-442,-171,-525]],"type":"Polygon","properties":{"GEOID":"240338028041"}},{"arcs":[[-760,-97,-1505,-853]],"type":"Polygon","properties":{"GEOID":"240338067084"}},{"arcs":[[-523,-513,-496,-527,-1508,-185,-462,-1237,-1234,-1427]],"type":"Polygon","properties":{"GEOID":"240338028033"}},{"arcs":[[-1224,-1260,-1480,-1481]],"type":"Polygon","properties":{"GEOID":"240338005143"}},{"arcs":[[-727,-289,-293,-986,-732]],"type":"Polygon","properties":{"GEOID":"240338060003"}},{"arcs":[[-1251,-556,-1468,-1119]],"type":"Polygon","properties":{"GEOID":"240338035212"}},{"arcs":[[-1473,-742,-1382,-1506,-1229,-1031,-998,-42,-1375,-1380]],"type":"Polygon","properties":{"GEOID":"240338020022"}},{"arcs":[[-1030,-1227,-1066,-1000]],"type":"Polygon","properties":{"GEOID":"240338021062"}},{"arcs":[[-287,-1471,-750,-271,1508]],"type":"Polygon","properties":{"GEOID":"240338048012"}},{"arcs":[[-787,-780,-1460]],"type":"Polygon","properties":{"GEOID":"240338070005"}},{"arcs":[[-1366,-1477,1509,-1448]],"type":"Polygon","properties":{"GEOID":"240338011052"}},{"arcs":[[-612,-10,-211,-381,-1054,-1478,-429]],"type":"Polygon","properties":{"GEOID":"240338007013"}},{"arcs":[[-1474,-1077,-1482,-191,-1458,-1470]],"type":"Polygon","properties":{"GEOID":"240338035283"}},{"arcs":[[-1441,-754,-200,-541,-245,-446]],"type":"Polygon","properties":{"GEOID":"240338035123"}},{"arcs":[[-1457,1510,-1172,-1110]],"type":"Polygon","properties":{"GEOID":"240338006091"}},{"arcs":[[-212,-8,-856,-3,-1171,-378]],"type":"Polygon","properties":{"GEOID":"240338006053"}},{"arcs":[[-1498,-1487,-1168,-1114]],"type":"Polygon","properties":{"GEOID":"240338017091"}},{"arcs":[[-1344,-1492,-1493,-1315,-1348]],"type":"Polygon","properties":{"GEOID":"240338018091"}},{"arcs":[[-1510,-1476,-1454,-1449]],"type":"Polygon","properties":{"GEOID":"240338011062"}},{"arcs":[[-1157,-346,-202,-1150,-1312]],"type":"Polygon","properties":{"GEOID":"240338019073"}},{"arcs":[[-1490,-1362,-630,-1494]],"type":"Polygon","properties":{"GEOID":"240338018093"}},{"arcs":[[-936,-1369,-24,-606,-885]],"type":"Polygon","properties":{"GEOID":"240338013053"}}]}}}