{"type":"Topology","arcs":[[[3614,4937],[54,4]],[[3668,4941],[53,2]],[[3721,4943],[4,-76],[11,-125],[2,-57],[-4,-23]],[[3734,4662],[-116,-5]],[[3618,4657],[10,31],[-5,114],[-9,135]],[[3108,6848],[125,7]],[[3233,6855],[91,4],[-5,119],[8,22],[22,17],[24,32]],[[3373,7049],[20,-16]],[[3393,7033],[10,-129],[-15,-43],[-3,-43],[-24,-34],[-42,-20]],[[3319,6764],[-32,9],[-103,-4]],[[3184,6769],[-72,-4]],[[3112,6765],[-4,83]],[[2094,6476],[31,38],[16,37],[32,104],[16,28],[40,37]],[[2229,6720],[83,39],[152,-46],[69,-12],[31,40],[20,10],[12,-27],[-1,-33],[53,-6],[17,3],[17,-45],[23,-40],[27,-26],[21,-12]],[[2753,6565],[20,-24],[50,-26],[74,-15],[53,-26],[44,-34]],[[2994,6440],[62,-63],[70,-143],[21,-50],[18,-76]],[[3165,6108],[18,-55]],[[3183,6053],[-45,-14],[-34,0],[-96,11]],[[3008,6050],[-97,-3],[-25,-5],[-62,-33],[-28,-18]],[[2796,5991],[-39,-14],[-50,-3],[-33,5],[-32,13],[-37,27],[-32,13],[-36,25],[-9,-9]],[[2528,6048],[-62,79],[-100,-93]],[[2366,6034],[-25,26],[-52,67]],[[2289,6127],[-70,123],[-48,88],[-61,104],[-16,34]],[[5,7690],[127,116],[65,63],[66,-36],[52,-37],[43,-24],[257,-185],[45,-40]],[[660,7547],[77,-55]],[[737,7492],[-32,-40],[-19,7],[-18,-40],[17,-9],[-34,-60]],[[651,7350],[-54,-8],[-155,-2],[-53,11],[-12,-40],[-48,13],[-29,-109]],[[300,7215],[-32,1],[-97,-163],[-19,-29],[-29,-18],[-13,-20]],[[110,6986],[-91,40]],[[19,7026],[-6,205],[1,163],[-5,236],[-4,60]],[[6357,4246],[146,8]],[[6503,4254],[6,-101],[-3,-77]],[[6506,4076],[4,-72]],[[6510,4004],[-92,-5],[-4,71],[-6,5],[-56,2],[-19,6],[17,41],[11,11],[-7,43],[3,68]],[[5425,4558],[98,5]],[[5523,4563],[6,-103],[3,-102]],[[5532,4358],[-96,-5]],[[5436,4353],[-2,51]],[[5434,4404],[-9,154]],[[5406,7015],[25,19],[122,127],[35,27]],[[5588,7188],[18,-36],[51,-49],[20,-29]],[[5677,7074],[-88,-74],[-11,-1],[-18,-97],[-5,-8],[-66,-54],[-26,16],[-41,8],[-14,8],[-10,26],[-3,54],[-6,19],[-24,27]],[[5365,6998],[41,17]],[[5234,6901],[51,69],[80,28]],[[5677,7074],[50,-113]],[[5727,6961],[86,-200]],[[5813,6761],[-97,-93]],[[5716,6668],[-101,-107],[-32,-37]],[[5583,6524],[-14,44],[-13,7],[-32,-14],[-41,-26],[-23,15],[0,26],[36,43],[6,34],[-12,29],[-36,28],[-119,62],[-50,39],[0,40],[8,20],[-21,16],[-38,14]],[[5810,7363],[31,30],[58,42]],[[5899,7435],[48,38]],[[5947,7473],[108,-165]],[[6055,7308],[-50,-55],[9,-26],[-125,-34]],[[5889,7193],[-16,51],[17,17],[-80,102]],[[6055,7308],[22,-36]],[[6077,7272],[53,-89],[39,-93]],[[6169,7090],[-79,-72]],[[6090,7018],[-74,78],[-51,-20],[3,-14],[-42,-11]],[[5926,7051],[-37,142]],[[5727,6961],[160,61],[-5,16],[44,13]],[[6090,7018],[-172,-157]],[[5918,6861],[-72,-66],[-33,-34]],[[5588,7188],[168,121],[54,54]],[[5396,7215],[66,92],[59,46]],[[5521,7353],[46,-37],[18,-46],[3,-82]],[[5406,7015],[-83,92],[73,108]],[[5069,7477],[69,-4],[76,11]],[[5214,7484],[15,-98],[16,-49],[74,-69],[77,-53]],[[5234,6901],[-39,14],[-24,28],[-10,26],[5,52],[18,91],[34,29]],[[5218,7141],[22,19],[-43,34],[-24,14],[-26,68],[-18,14],[-88,14],[1,45],[9,17],[13,54],[9,13],[-4,44]],[[5343,7491],[93,-54],[85,-84]],[[5214,7484],[100,16],[29,-9]],[[5561,7870],[58,-14]],[[5619,7856],[34,-20],[27,-26],[65,-87]],[[5745,7723],[-100,-156]],[[5645,7567],[-77,52],[-74,46]],[[5494,7665],[-27,17],[60,94],[12,-7],[22,101]],[[1894,6933],[142,-254]],[[2036,6679],[52,-93],[4,-30],[-11,-67]],[[2081,6489],[-39,69],[-36,-23],[-37,3],[-33,12]],[[1936,6550],[24,2],[63,38],[-71,122],[-41,-24],[-109,189]],[[1802,6877],[92,56]],[[2813,5361],[83,3]],[[2896,5364],[44,-108],[46,-106]],[[2986,5150],[-52,-2]],[[2934,5148],[-112,-5]],[[2822,5143],[-2,55]],[[2820,5198],[-7,163]],[[2474,5307],[-3,38],[65,3]],[[2536,5348],[5,-109]],[[2541,5239],[-98,-2],[7,-169]],[[2450,5068],[5,-123],[-88,-3]],[[2367,4942],[-5,181],[-29,-1]],[[2333,5122],[0,16],[17,61],[29,46],[27,26],[43,28],[25,8]],[[959,4546],[31,-17],[124,-100],[36,-27],[41,-12]],[[1191,4390],[87,-20],[91,-31],[135,-87],[22,-16]],[[1526,4236],[-2,-8]],[[1524,4228],[-230,46],[-32,2],[-257,-10]],[[1005,4266],[-43,-2]],[[962,4264],[-5,129],[7,16],[-5,137]],[[2516,2821],[-9,-74]],[[2507,2747],[-15,-78]],[[2492,2669],[-164,97],[-74,36],[-84,51]],[[2170,2853],[-8,110],[63,8],[-6,-38],[96,-46],[97,-24],[76,-36],[28,-6]],[[3951,1789],[29,79],[31,75],[39,106]],[[4050,2049],[183,-75]],[[4233,1974],[-72,-186]],[[4161,1788],[-4,6],[-149,-83]],[[4008,1711],[-57,78]],[[4185,6791],[167,0],[0,-78],[162,0]],[[4514,6713],[-1,-91]],[[4513,6622],[-107,-1]],[[4406,6621],[-277,1],[-133,-1]],[[3996,6621],[3,40],[66,-2],[0,40],[119,1],[1,91]],[[3956,6931],[76,1]],[[4032,6932],[0,-22],[113,14],[5,-14]],[[4150,6910],[32,-89],[3,-30]],[[3996,6621],[-37,0]],[[3959,6621],[0,9]],[[3959,6630],[-2,124]],[[3957,6754],[-1,177]],[[4150,6910],[167,0]],[[4317,6910],[174,-2],[10,1]],[[4501,6909],[11,-44],[2,-35],[0,-117]],[[3959,6473],[22,54],[54,-11],[4,-13],[87,-43],[141,-72]],[[4267,6388],[-49,-66],[-119,-149]],[[4099,6173],[-80,5]],[[4019,6178],[0,66],[39,0],[44,57],[6,17],[-150,57]],[[3958,6375],[1,98]],[[3955,6247],[2,62]],[[3957,6309],[1,66]],[[4019,6178],[-63,-2]],[[3956,6176],[-1,71]],[[4267,6388],[71,94],[60,106],[8,33]],[[4513,6622],[3,-25],[19,-25],[25,-57]],[[4560,6515],[-110,-140]],[[4450,6375],[-43,-55]],[[4407,6320],[-63,-79],[-77,-101]],[[4267,6140],[-73,19],[-95,14]],[[4738,6569],[145,2],[39,-14]],[[4922,6557],[-59,-97],[-48,-72],[-46,-44]],[[4769,6344],[8,45],[-5,20],[-31,58],[-6,41]],[[4735,6508],[3,61]],[[4513,6622],[226,1]],[[4739,6623],[-1,-54]],[[4735,6508],[-149,0],[-22,-6]],[[4564,6502],[-4,13]],[[4769,6344],[-56,-49],[-26,-32]],[[4687,6263],[-9,15],[-47,49],[-28,36],[-14,35],[-25,104]],[[4687,6263],[-40,-49]],[[4647,6214],[-15,13],[-182,148]],[[4407,6320],[66,-54]],[[4473,6266],[-66,-78],[-41,-53],[47,-39]],[[4413,6096],[-146,44]],[[2364,8248],[76,25],[91,21]],[[2531,8294],[36,-138],[30,-102],[47,-179]],[[2644,7875],[50,-217]],[[2694,7658],[68,-277]],[[2762,7381],[-78,69]],[[2684,7450],[-37,22],[-62,13],[-92,-10]],[[2493,7475],[32,214],[-6,59],[-51,158],[-24,45],[-34,44],[-22,59],[-13,75],[-12,99],[1,20]],[[2844,4613],[169,10]],[[3013,4623],[190,12]],[[3203,4635],[45,-1]],[[3248,4634],[-12,-60],[2,-31]],[[3238,4543],[-41,-11],[-179,-10],[-2,51],[-169,-11]],[[2847,4562],[-3,51]],[[3238,4543],[19,-56]],[[3257,4487],[-58,-3]],[[3199,4484],[-178,-10],[-170,-11]],[[2851,4463],[-4,99]],[[2559,4882],[110,6]],[[2669,4888],[164,9]],[[2833,4897],[4,-95]],[[2837,4802],[-165,-9],[5,-127],[55,3],[3,-62]],[[2735,4607],[-55,-3]],[[2680,4604],[-109,-8]],[[2571,4596],[-9,194]],[[2562,4790],[-3,92]],[[2503,4592],[68,4]],[[2680,4604],[8,-151]],[[2688,4453],[1,-49]],[[2689,4404],[-176,-9]],[[2513,4395],[-10,197]],[[2162,4700],[107,6],[5,-126]],[[2274,4580],[-130,-5]],[[2144,4575],[-101,-7]],[[2043,4568],[-36,65],[77,55],[17,8],[61,4]],[[1621,4902],[117,7]],[[1738,4909],[69,2]],[[1807,4911],[1,-26],[28,-25],[35,-13],[152,8]],[[2023,4855],[119,4]],[[2142,4859],[3,-95],[17,-64]],[[2043,4568],[-136,-8],[-23,-4]],[[1884,4556],[-16,2],[-43,32],[-37,48],[-43,99],[-27,42],[-49,51],[-33,19],[-12,15],[-3,38]],[[3026,3653],[52,-12],[130,-39],[12,4],[74,-21],[28,-1]],[[3322,3584],[-9,-17],[17,-30],[-22,-12],[-19,-30],[-14,-62],[68,-6],[59,0],[19,-251]],[[3421,3176],[-54,25],[-186,-97],[-23,8],[-72,-65],[-32,9]],[[3054,3056],[-37,44],[-25,-93],[-11,-59],[-17,-140],[1,-59],[7,-27],[30,-64]],[[3002,2658],[-87,132],[-82,130],[-81,123],[-31,36],[-36,32],[-42,28]],[[2643,3139],[57,96],[44,-9],[52,115],[147,-68],[5,54],[2,86],[8,96],[20,73],[21,38],[27,33]],[[2320,3346],[78,83],[56,65],[5,27],[-89,81]],[[2370,3602],[118,133]],[[2488,3735],[194,-22],[128,-16],[67,-14]],[[2877,3683],[-124,-128],[-214,-217],[-91,-91],[-56,-60]],[[2392,3187],[-30,2],[-31,16],[-19,38],[8,103]],[[3757,2216],[132,-19],[44,-4],[63,0],[-13,-31],[62,11],[132,12],[100,7],[38,-8],[154,-55],[28,-11]],[[4497,2118],[-51,-132],[-34,-83]],[[4412,1903],[-61,25]],[[4351,1928],[-118,46]],[[4050,2049],[-148,60],[-26,7],[-59,24],[-40,10],[-59,7]],[[3718,2157],[39,59]],[[3603,2030],[115,127]],[[3951,1789],[-80,89],[-134,78],[-97,51],[-37,23]],[[4412,1903],[76,-29]],[[4488,1874],[-85,-213]],[[4403,1661],[-116,47],[-21,2]],[[4266,1710],[6,71],[41,47],[20,48],[18,52]],[[4161,1788],[35,-67],[46,-83]],[[4242,1638],[84,-165]],[[4326,1473],[25,-54],[-52,-79]],[[4299,1340],[-117,150],[-42,62],[-85,93],[-20,34],[-27,32]],[[4266,1710],[-24,-72]],[[4684,1795],[71,-28],[6,-20],[39,-25],[15,-29],[12,-153]],[[4827,1540],[-123,-9],[2,-39],[-53,-3],[5,36],[-33,5]],[[4625,1530],[7,16],[29,25],[-11,153],[37,43],[-3,28]],[[5436,7575],[58,90]],[[5645,7567],[-9,-14]],[[5636,7553],[-16,-24],[-47,-86],[-34,-70],[-18,-20]],[[5343,7491],[59,17],[14,-3],[20,70]],[[5120,7736],[92,-78],[3,-37],[45,15],[14,-13],[162,-48]],[[5069,7477],[-8,24],[-8,63],[7,35],[-10,30],[-25,26],[17,26],[36,14],[30,21],[12,20]],[[5371,7913],[104,-24]],[[5475,7889],[86,-19]],[[5120,7736],[43,-17],[15,-16],[30,11],[-1,52],[-22,51],[6,23],[84,8],[33,-7],[18,9],[45,63]],[[5636,7553],[119,-74],[8,-12],[54,-50],[28,29],[29,20],[25,-31]],[[6434,7735],[85,53],[18,22],[11,84]],[[6548,7894],[88,5],[127,-45],[56,-46]],[[6819,7808],[35,-32]],[[6854,7776],[-164,-191]],[[6690,7585],[-88,-102],[-93,-85]],[[6509,7398],[-55,56],[-6,15],[80,196],[-43,2],[-51,68]],[[6082,7560],[23,12],[77,13],[27,10],[103,66]],[[6312,7661],[122,74]],[[6509,7398],[-42,-39]],[[6467,7359],[-32,-29]],[[6435,7330],[-37,38],[-8,26],[-14,10],[-42,-1],[-37,13],[-23,19]],[[6274,7435],[-67,55],[-125,70]],[[6077,7272],[54,49],[8,-18],[135,132]],[[6435,7330],[-71,-64]],[[6364,7266],[-26,-25],[-139,-125]],[[6199,7116],[-30,-26]],[[5947,7473],[135,87]],[[6339,7918],[40,-14],[45,-6]],[[6424,7898],[76,-7],[48,3]],[[6312,7661],[-122,92]],[[6190,7753],[98,60],[17,19],[30,57],[4,29]],[[6080,7768],[58,-45],[52,30]],[[5947,7473],[-81,126]],[[5866,7599],[51,93],[28,-43],[113,102],[22,17]],[[5745,7723],[136,204]],[[5881,7927],[192,-156],[7,-3]],[[5866,7599],[-45,54],[-59,48],[-17,22]],[[4413,6096],[110,-35]],[[4523,6061],[-60,-77]],[[4463,5984],[-59,-73]],[[4404,5911],[-43,-66]],[[4361,5845],[-64,46],[-137,113],[-31,-42]],[[4129,5962],[-114,102],[14,18],[-30,25],[-42,-2]],[[3957,6105],[-1,71]],[[3956,5767],[92,6]],[[4048,5773],[116,9],[185,12]],[[4349,5794],[34,2]],[[4383,5796],[7,-127]],[[4390,5669],[-75,-3],[-14,-55],[-128,-5],[11,-162]],[[4184,5444],[-178,-9]],[[4006,5435],[-20,106],[-26,158],[-4,68]],[[4326,1473],[23,55]],[[4349,1528],[57,-21],[28,49],[6,26],[33,-13],[26,4],[58,2],[10,-47],[58,2]],[[4827,1540],[4,-78],[21,-285],[-63,-4],[-3,38],[-59,-6],[-2,28],[-58,-5],[-5,27],[-62,-8],[-70,-3],[-71,-38],[-35,-14]],[[4424,1192],[-125,148]],[[4488,1874],[196,-79]],[[4349,1528],[54,133]],[[6854,7776],[44,52],[74,82],[76,87]],[[7048,7997],[-1,-193],[13,-52],[-5,-49]],[[7055,7703],[-147,14],[16,-220],[18,-109]],[[6942,7388],[-35,-8],[-9,24],[-69,72],[-35,23],[28,31],[-37,22],[-79,23],[-16,10]],[[6691,7051],[126,126],[51,15],[-21,90],[-12,5]],[[6835,7287],[121,23]],[[6956,7310],[91,9]],[[7047,7319],[4,-303]],[[7051,7016],[-49,-13],[-16,16],[-11,30],[-27,15],[-52,6],[-85,-13]],[[6811,7057],[-62,-11],[-58,5]],[[6467,7359],[23,-22],[92,-24],[12,43],[63,-18],[-13,-42],[147,-42],[44,33]],[[6691,7051],[-18,6],[-46,42]],[[6627,7099],[-15,22],[-18,63],[-49,26],[-28,31],[-33,22],[-20,22],[-13,30],[-16,15]],[[6942,7388],[14,-78]],[[6729,8708],[-97,124]],[[6632,8832],[202,0],[112,5],[101,-7],[0,-296],[4,-25],[-4,-96],[2,-132],[-2,-60],[0,-174]],[[7047,8047],[-213,73]],[[6834,8120],[16,44],[28,90],[-36,-33],[0,55],[-82,31],[-8,136],[-123,60],[181,96],[-81,109]],[[6486,8836],[69,-4],[77,0]],[[6729,8708],[-10,-57],[-86,-130],[-10,-19]],[[6623,8502],[-275,126]],[[6348,8628],[138,208]],[[6834,8120],[-37,10],[-60,4],[-56,27]],[[6681,8161],[-189,89]],[[6492,8250],[49,64],[54,127],[28,61]],[[6324,8594],[24,34]],[[6492,8250],[-142,67]],[[6350,8317],[-160,76]],[[6190,8393],[134,201]],[[7047,8047],[1,-50]],[[6819,7808],[9,15],[-10,115],[-51,-5],[-49,10],[3,49],[-71,11],[-16,8],[0,22],[15,33],[32,95]],[[6424,7898],[7,83],[-4,29],[-17,49],[1,14],[81,177]],[[6339,7918],[-150,53]],[[6189,7971],[41,74],[57,70],[-20,16],[83,186]],[[5720,8246],[57,126]],[[5777,8372],[36,-18],[116,2]],[[5929,8356],[10,-153],[7,-74],[12,-85]],[[5958,8044],[-50,-76]],[[5908,7968],[-55,51],[-93,115],[-67,3]],[[5693,8137],[4,57],[23,52]],[[5619,7856],[85,111],[-30,39],[30,68],[-14,3]],[[5690,8077],[3,60]],[[5908,7968],[-27,-41]],[[5367,7995],[11,4],[10,111],[7,39],[3,95],[107,-12],[2,28]],[[5507,8260],[22,-13],[101,-9],[90,8]],[[5690,8077],[-163,9],[-27,-33],[-5,-16],[-3,-106],[-9,-7],[-8,-35]],[[5371,7913],[10,52],[-14,30]],[[5350,8479],[27,16],[24,-1]],[[5401,8494],[-2,-36],[120,-7]],[[5519,8451],[-5,-76],[-21,1],[-7,-99],[21,-17]],[[5367,7995],[7,76],[-18,49],[12,105],[-1,61],[-12,153],[-5,40]],[[5519,8451],[49,1],[47,-22],[52,-8],[110,-50]],[[5595,8832],[211,5]],[[5806,8837],[5,-14],[-1,-71],[-9,-133],[-24,-54]],[[5777,8565],[-3,-5],[-105,51],[-68,29]],[[5601,8640],[-1,106],[4,47],[-9,39]],[[4179,5144],[139,6],[-3,55],[36,2],[-2,69]],[[4349,5276],[60,3]],[[4409,5279],[9,-177]],[[4418,5102],[-96,-4]],[[4322,5098],[-155,-8]],[[4167,5090],[12,54]],[[4134,5266],[146,8],[69,2]],[[4179,5144],[-56,-3],[19,37],[-7,25],[-1,63]],[[3756,5495],[71,-4],[28,-9],[15,-15],[14,-38]],[[3884,5429],[-6,-56]],[[3878,5373],[-115,-4]],[[3763,5369],[-7,126]],[[3763,5369],[6,-123]],[[3769,5246],[3,-69]],[[3772,5177],[-115,-5]],[[3657,5172],[-25,110],[-32,-7],[-4,32]],[[3596,5307],[14,54],[153,8]],[[3612,7136],[45,8],[47,17],[52,26],[46,31],[46,41],[18,-19],[41,-27],[46,-13]],[[3953,7200],[2,-57]],[[3955,7143],[1,-212]],[[3957,6754],[-34,2],[-66,25],[-37,23],[-39,37],[-37,-1],[-49,-57]],[[3695,6783],[-2,-3]],[[3693,6780],[-66,51]],[[3627,6831],[-7,166]],[[3620,6997],[-8,139]],[[557,8471],[94,154],[21,82]],[[672,8707],[80,-16],[33,7],[54,26],[43,10],[73,6],[34,14],[20,-39],[26,2],[70,52],[29,6]],[[1134,8775],[10,-33],[47,-64]],[[1191,8678],[-172,-4],[6,-175],[-32,-18],[-106,-16],[-36,-32]],[[851,8433],[-39,68],[-41,20],[-22,-2],[-81,-34],[-65,-11],[-46,-3]],[[335,8831],[108,-4]],[[443,8827],[0,-64],[6,-15],[77,-145],[-14,-53],[-22,-36],[-39,-43],[-62,-62]],[[389,8409],[-52,55]],[[337,8464],[43,43],[-39,43],[26,31],[-2,18],[-74,86],[-16,33],[26,9],[1,37],[33,5],[0,62]],[[8,8823],[117,4],[120,0],[90,4]],[[337,8464],[-157,166]],[[180,8630],[-172,193]],[[443,8827],[125,2],[172,-1]],[[740,8828],[-10,-49],[-52,-49],[-6,-23]],[[557,8471],[-47,-73],[-55,-58]],[[455,8340],[-66,69]],[[740,8828],[145,-1],[195,1],[51,9]],[[1131,8837],[3,-62]],[[1131,8837],[129,-2],[32,-9]],[[1292,8826],[6,-40],[19,-76],[26,-54],[59,-69],[45,-44],[30,-74],[3,-19]],[[1480,8450],[-25,35],[-23,22],[-27,-26],[-35,-15],[-20,2],[-50,34],[-33,-52],[-98,65]],[[1169,8515],[68,106],[-46,57]],[[1480,8450],[2,-4]],[[1482,8446],[-20,-20],[-20,-8],[-8,-23],[-26,-15],[-17,-24],[-66,-28],[-38,-20],[-43,-3],[-25,14],[-84,16],[-39,1],[-49,-5],[-72,14]],[[975,8345],[47,39],[49,52],[98,79]],[[3532,7234],[79,-61],[1,-37]],[[3620,6997],[-90,-5]],[[3530,6992],[-9,221],[11,21]],[[3714,6367],[98,4]],[[3812,6371],[81,5],[65,-1]],[[3957,6309],[-66,1],[-174,-8]],[[3717,6302],[-3,65]],[[3720,6237],[98,5],[137,5]],[[3956,6176],[-63,-3],[-1,7],[-170,-9]],[[3722,6171],[-2,66]],[[3957,6105],[-1,-94]],[[3956,6011],[-69,2],[0,14],[-156,-7]],[[3731,6020],[-9,151]],[[3956,6011],[-1,-59]],[[3955,5952],[-66,-4],[1,-28],[-57,-2],[3,-51],[-98,-6]],[[3738,5861],[-6,106]],[[3732,5967],[-1,53]],[[3651,6363],[63,4]],[[3717,6302],[3,-65]],[[3720,6237],[-168,-9]],[[3552,6228],[-2,64],[-6,68]],[[3544,6360],[31,-2],[76,5]],[[3732,5967],[-166,-11]],[[3566,5956],[-14,272]],[[3341,6515],[14,-24],[56,35],[22,-5],[37,-52],[57,-32],[15,-33],[2,-44]],[[3544,6360],[-188,-115],[-47,-2]],[[3309,6243],[3,206],[7,32],[22,34]],[[3287,6246],[22,-3]],[[3552,6228],[-35,-10],[-146,-87],[-84,115]],[[1482,8446],[7,-11]],[[1489,8435],[-41,-31],[-57,-63],[-93,-62],[-43,-32]],[[1255,8247],[-48,-35],[-99,-66]],[[1108,8146],[-99,-67],[-103,-72]],[[906,8007],[-56,37]],[[850,8044],[26,41],[38,29],[-47,60],[47,46],[50,36],[-15,11],[-20,33],[46,45]],[[851,8433],[-7,-5],[27,-37],[47,-24],[57,-22]],[[850,8044],[-116,74],[-56,38]],[[678,8156],[-104,71]],[[574,8227],[-45,34],[-74,79]],[[13,8362],[102,-94],[31,-31]],[[146,8237],[32,-34]],[[178,8203],[-97,-102],[-58,-54],[-12,-20]],[[11,8027],[-4,31],[0,57],[5,38],[-7,42],[4,51],[-2,36],[6,80]],[[178,8203],[122,-123],[52,-49]],[[352,8031],[135,-124]],[[487,7907],[140,-128]],[[627,7779],[136,-124]],[[763,7655],[-103,-108]],[[5,7690],[7,76],[-6,34],[7,105],[-2,122]],[[300,7215],[29,-9],[34,-34],[106,-114],[66,-51]],[[535,7007],[-113,-152]],[[422,6855],[-95,39]],[[327,6894],[-88,36]],[[239,6930],[-89,37],[-40,19]],[[651,7350],[28,0],[1,-153]],[[680,7197],[0,-53],[-46,1],[-8,-16],[-91,-122]],[[5,6302],[39,40],[22,119],[16,23],[39,24],[35,38],[19,4],[12,-45],[95,-31],[-11,39]],[[271,6513],[157,48],[25,27]],[[453,6588],[40,-7],[5,31],[117,6]],[[615,6618],[-33,-86],[113,-46],[-19,-47],[151,-59]],[[827,6380],[-167,-66],[-214,-98]],[[446,6216],[-68,-36]],[[378,6180],[-107,123],[-150,-11],[-120,-51]],[[1,6241],[4,61]],[[3165,6108],[40,41],[43,62],[39,35]],[[3566,5956],[4,-102],[5,-86],[-1,-24]],[[3574,5744],[-152,-5]],[[3422,5739],[-89,75],[-89,122]],[[3244,5936],[-31,46],[-30,71]],[[3107,5880],[67,3],[70,53]],[[3422,5739],[-32,0],[-151,-14]],[[3239,5725],[-7,116],[-124,-7]],[[3108,5834],[-1,46]],[[3098,5773],[12,7],[-2,54]],[[3239,5725],[-76,-4]],[[3163,5721],[-87,-6]],[[3076,5715],[-21,26],[43,32]],[[2965,5908],[54,-74],[22,15],[57,-76]],[[3076,5715],[-57,-2]],[[3019,5713],[-9,0]],[[3010,5713],[-108,147]],[[2902,5860],[63,48]],[[3009,5918],[97,1],[1,-39]],[[2965,5908],[44,10]],[[2732,5924],[147,-194],[11,-18]],[[2890,5712],[-52,-4]],[[2838,5708],[-9,23],[-34,45],[-27,-20],[-171,186]],[[2597,5942],[36,46],[69,-89],[30,25]],[[2528,5860],[69,82]],[[2838,5708],[-2,0]],[[2836,5708],[-160,-8]],[[2676,5700],[-112,123]],[[2564,5823],[-36,37]],[[2435,5960],[93,88]],[[2796,5991],[-1,-11],[-33,-25]],[[2762,5955],[-30,-31]],[[2528,5860],[-93,100]],[[3184,6769],[9,-213]],[[3193,6556],[-114,-6]],[[3079,6550],[-1,61],[-10,21],[51,3],[-7,130]],[[2950,6838],[103,6]],[[3053,6844],[55,4]],[[3079,6550],[-18,-1],[-6,-25],[-20,-41],[-16,-1]],[[3019,6482],[18,33],[4,25],[-50,111],[-22,108],[-19,79]],[[2080,4289],[76,64]],[[2156,4353],[54,41],[177,79]],[[2387,4473],[3,-82]],[[2390,4391],[4,-90]],[[2394,4301],[-106,-46]],[[2288,4255],[-154,-65]],[[2134,4190],[-18,54],[-36,45]],[[1502,4897],[90,4]],[[1592,4901],[29,1]],[[1884,4556],[49,-6],[57,-22],[26,-28],[10,-21],[-2,-30],[-12,-45],[-14,-81],[5,-25],[33,-47]],[[2036,4251],[-45,-37],[23,-47],[35,-84]],[[2049,4083],[42,-102]],[[2091,3981],[-29,-35],[-11,-24],[-37,-10],[-16,11],[-48,70],[-13,6],[-28,-8]],[[1909,3991],[-7,29],[-22,38],[-57,-28],[-56,29],[-90,1],[-3,138],[10,-2],[-2,140],[-5,108]],[[1677,4444],[1,56],[-64,97],[-95,-93]],[[1519,4504],[-9,212]],[[1510,4716],[-3,50],[-5,131]],[[5,6552],[26,29],[95,46],[50,14],[53,20]],[[229,6661],[42,-148]],[[5,6302],[0,250]],[[239,6930],[-82,-203],[58,-24],[14,-42]],[[5,6552],[0,129],[-4,116],[1,140],[17,89]],[[327,6894],[-42,-105],[89,-36],[49,-170],[30,5]],[[422,6855],[192,-79],[55,-24]],[[669,6752],[-54,-134]],[[12,5435],[34,46],[27,53],[70,150],[10,27]],[[153,5711],[68,-23],[170,-12],[95,1],[45,-59],[74,-4],[49,18],[46,31],[20,2],[41,-33],[64,-16],[22,-22],[25,-10]],[[872,5584],[50,-95],[14,-16],[37,-12]],[[973,5461],[-17,-24],[-27,16],[-30,-6],[-48,1]],[[851,5448],[-36,-5],[-17,-17],[-22,-5],[-78,18],[-35,-4],[-21,-48],[24,-48],[3,-18],[-23,-28]],[[646,5293],[-32,4],[-37,-5],[-32,-28],[-42,4],[-9,20],[-36,5],[-38,-9],[-20,-28],[-59,-30],[-5,-34],[-10,-14],[-27,-6],[-42,5],[-41,-10],[-23,34],[2,45],[42,58],[-17,24],[-34,17],[-65,17],[-27,-3],[-25,-28],[-17,-3],[-39,12]],[[13,5340],[-1,95]],[[378,6180],[-84,-51]],[[294,6129],[-30,-23],[-19,-37],[2,-65],[-6,-37],[-32,-93],[-23,-74],[-33,-89]],[[12,5435],[1,140],[-5,44],[6,83],[-3,80],[5,39],[3,325],[-18,95]],[[294,6129],[24,-28],[8,-22],[9,-67],[32,-28],[34,1],[32,22],[12,44],[41,18],[39,4],[41,-10],[9,-37],[-3,-74],[14,-14],[95,-10],[50,-8],[47,-31],[45,-47],[11,-26]],[[834,5816],[0,-39],[-15,-65],[1,-39],[10,-21],[42,-68]],[[827,6380],[5,2]],[[832,6382],[34,-79]],[[866,6303],[-16,-7],[-21,-46]],[[829,6250],[-3,-39],[-48,-39],[-61,-35],[-20,-19],[-46,14],[-33,0],[-35,17],[-46,34],[-17,-18],[-30,14],[-59,-9],[15,46]],[[3738,5861],[6,-111]],[[3744,5750],[-170,-6]],[[4592,5808],[78,5]],[[4670,5813],[5,-130],[-76,-2]],[[4599,5681],[-7,127]],[[2896,5364],[71,66],[19,21]],[[2986,5451],[151,-159]],[[3137,5292],[-43,-42]],[[3094,5250],[-106,-103]],[[2988,5147],[-2,3]],[[3193,6556],[114,4],[34,-45]],[[2994,6440],[25,42]],[[3216,7182],[35,-16],[70,-80],[52,-37]],[[3233,6855],[-12,216]],[[3221,7071],[-5,111]],[[2982,7300],[20,-23],[40,-32],[22,-24],[16,-28],[20,-15],[26,-4],[90,8]],[[3221,7071],[-159,-8],[-20,4]],[[3042,7067],[-15,76],[-20,61],[-25,96]],[[3042,7067],[11,-223]],[[2950,6838],[-8,29]],[[2942,6867],[-37,163],[-29,61]],[[2876,7091],[24,13],[25,-2],[117,-35]],[[2762,7381],[43,-15],[59,9],[87,40],[1,-8]],[[2952,7407],[9,-63],[21,-44]],[[2876,7091],[-41,74],[-43,101]],[[2792,7266],[-30,115]],[[2684,7450],[-4,-26],[8,-31],[-55,13],[-49,38],[-28,-46],[-13,-62],[21,-27],[-15,-48]],[[2549,7261],[-12,-34],[-1,-21],[20,-39],[44,9],[20,-37],[50,20],[54,9],[28,-4],[17,-35],[-56,-27],[9,-17],[-36,-21],[16,-32],[40,19],[16,-20]],[[2758,7031],[-164,-85]],[[2594,6946],[-111,193],[-11,64],[14,101],[3,108],[4,63]],[[2792,7266],[-93,-38],[-14,56],[-100,-28],[-36,5]],[[2876,7091],[-118,-60]],[[1522,4426],[138,4],[17,14]],[[1909,3991],[-47,-11],[-16,2],[-32,-15],[-12,-36],[-49,45],[-30,10],[-44,-13],[-33,5],[-13,-23],[-24,0],[-37,18],[-23,2]],[[1549,3975],[-3,189],[-22,64]],[[1526,4236],[2,20],[-3,121],[-3,49]],[[5777,8565],[90,-42],[78,-29]],[[5945,8494],[-14,-41],[-2,-97]],[[5401,8494],[-3,39],[-11,32],[72,19],[143,3],[-1,53]],[[5806,8837],[93,-7],[94,2],[76,-6],[17,4],[146,2],[56,-2]],[[6288,8830],[-22,-38],[-34,-24],[-69,-24],[-84,-53]],[[6079,8691],[-50,-32],[-38,-37],[-23,-71],[-23,-57]],[[4801,8816],[82,12],[76,4],[65,0]],[[5024,8832],[-81,-181]],[[4943,8651],[-41,15],[-162,25]],[[4740,8691],[10,42],[51,83]],[[4531,8675],[54,-6],[66,20],[35,7],[54,-5]],[[4943,8651],[-57,-125]],[[4886,8526],[-56,1],[-77,12],[-65,15]],[[4688,8554],[-105,20]],[[4583,8574],[-45,-2],[-32,-8]],[[4506,8564],[-1,55],[13,60],[13,-4]],[[4439,8820],[11,-4],[-14,-35],[71,-30],[26,-59],[-2,-17]],[[4506,8564],[-154,-45]],[[4352,8519],[-20,56]],[[4332,8575],[-18,58],[6,33],[-7,16],[80,53],[36,34],[10,23],[0,28]],[[4439,8820],[83,3],[256,1],[23,-8]],[[4886,8526],[-31,-84]],[[4855,8442],[-56,-157]],[[4799,8285],[-89,30],[-48,7]],[[4662,8322],[17,36],[8,37],[3,49],[-10,58],[8,52]],[[4638,8261],[24,61]],[[4799,8285],[-48,-128],[-23,-72],[-2,-39],[3,-57]],[[4729,7989],[-46,-17],[-54,-36],[-46,-12]],[[4583,7924],[-11,186],[-8,92],[110,7],[8,39],[-44,13]],[[829,6250],[93,23],[9,-18],[-1,-37],[-9,-21],[-42,-45],[28,-55]],[[907,6097],[56,-73],[-33,-25],[9,-26],[22,-6]],[[961,5967],[17,-13],[18,-35],[-24,-11],[-1,-33],[11,-20],[29,-20],[-24,-12],[-79,-9],[-74,2]],[[646,5293],[14,-33],[-4,-29],[85,-93],[-43,-52],[75,-60],[-26,-31]],[[747,4995],[-36,-20],[-128,-6],[-19,8],[2,31],[12,25],[0,39],[-19,33],[-80,26],[-19,-11],[0,-46],[14,-19],[-12,-41],[-12,8],[-52,9],[-12,15],[-33,-14],[-18,-24]],[[335,5008],[-25,-33],[-31,-28]],[[279,4947],[-21,5],[-18,15],[33,29],[2,12],[-27,30],[-44,31],[-40,10],[-22,-13],[-76,73],[-21,-12],[-35,24]],[[10,5151],[3,40],[0,149]],[[747,4995],[69,-66],[39,-31],[2,-31]],[[857,4867],[-252,-13],[-81,-14]],[[524,4840],[-49,-10]],[[475,4830],[-5,26],[-20,30],[-115,122]],[[252,4929],[27,18]],[[475,4830],[-119,-23],[-69,1],[-112,-22],[-43,-5]],[[132,4781],[2,21],[15,22],[71,80],[32,25]],[[218,4482],[68,-7],[-9,28],[-35,10],[-6,18],[19,27],[21,14],[29,7],[10,-50],[12,-21],[33,-7],[14,40],[-22,42],[16,25],[65,-59],[15,0],[11,22],[-6,23],[-30,52],[34,6],[47,-25],[34,-58],[28,-38],[2,-15],[-26,-25],[19,-26],[53,-48]],[[614,4417],[-6,-24],[5,-142]],[[613,4251],[-128,-6]],[[485,4245],[-141,-21],[-86,1],[-24,-3]],[[234,4222],[-11,31],[3,64],[-12,22],[-92,61],[24,38],[7,28],[25,-3],[17,28],[23,-9]],[[2942,6867],[-130,-32],[-28,-16],[-99,-16]],[[2685,6803],[-55,78],[-36,65]],[[2753,6565],[-12,25],[-9,39],[-21,118],[-26,56]],[[2059,7253],[9,1]],[[2068,7254],[25,10],[39,27],[65,19],[25,13],[65,61],[31,35],[42,34],[31,10],[102,12]],[[2229,6720],[-75,165],[2,46],[-14,63],[-3,40]],[[2139,7034],[-10,68]],[[2129,7102],[-47,62],[-6,50],[-17,39]],[[3431,5732],[104,-81]],[[3535,5651],[-23,-85],[-2,-33],[9,-99]],[[3519,5434],[-37,10],[-165,175]],[[3317,5619],[86,82],[28,31]],[[3422,5739],[9,-7]],[[3317,5619],[-36,-36]],[[3281,5583],[-77,79],[-39,42],[-2,17]],[[2890,5712],[6,-3],[114,4]],[[3019,5713],[39,-43]],[[3058,5670],[-78,-72]],[[2980,5598],[-36,40],[-29,-28]],[[2915,5610],[-76,79],[-3,19]],[[2915,5610],[-83,-81],[-13,15]],[[2819,5544],[-61,66]],[[2758,5610],[-82,90]],[[2641,5533],[46,8],[71,69]],[[2819,5544],[31,-71]],[[2850,5473],[-206,-9],[-3,69]],[[1522,4426],[-2,49]],[[1520,4475],[-1,29]],[[1394,4893],[108,4]],[[1510,4716],[-25,-6],[-25,-26]],[[1460,4684],[-54,53],[-7,44]],[[1399,4781],[-5,112]],[[1367,4590],[93,94]],[[1520,4475],[-35,4],[-67,68],[-51,43]],[[1289,4776],[110,5]],[[1367,4590],[-4,3]],[[1363,4593],[-66,54],[-4,14],[-4,115]],[[857,4867],[133,6]],[[990,4873],[185,9]],[[1175,4882],[22,1]],[[1197,4883],[5,-112],[87,5]],[[1363,4593],[-172,-203]],[[959,4546],[-42,22],[-41,27]],[[876,4595],[-3,84],[-8,56],[-8,132]],[[1197,4883],[197,10]],[[1549,3975],[-37,-6],[-43,-30],[-46,-12],[-28,-42],[-44,12]],[[1351,3897],[-97,123],[-23,18],[-40,0],[-29,-13],[-29,18],[-31,-9],[-19,-26]],[[1083,4008],[-12,3],[-78,80],[16,31],[-4,144]],[[4398,8216],[45,11],[63,25],[42,5]],[[4548,8257],[90,4]],[[4583,7924],[-52,-3]],[[4531,7921],[-4,28],[-15,45],[-30,53],[-39,46],[-31,54],[-9,27],[-5,42]],[[4583,8574],[-14,-86],[-21,-231]],[[4398,8216],[-6,58],[4,55],[12,41],[-14,50],[-37,65],[-5,34]],[[13,4554],[17,25],[45,29],[137,-98],[6,-28]],[[234,4222],[-50,-57],[-33,-24],[-133,-67]],[[18,4074],[-7,46],[2,99],[0,335]],[[13,4774],[119,7]],[[524,4840],[28,-95],[0,-96],[52,-30],[20,-62],[35,-40],[25,-46]],[[684,4471],[-50,-33],[-20,-21]],[[13,4554],[7,112],[-7,108]],[[684,4471],[20,34],[-15,18],[19,37],[67,43],[35,14],[-71,63],[20,14],[42,-41],[52,-43],[23,-15]],[[962,4264],[-153,-7],[-88,-2]],[[721,4255],[-7,73],[-6,34],[-21,57],[-3,52]],[[4523,6061],[110,-33],[84,-23]],[[4717,6005],[-25,-34],[-2,-58]],[[4690,5913],[-50,0]],[[4640,5913],[-2,56],[-48,-5],[-97,-4],[-30,24]],[[1429,6460],[70,183],[40,106],[26,19]],[[1565,6768],[79,-116]],[[1644,6652],[77,-31],[-92,-238]],[[1629,6383],[-75,29]],[[1554,6412],[-125,48]],[[982,5077],[185,8]],[[1167,5085],[3,-76]],[[1170,5009],[-184,-8]],[[986,5001],[-4,76]],[[3392,5108],[55,72],[31,34]],[[3478,5214],[53,52],[7,14]],[[3538,5280],[4,-32]],[[3542,5248],[8,-191]],[[3550,5057],[6,-122]],[[3556,4935],[-109,-6]],[[3447,4929],[-4,131],[-51,48]],[[3544,4001],[120,-43],[15,-3],[91,12]],[[3770,3967],[5,-106]],[[3775,3861],[2,-53],[-77,-3]],[[3700,3805],[-26,-1]],[[3674,3804],[-72,-4],[-3,73],[-87,33]],[[3512,3906],[32,95]],[[2192,3736],[67,18],[53,1],[176,-20]],[[2370,3602],[-70,-81],[-47,-56]],[[2253,3465],[-26,43],[-17,60],[-14,97],[-4,71]],[[2586,5530],[55,3]],[[2850,5473],[46,-109]],[[2813,5361],[-164,-5],[0,-3]],[[2649,5353],[-56,-2]],[[2593,5351],[-5,110]],[[2588,5461],[-2,69]],[[2460,5588],[123,7]],[[2583,5595],[3,-65]],[[2588,5461],[-121,-5],[-7,132]],[[2153,5671],[181,9]],[[2334,5680],[5,-97]],[[2339,5583],[-147,-7]],[[2192,5576],[-34,-2],[-5,97]],[[2310,5986],[56,48]],[[2366,6034],[69,-74]],[[2564,5823],[-31,-26],[-204,-9]],[[2329,5788],[-7,159],[-12,39]],[[1831,6580],[105,-30]],[[2081,6489],[13,-13]],[[2289,6127],[-28,3],[-184,76],[-54,24],[-172,68],[-38,14]],[[1813,6312],[0,14],[24,176],[-6,78]],[[2310,5986],[-37,-14],[-50,-2],[-70,19],[-66,0],[-81,-29]],[[2006,5960],[-26,58],[-40,56],[-91,118],[-15,23],[-15,40],[-6,57]],[[1837,5765],[110,4],[-5,92],[-11,73]],[[1931,5934],[75,26]],[[2006,5960],[6,-39],[-1,-42],[-13,-215]],[[1998,5664],[-1,-53]],[[1997,5611],[-85,-2],[2,-47],[-48,-2]],[[1866,5560],[-19,96],[-6,0]],[[1841,5656],[-4,109]],[[1997,5611],[9,-46],[29,-59]],[[2035,5506],[-72,-5]],[[1963,5501],[-141,-6],[-41,-3]],[[1781,5492],[-3,64],[88,4]],[[1446,5748],[185,6],[138,8]],[[1769,5762],[68,3]],[[1841,5656],[-224,-11],[-232,-9],[-5,4],[-3,102]],[[1377,5742],[69,6]],[[3257,4487],[68,-165],[22,-36],[35,-27],[43,-16]],[[3425,4243],[-21,-74],[-136,51],[-90,-5],[-30,29]],[[3148,4244],[-85,83]],[[3063,4327],[-37,37],[178,8],[-5,112]],[[2857,4322],[-6,141]],[[3063,4327],[-56,-59],[-107,-108],[-77,75],[54,54],[-20,33]],[[3520,4497],[148,7],[79,6]],[[3747,4510],[107,4]],[[3854,4514],[-10,-26],[-20,-21],[-7,-43],[14,-215]],[[3831,4209],[-33,-4],[-147,-7],[-14,6],[-20,-54]],[[3617,4150],[-28,-2],[-1,-15]],[[3588,4133],[-6,19],[-25,39]],[[3557,4191],[-21,35],[-6,68],[-10,203]],[[3854,4514],[127,4],[144,9]],[[4125,4527],[5,0]],[[4130,4527],[-5,-8],[21,-81],[23,-111],[12,-100],[35,-56]],[[4216,4171],[-59,-20],[-82,-9]],[[4075,4142],[-2,54],[-8,16],[-22,11],[-101,-6],[-111,-8]],[[4075,4142],[-46,-8],[-63,-4]],[[3966,4130],[-131,-5]],[[3835,4125],[0,7],[-74,-2]],[[3761,4130],[-74,-4],[-70,24]],[[3544,4001],[34,91],[10,41]],[[3761,4130],[9,-163]],[[3835,4125],[2,-34],[13,-111]],[[3850,3980],[7,-67]],[[3857,3913],[8,-73]],[[3865,3840],[-55,-5],[-1,28],[-34,-2]],[[3865,3840],[4,-28]],[[3869,3812],[9,-78],[-3,-27]],[[3875,3707],[-169,-8],[-6,106]],[[5090,8285],[38,34],[36,26],[16,19],[9,40],[0,110],[-37,218],[-14,99]],[[5138,8831],[350,2]],[[5488,8833],[-106,-133],[-32,-48]],[[5350,8652],[-19,-51],[0,-31],[19,-91]],[[5371,7913],[-41,11],[-67,40],[-30,-17],[-41,-6],[-51,4],[-85,45],[-60,8]],[[4996,7998],[9,42],[20,120],[15,52],[16,32],[34,41]],[[4497,2118],[13,25],[-28,36],[-39,31],[149,4],[43,-70],[54,-76],[104,-139],[112,-152],[119,-16],[34,-54],[19,-5],[51,-212],[73,-91],[435,-192],[176,-24]],[[5812,1183],[115,-236],[2,-24],[-34,-15],[-15,10],[-44,-12],[-31,-23],[-56,-12],[-32,32],[-68,-16],[-45,0],[-35,18],[-30,43],[-33,32],[-41,24],[-78,63],[-29,10],[-10,-22],[9,-15],[37,-24],[13,-39],[-11,-66],[-14,-33],[-5,-89],[26,-52],[29,-39],[-26,-58],[-54,-65],[-35,-26],[-28,-10],[-33,10],[-38,-1],[-61,10],[-22,-40],[-4,-29],[26,-26],[33,-17],[15,-23]],[[5205,423],[-116,52],[-116,40],[-31,26],[-68,95],[-37,46],[-56,78],[-72,87],[-43,47],[-97,121],[-145,177]],[[5812,1183],[1239,-168]],[[7051,1015],[3,-69],[-7,-305],[-86,-80],[-29,-24],[-406,-319],[-5,-10],[-99,-83],[-162,-125],[-197,84],[-334,128],[-140,36],[-69,49],[-75,37],[-102,36],[-138,53]],[[6070,4541],[140,10],[117,5]],[[6327,4556],[-1,-116],[55,-18],[-113,-88],[-13,-5],[-126,-8],[-46,-25]],[[6083,4296],[-6,89]],[[6077,4385],[-7,156]],[[1379,7667],[133,92]],[[1512,7759],[86,-149],[-92,-67]],[[1506,7543],[-47,63],[-24,21],[-56,40]],[[906,8007],[79,-116],[107,-87]],[[1092,7804],[-92,-66]],[[1000,7738],[-73,-52]],[[927,7686],[-105,148],[-54,81]],[[768,7915],[138,92]],[[851,5448],[4,-33],[-24,-108],[76,-158],[72,2]],[[979,5151],[3,-74]],[[986,5001],[4,-128]],[[1200,5734],[177,8]],[[1781,5492],[-67,-3]],[[1714,5489],[-8,16],[-34,45],[-147,-5],[-4,10],[-71,-48]],[[1450,5507],[-61,-16],[-39,41],[-35,2],[-26,-5],[-38,8],[-24,31],[6,62],[-13,55],[-20,49]],[[1434,6293],[64,-24],[36,95],[20,48]],[[1629,6383],[184,-71]],[[1931,5934],[-67,-7],[-102,-6]],[[1762,5921],[-69,-3]],[[1693,5918],[-6,87],[-129,-7],[1,-32],[-123,-6]],[[1436,5960],[-15,298],[13,35]],[[1116,6345],[64,25]],[[1180,6370],[51,-64],[46,-31]],[[1277,6275],[42,-38],[12,-23],[-47,-2],[11,-49],[0,-52]],[[1295,6111],[-136,-6]],[[1159,6105],[-8,100]],[[1151,6205],[-3,62],[-32,78]],[[1181,6551],[89,-30],[159,-61]],[[1434,6293],[-131,51],[-26,-69]],[[1180,6370],[-39,85]],[[1141,6455],[5,4],[35,92]],[[1436,5960],[2,-45]],[[1438,5915],[-135,-7]],[[1303,5908],[-7,22],[-5,145],[4,36]],[[832,6382],[291,114],[18,-41]],[[1116,6345],[-116,-46],[-20,48],[-114,-44]],[[1151,6205],[-51,-4],[-193,-104]],[[1159,6105],[5,-103],[8,-54]],[[1172,5948],[-44,1],[-32,7],[-70,4],[-19,22],[-46,-15]],[[4336,3731],[31,-15],[30,70],[53,84],[13,9],[-3,28],[55,132]],[[4515,4039],[81,17]],[[4596,4056],[121,24],[127,-35]],[[4844,4045],[350,-288]],[[5194,3757],[81,-227],[10,-74]],[[5285,3456],[-110,-1],[-32,8],[-7,-8],[-54,20],[-23,-32],[-83,37],[-14,-35],[-151,69],[-15,4],[-103,48],[30,69],[-23,13],[38,84],[-2,9],[-46,20],[12,30],[-25,13],[-83,-190],[-78,34],[-72,-165]],[[4444,3483],[-153,27],[1,5]],[[4292,3515],[9,54],[-13,48],[5,18],[43,96]],[[4216,4171],[8,-15]],[[4224,4156],[140,-131],[151,14]],[[4336,3731],[-212,95]],[[4124,3826],[-4,10],[-6,99],[-32,42],[-5,85],[-103,-14]],[[3974,4048],[-8,82]],[[4124,3826],[-60,-3]],[[4064,3823],[-65,-3]],[[3999,3820],[-8,71]],[[3991,3891],[-11,105]],[[3980,3996],[-6,52]],[[3850,3980],[130,16]],[[3991,3891],[-64,-7],[-4,38],[-66,-9]],[[3999,3820],[-130,-8]],[[4108,3536],[64,-2],[120,-19]],[[4444,3483],[42,-6],[121,-40],[-2,-16],[-52,-119],[-9,5],[-165,-398]],[[4379,2909],[-105,-5],[-271,0]],[[4003,2904],[-85,0]],[[3918,2904],[13,108],[-9,57],[-10,215],[57,5],[30,16],[61,61],[15,34],[-1,79],[10,28],[25,17],[-1,12]],[[5024,8832],[114,-1]],[[5090,8285],[-48,41],[-31,39],[-30,31],[-28,20],[-34,4],[-64,22]],[[4996,7998],[-246,-7],[-21,-2]],[[4096,8828],[54,4],[257,-15],[32,3]],[[4332,8575],[-67,7]],[[4265,8582],[0,41],[-12,23],[17,24],[6,44],[-24,6],[-26,18],[-101,-82]],[[4125,8656],[-22,41],[45,35],[-28,38],[-24,58]],[[4352,8519],[-53,-19],[-89,-26]],[[4210,8474],[-59,-17],[-33,-5],[-39,4],[-36,10]],[[4043,8466],[-3,18],[29,21],[-36,4],[1,62],[133,-3],[39,3],[59,11]],[[3939,8573],[1,44]],[[3940,8617],[49,-1],[106,16],[30,24]],[[4043,8466],[-72,12],[-34,1]],[[3937,8479],[2,94]],[[4398,8216],[-67,2],[-18,6]],[[4313,8224],[-41,28]],[[4272,8252],[-86,67],[80,100],[-46,37],[-10,18]],[[4531,7921],[-41,-2]],[[4490,7919],[-56,-1],[-43,8]],[[4391,7926],[-157,28]],[[4234,7954],[14,35],[39,41],[16,31],[-1,137],[11,26]],[[3938,8045],[184,-4],[13,86],[-3,43],[70,6],[18,12]],[[4220,8188],[52,64]],[[4234,7954],[-296,40]],[[3938,7994],[0,51]],[[3936,8147],[36,23],[21,21],[42,19],[130,9],[23,-8],[32,-23]],[[3938,8045],[-1,96]],[[3937,8141],[-1,6]],[[1172,5948],[6,-46]],[[1178,5902],[22,-168]],[[1450,5507],[-2,-19],[19,-83]],[[1467,5405],[6,-26],[-3,-30],[-23,-38]],[[1447,5311],[-36,46],[-42,31],[-52,28],[-41,14],[-47,58],[-51,31],[-33,3],[-35,-14],[-77,-13],[-34,-12],[-26,-22]],[[847,6877],[12,30]],[[859,6907],[220,13]],[[1079,6920],[34,-66],[4,-36]],[[1117,6818],[8,-89],[-238,-2]],[[887,6727],[-86,30],[46,120]],[[1301,7207],[41,-23],[26,-19],[125,-107]],[[1493,7058],[-93,-47]],[[1400,7011],[-60,-30],[-75,-7]],[[1265,6974],[-7,87]],[[1258,7061],[-4,60],[47,86]],[[1493,7058],[52,-44],[33,-21],[123,-57],[46,-40],[22,-40]],[[1769,6856],[7,-22],[55,-254]],[[1831,6580],[-35,12],[-23,107],[-23,-1],[-77,28],[-29,-74]],[[1565,6768],[-96,140]],[[1469,6908],[-69,103]],[[1469,6908],[-4,-6],[-60,-157],[-131,49]],[[1274,6794],[4,21],[-13,159]],[[7051,7016],[0,-252]],[[7051,6764],[-128,-30]],[[6923,6734],[-60,-14]],[[6863,6720],[-6,49],[22,6],[17,19],[8,43],[-9,55],[-20,39],[-12,59],[-11,20],[-41,47]],[[3936,8147],[0,164],[1,168]],[[4729,7989],[-6,-64],[-25,-98]],[[4698,7827],[-30,-110]],[[4668,7717],[-65,14],[-47,1],[-62,-17],[-39,-20]],[[4455,7695],[-2,42],[8,102],[9,36],[20,44]],[[4668,7717],[-11,-39],[-13,-73],[-10,-83]],[[4634,7522],[-32,1],[-32,-10],[-69,-41]],[[4501,7472],[-20,54],[4,81],[5,14],[-27,36],[-8,38]],[[4501,7472],[-17,-8]],[[4484,7464],[-35,-7],[-114,14]],[[4335,7471],[56,455]],[[4925,7717],[71,281]],[[5069,7477],[-28,4],[-77,27],[-104,-2]],[[4860,7506],[17,76],[9,22],[50,55],[-1,46],[-10,12]],[[4698,7827],[47,-18],[45,-39],[69,-23],[66,-30]],[[4860,7506],[-122,11]],[[4738,7517],[-104,5]],[[4598,7341],[10,-2],[12,53],[66,-3],[45,1],[7,127]],[[5218,7141],[-61,50],[-31,17],[-48,17],[-86,9],[-57,-6],[-55,-21],[-32,-2],[-52,3],[-72,10],[-65,3],[-76,-13],[-26,-9]],[[4557,7199],[41,142]],[[3132,5592],[76,-80]],[[3208,5512],[73,-80]],[[3281,5432],[-72,-69]],[[3209,5363],[-112,118],[15,14],[-38,40]],[[3074,5535],[58,57]],[[721,4255],[-29,-1]],[[692,4254],[-79,-3]],[[1439,5906],[254,12]],[[1762,5921],[7,-159]],[[1446,5748],[-7,158]],[[7055,7703],[-9,-95],[4,-16],[-3,-63],[0,-210]],[[5438,6372],[64,67]],[[5502,6439],[114,-109]],[[5616,6330],[-80,-52]],[[5536,6278],[-98,94]],[[6077,4385],[-141,-5],[-7,169],[50,-14],[91,6]],[[5958,8044],[5,8]],[[5963,8052],[34,-13],[192,-68]],[[6079,8691],[245,-97]],[[6190,8393],[-245,101]],[[3945,7723],[55,0],[185,-24]],[[4185,7699],[-23,-207]],[[4162,7492],[-29,9]],[[4133,7501],[-25,7],[-96,14],[-63,1]],[[3949,7523],[-4,200]],[[1956,7376],[53,-6],[7,61],[26,1]],[[2042,7432],[58,-63],[7,-27],[-9,-37],[-30,-51]],[[2059,7253],[-111,-7]],[[1948,7246],[-20,17],[16,16],[12,97]],[[974,7462],[60,56],[98,79]],[[1132,7597],[29,27],[36,-43],[27,-12],[14,-18]],[[1238,7551],[-47,-40],[-88,-119],[-17,-33]],[[1086,7359],[-112,103]],[[535,7007],[35,-17],[277,-113]],[[887,6727],[3,-63]],[[890,6664],[-221,88]],[[252,4929],[-111,108],[-74,-31],[-57,52]],[[10,5058],[0,93]],[[5213,4393],[165,8]],[[5378,4401],[56,3]],[[5436,4353],[3,-52]],[[5439,4301],[-222,-10]],[[5217,4291],[-2,52]],[[5215,4343],[-2,50]],[[5439,4301],[4,-102]],[[5443,4199],[-56,-3],[1,-8],[-56,-3],[0,16],[-110,-6]],[[5222,4195],[-5,96]],[[5330,4803],[65,3]],[[5395,4806],[17,1],[4,-58]],[[5416,4749],[7,-140]],[[5423,4609],[-55,-2]],[[5368,4607],[-4,82],[-28,-1],[-6,115]],[[2004,6991],[135,43]],[[2036,6679],[34,21],[2,19],[-15,53],[-38,66],[61,36],[-39,80],[-17,-12],[-20,49]],[[1769,6856],[33,21]],[[2129,7102],[-147,-58],[-42,106],[-19,26],[-19,0],[-57,82]],[[1845,7258],[29,0],[46,-13],[28,1]],[[1690,7156],[26,-43],[57,35],[57,-99],[54,31],[15,-99],[-5,-48]],[[1493,7058],[197,98]],[[1350,7304],[111,-42]],[[1461,7262],[206,-76],[23,-30]],[[1301,7207],[35,61],[14,36]],[[2820,5198],[-55,-3]],[[2765,5195],[-2,53],[-110,-1]],[[2653,5247],[-4,106]],[[2536,5348],[57,3]],[[2653,5247],[5,-112]],[[2658,5135],[-112,-5]],[[2546,5130],[-5,109]],[[6863,6720],[-18,-4]],[[6845,6716],[-7,45],[-9,13],[-22,61],[-54,75],[-31,57],[-26,25],[3,29],[-15,20],[-33,13],[-23,-6],[-28,3]],[[6600,7051],[6,23],[21,25]],[[6496,6786],[128,45]],[[6624,6831],[39,13],[18,0],[8,38],[-12,139],[-21,18],[-56,-1],[0,13]],[[6845,6716],[-212,-42],[-49,-8]],[[6584,6666],[-4,9],[-66,88]],[[6514,6763],[-18,23]],[[4316,7214],[14,175],[0,36],[5,46]],[[4484,7464],[12,-54],[25,-37],[22,-14],[55,-18]],[[4557,7199],[-82,-31],[-26,-4],[-44,7],[-27,11],[-38,25],[-24,7]],[[4162,7492],[173,-21]],[[4316,7214],[-25,18]],[[4291,7232],[-75,126],[-45,-20],[-93,-31]],[[4078,7307],[3,63],[8,50],[30,-2],[14,83]],[[3949,7263],[68,3],[31,30],[30,11]],[[4291,7232],[-35,7],[-142,-5],[-35,-14],[-2,-24],[-50,-2],[-1,28],[-74,-2]],[[3952,7220],[-3,43]],[[3700,7907],[194,24],[45,3]],[[3939,7934],[2,-77]],[[3941,7857],[2,-43]],[[3943,7814],[-207,-22]],[[3736,7792],[-39,15],[3,100]],[[3305,7466],[161,14]],[[3466,7480],[67,9],[26,0],[75,-10],[26,1]],[[3660,7480],[33,5],[86,27],[58,8],[112,3]],[[3949,7523],[2,-95],[-2,-165]],[[3952,7220],[1,-20]],[[3532,7234],[-38,32],[-19,-3],[-39,-20],[-18,4],[-35,52],[-15,13],[-26,-21],[-17,0]],[[3325,7291],[7,87],[-1,35],[-26,53]],[[3651,8559],[70,7]],[[3721,8566],[66,-18],[17,58],[95,-28],[40,-5]],[[3937,8141],[-19,29],[-71,127],[-55,-18],[-114,-29]],[[3678,8250],[-20,59],[-17,91],[-3,38],[9,34],[26,41],[-22,46]],[[5171,6425],[77,95],[107,-86]],[[5355,6434],[-84,-93],[71,-59]],[[5342,6282],[-32,-38]],[[5310,6244],[-97,92],[21,37],[-63,52]],[[680,7197],[179,0]],[[859,7197],[0,-104]],[[859,7093],[0,-186]],[[5774,6437],[46,-61]],[[5820,6376],[24,-26],[8,-20],[-2,-39],[13,-40],[22,0]],[[5885,6251],[-30,-39]],[[5855,6212],[-89,-24]],[[5766,6188],[-15,62],[-105,99]],[[5646,6349],[84,55],[44,33]],[[1109,7283],[192,-76]],[[1258,7061],[-95,39],[-125,-5]],[[1038,7095],[-179,-2]],[[859,7197],[0,52],[151,0],[77,2],[22,32]],[[1783,7548],[2,-125],[49,2],[0,-44]],[[1834,7381],[-60,0],[31,-56],[-3,-11],[-44,-22]],[[1758,7292],[-77,148],[-29,104]],[[1652,7544],[131,4]],[[4812,4777],[105,4]],[[4917,4781],[6,-115]],[[4923,4666],[-60,-2],[5,-82],[-47,-2]],[[4821,4580],[-4,81]],[[4817,4661],[-5,116]],[[5016,5027],[55,2]],[[5071,5029],[27,1]],[[5098,5030],[4,-115]],[[5102,4915],[-81,-6]],[[5021,4909],[-5,118]],[[979,5151],[185,9]],[[1164,5160],[3,-75]],[[4473,6266],[130,-107]],[[4603,6159],[-80,-98]],[[6530,5562],[33,73],[61,147],[26,55],[48,74]],[[6698,5911],[89,115],[47,58]],[[6834,6084],[82,125],[47,61],[88,96]],[[7051,6366],[0,-182],[-11,-5],[0,-88],[9,0],[4,-53],[-5,-26],[-1,-296]],[[7047,5716],[-121,-106],[-49,-46],[-87,-72],[-110,-67],[-57,-26],[-208,-80]],[[6415,5319],[46,85],[69,158]],[[2986,5451],[43,41]],[[3029,5492],[45,43]],[[3209,5363],[-72,-71]],[[5174,5142],[206,10]],[[5380,5152],[5,0]],[[5385,5152],[2,-107]],[[5387,5045],[-124,-6]],[[5263,5039],[-84,-4]],[[5179,5035],[-5,107]],[[3944,8837],[152,-9]],[[3940,8617],[4,220]],[[5262,4499],[110,5]],[[5372,4504],[6,-103]],[[5213,4393],[-6,103],[55,3]],[[5248,4799],[26,1]],[[5274,4800],[56,3]],[[5368,4607],[4,-103]],[[5262,4499],[-12,243],[-2,57]],[[4917,4781],[54,4]],[[4971,4785],[56,2]],[[5027,4787],[84,5]],[[5111,4792],[81,4]],[[5192,4796],[56,3]],[[5215,4343],[-109,-6]],[[5106,4337],[-8,154],[-166,-9]],[[4932,4482],[-9,184]],[[5106,4337],[-101,-5],[-11,5]],[[4994,4337],[-58,47],[-4,98]],[[5222,4195],[4,-88]],[[5226,4107],[-21,13],[-96,72],[-114,92]],[[4995,4284],[-1,53]],[[4826,4476],[106,6]],[[4995,4284],[-119,95],[-45,-6]],[[4831,4373],[-5,103]],[[4826,4476],[-5,104]],[[4694,4771],[118,6]],[[4817,4661],[-118,-6]],[[4699,4655],[-5,116]],[[4559,4764],[135,7]],[[4699,4655],[-134,-7]],[[4565,4648],[-3,58]],[[4562,4706],[-3,58]],[[4699,4655],[9,-185]],[[4708,4470],[-134,-7]],[[4574,4463],[-9,185]],[[4354,4450],[220,13]],[[4574,4463],[1,-103]],[[4575,4360],[3,-89],[13,3],[4,-77],[1,-141]],[[4224,4156],[80,66],[8,32],[51,41],[-9,155]],[[4341,4697],[124,4],[97,5]],[[4354,4450],[-7,153]],[[4347,4603],[-6,94]],[[2035,5506],[43,-44],[35,-21],[126,-53]],[[2239,5388],[84,-28]],[[2323,5360],[115,-22],[36,-31]],[[2333,5122],[-142,-8]],[[2191,5114],[-7,161],[-119,-10],[-56,5],[-45,-1]],[[1964,5269],[6,54]],[[1970,5323],[-7,178]],[[2367,4942],[-57,-8],[-111,-7]],[[2199,4927],[-5,112]],[[2194,5039],[-3,75]],[[2021,4920],[178,7]],[[2367,4942],[4,-69]],[[2371,4873],[-229,-14]],[[2023,4855],[-2,65]],[[2014,5107],[59,2],[2,-76],[119,6]],[[2021,4920],[-7,187]],[[2014,5107],[-14,41],[-31,44],[-3,22]],[[1966,5214],[-2,55]],[[1941,4967],[3,-51],[77,4]],[[1807,4911],[-3,63],[14,-12],[123,5]],[[692,4254],[-34,-70],[-3,-35]],[[655,4149],[-43,-72],[2,-26],[21,-54],[38,-54]],[[673,3943],[-25,-27],[-47,64],[-25,13],[-23,-28],[-109,91],[27,42],[10,26],[6,57],[-2,64]],[[673,3943],[21,-47],[27,-94]],[[721,3802],[10,-34]],[[731,3768],[-105,4],[-136,40]],[[490,3812],[-90,51],[-306,167],[-76,44]],[[1083,4008],[-70,-54],[-108,-51],[-49,-120],[-56,-12],[-69,-3]],[[721,3802],[38,10],[39,17],[43,37],[92,116],[29,41],[17,37],[-42,9],[-64,-17],[-58,-1],[-56,25],[-73,43],[-31,30]],[[6624,6831],[-30,86],[-55,43],[-79,89],[-54,56],[54,53],[-96,108]],[[6496,6786],[-24,22],[-111,73],[-20,25]],[[6341,6906],[-21,65],[-111,122],[-10,23]],[[6072,6748],[15,23],[93,79],[39,-47],[56,45],[66,58]],[[6514,6763],[-77,-23],[-84,-39],[35,-71]],[[6388,6630],[-67,-32],[-46,-48],[-76,-54]],[[6199,6496],[-25,24],[22,33],[-17,36],[7,28],[-3,27],[-125,84],[14,20]],[[5918,6861],[80,-63],[38,-23],[36,-27]],[[6199,6496],[-5,-3]],[[6194,6493],[-51,44],[-82,55],[-82,23],[-19,9],[-36,29]],[[5924,6653],[-84,73],[-27,35]],[[3938,7994],[1,-60]],[[3700,7907],[-12,68],[0,28],[11,107],[0,70]],[[3699,8180],[-21,70]],[[3181,8316],[20,-1],[155,15]],[[3356,8330],[16,-176],[112,17],[41,0],[55,-21],[49,-34],[8,54],[39,-9],[23,19]],[[3700,7907],[-114,-8],[-174,-20]],[[3412,7879],[-5,32],[-216,-22]],[[3191,7889],[-12,84],[-14,40],[-5,40],[0,38],[-9,59],[12,75],[24,16],[-6,75]],[[3356,8330],[-19,195],[113,13],[201,21]],[[3008,8827],[41,0],[47,-15],[213,15],[174,5],[80,-8],[50,4]],[[3613,8828],[8,-139],[105,-10],[-5,-113]],[[3181,8316],[63,162],[-4,40],[-22,-26],[-32,-7],[-52,12],[-38,1],[3,162],[-38,3],[-63,31],[17,24],[11,37],[-3,29],[-15,43]],[[2423,8836],[82,-9],[43,7],[27,-6],[271,3],[28,-3],[134,-1]],[[3181,8316],[-140,8],[-66,9]],[[2975,8333],[-42,4],[-158,7],[-57,-4],[-74,-17],[-50,-5],[-63,-24]],[[2531,8294],[-46,169],[-17,94],[-17,44],[-9,51],[-31,106],[22,26],[-10,52]],[[3191,7889],[-89,-9],[-27,-9],[-72,3]],[[3003,7874],[-31,171],[-15,125],[2,72],[16,91]],[[3003,7874],[-97,33],[-34,3],[-60,-22],[-26,-19],[-40,18],[-33,6],[-69,-18]],[[5515,4730],[144,7],[6,-116],[111,5]],[[5776,4626],[2,-50]],[[5778,4576],[-255,-13]],[[5523,4563],[-8,167]],[[5778,4576],[8,-153]],[[5786,4423],[-147,-8],[5,-103]],[[5644,4312],[-109,-6]],[[5535,4306],[-3,52]],[[3875,3707],[-13,-106]],[[3862,3601],[-2,-49],[5,-30]],[[3865,3522],[-71,-5],[-45,3],[-9,127],[-49,-2],[-12,54],[-5,105]],[[2579,5693],[97,7]],[[2583,5595],[-4,98]],[[2765,5195],[10,-236],[-109,-5]],[[2666,4954],[-8,181]],[[5263,5039],[5,-118]],[[5268,4921],[-82,-4]],[[5186,4917],[-7,118]],[[3613,8828],[48,4],[62,-1],[63,-16],[112,17],[46,5]],[[1714,5489],[1,-69],[-131,-7]],[[1584,5413],[-117,-8]],[[6190,8393],[-227,-341]],[[4218,7104],[-134,-85]],[[4084,7019],[-3,60],[-51,-3],[-2,69]],[[4028,7145],[0,15],[170,8],[20,-64]],[[4647,6214],[-44,-55]],[[2320,3346],[-3,28],[-16,39],[-48,52]],[[1255,8247],[11,-5],[53,-72],[90,-168]],[[1409,8002],[-143,-77]],[[1266,7925],[-67,92],[-91,129]],[[4130,4527],[33,6],[16,-32],[131,65],[-8,15],[45,22]],[[1727,5043],[160,9]],[[1887,5052],[3,-47],[49,2],[2,-40]],[[1738,4909],[-5,127],[-6,7]],[[1649,5155],[35,-15],[0,-98],[43,1]],[[1621,4902],[14,70],[11,24],[-9,34],[14,19],[-2,106]],[[1797,5151],[0,-28],[86,2],[4,-73]],[[1649,5155],[47,6],[32,-13],[69,3]],[[1259,3747],[92,150]],[[1549,3975],[3,-103],[5,-7],[65,-155],[35,-63]],[[1657,3647],[-12,-9],[-183,-193],[-91,102]],[[1371,3547],[41,40],[-46,129],[-27,61],[-80,-30]],[[1657,3647],[42,-104],[25,-71]],[[1724,3472],[84,-273]],[[1808,3199],[15,-78],[10,-25],[-8,-12],[5,-42]],[[1830,3042],[-48,27],[-69,44],[-168,85],[-68,38],[-130,87],[-16,15],[-62,35],[-48,21]],[[1221,3394],[150,153]],[[1042,3497],[56,108],[40,64],[18,23],[37,26],[66,29]],[[1221,3394],[-63,31],[-73,42],[-43,30]],[[1042,3497],[-20,12],[-34,10],[-102,66],[-124,70],[-102,62],[-46,21],[-66,49],[-58,25]],[[3594,2451],[46,77],[-18,12],[1,25],[12,18],[-49,42],[-38,12],[-11,42],[-22,32]],[[3515,2711],[94,53]],[[3609,2764],[43,24],[-22,56],[5,47],[35,84],[17,55]],[[3687,3030],[231,-126]],[[4003,2904],[-31,-243],[-132,-166],[-83,-279]],[[3757,2216],[-218,25],[-57,6]],[[3482,2247],[86,146],[26,58]],[[3594,2451],[-49,30],[-59,43],[-54,48],[-33,19]],[[3399,2591],[-59,29]],[[3340,2620],[9,-1],[166,92]],[[3239,2312],[95,41],[24,16],[-77,67],[52,57],[17,42],[49,56]],[[3482,2247],[-125,13],[-66,20],[-52,32]],[[6584,6666],[6,-21],[19,-134],[13,-127]],[[6622,6384],[-83,-34]],[[6539,6350],[-26,72],[-16,16],[-3,21],[10,33],[-16,29],[-19,5],[-36,-8],[-17,59],[-28,53]],[[5716,6668],[90,-94],[47,-45]],[[5853,6529],[-10,-37],[40,-2]],[[5883,6490],[-8,-36],[-18,-34],[-37,-44]],[[5774,6437],[-34,14],[-37,9],[-44,4],[-57,42],[-19,18]],[[6068,6098],[46,36]],[[6114,6134],[138,122],[52,32],[20,5]],[[6324,6293],[94,15],[36,8],[85,34]],[[6622,6384],[11,-122]],[[6633,6262],[-209,-181],[-88,-69],[-32,-19]],[[6304,5993],[-5,22],[-47,6],[-78,19],[-95,47],[-11,11]],[[6923,6734],[-4,-22],[-40,-62],[1,-30]],[[6880,6620],[-75,-81],[-89,-148],[-83,-129]],[[5509,6447],[74,77]],[[5646,6349],[-30,-19]],[[5502,6439],[7,8]],[[5766,6188],[-38,-9],[-103,-18]],[[5625,6161],[-14,85],[-36,-6],[-39,38]],[[5342,6282],[96,90]],[[5625,6161],[-42,-6]],[[5583,6155],[-112,-20],[0,-14]],[[5471,6121],[-22,53],[-28,40]],[[5421,6214],[-79,68]],[[5885,6251],[69,22],[39,-13],[22,-24],[28,-52],[13,-70],[12,-16]],[[6068,6098],[-81,-71]],[[5987,6027],[-66,60],[-51,66],[-15,59]],[[5987,6027],[-85,-63]],[[5902,5964],[-49,70],[-33,-24]],[[5820,6010],[-15,32],[-39,146]],[[5614,5966],[171,28],[35,16]],[[5902,5964],[-39,-24],[-87,-46],[-28,-11],[-36,-5],[-85,-2]],[[5627,5876],[-13,90]],[[3191,7889],[33,-144],[9,-67],[-2,-26],[26,-56],[11,-40],[37,-90]],[[3305,7466],[-235,-29]],[[3070,7437],[-20,138],[3,55],[30,43],[8,55],[-70,-26],[-28,3],[-94,31],[-40,16],[-17,-37],[6,-26],[-24,-19],[-30,-9],[-14,11],[-28,-1],[-58,-13]],[[3325,7291],[1,-100],[34,-78],[27,-28],[6,-52]],[[2952,7407],[40,18],[78,12]],[[1789,8608],[6,-15],[34,-21],[0,-17]],[[1829,8555],[-4,-24],[8,-36],[-23,-66],[-3,-31],[16,-48],[13,-85],[-87,-39],[17,-126]],[[1766,8100],[-189,-42]],[[1577,8058],[-10,75],[-22,101],[-3,35],[16,50],[0,13],[-69,103]],[[1482,8446],[25,25],[36,13],[24,30],[42,23],[10,19],[36,27],[-13,26],[11,11],[46,0],[16,-36],[46,4],[28,20]],[[1292,8826],[91,4],[103,-5],[82,7],[190,-5]],[[1758,8827],[-12,-17],[25,-65],[-10,-19],[0,-30],[28,-88]],[[1238,7551],[9,8]],[[1247,7559],[75,-93],[-35,-30],[44,-54],[-21,-63]],[[1310,7319],[-34,3],[-61,-22],[-37,-3],[-45,21],[-47,41]],[[5387,5045],[1,-118]],[[5388,4927],[-120,-6]],[[13,4774],[-1,160],[-7,95],[5,29]],[[5385,5152],[106,6]],[[5491,5158],[7,-107]],[[5498,5051],[-111,-6]],[[5373,6053],[2,21],[42,134],[4,6]],[[5471,6121],[25,-64],[59,-139],[21,-44]],[[5576,5874],[-76,-6],[-30,2],[-25,16],[-42,37],[-37,-1]],[[5366,5922],[7,131]],[[3009,5918],[-1,132]],[[3058,5670],[74,-78]],[[3029,5492],[-77,78],[28,28]],[[2735,4607],[109,6]],[[2851,4463],[-163,-10]],[[5423,4609],[2,-51]],[[5392,4863],[58,3],[1,-28],[58,3]],[[5509,4841],[1,-30]],[[5510,4811],[4,-58]],[[5514,4753],[-98,-4]],[[5395,4806],[-3,57]],[[3799,6625],[160,5]],[[3959,6621],[0,-148]],[[3812,6371],[-5,128],[-8,126]],[[2036,4251],[44,38]],[[2134,4190],[18,-60],[-103,-47]],[[3458,4648],[160,9]],[[3734,4662],[13,-152]],[[3520,4497],[-54,0]],[[3466,4497],[-8,151]],[[5350,8652],[83,-5],[61,7],[67,2],[40,-16]],[[3886,5075],[193,10]],[[4079,5085],[88,5]],[[4167,5090],[-29,-42],[-24,-72],[-29,-54],[25,3]],[[4110,4925],[67,-74],[31,-82]],[[4208,4769],[-133,-47]],[[4075,4722],[-12,-2],[-45,55],[-38,32],[-42,29],[-30,39],[-10,40]],[[3898,4915],[-8,65],[-4,95]],[[4322,5098],[2,-23],[7,-141]],[[4331,4934],[-212,-11],[-9,2]],[[5388,4927],[4,-64]],[[5274,4800],[-6,121]],[[5192,4796],[-6,121]],[[4800,5015],[161,8]],[[4961,5023],[5,-117]],[[4966,4906],[-160,-8]],[[4806,4898],[-6,117]],[[4966,4906],[5,-121]],[[4812,4777],[-6,121]],[[4541,5109],[137,7]],[[4678,5116],[2,-55],[23,0],[4,-108],[-22,-1],[9,-181]],[[4559,4764],[-6,122]],[[4553,4886],[-8,118],[-4,105]],[[4418,5102],[123,7]],[[4553,4886],[-28,-1],[-188,-71]],[[4337,4814],[-6,120]],[[5167,5320],[212,8]],[[5379,5328],[1,-176]],[[5174,5142],[-5,106]],[[5169,5248],[-2,72]],[[4956,5131],[109,5]],[[5065,5136],[6,-107]],[[5016,5027],[-55,-4]],[[4961,5023],[-5,108]],[[4784,5353],[32,-22],[44,-18],[32,-6]],[[4892,5307],[0,-20],[57,-5],[7,-151]],[[4800,5015],[-5,107]],[[4795,5122],[-8,177]],[[4787,5299],[-3,54]],[[4532,5286],[255,13]],[[4795,5122],[-117,-6]],[[4541,5109],[-9,177]],[[5614,5966],[-31,189]],[[5366,5914],[0,8]],[[5576,5874],[51,2]],[[6304,5993],[-18,-90],[-3,-34],[-30,-47],[-5,-60]],[[6248,5762],[-24,6],[-36,-11],[-33,-23],[-32,-33]],[[6123,5701],[-16,36],[-32,-18],[-150,-50],[-70,-21],[-68,-4],[-124,0]],[[5663,5644],[-60,3],[-62,17],[-171,-2]],[[5370,5662],[-4,252]],[[6123,5701],[25,-61],[76,-21],[12,-14],[52,-143],[-84,-32],[13,-35],[-30,-22],[-22,-25],[-38,-9],[53,-43],[57,-51]],[[6237,5245],[-109,-47],[-64,52],[-71,71],[-52,53],[-102,101],[-103,101],[-73,68]],[[6880,6620],[18,-41],[-2,-28],[7,-30],[40,-82],[2,-32],[-30,-9],[-20,-51],[-33,-42],[-4,-30],[8,-15],[-3,-29],[-14,-35],[-33,-23],[2,-69],[16,-20]],[[6698,5911],[-7,7],[-23,108],[-27,149],[36,7],[60,24],[22,2],[8,41],[23,48],[-18,4],[-105,-45],[-33,-7],[-1,13]],[[1834,7381],[99,1],[23,-6]],[[1845,7258],[-47,-30]],[[1798,7228],[-40,64]],[[1556,7473],[147,-205],[44,-76]],[[1747,7192],[-57,-36]],[[1461,7262],[56,183],[39,28]],[[1798,7228],[-13,-15],[-38,-21]],[[1556,7473],[96,71]],[[1766,8100],[49,-65],[29,-34],[18,-12],[50,-19],[47,1],[23,7]],[[1982,7978],[20,-120],[11,-95]],[[2013,7763],[-50,-7]],[[1963,7756],[-56,1],[-25,15],[-80,109],[-94,-24]],[[1708,7857],[-26,106],[-5,61],[-97,19]],[[1580,8043],[-3,15]],[[1617,7833],[91,24]],[[1963,7756],[-88,-2],[3,-91],[-227,-9]],[[1651,7654],[-34,179]],[[1512,7759],[105,74]],[[1651,7654],[6,-32],[-7,-54],[2,-24]],[[1556,7473],[-50,70]],[[1409,8002],[101,54],[70,-13]],[[1379,7667],[-34,16],[-170,61],[-19,11],[-64,49]],[[1092,7804],[153,108],[21,13]],[[1783,7548],[141,2],[95,-11]],[[2019,7539],[-5,-33],[5,-27],[23,-47]],[[2339,5583],[6,-134],[-26,-1],[4,-88]],[[2239,5388],[-6,126],[-39,-2],[-2,64]],[[4640,5913],[-18,8],[-148,-4],[-15,12],[-14,-19],[-41,1]],[[6070,4782],[97,5],[38,11],[23,22],[82,132],[39,25],[38,5],[293,13],[77,4],[49,-4],[125,-36]],[[6931,4959],[-46,-42],[-35,-56],[-74,-108],[-17,-45],[-1,-28],[5,-96],[-2,-9],[-328,-17],[-106,-2]],[[6070,4541],[-3,42],[32,12],[-4,27],[-50,105],[-4,49],[29,6]],[[5786,4423],[7,-154]],[[5793,4269],[-146,-8],[-3,51]],[[3281,5583],[-73,-71]],[[4337,4814],[-129,-45]],[[890,6664],[44,-17]],[[934,6647],[-84,-222],[-18,-43]],[[4922,6557],[34,49],[112,128],[92,82],[74,85]],[[5509,6447],[-85,71]],[[5424,6518],[-139,118],[-147,-182],[33,-29]],[[5310,6244],[-166,-189]],[[5144,6055],[-114,-129]],[[5030,5926],[-59,6],[-67,13],[-63,18],[-124,42]],[[5424,6518],[-69,-84]],[[5373,6053],[-58,1],[-164,-2],[-7,3]],[[5030,5926],[-14,-16]],[[5016,5910],[-71,-81],[-78,-4],[5,-78],[4,-107]],[[4876,5640],[-63,-2],[-43,-9]],[[4770,5629],[1,6]],[[4771,5635],[-8,183]],[[4763,5818],[-5,97],[-68,-2]],[[5016,5910],[19,-1],[331,5]],[[5370,5662],[-110,-5]],[[5260,5657],[-164,-9]],[[5096,5648],[-165,-6]],[[4931,5642],[-55,-2]],[[5103,5491],[165,8]],[[5268,5499],[2,-53],[-110,-6],[7,-120]],[[5167,5320],[-56,-4]],[[5111,5316],[-5,122]],[[5106,5438],[-3,53]],[[1791,5259],[2,-54]],[[1793,5205],[4,-54]],[[1649,5155],[10,78],[18,32],[35,29],[63,4],[16,-39]],[[1970,5323],[-113,-6]],[[1857,5317],[-3,56],[-205,-11],[-62,-31],[-3,82]],[[979,5151],[-1,49],[-13,37],[-34,49],[6,33],[47,25],[14,-1],[176,-129],[-11,-16],[1,-38]],[[1170,5009],[2,-37]],[[1172,4972],[3,-90]],[[1172,4972],[54,-5],[22,4],[31,19]],[[1279,4990],[2,-40],[218,10]],[[1499,4960],[3,-63]],[[1447,5311],[27,-47],[-5,-40],[3,-31],[23,-105],[8,-18],[65,-63],[24,1],[-5,-45],[5,-62]],[[1499,4960],[-2,56],[-47,42],[-46,19],[-27,-4],[-56,-55],[-42,-28]],[[3310,5022],[82,86]],[[3447,4929],[-62,-4],[-134,-5]],[[3251,4920],[4,26],[23,41],[32,35]],[[2507,2747],[99,-26],[59,-30],[46,48],[37,77],[1,33],[-18,-8],[-33,19]],[[2698,2860],[2,23],[-40,11],[42,76],[-2,20],[-93,83]],[[2607,3073],[36,66]],[[3002,2658],[168,-267],[31,-43],[38,-36]],[[3603,2030],[-17,16],[-86,45],[-383,216],[-56,26],[-182,113],[-84,47],[-185,119],[-118,57]],[[2516,2821],[3,74],[3,17]],[[2522,2912],[104,-32],[72,-20]],[[2522,2912],[25,59],[60,102]],[[7051,6764],[0,-104],[-3,-156],[3,-57],[0,-81]],[[4670,5813],[93,5]],[[4771,5635],[-169,-8]],[[4602,5627],[-3,54]],[[3350,5351],[30,28],[57,23],[32,6],[52,2]],[[3521,5410],[4,-50],[13,-80]],[[3478,5214],[-52,50],[-76,87]],[[3639,6606],[7,12],[56,3]],[[3702,6621],[12,-254]],[[3651,6363],[-12,243]],[[7047,5716],[0,-94],[4,-42],[-2,-88],[5,-154],[-2,-84],[-5,-88],[11,-124]],[[7058,5042],[-72,-50],[-55,-33]],[[6070,4782],[-94,-5]],[[5976,4777],[36,103],[17,35],[22,31],[46,45],[46,32],[63,17],[49,8],[49,86],[111,185]],[[6237,5245],[76,35],[102,39]],[[5976,4777],[-207,-11]],[[5769,4766],[-3,59]],[[5766,4825],[-11,217],[-8,128],[-256,-12]],[[5379,5328],[-6,107],[-3,227]],[[5766,4825],[-256,-14]],[[5509,4841],[-11,210]],[[1379,7667],[-11,-7],[-121,-101]],[[1132,7597],[-64,81],[-18,-12],[-50,72]],[[1350,7304],[-40,15]],[[627,7779],[120,118],[21,18]],[[927,7686],[-68,-63],[-27,-29]],[[832,7594],[-69,61]],[[146,8237],[79,60],[61,29],[33,11],[70,72]],[[455,8340],[-133,-134],[92,-92]],[[414,8114],[-62,-83]],[[487,7907],[95,110],[96,139]],[[4826,4476],[-118,-6]],[[3319,6764],[3,-23],[19,-52],[15,-93],[-1,-48],[-14,-33]],[[5769,4766],[7,-140]],[[5515,4730],[-1,23]],[[5924,6653],[-57,-86],[-14,-38]],[[4892,5307],[57,1]],[[4949,5308],[162,8]],[[5169,5248],[-110,-6],[6,-106]],[[4185,7699],[19,-3],[15,117]],[[4219,7813],[15,141]],[[5021,4909],[6,-122]],[[6288,8830],[164,2],[34,4]],[[4592,5808],[-83,-3]],[[4509,5805],[-126,-9]],[[4349,5794],[12,51]],[[4509,5805],[6,-130],[-125,-6]],[[4316,7214],[3,-42]],[[4319,7172],[-33,-30],[3,-40],[-14,-15],[-28,0]],[[4247,7087],[-29,17]],[[4028,7145],[-73,-2]],[[4319,7172],[16,-42],[35,-58],[93,-102],[22,-29],[16,-32]],[[4317,6910],[0,137],[-69,0],[-1,40]],[[4032,6932],[-1,92],[36,-13],[17,8]],[[4739,6623],[0,49],[26,313],[9,112],[-98,10],[-33,1],[-90,-14],[-3,-82],[-9,-37],[-19,-46],[-21,-20]],[[3281,5432],[59,-63],[10,-18]],[[3350,5351],[-68,-67],[-108,-118]],[[3174,5166],[-80,84]],[[3310,5022],[-95,101]],[[3215,5123],[-41,43]],[[3215,5123],[-69,-73],[28,-31],[-3,-13],[-25,-8],[-6,40],[-105,-4]],[[3035,5034],[-47,113]],[[3251,4920],[-164,-9]],[[3087,4911],[-52,123]],[[2392,3187],[75,0],[43,-4],[74,-17],[59,-27]],[[2170,2853],[-44,22],[-123,69]],[[2003,2944],[50,41],[39,23],[168,68],[28,14],[38,29],[66,68]],[[2091,3981],[40,11],[19,-2],[35,-18],[10,-17]],[[2195,3955],[-16,-51],[13,-168]],[[2253,3465],[-8,-9],[37,-43],[-28,-36],[-42,40],[-11,-13]],[[2201,3404],[-150,151],[-67,65],[-260,-148]],[[1808,3199],[44,69],[67,89],[49,-43],[46,-26],[47,-46],[140,162]],[[2003,2944],[-106,65],[-67,33]],[[3421,3176],[266,-146]],[[3609,2764],[-32,60],[-32,29],[-26,0],[-73,-23],[-30,-4],[-79,19],[-35,-10],[-25,-38],[-16,-51]],[[3261,2746],[-25,-79],[-122,42],[-54,35],[-26,33],[-18,39],[-21,100],[1,33],[10,27],[32,48],[16,32]],[[3340,2620],[-83,37],[9,20],[31,12],[44,-21],[11,2],[-40,84],[-22,2],[-3,-19],[-26,9]],[[6503,4254],[128,6]],[[6631,4260],[52,-51],[8,-25],[0,-57],[7,-38]],[[6698,4089],[-41,-5],[-151,-8]],[[6631,4260],[161,9],[26,2]],[[6818,4271],[19,-40],[37,-97]],[[6874,4134],[-79,-6],[-97,-39]],[[6874,4134],[29,-77]],[[6903,4057],[-61,-74],[3,-40],[-29,-9],[-84,-14],[-4,82],[-218,-9]],[[6510,3993],[0,11]],[[6818,4271],[101,73],[105,80],[31,2]],[[7055,4426],[-14,-90],[6,-61],[0,-433],[6,-50],[-2,-106],[-4,-24]],[[7047,3662],[-19,44],[-35,100]],[[6993,3806],[-90,251]],[[6993,3806],[-181,-12],[-292,-11],[-10,210]],[[7047,3423],[0,-297],[2,-39],[-2,-129]],[[7047,2958],[-43,45],[-24,33],[-41,66],[-77,135],[-43,69],[-27,33],[-47,40],[-82,41],[-15,11],[4,49],[19,22],[44,3],[49,-9],[21,3],[36,-8],[1,-16],[63,-38],[17,-3],[8,-30],[13,-11],[33,-6],[31,1],[14,10],[9,24],[37,1]],[[6083,4296],[3,-66]],[[6086,4230],[-182,-9],[-108,-4]],[[5796,4217],[-3,52]],[[5796,4217],[-17,-1],[-43,-70],[-35,-36],[-156,-9]],[[5545,4101],[-10,205]],[[4831,4373],[-256,-13]],[[3943,7814],[2,-91]],[[3660,7480],[-3,100],[22,9],[29,1],[28,-11],[7,43],[4,80],[8,8],[0,45],[-25,1],[-3,25],[9,11]],[[4391,5616],[211,11]],[[4770,5629],[9,-153]],[[4779,5476],[-118,-5],[-47,-5]],[[4614,5466],[-215,-12]],[[4399,5454],[-8,162]],[[3884,5429],[122,6]],[[4184,5444],[4,-106],[-57,-4],[3,-68]],[[4134,5266],[-91,-6]],[[4043,5260],[-167,-7]],[[3876,5253],[-1,66],[3,54]],[[4043,5260],[26,-120],[10,-55]],[[3886,5075],[-9,117],[-1,61]],[[4064,3823],[11,-212],[-107,-11],[-1,5],[-105,-4]],[[2902,5860],[-43,-32],[-97,127]],[[4379,2909],[353,0],[473,75],[210,10]],[[5415,2994],[73,-45],[120,-66],[846,-1056],[605,-756]],[[7059,1071],[-8,-56]],[[2371,4873],[188,9]],[[2562,4790],[-67,-3],[5,-98],[-92,-3],[-31,-4]],[[2377,4682],[-6,191]],[[2503,4592],[-121,-6]],[[2382,4586],[-5,96]],[[1793,5205],[173,9]],[[5883,6490],[74,-16],[24,3],[41,18],[36,-5],[43,-35],[9,-14]],[[6110,6441],[44,-156],[-93,-18],[-28,4],[23,-37],[29,-66],[29,-34]],[[2341,8241],[23,7]],[[2019,7539],[12,70],[-7,81],[-11,73]],[[1982,7978],[159,83],[55,31],[33,30],[34,61],[29,32],[49,26]],[[5194,3757],[190,172]],[[5384,3929],[71,0],[3,-33],[-20,-23],[82,0],[38,7],[110,7],[57,13],[38,21],[44,38],[-2,82],[-9,176]],[[6086,4230],[84,6],[187,10]],[[7047,3662],[0,-239]],[[7047,2958],[1,-172],[11,-269],[-5,-70],[6,-102],[-8,-47],[7,-61],[-4,-60],[4,-1106]],[[5415,2994],[-82,147],[-19,116],[-29,199]],[[737,7492],[138,-102],[57,-35],[108,-47],[69,-25]],[[180,8630],[-133,-132],[-43,-44]],[[4,8454],[-4,58],[1,57],[8,139],[-1,115]],[[4779,5476],[1,-27]],[[4780,5449],[4,-96]],[[4532,5286],[-4,69],[87,4],[-5,102],[4,5]],[[2334,5680],[245,13]],[[2460,5588],[-121,-5]],[[2274,4580],[108,6]],[[2382,4586],[5,-113]],[[2156,4353],[-10,212],[-2,10]],[[3248,4634],[10,58],[1,56],[-9,103],[1,69]],[[3447,4929],[10,-225],[1,-56]],[[3466,4497],[-209,-10]],[[3519,5434],[2,-24]],[[3799,6625],[-4,77],[-100,81]],[[5449,4097],[96,4]],[[5384,3929],[27,20],[43,51],[-5,97]],[[5443,4199],[6,-102]],[[5194,3757],[55,259],[18,15],[14,60],[-55,16]],[[2822,5143],[11,-246]],[[2669,4888],[-3,66]],[[2390,4391],[123,4]],[[2513,4395],[4,-108],[7,-132]],[[2524,4155],[-60,-21]],[[2464,4134],[-31,75]],[[2433,4209],[-39,92]],[[3425,4243],[66,-24],[66,-28]],[[3512,3906],[-29,-66],[-21,-67],[-38,-104],[-15,-27],[-35,-36],[-52,-22]],[[3026,3653],[117,131],[67,67],[-227,227],[165,166]],[[974,7462],[-142,132]],[[7058,5042],[-11,-216],[4,-90],[7,-42],[-7,-102],[4,-166]],[[1758,8827],[186,5],[54,-1],[85,-5],[72,6],[238,0],[30,4]],[[2341,8241],[22,95],[2,51],[-5,116],[-3,33],[-12,40],[-27,44],[-26,-5],[-51,4],[14,-51],[-55,1],[-44,-28],[-44,-7],[-120,19],[-163,2]],[[3702,6621],[97,4]],[[4341,4697],[-4,117]],[[4931,5642],[7,-159]],[[4938,5483],[-54,-3],[0,-26],[-104,-5]],[[3955,5952],[1,-185]],[[3956,5767],[-3,-4],[-112,-7]],[[3841,5756],[-97,-6]],[[2334,5680],[-5,108]],[[1038,7095],[0,-73],[4,-31],[37,-71]],[[2559,4882],[-11,189]],[[2548,5071],[-2,59]],[[4125,4527],[-17,73],[-25,79],[16,5],[-24,38]],[[4108,3536],[-243,-14]],[[3393,7033],[33,-28]],[[3426,7005],[201,-174]],[[3627,6831],[12,-225]],[[2195,3955],[31,56],[56,47],[65,33],[117,43]],[[2524,4155],[128,53],[49,23]],[[2701,4231],[53,28],[55,41],[48,22]],[[3026,3653],[-73,17],[-76,13]],[[3693,6780],[5,-115],[4,-44]],[[2701,4231],[-5,31],[-7,142]],[[3530,6992],[-48,42],[-29,10],[-27,-39]],[[4532,5286],[-123,-7]],[[4409,5279],[-10,175]],[[3466,7480],[-14,127],[-11,64],[-29,208]],[[13,8362],[-9,92]],[[4831,4373],[13,-328]],[[3756,5495],[-5,141],[97,5],[-7,115]],[[3756,5495],[-33,15],[-86,68],[-102,73]],[[4938,5483],[11,-175]],[[5096,5648],[7,-157]],[[5106,5438],[-89,-5],[-3,54],[-76,-4]],[[4391,5616],[-1,53]],[[6530,5562],[-29,7],[-17,12],[-16,27],[-29,33],[-56,35],[-17,28],[-21,51],[-97,7]],[[2153,5671],[-155,-7]],[[1181,6551],[93,243]],[[3550,5057],[111,9]],[[3661,5066],[2,-10]],[[3663,5056],[5,-115]],[[3614,4937],[-58,-2]],[[2837,4802],[7,-189]],[[5102,4915],[9,-123]],[[3941,7857],[72,-6],[86,-25],[120,-13]],[[3004,4855],[65,4],[2,-46],[56,4],[40,-101],[36,-81]],[[3013,4623],[-9,232]],[[1857,5317],[-69,-3],[3,-55]],[[2288,4255],[40,-92],[105,46]],[[574,8227],[-84,-121],[-41,39],[-35,-31]],[[3721,4943],[47,1]],[[3768,4944],[26,-31],[104,2]],[[6194,6493],[-59,-43],[-25,-9]],[[2934,5148],[9,-245]],[[2943,4903],[-110,-6]],[[3087,4911],[-86,-5]],[[3001,4906],[-58,-3]],[[1274,6794],[-69,24],[-88,0]],[[1181,6551],[-57,24],[-190,72]],[[6199,6496],[24,-30],[81,-114],[20,-59]],[[3596,5307],[-31,-39],[-23,-20]],[[5268,5499],[-8,158]],[[2004,6991],[-110,-58]],[[3657,5172],[4,-106]],[[3001,4906],[3,-51]],[[1178,5902],[125,6]],[[1438,5915],[1,-9]],[[4129,5962],[-86,-106],[5,-83]],[[2548,5071],[-98,-3]],[[3876,5253],[-107,-7]],[[3779,5057],[-7,120]],[[3768,4944],[2,30],[12,34],[-3,49]],[[3779,5057],[-116,-1]],[[5488,8833],[107,-1]],[[4399,5454],[-215,-10]],[[5174,5142],[-109,-6]],[[5179,5035],[-81,-5]]],"transform":{"scale":[0.00002578838526912066,0.000019802987439176156],"translate":[-76.711519,39.197207]},"objects":{"Geometry\\24-510":{"type":"GeometryCollection","geometries":[{"arcs":[[0,1,2,3,4]],"type":"Polygon","properties":{"GEOID":"245100401001"}},{"arcs":[[5,6,7,8,9,10,11]],"type":"Polygon","properties":{"GEOID":"245101307003"}},{"arcs":[[12,13,14,15,16,17,18,19,20,21,22]],"type":"Polygon","properties":{"GEOID":"245101304001"}},{"arcs":[[23,24,25,26,27,28,29]],"type":"Polygon","properties":{"GEOID":"245102801021"}},{"arcs":[[30,31,32,33]],"type":"Polygon","properties":{"GEOID":"245102606053"}},{"arcs":[[34,35,36,37,38]],"type":"Polygon","properties":{"GEOID":"245102611001"}},{"arcs":[[39,40,41,42]],"type":"Polygon","properties":{"GEOID":"245102701011"}},{"arcs":[[43,-42,44,45,46,47,48]],"type":"Polygon","properties":{"GEOID":"245102701012"}},{"arcs":[[49,50,51,52,53]],"type":"Polygon","properties":{"GEOID":"245102701021"}},{"arcs":[[-53,54,55,56,57,58]],"type":"Polygon","properties":{"GEOID":"245102701022"}},{"arcs":[[59,-58,60,61,-46]],"type":"Polygon","properties":{"GEOID":"245102701023"}},{"arcs":[[62,-54,-59,-60,-45,-41]],"type":"Polygon","properties":{"GEOID":"245102701024"}},{"arcs":[[63,64,-40,65]],"type":"Polygon","properties":{"GEOID":"245102702001"}},{"arcs":[[66,67,-66,-43,-44,68,69]],"type":"Polygon","properties":{"GEOID":"245102702002"}},{"arcs":[[70,-64,-68,71]],"type":"Polygon","properties":{"GEOID":"245102702003"}},{"arcs":[[72,73,74,75,76]],"type":"Polygon","properties":{"GEOID":"245102703011"}},{"arcs":[[77,78,79,80,81]],"type":"Polygon","properties":{"GEOID":"245101512004"}},{"arcs":[[82,83,84,85,86,87]],"type":"Polygon","properties":{"GEOID":"245101601003"}},{"arcs":[[88,89,90,91,92,93]],"type":"Polygon","properties":{"GEOID":"245101604003"}},{"arcs":[[94,95,96,97,98,99]],"type":"Polygon","properties":{"GEOID":"245102008002"}},{"arcs":[[100,101,102,103]],"type":"Polygon","properties":{"GEOID":"245102502055"}},{"arcs":[[104,105,106,107,108]],"type":"Polygon","properties":{"GEOID":"245102504012"}},{"arcs":[[109,110,111,112,113]],"type":"Polygon","properties":{"GEOID":"245100903001"}},{"arcs":[[114,115,116,-114,117,118,119,120]],"type":"Polygon","properties":{"GEOID":"245100903002"}},{"arcs":[[121,122,123,-110,-117]],"type":"Polygon","properties":{"GEOID":"245100903003"}},{"arcs":[[124,125,126,127,128]],"type":"Polygon","properties":{"GEOID":"245100904001"}},{"arcs":[[129,130,-128,131,132]],"type":"Polygon","properties":{"GEOID":"245100904002"}},{"arcs":[[-126,133,-112,134,135,136,137,138]],"type":"Polygon","properties":{"GEOID":"245100905001"}},{"arcs":[[139,140,141,142]],"type":"Polygon","properties":{"GEOID":"245100906001"}},{"arcs":[[143,144,-143,145,146,-135]],"type":"Polygon","properties":{"GEOID":"245100906002"}},{"arcs":[[-146,-142,147,148]],"type":"Polygon","properties":{"GEOID":"245100906003"}},{"arcs":[[-147,-149,149,150,-136]],"type":"Polygon","properties":{"GEOID":"245100907001"}},{"arcs":[[151,152,153,-138]],"type":"Polygon","properties":{"GEOID":"245100907004"}},{"arcs":[[154,155,156,157,158,159,160]],"type":"Polygon","properties":{"GEOID":"245102715031"}},{"arcs":[[161,162,163,164,165,166]],"type":"Polygon","properties":{"GEOID":"245101803001"}},{"arcs":[[-166,167,168,169,170]],"type":"Polygon","properties":{"GEOID":"245101803002"}},{"arcs":[[171,172,173,174,175,176,177,178]],"type":"Polygon","properties":{"GEOID":"245101901002"}},{"arcs":[[179,-177,180,181,182,183]],"type":"Polygon","properties":{"GEOID":"245101903002"}},{"arcs":[[184,185,186,187]],"type":"Polygon","properties":{"GEOID":"245102002001"}},{"arcs":[[188,189,190,191,192,-188,193,194]],"type":"Polygon","properties":{"GEOID":"245102002002"}},{"arcs":[[195,196,197,198,199,200]],"type":"Polygon","properties":{"GEOID":"245102503011"}},{"arcs":[[201,202,203,204,205]],"type":"Polygon","properties":{"GEOID":"245102503031"}},{"arcs":[[206,207,208,209,-106,210,211]],"type":"Polygon","properties":{"GEOID":"245102504011"}},{"arcs":[[212,-211,-105,213]],"type":"Polygon","properties":{"GEOID":"245102504013"}},{"arcs":[[-209,214,215,216,217]],"type":"Polygon","properties":{"GEOID":"245102504021"}},{"arcs":[[-108,218,219,220,221]],"type":"Polygon","properties":{"GEOID":"245102504023"}},{"arcs":[[-210,-218,222,-219,-107]],"type":"Polygon","properties":{"GEOID":"245102504024"}},{"arcs":[[223,224,225]],"type":"Polygon","properties":{"GEOID":"245102505004"}},{"arcs":[[226,-76,227,228,-71,229]],"type":"Polygon","properties":{"GEOID":"245102703012"}},{"arcs":[[230,-230,-72,-67,231]],"type":"Polygon","properties":{"GEOID":"245102703013"}},{"arcs":[[232,233,-77,-227,-231,234]],"type":"Polygon","properties":{"GEOID":"245102703014"}},{"arcs":[[-229,235,-50,-63,-65]],"type":"Polygon","properties":{"GEOID":"245102703022"}},{"arcs":[[236,237,238,239,240,241]],"type":"Polygon","properties":{"GEOID":"245102704011"}},{"arcs":[[242,243,-242,244,245,246,247]],"type":"Polygon","properties":{"GEOID":"245102704012"}},{"arcs":[[248,-247,249,250,251,-56]],"type":"Polygon","properties":{"GEOID":"245102704013"}},{"arcs":[[252,-248,-249,-55,-52]],"type":"Polygon","properties":{"GEOID":"245102704014"}},{"arcs":[[253,254,-237,-244,255,256]],"type":"Polygon","properties":{"GEOID":"245102704021"}},{"arcs":[[257,-256,-243,-253,258,259]],"type":"Polygon","properties":{"GEOID":"245102704022"}},{"arcs":[[260,261,-260,262]],"type":"Polygon","properties":{"GEOID":"245102704023"}},{"arcs":[[-132,-127,-139,-154,263,264,265,266,267,268,269]],"type":"Polygon","properties":{"GEOID":"245100908003"}},{"arcs":[[270,271,272,273,274,275,276]],"type":"Polygon","properties":{"GEOID":"245100909002"}},{"arcs":[[277,278,-225,279,280,-221]],"type":"Polygon","properties":{"GEOID":"245102505003"}},{"arcs":[[-216,281,-226,-279,282]],"type":"Polygon","properties":{"GEOID":"245102505005"}},{"arcs":[[-240,283,284,285,286]],"type":"Polygon","properties":{"GEOID":"245102601011"}},{"arcs":[[287,288,289,290,291,292]],"type":"Polygon","properties":{"GEOID":"245102601013"}},{"arcs":[[-246,293,-288,294,295]],"type":"Polygon","properties":{"GEOID":"245102601014"}},{"arcs":[[-241,-287,296,-289,-294,-245]],"type":"Polygon","properties":{"GEOID":"245102601015"}},{"arcs":[[297,298,299,300]],"type":"Polygon","properties":{"GEOID":"245102705011"}},{"arcs":[[301,-298,302,303,304]],"type":"Polygon","properties":{"GEOID":"245102705012"}},{"arcs":[[-303,-301,305,306,307]],"type":"Polygon","properties":{"GEOID":"245102705013"}},{"arcs":[[308,-304,-308,309,310,311]],"type":"Polygon","properties":{"GEOID":"245102705014"}},{"arcs":[[-306,-300,312,-284,-239,313]],"type":"Polygon","properties":{"GEOID":"245102705021"}},{"arcs":[[-307,-314,-238,-255,314]],"type":"Polygon","properties":{"GEOID":"245102705022"}},{"arcs":[[-310,-315,-254,315,316]],"type":"Polygon","properties":{"GEOID":"245102705023"}},{"arcs":[[317,318,319,320,321,322]],"type":"Polygon","properties":{"GEOID":"245102706004"}},{"arcs":[[323,324,-322,325,-261,-74]],"type":"Polygon","properties":{"GEOID":"245102706002"}},{"arcs":[[326,327,-323,-325,328,-233,329]],"type":"Polygon","properties":{"GEOID":"245102706003"}},{"arcs":[[330,331,332,-327,333]],"type":"Polygon","properties":{"GEOID":"245102706006"}},{"arcs":[[334,-318,-328,-333]],"type":"Polygon","properties":{"GEOID":"245102706005"}},{"arcs":[[335,336,337,338]],"type":"Polygon","properties":{"GEOID":"245102707011"}},{"arcs":[[339,340,341,342,343,344]],"type":"Polygon","properties":{"GEOID":"245101002001"}},{"arcs":[[345,-340,346]],"type":"Polygon","properties":{"GEOID":"245101002002"}},{"arcs":[[347,348,349,350]],"type":"Polygon","properties":{"GEOID":"245101101002"}},{"arcs":[[351,352,353,354,355]],"type":"Polygon","properties":{"GEOID":"245101102003"}},{"arcs":[[356,357,358,-121,359,360,361,362,363]],"type":"Polygon","properties":{"GEOID":"245101201001"}},{"arcs":[[364,365,366,367,368]],"type":"Polygon","properties":{"GEOID":"245102720042"}},{"arcs":[[369,370,371,372]],"type":"Polygon","properties":{"GEOID":"245102720052"}},{"arcs":[[373,-373,374,375]],"type":"Polygon","properties":{"GEOID":"245102720051"}},{"arcs":[[376,377,-365,378,379,-371]],"type":"Polygon","properties":{"GEOID":"245102720053"}},{"arcs":[[380,381,-366,-378]],"type":"Polygon","properties":{"GEOID":"245102720041"}},{"arcs":[[382,383,384,385,-367,-382]],"type":"Polygon","properties":{"GEOID":"245102720031"}},{"arcs":[[-385,386,387,388]],"type":"Polygon","properties":{"GEOID":"245102720032"}},{"arcs":[[389,-364,390,391]],"type":"Polygon","properties":{"GEOID":"245101201003"}},{"arcs":[[392,393,-131,394,395]],"type":"Polygon","properties":{"GEOID":"245101203001"}},{"arcs":[[396,-133,397,398]],"type":"Polygon","properties":{"GEOID":"245101203003"}},{"arcs":[[-398,-270,399,400,401]],"type":"Polygon","properties":{"GEOID":"245101203004"}},{"arcs":[[-401,402,403,404,405]],"type":"Polygon","properties":{"GEOID":"245101204002"}},{"arcs":[[406,-396,407,408,409,410]],"type":"Polygon","properties":{"GEOID":"245101206001"}},{"arcs":[[-409,-399,-402,-406,411,412]],"type":"Polygon","properties":{"GEOID":"245101206002"}},{"arcs":[[413,414,415]],"type":"Polygon","properties":{"GEOID":"245101207001"}},{"arcs":[[416,-415,-410,417]],"type":"Polygon","properties":{"GEOID":"245101207002"}},{"arcs":[[-388,418,419,420,421,422,423]],"type":"Polygon","properties":{"GEOID":"245102720033"}},{"arcs":[[-369,424,-424,425,426,427,-379]],"type":"Polygon","properties":{"GEOID":"245102720034"}},{"arcs":[[-368,-386,-389,-425]],"type":"Polygon","properties":{"GEOID":"245102720035"}},{"arcs":[[428,429,430,431]],"type":"Polygon","properties":{"GEOID":"245102801011"}},{"arcs":[[-431,432,433,434,435,436,-24,437]],"type":"Polygon","properties":{"GEOID":"245102801012"}},{"arcs":[[-28,438,439,440,441,442]],"type":"Polygon","properties":{"GEOID":"245102801024"}},{"arcs":[[443,444,-439,-27]],"type":"Polygon","properties":{"GEOID":"245102801025"}},{"arcs":[[445,446,447,448,449,450,451,452]],"type":"Polygon","properties":{"GEOID":"245102802002"}},{"arcs":[[453,-418,-413,454,455,456,457,-17]],"type":"Polygon","properties":{"GEOID":"245101207003"}},{"arcs":[[458,-457,459,460,461]],"type":"Polygon","properties":{"GEOID":"245101302001"}},{"arcs":[[462,-461,463,464,465]],"type":"Polygon","properties":{"GEOID":"245101302002"}},{"arcs":[[466,-466,467,468,469,470]],"type":"Polygon","properties":{"GEOID":"245101302003"}},{"arcs":[[471,-462,-463,-467,472]],"type":"Polygon","properties":{"GEOID":"245101302004"}},{"arcs":[[473,474,475,476]],"type":"Polygon","properties":{"GEOID":"245101303002"}},{"arcs":[[477,-476,478,479,480,481]],"type":"Polygon","properties":{"GEOID":"245101303003"}},{"arcs":[[482,-20,483,484,-477,-478,485]],"type":"Polygon","properties":{"GEOID":"245101304002"}},{"arcs":[[-11,486,487,488]],"type":"Polygon","properties":{"GEOID":"245101306003"}},{"arcs":[[489,490,-12,-489,491,492]],"type":"Polygon","properties":{"GEOID":"245101306004"}},{"arcs":[[493,494,495,496,497,498,499]],"type":"Polygon","properties":{"GEOID":"245102005004"}},{"arcs":[[500,501,-195,502,503,504,505,506,507,508,509]],"type":"Polygon","properties":{"GEOID":"245102006001"}},{"arcs":[[510,511,-446,512]],"type":"Polygon","properties":{"GEOID":"245102802003"}},{"arcs":[[-29,-443,513,-511,514]],"type":"Polygon","properties":{"GEOID":"245102802004"}},{"arcs":[[-442,515,-447,-512,-514]],"type":"Polygon","properties":{"GEOID":"245102802005"}},{"arcs":[[-441,516,517,-448,-516]],"type":"Polygon","properties":{"GEOID":"245102802006"}},{"arcs":[[518,519,520,521,522,523,524]],"type":"Polygon","properties":{"GEOID":"245102803011"}},{"arcs":[[525,526,-519,527,-452]],"type":"Polygon","properties":{"GEOID":"245102803012"}},{"arcs":[[-527,528,529,-520]],"type":"Polygon","properties":{"GEOID":"245102803013"}},{"arcs":[[-450,530,531,532,533]],"type":"Polygon","properties":{"GEOID":"245102803021"}},{"arcs":[[-412,-405,534,535,-455]],"type":"Polygon","properties":{"GEOID":"245101206003"}},{"arcs":[[536,537,538]],"type":"Polygon","properties":{"GEOID":"245100806003"}},{"arcs":[[539,540,541,542,543,-84]],"type":"Polygon","properties":{"GEOID":"245101402003"}},{"arcs":[[-492,-488,544,-416,-417,-454,-16,545]],"type":"Polygon","properties":{"GEOID":"245101306001"}},{"arcs":[[546,-7,547,548]],"type":"Polygon","properties":{"GEOID":"245101307002"}},{"arcs":[[549,-549,550,551]],"type":"Polygon","properties":{"GEOID":"245101307001"}},{"arcs":[[552,-490,553,554,555]],"type":"Polygon","properties":{"GEOID":"245101307004"}},{"arcs":[[556,557,-552,-556,558,559]],"type":"Polygon","properties":{"GEOID":"245101307005"}},{"arcs":[[-160,560,561,562,563]],"type":"Polygon","properties":{"GEOID":"245101308031"}},{"arcs":[[-159,-560,564,-561]],"type":"Polygon","properties":{"GEOID":"245101308032"}},{"arcs":[[-565,-559,565,-562]],"type":"Polygon","properties":{"GEOID":"245101308033"}},{"arcs":[[566,-507,567,568,-97,569]],"type":"Polygon","properties":{"GEOID":"245102006002"}},{"arcs":[[-338,570,571,-319,-335,-332,572]],"type":"Polygon","properties":{"GEOID":"245102707022"}},{"arcs":[[573,574,575,-571,-337]],"type":"Polygon","properties":{"GEOID":"245102707033"}},{"arcs":[[576,577,578,579]],"type":"Polygon","properties":{"GEOID":"245102708011"}},{"arcs":[[580,-579,581,582,583,584,585]],"type":"Polygon","properties":{"GEOID":"245102708012"}},{"arcs":[[586,-586,587,588,589]],"type":"Polygon","properties":{"GEOID":"245102708013"}},{"arcs":[[590,-580,-581,-587]],"type":"Polygon","properties":{"GEOID":"245102708014"}},{"arcs":[[-583,591,592,593,594]],"type":"Polygon","properties":{"GEOID":"245102708021"}},{"arcs":[[595,-594,596,597,598]],"type":"Polygon","properties":{"GEOID":"245102708022"}},{"arcs":[[-526,-451,-534,599,600,601,-529]],"type":"Polygon","properties":{"GEOID":"245102803022"}},{"arcs":[[-524,602,603,604,605,606]],"type":"Polygon","properties":{"GEOID":"245102804011"}},{"arcs":[[607,608,609,610,-604]],"type":"Polygon","properties":{"GEOID":"245102804012"}},{"arcs":[[611,-605,-611,612,613]],"type":"Polygon","properties":{"GEOID":"245102804013"}},{"arcs":[[614,615,616,617,618]],"type":"Polygon","properties":{"GEOID":"245102804032"}},{"arcs":[[-566,-555,619,620,-563]],"type":"Polygon","properties":{"GEOID":"245101308041"}},{"arcs":[[-554,-493,-546,-15,621,-620]],"type":"Polygon","properties":{"GEOID":"245101308042"}},{"arcs":[[622,623,-564,-621,-622,-14,624,625,626]],"type":"Polygon","properties":{"GEOID":"245101308061"}},{"arcs":[[627,628,629,630]],"type":"Polygon","properties":{"GEOID":"245101401001"}},{"arcs":[[-464,-460,631,-631,632,633]],"type":"Polygon","properties":{"GEOID":"245101401002"}},{"arcs":[[-479,-475,634,-469,635,636,637,638]],"type":"Polygon","properties":{"GEOID":"245101403001"}},{"arcs":[[-480,-639,639,640,641]],"type":"Polygon","properties":{"GEOID":"245101403002"}},{"arcs":[[642,-641,643,644]],"type":"Polygon","properties":{"GEOID":"245101501002"}},{"arcs":[[-508,-567,645,646]],"type":"Polygon","properties":{"GEOID":"245102006003"}},{"arcs":[[647,-510,648,649,650]],"type":"Polygon","properties":{"GEOID":"245102007011"}},{"arcs":[[651,-649,-509,-647,652]],"type":"Polygon","properties":{"GEOID":"245102007012"}},{"arcs":[[653,-650,-652,654,655]],"type":"Polygon","properties":{"GEOID":"245102007013"}},{"arcs":[[656,657,658,659,-656,660,-95,661,662]],"type":"Polygon","properties":{"GEOID":"245102007014"}},{"arcs":[[663,-651,-654,-660]],"type":"Polygon","properties":{"GEOID":"245102007015"}},{"arcs":[[-655,-653,-646,-570,-96,-661]],"type":"Polygon","properties":{"GEOID":"245102007021"}},{"arcs":[[-98,-569,664,665,666]],"type":"Polygon","properties":{"GEOID":"245102008001"}},{"arcs":[[667,668,-599,669,670]],"type":"Polygon","properties":{"GEOID":"245102708023"}},{"arcs":[[-588,-585,671,-668,672]],"type":"Polygon","properties":{"GEOID":"245102708024"}},{"arcs":[[-584,-595,-596,-669,-672]],"type":"Polygon","properties":{"GEOID":"245102708025"}},{"arcs":[[673,-619,674,675]],"type":"Polygon","properties":{"GEOID":"245102804033"}},{"arcs":[[676,-613,-610,677,678,-615,-674,679]],"type":"Polygon","properties":{"GEOID":"245102804034"}},{"arcs":[[680,-662,-100,681,682]],"type":"Polygon","properties":{"GEOID":"245102804041"}},{"arcs":[[-609,-663,-681,-678]],"type":"Polygon","properties":{"GEOID":"245102804042"}},{"arcs":[[683,684,685,686,-265]],"type":"Polygon","properties":{"GEOID":"245100805001"}},{"arcs":[[687,688,689,690,691]],"type":"Polygon","properties":{"GEOID":"245101511004"}},{"arcs":[[692,693,694,695]],"type":"Polygon","properties":{"GEOID":"245101608013"}},{"arcs":[[696,697,698,699,700,701,702]],"type":"Polygon","properties":{"GEOID":"245101701001"}},{"arcs":[[703,704,705,706,707,708]],"type":"Polygon","properties":{"GEOID":"245102301001"}},{"arcs":[[709,-203,710,711]],"type":"Polygon","properties":{"GEOID":"245102503033"}},{"arcs":[[712,-645,713,-83,714,715,716,717]],"type":"Polygon","properties":{"GEOID":"245101501003"}},{"arcs":[[718,719,-718,720]],"type":"Polygon","properties":{"GEOID":"245101502002"}},{"arcs":[[721,722,723,724]],"type":"Polygon","properties":{"GEOID":"245101503001"}},{"arcs":[[725,726,-486,-482,727,728]],"type":"Polygon","properties":{"GEOID":"245101504001"}},{"arcs":[[729,-80,730,-23,731,732]],"type":"Polygon","properties":{"GEOID":"245101505001"}},{"arcs":[[-732,-22,-726,733,734]],"type":"Polygon","properties":{"GEOID":"245101505002"}},{"arcs":[[735,736,737,738,739,740,741]],"type":"Polygon","properties":{"GEOID":"245101506001"}},{"arcs":[[-740,742,743,744,745]],"type":"Polygon","properties":{"GEOID":"245101506002"}},{"arcs":[[746,747,-742,748,749]],"type":"Polygon","properties":{"GEOID":"245101506003"}},{"arcs":[[-169,750,751,752,753]],"type":"Polygon","properties":{"GEOID":"245102101002"}},{"arcs":[[754,-170,-754,755]],"type":"Polygon","properties":{"GEOID":"245102102002"}},{"arcs":[[756,757,758,759,760,761,762]],"type":"Polygon","properties":{"GEOID":"245102201002"}},{"arcs":[[763,764,765,766,767,-759]],"type":"Polygon","properties":{"GEOID":"245102201003"}},{"arcs":[[-768,768,769,770,771,-760]],"type":"Polygon","properties":{"GEOID":"245102201004"}},{"arcs":[[772,-761,-772,773,-704]],"type":"Polygon","properties":{"GEOID":"245102301002"}},{"arcs":[[-771,774,775,776,777,-705,-774]],"type":"Polygon","properties":{"GEOID":"245102302001"}},{"arcs":[[-706,-778,778,779,780]],"type":"Polygon","properties":{"GEOID":"245102302002"}},{"arcs":[[781,782,783,784,-334,-330,785,786]],"type":"Polygon","properties":{"GEOID":"245102708031"}},{"arcs":[[787,788,789,-280,-224,-282,-215,-208]],"type":"Polygon","properties":{"GEOID":"245102505002"}},{"arcs":[[790,791,-789]],"type":"Polygon","properties":{"GEOID":"245102505001"}},{"arcs":[[792,793,794,795]],"type":"Polygon","properties":{"GEOID":"245102605012"}},{"arcs":[[796,797,798]],"type":"Polygon","properties":{"GEOID":"245102717006"}},{"arcs":[[799,800,801,802,803]],"type":"Polygon","properties":{"GEOID":"245102719004"}},{"arcs":[[804,805,-696,806,-657,-608,-603,-523]],"type":"Polygon","properties":{"GEOID":"245102804021"}},{"arcs":[[807,-749,-741,-746,808,809,810]],"type":"Polygon","properties":{"GEOID":"245101506004"}},{"arcs":[[811,-691,812,-735,-737,813,814,815,816]],"type":"Polygon","properties":{"GEOID":"245101507012"}},{"arcs":[[817,818,819,820,821,822]],"type":"Polygon","properties":{"GEOID":"245101508004"}},{"arcs":[[823,-692,-812,824,-819,825,826]],"type":"Polygon","properties":{"GEOID":"245101508005"}},{"arcs":[[-817,827,828,829,-820,-825]],"type":"Polygon","properties":{"GEOID":"245101508002"}},{"arcs":[[830,-826,-818,831,-532]],"type":"Polygon","properties":{"GEOID":"245101509001"}},{"arcs":[[-832,-823,832,-600,-533]],"type":"Polygon","properties":{"GEOID":"245101509002"}},{"arcs":[[-833,-822,833,834,-601]],"type":"Polygon","properties":{"GEOID":"245101509003"}},{"arcs":[[835,836,837,838,839,840,841,842]],"type":"Polygon","properties":{"GEOID":"245102401001"}},{"arcs":[[-769,-767,843,844,-836,845,846,847]],"type":"Polygon","properties":{"GEOID":"245102402001"}},{"arcs":[[-847,848,849,850,851,852]],"type":"Polygon","properties":{"GEOID":"245102402002"}},{"arcs":[[853,-852,854,-776]],"type":"Polygon","properties":{"GEOID":"245102403002"}},{"arcs":[[-855,-851,855,-779,-777]],"type":"Polygon","properties":{"GEOID":"245102403003"}},{"arcs":[[856,-842,857,858,859,860]],"type":"Polygon","properties":{"GEOID":"245102404002"}},{"arcs":[[-582,-578,861,-782,862,-592]],"type":"Polygon","properties":{"GEOID":"245102708032"}},{"arcs":[[-593,-863,-787,863,-597]],"type":"Polygon","properties":{"GEOID":"245102708033"}},{"arcs":[[864,-590,865,866,867]],"type":"Polygon","properties":{"GEOID":"245102708041"}},{"arcs":[[-866,-589,868,869,870]],"type":"Polygon","properties":{"GEOID":"245102708042"}},{"arcs":[[871,872,-867,-871,873,874]],"type":"Polygon","properties":{"GEOID":"245102708043"}},{"arcs":[[-869,-673,875,876,877]],"type":"Polygon","properties":{"GEOID":"245102708051"}},{"arcs":[[-876,-671,878,879,880,881]],"type":"Polygon","properties":{"GEOID":"245102708052"}},{"arcs":[[882,883,-877,-882,884,885]],"type":"Polygon","properties":{"GEOID":"245102708053"}},{"arcs":[[886,-883,887,888]],"type":"Polygon","properties":{"GEOID":"245102708054"}},{"arcs":[[-602,-835,889,890,-811,891,892,893,-521,-530]],"type":"Polygon","properties":{"GEOID":"245101509004"}},{"arcs":[[894,895,896,897,898]],"type":"Polygon","properties":{"GEOID":"245101510004"}},{"arcs":[[899,900,901,902,903]],"type":"Polygon","properties":{"GEOID":"245101511001"}},{"arcs":[[-901,904,905,906,-689,907,908]],"type":"Polygon","properties":{"GEOID":"245101511002"}},{"arcs":[[-907,-733,-813,-690]],"type":"Polygon","properties":{"GEOID":"245101511003"}},{"arcs":[[-902,-909,909,910]],"type":"Polygon","properties":{"GEOID":"245101511005"}},{"arcs":[[911,912,913,914,-292]],"type":"Polygon","properties":{"GEOID":"245102601021"}},{"arcs":[[-874,-870,-878,-884,-887,915]],"type":"Polygon","properties":{"GEOID":"245102708055"}},{"arcs":[[-879,-670,-598,916,917,918,919]],"type":"Polygon","properties":{"GEOID":"245102709011"}},{"arcs":[[-919,920,921,922]],"type":"Polygon","properties":{"GEOID":"245102709012"}},{"arcs":[[-880,-920,-923,923,924,925]],"type":"Polygon","properties":{"GEOID":"245102709013"}},{"arcs":[[926,-786,-235,-232,927,928]],"type":"Polygon","properties":{"GEOID":"245102709021"}},{"arcs":[[-918,929,-929,930,931,-921]],"type":"Polygon","properties":{"GEOID":"245102709022"}},{"arcs":[[-864,-927,-930,-917]],"type":"Polygon","properties":{"GEOID":"245102709023"}},{"arcs":[[932,-931,-928,-70,933,934]],"type":"Polygon","properties":{"GEOID":"245102709031"}},{"arcs":[[-228,-75,-263,-259,-51,-236]],"type":"Polygon","properties":{"GEOID":"245102703021"}},{"arcs":[[935,936,937,938,939]],"type":"Polygon","properties":{"GEOID":"245101402001"}},{"arcs":[[-679,-683,940,941,-616]],"type":"Polygon","properties":{"GEOID":"245102804031"}},{"arcs":[[942,-815,943,-747,944]],"type":"Polygon","properties":{"GEOID":"245101507022"}},{"arcs":[[-217,-283,-278,-220,-223]],"type":"Polygon","properties":{"GEOID":"245102504022"}},{"arcs":[[945,-290,-297,-286]],"type":"Polygon","properties":{"GEOID":"245102601012"}},{"arcs":[[946,947,948,949]],"type":"Polygon","properties":{"GEOID":"245102603014"}},{"arcs":[[-796,950]],"type":"Polygon","properties":{"GEOID":"245102607002"}},{"arcs":[[-321,951,952,-316,-257,-258,-262,-326]],"type":"Polygon","properties":{"GEOID":"245102704024"}},{"arcs":[[953,-312,954,-576]],"type":"Polygon","properties":{"GEOID":"245102707032"}},{"arcs":[[955,956,957,958,959]],"type":"Polygon","properties":{"GEOID":"245102710024"}},{"arcs":[[960,961,-623,962,963]],"type":"Polygon","properties":{"GEOID":"245102716002"}},{"arcs":[[964,965,966,967]],"type":"Polygon","properties":{"GEOID":"245102718012"}},{"arcs":[[-440,968,-899,969,970,-517]],"type":"Polygon","properties":{"GEOID":"245102801023"}},{"arcs":[[-606,-612,971,972]],"type":"Polygon","properties":{"GEOID":"245102804015"}},{"arcs":[[973,974,-38,975,976,977,978]],"type":"Polygon","properties":{"GEOID":"245100101001"}},{"arcs":[[-977,979,980,981]],"type":"Polygon","properties":{"GEOID":"245100101002"}},{"arcs":[[982,983,984,985,986]],"type":"Polygon","properties":{"GEOID":"245100102001"}},{"arcs":[[987,-625,-13,-731,-79,988]],"type":"Polygon","properties":{"GEOID":"245101512001"}},{"arcs":[[989,-81,-730,-906]],"type":"Polygon","properties":{"GEOID":"245101512002"}},{"arcs":[[-963,-627,990,991]],"type":"Polygon","properties":{"GEOID":"245101513001"}},{"arcs":[[992,-82,-990,-905,993]],"type":"Polygon","properties":{"GEOID":"245101513002"}},{"arcs":[[994,995,-994,-900,996]],"type":"Polygon","properties":{"GEOID":"245101513003"}},{"arcs":[[-88,997,998,999,-715]],"type":"Polygon","properties":{"GEOID":"245101602001"}},{"arcs":[[1000,-716,-1000,1001,1002,1003,-90]],"type":"Polygon","properties":{"GEOID":"245101603001"}},{"arcs":[[-295,-293,-915,1004,1005,1006]],"type":"Polygon","properties":{"GEOID":"245102601022"}},{"arcs":[[1007,1008,-1006,1009,1010,1011]],"type":"Polygon","properties":{"GEOID":"245102601023"}},{"arcs":[[1012,-925,1013,-935,1014]],"type":"Polygon","properties":{"GEOID":"245102709032"}},{"arcs":[[-924,-922,-932,-933,-1014]],"type":"Polygon","properties":{"GEOID":"245102709033"}},{"arcs":[[-958,1015,-1013,1016,1017,1018]],"type":"Polygon","properties":{"GEOID":"245102710012"}},{"arcs":[[1019,-1018,1020,1021]],"type":"Polygon","properties":{"GEOID":"245102710013"}},{"arcs":[[1022,1023,1024,1025,1026]],"type":"Polygon","properties":{"GEOID":"245102711011"}},{"arcs":[[1027,1028,1029,1030,-1022,1031,-357,-390,1032,1033]],"type":"Polygon","properties":{"GEOID":"245102711021"}},{"arcs":[[1034,1035,-875,-916,-889,1036,1037]],"type":"Polygon","properties":{"GEOID":"245102712002"}},{"arcs":[[1038,1039,1040,1041]],"type":"Polygon","properties":{"GEOID":"245100801014"}},{"arcs":[[-445,1042,1043,1044,-895,-969]],"type":"Polygon","properties":{"GEOID":"245102801022"}},{"arcs":[[1045,1046,1047,1048,1049,1050]],"type":"Polygon","properties":{"GEOID":"245102603012"}},{"arcs":[[1051,-904,1052,1053,-1044,1054]],"type":"Polygon","properties":{"GEOID":"245101510006"}},{"arcs":[[1055,1056,1057,1058]],"type":"Polygon","properties":{"GEOID":"245102716005"}},{"arcs":[[1059,1060,1061,1062,1063]],"type":"Polygon","properties":{"GEOID":"245100105001"}},{"arcs":[[1064,1065,1066,1067,1068]],"type":"Polygon","properties":{"GEOID":"245100602003"}},{"arcs":[[1069,1070,-693,-806]],"type":"Polygon","properties":{"GEOID":"245101608012"}},{"arcs":[[1071,1072,-264,-153]],"type":"Polygon","properties":{"GEOID":"245100907003"}},{"arcs":[[1073,1074,1075,1076,1077,1078]],"type":"Polygon","properties":{"GEOID":"245102604032"}},{"arcs":[[1079,1080,-939,1081,-541]],"type":"Polygon","properties":{"GEOID":"245101402002"}},{"arcs":[[1082,1083,1084,1085,1086,1087]],"type":"Polygon","properties":{"GEOID":"245100701002"}},{"arcs":[[1088,-868,-873,1089]],"type":"Polygon","properties":{"GEOID":"245102708044"}},{"arcs":[[1090,1091,-974,1092]],"type":"Polygon","properties":{"GEOID":"245100102003"}},{"arcs":[[1093,1094,-987,1095,-1091,1096]],"type":"Polygon","properties":{"GEOID":"245100102004"}},{"arcs":[[1097,1098,1099,1100,1101,-1097,-1093,-979,1102,1103,1104,-1061]],"type":"Polygon","properties":{"GEOID":"245100103001"}},{"arcs":[[-1104,1105,1106]],"type":"Polygon","properties":{"GEOID":"245100103002"}},{"arcs":[[-1106,-1103,-978,-982,1107,1108,1109]],"type":"Polygon","properties":{"GEOID":"245100104001"}},{"arcs":[[1110,-1107,-1110,1111,1112]],"type":"Polygon","properties":{"GEOID":"245100104002"}},{"arcs":[[-1062,-1105,-1111,1113]],"type":"Polygon","properties":{"GEOID":"245100105002"}},{"arcs":[[1114,-1064,1115,1116]],"type":"Polygon","properties":{"GEOID":"245100201001"}},{"arcs":[[1117,-1117,1118,1119,1120]],"type":"Polygon","properties":{"GEOID":"245100202001"}},{"arcs":[[-1119,1121,1122,1123]],"type":"Polygon","properties":{"GEOID":"245100202002"}},{"arcs":[[1124,1125,1126,-837,-845,1127]],"type":"Polygon","properties":{"GEOID":"245100203002"}},{"arcs":[[1128,-1120,-1124,-1125,1129,1130]],"type":"Polygon","properties":{"GEOID":"245100301001"}},{"arcs":[[-744,1131,1132,1133,-94,1134,1135,1136,1137]],"type":"Polygon","properties":{"GEOID":"245101605001"}},{"arcs":[[-1135,-93,1138,1139,1140]],"type":"Polygon","properties":{"GEOID":"245101605002"}},{"arcs":[[1141,-1139,1142,1143,-192,1144]],"type":"Polygon","properties":{"GEOID":"245101605003"}},{"arcs":[[1145,-1140,-1142,1146]],"type":"Polygon","properties":{"GEOID":"245101605004"}},{"arcs":[[-1136,-1141,-1146,1147,1148]],"type":"Polygon","properties":{"GEOID":"245101605005"}},{"arcs":[[1149,-1145,-191,1150]],"type":"Polygon","properties":{"GEOID":"245101606003"}},{"arcs":[[-617,-942,1151,1152,1153]],"type":"Polygon","properties":{"GEOID":"245102501011"}},{"arcs":[[-618,-1154,1154,1155,1156,1157,-675]],"type":"Polygon","properties":{"GEOID":"245102501012"}},{"arcs":[[-941,-682,-99,-667,1158,-1156,1159,-1152]],"type":"Polygon","properties":{"GEOID":"245102501021"}},{"arcs":[[-296,-1007,-1009,1160,-250]],"type":"Polygon","properties":{"GEOID":"245102601024"}},{"arcs":[[-251,-1161,-1008,1161,1162]],"type":"Polygon","properties":{"GEOID":"245102601025"}},{"arcs":[[1163,-1162,-1012,1164,1165,1166]],"type":"Polygon","properties":{"GEOID":"245102602012"}},{"arcs":[[1167,-1167,1168,1169,1170,-62]],"type":"Polygon","properties":{"GEOID":"245102602013"}},{"arcs":[[-1037,-888,-886,1171,-1023,1172,1173]],"type":"Polygon","properties":{"GEOID":"245102712003"}},{"arcs":[[1174,1175,-1173,1176,1177,1178]],"type":"Polygon","properties":{"GEOID":"245102712004"}},{"arcs":[[-1038,-1174,-1176,1179]],"type":"Polygon","properties":{"GEOID":"245102712005"}},{"arcs":[[1180,1181,-1035,-1180,-1175,1182]],"type":"Polygon","properties":{"GEOID":"245102712006"}},{"arcs":[[1183,-1183,1184,1185,1186]],"type":"Polygon","properties":{"GEOID":"245102713001"}},{"arcs":[[-1185,-1179,1187,1188]],"type":"Polygon","properties":{"GEOID":"245102713002"}},{"arcs":[[-1186,-1189,1189,-156]],"type":"Polygon","properties":{"GEOID":"245102713003"}},{"arcs":[[1190,1191,1192,1193]],"type":"Polygon","properties":{"GEOID":"245102608002"}},{"arcs":[[-1193,1194,1195,1196,1197,-36]],"type":"Polygon","properties":{"GEOID":"245102609001"}},{"arcs":[[-707,-781,1198,1199,1200]],"type":"Polygon","properties":{"GEOID":"245102303002"}},{"arcs":[[1201,-642,-643,-713,-720,1202]],"type":"Polygon","properties":{"GEOID":"245101501001"}},{"arcs":[[-999,1203,1204,-1002]],"type":"Polygon","properties":{"GEOID":"245101602002"}},{"arcs":[[-1087,1205,1206,1207]],"type":"Polygon","properties":{"GEOID":"245100601004"}},{"arcs":[[1208,-1090,-872,-1036,-1182]],"type":"Polygon","properties":{"GEOID":"245102712001"}},{"arcs":[[-814,-736,-748,-944]],"type":"Polygon","properties":{"GEOID":"245101507021"}},{"arcs":[[-810,1209,1210,-892]],"type":"Polygon","properties":{"GEOID":"245101607005"}},{"arcs":[[-955,1211,-952,-320,-572]],"type":"Polygon","properties":{"GEOID":"245102707023"}},{"arcs":[[-395,-130,-397,-408]],"type":"Polygon","properties":{"GEOID":"245101203002"}},{"arcs":[[1212,1213,1214]],"type":"Polygon","properties":{"GEOID":"245100901005"}},{"arcs":[[-151,1215,-1072,-152,-137]],"type":"Polygon","properties":{"GEOID":"245100907002"}},{"arcs":[[-711,-202,1216]],"type":"Polygon","properties":{"GEOID":"245102503032"}},{"arcs":[[1217,1218,1219,-421]],"type":"Polygon","properties":{"GEOID":"245102719002"}},{"arcs":[[1220,-1130,-1128,-844,-766]],"type":"Polygon","properties":{"GEOID":"245100302002"}},{"arcs":[[1221,1222,-1151,-190,1223]],"type":"Polygon","properties":{"GEOID":"245101606004"}},{"arcs":[[1224,-1224,-189,1225]],"type":"Polygon","properties":{"GEOID":"245101606005"}},{"arcs":[[1226,-1222,-1225,1227]],"type":"Polygon","properties":{"GEOID":"245101606001"}},{"arcs":[[-1160,-1155,-1153]],"type":"Polygon","properties":{"GEOID":"245102501022"}},{"arcs":[[1228,-665,1229,1230,1231]],"type":"Polygon","properties":{"GEOID":"245102501031"}},{"arcs":[[-1231,1232,1233,1234,1235,1236]],"type":"Polygon","properties":{"GEOID":"245102501032"}},{"arcs":[[1237,-1232,-1237,1238]],"type":"Polygon","properties":{"GEOID":"245102501033"}},{"arcs":[[-1159,-666,-1229,-1238,1239,-1157]],"type":"Polygon","properties":{"GEOID":"245102501034"}},{"arcs":[[1240,1241,1242,1243,-860,1244,1245,1246]],"type":"Polygon","properties":{"GEOID":"245102502031"}},{"arcs":[[-1241,1247,1248,1249]],"type":"Polygon","properties":{"GEOID":"245102502032"}},{"arcs":[[1250,-1248,-1247,1251]],"type":"Polygon","properties":{"GEOID":"245102502041"}},{"arcs":[[-1011,1252,1253,1254,-1165]],"type":"Polygon","properties":{"GEOID":"245102602014"}},{"arcs":[[1255,1256,1257,-1046,1258,-48]],"type":"Polygon","properties":{"GEOID":"245102602023"}},{"arcs":[[1259,1260,1261,-1254,1262,1263,1264]],"type":"Polygon","properties":{"GEOID":"245102602031"}},{"arcs":[[-1010,-1005,-914,1265,1266,-1263,-1253]],"type":"Polygon","properties":{"GEOID":"245102602032"}},{"arcs":[[1267,-1259,-1051,1268,-948,1269]],"type":"Polygon","properties":{"GEOID":"245102603011"}},{"arcs":[[-1269,-1050,1270,1271,-949]],"type":"Polygon","properties":{"GEOID":"245102603013"}},{"arcs":[[1272,-950,-1272,1273,1274,1275,1276]],"type":"Polygon","properties":{"GEOID":"245102603015"}},{"arcs":[[-1048,1277,1278,1279]],"type":"Polygon","properties":{"GEOID":"245102603021"}},{"arcs":[[-1049,-1280,1280,1281,1282]],"type":"Polygon","properties":{"GEOID":"245102603022"}},{"arcs":[[1283,-1282,1284,1285]],"type":"Polygon","properties":{"GEOID":"245102603023"}},{"arcs":[[-1188,1286,1287,1288,-157,-1190]],"type":"Polygon","properties":{"GEOID":"245102714002"}},{"arcs":[[-1288,-1034,1289,-8,-547,-550,-558,1290]],"type":"Polygon","properties":{"GEOID":"245102714003"}},{"arcs":[[-1291,-557,-158,-1289]],"type":"Polygon","properties":{"GEOID":"245102714001"}},{"arcs":[[1291,1292,1293,1294,-419,1295]],"type":"Polygon","properties":{"GEOID":"245102715012"}},{"arcs":[[1296,1297,-1296,-387,-384]],"type":"Polygon","properties":{"GEOID":"245102715013"}},{"arcs":[[1298,1299,1300,-967]],"type":"Polygon","properties":{"GEOID":"245102718021"}},{"arcs":[[-1086,1301,1302,-1206]],"type":"Polygon","properties":{"GEOID":"245100601001"}},{"arcs":[[-972,-614,-677,1303]],"type":"Polygon","properties":{"GEOID":"245102804014"}},{"arcs":[[-959,-1019,-1020,-1031]],"type":"Polygon","properties":{"GEOID":"245102710011"}},{"arcs":[[1304,1305,1306,-1085]],"type":"Polygon","properties":{"GEOID":"245102610001"}},{"arcs":[[-21,-483,-727]],"type":"Polygon","properties":{"GEOID":"245101304003"}},{"arcs":[[1307,-1276,1308,1309,1310]],"type":"Polygon","properties":{"GEOID":"245102603026"}},{"arcs":[[-18,-458,-459,-472,1311]],"type":"Polygon","properties":{"GEOID":"245101301002"}},{"arcs":[[-637,1312,-940,-1081,1313]],"type":"Polygon","properties":{"GEOID":"245101403003"}},{"arcs":[[-176,1314,-167,-171,1315,-181]],"type":"Polygon","properties":{"GEOID":"245101902001"}},{"arcs":[[-986,1316,-39,-975,-1092,-1096]],"type":"Polygon","properties":{"GEOID":"245100102002"}},{"arcs":[[1317,1318,1319,1320,-984,1321]],"type":"Polygon","properties":{"GEOID":"245102610003"}},{"arcs":[[1322,-119,1323,-129,-394,1324]],"type":"Polygon","properties":{"GEOID":"245101202012"}},{"arcs":[[-324,-73,-234,-329]],"type":"Polygon","properties":{"GEOID":"245102706001"}},{"arcs":[[1325,-500,1326,-504]],"type":"Polygon","properties":{"GEOID":"245102005003"}},{"arcs":[[1327,-4,1328,-757,1329,1330]],"type":"Polygon","properties":{"GEOID":"245100401002"}},{"arcs":[[1331,-573,-331,-785]],"type":"Polygon","properties":{"GEOID":"245102707021"}},{"arcs":[[1332,1333,1334,1335,1336,1337,1338]],"type":"Polygon","properties":{"GEOID":"245102805002"}},{"arcs":[[-344,1339,1340,-1335]],"type":"Polygon","properties":{"GEOID":"245102805003"}},{"arcs":[[-1303,1341,-1322,-983,-1095,1342]],"type":"Polygon","properties":{"GEOID":"245100601002"}},{"arcs":[[-1207,-1343,-1094,-1102,1343]],"type":"Polygon","properties":{"GEOID":"245100601003"}},{"arcs":[[1344,1345,1346,1347]],"type":"Polygon","properties":{"GEOID":"245100603001"}},{"arcs":[[-1347,1348,-1098,-1060,1349]],"type":"Polygon","properties":{"GEOID":"245100603002"}},{"arcs":[[1350,1351,-1118,1352,1353]],"type":"Polygon","properties":{"GEOID":"245100604001"}},{"arcs":[[-343,1354,-1354,1355,1356,-1340]],"type":"Polygon","properties":{"GEOID":"245102805001"}},{"arcs":[[1357,1358,-1083,1359,1360]],"type":"Polygon","properties":{"GEOID":"245100701001"}},{"arcs":[[1361,1362,-1065,1363,1364]],"type":"Polygon","properties":{"GEOID":"245100702003"}},{"arcs":[[1365,1366,-1365,-1345,1367,1368,1369]],"type":"Polygon","properties":{"GEOID":"245100703001"}},{"arcs":[[1370,-1369,1371,-1351,1372]],"type":"Polygon","properties":{"GEOID":"245100704002"}},{"arcs":[[-1274,-1271,-1283,-1284,1373]],"type":"Polygon","properties":{"GEOID":"245102603024"}},{"arcs":[[1374,-1310,1375,-1285,-1281,-1279,-1265,1376,1377,1378,1379,1380]],"type":"Polygon","properties":{"GEOID":"245102603031"}},{"arcs":[[-1379,1381,1382]],"type":"Polygon","properties":{"GEOID":"245102604011"}},{"arcs":[[-1267,1383,-1075,1384]],"type":"Polygon","properties":{"GEOID":"245102604021"}},{"arcs":[[-1057,1385,-964,-992,1386,1387]],"type":"Polygon","properties":{"GEOID":"245102716003"}},{"arcs":[[1388,1389,-996,1390]],"type":"Polygon","properties":{"GEOID":"245102716004"}},{"arcs":[[-1058,-1388,1391,-1389,1392]],"type":"Polygon","properties":{"GEOID":"245102716006"}},{"arcs":[[-1294,1393,1394,1395,1396,1397,1398]],"type":"Polygon","properties":{"GEOID":"245102717001"}},{"arcs":[[1399,-1397,1400,1401]],"type":"Polygon","properties":{"GEOID":"245102717004"}},{"arcs":[[1402,-1402,1403,-1393,1404,-798]],"type":"Polygon","properties":{"GEOID":"245102717005"}},{"arcs":[[-1219,1405,-1398,-1400,-1403,-797,1406,1407]],"type":"Polygon","properties":{"GEOID":"245102717002"}},{"arcs":[[-311,-317,-953,-1212]],"type":"Polygon","properties":{"GEOID":"245102705024"}},{"arcs":[[-57,-252,-1163,-1164,-1168,-61]],"type":"Polygon","properties":{"GEOID":"245102602011"}},{"arcs":[[1408,1409,-961,-1386,-1056]],"type":"Polygon","properties":{"GEOID":"245102716001"}},{"arcs":[[-724,1410,-1133,1411]],"type":"Polygon","properties":{"GEOID":"245101503002"}},{"arcs":[[-687,1412,-266]],"type":"Polygon","properties":{"GEOID":"245100805002"}},{"arcs":[[1413,1414,-793,1415]],"type":"Polygon","properties":{"GEOID":"245102605011"}},{"arcs":[[1416,1417,-1196]],"type":"Polygon","properties":{"GEOID":"245102609002"}},{"arcs":[[-770,-848,-853,-854,-775]],"type":"Polygon","properties":{"GEOID":"245102403001"}},{"arcs":[[-465,-634,1418,-936,-1313,-636,-468]],"type":"Polygon","properties":{"GEOID":"245101401003"}},{"arcs":[[-1357,1419,-1336,-1341]],"type":"Polygon","properties":{"GEOID":"245102805004"}},{"arcs":[[-518,-971,1420,1421,-531,-449]],"type":"Polygon","properties":{"GEOID":"245102802001"}},{"arcs":[[-1216,-150,-148,-141,1422,-49,-1268,1423,1424,-1042,1425,1426,1427,-684,-1073]],"type":"Polygon","properties":{"GEOID":"245100801011"}},{"arcs":[[1428,-1039,-1425]],"type":"Polygon","properties":{"GEOID":"245100801012"}},{"arcs":[[-1429,-1424,-1270,-947,-1273,-1040]],"type":"Polygon","properties":{"GEOID":"245100801013"}},{"arcs":[[-1426,-1041,-1277,-1308,1429]],"type":"Polygon","properties":{"GEOID":"245100801021"}},{"arcs":[[-1428,1430,1431,1432,1433,1434,1435,-685]],"type":"Polygon","properties":{"GEOID":"245100802001"}},{"arcs":[[1436,-1381,1437,1438,1439,1440,-1432]],"type":"Polygon","properties":{"GEOID":"245100802002"}},{"arcs":[[1441,1442,1443,1444,1445]],"type":"Polygon","properties":{"GEOID":"245100803021"}},{"arcs":[[1446,1447,-1228,1448]],"type":"Polygon","properties":{"GEOID":"245101607002"}},{"arcs":[[-1210,-809,-745,-1138,1449,1450]],"type":"Polygon","properties":{"GEOID":"245101607004"}},{"arcs":[[-1070,1451]],"type":"Polygon","properties":{"GEOID":"245101608011"}},{"arcs":[[-695,1452,1453,-658,-807]],"type":"Polygon","properties":{"GEOID":"245101608014"}},{"arcs":[[1454,1455,1456,-648,-664,-659,-1454]],"type":"Polygon","properties":{"GEOID":"245101608022"}},{"arcs":[[-522,-894,1457,-501,-1457,1458,-1455,-1453,-694,-1071,-1452,-805]],"type":"Polygon","properties":{"GEOID":"245101608023"}},{"arcs":[[-1459,-1456]],"type":"Polygon","properties":{"GEOID":"245101608021"}},{"arcs":[[1459,-703,1460,1461]],"type":"Polygon","properties":{"GEOID":"245101701002"}},{"arcs":[[1462,1463,1464,-200,1465,-1252,-1246,-212,-213,1466,-102]],"type":"Polygon","properties":{"GEOID":"245102502051"}},{"arcs":[[1467,1468,-1463,-101]],"type":"Polygon","properties":{"GEOID":"245102502052"}},{"arcs":[[-1464,-1469,1469]],"type":"Polygon","properties":{"GEOID":"245102502053"}},{"arcs":[[-1266,-913,1470,-1076,-1384]],"type":"Polygon","properties":{"GEOID":"245102604031"}},{"arcs":[[-538,1471,-1435,1472,1473]],"type":"Polygon","properties":{"GEOID":"245100806001"}},{"arcs":[[1474,1475,-698,1476]],"type":"Polygon","properties":{"GEOID":"245101702003"}},{"arcs":[[1477,1478,-407,1479]],"type":"Polygon","properties":{"GEOID":"245101202025"}},{"arcs":[[-1078,1480,1481,-1414,1482,1483]],"type":"Polygon","properties":{"GEOID":"245102604041"}},{"arcs":[[-1380,-1383,1484,-1484,1485,1486,1487,-1305,-1084,-1359,1488]],"type":"Polygon","properties":{"GEOID":"245102604042"}},{"arcs":[[-1488,1489,-1319,1490,-1306]],"type":"Polygon","properties":{"GEOID":"245102604043"}},{"arcs":[[-1407,1491,-1299,-966,1492,-801]],"type":"Polygon","properties":{"GEOID":"245102718011"}},{"arcs":[[-1492,-799,-1405,-1391,-995,1493,-1300]],"type":"Polygon","properties":{"GEOID":"245102718022"}},{"arcs":[[-420,-1295,-1399,-1406,-1218]],"type":"Polygon","properties":{"GEOID":"245102719001"}},{"arcs":[[-422,-1220,-1408,-800]],"type":"Polygon","properties":{"GEOID":"245102719003"}},{"arcs":[[1494,-803,1495,1496,-436]],"type":"Polygon","properties":{"GEOID":"245102719005"}},{"arcs":[[1497,-380,1498,1499,-433,-430]],"type":"Polygon","properties":{"GEOID":"245102720072"}},{"arcs":[[1500,-426,-423,-804,-1495,-435]],"type":"Polygon","properties":{"GEOID":"245102720061"}},{"arcs":[[-1116,-1063,-1114,1501,-1122]],"type":"Polygon","properties":{"GEOID":"245100201002"}},{"arcs":[[-10,1502,-545,-487]],"type":"Polygon","properties":{"GEOID":"245101306002"}},{"arcs":[[-1490,-1487,1503,-1191,1504,-1320]],"type":"Polygon","properties":{"GEOID":"245102608001"}},{"arcs":[[-1171,1505,-1256,-47]],"type":"Polygon","properties":{"GEOID":"245102602021"}},{"arcs":[[1506,1507,-1444,-1361,1508,-1362,-1367]],"type":"Polygon","properties":{"GEOID":"245100702004"}},{"arcs":[[1509,1510,-881,-926,-1016,-957]],"type":"Polygon","properties":{"GEOID":"245102710021"}},{"arcs":[[-1364,-1069,1511,-1099,-1349,-1346]],"type":"Polygon","properties":{"GEOID":"245100602002"}},{"arcs":[[1512,-305,-309,-954,-575]],"type":"Polygon","properties":{"GEOID":"245102707031"}},{"arcs":[[-267,-1413,-686,-1436,-1472,-537,1513,1514,-273,1515]],"type":"Polygon","properties":{"GEOID":"245100805003"}},{"arcs":[[-1515,1516,-274]],"type":"Polygon","properties":{"GEOID":"245100806002"}},{"arcs":[[-1021,-1017,1517,1518,1519,-1215,1520,-358,-1032]],"type":"Polygon","properties":{"GEOID":"245100901001"}},{"arcs":[[-1519,1521,-123,1522]],"type":"Polygon","properties":{"GEOID":"245100901002"}},{"arcs":[[-1213,-1520,-1523,-122,-116,1523]],"type":"Polygon","properties":{"GEOID":"245100901003"}},{"arcs":[[-1521,-1214,-1524,-115,-359]],"type":"Polygon","properties":{"GEOID":"245100901004"}},{"arcs":[[-1015,-934,-69,-1423,-140,-145,1524,-1522,-1518]],"type":"Polygon","properties":{"GEOID":"245100902001"}},{"arcs":[[-144,-111,-124,-1525]],"type":"Polygon","properties":{"GEOID":"245100902002"}},{"arcs":[[-1082,-938,1525,1526,1527,-542]],"type":"Polygon","properties":{"GEOID":"245101702002"}},{"arcs":[[-1477,-697,-1460,1528,1529,-1527]],"type":"Polygon","properties":{"GEOID":"245101702001"}},{"arcs":[[-1528,-1530,1530,1531,-543]],"type":"Polygon","properties":{"GEOID":"245101703001"}},{"arcs":[[-1531,-1529,-1462,1532,1533]],"type":"Polygon","properties":{"GEOID":"245101703002"}},{"arcs":[[1534,-1465,-1470,-1468,-104,1535,1536]],"type":"Polygon","properties":{"GEOID":"245102502054"}},{"arcs":[[-568,-506,1537,1538,-712,1539,1540,-1233,-1230]],"type":"Polygon","properties":{"GEOID":"245102502061"}},{"arcs":[[1541,-1540,-1217,-206,-1537,1542,-1235]],"type":"Polygon","properties":{"GEOID":"245102502062"}},{"arcs":[[-1541,-1542,-1234]],"type":"Polygon","properties":{"GEOID":"245102502063"}},{"arcs":[[-198,1543,-1243,1544,1545]],"type":"Polygon","properties":{"GEOID":"245102502071"}},{"arcs":[[-1545,-1242,-1250,1546]],"type":"Polygon","properties":{"GEOID":"245102502072"}},{"arcs":[[1547,1548,1549,-32]],"type":"Polygon","properties":{"GEOID":"245102606041"}},{"arcs":[[1550,1551,1552,-1549]],"type":"Polygon","properties":{"GEOID":"245102606042"}},{"arcs":[[-1550,-1553,1553,1554,1555,-33]],"type":"Polygon","properties":{"GEOID":"245102606043"}},{"arcs":[[1556,1557,1558,1559,-1554,-1552]],"type":"Polygon","properties":{"GEOID":"245102606051"}},{"arcs":[[-1555,-1560,1560]],"type":"Polygon","properties":{"GEOID":"245102606052"}},{"arcs":[[1561,1562]],"type":"Polygon","properties":{"GEOID":"245102606054"}},{"arcs":[[-1486,-1483,-1416,-951,-795,1563,1564,1565,-1417,-1195,-1192,-1504]],"type":"Polygon","properties":{"GEOID":"245102607001"}},{"arcs":[[-1197,-1418,-1566,1566,1567]],"type":"Polygon","properties":{"GEOID":"245102609003"}},{"arcs":[[-1307,-1491,-1318,-1342,-1302]],"type":"Polygon","properties":{"GEOID":"245102610002"}},{"arcs":[[-1321,-1505,-1194,-35,-1317,-985]],"type":"Polygon","properties":{"GEOID":"245102610004"}},{"arcs":[[-1123,-1502,-1113,1568,-1126]],"type":"Polygon","properties":{"GEOID":"245100203001"}},{"arcs":[[-548,-6,-491,-553,-551]],"type":"Polygon","properties":{"GEOID":"245101307006"}},{"arcs":[[-1026,1569,-960,-1030,1570]],"type":"Polygon","properties":{"GEOID":"245102711013"}},{"arcs":[[1571,-1473,-1434,1572,1573,1574,1575]],"type":"Polygon","properties":{"GEOID":"245100807001"}},{"arcs":[[-349,1576,-276,1577,1578,1579,1580]],"type":"Polygon","properties":{"GEOID":"245101001002"}},{"arcs":[[-1580,1581,-1333,1582]],"type":"Polygon","properties":{"GEOID":"245101003001"}},{"arcs":[[-780,-856,-850,1583,-1199]],"type":"Polygon","properties":{"GEOID":"245102404001"}},{"arcs":[[-484,-19,-1312,-473,-471,1584]],"type":"Polygon","properties":{"GEOID":"245101301001"}},{"arcs":[[-1245,-859,1585,1586,1587,-791,-788,-207]],"type":"Polygon","properties":{"GEOID":"245102506001"}},{"arcs":[[1588,-179,1589,1590]],"type":"Polygon","properties":{"GEOID":"245102001001"}},{"arcs":[[-1590,-178,-180,1591,1592]],"type":"Polygon","properties":{"GEOID":"245102001002"}},{"arcs":[[1593,-1148,-1147,-1150,-1223,-1227,-1448]],"type":"Polygon","properties":{"GEOID":"245101606002"}},{"arcs":[[1594,1595,-1260,-1278,-1047,-1258]],"type":"Polygon","properties":{"GEOID":"245102602022"}},{"arcs":[[1596,-161,-624,-962,-1410,1597,-1395,1598]],"type":"Polygon","properties":{"GEOID":"245101308051"}},{"arcs":[[1599,1600,-1565,1601,-34,-1556,-1561,-1559,1602,-1563,1603,-1587,1604,-840]],"type":"Polygon","properties":{"GEOID":"245102606056"}},{"arcs":[[1605,-1055,-1043,-444,-26]],"type":"Polygon","properties":{"GEOID":"245102801026"}},{"arcs":[[-376,1606,1607]],"type":"Polygon","properties":{"GEOID":"245102720073"}},{"arcs":[[-1574,1608,1609,-1370,-1371,1610]],"type":"Polygon","properties":{"GEOID":"245100808001"}},{"arcs":[[1611,-1203,-719,1612,-723]],"type":"Polygon","properties":{"GEOID":"245101502003"}},{"arcs":[[-186,1613,1614,-495,1615]],"type":"Polygon","properties":{"GEOID":"245102004001"}},{"arcs":[[1616,-1461,1617,-1331,1618,-168,-165]],"type":"Polygon","properties":{"GEOID":"245100402001"}},{"arcs":[[-633,-630,1619,-1475,-1526,-937,-1419]],"type":"Polygon","properties":{"GEOID":"245101401004"}},{"arcs":[[-120,-1323,1620,-360]],"type":"Polygon","properties":{"GEOID":"245101202011"}},{"arcs":[[1621,-1567,-1601,1622]],"type":"Polygon","properties":{"GEOID":"245102606055"}},{"arcs":[[-1108,-981,1623,-1623,-1600,1624]],"type":"Polygon","properties":{"GEOID":"245100101003"}},{"arcs":[[-1204,-998,-87,1625,-173,1626]],"type":"Polygon","properties":{"GEOID":"245101602003"}},{"arcs":[[-194,-187,-1616,-494,-1326,-503]],"type":"Polygon","properties":{"GEOID":"245102004002"}},{"arcs":[[1627,1628,1629,1630,1631,-497]],"type":"Polygon","properties":{"GEOID":"245102003002"}},{"arcs":[[-752,1632,-762,-773,-709,1633,-196,1634]],"type":"Polygon","properties":{"GEOID":"245102101001"}},{"arcs":[[-1546,-1547,-1249,-1251,-1466,-199]],"type":"Polygon","properties":{"GEOID":"245102502042"}},{"arcs":[[-802,-1493,-965,1635,-1496]],"type":"Polygon","properties":{"GEOID":"245102718013"}},{"arcs":[[-794,-1415,-1482,1636,-1557,-1551,-1548,-31,-1602,-1564]],"type":"Polygon","properties":{"GEOID":"245102605013"}},{"arcs":[[1637,-1187,-155,-1597,1638,-1292,-1298]],"type":"Polygon","properties":{"GEOID":"245102715011"}},{"arcs":[[1639,-1325,-393,-1479]],"type":"Polygon","properties":{"GEOID":"245101202024"}},{"arcs":[[-1356,-1353,-1121,-1129,1640]],"type":"Polygon","properties":{"GEOID":"245100301002"}},{"arcs":[[-1433,-1441,1641,1642,-1609,-1573]],"type":"Polygon","properties":{"GEOID":"245100804001"}},{"arcs":[[-404,1643,1644,1645,-535]],"type":"Polygon","properties":{"GEOID":"245101204001"}},{"arcs":[[-728,-481,-1202,-1612,1646]],"type":"Polygon","properties":{"GEOID":"245101504002"}},{"arcs":[[-1054,1647,-896,-1045]],"type":"Polygon","properties":{"GEOID":"245101510005"}},{"arcs":[[-1003,-1205,-1627,-172,1648,1649]],"type":"Polygon","properties":{"GEOID":"245101603002"}},{"arcs":[[-1592,-184,-1628,-496,-1615]],"type":"Polygon","properties":{"GEOID":"245102003001"}},{"arcs":[[-1420,-1641,-1131,-1221,-765,1650,-1337]],"type":"Polygon","properties":{"GEOID":"245100302001"}},{"arcs":[[-1584,-849,-846,-843,-857,1651,-1200]],"type":"Polygon","properties":{"GEOID":"245102404003"}},{"arcs":[[-841,-1605,-1586,-858]],"type":"Polygon","properties":{"GEOID":"245102401002"}},{"arcs":[[-1330,-763,-1633,-751,-1619]],"type":"Polygon","properties":{"GEOID":"245102201001"}},{"arcs":[[-9,1652,1653,1654,-1480,-411,-414,-1503]],"type":"Polygon","properties":{"GEOID":"245101202021"}},{"arcs":[[1655,-1630,1656,1657,-756,-753,-1635,1658,-204,-710,-1539]],"type":"Polygon","properties":{"GEOID":"245102102001"}},{"arcs":[[-362,1659,-1478,-1655]],"type":"Polygon","properties":{"GEOID":"245101202023"}},{"arcs":[[-1316,-755,-1658,1660,-182]],"type":"Polygon","properties":{"GEOID":"245101902002"}},{"arcs":[[-1621,-1640,-1660,-361]],"type":"Polygon","properties":{"GEOID":"245101202022"}},{"arcs":[[-1033,-392,1661,-1653,-1290]],"type":"Polygon","properties":{"GEOID":"245101201002"}},{"arcs":[[-391,-363,-1654,-1662]],"type":"Polygon","properties":{"GEOID":"245101201004"}},{"arcs":[[-1575,-1611,1662,1663]],"type":"Polygon","properties":{"GEOID":"245100808002"}},{"arcs":[[-1177,-1027,-1571,-1029,1664]],"type":"Polygon","properties":{"GEOID":"245102711012"}},{"arcs":[[-1607,-375,-372,-1498,-429,1665]],"type":"Polygon","properties":{"GEOID":"245102720071"}},{"arcs":[[-1569,1666,-838,-1127]],"type":"Polygon","properties":{"GEOID":"245100203003"}},{"arcs":[[-37,-1198,-1568,-1622,-1624,-980,-976]],"type":"Polygon","properties":{"GEOID":"245102611002"}},{"arcs":[[-1372,-1368,-1348,-1350,-1115,-1352]],"type":"Polygon","properties":{"GEOID":"245100604002"}},{"arcs":[[-205,-1659,-201,-1535]],"type":"Polygon","properties":{"GEOID":"245102503012"}},{"arcs":[[-485,-1585,-470,-635,-474]],"type":"Polygon","properties":{"GEOID":"245101303001"}},{"arcs":[[-1645,-277,-1577,-348,1667]],"type":"Polygon","properties":{"GEOID":"245101205002"}},{"arcs":[[-118,-113,-134,-125,-1324]],"type":"Polygon","properties":{"GEOID":"245100905002"}},{"arcs":[[-456,-536,-1646,-1668,1668,-628,-632]],"type":"Polygon","properties":{"GEOID":"245101205001"}},{"arcs":[[-1579,-347,-345,-1334,-1582]],"type":"Polygon","properties":{"GEOID":"245101002003"}},{"arcs":[[-1634,-708,-1201,-1652,-861,-1244,-1544,-197]],"type":"Polygon","properties":{"GEOID":"245102303001"}},{"arcs":[[-1431,-1427,-1430,-1311,-1375,-1437]],"type":"Polygon","properties":{"GEOID":"245100801022"}},{"arcs":[[-1643,1669,-1507,-1366,-1610]],"type":"Polygon","properties":{"GEOID":"245100804002"}},{"arcs":[[-1440,1670,-1446,1671,-1642]],"type":"Polygon","properties":{"GEOID":"245100803012"}},{"arcs":[[-1517,-1514,-539,-1474,-1572,1672]],"type":"Polygon","properties":{"GEOID":"245100806004"}},{"arcs":[[-1264,-1385,-1074,1673,-1377]],"type":"Polygon","properties":{"GEOID":"245102604022"}},{"arcs":[[-1374,-1286,-1376,-1309,-1275]],"type":"Polygon","properties":{"GEOID":"245102603025"}},{"arcs":[[-734,-729,-1647,-722,1674,-738]],"type":"Polygon","properties":{"GEOID":"245101504003"}},{"arcs":[[-437,-1497,-1636,-968,-1301,-1494,-997,-1052,-1606,-25]],"type":"Polygon","properties":{"GEOID":"245102801013"}},{"arcs":[[-910,-908,-688,-824,1675]],"type":"Polygon","properties":{"GEOID":"245101511006"}},{"arcs":[[-1401,-1396,-1598,-1409,-1059,-1404]],"type":"Polygon","properties":{"GEOID":"245102717003"}},{"arcs":[[-640,-638,-1314,-1080,-540,-714,-644]],"type":"Polygon","properties":{"GEOID":"245101403004"}},{"arcs":[[-1613,-721,-717,-1001,-89,-1134,-1411]],"type":"Polygon","properties":{"GEOID":"245101502001"}},{"arcs":[[-1675,-725,-1412,-1132,-743,-739]],"type":"Polygon","properties":{"GEOID":"245101503003"}},{"arcs":[[1676,1677,1678,-1,1679,-701]],"type":"Polygon","properties":{"GEOID":"245101102002"}},{"arcs":[[1680,-1315,-175]],"type":"Polygon","properties":{"GEOID":"245101901001"}},{"arcs":[[-183,-1661,-1657,-1629]],"type":"Polygon","properties":{"GEOID":"245101903001"}},{"arcs":[[-1068,1681,-1100,-1512]],"type":"Polygon","properties":{"GEOID":"245100602001"}},{"arcs":[[1682,-1510,-956,-1570,-1025]],"type":"Polygon","properties":{"GEOID":"245102710022"}},{"arcs":[[1683,-163,1684]],"type":"Polygon","properties":{"GEOID":"245102806001"}},{"arcs":[[-702,-1680,-5,-1328,-1618]],"type":"Polygon","properties":{"GEOID":"245100401004"}},{"arcs":[[-885,-1511,-1683,-1024,-1172]],"type":"Polygon","properties":{"GEOID":"245102710023"}},{"arcs":[[-893,-1211,-1451,1685,-1449,-1226,-502,-1458]],"type":"Polygon","properties":{"GEOID":"245101607003"}},{"arcs":[[-1327,-499,1686,-1631,-1656,-1538,-505]],"type":"Polygon","properties":{"GEOID":"245102005002"}},{"arcs":[[-1665,-1028,-1287,-1178]],"type":"Polygon","properties":{"GEOID":"245102711022"}},{"arcs":[[-428,1687,-1499]],"type":"Polygon","properties":{"GEOID":"245102720063"}},{"arcs":[[1688,1689,-1338,-1651,-764,-758,-1329,-3]],"type":"Polygon","properties":{"GEOID":"245100401003"}},{"arcs":[[-1639,-1599,-1394,-1293]],"type":"Polygon","properties":{"GEOID":"245102715014"}},{"arcs":[[-1506,-1170,1690,-1595,-1257]],"type":"Polygon","properties":{"GEOID":"245102602024"}},{"arcs":[[-86,1691,1692,-1626]],"type":"Polygon","properties":{"GEOID":"245101601002"}},{"arcs":[[-85,-544,-1532,-1534,1693,1694,-1692]],"type":"Polygon","properties":{"GEOID":"245101601001"}},{"arcs":[[-1053,-903,-911,1695,-897,-1648]],"type":"Polygon","properties":{"GEOID":"245101510001"}},{"arcs":[[-898,-1696,-1676,1696,-1421,-970]],"type":"Polygon","properties":{"GEOID":"245101510003"}},{"arcs":[[-1697,-827,-831,-1422]],"type":"Polygon","properties":{"GEOID":"245101510002"}},{"arcs":[[-1691,-1169,1697,-1261,-1596]],"type":"Polygon","properties":{"GEOID":"245102602025"}},{"arcs":[[-1166,-1255,-1262,-1698]],"type":"Polygon","properties":{"GEOID":"245102602015"}},{"arcs":[[-1669,-351,-356,1698,-699,-1476,-1620,-629]],"type":"Polygon","properties":{"GEOID":"245101102004"}},{"arcs":[[1699,-1438,-1489,-1358,-1443]],"type":"Polygon","properties":{"GEOID":"245100803023"}},{"arcs":[[-1390,-1392,-1387,-991,-626,-988,1700,-993]],"type":"Polygon","properties":{"GEOID":"245101513004"}},{"arcs":[[-1699,-355,1701,-1677,-700]],"type":"Polygon","properties":{"GEOID":"245101102006"}},{"arcs":[[-1693,-1695,1702,-1685,-162,-1681,-174]],"type":"Polygon","properties":{"GEOID":"245102806003"}},{"arcs":[[-1112,-1109,-1625,-839,-1667]],"type":"Polygon","properties":{"GEOID":"245100104003"}},{"arcs":[[-1694,-1533,-1617,-164,-1684,-1703]],"type":"Polygon","properties":{"GEOID":"245102806002"}},{"arcs":[[1703,-829,1704,-945,-750,-808,-891]],"type":"Polygon","properties":{"GEOID":"245101508001"}},{"arcs":[[-816,-943,-1705,-828]],"type":"Polygon","properties":{"GEOID":"245101507011"}},{"arcs":[[-1450,-1137,-1149,-1594,-1447,-1686]],"type":"Polygon","properties":{"GEOID":"245101607001"}},{"arcs":[[-403,-400,-269,1705,-271,-1644]],"type":"Polygon","properties":{"GEOID":"245100908001"}},{"arcs":[[-1004,-1650,1706,-91]],"type":"Polygon","properties":{"GEOID":"245101604001"}},{"arcs":[[-350,-1581,1707,-352]],"type":"Polygon","properties":{"GEOID":"245101101003"}},{"arcs":[[1708,-353,-1708,-1583,-1339,-1690,1709]],"type":"Polygon","properties":{"GEOID":"245101101001"}},{"arcs":[[-354,-1709,1710,-1678,-1702]],"type":"Polygon","properties":{"GEOID":"245101102005"}},{"arcs":[[-1711,-1710,-1689,-2,-1679]],"type":"Polygon","properties":{"GEOID":"245101102001"}},{"arcs":[[1711,-339,-1332,-784]],"type":"Polygon","properties":{"GEOID":"245102707012"}},{"arcs":[[-92,-1707,-1649,-1589,-1143]],"type":"Polygon","properties":{"GEOID":"245101604002"}},{"arcs":[[-268,-1516,-272,-1706]],"type":"Polygon","properties":{"GEOID":"245100908002"}},{"arcs":[[-1673,-1576,1712,-275]],"type":"Polygon","properties":{"GEOID":"245100909001"}},{"arcs":[[-1144,-1591,-1593,-1614,-185,-193]],"type":"Polygon","properties":{"GEOID":"245102002003"}},{"arcs":[[-498,-1632,-1687]],"type":"Polygon","properties":{"GEOID":"245102005001"}},{"arcs":[[-1713,-1664,-341,-346,-1578]],"type":"Polygon","properties":{"GEOID":"245101001001"}},{"arcs":[[-1500,-1688,-427,-1501,-434]],"type":"Polygon","properties":{"GEOID":"245102720062"}},{"arcs":[[-1663,-1373,-1355,-342]],"type":"Polygon","properties":{"GEOID":"245100704001"}},{"arcs":[[-1378,-1674,-1079,-1485,-1382]],"type":"Polygon","properties":{"GEOID":"245102604012"}},{"arcs":[[-821,-830,-1704,-890,-834]],"type":"Polygon","properties":{"GEOID":"245101508003"}},{"arcs":[[-1439,-1700,-1442,-1671]],"type":"Polygon","properties":{"GEOID":"245100803022"}},{"arcs":[[-1672,-1445,-1508,-1670]],"type":"Polygon","properties":{"GEOID":"245100803011"}},{"arcs":[[-1360,1713,-1509]],"type":"Polygon","properties":{"GEOID":"245100702001"}},{"arcs":[[-1714,-1088,1714,-1066,-1363]],"type":"Polygon","properties":{"GEOID":"245100702002"}},{"arcs":[[-1715,-1208,-1344,-1101,-1682,-1067]],"type":"Polygon","properties":{"GEOID":"245100602004"}},{"arcs":[[-989,-78,-1701]],"type":"Polygon","properties":{"GEOID":"245101512003"}}]}}}