{"type":"Topology","arcs":[[[8390,1844],[142,-5]],[[8532,1839],[0,-27],[32,0],[27,-19],[21,-75]],[[8612,1718],[26,-54],[6,-32]],[[8644,1632],[-2,-149],[-5,-20],[-23,-18],[-20,1],[-15,11],[-9,20],[-6,55],[-19,45],[-41,-20],[-13,-2],[-28,10],[-19,20],[-12,43],[-1,41],[-43,0],[2,175]],[[11117,3666],[149,1]],[[11266,3667],[-1,-266],[-4,-132],[3,-205]],[[11264,3064],[-39,3],[-64,-3],[-77,2]],[[11084,3066],[-9,34],[-27,9],[7,52],[18,35],[38,29],[4,13],[1,88],[1,340]],[[13030,2454],[273,-1]],[[13303,2453],[0,-151]],[[13303,2302],[-137,1]],[[13166,2303],[-134,1],[-3,4],[1,146]],[[13303,2302],[0,-76]],[[13303,2226],[1,-227]],[[13304,1999],[-138,1],[0,303]],[[13917,2455],[213,-1]],[[14130,2454],[0,-281],[-1,-21]],[[14129,2152],[-239,0]],[[13890,2152],[0,39],[11,32],[49,64],[4,20],[-8,23],[-30,46],[1,79]],[[14130,2454],[275,0]],[[14405,2454],[88,1],[5,-29],[17,-3],[3,32],[23,0]],[[14541,2455],[44,0]],[[14585,2455],[1,-148]],[[14586,2307],[-14,-1]],[[14572,2306],[-70,3],[-93,-1],[-4,-2],[0,-155]],[[14405,2151],[-104,0]],[[14301,2151],[-172,1]],[[14459,2087],[112,0],[0,142],[1,77]],[[14586,2307],[45,1],[128,0]],[[14759,2308],[-4,-165],[0,-90]],[[14755,2053],[-3,-91],[-7,-61]],[[14745,1901],[-13,7],[8,36],[-96,0]],[[14644,1944],[-72,0],[0,54],[-113,1],[0,88]],[[14459,2087],[-1,64],[-53,0]],[[14541,2606],[214,1]],[[14755,2607],[0,-151]],[[14755,2456],[-170,-1]],[[14541,2455],[0,151]],[[14755,2607],[197,-1]],[[14952,2606],[-3,-30],[2,-114]],[[14951,2462],[-22,-7],[-111,-1],[-63,2]],[[14755,2784],[200,-2]],[[14955,2782],[-1,-142],[-3,-4]],[[14951,2636],[1,-30]],[[14755,2607],[0,177]],[[14541,2682],[0,104]],[[14541,2786],[101,-2],[113,0]],[[14541,2606],[0,76]],[[14397,2910],[30,3],[108,0]],[[14535,2913],[0,-85],[6,-42]],[[14541,2682],[-136,-1]],[[14405,2681],[1,75]],[[14406,2756],[0,74],[-9,1],[0,79]],[[14405,2606],[0,75]],[[14405,2454],[0,152]],[[14131,2909],[34,0]],[[14165,2909],[159,-1]],[[14324,2908],[73,2]],[[14406,2756],[-238,2],[-37,-1]],[[14131,2757],[0,152]],[[14405,2606],[-274,0]],[[14131,2606],[0,151]],[[13717,2759],[138,2],[0,150]],[[13855,2911],[143,-1]],[[13998,2910],[133,-1]],[[14131,2606],[-92,1],[-1,39],[-113,0],[-1,-8],[0,-155],[-7,-28]],[[13917,2455],[-133,0]],[[13784,2455],[-65,0]],[[13719,2455],[-1,151]],[[13718,2606],[-1,153]],[[9750,1837],[55,1]],[[9805,1838],[145,1],[77,2]],[[10027,1841],[0,-104]],[[10027,1737],[-54,0],[0,-102],[-3,-2],[-216,-1],[-3,7],[0,98],[-3,15],[2,85]],[[8943,1835],[49,-8],[45,-14],[13,25],[75,3]],[[9125,1841],[140,-2],[41,-4],[120,-5],[56,1]],[[9482,1831],[2,-323],[177,-140],[59,-33],[28,-9],[53,-12],[39,-4],[86,2],[101,-2]],[[10027,1310],[76,2],[187,0],[0,4]],[[10290,1316],[273,0]],[[10563,1316],[281,1]],[[10844,1317],[267,0]],[[11111,1317],[128,0],[31,4],[192,0],[46,-3],[151,0]],[[11659,1318],[549,0]],[[12208,1318],[510,1],[39,4]],[[12757,1323],[0,-82],[1,-301]],[[12758,940],[-419,1],[-128,-2]],[[12211,939],[-146,-1],[-127,1]],[[11938,939],[-274,0]],[[11664,939],[-246,0],[-304,2],[-13,4],[-144,-2],[-30,-3],[-109,-19]],[[10818,921],[-66,-12],[-39,-2],[-143,25],[-61,8],[-71,1],[-70,-2],[-84,3]],[[10284,942],[-261,17],[-21,-32]],[[10002,927],[-19,8],[-44,2],[-126,2],[-336,7]],[[9477,946],[1,287]],[[9478,1233],[-1,89],[-534,513]],[[11276,4012],[63,-24],[65,-14],[89,-3]],[[11493,3971],[1,-42],[-16,-2],[0,-89],[117,-1]],[[11595,3837],[-1,-170]],[[11594,3667],[-56,1],[-272,-1]],[[11266,3667],[0,167],[-1,49],[7,98],[4,31]],[[11595,3837],[66,0],[-8,30],[36,5],[3,-26],[11,-10],[132,0],[19,14],[-12,30],[2,90]],[[11844,3970],[93,0]],[[11937,3970],[0,-303]],[[11937,3667],[-272,-1]],[[11665,3666],[-71,1]],[[9213,2078],[30,39],[15,7],[117,2],[30,-10],[17,-27],[1,-15],[-6,-65],[64,-2]],[[9481,2007],[1,-176]],[[9125,1841],[1,40],[20,33],[15,38],[8,34],[28,38],[16,31],[0,23]],[[8824,2184],[20,10],[11,-4],[18,14],[51,-45],[45,0],[0,-22],[-19,-48],[0,-19],[41,5],[23,20],[16,3],[41,-9],[21,-11],[17,6],[27,25],[16,-3],[36,-23],[25,-5]],[[8943,1835],[-36,1]],[[8907,1836],[-3,24],[-27,38],[-20,38],[-9,31],[-7,52],[-3,71]],[[8838,2090],[-2,36],[-12,58]],[[14129,2152],[1,-51],[-1,-194]],[[14129,1907],[0,-160]],[[14129,1747],[0,-202]],[[14129,1545],[-79,0]],[[14050,1545],[1,47],[4,15],[-4,36],[-2,53],[-126,1]],[[13923,1697],[1,390],[-35,0],[1,65]],[[14535,2913],[143,0]],[[14678,2913],[277,1]],[[14955,2914],[0,-132]],[[13909,3475],[2,0]],[[13911,3475],[177,-2]],[[14088,3473],[1,-42],[67,0],[0,42],[63,0]],[[14219,3473],[188,-1]],[[14407,3472],[0,-14]],[[14407,3458],[-1,-117],[-40,0],[32,-65],[-1,-21]],[[14397,3255],[-141,3],[-105,-3]],[[14151,3255],[-134,0],[-17,-2],[-52,2]],[[13948,3255],[-39,162],[0,58]],[[14131,2606],[-1,-152]],[[13580,2909],[275,2]],[[13717,2759],[0,75],[-137,-1]],[[13580,2833],[0,76]],[[13718,2606],[-160,0]],[[13558,2606],[-4,28],[2,32],[15,37],[9,54],[0,76]],[[12757,2757],[239,-1]],[[12996,2756],[0,-139],[-2,-15],[0,-148]],[[12994,2454],[-179,1]],[[12815,2455],[-59,0]],[[12756,2455],[-1,123],[2,179]],[[12996,2756],[25,-9],[34,-1],[124,6],[61,0],[12,9],[32,2],[14,18],[0,126],[19,0]],[[13317,2907],[263,2]],[[13558,2606],[-249,-2],[-6,-7],[0,-144]],[[13030,2454],[-36,0]],[[13274,3134],[14,0],[14,75],[21,52],[14,15],[38,26],[11,28],[0,32]],[[13386,3362],[194,2]],[[13580,3364],[0,-153]],[[13580,3211],[0,-153]],[[13580,3058],[0,-149]],[[13317,2907],[-10,19],[0,36],[-11,22],[1,40],[-19,36],[-6,21],[2,53]],[[12756,2908],[137,1],[0,151],[26,27],[14,20],[41,104],[56,0],[0,40]],[[13030,3251],[60,-2],[30,-14],[15,-14],[17,-37],[8,-50],[114,0]],[[12757,2757],[-1,151]],[[13580,3364],[0,108]],[[13580,3472],[138,1]],[[13718,3473],[-2,-43],[0,-219]],[[13716,3211],[-136,0]],[[13718,3473],[137,0]],[[13855,3473],[-4,-87],[0,-128],[-2,-48]],[[13849,3210],[-133,1]],[[13849,3210],[-1,-152]],[[13848,3058],[-268,0]],[[13848,3058],[0,-78],[7,-5],[0,-64]],[[14151,3255],[0,-168]],[[14151,3087],[0,-109],[15,-4],[-1,-65]],[[13998,2910],[-2,137],[-10,55],[4,25],[0,56],[-7,21],[-35,51]],[[13855,3473],[54,2]],[[8682,2443],[105,1]],[[8787,2444],[145,1]],[[8932,2445],[275,1]],[[9207,2446],[274,1]],[[9481,2447],[0,-285],[0,-39]],[[9481,2123],[0,-116]],[[8824,2184],[-15,42],[-60,116],[-23,30],[-20,19],[-18,25],[-6,27]],[[9475,4551],[0,143]],[[9475,4694],[96,2],[59,12],[28,0],[62,-16]],[[9720,4692],[-3,-35],[-1,-95],[3,-16],[20,-47],[13,-48]],[[9752,4451],[-39,-6],[-48,18],[-30,6],[-27,-7],[-17,-11],[-44,-42],[-16,-9],[-57,-3]],[[9474,4397],[1,154]],[[9752,4451],[26,-45],[10,-32],[-1,-24],[-9,-35],[-2,-54]],[[9776,4261],[-302,6]],[[9474,4267],[0,130]],[[9720,4692],[2,24],[28,-5],[32,-21],[100,0],[25,5],[25,12],[-20,50],[-3,19],[1,94]],[[9910,4870],[114,0]],[[10024,4870],[0,-153]],[[10024,4717],[-1,-278]],[[10023,4439],[0,-171]],[[10023,4268],[-137,-2],[-110,-5]],[[10024,4870],[253,1]],[[10277,4871],[-2,-19],[1,-195],[-2,-49],[-6,-10],[-51,0],[-18,9]],[[10199,4607],[11,23],[-4,40],[-14,26],[-39,27],[-16,-20],[-31,-13],[-46,21],[-36,6]],[[10199,4607],[-22,-16],[-25,-2],[0,-149],[-129,-1]],[[10277,4871],[182,-1]],[[10459,4870],[3,-49],[-4,-76],[7,-49],[12,-21],[56,-174],[13,-21],[19,-14]],[[10565,4466],[24,-19],[15,-36],[4,-46],[10,-52],[17,-34]],[[10635,4279],[31,-50]],[[10666,4229],[-101,34],[-68,9],[-70,-1]],[[10427,4271],[-275,-1],[-129,-2]],[[14407,3458],[271,2]],[[14678,3460],[-1,-167],[4,-38]],[[14681,3255],[-143,2]],[[14538,3257],[-141,-2]],[[14537,3083],[1,174]],[[14681,3255],[-3,-51],[0,-291]],[[14535,2913],[2,170]],[[14407,3664],[1,153]],[[14408,3817],[271,2]],[[14679,3819],[0,-207]],[[14679,3612],[-272,-2]],[[14407,3610],[0,54]],[[14679,3612],[-1,-152]],[[14407,3472],[0,138]],[[14230,3922],[0,104],[5,39],[-1,56]],[[14234,4121],[195,-2],[250,3]],[[14679,4122],[0,-303]],[[14408,3817],[-178,1]],[[14230,3818],[0,104]],[[14128,3645],[4,22],[-1,151]],[[14131,3818],[99,0]],[[14407,3664],[-187,1],[-1,-2],[0,-190]],[[14088,3473],[-21,41],[37,2],[24,129]],[[13993,4122],[241,-1]],[[14230,3922],[-237,1]],[[13993,3923],[0,199]],[[13923,3890],[70,-1],[0,34]],[[14131,3818],[-138,0],[0,-70],[-62,50],[-8,32]],[[13923,3830],[0,60]],[[13910,3799],[13,31]],[[14128,3645],[-217,1]],[[13911,3646],[2,121],[-3,32]],[[13911,3475],[0,171]],[[13302,3437],[1,227]],[[13303,3664],[278,2]],[[13581,3666],[-1,-194]],[[13386,3362],[-85,-1],[1,76]],[[10891,4872],[45,-1],[179,1]],[[11115,4872],[-1,-243]],[[11114,4629],[-149,-1],[-31,27]],[[10934,4655],[-22,23],[14,22],[4,19],[-2,40],[-35,86],[-2,27]],[[10635,4279],[41,27],[42,0],[-1,24],[-28,97],[4,29],[19,10],[80,-2],[70,-17],[35,-4],[49,0],[21,-5],[147,0]],[[11114,4438],[0,-76]],[[11114,4362],[-20,3],[-140,-1],[0,-121],[-15,-18],[-62,-13],[-56,10],[-19,-6],[-1,-33]],[[10801,4183],[-135,46]],[[11114,4629],[0,-131]],[[11114,4498],[0,-60]],[[10565,4466],[-1,262],[26,-3],[49,-33],[16,-1],[0,-35],[145,0],[21,-3],[16,-10],[37,-39],[22,-9],[7,23],[31,37]],[[10459,4870],[106,0]],[[10565,4870],[326,2]],[[11114,4498],[130,0]],[[11244,4498],[-1,-44],[6,-12],[29,-21],[-21,-60],[-48,-71],[29,-30],[14,-41],[0,-91],[-7,-4],[-130,-1]],[[11115,4123],[-1,239]],[[11244,4498],[122,2],[32,-2]],[[11398,4498],[-11,-60]],[[11387,4438],[-96,-360],[-15,-66]],[[11276,4012],[-161,60]],[[11115,4072],[0,51]],[[11611,4560],[77,0],[0,152],[18,6],[27,19],[14,-21],[37,-37],[17,-11],[39,-9],[14,-10],[37,-45],[17,-7],[29,0]],[[11937,4597],[0,-71]],[[11937,4526],[1,-121]],[[11938,4405],[-40,0],[-41,19],[-80,29],[-29,21],[-45,18],[-50,1],[-16,-7],[-22,49],[-4,25]],[[11398,4498],[8,72],[8,302]],[[11414,4872],[112,1]],[[11526,4873],[1,-13],[15,-33],[1,-128],[32,-60],[8,-26],[1,-53]],[[11584,4560],[1,-62],[16,-43]],[[11601,4455],[-37,-6],[-69,4],[-8,-47],[-39,4],[-19,11]],[[11429,4421],[-42,17]],[[13581,3666],[-1,227]],[[13580,3893],[54,1],[83,-73]],[[13717,3821],[1,-186],[0,-162]],[[12756,4274],[1,222]],[[12757,4496],[1,140],[1,239]],[[12759,4875],[293,0]],[[13052,4875],[34,-2],[10,-76],[5,-73]],[[13101,4724],[-69,-1],[-1,-149]],[[13031,4574],[0,-151]],[[13031,4423],[-1,-149],[42,-36],[-7,-5],[-35,1],[0,-76]],[[13030,4158],[-1,-38]],[[13029,4120],[-272,2]],[[12757,4122],[-1,152]],[[12757,3970],[272,-2]],[[13029,3968],[0,-151]],[[13029,3817],[-272,1]],[[12757,3818],[0,152]],[[13031,4423],[137,-1],[-1,-151],[137,0]],[[13304,4271],[0,-97]],[[13304,4174],[-69,2],[0,-19],[-69,0],[0,38],[-47,0],[15,-38],[-104,1]],[[13304,4174],[-1,-208]],[[13303,3966],[-274,2]],[[13029,3968],[0,152]],[[13304,4271],[122,0]],[[13426,4271],[0,-151]],[[13426,4120],[-1,-152],[-27,0],[-22,8],[-19,-9],[-54,-1]],[[13426,4120],[154,1]],[[13580,4121],[0,-152]],[[13580,3969],[0,-76]],[[13580,3893],[-277,-2]],[[13303,3891],[0,75]],[[13580,4424],[0,153]],[[13580,4577],[274,0]],[[13854,4577],[-1,-19],[0,-282]],[[13853,4276],[-5,-2],[-268,-1]],[[13580,4273],[0,151]],[[13580,3969],[172,0]],[[13752,3969],[171,1],[0,-80]],[[13910,3799],[-33,18],[-18,3],[-125,-1],[-17,2]],[[13854,4122],[139,0]],[[13752,3969],[-2,152],[104,1]],[[13853,4276],[1,-154]],[[13580,4121],[0,152]],[[11429,4421],[-18,-65],[-2,-20],[0,-211],[11,-19],[16,-3],[54,11],[16,-1],[17,-16],[41,36]],[[11564,4133],[31,-34],[4,-18],[1,-111]],[[11600,3970],[-107,1]],[[11601,4455],[8,-51],[-1,-19],[-11,-60],[-6,-11],[-28,-2],[-24,-17],[-4,-26],[23,-68],[34,-26]],[[11592,4175],[-28,-42]],[[11592,4175],[19,29],[21,12],[30,4],[28,15],[25,8],[48,-13],[104,0],[55,-6]],[[11922,4224],[2,-27],[12,-77],[1,-150]],[[11844,3970],[-244,0]],[[11584,4560],[27,0]],[[11938,4405],[0,-28],[-15,-105],[-1,-48]],[[9198,4264],[140,2]],[[9338,4266],[136,1]],[[9474,4267],[1,-194]],[[9475,4073],[1,-132],[-1,-46],[1,-154],[0,-80]],[[9476,3661],[-100,-2]],[[9376,3659],[-2,41],[-19,46],[-26,-19],[-7,-15],[-36,-31],[-21,8],[-5,32],[-12,31],[-3,37],[-6,12],[-22,-14],[-2,83],[15,45],[2,28],[-90,1]],[[9142,3944],[1,57],[15,42],[16,21],[11,36],[0,107],[13,57]],[[8924,4266],[274,-2]],[[9142,3944],[-93,-1],[-22,-4],[-28,3],[-73,-1]],[[8926,3941],[-2,325]],[[9376,3659],[-73,-1]],[[9303,3658],[-263,-1]],[[9040,3657],[-113,-1]],[[8927,3656],[-1,72],[0,213]],[[9475,4073],[48,1],[19,-6],[24,-17],[37,-5],[43,9],[28,-9],[18,-20],[29,-13],[18,0],[66,14],[44,0],[29,-33],[9,-27],[0,-307]],[[9887,3660],[-170,0],[-241,1]],[[13854,4577],[45,-2],[105,0]],[[14004,4575],[125,1]],[[14129,4576],[104,-1]],[[14233,4575],[1,-227]],[[14234,4348],[0,-76]],[[14234,4272],[-277,2],[-33,5],[-64,1],[-7,-4]],[[14234,4272],[0,-151]],[[14472,4808],[25,-19],[74,-47],[58,-19],[52,-6]],[[14681,4717],[-2,-141]],[[14679,4576],[-207,-1]],[[14472,4575],[0,233]],[[9716,2448],[309,1]],[[10025,2449],[1,-285]],[[10026,2164],[-104,0],[-15,2],[-28,25],[-21,-23],[-13,-6],[-75,0]],[[9770,2162],[9,30],[-8,11],[-1,42],[-30,4],[-16,21],[14,26],[-3,44],[-16,36],[-3,72]],[[10025,2449],[214,-1]],[[10239,2448],[65,0],[261,1]],[[10565,2449],[0,-303]],[[10565,2146],[-1,-20]],[[10564,2126],[-224,0],[-23,-7]],[[10317,2119],[-12,-5],[-37,14],[-195,0],[-17,-8],[-2,-51],[5,-16],[-32,-9]],[[10027,2044],[-1,120]],[[10317,2119],[25,-48],[34,-32],[-13,-19],[8,-26],[-1,-154]],[[10370,1840],[-74,-1],[-269,2]],[[10027,1841],[0,203]],[[10329,1660],[72,62],[14,6],[149,0]],[[10564,1728],[-1,-90]],[[10563,1638],[-1,-219],[1,-66]],[[10563,1353],[-42,0],[-13,9],[-170,241],[-9,57]],[[10027,1569],[41,-3],[38,-32],[34,-17],[29,-3],[37,10]],[[10206,1524],[6,-18],[1,-90],[61,2],[0,-66],[16,-25],[0,-11]],[[10027,1310],[0,259]],[[10370,1840],[52,-2],[142,1]],[[10564,1839],[0,-111]],[[10329,1660],[-61,-52],[-11,-12],[-29,-53],[-22,-19]],[[10027,1569],[0,168]],[[10563,1353],[0,-37]],[[9482,1831],[135,2],[133,4]],[[10953,5070],[0,62],[42,6],[48,26],[29,5]],[[11072,5169],[42,2]],[[11114,5171],[1,-143],[0,-156]],[[10891,4872],[6,45],[11,24],[33,61],[10,43],[2,25]],[[10953,5070],[-30,-2],[-14,-9],[-22,-30],[-28,-24],[-14,-5],[-39,1],[-19,12],[-11,27],[0,29],[7,25],[19,25],[27,13],[21,21],[5,21],[3,53],[16,18],[26,9],[19,-14],[16,16],[14,1],[33,-18],[23,-1],[17,15],[8,19],[18,-13],[14,-23],[10,-67]],[[10569,5378],[77,-14],[70,-8]],[[10716,5356],[21,9],[25,-22],[81,-16],[201,-1],[73,-1]],[[11117,5325],[-1,-15],[-2,-139]],[[10565,4870],[4,508]],[[11114,5171],[49,4],[178,0],[82,0]],[[11423,5175],[-3,-111],[-4,-54],[-2,-138]],[[11414,4872],[-299,0]],[[11462,5522],[29,49],[30,36],[44,45],[83,80]],[[11648,5732],[140,-133],[15,-17],[58,-92],[13,-26],[39,-118],[12,-47],[23,-11],[-10,-86],[0,-59]],[[11938,5143],[-2,-270]],[[11936,4873],[-410,0]],[[11526,4873],[0,33],[0,256],[-23,14],[-80,-1]],[[11423,5175],[5,216],[7,46],[11,42],[16,43]],[[9805,1838],[-3,31],[-31,47],[-1,184]],[[9770,2100],[0,62]],[[9481,2123],[30,0],[4,-23],[17,-8],[122,0],[29,10],[50,-6],[37,4]],[[9481,2447],[102,0],[133,1]],[[8375,4266],[104,0]],[[8479,4266],[-2,-64],[6,-28],[40,-45],[6,-29],[11,-14],[19,-1],[9,-27],[5,-43],[19,0],[12,-33],[0,-29],[20,1],[18,-10],[-7,-16],[19,-17],[-4,-25],[18,-27],[2,-41],[-14,-11],[9,-36],[17,-3],[9,-25],[-19,-28],[-23,-60]],[[8649,3655],[-270,1]],[[8379,3656],[-3,306]],[[8376,3962],[-1,304]],[[10843,5486],[19,-8],[120,-1],[136,1]],[[11118,5478],[-1,-153]],[[10716,5356],[2,22],[24,25],[2,16],[18,5],[13,28],[8,0],[14,36],[24,-5],[22,3]],[[7817,6680],[485,4],[66,-49],[128,-102],[194,-151],[140,-1],[59,-21],[26,-3]],[[8915,6357],[1,-277]],[[8916,6080],[-547,-1],[-408,-3],[-415,-2]],[[7546,6074],[-4,606],[84,1],[191,-1]],[[7287,1226],[128,1]],[[7415,1227],[419,2]],[[7834,1229],[-2,-185],[-1,-204]],[[7831,840],[-2,-206]],[[7829,634],[-184,-3],[-122,0]],[[7523,631],[-238,-2]],[[7285,629],[0,142],[1,146],[1,309]],[[12189,5434],[19,16],[4,16],[26,20],[43,7],[23,-1],[18,-14],[23,-1],[19,7],[30,-3],[19,17],[49,-2],[24,2]],[[12486,5498],[0,-372]],[[12486,5126],[-234,-1],[-33,-9],[-72,-41],[-23,-23]],[[12124,5052],[-13,19],[15,154],[12,52],[29,69],[14,43],[8,45]],[[11799,29],[105,146],[39,42]],[[11943,217],[59,46],[52,28],[157,66]],[[12211,357],[2,-169],[-1,-81],[2,-78]],[[12214,29],[-66,1],[-349,-1]],[[7824,4258],[279,4],[272,4]],[[8376,3962],[-17,1],[-17,14],[-42,-2],[-159,1],[-3,24],[-12,35],[0,20],[-16,-1],[-5,-21],[-51,-30],[-34,-28],[-34,-6],[-36,-17],[-51,9],[-72,-1]],[[7827,3960],[0,80],[5,48],[-2,117],[-6,53]],[[14537,3083],[-4,-1],[-209,3]],[[14324,3085],[-109,0],[-64,2]],[[14679,3612],[272,2]],[[14951,3614],[0,-190]],[[14951,3424],[1,-168]],[[14952,3256],[-4,-1],[-267,0]],[[6748,4256],[320,5]],[[7068,4261],[7,-43],[7,-14],[0,-29],[6,-32],[12,-15],[11,-39],[15,-7],[4,-36],[-10,-29],[-4,-28],[10,-43],[-17,-14],[-2,-89],[6,-14],[-9,-32],[21,-38],[16,1],[24,-17],[18,-33],[-8,-22]],[[7175,3688],[-43,16],[-21,18],[1,12],[-50,42],[-21,13],[0,13],[-16,24],[-55,20],[-32,-16],[-17,5],[-20,-17],[-21,8],[-40,-10],[-16,2],[-6,-20],[-41,2],[-33,12]],[[6744,3812],[0,15]],[[6744,3827],[3,164],[1,265]],[[7278,3653],[121,1],[429,3]],[[7828,3657],[9,-84],[-2,-49],[-6,-34],[3,-442]],[[7832,3048],[-549,-2]],[[7283,3046],[-5,572]],[[7278,3618],[0,35]],[[8379,3656],[-282,0]],[[8097,3656],[-269,1]],[[7828,3657],[-1,303]],[[6745,4858],[537,1]],[[7282,4859],[0,-44],[12,-48],[11,-20],[30,-42],[12,-42],[-2,-72],[-8,-26],[-33,-50],[-13,-38],[-1,-42],[-51,0],[-12,4],[-11,-38],[0,-24],[13,-11],[-10,-28],[-1,-33],[8,-11],[-27,-27],[-37,-6]],[[7162,4261],[-94,0]],[[6748,4256],[-1,125],[-2,477]],[[7282,4859],[549,4]],[[7831,4863],[-7,-605]],[[7824,4258],[-548,3]],[[7276,4261],[-114,0]],[[7114,1225],[173,1]],[[7285,629],[-219,-3]],[[7066,626],[13,53],[12,14],[10,36],[15,19],[9,60],[27,49],[-7,36],[6,30],[-18,4],[21,41],[-9,16],[-1,24],[-17,24],[11,15],[-3,17],[14,26],[-12,28],[1,20],[-32,62],[8,25]],[[14679,5100],[136,0],[2,-114],[134,0],[61,-2]],[[15012,4984],[16,-57],[17,-37]],[[15045,4890],[-14,-22],[-25,-26],[-52,-38]],[[14954,4804],[0,68],[-275,1]],[[14679,4873],[0,227]],[[8634,285],[74,0],[11,-30],[41,-34]],[[8760,221],[11,-9],[45,-3],[50,8],[54,-1]],[[8920,216],[-1,-184]],[[8919,32],[-305,-4]],[[8614,28],[1,17],[13,36],[3,22],[3,182]],[[12296,6111],[463,217]],[[12759,6328],[0,-243]],[[12759,6085],[0,-386],[-3,-67]],[[12756,5632],[-29,-2],[-48,-19],[-96,0],[-14,3],[-12,-52],[-3,-36],[-45,22],[-23,1]],[[12486,5549],[1,123],[-1,410],[-4,3],[-180,0],[-6,26]],[[10996,3665],[121,1]],[[11084,3066],[-94,-2]],[[10990,3064],[-6,37],[-54,119],[-20,50]],[[10910,3270],[16,27],[30,-3],[4,16],[-10,17],[-1,31],[9,11],[32,63],[10,31],[45,45],[-15,17],[-35,0],[1,140]],[[7278,3653],[0,130],[-2,81],[1,202],[-1,195]],[[10023,5173],[180,1],[9,11],[30,7],[29,26],[22,31],[104,1],[12,-35],[7,-73],[7,-29],[17,-130],[11,-43],[8,-70]],[[10024,4870],[0,218],[-1,85]],[[11648,5732],[88,82],[48,39],[55,38],[60,33],[104,50]],[[12003,5974],[38,-95],[27,-43],[73,-79],[15,-28],[6,-26],[-2,-52],[3,-28],[17,-62],[11,-67],[-2,-60]],[[12124,5052],[-9,-20]],[[12115,5032],[-56,29],[-55,34],[-66,48]],[[6746,2435],[268,2]],[[7014,2437],[3,-60],[-2,-98],[1,-131],[15,-23],[26,-7],[51,2],[15,-11],[30,6],[46,-6],[31,0],[32,21],[27,3]],[[7289,2133],[-2,-299]],[[7287,1834],[-106,4],[-168,0],[-24,-2],[-215,-1],[-28,-1]],[[6746,1834],[0,601]],[[7014,2437],[273,2]],[[7287,2439],[2,-306]],[[6615,4858],[2,-54],[-5,-85],[-23,-75],[-41,-64],[-9,-41],[-19,0],[-12,-10],[-20,-39],[-1,-14],[-1,-198],[-52,0],[0,-30]],[[6434,4248],[-85,-2],[-59,12],[-107,43]],[[6183,4301],[12,56],[3,502],[417,-1]],[[6749,620],[36,2],[281,4]],[[7066,626],[-16,-31],[-27,-28],[31,-59],[0,-64],[-15,-25],[-7,-35],[4,-14],[64,1],[0,-31],[32,0],[4,-39],[79,4],[27,16],[40,4]],[[7282,325],[-3,-304]],[[7279,21],[-136,-2],[-393,-4]],[[6750,15],[0,367],[-1,238]],[[8375,4271],[0,255]],[[8375,4526],[24,0],[0,-34],[9,-21],[22,-20],[25,22],[30,6],[49,33],[149,-1],[16,-6],[-1,-63],[3,-14],[31,10]],[[8732,4438],[15,-26],[29,-10],[-4,-54],[14,-60],[0,-22]],[[8786,4266],[-135,-1],[-172,1]],[[8375,4266],[0,5]],[[12003,5974],[293,137]],[[12486,5549],[0,-51]],[[8373,269],[19,2],[18,13],[19,24],[21,6],[107,2],[36,-9],[28,-19],[13,-3]],[[8614,28],[-243,-2]],[[8371,26],[2,243]],[[7278,3618],[-82,39],[-3,24],[-18,7]],[[10575,6083],[271,1]],[[10846,6084],[-2,-199],[0,-258]],[[10844,5627],[-1,-141]],[[10569,5378],[2,148],[0,114],[2,326],[2,117]],[[6749,1224],[365,1]],[[6749,620],[0,36],[0,568]],[[10025,3443],[41,2],[13,9],[21,28],[20,7],[90,0],[14,-7],[45,-44],[10,-23],[33,1],[-2,27],[31,0],[12,5],[22,38],[13,-6],[98,-17],[24,-19],[13,-29]],[[10523,3415],[-33,-2],[-29,-19],[-116,-145],[-13,-30],[-30,4],[-159,0],[-20,6],[-13,13],[-23,38],[-14,7],[-48,0]],[[10025,3287],[0,156]],[[10569,3414],[0,248]],[[10569,3662],[69,2],[93,0]],[[10731,3664],[22,-48],[22,-38],[7,-28],[60,-135],[22,-45],[46,-100]],[[10990,3064],[-62,-5],[-87,-2]],[[10841,3057],[-274,-3]],[[10567,3054],[0,161],[3,31],[-1,168]],[[11938,3364],[137,1]],[[12075,3365],[2,-298]],[[12077,3067],[-1,-10],[-41,5],[-96,1]],[[11939,3063],[-1,301]],[[12469,3364],[164,0],[25,-29],[100,-1]],[[12758,3334],[0,-273]],[[12758,3061],[-355,0]],[[12403,3061],[-45,91],[-43,77],[-27,58],[-12,57],[-9,20]],[[12267,3364],[202,0]],[[13030,3438],[272,-1]],[[13030,3251],[0,187]],[[5564,3916],[81,-24],[50,-12],[257,-72],[59,-2],[35,4],[62,19],[49,27],[113,70],[33,16],[40,9],[56,-2],[23,-7],[65,-32],[77,-32],[104,-29]],[[6668,3849],[-13,-60],[-79,11],[-26,-11],[-14,-132],[-9,-11],[-52,0],[-1,-97],[1,-156],[-4,-21],[-15,-26],[-12,-43],[-21,-32],[-34,-34],[-7,-14],[-4,-34],[-23,-5],[-88,-1],[-37,-12],[-32,-36],[-24,-58]],[[6174,3077],[-27,1],[-163,-2],[-86,-3]],[[5898,3073],[-28,63],[-54,84],[-40,47],[-60,52],[-62,64],[-41,75],[-10,34],[-19,50],[-19,72],[-10,70],[-14,54],[-2,50],[9,66],[8,45],[8,17]],[[6745,2813],[22,-6],[7,-19],[15,-8],[65,1],[28,11],[32,-10],[119,1],[34,-6],[0,-60],[17,-29],[5,-20],[1,-109],[-17,-31],[-50,-33],[-9,-17],[0,-41]],[[6746,2435],[-1,275]],[[6745,2710],[0,103]],[[6745,3041],[304,3],[234,2]],[[7283,3046],[2,-397]],[[7285,2649],[2,-210]],[[6745,2813],[0,228]],[[7285,2649],[30,22],[63,21],[22,1],[26,12],[32,-8],[39,1],[30,-4],[42,-30],[20,-10],[4,-19],[21,0],[23,-19],[31,-7],[18,26],[22,3],[15,27],[4,20],[27,37],[-2,16],[19,38],[12,65],[19,48],[22,19],[9,26]],[[7833,2934],[2,-491]],[[7835,2443],[-363,-4],[-88,-1],[-97,1]],[[8383,3046],[44,0]],[[8427,3046],[17,-29],[22,-50],[90,-235],[16,14],[-1,17]],[[8571,2763],[101,2]],[[8672,2765],[1,-127],[10,-14],[56,8],[6,-48],[-11,-43],[20,-40],[28,-20],[5,-37]],[[8682,2443],[-81,2],[-211,-1]],[[8390,2444],[-1,173],[-4,255],[-12,39],[11,12],[1,55],[-2,68]],[[7832,3048],[104,1],[172,-4],[216,2],[59,-1]],[[8390,2444],[-198,-1]],[[8192,2443],[-357,0]],[[7833,2934],[-1,114]],[[8379,3656],[3,-408],[1,-36],[-7,-30],[6,-26]],[[8382,3156],[-40,-3],[-79,69],[-20,13],[-46,41],[-17,10],[-24,30],[-26,37],[-22,23],[-3,19],[-12,20],[6,20],[-13,58],[1,33],[18,68],[-8,62]],[[15226,3822],[1,302]],[[15227,4124],[63,0],[0,-151],[72,0],[6,28],[-2,39],[0,165],[-1,28],[2,194],[-1,84],[5,69]],[[15371,4580],[1,110],[3,23],[19,46],[31,31],[79,11],[0,70]],[[15504,4871],[0,110],[2,464],[11,79]],[[15517,5524],[39,-29],[19,-9],[70,-21],[39,-18],[78,-14],[61,1],[40,-8],[28,6],[39,0]],[[15930,5432],[-20,-25],[-27,-25],[-15,-24],[-2,-45],[5,-28],[11,-10],[6,-46],[-16,-15],[-30,-48],[52,-48],[36,-52],[6,-35],[29,-22],[24,-24],[166,-257],[84,-107],[18,-34],[12,-50],[8,-128],[-5,-21],[-61,-224],[-9,-23],[-25,-43],[-50,-71],[-38,-62]],[[16089,3965],[30,106],[19,157],[20,56],[5,28],[11,181],[-5,51],[-14,41],[-29,52],[-75,3],[-151,8],[-184,-4],[-60,-34],[-67,-33],[-84,-48],[-57,-258],[1,-76],[-1,-224],[28,-157],[79,-75],[31,-33],[189,-185],[64,-66],[53,-13],[-47,-25],[-27,-26],[-23,-12],[-36,-45],[-39,-31],[-13,-24],[-27,-38],[-6,-31],[-19,-59],[-1,-34],[3,-67],[8,-42],[-2,-26],[12,-72]],[[15675,2910],[-162,-37],[-14,2],[-1,34],[-152,2]],[[15346,2911],[2,114],[0,98],[-76,0],[-2,55],[0,72],[-35,5]],[[15235,3255],[0,168],[-10,96],[1,303]],[[8918,5778],[45,-2],[3,18],[13,16],[45,6],[39,41],[27,13],[85,74]],[[9175,5944],[37,-47],[37,-38],[126,-148],[16,-11],[46,-16],[37,-27]],[[9474,5657],[0,-182]],[[9474,5475],[-346,0],[-207,-1]],[[8921,5474],[-3,304]],[[12436,4494],[18,27],[27,13],[25,23],[-39,39],[0,75],[-5,11]],[[12462,4682],[19,27]],[[12481,4709],[34,-37],[29,-17],[71,-51],[142,-108]],[[12756,4274],[-202,-1],[-3,-36],[-31,5],[-20,-7],[-19,-18],[-8,17],[-18,12],[-19,1],[1,182],[-1,65]],[[8616,4867],[311,0]],[[8927,4867],[-2,-422]],[[8925,4445],[-1,-179]],[[8924,4266],[-138,0]],[[8732,4438],[-1,66],[8,43],[1,36],[-17,27],[-42,6],[-18,7],[16,49],[0,22],[-9,18],[-54,53],[-7,23],[8,51],[-1,28]],[[6745,3041],[-1,151],[1,309],[0,127],[-3,19],[3,95],[-1,70]],[[8382,3156],[3,-32],[21,-33],[-23,-45]],[[12756,5632],[0,-79],[3,-150]],[[12759,5403],[-1,-277]],[[12758,5126],[-272,0]],[[9474,5475],[1,-528],[0,-78]],[[9475,4869],[-155,0]],[[9320,4869],[-9,52],[-6,66],[-7,42],[2,25],[12,27],[-32,35],[-9,26],[1,45],[-8,30],[-15,15],[-14,-12],[-53,0],[-30,-9],[0,34],[-37,9],[-40,43],[-21,8],[-55,-1],[-41,-21],[-35,0]],[[8923,5283],[-2,191]],[[9051,4868],[269,1]],[[9475,4869],[0,-175]],[[9475,4551],[-151,-3]],[[9324,4548],[-77,0]],[[9247,4548],[3,37],[-24,9],[-62,0],[1,-48],[-90,-4],[0,50],[4,31],[-12,47],[14,27],[-16,21],[-9,24],[5,51],[-10,33],[0,42]],[[8374,349],[0,128],[2,157]],[[8376,634],[292,3]],[[8668,637],[114,3]],[[8782,640],[3,-59],[-20,-42],[14,-10],[-4,-23],[10,-30],[-3,-34],[13,-2],[-13,-63],[-12,-42],[-2,-94],[-8,-20]],[[8373,269],[1,80]],[[7289,2133],[75,-1],[32,10],[13,17],[23,-11],[36,-6],[18,3],[113,32],[15,8],[32,52],[30,18],[27,24],[32,0],[65,23],[36,1]],[[7836,2303],[3,-453]],[[7839,1850],[-76,-4],[-476,-12]],[[9470,6082],[553,0],[552,1]],[[10023,5173],[-1,227],[-1,69],[-82,7],[-176,1],[-289,-2]],[[9474,5657],[-4,425]],[[7839,1850],[-2,-273]],[[7837,1577],[-3,-348]],[[7415,1227],[-9,41],[4,35],[17,43],[-1,96],[-18,32],[3,38],[32,5],[7,29],[-7,13],[0,92],[-13,34],[-25,1],[-118,0]],[[7287,1686],[0,148]],[[15084,2913],[262,-2]],[[15346,2911],[-1,-265]],[[15345,2646],[-1,-175]],[[15344,2471],[-39,0],[-1,-44],[-47,1],[-26,-3]],[[15231,2425],[-3,56]],[[15228,2481],[3,37]],[[15231,2518],[1,175],[-112,0],[-32,-6]],[[15088,2687],[-2,220],[-2,6]],[[7285,629],[-3,-304]],[[8054,352],[25,-3],[157,0],[35,12],[18,1],[36,-11],[49,-2]],[[8371,26],[-186,0]],[[8185,26],[0,27],[-11,25],[-21,23],[-23,46],[-19,27],[-28,22],[-29,47],[-9,32],[0,42],[9,35]],[[15231,2518],[-83,-1],[-18,-18],[-1,-63],[-10,-7],[-30,0]],[[15089,2429],[0,171],[-1,87]],[[11937,3667],[1,-303]],[[11938,3364],[-136,1]],[[11802,3365],[-137,0]],[[11665,3365],[0,301]],[[11937,3970],[137,0]],[[12074,3970],[15,-78],[-11,-39],[10,-90],[26,-24],[18,-28],[1,-42]],[[12133,3669],[2,-22],[8,-14],[40,-40],[14,-19],[3,-38],[-25,-69],[-1,-12],[18,-32],[57,-34],[18,-25]],[[12267,3364],[-192,1]],[[9175,5944],[-96,137]],[[9079,6081],[391,1]],[[8928,2928],[1,-81]],[[8929,2847],[0,-132]],[[8929,2715],[-24,1],[-21,9],[-15,-4],[-18,-19],[-33,-19],[-22,45],[18,10],[5,13],[-15,55],[-122,-1],[-10,-12],[0,-28]],[[8571,2763],[0,16],[10,90],[37,6],[70,3],[67,35],[52,38],[12,5],[54,-1],[14,-44],[25,15],[16,2]],[[11939,3063],[-136,1]],[[11803,3064],[-1,301]],[[8924,641],[297,0]],[[9221,641],[256,2]],[[9477,643],[-1,-303]],[[9476,340],[-59,5],[-63,37],[-36,15],[-53,8],[-50,0]],[[9215,405],[-63,1],[-19,9]],[[9133,415],[-118,94],[-41,14],[-51,0]],[[8923,523],[1,118]],[[10988,2192],[17,223],[5,37]],[[11010,2452],[75,-1],[96,3]],[[11181,2454],[7,-20],[23,-17],[52,-16],[35,-44],[27,-25],[27,-42],[16,-32],[35,-18],[18,2],[40,-9],[31,-21],[18,-23],[14,-8]],[[11524,2181],[-8,-17],[-18,0],[-33,-26],[-25,-35],[-32,-11],[-50,-33],[-47,-5],[-21,-26],[-57,-38],[-56,-75],[-31,-28],[-30,-40]],[[11116,1847],[-71,-3],[-78,0]],[[10967,1844],[12,132],[2,89],[7,127]],[[11803,3064],[-137,1]],[[11666,3065],[-1,300]],[[8241,4865],[137,0]],[[8378,4865],[-3,-339]],[[8375,4271],[-271,-2],[1,117],[-1,62],[11,20],[94,75],[18,26],[2,29],[-23,59],[1,31],[33,59],[1,118]],[[7829,634],[-2,-269]],[[7827,365],[-1,-125]],[[7826,240],[-76,0],[-29,-6],[-16,-16],[-38,34],[-30,17],[-17,3],[-35,-5],[-46,-2]],[[7539,265],[2,65],[0,151],[-6,14],[5,20],[-17,66],[0,50]],[[11116,274],[44,6],[22,-7],[11,23],[16,16],[24,7],[141,0],[18,-5]],[[11392,314],[1,-275],[6,-9]],[[11399,30],[-284,2]],[[11115,32],[1,242]],[[15379,1960],[37,0]],[[15416,1960],[114,-1],[-2,-113],[31,-1]],[[15559,1845],[44,-147]],[[15603,1698],[-89,-17],[-127,-17],[-44,-12]],[[15343,1652],[0,6]],[[15343,1658],[0,67],[35,-3],[1,13],[0,225]],[[12403,3061],[-37,0]],[[12366,3061],[-241,0],[-48,6]],[[11936,4873],[1,-276]],[[7287,1226],[0,460]],[[13302,3816],[1,75]],[[13303,3664],[-1,152]],[[13890,2152],[-172,-1]],[[13718,2151],[-62,-9]],[[13656,2142],[0,55],[9,30],[54,83],[33,44],[7,14],[11,59],[14,28]],[[14324,3085],[0,-177]],[[7831,4863],[410,2]],[[13029,3817],[0,-152]],[[13029,3665],[-271,2]],[[12758,3667],[-1,151]],[[13923,1697],[-205,0]],[[13718,1697],[1,340],[-1,114]],[[8925,4445],[27,-8],[28,-32],[29,-1],[30,-17],[20,-47],[31,12],[44,28],[50,9],[30,18],[3,94],[38,-2],[-8,49]],[[9324,4548],[-1,-91],[-9,-16],[9,-17],[-1,-75],[4,-19],[11,-18],[1,-46]],[[8927,4867],[124,1]],[[8378,4865],[238,2]],[[10844,5627],[363,1],[0,-150]],[[11207,5478],[-89,0]],[[8916,6080],[163,1]],[[8918,5778],[-2,302]],[[8927,4867],[-4,416]],[[8921,5474],[-552,-3],[-545,-3]],[[7824,5468],[-274,0],[-4,606]],[[7835,2443],[1,-140]],[[6749,1224],[-1,532],[-2,78]],[[7282,325],[32,1],[16,-13],[51,-3],[78,0],[20,-8],[20,-28],[13,-8],[27,-1]],[[7826,240],[0,-152],[-2,-61]],[[7824,27],[-99,-2],[-115,0],[-93,-2],[-158,0],[-80,-2]],[[15417,2207],[115,-1]],[[15532,2206],[74,0]],[[15606,2206],[-4,-361],[-43,0]],[[15416,1960],[1,247]],[[8916,8485],[450,-1],[294,0],[169,-1],[171,2],[565,0],[109,-1]],[[10674,8484],[17,-57],[5,-43],[5,-340],[9,-99],[26,-167],[4,-228],[2,-255],[-1,-208],[3,-45],[10,-58],[15,-49],[46,-105],[44,-94],[41,-81],[42,-66],[129,-192],[32,-52],[28,-61],[14,-54],[23,-146]],[[11168,6084],[-322,0]],[[8915,6357],[2,935],[-1,295],[0,314],[0,584]],[[7831,4863],[-14,19],[-12,540],[19,46]],[[8927,3656],[-66,-1],[-153,0]],[[8708,3655],[-59,0]],[[15675,2910],[9,-63],[19,-61],[7,-41],[24,-67],[15,-60],[21,-48],[51,-139]],[[15821,2431],[-52,0],[-28,-9],[-133,2],[-3,43],[-73,2]],[[15532,2469],[-75,1]],[[15457,2470],[1,176],[-113,0]],[[13426,4271],[16,1],[0,151],[138,1]],[[14680,5457],[271,0],[7,27],[35,-1]],[[14993,5483],[-1,-57],[6,-98]],[[14998,5328],[-50,1],[-261,0],[-7,-1]],[[14680,5328],[0,129]],[[14644,1944],[-1,-75]],[[14643,1869],[-243,0]],[[14400,1869],[-6,42],[-35,88],[-29,84],[-29,68]],[[7839,1850],[49,0],[172,-7],[175,0]],[[8235,1843],[155,1]],[[8644,1632],[68,0],[28,10],[17,16],[19,-22],[10,-31],[26,-42],[12,-8],[111,0]],[[8935,1555],[-2,-203],[7,-41]],[[8940,1311],[-11,-1],[-20,15],[-72,21],[-12,8],[-30,-29],[-4,-43],[-7,-41],[-10,-25],[-36,0],[-51,-21],[-49,-5],[-35,23],[-57,46],[-26,0],[-10,9],[-64,22],[-63,-2]],[[8383,1288],[-62,3],[-12,14],[-21,1],[-31,17],[-46,20],[-44,28],[-21,8],[-22,20],[-58,26],[38,8],[11,10],[-23,38],[-7,22],[-97,34],[11,14],[-14,13],[-18,4],[-11,-22],[-29,16],[-8,-22],[-11,-7],[-27,29],[-22,-19],[-6,28],[-16,6]],[[15101,821],[165,0],[11,-13],[62,1],[-8,-152],[1,-152]],[[15332,505],[-67,-1]],[[15265,504],[0,64],[-5,6],[-159,1]],[[15101,575],[0,246]],[[9188,3270],[29,0],[0,53],[10,14],[131,0],[2,23],[-9,15]],[[9351,3375],[14,25],[72,24],[39,0]],[[9476,3424],[1,-186],[0,-48],[1,-137]],[[9478,3053],[-98,-2],[-181,1]],[[9199,3052],[-11,55],[0,72],[-3,42],[3,49]],[[12211,639],[119,0],[9,-18],[310,-1],[0,-122],[29,8],[40,-4],[41,2]],[[12759,504],[1,-126]],[[12760,378],[-232,12]],[[12528,390],[-157,9],[-32,-1],[-48,-9],[-80,-32]],[[12211,357],[-1,97],[2,47],[-1,138]],[[14369,188],[278,2]],[[14647,190],[0,-153]],[[14647,37],[-277,-2]],[[14370,35],[-1,153]],[[4581,8486],[-26,-53],[-15,-62],[9,-41],[17,-42],[35,-33],[47,-26],[22,-2],[74,12],[34,23],[10,24],[43,17],[17,2],[23,-7],[27,-27],[8,-16],[1,-44],[-12,-42],[-15,-24],[-14,-6],[-26,-22],[-19,-50],[-3,-58],[-14,-69],[3,-33],[9,-19],[0,-22],[23,-88],[7,-40],[18,-55],[33,-130],[10,-32],[33,-85],[17,-29],[56,-89],[12,-30],[6,-55],[-3,-25],[-17,-35],[-18,-15],[-52,-30],[-89,-20],[-26,-14],[-15,-28],[-4,-33],[10,-43],[15,-18],[24,-12],[54,-1],[49,7],[70,16],[54,4],[24,-7],[29,-19],[15,-24],[9,-26],[0,-25],[-12,-32],[-54,-35],[-34,-6],[-41,2],[-58,11],[-20,-3],[-12,-27],[0,-18],[19,-40],[21,-18],[60,-24],[60,-10],[21,-7],[34,-35],[4,-14],[-1,-42],[-11,-53],[-11,-31],[-28,-51],[-21,-28],[-53,-51],[-48,-24],[-61,-14],[-38,-18],[-35,-22],[-24,-22],[-16,-23],[-9,-24],[-1,-29],[7,-76],[15,-30],[19,-20],[32,-14],[91,-1],[37,7],[39,0],[33,-29],[15,-25],[17,-65],[-4,-46],[-20,-48],[-37,-59],[-6,-16],[-2,-38],[14,-79],[-1,-15],[29,-62],[6,-53],[-10,-51],[-7,-57],[4,-45],[15,-47],[39,-84],[18,-49],[21,-69],[4,-50],[10,-43],[27,-75],[32,-110],[10,-27],[23,-89],[43,-142],[9,-46],[19,-117],[23,-99]],[[5355,4328],[10,-27],[27,-39]],[[5392,4262],[-20,-23],[-18,29],[-12,-6],[-222,-3],[-14,2],[-22,18],[-20,10],[-25,1],[-28,-9]],[[5011,4281],[-6,5],[-40,-4],[-47,21],[-81,64],[-40,23],[-228,159],[-55,34],[-157,116],[-212,142],[-9,18],[-105,70],[-30,22],[-35,49],[-17,0],[-33,9],[-64,43],[-43,33],[-64,54],[-143,118],[-55,47],[-68,50]],[[3479,5354],[-130,112],[-54,-5],[-362,2],[-905,1],[-42,-3],[-27,-8],[-64,-28],[-148,-66]],[[1747,5359],[-7,58],[3,18],[49,67],[0,23],[20,115],[6,49],[5,105],[-3,126],[0,107],[-13,96],[-49,220],[-53,177],[-34,95],[-20,68],[-8,72],[-18,82],[-38,101],[-21,26],[-12,31],[-35,74],[-22,37],[-59,120],[-31,48],[-44,47],[-41,34],[-33,17],[-52,13],[-64,23],[-54,22],[-92,43],[-57,17],[-48,22],[-34,11],[-62,43],[-46,43],[-96,63],[-104,62],[-131,116],[-96,62],[-28,29],[-45,86],[-57,70],[-39,56],[-19,45],[-36,68],[-43,68],[-26,46],[-18,22],[-26,49],[-16,37],[191,3],[244,-1],[104,1],[159,-1],[41,1],[130,-5],[170,1],[256,-2],[547,0],[545,0],[125,1],[698,-1],[145,1],[642,-3],[345,1],[8,5],[231,-3]],[[11207,5478],[62,1],[29,6],[23,27],[51,105],[9,15]],[[11381,5632],[35,-51],[46,-59]],[[14407,5252],[273,0]],[[14680,5252],[-1,-152]],[[14679,5100],[-272,1]],[[14407,5101],[0,151]],[[7834,1229],[292,1],[2,-27],[-1,-73],[8,-13],[-13,-25],[1,-58],[-2,-143]],[[8121,891],[-44,5],[-25,15],[-27,5],[-21,-36],[-59,-51],[-16,11],[-98,0]],[[14993,5564],[0,-81]],[[14680,5457],[0,62],[-3,32]],[[14677,5551],[-12,62]],[[14665,5613],[20,2],[214,0],[10,-63],[46,0],[0,12],[38,0]],[[13029,3817],[273,-1]],[[13303,3664],[-274,1]],[[15227,1853],[1,108]],[[15228,1961],[151,-1]],[[15343,1658],[-39,-19],[-76,-44]],[[15228,1595],[-1,258]],[[12757,3970],[0,152]],[[11115,4072],[-175,62]],[[10940,4134],[-139,49]],[[14105,647],[35,-5],[232,1]],[[14372,643],[-1,-149]],[[14371,494],[-272,-1],[-3,-1]],[[14096,492],[1,125],[8,30]],[[13617,638],[206,2]],[[13823,640],[-2,-304]],[[13821,336],[-206,-1]],[[13615,335],[1,239],[1,64]],[[13304,1999],[100,1],[43,3],[16,10],[34,33]],[[13497,2046],[75,75],[36,13],[48,8]],[[13718,1697],[0,-152]],[[13718,1545],[-139,0]],[[13579,1545],[1,148],[-2,4],[-274,-2]],[[13304,1695],[0,304]],[[10818,921],[-48,-145],[-13,-50],[-13,-86]],[[10744,640],[-171,-1],[-202,-3]],[[10371,636],[0,22],[-32,0],[-1,50],[39,84],[25,25],[-9,14],[-17,5],[-131,2],[31,57],[12,14],[-4,33]],[[9750,248],[57,-1],[4,26],[29,31],[27,11],[125,-3],[35,-6]],[[10027,306],[-2,-281]],[[10025,25],[-73,1],[-202,5]],[[9750,31],[0,217]],[[9475,4869],[435,1]],[[13029,3665],[1,-227]],[[13030,3438],[-262,2],[-10,-1]],[[12758,3439],[0,228]],[[14233,4575],[69,0]],[[14302,4575],[66,-1],[104,1]],[[14679,4576],[0,-227]],[[14679,4349],[-270,-2],[-175,1]],[[14951,2636],[66,1],[0,41],[71,9]],[[15089,2429],[-69,0],[-7,28],[-35,-1],[-27,6]],[[8383,1288],[-1,-165],[-2,-44],[-1,-195]],[[8379,884],[-2,-96]],[[8377,788],[-71,1],[-35,12],[-80,60],[-51,28],[-19,2]],[[12483,2455],[273,0]],[[12756,2455],[-1,-108],[2,-119]],[[12757,2228],[-274,0]],[[12483,2228],[0,227]],[[11527,813],[21,-13],[38,-9],[80,1]],[[11666,792],[3,-152]],[[11669,640],[-160,-1],[-74,2]],[[11435,641],[-3,17],[18,19],[5,16],[15,0],[33,13],[14,16],[-4,48],[14,43]],[[14679,4349],[0,-208]],[[14679,4141],[0,-19]],[[13856,5215],[275,-1]],[[14131,5214],[0,-149]],[[14131,5065],[0,-40]],[[14131,5025],[-43,27],[-31,14],[-28,8],[-38,5],[-55,-4],[-68,-18],[-33,-3],[-48,5]],[[13787,5059],[1,42],[67,1],[1,113]],[[12211,939],[0,-147]],[[12211,792],[-17,1],[-24,16],[-61,2],[-25,23],[-31,-33],[7,-16],[1,-145]],[[12061,640],[-118,0]],[[11943,640],[-5,299]],[[14372,643],[208,4]],[[14580,647],[1,-43],[17,0],[0,-197]],[[14598,407],[0,-65],[49,0],[0,-26]],[[14647,316],[-81,6],[-73,0],[-6,19],[-117,-1]],[[14370,340],[1,154]],[[10564,2126],[0,-287]],[[4581,8486],[143,0],[234,-3],[167,3],[3,-3],[196,0],[177,-4],[8,5],[128,1],[207,-2],[315,1],[143,-2],[58,1],[180,1],[254,-1],[164,1],[261,-1],[38,-3],[107,2],[12,2],[242,-1],[196,1]],[[7814,8484],[0,-595],[1,-602],[2,-607]],[[6745,4858],[-130,0]],[[6183,4301],[-37,17],[-103,33],[-85,16],[-81,4],[-308,5],[-83,-12],[-131,-36]],[[11524,2181],[47,-3],[38,-10],[37,-36]],[[11646,2132],[36,-59],[20,-20],[35,-54],[28,-33],[34,-48],[26,-33],[34,-48]],[[11859,1837],[-78,-20]],[[11781,1817],[-53,-2],[-65,14]],[[11663,1829],[-61,14],[-36,5],[-193,0]],[[11373,1848],[-199,-1]],[[11174,1847],[-58,0]],[[13719,2455],[-142,1],[0,-13],[-79,1]],[[13498,2444],[0,10],[-195,-1]],[[13823,640],[164,1],[36,1],[47,10]],[[14070,652],[35,-5]],[[14096,492],[0,-154]],[[14096,338],[-1,-152]],[[14095,186],[-137,-1],[-2,-153]],[[13956,32],[-135,0]],[[13821,32],[-1,39],[1,265]],[[10841,3057],[0,-181]],[[10841,2876],[-41,2],[-2,-8],[-40,-55],[-15,-16],[-30,-18],[-23,-5],[-35,3],[-46,17],[-41,1]],[[10568,2797],[0,134],[-1,123]],[[13498,2444],[-1,-211]],[[13497,2233],[-54,0],[0,-6],[-140,-1]],[[14951,929],[150,0]],[[15101,929],[0,-108]],[[15101,575],[-36,0],[0,76],[-115,0]],[[14950,651],[1,278]],[[13031,4574],[275,-1]],[[13306,4573],[-2,-302]],[[8729,909],[28,-21],[82,-1],[12,3],[32,26],[16,7],[28,1]],[[8927,924],[-3,-283]],[[8924,641],[-142,-1]],[[8668,637],[-1,35],[5,36],[29,71],[2,79],[10,30],[16,21]],[[15421,2470],[36,0]],[[15532,2469],[0,-44],[28,-1],[-1,-87],[-37,-1],[-1,-89],[11,0],[0,-41]],[[15417,2207],[1,25],[3,238]],[[11666,3065],[-265,3],[-48,-4],[-89,0]],[[14129,1907],[69,0],[0,-11],[103,0],[-1,-26],[100,-1]],[[14400,1869],[21,-41]],[[14421,1828],[-17,-4],[0,-61],[-71,0]],[[14333,1763],[0,10],[-100,-1],[-61,-25],[-43,0]],[[13993,4874],[137,-2]],[[14130,4872],[0,-221],[-1,-75]],[[14004,4575],[-1,153],[-10,0],[0,146]],[[14050,1545],[-332,0]],[[15930,5432],[63,9],[23,1],[130,34],[99,15],[24,-6],[27,6],[33,-10],[43,0],[36,-12],[46,-4],[27,-13],[40,-7],[32,-20],[48,-18],[55,-35],[28,-9],[23,-13],[27,-29],[48,-32],[19,-19],[11,-21],[35,-36],[22,-18],[20,-34],[25,-21],[25,-42],[19,-22],[47,-87],[15,-44],[11,-20],[16,-68],[17,-60],[9,-24],[24,-103],[8,-73],[6,-25],[3,-58],[-1,-33],[5,-25],[-6,-67],[-3,-70],[-19,-95],[-16,-51],[-28,-66],[-19,-39],[-28,-33],[-21,-37],[-41,-48],[-40,-38],[-73,-63],[-87,-62],[-89,-55],[-97,-55],[-127,-60],[-19,-12],[-43,-14],[-23,-19],[-41,-14],[-61,-29],[-24,-5],[-67,27],[-55,52],[-156,136],[154,226]],[[14129,1545],[0,-95]],[[14129,1450],[-76,-26],[-99,-44],[-29,-9],[-31,-4],[-177,-1]],[[13717,1366],[1,179]],[[14409,5403],[14,27],[147,-27],[28,0],[0,147],[79,1]],[[14680,5328],[0,-76]],[[14407,5252],[-1,127],[3,24]],[[14951,2462],[1,-152],[-68,-1],[0,-83],[-107,-1],[0,-171],[-22,-1]],[[14759,2308],[0,72],[-4,76]],[[3386,2701],[43,-23],[-25,-45],[-29,-65],[-18,-62],[-8,-64],[49,-10],[195,1],[639,3],[53,-1],[276,0],[-3,604],[412,4],[19,-2],[24,-12],[40,-25],[27,-5],[91,1],[24,7],[64,32],[38,8],[51,6],[33,0],[354,14],[163,6]],[[5898,3073],[18,-42],[70,-88],[53,-49],[18,-38],[2,-33],[-13,-59],[-35,-45],[-76,-126],[-22,-42],[-42,-101],[-17,-17],[-22,-92],[-12,-39],[-8,-101],[0,-82],[-4,-90],[-7,-35],[-46,-74],[-60,-58],[-41,-20],[-56,-8],[-52,-21],[-17,-19],[-13,-33],[-8,-48]],[[5508,1713],[-17,-138],[-29,-102],[-26,-79],[-21,-84],[-18,-44],[-31,-69],[-31,-58],[-19,-48],[-61,-91],[-35,-46],[-33,-33],[-19,-14],[-93,-44],[-16,-16],[-28,-54],[-23,-82],[-35,-103],[-25,-43],[-15,-52],[-38,-55],[-54,-57],[-40,-37],[-38,-44],[-53,-55],[-45,-66],[-35,-40],[-18,-29],[-7,-21],[1,-24],[-6,-52],[2,-29]],[[4602,4],[-158,2],[-8,4],[-136,-8],[-208,-2],[-25,34],[-47,81],[-32,47],[-22,41],[-21,29],[-61,51],[-53,49],[-34,21],[-103,56],[-33,19],[-67,45],[-39,20],[-55,45],[-37,32],[-36,23],[-55,61],[-48,76],[-45,117],[-12,39],[-17,40],[-55,120],[-25,63],[-53,123],[-9,47],[-1,41],[-12,42],[-19,116],[-3,47],[-32,146],[-24,90],[-15,82],[3,59],[9,28],[25,45],[50,149],[31,60],[30,50],[32,69],[23,74],[38,85],[143,239]],[[7814,8484],[204,0],[51,0],[238,1],[486,-1],[123,1]],[[11168,6084],[20,-131],[17,-64],[38,-74],[138,-183]],[[14297,4872],[15,2],[19,22],[73,-39]],[[14404,4857],[68,-49]],[[14302,4575],[0,151],[-5,9],[0,137]],[[14130,4872],[167,0]],[[13857,4875],[15,0]],[[13872,4875],[121,-1]],[[13854,4577],[2,189],[1,109]],[[13862,5523],[35,27],[15,16],[3,15],[20,3],[66,40],[26,-2],[42,11],[65,45]],[[14134,5678],[-3,-14],[0,-260]],[[14131,5404],[0,-152]],[[14131,5252],[0,-38]],[[13856,5215],[1,155],[7,32],[-2,121]],[[14131,5025],[-1,-153]],[[13872,4875],[-1,153],[-17,-2],[-66,0]],[[13788,5026],[-1,33]],[[14134,5678],[67,2],[0,59]],[[14201,5739],[96,23],[28,0],[43,-19],[28,-2],[-27,-23]],[[14369,5718],[-5,-40],[26,-57],[15,-83],[0,-60]],[[14405,5478],[-131,1],[-102,-1],[-24,-65],[-17,-9]],[[14405,5478],[1,-69],[3,-6]],[[14407,5252],[-276,0]],[[14407,5101],[-1,-38]],[[14406,5063],[-273,1],[-2,1]],[[14406,5063],[-2,-206]],[[14679,4873],[-2,-61],[1,-90],[3,-5]],[[14473,6396],[11,-27],[38,-49],[10,-20],[8,-36],[53,-274]],[[14593,5990],[-107,-25],[9,-34],[-1,-45],[-291,-68],[-2,-4]],[[14201,5814],[0,154],[61,16],[-10,49],[53,13],[-62,326],[-2,47],[209,-22],[23,-1]],[[10023,4268],[1,-217],[0,-287]],[[10024,3764],[1,-105]],[[10025,3659],[-138,1]],[[10024,3764],[62,2],[27,9],[33,17],[-9,23],[-48,11],[-15,20],[-7,25],[1,48],[10,17],[27,13],[93,0],[25,-11],[12,-21],[2,-21]],[[10237,3896],[-1,-31],[-17,-24],[-58,-40],[-3,-13],[21,-54],[9,-16],[24,-12],[17,4],[32,32],[24,15],[27,3],[28,-8],[53,-34],[13,-24],[0,-32]],[[10406,3662],[-20,-1],[-361,-2]],[[10427,4271],[-4,-39],[-25,-31],[-14,-42]],[[10384,4159],[-30,-49],[-33,-32],[22,-32],[10,-34],[-12,-46],[-4,-59]],[[10337,3907],[-59,1],[-41,-12]],[[10337,3907],[95,1],[46,-11],[52,-36],[39,-10]],[[10569,3851],[0,-189]],[[10569,3662],[-163,0]],[[10384,4159],[66,-32],[29,-26],[32,-53],[25,-11],[31,0],[2,-186]],[[10666,4229],[31,-51],[12,-31],[-5,-150],[2,-218],[11,-74],[14,-41]],[[14593,5990],[52,-272]],[[14645,5718],[-121,-28],[-32,2],[-16,-12],[-9,-24],[-20,-13],[-12,14],[-12,31],[-54,30]],[[14201,5739],[0,75]],[[14645,5718],[20,-105]],[[13306,5934],[183,0],[13,-12],[24,-51],[19,-13],[45,-3]],[[13590,5855],[-6,-21],[-5,-61],[78,-2],[-6,-13],[0,-130],[109,2],[-1,-147],[74,18]],[[13833,5501],[-19,-22],[-35,-35],[-27,-20],[-37,-12],[-7,5],[-70,1],[-7,-5],[-6,-77],[35,-6],[-8,-26],[-1,-50],[-52,0],[-10,-9],[-65,62],[-37,20],[-41,5],[-139,-2]],[[13307,5330],[-1,301]],[[13306,5631],[0,303]],[[13833,5501],[29,22]],[[13788,5026],[-481,1]],[[13307,5027],[0,303]],[[13101,4724],[6,15],[19,13],[-9,27],[49,3],[105,28],[-7,36],[43,8]],[[13307,4854],[-1,-281]],[[13857,4875],[-190,0],[-85,2]],[[13582,4877],[-270,0],[-5,-4]],[[13307,4873],[0,154]],[[13307,4854],[0,19]],[[13582,4877],[-2,-300]],[[13580,4577],[-274,-4]],[[10940,4134],[-7,-32],[7,-39],[-11,-11],[-25,-4],[-25,-28],[-16,-2],[-43,4],[-23,8],[-21,-8],[2,-22],[17,-23],[22,11],[126,1],[13,-14],[1,-142],[-4,-16],[-60,-91],[-56,4],[-16,-10],[6,-14],[1,-42]],[[10828,3664],[-97,0]],[[10996,3665],[-91,-1]],[[10905,3664],[-77,0]],[[8927,3656],[0,-324]],[[8927,3332],[-21,2],[-33,15],[-81,0],[-19,6],[-31,33],[-44,15],[-23,16],[-24,10],[-56,3],[1,34],[10,28],[22,41],[26,73],[12,17],[43,5],[-1,25]],[[8927,3332],[1,-180]],[[8928,3152],[-1,-101]],[[8927,3051],[-129,-3],[-267,-2],[-104,0]],[[8928,3152],[31,-1],[2,16],[17,20],[33,26],[23,7],[1,26],[16,62],[3,24],[-2,62],[-3,34],[40,7],[17,15],[14,25]],[[9120,3475],[13,13],[29,1],[1,-13],[19,-82],[-9,-24],[15,-35],[0,-65]],[[9199,3052],[-272,-1]],[[12758,3334],[0,105]],[[12756,2908],[0,96],[2,57]],[[12115,5032],[36,-18],[48,-15],[42,-18],[34,-21],[25,-21],[43,-46],[114,-156],[24,-28]],[[12462,4682],[-39,-16],[-173,0],[-26,7],[-88,56],[-23,22],[-13,19],[-12,36],[-2,68],[-150,-1]],[[12436,4494],[-11,-17],[-26,-21],[-21,-11]],[[12378,4445],[-20,33],[-26,23],[-57,19],[-67,2],[-55,-4],[-130,-1],[-56,0],[-30,9]],[[12758,5126],[0,-100]],[[12758,5026],[1,-151]],[[9040,3657],[2,-32],[21,-31],[17,-57],[-25,-44],[39,-6],[26,-12]],[[9303,3658],[-3,-21],[-13,-35],[7,-46],[-7,-31],[1,-31],[-8,-53],[-2,-45],[13,-17],[49,0],[11,-4]],[[9476,3661],[1,-217],[-1,-20]],[[10523,3415],[46,-1]],[[10567,3054],[-67,-7],[-107,7],[-252,1],[-117,-1]],[[10024,3054],[-1,76],[2,157]],[[10025,3443],[-1,150],[1,66]],[[10905,3664],[0,-36],[20,8],[22,-4],[10,-17],[-13,-28],[13,-38],[-9,-17],[-18,-2],[-3,-64],[-49,-37],[-15,22],[-14,-7],[-12,26],[6,37],[-1,109],[-13,25],[-1,23]],[[12378,4445],[-22,-17],[-25,-40],[-13,-11],[-58,-26],[-15,-13],[-12,-30],[6,-79],[-4,-62],[-8,-57],[15,-50],[-7,-52],[0,-38]],[[12235,3970],[-161,0]],[[12757,3970],[-122,0]],[[12635,3970],[-220,0]],[[12415,3970],[-180,0]],[[12759,6085],[446,1],[92,-2],[8,3],[1,-153]],[[13306,5631],[-50,-1],[-112,2],[-79,10],[-32,-2],[1,-208],[-1,-102]],[[13033,5330],[-120,3],[-31,3],[-36,13],[-45,37],[-42,17]],[[13307,5330],[-220,0]],[[13087,5330],[-54,0]],[[13052,4875],[-1,26],[7,97],[6,28],[243,1]],[[12758,5026],[76,0],[22,18],[40,-18],[138,0],[-2,53],[11,31],[18,26],[1,151],[20,23],[5,20]],[[8927,3051],[1,-123]],[[8929,2715],[3,-270]],[[12415,3970],[0,-241],[-40,-47],[-6,-16]],[[12369,3666],[-193,1],[-43,2]],[[12635,3970],[-17,-22],[-16,-11],[-8,-41],[3,-13],[-5,-46],[-27,-27],[-55,-41],[-43,-39],[-13,-27],[-20,-12],[3,-25]],[[12437,3666],[-68,0]],[[12758,3667],[-222,0],[-99,-1]],[[12437,3666],[-4,-85],[-17,-60],[1,-42],[20,-78],[14,-21],[18,-16]],[[9199,3052],[14,-38],[8,-11],[-18,-13],[2,-231]],[[9205,2759],[-14,0],[-21,30],[-45,17],[-12,8],[-27,-15],[6,-35],[-88,2],[-21,6],[-10,11],[-26,64],[-18,0]],[[9205,2759],[2,-313]],[[10316,2732],[95,1],[120,0],[36,-2]],[[10567,2731],[-2,-282]],[[10239,2448],[-1,61],[-5,18],[44,15],[0,52],[-15,27],[4,29],[46,2],[4,80]],[[10025,2582],[71,1],[10,15],[0,124],[9,12],[67,0],[33,-17],[30,16],[31,0],[0,104],[6,11],[44,19],[32,-20],[-10,-19],[-23,-27],[-7,-27],[-2,-42]],[[10025,2449],[0,133]],[[10568,2797],[-1,-66]],[[10025,2582],[1,320],[-2,152]],[[8192,2443],[0,-23],[-13,-78],[1,-30],[-12,-79],[-3,-124],[-11,-40],[53,-30],[-12,-24],[-2,-31],[6,-23],[23,-29],[12,-44],[1,-45]],[[8838,2090],[-12,4],[-26,-6],[-5,-11],[7,-23],[-14,-5],[-10,12],[-8,29],[-47,30]],[[8723,2120],[-1,38],[-89,0],[-23,6],[-50,29],[-30,-14],[-28,19],[-22,1],[-23,11],[-69,-7]],[[8388,2203],[0,124],[2,117]],[[12483,2455],[-168,1]],[[12315,2456],[-103,0]],[[12212,2456],[1,211],[0,243],[147,0],[7,5],[31,-7],[27,0],[-4,19],[-53,126],[-2,8]],[[12212,2456],[-275,0]],[[11937,2456],[2,511],[0,96]],[[11664,2760],[2,305]],[[11937,2456],[-275,-1]],[[11662,2455],[2,73],[0,232]],[[11264,3064],[0,-156],[-2,-76],[-5,-43],[-13,-40],[-20,-38],[-36,-40],[-94,-91],[-41,-41],[-24,-39],[-19,-48]],[[11010,2452],[-71,1],[-99,-2]],[[10840,2451],[1,425]],[[10840,2451],[-275,-2]],[[11664,2760],[-30,0],[-14,21],[-15,2],[-21,-10],[-15,49],[-13,16],[-16,8],[-37,-6],[-26,8],[-39,38],[-22,-26],[-57,-33],[-8,-11],[-5,-27],[-19,-52],[9,-59],[-15,-75],[6,-48],[18,-54],[4,-47]],[[11349,2454],[-168,0]],[[11662,2455],[-313,-1]],[[8907,1836],[-180,1]],[[8727,1837],[1,44],[5,42],[-22,-3],[-59,-46],[-20,-6],[-29,1],[-14,20],[0,39],[8,22],[-8,18],[-1,88],[5,20],[27,21],[72,4],[15,-6],[16,25]],[[8727,1837],[-195,2]],[[8390,1844],[-2,359]],[[8907,1836],[5,-35],[22,-65]],[[8934,1736],[-33,2],[-35,14],[-29,5],[-24,-4],[-42,-18],[-21,5],[-20,26],[-33,-13],[-23,-17],[-43,-9],[-19,-9]],[[8934,1736],[3,-37],[-2,-144]],[[9478,1233],[-87,1],[-152,-1]],[[9239,1233],[-35,1],[-189,-1],[-16,-10]],[[8999,1223],[-26,26],[-25,40],[-8,22]],[[8377,788],[-1,-154]],[[8376,634],[-75,-1],[-97,2],[-375,-1]],[[8999,1223],[20,-25],[10,-23],[6,-36],[-5,-32],[-22,-42],[-41,-34],[-19,-21],[-12,-22],[-8,-30],[-1,-34]],[[8729,909],[-29,10],[-74,-1],[-25,-16],[-16,-38],[-23,-21],[-20,-4],[-76,0],[-21,5],[-48,37],[-18,3]],[[10988,2192],[-28,25],[-10,-1],[-49,-40],[-21,-8],[-41,0],[0,-20],[-274,-2]],[[10967,1844],[-121,-1],[-64,-2],[-218,-2]],[[11662,2455],[-1,-238],[-15,-85]],[[11937,2456],[-1,-377]],[[11936,2079],[0,-231]],[[11936,1848],[-48,-4],[-29,-7]],[[12315,2456],[-23,-79],[-1,-65],[-14,-80],[-37,-83],[-3,-52],[-14,-22]],[[12223,2075],[-10,30],[-2,27],[-108,0],[-15,-3],[-97,1],[-7,-4],[0,-47],[-48,0]],[[12223,2075],[30,-93],[3,-35],[75,0],[0,-98]],[[12331,1849],[-122,-1]],[[12209,1848],[-273,0]],[[12483,2228],[0,-379]],[[12483,1849],[-152,0]],[[12757,2228],[-2,-14],[0,-197],[1,-158]],[[12756,1859],[-52,-9],[-88,-1]],[[12616,1849],[-133,0]],[[10563,1638],[47,-3],[45,-14],[60,-26],[54,-41],[25,-9],[94,1],[44,-7]],[[10932,1539],[-3,-24],[-20,-71],[-65,-127]],[[9239,1233],[-2,-19],[-15,-31],[-2,-47],[-7,-15],[-25,-3],[0,-10],[34,-5],[19,-10],[-19,-41],[-2,-17],[-1,-107]],[[9219,928],[0,-66],[-17,0],[-1,-64],[15,-6],[-6,-48],[4,-28],[-1,-29],[9,-5],[-1,-41]],[[9477,946],[-21,-2],[-13,-20],[-15,5],[-209,-1]],[[9477,946],[0,-129]],[[9477,817],[0,-174]],[[9477,817],[100,-3],[17,5],[39,21],[48,-90],[4,-17],[-2,-97]],[[9683,636],[-24,4],[-60,0],[-122,3]],[[10002,927],[23,-29],[2,-14],[-1,-189],[3,-25],[13,-27],[-16,-10]],[[10026,633],[-80,1],[-172,1],[-23,-5]],[[9751,630],[-38,-7],[-30,13]],[[11664,939],[2,-147]],[[11527,813],[-39,31],[-26,8],[-36,-3],[-31,-16],[-19,-17],[-28,-42],[-26,-21],[-31,-9],[-80,-9],[-97,-1],[0,-95]],[[11114,639],[-144,1],[-110,2]],[[10860,642],[-111,-2]],[[10749,640],[-5,0]],[[11435,641],[-45,-1]],[[11390,640],[-76,1],[-200,-2]],[[11943,640],[-274,0]],[[12211,792],[0,-153]],[[12211,639],[-150,1]],[[14679,4576],[132,1]],[[14811,4577],[143,1]],[[14954,4578],[-1,-435]],[[14953,4143],[-274,-2]],[[14954,4578],[137,1]],[[15091,4579],[77,-3],[10,5],[50,-2]],[[15228,4579],[0,-152],[-138,0],[0,-302]],[[15090,4125],[0,-38],[-46,0],[0,37],[-91,0]],[[14953,4124],[0,19]],[[15228,4579],[143,1]],[[15227,4124],[-137,1]],[[14953,4124],[-1,-151]],[[14952,3973],[-1,-359]],[[15226,3822],[-137,0]],[[15089,3822],[1,151],[-138,0]],[[15089,3822],[-2,-40],[-3,-370],[-79,0],[-30,11],[-24,1]],[[15235,3255],[-283,1]],[[14952,3256],[-1,-127],[10,-49],[-12,-36],[6,-51],[0,-79]],[[15084,2913],[-129,1]],[[15421,2470],[-77,1]],[[10967,1844],[-16,-174],[-19,-131]],[[11143,1527],[31,0],[0,-71],[3,-4],[157,-40],[0,105],[9,42],[27,40],[1,9],[0,219],[2,21]],[[11663,1829],[-2,-16],[1,-170],[-2,-250]],[[11660,1393],[-1,-75]],[[11111,1317],[1,211],[31,-1]],[[11143,1527],[0,35],[30,3],[1,282]],[[11781,1817],[10,-15],[14,11],[37,9],[18,-6],[16,-27],[2,-37],[-46,-66]],[[11832,1686],[-17,-34],[-12,-45],[-5,-70],[-1,-79],[-12,0],[-26,-39],[0,-25],[-99,-1]],[[12209,1848],[0,-270]],[[12209,1578],[-2,-61]],[[12207,1517],[-23,5],[-15,-5],[-2,-17],[-11,-20],[-41,-33],[-78,-30],[-20,2],[-13,16],[-48,73],[-5,12],[1,45],[8,22],[36,63],[-46,28],[-21,2],[-86,0],[-11,6]],[[12207,1517],[0,-25],[1,-174]],[[12758,940],[2,-186],[0,-116]],[[12760,638],[-1,-134]],[[8054,352],[-48,24],[-50,20],[-13,-18],[-19,-11],[-21,-2],[-76,0]],[[8185,26],[-39,0],[-234,0],[-88,1]],[[8923,523],[-2,-269],[-1,-38]],[[9476,340],[0,-83],[-3,-70],[2,-153]],[[9475,34],[-263,-1]],[[9212,33],[1,56],[60,1],[0,54],[-3,27],[-41,140],[-9,26],[-5,33],[0,35]],[[9212,33],[-110,0]],[[9102,33],[1,57],[-21,0],[-8,10],[1,221],[51,0],[1,79],[6,15]],[[9102,33],[-183,-1]],[[14893,2034],[30,62],[19,25],[57,56],[28,31],[61,75],[6,26],[101,132],[33,40]],[[15231,2425],[-3,-39],[0,-178]],[[15228,2208],[0,-195]],[[15228,2013],[-194,1]],[[15034,2014],[-90,0],[-20,4],[-31,16]],[[14754,1551],[38,77],[24,70],[5,30],[12,102],[15,71],[45,133]],[[15034,2014],[0,-218]],[[15034,1796],[0,-50],[-83,0],[0,-234]],[[14951,1512],[-106,-3],[-35,7],[-38,16],[-18,19]],[[15228,2013],[0,-52]],[[15227,1853],[-77,-41],[-10,-16],[-52,1]],[[15088,1797],[-54,-1]],[[15417,2207],[-78,-1],[-111,2]],[[15821,2431],[16,-39],[18,-26],[8,-24],[20,-30],[12,-37],[23,-39],[4,-18]],[[15922,2218],[-40,8],[-50,-4],[-33,2],[-46,-5],[-112,0],[1,-13],[-36,0]],[[15922,2218],[16,-34],[7,-30],[10,-23],[7,-43],[10,-23],[17,-134],[2,-69],[-3,-40],[1,-62],[-6,-22]],[[15983,1738],[-40,-5],[-259,-26],[-81,-9]],[[15088,1797],[0,-274]],[[15088,1523],[-45,-7],[-92,-4]],[[15228,1595],[-115,-63],[-25,-9]],[[12616,1849],[-1,-33],[-8,-19],[-26,-33],[-10,-83],[-7,-29],[-37,-88]],[[12527,1564],[-57,0],[-49,-21],[-99,-1],[-26,-7],[-34,8],[-38,29],[-15,6]],[[12756,1859],[-1,-83],[3,-55],[-1,-173]],[[12757,1548],[-51,16],[-179,0]],[[12757,1548],[1,-130]],[[12758,1418],[-1,-95]],[[12815,2455],[20,-36],[16,-112],[105,-317],[12,-40],[47,-82],[39,-64],[14,-18],[1,-27],[-6,-26],[23,-32],[6,-20],[-8,-43],[-5,-92]],[[13079,1546],[-272,1],[-50,1]],[[13304,1695],[2,-150]],[[13306,1545],[-227,1]],[[13306,1545],[2,-50],[-1,-82]],[[13307,1413],[-549,5]],[[13579,1545],[-273,0]],[[13717,1366],[-47,0],[-64,6],[-131,25],[-68,11],[-79,6],[-21,-1]],[[9751,630],[-1,-382]],[[9750,248],[-19,4],[-51,-3],[-30,-12],[-27,21],[-57,7],[-15,12],[-22,46],[0,18],[-53,-1]],[[10026,633],[-1,-151],[2,-22],[0,-154]],[[9750,31],[-174,1],[-101,2]],[[10026,633],[257,2],[88,1]],[[10371,636],[1,-22],[-48,-6],[-11,-34],[9,-25],[-26,-13],[-32,-8],[29,-59],[17,-59],[22,-35],[23,-16],[47,-8],[22,-15],[4,-30],[18,-37],[-72,-52],[135,-173],[10,-19]],[[10519,25],[-187,0],[-18,3],[-111,-2],[-128,-3],[-50,2]],[[10749,640],[-12,-92]],[[10737,548],[-36,-264],[-7,-41],[-17,-55],[-33,-60],[-36,-45],[-61,-58]],[[10547,25],[-28,0]],[[11114,639],[1,-154]],[[11115,485],[-33,-11],[-25,-31],[-38,37],[-28,-9],[-46,49],[-14,-8],[-47,-13],[-11,-8],[-13,16],[0,135]],[[11115,485],[0,-97]],[[11115,388],[-21,0],[0,-18],[-13,-15],[-261,-1],[-13,2],[-20,43],[1,19],[-10,33],[-4,48],[-9,24],[-28,25]],[[14460,6462],[32,4],[172,40]],[[14664,6506],[30,-114],[21,-48],[54,-102],[22,-32],[28,-50],[42,-53],[55,-67],[50,-62],[48,-44],[54,-56],[65,-59],[30,-30]],[[15163,5789],[-20,-32],[-66,-51],[-32,-31],[-46,-32],[-14,-15],[25,-33],[15,-29],[-32,-2]],[[14473,6396],[-6,17],[-7,49]],[[14998,5328],[4,-86],[0,-107],[-4,-43],[14,-108]],[[15983,1738],[-5,-48],[-8,-29],[-4,-34],[-25,-68],[-17,-60],[-20,-38],[-17,-47],[-36,-54],[-8,-19],[-34,-45],[-9,-17],[-130,-154],[-16,-28],[-18,-18],[-40,-89],[-18,-18],[-16,-41]],[[15562,931],[-32,18],[-52,0],[-18,11],[-57,1],[-19,-7],[-42,5]],[[15342,959],[0,71]],[[15342,1030],[1,9],[-1,449],[1,164]],[[15342,1030],[-8,10],[-7,50],[-63,122],[-24,23],[-44,25]],[[15196,1260],[-17,19],[-25,37],[-16,48],[23,27],[-36,40],[34,37],[68,0],[1,127]],[[15196,1260],[-62,-26],[-32,0]],[[15102,1234],[-32,7],[-119,0]],[[14951,1241],[0,271]],[[14951,1191],[0,50]],[[15102,1234],[-1,-276]],[[15101,958],[0,-29]],[[14951,929],[0,262]],[[15342,959],[-241,-1]],[[15562,931],[-14,-28],[-6,-31],[-14,-37],[-10,-43],[-10,-110],[-9,-18],[-5,-42],[3,-69],[-2,-49]],[[15495,504],[-60,10],[-45,-6],[-58,-3]],[[15265,504],[0,-75],[-263,-4],[-19,10]],[[14983,435],[-19,28],[-13,33],[-1,155]],[[15332,505],[2,-190],[-218,-5],[0,-35],[-21,-2]],[[15095,273],[-16,32],[-96,130]],[[15495,504],[7,-41],[-7,-42],[21,-95],[0,-30],[14,-39],[2,-22],[19,-39],[4,-24],[16,-31],[7,-24],[18,-30],[9,-25],[13,-21],[-376,0]],[[15242,41],[-119,171],[-28,61]],[[14598,407],[186,3]],[[14784,410],[2,-372]],[[14786,38],[-139,-1]],[[14647,190],[0,126]],[[13717,1366],[0,-147],[-6,-75],[-1,-58],[-7,-145]],[[13703,941],[-137,-1]],[[13566,940],[-246,-2],[-77,1],[-485,1]],[[14129,1450],[-1,-209]],[[14128,1241],[-11,-222]],[[14117,1019],[-4,-75]],[[14113,944],[-302,-3],[-108,0]],[[13566,940],[1,-7],[-5,-108],[-6,-36],[-8,-152]],[[13548,637],[-255,-2],[-397,2],[-136,1]],[[14113,944],[-11,-196],[-13,-46],[-20,-29],[1,-21]],[[13617,638],[-69,-1]],[[12759,29],[3,16],[-2,99]],[[12760,144],[0,234]],[[13615,335],[-151,0],[-56,-2],[-32,8],[-11,-5],[-52,11],[-59,3],[-7,-96],[-61,-189],[13,-18],[55,0],[7,-19]],[[13261,28],[-103,2],[-60,-1],[-66,2],[-186,-2],[-87,0]],[[13821,32],[-121,-1],[-189,-3],[-250,0]],[[12757,8484],[48,2],[217,-3],[96,0],[185,-2],[128,-1],[103,6]],[[13534,8486],[-2,-26],[-27,-208],[-6,-6],[-12,-107],[-3,-52],[3,-78],[9,-111],[8,-50],[14,-37],[15,-26],[41,-47],[222,-201],[22,-23],[20,-30],[15,-33],[13,-68],[-3,-83],[-8,-54],[-23,-108],[-6,-47],[4,-47],[20,-72],[12,-30],[59,-161],[20,-95],[7,-62],[2,-57]],[[13950,6567],[-108,7],[-96,-1],[-507,-55],[-59,-10],[-41,-11],[-52,-18],[-45,-19],[-283,-132]],[[12759,6328],[0,359]],[[12759,6687],[0,729],[0,310],[-11,2],[-20,21],[31,22],[0,129],[-2,584]],[[11115,388],[1,-114]],[[11116,274],[-46,-1],[-47,-19],[-2,-47],[-11,-16],[-93,-112],[-7,-18],[0,-31]],[[10910,30],[-139,1],[-28,-4],[-196,-2]],[[11115,32],[-205,-2]],[[11669,640],[1,-95]],[[11670,545],[-107,0],[-24,-24],[-16,-44],[20,-9],[-44,-43],[-19,-41],[-20,-6],[33,-105],[7,-68],[13,-32],[16,-70],[3,-74]],[[11532,29],[-133,1]],[[11392,314],[-2,326]],[[11670,545],[0,-191]],[[11670,354],[0,-258],[2,-67]],[[11672,29],[-140,0]],[[11944,353],[-1,287]],[[11943,217],[1,136]],[[11670,354],[274,-1]],[[11799,29],[-127,0]],[[12760,144],[-37,0],[-44,-9],[-23,21],[-4,30],[-26,18],[-36,-3],[-103,1]],[[12487,202],[1,133],[31,0],[8,11],[1,44]],[[15163,5789],[50,-32],[42,-36],[19,-21],[36,-22],[46,-38],[53,-34],[46,-46],[46,-24],[16,-12]],[[15504,4871],[-411,2],[-1,-60],[-10,-10]],[[15082,4803],[-14,43],[-23,44]],[[15091,4579],[1,89],[-1,94],[-9,41]],[[14811,4577],[-12,63],[0,23],[8,34],[20,32],[47,34],[53,23],[27,18]],[[14775,651],[78,1]],[[14853,652],[97,-1]],[[15242,41],[-193,0],[-263,-3]],[[14784,410],[-1,192],[-7,19],[-1,30]],[[14580,647],[195,4]],[[14370,340],[-274,-2]],[[14370,340],[-1,-152]],[[14369,188],[-134,-1],[-140,-1]],[[14370,35],[-414,-3]],[[14328,938],[52,-8],[-8,-287]],[[14105,647],[-11,6],[26,35],[35,35],[88,73],[26,25],[20,27],[25,48],[14,42]],[[14129,1450],[194,48],[184,43]],[[14507,1541],[72,18]],[[14579,1559],[57,11],[54,-3],[60,-23]],[[14750,1544],[-63,-124],[-15,-38],[-8,-40],[-2,-53],[7,-48]],[[14669,1241],[-372,0]],[[14297,1241],[-169,0]],[[14297,1241],[0,-182],[5,-38]],[[14302,1021],[-185,-2]],[[14302,1021],[-7,-79],[33,-4]],[[14669,1241],[16,-52],[92,-258]],[[14777,931],[33,-92],[17,-57],[26,-130]],[[14750,1544],[4,7]],[[14951,1191],[-167,0],[1,50],[-13,0],[-6,-45],[2,-41],[-8,-6],[6,-38],[16,-58],[19,-47],[46,-73],[-70,-2]],[[13534,8486],[385,-4],[211,0],[905,0],[154,4],[26,-102],[11,-52],[5,-49],[15,-44],[9,-59],[43,-114],[29,-59],[46,-80],[48,-89],[22,-61],[9,-37],[14,-91],[7,-62],[0,-66],[-26,-126],[-37,-108],[-13,-19],[-22,-45],[-27,-33],[-14,-25],[-53,-60],[-22,-15],[-19,-22],[-61,-36],[-28,-11],[-94,-44],[-68,-11],[-34,-8],[-70,-26],[-46,-21],[-39,-25],[-55,-57],[-40,-64],[-28,-53],[-14,-47],[-3,-30],[-2,-63],[6,-66]],[[14460,6462],[-71,0],[-59,11],[-241,68],[-79,17],[-60,9]],[[13590,5855],[15,30],[56,61],[19,30],[41,83],[30,67],[38,108],[16,30],[48,67],[21,22],[38,31],[20,28],[16,116],[2,39]],[[12759,29],[-30,-2],[-53,2],[-188,1]],[[12488,30],[-1,172]],[[12488,30],[-98,0],[-176,-1]],[[3479,5354],[2,-234],[0,-265],[244,-1],[-8,-602]],[[3717,4252],[-390,-6],[-187,-5],[-54,0],[-10,-45],[11,-44],[15,-23],[2,-23],[-15,-4],[-54,-124]],[[3035,3978],[-78,137],[-119,162],[-108,134],[-14,41],[-66,71],[-80,59],[-35,34],[-42,15],[-52,28],[-25,1],[-59,16],[-68,51],[-107,105],[-77,85],[-46,56],[-53,14],[-128,117],[-23,36],[-53,64],[-29,60],[-19,55],[-7,40]],[[5011,4281],[-75,-24],[-22,-1],[-351,-4],[-19,-1],[-277,3],[-275,-1],[-275,-1]],[[6748,4256],[-86,1],[-102,-8],[-126,-1]],[[6744,3827],[-76,22]],[[5564,3916],[7,23],[5,90],[-8,28],[-23,43],[-18,24],[-38,39],[-28,23],[-43,44],[-26,32]],[[6745,3041],[-178,-2],[-65,2],[-192,29],[-63,7],[-73,0]],[[14579,1559],[45,19],[30,19],[24,27],[16,29],[21,92],[8,48],[22,108]],[[14333,1763],[0,-53],[8,-24],[0,-45],[-54,19],[-51,2],[-23,-11],[-17,-29],[-13,-56],[-15,-15],[-39,-6]],[[14421,1828],[18,-57],[23,-88],[7,-43]],[[14469,1640],[38,-99]],[[14643,1869],[0,-105],[-73,1],[0,-116],[-86,0],[-15,-9]],[[13497,2046],[0,187]],[[12759,6687],[-295,3],[-255,0],[2,163],[1,442],[-203,7],[-345,8],[2,-296],[-1,-325],[-1,-550],[0,-329],[-7,-23],[-29,-35],[20,-20]],[[10674,8484],[47,1],[462,1],[185,-2],[212,1],[92,-1],[78,1],[461,-1],[49,1],[163,-2],[132,2],[202,-1]],[[3386,2701],[38,66],[21,85],[0,93],[11,69],[-16,52],[-11,74],[-173,391],[-111,245],[-85,158],[-25,44]],[[6745,2710],[-28,-4],[-16,-13],[-27,17],[-61,1],[0,-57],[-141,1],[-17,-7],[-40,20]],[[6415,2668],[-2,29],[-22,23],[-13,2],[-217,0],[-17,4],[-7,-28],[-11,-69],[-4,-74],[-16,-25],[-15,-12],[-14,-28],[-9,-50]],[[6068,2440],[-23,-81],[-7,-42],[-10,-15],[-26,-26],[-44,-36],[-24,-60],[-5,-32],[-2,-390]],[[5927,1758],[-103,-49],[-34,-11],[-52,-12],[-59,-3],[-53,6],[-118,24]],[[6068,2440],[153,-3],[2,64],[8,18],[19,-7],[30,-1],[39,-12],[16,9],[14,23],[28,36],[21,69],[17,32]],[[6746,1834],[-155,-4],[-224,0],[-194,2],[-35,-1],[-55,-7],[-67,-23],[-89,-43]],[[6750,15],[-271,0],[-277,2],[-233,-3],[-109,0],[-218,-1],[-329,0],[-72,2],[-283,-7],[-215,-4],[-141,0]],[[9478,3053],[156,3],[102,-1],[63,3],[144,-4],[81,0]],[[9476,3424],[41,0],[18,4],[54,32],[46,9],[26,9],[35,20],[24,1],[60,-15],[42,-48],[29,-18],[36,70],[5,49],[-9,44],[-2,38],[6,41]]],"transform":{"scale":[0.000035026229699731607,0.000023944647273583663],"translate":[-96.47071999999999,41.189999]},"objects":{"Geometry\\31-055":{"type":"GeometryCollection","geometries":[{"arcs":[[0,1,2,3]],"type":"Polygon","properties":{"GEOID":"310550074512"}},{"arcs":[[4,5,6,7]],"type":"Polygon","properties":{"GEOID":"310550074452"}},{"arcs":[[8,9,10,11]],"type":"Polygon","properties":{"GEOID":"310550036004"}},{"arcs":[[-11,12,13,14]],"type":"Polygon","properties":{"GEOID":"310550036005"}},{"arcs":[[15,16,17,18]],"type":"Polygon","properties":{"GEOID":"310550037002"}},{"arcs":[[19,20,21,22,23,24,25,26,-17]],"type":"Polygon","properties":{"GEOID":"310550038001"}},{"arcs":[[27,-24,28,29,30,31,32]],"type":"Polygon","properties":{"GEOID":"310550038003"}},{"arcs":[[-28,33,-25]],"type":"Polygon","properties":{"GEOID":"310550038004"}},{"arcs":[[34,35,36,-22,37]],"type":"Polygon","properties":{"GEOID":"310550039001"}},{"arcs":[[38,39,40,-36]],"type":"Polygon","properties":{"GEOID":"310550039002"}},{"arcs":[[41,42,43,-39,44]],"type":"Polygon","properties":{"GEOID":"310550040001"}},{"arcs":[[45,46,-45,-35,47]],"type":"Polygon","properties":{"GEOID":"310550040003"}},{"arcs":[[48,49,-46,50,51,52]],"type":"Polygon","properties":{"GEOID":"310550042001"}},{"arcs":[[53,-51,-48,-38,-21,54]],"type":"Polygon","properties":{"GEOID":"310550042002"}},{"arcs":[[55,56,57,-53,58,59]],"type":"Polygon","properties":{"GEOID":"310550043001"}},{"arcs":[[-59,-52,-54,60,61]],"type":"Polygon","properties":{"GEOID":"310550043002"}},{"arcs":[[62,63,64,-60,-62,65,66,67,68,69]],"type":"Polygon","properties":{"GEOID":"310550044001"}},{"arcs":[[70,71,72,73]],"type":"Polygon","properties":{"GEOID":"310550074092"}},{"arcs":[[74,75,76,77,78,79,80,81,82,83,84,85,86,87,88,89,90,91,92,93]],"type":"Polygon","properties":{"GEOID":"310550074093"}},{"arcs":[[94,95,96,97,98]],"type":"Polygon","properties":{"GEOID":"310550074242"}},{"arcs":[[99,100,101,102,103,-97]],"type":"Polygon","properties":{"GEOID":"310550074243"}},{"arcs":[[104,105,-76,106]],"type":"Polygon","properties":{"GEOID":"310550074291"}},{"arcs":[[107,-107,-75,108,109,110]],"type":"Polygon","properties":{"GEOID":"310550074292"}},{"arcs":[[-18,111,112,113,114,115,116]],"type":"Polygon","properties":{"GEOID":"310550035003"}},{"arcs":[[117,118,119,-42,-47,-50]],"type":"Polygon","properties":{"GEOID":"310550040002"}},{"arcs":[[120,121,122,123,124,125,126,127,128]],"type":"Polygon","properties":{"GEOID":"310550049001"}},{"arcs":[[129,-16,-66]],"type":"Polygon","properties":{"GEOID":"310550044002"}},{"arcs":[[130,-63,131,132]],"type":"Polygon","properties":{"GEOID":"310550045001"}},{"arcs":[[-132,-70,133,134]],"type":"Polygon","properties":{"GEOID":"310550045002"}},{"arcs":[[135,136,137,138,139]],"type":"Polygon","properties":{"GEOID":"310550046001"}},{"arcs":[[140,141,-133,-135,142,-9,143,-137]],"type":"Polygon","properties":{"GEOID":"310550046002"}},{"arcs":[[144,145,146,147,148,-142,149]],"type":"Polygon","properties":{"GEOID":"310550047001"}},{"arcs":[[150,151,-150,-141,-136,152]],"type":"Polygon","properties":{"GEOID":"310550047002"}},{"arcs":[[153,154,155,156,-147]],"type":"Polygon","properties":{"GEOID":"310550048001"}},{"arcs":[[157,158,159,-156]],"type":"Polygon","properties":{"GEOID":"310550048002"}},{"arcs":[[-157,-160,160,161,-148]],"type":"Polygon","properties":{"GEOID":"310550048003"}},{"arcs":[[-162,162,-131,-149]],"type":"Polygon","properties":{"GEOID":"310550048004"}},{"arcs":[[-128,163,164,-56,-65,165]],"type":"Polygon","properties":{"GEOID":"310550049002"}},{"arcs":[[-159,166,-129,-166,-64,-163,-161]],"type":"Polygon","properties":{"GEOID":"310550049003"}},{"arcs":[[167,168,169,170,171,172,-105,-108,173]],"type":"Polygon","properties":{"GEOID":"310550074293"}},{"arcs":[[174,175,176,177,178]],"type":"Polygon","properties":{"GEOID":"310550074312"}},{"arcs":[[-178,179,180,181]],"type":"Polygon","properties":{"GEOID":"310550074313"}},{"arcs":[[182,183,184,185,186,187,-180,-177]],"type":"Polygon","properties":{"GEOID":"310550074314"}},{"arcs":[[188,189,190,-185]],"type":"Polygon","properties":{"GEOID":"310550074321"}},{"arcs":[[-191,191,-186]],"type":"Polygon","properties":{"GEOID":"310550074322"}},{"arcs":[[-192,-190,192,193,194,195,196,197,-187]],"type":"Polygon","properties":{"GEOID":"310550074323"}},{"arcs":[[198,199,200,201,-126]],"type":"Polygon","properties":{"GEOID":"310550051001"}},{"arcs":[[202,-201,203,-118,204]],"type":"Polygon","properties":{"GEOID":"310550051002"}},{"arcs":[[205,206,207,208,209]],"type":"Polygon","properties":{"GEOID":"310550052001"}},{"arcs":[[-209,210,-199,-125,211]],"type":"Polygon","properties":{"GEOID":"310550052002"}},{"arcs":[[212,213,214,-207,215,216]],"type":"Polygon","properties":{"GEOID":"310550053001"}},{"arcs":[[217,218,-216,-206,219,-123,220]],"type":"Polygon","properties":{"GEOID":"310550053002"}},{"arcs":[[221,-213,222,223]],"type":"Polygon","properties":{"GEOID":"310550054001"}},{"arcs":[[224,-223,-217,-219,225,226]],"type":"Polygon","properties":{"GEOID":"310550054002"}},{"arcs":[[227,-226,-218,228,229]],"type":"Polygon","properties":{"GEOID":"310550054003"}},{"arcs":[[-229,-221,-122,230]],"type":"Polygon","properties":{"GEOID":"310550054004"}},{"arcs":[[231,232,233,-154,-146,234]],"type":"Polygon","properties":{"GEOID":"310550055001"}},{"arcs":[[235,236,237,238]],"type":"Polygon","properties":{"GEOID":"310550074331"}},{"arcs":[[239,240,241,242,-196]],"type":"Polygon","properties":{"GEOID":"310550074332"}},{"arcs":[[-238,243,244,-240,-195,245]],"type":"Polygon","properties":{"GEOID":"310550074334"}},{"arcs":[[246,247,-239,-246,-194]],"type":"Polygon","properties":{"GEOID":"310550074335"}},{"arcs":[[-241,-245,248,249,250]],"type":"Polygon","properties":{"GEOID":"310550074342"}},{"arcs":[[-250,251,252,253,254,255]],"type":"Polygon","properties":{"GEOID":"310550074343"}},{"arcs":[[256,257,258,259]],"type":"Polygon","properties":{"GEOID":"310550074351"}},{"arcs":[[260,261,262,263,264,265,-253]],"type":"Polygon","properties":{"GEOID":"310550074352"}},{"arcs":[[266,267,268,-155,-234]],"type":"Polygon","properties":{"GEOID":"310550055002"}},{"arcs":[[269,270,271,272,273,274,275,276,277,278]],"type":"Polygon","properties":{"GEOID":"310550056001"}},{"arcs":[[279,280,281,282]],"type":"Polygon","properties":{"GEOID":"310550056003"}},{"arcs":[[283,284,285,-276]],"type":"Polygon","properties":{"GEOID":"310550057001"}},{"arcs":[[-277,-286,286,287,288]],"type":"Polygon","properties":{"GEOID":"310550057002"}},{"arcs":[[-285,289,290,291,-287]],"type":"Polygon","properties":{"GEOID":"310550057003"}},{"arcs":[[-292,292,293,294,295,296]],"type":"Polygon","properties":{"GEOID":"310550057005"}},{"arcs":[[297,298,299,300,301]],"type":"Polygon","properties":{"GEOID":"310550058001"}},{"arcs":[[302,303,-227,-228,304,-268,-295]],"type":"Polygon","properties":{"GEOID":"310550058002"}},{"arcs":[[305,-224,-225,-304,306]],"type":"Polygon","properties":{"GEOID":"310550058003"}},{"arcs":[[-301,307,-307,-303,-294,308]],"type":"Polygon","properties":{"GEOID":"310550058004"}},{"arcs":[[-266,309,310,311,-95,-254]],"type":"Polygon","properties":{"GEOID":"310550074361"}},{"arcs":[[-265,312,313,-310]],"type":"Polygon","properties":{"GEOID":"310550074362"}},{"arcs":[[314,315,-101,316,-311,-314]],"type":"Polygon","properties":{"GEOID":"310550074363"}},{"arcs":[[-264,317,-260,318,-315,-313]],"type":"Polygon","properties":{"GEOID":"310550074364"}},{"arcs":[[319,320,321,322,323,324,325]],"type":"Polygon","properties":{"GEOID":"310550074721"}},{"arcs":[[326,-326,327,328]],"type":"Polygon","properties":{"GEOID":"310550074722"}},{"arcs":[[-328,-325,329,330,331,332]],"type":"Polygon","properties":{"GEOID":"310550074723"}},{"arcs":[[333,334,-323]],"type":"Polygon","properties":{"GEOID":"310550074381"}},{"arcs":[[335,336,337,338,339,340,-300]],"type":"Polygon","properties":{"GEOID":"310550059011"}},{"arcs":[[-341,341,-222,-306,-308]],"type":"Polygon","properties":{"GEOID":"310550059012"}},{"arcs":[[342,343,344,345]],"type":"Polygon","properties":{"GEOID":"310550060001"}},{"arcs":[[346,347,348,349]],"type":"Polygon","properties":{"GEOID":"310550074064"}},{"arcs":[[350,351,352,353,354,355,356,-348]],"type":"Polygon","properties":{"GEOID":"310550074071"}},{"arcs":[[-356,357,358,359]],"type":"Polygon","properties":{"GEOID":"310550074073"}},{"arcs":[[360,361,362,363]],"type":"Polygon","properties":{"GEOID":"310550074081"}},{"arcs":[[364,365,-78,366]],"type":"Polygon","properties":{"GEOID":"310550074082"}},{"arcs":[[-73,-359,367,368,-361,369,-365,370]],"type":"Polygon","properties":{"GEOID":"310550074083"}},{"arcs":[[-364,371,-79,-366,-370]],"type":"Polygon","properties":{"GEOID":"310550074084"}},{"arcs":[[372,-74,-371,-367,-77]],"type":"Polygon","properties":{"GEOID":"310550074091"}},{"arcs":[[373,374,375,-236,376]],"type":"Polygon","properties":{"GEOID":"310550073101"}},{"arcs":[[-374,377]],"type":"Polygon","properties":{"GEOID":"310550073102"}},{"arcs":[[378,379,380,-375,-378,-377,-248,381]],"type":"Polygon","properties":{"GEOID":"310550073103"}},{"arcs":[[382,383,384,-376]],"type":"Polygon","properties":{"GEOID":"310550073112"}},{"arcs":[[385,386,387,388,389,390]],"type":"Polygon","properties":{"GEOID":"310550073121"}},{"arcs":[[-349,-357,-360,-72,391,392]],"type":"Polygon","properties":{"GEOID":"310550074061"}},{"arcs":[[393,-392,-71,-373,-106,-173]],"type":"Polygon","properties":{"GEOID":"310550074062"}},{"arcs":[[394,-350,-393,-394,-172]],"type":"Polygon","properties":{"GEOID":"310550074063"}},{"arcs":[[395,396,397,398,399]],"type":"Polygon","properties":{"GEOID":"310550074712"}},{"arcs":[[400,401,-380,402]],"type":"Polygon","properties":{"GEOID":"310550073093"}},{"arcs":[[403,404,405,406]],"type":"Polygon","properties":{"GEOID":"310550073184"}},{"arcs":[[407,408,409,410,411,412,413]],"type":"Polygon","properties":{"GEOID":"310550075161"}},{"arcs":[[414,415,416,417]],"type":"Polygon","properties":{"GEOID":"310550073201"}},{"arcs":[[418,419,420,421]],"type":"Polygon","properties":{"GEOID":"310550074671"}},{"arcs":[[422,-400,423,424]],"type":"Polygon","properties":{"GEOID":"310550075201"}},{"arcs":[[-127,-202,-203,425,426,-164]],"type":"Polygon","properties":{"GEOID":"310550050003"}},{"arcs":[[-211,427,428,429,430,-200]],"type":"Polygon","properties":{"GEOID":"310550011001"}},{"arcs":[[431,432,433,434,435]],"type":"Polygon","properties":{"GEOID":"310550075182"}},{"arcs":[[436,437,438,439,440]],"type":"Polygon","properties":{"GEOID":"310550075192"}},{"arcs":[[-424,-399,441,442,443]],"type":"Polygon","properties":{"GEOID":"310550075202"}},{"arcs":[[444,445,446,-432,447]],"type":"Polygon","properties":{"GEOID":"310550075221"}},{"arcs":[[448,449,450,451,-446]],"type":"Polygon","properties":{"GEOID":"310550075222"}},{"arcs":[[452,-414,453,454]],"type":"Polygon","properties":{"GEOID":"310550075163"}},{"arcs":[[455,456,457,458,459]],"type":"Polygon","properties":{"GEOID":"310550003001"}},{"arcs":[[460,461,462,463,464]],"type":"Polygon","properties":{"GEOID":"310550074613"}},{"arcs":[[465,466,467,468,469]],"type":"Polygon","properties":{"GEOID":"310550073203"}},{"arcs":[[470,-8,471,472,473]],"type":"Polygon","properties":{"GEOID":"310550074443"}},{"arcs":[[-451,-425,-444,-437,474]],"type":"Polygon","properties":{"GEOID":"310550075194"}},{"arcs":[[475,-193,-189,476]],"type":"Polygon","properties":{"GEOID":"310550073153"}},{"arcs":[[477,478,-418,479,480,-387]],"type":"Polygon","properties":{"GEOID":"310550073192"}},{"arcs":[[481,482,483,484,485]],"type":"Polygon","properties":{"GEOID":"310550075144"}},{"arcs":[[486,487,-483]],"type":"Polygon","properties":{"GEOID":"310550075143"}},{"arcs":[[488,489,490]],"type":"Polygon","properties":{"GEOID":"310550075053"}},{"arcs":[[491,492,493,494,495]],"type":"Polygon","properties":{"GEOID":"310550075175"}},{"arcs":[[496,497,498,499,-396,500]],"type":"Polygon","properties":{"GEOID":"310550074693"}},{"arcs":[[501,-470,502,-415,-479]],"type":"Polygon","properties":{"GEOID":"310550073191"}},{"arcs":[[503,-465,504,505]],"type":"Polygon","properties":{"GEOID":"310550074614"}},{"arcs":[[-447,-452,-475,-441,506,-433]],"type":"Polygon","properties":{"GEOID":"310550075181"}},{"arcs":[[507,508,509,-403,-379,510]],"type":"Polygon","properties":{"GEOID":"310550073094"}},{"arcs":[[511,-455,-492,512]],"type":"Polygon","properties":{"GEOID":"310550075162"}},{"arcs":[[513,514,515]],"type":"Polygon","properties":{"GEOID":"310550074431"}},{"arcs":[[516,517,518,-473,519,520,521]],"type":"Polygon","properties":{"GEOID":"310550074444"}},{"arcs":[[522,523,524,525]],"type":"Polygon","properties":{"GEOID":"310550066063"}},{"arcs":[[526,527,528,529,530]],"type":"Polygon","properties":{"GEOID":"310550066042"}},{"arcs":[[531,-235,-145,-152,532]],"type":"Polygon","properties":{"GEOID":"310550064001"}},{"arcs":[[533,534,535,536]],"type":"Polygon","properties":{"GEOID":"310550075063"}},{"arcs":[[537,-482,538,539]],"type":"Polygon","properties":{"GEOID":"310550075231"}},{"arcs":[[540,541,542,-487,-538,543]],"type":"Polygon","properties":{"GEOID":"310550075232"}},{"arcs":[[544,545,546,-543]],"type":"Polygon","properties":{"GEOID":"310550075243"}},{"arcs":[[547,548,549,550,-168,551,552]],"type":"Polygon","properties":{"GEOID":"310550074462"}},{"arcs":[[553,-553,554,555,-546,556]],"type":"Polygon","properties":{"GEOID":"310550075241"}},{"arcs":[[-442,557,558]],"type":"Polygon","properties":{"GEOID":"310550075193"}},{"arcs":[[559,560,561,562,563,564,565,566,567,568]],"type":"Polygon","properties":{"GEOID":"310550005002"}},{"arcs":[[569,570,571,572,573]],"type":"Polygon","properties":{"GEOID":"310550073141"}},{"arcs":[[574,575,576,-270,577]],"type":"Polygon","properties":{"GEOID":"310550065043"}},{"arcs":[[578,579,580,581,-499,582]],"type":"Polygon","properties":{"GEOID":"310550074691"}},{"arcs":[[-434,-507,-440,-541,583]],"type":"Polygon","properties":{"GEOID":"310550075183"}},{"arcs":[[-443,-559,584,-554,-438]],"type":"Polygon","properties":{"GEOID":"310550075191"}},{"arcs":[[-503,-469,585,586,587,-416]],"type":"Polygon","properties":{"GEOID":"310550073202"}},{"arcs":[[-305,-230,-231,-121,-167,-158,-269]],"type":"Polygon","properties":{"GEOID":"310550055004"}},{"arcs":[[-573,588,589,590,591]],"type":"Polygon","properties":{"GEOID":"310550073161"}},{"arcs":[[592,-590,593,-175,594,595,596]],"type":"Polygon","properties":{"GEOID":"310550074701"}},{"arcs":[[597,598,599,600,-461,-504,601]],"type":"Polygon","properties":{"GEOID":"310550074611"}},{"arcs":[[602,603,604,-484]],"type":"Polygon","properties":{"GEOID":"310550075142"}},{"arcs":[[605,-511,-382,-247,-476,606,-572,607]],"type":"Polygon","properties":{"GEOID":"310550073151"}},{"arcs":[[-605,608,609,-409,610,611]],"type":"Polygon","properties":{"GEOID":"310550075152"}},{"arcs":[[612,613,614,615,616,617,618,619]],"type":"Polygon","properties":{"GEOID":"310550018003"}},{"arcs":[[-454,620,-493]],"type":"Polygon","properties":{"GEOID":"310550075174"}},{"arcs":[[621,-602,-506,622,623]],"type":"Polygon","properties":{"GEOID":"310550074603"}},{"arcs":[[-619,624,625]],"type":"Polygon","properties":{"GEOID":"310550018004"}},{"arcs":[[-103,626,627,628,629]],"type":"Polygon","properties":{"GEOID":"310550066051"}},{"arcs":[[630,631,632,633,-523,-627,-102]],"type":"Polygon","properties":{"GEOID":"310550066061"}},{"arcs":[[-608,-571,634,635]],"type":"Polygon","properties":{"GEOID":"310550073143"}},{"arcs":[[636,637,638,-550,639]],"type":"Polygon","properties":{"GEOID":"310550074463"}},{"arcs":[[-628,-526,640,641]],"type":"Polygon","properties":{"GEOID":"310550066052"}},{"arcs":[[642,643,644,645,646,647,648]],"type":"Polygon","properties":{"GEOID":"310550074624"}},{"arcs":[[649,650,651,652,653,654]],"type":"Polygon","properties":{"GEOID":"310550068042"}},{"arcs":[[-629,-642,655,656]],"type":"Polygon","properties":{"GEOID":"310550066053"}},{"arcs":[[657,658,-497,659]],"type":"Polygon","properties":{"GEOID":"310550075211"}},{"arcs":[[-412,660,661,662,663]],"type":"Polygon","properties":{"GEOID":"310550075173"}},{"arcs":[[664,665,666,667]],"type":"Polygon","properties":{"GEOID":"310550074664"}},{"arcs":[[668,669,670,671,672,673]],"type":"Polygon","properties":{"GEOID":"310550024004"}},{"arcs":[[-439,-557,-545,-542]],"type":"Polygon","properties":{"GEOID":"310550075242"}},{"arcs":[[-634,-530,674,675,-524]],"type":"Polygon","properties":{"GEOID":"310550066062"}},{"arcs":[[-389,676,-257,-318,-263]],"type":"Polygon","properties":{"GEOID":"310550074353"}},{"arcs":[[-611,-408,677]],"type":"Polygon","properties":{"GEOID":"310550075153"}},{"arcs":[[678,-296,-267,-233,679]],"type":"Polygon","properties":{"GEOID":"310550055003"}},{"arcs":[[-67,-19,680,681,682]],"type":"Polygon","properties":{"GEOID":"310550037001"}},{"arcs":[[-427,683,-57,-165]],"type":"Polygon","properties":{"GEOID":"310550050002"}},{"arcs":[[684,-660,-501,-423,-450]],"type":"Polygon","properties":{"GEOID":"310550075212"}},{"arcs":[[-282,685,686,687]],"type":"Polygon","properties":{"GEOID":"310550064004"}},{"arcs":[[-681,-117,688,689]],"type":"Polygon","properties":{"GEOID":"310550035001"}},{"arcs":[[690,-596,691,-320,-327,-581]],"type":"Polygon","properties":{"GEOID":"310550074704"}},{"arcs":[[692,-597,-691,-580]],"type":"Polygon","properties":{"GEOID":"310550074702"}},{"arcs":[[693,-583,-498,-659]],"type":"Polygon","properties":{"GEOID":"310550074692"}},{"arcs":[[-510,694,695,-401]],"type":"Polygon","properties":{"GEOID":"310550073091"}},{"arcs":[[696,-635,-570,697]],"type":"Polygon","properties":{"GEOID":"310550073142"}},{"arcs":[[-591,-593,-693,698]],"type":"Polygon","properties":{"GEOID":"310550073162"}},{"arcs":[[-406,-698,-574,699,700]],"type":"Polygon","properties":{"GEOID":"310550073183"}},{"arcs":[[-547,701,-603,-488]],"type":"Polygon","properties":{"GEOID":"310550075141"}},{"arcs":[[-485,-612,-678,-453,-512,702]],"type":"Polygon","properties":{"GEOID":"310550075151"}},{"arcs":[[703,-663,704,705,-494]],"type":"Polygon","properties":{"GEOID":"310550075171"}},{"arcs":[[-413,-664,-704,-621]],"type":"Polygon","properties":{"GEOID":"310550075172"}},{"arcs":[[706,707,708,-670,709]],"type":"Polygon","properties":{"GEOID":"310550023002"}},{"arcs":[[710,711,712,-508,-606,-636,-697,-405,713]],"type":"Polygon","properties":{"GEOID":"310550073172"}},{"arcs":[[-595,-179,-182,-321,-692]],"type":"Polygon","properties":{"GEOID":"310550074703"}},{"arcs":[[-700,-592,-699,-579,-694,-658,-685,714]],"type":"Polygon","properties":{"GEOID":"310550073182"}},{"arcs":[[-500,-582,-329,-333,715,716,-397]],"type":"Polygon","properties":{"GEOID":"310550074711"}},{"arcs":[[-567,717,718,719,720,-614]],"type":"Polygon","properties":{"GEOID":"310550018002"}},{"arcs":[[721,-302,-309,-293,-291]],"type":"Polygon","properties":{"GEOID":"310550057004"}},{"arcs":[[-312,-317,-100,-96]],"type":"Polygon","properties":{"GEOID":"310550074241"}},{"arcs":[[722,723,724,725]],"type":"Polygon","properties":{"GEOID":"310550002002"}},{"arcs":[[-34,-33,726,727,728,-26]],"type":"Polygon","properties":{"GEOID":"310550034021"}},{"arcs":[[729,730,-4,731,732,733,734,-609]],"type":"Polygon","properties":{"GEOID":"310550074511"}},{"arcs":[[735,736,737,738]],"type":"Polygon","properties":{"GEOID":"310550027002"}},{"arcs":[[739,740,741,742,743]],"type":"Polygon","properties":{"GEOID":"310550074421"}},{"arcs":[[744,745,746,747,748]],"type":"Polygon","properties":{"GEOID":"310550074592"}},{"arcs":[[749,750,751,752]],"type":"Polygon","properties":{"GEOID":"310550030006"}},{"arcs":[[753,754,755,756,757,758]],"type":"Polygon","properties":{"GEOID":"310550075043"}},{"arcs":[[-402,-696,759,760,-391,-383,-381]],"type":"Polygon","properties":{"GEOID":"310550073111"}},{"arcs":[[761,762,763,764]],"type":"Polygon","properties":{"GEOID":"310550062023"}},{"arcs":[[765,766,-410]],"type":"Polygon","properties":{"GEOID":"310550074522"}},{"arcs":[[767,-723,768,769,770]],"type":"Polygon","properties":{"GEOID":"310550002001"}},{"arcs":[[771,-680,772,-686]],"type":"Polygon","properties":{"GEOID":"310550056005"}},{"arcs":[[773,774,-674,775,776]],"type":"Polygon","properties":{"GEOID":"310550024001"}},{"arcs":[[-278,-289,-280,777]],"type":"Polygon","properties":{"GEOID":"310550056002"}},{"arcs":[[-251,-256,778,779,-242]],"type":"Polygon","properties":{"GEOID":"310550074333"}},{"arcs":[[780,781,782,783]],"type":"Polygon","properties":{"GEOID":"310550030001"}},{"arcs":[[784,785,786,787]],"type":"Polygon","properties":{"GEOID":"310550071022"}},{"arcs":[[-61,-55,-20,-130]],"type":"Polygon","properties":{"GEOID":"310550043003"}},{"arcs":[[-237,-385,-261,-252,-249,-244]],"type":"Polygon","properties":{"GEOID":"310550074341"}},{"arcs":[[788,789,-682,-690,790,791,792,793]],"type":"Polygon","properties":{"GEOID":"310550035002"}},{"arcs":[[-90,794,795,796]],"type":"Polygon","properties":{"GEOID":"310550074561"}},{"arcs":[[797,798,799,800]],"type":"Polygon","properties":{"GEOID":"310550074633"}},{"arcs":[[801,-183,-176,-594]],"type":"Polygon","properties":{"GEOID":"310550074311"}},{"arcs":[[-687,802,803,804]],"type":"Polygon","properties":{"GEOID":"310550064003"}},{"arcs":[[805,806,-345,807,808,-339]],"type":"Polygon","properties":{"GEOID":"310550059021"}},{"arcs":[[-44,809,-626,810,-40]],"type":"Polygon","properties":{"GEOID":"310550019002"}},{"arcs":[[-735,811,812,813,-766,-610]],"type":"Polygon","properties":{"GEOID":"310550074523"}},{"arcs":[[814,815,816,817]],"type":"Polygon","properties":{"GEOID":"310550068062"}},{"arcs":[[818,819,820,821]],"type":"Polygon","properties":{"GEOID":"310550074573"}},{"arcs":[[-809,822,823,-214,-342,-340]],"type":"Polygon","properties":{"GEOID":"310550059022"}},{"arcs":[[824,825,826,827,828]],"type":"Polygon","properties":{"GEOID":"310550061012"}},{"arcs":[[-426,-205,-49,-58,-684]],"type":"Polygon","properties":{"GEOID":"310550050001"}},{"arcs":[[-87,829,830,831,832]],"type":"Polygon","properties":{"GEOID":"310550074582"}},{"arcs":[[-782,833,834,835,836,837]],"type":"Polygon","properties":{"GEOID":"310550029001"}},{"arcs":[[-210,-212,-124,-220]],"type":"Polygon","properties":{"GEOID":"310550053003"}},{"arcs":[[838,-368,-358,-355]],"type":"Polygon","properties":{"GEOID":"310550074072"}},{"arcs":[[839,840,-407,-701,-715,-449,-445,841,-491,842,-754]],"type":"Polygon","properties":{"GEOID":"310550075051"}},{"arcs":[[843,844,845,846,847,848,849,-653]],"type":"Polygon","properties":{"GEOID":"310550068041"}},{"arcs":[[-134,-69,850,851,-143]],"type":"Polygon","properties":{"GEOID":"310550045003"}},{"arcs":[[-786,852,853,-784,854,855,856,857,858]],"type":"Polygon","properties":{"GEOID":"310550071024"}},{"arcs":[[-521,859,860,861]],"type":"Polygon","properties":{"GEOID":"310550067032"}},{"arcs":[[-852,862,863,-13,-10]],"type":"Polygon","properties":{"GEOID":"310550036002"}},{"arcs":[[864,865,-739,866,867]],"type":"Polygon","properties":{"GEOID":"310550027001"}},{"arcs":[[868,869,-284,-275]],"type":"Polygon","properties":{"GEOID":"310550063031"}},{"arcs":[[870,871,872,-600,873]],"type":"Polygon","properties":{"GEOID":"310550074533"}},{"arcs":[[874,-720,875,-707,876]],"type":"Polygon","properties":{"GEOID":"310550022002"}},{"arcs":[[-98,-104,-630,-657,877,-6]],"type":"Polygon","properties":{"GEOID":"310550074451"}},{"arcs":[[878,879,880,881,-113]],"type":"Polygon","properties":{"GEOID":"310550034012"}},{"arcs":[[882,883,-337,884]],"type":"Polygon","properties":{"GEOID":"310550060004"}},{"arcs":[[-689,-116,885,-791]],"type":"Polygon","properties":{"GEOID":"310550070021"}},{"arcs":[[886,-565]],"type":"Polygon","properties":{"GEOID":"310550005001"}},{"arcs":[[-886,-115,887,888,889]],"type":"Polygon","properties":{"GEOID":"310550070022"}},{"arcs":[[890,-769,-726,891,-762,892]],"type":"Polygon","properties":{"GEOID":"310550062025"}},{"arcs":[[-390,-262,-384]],"type":"Polygon","properties":{"GEOID":"310550073122"}},{"arcs":[[-41,893,-30,894]],"type":"Polygon","properties":{"GEOID":"310550033001"}},{"arcs":[[-37,-895,-29,-23]],"type":"Polygon","properties":{"GEOID":"310550038002"}},{"arcs":[[-288,-297,-679,-772,-281]],"type":"Polygon","properties":{"GEOID":"310550056004"}},{"arcs":[[895,896,897,898]],"type":"Polygon","properties":{"GEOID":"310550075081"}},{"arcs":[[899,-714,-404,-841]],"type":"Polygon","properties":{"GEOID":"310550073181"}},{"arcs":[[-713,900,-760,-695,-509]],"type":"Polygon","properties":{"GEOID":"310550073092"}},{"arcs":[[901,902,-346,-807,903]],"type":"Polygon","properties":{"GEOID":"310550060002"}},{"arcs":[[904,-904,-806,-338,-884]],"type":"Polygon","properties":{"GEOID":"310550060003"}},{"arcs":[[905,906,-885,-336,907]],"type":"Polygon","properties":{"GEOID":"310550060005"}},{"arcs":[[908,909,910,911,-825,912]],"type":"Polygon","properties":{"GEOID":"310550061011"}},{"arcs":[[-828,913,-883,-907,914,915]],"type":"Polygon","properties":{"GEOID":"310550061013"}},{"arcs":[[916,917,918,919,-910]],"type":"Polygon","properties":{"GEOID":"310550061021"}},{"arcs":[[-920,920,-893,921,-911]],"type":"Polygon","properties":{"GEOID":"310550061022"}},{"arcs":[[-826,-912,-922,-765,922,923]],"type":"Polygon","properties":{"GEOID":"310550061023"}},{"arcs":[[-827,-924,924,-902,-905,-914]],"type":"Polygon","properties":{"GEOID":"310550061024"}},{"arcs":[[-923,-764,-460,925,-343,-903,-925]],"type":"Polygon","properties":{"GEOID":"310550061025"}},{"arcs":[[926,927,928]],"type":"Polygon","properties":{"GEOID":"310550062021"}},{"arcs":[[-181,-188,929,930,931,-334,-322]],"type":"Polygon","properties":{"GEOID":"310550074382"}},{"arcs":[[932,933,934,-931]],"type":"Polygon","properties":{"GEOID":"310550074391"}},{"arcs":[[-198,935,936,937,-933,-930]],"type":"Polygon","properties":{"GEOID":"310550074392"}},{"arcs":[[-938,938,939,940,-934]],"type":"Polygon","properties":{"GEOID":"310550074393"}},{"arcs":[[941,-939,-937]],"type":"Polygon","properties":{"GEOID":"310550074394"}},{"arcs":[[-197,942,-518,-940,-942,-936]],"type":"Polygon","properties":{"GEOID":"310550074395"}},{"arcs":[[-928,943,944,-918,945]],"type":"Polygon","properties":{"GEOID":"310550062022"}},{"arcs":[[-945,946,-770,-891,-921,-919]],"type":"Polygon","properties":{"GEOID":"310550062024"}},{"arcs":[[947,948,949,950,951]],"type":"Polygon","properties":{"GEOID":"310550063011"}},{"arcs":[[-950,952,-913,-829,-916,953,954]],"type":"Polygon","properties":{"GEOID":"310550063012"}},{"arcs":[[955,956,-869,-274]],"type":"Polygon","properties":{"GEOID":"310550063021"}},{"arcs":[[-954,-915,-906,957,958,959]],"type":"Polygon","properties":{"GEOID":"310550063022"}},{"arcs":[[960,-959,961,962,-957]],"type":"Polygon","properties":{"GEOID":"310550063023"}},{"arcs":[[-958,-908,-299,-962]],"type":"Polygon","properties":{"GEOID":"310550063024"}},{"arcs":[[-243,-780,963,964,-943]],"type":"Polygon","properties":{"GEOID":"310550074401"}},{"arcs":[[-779,-255,-99,-5,-471,965,966,-964]],"type":"Polygon","properties":{"GEOID":"310550074402"}},{"arcs":[[-716,967,968]],"type":"Polygon","properties":{"GEOID":"310550074411"}},{"arcs":[[-398,-717,-969,969,970,971,-548,-585,-558]],"type":"Polygon","properties":{"GEOID":"310550074412"}},{"arcs":[[972,973,-744,974,-971]],"type":"Polygon","properties":{"GEOID":"310550074422"}},{"arcs":[[-963,-298,-722,-290,-870]],"type":"Polygon","properties":{"GEOID":"310550063032"}},{"arcs":[[-528,975,-804,-533,-151,976]],"type":"Polygon","properties":{"GEOID":"310550064002"}},{"arcs":[[-773,-232,-532,-803]],"type":"Polygon","properties":{"GEOID":"310550064005"}},{"arcs":[[-481,977,-576,978,-388]],"type":"Polygon","properties":{"GEOID":"310550065031"}},{"arcs":[[-979,-575,979,980,-258,-677]],"type":"Polygon","properties":{"GEOID":"310550065032"}},{"arcs":[[-417,-588,981,982,-271,-577,-978,-480]],"type":"Polygon","properties":{"GEOID":"310550065033"}},{"arcs":[[-332,983,-973,-970,-968]],"type":"Polygon","properties":{"GEOID":"310550074423"}},{"arcs":[[-331,984,-740,-974,-984]],"type":"Polygon","properties":{"GEOID":"310550074424"}},{"arcs":[[-330,-324,985,-741,-985]],"type":"Polygon","properties":{"GEOID":"310550074425"}},{"arcs":[[-515,986,-522,987,988]],"type":"Polygon","properties":{"GEOID":"310550074432"}},{"arcs":[[-935,-941,-517,-987,-514,989]],"type":"Polygon","properties":{"GEOID":"310550074433"}},{"arcs":[[-967,990]],"type":"Polygon","properties":{"GEOID":"310550074441"}},{"arcs":[[-259,-981,991,992,-631,-316,-319]],"type":"Polygon","properties":{"GEOID":"310550065041"}},{"arcs":[[-980,-578,-279,-778,993,994,995,-992]],"type":"Polygon","properties":{"GEOID":"310550065042"}},{"arcs":[[-468,996,-952,997,998,-586]],"type":"Polygon","properties":{"GEOID":"310550065051"}},{"arcs":[[-951,999,1000,-998]],"type":"Polygon","properties":{"GEOID":"310550065052"}},{"arcs":[[-960,-961,-956,-273,1001]],"type":"Polygon","properties":{"GEOID":"310550065061"}},{"arcs":[[1002,-1000,-955,-1002,-272,-983]],"type":"Polygon","properties":{"GEOID":"310550065062"}},{"arcs":[[-587,-999,-1001,-1003,-982]],"type":"Polygon","properties":{"GEOID":"310550065063"}},{"arcs":[[-965,-991,-966,-474,-519]],"type":"Polygon","properties":{"GEOID":"310550074442"}},{"arcs":[[-972,1003,-640,-549]],"type":"Polygon","properties":{"GEOID":"310550074461"}},{"arcs":[[1004,-169,-551,-639]],"type":"Polygon","properties":{"GEOID":"310550074464"}},{"arcs":[[-993,-996,1005,1006,-632]],"type":"Polygon","properties":{"GEOID":"310550066031"}},{"arcs":[[-995,1007,1008,-1006]],"type":"Polygon","properties":{"GEOID":"310550066032"}},{"arcs":[[-994,-283,-688,1009,-1008]],"type":"Polygon","properties":{"GEOID":"310550066033"}},{"arcs":[[-1007,-1009,1010,-531,-633]],"type":"Polygon","properties":{"GEOID":"310550066041"}},{"arcs":[[-1010,-805,-976,-527,-1011]],"type":"Polygon","properties":{"GEOID":"310550066043"}},{"arcs":[[-975,1011,1012,-637,-1004]],"type":"Polygon","properties":{"GEOID":"310550074471"}},{"arcs":[[-1013,1013,-170,-1005,-638]],"type":"Polygon","properties":{"GEOID":"310550074472"}},{"arcs":[[1014,1015,-352,1016]],"type":"Polygon","properties":{"GEOID":"310550074481"}},{"arcs":[[1017,-1017,-351,1018]],"type":"Polygon","properties":{"GEOID":"310550074482"}},{"arcs":[[-988,-862,1019,-1015,-1018,1020]],"type":"Polygon","properties":{"GEOID":"310550074483"}},{"arcs":[[-556,1021,-730,-604,-702]],"type":"Polygon","properties":{"GEOID":"310550074492"}},{"arcs":[[-552,-174,-111,1022,1023,1024]],"type":"Polygon","properties":{"GEOID":"310550074501"}},{"arcs":[[-675,-529,-977,-153,-140,-815,1025,1026,1027]],"type":"Polygon","properties":{"GEOID":"310550067011"}},{"arcs":[[-525,-676,-1028,1028,1029]],"type":"Polygon","properties":{"GEOID":"310550067012"}},{"arcs":[[1030,-656,-641,-1030,1031,1032]],"type":"Polygon","properties":{"GEOID":"310550067013"}},{"arcs":[[-860,-520,-472,-7,1033,1034,1035]],"type":"Polygon","properties":{"GEOID":"310550067031"}},{"arcs":[[-1020,-861,-1036,1036,-1016]],"type":"Polygon","properties":{"GEOID":"310550067033"}},{"arcs":[[-878,-1031,1037,1038,-651,-1034]],"type":"Polygon","properties":{"GEOID":"310550067041"}},{"arcs":[[-1033,1039,-1038]],"type":"Polygon","properties":{"GEOID":"310550067042"}},{"arcs":[[-1023,-110,1040,1041]],"type":"Polygon","properties":{"GEOID":"310550074502"}},{"arcs":[[-1024,-1042,1042,-1,1043]],"type":"Polygon","properties":{"GEOID":"310550074503"}},{"arcs":[[-1043,-1041,1044,1045,-2]],"type":"Polygon","properties":{"GEOID":"310550074513"}},{"arcs":[[-1046,1046,-732,-3]],"type":"Polygon","properties":{"GEOID":"310550074514"}},{"arcs":[[-109,-94,1047,1048,1049,-733,-1047,-1045]],"type":"Polygon","properties":{"GEOID":"310550074515"}},{"arcs":[[-767,-814,1050,1051,-411]],"type":"Polygon","properties":{"GEOID":"310550074521"}},{"arcs":[[-734,-1050,1052,-871,1053,-812]],"type":"Polygon","properties":{"GEOID":"310550074531"}},{"arcs":[[-813,-1054,-874,-599,-1051]],"type":"Polygon","properties":{"GEOID":"310550074532"}},{"arcs":[[-1037,-1035,-650,1054,-353]],"type":"Polygon","properties":{"GEOID":"310550068031"}},{"arcs":[[-354,-1055,-655,1055,-839]],"type":"Polygon","properties":{"GEOID":"310550068032"}},{"arcs":[[-1039,-1040,1056,-844,-652]],"type":"Polygon","properties":{"GEOID":"310550068051"}},{"arcs":[[-1032,1057,1058,1059,-845,-1057]],"type":"Polygon","properties":{"GEOID":"310550068052"}},{"arcs":[[-1029,-1027,1060,1061,-1058]],"type":"Polygon","properties":{"GEOID":"310550068053"}},{"arcs":[[-1062,1062,1063,1064,-1059]],"type":"Polygon","properties":{"GEOID":"310550068054"}},{"arcs":[[-1026,-818,1065,1066,-1063,-1061]],"type":"Polygon","properties":{"GEOID":"310550068061"}},{"arcs":[[-817,1067,1068,1069,-1066]],"type":"Polygon","properties":{"GEOID":"310550068063"}},{"arcs":[[1070,1071,-80,-372,-363]],"type":"Polygon","properties":{"GEOID":"310550069031"}},{"arcs":[[-1053,-1049,1072,1073,-643,-872]],"type":"Polygon","properties":{"GEOID":"310550074541"}},{"arcs":[[-1048,-93,1074,-1073]],"type":"Polygon","properties":{"GEOID":"310550074542"}},{"arcs":[[-1075,1075,1076,-644,-1074]],"type":"Polygon","properties":{"GEOID":"310550074543"}},{"arcs":[[1077,1078,-1077]],"type":"Polygon","properties":{"GEOID":"310550074551"}},{"arcs":[[-92,1079,1080,1081,-1078,-1076]],"type":"Polygon","properties":{"GEOID":"310550074552"}},{"arcs":[[-795,-89,1082,-819,1083,1084,1085,1086]],"type":"Polygon","properties":{"GEOID":"310550074571"}},{"arcs":[[-822,1087,1088,-1084]],"type":"Polygon","properties":{"GEOID":"310550074572"}},{"arcs":[[-88,-833,1089,-820,-1083]],"type":"Polygon","properties":{"GEOID":"310550074581"}},{"arcs":[[1090,1091,-831]],"type":"Polygon","properties":{"GEOID":"310550074583"}},{"arcs":[[-808,1092,1093,1094,1095,-823]],"type":"Polygon","properties":{"GEOID":"310550007001"}},{"arcs":[[-1095,1096,1097,1098,1099,1100]],"type":"Polygon","properties":{"GEOID":"310550008001"}},{"arcs":[[1101,-561,1102,-1099]],"type":"Polygon","properties":{"GEOID":"310550008002"}},{"arcs":[[-215,-824,-1096,-1101,1103,1104,-428,-208]],"type":"Polygon","properties":{"GEOID":"310550011002"}},{"arcs":[[-1100,-1103,-560,1105,1106,-1104]],"type":"Polygon","properties":{"GEOID":"310550012001"}},{"arcs":[[-1105,-1107,1107,-429]],"type":"Polygon","properties":{"GEOID":"310550012002"}},{"arcs":[[-1108,-1106,-569,1108,-430]],"type":"Polygon","properties":{"GEOID":"310550012003"}},{"arcs":[[-431,1109,-119,-204]],"type":"Polygon","properties":{"GEOID":"310550016001"}},{"arcs":[[-1109,-568,-613,1110,-1110]],"type":"Polygon","properties":{"GEOID":"310550016002"}},{"arcs":[[-721,-875,1111,-615]],"type":"Polygon","properties":{"GEOID":"310550018001"}},{"arcs":[[-369,-1056,1112,-1071,-362]],"type":"Polygon","properties":{"GEOID":"310550069032"}},{"arcs":[[1113,-848,1114,1115,-82,1116]],"type":"Polygon","properties":{"GEOID":"310550069041"}},{"arcs":[[-849,-1114,1117]],"type":"Polygon","properties":{"GEOID":"310550069042"}},{"arcs":[[-1113,-654,-850,-1118,-1117,-81,-1072]],"type":"Polygon","properties":{"GEOID":"310550069043"}},{"arcs":[[-847,1118,1119,-1115]],"type":"Polygon","properties":{"GEOID":"310550069044"}},{"arcs":[[-846,-1060,-1065,1120,1121,1122,-1119]],"type":"Polygon","properties":{"GEOID":"310550069051"}},{"arcs":[[-1120,-1123,1123,-83,-1116]],"type":"Polygon","properties":{"GEOID":"310550069052"}},{"arcs":[[-830,-86,1124,1125,-745,-1091]],"type":"Polygon","properties":{"GEOID":"310550074591"}},{"arcs":[[-1052,-598,-622,1126,-661]],"type":"Polygon","properties":{"GEOID":"310550074601"}},{"arcs":[[-705,-662,-1127,-624,1127]],"type":"Polygon","properties":{"GEOID":"310550074602"}},{"arcs":[[-601,-873,-649,1128,-462]],"type":"Polygon","properties":{"GEOID":"310550074612"}},{"arcs":[[-646,1129,1130,1131]],"type":"Polygon","properties":{"GEOID":"310550074621"}},{"arcs":[[-647,-1132,1132,1133]],"type":"Polygon","properties":{"GEOID":"310550074622"}},{"arcs":[[-463,-1129,-648,-1134,1134]],"type":"Polygon","properties":{"GEOID":"310550074623"}},{"arcs":[[-120,-1111,-620,-810,-43]],"type":"Polygon","properties":{"GEOID":"310550019001"}},{"arcs":[[1135,-617,1136,1137,1138,1139]],"type":"Polygon","properties":{"GEOID":"310550020001"}},{"arcs":[[1140,-1140,1141,1142,1143]],"type":"Polygon","properties":{"GEOID":"310550020002"}},{"arcs":[[-1139,1144,-774,1145,1146,-1142]],"type":"Polygon","properties":{"GEOID":"310550020003"}},{"arcs":[[-616,-1112,-877,1147,-1137]],"type":"Polygon","properties":{"GEOID":"310550021001"}},{"arcs":[[-1138,-1148,-710,-669,-775,-1145]],"type":"Polygon","properties":{"GEOID":"310550021002"}},{"arcs":[[-719,1148,1149,-708,-876]],"type":"Polygon","properties":{"GEOID":"310550022001"}},{"arcs":[[-709,-1150,1150,1151,-671]],"type":"Polygon","properties":{"GEOID":"310550023001"}},{"arcs":[[-1147,1152,1153,-1143]],"type":"Polygon","properties":{"GEOID":"310550024002"}},{"arcs":[[-1146,-777,1154,-1153]],"type":"Polygon","properties":{"GEOID":"310550024003"}},{"arcs":[[-1064,-1067,-1070,1155,1156,-1121]],"type":"Polygon","properties":{"GEOID":"310550069061"}},{"arcs":[[-1069,1157,1158,-1156]],"type":"Polygon","properties":{"GEOID":"310550069062"}},{"arcs":[[-1122,-1157,-1159,1159,1160,-84,-1124]],"type":"Polygon","properties":{"GEOID":"310550069063"}},{"arcs":[[-816,-139,1161,1162,-1158,-1068]],"type":"Polygon","properties":{"GEOID":"310550070011"}},{"arcs":[[-138,-144,-12,-15,-794,1163,1164,-1162]],"type":"Polygon","properties":{"GEOID":"310550070012"}},{"arcs":[[-1163,-1165,1165,1166,-1160]],"type":"Polygon","properties":{"GEOID":"310550070013"}},{"arcs":[[-793,1167,-1164]],"type":"Polygon","properties":{"GEOID":"310550070023"}},{"arcs":[[-1168,-792,-890,1168,-1166]],"type":"Polygon","properties":{"GEOID":"310550070024"}},{"arcs":[[-1079,-1082,1169,1170,-645]],"type":"Polygon","properties":{"GEOID":"310550074631"}},{"arcs":[[-1081,1171,-798,-1170]],"type":"Polygon","properties":{"GEOID":"310550074632"}},{"arcs":[[-1171,-801,1172,-1130]],"type":"Polygon","properties":{"GEOID":"310550074634"}},{"arcs":[[-1172,1173,1174,1175,-799]],"type":"Polygon","properties":{"GEOID":"310550074641"}},{"arcs":[[-796,-1087,1176,1177,1178,-1175]],"type":"Polygon","properties":{"GEOID":"310550074642"}},{"arcs":[[-1085,1179,1180]],"type":"Polygon","properties":{"GEOID":"310550074651"}},{"arcs":[[-1086,-1181,1181,1182,-1177]],"type":"Polygon","properties":{"GEOID":"310550074652"}},{"arcs":[[-555,-1025,-1044,-731,-1022]],"type":"Polygon","properties":{"GEOID":"310550074491"}},{"arcs":[[-91,-797,-1174,-1080]],"type":"Polygon","properties":{"GEOID":"310550074562"}},{"arcs":[[1183,1184,1185,-771,-947,-944,-927,1186]],"type":"Polygon","properties":{"GEOID":"310550002003"}},{"arcs":[[-892,-725,1187,-456,-763]],"type":"Polygon","properties":{"GEOID":"310550003002"}},{"arcs":[[-672,-1152,1188,1189,1190,1191]],"type":"Polygon","properties":{"GEOID":"310550025001"}},{"arcs":[[-776,-673,-1192,1192,1193]],"type":"Polygon","properties":{"GEOID":"310550025002"}},{"arcs":[[-1154,-1155,-1194,1194,1195,1196]],"type":"Polygon","properties":{"GEOID":"310550025003"}},{"arcs":[[1197,-1196,1198,1199,-865,1200]],"type":"Polygon","properties":{"GEOID":"310550026001"}},{"arcs":[[-1195,-1193,-1191,1201,-1199]],"type":"Polygon","properties":{"GEOID":"310550026002"}},{"arcs":[[-1202,-1190,1202,1203,-736,-866,-1200]],"type":"Polygon","properties":{"GEOID":"310550027003"}},{"arcs":[[-867,-738,1204,1205]],"type":"Polygon","properties":{"GEOID":"310550028001"}},{"arcs":[[-1205,-737,1206,1207]],"type":"Polygon","properties":{"GEOID":"310550028002"}},{"arcs":[[-1204,1208,1209,-1207]],"type":"Polygon","properties":{"GEOID":"310550028003"}},{"arcs":[[1210,1211,1212,-751,1213,-836]],"type":"Polygon","properties":{"GEOID":"310550029002"}},{"arcs":[[-1161,-1167,-1169,1214,1215,1216,-85]],"type":"Polygon","properties":{"GEOID":"310550070031"}},{"arcs":[[-889,1217,1218,1219,1220,-1215]],"type":"Polygon","properties":{"GEOID":"310550070032"}},{"arcs":[[-1217,1221,1222,-1125]],"type":"Polygon","properties":{"GEOID":"310550071011"}},{"arcs":[[-1216,-1221,1223,-853,-785,1224,-1222]],"type":"Polygon","properties":{"GEOID":"310550071012"}},{"arcs":[[1225,1226,-746,-1126,-1223,-1225,-788,1227,1228]],"type":"Polygon","properties":{"GEOID":"310550071021"}},{"arcs":[[-787,-859,1229,-1228]],"type":"Polygon","properties":{"GEOID":"310550071023"}},{"arcs":[[1230,1231,1232,1233,1234]],"type":"Polygon","properties":{"GEOID":"310550073031"}},{"arcs":[[-1178,-1183,1235,1236,1237]],"type":"Polygon","properties":{"GEOID":"310550074653"}},{"arcs":[[-668,1238,-1237]],"type":"Polygon","properties":{"GEOID":"310550074654"}},{"arcs":[[-1088,-821,1239,1240,1241,-666,1242]],"type":"Polygon","properties":{"GEOID":"310550074661"}},{"arcs":[[-1089,-1243,-665,-1236,-1182,-1180]],"type":"Polygon","properties":{"GEOID":"310550074662"}},{"arcs":[[1243,1244,1245,-1241]],"type":"Polygon","properties":{"GEOID":"310550074663"}},{"arcs":[[1246,-832,-1092,-749,-420,1247]],"type":"Polygon","properties":{"GEOID":"310550074672"}},{"arcs":[[1248,-1248,-419,1249,-1245]],"type":"Polygon","properties":{"GEOID":"310550074673"}},{"arcs":[[-1090,-1247,-1249,-1244,-1240]],"type":"Polygon","properties":{"GEOID":"310550074674"}},{"arcs":[[-747,-1227,1250,1251]],"type":"Polygon","properties":{"GEOID":"310550074681"}},{"arcs":[[1252,-563,1253,1254,-457,-1188,-724,-768,-1186]],"type":"Polygon","properties":{"GEOID":"310550004001"}},{"arcs":[[-1254,-562,-1102,-1098,1255]],"type":"Polygon","properties":{"GEOID":"310550004002"}},{"arcs":[[-458,-1255,-1256,-1097,-1094,1256]],"type":"Polygon","properties":{"GEOID":"310550006001"}},{"arcs":[[-459,-1257,-1093,-344,-926]],"type":"Polygon","properties":{"GEOID":"310550006002"}},{"arcs":[[1257,1258,-1206,-1208,-1210,1259,-1212,1260]],"type":"Polygon","properties":{"GEOID":"310550029003"}},{"arcs":[[1261,-1261,-1211,-835]],"type":"Polygon","properties":{"GEOID":"310550029004"}},{"arcs":[[-783,-838,1262,-855]],"type":"Polygon","properties":{"GEOID":"310550030002"}},{"arcs":[[-1263,1263,1264,-856]],"type":"Polygon","properties":{"GEOID":"310550030003"}},{"arcs":[[-1265,-753,1265,-857]],"type":"Polygon","properties":{"GEOID":"310550030004"}},{"arcs":[[-837,-1214,-750,-1264]],"type":"Polygon","properties":{"GEOID":"310550030005"}},{"arcs":[[1266,-781,1267]],"type":"Polygon","properties":{"GEOID":"310550030007"}},{"arcs":[[1268,1269,1270,1271,1272,1273,-1218]],"type":"Polygon","properties":{"GEOID":"310550031001"}},{"arcs":[[-1274,1274,1275,-1219]],"type":"Polygon","properties":{"GEOID":"310550031002"}},{"arcs":[[-1220,-1276,1276,-1268,-854,-1224]],"type":"Polygon","properties":{"GEOID":"310550031003"}},{"arcs":[[-1275,-1273,1277,1278,-1258,-1262,-834,-1267,-1277]],"type":"Polygon","properties":{"GEOID":"310550031004"}},{"arcs":[[1279,-1144,-1197,-1198,1280,-1278,-1272]],"type":"Polygon","properties":{"GEOID":"310550032001"}},{"arcs":[[1281,-1184,1282,-1232]],"type":"Polygon","properties":{"GEOID":"310550073032"}},{"arcs":[[1283,-1283,-1187,-929,-946,-917,-909,-953,-949]],"type":"Polygon","properties":{"GEOID":"310550073041"}},{"arcs":[[-1233,-1284,-948,-997,-467]],"type":"Polygon","properties":{"GEOID":"310550073042"}},{"arcs":[[-1251,-1226,1284,1285]],"type":"Polygon","properties":{"GEOID":"310550074682"}},{"arcs":[[-748,-1252,-1286,1286,-421]],"type":"Polygon","properties":{"GEOID":"310550074683"}},{"arcs":[[-758,1287,1288,1289]],"type":"Polygon","properties":{"GEOID":"310550075041"}},{"arcs":[[-757,1290,-1288]],"type":"Polygon","properties":{"GEOID":"310550075042"}},{"arcs":[[-842,-448,1291,-489]],"type":"Polygon","properties":{"GEOID":"310550075052"}},{"arcs":[[-843,-490,-1292,-436,1292,-534,1293,-755]],"type":"Polygon","properties":{"GEOID":"310550075061"}},{"arcs":[[-1293,-435,-584,1294,-535]],"type":"Polygon","properties":{"GEOID":"310550075062"}},{"arcs":[[-1201,-868,-1259,-1279,-1281]],"type":"Polygon","properties":{"GEOID":"310550032002"}},{"arcs":[[-31,-894,-811,-625,-618,-1136,-1141,-1280,-1271,1295]],"type":"Polygon","properties":{"GEOID":"310550033002"}},{"arcs":[[-27,-729,-879,-112]],"type":"Polygon","properties":{"GEOID":"310550034011"}},{"arcs":[[-882,1296,-114]],"type":"Polygon","properties":{"GEOID":"310550034013"}},{"arcs":[[-1297,-881,1297,1298,-1269,-888]],"type":"Polygon","properties":{"GEOID":"310550034014"}},{"arcs":[[-728,1299,-1298,-880]],"type":"Polygon","properties":{"GEOID":"310550034022"}},{"arcs":[[-727,-32,-1296,-1270,-1299,-1300]],"type":"Polygon","properties":{"GEOID":"310550034023"}},{"arcs":[[-863,-851,-68,-683,-790,1300]],"type":"Polygon","properties":{"GEOID":"310550036001"}},{"arcs":[[-864,-1301,-789,-14]],"type":"Polygon","properties":{"GEOID":"310550036003"}},{"arcs":[[-1235,1301,-386,-761,-901,-712,1302]],"type":"Polygon","properties":{"GEOID":"310550073171"}},{"arcs":[[-1234,-466,-502,-478,-1302]],"type":"Polygon","properties":{"GEOID":"310550073173"}},{"arcs":[[-607,-477,-184,-802,-589]],"type":"Polygon","properties":{"GEOID":"310550073152"}},{"arcs":[[-1291,-756,-1294,-537,-896,1303,-1289]],"type":"Polygon","properties":{"GEOID":"310550075082"}},{"arcs":[[-536,-1295,-544,-540,1304,1305,1306,1307,-897]],"type":"Polygon","properties":{"GEOID":"310550075091"}},{"arcs":[[1308,-1305,-539,-486,1309,-1307]],"type":"Polygon","properties":{"GEOID":"310550075092"}},{"arcs":[[-1309,-1306]],"type":"Polygon","properties":{"GEOID":"310550075093"}},{"arcs":[[-1308,-1310,-703,-513,-496,1310,-898]],"type":"Polygon","properties":{"GEOID":"310550075094"}},{"arcs":[[-743,1311,-1021,-1019,-347,-395,-171,-1014,-1012]],"type":"Polygon","properties":{"GEOID":"310550074731"}},{"arcs":[[1312,-932,-990,-516,-989,-1312,-742]],"type":"Polygon","properties":{"GEOID":"310550074742"}},{"arcs":[[-335,-1313,-986]],"type":"Polygon","properties":{"GEOID":"310550074741"}}]}}}