{"type":"Topology","arcs":[[[21891,41466],[17,0]],[[21908,41466],[152,0]],[[22060,41466],[1,-129]],[[22061,41337],[2,-129]],[[22063,41208],[-51,0]],[[22012,41208],[0,17],[-32,4],[-1,68],[-11,6],[-3,27],[-1,66],[-72,1],[-1,69]],[[21818,41206],[49,0]],[[21867,41206],[47,-37],[31,-36],[15,-23],[22,-50],[14,-49],[4,-62]],[[22000,40949],[-5,1]],[[21995,40950],[-51,0]],[[21944,40950],[-2,88],[-48,2],[-1,37],[-72,0]],[[21821,41077],[-25,8],[17,36],[5,25],[0,60]],[[22474,41026],[11,14],[57,39],[10,20]],[[22552,41099],[27,-16],[-15,-17],[11,-30],[0,-30],[71,0],[6,-4],[-1,-46]],[[22651,40956],[-62,-1]],[[22589,40955],[-123,-1]],[[22466,40954],[0,42],[8,30]],[[18815,40444],[104,-1]],[[18919,40443],[2,-130],[-11,-16],[16,-10],[0,-48],[-31,0],[-6,-6],[0,-48]],[[18889,40185],[8,-38],[0,-25]],[[18897,40122],[-3,-17],[-78,0]],[[18816,40105],[-1,339]],[[19427,40439],[103,-1]],[[19530,40438],[-2,-162],[74,-1],[12,7],[12,-20],[0,-63]],[[19626,40199],[0,-10],[-152,1],[-1,77],[-31,0],[-18,19],[-3,146],[6,7]],[[23045,41100],[215,7],[20,-1]],[[23280,41106],[2,-138]],[[23282,40968],[-76,0]],[[23206,40968],[-163,-1]],[[23043,40967],[2,133]],[[20395,35557],[123,-3]],[[20518,35554],[242,-4]],[[20760,35550],[1,-255]],[[20761,35295],[-157,2],[-126,3],[-85,1]],[[20393,35301],[-1,0]],[[20392,35301],[-1,69],[3,54],[1,133]],[[20451,41220],[21,41],[30,-16],[63,124]],[[20565,41369],[94,-53],[-63,-124],[-21,-41]],[[20575,41151],[-124,69]],[[17507,37038],[13,51],[11,21],[19,21],[38,28],[13,19],[13,41],[2,76],[123,4],[34,-1],[88,4]],[[17861,37302],[-2,-127]],[[17859,37175],[-2,-131]],[[17857,37044],[-100,-2],[-19,-3],[-51,-15],[-46,-1]],[[17641,37023],[-45,-1],[-47,13],[-42,3]],[[18919,40443],[123,-1]],[[19042,40442],[4,-116]],[[19046,40326],[4,-77]],[[19050,40249],[2,-63]],[[19052,40186],[-163,-1]],[[21739,40949],[84,0]],[[21823,40949],[121,1]],[[21995,40950],[1,-117]],[[21996,40833],[-155,0],[-101,-1]],[[21740,40832],[-2,20],[1,97]],[[22429,41214],[125,2]],[[22554,41216],[0,-99],[-2,-18]],[[22474,41026],[-19,9],[-42,3],[-4,21],[-18,32],[60,39],[-14,26],[-7,29],[-1,29]],[[17861,37302],[77,1],[171,12]],[[18109,37315],[-4,-131]],[[18105,37184],[-59,-2],[-98,-7],[-89,0]],[[17841,40960],[52,0]],[[17893,40960],[194,1]],[[18087,40961],[6,-133]],[[18093,40828],[-246,-4]],[[17847,40824],[-6,136]],[[20109,41529],[-1,-64]],[[20108,41465],[-103,2],[-22,-4],[0,-15]],[[19983,41448],[-24,0],[-1,-97],[-7,-4],[-69,0],[-22,4],[-51,0],[-4,35],[-21,-2]],[[19784,41384],[-5,35],[-15,56],[-22,53]],[[19742,41528],[-4,7]],[[19738,41535],[65,10],[143,15],[39,-3],[38,-7],[86,-21]],[[16120,38074],[95,1],[155,0]],[[16370,38075],[-4,-263]],[[16366,37812],[-24,-2],[-82,-2],[-144,0]],[[16116,37808],[2,159],[2,107]],[[15895,39663],[245,-2]],[[16140,39661],[0,-66],[247,-3]],[[16387,39592],[0,-66]],[[16387,39526],[0,-132]],[[16387,39394],[-155,5]],[[16232,39399],[-117,2]],[[16115,39401],[-216,5]],[[15899,39406],[0,31],[-2,94]],[[15897,39531],[-2,132]],[[23227,36916],[50,1],[50,14],[57,25],[35,13],[45,10],[54,1]],[[23518,36980],[30,-3]],[[23548,36977],[-8,-43],[-13,-25],[-6,-22],[0,-35],[14,0],[3,29],[77,0],[3,-3],[1,-70],[81,1]],[[23700,36809],[-3,-276],[-1,-15]],[[23696,36518],[-39,7],[-114,34],[-45,16],[-119,58],[-109,58],[-48,23]],[[23222,36714],[5,202]],[[16140,39661],[174,-2],[-1,65],[32,1],[1,65],[41,-1]],[[16387,39789],[0,-132]],[[16387,39657],[0,-65]],[[23231,37059],[239,3]],[[23470,37062],[0,-13],[66,1],[-1,-53],[-16,1],[-1,-18]],[[23227,36916],[4,143]],[[14791,41394],[8,-36],[32,-106],[13,-35],[27,-99],[7,-52],[6,-114]],[[14884,40952],[-77,1],[-77,-2],[-33,-10],[-39,-25],[-13,-16]],[[14645,40900],[-29,24],[-43,42],[-22,24],[-28,37],[-30,53],[-20,48],[-23,114],[-17,106],[97,3],[64,-9],[41,5],[87,28],[69,19]],[[22411,34155],[43,-20],[29,-21],[46,-19],[29,33]],[[22558,34128],[3,-369],[-60,0],[0,-31],[-181,1],[-1,-64],[61,-1],[0,-45]],[[22380,33619],[-23,-10],[-39,1],[-26,-6],[-18,-16],[-34,38],[-24,16],[-32,13],[-17,-5]],[[22167,33650],[15,16],[-2,77],[2,56],[-1,41],[-12,39],[-14,65]],[[22155,33944],[22,-1],[45,-10],[29,-4],[18,5],[84,52],[52,24],[17,11],[15,32],[-1,20],[-21,50],[-4,32]],[[20842,43548],[122,-2],[125,1],[224,-3],[0,55],[-3,241],[-3,226]],[[21307,44066],[-2,157],[1,104]],[[21306,44327],[-2,118],[1,138]],[[21305,44583],[249,-4],[1,130],[0,138]],[[21555,44847],[1,0]],[[21556,44847],[141,2],[106,2]],[[21803,44851],[0,-299],[2,-93],[-2,-131],[-1,-4],[0,-173],[-2,-13],[22,-10]],[[21822,44128],[-99,-121],[21,13],[87,18],[34,-3],[21,-21]],[[21886,44014],[-173,-184]],[[21713,43830],[-37,-38],[-111,-118],[-119,-126]],[[21446,43548],[-58,-60],[-32,-37],[-43,-60],[-50,-89]],[[21263,43302],[-52,-92],[-102,-180]],[[21109,43030],[-70,1],[-198,2]],[[20841,43033],[-1,47],[1,75],[-2,64],[2,71],[1,258]],[[19241,41559],[80,4],[45,-6],[81,-23],[49,-12],[22,-1],[97,1],[80,1],[47,5]],[[19784,41384],[0,-111],[-2,-66]],[[19782,41207],[-107,0],[-185,4],[-126,0],[-25,-2],[-99,1]],[[19240,41210],[0,138],[-2,112],[3,99]],[[16206,42035],[27,-15],[26,-3],[-2,-17],[38,-17],[2,-9],[-44,-49],[6,-13],[24,-24],[13,22],[19,16],[23,7],[21,-18],[29,-52],[54,-44],[-27,-52],[-22,-36],[39,-15],[39,-44],[-1,-28]],[[16470,41644],[-33,13],[-48,28],[-34,29],[-110,105],[-122,120]],[[16123,41939],[83,96]],[[16686,42238],[29,57],[23,38],[50,66]],[[16788,42399],[64,-52],[35,-21]],[[16887,42326],[57,-22],[60,-12]],[[17004,42292],[49,-2],[73,11]],[[17126,42301],[11,-71],[2,-25],[-6,-26]],[[17133,42179],[-35,11],[-25,-2],[-46,-33],[-37,-13],[-92,-10],[-25,-11],[-33,-22],[-42,-12],[-27,-23],[-11,-29],[0,-33]],[[16760,42002],[-115,0]],[[16645,42002],[-2,61],[2,45],[9,42],[14,42],[18,46]],[[17126,42301],[55,5],[32,-1],[57,-9]],[[17270,42296],[66,-21],[25,-6],[29,-2]],[[17390,42267],[4,-179]],[[17394,42088],[-63,-2],[-37,7],[-24,12],[-64,46],[-28,13],[-45,15]],[[17133,42179],[-19,-38],[-39,-39],[-15,-24],[-6,-27],[-1,-47]],[[17053,42004],[-23,0]],[[17030,42004],[-140,-1]],[[16890,42003],[-130,-1]],[[17394,42088],[3,-81]],[[17397,42007],[-191,-1]],[[17206,42006],[-153,-2]],[[17206,42006],[1,-53],[-10,-25],[1,-48],[-10,-49],[22,-10]],[[17210,41821],[-16,-8],[-37,-32],[1,-11],[15,-10],[-16,-18],[-28,0]],[[17129,41742],[-3,24],[2,25],[9,4],[-3,67],[-8,12],[-74,-1]],[[17052,41873],[-1,66],[-24,-5],[-9,22],[23,7],[42,0],[-2,24],[-50,0],[-1,17]],[[16978,41740],[151,2]],[[17210,41821],[40,-25],[25,-1],[60,20],[23,4],[-1,50],[6,7],[35,0]],[[17398,41876],[1,-66]],[[17399,41810],[4,-168]],[[17403,41642],[-38,-2],[-123,-17],[-35,-1],[-284,-6],[-23,-2]],[[16900,41614],[-1,62],[1,62],[78,2]],[[15587,41585],[25,-27],[24,-18],[50,-30]],[[15686,41510],[-12,-21],[-36,-81],[-12,-36],[-5,-43],[2,-29],[9,-45]],[[15632,41255],[-47,-3],[-31,8],[-23,14],[-23,20],[-21,14],[-42,13]],[[15445,41321],[6,51],[-8,44],[-26,56],[33,14],[42,3],[21,8],[21,19],[53,69]],[[21848,34024],[9,-2],[43,16],[48,22]],[[21948,34060],[12,-41],[10,-12],[20,-14],[64,-26],[34,-21],[31,-9],[36,7]],[[22167,33650],[-28,21],[-52,2]],[[22087,33673],[-27,-5],[-29,-12],[-30,-17],[-25,-7]],[[21976,33632],[-7,44],[-13,42]],[[21956,33718],[-20,50],[-16,55]],[[21920,33823],[-16,95],[-8,27],[-12,24],[-36,55]],[[21888,35537],[114,-2],[226,-3]],[[22228,35532],[-2,-191],[-5,-25],[-11,-20],[-17,-20],[-21,-13],[-60,-18]],[[22112,35245],[-94,-26],[-20,-7]],[[21998,35212],[-8,17],[-24,15],[-114,207],[-19,13],[-50,24]],[[21783,35488],[29,33],[24,12],[20,4],[32,0]],[[21908,35768],[36,-17],[16,0],[23,12],[18,-17],[0,-11],[12,-13],[1,-24],[29,-49],[49,1],[0,-24],[15,2],[122,0]],[[22229,35628],[-1,-96]],[[21888,35537],[1,148],[1,22],[9,37],[9,24]],[[22228,35532],[44,-1]],[[22272,35531],[37,-1],[19,-5],[85,-29],[41,-4],[28,3],[26,7],[42,21]],[[22550,35523],[90,59],[23,16],[40,37]],[[22703,35635],[14,-26],[2,-88],[-3,-216],[7,-42],[17,-14],[23,-12],[23,-40],[26,-20],[20,51],[11,14],[20,15],[11,-1],[35,-13],[21,-22],[15,-9],[42,7],[38,-17],[22,-3],[12,-9],[9,-24],[-7,-12],[20,-11],[14,4],[28,24],[12,-4],[18,-27],[11,-3],[32,0]],[[23196,35137],[-2,-380],[-536,4],[-26,38],[-37,49],[-36,30],[-105,23],[-37,37],[-43,37]],[[22374,34975],[-63,11],[-46,43],[-47,16],[-25,27],[-24,45],[-34,42],[-16,34],[-7,52]],[[24034,37967],[18,-11],[35,-10],[24,6],[19,22],[3,20],[-5,44],[1,36],[13,65],[44,-2]],[[24186,38137],[4,-37],[-5,-204],[-4,-22],[0,-40],[111,3],[9,4],[99,-1],[-1,34],[1,176],[-41,0],[3,201],[61,0],[17,5],[51,24],[76,-30],[131,-1],[4,183],[195,-1]],[[24897,38431],[-15,-77],[-15,-29],[-18,-85],[-14,-55],[-17,-79],[-15,-80],[-13,-61],[12,-33],[8,-32],[-7,-18],[-92,-21],[-34,-7],[-7,-16]],[[24670,37838],[-1,-122]],[[24669,37716],[-121,-1]],[[24548,37715],[-71,1],[-152,-2],[-59,-7],[-32,-9],[-18,-12],[-28,-27]],[[24188,37659],[-53,60],[-105,123],[-56,63]],[[23974,37905],[30,29],[30,33]],[[24861,35001],[155,1],[121,1],[0,128],[1,129]],[[25138,35260],[1,99]],[[25139,35359],[56,-16],[57,-11],[77,-4],[146,1],[29,-1]],[[25504,35328],[2,-131],[0,-129],[-4,-63],[-2,-163],[3,-51],[-5,-25],[-8,-19]],[[25490,34747],[-594,-4]],[[24896,34743],[-12,88],[-16,112],[-7,58]],[[16370,38075],[3,179],[2,83]],[[16375,38337],[107,2],[254,2],[74,3],[64,-2]],[[16874,38342],[-2,-148],[-4,-446],[1,-42]],[[16869,37706],[3,-219]],[[16872,37487],[-125,-1],[-21,3],[-30,20],[-38,39],[-20,3],[-64,0],[-77,1]],[[16497,37552],[-127,-2]],[[16370,37550],[-2,66],[0,69],[-2,127]],[[23700,36809],[5,150]],[[23705,36959],[8,234]],[[23713,37193],[4,128]],[[23717,37321],[-1,129],[3,32],[6,11],[29,29],[5,19],[0,79],[-10,34],[-19,15],[-14,23],[-1,16],[3,127]],[[23718,37835],[7,21],[20,27],[89,75],[52,48]],[[23886,38006],[88,-101]],[[24188,37659],[175,-203]],[[24363,37456],[92,-105]],[[24455,37351],[93,-106],[110,-129]],[[24658,37116],[38,-44],[106,-121],[48,-58],[70,-76],[72,-85]],[[24992,36732],[-36,-35],[-37,-32],[-21,-13],[-32,-12],[-217,-39],[-158,-26]],[[24491,36575],[-66,-11],[-3,-18],[-1,-181],[38,-29]],[[24459,36336],[-116,-6]],[[24343,36330],[-84,-4]],[[24259,36326],[-151,182],[-56,-5],[-137,-18],[-164,-23],[-56,-11]],[[23695,36451],[1,67]],[[1396,39582],[824,-650],[375,-296],[433,-342],[692,-546],[19,-16],[400,-316],[704,-557],[926,-732],[626,-495],[49,-39],[50,-39],[42,-26],[57,-27],[39,-13],[40,-9],[48,-6],[30,-1],[112,6],[239,15],[171,11],[26,1],[646,39],[239,16],[-5,-53],[2,-24],[10,-29],[-8,-51],[-70,-90],[-44,-31],[-23,-22],[-26,-29],[-29,-24],[-91,-95],[-64,-73],[-40,-40],[-27,-39],[-21,-14],[-45,-72],[-46,-76],[-24,-32],[-26,-28],[-75,-69],[-126,-136],[-113,-106],[-49,-53],[-111,-109],[-241,-276],[-24,-29],[-114,-209],[-38,-84],[-31,-59],[-19,-47],[-88,-149],[-15,-28],[-38,-60],[-16,-55],[-3,-57],[-9,-41],[81,27],[22,30],[55,37],[5,32],[31,-1],[57,35],[69,-3],[38,-4],[75,1],[67,6],[83,-11],[30,-40],[45,33],[71,-37],[18,37],[106,-3],[38,-8],[34,12],[27,-7],[44,-7],[121,-63],[28,-45],[22,-28],[39,-36],[28,4],[57,-9],[31,-21],[10,-16],[18,7],[24,-31],[37,-4],[17,-19],[34,-1],[31,21],[63,25],[49,3],[53,-1],[39,-4],[48,7],[23,-15],[31,-34],[23,-12],[35,-27],[31,14],[34,-8],[29,-28],[18,-12],[40,-3],[19,-12],[35,0],[18,-10],[15,1],[63,18],[165,64],[45,33],[90,50],[80,70],[53,23],[115,103],[33,31],[45,53],[42,70],[14,29],[16,42],[10,43],[17,28],[70,127],[13,62],[4,56],[20,51],[26,53],[11,61],[12,28],[10,33],[24,41],[33,51],[11,47],[23,42],[20,23],[29,15],[31,12],[16,14],[12,30],[17,10],[17,29],[12,6],[22,20],[23,28],[9,31],[-1,65],[8,16],[16,14],[19,6],[18,24],[27,18],[42,14],[50,-7],[11,4],[36,28],[49,2],[17,-5],[27,-33],[21,-7],[17,11],[23,6],[10,10],[32,0],[79,19],[71,32],[9,0],[27,14],[72,29],[25,13],[47,19],[13,21],[-3,30],[6,48],[-4,55],[15,30],[7,26],[18,19],[11,23],[-4,21],[26,30],[1,14],[73,66],[51,31],[26,20],[0,9],[81,51],[21,7],[15,-9],[57,25],[34,5],[22,9],[15,14],[35,15],[46,-3],[31,14],[33,10],[39,22],[2,7],[89,-12],[17,-5],[36,-19],[123,-83],[26,-9],[36,-2],[22,-4],[24,-13],[115,-80],[35,-19],[32,-12],[40,-7]],[[11859,35107],[43,1],[58,14],[191,80],[15,-29],[7,-119],[3,-69],[6,-77],[-18,-179],[-2,-184],[22,-89],[32,-86],[30,-72],[66,-136],[41,-65],[10,-36],[13,-80],[11,-60],[-3,-45],[74,-170],[28,-10],[38,0],[24,-14],[19,-45],[-3,-26],[-10,-36],[4,-12],[-5,-20],[-19,-35],[14,-44],[19,-77],[40,-92],[0,-25],[-8,-25],[5,-28],[19,-17],[10,-20],[53,-55],[43,-23],[5,-12],[25,-21],[-17,-210],[6,-29],[21,-29],[9,-41],[-4,-50],[-59,-73],[-2,-111],[-22,-73],[2,-43],[-3,-44],[9,-40],[-40,-89],[0,-23],[-10,-43],[-31,-89],[-25,-31],[-22,-92],[-21,-108],[-4,-42],[4,-24],[0,-34],[-16,-63],[-7,-13],[2,-131],[10,-28],[6,-49],[-1,-13],[-15,-14],[-11,-46],[-17,-99],[-19,-153],[9,-45],[-3,-45],[-4,-21],[6,-30],[-8,-93],[0,-49],[28,-43],[39,-83],[-6,-29],[7,-19],[4,-38],[-9,-76],[0,-31],[-12,-16],[-28,-16],[-63,-12],[-12,2],[-29,-9],[-6,-31],[-15,-30],[-3,-38],[-17,-70],[-8,-43],[24,-35],[-2,-29],[14,-22],[11,-28],[32,-71],[11,-31],[24,-51],[64,-127],[38,-92],[14,-27],[12,-56],[17,-39],[57,0],[177,0],[13,-4],[12,-14],[2,-49],[12,-91],[7,-17],[426,-345],[141,-113],[169,-137],[87,-70],[168,-131],[82,-74],[49,-37],[128,-116],[96,-68],[147,-119],[660,-413],[485,-302]],[[15529,27569],[-233,-413],[-85,-149],[-83,-147],[-268,-472],[-22,-43],[-26,-62],[-21,-57]],[[14791,26226],[-7,-23],[-31,-114],[-17,-59],[-148,-545],[-35,-135],[-42,-149],[-53,-192],[-67,-243],[-87,-322],[-65,-242],[-22,-98],[-17,-120],[-75,-574],[-102,-776],[-20,-146],[-14,-112],[-42,-322],[-26,-196],[-20,-138],[-19,-64],[-16,-46],[-59,-182]],[[13807,21428],[-72,75],[-284,291],[-9,13],[-30,27],[-332,340],[-729,743],[-472,480],[-590,600],[-399,408],[-531,542],[-635,648],[-439,447],[-745,757],[-262,267],[-749,762]],[[7529,27828],[64,90],[-5,136],[0,115],[-2,93],[1,49],[-3,264],[-220,0],[1,77],[-1,114],[2,66],[-21,-3],[-115,1],[-114,4],[2,5],[1,219],[1,28],[-7,4],[-99,1],[-134,5],[1,129],[-2,37],[1,92],[-4,2],[-116,2],[1,129],[1,128],[-118,0],[-25,1],[-215,0],[-6,-1],[-2,129],[-1,254],[-1,3],[-55,0],[-36,5],[-31,-2],[-98,0],[-203,3],[-62,-1],[-78,1],[-48,-3],[-119,1],[2,-130],[-2,-161]],[[5664,29714],[-136,138],[-8,15],[-24,26],[-192,192],[-129,130],[-43,46],[-901,910],[-522,525],[-502,513],[-136,137],[-126,122],[-5,10],[-226,229],[-789,796],[-534,539],[13,810],[-1,620],[-5,249],[0,541],[0,225],[0,487],[-1,273],[1,811],[0,660],[-2,864]],[[20323,45373],[5,13],[59,-1]],[[20387,45385],[17,-17],[26,7],[124,-3]],[[20554,45372],[136,-3],[125,-4]],[[20815,45365],[3,-261]],[[20818,45104],[-1,0]],[[20817,45104],[-68,4],[-121,2],[-125,3],[-183,1]],[[20320,45114],[-1,66],[0,163],[4,30]],[[22743,39134],[104,1]],[[22847,39135],[3,-14],[17,-19],[-18,-17],[-7,-23],[4,-48],[6,-10],[41,-48],[5,-18],[3,-60]],[[22901,38878],[-147,-4]],[[22754,38874],[-5,112],[-6,148]],[[15147,42108],[26,-6],[52,-5],[40,2],[70,20]],[[15335,42119],[31,-103],[3,-43],[-6,-87],[16,-27]],[[15379,41859],[-60,-41],[-40,-24],[-53,-26],[-46,-17]],[[15180,41751],[-21,75],[-15,76],[-2,93],[5,113]],[[15335,42119],[75,24]],[[15410,42143],[85,27],[26,7],[65,5],[73,-7]],[[15659,42175],[-6,-41],[-40,-158]],[[15613,41976],[-28,-103]],[[15585,41873],[-34,10],[-43,7],[-37,-1],[-42,-8],[-50,-22]],[[15745,42460],[62,-19],[26,-19],[-15,-33],[-15,-50],[-3,-24],[6,-28],[18,-27],[26,-14],[43,-11],[28,-14]],[[15921,42221],[-32,-48],[-21,-54]],[[15868,42119],[-39,17],[-49,16],[-73,16],[-48,7]],[[15659,42175],[4,45],[9,46],[8,29],[51,120],[14,45]],[[15585,41873],[-29,-112],[-7,-29],[1,-49],[8,-39],[11,-29],[18,-30]],[[15445,41321],[-82,24],[-22,2],[-60,-2]],[[15281,41345],[-1,48],[-6,61],[-7,40],[-11,48],[-76,209]],[[16885,43064],[126,-3]],[[17011,43061],[-1,-46],[-8,-50],[14,-28]],[[17016,42937],[-14,-12]],[[17002,42925],[-23,-20],[-15,-20]],[[16964,42885],[-36,16],[-44,2]],[[16884,42903],[1,161]],[[15921,42221],[40,49],[17,29],[5,54]],[[15983,42353],[25,2],[22,-12],[10,-31],[10,-10],[21,-11],[5,-42],[25,-7],[10,-9],[27,-3],[47,-18],[9,-10],[21,-36]],[[16215,42166],[-21,-21],[-12,-26],[-3,-36],[9,-26],[18,-22]],[[16123,41939],[-36,33],[-54,48],[-66,47],[-46,27],[-53,25]],[[17819,41742],[81,-2],[232,-8]],[[18132,41732],[-1,-83]],[[18131,41649],[0,-32]],[[18131,41617],[-45,2],[-80,1],[-1,-12],[-65,1],[-15,10],[-17,29],[-22,10],[-2,-22],[-7,-23],[-13,-19],[-21,-18]],[[17843,41576],[-2,3]],[[17841,41579],[-14,43],[-6,46],[-2,74]],[[22703,35635],[101,104]],[[22804,35739],[37,38]],[[22841,35777],[63,-2],[208,-1],[26,-12],[17,-19],[40,-17],[13,-1]],[[23208,35725],[7,-24],[20,-43],[6,-33],[-3,-39],[30,-7],[13,-14],[4,-16],[3,-67],[7,-23],[11,-13],[1,-15],[19,-13],[6,-18],[-18,-13],[-26,0],[-7,-16],[6,-14],[14,-7],[17,3],[12,-5],[7,-27],[18,-12],[17,14],[19,-7],[-1,-21],[7,-16],[22,-2],[5,-11]],[[23424,35266],[-228,1],[0,-130]],[[24343,36330],[1,-20],[-14,-3],[13,-22],[107,-1],[0,-24],[42,0],[4,-24],[46,-1],[0,-67],[121,-1]],[[24663,36167],[-1,-234],[50,-2],[1,-42],[12,-17],[13,-5],[35,0],[-1,-48],[19,-32],[-5,-9],[10,-22]],[[24796,35756],[-19,-9]],[[24777,35747],[-6,-3]],[[24771,35744],[-27,52],[-18,26],[-25,29],[-101,109],[-124,135],[-40,45],[-43,44]],[[24393,36184],[-88,94],[-46,48]],[[19294,45284],[33,31],[148,153],[41,35],[50,32],[32,26]],[[19598,45561],[32,-36],[18,-31],[9,-29],[3,-59],[-1,-86],[-16,-47],[-38,-56],[-15,-42],[-2,-27],[2,-36]],[[19590,45112],[-241,-13]],[[19349,45099],[-5,103],[-9,35],[-18,25],[-23,22]],[[19590,45112],[1,-96],[-3,-76],[-1,-92]],[[19587,44848],[-147,-5],[-97,-2]],[[19343,44841],[2,64],[4,194]],[[19587,44848],[-1,-130],[-3,-41],[2,-92]],[[19585,44585],[-140,-5],[-104,-1]],[[19341,44579],[-1,90],[3,172]],[[19598,45561],[-2,2]],[[19596,45563],[35,24],[41,37],[36,20],[103,34],[85,11],[50,0]],[[19946,45689],[-3,-58],[-12,-28],[-18,-19],[-56,-48],[-19,-25],[-12,-39],[1,-88]],[[19827,45384],[0,-143],[2,-115]],[[19829,45126],[-86,-5],[-153,-9]],[[18587,39136],[124,10]],[[18711,39146],[108,8]],[[18819,39154],[1,-197]],[[18820,38957],[-28,-8],[-36,14],[-28,1],[-55,11],[-30,2],[-52,32],[-4,127]],[[18469,38742],[117,9]],[[18586,38751],[-1,-129]],[[18585,38622],[-116,-9]],[[18469,38613],[0,129]],[[18470,38870],[117,9]],[[18587,38879],[-1,-128]],[[18469,38742],[1,128]],[[21743,35060],[56,1],[27,3],[35,13]],[[21861,35077],[9,-30],[10,-18],[25,-16],[-7,-37],[4,-36],[-75,11],[-23,-10],[-5,-33]],[[21799,34908],[-22,11],[-34,2]],[[21743,34921],[0,139]],[[17016,42937],[24,11],[181,-4],[36,-9],[23,-19],[15,-25]],[[17295,42891],[5,-32],[-1,-67],[-6,-119],[-1,-50],[-16,-36],[-21,-21]],[[17255,42566],[-26,21],[-27,3],[3,28],[-23,28],[-23,50],[-7,54],[-8,31],[-33,45],[-49,51],[-52,38],[-8,10]],[[15932,41725],[42,41],[149,173]],[[16470,41644],[34,-9],[152,-21]],[[16656,41614],[3,-129]],[[16659,41485],[-42,-5],[-62,-1],[-28,2],[-30,14],[-13,11],[-37,47],[-27,20],[-29,12],[-36,8],[-48,3],[-36,-5],[-48,-14],[-43,-2],[-24,-5],[-31,-14],[-20,-3],[-33,5],[-26,15],[-23,26],[-14,46],[-11,22],[-19,21],[-25,14],[-22,23]],[[19615,42124],[1,127]],[[19616,42251],[77,2]],[[19693,42253],[1,-101],[4,-27],[40,-1],[0,-56],[61,0],[6,4],[57,0]],[[19862,42072],[-1,-75]],[[19861,41997],[-246,0]],[[19615,41997],[0,127]],[[19205,45894],[131,0]],[[19336,45894],[4,-36],[7,-21],[24,-36],[109,-118]],[[19480,45683],[116,-120]],[[19294,45284],[-37,37],[-48,40],[-24,24]],[[19185,45385],[-67,62],[-21,30],[-10,48],[-2,106],[122,-5],[2,84],[-4,184]],[[20318,44853],[125,-2],[124,-6]],[[20567,44845],[126,-1],[124,-3]],[[20817,44841],[0,-77],[3,-76],[0,-112]],[[20820,44576],[-126,1],[-126,4]],[[20568,44581],[-137,6],[-143,4]],[[20288,44591],[2,23],[20,55],[8,45],[0,139]],[[19577,43537],[90,1],[161,-2]],[[19828,43536],[8,-253]],[[19836,43283],[4,-94],[5,-69],[0,-59],[4,-32]],[[19849,43029],[-250,-1]],[[19599,43028],[-8,133],[-3,122]],[[19588,43283],[1,42],[-6,90],[-6,122]],[[22589,40955],[1,-253]],[[22590,40702],[-119,1]],[[22471,40703],[-5,251]],[[22931,40762],[62,1],[3,-22],[14,-16],[13,0]],[[23023,40725],[19,-50],[23,-24],[31,-11],[112,2]],[[23208,40642],[2,-168],[-1,-31]],[[23209,40443],[-44,-1],[-31,4],[-19,8],[-37,24],[-26,12]],[[23052,40490],[0,62],[-4,40],[-14,32],[-34,59],[-30,44],[-39,35]],[[22722,40701],[16,46],[13,25]],[[22751,40772],[49,-38],[26,-14],[38,-15],[39,-56],[-31,-24],[-10,-17]],[[22862,40608],[-22,3],[-38,-13],[-13,-2],[-24,16],[-8,17],[-46,-2]],[[22711,40627],[5,44],[6,30]],[[22711,40434],[0,193]],[[22862,40608],[-4,-15],[4,-24],[22,-67],[56,17],[0,-20],[37,4],[39,-3],[36,-10]],[[23052,40490],[0,-109],[10,-33],[28,-28],[26,-19],[35,-19],[-14,-10],[-41,19],[-76,39],[-40,26],[-40,15],[-32,-3],[-50,-12],[-24,0],[-42,8],[-81,0]],[[22711,40364],[0,70]],[[22842,40046],[119,1]],[[22961,40047],[1,-130]],[[22962,39917],[0,-2]],[[22962,39915],[-121,0]],[[22841,39915],[1,131]],[[21842,40097],[10,4],[39,42],[31,31],[29,-26]],[[21951,40148],[66,-77],[14,-30],[0,-21],[-39,-107]],[[21992,39913],[-132,2]],[[21860,39915],[-70,1]],[[21790,39916],[2,104],[6,15],[52,50],[-8,12]],[[21964,40218],[65,-74]],[[22029,40144],[57,-65],[125,-145]],[[22211,39934],[-27,-17],[-24,-4],[-91,0]],[[22069,39913],[-77,0]],[[21951,40148],[-8,29],[9,29],[12,12]],[[21498,40436],[123,2]],[[21621,40438],[1,-260]],[[21622,40178],[-122,-2]],[[21500,40176],[-1,129]],[[21499,40305],[-1,131]],[[21256,40436],[65,3],[56,-2]],[[21377,40437],[121,-1]],[[21499,40305],[-241,1]],[[21258,40306],[-1,38],[-1,92]],[[15889,38873],[120,-3],[125,-1]],[[16134,38869],[-2,-66],[-3,-199]],[[16129,38604],[-217,1],[-25,-1]],[[15887,38604],[-1,30],[3,239]],[[16129,38604],[-4,-265]],[[16125,38339],[-127,1],[-114,-1]],[[15884,38339],[-1,58]],[[15883,38397],[2,76],[2,131]],[[15640,38872],[39,-16],[22,-2],[30,3],[54,12],[28,3]],[[15813,38872],[76,1]],[[15883,38397],[-150,-36],[-49,-14],[-23,-15],[-40,-33],[-51,-68],[-15,9],[9,26],[-22,30],[-31,24],[-36,37],[-5,9],[10,15],[9,35],[12,26],[-4,35],[17,2],[18,72],[49,-8],[19,-9],[27,33],[11,25],[4,27],[-2,33],[-23,82],[-4,43],[5,38],[22,57]],[[16890,42003],[5,-129],[28,-3],[49,1]],[[16972,41872],[-1,-43],[13,0],[-5,-26],[-1,-63]],[[16900,41614],[-78,-14],[-57,1],[-109,13]],[[16656,41614],[-10,312],[-1,76]],[[15632,41255],[13,-63],[24,-71],[6,-44],[0,-126]],[[15675,40951],[-365,1],[-17,1]],[[15293,40953],[-5,153],[0,42],[-5,166],[-2,31]],[[24393,36184],[-54,0]],[[24339,36184],[-38,12],[-44,3],[-38,-5],[-41,-15]],[[24178,36179],[1,126],[-6,16],[-42,47],[-12,11],[-21,5],[-249,-3],[-45,-19],[-109,2]],[[23695,36364],[0,87]],[[24796,35756],[24,12],[14,1]],[[24834,35769],[183,2]],[[25017,35771],[0,-213],[3,-15],[-75,-1],[3,-65]],[[24948,35477],[-29,29],[-37,45],[-17,24],[-33,54],[-55,118]],[[23693,36230],[2,134]],[[24178,36179],[-56,-26],[-58,-13],[-114,-17]],[[23950,36123],[-92,-15],[-51,-4],[-118,-1]],[[23689,36103],[4,127]],[[25463,36190],[91,-107]],[[25554,36083],[-30,-28],[-14,-24],[-4,-19],[-1,-162]],[[25505,35850],[-32,33],[-63,57],[-141,128]],[[25269,36068],[11,11],[28,47],[16,15],[36,15],[50,6],[32,12],[21,16]],[[17368,38592],[18,1]],[[17386,38593],[45,1],[265,3],[104,-1],[65,2]],[[17865,38598],[1,-67],[1,-128],[2,-64]],[[17869,38339],[-124,0],[-125,3],[-61,-3],[-185,-7]],[[17374,38332],[-4,130],[-2,130]],[[17861,38858],[124,2]],[[17985,38860],[-1,-64],[2,-69]],[[17986,38727],[-1,-9],[1,-119]],[[17986,38599],[-121,-1]],[[17865,38598],[-1,62],[-4,176],[1,22]],[[15061,41719],[-3,-29],[-7,-27],[-3,-28]],[[15048,41635],[-78,2],[-31,-12],[-21,-30],[-23,-65],[-9,-32],[-3,-29],[4,-50]],[[14887,41419],[-75,-21],[-21,-4]],[[14791,41394],[-3,53],[4,56],[8,39],[39,141],[13,66],[150,-27],[59,-3]],[[15299,40445],[10,-1]],[[15309,40444],[84,-7],[190,0]],[[15583,40437],[1,-78],[8,-94],[5,-33],[26,-132],[7,-63]],[[15630,40037],[-40,1],[-40,-2],[-40,-5],[-40,4],[-22,12],[-22,22],[-10,19],[-8,34],[-99,-1]],[[15309,40121],[-10,324]],[[15675,40951],[198,2]],[[15873,40953],[3,-229]],[[15876,40724],[2,-133]],[[15878,40591],[-51,-1],[-13,7],[-44,10],[-32,2],[-27,-4],[-13,6],[-9,18],[-15,-16],[-8,-17],[-40,22],[-27,-57],[-15,-62],[-1,-62]],[[15309,40444],[-5,131],[0,58],[-4,153],[-7,167]],[[15878,40591],[2,-130],[3,-24]],[[15883,40437],[-123,0]],[[15760,40437],[-177,0]],[[15883,40437],[2,-98]],[[15885,40339],[3,-160]],[[15888,40179],[-125,0]],[[15763,40179],[6,56],[-9,39],[-26,28],[20,38],[6,28],[0,69]],[[15630,40037],[54,-2],[20,5],[31,19],[17,22],[11,28],[2,17],[-2,53]],[[15888,40179],[3,-258]],[[15891,39921],[-256,0]],[[15635,39921],[-1,65],[-4,51]],[[21437,43290],[123,2]],[[21560,43292],[-2,-77],[2,-54],[-1,-35],[5,-2],[-1,-69],[1,-25]],[[21564,43030],[2,-54],[-3,-36],[1,-75],[1,-19]],[[21565,42846],[-48,87],[-33,56],[-27,40]],[[21457,43029],[8,0],[-4,29],[0,102],[-25,0],[1,130]],[[23093,39391],[115,-1],[-1,3],[-2,333]],[[23205,39726],[-2,160],[7,30]],[[23210,39916],[245,1],[6,-8],[-3,-25],[1,-111],[4,-20]],[[23463,39753],[-4,-19],[2,-144],[-2,-197],[251,0]],[[23710,39393],[2,-253],[-138,2]],[[23574,39142],[-364,4],[17,-14],[3,-61]],[[23230,39071],[-56,11],[-37,17],[-22,28],[-5,13]],[[23110,39140],[-7,35],[-2,58]],[[23101,39233],[-8,158]],[[16115,39401],[0,-27],[4,-21],[14,-29],[7,-28],[-4,-228]],[[16136,39068],[-2,-199]],[[15889,38873],[2,47],[0,79],[3,86],[2,126],[2,179],[1,16]],[[15635,39921],[3,-142],[-2,-24],[-7,-33],[-10,-24],[-40,-72]],[[15579,39626],[-64,47],[-53,53],[-32,39],[-29,43],[-26,46],[-26,58]],[[15349,39912],[-21,68],[-11,56],[-6,47],[-2,38]],[[21713,43830],[98,1],[32,1]],[[21843,43832],[1,-31],[-11,-29],[-24,-30],[-5,-29],[1,-163]],[[21805,43550],[2,-257]],[[21807,43293],[0,-107],[1,-157]],[[21808,43029],[-244,1]],[[21560,43292],[1,127],[1,38],[-1,92],[-54,0],[-27,-6],[-6,5],[-28,0]],[[20761,40293],[99,-1]],[[20860,40292],[19,-12],[19,13],[65,1]],[[20963,40294],[2,-76],[31,-3],[1,-44]],[[20997,40171],[-24,-6],[-74,0],[-19,9],[-118,1]],[[20762,40175],[-1,118]],[[20758,40434],[114,2]],[[20872,40436],[131,2]],[[21003,40438],[0,-65],[-33,-1],[0,11],[-61,-2],[0,-70],[-42,-1],[-7,-18]],[[20761,40293],[1,96],[-4,45]],[[20997,40171],[22,5],[243,0]],[[21262,40176],[0,-128]],[[21262,40048],[-120,1]],[[21142,40049],[-1,25],[-79,1],[-30,13],[-33,0],[-2,83]],[[21262,40048],[1,-115],[-1,-12]],[[21262,39921],[-261,1],[-108,-2]],[[20893,39920],[-1,114],[96,2],[13,-3],[25,16],[116,0]],[[21015,39565],[48,26],[49,16],[16,1],[33,-7],[11,4],[43,35],[7,-16],[16,-18],[14,-1]],[[21252,39605],[-7,-218]],[[21245,39387],[-256,-2]],[[20989,39385],[-75,0]],[[20914,39385],[1,66],[14,1],[4,63],[79,1],[3,49]],[[19046,40326],[106,-1],[140,0]],[[19292,40325],[2,-75]],[[19294,40250],[-82,0],[0,-32],[-39,0]],[[19173,40218],[-42,0],[0,31],[-81,0]],[[21881,33331],[37,13],[44,20],[31,20],[33,25],[30,33],[23,50],[13,54],[2,34],[-7,93]],[[22167,33650],[10,-26],[3,-55],[-5,-63],[5,-22],[14,-33],[8,-39],[-1,-43],[-7,-18],[19,-24],[-54,-23],[-26,-14],[-14,14],[-25,-11],[-37,-31],[-31,-19],[-24,-6],[-34,0],[-18,6]],[[21950,33243],[-26,14],[-28,35],[-15,39]],[[21710,33282],[84,104],[37,35]],[[21831,33421],[28,-41],[22,-49]],[[21950,33243],[5,-28],[-7,-42]],[[21948,33173],[-78,-26],[-45,-22],[-23,-5],[-7,-21],[-39,-2],[-33,9],[-10,-12],[-32,-2]],[[21681,33092],[1,17],[9,31],[39,54],[5,15],[-1,29],[-13,31],[-11,13]],[[16873,38605],[80,-2],[160,-3],[112,-5],[98,-3],[45,0]],[[17374,38332],[-47,-1],[-183,7],[-270,4]],[[16874,38342],[-1,132],[0,131]],[[16137,40953],[85,0]],[[16222,40953],[3,-49],[17,-57]],[[16242,40847],[3,-15],[-1,-38]],[[16244,40794],[-34,0],[-33,-5],[-27,-11],[-30,-23],[-19,-32],[-5,-24]],[[16096,40699],[-43,6],[-29,7]],[[16024,40712],[-20,6]],[[16004,40718],[0,195],[136,2],[-3,38]],[[15873,40953],[48,-1]],[[15921,40952],[216,1]],[[16004,40718],[-43,7],[-85,-1]],[[15914,41034],[52,27],[44,18],[32,-7],[146,-1],[19,-35],[11,-28],[4,-20],[17,-1],[15,7],[0,66],[119,47],[10,3],[37,-59],[46,24],[9,14],[69,0]],[[16544,41089],[-4,-30],[0,-105]],[[16540,40954],[-176,-1],[-142,0]],[[15921,40952],[-7,82]],[[22011,37591],[30,4],[-5,25],[35,8],[4,15],[5,43],[7,17],[145,-6],[16,0]],[[22248,37697],[-2,-31],[-8,-24],[-29,-61]],[[22209,37581],[-15,-40]],[[22194,37541],[-16,6],[4,15],[-23,15],[-24,8],[-20,0],[-88,-19],[-16,-1],[0,26]],[[16125,38339],[-3,-116],[-4,-39],[6,-43],[-4,-67]],[[16120,38074],[-241,-1]],[[15879,38073],[4,200],[1,66]],[[16116,37808],[5,-257]],[[16121,37551],[-246,-8],[0,263],[3,129],[-1,24],[2,114]],[[16633,45770],[11,45],[21,40],[29,35]],[[16694,45890],[31,-42],[140,-199]],[[16865,45649],[179,-253]],[[17044,45396],[-146,-2],[-9,2],[-2,-154],[-4,-69]],[[16883,45173],[-25,3],[-66,14],[-153,40]],[[16639,45230],[-1,167]],[[16638,45397],[0,128]],[[16638,45525],[0,127]],[[16638,45652],[-6,80],[1,38]],[[24657,35000],[204,1]],[[24896,34743],[-240,-2],[1,259]],[[24491,36575],[6,-38],[7,-24],[16,-16],[95,-47],[223,-109]],[[24838,36341],[-3,-58]],[[24835,36283],[-134,37]],[[24701,36320],[-33,10],[-56,11],[-37,1],[-116,-6]],[[24701,36320],[-36,-12],[-1,-23],[-1,-118]],[[25504,35518],[1,192]],[[25505,35710],[0,64]],[[25505,35774],[62,1]],[[25567,35775],[60,0]],[[25627,35775],[-1,-257],[0,-189]],[[25626,35329],[-122,-1]],[[25504,35328],[0,190]],[[25554,36083],[62,-72]],[[25616,36011],[46,-52],[113,-131]],[[25775,35828],[-34,-33],[-28,-17],[-23,-3],[-63,0]],[[25567,35775],[-34,45],[-28,30]],[[25138,35517],[134,-1],[2,-43],[-7,-18],[0,-25],[7,-5],[93,0],[3,4],[1,87],[133,2]],[[25139,35359],[-1,158]],[[26114,35776],[122,1]],[[26236,35777],[0,-128],[-122,-1],[1,-64]],[[26115,35584],[-5,-36],[-11,-28],[-28,-30]],[[26071,35490],[-54,62],[-140,159]],[[25877,35711],[57,52],[24,11],[34,2],[122,0]],[[21831,33421],[32,23],[54,27],[29,19],[21,27],[15,40],[2,23],[-8,52]],[[15505,39419],[64,-10],[33,-4],[82,0],[3,-50],[12,-29],[10,-12],[67,-74],[24,-34],[12,-27],[8,-38],[-1,-65],[2,-77],[-1,-24],[-8,-56],[1,-47]],[[15640,38872],[-26,12],[-32,28],[-17,26],[-9,26],[-4,47],[7,56],[1,29],[-8,46],[-12,31],[-34,65]],[[15506,39238],[-6,16],[-8,46],[1,34],[12,85]],[[16633,39393],[245,0]],[[16878,39393],[-2,-197]],[[16876,39196],[0,-66]],[[16876,39130],[-184,0],[-63,-1]],[[16629,39129],[3,104],[-1,54],[2,106]],[[16387,39394],[246,-1]],[[16629,39129],[-222,2]],[[16407,39131],[-13,40],[-26,55],[-22,38],[-37,56],[-40,45],[-37,34]],[[16876,39130],[-4,-262]],[[16872,38868],[-123,-1],[-123,0]],[[16626,38867],[1,67],[4,22],[32,51],[3,36],[-10,24],[-16,21],[-9,23],[-2,18]],[[16356,35750],[6,7],[54,1],[99,0],[216,-1],[123,0]],[[16854,35757],[0,-195],[0,-35],[-2,-63],[4,-73],[-6,-127],[-192,-11],[-77,-3],[-80,3],[-144,3],[2,127],[-2,70],[-1,297]],[[16363,36051],[127,-3],[382,-4]],[[16872,36044],[-1,-40],[-17,-247]],[[16356,35750],[5,167],[4,93],[-2,41]],[[21861,35077],[25,18],[18,19],[39,53],[22,24],[33,21]],[[22374,34975],[-90,-96],[-21,-7],[-79,0],[0,13],[-26,2],[-15,-7],[-30,-33],[-19,-12],[-50,-8],[-60,3],[-144,48],[-41,30]],[[19173,40218],[0,-32]],[[19173,40186],[-121,0]],[[18817,39927],[131,0],[0,129]],[[18948,40056],[109,0]],[[19057,40056],[5,-121],[-2,-138]],[[19060,39797],[-104,-1]],[[18956,39796],[-140,-1]],[[18816,39795],[1,132]],[[18897,40122],[158,0]],[[19055,40122],[2,-66]],[[18948,40056],[-131,-1]],[[18817,40055],[-1,50]],[[19060,39797],[-2,-130]],[[19058,39667],[-103,-1]],[[18955,39666],[1,130]],[[18955,39666],[-140,-2]],[[18815,39664],[1,131]],[[18586,39911],[231,16]],[[18816,39795],[-229,-15]],[[18587,39780],[-1,131]],[[18817,39927],[0,128]],[[19058,39667],[-2,-127]],[[19056,39540],[0,-31]],[[19056,39509],[-17,0],[0,-25],[-50,0],[-1,24],[-74,0],[-6,12],[-58,-1],[-5,-25],[-29,0]],[[18816,39494],[0,43]],[[18816,39537],[-1,127]],[[19308,39413],[38,-1],[43,-11],[91,-30],[23,-3],[68,7]],[[19571,39375],[1,-164],[-1,-211],[-1,-110]],[[19570,38890],[-94,-1],[-69,10],[-84,-2],[-169,0]],[[19154,38897],[6,26],[20,20],[7,35],[-2,178],[123,1],[5,3],[-5,253]],[[18102,37057],[244,13]],[[18346,37070],[-10,-252]],[[18336,36818],[-66,-6],[-176,-11]],[[18094,36801],[3,100],[5,156]],[[20510,39818],[124,0]],[[20634,39818],[-5,-137]],[[20629,39681],[-56,1],[-1,105],[-62,1]],[[20510,39788],[0,30]],[[20637,39919],[124,0]],[[20761,39919],[-5,-101]],[[20756,39818],[-122,0]],[[20634,39818],[3,101]],[[16779,45988],[89,116],[13,23],[5,23],[4,90]],[[16890,46240],[0,65]],[[16890,46305],[182,-10],[72,-6]],[[17144,46289],[-2,-140],[0,-258]],[[17142,45891],[0,-37],[5,-24],[16,-42],[2,-21]],[[17165,45767],[-2,-46],[-20,-51],[-3,-39]],[[17140,45631],[-253,19],[-22,-1]],[[16694,45890],[85,98]],[[18607,46404],[3,-133]],[[18610,46271],[1,-132],[0,-128]],[[18611,46011],[-230,-20]],[[18381,45991],[2,126]],[[18383,46117],[-5,135],[-6,136],[62,4],[173,12]],[[17392,45611],[245,-1]],[[17637,45610],[244,0]],[[17881,45610],[0,-250],[-1,-135],[1,-56],[-8,-71]],[[17873,45098],[-121,12]],[[17752,45110],[-6,-2],[-118,13]],[[17628,45121],[-131,15],[-45,8],[-29,10],[-50,19]],[[17373,45173],[3,18],[2,52],[-6,25],[-13,23],[19,29],[6,24],[1,38],[6,175],[1,54]],[[37570,59061],[14,-31],[60,-178],[27,-75],[15,-52],[13,-82],[12,-44],[11,-30],[26,-48],[50,-87],[35,-82],[13,-41],[13,-68],[8,-21],[12,-15],[120,-111],[35,-25],[160,-101],[51,-38],[37,-43],[24,-36],[194,-317],[18,-28],[72,9],[22,-9],[31,-47],[3,-21],[-8,-64],[2,-13],[76,-63],[31,-1],[-23,-21],[-4,-104],[14,-19],[38,-6],[26,-25],[36,17],[-4,20],[26,11],[53,3],[0,-66],[62,1],[3,-260],[123,0],[24,3],[11,11],[1,-60],[-6,-17],[-27,-10],[1,-50]],[[39101,56727],[-253,-1],[-6,-2],[-247,-1],[0,-77],[-140,205],[-115,0]],[[38340,56851],[-23,72],[-4,41],[0,90],[-19,93],[-12,48],[-16,27],[-21,15],[-26,11],[-205,75],[-27,15],[-71,48],[-28,15],[-37,15],[-111,30],[-31,13],[-67,46],[-16,21],[-37,59],[-16,18],[-54,39],[-29,31],[-96,109],[-19,34],[1,53],[-5,25],[-8,16],[-58,81],[-29,17],[-93,19],[-23,2],[-27,-7],[-28,1],[-57,32],[-32,0],[-46,-16],[-37,5],[-113,58],[-30,27],[-17,22],[5,5],[-91,121],[-37,40],[-62,40],[27,24],[-2,20],[-43,26],[8,8],[-10,22],[-9,6],[-43,2],[-19,-15],[-26,-3],[-1,29],[-33,22],[-28,42],[-16,16],[-5,46],[-6,15],[-41,26],[-7,9],[-13,34],[-6,43],[-18,22],[-3,17],[-10,7],[-48,20]],[[36236,58795],[27,16],[39,19],[39,16],[48,12],[42,7],[102,12],[70,6],[271,29],[159,18],[104,13],[60,11],[92,22],[143,37],[72,20],[30,11],[36,17]],[[18359,45097],[132,0],[126,6]],[[18617,45103],[-1,-25],[-12,-117],[-13,-138],[-2,-257]],[[18589,44566],[-124,0],[-60,-1]],[[18405,44565],[-64,0]],[[18341,44565],[2,46],[-1,54],[1,155],[15,175],[1,102]],[[17384,42892],[3,159]],[[17387,43051],[102,-1],[60,0],[212,-1]],[[17761,43049],[122,0]],[[17883,43049],[0,-184]],[[17883,42865],[0,-79]],[[17883,42786],[-38,1],[-53,4],[10,-47],[11,-58],[7,-59],[3,-56],[1,-46]],[[17824,42525],[-66,0]],[[17758,42525],[-126,2]],[[17632,42527],[-188,1],[-65,0]],[[17379,42528],[0,129],[3,131],[2,104]],[[17883,42786],[0,-262]],[[17883,42524],[-59,1]],[[25626,35329],[244,0]],[[25870,35329],[6,-7],[80,-124],[-16,-3],[-7,-12],[-24,14],[-5,-8],[-29,6],[-32,-7],[-76,0],[0,26],[-16,0],[-1,-126],[-122,0],[-3,-71],[0,-92],[3,-75],[-4,-70],[1,-32]],[[25625,34748],[-135,-1]],[[17911,35283],[143,-4],[225,2],[62,0]],[[18341,35281],[0,-3]],[[18341,35278],[0,-64],[-4,-65]],[[18337,35149],[-2,-128]],[[18335,35021],[1,-25],[13,-29],[20,-19],[32,-19],[16,-20],[42,-82],[19,-30],[32,-22],[36,-8],[125,1]],[[18671,34768],[-4,-47],[9,-29],[-4,-41],[2,-70],[-8,-20],[-33,-2],[-188,3],[-69,-19]],[[18376,34543],[-11,15],[-32,22],[-24,6],[-93,16],[-17,5],[-26,17],[-16,19],[-222,337],[-34,52],[-15,31],[-9,31],[-4,28],[2,58],[11,44],[25,59]],[[21211,41081],[0,17]],[[21211,41098],[125,1]],[[21336,41099],[-2,-22]],[[21334,41077],[-6,-128]],[[21328,40949],[-11,0]],[[21317,40949],[-63,-1]],[[21254,40948],[12,32],[-60,31],[3,21],[2,49]],[[21336,41099],[2,55],[0,67],[-3,45]],[[21335,41266],[0,6]],[[21335,41272],[150,-4],[133,-5]],[[21618,41263],[0,-51]],[[21618,41212],[-168,6],[5,-133],[-65,1],[-16,-9],[-40,0]],[[28018,35727],[332,-3],[307,-2],[310,1],[233,-1]],[[29200,35722],[2,-49],[41,-48],[9,-68],[-3,-9],[-107,-105],[-148,-181],[-81,-40],[-125,-51],[-144,-157],[75,-150],[4,-12],[-20,-12],[41,-39],[20,-6],[-10,-64],[-5,-16],[22,-12]],[[28771,34703],[-16,-34],[-8,-31],[-7,-57],[-8,-39],[-35,-77],[-3,-31],[10,-21]],[[28704,34413],[-97,-82],[-65,-44],[-65,-33],[-50,-18],[-45,-11],[-85,-12],[-199,-23]],[[28098,34190],[-9,80],[-1,40],[6,20],[16,21],[30,14],[22,0],[61,-9],[127,158],[-34,37],[-14,31],[-9,53],[-4,95],[-48,39],[-23,14],[-27,29],[-52,88],[-38,36],[3,39],[-23,30],[-8,35],[1,18],[-10,19],[0,22],[19,35],[-1,66],[5,14],[32,40],[-1,14],[-11,31],[-23,26],[-19,41],[3,50],[-3,36],[-14,30],[-38,29],[7,46],[22,21],[-1,95],[-7,26],[-16,28]],[[29200,35722],[121,0],[1,-385],[70,0]],[[29392,35337],[-59,-91],[-112,-179],[-25,-32],[-39,-43],[-56,-44],[-279,-186],[-31,-30],[-20,-29]],[[18341,35278],[367,0],[121,-1]],[[18829,35277],[1,-86],[7,-34],[12,-31]],[[18849,35126],[-31,-16],[-18,-3],[-27,3],[-130,42],[-43,9],[-70,-1],[-61,-10],[-132,-1]],[[18346,37070],[179,8]],[[18525,37078],[145,6]],[[18670,37084],[-111,-265]],[[18559,36819],[-133,3],[-90,-4]],[[39542,54721],[119,-102]],[[39661,54619],[32,-28],[11,-16],[5,-21],[-1,-150],[-102,1],[-86,-3]],[[39520,54402],[-43,54],[-22,33],[-14,27],[-27,61],[-130,201]],[[39284,54778],[60,0],[101,5],[31,-6],[66,-56]],[[16626,43464],[36,7],[82,0],[28,12],[20,3],[86,0]],[[16878,43486],[3,-154]],[[16881,43332],[-127,-2],[-125,0]],[[16629,43330],[-3,134]],[[16623,43598],[69,0],[184,1]],[[16876,43599],[2,-113]],[[16626,43464],[-3,134]],[[18992,42232],[4,14],[63,1]],[[19059,42247],[-2,-190],[-25,-4],[0,-63]],[[19032,41990],[-54,-1]],[[18978,41989],[1,100],[13,6],[0,137]],[[19678,42508],[184,1]],[[19862,42509],[123,1]],[[19985,42510],[0,-154],[-1,-48]],[[19984,42308],[-136,1],[-23,28],[-1,8],[24,12],[0,18],[11,18],[-107,-2],[-1,73],[-33,0],[0,26],[-40,-1],[0,19]],[[20504,39471],[1,62]],[[20505,39533],[1,14]],[[20506,39547],[119,-1],[-5,-136],[-5,-24]],[[20615,39386],[-51,1]],[[20564,39387],[-62,1]],[[20502,39388],[2,83]],[[20387,39534],[118,-1]],[[20504,39471],[-17,-16],[-58,-10],[-21,-1],[-11,14],[-11,2],[1,74]],[[20023,39149],[123,1]],[[20146,39150],[24,-1]],[[20170,39149],[6,0]],[[20176,39149],[-2,-129],[90,-1],[1,-120]],[[20265,38899],[-174,-4],[-66,1]],[[20025,38896],[-2,253]],[[19568,37586],[0,251]],[[19568,37837],[65,-2],[119,7],[55,1],[284,5],[187,3],[294,9],[70,1],[145,6],[93,-2],[131,0],[199,-4],[48,-2]],[[21258,37859],[4,-141],[5,-277]],[[21267,37441],[-118,68]],[[21149,37509],[-104,60],[-46,22],[-48,18],[-60,19]],[[20891,37628],[-117,36]],[[20774,37664],[-130,40],[1,-114],[3,-159],[-1,-51],[2,-26]],[[20649,37354],[-84,-2],[-159,-7]],[[20406,37345],[-122,-3],[-123,-1]],[[20161,37341],[-246,0],[-88,-1],[-95,3],[-62,0],[-103,2]],[[19567,37345],[1,241]],[[20021,39376],[134,-4]],[[20155,39372],[61,-2],[79,0]],[[20295,39370],[23,-96]],[[20318,39274],[-8,-16],[-56,-75],[-38,-2],[-46,-32]],[[20146,39150],[-1,29],[-17,1],[0,76],[3,16],[-110,1]],[[20021,39273],[0,103]],[[20023,39149],[-2,124]],[[20502,39383],[0,5]],[[20564,39387],[8,-26],[3,-96],[81,-2],[0,23],[51,0],[33,-7]],[[20740,39279],[8,-139]],[[20748,39140],[6,-118]],[[20754,39022],[-99,1],[-21,10],[-3,50],[-1,54],[-8,4],[-114,2],[-116,4],[-2,114],[4,29],[24,24],[62,23],[20,27],[2,19]],[[20318,39274],[30,-126]],[[20348,39148],[-85,1],[-87,0]],[[22988,39042],[45,44],[-1,52],[78,2]],[[23230,39071],[6,-153],[3,-36]],[[23239,38882],[-25,6],[-51,23],[-33,-3],[-18,-9]],[[23112,38899],[-70,82],[-54,61]],[[20282,36620],[23,4],[27,11],[32,0],[29,-9],[24,7]],[[20417,36633],[1,-37]],[[20418,36596],[-6,-21],[-30,-72],[-6,-22],[0,-31],[19,-112]],[[20395,36338],[-29,-11],[-22,-13],[-23,-7],[-41,2]],[[20280,36309],[2,311]],[[20532,36743],[4,-171],[22,0]],[[20558,36572],[1,-61],[-4,-71],[2,-37],[12,-4],[0,-16],[-29,1],[1,-64]],[[20541,36320],[-49,-2],[-24,2],[-21,8]],[[20447,36328],[8,30],[-17,36],[1,21],[13,40],[13,25],[25,27],[1,32],[-16,27],[-7,20],[-50,10]],[[20417,36633],[-8,27],[0,30],[19,33],[22,14],[19,5],[63,1]],[[17883,42786],[96,-5]],[[17979,42781],[8,-49],[-3,-21],[-13,-15],[-6,-25],[9,-35],[2,-41],[-9,-34],[5,-39]],[[17972,42522],[-89,2]],[[18445,43266],[77,3]],[[18522,43269],[182,-258]],[[18704,43011],[-125,-5]],[[18579,43006],[-123,-3]],[[18456,43003],[6,33],[1,184],[-14,28],[-4,18]],[[18110,43287],[213,-23],[24,0],[98,2]],[[18456,43003],[-123,-2]],[[18333,43001],[-198,21],[-27,3]],[[18108,43025],[1,119],[-2,35],[3,108]],[[18834,43016],[274,4]],[[19108,43020],[245,4]],[[19353,43024],[246,4]],[[19849,43029],[247,1]],[[20096,43030],[4,-129],[6,-260]],[[20106,42641],[-247,-4],[4,-95],[-1,-33]],[[19678,42508],[-62,-1],[-1,-193],[1,-62]],[[19616,42252],[-119,-1]],[[19497,42251],[-147,0],[-110,-1]],[[19240,42250],[-37,51],[-77,111]],[[19126,42412],[-238,336]],[[18888,42748],[-17,25]],[[18871,42773],[-67,97],[-51,70],[-49,71]],[[18704,43011],[130,5]],[[17635,42396],[124,-1],[-1,130]],[[17824,42525],[0,-175],[0,-86]],[[17824,42264],[-187,1]],[[17637,42265],[-2,131]],[[18137,42518],[126,-2]],[[18263,42516],[-1,-148]],[[18262,42368],[-127,3]],[[18135,42371],[2,147]],[[18390,42513],[218,-4]],[[18608,42509],[-2,-133],[-22,-1],[-53,-16],[-22,-4]],[[18509,42355],[-123,3]],[[18386,42358],[4,155]],[[18383,42178],[2,76]],[[18385,42254],[123,-3]],[[18508,42251],[40,0]],[[18548,42251],[-2,-131]],[[18546,42120],[-53,0],[-111,5]],[[18382,42125],[1,53]],[[19615,41997],[0,-160],[-1,-102]],[[19614,41735],[-10,0]],[[19604,41735],[-185,263]],[[19419,41998],[196,-1]],[[27911,35728],[107,-1]],[[28098,34190],[-255,-30],[-50,-4],[-43,-1],[-68,4],[-302,21]],[[27380,34180],[-265,19],[-27,4],[-43,13],[-35,16],[-49,33]],[[26961,34265],[1,101],[-32,0],[11,118],[-39,4],[2,207],[183,0],[488,-5],[0,5],[300,0],[1,256],[-1,127],[1,200],[-1,285],[0,165],[36,0]],[[5913,55620],[13,1],[-2,126],[75,-1],[46,-2],[3,54],[123,-9],[0,62],[122,-1],[3,-70],[284,-21],[-1,-7]],[[6579,55752],[6,-24],[16,-35],[14,-54],[8,-19],[57,-201],[52,-175],[6,-30],[-307,19],[-131,31],[-86,10],[-136,-65],[-172,75],[4,53],[1,156],[2,127]],[[29420,34538],[14,8],[27,23],[47,-38],[60,-32],[-20,-37],[-19,-20],[36,-55],[-1,-5],[-80,-54],[-33,-27],[-47,-48]],[[29404,34253],[-17,26],[-26,28]],[[29361,34307],[-26,25]],[[29335,34332],[24,31],[-15,19],[0,15],[7,15],[67,76],[-14,19],[25,8],[-9,23]],[[29335,34332],[-34,17],[-22,15],[-78,86]],[[29201,34450],[-106,116]],[[29095,34566],[13,8],[27,5],[83,6],[4,-63],[183,12],[15,4]],[[28824,34066],[71,0],[29,3],[20,-7],[43,53],[19,16],[19,4]],[[29025,34135],[2,-50],[-24,-29],[-8,-22],[8,-76],[-3,-20],[23,-12],[-20,-55]],[[29003,33871],[-175,1],[-3,1],[-1,193]],[[18376,45608],[119,8],[119,4],[134,9],[107,4]],[[18855,45633],[3,-262]],[[18858,45371],[-29,-1],[-154,-8],[-58,-2],[-246,-12]],[[18371,45348],[3,194],[2,66]],[[18376,45735],[90,8],[165,9],[218,14]],[[18849,45766],[2,-89],[4,-44]],[[18376,45608],[-2,69],[2,58]],[[17125,39385],[197,0],[48,-1]],[[17370,39384],[1,-90],[-1,-43]],[[17370,39251],[-247,3]],[[17123,39254],[2,131]],[[18587,38879],[116,9]],[[18703,38888],[0,-129]],[[18703,38759],[-117,-8]],[[19182,39800],[123,4]],[[19305,39804],[1,-133]],[[19306,39671],[-124,-2]],[[19182,39669],[0,131]],[[19306,39671],[1,-122],[-3,-7],[-122,-1]],[[19182,39541],[0,128]],[[19058,39667],[65,1]],[[19123,39668],[0,-45],[-4,-4],[-1,-79]],[[19118,39540],[-62,0]],[[19783,34656],[105,0],[16,2],[125,2]],[[20029,34660],[1,-134]],[[20030,34526],[-248,-3],[1,133]],[[20615,39386],[120,-2]],[[20735,39384],[5,-105]],[[20388,39617],[65,-1],[55,19]],[[20508,39635],[-2,-88]],[[20387,39534],[1,83]],[[20868,39258],[126,-1]],[[20994,39257],[4,-125]],[[20998,39132],[-125,4]],[[20873,39136],[-5,122]],[[21003,40438],[11,0]],[[21014,40438],[59,0]],[[21073,40438],[2,-130],[61,-1],[1,-16],[-110,1],[-12,2],[-52,0]],[[22315,42123],[124,2]],[[22439,42125],[4,-127]],[[22443,41998],[-124,0]],[[22319,41998],[-4,125]],[[21581,42341],[169,-1],[13,3]],[[21763,42343],[20,-32],[30,-55]],[[21813,42256],[-231,4]],[[21582,42260],[-1,81]],[[21489,42519],[90,1]],[[21579,42520],[1,-129]],[[21580,42391],[-89,0]],[[21491,42391],[-2,128]],[[23230,39071],[126,-22],[34,-20],[19,-26],[8,-23],[2,-24],[-1,-76]],[[23418,38880],[-179,2]],[[20885,38640],[113,-2],[42,-2],[214,-17]],[[21254,38619],[1,-110]],[[21255,38509],[-77,-1],[-40,15],[-23,5],[-28,-2],[-38,-14],[-45,-4],[-118,2]],[[20886,38510],[-1,130]],[[20884,38768],[123,-1]],[[21007,38767],[184,-19],[62,-6]],[[21253,38742],[1,-123]],[[20885,38640],[-1,128]],[[21497,38865],[244,2]],[[21741,38867],[0,-154]],[[21741,38713],[-96,-2],[-18,-5],[-20,5],[-31,-7],[-15,17],[-22,-11],[-28,4],[0,50],[-13,19]],[[21498,38783],[-1,82]],[[21252,38864],[122,0]],[[21374,38864],[123,1]],[[21498,38783],[0,-37]],[[21498,38746],[-130,-2],[-115,-2]],[[21253,38742],[-1,122]],[[18829,35277],[116,1],[189,3],[188,5]],[[19322,35286],[-3,-89],[0,-53]],[[19319,35144],[-60,-4],[-32,-17],[-13,-12],[-23,-37],[-13,-11],[-53,-4],[-40,-9],[-40,-21],[-30,-36],[-31,-15],[-26,-17]],[[18958,34961],[-20,17],[-23,29],[-18,32]],[[18897,35039],[-48,87]],[[16692,37290],[182,3]],[[16874,37293],[3,-279]],[[16877,37014],[-41,14],[-27,-15],[-11,-16],[-39,-111],[-14,-23],[-23,-18],[-91,-40],[-20,-5],[-32,5],[-18,11],[-14,17]],[[16547,36833],[-60,71],[-11,24],[0,20],[14,29],[74,72],[24,19],[25,6],[58,-1],[13,-4],[4,15],[1,44],[-2,38],[5,32],[0,92]],[[16376,37293],[52,-1],[202,-3]],[[16630,37289],[62,1]],[[16547,36833],[-43,-40],[-17,-28],[-5,-93],[-9,-21],[-16,-14],[10,-30],[-3,-85],[-16,0],[-1,-53],[-69,2]],[[16378,36471],[7,162],[3,42],[4,84],[-12,186],[7,68],[-4,36],[-7,35],[0,209]],[[18358,39375],[115,10],[115,8]],[[18588,39393],[-1,-128]],[[18587,39265],[-230,-17]],[[18357,39248],[1,127]],[[18587,39265],[0,-129]],[[18587,39136],[-231,-17]],[[18356,39119],[1,129]],[[18587,39265],[116,9]],[[18703,39274],[-5,-61],[1,-39],[12,1],[0,-29]],[[18820,38957],[0,-60]],[[18820,38897],[-117,-9]],[[18470,38870],[-117,-9]],[[18353,38861],[3,258]],[[18703,38629],[98,9],[19,1]],[[18820,38639],[2,-257],[-119,-8]],[[18703,38374],[-1,26],[1,229]],[[18585,38493],[0,129]],[[18585,38622],[118,7]],[[18703,38374],[-119,-9]],[[18584,38365],[2,100],[-1,28]],[[18820,38897],[0,-258]],[[18703,38629],[0,130]],[[18873,42197],[41,-3],[0,29],[5,7],[73,2]],[[18978,41989],[-109,-2]],[[18869,41987],[4,210]],[[19616,42252],[0,-1]],[[19615,42124],[-184,1]],[[19431,42125],[0,83],[64,2],[2,41]],[[19984,42308],[0,-55]],[[19984,42253],[-122,0]],[[19862,42253],[-11,-5],[-42,-1],[-4,-4],[-87,10],[-25,0]],[[19336,45894],[2,160],[0,91]],[[19338,46145],[87,1],[206,8],[48,0],[154,7],[-2,-124],[-17,-5],[4,-33],[-1,-109],[-13,-20],[11,-19],[-2,-25],[-7,-11],[9,-20],[-2,-46],[13,-11],[-32,-11],[-51,-10],[-47,7],[-53,27],[-23,4],[-32,0],[-46,-17],[-29,-21],[-33,-34]],[[20565,44324],[255,-1]],[[20820,44323],[0,-119],[2,-138]],[[20822,44066],[-2,-3],[10,-216],[1,-37]],[[20831,43810],[-257,-6]],[[20574,43804],[1,101],[2,27],[-4,135],[-8,44],[-1,199],[1,14]],[[21555,45110],[42,-1],[210,2]],[[21807,45111],[-2,-16],[-1,-84],[1,-91],[-2,-69]],[[21556,44847],[0,166],[-1,97]],[[20090,44894],[34,18],[44,12],[132,0],[0,26],[18,0]],[[20318,44950],[0,-97]],[[20288,44591],[-31,-4],[-36,-16]],[[20221,44571],[-12,17],[-14,37],[-13,57],[-29,69]],[[20153,44751],[-35,80]],[[20118,44831],[-28,63]],[[49452,63990],[27,-31],[2,-180]],[[49481,63779],[-219,-3],[1,-254]],[[49263,63522],[-64,0],[-59,-2],[-157,-2],[-89,3],[-30,-3],[-65,-1],[-97,1],[9,21],[-8,8],[-24,-14],[-50,-18],[-37,2]],[[48592,63517],[123,112],[79,69],[44,33],[40,24],[78,31],[122,32],[70,26],[43,23],[115,70],[49,24],[63,21],[34,8]],[[17402,45793],[-8,26],[0,49]],[[17394,45868],[1,257]],[[17395,46125],[147,-2],[98,3]],[[17640,46126],[-2,-194],[0,-113],[-1,-209]],[[17392,45611],[1,32],[5,25],[22,57],[-2,25],[-16,43]],[[39661,54619],[17,22],[31,4],[0,44],[67,-1],[11,-29],[28,-51],[9,-2],[43,19],[43,-7],[4,-11],[22,-12],[5,-26],[-3,-17],[27,-26],[7,-29],[-4,-13],[10,-18],[21,1],[15,-17],[-3,-43],[11,-30],[5,-27],[16,-5],[31,-33],[8,-22],[21,-28],[17,-30],[2,-22],[-20,4],[-64,-3],[-41,-11],[-219,0],[-45,14],[-4,-4]],[[39729,54210],[-8,-3],[-40,20],[-43,31],[-27,27],[-91,117]],[[36280,6029],[-3,-133],[-18,-217],[-21,-114],[-89,-432],[-9,-54],[-2,-47],[7,-47],[20,-67],[11,-45],[-25,-88],[-25,-75],[-75,-140],[-30,-77],[-44,-46],[-87,-50],[-50,-32],[-95,-44],[-39,-15],[-219,-63],[-79,-5]],[[35408,4238],[3,226],[-255,0],[-12,-1],[-139,-1],[-3,259]],[[35002,4721],[-4,266],[-81,0],[0,246],[-61,1],[-73,-3],[-59,0]],[[34724,5231],[2,108],[2,36],[21,-1],[229,-4],[227,4],[187,2],[69,1],[141,1],[20,3],[25,10],[202,208],[24,22],[33,10],[43,4],[3,85],[0,54],[2,122],[-32,-3],[-25,1],[-32,16],[-22,37],[-4,16],[-2,47],[115,1],[83,-2],[81,1],[28,5],[33,11],[23,3],[80,0]],[[15883,40437],[135,0]],[[16018,40437],[105,0]],[[16123,40437],[2,-33],[13,-46],[1,-52]],[[16139,40306],[-17,-1]],[[16122,40305],[0,18],[-69,-2],[-4,43],[-60,-11],[-17,-1],[0,-14],[-87,1]],[[22803,43837],[2,173],[92,4],[0,15],[21,1]],[[22918,44030],[-3,-20],[0,-52],[10,-8],[1,-111],[89,3]],[[23015,43842],[-13,-9]],[[23002,43833],[-176,-136],[-24,-17]],[[22802,43680],[1,157]],[[23194,44185],[36,-81],[39,-52],[14,-10]],[[23283,44042],[-192,-146]],[[23091,43896],[-4,139],[-21,-1]],[[23066,44034],[0,14],[-32,1]],[[23034,44049],[0,59],[45,-4],[33,-36],[42,47],[11,19],[2,20],[27,31]],[[21571,40950],[49,0]],[[21620,40950],[119,-1]],[[21740,40832],[-120,-1],[-49,-2]],[[21571,40829],[0,121]],[[21622,39994],[37,20],[10,24],[46,23],[15,16],[12,19],[4,19]],[[21746,40115],[48,43],[34,-39],[14,-22]],[[21790,39916],[-167,2]],[[21623,39918],[-1,76]],[[21869,40328],[22,-24],[73,-86]],[[21746,40115],[3,44],[0,65],[13,33],[20,26],[71,32],[16,13]],[[22751,40772],[24,50],[8,23]],[[22783,40845],[23,-19],[21,-10],[61,-23],[19,-10],[24,-21]],[[22709,40174],[133,2]],[[22842,40176],[0,-130]],[[22842,40046],[-131,-1]],[[22711,40045],[-2,129]],[[22717,39804],[4,-133]],[[22721,39671],[-107,-2],[-23,-3],[-45,-1],[-25,9]],[[22521,39674],[5,45],[8,45],[8,18],[31,26],[34,9],[50,1],[33,-2],[10,-12],[17,0]],[[18825,35802],[0,29],[-3,226],[0,289],[1,133]],[[18823,36479],[181,106],[57,37],[61,35],[183,108],[59,32],[53,33],[52,28],[38,9],[60,1]],[[19567,36868],[3,-129],[-3,-145]],[[19567,36594],[-1,-34],[0,-227]],[[19566,36333],[-9,-1],[5,-264],[6,-275]],[[19568,35793],[2,-75],[-1,-118],[-7,-310]],[[19562,35290],[-79,2]],[[19483,35292],[-146,-4],[-15,-2]],[[18829,35277],[-3,66],[-1,65],[-4,131],[0,66],[4,197]],[[21149,37509],[-33,-61],[-9,8],[-12,-28],[-6,-44],[-10,-24]],[[21079,37360],[-63,6]],[[21016,37366],[-123,-4]],[[20893,37362],[-1,137]],[[20892,37499],[-1,129]],[[20743,37490],[48,11],[101,-2]],[[20893,37362],[-61,-2]],[[20832,37360],[-5,55],[-17,20],[-36,15],[-21,19],[-10,21]],[[20649,37354],[69,1],[114,5]],[[21016,37366],[-1,-69],[3,-155],[2,-55]],[[21020,37087],[-251,8],[-114,-3]],[[20655,37092],[-1,231],[-5,31]],[[20406,37345],[0,-65],[0,-127],[1,-67]],[[20407,37086],[0,-259]],[[20407,36827],[-124,-3]],[[20283,36824],[-122,0]],[[20161,36824],[-1,388],[1,129]],[[22107,37842],[144,-7]],[[22251,37835],[-3,-138]],[[22011,37591],[-13,1]],[[21998,37592],[-3,128],[64,-3],[-1,64],[25,-2],[-1,44],[25,-1],[0,20]],[[20655,37092],[-129,-3]],[[20526,37089],[-119,-3]],[[21927,41597],[-20,-5],[1,-126]],[[21891,41466],[-74,0]],[[21817,41466],[0,130],[110,1]],[[21610,41472],[207,-6]],[[22012,41208],[-118,-2],[-27,0]],[[21818,41206],[-200,6]],[[21618,41263],[-2,79]],[[21616,41342],[-6,130]],[[17374,38332],[1,-131],[3,-130],[0,-258],[2,-113]],[[17380,37700],[-29,0],[-68,-20],[-25,0],[-245,4],[-17,2],[-72,18],[-55,2]],[[16845,40958],[192,1],[57,0]],[[17094,40959],[1,-71],[5,-69]],[[17100,40819],[-44,0],[-31,-5],[-68,-39],[-29,-8],[-59,1],[-11,-2]],[[16858,40766],[-9,114],[-4,78]],[[17861,39643],[1,-132]],[[17862,39511],[-67,-1],[-20,-2],[-22,-11],[-19,-18],[-26,25],[-28,8],[-62,0]],[[17618,39512],[-1,101],[1,29],[243,1]],[[17370,39384],[110,-1]],[[17480,39383],[-1,-111],[4,-25],[12,-28],[17,-20],[51,-47]],[[17563,39152],[-69,-84]],[[17494,39068],[-47,40],[-28,9],[-50,1]],[[17369,39118],[1,133]],[[20817,45104],[-2,-131],[2,-132]],[[20567,44845],[-1,134],[-249,5]],[[20317,44984],[3,130]],[[20820,44576],[2,-64],[-2,-189]],[[20565,44324],[3,257]],[[23798,41742],[1,132],[3,130]],[[23802,42004],[98,0],[146,-6]],[[24046,41998],[83,-6],[34,0],[-6,108],[2,14],[16,15],[31,6],[15,10],[7,18],[0,74],[4,25],[10,9],[23,3],[52,94]],[[24317,42368],[126,9],[29,4],[64,14],[83,24],[44,15],[115,48],[67,24],[26,-2],[17,-7],[28,-24]],[[24916,42473],[-1,-29],[-7,-3],[-21,-34],[2,-112],[-21,-65],[-35,-36],[-109,-219],[-41,-80],[-9,-56],[-10,-107],[-80,-148],[-36,-70],[-2,-48],[-109,2],[-387,11],[-7,2],[-71,2],[-176,-2]],[[23796,41481],[2,132],[0,129]],[[19834,44058],[122,2]],[[19956,44060],[170,3]],[[20126,44063],[146,2],[26,28],[12,26],[8,28],[1,72],[-1,109]],[[20318,44328],[247,-4]],[[20574,43804],[-253,-3]],[[20321,43801],[-369,1],[-126,1]],[[19826,43803],[4,148],[4,107]],[[20831,43810],[0,-26],[6,-66],[-1,-38],[6,-132]],[[20842,43548],[-261,-7],[-69,-4],[-189,-5]],[[20323,43532],[-2,269]],[[20323,43532],[-247,5]],[[20076,43537],[-125,0],[-123,-1]],[[19828,43536],[-2,105],[1,86],[-1,76]],[[18841,44586],[124,0],[61,-3],[63,1]],[[19089,44584],[62,-1],[61,-3],[126,-1]],[[19338,44579],[-5,-257]],[[19333,44322],[-166,-2],[-31,1],[-302,0]],[[18834,44321],[4,191],[3,74]],[[16024,40712],[-9,-5],[0,-120],[6,-64],[-3,-29],[0,-57]],[[16407,39131],[16,-64]],[[16423,39067],[-179,0],[-108,1]],[[15579,39626],[40,-24],[62,-27],[56,-18],[50,-9],[110,-17]],[[15505,39419],[13,78],[22,61],[39,68]],[[15891,39921],[2,-129]],[[15893,39792],[2,-129]],[[16386,39922],[126,-4]],[[16512,39918],[-1,-131]],[[16511,39787],[0,-57],[-4,-58],[3,-16]],[[16510,39656],[-123,1]],[[16387,39789],[-1,133]],[[22754,38744],[123,2],[-1,-130],[123,2]],[[22999,38618],[-2,-89],[-31,-5],[-85,-23],[-70,-3],[-19,2],[-17,9],[-22,-1]],[[22753,38508],[1,236]],[[23000,38775],[22,-1],[29,-28],[32,-14],[30,4],[-9,13],[18,12],[41,1],[12,7],[26,27]],[[23201,38796],[41,-48]],[[23242,38748],[-29,-27],[20,-22],[6,-21],[1,-56],[-241,-4]],[[22999,38618],[1,157]],[[22252,37965],[36,0],[39,9],[58,39],[15,8],[31,8],[69,-1]],[[22500,38028],[-1,-21],[6,-50],[11,-40],[16,-35],[21,-31]],[[22553,37851],[-17,-13],[-16,-2],[-269,-1]],[[22251,37835],[1,130]],[[21079,37360],[190,-21]],[[21269,37339],[4,-259]],[[21273,37080],[-253,7]],[[21267,37441],[2,-102]],[[19567,36868],[63,1],[29,-4],[23,-8],[25,-15],[27,-10],[37,-6],[22,0]],[[19793,36826],[0,-248]],[[19793,36578],[-196,2],[-25,5],[-5,9]],[[35002,4721],[-152,1]],[[34850,4722],[-5,25],[-68,208]],[[34777,4955],[-48,143],[-4,29],[-1,104]],[[19829,45126],[-1,-111],[1,-158]],[[19829,44857],[-43,-1],[-199,-8]],[[23043,40967],[-122,-6]],[[22921,40961],[2,128],[6,4],[116,7]],[[20818,41486],[135,-1]],[[20953,41485],[22,0]],[[20975,41485],[0,-106]],[[20975,41379],[-22,1],[-4,-36],[-8,-23],[-22,-44]],[[20919,41277],[-158,88]],[[20761,41365],[57,121]],[[38,44036],[63,86],[26,25],[57,44],[35,34],[44,53],[29,26],[26,17],[47,44],[15,9],[53,14],[37,12],[27,18],[57,44],[82,44],[48,29],[16,5],[42,3],[25,5],[32,20],[40,47],[52,36],[40,21],[13,10],[16,20],[38,68],[21,24],[25,16],[88,37],[33,19],[27,26],[14,9],[41,8],[45,12],[95,36],[21,11],[49,66],[17,19],[99,83],[29,20],[28,36],[68,65],[63,54],[20,25],[44,38],[57,43],[42,44],[-24,28],[-1,34],[17,34],[0,10],[26,12],[18,51],[-7,34],[24,57],[4,34],[0,49],[-20,36],[-3,23],[14,21],[7,32],[13,15],[-8,23],[4,26],[-19,13],[19,17],[3,22],[-11,37],[8,21],[-17,37],[-19,22],[7,9],[14,38],[13,27],[-4,18],[-19,6],[-11,18],[-20,16],[0,27],[-24,10],[6,34],[59,61],[8,34],[-4,12],[14,35],[-17,31],[-44,16],[-7,10],[8,61],[36,49],[42,76],[4,15],[-4,25],[12,26],[7,70],[-8,53],[-8,28],[-1,46],[-3,22],[8,31],[2,32],[10,37],[-13,21],[-13,30],[-8,33],[9,50],[-10,43],[3,59],[-10,61],[-34,76],[-46,32],[-33,41],[-16,52],[1,33],[-4,24],[-19,33],[2,17],[17,24],[5,28],[13,31],[4,28],[-2,60],[26,56],[5,36],[-6,55],[1,37],[-12,19],[-18,48],[17,37],[18,16],[1,42],[-13,35],[-13,21],[-5,22],[-14,8],[-1,25],[18,19],[11,19],[-3,27],[48,-20],[67,0],[18,20],[43,34],[9,46],[73,41],[33,17],[32,27],[38,5],[22,19],[4,36],[33,37],[11,21],[2,27],[34,5],[40,11],[38,-16],[20,3],[34,39],[62,57],[6,29],[20,15],[8,15],[41,8],[26,-2],[-10,27],[28,21],[17,23],[14,40],[17,35],[13,14],[5,46],[14,14],[-10,21],[-3,23],[-35,57],[0,16],[9,10],[34,-4],[28,24],[14,16],[6,45],[21,36],[13,34],[33,24],[13,23],[44,100],[27,20],[29,1],[4,5],[6,50],[23,26],[24,37],[15,5],[30,0],[8,6],[18,52],[36,36],[8,32],[7,12],[46,21],[38,23],[50,10],[23,10],[36,32],[11,23],[23,28],[19,32],[33,47],[18,30],[21,56],[14,27],[37,48],[23,47],[38,55],[14,-1],[7,-45],[4,-68],[11,-16],[13,-29],[13,-8],[4,-16],[15,-24],[15,-16],[12,18],[-2,34],[17,12],[3,66],[10,23],[49,47],[48,26],[35,44],[22,11],[10,14],[23,48],[10,56],[9,29],[29,59],[41,17],[21,1],[35,20],[19,0],[28,-27],[19,-53],[8,-13],[51,-60],[28,-29],[19,-45],[-6,-34],[0,-37],[4,-13],[23,-21],[-4,27],[47,-34],[18,-3],[39,5],[103,-6],[47,-4],[36,-24],[23,-3],[45,17],[12,8],[9,19],[10,107],[3,54],[6,21],[26,55],[5,23],[6,85],[8,60],[14,89],[19,77],[10,25],[25,38],[25,60],[11,54],[14,39],[43,79],[33,44],[33,48],[27,24],[105,68],[35,19],[42,16],[34,10],[20,2],[64,-3],[47,1],[62,6],[26,7],[30,16],[38,26],[35,16],[34,8],[38,4],[131,-3],[62,0],[118,8],[68,8],[79,12],[78,15],[28,11],[102,57],[73,43],[109,68],[130,87],[123,88],[83,55],[114,73],[105,73],[276,180],[104,65],[39,28],[20,17],[150,152],[20,18],[148,100],[130,88],[44,30],[336,226],[198,135],[51,33],[172,116],[74,50],[236,160],[132,89],[59,-97],[119,85],[37,-59],[89,-20],[46,30],[13,55],[12,7],[5,19],[-34,52],[1,32],[-5,8],[-32,-24],[-25,5],[-21,-14],[-41,73],[195,131],[12,9],[18,24]],[[9523,53858],[417,-312],[563,-422],[177,-132],[32,-24],[263,-197],[108,-81],[180,-135],[287,-215],[163,-121],[46,-36],[100,-74],[124,-94],[114,-85],[62,-48],[43,-40],[49,-52],[29,-32],[26,-34],[39,-57],[34,-59],[35,-71],[225,-503],[12,-29],[43,-95],[108,-241],[122,-276],[56,-124],[34,-66],[26,-44],[27,-39],[50,-65],[35,-41],[131,-139],[129,-139],[532,-571],[137,-147],[54,-59],[159,-169],[116,-124],[378,-407],[139,-2],[492,-2],[494,30],[-10,-753],[-3,-305]],[[15900,47227],[-146,-2]],[[15754,47225],[-170,-1],[-265,0],[0,-266],[1,-114]],[[15320,46844],[-122,-9],[-40,-5],[-50,-13],[-442,-178],[-551,-222],[-502,-203],[-128,-51],[-51,-26],[-57,-42],[-459,-394],[-5,-313],[-8,-67],[0,-47],[-8,-10],[-21,3],[-20,-11],[-22,-3],[-61,-44],[-18,-11],[-108,-9],[-24,-9],[-30,-5],[-32,3],[-42,17],[-29,-6],[-35,6],[-55,19],[-22,-12],[-44,-43],[-23,-15],[-25,-5],[-40,-19],[-41,-22],[-83,-56],[-88,-36],[-23,-5],[-43,-1],[-43,-21],[-40,-28],[-46,-19],[-23,-21],[-12,0],[-66,-46],[-24,-11],[-8,-11],[-28,-8],[-38,3],[-16,-9],[-41,-65],[-16,-13],[-26,-10],[-26,-5],[-33,-19],[-32,-25],[-41,-17],[-17,-10],[-26,-7],[-43,0],[-31,-13],[-31,-22],[-38,-15],[-110,-89],[-8,-3],[-49,-2],[-14,-20],[-2,-18],[-21,-32],[-9,-8],[-34,-6],[-39,4],[-16,-9],[-27,-30],[-34,-31],[-20,-24],[-29,-7],[-49,-7],[-31,-1],[-24,-8],[-19,-1],[-15,-11],[-22,3],[-21,14],[-35,3],[-47,-5],[-32,0],[-42,5],[-35,-7],[-41,-2],[-31,9],[-17,-1],[-19,9],[-29,4],[-26,-4],[-30,5],[-48,-33],[-15,-1],[-50,9],[-38,10],[-42,18],[-43,-2],[-12,-5],[-57,-38],[-63,-45],[-19,-22],[-24,-64],[-30,-57],[-40,-46],[-3,-8],[-35,-27],[-26,-7],[-37,5],[-28,13],[-39,-2],[-24,-10],[-48,-27],[-67,-10],[-24,-7],[-42,-31],[-26,-30],[-47,-21],[-11,-11],[-29,-42],[-21,-23],[-51,-34],[-29,-13],[-28,-24],[15,-19],[0,-16],[-31,-22],[-29,-15],[-37,-15],[-15,-2],[-34,5],[-21,-31],[-23,-19],[-29,-7],[-20,4],[-18,-14],[-25,-8],[-36,5],[-12,-20],[10,-24],[-7,-27],[-19,-14],[-24,-3],[-39,23],[-26,31],[-20,10],[-16,-6],[14,-39],[-1,-22],[-18,-17],[-36,-12],[-5,-14],[31,-27],[-1,-22],[-13,-18],[-16,-2],[-29,9],[-13,14],[-32,17],[-62,20],[-17,18],[-40,-8],[-32,0],[-21,-6],[-69,-3],[7,-31],[-4,-26],[2,-22],[29,-33],[6,-54],[-18,-17],[-32,0],[-32,16],[-68,8],[-20,-4],[-14,-9],[3,-15],[27,-20],[9,-27],[12,-19],[1,-15],[-23,-31],[-8,-24],[0,-23],[15,-28],[-12,-9],[-29,35],[-14,11],[-45,-5],[-40,16],[-21,21],[-11,21],[-17,45],[-29,33],[-33,25],[-78,41],[-11,15],[-17,48],[-14,21],[-20,20],[-14,24],[-1,53],[-9,21],[-14,17],[-18,13],[-31,46],[-11,28],[-8,49],[-20,13],[-13,-12],[-6,-21],[-15,-25],[-16,-37],[-14,-14],[-24,-35],[-2,-39],[-12,-17],[-29,-56],[29,-44],[8,-5],[17,-27],[12,-3],[8,-21],[12,-13],[3,-30],[17,-39],[21,-15],[4,-26],[-5,-12],[7,-24],[15,-26],[24,-27],[19,-11],[21,-29],[21,-20],[22,-39],[28,-29],[12,-29],[5,-53],[-4,-10],[18,-13],[10,-26],[3,-21],[24,-31],[7,-17],[2,-27],[17,-17],[3,-20],[-2,-22],[11,-12],[13,-41],[26,-16],[21,-5],[3,-12],[16,-22],[11,-32],[-1,-27],[19,-18],[3,-39],[10,-47],[7,-15],[5,-30],[10,-10],[1,-55],[12,-29],[33,-35],[3,-15],[21,-16],[7,-29],[15,-16],[12,-2],[9,-19],[0,-14],[15,-25],[0,-29],[3,-35],[-19,-12],[-12,-32],[1,-11],[15,-29],[10,-8],[32,-14],[52,-54],[17,-22],[14,-44],[5,-46],[22,-35],[0,-21],[11,-29],[0,-15],[24,-16],[7,-32],[8,-12],[1,-34],[16,-14],[28,-6],[55,-50],[26,-36],[22,-20],[5,-20],[26,-15],[47,-56],[21,-31],[7,-22],[24,-35],[-1,-18],[60,-111],[34,-46],[23,-44],[13,-32],[17,-56],[9,-39],[6,-42],[13,-22],[17,-44],[-2,-22],[-11,-40],[-8,-38],[-1,-30],[6,-38],[22,-40],[6,-60],[3,-61],[-1,-134],[11,-77],[-5,-61],[-14,-110],[-13,-88],[-5,-81],[-9,-71],[-7,-19],[-19,-106],[-24,-155],[-18,-129],[-17,-144],[-12,-79],[-4,-57],[5,-20],[19,-14],[22,7],[13,13],[21,8],[28,0],[177,55],[80,34],[12,24],[22,29],[6,28],[19,53],[4,19],[42,132],[16,44],[104,-131],[16,12],[42,22],[15,24],[18,14],[45,13],[36,27],[34,32],[48,62],[10,22],[18,84],[18,44],[61,49],[13,5],[10,-11],[52,29],[40,13],[13,-18],[54,23],[46,27],[8,21],[22,11],[4,9],[0,35],[4,38],[16,17],[13,5],[-10,43],[-15,10],[1,17],[13,13],[3,24],[-13,9],[21,49],[1,21],[7,22],[-8,19],[10,11],[7,21],[23,12],[10,15],[39,22],[-13,45],[0,17],[9,12],[23,13],[12,13],[30,15],[8,19],[1,42],[4,50],[10,30],[-1,30],[10,43],[15,48],[1,12],[27,32],[36,14],[12,13],[13,27],[1,19],[-8,14],[11,38],[-5,8],[11,21],[38,27],[47,24],[24,28],[16,-12],[43,-8],[23,28],[27,22],[12,16],[27,21],[53,72],[12,10],[14,-20],[19,-44],[28,-21],[41,-2],[24,-11],[36,-26],[49,-48],[36,-61],[63,-63],[14,-19],[19,-8],[24,-42],[46,-25],[6,-10],[59,-43],[20,-5],[21,-28],[8,-22],[-9,-23],[17,-35],[25,-22],[15,1],[27,-17],[47,-20],[11,-8],[60,-69],[14,-7],[42,-3],[35,-11],[51,-13],[3,-11],[17,-21],[21,-19],[60,-1],[27,-5],[38,-21],[52,7],[35,-7],[18,-12],[32,-7],[59,-6],[33,-17],[16,-12],[18,-25],[31,-34],[37,-28],[31,-8],[29,-17],[34,-9],[44,-3],[44,-14],[22,-14],[41,-3],[63,0],[31,-4],[42,-17],[35,-6],[47,-16],[17,-10],[44,-40],[31,-15],[10,-13],[2,-29],[17,-25],[139,-59],[44,-6],[53,-21],[24,1],[11,-21]],[[12853,39901],[-78,-45],[-30,-25],[-30,-36],[-21,-39],[-34,-97],[-14,-28],[-14,-17],[-35,-29],[-25,-11],[-99,-38],[-32,-17],[-57,-38],[-28,-24],[-41,-41],[-36,-33],[-17,-23],[-16,-36],[-34,-134],[-7,-43],[-1,-50],[31,-339],[1,-72],[1,-213],[1,-73],[35,-214],[9,-34],[21,-57],[42,-94],[14,-28],[22,-31],[113,-131],[114,-154],[44,-52],[37,-38],[44,-38],[60,-47],[150,-114],[62,-48],[49,-32],[188,-105],[23,-11],[37,-12],[85,-17],[36,-12],[115,-56],[46,-21],[45,-6],[27,6],[53,23],[31,8],[23,3],[43,-3],[188,-28],[60,-10],[30,-11],[23,-16],[27,-28],[11,-19],[33,-79],[20,-28],[20,-18],[110,-73],[190,-123],[34,-14],[113,-32],[16,-9],[18,-34]],[[14699,36563],[-227,-28],[-46,-6],[-405,-50],[-65,-2],[-174,8],[-53,-1],[-46,-13],[-31,-17],[-21,-16],[-25,-26],[-19,-28],[-33,-82],[-26,-45],[-28,-32],[-35,-27],[-107,-61],[-107,-60],[-152,-86],[-60,-44],[-35,-35],[-113,-125],[-44,-39],[-46,-31],[-29,-16],[-160,-81],[-40,-22],[-55,-41],[-50,-50],[-7,2],[-68,-23],[-31,-24],[-20,-21],[-36,-30],[-58,-33],[-37,-34],[-20,-23],[-5,-36],[-11,-29],[-61,-39],[-36,-28],[-28,-14],[-77,-22],[-49,-7],[-27,-13],[-37,-26]],[[1396,39582],[1,120],[0,140],[2,666],[1,630],[-2,232],[-139,0],[-108,4],[-1119,48],[2,924],[1,701],[3,989]],[[19793,36578],[0,-248]],[[19793,36330],[-205,4],[-22,-1]],[[21273,37080],[-1,-128]],[[21272,36952],[-1,-130]],[[21271,36822],[-86,2],[-160,5]],[[21025,36829],[-111,4]],[[20914,36833],[-2,110],[6,7],[105,-4],[-3,141]],[[20914,36833],[-70,2]],[[20844,36835],[-64,1]],[[20780,36836],[0,25],[-8,22],[-15,18],[-71,42],[-24,22],[-7,19],[0,108]],[[23066,44034],[-148,-4]],[[22803,43837],[-201,-2],[-43,1]],[[22559,43836],[2,185],[0,66],[-61,-2],[3,78],[69,0],[38,-2],[16,-31],[26,39],[-11,30],[71,8],[25,-11],[14,-15],[6,-36],[47,-37],[39,-52],[31,-3],[160,-4]],[[20278,36052],[87,1],[166,1]],[[20531,36054],[-10,-259]],[[20521,35795],[-245,0]],[[20276,35795],[2,257]],[[20279,36180],[1,129]],[[20395,36338],[25,0],[27,-10]],[[20541,36320],[-10,-266]],[[20278,36052],[1,128]],[[23275,41246],[8,5],[19,247]],[[23302,41498],[245,-8]],[[23547,41490],[-1,-112],[-3,-69],[-5,-141],[-5,-198]],[[23533,40970],[-121,-1]],[[23412,40969],[-130,-1]],[[23280,41106],[-5,140]],[[23176,41493],[126,5]],[[23275,41246],[-64,-3]],[[23211,41243],[-2,27],[-8,30],[-26,40],[-5,26],[6,127]],[[23303,41750],[247,-3]],[[23550,41747],[-3,-257]],[[23302,41498],[1,252]],[[20541,36320],[240,-4]],[[20781,36316],[-7,-260]],[[20774,36056],[-121,-1]],[[20653,36055],[-122,-1]],[[20531,36831],[125,3]],[[20656,36834],[2,-260]],[[20658,36574],[-100,-2]],[[20532,36743],[-1,88]],[[23412,40969],[-4,-47],[1,-30],[8,-21],[21,-25],[31,-62],[25,-24]],[[23494,40760],[-25,-33],[-35,-31],[-15,-18],[-31,24],[-37,1],[0,-14],[-23,5]],[[23328,40694],[-4,29]],[[23324,40723],[1,124],[-8,33],[-31,56],[-4,32]],[[20271,39815],[156,2]],[[20427,39817],[0,-67],[-11,-3],[-9,-16],[0,-28],[-16,-6],[-2,-19]],[[20389,39678],[-15,0],[0,70],[-104,0]],[[20270,39748],[1,67]],[[20389,39678],[-1,-61]],[[20388,39617],[-121,0]],[[20267,39617],[3,49],[0,82]],[[17563,39152],[48,-41],[50,-30],[23,-4],[3,20],[12,36]],[[17699,39133],[16,-4],[125,0],[20,-22]],[[17860,39107],[0,-119]],[[17860,38988],[-122,1],[-25,11],[-12,11],[-22,-18],[-32,-12],[-31,0]],[[17616,38981],[-31,10],[-25,18],[-38,35]],[[17522,39044],[-28,24]],[[17618,39381],[79,-1]],[[17697,39380],[0,-58],[22,-73],[16,-19],[-12,-21],[-24,-76]],[[17563,39152],[34,41],[15,27],[6,40],[0,121]],[[17986,38599],[121,2]],[[18107,38601],[-1,-80],[1,-177],[239,4]],[[18346,38348],[2,-50],[9,-151],[17,-313],[-5,-106]],[[18369,37728],[-22,1],[-39,-7],[-39,-14],[-19,-3],[-191,-5],[-29,1],[-105,12],[-48,1]],[[17877,37714],[-1,110],[-2,129],[-3,257],[-2,129]],[[19319,35144],[-4,-132]],[[19315,35012],[0,-171],[-14,-45]],[[19301,34796],[-17,-26],[-24,-26]],[[19260,34744],[-125,132],[-40,31],[-44,19],[-54,13],[-39,22]],[[19582,44208],[22,-1],[29,-5],[97,0],[14,8],[-24,26],[-9,16],[-3,26],[125,1]],[[19833,44279],[1,-197],[0,-24]],[[19834,44058],[-253,2]],[[19581,44060],[1,148]],[[19331,44192],[2,130]],[[19338,44579],[3,0]],[[19585,44585],[-1,-131]],[[19584,44454],[-2,-246]],[[19581,44060],[-125,2],[-38,2],[-42,-3],[-48,0]],[[19328,44061],[3,131]],[[19829,44857],[0,-114]],[[19829,44743],[1,-154]],[[19830,44589],[-122,-1],[-123,-3]],[[20013,45061],[37,28],[31,18],[56,13],[87,-1],[96,-5]],[[20317,44984],[1,-34]],[[20090,44894],[-23,53]],[[20067,44947],[-41,94],[-13,20]],[[19829,45126],[77,-2],[39,-9],[29,-15],[24,-20],[15,-19]],[[20067,44947],[-47,-22],[-18,-3],[-66,7],[-7,-73]],[[19929,44856],[-58,2],[-42,-1]],[[19829,44743],[110,1],[-6,41],[13,2],[6,-37],[6,-12],[33,-11],[51,-8],[33,2],[25,6],[53,24]],[[20221,44571],[-23,-6],[-41,-1],[-47,19],[-40,7],[-117,0],[-62,-2],[-61,1]],[[20118,44831],[-47,-15],[-36,-1],[-45,14],[-43,23],[-18,4]],[[16512,39918],[137,-3]],[[16649,39915],[232,-4]],[[16881,39911],[-1,-129]],[[16880,39782],[-96,0],[-27,1],[-246,4]],[[16880,39782],[0,-130]],[[16880,39652],[-246,3]],[[16634,39655],[-124,1]],[[16634,39655],[-1,-131]],[[16633,39524],[-246,2]],[[16880,39652],[-2,-259]],[[16633,39393],[0,131]],[[16423,39067],[27,-164],[17,-36]],[[16467,38867],[-106,1],[-51,-2],[-138,4],[-38,-1]],[[23550,41747],[248,-5]],[[23796,41481],[-249,9]],[[21376,35584],[57,52],[171,159]],[[21604,35795],[109,92],[23,34],[6,14],[7,38]],[[21749,35973],[-4,-142],[0,-152],[-2,-18],[-15,-39],[-15,-19],[-156,-156],[-31,-30]],[[21526,35417],[-150,167]],[[23664,42776],[-10,-121],[-12,-161]],[[23642,42494],[-124,-1]],[[23518,42493],[11,145]],[[23529,42638],[6,73],[-26,1],[-1,-44],[-25,1],[-2,24],[-56,2],[0,25],[16,-1],[1,49],[97,-4],[7,17],[118,-5]],[[23308,42643],[7,13],[29,-2],[118,-21],[1,17],[66,-12]],[[23518,42493],[-211,37]],[[23307,42530],[1,113]],[[18105,37184],[153,8],[93,5]],[[18351,37197],[-5,-127]],[[18102,37057],[-99,-6],[-146,-7]],[[19060,39797],[122,3]],[[19182,39669],[-59,-1]],[[21195,42774],[133,0]],[[21328,42774],[4,-1]],[[21332,42773],[2,-126]],[[21334,42647],[-22,-3],[-117,0]],[[21195,42644],[-2,113],[2,17]],[[16125,46700],[144,0],[128,-3],[36,2],[210,-1]],[[16643,46698],[0,-262]],[[16643,46436],[-200,1],[-25,-4],[-20,-10],[-25,-20],[-9,-17],[-16,-2]],[[16348,46384],[-223,316]],[[16270,46180],[21,-2],[103,-1]],[[16394,46177],[-1,-68],[-3,-64],[-1,-130]],[[16389,45915],[2,-46],[-1,-83]],[[16390,45786],[-122,2]],[[16268,45788],[0,151],[2,108],[-1,96],[1,37]],[[16389,45915],[205,0],[6,-9],[-16,-84],[8,-32]],[[16592,45790],[-35,-7],[-167,3]],[[16592,45790],[19,-16],[22,-4]],[[16638,45652],[-66,2],[-182,1]],[[16390,45655],[0,131]],[[16390,45655],[0,-129]],[[16390,45526],[3,-129]],[[16393,45397],[-126,2]],[[16267,45399],[0,259],[1,130]],[[17044,45396],[101,-145],[65,-92]],[[17210,45159],[-15,3]],[[17195,45162],[-78,8],[-179,1],[-55,2]],[[20143,39543],[0,111]],[[20143,39654],[18,-2],[79,-32],[27,-3]],[[20267,39617],[0,-113],[7,-46],[21,-88]],[[20155,39372],[1,40],[6,17],[18,21],[-12,8],[-25,2],[0,83]],[[20018,39659],[125,-5]],[[20143,39543],[-31,0],[-21,11],[-13,-8],[-59,-1]],[[20019,39545],[-1,114]],[[20658,36574],[123,2],[89,-2]],[[20870,36574],[23,-101],[14,-54],[15,-47],[14,-29],[19,-31]],[[20955,36312],[-174,4]],[[20656,36834],[82,3],[42,-1]],[[20844,36835],[1,-86],[7,-82],[6,-38],[12,-55]],[[20531,36831],[0,154],[-5,104]],[[20407,36827],[124,4]],[[20282,36620],[1,204]],[[21267,36506],[1,57]],[[21268,36563],[136,1]],[[21404,36564],[-6,-12],[-2,-151],[12,-4],[0,-93]],[[21408,36304],[-143,0]],[[21265,36304],[2,202]],[[20653,36055],[-7,-195],[60,0],[-1,-64]],[[20705,35796],[-184,-1]],[[18451,36567],[23,52],[85,200]],[[18670,37084],[109,259]],[[18779,37343],[45,3]],[[18824,37346],[0,-127],[-2,-67],[0,-107],[2,-87],[-1,-158],[1,-163],[-2,-66],[1,-92]],[[18823,36479],[-273,-159],[-99,-51],[-26,-11],[-45,-13],[-70,-15]],[[18310,36230],[62,147],[20,57],[59,133]],[[16880,39782],[246,-6]],[[17126,39776],[0,-130]],[[17126,39646],[-1,-130],[246,-3]],[[17371,39513],[-1,-129]],[[17125,39385],[-247,8]],[[17126,39646],[111,-1],[134,-4]],[[17371,39641],[0,-128]],[[17126,39776],[245,-6]],[[17371,39770],[0,-129]],[[16881,39911],[418,-11],[73,-1]],[[17372,39899],[-1,-129]],[[17616,38981],[-2,-125]],[[17614,38856],[-48,-3],[-109,-1]],[[17457,38852],[0,68],[6,39],[12,25],[47,60]],[[17862,39377],[249,0]],[[18111,39377],[-1,-189]],[[18110,39188],[-110,-1]],[[18000,39187],[-7,20],[-17,21],[-28,13],[-87,1]],[[17861,39242],[1,135]],[[19584,44454],[44,0],[80,-14],[21,-9],[39,-10],[16,2],[32,-4],[16,-8]],[[19832,44411],[1,-88]],[[19833,44323],[0,-44]],[[20968,42769],[13,-1]],[[20981,42768],[-64,-111],[18,-10],[20,-5],[126,1]],[[21081,42643],[0,-129]],[[21081,42514],[-120,0]],[[20961,42514],[-23,1],[-107,10]],[[20831,42525],[137,244]],[[20981,42768],[207,4],[7,2]],[[21195,42644],[-114,-1]],[[21579,42520],[84,-1]],[[21663,42519],[27,-44],[17,-39],[46,-69],[10,-24]],[[21581,42341],[-1,50]],[[21579,42650],[153,2],[2,-6],[77,0]],[[21811,42646],[1,-128]],[[21812,42518],[0,-50]],[[21812,42468],[-80,0],[0,50],[-69,1]],[[21579,42520],[-2,115],[2,15]],[[21415,43029],[42,0]],[[21565,42846],[33,-46],[13,-24]],[[21611,42776],[-51,-38]],[[21560,42738],[-19,-15]],[[21541,42723],[-22,32],[-13,12],[-27,7],[-77,0]],[[21402,42774],[-2,127],[16,0],[-1,128]],[[21195,42644],[2,-129]],[[21197,42515],[-116,-1]],[[21437,43290],[-60,-1],[-34,2],[-25,-47],[-33,31],[-22,27]],[[19984,42253],[125,-1]],[[20109,42252],[-1,-256]],[[20108,41996],[-247,1]],[[19862,42072],[0,181]],[[21816,41984],[125,5]],[[21941,41989],[-1,-261]],[[21940,41728],[-12,1]],[[21928,41729],[-112,0]],[[21816,41729],[0,115]],[[21816,41844],[0,140]],[[49071,65175],[189,0],[497,-8],[44,0],[534,0]],[[50335,65167],[-16,-12],[9,-20],[-5,-15],[3,-14],[-8,-27],[-15,-14],[-19,-41],[-2,-26],[-24,-19],[-11,-18],[-27,8],[-21,-12],[-21,-1],[-7,-11],[9,-42],[19,-9],[2,-29],[-9,-40],[-14,13],[8,27],[-5,22],[-18,-8],[1,-25],[-6,-13],[9,-12],[-5,-15],[-11,-3],[-9,16],[-17,-12],[0,-95],[59,-34],[-43,-80],[-2,-20],[13,-42],[-2,-24],[-9,-19],[-26,-29],[-45,-35],[-27,-30],[-48,-7],[-27,0],[-9,-34],[7,-75],[-3,-32],[22,-6],[28,-23],[16,-31],[33,-102]],[[50062,64097],[-101,-62]],[[49961,64035],[-61,-37],[-48,-21],[-32,-8],[-43,-4],[-52,3],[-108,20],[-48,7],[-64,0],[-53,-5]],[[49452,63990],[-9,27],[-1,42],[-4,24],[-14,44],[2,16],[-17,4],[-11,-7],[-24,43],[-20,23],[-54,93],[-11,36],[4,8],[-7,62],[-15,27],[12,17],[-18,34],[-12,54],[5,10],[-16,8],[-21,-1],[-4,23],[6,18],[-22,44],[-1,19],[-11,16],[-9,-12],[-21,4],[-4,7],[16,29],[1,25],[-10,20],[8,11],[-6,24],[-15,5],[-7,35],[-11,7],[-8,24],[18,18],[5,25],[-37,11],[-12,7],[6,24],[-5,27],[15,14],[11,-8],[12,4],[-3,22],[-9,15],[-21,-7],[2,33],[-22,7],[9,45],[14,6],[15,31],[-14,9],[-23,-5],[0,12],[-27,14],[14,18]],[[18897,35039],[-34,-19],[-29,-6],[-28,3],[-60,16],[-37,2],[-57,-11],[-69,-1]],[[18583,35023],[-248,-2]],[[18958,34961],[-26,-32],[-27,-19],[-12,-13],[-28,-1],[-14,-7],[-12,7],[-58,0],[0,-128],[-105,0]],[[18676,34768],[-1,67],[-32,0],[0,58],[-23,0],[-1,34],[-15,23],[-21,20],[0,53]],[[18676,34768],[-5,0]],[[20822,35550],[187,-4]],[[21009,35546],[-1,-65],[120,-1],[63,-1],[8,-34],[12,-20]],[[21211,35425],[-101,-95],[-51,-45]],[[21059,35285],[-37,46],[-26,-17],[-37,-20],[-17,-3],[-59,2]],[[20883,35293],[1,186],[-6,5],[-56,1],[0,65]],[[17349,35761],[8,60],[2,32],[0,62],[7,124]],[[17366,36039],[124,6],[65,9],[38,8],[256,58]],[[17849,36120],[305,69],[60,18],[96,23]],[[18310,36230],[-39,-97],[-65,-144],[-52,-123],[-59,-143],[-23,-63],[-97,-229],[-64,-148]],[[17911,35283],[-65,-5]],[[17846,35278],[-277,-7],[-102,-4],[-118,-2]],[[17349,35265],[-2,123],[1,102],[2,60],[3,45],[1,40],[-8,62],[3,64]],[[16872,36044],[1,0]],[[16873,36044],[189,-2],[304,-3]],[[17349,35761],[-247,-1],[-248,-3]],[[17140,45631],[126,-9],[126,-11]],[[17373,45173],[-39,14],[-8,-45],[-116,17]],[[16626,38867],[-159,0]],[[15083,41046],[34,1],[25,9],[12,10],[14,24],[3,19],[-4,29],[-22,53],[-11,39],[-5,30],[-1,34],[5,42],[8,31]],[[15141,41367],[42,-18],[32,-5],[66,1]],[[15293,40953],[-201,-1]],[[15092,40952],[0,31],[-8,31],[-1,32]],[[14887,41419],[65,17],[29,4],[23,-3],[26,-10],[111,-60]],[[15083,41046],[-45,0],[-26,7],[-32,23],[-13,20],[-7,22],[-29,155],[-11,44],[-23,67],[-10,35]],[[18611,46011],[119,9],[113,10]],[[18843,46030],[3,-132]],[[18846,45898],[-267,-18],[-199,-18]],[[18380,45862],[1,129]],[[22060,41466],[161,-1],[82,1]],[[22303,41466],[-1,-127]],[[22302,41339],[-56,-17],[-26,3],[-34,12],[-125,0]],[[50335,65167],[106,0],[7,-523],[-1,-371]],[[50447,64273],[-76,-22],[-132,-49],[-35,-18],[-142,-87]],[[16348,46384],[104,-147]],[[16452,46237],[43,-63]],[[16495,46174],[-101,3]],[[16270,46180],[-123,0]],[[16147,46180],[-1,124],[124,0],[4,35],[11,20],[30,27],[33,-2]],[[18703,39274],[115,9]],[[18818,39283],[1,-129]],[[39101,56727],[1,-133],[127,0],[1,-61],[-97,-1],[0,-63],[97,0],[2,-130],[-189,0],[-226,-2],[-33,7],[28,-29],[30,-46],[9,-29],[1,-264],[1,-231],[1,-23]],[[38854,55722],[1,-189]],[[38855,55533],[-72,140],[-60,116],[-18,29],[-14,15],[-138,114],[-17,16],[-23,33],[-12,33],[-36,238],[-27,189],[-9,38],[-31,100],[-39,137],[-19,120]],[[17635,42396],[-3,131]],[[17985,38860],[37,-3],[86,1]],[[18108,38858],[-1,-97]],[[18107,38761],[1,-31]],[[18108,38730],[-122,-3]],[[20629,39681],[-1,-31]],[[20628,39650],[-41,0],[-36,-3],[-43,-12]],[[20508,39635],[2,153]],[[22127,41861],[185,1]],[[22312,41862],[-4,-77]],[[22308,41785],[-36,0],[-60,8],[-52,3],[-34,7]],[[22126,41803],[1,58]],[[21731,40489],[16,9]],[[21747,40498],[11,5],[150,1],[77,-1]],[[21985,40503],[1,-57],[-3,-8],[-209,0]],[[21774,40438],[-43,51]],[[22841,39915],[-128,-2]],[[22713,39913],[-2,132]],[[21741,38713],[0,-78]],[[21741,38635],[-23,0],[-220,-8]],[[21498,38627],[0,119]],[[15048,41635],[34,-3],[16,-9],[21,-28],[21,-62],[13,-53],[1,-39],[-5,-43],[-8,-31]],[[17480,39383],[138,-2]],[[21267,42515],[106,80]],[[21373,42595],[77,59]],[[21450,42654],[7,-33],[31,1],[1,-103]],[[21489,42519],[-122,-2]],[[21367,42517],[-100,-2]],[[19570,38890],[82,4],[94,2],[40,0],[163,1],[76,-1]],[[20265,38899],[144,2]],[[20409,38901],[23,-111],[22,-91],[3,-4],[25,-106],[16,-45],[19,1],[35,14],[16,3],[78,0],[0,46],[-6,32]],[[20640,38640],[24,0]],[[20664,38640],[99,1]],[[20763,38641],[0,-103],[-1,-64],[123,0]],[[20885,38474],[40,0],[34,-10],[20,-13],[28,-27],[2,-40],[124,-3],[1,-260],[123,-2]],[[21257,38119],[2,-227],[-1,-33]],[[19568,37837],[1,333],[-1,9],[1,222],[1,233],[1,67],[-1,189]],[[47205,65176],[-3,-11],[-9,-63],[-27,-137],[-9,-106],[-3,-6],[-1,-81],[7,-58],[-2,-26],[-8,-14],[-20,-6],[-37,21],[-20,-5],[-12,-25],[-23,-32],[-33,-36],[-13,-3],[-20,-93],[-58,-154],[-41,-84],[-22,-51],[-71,-132],[-37,-80],[-13,-34],[-43,-140],[-4,-57],[-2,-182],[6,-40],[-1,-38],[5,-25],[15,-44],[36,-60],[12,-59],[0,-93],[34,-43],[18,-14],[49,-1],[16,-13],[19,-31],[12,-37],[9,-59],[-22,-96],[-9,-24],[-10,-48],[-25,-42],[-54,-30],[-100,-38],[-13,-3],[-14,-39],[-8,-66],[-13,-75],[-13,-8],[-5,-14],[-2,-62],[-3,-24],[-10,-14],[-30,-13],[8,-32]],[[46588,62396],[-215,35],[-122,20],[-162,25],[-420,67],[-73,11],[-131,24],[-53,14]],[[45412,62592],[-42,14],[-97,38],[-152,63],[-96,41],[-38,20],[-58,38],[-49,29],[-48,21],[-70,20],[-42,7],[-58,2],[-62,-5],[-181,-42],[-128,-30],[-184,-42],[-144,-34],[-534,-123],[-660,-153],[-635,-147],[-84,-19],[-69,-18],[-70,-21],[-101,-34],[-312,-115],[-314,-115],[-84,-31],[-231,-86],[-407,-149],[-65,-28],[-47,-25],[-66,-40],[-45,-32],[-106,-83],[-137,-112],[-104,-81],[-223,-179],[-148,-118],[-57,-44],[-72,-59],[-332,-265],[-74,-58],[-61,-51],[-300,-239],[-199,-160],[-80,-62],[-32,-27],[-49,-46],[-40,-41],[-107,-122],[-49,-51],[-69,-77],[-31,-37],[-31,-42],[-33,-51],[-31,-52],[-28,-54],[-27,-64],[-48,-126],[-20,-46],[-23,-40],[-51,-66],[-43,-40],[-26,-19],[-38,-23]],[[36236,58795],[-52,-39],[-43,-42],[-58,-72],[-199,-243],[-140,-178],[-102,-131],[-57,-71],[-78,-92],[-127,-145],[-64,-75],[-608,-707],[-89,-104],[-81,-91],[-65,-79],[-81,-93],[-29,-37],[-51,-72],[-34,-57],[-189,-318],[-60,-102],[-52,-79],[-52,-67],[-36,-40],[-29,-29],[-84,-77]],[[33776,55755],[-1,19],[59,1001],[10,327],[14,211],[12,209],[-16,93],[53,456],[9,563],[64,174],[49,127],[78,0],[498,1],[2,496],[0,356],[-1,176],[-270,4],[-308,7],[-163,1],[-3,-522],[140,-1],[-3,-133],[-249,0],[-14,1],[-14,150],[11,65],[8,20],[-9,16],[-88,2],[-138,0],[-132,3],[3,130],[-13,1],[-113,3],[8,-85],[-82,68],[-45,-160],[-18,-47],[-21,-63],[-74,-22],[-4,-231],[44,10],[61,0],[0,101],[487,-331],[-813,-23],[-759,0],[-258,15],[-860,-12],[0,-531],[-3,-579],[-2,-538],[-2,-333],[-2,-510],[-2,-324],[0,-283],[-1,-64],[-541,6],[-736,9],[-695,8],[-854,11],[-11,-587],[8,-1220],[4,-587],[7,-678],[-175,-1],[3,-240],[240,-3],[1,240],[468,-3],[422,-1],[374,0],[835,3],[167,2],[71,-2]],[[30493,52726],[-37,-26],[-376,-241],[-207,-138],[-27,-15],[-123,-86],[-46,-2],[-117,-77],[-167,-110],[-62,-49],[-58,-53],[-56,-62],[-178,-220],[-168,-209],[-67,-82],[-120,-150],[-81,-98],[-60,-77],[-27,-39],[-46,-75],[-50,-103],[-148,-312],[-108,-228],[-55,-113],[-48,-101],[-333,-700],[-53,-113],[-93,-193],[-65,-139],[-53,-110],[-123,-259],[-64,-132],[-93,-197],[-12,-30],[-12,-43],[-7,-60],[-2,-101],[-3,-35],[-16,-74],[-17,-50],[-18,-39],[-42,-71],[-151,-241],[-52,-84],[-117,-187],[-97,-158],[-35,-53]],[[26603,46991],[-34,-41],[-24,-25],[-30,-24],[-63,-45],[-108,-74],[-39,-29],[-55,-47],[-38,-36],[-46,-51],[-19,-23],[-88,-119],[-43,-47],[-49,-41],[-42,-29],[-13,-6],[-211,-103],[-43,-21],[-909,-440],[-218,-107],[-136,-65],[-120,-59],[-58,0],[0,-32],[-62,0],[0,-33],[-62,0],[0,-32],[-62,0],[0,-32],[-61,0],[0,-33],[-62,0],[0,-32],[-92,0],[0,-64]],[[23816,45301],[-42,45],[-16,13],[-51,55],[-9,15],[-118,117],[-42,48],[-21,17],[-34,20],[-64,12],[-34,2],[-30,-7],[-29,-12],[-80,-53],[-323,-208],[-26,-16],[-47,120],[-11,29],[-13,49],[-9,77],[-291,1],[-201,3]],[[22325,45628],[-7,0],[2,537],[0,25],[-258,0],[-249,-2],[-194,9],[-424,19],[-131,7],[-230,10],[-350,0],[-64,49],[-41,9],[-36,-2],[0,111],[-470,6],[-34,33],[5,246],[-489,8],[-2,258],[-476,-4],[-35,0]],[[18842,46947],[0,120],[1,126],[-241,4],[-386,4]],[[18216,47201],[-841,11],[0,-6],[-425,11],[-61,-1]],[[16889,47216],[-44,0],[-73,-3],[-124,2]],[[16648,47215],[-243,5],[-505,7]],[[9523,53858],[-186,139],[-185,138],[-249,187],[-252,188],[-179,133],[-43,34],[-147,109],[-512,382],[-260,196],[-95,71],[-123,92],[-72,54],[-47,30],[-34,19],[-86,41],[-48,19],[-45,14],[-48,12],[-66,13],[-66,8],[-201,15]],[[5913,55620],[-111,-2],[0,153],[-135,-7],[1,62],[-149,11],[-237,18],[-105,1],[0,-7],[-92,-8],[-353,-57],[-46,-8],[-140,-22],[-92,-16],[-166,-26],[-321,-44],[-121,-20],[-108,-14],[-185,-30],[-170,-28],[-106,-17],[-234,-38],[-225,-36],[-75,-13],[-241,-38],[-65,-11],[-62,-9],[-75,-6],[-62,0],[-83,5],[-94,14],[-58,7],[-189,26],[-401,54],[-98,14],[-204,28],[-272,36],[-127,18],[-54,10],[-62,17],[-80,27],[-270,104],[-56,23],[-147,57]],[[43,55848],[0,648],[0,1051],[-2,510],[-2,512],[-7,1031],[-1,511],[-5,513],[-5,745],[0,258],[-3,368],[0,1066],[-4,367],[-5,752],[-3,527],[-2,219],[-4,203],[387,-2],[496,3],[225,-2],[442,3],[28,-3],[274,3],[505,-5],[492,-1],[494,-2],[923,0],[-3,396],[352,2],[486,-1],[494,3],[495,4],[487,0],[496,3],[492,-3],[476,3],[493,0],[493,2],[391,0],[967,0],[117,0],[491,-1],[485,3],[499,0],[980,2],[992,0],[480,1],[486,-1],[494,1],[494,2],[310,-4],[422,2],[536,0],[495,-3],[346,-2],[250,-1],[390,1],[489,-4],[480,2],[889,-2],[1082,-3],[429,-4],[348,0],[675,3],[218,0],[877,2],[744,2],[90,2],[415,1],[305,-2],[356,-1],[318,-4],[100,3],[398,-4],[97,3],[394,2],[108,2],[368,0],[121,-2],[488,1],[403,1],[588,-1],[406,-2],[97,5],[397,-3],[105,0],[551,3],[6,-340],[374,-2],[482,-1],[501,-4],[398,-5],[238,-1],[357,-1],[468,1],[723,4],[511,3],[766,4],[963,5],[956,-1],[547,0],[1177,-2],[433,-1],[718,-1],[631,-1],[994,-2],[755,-3],[531,-1],[717,-2],[913,-4],[678,-2],[596,0],[784,1]],[[22312,43308],[152,116]],[[22464,43424],[50,-83],[12,-8],[30,1],[0,-30]],[[22556,43304],[-1,-134],[124,6]],[[22679,43176],[1,-133]],[[22680,43043],[-130,-11],[-237,-1]],[[22313,43031],[-1,277]],[[20985,40949],[100,0]],[[21085,40949],[44,0]],[[21129,40949],[1,-106],[124,0],[0,-146]],[[21254,40697],[-243,-3]],[[21011,40694],[-2,49]],[[21009,40743],[0,149],[-24,0],[0,57]],[[15686,41510],[21,32],[29,35],[44,39],[42,29]],[[15822,41645],[56,38],[54,42]],[[16659,41485],[2,-153],[-1,-39],[-8,-31],[-19,-32]],[[16633,41230],[-28,19],[-32,5],[-52,-3],[-34,4],[-22,11],[-45,43],[-17,14],[-23,11],[-39,6],[-157,4],[-150,1],[-39,-9],[-16,-8],[-54,-42],[-35,-13]],[[15890,41273],[-98,-29],[-29,-4],[-26,4],[-41,12],[-36,2],[-28,-3]],[[41680,52690],[132,123],[39,39],[29,14],[22,2],[14,15],[2,16],[-7,32],[10,4],[17,-9],[29,1],[21,12],[45,6],[16,9],[26,67],[111,299],[27,100],[10,11],[-16,101],[-2,29],[7,25],[8,60],[-10,27],[11,23],[38,38],[13,8],[33,0],[41,-7],[14,7],[34,32],[-1,14],[-30,66],[-1,35],[10,50],[14,21],[-3,28],[6,23],[13,16],[0,21],[10,19],[30,28],[7,45],[36,48],[7,25],[2,26],[7,28],[3,34],[11,33],[7,10],[-2,22],[-29,140],[7,68],[9,33],[-3,14],[15,61],[14,34],[16,72],[13,6],[-10,16],[-8,31],[1,42],[5,15],[-1,22],[-11,27],[19,42],[23,73],[-11,25],[14,27],[-4,24],[-27,42],[-33,38],[-3,19],[7,25],[4,30],[18,43],[3,31],[-6,37],[-13,42],[-6,47],[-7,32],[9,41],[-4,46],[-8,23],[13,29],[33,35]],[[42559,55698],[387,540],[31,2],[5,-7],[12,-56],[4,-2],[13,47],[12,19],[21,69],[-4,42],[3,22],[15,37],[8,31],[0,30],[-8,30],[-27,37],[-7,17],[-2,24],[10,63],[-27,59],[-5,34],[-16,55],[-24,33],[-7,21],[-4,62],[-7,27],[-3,29],[-19,33],[-7,18],[8,37],[0,17],[-30,35],[-12,56],[-12,35],[-19,33],[-17,60],[0,22],[5,18],[35,23],[12,21],[9,31],[-1,42],[7,13],[17,9],[22,34],[14,30],[7,39],[-11,41],[7,36],[16,29],[67,48],[25,12],[16,18],[18,43],[29,28],[37,55],[71,79],[10,16],[8,27],[12,62],[4,10],[46,59],[25,48],[6,17],[-6,45],[-1,55],[8,23],[21,45],[6,24],[0,27],[-25,96],[-16,32],[-4,41],[-10,59],[0,50],[3,14],[15,15],[27,16],[18,20],[34,64],[14,21],[52,46],[56,60],[20,8],[62,3],[18,7],[8,13],[19,66],[-10,72],[-4,73],[-18,37],[0,21],[7,21],[20,31],[41,19],[23,14],[16,23],[29,20],[31,8],[18,20],[15,10],[28,-28],[13,1],[126,64],[23,16],[32,5],[83,57],[31,-7],[39,5],[33,10],[29,17],[38,32],[25,13],[28,1],[43,33],[8,11],[50,50],[36,45],[42,5],[9,5],[44,47],[29,16],[45,37],[28,20],[23,21],[5,16],[17,21],[5,45],[20,27],[4,16],[2,60],[-2,38],[-6,32],[-2,33],[4,95],[-18,43],[0,37],[9,17],[34,30],[17,35],[21,20],[48,19],[36,7],[27,-1],[29,-10],[23,8],[23,27],[21,29],[21,21],[17,27],[14,14],[31,20],[31,40],[11,18],[23,95],[18,28],[33,13],[2,24],[7,2],[81,-5],[92,6],[51,10],[17,6],[30,20],[26,27],[36,48],[11,30],[3,25],[23,44],[14,50],[24,46],[30,34],[69,72],[41,31],[29,18],[2,9],[-26,46],[-24,54],[-28,37],[-96,90],[-11,17],[-5,31],[2,20],[24,132],[1,22],[-5,19],[-76,170],[-28,49],[-27,30],[-106,104],[-20,22],[-16,27],[-12,32],[-4,26],[1,42],[16,52],[27,59],[14,38],[6,49],[-5,50],[-10,65]],[[46588,62396],[209,-33],[64,-10],[78,-12],[38,-2],[72,5],[61,13],[48,17],[39,18],[40,25],[115,87],[95,73],[37,25],[37,21],[133,65],[63,34],[55,42]],[[47772,62764],[9,-17],[1,-129],[405,374],[468,217],[90,17],[461,89],[153,3],[25,5]],[[49384,63323],[425,135]],[[49809,63458],[489,155],[12,3],[141,10]],[[50451,63626],[1,-113],[2,-513],[-12,-1027],[10,-504],[-2,-511],[3,-520],[11,-518],[8,-517],[18,-904],[12,-620],[9,-513],[9,-537],[16,-767],[15,-753],[16,-949],[2,-168],[1,-423],[15,-521],[7,-532],[32,-514],[14,-252],[4,-256],[4,-459],[1,-397],[-6,-1702],[0,-153],[-3,-191],[-7,-175],[-16,-511],[-19,-524],[-2,-507],[19,-507],[-1,-79],[-7,-183],[-18,-254],[-15,-503],[1,-512],[21,-526],[25,-510],[-4,-500],[-1,-332],[0,-403],[1,-93],[1,-387],[-2,-2],[2,-115],[-151,-43],[-89,-43],[-23,-22],[-75,-46],[-64,-41],[-72,-98],[-29,-38],[-121,-174],[-133,-289],[-109,-297],[-58,-107],[-29,-73],[-17,-99],[-48,-157],[-182,-257],[-38,-92],[-66,-107],[-18,-70],[-11,-105],[-71,-261],[-45,-148],[-19,-21],[-42,-19],[-33,-11],[-191,1],[-26,-9],[-210,-130],[-66,-56],[-65,-108],[-22,-90],[-3,-92],[20,-64],[47,-69],[37,-23],[25,-4],[51,-46],[75,-115],[15,-28],[-3,-33],[-8,-30],[-19,-28],[-63,-85],[-83,-119],[-36,-59],[-42,-109],[-77,-254],[-51,-93],[-106,-158],[-99,-241],[-49,-167],[-28,-132],[8,-101],[20,-114],[10,-64],[-1,-52],[-24,-93],[-38,-97],[-31,-47],[-61,-34],[-73,-33],[-41,-36],[-28,-46],[-2,-88],[3,-68],[-7,-47],[-30,-41],[-36,-31],[-52,-60],[-32,-13],[-55,1],[-107,64],[-107,46],[-86,21],[-61,4],[-145,-11],[-36,3],[-39,-3],[-44,-19],[-86,-64],[-175,-73],[-116,-58],[-31,-21],[-241,-81],[-32,0],[-80,-41],[-52,2],[-124,-43],[-37,-21],[-44,-8],[-31,7],[-52,-16],[-59,6],[-74,-13],[-75,-9],[-16,-7],[-45,32],[-43,5],[-40,-18],[-65,-38],[-43,-12],[-53,7],[-41,8],[-35,43],[-28,15],[-34,13],[-47,-2],[-47,3],[-25,19],[-36,48],[-63,49],[-88,47],[-215,153],[-79,67],[-54,64],[-44,85],[-40,90],[-31,77],[-17,63],[8,146],[-17,100],[-36,62],[-40,27],[-44,9],[-61,-16],[-55,-9],[-40,10],[-119,76],[-109,29],[-79,51],[-29,62],[-41,79],[-68,59],[-73,39],[-65,7],[-209,-17],[-89,24],[-46,49],[-23,52],[2,53],[20,76],[33,69],[58,51],[76,75],[45,64],[40,90],[6,55],[-17,40],[-17,52],[-23,99],[-19,54],[-168,224],[-56,93],[-50,69],[-57,51],[-49,57],[-34,73],[-15,49],[-22,45],[-32,29],[-25,35],[-7,34],[-33,34],[-49,35],[-60,6],[-71,10],[-28,16],[-23,35],[-49,93],[-42,32],[-59,76],[-45,85],[-68,95],[-96,92],[-90,76],[-147,119],[-46,40],[-45,57],[-106,165],[-28,79],[-51,79],[-32,84],[-44,61],[-43,21],[-55,18],[-44,-6]],[[41563,40407],[-11,992],[-10,6],[4,18],[-21,1],[-6,10],[13,22],[-16,11],[-10,-2],[-35,-32],[-15,1],[-18,22],[3,20],[21,20],[-6,16],[8,14],[-13,24],[-18,5],[-17,19],[-26,4],[-7,17],[9,18],[15,14],[41,12],[24,-5],[38,20],[-2,15],[36,27],[21,39],[-7,15],[-26,7],[-9,23],[-17,1],[-16,9],[-11,22],[-7,2],[-35,-23],[0,-31],[-6,-10],[-36,-36],[-43,-29],[-19,-3],[-2,29],[-14,-2],[-2,20],[30,21],[16,17],[-25,-1],[-14,10],[1,23],[25,6],[31,19],[23,24],[19,12],[24,-10],[8,22],[-7,31],[-17,17],[8,16],[50,28],[14,4],[10,22],[-29,-6],[-45,1],[-40,-17],[-22,-14],[-21,4],[0,15],[14,18],[6,17],[23,10],[26,4],[28,-6],[15,11],[-8,10],[-35,0],[-11,13],[-29,3],[-37,24],[-20,18],[-2,8],[14,16],[-7,12],[14,17],[20,11],[2,10],[41,20],[-28,9],[-27,-5],[-3,14],[-18,14],[-17,21],[0,16],[8,13],[-40,25],[2,10],[-13,14],[-29,-15],[-9,-18],[-25,-16],[-15,2],[-5,11],[19,25],[-16,7],[-4,14],[-26,24],[-12,-22],[-28,5],[-25,32],[13,24],[13,0],[-16,25],[-28,11],[-11,11],[4,12],[18,12],[-3,17],[12,7],[-20,19],[3,24],[16,3],[18,-5],[14,16],[20,-2],[44,-16],[28,-6],[19,14],[4,20],[-44,50],[-3,20],[12,21],[-20,9],[-11,29],[5,21],[22,23],[21,8],[10,17],[23,11],[2,18],[22,7],[-11,20],[10,16],[28,-4],[15,7],[-16,14],[-6,18],[27,9],[-10,27],[-21,5],[-5,21],[13,16],[-32,1],[-7,36],[21,8],[88,5],[8,31],[-44,23],[-15,3],[-27,22],[2,14],[37,17],[8,31],[0,19],[14,12],[-14,15],[10,21],[1,29],[10,8],[3,25],[10,7],[-12,24],[27,12],[-15,15],[1,10],[27,15],[-6,10],[13,10],[-8,10],[-19,-14],[-16,0],[-10,12],[-29,-3],[-7,6],[3,27],[26,5],[-2,11],[10,18],[29,4],[-2,25],[6,15],[-3,16],[33,41],[-18,21],[7,9],[18,2],[29,10],[-39,37],[6,30],[18,-3],[8,42],[27,3],[30,31],[-5,9],[-36,27],[8,11],[-16,21],[6,16],[11,6],[9,33],[-31,29],[15,16],[-10,16],[18,14],[4,26],[-10,10],[4,19],[16,-5],[14,-11],[29,-5],[19,15],[-6,17],[-29,22],[6,13],[-7,16],[14,16],[-10,10],[-7,42],[15,8],[-7,16],[15,32],[17,9],[-14,20],[-11,-2],[-16,13],[12,12],[-11,13],[13,29],[33,16],[15,-5],[19,24],[-13,22],[-27,-8],[-5,9],[-37,1],[-9,14],[3,24],[6,8],[-2,36],[17,29],[11,8],[-2,38],[15,60],[3,50],[6,15],[-7,24],[1,94],[6,86],[4,13],[-4,19],[13,12],[8,35],[-2,16],[8,10],[-2,19],[15,39],[-15,14],[-2,12],[18,6],[7,12],[-19,8],[-1,12],[10,16],[-27,11],[-7,11],[3,24],[26,-3],[19,6],[18,-15],[4,28],[-17,9],[-22,22],[-6,10],[18,10],[22,-15],[20,9],[36,-8],[2,9],[-37,21],[-14,13],[8,14],[20,5],[17,11],[-6,16],[-15,-1],[-10,-9],[-60,-12],[-15,16],[-23,49],[25,0],[15,11],[19,0],[-5,18],[6,13],[18,7],[-5,30],[-13,9],[10,14],[24,12],[16,2],[0,16],[-19,-6],[-18,5],[-5,26],[17,14],[-9,13],[-13,-4],[-4,25],[-20,-16],[-28,-4],[-7,12],[-30,-19],[-9,4],[-35,-1],[-13,20],[14,14],[31,4],[10,11],[-2,25],[-21,-1],[-19,6],[-18,14],[-21,-4],[-20,-12],[-6,-18],[-20,-2],[-1,12],[31,26],[19,12],[13,-3],[32,-19],[25,23],[5,21],[-15,14],[23,12],[26,-10],[14,8],[-20,27],[16,17],[-30,-1],[29,25],[8,33],[-26,-15],[-30,-5],[-44,5],[-7,13],[39,29],[22,8],[20,22],[45,35],[27,34],[20,-12],[7,-30],[12,22],[-11,19],[-3,17],[32,13],[-20,12],[-43,-11],[-17,5],[-24,20],[-5,13],[6,12],[20,-2],[8,17],[19,5],[-32,26],[7,14],[78,-31],[9,26],[-5,28],[-21,8],[-8,9],[4,13],[15,10],[4,17],[-36,15],[-13,16],[10,17],[-2,17],[-15,12],[0,17],[23,8],[-14,18],[-61,5],[-9,10],[12,33],[29,1],[26,9],[1,23],[-13,15],[9,16],[-4,19],[6,9],[-18,12],[7,11],[31,18],[16,4],[3,18],[-20,15],[-5,15],[13,15],[-7,18],[10,42],[9,5],[-10,24],[3,13],[-23,14],[5,14],[-5,27],[12,7],[-22,14],[-3,21],[17,10],[-16,11],[7,16],[-8,9],[5,24],[-18,19],[7,16],[-2,17],[24,18],[1,9],[-20,12],[6,18],[-1,18],[-26,1],[-23,-6],[-13,10],[29,11],[7,14],[22,21],[-8,13],[-1,19],[-18,5],[-51,-17],[4,21],[45,18],[16,13],[17,5],[2,11],[19,3],[21,-20],[14,-1],[21,-15],[23,9],[17,-2],[-1,16],[-14,0],[-3,14],[20,10],[-6,9],[-23,-3],[1,11],[19,17],[20,-2],[15,16],[-11,7],[-17,-2],[-39,-33],[-21,-4],[-7,14],[-1,23],[-20,19],[-18,-12],[-14,0],[-6,-16],[-67,-18],[-4,15],[29,30],[24,31],[13,7],[-3,14],[-33,-1],[-9,14],[18,10],[27,5],[23,-7],[11,10],[23,6],[-18,20],[2,30],[10,2],[22,-11],[22,-16],[8,21],[17,-6],[4,20],[-19,6],[-5,13],[-41,23],[-13,-8],[-11,12],[11,24],[35,15],[30,2],[1,10],[-25,9],[-16,-5],[-9,19],[26,18],[-26,63],[44,-1],[13,-9],[18,-1],[25,-12],[16,7],[-4,24],[-32,-8],[-6,4],[20,26],[-15,13],[-41,1],[-26,10],[9,18],[30,0],[20,5],[24,-3],[28,-9],[7,-11],[17,6],[22,-11],[49,7],[9,12],[14,5],[-1,22],[11,28],[15,6],[16,18],[-9,31],[-20,15],[-9,1],[-19,20],[-18,-3],[-14,-13],[-21,4],[-25,22],[13,27],[31,15],[8,7],[19,3],[9,12],[-38,0],[-26,9],[-32,-4],[-6,18],[19,16],[-35,4],[-4,8],[15,17],[16,4],[28,-22],[46,10],[-1,20],[19,5],[14,-12],[23,7],[-6,15],[5,27],[-16,1],[-10,9],[-34,-4],[-27,3],[-44,21],[-2,12],[17,23],[19,1],[27,-20],[-14,83],[-14,23],[0,22],[46,35],[-7,9],[-3,28],[19,19],[-9,17],[-28,10],[-31,6],[1,11],[30,9],[35,-2],[13,-7],[16,-26],[44,-51],[13,-49],[6,-7],[10,-33],[15,-5],[18,-18],[10,14],[38,-26],[6,-19],[27,7],[20,23],[-16,25],[13,18],[10,23],[-11,15],[0,16],[-9,11],[-2,18],[-37,37],[-52,35],[-5,27],[42,4],[-9,53],[6,17],[18,-1],[16,-20],[-1,-32],[11,-27],[14,-17],[5,34],[18,8],[11,-9],[7,-17],[17,4],[20,-18],[5,19],[22,-8],[13,10],[-2,12],[-34,36],[-10,16],[2,12],[17,7],[-33,39],[-8,39],[-32,-8],[7,23],[1,22],[14,26],[-1,12],[17,13],[16,-27],[14,-4],[16,-18],[10,18],[16,-9],[7,10],[-19,26],[-7,16],[8,17],[-22,24],[12,21],[29,-3],[29,16],[-5,10],[-23,10],[-24,23],[-19,3],[-16,33],[-31,-10],[-30,25],[2,20],[-59,2],[1,22],[-19,2],[-30,10],[-8,15],[17,14],[31,-7],[-1,22],[-46,37],[3,16],[16,-1],[59,-13],[42,-19],[27,-25],[25,15],[11,18],[-15,19],[-14,25],[5,15],[18,-1],[12,12],[-5,17],[-44,35],[-27,8],[-13,10],[4,18],[40,-5],[26,8],[22,-2],[20,-18],[13,-25],[27,7],[23,-14],[27,0],[17,-6],[12,6],[24,-2],[12,-7],[22,1],[8,15],[15,10],[-4,15],[10,14],[7,29],[-29,43],[20,-1],[35,-32],[14,5],[-21,17],[-4,17],[23,0],[20,11],[5,-15],[13,-3],[-4,50],[-12,16],[-22,10],[-41,35],[14,9],[22,-8],[30,4],[14,7],[16,-9],[13,9],[59,8],[6,14],[2,38],[6,16],[32,48],[38,41],[12,23],[29,24],[11,14],[19,7],[4,16],[11,8],[10,18],[22,18],[2,24],[-11,21],[-16,11],[-10,19],[4,9],[21,2],[43,-17],[13,-11],[11,41],[13,13],[41,-4],[9,-22],[19,8],[3,17],[9,6],[35,-2],[10,12],[43,5],[5,29],[24,12],[-2,19],[24,-5],[14,17],[-7,6],[-27,2],[-6,13],[4,30],[-10,5],[3,15],[21,-3],[9,20],[16,2],[-14,21],[1,22],[24,-4],[17,11],[-27,7],[-7,6],[6,22],[22,-4],[28,9],[7,20],[-20,13],[0,15],[-22,10],[-5,20],[11,13],[-14,16],[0,17],[24,15],[4,23],[-4,35],[-5,14],[8,17],[1,20],[22,9],[3,20],[20,23],[0,22],[6,14],[22,15],[-16,26],[-22,9],[-21,-3],[-17,-11],[-23,8],[-8,28],[0,23],[-12,14],[-12,32],[1,24],[-8,18],[0,14],[13,34],[-2,34],[-23,18],[-12,23],[-2,26],[-23,8],[-9,9],[6,23],[-1,44],[-26,26],[1,22],[-34,4],[-7,12],[5,28],[-20,26],[3,24],[-7,12],[-3,31],[-21,-15],[-19,7],[-5,26],[-7,12],[2,16],[17,19],[4,24],[-13,-1],[-23,-16],[-20,0],[-7,15],[3,25],[-24,-4],[-6,26],[22,37],[6,22],[39,34],[-25,18],[-17,-25],[-18,-2],[-8,-18],[-18,14],[-16,0],[-8,25],[11,24],[0,16],[11,18],[13,3],[-19,24],[10,35],[-11,27],[-15,-3],[-11,22],[-5,32],[-33,3],[-19,12],[-8,24],[-10,7],[-2,17],[-21,7],[-7,19],[17,9],[10,23],[0,15],[-21,18],[-5,14],[8,25],[-1,18],[-22,19],[8,13],[-29,33],[-7,48],[-354,147],[-13,97],[-9,8],[-22,37],[-35,34],[6,23],[-17,31],[-20,-10],[-11,14],[1,13],[-8,18],[-20,-1],[-9,39],[7,15],[26,22],[-22,14],[-9,-14],[-24,2],[-28,-12],[-11,13],[0,22],[31,14],[-5,40],[-12,5],[-8,-22],[-25,5],[-26,24],[-1,-30],[-11,4],[-5,30],[-11,13],[12,16],[-9,17],[15,13],[11,32],[-18,4],[-18,-5],[-8,14],[10,8],[31,8],[18,16],[-17,16],[-19,-6],[-21,21],[-5,22],[-12,13],[-14,6],[-18,-14],[-18,11],[13,14],[-21,3],[-22,27],[-18,14],[-32,37],[-5,25],[-13,8],[-3,19],[15,6],[10,-9],[18,13],[6,24],[9,9],[36,11],[16,17],[-28,15],[-26,-5],[-2,17],[10,18],[3,21],[12,9],[28,-5],[3,47],[-16,-8],[-22,11],[-5,-25],[-14,-17],[-7,-17],[-27,5],[10,20],[3,20],[-16,0],[21,49],[-2,21],[-12,14],[-21,-7],[-2,-17],[-10,-3],[-13,32],[-13,1],[-10,-33],[-27,-17],[-13,-23],[-22,16],[-21,1],[-8,24],[17,35],[11,1],[5,21],[-4,36],[-12,5]],[[23703,40852],[90,-15],[0,-14],[93,2],[69,-2],[0,137],[81,-1],[1,71],[5,54],[4,133],[-5,31],[-76,0],[-81,24],[-26,3],[-20,-6],[-43,0]],[[23795,41269],[1,212]],[[24916,42473],[26,-24],[17,-9],[38,-4],[31,4],[156,43],[20,7],[208,105],[44,14],[146,30],[19,3],[100,-2]],[[25721,42640],[132,-4],[37,-3],[54,-15],[25,-11],[140,-85],[78,-23],[50,-20],[57,-17]],[[26294,42462],[11,-9],[22,-84],[105,-84],[35,-21],[58,-27],[35,-22],[28,-22],[29,-28],[40,-45],[20,-35],[14,-38],[29,-113],[17,-72],[28,-104],[21,-53],[54,-106],[16,-37],[29,-122],[15,-59],[15,-67],[9,-28],[26,-65],[39,-77],[29,-42],[71,-76],[11,-14],[26,-19],[70,-74],[36,-45],[20,-18],[32,-16],[44,-9],[62,-1],[46,-6],[35,-18],[20,-20],[67,-72],[17,-26],[7,-33],[26,-36],[68,-59],[80,-76],[-14,-1],[-35,16],[-22,5],[-27,0],[-36,-10],[-35,-27],[-49,-80],[-18,-23],[-49,-47],[-42,-26],[-42,-16],[-69,-16],[-42,-14],[-34,-19],[-67,-45],[-46,-25],[-87,-34],[-25,-22],[-12,-29],[-1,-18],[5,-23],[17,-47],[7,-61],[19,-42],[71,-95],[10,-16],[3,-27],[-5,-16],[-19,-25],[-12,-33],[-2,-16]],[[27098,39652],[-40,-16],[4,138],[-63,0],[1,33],[-94,0],[3,130],[-278,-1],[-325,1],[-154,1],[-1,-259],[-8,-260],[8,-388],[49,0],[2,-94],[-44,0],[-30,-4],[-30,-10],[-11,-14],[-30,-26],[-19,-21],[-8,-22],[-12,-15],[-36,-28],[-11,-19],[-31,-18],[-15,0],[-59,-48],[-12,-2]],[[25854,38710],[-170,-30],[-149,-48],[-79,-15],[-74,-37],[-134,-63],[-35,-9],[-46,-2],[-14,-6],[-32,6],[-19,-8],[-35,-28],[-59,-5],[-22,-12],[-41,-2],[-44,5]],[[24901,38456],[-14,2],[-88,-5],[-198,45],[-109,63],[-14,12],[-26,-6],[-31,-1],[-36,17],[-17,13],[-4,31],[-5,12],[-20,16],[-27,6],[-18,-6],[-52,17],[-32,18],[-31,3],[-17,12],[-33,1],[-18,15],[-8,38],[-17,30],[-44,55],[-7,29],[-7,9],[-3,37],[-6,11],[-5,73],[-8,16],[-22,11],[-16,31],[-17,3],[-19,25],[-20,21],[-15,34],[-28,28],[-5,11],[-28,16],[-24,4],[-15,28],[-17,20],[-13,28],[-7,29],[-18,36],[-15,44],[-14,17],[-3,44],[-7,6]],[[23703,39455],[-5,47],[3,72],[-3,59],[-1,120],[2,163],[6,265]],[[23705,40181],[0,124],[-1,135]],[[23704,40440],[0,130],[2,74],[0,103],[-3,41],[-7,60]],[[23696,40848],[7,4]],[[25631,37777],[28,51],[22,32],[19,22]],[[25700,37882],[19,-19],[20,-13],[27,-6],[41,0],[105,2],[89,6],[88,3],[24,-2],[1,-89],[1,-4],[0,-124],[1,-62],[-1,-44],[0,-85],[2,-118],[-2,-203],[1,-136],[-2,-119],[2,-60],[16,-164],[-17,-98]],[[26115,36547],[0,126],[-118,1],[-2,2],[-1,132],[-53,-2],[-69,1]],[[25872,36807],[0,204],[0,47],[-60,1],[-179,-1]],[[25633,37058],[0,168]],[[25633,37226],[0,105]],[[25633,37331],[1,401],[13,33],[-16,12]],[[24669,37716],[-3,-203]],[[24666,37513],[-38,0],[0,26],[-81,-1]],[[24547,37538],[1,177]],[[21989,39409],[248,-11]],[[22237,39398],[5,-92],[5,-170]],[[22247,39136],[-252,-1]],[[21995,39135],[13,46],[1,47],[-16,52],[-2,24],[-2,105]],[[18645,44543],[40,-7],[29,-14],[22,-17],[43,-46],[9,-37],[-7,-21],[-30,-30],[-13,-25],[-1,-26],[1,-50],[-4,-15],[-14,-21],[-43,-33],[-10,-5],[-3,-24],[-14,-24],[-14,-15],[13,-18],[1,-64]],[[18650,44051],[-96,-3]],[[18554,44048],[-1,39],[-4,47],[3,19],[14,27],[18,16],[-6,46],[-14,28],[-17,15],[8,21],[-38,32],[-20,8],[5,31],[7,11],[61,-30],[14,12],[11,45],[6,14],[41,28],[-54,28],[21,38],[10,10],[26,10]],[[22553,41476],[26,1],[221,9]],[[22800,41486],[2,-266]],[[22802,41220],[-59,-1]],[[22743,41219],[-8,78],[-7,22],[-18,38],[-19,-5],[-138,-3]],[[22553,41349],[0,127]],[[15529,27569],[206,365],[297,521],[113,200],[214,376],[39,64],[27,38],[43,54],[165,186]],[[16633,29373],[25,-26],[68,18],[39,-18],[17,-51],[10,-13],[-49,-63],[3,-34],[16,-59],[56,-125],[47,-117],[27,-54],[21,-64],[7,-29],[26,-62],[21,-75],[24,-51],[6,-33],[8,-94],[73,-57],[31,-30],[31,-44],[83,-93],[16,-14],[113,-123],[53,-49],[48,-41],[60,-43],[72,-59],[30,-36],[34,-23],[187,-168],[-12,-2],[-29,10],[-53,1],[-24,25],[-15,10],[-54,3],[-56,-9],[-116,5],[-55,-8],[-96,-47],[-47,-44],[-38,-15],[-32,-36],[-31,-24],[-51,-47],[-15,-23],[18,-35],[19,-28],[24,-55],[181,-235],[66,-75],[39,-51],[38,-44],[37,-33],[14,-33],[10,-35],[19,-30],[35,-15],[11,-18],[7,-61],[19,-16],[181,-201],[223,-237],[28,-25],[1,-23],[22,-10],[67,-71],[74,-90]],[[18245,26021],[-73,-51],[-280,-191],[-52,-30],[-8,-8],[-167,-114],[-58,-36],[-3,6],[-166,-94],[-209,-111],[-703,-406],[-39,22],[-75,64],[-10,13],[-173,19],[-65,4],[-45,-4],[-54,-11],[-45,0],[-42,-8],[-30,1],[-47,9],[-57,-1],[-42,11],[-54,12],[-86,2],[-30,6],[-38,0],[-21,6],[-42,-2],[-26,6],[-20,-13],[-27,-12],[-33,-6],[-39,16],[-17,-1],[-34,11],[-15,-7],[-31,-1],[-15,-4],[-35,0],[-70,-30],[-47,-30],[-45,-2],[-32,-9],[-55,1],[-32,-4],[-26,-8],[8,17],[16,75],[9,28],[17,36],[28,48],[3,18],[13,26],[18,53],[11,38],[39,126],[12,66],[20,41],[8,9],[2,34],[12,34],[-2,29],[18,34],[1,37],[18,31],[9,33],[1,28],[-11,46],[-15,29],[-192,48],[-32,40],[-29,26],[-21,28],[-13,45],[-80,81],[-9,6]],[[16877,37014],[3,-242]],[[16880,36772],[1,-131],[2,-77]],[[16883,36564],[-25,-5],[-45,-1],[-20,-7],[-28,-18],[-42,-37],[-81,-56],[-36,-30],[-43,-22],[-28,-20],[-55,-16],[-75,-30],[-32,-10]],[[16373,36312],[5,159]],[[18344,16777],[60,13],[524,128],[56,14],[183,45],[67,20],[76,32],[203,90],[62,26],[141,56],[164,66],[71,32],[128,77],[245,144],[40,26],[59,49],[170,159],[46,48],[38,57],[47,83],[18,29],[26,34],[23,25],[41,37],[48,32],[55,26],[15,10],[44,14],[35,8],[45,-5],[43,-1],[812,-17],[104,-3],[203,-4],[47,-3],[32,-5],[45,-10],[34,-12],[108,-44],[355,-143],[105,-42],[323,-131],[130,-52],[276,-112],[505,-202],[390,-158],[496,-200],[1002,-406],[289,-116],[55,-21],[48,-15],[190,-56],[11,-2],[25,11],[32,5],[58,3],[110,10],[36,9],[72,29],[77,28],[135,38],[39,3],[36,-5],[119,-25],[59,-1],[36,6],[48,16],[55,29],[48,18],[27,5],[57,0],[36,4],[61,26],[76,19],[54,11],[220,59],[145,34],[49,10],[28,3],[49,-2],[99,-17],[299,-40],[28,-2],[34,2],[146,28],[17,3],[135,26],[159,25],[69,8],[26,7],[95,31],[35,9],[31,4],[321,18],[188,17],[173,15],[241,13],[46,9],[69,28],[72,35],[38,21],[29,26],[14,3],[48,-6],[30,-11],[73,-4],[39,2],[70,20],[113,11],[31,0],[53,-4],[45,18],[72,5],[24,-3],[73,-19],[26,-3],[90,-5],[46,7],[71,-9],[29,0],[130,23],[135,15],[77,6],[222,4],[54,-3],[33,8],[30,20],[30,27],[27,12],[21,4],[40,-4],[28,4],[93,29],[82,43],[67,20],[183,99],[23,27],[64,29],[203,89]],[[33303,17460],[26,-36],[15,-38],[-12,-44],[-7,-54],[12,-37],[25,-35],[56,-93],[45,-127],[3,-45],[-8,-39],[-27,-61],[-11,-40],[-3,-36],[11,-36],[23,-38],[98,-95],[37,-41],[38,-68],[10,-38],[3,-38],[-2,-35],[-5,-33],[-27,-65],[-8,-28],[-4,-32],[8,-32],[21,-45],[28,-31],[25,-52],[9,-43],[-9,-104],[8,-79],[10,-59],[18,-48],[31,-61],[43,-41],[57,-61],[76,-123],[28,-54],[8,-34],[3,-44],[2,-63],[11,-33],[18,-39],[55,-69],[513,-533],[79,-93],[48,-35],[15,-20],[29,-59],[56,-164],[51,-137],[24,-92],[52,-264],[19,-174],[1,-65],[6,-49],[10,-40],[17,-37],[107,-202],[53,-115],[46,-132],[55,-141],[36,-98],[43,-156],[132,-500],[62,-283],[53,-233],[11,-81],[0,-84],[-35,-479],[-12,-91],[-9,-90],[-1,-130],[16,-177],[11,-93],[15,-70],[16,-62],[37,-81],[14,-55],[16,-90],[46,-245],[13,-90],[18,-69],[31,-89],[34,-85],[9,-49],[15,-60],[9,-81],[14,-84],[1,-75],[0,-87],[-4,-43],[-5,-108],[14,-70],[9,-102],[6,-46],[13,-36],[22,-51],[18,-32],[6,-24],[11,-147],[-1,-48],[-27,-77],[1,-45],[46,-200],[39,-141],[0,-70],[10,-92],[1,-161],[10,-73],[26,-28],[99,-50],[12,-21],[8,-22],[-2,-20],[7,-40],[54,-106],[6,-21],[1,-25]],[[36197,6995],[-52,10],[-18,-8],[-18,-23],[-4,-21],[-38,-327],[-12,-40],[-11,-18],[-25,-20],[-32,-11],[-22,0],[-61,15],[-31,5],[-36,-1],[-53,-13],[-256,-102],[-39,-12],[-46,-11],[-26,-21],[-9,-23],[-22,7],[-419,119],[-190,56],[-248,69],[-72,19],[-47,17],[-28,15],[-39,31],[-98,90],[-26,22],[-23,13],[-28,10],[-26,5],[-149,22],[-44,1],[-35,-9],[-27,-2],[-20,4],[-24,10],[-31,19],[-112,77],[-60,31],[-181,66],[-43,7],[-83,-12],[-66,11],[-22,0],[-30,-7],[-20,-11],[-21,-18],[-22,-32],[-4,-13],[-7,-43],[3,-25],[14,-80],[1,-43],[-9,-33],[-30,-54],[-6,-21],[-2,-30],[5,-23],[22,-43],[12,-40],[6,-76],[18,-70],[1,-33],[-7,-45],[-6,-75],[21,-156],[3,-57],[-4,-27],[-9,-25],[-27,-40],[-19,-17],[-22,-14],[-27,-10],[-19,-3],[-34,2],[-219,32],[-94,17],[-255,63],[-50,9],[-56,2],[-184,-7],[-62,4],[-42,7],[-92,22],[-64,11],[-130,20],[-69,4],[-46,1],[-50,-3],[-45,-5],[-59,-10],[-628,-158],[-41,-5],[-69,1],[-43,5],[-37,10],[-52,18],[-482,210],[-419,182],[-158,75],[-347,150],[-76,31],[-61,16],[-191,49],[-84,22],[-169,36],[-110,27],[-36,-1],[2,-8],[50,-259],[25,-132],[34,-188]],[[28617,6158],[-96,94],[-30,26],[-556,592],[-577,614],[-816,841],[-3,2],[-611,629],[-648,667],[-352,362],[-282,302],[-465,472],[-560,569],[-580,589],[-390,395],[-445,484],[-37,33],[-288,264],[-138,137],[-634,661],[-493,512],[-515,536],[-105,138],[-65,66],[-265,273],[-448,460],[-535,550],[-179,182],[-85,90],[-75,79]],[[18824,37346],[113,0],[119,3],[228,2],[80,-3],[101,-2],[102,-1]],[[19567,37345],[1,-256],[-2,-51],[0,-127],[1,-43]],[[19319,41997],[100,1]],[[19604,41735],[-235,5],[-51,0]],[[19318,41740],[1,257]],[[18631,41478],[49,-1]],[[18680,41477],[115,-10],[80,-4]],[[18875,41463],[-2,-118]],[[18873,41345],[-205,2],[-22,12],[-9,12],[-5,29]],[[18632,41400],[-1,78]],[[18738,41493],[25,-1],[-2,239]],[[18761,41731],[110,-1]],[[18871,41730],[1,-170],[3,-97]],[[18680,41477],[14,8],[44,-4],[0,12]],[[18627,41731],[134,0]],[[18738,41493],[0,93],[-7,4],[-86,0],[-17,2]],[[18628,41592],[-1,24],[0,115]],[[18873,41345],[0,-125]],[[18873,41220],[-35,-1],[-33,-17],[-190,0]],[[18615,41202],[-1,92],[2,25],[-1,81],[17,0]],[[17882,43574],[115,-12],[115,-13]],[[18112,43549],[-1,-50],[-1,-212]],[[18110,43287],[-40,4],[-188,21]],[[17882,43312],[0,262]],[[22380,33619],[0,-246],[61,0],[0,-130],[-91,1],[-3,-96]],[[22347,33148],[-35,-11],[-21,5],[-8,17],[-24,9],[-69,14],[-45,6],[-27,-4],[-24,2],[-12,-9],[-28,1],[-16,-5],[-90,0]],[[22027,37253],[61,-17],[159,-53]],[[22247,37183],[2,-123]],[[22249,37060],[-56,9],[-190,7]],[[22003,37076],[0,44],[6,82],[14,22],[4,29]],[[22682,42266],[119,5]],[[22801,42271],[-1,-262]],[[22800,42009],[-116,-6]],[[22684,42003],[-2,263]],[[18111,39377],[247,-2]],[[18356,39119],[-246,-1]],[[18110,39118],[0,70]],[[26711,32267],[40,233],[19,81],[17,54],[16,44],[105,259],[35,90],[321,789],[22,57],[66,157],[13,36],[11,50],[4,63]],[[28704,34413],[16,-26],[9,-40],[-1,-138]],[[28728,34209],[0,-143]],[[28728,34066],[-2,-205],[-1,-235],[-2,-168],[2,-44],[-1,-116],[-15,-13],[-32,-50],[-18,-61],[1,-54],[6,-29],[-5,-42],[-10,-18]],[[28651,33031],[-9,-43],[-9,-24],[-151,-188],[-285,-357],[-22,-26],[-227,-284],[-31,4],[-55,-2],[-26,6],[-39,23],[-58,15],[-38,17],[-23,-1],[-30,3],[-29,8],[-24,1],[-56,25],[-39,28],[-40,20],[-19,5],[-32,20],[-17,7],[-36,26],[-32,1],[-47,-7],[-38,2],[-57,8],[-14,5],[-32,-9],[-13,-7],[-42,17],[-19,1],[-41,-6],[-24,-16],[-36,-9],[-31,-5],[-35,-17],[-54,-1],[-28,-13],[-23,-24],[-24,-56],[-55,89]],[[21198,43030],[126,-1]],[[21324,43029],[4,-255]],[[21195,42774],[4,24],[-3,204],[2,28]],[[25414,37356],[49,94],[25,54],[27,50],[83,161],[33,62]],[[25633,37331],[-33,0],[-1,22],[-98,-1],[-4,4],[-34,-27],[-49,27]],[[20635,40690],[0,77],[28,-1],[0,49]],[[20663,40815],[121,0],[0,-74],[87,0]],[[20871,40741],[0,-50]],[[20871,40691],[-113,-1],[0,-75],[-124,-3]],[[20634,40612],[1,78]],[[22800,41486],[252,2]],[[23052,41488],[-4,-255]],[[23048,41233],[-246,-13]],[[29392,35337],[273,-1],[634,-2],[0,-424],[-2,-322]],[[30297,34588],[-52,9],[-27,23],[-33,12],[-44,4],[-16,7],[-21,22],[-286,-305],[-118,-122],[-8,-11],[-143,-147],[-21,12],[-45,34],[-51,53],[-12,22],[-16,52]],[[29095,34566],[-39,44],[-8,-5],[-71,-5],[-44,-65],[-55,-77]],[[28878,34458],[-23,-34],[-28,-21],[-33,2],[-17,11],[-31,11],[-23,-3],[-19,-11]],[[21741,38867],[253,4]],[[21994,38871],[6,-246]],[[22000,38625],[-207,8],[-52,2]],[[16992,42529],[85,-15],[34,-3]],[[17111,42511],[3,-13]],[[17114,42498],[-10,-10],[4,-18],[-4,-13],[-56,-79],[-9,-22],[-7,-46],[-25,1],[-3,-19]],[[16887,42326],[29,59],[44,60],[23,44],[9,40]],[[42559,55698],[10,26],[-1,41],[-7,117],[18,51],[21,42],[9,45],[-1,18],[-17,43],[-23,34],[-4,16],[6,79],[-23,10],[-51,29],[-45,27],[-22,6],[-34,14],[-64,13],[-17,6],[-10,12],[-25,1],[-6,22],[-21,33],[7,11],[-3,24],[-87,-4],[-19,9],[-20,19],[-51,23],[-15,13],[-26,10],[-32,-11],[-88,-7],[-17,-5],[-72,-41],[-172,-73],[-57,-27],[-48,-14],[-50,-19],[-49,-24],[-111,-46],[-19,-2],[-55,4],[-27,9],[-35,3],[-35,12],[-19,-1],[-92,-37],[-47,-29],[-52,-35],[-77,-38],[-51,-36],[-25,-14],[-30,-7],[-25,-11],[-31,0],[-51,-88],[-17,-8],[-33,-31],[-69,-31],[-95,-66],[-133,-105],[-43,-29],[-29,-24],[-41,-66],[-83,-92],[-68,-87],[-56,-66],[-47,-41],[-78,-70],[-21,-23],[-52,-29],[-57,-4],[-9,46],[-1,73],[-11,32],[-57,106],[-119,220],[-12,34],[-12,0],[-35,51],[-9,9],[-36,19],[-52,49],[-28,19],[-16,45],[-2,-116],[-5,-34],[-15,-25],[-38,-32]],[[39292,55675],[-20,8],[-37,1],[-332,-2],[-18,3],[-24,19],[-7,18]],[[22063,41597],[219,-1],[22,0]],[[22304,41596],[-1,-130]],[[22060,41466],[0,19],[-16,0],[1,83],[16,0],[2,29]],[[21334,42647],[30,0],[0,-37],[9,-15]],[[21267,42515],[-52,-39]],[[21215,42476],[-16,25],[-2,14]],[[18815,40698],[228,-1]],[[19043,40697],[-1,-255]],[[18815,40444],[0,254]],[[16123,40437],[247,1]],[[16370,40438],[4,-130]],[[16374,40308],[-97,-3],[-7,-17],[-10,-4],[-18,6],[-5,15],[-98,1]],[[22143,36390],[5,51],[17,52],[25,56]],[[22190,36549],[37,-20],[23,-14],[25,-23]],[[22275,36492],[74,-78],[23,-18]],[[22372,36396],[-20,-32],[-18,-15],[-26,-10],[25,-94],[28,-22]],[[22361,36223],[-98,-16],[-81,-16]],[[22182,36191],[-30,121],[-8,41],[-1,37]],[[17637,42265],[-123,2],[-124,0]],[[17390,42267],[-4,66],[-1,59],[-6,136]],[[18353,38861],[-245,-3]],[[18108,38858],[2,260]],[[17824,42264],[1,-172],[-8,-26],[1,-64]],[[17818,42002],[-146,2]],[[17672,42004],[0,17],[-16,5],[-1,141],[-17,0]],[[17638,42167],[-1,98]],[[20762,38763],[1,-122]],[[20664,38640],[-1,112],[2,4],[35,9],[43,1],[19,-3]],[[36197,6995],[-1,-41],[12,-170],[0,-89],[11,-39],[19,-56],[18,-73],[11,-101],[0,-205],[7,-90],[-6,-78],[12,-24]],[[34777,4955],[-47,-16],[-31,-3],[-36,16],[-30,-21],[-46,-8],[-11,-40],[1,-31],[17,-41],[-4,-56],[-8,-22],[-26,-30],[-11,-33],[4,-19],[11,-16],[25,-13],[82,-5],[39,-19],[11,-9],[19,-33]],[[34736,4556],[-239,-131],[-81,-43],[-26,-22],[-22,-35],[-13,-38],[-15,-31],[-19,-20],[-60,-40],[-23,-27],[-29,-54],[-22,-31],[-43,-46],[-19,-40],[-8,-54],[-7,-23],[-26,-56],[-19,-39],[-12,-34],[-6,-29],[-1,-38],[6,-175],[1,-40],[-3,-59],[13,-42],[12,-21],[25,-33],[20,-10],[49,11],[58,22],[5,7]],[[34232,3385],[25,-35],[32,-18],[54,-35],[9,-10],[19,-4],[84,-37],[96,-36],[129,-74],[42,-22],[90,-40],[112,-77],[79,-63],[65,-59],[99,-103],[50,-58],[59,-91],[22,-40],[15,-40],[27,-116],[8,-65],[-4,-73],[-16,-82],[-30,-87],[-54,-100],[-70,-88],[-39,-35],[-27,-16],[-115,-81],[-44,-36]],[[34949,1764],[-86,-43],[-33,26],[-148,119],[-611,478],[-113,-166],[-265,-442],[-323,-531]],[[33370,1205],[-88,92],[-409,429],[-62,66],[-426,445],[-75,77],[-429,453],[-48,48],[-485,515],[-445,474],[-383,401],[-112,114],[-372,391],[-108,109],[-377,393],[-110,113],[-453,469],[-371,364]],[[17765,44099],[118,0],[58,-6]],[[17941,44093],[2,-3]],[[17943,44090],[201,-283]],[[18144,43807],[-31,4]],[[18113,43811],[-115,13]],[[17998,43824],[-114,12],[-122,1]],[[17762,43837],[3,262]],[[20203,40413],[70,-2]],[[20273,40411],[-1,-267]],[[20272,40144],[-202,5],[133,264]],[[18531,37332],[248,11]],[[18525,37078],[6,254]],[[19182,39541],[-64,-1]],[[22802,43680],[-1,-168]],[[22801,43512],[-122,0]],[[22679,43512],[1,58],[-9,11]],[[22671,43581],[131,99]],[[23463,39753],[7,-12],[52,-47],[9,-21],[3,-55],[8,-22],[30,-29],[8,-14],[1,-27],[16,0],[-5,-26],[39,-32],[79,-72]],[[23710,39396],[0,-3]],[[19260,34744],[178,-185],[29,-40],[17,-45],[5,-44],[-2,-47],[-4,-28],[-12,-39],[-56,-113],[-15,-37],[-5,-36],[2,-38],[9,-36],[11,-25],[30,-46],[14,-44],[31,8],[39,24]],[[19531,33973],[-9,-342],[-5,-67],[-11,-70],[-15,-71],[-15,-48],[-22,-65],[-29,-67],[-35,-67],[-94,-173],[-46,-85],[-27,-47],[-45,-86],[-272,-501],[-84,-152],[-65,-124],[-60,-108],[-113,-209]],[[18584,31691],[-62,-113],[-44,-82],[-26,-46],[-36,-55],[-36,-50],[-42,-49],[-161,-180]],[[18177,31116],[2,41],[10,72],[9,42],[13,38],[19,49],[57,112],[20,42],[16,40],[12,42],[34,125],[55,200],[9,26],[27,51],[88,117],[9,18],[9,36],[-5,43],[-20,38],[-73,80],[-40,50],[-23,38],[-26,60],[-14,47],[-25,126],[-4,43],[-3,67],[22,260],[12,130],[3,54],[12,102],[4,14],[19,30],[32,20],[32,7],[30,-6],[29,-17],[66,-47],[105,-75],[55,-37],[20,-9],[38,-3],[38,8],[55,2],[38,13],[20,14],[23,33],[9,23],[10,130],[19,45],[19,22],[19,33],[10,24],[9,35],[3,34],[-3,24],[-9,35],[-23,45],[-38,43],[-37,37],[-209,214],[-44,42],[-222,174],[-31,29],[-12,19],[-9,23],[-64,246],[-7,14]],[[28728,34209],[54,-1],[71,4],[103,8]],[[28956,34220],[63,4]],[[29019,34224],[6,-89]],[[28824,34066],[-96,0]],[[23209,40443],[118,0]],[[23327,40443],[76,1],[114,0]],[[23517,40444],[4,-10],[0,-118],[60,0],[0,-135]],[[23581,40181],[-130,1]],[[23451,40182],[-244,1]],[[23207,40183],[-1,94],[2,88],[1,78]],[[21367,42517],[2,-128]],[[21369,42389],[-49,0],[-1,-56],[-16,-18]],[[21303,42315],[-34,33],[-10,21],[-3,36],[-7,21],[-34,50]],[[16390,45526],[248,-1]],[[16638,45397],[-110,0],[-135,0]],[[20106,42641],[3,-130]],[[20109,42511],[-124,-1]],[[21308,34585],[34,15],[22,-7],[17,-19],[23,-52],[15,-12],[26,0],[21,12],[0,28],[-7,31],[-1,32],[14,27],[23,10],[19,1],[13,-6],[22,-36],[21,-15],[14,-3],[26,3],[46,24],[29,8],[61,0]],[[21746,34626],[-1,-83],[0,-177],[-1,-111],[-10,-32]],[[21734,34223],[-20,11],[-29,8],[-312,2]],[[21373,34244],[-53,0],[-36,-7]],[[21284,34237],[-18,20],[-133,-5],[-5,18],[0,32],[-6,52],[-6,34],[-8,10]],[[21108,34398],[37,-10],[39,10],[75,59],[29,17],[25,25],[12,28],[-7,40],[-10,18]],[[20975,41485],[107,0]],[[21082,41485],[1,-106]],[[21083,41379],[-108,0]],[[18134,42258],[180,-3]],[[18314,42255],[71,-1]],[[18383,42178],[-211,3],[-39,0]],[[18133,42181],[1,77]],[[22129,41993],[190,5]],[[22319,41998],[-7,-135]],[[22312,41863],[0,-1]],[[22127,41861],[2,132]],[[20488,41464],[36,-19],[-22,-42],[63,-34]],[[20451,41220],[-31,18],[-21,-41],[-34,19]],[[20365,41216],[82,164],[2,6],[39,78]],[[22842,40176],[119,2]],[[22961,40178],[0,-131]],[[20628,39650],[120,-1]],[[20748,39649],[-4,-67]],[[20744,39582],[-9,-198]],[[18094,36801],[-126,-7],[-116,-10]],[[17852,36784],[2,132],[3,128]],[[18245,26021],[351,229],[340,241],[177,111],[72,38],[88,68],[15,8],[5,21],[30,-7],[27,13],[111,67],[34,4],[46,1],[17,24],[10,26],[14,17],[70,-1],[23,4],[22,12],[68,3],[17,8],[32,-1],[66,-29],[50,-43],[31,-34],[11,-18],[20,-15],[36,3],[20,12],[52,21],[34,-32],[32,9],[63,3],[23,-9],[102,-72],[30,-17],[36,-8],[68,16],[29,16],[29,29],[49,39],[26,14],[53,19],[13,15],[20,51],[28,25],[44,14],[60,26],[14,33],[16,19],[23,12],[30,8],[27,-15],[39,-29],[83,-28],[19,8],[17,-2],[47,-13],[97,-19],[21,0],[28,-10],[114,-13],[26,-11],[29,-6],[62,-31],[40,-7],[34,-2],[53,14],[30,-6],[28,6],[93,7],[27,8],[19,-41],[11,-19],[6,-72],[20,-16],[-3,-19],[2486,1705],[251,172],[617,420],[452,304],[14,11],[36,40],[5,0],[560,710],[26,47],[13,3],[342,2037],[20,120]],[[28651,33031],[183,-1],[403,-5],[236,7],[94,1],[250,1],[-1,-528],[491,9],[487,-1],[-11,494],[1,213],[1,306],[-489,8],[3,697],[-2,356]],[[29392,35337],[80,128],[21,30],[29,27],[24,16],[34,14],[157,37],[121,30],[138,32],[54,2],[29,-6],[46,-14],[38,-10],[56,-2],[46,6],[138,36],[142,35],[44,15],[18,12],[28,25],[19,10],[94,10],[24,-7],[62,-35],[33,-1],[13,-5],[24,-26],[19,-3],[15,8],[10,13],[32,12],[11,8],[11,27],[18,16],[22,12],[8,14],[8,31],[7,14],[17,15],[32,1],[57,-25],[35,-14],[33,3],[20,12],[39,47],[23,10],[17,1],[45,-19],[26,-1],[58,25],[21,4],[31,-3],[23,-10],[14,-19],[-1,-27],[-8,-10],[-27,-18],[13,-15],[42,58],[28,30],[19,15],[33,5],[22,-14]],[[31677,35899],[-21,-18],[-51,-66],[-26,-31],[-23,-60],[-16,-32],[-19,-67],[-5,-61],[23,-86],[18,-71],[4,-92],[19,-79],[0,-46],[8,-46],[18,-61],[11,-21],[4,-26],[-2,-15],[-17,-30],[-84,-111],[-15,-57],[-1,-31],[5,-48],[81,-283],[119,-217],[102,-125],[64,-113],[21,-10],[18,-23],[5,-48],[-35,-18],[53,-110],[125,-262],[46,-94],[213,-429],[13,-27],[2,-29],[-5,-40],[12,9],[54,-49],[71,-72],[22,-28],[7,-63],[-5,-160],[-8,-48],[-2,-38],[13,-41],[-10,-38],[-29,-10],[-6,-24],[26,-215],[37,-35],[28,13],[-7,-26],[24,-34],[22,-11],[21,-22],[16,-34],[59,-95],[14,-46],[25,-33],[49,-52],[39,-24],[33,-38],[-31,-40],[42,4],[25,-45],[75,-64],[172,-144],[104,-96],[49,-43],[26,-27],[18,-34],[146,-204],[80,-77],[26,-23],[28,-7],[18,-17],[60,-12],[28,-17],[13,-19],[30,-68],[0,-24],[-9,-25],[-18,-23],[-132,-76],[-45,-45],[-16,-25],[-71,-2],[-71,-23],[-31,-16],[-59,-21],[-54,-3],[-51,-10],[-157,-79],[-49,-29],[-51,-44],[-41,-87],[-14,-38],[-25,-24],[-25,-16],[-35,-10],[-93,-4],[-53,-13],[-46,-23],[-35,-34],[-27,-40],[-18,-52],[0,-59],[7,-40],[5,-13],[43,-52],[9,-4],[0,-57],[18,-29],[32,11],[-1,-23],[8,-45],[17,-33],[156,-210],[14,-39],[-1,-42],[-7,-42],[-47,-111],[-51,-90],[-42,-78],[-71,-240],[-11,-22],[-73,-92],[-68,-51],[-24,-40],[-22,-68],[-21,-30],[-20,-40],[3,-21],[11,-20],[79,-103],[76,-91],[43,-80],[30,-69],[47,-69],[58,-80],[6,-36],[2,-50],[-18,-181],[-11,-100],[-16,-101],[-14,-111],[0,-82],[4,-75],[10,-50],[11,-49],[78,-220],[31,-50],[29,-26],[14,-22],[12,-45],[-21,-28],[-27,-17],[-14,-26],[-6,-29],[-3,-37],[-24,-64],[0,-41],[4,-49],[18,-41],[8,-39],[7,-123],[-4,-132],[-16,-130],[-20,-128],[-42,-167],[-106,-333],[-59,-204],[-3,-48],[5,-73],[-7,-3],[21,-54],[-3,-13],[12,-13],[25,-74],[38,-61],[22,-39],[53,-62],[89,-98],[135,-122],[86,-62],[66,-36],[53,-37],[30,-26],[21,-36],[24,-57],[10,-67],[-5,-63],[-19,-82],[-22,-75],[-102,-254],[-96,-155],[-17,-39],[-7,-49],[-1,-40],[13,-93],[15,-187],[7,-65],[-8,-52],[14,-41],[26,-35],[52,-63],[73,-50],[111,-95],[49,-58],[31,-46],[40,-77],[47,-102],[32,-73],[50,-92],[35,-67],[25,-62],[32,-112],[6,-31],[36,-54],[47,-27],[45,-3],[37,-13],[33,-28],[60,-88],[56,-106],[35,-82],[11,-73],[1,-51],[-4,-37],[-23,-71],[3,-31],[10,-46],[7,-93],[-4,-67],[-17,-67],[-29,-63],[-28,-70],[-72,-190],[-12,-15],[-24,-16],[-36,-11],[-64,-12],[-54,-29],[-40,-29],[-35,-18],[-34,-12],[-132,-99],[-18,-22],[-2,-21],[24,-38],[90,-76],[42,-22],[45,-45],[59,-95],[49,-114],[14,-76],[19,-39],[11,-32],[0,-32],[-8,-27],[-12,-58],[3,-38],[27,-84],[13,-58],[0,-116],[23,-127],[0,-44],[-12,-74],[3,-57],[31,-129],[21,-42],[48,-81],[18,-39],[10,-31],[-1,-43],[-10,-52],[-16,-55],[-30,-57],[-28,-43],[-49,-43],[-27,-65],[-36,-95],[-17,-23],[-22,-13],[-31,-6],[-56,8],[-26,-15],[-88,-84],[-36,-39],[-43,-60],[-40,-95],[-9,-70],[-4,-70],[-13,-118],[-9,-48],[-13,-107],[1,-25],[7,-25],[-4,-42],[3,-37],[24,-86]],[[18344,16777],[-116,121],[-332,347],[-158,162],[-332,349],[-266,269],[-56,56],[-341,336],[-639,658],[-388,402],[-218,224],[-465,475],[-637,651],[-68,68],[-91,94],[-380,390],[-50,49]],[[23418,38880],[155,-2],[6,27],[-2,69],[-7,14],[6,11],[-2,74],[-7,19],[6,12],[1,38]],[[23710,39396],[-7,59]],[[24901,38456],[-4,-25]],[[24186,38137],[1,83],[-124,0]],[[24063,38220],[-120,1],[1,117]],[[23944,38338],[-1,142],[-4,19],[-17,32],[-36,41],[-176,203],[-16,-17],[-8,-21],[3,-130],[-213,2],[-16,-8],[-50,-47]],[[23410,38554],[-114,134],[-54,60]],[[23201,38796],[-89,103]],[[23091,43896],[-76,-54]],[[20521,35795],[-2,-120]],[[20519,35675],[1,-16]],[[20520,35659],[-13,8],[-128,5],[-106,-4]],[[20273,35668],[3,127]],[[17641,42005],[31,-1]],[[17818,42002],[1,-180],[0,-80]],[[17819,41742],[-55,0],[-1,28],[-90,1],[-4,37],[-25,-1]],[[17644,41807],[-3,198]],[[18351,37197],[5,124]],[[18356,37321],[0,3],[175,8]],[[38,44036],[1,785],[1,458],[1,566],[2,845],[2,750],[1,605],[2,855],[0,349],[2,1029],[0,242],[-3,1158],[-3,1006],[-2,632],[0,234],[0,941],[0,949],[1,408]],[[15616,43434],[8,3],[63,0]],[[15687,43437],[-5,-53],[14,-28],[18,-46]],[[15714,43310],[-21,-5],[-77,2]],[[15616,43307],[0,127]],[[18617,45103],[244,1]],[[18861,45104],[-2,-50]],[[18859,45054],[-9,-131],[-10,-269],[1,-68]],[[18841,44586],[-69,-7],[-129,-9]],[[18643,44570],[-54,-4]],[[24012,42491],[122,1],[36,47],[19,18],[52,90],[31,26],[1,17]],[[24273,42690],[36,-7],[40,-23],[28,0],[45,14],[40,25],[37,31],[51,-4],[12,-3],[41,8],[22,1],[58,37],[11,31],[33,6],[10,7],[41,15],[15,11],[7,39],[17,29],[30,9],[15,29],[28,1],[22,-4],[-4,-23],[18,-9],[29,27],[10,1],[22,-11],[31,-4],[27,-17],[27,0],[31,29],[15,24],[23,10],[29,30],[24,12],[38,-12],[28,11],[32,-7],[30,17],[42,2],[42,14],[44,-10],[36,8],[34,15],[7,12],[18,6],[30,27],[27,9],[23,-17],[29,-8],[20,-17],[18,-7],[26,-1],[31,-7],[28,-16],[58,-14],[19,-37],[25,-31],[7,-25],[-5,-42],[-4,-61],[-14,-10],[-40,-47],[-22,-33],[-13,-30],[-15,-22],[-18,-9],[-34,-29]],[[24317,42368],[-192,-15],[-68,-9],[-35,-12]],[[24022,42332],[-10,146],[0,13]],[[21948,34060],[-13,42],[-19,42],[-1,24],[10,31],[15,21],[22,14],[52,8],[45,23],[22,4],[90,-8],[27,2],[37,13],[63,37],[28,6],[35,-11],[20,-24],[7,-17],[8,-42],[16,-39],[-1,-31]],[[21833,34146],[24,47],[27,87],[5,38],[2,55]],[[21891,34373],[28,2],[25,6],[133,57],[28,8],[52,3],[30,12],[12,11],[19,28],[6,27]],[[22224,34527],[26,-2],[12,4],[6,-16],[2,-26],[45,-40],[27,-8],[21,-12],[28,-29],[30,-1],[13,-24],[43,-38],[8,0],[14,18],[28,-21],[0,-23],[-91,1],[1,-97],[60,-1],[0,-32],[61,-1],[0,-51]],[[21848,34024],[-19,43],[-4,31],[8,48]],[[18369,37728],[53,-2],[61,-12],[36,-2],[161,7],[63,4],[80,11],[175,26],[49,0],[33,-3],[57,-10],[32,-10],[152,-59],[139,-55],[68,-26],[40,-11]],[[18356,37321],[-211,-8],[-36,2]],[[17861,37302],[17,241],[1,33],[-2,138]],[[16633,29373],[129,146],[312,354],[112,125],[135,153],[78,86],[31,36],[290,326],[87,100],[168,189],[185,209],[17,19]],[[18584,31691],[112,1],[260,-1],[845,-10],[6,184],[63,65],[181,4],[11,259],[230,271],[478,-15],[119,-1],[2,-65],[166,-1]],[[21057,32382],[190,-1],[-1,65],[237,-6],[-2,258],[156,-5],[59,-2]],[[21696,32691],[23,0],[36,-41],[-1,-88],[148,2],[61,32],[166,2],[16,56],[28,22],[65,-2],[3,104],[26,21],[54,-11],[48,-22],[24,-2],[2,38],[-46,34],[-47,24],[-29,0],[-27,37],[1,33],[32,24],[61,-1],[0,16]],[[22340,32969],[1,17],[-25,21],[-35,2],[-31,7],[-28,28],[-104,57]],[[22118,33101],[229,36],[0,11]],[[22224,34527],[-3,26],[-6,19],[-29,31],[-49,25],[-39,33],[-31,14],[-27,-1],[-33,-17],[-49,-44],[-30,-16],[-28,-10]],[[21900,34587],[-27,72],[-19,29],[-37,30],[-44,21],[-15,14],[-13,26],[-3,20]],[[21742,34799],[1,122]],[[23424,35266],[425,0],[147,-1],[126,-2]],[[24122,35263],[293,-1],[126,0]],[[24541,35262],[3,-4],[106,-1]],[[24650,35257],[9,0],[-2,-257]],[[25625,34748],[122,0],[-1,-19],[707,7],[58,16],[206,-9]],[[26717,34743],[52,-62],[16,-27],[22,-55],[51,-183],[22,-52],[21,-34],[34,-42],[26,-23]],[[20645,41993],[157,2]],[[20802,41995],[40,1]],[[20842,41996],[-3,-38],[1,-186],[-4,-33]],[[20836,41739],[-144,-2],[-67,8]],[[20625,41745],[17,67],[4,62],[-1,119]],[[20429,34699],[163,152],[56,50]],[[20648,34901],[109,103],[12,11],[181,168],[109,102]],[[21059,35285],[119,-142],[13,-21],[8,-30],[2,-61]],[[21201,35031],[0,-78],[-9,-83],[-14,-36]],[[21178,34834],[-17,-32],[-21,-22],[-95,-75],[-17,-18],[-20,-39],[-2,-47],[13,-34],[16,-33],[21,-22],[13,-27],[10,-54],[13,-20],[16,-13]],[[21284,34237],[-31,-18],[-17,-16],[-20,-27],[-20,-51],[1,-84],[15,-61],[12,-32]],[[21224,33948],[-43,-22],[-35,-13]],[[21146,33913],[-32,-5],[-185,-1],[-155,-3],[-78,1]],[[20696,33905],[-87,163],[-18,37],[-11,51],[-2,123],[0,174],[-3,49],[-9,26],[-17,28],[-21,27],[-99,116]],[[21201,35031],[146,-7],[145,-2]],[[21492,35022],[50,4],[66,25],[31,9],[24,1],[80,-1]],[[21742,34799],[-3,-30],[9,-52],[-2,-91]],[[21308,34585],[-24,41],[-13,30],[-9,35],[-13,70],[-15,34],[-17,18],[-39,21]],[[21077,41593],[-1,-79],[6,-29]],[[20975,41485],[0,49],[3,60],[99,-1]],[[18382,42125],[-64,1],[-24,-7],[-72,-40],[-13,-3],[-77,0]],[[18132,42076],[1,105]],[[21572,41991],[244,-7]],[[21816,41844],[-127,2],[-23,24],[0,16],[-94,2]],[[21572,41888],[0,103]],[[22439,42125],[125,4]],[[22564,42129],[3,-132]],[[22567,41997],[-124,1]],[[20760,35550],[62,0]],[[20883,35293],[-122,2]],[[20271,39911],[57,-6],[132,1],[54,13]],[[20514,39919],[-4,-101]],[[20510,39818],[-83,-1]],[[20271,39815],[2,83],[-2,13]],[[22962,39915],[3,-130]],[[22965,39785],[3,-128]],[[22968,39657],[-246,-3]],[[22722,39654],[-1,17]],[[22717,39804],[-4,109]],[[22871,39524],[100,0]],[[22971,39524],[2,-125]],[[22973,39399],[-28,2],[-85,-4]],[[22860,39397],[-2,70],[7,3],[-2,42],[8,12]],[[22968,39657],[3,-133]],[[22871,39524],[-145,1]],[[22726,39525],[-4,129]],[[22961,40178],[162,3]],[[23123,40181],[84,2]],[[23207,40183],[4,-51],[1,-82],[-2,-134]],[[23210,39916],[-128,-1],[-120,2]],[[20756,39818],[-8,-169]],[[19294,40250],[2,-63]],[[19296,40187],[-123,-1]],[[19052,40186],[3,-64]],[[19182,39541],[-1,-130]],[[19181,39411],[-127,1]],[[19054,39412],[2,97]],[[20863,39384],[51,1]],[[20989,39385],[5,-128]],[[20868,39258],[-5,126]],[[18346,38348],[238,17]],[[18820,38897],[334,0]],[[20761,38899],[123,1]],[[20884,38900],[0,-132]],[[20884,38768],[-122,2]],[[20762,38770],[-1,129]],[[20743,37490],[-2,23],[9,29],[18,39],[6,83]],[[21014,35925],[244,0]],[[21258,35925],[-2,-127]],[[21256,35798],[-245,0]],[[21011,35798],[3,127]],[[20520,35659],[-2,-105]],[[20395,35557],[-126,2]],[[20269,35559],[4,109]],[[17380,37700],[74,-2],[81,-13],[118,2],[121,4],[67,22],[36,1]],[[17507,37038],[-140,-1],[-33,1],[-181,-2],[-64,-3],[-91,-1],[-56,0],[-65,-18]],[[16874,37293],[-2,194]],[[18588,39393],[230,17]],[[18818,39410],[-1,-14],[1,-113]],[[18585,40042],[232,13]],[[18586,39911],[-1,131]],[[18108,38730],[-1,-129]],[[17648,41336],[0,147]],[[17648,41483],[152,-3],[21,-3]],[[17821,41477],[3,-115],[-70,2],[0,-12],[-41,-1],[0,-72],[4,-7],[38,1],[0,-23],[-17,-6],[0,-26]],[[17738,41218],[-42,0]],[[17696,41218],[-49,0]],[[17647,41218],[1,118]],[[18606,46537],[119,5],[117,7]],[[18842,46549],[-1,-130]],[[18841,46419],[-1,-129]],[[18840,46290],[-36,0],[-77,-8],[-117,-11]],[[18607,46404],[-1,133]],[[16069,43583],[180,7],[121,7]],[[16370,43597],[3,-134]],[[16373,43463],[-243,-10],[-61,-1],[0,131]],[[15890,41273],[24,-239]],[[18858,45371],[2,-194],[1,-73]],[[18359,45097],[9,122],[3,129]],[[47205,65176],[986,0],[880,-1]],[[48592,63517],[-86,-77],[-113,-100],[-126,-112],[-191,-173],[-106,-97],[-57,-47],[-34,-25],[-102,-67],[0,-22],[12,-18],[-17,-15]],[[18262,42368],[51,-1],[-2,-73],[3,-39]],[[18134,42258],[1,113]],[[21306,44629],[44,30],[19,19],[23,39],[26,55],[30,34],[35,23],[46,16],[26,2]],[[21305,44583],[1,46]],[[23308,42643],[4,373],[122,-1],[3,34],[103,2],[8,93],[33,1],[-1,32],[28,3],[0,31],[31,-3],[28,91],[142,0],[146,-11],[1,17]],[[23956,43305],[19,16],[23,11],[14,18],[50,20],[31,1],[46,-14],[29,-13],[19,-4],[25,-30],[5,-29],[14,-26],[47,-43],[15,-27],[15,-41],[2,-18],[13,-27],[11,-13],[10,-36],[-3,-17],[13,-32],[7,-28],[-16,-26],[-7,-34],[7,-29],[-55,-2],[-17,-192]],[[24012,42491],[-126,1]],[[23886,42492],[-121,1]],[[23765,42493],[21,279],[-122,4]],[[19830,44589],[0,-133]],[[19830,44456],[2,-45]],[[20392,35301],[-115,2],[-8,-1]],[[20269,35302],[2,92],[-3,116],[1,49]],[[21450,42654],[91,69]],[[21560,42738],[20,-37],[4,-23],[-5,-28]],[[21933,42901],[128,0]],[[22061,42901],[-1,-128]],[[22060,42773],[-126,0]],[[21934,42773],[-1,128]],[[23517,40444],[65,-2]],[[23582,40442],[122,-2]],[[23705,40181],[-124,0]],[[26294,42462],[23,11],[46,-4],[34,-7],[46,-15],[15,0],[147,33],[103,25],[65,12],[39,0],[43,5],[19,5],[15,24],[9,140],[6,16],[16,12],[144,62],[377,249],[15,14],[7,17],[159,390],[21,19],[37,0],[-1,83],[1,107],[0,85],[0,124],[-1,173],[1,171],[-5,36],[-17,46],[-13,22],[-82,111],[-94,131],[-107,144],[-12,20],[-8,21],[-1,37],[12,61],[9,36],[14,30],[62,105],[10,28],[1,32],[-7,80],[8,50],[35,87],[23,50],[25,63],[26,85],[3,23],[-4,33],[-24,54],[-7,34],[3,21],[31,79],[11,20],[50,64],[4,11],[12,113],[1,21],[-5,27],[-20,30],[-14,10],[-29,9],[-74,12],[-29,18],[-12,16],[-51,123],[-7,12],[-37,45],[-6,18],[-8,40],[-20,49],[-11,58],[-11,20],[-92,117],[-37,43],[-22,16],[-48,21],[-77,36],[-50,14],[-15,12],[-36,18],[-78,72],[-18,13],[-67,43],[-30,27],[-50,53],[-47,45],[-35,13]],[[30493,52726],[169,-1],[283,0],[-36,79],[-1,168],[-9,283],[97,7],[27,0],[2,-335],[16,-42],[55,-160],[173,-2],[542,2],[664,-2],[172,2],[654,1],[433,-1],[169,4],[-36,421],[-13,93],[-43,286],[-4,30],[-3,76],[-14,104],[-13,319],[1,356],[7,212],[4,236],[-13,893]],[[38855,55533],[54,-104],[39,-76],[142,-276],[20,-37],[54,-80],[87,-133],[33,-49]],[[39729,54210],[35,-22],[47,-61],[342,-449],[91,-119],[36,1],[13,-64],[33,42],[6,-8],[215,-143],[53,-4],[21,-23],[14,-33],[14,6],[3,37],[-1,24],[-8,18],[-9,82],[6,11],[-1,22],[-17,21],[53,-29],[33,-5],[37,-32],[39,-1],[54,-33],[10,-20],[23,-17],[12,-29],[18,-18],[35,-16],[25,-39],[-20,-42],[20,-41],[30,-36],[37,-20],[9,-11],[11,-30],[11,-18],[22,-12],[13,-27],[12,-51],[-1,-25],[-8,-17],[2,-20],[30,-35],[25,-12],[17,5],[24,-18],[13,-2],[18,12],[30,-4],[3,-29],[12,-3],[10,10],[22,-2],[7,-32],[-3,-23],[20,-9],[15,7],[2,-16],[13,-8],[-2,31],[14,-11],[25,-3],[-8,-24],[-17,-1],[-4,-24],[10,-4],[14,11],[16,1],[5,-12],[25,3],[13,19],[7,-18],[-1,-18],[-26,-29],[0,-11],[23,0],[3,12],[42,38],[25,-5],[-4,-28],[-13,-11],[18,-38],[42,0],[2,-20],[-21,-15],[-4,-38],[41,22],[1,18],[38,37],[13,-7],[33,19],[13,-4]],[[41563,40407],[-35,-21],[-40,-31],[-51,-25],[-41,-1],[-186,56],[-165,58],[-110,43],[-107,25],[-91,17],[-96,1],[-92,-17],[-75,-50],[-81,-83],[-51,-79],[-83,-113],[-77,-61],[-136,-105],[-126,-92],[-109,-74],[-116,-84],[-35,-9],[-57,24],[-46,62],[-69,73],[-67,133],[-36,99],[-38,58],[-67,42],[-100,16],[-81,-6],[-85,-21],[-261,-220],[-153,-105],[-104,-37],[-114,-23],[-192,-50],[-81,-2],[-79,23],[-68,46],[-35,50],[-15,60],[-5,58],[22,47],[34,63],[55,61],[53,41],[58,29],[20,23],[10,32],[-7,57],[-22,46],[-193,184],[-85,30],[-83,8],[-71,-18],[-255,-74],[-72,-16],[-62,-3],[-33,14],[-17,44],[-42,33],[-84,42],[-46,12],[-109,4],[-45,-9],[-51,-19],[-55,-13],[-96,26],[-60,29],[-47,7],[-39,-19],[-97,-35],[-97,-4],[-119,13],[-55,-3],[-88,-37],[-75,-43],[-49,-59],[-51,-42],[-82,-15],[-107,-59],[-60,-25],[-88,-18],[-94,-40],[-43,-35],[-168,-169],[-139,-126],[-108,-69],[-60,-22],[-40,5],[-41,19],[-60,50],[-45,89],[-43,102],[-89,128],[-38,38],[-54,14],[-26,-31],[-31,-53],[-89,-130],[-29,-22],[-39,-4],[-50,-11],[-51,-50],[-102,-61],[-91,-76],[-72,-45],[-104,-85],[-72,-73],[-63,-146],[-47,-80],[-60,-51],[-37,-7],[-94,-3],[-74,-2],[-35,-21],[-54,-44],[-41,-59],[-33,-43],[-53,-48],[-20,-12],[-37,-12],[-22,-2],[-48,12],[-18,10],[-54,42],[-28,18],[-97,38],[-27,1],[-28,-3],[-14,-7],[-46,-49],[-31,-21],[-21,-6],[-106,-41],[-39,-17],[-44,-9],[-39,0],[-34,-9],[-53,-21],[-56,-4],[-110,2],[-50,-1],[-29,-5],[-214,-44],[-151,-29],[-68,-15],[-45,-22],[-48,-34],[-207,-191],[-105,-89],[-6,-10],[-26,-93],[-37,-53],[-38,-49],[-26,-56],[-20,-58],[-4,-40],[17,-69],[95,-98],[46,-189],[32,-39],[68,-48],[46,-53],[33,-66],[5,-17],[-1,-30],[29,-84],[29,-107],[110,-119],[21,-86],[5,-78],[-17,-37],[-17,-25],[-37,-41],[-48,-47],[-61,-82],[-22,-77],[-5,-111],[15,-98],[23,-62],[34,-21],[31,0],[41,13],[45,7],[33,1],[31,-5],[25,-17],[52,-43],[81,-110],[108,-66],[25,-34],[18,-47],[-3,-35],[-31,-49],[-61,-78],[-90,-106],[-123,-100],[-107,-84]],[[27911,35728],[-18,5],[0,771],[0,702],[0,245],[0,724],[-28,-1],[-245,8],[14,715],[-485,1]],[[27149,38898],[53,166],[47,151],[-22,9],[-11,10],[-29,55],[-70,100],[-17,33],[-7,26],[-3,32],[2,120],[6,52]],[[27149,38898],[-36,-109],[-19,-41],[-126,-229],[-19,-30],[-37,-37],[-46,-25],[-157,-59],[-34,-15],[-47,-26],[-129,-58],[-81,-43],[-191,-119],[-48,-25],[-62,-20],[-33,-5],[-57,-6],[-39,-7],[-56,-17],[-53,-18],[-41,-17],[-34,-18],[-26,-18],[-46,-38],[-32,-36]],[[25700,37882],[-25,30],[-8,32],[-3,58]],[[25664,38002],[-18,370],[-1,26],[83,-21],[82,-17],[81,-3],[60,1],[-7,17],[-1,24],[1,63],[-83,-1],[-1,113],[-6,136]],[[22190,36549],[44,101],[16,57],[5,43],[-1,61]],[[22254,36811],[46,-3],[106,-35]],[[22406,36773],[-5,-17],[-12,3],[-13,-43],[23,-9],[-6,-20],[27,-1],[0,-17],[11,-7],[27,0],[24,-19],[16,-7],[15,4],[38,24],[16,17],[14,5],[39,2]],[[22620,36688],[0,-3]],[[22620,36685],[3,-42],[9,-24],[12,-18],[83,-107]],[[22727,36494],[-25,-18]],[[22702,36476],[-5,6],[-35,-31],[-15,7],[-26,-23],[-40,-25],[-36,2],[-19,39],[0,13],[-19,11],[-47,12],[-27,21],[-5,14],[12,51],[-9,27],[-19,11],[-20,-13],[-9,-48],[-33,-17],[-31,-2],[-16,6],[-11,-7],[-25,3],[-14,-4],[22,-37]],[[21640,35297],[47,-47],[35,-39],[9,-14],[10,-29],[2,-20],[0,-88]],[[21492,35022],[-3,262],[122,0],[29,13]],[[24823,35257],[27,-189],[11,-67]],[[24650,35257],[2,3],[56,-2],[115,-1]],[[26717,34743],[-128,149],[-44,50],[-87,101],[-37,40],[-47,41],[-37,25],[-36,20]],[[26301,35169],[12,28],[18,23],[37,34]],[[26368,35254],[33,10],[198,1],[1,257]],[[26600,35522],[0,160],[0,94],[-181,0],[-62,1]],[[26357,35777],[-121,0]],[[26114,35776],[0,129]],[[26114,35905],[1,113],[-1,107]],[[26114,36125],[231,-22],[46,-4],[54,-10],[27,0],[64,-5],[54,7],[41,-6],[33,-14],[26,8],[17,26],[3,35],[-7,14],[-20,18],[-41,59],[-8,16],[-3,33],[-5,3],[-162,48],[-68,21],[-29,7],[-7,12],[0,167],[-6,9],[-239,0]],[[25618,36854],[0,204]],[[25618,37058],[15,0]],[[25872,36807],[-231,-6],[-23,4]],[[25618,36805],[0,49]],[[29003,33871],[-10,-21],[-22,-67],[30,-4],[36,11],[24,17],[20,-1],[21,-14],[31,24],[22,24],[22,49],[17,14],[22,9],[6,24],[-11,20],[1,11],[14,18],[6,76],[-3,76],[-19,30],[-1,17],[10,19],[-1,35]],[[29218,34238],[31,2],[32,9],[32,15],[17,14],[31,29]],[[39542,54721],[-2,86],[0,152],[3,45],[-2,40],[-36,-1],[-12,71],[-18,59],[0,119],[-1,7],[-124,-1],[0,265],[-7,30],[-34,62],[-17,20]],[[34736,4556],[42,24],[22,16],[18,20],[25,44],[6,28],[1,34]],[[35408,4238],[-56,2],[-34,-14],[-207,12],[-70,3],[-122,-5],[-75,-14],[-66,-19],[-56,-30],[-30,-9],[-42,-20],[-41,-24],[-64,-42],[-87,-105],[-54,-58],[-43,-55],[-57,-89],[-52,-57],[-37,-32],[-21,-32],[-26,-67],[-18,-43],[5,-38],[25,-43],[52,-74]],[[21813,42256],[20,-50],[17,-32],[12,-32],[23,-37],[22,-14],[21,-21],[36,-27],[24,-24],[10,-29]],[[21998,41990],[-57,-1]],[[21816,41984],[-2,128]],[[21814,42112],[-1,144]],[[18833,43408],[-2,-130]],[[18831,43278],[3,-262]],[[18522,43269],[-72,104]],[[18450,43373],[54,41],[-42,60],[1,53],[133,4],[31,-8],[17,-1],[58,6],[2,-118],[6,-4],[123,2]],[[17979,42781],[143,-10]],[[18122,42771],[15,-253]],[[18137,42518],[-127,3]],[[18010,42521],[-38,1]],[[18122,42771],[120,-6]],[[18242,42765],[61,-6],[58,-3]],[[18361,42756],[3,-19]],[[18364,42737],[26,-224]],[[18390,42513],[-127,3]],[[17883,43049],[225,-24]],[[18108,43025],[7,-127]],[[18115,42898],[-116,10],[-18,-9],[-9,3],[-2,-46],[-27,5],[-60,4]],[[18832,44191],[288,0],[27,1],[184,0]],[[19328,44061],[-216,-2],[-36,1]],[[19076,44060],[-138,-1],[-107,0]],[[18831,44059],[1,132]],[[18626,41988],[243,-1]],[[18869,41987],[0,-30],[2,-227]],[[18627,41731],[-1,31],[0,226]],[[21749,35973],[3,118],[-1,65]],[[21751,36156],[210,-2]],[[21961,36154],[10,-18],[4,-36],[21,-54],[9,-30],[0,-51],[-3,-41],[-13,-43],[-20,-29],[-43,-52],[-18,-32]],[[21783,35488],[-66,-104],[-22,-29],[-55,-58]],[[21640,35297],[-114,120]],[[20318,44328],[0,110],[-5,35],[-9,22],[-19,24],[-53,39],[-11,13]],[[19076,44060],[1,-18],[4,-252]],[[19081,43790],[-125,-5],[-83,-5],[-44,-3]],[[18829,43777],[2,282]],[[19328,44061],[-3,-132],[1,-48],[-1,-79]],[[19325,43802],[-244,-12]],[[21369,42389],[122,2]],[[21582,42260],[-25,0]],[[21557,42260],[-156,-2],[-78,0]],[[21323,42258],[-7,35],[-13,22]],[[21332,42773],[70,1]],[[21109,43030],[89,0]],[[20968,42769],[3,18],[46,84],[9,13],[83,146]],[[21324,43029],[91,0]],[[22311,43562],[4,276]],[[22315,43838],[69,0],[175,-2]],[[22559,43836],[-3,-156],[-1,-111],[-2,-46],[7,-26]],[[22560,43497],[-96,-73]],[[22312,43308],[-1,254]],[[22671,43581],[-111,-84]],[[21812,42518],[123,-1]],[[21935,42517],[3,-264]],[[21938,42253],[-125,3]],[[21813,42256],[0,58],[-1,154]],[[21935,42517],[112,-1],[264,-2]],[[22311,42514],[0,-133]],[[22311,42381],[1,-133]],[[22312,42248],[-248,4]],[[22064,42252],[-126,1]],[[21247,39254],[127,4]],[[21374,39258],[-1,-132],[1,-262]],[[21252,38864],[-4,260]],[[21248,39124],[-1,130]],[[17388,44097],[125,0]],[[17513,44097],[-2,-258]],[[17511,43839],[-123,1]],[[17388,43840],[1,161],[-1,96]],[[15868,42119],[-24,-42],[-40,-96],[-22,-41],[-20,-29],[-44,31],[-39,15],[-66,19]],[[17861,39643],[126,-2],[1,-132],[123,-1]],[[18111,39508],[0,-131]],[[17862,39377],[0,134]],[[19042,40442],[158,-1]],[[19200,40441],[89,-1]],[[19289,40440],[3,-115]],[[16096,40699],[0,-32],[20,-80]],[[16116,40587],[3,-21],[4,-129]],[[22236,40174],[118,0]],[[22354,40174],[35,0]],[[22389,40174],[0,-36],[7,-22],[0,-42],[-32,-3],[-27,-17],[44,-81],[3,-9],[1,-51]],[[22385,39913],[-100,0],[-14,8],[-18,34],[-21,12]],[[22232,39967],[1,10],[3,197]],[[21005,38899],[247,-35]],[[21007,38767],[-2,132]],[[17403,41642],[42,-2],[108,-17],[34,0]],[[17587,41623],[-7,-33],[0,-46],[-35,1],[-20,4],[1,-65]],[[17526,41484],[-121,1]],[[17405,41485],[-3,65],[1,92]],[[22201,37325],[66,-3],[70,0]],[[22337,37322],[23,-1]],[[22360,37321],[131,-1]],[[22491,37320],[-9,-27],[3,-26],[-23,0],[-25,-26],[-8,-15],[65,-34],[-17,-37],[-14,-13],[-9,-27]],[[22454,37115],[-90,31],[-117,37]],[[22247,37183],[-5,36],[-41,106]],[[17759,43573],[123,1]],[[17882,43312],[-122,0]],[[17760,43312],[-1,261]],[[18113,43811],[-1,-117],[0,-145]],[[17882,43574],[1,85],[33,-2],[42,16],[14,-2],[1,47],[25,0],[0,106]],[[17890,41117],[64,-1],[70,-22],[15,-2],[93,0]],[[18132,41092],[-1,-56],[-4,-20],[-36,-37],[-4,-18]],[[17893,40960],[-3,157]],[[22702,36476],[-35,-30],[-26,-26],[-26,-21]],[[22615,36399],[-26,-16],[-33,-14],[-56,-10],[-33,2],[-31,5],[-33,13],[-31,17]],[[21404,36564],[45,0],[50,-7]],[[21499,36557],[26,-5]],[[21525,36552],[-3,-78],[-30,-1],[-13,-24],[-26,-62],[-28,-58],[4,-7],[41,0],[0,-18]],[[21470,36304],[-62,0]],[[21525,36552],[82,-15]],[[21607,36537],[-2,-18],[14,-3],[2,-18],[-5,-16],[3,-14],[-2,-75],[-5,-30],[5,-18],[-6,-21],[-22,4],[-9,-6],[0,-18]],[[21580,36304],[-110,0]],[[21607,36537],[52,-4],[71,1],[33,4]],[[21763,36538],[-4,-123]],[[21759,36415],[-3,-105]],[[21756,36310],[-176,-6]],[[25138,35771],[59,1],[202,0],[45,2],[61,0]],[[25505,35710],[-16,0],[0,-46],[-5,-5],[-75,0],[-101,0],[-47,3],[-44,-2],[-24,5],[-29,11],[-26,2]],[[25138,35678],[0,93]],[[28944,34408],[3,0],[225,15],[29,27]],[[29218,34238],[-199,-14]],[[28956,34220],[-12,188]],[[23049,42530],[12,1],[246,-1]],[[23307,42530],[-2,-67],[-1,-155],[-2,-37]],[[23302,42271],[-244,0]],[[23058,42271],[-1,28],[-1,220],[-7,11]],[[19032,41990],[287,7]],[[19318,41740],[-76,-2]],[[19242,41738],[-296,-6],[-75,-2]],[[19604,41735],[44,-67],[48,-70]],[[19696,41598],[23,-31],[19,-32]],[[19241,41559],[2,45],[-1,134]],[[17513,44097],[125,1]],[[17638,44098],[127,1]],[[17762,43837],[-7,0]],[[17755,43837],[-85,0],[-159,2]],[[19325,43802],[5,-263]],[[19330,43539],[-245,0]],[[19085,43539],[-4,251]],[[18093,40828],[13,-268]],[[18106,40560],[-220,1],[-28,-1]],[[17858,40560],[-6,132]],[[17852,40692],[-5,132]],[[22952,37316],[164,0]],[[23116,37316],[-3,-129],[-35,0],[-6,-16],[29,0],[-5,-31],[-20,-28],[-13,-37],[-31,0],[1,-17],[-43,0]],[[22990,37058],[0,78],[-12,42]],[[22978,37178],[-22,37],[-3,24],[-1,77]],[[17397,42007],[2,-82],[-1,-49]],[[21085,41868],[121,0]],[[21206,41868],[1,-129]],[[21207,41739],[-1,-66]],[[21206,41673],[-49,1],[-11,13],[0,35],[-24,0],[1,17],[-39,0]],[[21084,41739],[1,129]],[[22000,38625],[6,-269]],[[22006,38356],[-84,8],[-179,19]],[[21743,38383],[-2,252]],[[21273,37080],[179,2]],[[21452,37082],[-1,-27],[-9,-26],[-25,-24],[-10,-20],[0,-33],[-104,-1],[-31,1]],[[16139,40306],[-2,-26],[-7,-23],[0,-34],[14,-43]],[[16144,40180],[-2,-43],[-11,-42],[-4,-45]],[[16127,40050],[-64,1],[-16,8],[-28,28],[-12,29],[-2,61]],[[16005,40177],[-1,60],[11,31],[32,32],[20,6],[55,-1]],[[21329,41997],[1,-217]],[[21330,41780],[0,-41]],[[21330,41739],[-123,0]],[[21206,41868],[1,128],[122,1]],[[21558,42127],[60,-2],[28,-9],[168,-4]],[[21572,41991],[-13,0]],[[21559,41991],[-1,136]],[[22615,36399],[10,-14],[-20,-12],[23,-65],[-19,-10],[-3,-35]],[[22606,36263],[-245,-40]],[[22727,36494],[36,24],[33,14],[27,5],[34,1]],[[22857,36538],[1,-41],[7,-21],[22,-31],[60,-33],[19,-24],[5,-25],[-2,-40]],[[22969,36323],[-268,-43],[-95,-17]],[[21258,35925],[6,237]],[[21264,36162],[157,-3],[330,-3]],[[21604,35795],[-165,1],[-183,2]],[[20763,38641],[122,-1]],[[20886,38510],[-1,-36]],[[28944,34408],[-66,50]],[[16887,44634],[244,-1]],[[17131,44633],[1,0]],[[17132,44633],[1,-131],[-3,-66],[18,-18],[85,-1],[18,3],[19,18],[43,17],[16,10],[10,20],[-2,20],[-11,22],[1,68],[-10,39]],[[17317,44634],[173,1]],[[17490,44635],[2,-48],[7,-21],[-20,-13],[-13,-26],[-3,-34],[-12,-24],[-28,-26],[-11,-19],[-10,6],[-39,-30],[-29,-17],[-1,-17]],[[17333,44366],[-200,5]],[[17133,44371],[-148,2],[2,130],[-103,1]],[[16884,44504],[3,130]],[[16356,42782],[19,16],[21,11],[28,7],[36,2]],[[16460,42818],[36,2],[131,-8],[77,-12],[59,-16]],[[16763,42784],[-5,-18],[-25,2],[-18,-39],[-24,-37],[-42,-57],[-24,-44],[-13,-31],[-2,-23]],[[16610,42537],[-66,33],[-45,17],[-72,17]],[[16427,42604],[-117,16]],[[16310,42620],[13,98],[7,24],[26,40]],[[19414,40954],[367,-2]],[[19781,40952],[-2,-39],[-2,-77]],[[19777,40836],[-90,1],[-1,-87],[-74,1]],[[19612,40751],[-149,1],[0,32],[-50,0]],[[19413,40784],[1,170]],[[21016,42256],[67,0],[0,-52]],[[21083,42204],[2,-125],[0,-83]],[[21085,41996],[-151,0]],[[20934,41996],[-1,129],[-15,0],[82,108],[16,23]],[[25633,37226],[-10,0],[-134,0],[-16,-8],[-64,46],[-12,1],[-7,17],[-11,7]],[[25379,37289],[35,67]],[[25290,37121],[89,168]],[[25618,37058],[-26,3],[-19,10],[-25,23],[-32,9],[-119,-1]],[[25397,37102],[-70,1],[-17,5],[-20,13]],[[24992,36732],[89,85],[53,57],[57,74]],[[25191,36948],[12,-12],[64,-75],[-52,-48],[1,-6],[52,-63],[9,3],[119,0]],[[25396,36747],[0,-79]],[[25396,36668],[-2,-43],[-35,-75]],[[25359,36550],[-71,-158]],[[25288,36392],[-95,110]],[[25193,36502],[-111,128]],[[25082,36630],[-90,102]],[[25191,36948],[33,50],[39,70],[27,53]],[[25397,37102],[0,-178]],[[25397,36924],[-1,-177]],[[25618,36854],[-94,-1],[-24,6],[11,22],[-4,44],[-110,-1]],[[25618,36805],[-1,-68]],[[25617,36737],[-111,0],[0,-101],[-110,32]],[[25617,36737],[0,-135],[3,-15],[-3,-171]],[[25617,36416],[-233,1],[1,126],[-26,7]],[[22513,39664],[19,-12],[66,-73],[-1,-83],[14,-17],[99,39],[16,1]],[[22726,39519],[5,-128]],[[22731,39391],[-51,3]],[[22680,39394],[-203,236]],[[22477,39630],[36,34]],[[22474,40174],[131,0]],[[22605,40174],[104,0]],[[22713,39913],[-239,1]],[[22474,39914],[0,260]],[[16904,41090],[18,-5],[233,2],[0,130]],[[17155,41217],[77,1]],[[17232,41218],[0,-14]],[[17232,41204],[-31,-2],[-4,-84],[0,-67],[-9,-13],[0,-62],[5,-7],[23,-3],[11,7],[10,-14]],[[17237,40959],[-143,0]],[[16845,40958],[-1,32],[4,17],[14,26],[30,32],[12,25]],[[17232,41204],[32,-2],[-1,-153],[27,6],[5,-26],[34,1],[36,38],[14,-14]],[[17379,41054],[-26,-26],[-14,-23],[-7,-45]],[[17332,40960],[-95,-1]],[[17232,41218],[168,2]],[[17400,41220],[-1,-116],[-4,-22],[-16,-28]],[[49481,63779],[273,2],[148,1]],[[49902,63782],[-13,-14],[-20,-11],[-22,-19],[-12,-34],[-5,-43],[-13,-43],[-1,-36]],[[49816,63582],[-54,-4],[-54,-7],[-24,0],[-19,-5],[-2,13],[0,75],[-19,2],[-169,-2],[-83,-3]],[[49392,63651],[81,86],[6,9],[2,33]],[[49385,63524],[5,31],[0,74],[2,22]],[[49816,63582],[2,-85],[-7,-14],[-2,-25]],[[49384,63323],[-1,55],[2,146]],[[50447,64273],[0,-142],[1,-215]],[[50448,63916],[-21,4],[-177,-2],[-127,0],[1,-132],[-27,-3],[-195,-1]],[[49902,63782],[10,35],[-4,25],[3,21],[18,30],[5,47],[31,70],[-4,25]],[[50448,63916],[3,-290]],[[18333,43001],[28,-245]],[[18242,42765],[-12,124],[-115,9]],[[18579,43006],[28,-249]],[[18607,42757],[3,-21]],[[18610,42736],[-246,1]],[[18871,42773],[4,-13],[-53,6],[-50,0],[-165,-9]],[[18610,42736],[7,-80],[18,-148]],[[18635,42508],[-27,1]],[[18888,42748],[-4,-12],[-5,-234]],[[18879,42502],[-244,6]],[[18010,42521],[-2,-261]],[[18008,42260],[-184,4]],[[18134,42258],[-126,2]],[[16144,40180],[52,4],[73,-12],[42,5],[32,14],[35,5]],[[16378,40196],[5,-146]],[[16383,40050],[-108,-2],[-15,-20],[-16,2],[-9,18],[-108,2]],[[16383,40050],[3,-128]],[[16386,39922],[-250,-1]],[[16136,39921],[0,24],[-8,51],[-1,54]],[[16370,40438],[267,-12]],[[16637,40426],[-2,-106]],[[16635,40320],[-34,6],[-31,1],[-56,-8],[-1,-53],[-13,-41],[-5,-25],[-36,-2],[-31,-7],[-50,5]],[[16378,40196],[-4,112]],[[16635,40320],[-13,-23],[-25,-19],[-15,-32],[1,-16],[22,-35],[1,-24],[-12,-38],[-20,-31],[-9,-72]],[[16565,40030],[-86,13],[-39,5],[-57,2]],[[16565,40030],[0,-23],[7,-11],[32,-36],[24,-14],[4,-16],[13,-4],[4,-11]],[[16741,40068],[14,21],[19,42],[5,36],[-3,32],[20,2],[85,0]],[[16881,40201],[-1,-32]],[[16880,40169],[1,-190]],[[16881,39979],[-28,0],[-20,10],[-70,0],[-3,3],[-19,49],[14,15],[-14,12]],[[16633,41230],[-62,-79],[-18,-29],[-9,-33]],[[17628,45121],[1,-429],[18,-14],[9,-15],[3,-25]],[[17659,44638],[-93,-3]],[[17566,44635],[-97,137],[-148,210]],[[17321,44982],[-126,180]],[[17752,45110],[0,-60],[2,-81],[-1,-290],[1,-40]],[[17754,44639],[-95,-1]],[[17873,45098],[6,-64],[-3,-106],[2,-60],[0,-85],[2,-142]],[[17880,44641],[-126,-2]],[[19085,43539],[-192,-2],[-58,0]],[[18835,43537],[-4,129],[-2,111]],[[19581,44060],[1,-158],[-1,-99]],[[19581,43803],[-129,-2],[-127,1]],[[19826,43803],[-42,-1],[-203,1]],[[19581,43803],[-3,-124],[-1,-142]],[[19577,43537],[-74,1],[-173,1]],[[22312,42248],[3,-125]],[[22129,41993],[-62,-1]],[[22067,41992],[-2,85],[1,72],[-2,103]],[[23642,42494],[123,-1]],[[23765,42493],[13,-176],[5,-68]],[[23783,42249],[-248,11]],[[23535,42260],[-17,233]],[[34949,1764],[-59,-55],[-168,-153],[-36,-39],[-52,-77],[-20,-47],[-35,-47],[-26,-58],[-47,-94],[-28,-66],[-28,-84],[-15,-64],[-33,-88],[-5,-81],[-13,-96],[8,-91],[-2,-83],[9,-115],[15,-125],[10,-52],[31,-105],[57,-144],[-26,27],[-526,553],[-590,625]],[[20348,39148],[42,-178],[19,-69]],[[18587,39556],[92,6],[23,-3],[39,-24],[14,-2],[61,4]],[[18816,39494],[2,-84]],[[18588,39393],[-1,129]],[[18587,39522],[0,34]],[[17873,45098],[114,-3],[134,-1],[238,3]],[[18341,44565],[-230,38]],[[18111,44603],[-231,38]],[[17882,44393],[82,-10],[33,11],[0,-24],[115,-15]],[[18112,44355],[0,-18]],[[18112,44337],[0,-265]],[[18112,44072],[-105,12],[-64,6]],[[17941,44093],[-76,112]],[[17865,44205],[19,19],[0,76],[-2,93]],[[18111,44603],[1,-248]],[[17882,44393],[-1,112],[-1,136]],[[18341,44565],[0,-194],[-1,-65]],[[18340,44306],[-228,31]],[[18340,44306],[-1,-259]],[[18339,44047],[-227,25]],[[18405,44565],[-1,-145],[23,-5],[-1,-106],[32,1],[10,-5],[-5,-150],[-3,-108]],[[18460,44047],[-121,0]],[[18386,42358],[-1,-104]],[[18509,42355],[-1,-104]],[[18879,42502],[-4,-257]],[[18875,42245],[-327,6]],[[17638,42167],[-16,0],[-3,21],[-86,0],[-5,-6],[2,-95],[9,-4],[-7,-24],[0,-53]],[[17532,42006],[-135,1]],[[17641,42005],[-109,1]],[[18008,42260],[0,-77],[-12,0],[0,-34],[-7,-6],[-25,0],[0,-142]],[[17964,42001],[-82,1]],[[17882,42002],[-64,0]],[[18132,42076],[-1,-77]],[[18131,41999],[-167,2]],[[22801,43512],[0,-95]],[[22801,43417],[-112,-3],[-11,-3],[1,101]],[[22556,43304],[122,5]],[[22678,43309],[2,-79],[-1,-54]],[[22059,43116],[14,11]],[[22073,43127],[239,181]],[[22313,43031],[-2,-263]],[[22311,42768],[-251,2]],[[22060,42770],[0,3]],[[22061,42901],[0,130],[-2,85]],[[21807,43293],[192,1],[59,2]],[[22058,43296],[1,-138],[14,-31]],[[22059,43116],[-250,-190]],[[21809,42926],[-1,103]],[[21805,43550],[251,6]],[[22056,43556],[2,-260]],[[21843,43832],[136,1],[85,2]],[[22064,43835],[-8,-279]],[[22064,43835],[251,3]],[[22311,43562],[-128,-3]],[[22183,43559],[-127,-3]],[[21954,37591],[44,1]],[[22194,37541],[-11,-45],[-2,-25]],[[22181,37471],[-65,6],[-5,-7],[0,-123],[-95,4],[-1,53],[-27,3],[-43,32],[15,22],[6,24],[-4,21],[-22,29],[-9,19],[10,26],[13,11]],[[22181,37471],[-1,-50],[5,-41],[16,-55]],[[22027,37253],[-80,17],[-88,11],[-46,3],[-53,0]],[[21760,37284],[0,61]],[[21760,37345],[-4,128],[122,-5],[-5,128],[81,-5]],[[18643,44570],[2,-27]],[[18554,44048],[-94,-1]],[[18834,44321],[-2,-130]],[[18831,44059],[-62,-5],[-50,0],[-69,-3]],[[17383,43709],[5,131]],[[17755,43837],[-1,-167],[6,-19],[-1,-78]],[[17759,43573],[-163,3],[-72,-1],[-145,2]],[[17379,43577],[4,132]],[[18829,43777],[-218,3],[-110,2]],[[18501,43782],[1,46],[7,44],[10,25],[36,56],[9,28],[-2,37],[-7,12],[-1,18]],[[18382,42125],[-1,-128]],[[18381,41997],[-250,2]],[[18546,42120],[26,-1],[-1,-63],[25,-1],[-2,-66]],[[18594,41989],[-104,4]],[[18490,41993],[-109,4]],[[18875,42245],[-2,-48]],[[18626,41988],[-32,1]],[[18490,41993],[4,-266]],[[18494,41727],[-107,-4]],[[18387,41723],[-4,137]],[[18383,41860],[-2,137]],[[18627,41731],[-133,-4]],[[19126,42412],[-31,-12],[-118,-90],[-29,-37],[-24,-19],[-22,-7],[-27,-2]],[[19240,42250],[-181,-3]],[[19588,43283],[-62,1],[-184,-2]],[[19342,43282],[-3,100],[-9,157]],[[19353,43024],[-5,154],[-6,104]],[[22553,37851],[86,-115]],[[22639,37736],[-35,-30],[-25,-34]],[[22579,37672],[-75,43],[-13,6],[-11,-34],[-28,7],[-48,-6],[-91,-35],[-21,-23],[-14,-37]],[[22278,37593],[-11,-14],[-25,-9],[-33,11]],[[22360,37321],[48,56],[20,15],[3,12],[62,84],[20,2],[64,-1]],[[22577,37489],[9,-61],[9,-28],[19,-34],[7,-22],[2,-26]],[[22623,37318],[-132,2]],[[22839,37585],[60,-5]],[[22899,37580],[0,-146],[12,-42],[25,-28],[11,-22],[5,-26]],[[22952,37316],[-191,-1]],[[22761,37315],[0,74],[5,8],[28,14],[-3,26],[-10,21],[59,28],[-14,37],[-29,-3],[-17,18],[3,18],[51,0],[5,29]],[[22623,37318],[1,-129]],[[22624,37189],[0,-45],[-4,-18],[-25,-58]],[[22595,37068],[-141,47]],[[22969,36323],[-2,-67]],[[22967,36256],[-41,0],[-26,-9],[-12,-14],[-27,-48],[-19,-16],[-43,-4]],[[22799,36165],[-50,2],[-46,-14],[-30,-24]],[[22673,36129],[-22,19],[-36,8],[-27,-7],[-52,-42],[-27,-10],[-38,6],[-42,21],[-25,5],[-27,-7],[-18,-13],[-13,-20],[-15,-38]],[[22331,36051],[-17,6],[-39,5],[-29,-4],[-27,-8]],[[22219,36050],[-37,141]],[[22673,36129],[-19,-27],[-35,-68],[-22,-31],[-21,-20],[-25,-16],[-27,-8]],[[22524,35959],[-30,-4],[-23,2],[-29,10],[-23,13],[-45,41],[-23,19],[-20,11]],[[17760,43312],[-277,1],[-100,2]],[[17383,43315],[-1,112],[-3,150]],[[17760,43312],[1,-263]],[[17387,43051],[-4,264]],[[18501,43782],[-160,2],[-197,23]],[[18144,43807],[166,-236],[57,-82],[83,-116]],[[18835,43537],[-2,-129]],[[19419,41998],[-47,62],[-41,60]],[[19331,42120],[7,4],[93,1]],[[20171,42510],[184,3]],[[20355,42513],[-2,-197]],[[20353,42316],[-183,1],[1,193]],[[20109,42511],[62,-1]],[[20353,42316],[-1,-64]],[[20352,42252],[-22,0],[-221,0]],[[20076,43537],[10,-254]],[[20086,43283],[-103,-3],[-113,5],[-34,-2]],[[20323,43532],[13,-248]],[[20336,43284],[-66,0],[-91,-2],[-93,1]],[[20086,43283],[10,-253]],[[20336,43284],[9,-175],[3,-35],[0,-38]],[[20348,43036],[-252,-6]],[[20822,44066],[95,1],[25,-1],[121,-1]],[[21063,44065],[4,-23],[26,-64],[2,-49],[-2,-35],[-17,-56],[0,-27],[-123,-1],[-122,0]],[[21063,44065],[92,0],[32,1],[91,-1],[29,1]],[[22623,37318],[138,-3]],[[22978,37178],[-55,-33],[-26,-9],[-32,6],[-49,27]],[[22816,37169],[-27,14],[-52,4],[1,48],[-5,5],[-31,0],[-4,-4],[0,-49],[-74,2]],[[22816,37169],[-11,-22],[-11,6],[-8,-30],[0,-103],[-5,-8],[40,-35],[-18,-19]],[[22803,36958],[-23,25],[-25,20],[-36,22],[-32,13],[-92,30]],[[22990,37058],[-3,-161],[-7,-34],[-9,-19],[-19,-26]],[[22952,36818],[-44,21],[-23,17],[-33,38],[-14,20],[-35,44]],[[23116,37316],[122,-1]],[[23238,37315],[-7,-256]],[[23222,36714],[-43,21],[-33,13],[-194,70]],[[22967,36256],[-2,-47],[7,-51],[13,-32],[22,-34],[68,-79]],[[23075,36013],[-234,-236]],[[22804,35739],[-37,37]],[[22767,35776],[-46,35],[-13,20],[-3,37],[16,35],[34,37],[18,32],[17,52],[7,85],[2,56]],[[24835,36283],[-1,-447],[0,-67]],[[24835,36283],[25,-6],[68,-24]],[[24928,36253],[-32,-1],[0,-223],[122,0],[-1,-258]],[[24928,36253],[24,-9],[127,-63],[71,-31],[22,-13]],[[25172,36137],[50,-29],[47,-40]],[[25138,35771],[-121,0]],[[25288,36392],[-104,-226]],[[25184,36166],[-102,50],[8,64],[-4,3],[-62,78],[111,91],[58,50]],[[20348,43036],[1,-129],[2,-95],[0,-71],[4,-228]],[[20348,43036],[203,4],[41,1]],[[20592,43041],[5,-160],[2,-95],[-2,-164],[1,-109],[-121,1],[-2,-145],[-9,-47],[0,-34],[8,-35]],[[20474,42253],[-122,-1]],[[20961,42514],[0,-174]],[[20961,42340],[-170,0],[0,-84]],[[20791,42256],[-77,2]],[[20714,42258],[19,48],[31,91],[31,65],[36,63]],[[20961,42340],[-3,-43],[-62,-1],[0,-22]],[[20896,42274],[0,-18],[-28,0],[0,-57],[-29,-3]],[[20839,42196],[-122,-1],[0,19],[10,22],[10,10],[21,4],[30,0],[3,6]],[[20584,41993],[13,37],[23,43],[24,39],[31,58],[39,88]],[[20839,42196],[-2,-57],[2,-14],[38,0],[-27,-25],[-11,-33],[-37,-72]],[[20645,41993],[-61,0]],[[22058,43296],[120,1],[7,5],[-2,257]],[[21810,42770],[37,0],[26,3],[61,0]],[[22060,42770],[2,-21],[1,-75],[-2,-32],[-64,1],[-47,-10],[-16,-2],[1,-114]],[[21811,42646],[-1,124]],[[22311,42768],[0,-254]],[[22524,35959],[4,-35],[-13,-20],[32,-33],[12,-8],[20,0],[15,9],[10,-18],[-37,-16],[-16,-17],[-3,-15],[15,-4],[1,-26]],[[22564,35776],[-33,7],[-80,-5]],[[22451,35778],[-220,9]],[[22231,35787],[4,173],[-4,36],[-12,54]],[[22767,35776],[-93,6],[-96,-1],[-14,-5]],[[22229,35628],[2,159]],[[22451,35778],[-13,-10],[15,-22]],[[22453,35746],[-43,-35],[-19,-25],[-11,-8],[-47,-12],[-66,-33],[-7,-11],[-1,-41],[11,-31],[2,-19]],[[22453,35746],[22,13],[29,7],[16,-19],[17,3],[11,9],[21,-9],[-24,-41],[18,-15],[-15,-18],[16,-19],[10,-36],[24,-44],[-58,-37],[10,-17]],[[25288,36392],[175,-202]],[[25172,36137],[12,29]],[[25617,36288],[71,-1],[184,1]],[[25872,36288],[0,-205]],[[25872,36083],[-50,0],[0,-25],[-29,0],[-26,-6],[-11,-12],[8,-18],[-33,-29],[-24,27],[-10,-10],[-80,89]],[[25617,36099],[0,189]],[[25872,36288],[175,1],[63,-1],[3,-3],[1,-160]],[[26114,35905],[-83,0],[0,15],[-61,0],[-2,3],[0,152],[-96,8]],[[25617,36416],[0,-128]],[[25617,36099],[-1,-88]],[[21083,42204],[60,1],[0,-14],[62,0],[-1,66],[119,1]],[[21323,42258],[3,-130]],[[21326,42128],[3,-131]],[[21085,41868],[0,128]],[[21557,42260],[1,-133]],[[21558,42127],[-232,1]],[[21559,41991],[-96,3]],[[21463,41994],[-134,3]],[[21611,42776],[198,150]],[[21809,42926],[0,-25]],[[21809,42901],[1,-131]],[[22710,40327],[35,1],[19,-5],[20,-15],[15,-23],[19,-13],[57,1],[30,19],[23,8],[15,0],[0,-29],[16,-10],[61,-1],[64,-28],[36,-7],[3,-6],[0,-38]],[[22709,40174],[1,153]],[[22710,40327],[1,37]],[[22651,40956],[114,0],[32,1]],[[22797,40957],[-1,-53],[-13,-59]],[[22722,40701],[-9,1],[-123,0]],[[23206,40968],[2,-43],[0,-199]],[[23208,40726],[0,-84]],[[23023,40725],[-3,20],[3,45],[21,55],[2,27],[0,61],[-3,34]],[[22800,41747],[193,1],[64,0]],[[23057,41748],[-5,-260]],[[22800,41486],[0,131]],[[22800,41617],[0,130]],[[23057,41748],[122,2]],[[23179,41750],[124,0]],[[23176,41493],[-124,-5]],[[22800,42009],[65,0],[195,4]],[[23060,42013],[122,-1]],[[23182,42012],[-4,-34],[-14,-39],[-3,-27],[2,-24],[14,-47],[2,-27],[0,-64]],[[22800,41747],[0,195]],[[22800,41942],[0,67]],[[24838,36341],[24,104],[15,36],[23,29],[26,23],[31,-40],[19,17],[-8,16],[8,15],[106,89]],[[21452,37082],[64,1]],[[21516,37083],[0,-42]],[[21516,37041],[0,-217]],[[21516,36824],[-178,-2],[-67,0]],[[21516,37083],[0,129],[245,3]],[[21761,37215],[0,-130]],[[21761,37085],[0,-130]],[[21761,36955],[-10,-12],[-97,-1],[0,25],[22,0],[-1,51],[-51,-1],[-1,25],[-107,-1]],[[21761,36955],[1,-56]],[[21762,36899],[0,-73]],[[21762,36826],[-136,-1]],[[21626,36825],[-110,-1]],[[22003,37076],[-242,9]],[[21761,37215],[-1,69]],[[22249,37060],[4,-189]],[[22253,36871],[-23,-3],[-25,-14]],[[22205,36854],[-29,34],[-13,-14],[-16,19],[14,13],[-3,25],[-65,2],[-9,-7],[-34,10],[-106,4],[-37,-10],[-10,10],[-116,3],[-4,-4],[0,-41],[-15,1]],[[25877,35711],[-102,117]],[[26357,35585],[0,192]],[[26600,35522],[-243,-1]],[[26357,35521],[0,64]],[[26368,35254],[-11,26],[0,241]],[[16540,40954],[-1,-88],[-10,-44],[-11,-25],[-19,-33]],[[16499,40764],[-63,-91]],[[16436,40673],[-29,22],[-23,26]],[[16384,40721],[26,34],[23,37],[4,30],[-5,20],[-11,18],[-29,17],[-29,1],[-121,-31]],[[16384,40721],[-60,43]],[[16324,40764],[-47,23],[-33,7]],[[16324,40764],[-8,-15],[28,-21],[7,-17],[-6,-12],[-29,-21],[-24,-8],[7,-17],[-17,-8],[-24,-28],[-21,25],[-19,9],[-24,-7],[-32,-35],[-25,-15],[-21,-7]],[[21305,45106],[82,0],[37,2],[131,2]],[[21306,44629],[1,214]],[[21307,44843],[1,134],[-3,129]],[[23182,42012],[119,0]],[[23301,42012],[3,0]],[[23304,42012],[-1,-262]],[[22801,42271],[257,0]],[[23058,42271],[-1,-12],[2,-168],[1,-78]],[[23302,42271],[8,-1]],[[23310,42270],[-6,-34],[-3,-224]],[[23310,42270],[225,-10]],[[23535,42260],[17,-249]],[[23552,42011],[-248,1]],[[23783,42249],[14,-165],[5,-80]],[[23802,42004],[-173,5],[-77,2]],[[23550,41747],[2,264]],[[22205,36854],[-24,-22],[-32,-15]],[[22149,36817],[-20,-2],[-367,11]],[[22595,37068],[-6,-30],[1,-24],[7,-26]],[[22597,36988],[-28,-10],[-32,-1],[-18,-7],[-34,-19],[-14,-4],[-30,6],[-16,12],[-8,-24],[-10,-13],[-21,-9],[-35,-9],[-41,2],[-37,-3],[-20,-38]],[[22597,36988],[21,-37],[6,-38],[1,-114]],[[22625,36799],[-26,-3],[-15,-6],[-45,-32],[-33,-10],[-28,2],[-72,23]],[[22254,36811],[-1,60]],[[25138,35517],[0,161]],[[16436,40673],[-39,-60],[-15,-31],[-14,-53],[2,-91]],[[16540,40954],[123,1]],[[16663,40955],[-1,-77],[65,1],[9,-131],[-17,-7],[-120,-69],[-14,21],[-33,31],[-53,40]],[[16663,40955],[60,2],[122,1]],[[16858,40766],[5,-77]],[[16863,40689],[0,-11]],[[16863,40678],[-8,1],[-2,36],[-14,17],[-98,0],[-48,-24],[-64,-38],[-36,-18],[3,-15],[-30,-13],[-9,15],[-26,15],[-13,-10],[-27,8],[-26,43],[-10,-10],[-9,-20],[-10,8]],[[16863,40678],[17,-251]],[[16880,40427],[-100,-1],[-143,0]],[[15888,40179],[117,-2]],[[16136,39921],[-245,0]],[[16565,40030],[74,-5],[29,1],[32,11],[20,13],[21,18]],[[16881,39979],[0,-68]],[[21886,44014],[88,92],[344,361],[151,163],[37,37],[59,50],[36,27],[71,48],[64,33],[93,46],[126,-142],[20,-31],[139,-324],[80,-189]],[[21626,36825],[1,-88],[-4,-13],[-26,-16],[-73,-1],[-9,-12]],[[21515,36695],[-246,-3]],[[21269,36692],[2,130]],[[21515,36695],[-1,-97],[-15,-41]],[[21268,36563],[1,129]],[[21762,36826],[2,-257],[-1,-31]],[[22067,41992],[-69,-2]],[[21571,41826],[1,62]],[[21816,41729],[-90,1],[-155,4]],[[21571,41734],[0,92]],[[21763,36538],[60,11],[77,19]],[[21900,36568],[52,10],[60,5],[59,-2],[25,-3]],[[22096,36578],[41,-7],[53,-22]],[[22143,36390],[-92,2],[-23,-7],[-23,-17],[-8,14],[2,26],[-67,18],[-7,-25],[-29,5],[-119,3],[-18,6]],[[22182,36191],[-143,-31],[-33,-4],[-45,-2]],[[21961,36154],[-2,36],[1,52],[15,-1],[1,64],[-87,3],[-133,2]],[[26071,35490],[59,-71],[100,-113],[16,-35],[19,-67],[18,-22],[18,-13]],[[26301,35169],[-157,77],[-22,17],[-60,28],[-51,17],[-71,16],[-70,5]],[[24547,37538],[-46,-11],[-43,-1],[-17,-11],[-7,8],[-71,-67]],[[21928,41729],[-1,-132]],[[21610,41472],[0,113],[-2,18]],[[21608,41603],[-5,17],[-20,36],[-9,25],[-3,53]],[[22063,41832],[31,-20],[32,-9]],[[22308,41785],[-3,-58]],[[22305,41727],[-242,1]],[[22063,41728],[0,104]],[[23886,42492],[14,-191],[10,-29]],[[23910,42272],[-60,-19],[-36,-4],[-31,0]],[[23910,42272],[57,31]],[[23967,42303],[3,-105],[30,23],[11,16],[1,16],[15,8],[5,-77],[9,-108],[5,-78]],[[22801,43053],[99,0],[121,0],[38,-2],[-1,-241],[-5,-20],[6,-76],[0,-45],[-3,-8],[-63,4],[-64,-3],[-1,-132],[121,0]],[[22801,42271],[0,192],[-2,394],[2,196]],[[21618,41212],[2,-262]],[[21571,40950],[-243,-1]],[[21621,40438],[32,1],[33,10],[19,-14],[65,0],[4,3]],[[21774,40438],[95,-110]],[[21622,39994],[0,184]],[[21262,40176],[238,0]],[[21500,40176],[1,-116],[-24,3],[-1,28],[-8,8],[-64,0],[-24,-6],[-11,-9],[12,-26],[1,-22],[0,-116]],[[21382,39920],[-120,1]],[[21623,39918],[-241,2]],[[21262,40176],[-4,130]],[[18106,40560],[236,5]],[[18342,40565],[4,-132]],[[18346,40433],[-234,-6],[-250,4]],[[17862,40431],[-4,129]],[[17100,40819],[9,-133]],[[17109,40686],[-246,3]],[[17332,40960],[3,-1]],[[17335,40959],[7,-82],[12,-194]],[[17354,40683],[-245,3]],[[17354,40683],[14,-190],[5,-81]],[[17373,40412],[-34,0],[-212,7],[-247,8]],[[15768,43054],[110,-1]],[[15878,43053],[254,4]],[[16132,43057],[252,5]],[[16384,43062],[250,0]],[[16634,43062],[19,1]],[[16653,43063],[2,-23],[-75,-19],[-42,-2],[-6,-24],[39,-1],[2,-25],[-48,2],[-16,-28],[-36,-53],[-14,-47],[1,-25]],[[16356,42782],[-21,17],[-35,22],[-36,14],[-38,8],[-76,10],[-111,31]],[[16039,42884],[-24,5],[-33,2],[-48,-2],[-49,2],[-38,4],[-61,11]],[[15786,42906],[-6,65],[2,20],[-14,39],[0,24]],[[16653,43063],[232,1]],[[16884,42903],[-3,-139]],[[16881,42764],[-58,3],[-60,17]],[[17011,43061],[169,-5]],[[17180,43056],[207,-5]],[[17384,42892],[-20,1],[-26,7],[-23,-1],[-20,-8]],[[20896,42274],[38,-13],[41,-5],[41,0]],[[20934,41996],[-92,0]],[[21083,41274],[42,-8],[23,-2],[57,1]],[[21205,41265],[0,-45],[8,0],[-2,-122]],[[21211,41081],[-120,-1],[-7,-1]],[[21084,41079],[-1,139]],[[21083,41218],[0,56]],[[21021,36240],[31,-22],[33,-17],[32,-13],[33,-10],[41,-6],[73,-2]],[[21264,36170],[0,-8]],[[21014,35925],[4,128],[3,187]],[[21264,36170],[1,134]],[[21571,40829],[-48,0],[-26,4],[-59,3],[-8,-5]],[[21430,40831],[-55,54],[-58,64]],[[21740,40832],[3,-119],[-2,-15]],[[21741,40698],[-12,-25],[-9,-10],[16,-18],[5,-13],[1,-117],[5,-17]],[[21731,40489],[-85,97],[-113,130]],[[21533,40716],[-103,115]],[[21376,40566],[85,-1],[0,58],[16,0],[18,16],[-11,23],[1,36]],[[21485,40698],[24,0],[24,18]],[[21377,40437],[-1,129]],[[21439,41609],[75,-4],[94,-2]],[[21610,41472],[-162,5]],[[21448,41477],[-11,0]],[[21437,41477],[2,132]],[[21616,41342],[-45,0],[-122,4]],[[21449,41346],[-1,131]],[[22579,37672],[-11,-23],[-5,-25],[-1,-42],[8,-50]],[[22570,37532],[7,-43]],[[22337,37322],[108,142],[42,51],[12,0],[-2,57],[-39,0],[-33,-34],[-25,9],[-4,25],[21,41],[0,45],[-61,-12],[-38,-20],[-22,-42],[-18,9]],[[21891,34373],[0,40],[3,29],[20,69],[0,28],[-14,48]],[[20488,41464],[68,137]],[[20556,41601],[26,1],[19,-5],[69,-36],[17,-7],[69,-38]],[[20756,41516],[49,-27],[13,-3]],[[20761,41365],[-32,17],[-20,-46],[-40,-78]],[[20669,41258],[-63,-124]],[[20606,41134],[-31,17]],[[20798,41603],[25,-13],[19,16],[71,0],[0,-59],[40,-3],[0,-59]],[[20756,41516],[27,54],[15,33]],[[22567,41997],[117,6]],[[22800,41942],[-237,-10],[-2,-65]],[[22561,41867],[-249,-4]],[[22561,41867],[0,-25],[24,-4],[-2,-67],[4,-4],[81,3],[0,-28]],[[22668,41742],[-111,-4]],[[22557,41738],[-76,-3]],[[22481,41735],[-176,-8]],[[22800,41747],[-132,-5]],[[21940,41728],[123,0]],[[22305,41727],[-1,-131]],[[22063,41597],[-136,0]],[[21073,40438],[85,-2],[98,0]],[[20893,39920],[-97,0],[-35,-1]],[[20761,39919],[1,9],[0,247]],[[20273,40411],[81,4]],[[20354,40415],[124,5]],[[20478,40420],[5,-125],[-131,-4],[3,-84],[5,-15],[25,-22],[34,-21],[10,-25],[0,-57],[8,-12],[20,-11],[9,-19],[2,-48],[12,-14],[24,-14]],[[20504,39949],[7,-10],[3,-20]],[[20271,39911],[1,233]],[[20478,40420],[42,3]],[[20520,40423],[6,-167],[3,-10],[21,-21],[27,-6],[59,7],[14,-3],[21,-14],[19,-23],[-15,-27],[-18,-96],[-1,-32],[-15,-20],[-28,-7],[-67,14],[-5,-1],[-37,-68]],[[20520,40423],[187,8],[51,3]],[[20637,39919],[-123,0]],[[17335,40959],[122,1],[76,0]],[[17533,40960],[114,-1]],[[17647,40959],[194,1]],[[17852,40692],[-123,-2],[-6,133],[-193,-2],[-122,-3],[9,-135],[-63,0]],[[17372,39899],[60,0],[185,5]],[[17617,39904],[244,4]],[[17861,39908],[0,-132]],[[17861,39776],[0,-133]],[[17618,39512],[0,-131]],[[18357,39766],[230,14]],[[18587,39780],[0,-224]],[[18587,39522],[-115,-7],[0,128],[-115,-7]],[[18357,39636],[0,130]],[[15610,42577],[38,9],[46,5],[66,-5]],[[15760,42586],[-7,-80],[-8,-46]],[[15410,42143],[-9,31],[43,14],[1,29],[-6,21],[29,16],[18,17],[26,42],[8,34],[10,13],[18,8],[18,0],[5,19],[17,39],[9,36],[2,32],[-7,51],[22,14],[-4,18]],[[16070,42559],[41,18],[58,32],[23,9],[31,7],[36,1],[51,-6]],[[16310,42620],[-18,-154],[-4,-50],[2,-76]],[[16290,42340],[-41,-1],[-40,7],[-37,16],[-24,17],[-21,22],[-16,25],[-18,42]],[[16093,42468],[-23,91]],[[22481,41735],[16,-28],[59,-107],[-9,-7],[-103,-4],[-1,-58]],[[22443,41531],[-14,1],[0,41],[-60,-2],[-5,28],[-60,-3]],[[22800,41617],[-121,-4],[-99,-4],[-15,0],[-8,13],[0,116]],[[22553,41476],[-1,17],[-110,-4],[1,42]],[[22553,41476],[-78,-3],[-172,-7]],[[22302,41339],[0,-127]],[[22302,41212],[-164,-3]],[[22138,41209],[-75,-1]],[[22553,41349],[-189,-6],[-62,-4]],[[22553,41349],[1,-133]],[[22429,41214],[-127,-2]],[[19530,40438],[239,-1]],[[19769,40437],[2,-54],[-9,-24],[-46,-67],[-18,-10],[-2,-19],[-43,-63],[-27,-1]],[[19289,40440],[138,-1]],[[19769,40437],[2,0]],[[19771,40437],[33,-1],[91,-8],[68,-3]],[[19963,40425],[-70,-140],[-124,-252],[-127,-245]],[[19642,39788],[-69,5]],[[19573,39793],[-76,2],[-192,9]],[[19305,39804],[-1,106],[-4,153]],[[19300,40063],[-4,124]],[[19300,40063],[-128,-5],[-115,-2]],[[18358,39375],[0,131]],[[18358,39506],[-1,130]],[[18111,39639],[123,-1],[0,-130],[124,-2]],[[18111,39508],[0,131]],[[18110,39771],[247,-5]],[[18111,39639],[-1,132]],[[18698,40441],[66,3],[51,0]],[[18585,40042],[1,33],[-2,99],[174,7],[0,65],[-58,-3],[-1,18],[-1,180]],[[18346,40433],[234,6]],[[18580,40439],[118,2]],[[18357,39766],[-1,137],[-3,194]],[[18353,40097],[-5,267],[-2,69]],[[17372,40156],[1,256]],[[17373,40412],[77,2],[169,5]],[[17619,40419],[0,-129],[-62,-1],[-1,-323],[61,2],[0,-64]],[[17372,39899],[-1,40],[1,217]],[[17619,40419],[124,5],[14,3],[105,4]],[[17862,40431],[1,-68],[0,-190],[-1,-70]],[[17862,40103],[-1,-195]],[[21998,41990],[13,-80],[21,-45],[31,-33]],[[22561,42260],[121,6]],[[22564,42129],[-3,131]],[[22312,42248],[249,12]],[[21821,41077],[0,-34],[2,-94]],[[22138,41209],[2,-129],[30,0],[2,-128]],[[22172,40952],[-90,0],[-82,-3]],[[22302,41212],[8,-258]],[[22310,40954],[-138,-2]],[[22466,40954],[-156,0]],[[22554,41216],[189,3]],[[22802,41220],[-5,-263]],[[20950,41260],[65,-37],[21,-6],[47,1]],[[21084,41079],[1,-43]],[[21085,41036],[-24,-10],[-8,-22],[-1,-21],[-38,4],[28,56],[-7,23],[-38,21],[-20,0],[-11,-16],[-24,14],[28,57],[-62,35]],[[20908,41177],[42,83]],[[20021,39376],[-2,169]],[[20502,39383],[-114,2],[-21,-2],[-72,-13]],[[18875,41463],[58,-4],[53,4],[84,27],[116,53],[55,16]],[[19240,41210],[-48,2],[-59,15],[-216,3],[-23,-10],[-21,0]],[[17860,38988],[-1,-114],[2,-16]],[[17861,38858],[-247,-2]],[[17860,38988],[94,0],[32,15],[12,28],[3,52],[-1,104]],[[18353,40097],[-121,2],[-370,4]],[[17379,42528],[-73,1],[-33,17],[-18,20]],[[21262,39921],[-8,-268]],[[21254,39653],[-2,-48]],[[21015,39565],[1,20],[-272,-3]],[[20863,39384],[-128,0]],[[22118,33101],[-9,-2],[-180,-184],[-52,-54]],[[21877,32861],[-10,7],[-243,141]],[[21624,33009],[6,2],[87,4],[-20,22],[-11,23],[-5,32]],[[20748,39140],[125,-4]],[[20998,39132],[1,-18],[-88,-65],[11,-17],[-4,-8],[3,-67],[-6,-10],[-157,3]],[[20758,38950],[-4,72]],[[20998,39132],[80,-3]],[[21078,39129],[-7,-28],[-26,-27],[-17,-7],[-13,2],[-12,-26],[-1,-42],[119,-10],[5,-6],[2,-38],[-6,-6],[-118,10],[1,-52]],[[21005,38899],[-121,1]],[[20761,38899],[-3,51]],[[21078,39129],[44,-1]],[[21122,39128],[126,-4]],[[20994,39257],[126,-2],[2,-127]],[[21245,39387],[2,-133]],[[18110,39771],[-249,5]],[[17368,38910],[1,208]],[[17457,38852],[-89,-1]],[[17368,38851],[0,59]],[[16427,42604],[-6,-45],[2,-32],[12,-28],[19,-26],[26,12],[25,-1],[47,-11],[17,-7],[24,-28],[5,-18],[-4,-31],[-6,-13],[-23,-24]],[[16565,42352],[-25,21],[-39,15],[-41,-2],[-16,-5],[-60,-29],[-45,-9],[-49,-3]],[[16610,42537],[53,-35],[125,-103]],[[16686,42238],[-41,21],[-24,18],[-18,19],[-38,56]],[[16039,42884],[-11,-19],[-66,-112],[-24,-53],[-13,-42],[-7,-34],[26,-7],[-7,-55]],[[15937,42562],[-177,24]],[[15760,42586],[1,31],[-5,36],[-7,19],[-21,39]],[[15728,42711],[-23,42],[-10,33],[-1,33],[5,22],[12,24],[30,29],[24,9],[21,3]],[[16881,42764],[0,-138]],[[16881,42626],[-4,-74],[-13,-43],[-22,-38],[-54,-72]],[[16881,42626],[28,0],[22,-6],[26,-16],[19,-5],[24,0]],[[17000,42599],[-2,-36],[-6,-34]],[[17114,42498],[15,-1],[10,-11],[10,8],[68,5],[36,-55],[14,10],[19,-41],[2,-34],[-18,-83]],[[18577,40961],[123,-1],[177,-1]],[[18877,40959],[0,-27],[-8,-32],[-41,-59],[-10,-42],[2,-54],[-5,-47]],[[18815,40698],[-236,0]],[[18579,40698],[-1,69],[1,90],[-2,104]],[[18580,40439],[-1,113],[0,146]],[[18877,40959],[167,-1]],[[19044,40958],[-1,-261]],[[19044,40958],[199,-2]],[[19243,40956],[51,-1]],[[19294,40955],[-1,-83],[-8,-16],[6,-25],[-1,-139]],[[19290,40692],[-36,3],[-61,1]],[[19193,40696],[-150,1]],[[19294,40955],[120,-1]],[[19413,40784],[-1,-93],[-122,1]],[[19193,40696],[-1,-142],[8,-39],[0,-74]],[[19290,40692],[-1,-252]],[[19782,41207],[3,-64],[-4,-191]],[[19243,40956],[-1,136]],[[19242,41092],[-2,118]],[[20761,38899],[-123,0]],[[20638,38899],[-111,0],[-58,5],[-60,-3]],[[20638,38899],[2,-259]],[[19054,39412],[-128,-1],[-108,-1]],[[19181,39411],[127,2]],[[16872,38868],[51,-2]],[[16923,38866],[155,-5],[72,-2],[218,-8]],[[17368,38851],[4,-9],[-2,-35],[-10,-16],[-13,-46],[3,-16],[31,-74],[21,-28],[-16,-34]],[[16873,38605],[-1,263]],[[21330,41780],[78,-1]],[[21408,41779],[77,-1],[1,45],[7,4],[78,-1]],[[21571,41734],[-241,5]],[[21439,41609],[-111,1]],[[21328,41610],[2,129]],[[21437,41477],[-110,5]],[[21327,41482],[1,128]],[[21463,41994],[0,-94],[8,-25],[-12,-8],[-50,0],[-1,-88]],[[21327,41482],[-74,1]],[[21253,41483],[-5,111],[-19,1],[0,11],[-24,4],[1,63]],[[17111,42511],[45,-1],[73,8],[8,30],[18,18]],[[15147,42108],[21,194],[26,259],[7,38]],[[15201,42599],[207,-63]],[[15408,42536],[28,-5],[26,0],[32,5],[46,13],[70,28]],[[19612,40751],[-1,-59],[-122,2],[-1,-123],[-7,-31],[-9,0],[0,-48],[46,0],[13,13],[-1,-67]],[[19777,40836],[-1,-34]],[[19776,40802],[-2,-129],[-3,-177],[0,-59]],[[20125,40671],[126,-8],[0,14],[40,0],[1,35],[60,-4]],[[20352,40708],[-57,-114],[-47,-91]],[[20248,40503],[-69,6],[-2,16],[-11,16],[-79,6],[-20,11],[58,113]],[[19963,40425],[36,73],[55,106],[42,86],[20,34]],[[20116,40724],[34,-3],[-25,-50]],[[20248,40503],[-45,-90]],[[20203,40413],[-145,6],[-95,6]],[[20474,40950],[40,0]],[[20514,40950],[38,-2],[98,0]],[[20650,40948],[-2,-133],[15,0]],[[20635,40690],[-42,-3],[-115,-2]],[[20478,40685],[-1,0],[8,196],[-46,1]],[[20439,40882],[35,68]],[[20762,38770],[0,-7]],[[21255,38509],[0,-133]],[[21255,38376],[1,-129]],[[21256,38247],[1,-128]],[[17882,41476],[2,43]],[[17884,41519],[43,-32],[40,-18],[28,-5],[77,-2],[60,4]],[[18132,41466],[1,-100]],[[18133,41366],[1,-85]],[[18134,41281],[-74,0],[-31,16],[-24,29],[-25,16],[-22,5],[-72,1]],[[17886,41348],[-2,123],[-2,5]],[[18132,41466],[114,15],[39,3],[94,0]],[[18379,41484],[1,-72]],[[18380,41412],[-53,0],[-6,-9],[-1,-67],[-29,-8],[-20,-9],[8,-23],[-23,-4],[-87,0],[-7,6],[-1,68],[-28,0]],[[18380,41412],[8,-198]],[[18388,41214],[-253,2]],[[18135,41216],[-1,65]],[[18135,41216],[-199,0],[-48,1]],[[17888,41217],[-2,131]],[[17644,41807],[-49,2],[-1,-25],[-53,1],[0,19],[-142,6]],[[17841,41579],[-21,6],[-33,21],[-25,10],[-33,6],[-142,1]],[[18628,41592],[-118,0],[-15,-7],[-99,-1],[-14,2]],[[18382,41586],[5,137]],[[20634,40612],[-1,-54],[125,4],[0,-128]],[[20354,40415],[2,15],[37,76],[9,44],[70,3],[6,132]],[[20352,40708],[18,53],[28,40],[41,81]],[[20872,40949],[113,0]],[[21009,40743],[-138,-2]],[[20871,40741],[1,54],[0,154]],[[21011,40694],[1,-101]],[[21012,40593],[2,-155]],[[20872,40436],[1,128],[-10,33],[9,26],[-1,68]],[[20650,40948],[153,1]],[[20803,40949],[69,0]],[[21129,40949],[125,-1]],[[21485,40698],[-231,-1]],[[21258,37859],[240,-1],[127,1]],[[21625,37859],[0,-46],[11,-383],[2,-87],[122,2]],[[21625,37859],[121,1],[247,-13]],[[21993,37847],[114,-5]],[[20161,36824],[-307,1],[-61,1]],[[17402,41485],[3,0]],[[17526,41484],[122,-1]],[[17648,41336],[-140,1],[-17,2],[0,25],[-69,1],[-20,-6]],[[17402,41359],[0,126]],[[17402,41352],[0,7]],[[17647,41218],[-134,1]],[[17513,41219],[-113,1]],[[17400,41220],[2,132]],[[17821,41477],[61,-1]],[[17888,41217],[-150,1]],[[17513,41219],[0,-131],[23,0],[-3,-26],[0,-102]],[[17696,41218],[0,-213],[-49,0],[0,-46]],[[17888,41217],[2,-100]],[[18131,41999],[-4,-33],[-29,-58],[-4,-37]],[[18094,41871],[2,-41]],[[18096,41830],[-23,-6],[-54,2],[-24,5],[0,56],[-19,-1],[-52,-12],[-41,-2],[-1,130]],[[20798,41603],[10,29],[26,96],[2,11]],[[21084,41739],[0,-74],[2,-13],[-7,-27],[-2,-32]],[[20919,41277],[31,-17]],[[20908,41177],[-21,-41]],[[20887,41136],[-218,122]],[[21253,41483],[-49,1]],[[21204,41484],[-122,1]],[[21332,41349],[117,-3]],[[21335,41272],[-3,77]],[[21205,41265],[130,1]],[[18379,41510],[3,76]],[[18631,41478],[-252,6]],[[18379,41484],[0,26]],[[18135,41216],[-2,-99],[-1,-25]],[[18388,41214],[-2,-114]],[[18386,41100],[-116,2],[-16,-7],[-17,-17],[-15,13],[-90,1]],[[18386,41100],[-3,-137]],[[18383,40963],[-176,-1],[-120,-1]],[[18615,41202],[-53,0],[-60,12],[-114,0]],[[18873,41220],[2,-114]],[[18875,41106],[0,-12]],[[18875,41094],[-42,-4],[-25,11],[-133,1],[-26,-2],[-263,0]],[[21012,40593],[104,1],[37,4],[102,2]],[[21255,40600],[0,-27],[43,-7],[78,0]],[[21267,36506],[-22,2],[-17,-12],[-80,3],[-49,6],[-19,-2],[-57,2],[2,130],[-3,24],[-9,33],[-1,31],[12,63],[1,43]],[[18383,41860],[-25,0],[-30,-6],[-50,-16],[-27,-4],[-45,3],[-39,13],[-50,21],[-23,0]],[[18096,41830],[32,-66],[4,-32]],[[18387,41723],[-153,6],[-102,3]],[[18379,41510],[-43,-1],[-15,12],[1,71],[-31,8],[-30,14],[7,24],[-34,8],[-103,3]],[[18131,41617],[1,-151]],[[17884,41519],[-26,33],[-15,24]],[[20841,43033],[-249,8]],[[18875,41094],[2,-135]],[[18577,40961],[-194,2]],[[19242,41092],[-131,0],[0,12],[-87,0],[-13,13],[-20,1],[-14,-13],[-102,1]],[[19861,41997],[-4,-267]],[[19857,41730],[-21,0],[-222,5]],[[19857,41730],[1,-134],[-162,2]],[[20108,41996],[-1,-167]],[[20107,41829],[0,-92],[1,-10]],[[20108,41727],[2,-31],[-1,-102]],[[20109,41594],[0,-65]],[[20108,41465],[0,-256]],[[20108,41209],[-127,1]],[[19981,41210],[2,238]],[[18383,40963],[-3,-45],[-15,-30],[-23,-32],[-7,-35],[7,-256]],[[22385,39913],[89,1]],[[22521,39674],[-8,-10]],[[22477,39630],[-52,59],[-177,205],[-37,40]],[[22211,39934],[14,13],[7,20]],[[22235,40304],[1,-130]],[[22029,40144],[-9,79],[86,79],[11,4],[118,-2]],[[21985,40503],[18,-3]],[[22003,40500],[10,-4],[42,-42],[17,-13],[37,-6]],[[22109,40435],[126,-2]],[[22235,40433],[0,-45]],[[22235,40388],[0,-84]],[[22261,40816],[18,24],[18,36],[10,35],[3,43]],[[22471,40703],[1,-26]],[[22472,40677],[-244,0]],[[22228,40677],[-1,24]],[[22227,40701],[4,43],[10,35],[20,37]],[[22472,40677],[0,-242]],[[22472,40435],[-121,-1],[-116,-1]],[[22235,40433],[-7,244]],[[21021,36240],[-33,31],[-33,41]],[[21011,35798],[-245,-2]],[[20766,35796],[8,260]],[[20269,35302],[0,-155],[1,-37],[-242,-1]],[[20028,35109],[2,130],[-2,130],[3,40],[0,31],[2,117],[87,2],[149,0]],[[17133,44371],[1,-65],[-2,-86],[-1,-114]],[[17131,44106],[-78,3],[-178,5]],[[16875,44114],[5,195],[4,195]],[[17132,44633],[185,1]],[[17333,44366],[41,0],[256,2],[4,-20],[4,-250]],[[17388,44097],[-127,4],[-130,5]],[[19981,41210],[-88,1],[-111,-4]],[[20108,41209],[-1,-214],[1,-44]],[[20108,40951],[-309,0],[-18,1]],[[20108,40951],[-2,-46],[-8,-40],[-16,-31],[-18,-20],[-33,-57],[-18,-26],[-72,1],[2,44],[-139,0],[-13,19],[-15,7]],[[20108,40951],[45,3],[78,-4]],[[20231,40950],[-48,-91],[-10,-22],[-57,-113]],[[20354,42123],[-2,129]],[[20474,42253],[125,1],[-4,-184],[-11,-77]],[[20584,41993],[-38,4],[-181,-1],[-14,-1]],[[20351,41995],[3,128]],[[22711,40434],[-239,1]],[[21254,39653],[44,0],[271,4],[14,4],[20,17]],[[21603,39678],[39,-40]],[[21642,39638],[50,-52],[24,-31],[21,-51],[7,-41],[1,-56]],[[21745,39407],[-123,-4],[-157,-6],[-220,-10]],[[21773,39659],[217,-2]],[[21990,39657],[-1,-51],[0,-197]],[[21989,39409],[-244,-2]],[[21642,39638],[24,18],[16,3],[91,0]],[[21623,39918],[-1,-209],[-19,-31]],[[21255,38376],[243,9]],[[21498,38385],[245,-2]],[[21743,38383],[0,-258],[-243,-4],[-3,131],[-241,-5]],[[22006,38356],[-3,-151],[-10,-358]],[[22006,38356],[252,0]],[[22258,38356],[-4,-91],[1,-152],[-2,-31],[-19,-6],[13,-20],[5,-28],[0,-63]],[[22501,38875],[253,-1]],[[22754,38874],[0,-69]],[[22754,38805],[-76,0],[-8,-3],[-47,-49],[-25,-13],[-2,-15],[-41,-42],[-20,-25],[-8,-23],[-1,-20],[-24,0],[1,-34]],[[22503,38581],[-95,75],[-38,33],[-22,24]],[[22348,38713],[-33,44],[-20,35],[-16,36],[-15,48]],[[22264,38876],[206,-1],[31,0]],[[22754,38805],[0,-61]],[[22753,38508],[1,-66]],[[22754,38442],[-65,13],[-41,17],[-36,23],[-109,86]],[[16014,44102],[182,4],[179,3]],[[16375,44109],[0,-257]],[[16375,43852],[-2,-91],[0,-84],[-3,-80]],[[16069,43583],[-59,-5],[-26,-8],[-30,-15],[-28,-23]],[[15926,43532],[-23,22],[-19,11],[4,206],[3,66],[2,131],[62,3],[1,65],[60,1],[-2,65]],[[16158,43342],[20,9],[21,-2],[36,-20],[16,-4],[126,4]],[[16377,43329],[3,-134]],[[16380,43195],[-249,-5]],[[16131,43190],[5,26],[23,42],[10,29],[0,24],[-11,31]],[[16380,43195],[4,-133]],[[16132,43057],[-1,133]],[[16375,44109],[32,-1],[162,2],[56,2],[62,-1],[161,2],[27,1]],[[16875,44114],[1,-128],[-1,-129]],[[16875,43857],[-126,0],[-125,-4],[-63,1],[-186,-2]],[[16875,43857],[1,-258]],[[16623,43598],[-170,-1],[-83,0]],[[15585,41873],[56,-19],[49,-34],[26,-23],[33,-36],[21,-31],[52,-85]],[[20109,41594],[246,3],[-4,76],[2,52]],[[20353,41725],[180,5],[36,2],[56,13]],[[20625,41745],[-19,-46],[-50,-98]],[[20365,41216],[-49,-95],[-85,-171]],[[20354,42123],[-124,1],[1,-129],[-123,1]],[[20351,41995],[1,-126]],[[20352,41869],[-218,3],[0,-44],[-27,1]],[[20352,41869],[1,-110]],[[20353,41759],[-121,1],[0,-34],[-124,1]],[[20353,41759],[0,-34]],[[21860,39915],[1,-143],[-86,1],[-4,-7],[2,-40],[0,-67]],[[21992,39913],[-1,-7],[0,-167],[-1,-82]],[[22069,39913],[17,-39],[17,-35],[19,-31],[45,-64],[28,-48],[20,-50],[11,-44],[7,-43],[1,-35]],[[22234,39524],[1,-104],[2,-22]],[[22477,39630],[-50,-49],[42,-49],[-12,-8],[-223,0]],[[22680,39394],[-194,0]],[[22486,39394],[-196,1],[-53,3]],[[21745,39407],[2,-138]],[[21747,39269],[-186,-5],[-187,-6]],[[21747,39269],[3,-135]],[[21750,39134],[-34,0],[-217,-5],[-2,-264]],[[21498,38627],[1,-35],[5,-24],[-3,-50],[1,-95],[-4,-38]],[[21994,38871],[178,4],[92,1]],[[22348,38713],[-34,32],[-62,0]],[[22252,38745],[-128,2],[4,-126],[-128,4]],[[22252,38745],[5,-129],[2,0],[0,-130],[-1,-130]],[[22503,38581],[0,-31],[-42,0],[0,29],[-23,21],[-58,1],[0,-245]],[[22380,38356],[-122,0]],[[22754,38442],[-1,-25]],[[22753,38417],[-29,4],[-31,-2],[-26,-8],[-76,-42],[-47,-11],[-39,-1]],[[22505,38357],[-125,-1]],[[20279,36180],[-242,16]],[[20037,36196],[-244,4]],[[19793,36200],[0,130]],[[16377,43329],[126,1]],[[16503,43330],[3,-134],[125,0],[3,-134]],[[16503,43330],[126,0]],[[16881,43332],[4,-268]],[[17383,43709],[-127,3],[-127,6],[1,131],[-63,2],[-65,4],[-84,3],[-43,-1]],[[17379,43577],[-251,11]],[[17128,43588],[-212,8],[-40,3]],[[17383,43315],[-33,0],[-97,4],[-121,4]],[[17132,43323],[-4,265]],[[21083,41379],[0,-105]],[[21750,39134],[-9,-267]],[[22247,39136],[4,-169],[2,-30],[11,-61]],[[21994,38871],[-3,219],[4,45]],[[22486,39394],[8,-259]],[[22494,39135],[-54,-1],[-70,2],[-123,0]],[[22494,39135],[4,-177]],[[22498,38958],[3,-83]],[[22494,39135],[165,-1]],[[22659,39134],[-4,-18],[-31,-57],[-2,-14],[3,-66],[8,-17],[-18,-17],[-11,20],[-42,-8],[-64,1]],[[22659,39134],[84,0]],[[22847,39135],[23,3],[20,17]],[[22890,39155],[98,-113]],[[23112,38899],[-32,-16],[-16,-2],[-63,0]],[[23001,38881],[-100,-3]],[[17180,43056],[1,43],[-27,3],[4,13],[24,26],[-49,55],[-12,7],[-5,-15],[-13,8],[12,43],[31,36],[-9,15],[-5,33]],[[15516,43024],[20,31]],[[15536,43055],[18,28]],[[15554,43083],[37,-19],[40,-9],[89,-1]],[[15720,43054],[48,0]],[[15728,42711],[-31,-9],[-45,-6]],[[15652,42696],[-20,65],[-10,94],[-9,30],[-39,77],[-9,14],[-24,23],[0,16],[-25,9]],[[15652,42696],[-51,-16],[-16,-2],[-28,9],[-22,16],[-35,31],[-34,-42]],[[15466,42692],[-100,92],[-19,11],[-14,19]],[[15333,42814],[102,103],[36,42],[45,65]],[[15466,42692],[-28,-40],[-11,-32],[-19,-84]],[[15201,42599],[19,62],[27,53],[27,39],[59,61]],[[17032,41359],[0,-13],[123,2]],[[17155,41348],[0,-131]],[[17155,41217],[-247,-3]],[[16908,41214],[0,156],[17,0],[13,-13],[94,2]],[[17155,41348],[247,4]],[[16633,41230],[18,-13],[32,-9],[146,5],[79,1]],[[16908,41214],[0,-105],[-4,-19]],[[16900,41614],[1,-53],[4,-33],[3,-54],[124,4]],[[17032,41478],[0,-119]],[[17402,41485],[-122,-1],[-248,-6]],[[20705,35796],[61,0]],[[20766,35796],[-3,-121]],[[20763,35675],[-169,2],[-13,-6],[-57,0],[-5,4]],[[21011,35798],[-2,-252]],[[20760,35550],[3,125]],[[21256,35798],[-1,-35],[5,-30],[9,-23],[15,-23],[92,-103]],[[21376,35584],[-111,-109],[-54,-50]],[[22505,38357],[-5,-329]],[[23001,38881],[-1,-106]],[[16876,39196],[60,-1],[3,64],[135,-3],[-1,-53],[50,-2]],[[17123,39201],[0,-24],[-19,1],[-1,-38],[19,0],[0,-16],[247,-6]],[[17368,38910],[-16,1],[-2,24],[-51,21],[-28,2],[0,-24],[-53,1],[2,25],[-81,3],[0,-25],[-18,-4],[-10,15],[5,30],[-144,5],[-24,-1],[-22,-42],[-3,-75]],[[18107,38761],[81,1],[45,-9],[29,-12],[29,-6],[62,0]],[[18353,38735],[0,-130]],[[18353,38605],[-246,-4]],[[17123,39201],[0,53]],[[18353,38861],[0,-126]],[[18469,38613],[-116,-8]],[[17852,36784],[-167,0],[-75,-2]],[[17610,36782],[0,110],[3,22],[23,61],[5,48]],[[22311,42381],[185,7],[62,4]],[[22558,42392],[3,-132]],[[22678,43309],[123,5]],[[22801,43314],[0,-261]],[[22801,43053],[-121,-10]],[[22311,42514],[245,9],[2,-131]],[[22801,43417],[0,-103]],[[21809,42901],[31,-1],[93,1]],[[20029,34660],[243,1]],[[20272,34661],[-1,-29],[-14,-50],[0,-22],[8,-14]],[[20265,34546],[-17,-16],[-187,-174]],[[20061,34356],[-27,36],[-4,16],[0,118]],[[23048,41233],[163,10]],[[23045,41100],[3,133]],[[23324,40723],[-116,3]],[[23328,40694],[-1,-187]],[[23327,40507],[0,-64]],[[15397,44096],[119,0],[136,-1],[145,3],[93,1]],[[15890,44099],[-6,-22],[-27,-52],[-24,-27],[-21,-16],[-96,-69],[-40,-42],[-22,-35],[-16,-37],[-12,-37],[-8,-42],[-3,-38],[0,-122]],[[15615,43560],[-152,-6],[0,-51],[-9,-37],[-16,-35],[-5,-40],[1,-87]],[[15434,43304],[0,-102],[3,-19],[15,-33],[24,-26],[78,-41]],[[15536,43055],[-163,1],[-6,348],[1,191],[29,501]],[[16889,47216],[4,-131],[-2,-126],[1,-17],[2,-116],[-2,-3],[1,-124],[-2,-133]],[[16891,46566],[-1,-130]],[[16890,46436],[-126,-1],[-121,1]],[[16643,46698],[0,128],[3,64],[-2,63],[0,60],[3,4],[1,198]],[[18216,47201],[29,-54],[23,-18],[34,-17],[37,-6],[26,-8],[-4,-168],[1,-193],[1,-76]],[[18363,46661],[5,-137],[-183,10],[3,-140],[3,-67],[-62,2],[1,-69]],[[18130,46260],[-123,3],[-1,138],[-119,5]],[[17887,46406],[2,11],[0,234],[-2,44],[-495,-1],[1,-203],[-32,0],[1,-38],[-31,0]],[[17331,46453],[0,57],[-104,71],[-61,29],[-18,4],[-24,-3],[-7,-12],[-42,-47],[-12,-7],[-17,2],[-15,14],[-15,4],[-125,1]],[[16290,42340],[4,-106],[-4,-41],[-4,-22],[-26,6],[-28,-3],[-17,-8]],[[15983,42353],[3,23],[18,41],[26,26],[27,15],[36,10]],[[23205,39726],[-21,-16],[-9,-20],[-46,4],[-69,22],[-11,8],[-6,32],[-11,18],[-18,10],[-49,1]],[[24666,37439],[-2,-179],[10,-40],[24,-36],[18,-44],[1,-9]],[[24717,37131],[-59,-15]],[[24455,37351],[84,80],[15,7],[112,1]],[[17052,41873],[-80,-1]],[[17697,39380],[148,-1],[17,-2]],[[17861,39242],[-1,-135]],[[17610,36782],[-102,-1],[-124,-3],[-139,-1],[-41,-2],[-146,-3],[-56,-1],[-122,1]],[[15061,41719],[51,8],[68,24]],[[22570,37532],[39,5],[59,-15],[25,-17],[10,-20],[-2,-28],[32,-1],[4,4],[-1,98],[2,68]],[[22738,37626],[39,-21],[29,-12],[33,-8]],[[22625,36799],[-5,-111]],[[24666,37513],[0,-74]],[[17852,36784],[-1,-256],[0,-128],[0,-128],[-2,-152]],[[16873,36044],[4,85],[6,77],[4,108],[-4,198],[0,52]],[[19546,34644],[108,4],[17,3],[112,5]],[[20061,34356],[-167,-155],[-42,-35],[-73,-49],[-110,-62],[-56,-37],[-82,-45]],[[19531,33973],[15,671]],[[18350,38475],[235,18]],[[18346,38348],[4,127]],[[18353,38605],[-3,-130]],[[23582,40442],[-1,148],[-3,27],[-11,42]],[[23567,40659],[-27,51],[-46,50]],[[23494,40760],[17,18],[31,24],[14,26],[4,48],[70,-3],[5,-33],[26,8],[35,0]],[[23567,40659],[-14,-7],[4,-25],[-30,-9],[-57,-36],[-57,-23],[-38,-28],[0,-22],[-48,-2]],[[15188,39853],[29,15],[72,30],[60,14]],[[15505,39419],[-77,12],[-20,6],[-26,17],[-28,37],[-9,39],[5,29],[0,47],[-18,54],[-18,36],[-30,38],[-45,39],[-30,37],[-21,43]],[[14919,39915],[55,-57],[22,-14],[38,-17],[40,-5],[22,0],[31,8],[61,23]],[[15506,39238],[-64,-8],[-51,-17],[-84,4],[-125,-16],[-13,-7],[-3,-31],[-113,9],[-20,5],[-38,2],[-18,-18],[-29,-11],[-26,2],[-26,20],[-24,2],[-18,27],[3,184],[21,237],[36,263],[5,30]],[[14912,40633],[13,-14],[35,12],[35,-2],[25,-7],[41,-16],[33,-5],[46,5],[9,-4],[10,-52],[9,-28],[14,-23],[23,-26],[19,-12],[36,-11],[39,-5]],[[14919,39915],[40,7],[-9,37],[-19,65],[15,19],[41,6],[114,0],[0,28],[-52,3],[-39,9],[-16,27],[-3,37],[1,64],[-1,102],[8,38],[-6,14],[-16,7],[-44,3],[-20,13],[-11,17],[-5,195],[3,13],[12,14]],[[15754,47225],[109,-153],[39,-54],[83,-119],[140,-199]],[[16147,46180],[-139,1],[-106,0]],[[15902,46181],[-196,-4]],[[15706,46177],[-90,-2],[-101,-6]],[[15515,46169],[-127,-3]],[[15388,46166],[3,500],[2,182],[-73,-4]],[[19331,42120],[-91,130]],[[22261,40816],[-38,21],[-9,-2],[-218,-2]],[[22389,40174],[85,0]],[[21085,40949],[0,87]],[[21332,41349],[-5,133]],[[19793,36200],[0,-259]],[[19793,35941],[-1,-129]],[[19792,35812],[-102,-4],[-68,-12],[-54,-3]],[[14884,40952],[208,0]],[[14912,40633],[-11,18],[-1,43],[-6,109],[-14,9],[31,55],[-13,19],[-11,29],[-3,37]],[[18842,46947],[0,-274],[0,-124]],[[18606,46537],[-2,131],[-122,-3],[-119,-4]],[[22921,40961],[-76,-4],[-48,0]],[[23533,40970],[209,-7]],[[23742,40963],[-38,-15],[-1,-96]],[[22890,39155],[65,62],[34,12],[44,3],[68,1]],[[23451,40182],[69,-150],[3,-26],[55,-84],[3,-18],[78,-238],[17,-47],[5,-21],[0,-71],[3,-5],[6,-52],[13,-15]],[[17321,44982],[-44,-41],[-31,-15],[-49,-11],[-65,-24],[0,-192],[-1,-66]],[[16887,44634],[-2,255],[-141,-3],[-115,-2],[6,174],[4,172]],[[15898,45403],[369,-4]],[[16639,45230],[-71,13],[-90,8],[-87,0]],[[16391,45251],[-66,-1],[-121,2],[-86,6],[-139,23],[-83,17]],[[15896,45298],[2,105]],[[49385,63524],[-47,1],[-33,-3],[-42,0]],[[23075,36013],[34,32],[19,14],[35,19],[45,16]],[[23208,36094],[-2,-312]],[[23206,35782],[2,-57]],[[17640,46126],[61,4],[184,-1]],[[17885,46129],[-1,-67],[2,-130],[-4,-137],[-1,-185]],[[24022,42332],[-55,-29]],[[18383,46117],[-101,2],[-87,4],[-62,1],[-3,136]],[[17331,46453],[0,-62],[31,-1],[0,-41],[34,-1]],[[17396,46348],[-1,-77]],[[17395,46271],[-38,2],[-213,16]],[[16890,46305],[0,131]],[[15687,43437],[197,3]],[[15884,43440],[-2,-22],[-1,-105]],[[15881,43313],[-2,-130],[-1,-65],[0,-65]],[[15720,43054],[1,180],[-1,36],[-6,40]],[[15554,43083],[13,26],[23,57],[16,67],[10,74]],[[23410,38554],[64,-73],[52,-59],[83,-96]],[[23609,38326],[-31,-25],[-33,-9],[-67,1],[-178,3],[-80,1],[-36,-7],[-45,-18]],[[23139,38272],[-34,-24],[-43,-14],[-29,2],[-37,14],[-78,62]],[[22918,38312],[-89,72],[-37,20],[-39,13]],[[23944,38338],[-53,13],[-217,3],[-39,-9],[-26,-19]],[[23742,40963],[51,-2],[2,308]],[[26357,35585],[-132,-1],[0,-52],[-4,-2],[-85,-1],[-14,7],[6,48],[-13,0]],[[25139,35359],[-41,17],[-59,32],[-36,23],[-55,46]],[[16890,46240],[-78,-1],[-170,1]],[[16642,46240],[1,196]],[[16779,45988],[-124,131],[-14,35],[1,86]],[[21204,41484],[3,-136],[-3,0],[1,-83]],[[20824,41012],[63,124]],[[20803,40949],[1,23],[20,40]],[[17490,44635],[76,0]],[[17566,44635],[65,-92],[85,-123],[26,-53],[9,-33],[39,-20],[28,-39],[47,-70]],[[15881,43313],[227,8],[35,11],[15,10]],[[15884,43440],[4,24],[21,46],[17,22]],[[16373,43463],[4,-134]],[[24717,37131],[114,27],[48,19],[53,38],[19,11],[51,21],[35,4],[32,-7],[73,-39],[91,-50],[57,-34]],[[22639,37736],[36,-51],[37,-38],[26,-21]],[[17165,45767],[55,4],[58,18],[19,3],[80,-5],[25,6]],[[17395,46271],[0,-146]],[[17394,45868],[-61,6],[-10,17],[1,50],[-56,3],[-1,-65],[-125,12]],[[16452,46237],[48,1],[116,-1],[26,3]],[[16694,45890],[-98,141],[-101,143]],[[20231,40950],[243,0]],[[20018,39659],[-32,2],[-18,11],[-14,22],[-15,45],[-22,20],[-47,10],[-108,2],[-7,-1],[-82,10],[-31,8]],[[19571,39375],[2,418]],[[22731,39391],[3,-58],[156,-178]],[[17132,43323],[-63,2]],[[17069,43325],[-1,41],[-8,3],[-45,47],[-9,20],[-42,50],[-12,-3],[-74,3]],[[17069,43325],[-125,5]],[[16944,43330],[-63,2]],[[17011,43061],[0,48],[9,22],[21,22],[-25,32],[-3,11],[-1,85],[-31,0],[-10,12],[-27,0],[0,37]],[[16964,42885],[-9,-38],[-2,-91],[9,-40],[29,-56],[8,-27],[1,-34]],[[15937,42562],[61,-7],[32,-2],[40,6]],[[23213,36362],[194,31],[142,25],[106,25],[40,8]],[[23693,36230],[-311,-1],[-49,4],[-42,18],[-35,8],[-46,0]],[[23210,36259],[3,103]],[[23689,36103],[-245,-2]],[[23444,36101],[-184,-1],[-52,-6]],[[23208,36094],[2,165]],[[22969,36323],[244,39]],[[22105,36767],[2,-38],[15,-22],[-1,-40],[-9,-26],[-13,-24],[-3,-39]],[[21900,36568],[-6,29],[-13,21],[-3,19],[6,45],[6,18],[28,23],[15,6],[47,2],[25,9],[46,8],[54,19]],[[22149,36817],[-29,-14],[-16,-3],[1,-33]],[[22104,40700],[123,1]],[[22109,40435],[-2,49],[-1,95],[-2,121]],[[15897,45794],[125,-1],[124,-3]],[[16146,45790],[122,-2]],[[15898,45403],[1,129]],[[15899,45532],[-2,131],[0,131]],[[18846,45898],[3,-132]],[[18376,45735],[4,127]],[[17887,46406],[-3,-19]],[[17884,46387],[-32,0],[-41,-6],[-48,-19],[-44,-21],[-26,-1],[-26,20],[-69,36],[-20,8],[-27,5],[-27,12],[-49,5],[-32,19],[-17,-32],[-22,-32],[-8,-33]],[[18840,46290],[0,-130],[3,-130]],[[22104,40700],[-106,-1]],[[21998,40699],[1,10],[-3,124]],[[19792,35812],[124,-4],[120,-4]],[[20036,35804],[240,-9]],[[20028,35109],[-1,-129],[2,-63],[121,0],[118,-1],[5,-2]],[[20273,34914],[2,-112],[-2,-22],[-2,-73],[1,-46]],[[19546,34644],[3,112],[13,534]],[[16880,40427],[0,-129]],[[16880,40298],[1,-97]],[[21255,40600],[-1,97]],[[21998,40699],[-257,-1]],[[21998,40699],[5,-199]],[[22731,39391],[129,6]],[[22973,39399],[36,-7],[84,-1]],[[22726,39525],[0,-6]],[[16887,44634],[-67,-5],[-57,0],[-114,-5],[-61,-1],[-213,-1]],[[16375,44622],[16,518],[0,111]],[[7529,27828],[-684,694],[-67,63],[-112,115],[-175,177],[-64,65],[-93,94],[-52,53],[-120,121],[-61,63],[-186,188],[-43,44],[-138,139],[-46,44],[-24,26]],[[20815,45365],[176,-1],[-17,36],[-13,46],[-23,40],[-1,121]],[[20937,45607],[109,-25],[143,-22],[79,-25],[38,-2],[3,-79],[0,-91],[-2,-127],[-2,-130]],[[21305,45106],[-245,1]],[[21060,45107],[-122,-1],[-18,-2],[-102,0]],[[17881,45610],[108,-1],[79,-3],[69,2],[239,0]],[[22325,45628],[-7,-3]],[[22318,45625],[-39,1],[-104,-27],[-20,-2],[-117,-4],[-92,1],[-110,28],[-30,-2],[0,-80],[2,0],[-4,-241],[4,-54],[-1,-134]],[[20937,45607],[0,10],[-124,30],[-117,30],[-46,10],[-82,13]],[[20568,45700],[-59,5],[-48,-1],[-67,-16],[-20,-3],[-60,0]],[[20314,45685],[-321,4],[-47,0]],[[19338,46145],[-3,18],[-2,238],[-29,7],[-279,6],[-184,5]],[[20820,44576],[44,-1],[198,2],[3,2]],[[21065,44579],[23,3],[128,2],[89,-1]],[[21306,44327],[-106,-3],[-138,0]],[[21062,44324],[-103,-1],[-46,1],[-93,-1]],[[21062,44324],[1,-177],[0,-82]],[[16129,38604],[248,-3],[-2,-264]],[[16375,38337],[-250,2]],[[24823,35257],[230,3],[85,0]],[[17846,35278],[1,-72],[0,-184]],[[17847,35022],[-144,-3],[-100,0],[-246,-3]],[[17357,35016],[-3,137],[-5,112]],[[15388,46166],[3,-256]],[[15391,45910],[4,-256],[-1,-125]],[[15394,45529],[-1,-140],[1,-254],[3,-389],[-6,-22],[0,-108],[6,-520]],[[14645,40900],[-80,-92],[-41,-43],[-25,-20],[-111,-80],[-30,-24],[-27,-16],[-279,-112],[-147,-58],[-71,-25],[-37,-11],[-96,-25],[-27,-11],[-174,-95],[-16,-12],[-89,-72],[-31,-29],[-44,-46],[-22,-19],[-47,-37],[-27,-15],[-60,-24],[-42,-20],[-26,-7],[-56,-6],[-54,-22],[-30,-20],[-103,-58]],[[22620,36685],[18,-1],[7,-15],[26,2],[20,-6],[13,8],[8,41],[20,33],[8,-3],[38,15],[18,36],[70,0],[20,-8],[12,-12]],[[22898,36775],[-20,-28],[-12,-30],[-3,-28],[-6,-151]],[[16136,39921],[2,-130]],[[16138,39791],[-245,1]],[[16630,37289],[-5,130],[-126,2],[-2,131]],[[20393,35301],[0,-77],[13,-49],[12,-22],[44,-49]],[[20462,35104],[-34,-34],[-16,-12],[-32,-13],[-108,-1],[-1,-34],[2,-96]],[[23139,38272],[130,-87],[14,-10]],[[23283,38175],[-7,-15]],[[23276,38160],[-35,6],[-119,-2],[-3,-4],[-1,-62]],[[23118,38098],[-220,-6]],[[22898,38092],[2,183],[2,13],[16,24]],[[23238,37315],[92,2],[147,1]],[[23477,37318],[-6,-243]],[[23471,37075],[-1,-13]],[[19085,43539],[0,-29],[11,-230]],[[19096,43280],[-265,-2]],[[16880,40298],[168,-4],[77,-4],[1,-64],[0,-65]],[[17126,40161],[-246,8]],[[19833,44323],[121,1]],[[19954,44324],[2,-22],[32,-73],[11,-31],[-3,-23],[-35,-79],[-5,-36]],[[19830,44456],[179,1],[102,0],[16,-7],[7,-20],[0,-49],[7,-20],[19,-19],[30,-15],[128,1]],[[20126,44063],[-1,131],[-3,33],[-23,53],[15,6],[-26,30],[-34,9],[-100,-1]],[[22965,37953],[39,3],[41,26],[20,8]],[[23065,37990],[8,-24],[29,-56],[10,-25],[5,-31],[0,-39]],[[23117,37815],[-11,-54],[-24,-59],[-13,-45]],[[23069,37657],[-76,5],[1,177],[-125,-3],[1,43],[32,34],[68,-3],[-5,43]],[[22899,37580],[163,0]],[[23062,37580],[177,1],[1,40],[1,215]],[[23241,37836],[1,166],[2,37],[15,73],[17,48]],[[23283,38175],[33,-26],[50,-50],[38,-52],[29,-51],[65,-139],[84,0],[77,-14],[59,-8]],[[23717,37321],[-51,1],[-189,-4]],[[23118,38098],[2,-75],[-12,-19],[-43,-14]],[[22965,37953],[-5,18],[-47,63],[-12,22],[-3,36]],[[20817,44841],[244,2]],[[21061,44843],[-1,-132],[5,-132]],[[21833,34146],[-25,9],[-27,19],[-16,24],[-31,25]],[[23548,36977],[83,-15],[74,-3]],[[21313,33463],[23,-2],[46,7],[19,9],[87,-14],[25,-6],[38,-17],[18,-2],[18,6],[52,3],[5,63],[20,21],[23,0],[69,-15],[-15,66],[-3,38],[3,58]],[[21741,33678],[64,-5],[28,3],[64,15],[59,27]],[[21710,33282],[-24,-28],[-24,-21],[-32,-19],[-29,-10],[-31,-5],[-52,4],[-57,16],[-35,15],[-38,27],[-22,20]],[[21366,33281],[-15,18],[-23,38],[-13,36],[-5,40],[3,50]],[[15615,43560],[1,-126]],[[15616,43307],[-182,-3]],[[18859,45054],[72,2],[46,8],[64,19],[60,28]],[[19101,45111],[1,-46],[-3,-88],[1,-35],[-1,-94],[-3,-6],[-6,-167],[-1,-91]],[[21373,34244],[-1,-36],[32,-36],[3,-10],[-13,-24],[16,-8],[19,7],[23,18],[49,11],[39,15],[9,-8],[-38,-28],[-1,-15],[10,-37],[18,-25],[35,-22],[101,-45],[46,-25],[21,-22],[21,-29],[21,-18],[16,-34],[-6,-31],[-32,-14],[-15,-18],[12,-21],[13,-12],[23,4],[43,32],[20,-16],[24,19],[39,7]],[[21741,33678],[-62,17],[-45,22],[-39,27],[-23,20],[-102,97],[-37,33],[-28,17],[-34,8],[-37,-4],[-40,-19],[-21,-19]],[[21273,33877],[-26,32],[-23,39]],[[18858,45371],[97,4],[55,-1],[138,-6],[12,1],[25,16]],[[19294,45284],[-60,-61],[-19,-22],[-42,-40],[-35,-27],[-37,-23]],[[21308,33243],[24,7],[34,31]],[[21624,33009],[-14,0],[-61,-34]],[[21549,32975],[-9,32],[-12,22],[-24,32],[-19,33],[-11,13],[-24,15],[-52,11],[-23,13],[-34,31],[-16,20],[-17,46]],[[21877,32861],[-39,-38],[-19,-24]],[[21819,32799],[-45,20],[-56,15],[-65,4],[-117,-12],[-2,39],[3,24],[13,51],[-1,35]],[[18846,45898],[359,-4]],[[19827,45384],[363,-5],[133,-6]],[[14699,36563],[69,8],[59,4],[62,-4],[64,-13],[143,-47],[230,-79],[211,-85],[79,-35],[27,-17],[114,-84],[45,-28],[33,-14],[90,-29],[65,-17],[101,-24],[83,-16],[153,-28],[36,-4]],[[17357,35016],[4,-106],[2,-142],[304,-1],[51,-2],[30,2],[98,-2],[1,257]],[[21307,44843],[-246,0]],[[21061,44843],[-1,264]],[[20314,45685],[1,-100],[2,-77],[3,-27],[13,-32],[19,-26],[35,-38]],[[21146,33913],[17,-46],[-1,-124],[9,0],[1,-28],[12,-33],[31,-48],[15,-48],[0,-48],[7,-25],[25,-32],[20,-10],[31,-8]],[[21308,33243],[-57,-3],[-24,6],[-93,4]],[[21134,33250],[-87,-21],[-132,-26],[-17,0],[-16,15],[12,21],[13,36],[5,31],[-1,42],[-12,65],[-48,186],[-17,46],[-18,39],[-113,215],[-7,6]],[[15518,45530],[254,3]],[[15772,45533],[83,0],[44,-1]],[[15896,45298],[0,-11],[-66,10],[-59,-4],[-39,-11],[-28,-12]],[[15704,45270],[-82,-2],[-105,-1],[0,104],[1,159]],[[21803,44851],[157,2],[98,-2]],[[22058,44851],[-4,-273],[105,9],[35,-1]],[[22194,44586],[-188,-231],[-81,-102],[-103,-125]],[[20554,45372],[2,52],[10,28],[0,117],[2,131]],[[24670,37838],[503,-1],[180,5],[26,2],[103,0],[24,2],[48,17],[30,21],[29,31],[17,28],[14,34],[6,24],[14,1]],[[22058,44851],[131,0],[125,6]],[[22314,44857],[3,-50],[1,-69],[-124,-152]],[[21819,32799],[36,-21],[40,-9],[65,-2],[51,17],[28,21],[43,43],[46,31],[41,14],[52,4],[-4,40],[14,2],[42,31],[18,2],[49,-3]],[[21696,32691],[11,25],[19,-6],[84,86],[9,3]],[[15902,46181],[-2,-127],[0,-57],[-2,-8],[0,-65]],[[15898,45924],[-54,2],[-70,-3]],[[15774,45923],[-4,0]],[[15770,45923],[-15,90],[-15,-1],[-16,29],[13,12],[-15,12],[-12,20],[-5,72],[1,20]],[[15770,45923],[-126,-3],[-127,-5]],[[15517,45915],[-2,254]],[[15391,45910],[115,3],[11,2]],[[15517,45915],[2,-163],[-1,-222]],[[15518,45530],[-124,-1]],[[15774,45923],[-2,-113],[2,-148],[-2,-129]],[[15898,45924],[1,-65],[-2,-65]],[[22235,40388],[30,-3],[76,-23],[10,0]],[[22351,40362],[3,-58],[0,-130]],[[23241,37836],[-33,0],[-61,-17],[-30,-4]],[[23713,37193],[-68,-1],[1,-5],[-3,-110],[-54,-1],[-29,2],[-20,-2],[-69,-1]],[[24063,38220],[0,-32],[-12,-2],[9,-21],[-14,-5],[6,-14],[-29,-12],[-18,-13],[-12,-21],[-3,-57],[6,-26],[10,-17],[28,-33]],[[23886,38006],[-60,70],[-115,130],[-102,120]],[[24339,36184],[26,-13],[43,-36],[222,-240],[-16,-14],[-34,0],[-8,13],[-42,3],[-6,-14],[22,-59],[-363,-533],[-55,0]],[[24128,35291],[8,32],[15,46],[5,48],[-2,60],[-11,44],[-9,18],[-26,18],[-37,6],[-25,21],[-49,10],[-26,22],[-20,23],[-18,13],[-8,21],[4,29],[-8,25],[116,314],[-49,-1],[-8,37],[-23,6],[-7,40]],[[23002,43833],[62,2],[2,-17],[-1,-144],[5,-24],[-3,-132],[-8,-14],[8,-16],[-1,-83],[-60,-72],[-19,-11],[-107,0],[-28,-9],[-51,1]],[[20606,41134],[218,-122]],[[20514,40950],[19,40],[73,144]],[[22564,40363],[147,1]],[[22605,40174],[-3,14],[2,117],[-40,0],[0,58]],[[16375,44109],[0,513]],[[17884,46387],[-1,-140],[2,-118]],[[24709,35711],[40,-86],[50,-205],[3,-15],[21,-148]],[[24541,35262],[0,44],[15,28],[-3,20],[22,54],[-24,79],[-5,28],[8,6],[28,3],[17,7],[11,-4],[29,13],[19,26],[-2,76],[2,43],[51,26]],[[19096,43280],[2,-50],[6,-80],[4,-130]],[[23444,36101],[1,-70],[9,-47],[-37,-17],[-12,51],[-51,0],[1,-72],[-23,-1],[7,-30],[23,-30],[-63,-103],[-93,0]],[[22898,36775],[54,43]],[[23222,36714],[-3,-167],[-6,-149],[0,-36]],[[24771,35744],[-62,-33]],[[24122,35263],[6,28]],[[23062,37580],[2,50],[5,27]],[[20036,35804],[2,103],[-2,26]],[[20036,35933],[-1,42],[2,132],[0,89]],[[16147,46180],[-3,-196],[3,-92],[-1,-102]],[[16138,39791],[2,-130]],[[15704,45270],[-30,-17],[-29,-20],[-25,-27],[-17,-22],[-24,-46],[-16,-39],[-12,-57],[-1,-51],[1,-263],[3,-44],[6,-26],[15,-40]],[[15575,44618],[16,-32],[22,-29],[20,-21],[30,-23],[22,-14],[83,-43],[94,-53],[19,-18],[15,-25],[0,-260]],[[15896,44100],[-6,-1]],[[15896,44100],[118,2]],[[19301,34796],[32,-16],[29,-8],[39,-2],[81,1],[3,152]],[[19485,34923],[3,132],[-1,69],[-4,168]],[[21057,32382],[27,53],[12,47],[-3,52],[2,86],[8,36],[15,21],[6,25],[129,-1],[3,220],[-48,1],[0,15],[-8,43],[5,61],[-7,45],[-23,43],[-28,39],[-11,39],[-2,43]],[[22318,45625],[-3,-414],[2,-50],[-3,-13],[1,-160],[-1,-131]],[[20265,34546],[8,6],[156,147]],[[23956,43305],[0,446],[45,0],[-2,34],[29,1],[0,29],[30,3],[0,61],[212,5],[7,71],[45,0],[0,102],[6,8],[-15,627],[-39,40],[-33,19],[-6,11]],[[24235,44762],[40,30],[186,142],[-84,123],[-22,29],[-29,24],[-19,10],[-35,10],[-28,1],[-120,-1],[-36,3],[-36,10],[-24,12],[-181,117],[-31,29]],[[23283,44042],[204,153],[430,326],[150,114],[168,127]],[[15575,44618],[321,3],[439,2],[40,-1]],[[16121,37551],[66,-1],[90,1],[93,-1]],[[16370,37550],[4,-103],[2,-154]],[[16373,36312],[-10,-261]],[[18825,35802],[-336,-3],[-151,-1],[-1,-142],[2,-29],[0,-153],[1,-66],[1,-127]],[[18451,36567],[-116,-5],[0,-63],[-78,-5],[-162,-12],[-2,65],[1,254]],[[21273,33877],[61,-73],[18,-29],[13,-28],[9,-33],[4,-37],[-7,-60],[-8,-25],[-38,-89],[-12,-40]],[[22564,40363],[-90,-1]],[[22474,40362],[-123,0]],[[22474,40362],[0,-188]],[[17126,40161],[186,-6],[60,1]],[[20036,35933],[-243,8]],[[19485,34923],[-7,-2],[-59,1],[1,70],[-34,0],[-37,6],[-1,14],[-33,0]],[[20648,34901],[-103,112],[-39,34],[-26,38],[-18,19]]],"transform":{"scale":[0.00003660840721069366,0.000028255008468240265],"translate":[-115.896925,35.001857]},"objects":{"Geometry\\32-003":{"type":"GeometryCollection","geometries":[{"arcs":[[0,1,2,3,4,5]],"type":"Polygon","properties":{"GEOID":"320030005163"}},{"arcs":[[6,7,8,9,10,11]],"type":"Polygon","properties":{"GEOID":"320030005182"}},{"arcs":[[12,13,14,15,16]],"type":"Polygon","properties":{"GEOID":"320030005194"}},{"arcs":[[17,18,19,20,21]],"type":"Polygon","properties":{"GEOID":"320030022033"}},{"arcs":[[22,23,24]],"type":"Polygon","properties":{"GEOID":"320030022012"}},{"arcs":[[25,26,27,28,29]],"type":"Polygon","properties":{"GEOID":"320030049214"}},{"arcs":[[30,31,32,33,34,35]],"type":"Polygon","properties":{"GEOID":"320030028441"}},{"arcs":[[36,37,38]],"type":"Polygon","properties":{"GEOID":"320030007002"}},{"arcs":[[39,40,41,42,43]],"type":"Polygon","properties":{"GEOID":"320030029762"}},{"arcs":[[44,45,46,47,48,-19]],"type":"Polygon","properties":{"GEOID":"320030022031"}},{"arcs":[[49,50,-10,51,52,53]],"type":"Polygon","properties":{"GEOID":"320030015022"}},{"arcs":[[54,55,-13,56]],"type":"Polygon","properties":{"GEOID":"320030005192"}},{"arcs":[[57,58,59,-41]],"type":"Polygon","properties":{"GEOID":"320030029803"}},{"arcs":[[60,61,62,63,64]],"type":"Polygon","properties":{"GEOID":"320030029051"}},{"arcs":[[65,66,67,68,69,70]],"type":"Polygon","properties":{"GEOID":"320030002031"}},{"arcs":[[71,72,73,74]],"type":"Polygon","properties":{"GEOID":"320030058701"}},{"arcs":[[75,76,77,78,79,80,81,82,83]],"type":"Polygon","properties":{"GEOID":"320030058752"}},{"arcs":[[84,85,86,87,88,89]],"type":"Polygon","properties":{"GEOID":"320030051152"}},{"arcs":[[90,91,92,-77]],"type":"Polygon","properties":{"GEOID":"320030058751"}},{"arcs":[[93,94,-85,95]],"type":"Polygon","properties":{"GEOID":"320030051151"}},{"arcs":[[96,97,98]],"type":"Polygon","properties":{"GEOID":"320030058731"}},{"arcs":[[99,100,101,102,103]],"type":"Polygon","properties":{"GEOID":"320030057152"}},{"arcs":[[104,105,106,107,108,109,110,111,112,113,114,115,116,117]],"type":"Polygon","properties":{"GEOID":"320030036261"}},{"arcs":[[118,-69,119,120,121]],"type":"Polygon","properties":{"GEOID":"320030010051"}},{"arcs":[[122,123,124]],"type":"Polygon","properties":{"GEOID":"320030032183"}},{"arcs":[[125,126,127,128,129,130,131,132]],"type":"Polygon","properties":{"GEOID":"320030032191"}},{"arcs":[[133,134,135,136,-130]],"type":"Polygon","properties":{"GEOID":"320030032192"}},{"arcs":[[137,138,139,140,-131]],"type":"Polygon","properties":{"GEOID":"320030032193"}},{"arcs":[[-137,141,142,143,-138]],"type":"Polygon","properties":{"GEOID":"320030032194"}},{"arcs":[[-139,-144,144,145,146,147]],"type":"Polygon","properties":{"GEOID":"320030032202"}},{"arcs":[[148,-146,149,150,151,152,153]],"type":"Polygon","properties":{"GEOID":"320030032203"}},{"arcs":[[154,155,156,157]],"type":"Polygon","properties":{"GEOID":"320030032501"}},{"arcs":[[158,159,-103,160,161,162,163,164]],"type":"Polygon","properties":{"GEOID":"320030057154"}},{"arcs":[[165,166,167,168,169]],"type":"Polygon","properties":{"GEOID":"320030053511"}},{"arcs":[[170,171,-166,172]],"type":"Polygon","properties":{"GEOID":"320030053502"}},{"arcs":[[-167,173,174,175,176,177,178]],"type":"Polygon","properties":{"GEOID":"320030053551"}},{"arcs":[[179,180,181,182,183,184,185,186]],"type":"Polygon","properties":{"GEOID":"320030054402"}},{"arcs":[[187,188,189,190,191,192]],"type":"Polygon","properties":{"GEOID":"320030053621"}},{"arcs":[[-73,193,194,195,196,197,198,199]],"type":"Polygon","properties":{"GEOID":"320030058601"}},{"arcs":[[-88,200,201,202,203,204,205,-186,206,207,208,209,210,211,212,213,214,215]],"type":"Polygon","properties":{"GEOID":"320030051121"}},{"arcs":[[216,217,218,219,220,221,222]],"type":"Polygon","properties":{"GEOID":"320030058761"}},{"arcs":[[223,224,225,226,227,228,229]],"type":"Polygon","properties":{"GEOID":"320030036611"}},{"arcs":[[230,231,232,233]],"type":"Polygon","properties":{"GEOID":"320030017181"}},{"arcs":[[234,235,236,237]],"type":"Polygon","properties":{"GEOID":"320030032492"}},{"arcs":[[238,239,240,241,242,-236]],"type":"Polygon","properties":{"GEOID":"320030032491"}},{"arcs":[[243,244,245,246]],"type":"Polygon","properties":{"GEOID":"320030032512"}},{"arcs":[[-243,247,-158,248,249,-237]],"type":"Polygon","properties":{"GEOID":"320030032502"}},{"arcs":[[250,251,252,253,254,255]],"type":"Polygon","properties":{"GEOID":"320030032482"}},{"arcs":[[256,257,258,-125,259,-245]],"type":"Polygon","properties":{"GEOID":"320030032521"}},{"arcs":[[260,261,262,263,264,265]],"type":"Polygon","properties":{"GEOID":"320030031023"}},{"arcs":[[266,267,268,269,270,-177]],"type":"Polygon","properties":{"GEOID":"320030053561"}},{"arcs":[[271,272,273,274,275,276,-214]],"type":"Polygon","properties":{"GEOID":"320030053351"}},{"arcs":[[277,278,279,280]],"type":"Polygon","properties":{"GEOID":"320030036201"}},{"arcs":[[-280,281,282,283]],"type":"Polygon","properties":{"GEOID":"320030036311"}},{"arcs":[[-283,284,285,286]],"type":"Polygon","properties":{"GEOID":"320030036312"}},{"arcs":[[287,288,289,290,291,-279]],"type":"Polygon","properties":{"GEOID":"320030036202"}},{"arcs":[[292,293,294,295]],"type":"Polygon","properties":{"GEOID":"320030029652"}},{"arcs":[[296,297,298,299]],"type":"Polygon","properties":{"GEOID":"320030029671"}},{"arcs":[[300,301,-297,302]],"type":"Polygon","properties":{"GEOID":"320030029673"}},{"arcs":[[303,304,305,306]],"type":"Polygon","properties":{"GEOID":"320030053553"}},{"arcs":[[-253,307,308,309]],"type":"Polygon","properties":{"GEOID":"320030032472"}},{"arcs":[[310,-124,311,312,313]],"type":"Polygon","properties":{"GEOID":"320030032231"}},{"arcs":[[314,315,316,317,318,319]],"type":"Polygon","properties":{"GEOID":"320030034302"}},{"arcs":[[320,321,322,-288,-278,323,324]],"type":"Polygon","properties":{"GEOID":"320030036191"}},{"arcs":[[325,326,327,328,329,330]],"type":"Polygon","properties":{"GEOID":"320030036381"}},{"arcs":[[331,332,333,334,335,336]],"type":"Polygon","properties":{"GEOID":"320030036132"}},{"arcs":[[-16,337,338,339]],"type":"Polygon","properties":{"GEOID":"320030016113"}},{"arcs":[[340,341,342,343,344]],"type":"Polygon","properties":{"GEOID":"320030049121"}},{"arcs":[[345,346,347,348]],"type":"Polygon","properties":{"GEOID":"320030049243"}},{"arcs":[[349,-348,350,351,352]],"type":"Polygon","properties":{"GEOID":"320030049242"}},{"arcs":[[353,354,355,356,357]],"type":"Polygon","properties":{"GEOID":"320030050061"}},{"arcs":[[358,359,360,361,362]],"type":"Polygon","properties":{"GEOID":"320030018014"}},{"arcs":[[363,364,365,366,-360,367]],"type":"Polygon","properties":{"GEOID":"320030018013"}},{"arcs":[[368,369,370,371,372]],"type":"Polygon","properties":{"GEOID":"320030018041"}},{"arcs":[[373,374,-373,375,376]],"type":"Polygon","properties":{"GEOID":"320030018043"}},{"arcs":[[377,378,379,380]],"type":"Polygon","properties":{"GEOID":"320030058501"}},{"arcs":[[-380,381,382,383,384]],"type":"Polygon","properties":{"GEOID":"320030058502"}},{"arcs":[[385,386,-381,-385,387]],"type":"Polygon","properties":{"GEOID":"320030058463"}},{"arcs":[[-132,-141,388,389,-154,390,391]],"type":"Polygon","properties":{"GEOID":"320030032206"}},{"arcs":[[-157,392,393,394,-249]],"type":"Polygon","properties":{"GEOID":"320030032271"}},{"arcs":[[-215,-277,395,396,397,398]],"type":"Polygon","properties":{"GEOID":"320030053541"}},{"arcs":[[-274,399,400,401,402]],"type":"Polygon","properties":{"GEOID":"320030053411"}},{"arcs":[[403,-398,404,405,406]],"type":"Polygon","properties":{"GEOID":"320030053542"}},{"arcs":[[407,408,409,410]],"type":"Polygon","properties":{"GEOID":"320030053363"}},{"arcs":[[411,412,413,414,415]],"type":"Polygon","properties":{"GEOID":"320030029752"}},{"arcs":[[416,417,418,419,420]],"type":"Polygon","properties":{"GEOID":"320030029581"}},{"arcs":[[421,422,423,424]],"type":"Polygon","properties":{"GEOID":"320030058241"}},{"arcs":[[425,426,427,428,429]],"type":"Polygon","properties":{"GEOID":"320030058442"}},{"arcs":[[-394,430,431,432,433,-427,434]],"type":"Polygon","properties":{"GEOID":"320030058431"}},{"arcs":[[435,436,437,-434]],"type":"Polygon","properties":{"GEOID":"320030058432"}},{"arcs":[[-437,438,439,440,441]],"type":"Polygon","properties":{"GEOID":"320030058451"}},{"arcs":[[442,-441,443,444,445]],"type":"Polygon","properties":{"GEOID":"320030058453"}},{"arcs":[[446,447,448,449,450]],"type":"Polygon","properties":{"GEOID":"320030046013"}},{"arcs":[[451,452,453,454,455,456,457,458,459]],"type":"Polygon","properties":{"GEOID":"320030050151"}},{"arcs":[[-82,460,461,-378,462]],"type":"Polygon","properties":{"GEOID":"320030058471"}},{"arcs":[[-429,-446,463,464,465]],"type":"Polygon","properties":{"GEOID":"320030058443"}},{"arcs":[[466,467,468,469,470,-448,471,-114]],"type":"Polygon","properties":{"GEOID":"320030046021"}},{"arcs":[[472,473,474,475,476]],"type":"Polygon","properties":{"GEOID":"320030019014"}},{"arcs":[[477,478,479,-473,480]],"type":"Polygon","properties":{"GEOID":"320030019013"}},{"arcs":[[481,482,483,484]],"type":"Polygon","properties":{"GEOID":"320030019022"}},{"arcs":[[-484,485,486,487]],"type":"Polygon","properties":{"GEOID":"320030019023"}},{"arcs":[[488,489,490,491,492]],"type":"Polygon","properties":{"GEOID":"320030025013"}},{"arcs":[[493,494,495,496,-47]],"type":"Polygon","properties":{"GEOID":"320030022043"}},{"arcs":[[497,-161,498,499]],"type":"Polygon","properties":{"GEOID":"320030057162"}},{"arcs":[[500,501,-500,502,503,504]],"type":"Polygon","properties":{"GEOID":"320030057132"}},{"arcs":[[505,-416,506,507]],"type":"Polygon","properties":{"GEOID":"320030029741"}},{"arcs":[[508,509,510,511,512,513,514]],"type":"Polygon","properties":{"GEOID":"320030058031"}},{"arcs":[[515,516,-515,517,-432]],"type":"Polygon","properties":{"GEOID":"320030058034"}},{"arcs":[[518,519,520,-509,-517,521]],"type":"Polygon","properties":{"GEOID":"320030032262"}},{"arcs":[[522,523,524,525]],"type":"Polygon","properties":{"GEOID":"320030051024"}},{"arcs":[[-383,526,527,528]],"type":"Polygon","properties":{"GEOID":"320030058521"}},{"arcs":[[-528,-75,529,530]],"type":"Polygon","properties":{"GEOID":"320030058522"}},{"arcs":[[531,532,533,534,535,536,537,538,539]],"type":"Polygon","properties":{"GEOID":"320030032351"}},{"arcs":[[540,-193,541]],"type":"Polygon","properties":{"GEOID":"320030053582"}},{"arcs":[[542,543,544,545,-212]],"type":"Polygon","properties":{"GEOID":"320030052003"}},{"arcs":[[-213,-546,546,-272]],"type":"Polygon","properties":{"GEOID":"320030053355"}},{"arcs":[[547,548,549,550,551,552,553]],"type":"Polygon","properties":{"GEOID":"320030053432"}},{"arcs":[[554,555,556,-551,557,-409]],"type":"Polygon","properties":{"GEOID":"320030053364"}},{"arcs":[[558,-554,-190,559]],"type":"Polygon","properties":{"GEOID":"320030053423"}},{"arcs":[[560,561,562,563,564]],"type":"Polygon","properties":{"GEOID":"320030054335"}},{"arcs":[[-162,-498,-502,565]],"type":"Polygon","properties":{"GEOID":"320030057161"}},{"arcs":[[566,-386,567,568]],"type":"Polygon","properties":{"GEOID":"320030058461"}},{"arcs":[[569,570,571,572,573]],"type":"Polygon","properties":{"GEOID":"320030058132"}},{"arcs":[[574,-574,575,576,-80]],"type":"Polygon","properties":{"GEOID":"320030058491"}},{"arcs":[[-573,577,578,579]],"type":"Polygon","properties":{"GEOID":"320030058131"}},{"arcs":[[580,581]],"type":"Polygon","properties":{"GEOID":"320030058281"}},{"arcs":[[582,583,-581,584]],"type":"Polygon","properties":{"GEOID":"320030058291"}},{"arcs":[[585,-168,-179,586,-305]],"type":"Polygon","properties":{"GEOID":"320030053552"}},{"arcs":[[-497,587,588,-48]],"type":"Polygon","properties":{"GEOID":"320030022041"}},{"arcs":[[589,590,591,592,593,594]],"type":"Polygon","properties":{"GEOID":"320030022062"}},{"arcs":[[-21,595,596,-591,597,598]],"type":"Polygon","properties":{"GEOID":"320030022071"}},{"arcs":[[-593,599,600,601]],"type":"Polygon","properties":{"GEOID":"320030029541"}},{"arcs":[[-594,-602,602,603]],"type":"Polygon","properties":{"GEOID":"320030029543"}},{"arcs":[[604,-595,605,606]],"type":"Polygon","properties":{"GEOID":"320030029373"}},{"arcs":[[-598,-590,607]],"type":"Polygon","properties":{"GEOID":"320030022073"}},{"arcs":[[-603,-601,608,609,610,611,612]],"type":"Polygon","properties":{"GEOID":"320030029544"}},{"arcs":[[613,614,615,616]],"type":"Polygon","properties":{"GEOID":"320030029562"}},{"arcs":[[617,618,619,620]],"type":"Polygon","properties":{"GEOID":"320030029821"}},{"arcs":[[621,622,623,624]],"type":"Polygon","properties":{"GEOID":"320030024041"}},{"arcs":[[625,626,627,628]],"type":"Polygon","properties":{"GEOID":"320030024044"}},{"arcs":[[629,630,631,632,633,634,635,-533,636]],"type":"Polygon","properties":{"GEOID":"320030033181"}},{"arcs":[[637,638,639,640,641]],"type":"Polygon","properties":{"GEOID":"320030033122"}},{"arcs":[[642,643,644,645,646,647,648]],"type":"Polygon","properties":{"GEOID":"320030033202"}},{"arcs":[[649,650,651,652]],"type":"Polygon","properties":{"GEOID":"320030056135"}},{"arcs":[[653,654,655,656,657]],"type":"Polygon","properties":{"GEOID":"320030033072"}},{"arcs":[[658,659,660,661,662,663,664,665,666,667]],"type":"Polygon","properties":{"GEOID":"320030034151"}},{"arcs":[[668,669,-664]],"type":"Polygon","properties":{"GEOID":"320030034152"}},{"arcs":[[-553,670,671,672,-191]],"type":"Polygon","properties":{"GEOID":"320030053602"}},{"arcs":[[673,674,675,676,677,678,679]],"type":"Polygon","properties":{"GEOID":"320030058392"}},{"arcs":[[680,681,682,683,684,685,686]],"type":"Polygon","properties":{"GEOID":"320030005213"}},{"arcs":[[687,688,689,690,691,-683]],"type":"Polygon","properties":{"GEOID":"320030005232"}},{"arcs":[[692,693,694,695,696]],"type":"Polygon","properties":{"GEOID":"320030055011"}},{"arcs":[[697,698,-694]],"type":"Polygon","properties":{"GEOID":"320030055014"}},{"arcs":[[699,700,701,-676]],"type":"Polygon","properties":{"GEOID":"320030058352"}},{"arcs":[[702,703,704,705,-619]],"type":"Polygon","properties":{"GEOID":"320030029823"}},{"arcs":[[706,707,708,709]],"type":"Polygon","properties":{"GEOID":"320030056122"}},{"arcs":[[710,711,712,713]],"type":"Polygon","properties":{"GEOID":"320030032432"}},{"arcs":[[714,715,-711,716]],"type":"Polygon","properties":{"GEOID":"320030032433"}},{"arcs":[[717,718,719,720]],"type":"Polygon","properties":{"GEOID":"320030034293"}},{"arcs":[[721,722,723,724]],"type":"Polygon","properties":{"GEOID":"320030036163"}},{"arcs":[[725,726,727,728,729,730]],"type":"Polygon","properties":{"GEOID":"320030024061"}},{"arcs":[[731,-726,732]],"type":"Polygon","properties":{"GEOID":"320030024052"}},{"arcs":[[733,734,735,736,737,738]],"type":"Polygon","properties":{"GEOID":"320030026042"}},{"arcs":[[739,740,741,742,743,744,745,746,747,748,749]],"type":"Polygon","properties":{"GEOID":"320030028471"}},{"arcs":[[750,751,752,753,-735,754,755]],"type":"Polygon","properties":{"GEOID":"320030026052"}},{"arcs":[[-755,-734,756]],"type":"Polygon","properties":{"GEOID":"320030026051"}},{"arcs":[[757,-730,758,759,760,761]],"type":"Polygon","properties":{"GEOID":"320030026031"}},{"arcs":[[-754,762,763,-736]],"type":"Polygon","properties":{"GEOID":"320030026041"}},{"arcs":[[764,-458,765,766,767]],"type":"Polygon","properties":{"GEOID":"320030050143"}},{"arcs":[[768,769,770,771,772]],"type":"Polygon","properties":{"GEOID":"320030028292"}},{"arcs":[[773,774,775,776,-770,777]],"type":"Polygon","properties":{"GEOID":"320030028291"}},{"arcs":[[778,779,780,-669]],"type":"Polygon","properties":{"GEOID":"320030034153"}},{"arcs":[[781,782,783,784,785]],"type":"Polygon","properties":{"GEOID":"320030034131"}},{"arcs":[[786,-786,787,788,789]],"type":"Polygon","properties":{"GEOID":"320030034133"}},{"arcs":[[790,791,792,-335,793,794,795,-722,796,797,798,799,800,801,802,803]],"type":"Polygon","properties":{"GEOID":"320030036161"}},{"arcs":[[804,-665,805,806,807]],"type":"Polygon","properties":{"GEOID":"320030034182"}},{"arcs":[[808,809,810,811]],"type":"Polygon","properties":{"GEOID":"320030034193"}},{"arcs":[[812,813,814,815]],"type":"Polygon","properties":{"GEOID":"320030034202"}},{"arcs":[[816,817,818,819,820,821]],"type":"Polygon","properties":{"GEOID":"320030034231"}},{"arcs":[[822,823,824,825]],"type":"Polygon","properties":{"GEOID":"320030001015"}},{"arcs":[[826,-697,827,828,829]],"type":"Polygon","properties":{"GEOID":"320030055013"}},{"arcs":[[830,831]],"type":"Polygon","properties":{"GEOID":"320030058182"}},{"arcs":[[832,833,834,835]],"type":"Polygon","properties":{"GEOID":"320030055023"}},{"arcs":[[-836,836,837,838]],"type":"Polygon","properties":{"GEOID":"320030055022"}},{"arcs":[[839,840,841]],"type":"Polygon","properties":{"GEOID":"320030055043"}},{"arcs":[[842,843,844,845]],"type":"Polygon","properties":{"GEOID":"320030033092"}},{"arcs":[[846,847,-843,848]],"type":"Polygon","properties":{"GEOID":"320030033091"}},{"arcs":[[849,850,851,852]],"type":"Polygon","properties":{"GEOID":"320030029501"}},{"arcs":[[853,854,855,-302]],"type":"Polygon","properties":{"GEOID":"320030029701"}},{"arcs":[[856,857,858,859]],"type":"Polygon","properties":{"GEOID":"320030029951"}},{"arcs":[[-859,860,861]],"type":"Polygon","properties":{"GEOID":"320030029952"}},{"arcs":[[862,863,864,-609]],"type":"Polygon","properties":{"GEOID":"320030029964"}},{"arcs":[[865,866,867]],"type":"Polygon","properties":{"GEOID":"320030028423"}},{"arcs":[[-729,868,869,-759]],"type":"Polygon","properties":{"GEOID":"320030026033"}},{"arcs":[[870,871,-727,-732,872]],"type":"Polygon","properties":{"GEOID":"320030024053"}},{"arcs":[[873,874,875,876]],"type":"Polygon","properties":{"GEOID":"320030025063"}},{"arcs":[[877,878,879,-474,-480]],"type":"Polygon","properties":{"GEOID":"320030019011"}},{"arcs":[[880,881,882,883]],"type":"Polygon","properties":{"GEOID":"320030047095"}},{"arcs":[[884,885,886,887]],"type":"Polygon","properties":{"GEOID":"320030042005"}},{"arcs":[[888,889,890,891]],"type":"Polygon","properties":{"GEOID":"320030043023"}},{"arcs":[[892,893,-766]],"type":"Polygon","properties":{"GEOID":"320030050121"}},{"arcs":[[894,895,896,897]],"type":"Polygon","properties":{"GEOID":"320030027071"}},{"arcs":[[898,899,900,-895,901]],"type":"Polygon","properties":{"GEOID":"320030027073"}},{"arcs":[[902,903,904,905]],"type":"Polygon","properties":{"GEOID":"320030028233"}},{"arcs":[[906,907,-906,908,909,910]],"type":"Polygon","properties":{"GEOID":"320030028232"}},{"arcs":[[911,912,913,914,915,-701]],"type":"Polygon","properties":{"GEOID":"320030058372"}},{"arcs":[[916,917,918,919]],"type":"Polygon","properties":{"GEOID":"320030058551"}},{"arcs":[[920,921,-920,922,923]],"type":"Polygon","properties":{"GEOID":"320030058552"}},{"arcs":[[924,925,926,927]],"type":"Polygon","properties":{"GEOID":"320030029642"}},{"arcs":[[-927,928,929,930]],"type":"Polygon","properties":{"GEOID":"320030029641"}},{"arcs":[[931,932,-293,-929]],"type":"Polygon","properties":{"GEOID":"320030029662"}},{"arcs":[[-930,-296,933,934,-854,-301,935,936]],"type":"Polygon","properties":{"GEOID":"320030029651"}},{"arcs":[[937,938,939]],"type":"Polygon","properties":{"GEOID":"320030029692"}},{"arcs":[[940,941,-940,942,943]],"type":"Polygon","properties":{"GEOID":"320030029691"}},{"arcs":[[-855,-935,944,-938,945]],"type":"Polygon","properties":{"GEOID":"320030029703"}},{"arcs":[[946,-721,947,948]],"type":"Polygon","properties":{"GEOID":"320030034292"}},{"arcs":[[-798,949,-315,950,951]],"type":"Polygon","properties":{"GEOID":"320030034312"}},{"arcs":[[-725,952,953,954,-316,-950,-797]],"type":"Polygon","properties":{"GEOID":"320030036164"}},{"arcs":[[955,956,-322]],"type":"Polygon","properties":{"GEOID":"320030036211"}},{"arcs":[[957,958,959,960,961]],"type":"Polygon","properties":{"GEOID":"320030036411"}},{"arcs":[[962,963,-110,964]],"type":"Polygon","properties":{"GEOID":"320030036271"}},{"arcs":[[965,966,-331,967,968,969,970]],"type":"Polygon","properties":{"GEOID":"320030036362"}},{"arcs":[[971,972,973,974]],"type":"Polygon","properties":{"GEOID":"320030056142"}},{"arcs":[[975,976,977,978,-643,979]],"type":"Polygon","properties":{"GEOID":"320030033211"}},{"arcs":[[980,981,-708]],"type":"Polygon","properties":{"GEOID":"320030056121"}},{"arcs":[[982,983,984,985]],"type":"Polygon","properties":{"GEOID":"320030057022"}},{"arcs":[[986,987,988,989,990,-439]],"type":"Polygon","properties":{"GEOID":"320030058064"}},{"arcs":[[991,992,993,994,995]],"type":"Polygon","properties":{"GEOID":"320030060013"}},{"arcs":[[996,997,998,999,1000]],"type":"Polygon","properties":{"GEOID":"320030060015"}},{"arcs":[[1001,1002,-54,1003,1004]],"type":"Polygon","properties":{"GEOID":"320030015013"}},{"arcs":[[1005,1006,-363,1007,1008]],"type":"Polygon","properties":{"GEOID":"320030018015"}},{"arcs":[[1009,-368,-359,-1007,1010]],"type":"Polygon","properties":{"GEOID":"320030018012"}},{"arcs":[[1011,1012,-345,-351,-347]],"type":"Polygon","properties":{"GEOID":"320030049241"}},{"arcs":[[1013,1014,1015,1016]],"type":"Polygon","properties":{"GEOID":"320030050062"}},{"arcs":[[1017,1018,1019]],"type":"Polygon","properties":{"GEOID":"320030016073"}},{"arcs":[[1020,1021,1022,1023,1024,1025,1026,1027,-912,1028]],"type":"Polygon","properties":{"GEOID":"320030058341"}},{"arcs":[[-744,1029,1030,1031,1032,1033]],"type":"Polygon","properties":{"GEOID":"320030028483"}},{"arcs":[[1034,-1033,1035,1036]],"type":"Polygon","properties":{"GEOID":"320030028481"}},{"arcs":[[1037,-1036,-1032,1038,1039,1040]],"type":"Polygon","properties":{"GEOID":"320030028383"}},{"arcs":[[-748,1041,1042,1043,1044,1045]],"type":"Polygon","properties":{"GEOID":"320030028372"}},{"arcs":[[1046,1047,-523,1048,1049]],"type":"Polygon","properties":{"GEOID":"320030051021"}},{"arcs":[[-747,-1041,1050,1051,-1042]],"type":"Polygon","properties":{"GEOID":"320030028375"}},{"arcs":[[1052,-1,1053,1054]],"type":"Polygon","properties":{"GEOID":"320030005141"}},{"arcs":[[1055,-1054,-6,1056,-7,1057,-691,1058,1059]],"type":"Polygon","properties":{"GEOID":"320030005164"}},{"arcs":[[-507,1060,1061,-196]],"type":"Polygon","properties":{"GEOID":"320030029742"}},{"arcs":[[1062,1063,1064,1065]],"type":"Polygon","properties":{"GEOID":"320030029151"}},{"arcs":[[1066,1067,1068]],"type":"Polygon","properties":{"GEOID":"320030029192"}},{"arcs":[[-851,1069,1070,1071,1072,1073]],"type":"Polygon","properties":{"GEOID":"320030029534"}},{"arcs":[[-229,1074,-327,1075,1076]],"type":"Polygon","properties":{"GEOID":"320030036371"}},{"arcs":[[-329,1077,-958,1078]],"type":"Polygon","properties":{"GEOID":"320030036392"}},{"arcs":[[1079,1080,1081,1082,1083,1084]],"type":"Polygon","properties":{"GEOID":"320030072001"}},{"arcs":[[1085,1086,1087,1088,-962,1089,1090,1091]],"type":"Polygon","properties":{"GEOID":"320030036401"}},{"arcs":[[-1090,-961,1092,1093,1094]],"type":"Polygon","properties":{"GEOID":"320030036412"}},{"arcs":[[-1091,-1095,1095,1096,1097]],"type":"Polygon","properties":{"GEOID":"320030036402"}},{"arcs":[[1098,1099,1100,1101,1102]],"type":"Polygon","properties":{"GEOID":"320030036301"}},{"arcs":[[-514,1103,-987,-436,-433,-518]],"type":"Polygon","properties":{"GEOID":"320030058032"}},{"arcs":[[-81,-577,1104,1105,-461]],"type":"Polygon","properties":{"GEOID":"320030058481"}},{"arcs":[[1106,-83,-463,-387,-567,1107]],"type":"Polygon","properties":{"GEOID":"320030058462"}},{"arcs":[[-445,1108,1109,-84,-1107,-464]],"type":"Polygon","properties":{"GEOID":"320030058452"}},{"arcs":[[1110,1111,1112,1113,-92,1114]],"type":"Polygon","properties":{"GEOID":"320030058251"}},{"arcs":[[1115,1116,1117]],"type":"Polygon","properties":{"GEOID":"320030050112"}},{"arcs":[[1118,1119,1120,1121]],"type":"Polygon","properties":{"GEOID":"320030050101"}},{"arcs":[[1122,1123,1124,1125]],"type":"Polygon","properties":{"GEOID":"320030028213"}},{"arcs":[[-1031,1126,1127,1128,-1039]],"type":"Polygon","properties":{"GEOID":"320030028384"}},{"arcs":[[-743,1129,-1127,-1030]],"type":"Polygon","properties":{"GEOID":"320030028482"}},{"arcs":[[1130,1131,1132,-1023]],"type":"Polygon","properties":{"GEOID":"320030028102"}},{"arcs":[[-985,1133,1134,1135]],"type":"Polygon","properties":{"GEOID":"320030057021"}},{"arcs":[[-292,1136,1137,-282]],"type":"Polygon","properties":{"GEOID":"320030036322"}},{"arcs":[[-30,1138,1139]],"type":"Polygon","properties":{"GEOID":"320030049211"}},{"arcs":[[1140,1141,1142,1143,1144,1145]],"type":"Polygon","properties":{"GEOID":"320030004031"}},{"arcs":[[1146,1147,1148,1149,1150,1151,1152,-217,1153]],"type":"Polygon","properties":{"GEOID":"320030075001"}},{"arcs":[[-1133,1154,1155,-1024]],"type":"Polygon","properties":{"GEOID":"320030028101"}},{"arcs":[[-1129,1156,1157,1158,1159,1160]],"type":"Polygon","properties":{"GEOID":"320030028381"}},{"arcs":[[-1040,-1161,1161,1162,1163]],"type":"Polygon","properties":{"GEOID":"320030028382"}},{"arcs":[[-1000,1164,-992,1165,1166]],"type":"Polygon","properties":{"GEOID":"320030060012"}},{"arcs":[[1167,1168,1169,1170]],"type":"Polygon","properties":{"GEOID":"320030028343"}},{"arcs":[[1171,-772,1172,-776,1173,-1168,1174]],"type":"Polygon","properties":{"GEOID":"320030028331"}},{"arcs":[[1175,1176,1177,1178,1179,-27,1180]],"type":"Polygon","properties":{"GEOID":"320030049071"}},{"arcs":[[1181,-1176,1182,1183]],"type":"Polygon","properties":{"GEOID":"320030049201"}},{"arcs":[[1184,1185,-1177,1186]],"type":"Polygon","properties":{"GEOID":"320030049191"}},{"arcs":[[-777,-1173,-771]],"type":"Polygon","properties":{"GEOID":"320030028293"}},{"arcs":[[1187,1188,1189,1190,-1174]],"type":"Polygon","properties":{"GEOID":"320030028332"}},{"arcs":[[1191,1192,1193,-774,1194]],"type":"Polygon","properties":{"GEOID":"320030028301"}},{"arcs":[[-1180,1195,1196,1197,1198]],"type":"Polygon","properties":{"GEOID":"320030049252"}},{"arcs":[[1199,1200,1201,1202]],"type":"Polygon","properties":{"GEOID":"320030024034"}},{"arcs":[[-1202,1203,1204,1205]],"type":"Polygon","properties":{"GEOID":"320030024032"}},{"arcs":[[-1072,1206,1207,1208,1209,1210,1211]],"type":"Polygon","properties":{"GEOID":"320030029411"}},{"arcs":[[1212,1213,-1207,1214]],"type":"Polygon","properties":{"GEOID":"320030029414"}},{"arcs":[[-420,1215,1216,1217,1218,1219,-414]],"type":"Polygon","properties":{"GEOID":"320030029611"}},{"arcs":[[-914,1220,1221,1222,1223]],"type":"Polygon","properties":{"GEOID":"320030058371"}},{"arcs":[[1224,1225,1226,1227]],"type":"Polygon","properties":{"GEOID":"320030036341"}},{"arcs":[[1228,-1101,1229,-286,1230,1231,-1228,1232,1233]],"type":"Polygon","properties":{"GEOID":"320030036331"}},{"arcs":[[-1138,1234,1235,1236,-285]],"type":"Polygon","properties":{"GEOID":"320030036321"}},{"arcs":[[1237,-1077,1238,-966,1239,1240]],"type":"Polygon","properties":{"GEOID":"320030036361"}},{"arcs":[[1241,-1241,1242,1243,-1137]],"type":"Polygon","properties":{"GEOID":"320030036351"}},{"arcs":[[1244,-969,1245,-1236]],"type":"Polygon","properties":{"GEOID":"320030036352"}},{"arcs":[[-1240,-971,1246,-1243]],"type":"Polygon","properties":{"GEOID":"320030036353"}},{"arcs":[[1247,1248,1249,1250,-1112]],"type":"Polygon","properties":{"GEOID":"320030058252"}},{"arcs":[[-1251,1251,1252,1253,-1113]],"type":"Polygon","properties":{"GEOID":"320030058253"}},{"arcs":[[-93,-1114,-1254,1254,1255,-78]],"type":"Polygon","properties":{"GEOID":"320030058261"}},{"arcs":[[-1255,-1253,1256,-570,1257]],"type":"Polygon","properties":{"GEOID":"320030058263"}},{"arcs":[[-1106,1258,1259,-462]],"type":"Polygon","properties":{"GEOID":"320030058482"}},{"arcs":[[1260,-1085,1261,-1186]],"type":"Polygon","properties":{"GEOID":"320030049192"}},{"arcs":[[1262,1263,1264,1265]],"type":"Polygon","properties":{"GEOID":"320030053491"}},{"arcs":[[1266,1267,1268,1269]],"type":"Polygon","properties":{"GEOID":"320030062031"}},{"arcs":[[1270,-1269,1271,1272]],"type":"Polygon","properties":{"GEOID":"320030062032"}},{"arcs":[[-60,1273,1274,-618,1275,-42]],"type":"Polygon","properties":{"GEOID":"320030029802"}},{"arcs":[[1276,-860,1277,-863,-600]],"type":"Polygon","properties":{"GEOID":"320030029963"}},{"arcs":[[1278,1279,1280,1281,1282]],"type":"Polygon","properties":{"GEOID":"320030044012"}},{"arcs":[[1283,1284,1285,1286]],"type":"Polygon","properties":{"GEOID":"320030033163"}},{"arcs":[[1287,1288,1289,1290,1291]],"type":"Polygon","properties":{"GEOID":"320030032281"}},{"arcs":[[1292,1293,-1290]],"type":"Polygon","properties":{"GEOID":"320030032282"}},{"arcs":[[-1294,1294,-540,1295,1296]],"type":"Polygon","properties":{"GEOID":"320030032342"}},{"arcs":[[-1291,-1297,1297,1298,1299,1300]],"type":"Polygon","properties":{"GEOID":"320030032333"}},{"arcs":[[1301,1302,1303,-535]],"type":"Polygon","properties":{"GEOID":"320030032352"}},{"arcs":[[1304,1305,1306,-752,1307]],"type":"Polygon","properties":{"GEOID":"320030067004"}},{"arcs":[[1308,-1305,1309,1310]],"type":"Polygon","properties":{"GEOID":"320030067002"}},{"arcs":[[-1194,1311,1312,1313,-1188,-775]],"type":"Polygon","properties":{"GEOID":"320030028303"}},{"arcs":[[1314,-1163,1315,-1312,-1193]],"type":"Polygon","properties":{"GEOID":"320030028302"}},{"arcs":[[-1051,-1164,-1315,-1192,1316]],"type":"Polygon","properties":{"GEOID":"320030028374"}},{"arcs":[[-1044,1317,-1195,-778,-769,1318]],"type":"Polygon","properties":{"GEOID":"320030028294"}},{"arcs":[[1319,1320,1321,1322,1323]],"type":"Polygon","properties":{"GEOID":"320030053192"}},{"arcs":[[-1191,1324,1325,-1169]],"type":"Polygon","properties":{"GEOID":"320030028342"}},{"arcs":[[1326,-705,1327,1328,1329,1330,1331]],"type":"Polygon","properties":{"GEOID":"320030029831"}},{"arcs":[[-1252,1332,1333,1334,1335,-850,1336,-1257]],"type":"Polygon","properties":{"GEOID":"320030029522"}},{"arcs":[[1337,1338,-1335]],"type":"Polygon","properties":{"GEOID":"320030029521"}},{"arcs":[[1339,1340,-1338,-1334]],"type":"Polygon","properties":{"GEOID":"320030029401"}},{"arcs":[[1341,1342,-1340,-1333,-1250]],"type":"Polygon","properties":{"GEOID":"320030029402"}},{"arcs":[[-1211,1343,1344,1345]],"type":"Polygon","properties":{"GEOID":"320030029531"}},{"arcs":[[1346,1347,1348,1349,1350]],"type":"Polygon","properties":{"GEOID":"320030029421"}},{"arcs":[[1351,1352,1353,-1225,-1232]],"type":"Polygon","properties":{"GEOID":"320030036343"}},{"arcs":[[1354,1355,1356,1357,1358,1359]],"type":"Polygon","properties":{"GEOID":"320030044021"}},{"arcs":[[1360,-1283,1361,-1356]],"type":"Polygon","properties":{"GEOID":"320030044022"}},{"arcs":[[1362,1363,-885,1364,-890]],"type":"Polygon","properties":{"GEOID":"320030042001"}},{"arcs":[[1365,1366,1367,1368,-1363,1369]],"type":"Polygon","properties":{"GEOID":"320030042004"}},{"arcs":[[1370,-450,1371,1372,1373,1374,1375]],"type":"Polygon","properties":{"GEOID":"320030045003"}},{"arcs":[[-1362,1376,1377,-1357]],"type":"Polygon","properties":{"GEOID":"320030044023"}},{"arcs":[[-115,-472,-447,1378]],"type":"Polygon","properties":{"GEOID":"320030046012"}},{"arcs":[[-954,1379,1380,1381,-318,1382]],"type":"Polygon","properties":{"GEOID":"320030003021"}},{"arcs":[[1383,1384,1385,1386,1387,1388]],"type":"Polygon","properties":{"GEOID":"320030005272"}},{"arcs":[[1389,1390,1391,1392,1393]],"type":"Polygon","properties":{"GEOID":"320030059031"}},{"arcs":[[-702,-916,1394,1395,-677]],"type":"Polygon","properties":{"GEOID":"320030058351"}},{"arcs":[[-1395,-915,1396,1397]],"type":"Polygon","properties":{"GEOID":"320030058361"}},{"arcs":[[-1396,-1398,1398,-678]],"type":"Polygon","properties":{"GEOID":"320030058362"}},{"arcs":[[1399,1400,1401,1402,1403]],"type":"Polygon","properties":{"GEOID":"320030028451"}},{"arcs":[[1404,1405,1406,1407,1408,1409,1410]],"type":"Polygon","properties":{"GEOID":"320030058311"}},{"arcs":[[1411,1412,-1405,1413,-584]],"type":"Polygon","properties":{"GEOID":"320030058301"}},{"arcs":[[1414,-649,1415,-1302,-534,-636]],"type":"Polygon","properties":{"GEOID":"320030033201"}},{"arcs":[[-580,1416,-1259,-1105,-576]],"type":"Polygon","properties":{"GEOID":"320030058492"}},{"arcs":[[-438,-442,-443,-428]],"type":"Polygon","properties":{"GEOID":"320030058441"}},{"arcs":[[1417,1418,-395,1419,1420]],"type":"Polygon","properties":{"GEOID":"320030058223"}},{"arcs":[[1421,-1418,1422]],"type":"Polygon","properties":{"GEOID":"320030058222"}},{"arcs":[[-640,1423,1424,1425,1426]],"type":"Polygon","properties":{"GEOID":"320030033111"}},{"arcs":[[1427,1428,1429,-3]],"type":"Polygon","properties":{"GEOID":"320030005162"}},{"arcs":[[1430,1431,-1391]],"type":"Polygon","properties":{"GEOID":"320030059051"}},{"arcs":[[1432,1433,1434,-1288,1435,1436]],"type":"Polygon","properties":{"GEOID":"320030032292"}},{"arcs":[[1437,1438,-294,-933]],"type":"Polygon","properties":{"GEOID":"320030029663"}},{"arcs":[[-651,1439,1440,1441]],"type":"Polygon","properties":{"GEOID":"320030056133"}},{"arcs":[[-666,-805,1442]],"type":"Polygon","properties":{"GEOID":"320030034183"}},{"arcs":[[1443,1444,1445,1446,-418]],"type":"Polygon","properties":{"GEOID":"320030029582"}},{"arcs":[[-624,1447,1448,1449]],"type":"Polygon","properties":{"GEOID":"320030024045"}},{"arcs":[[1450,1451,1452,1453]],"type":"Polygon","properties":{"GEOID":"320030005281"}},{"arcs":[[1454,1455,1456,1457]],"type":"Polygon","properties":{"GEOID":"320030015024"}},{"arcs":[[-1016,-358,1458,1459]],"type":"Polygon","properties":{"GEOID":"320030050065"}},{"arcs":[[-905,1460,1461,1462,-909]],"type":"Polygon","properties":{"GEOID":"320030028231"}},{"arcs":[[1463,-1422,-423]],"type":"Polygon","properties":{"GEOID":"320030058242"}},{"arcs":[[1464,-1215,-1071]],"type":"Polygon","properties":{"GEOID":"320030029533"}},{"arcs":[[1465,1466,1467,1468,1469]],"type":"Polygon","properties":{"GEOID":"320030043012"}},{"arcs":[[1470,-738,1471,1472,1473,1474,1475,1476,1477,-741,1478]],"type":"Polygon","properties":{"GEOID":"320030068004"}},{"arcs":[[1479,1480,1481,-653,1482,1483,1484,1485,1486,1487,1488,1489,1490,1491,-1148,1492,-831,1493,1494]],"type":"Polygon","properties":{"GEOID":"320030059021"}},{"arcs":[[1495,1496,1497,1498,1499,1500]],"type":"Polygon","properties":{"GEOID":"320030047126"}},{"arcs":[[1501,1502,1503,1504,1505,1506]],"type":"Polygon","properties":{"GEOID":"320030014012"}},{"arcs":[[1507,1508,-314,1509,1510,1511,-156]],"type":"Polygon","properties":{"GEOID":"320030032232"}},{"arcs":[[1512,1513,-1481,1514,1515,1516,1517,1518,1519]],"type":"Polygon","properties":{"GEOID":"320030076003"}},{"arcs":[[1520,1521,-1084,1522,1523,1524,1525,1526,1527,1528,1529,1530,1531]],"type":"Polygon","properties":{"GEOID":"320030061041"}},{"arcs":[[1532,1533,1534,1535,1536,1537,1538]],"type":"Polygon","properties":{"GEOID":"320030054351"}},{"arcs":[[-184,1539,1540,1541]],"type":"Polygon","properties":{"GEOID":"320030054391"}},{"arcs":[[1542,1543,1544,1545]],"type":"Polygon","properties":{"GEOID":"320030017131"}},{"arcs":[[1546,1547,1548]],"type":"Polygon","properties":{"GEOID":"320030033063"}},{"arcs":[[1549,1550,1551,1552,1553]],"type":"Polygon","properties":{"GEOID":"320030005172"}},{"arcs":[[1554,1555,1556,-219]],"type":"Polygon","properties":{"GEOID":"320030057031"}},{"arcs":[[-923,-919,1557,1558,1559,1560]],"type":"Polygon","properties":{"GEOID":"320030058561"}},{"arcs":[[1561,1562,1563,1564]],"type":"Polygon","properties":{"GEOID":"320030057033"}},{"arcs":[[1565,1566,-1022,-1330]],"type":"Polygon","properties":{"GEOID":"320030029851"}},{"arcs":[[1567,-825,1568,1569]],"type":"Polygon","properties":{"GEOID":"320030001014"}},{"arcs":[[1570,1571,1572,1573,1574]],"type":"Polygon","properties":{"GEOID":"320030001063"}},{"arcs":[[1575,1576,1577,-1572,1578]],"type":"Polygon","properties":{"GEOID":"320030001081"}},{"arcs":[[1579,-1576,1580,1581]],"type":"Polygon","properties":{"GEOID":"320030001092"}},{"arcs":[[-1574,1582,1583,1584]],"type":"Polygon","properties":{"GEOID":"320030001061"}},{"arcs":[[1585,1586,1587,1588]],"type":"Polygon","properties":{"GEOID":"320030034122"}},{"arcs":[[-499,-102,1589,1590,-503]],"type":"Polygon","properties":{"GEOID":"320030057163"}},{"arcs":[[1591,1592,1593,1594]],"type":"Polygon","properties":{"GEOID":"320030053132"}},{"arcs":[[1595,1596,1597,1598]],"type":"Polygon","properties":{"GEOID":"320030047092"}},{"arcs":[[-1348,1599,-928,-931,1600,1601]],"type":"Polygon","properties":{"GEOID":"320030029481"}},{"arcs":[[1602,-828,-696,1603,1604,1605,1606]],"type":"Polygon","properties":{"GEOID":"320030055012"}},{"arcs":[[1607,1608,-1279,1609]],"type":"Polygon","properties":{"GEOID":"320030045004"}},{"arcs":[[1610,-1539,1611]],"type":"Polygon","properties":{"GEOID":"320030054211"}},{"arcs":[[1612,1613,1614,1615,1616]],"type":"Polygon","properties":{"GEOID":"320030013004"}},{"arcs":[[1617,1618,1619,-1551]],"type":"Polygon","properties":{"GEOID":"320030049202"}},{"arcs":[[-699,1620,1621,-833,-839,1622,1623,-695]],"type":"Polygon","properties":{"GEOID":"320030055021"}},{"arcs":[[1624,1625,1626,-1461,-904]],"type":"Polygon","properties":{"GEOID":"320030028251"}},{"arcs":[[1627,1628,1629,-128,1630]],"type":"Polygon","properties":{"GEOID":"320030032152"}},{"arcs":[[-1482,-1514,1631,1632,-1440,-650]],"type":"Polygon","properties":{"GEOID":"320030076002"}},{"arcs":[[1633,1634,-1428,1635]],"type":"Polygon","properties":{"GEOID":"320030005143"}},{"arcs":[[-1282,1636,-1466,1637,1638,-1377]],"type":"Polygon","properties":{"GEOID":"320030044013"}},{"arcs":[[1639,1640,-45,-18,1641]],"type":"Polygon","properties":{"GEOID":"320030010044"}},{"arcs":[[1642,1643,1644,-989]],"type":"Polygon","properties":{"GEOID":"320030058071"}},{"arcs":[[1645,1646,1647,1648,1649,1650]],"type":"Polygon","properties":{"GEOID":"320030053211"}},{"arcs":[[-667,-1443,-808,1651,1652]],"type":"Polygon","properties":{"GEOID":"320030034181"}},{"arcs":[[-1601,-937,1653,1654]],"type":"Polygon","properties":{"GEOID":"320030029482"}},{"arcs":[[-807,1655,1656,1657,1658]],"type":"Polygon","properties":{"GEOID":"320030034213"}},{"arcs":[[1659,-1475,1660]],"type":"Polygon","properties":{"GEOID":"320030068002"}},{"arcs":[[1661,-986,-1136,1662,1663,1664,1665,1666,-1564]],"type":"Polygon","properties":{"GEOID":"320030057051"}},{"arcs":[[1667,1668,1669,1670,1671,1672,1673]],"type":"Polygon","properties":{"GEOID":"320030034091"}},{"arcs":[[1674,1675,1676]],"type":"Polygon","properties":{"GEOID":"320030023031"}},{"arcs":[[1677,-1328,-704,1678]],"type":"Polygon","properties":{"GEOID":"320030029811"}},{"arcs":[[-1278,-862,1679,-864]],"type":"Polygon","properties":{"GEOID":"320030029961"}},{"arcs":[[1680,1681,1682,1683]],"type":"Polygon","properties":{"GEOID":"320030047125"}},{"arcs":[[1684,1685,-455]],"type":"Polygon","properties":{"GEOID":"320030050152"}},{"arcs":[[-679,-1399,-1397,-1224,1686,1687,1688,1689]],"type":"Polygon","properties":{"GEOID":"320030058391"}},{"arcs":[[1690,1691,1692,-840,1693,-1605]],"type":"Polygon","properties":{"GEOID":"320030055042"}},{"arcs":[[1694,1695,1696,1697,1698,1699]],"type":"Polygon","properties":{"GEOID":"320030049261"}},{"arcs":[[-1638,-1470,1700,1701,1702]],"type":"Polygon","properties":{"GEOID":"320030043024"}},{"arcs":[[1703,-538,1704,-1299]],"type":"Polygon","properties":{"GEOID":"320030032341"}},{"arcs":[[1705,1706,-723,-796]],"type":"Polygon","properties":{"GEOID":"320030036162"}},{"arcs":[[1707,1708,1709,1710,1711,1712]],"type":"Polygon","properties":{"GEOID":"320030053471"}},{"arcs":[[1713,1714,1715,-1143]],"type":"Polygon","properties":{"GEOID":"320030004032"}},{"arcs":[[1716,1717,-817,1718,1719]],"type":"Polygon","properties":{"GEOID":"320030034223"}},{"arcs":[[1720,1721,1722,-1451,1723]],"type":"Polygon","properties":{"GEOID":"320030005283"}},{"arcs":[[1724,-37,1725,1726]],"type":"Polygon","properties":{"GEOID":"320030007001"}},{"arcs":[[1727,1728,-354,-1015]],"type":"Polygon","properties":{"GEOID":"320030050064"}},{"arcs":[[-1449,1729,1730,1731,-869,-728,-872]],"type":"Polygon","properties":{"GEOID":"320030024062"}},{"arcs":[[-1276,-621,1732,1733]],"type":"Polygon","properties":{"GEOID":"320030029822"}},{"arcs":[[-1557,1734,-1607,1735,-1621,1736,1737,-1562,1738,-220]],"type":"Polygon","properties":{"GEOID":"320030057032"}},{"arcs":[[-894,1739,-456,-1686,1740,-1528,1741,-181,1742,1743,1744,1745,-1120,1746,-767]],"type":"Polygon","properties":{"GEOID":"320030050161"}},{"arcs":[[-1165,-999,1747,-993]],"type":"Polygon","properties":{"GEOID":"320030060014"}},{"arcs":[[-1170,1748,1749,1750,1751]],"type":"Polygon","properties":{"GEOID":"320030028351"}},{"arcs":[[1752,-1657,1753,1754,1755]],"type":"Polygon","properties":{"GEOID":"320030030032"}},{"arcs":[[1756,1757,-1679,-703,-1275]],"type":"Polygon","properties":{"GEOID":"320030029812"}},{"arcs":[[-1494,-832,-1493,-1147,1758]],"type":"Polygon","properties":{"GEOID":"320030058181"}},{"arcs":[[1759,1760,1761,1762]],"type":"Polygon","properties":{"GEOID":"320030032393"}},{"arcs":[[1763,1764,1765,1766,1767,-655]],"type":"Polygon","properties":{"GEOID":"320030033071"}},{"arcs":[[1768,1769,-1523,-1083,1770,1771]],"type":"Polygon","properties":{"GEOID":"320030072002"}},{"arcs":[[-104,-160,1772]],"type":"Polygon","properties":{"GEOID":"320030057151"}},{"arcs":[[1773,1774,1775,-100,-1773,-159,1776]],"type":"Polygon","properties":{"GEOID":"320030057153"}},{"arcs":[[-1219,1777,-750,-1566,-1329,-1678,-1758,1778,-58,1779]],"type":"Polygon","properties":{"GEOID":"320030029791"}},{"arcs":[[-1779,-1757,-1274,-59]],"type":"Polygon","properties":{"GEOID":"320030029801"}},{"arcs":[[1780,-1689,1781,1782,1783,1784,1785,-1590,-101,-1776,1786,1787,1788,-306,-587,-178,-271,1789,1790,1791,1792,-542,-192,-673,1793,1794,-829,-1603,-1735,-1556]],"type":"Polygon","properties":{"GEOID":"320030057111"}},{"arcs":[[1795,1796,1797,1798,1799]],"type":"Polygon","properties":{"GEOID":"320030004012"}},{"arcs":[[1800,1801,1802,1803,1804,-1712,1805,1806,1807,1808]],"type":"Polygon","properties":{"GEOID":"320030053472"}},{"arcs":[[1809,1810,-307,-1789,1811,-1708,1812,-1804]],"type":"Polygon","properties":{"GEOID":"320030053482"}},{"arcs":[[1813,-1714,1814]],"type":"Polygon","properties":{"GEOID":"320030004022"}},{"arcs":[[-1719,-822,1815,1816]],"type":"Polygon","properties":{"GEOID":"320030034225"}},{"arcs":[[1817,-1389,1818,1819]],"type":"Polygon","properties":{"GEOID":"320030005261"}},{"arcs":[[1820,1821,1822,-882]],"type":"Polygon","properties":{"GEOID":"320030047091"}},{"arcs":[[1823,-1404,1824,-33]],"type":"Polygon","properties":{"GEOID":"320030028452"}},{"arcs":[[1825,1826,1827,-1200,1828]],"type":"Polygon","properties":{"GEOID":"320030024033"}},{"arcs":[[-1459,-357,1829,1830,1831,1832,-1018,1833]],"type":"Polygon","properties":{"GEOID":"320030050052"}},{"arcs":[[1834,1835,1836,1837]],"type":"Polygon","properties":{"GEOID":"320030050051"}},{"arcs":[[-1832,1838,-1835,1839,1840]],"type":"Polygon","properties":{"GEOID":"320030050054"}},{"arcs":[[1841,1842,1843,1844,-355,-1729]],"type":"Polygon","properties":{"GEOID":"320030050063"}},{"arcs":[[-623,-628,1845,-1730,-1448]],"type":"Polygon","properties":{"GEOID":"320030024043"}},{"arcs":[[-496,1846,1847,-588]],"type":"Polygon","properties":{"GEOID":"320030022044"}},{"arcs":[[-49,1848,-596,-20]],"type":"Polygon","properties":{"GEOID":"320030022072"}},{"arcs":[[-610,-865,-1680,1849,1850,1851]],"type":"Polygon","properties":{"GEOID":"320030029962"}},{"arcs":[[1852,-492,1853,-874,1854]],"type":"Polygon","properties":{"GEOID":"320030025062"}},{"arcs":[[1855,-943,-939,-945,1856,-616,-1479,-740,-1778,-1218]],"type":"Polygon","properties":{"GEOID":"320030029621"}},{"arcs":[[1857,1858,1859,1860]],"type":"Polygon","properties":{"GEOID":"320030027061"}},{"arcs":[[-745,-1034,-1035,1861]],"type":"Polygon","properties":{"GEOID":"320030028484"}},{"arcs":[[1862,1863,1864,1865]],"type":"Polygon","properties":{"GEOID":"320030028142"}},{"arcs":[[-1052,-1317,-1318,-1043]],"type":"Polygon","properties":{"GEOID":"320030028373"}},{"arcs":[[-1751,1866,-31,1867,1868]],"type":"Polygon","properties":{"GEOID":"320030028352"}},{"arcs":[[-1062,1869,-1780,-40,1870,-918,1871,-197]],"type":"Polygon","properties":{"GEOID":"320030029761"}},{"arcs":[[1872,1873,-1438,-932,-926]],"type":"Polygon","properties":{"GEOID":"320030029661"}},{"arcs":[[1874,-608,-605,1875]],"type":"Polygon","properties":{"GEOID":"320030029372"}},{"arcs":[[-1447,1876,-1216,-419]],"type":"Polygon","properties":{"GEOID":"320030029583"}},{"arcs":[[1877,1878,1879,1880,1881,1882]],"type":"Polygon","properties":{"GEOID":"320030030053"}},{"arcs":[[1883,1884,1885,1886,-638,1887]],"type":"Polygon","properties":{"GEOID":"320030033131"}},{"arcs":[[1888,1889,1890]],"type":"Polygon","properties":{"GEOID":"320030032403"}},{"arcs":[[-856,-946,-942,-298]],"type":"Polygon","properties":{"GEOID":"320030029702"}},{"arcs":[[-1512,1891,-522,-516,-431,-393]],"type":"Polygon","properties":{"GEOID":"320030032272"}},{"arcs":[[-845,1892,-1764,-654,1893]],"type":"Polygon","properties":{"GEOID":"320030033093"}},{"arcs":[[1894,-1394,-975,1895,-1515,-1480]],"type":"Polygon","properties":{"GEOID":"320030059041"}},{"arcs":[[-811,1896,-1717,1897]],"type":"Polygon","properties":{"GEOID":"320030034195"}},{"arcs":[[1898,-108,1899]],"type":"Polygon","properties":{"GEOID":"320030036262"}},{"arcs":[[1900,1901,-1769,1902,1903,1904,-1270,-1271]],"type":"Polygon","properties":{"GEOID":"320030062041"}},{"arcs":[[-1237,1905,1906,-1352,-1231]],"type":"Polygon","properties":{"GEOID":"320030036342"}},{"arcs":[[-1868,-36,1907,1908]],"type":"Polygon","properties":{"GEOID":"320030028442"}},{"arcs":[[1909,-1374,1910,-1370,-889,-1468]],"type":"Polygon","properties":{"GEOID":"320030043011"}},{"arcs":[[1911,1912,1913,1914]],"type":"Polygon","properties":{"GEOID":"320030047134"}},{"arcs":[[1915,1916,-1530,1917,-1697]],"type":"Polygon","properties":{"GEOID":"320030049262"}},{"arcs":[[1918,-1485,1919,-1483,-652,-1442,1920,-709,-982,1921,-1520,1922,-1737,-698,-693,-827,1923,1924,-1525]],"type":"Polygon","properties":{"GEOID":"320030056134"}},{"arcs":[[-1526,-1925,1925,1926,1927]],"type":"Polygon","properties":{"GEOID":"320030054371"}},{"arcs":[[1928,1929,1930,1931,1932,1933,1934,-1647]],"type":"Polygon","properties":{"GEOID":"320030053181"}},{"arcs":[[1935,-1811,1936]],"type":"Polygon","properties":{"GEOID":"320030053462"}},{"arcs":[[1937,-541,-1793,1938]],"type":"Polygon","properties":{"GEOID":"320030053581"}},{"arcs":[[-1926,-1924,-830,-1795,1939,1940,1941,1942,1943,-561,1944,1945,1946,-1534]],"type":"Polygon","properties":{"GEOID":"320030054352"}},{"arcs":[[1947,1948,-1536,1949,1950]],"type":"Polygon","properties":{"GEOID":"320030054341"}},{"arcs":[[-1694,-842,1951,1952,-834,-1622,-1736,-1606]],"type":"Polygon","properties":{"GEOID":"320030055024"}},{"arcs":[[-1513,-1922,-981,-707,1953,-1632]],"type":"Polygon","properties":{"GEOID":"320030056132"}},{"arcs":[[1954,-1134,-984,1955,-1664]],"type":"Polygon","properties":{"GEOID":"320030057023"}},{"arcs":[[1956,1957,-1384,1958,1959]],"type":"Polygon","properties":{"GEOID":"320030047103"}},{"arcs":[[1960,1961,-804,-783,1962,1963]],"type":"Polygon","properties":{"GEOID":"320030034142"}},{"arcs":[[1964,1965,1966,1967,-780]],"type":"Polygon","properties":{"GEOID":"320030034154"}},{"arcs":[[1968,1969,1970,1971,1972,-809,-1966]],"type":"Polygon","properties":{"GEOID":"320030034155"}},{"arcs":[[1973,1974,1975,-662]],"type":"Polygon","properties":{"GEOID":"320030034161"}},{"arcs":[[1976,-1234,1977,1978,1979]],"type":"Polygon","properties":{"GEOID":"320030036303"}},{"arcs":[[1980,1981,-1577,-1580,1982]],"type":"Polygon","properties":{"GEOID":"320030001082"}},{"arcs":[[1983,1984,1985,-173,-170,1986,1987,-1265]],"type":"Polygon","properties":{"GEOID":"320030053492"}},{"arcs":[[-330,-1079,-1089,1988,-968]],"type":"Polygon","properties":{"GEOID":"320030036391"}},{"arcs":[[-1979,1989,1990,1991]],"type":"Polygon","properties":{"GEOID":"320030036091"}},{"arcs":[[-1978,1992,1993,-1990]],"type":"Polygon","properties":{"GEOID":"320030036092"}},{"arcs":[[-1702,1994,-891,-1365,-888,1995,1996,1997]],"type":"Polygon","properties":{"GEOID":"320030043021"}},{"arcs":[[1998,-1375,-1910,-1467,-1637,-1281]],"type":"Polygon","properties":{"GEOID":"320030044011"}},{"arcs":[[1999,-1610,-1361,-1355,2000]],"type":"Polygon","properties":{"GEOID":"320030045001"}},{"arcs":[[2001,-1376,-1999,-1280,-1609]],"type":"Polygon","properties":{"GEOID":"320030045002"}},{"arcs":[[2002,2003,2004,2005,-1496,2006]],"type":"Polygon","properties":{"GEOID":"320030047031"}},{"arcs":[[-1166,-996,-1684,2007,-2005]],"type":"Polygon","properties":{"GEOID":"320030047032"}},{"arcs":[[2008,2009,2010,2011,-1368]],"type":"Polygon","properties":{"GEOID":"320030047071"}},{"arcs":[[2012,2013,2014,2015,2016,-2010]],"type":"Polygon","properties":{"GEOID":"320030047072"}},{"arcs":[[2017,2018,-907,2019,2020]],"type":"Polygon","properties":{"GEOID":"320030017112"}},{"arcs":[[2021,2022,2023,2024]],"type":"Polygon","properties":{"GEOID":"320030034083"}},{"arcs":[[-246,2025,-241]],"type":"Polygon","properties":{"GEOID":"320030032221"}},{"arcs":[[2026,2027,-1347,2028,-1067]],"type":"Polygon","properties":{"GEOID":"320030029491"}},{"arcs":[[2029,2030,2031,-494,-46]],"type":"Polygon","properties":{"GEOID":"320030022032"}},{"arcs":[[-513,2032,2033,-988,-1104]],"type":"Polygon","properties":{"GEOID":"320030058033"}},{"arcs":[[2034,2035,2036,2037,2038]],"type":"Polygon","properties":{"GEOID":"320030016131"}},{"arcs":[[2039,-911,-900,2040]],"type":"Polygon","properties":{"GEOID":"320030027062"}},{"arcs":[[2041,2042,2043,2044]],"type":"Polygon","properties":{"GEOID":"320030030041"}},{"arcs":[[2045,2046,2047,2048,2049,2050]],"type":"Polygon","properties":{"GEOID":"320030051061"}},{"arcs":[[2051,-1589,2052,2053]],"type":"Polygon","properties":{"GEOID":"320030034121"}},{"arcs":[[-1672,2054,-1586,2055]],"type":"Polygon","properties":{"GEOID":"320030034093"}},{"arcs":[[2056,2057,-62,2058]],"type":"Polygon","properties":{"GEOID":"320030001033"}},{"arcs":[[2059,2060,-1648,-1935]],"type":"Polygon","properties":{"GEOID":"320030053182"}},{"arcs":[[2061,2062,2063,2064,-1322]],"type":"Polygon","properties":{"GEOID":"320030053201"}},{"arcs":[[2065,2066,2067,-2064]],"type":"Polygon","properties":{"GEOID":"320030053202"}},{"arcs":[[2068,2069,2070,2071,-2067]],"type":"Polygon","properties":{"GEOID":"320030053203"}},{"arcs":[[2072,-549,2073,2074]],"type":"Polygon","properties":{"GEOID":"320030053421"}},{"arcs":[[2075,-837,-835,-1953,2076,-1692,2077]],"type":"Polygon","properties":{"GEOID":"320030055033"}},{"arcs":[[2078,2079,2080,2081]],"type":"Polygon","properties":{"GEOID":"320030062012"}},{"arcs":[[-948,-720,2082,-1570,2083,2084,-1982]],"type":"Polygon","properties":{"GEOID":"320030001013"}},{"arcs":[[-2084,-1569,2085,2086,-70,-119,2087]],"type":"Polygon","properties":{"GEOID":"320030001011"}},{"arcs":[[2088,2089,-1674,2090,2091,-2023]],"type":"Polygon","properties":{"GEOID":"320030034082"}},{"arcs":[[-1994,2092,2093,2094]],"type":"Polygon","properties":{"GEOID":"320030036094"}},{"arcs":[[-64,2095,2096,2097,2098]],"type":"Polygon","properties":{"GEOID":"320030029053"}},{"arcs":[[2099,2100,2101,2102]],"type":"Polygon","properties":{"GEOID":"320030051081"}},{"arcs":[[-143,2103,-150,-145]],"type":"Polygon","properties":{"GEOID":"320030032204"}},{"arcs":[[2104,2105,2106,2107,2108]],"type":"Polygon","properties":{"GEOID":"320030005101"}},{"arcs":[[-1920,-1484]],"type":"Polygon","properties":{"GEOID":"320030059022"}},{"arcs":[[-1627,2109,2110,2111]],"type":"Polygon","properties":{"GEOID":"320030028252"}},{"arcs":[[2112,2113,-1157]],"type":"Polygon","properties":{"GEOID":"320030053111"}},{"arcs":[[-990,2114,2115,2116,2117]],"type":"Polygon","properties":{"GEOID":"320030058062"}},{"arcs":[[2118,2119,2120,-2106,2121]],"type":"Polygon","properties":{"GEOID":"320030005102"}},{"arcs":[[2122,-1959,-1818,2123,2124]],"type":"Polygon","properties":{"GEOID":"320030041004"}},{"arcs":[[-1633,-1954,-710,-1921,-1441]],"type":"Polygon","properties":{"GEOID":"320030056131"}},{"arcs":[[-2061,2125,2126,-1649]],"type":"Polygon","properties":{"GEOID":"320030053212"}},{"arcs":[[-2060,-1934,2127,2128,2129,-2126]],"type":"Polygon","properties":{"GEOID":"320030053213"}},{"arcs":[[2130,2131,-1984,-1264,2132,-1864]],"type":"Polygon","properties":{"GEOID":"320030053221"}},{"arcs":[[2133,-898,2134,-1476]],"type":"Polygon","properties":{"GEOID":"320030027082"}},{"arcs":[[-838,-2076,2135,-1623]],"type":"Polygon","properties":{"GEOID":"320030055032"}},{"arcs":[[2136,2137,2138,2139,2140,2141,2142,2143]],"type":"Polygon","properties":{"GEOID":"320030032042"}},{"arcs":[[2144,2145,2146,2147,2148,2149]],"type":"Polygon","properties":{"GEOID":"320030032141"}},{"arcs":[[2150,2151,2152,2153,2154]],"type":"Polygon","properties":{"GEOID":"320030010061"}},{"arcs":[[2155,2156,2157,2158]],"type":"Polygon","properties":{"GEOID":"320030040002"}},{"arcs":[[-1612,-1538,2159,2160]],"type":"Polygon","properties":{"GEOID":"320030054212"}},{"arcs":[[2161,-2160,-1537,-1949,2162,2163]],"type":"Polygon","properties":{"GEOID":"320030054213"}},{"arcs":[[2164,2165,2166,2167,2168,2169,2170,2171]],"type":"Polygon","properties":{"GEOID":"320030054221"}},{"arcs":[[2172,-2164,2173,2174,-2166]],"type":"Polygon","properties":{"GEOID":"320030054222"}},{"arcs":[[-2163,-1948,2175,-2174]],"type":"Polygon","properties":{"GEOID":"320030054223"}},{"arcs":[[-2175,-2176,-1951,2176,2177,-2167]],"type":"Polygon","properties":{"GEOID":"320030054231"}},{"arcs":[[-2168,-2178,2178,2179]],"type":"Polygon","properties":{"GEOID":"320030054232"}},{"arcs":[[-1987,-169,-586,-304,-1936]],"type":"Polygon","properties":{"GEOID":"320030053512"}},{"arcs":[[2180,2181,2182,2183,2184]],"type":"Polygon","properties":{"GEOID":"320030016071"}},{"arcs":[[2185,2186,-1017,-1460,2187,2188]],"type":"Polygon","properties":{"GEOID":"320030016132"}},{"arcs":[[2189,2190,2191,2192,2193,-1063,2194]],"type":"Polygon","properties":{"GEOID":"320030032601"}},{"arcs":[[2195,2196,2197,-2193]],"type":"Polygon","properties":{"GEOID":"320030032603"}},{"arcs":[[2198,2199,-2196,-2192]],"type":"Polygon","properties":{"GEOID":"320030032602"}},{"arcs":[[2200,2201,2202,2203]],"type":"Polygon","properties":{"GEOID":"320030056072"}},{"arcs":[[2204,-2203,2205,-1517,2206]],"type":"Polygon","properties":{"GEOID":"320030056073"}},{"arcs":[[-1392,-1432,2207,2208,2209]],"type":"Polygon","properties":{"GEOID":"320030076004"}},{"arcs":[[-2202,-2209,2210,-1518,-2206]],"type":"Polygon","properties":{"GEOID":"320030076001"}},{"arcs":[[-789,2211,-1970,2212,-1975]],"type":"Polygon","properties":{"GEOID":"320030034162"}},{"arcs":[[-1976,-2213,-1969,-1965,-779,-663]],"type":"Polygon","properties":{"GEOID":"320030034163"}},{"arcs":[[-788,-785,2213,2214,2215,-1971,-2212]],"type":"Polygon","properties":{"GEOID":"320030034262"}},{"arcs":[[-784,-803,2216,-2214]],"type":"Polygon","properties":{"GEOID":"320030034271"}},{"arcs":[[-2216,2217,2218,-813,-1972]],"type":"Polygon","properties":{"GEOID":"320030034261"}},{"arcs":[[-2217,-802,2219,2220,-2218,-2215]],"type":"Polygon","properties":{"GEOID":"320030034272"}},{"arcs":[[-670,-781,-1968,2221,2222,-806]],"type":"Polygon","properties":{"GEOID":"320030034191"}},{"arcs":[[-1967,-812,-1898,2223,-2222]],"type":"Polygon","properties":{"GEOID":"320030034192"}},{"arcs":[[2224,2225,2226,-2116]],"type":"Polygon","properties":{"GEOID":"320030058073"}},{"arcs":[[-2227,2227,2228,2229]],"type":"Polygon","properties":{"GEOID":"320030058074"}},{"arcs":[[2230,2231,2232,2233,-1644]],"type":"Polygon","properties":{"GEOID":"320030058081"}},{"arcs":[[-2233,2234,2235,-2226]],"type":"Polygon","properties":{"GEOID":"320030058082"}},{"arcs":[[-2236,2236,-1248,-1111,-2228]],"type":"Polygon","properties":{"GEOID":"320030058083"}},{"arcs":[[2237,2238,2239,2240]],"type":"Polygon","properties":{"GEOID":"320030058092"}},{"arcs":[[-1511,2241,-519,-1892]],"type":"Polygon","properties":{"GEOID":"320030032261"}},{"arcs":[[-1416,-648,2242,2243,2244,2245,-1303]],"type":"Polygon","properties":{"GEOID":"320030033031"}},{"arcs":[[-647,2246,2247,-2243]],"type":"Polygon","properties":{"GEOID":"320030033032"}},{"arcs":[[-646,2248,2249,-2247]],"type":"Polygon","properties":{"GEOID":"320030033033"}},{"arcs":[[-1991,-2095,2250,2251]],"type":"Polygon","properties":{"GEOID":"320030036093"}},{"arcs":[[-1233,2252,2253,-1993]],"type":"Polygon","properties":{"GEOID":"320030036101"}},{"arcs":[[-1227,-1092,2254,-2253]],"type":"Polygon","properties":{"GEOID":"320030036102"}},{"arcs":[[-2254,2255,2256,-2093]],"type":"Polygon","properties":{"GEOID":"320030036103"}},{"arcs":[[-2255,-1098,-332,-2256]],"type":"Polygon","properties":{"GEOID":"320030036104"}},{"arcs":[[-2016,2257,-884,-1721,2258,2259]],"type":"Polygon","properties":{"GEOID":"320030047102"}},{"arcs":[[-1268,2260,2261,2262,2263]],"type":"Polygon","properties":{"GEOID":"320030062022"}},{"arcs":[[-1905,-2261,-1267]],"type":"Polygon","properties":{"GEOID":"320030062042"}},{"arcs":[[2264,-1666]],"type":"Polygon","properties":{"GEOID":"320030057052"}},{"arcs":[[-764,2265,-1472,-737]],"type":"Polygon","properties":{"GEOID":"320030026043"}},{"arcs":[[2266,-612,2267,-1873,2268,2269]],"type":"Polygon","properties":{"GEOID":"320030029462"}},{"arcs":[[2270,-658,2271,2272,-2249]],"type":"Polygon","properties":{"GEOID":"320030033081"}},{"arcs":[[2273,2274,2275,2276,-1669,2277,2278]],"type":"Polygon","properties":{"GEOID":"320030033051"}},{"arcs":[[-2273,2279,-2274,2280]],"type":"Polygon","properties":{"GEOID":"320030033054"}},{"arcs":[[-2272,2281,2282,-2275,-2280]],"type":"Polygon","properties":{"GEOID":"320030033053"}},{"arcs":[[-2283,2283,2284,-2276]],"type":"Polygon","properties":{"GEOID":"320030033055"}},{"arcs":[[-2282,-657,2285,2286,-2284]],"type":"Polygon","properties":{"GEOID":"320030033061"}},{"arcs":[[-1973,-816,2287,-1718,-1897,-810]],"type":"Polygon","properties":{"GEOID":"320030034194"}},{"arcs":[[-815,2288,-818,-2288]],"type":"Polygon","properties":{"GEOID":"320030034201"}},{"arcs":[[-814,-2219,-2221,2289,2290,-819,-2289]],"type":"Polygon","properties":{"GEOID":"320030034203"}},{"arcs":[[-1652,-1659,2291,2292,-142,-136]],"type":"Polygon","properties":{"GEOID":"320030034211"}},{"arcs":[[-1658,-1753,2293,-2292]],"type":"Polygon","properties":{"GEOID":"320030034212"}},{"arcs":[[-2223,2294,2295,2296,-1656]],"type":"Polygon","properties":{"GEOID":"320030034221"}},{"arcs":[[-2224,-1720,-1817,2297,2298,-2295]],"type":"Polygon","properties":{"GEOID":"320030034222"}},{"arcs":[[-1682,2299,2300]],"type":"Polygon","properties":{"GEOID":"320030047121"}},{"arcs":[[2301,2302,-1498]],"type":"Polygon","properties":{"GEOID":"320030047123"}},{"arcs":[[2303,2304,-1501,2305,2306,2307,-1913,2308]],"type":"Polygon","properties":{"GEOID":"320030047132"}},{"arcs":[[2309,2310,-2304,2311,2312,-470]],"type":"Polygon","properties":{"GEOID":"320030047141"}},{"arcs":[[2313,2314,-2310,-469]],"type":"Polygon","properties":{"GEOID":"320030047142"}},{"arcs":[[2315,2316,-2314,-468]],"type":"Polygon","properties":{"GEOID":"320030047151"}},{"arcs":[[2317,-2003,2318,2319,-2317]],"type":"Polygon","properties":{"GEOID":"320030047152"}},{"arcs":[[2320,-1049,-526,2321,2322]],"type":"Polygon","properties":{"GEOID":"320030051022"}},{"arcs":[[-2323,2323,-2051,-1592,2324,2325,2326]],"type":"Polygon","properties":{"GEOID":"320030051023"}},{"arcs":[[-656,-1768,2327,-1549,2328,-2286]],"type":"Polygon","properties":{"GEOID":"320030033062"}},{"arcs":[[-2328,-1767,-1103,2329,-1980,2330,-1547]],"type":"Polygon","properties":{"GEOID":"320030033064"}},{"arcs":[[2331,-2024,-2092,2332,2333,2334]],"type":"Polygon","properties":{"GEOID":"320030034081"}},{"arcs":[[-2091,-1673,-2056,-2052,-2333]],"type":"Polygon","properties":{"GEOID":"320030034092"}},{"arcs":[[-1548,-2331,-1992,2335,2336]],"type":"Polygon","properties":{"GEOID":"320030034101"}},{"arcs":[[-1816,2337,2338,-2298]],"type":"Polygon","properties":{"GEOID":"320030034224"}},{"arcs":[[-821,2339,2340,2341,-2338]],"type":"Polygon","properties":{"GEOID":"320030034232"}},{"arcs":[[-2291,2342,-949,-1981,2343,-2340,-820]],"type":"Polygon","properties":{"GEOID":"320030034233"}},{"arcs":[[-2342,2344,2345,2346,2347]],"type":"Polygon","properties":{"GEOID":"320030034234"}},{"arcs":[[-2341,-2344,-1983,2348,-2345]],"type":"Polygon","properties":{"GEOID":"320030034235"}},{"arcs":[[-2220,-801,2349,-2290]],"type":"Polygon","properties":{"GEOID":"320030034281"}},{"arcs":[[-2350,-800,2350,-718,-947,-2343]],"type":"Polygon","properties":{"GEOID":"320030034291"}},{"arcs":[[-2257,-337,2351,2352]],"type":"Polygon","properties":{"GEOID":"320030036131"}},{"arcs":[[-2352,-336,-793,2353]],"type":"Polygon","properties":{"GEOID":"320030036133"}},{"arcs":[[-1048,-1125,2354,2355,2356,2357,-524]],"type":"Polygon","properties":{"GEOID":"320030051031"}},{"arcs":[[2358,2359,2360,-2048]],"type":"Polygon","properties":{"GEOID":"320030051033"}},{"arcs":[[2361,2362,2363,2364]],"type":"Polygon","properties":{"GEOID":"320030051042"}},{"arcs":[[-2361,2365,2366,2367,-2049]],"type":"Polygon","properties":{"GEOID":"320030051062"}},{"arcs":[[-2127,-2130,2368,2369,2370,2371,2372,2373,-1650]],"type":"Polygon","properties":{"GEOID":"320030053331"}},{"arcs":[[-2372,2374,2375]],"type":"Polygon","properties":{"GEOID":"320030053332"}},{"arcs":[[-2334,-2054,2376,2377]],"type":"Polygon","properties":{"GEOID":"320030034111"}},{"arcs":[[-2377,2378,-660,2379]],"type":"Polygon","properties":{"GEOID":"320030034112"}},{"arcs":[[-2053,-1588,-790,-1974,-661,-2379]],"type":"Polygon","properties":{"GEOID":"320030034123"}},{"arcs":[[-2285,-2287,-2329,-2337,2380,-1670,-2277]],"type":"Polygon","properties":{"GEOID":"320030034102"}},{"arcs":[[-2055,-1671,2381,-1963,-782,-787,-1587]],"type":"Polygon","properties":{"GEOID":"320030034132"}},{"arcs":[[-2381,-2336,-2252,2382,-1964,-2382]],"type":"Polygon","properties":{"GEOID":"320030034141"}},{"arcs":[[-955,-1383,-317]],"type":"Polygon","properties":{"GEOID":"320030034301"}},{"arcs":[[-951,-320,-826,2383,2384]],"type":"Polygon","properties":{"GEOID":"320030034311"}},{"arcs":[[2385,2386,2387]],"type":"Polygon","properties":{"GEOID":"320030035001"}},{"arcs":[[-724,-1707,2388,-2388,2389,2390,-1380,-953]],"type":"Polygon","properties":{"GEOID":"320030035002"}},{"arcs":[[-1097,2391,2392,-333]],"type":"Polygon","properties":{"GEOID":"320030036432"}},{"arcs":[[-1096,2393,2394,-2392]],"type":"Polygon","properties":{"GEOID":"320030036431"}},{"arcs":[[-2393,2395,-794,-334]],"type":"Polygon","properties":{"GEOID":"320030036441"}},{"arcs":[[-2395,2396,2397,-2396]],"type":"Polygon","properties":{"GEOID":"320030036442"}},{"arcs":[[2398,2399,-960]],"type":"Polygon","properties":{"GEOID":"320030036151"}},{"arcs":[[-2400,2400,-105,-1093]],"type":"Polygon","properties":{"GEOID":"320030036152"}},{"arcs":[[2401,-2364,-2103,2402,2403,-2366]],"type":"Polygon","properties":{"GEOID":"320030051071"}},{"arcs":[[-2367,-2404,2404,2405]],"type":"Polygon","properties":{"GEOID":"320030051072"}},{"arcs":[[-2403,-2102,2406,2407,-2405]],"type":"Polygon","properties":{"GEOID":"320030051073"}},{"arcs":[[-2101,2408,2409,-96,-90,2410,-2407]],"type":"Polygon","properties":{"GEOID":"320030051082"}},{"arcs":[[-2370,2411,2412,-268,2413,2414]],"type":"Polygon","properties":{"GEOID":"320030053521"}},{"arcs":[[-547,-545,2415,-400,-273]],"type":"Polygon","properties":{"GEOID":"320030053352"}},{"arcs":[[2416,2417,-401,-2416]],"type":"Polygon","properties":{"GEOID":"320030053353"}},{"arcs":[[2418,2419,-410,-558,-550,-2073,2420,-2418]],"type":"Polygon","properties":{"GEOID":"320030053354"}},{"arcs":[[-2170,2421,2422]],"type":"Polygon","properties":{"GEOID":"320030053361"}},{"arcs":[[-2398,2423,-2386,-2389,-1706,-795]],"type":"Polygon","properties":{"GEOID":"320030036171"}},{"arcs":[[-1102,-1229,-1977,-2330]],"type":"Polygon","properties":{"GEOID":"320030036302"}},{"arcs":[[2424,2425,2426,-2390,-2387,-2424]],"type":"Polygon","properties":{"GEOID":"320030037001"}},{"arcs":[[-1359,2427,2428,2429,2430]],"type":"Polygon","properties":{"GEOID":"320030038001"}},{"arcs":[[-2429,2431,2432,2433]],"type":"Polygon","properties":{"GEOID":"320030038002"}},{"arcs":[[2434,-2430,-2434,2435,-1796,2436]],"type":"Polygon","properties":{"GEOID":"320030038003"}},{"arcs":[[2437,-2319,-2007,-2305,-2311]],"type":"Polygon","properties":{"GEOID":"320030047162"}},{"arcs":[[2438,-1914,-2308,2439,-2009,-1367,2440]],"type":"Polygon","properties":{"GEOID":"320030047171"}},{"arcs":[[-2307,2441,-2013,-2440]],"type":"Polygon","properties":{"GEOID":"320030047172"}},{"arcs":[[-2320,-2438,-2315]],"type":"Polygon","properties":{"GEOID":"320030047161"}},{"arcs":[[-2373,-2376,2442,2443,2444,2445]],"type":"Polygon","properties":{"GEOID":"320030053371"}},{"arcs":[[-2375,-2371,-2415,2446,-2443]],"type":"Polygon","properties":{"GEOID":"320030053372"}},{"arcs":[[2447,-2445,2448,2449,-174,-172]],"type":"Polygon","properties":{"GEOID":"320030053381"}},{"arcs":[[2450,-175,-2450]],"type":"Polygon","properties":{"GEOID":"320030053382"}},{"arcs":[[-2422,2451,-411,-2420,2452]],"type":"Polygon","properties":{"GEOID":"320030053362"}},{"arcs":[[2453,2454,2455,2456]],"type":"Polygon","properties":{"GEOID":"320030054321"}},{"arcs":[[2457,-1946,2458,-2455]],"type":"Polygon","properties":{"GEOID":"320030054322"}},{"arcs":[[-2180,2459,-2457,2460,-555,-408,-2452,-2169]],"type":"Polygon","properties":{"GEOID":"320030054233"}},{"arcs":[[2461,2462,2463,-2122,-2105,2464,-2157]],"type":"Polygon","properties":{"GEOID":"320030040001"}},{"arcs":[[-1997,2465,2466,-2463]],"type":"Polygon","properties":{"GEOID":"320030041001"}},{"arcs":[[-1996,-887,-1960,-2123,-2466]],"type":"Polygon","properties":{"GEOID":"320030041002"}},{"arcs":[[-2467,-2125,2467,2468,-2464]],"type":"Polygon","properties":{"GEOID":"320030041003"}},{"arcs":[[-1373,2469,2470,2471,-2441,-1366,-1911]],"type":"Polygon","properties":{"GEOID":"320030042002"}},{"arcs":[[2472,-1842,-1728,-1014,2473]],"type":"Polygon","properties":{"GEOID":"320030049111"}},{"arcs":[[-352,-344,-1700,-1843,-2473,2474]],"type":"Polygon","properties":{"GEOID":"320030049112"}},{"arcs":[[-15,2475,2476,-1012,-346,2477,-338]],"type":"Polygon","properties":{"GEOID":"320030016111"}},{"arcs":[[-29,2478,2479,-342,2480]],"type":"Polygon","properties":{"GEOID":"320030049122"}},{"arcs":[[2481,2482,-1618,2483,2484]],"type":"Polygon","properties":{"GEOID":"320030049141"}},{"arcs":[[2485,2486,-1187,-1182,2487,-2483]],"type":"Polygon","properties":{"GEOID":"320030049142"}},{"arcs":[[2488,2489,2490,-2486,-2482,2491,2492]],"type":"Polygon","properties":{"GEOID":"320030049151"}},{"arcs":[[2493,-2171,-2423,-2453,-2419,-2417,-544]],"type":"Polygon","properties":{"GEOID":"320030052002"}},{"arcs":[[-2114,2494,2495,2496,2497,-1158]],"type":"Polygon","properties":{"GEOID":"320030053112"}},{"arcs":[[2498,2499,2500,2501,-2496]],"type":"Polygon","properties":{"GEOID":"320030053121"}},{"arcs":[[-2502,2502,2503,2504,2505,-2497]],"type":"Polygon","properties":{"GEOID":"320030053122"}},{"arcs":[[-2325,-1595,2506,-2500,2507]],"type":"Polygon","properties":{"GEOID":"320030053131"}},{"arcs":[[-2507,-1594,2508,2509,2510,-2503,-2501]],"type":"Polygon","properties":{"GEOID":"320030053133"}},{"arcs":[[-2456,-2459,-1945,-565,2511,-556,-2461]],"type":"Polygon","properties":{"GEOID":"320030054323"}},{"arcs":[[2512,-1943,2513,2514]],"type":"Polygon","properties":{"GEOID":"320030054332"}},{"arcs":[[-2514,-1942,2515]],"type":"Polygon","properties":{"GEOID":"320030054334"}},{"arcs":[[-1135,-1955,-1663]],"type":"Polygon","properties":{"GEOID":"320030057041"}},{"arcs":[[-521,2516,2517,2518,2519,-510]],"type":"Polygon","properties":{"GEOID":"320030058041"}},{"arcs":[[-2520,2520,2521,-511]],"type":"Polygon","properties":{"GEOID":"320030058042"}},{"arcs":[[-512,-2522,2522,-2033]],"type":"Polygon","properties":{"GEOID":"320030058043"}},{"arcs":[[2523,-965,-109,-1899,2524,2525]],"type":"Polygon","properties":{"GEOID":"320030036272"}},{"arcs":[[2526,2527,2528,-2487,-2491]],"type":"Polygon","properties":{"GEOID":"320030049152"}},{"arcs":[[2529,2530,-2489,-1597]],"type":"Polygon","properties":{"GEOID":"320030049161"}},{"arcs":[[-2081,2531,2532,-2527,-2490,-2531]],"type":"Polygon","properties":{"GEOID":"320030049162"}},{"arcs":[[2533,2534,2535,-2528,-2533]],"type":"Polygon","properties":{"GEOID":"320030049171"}},{"arcs":[[-2263,2536,2537,-2535]],"type":"Polygon","properties":{"GEOID":"320030049172"}},{"arcs":[[-2538,-1080,-1261,2538]],"type":"Polygon","properties":{"GEOID":"320030049182"}},{"arcs":[[-2511,2539,2540,-2504]],"type":"Polygon","properties":{"GEOID":"320030053134"}},{"arcs":[[-2050,-2368,2541,2542,-2509,-1593]],"type":"Polygon","properties":{"GEOID":"320030053141"}},{"arcs":[[-2543,2543,2544,-1930,2545]],"type":"Polygon","properties":{"GEOID":"320030053142"}},{"arcs":[[-2444,-2447,-2414,-267,-176,-2451,-2449]],"type":"Polygon","properties":{"GEOID":"320030053383"}},{"arcs":[[-2074,-548,-559,2546]],"type":"Polygon","properties":{"GEOID":"320030053422"}},{"arcs":[[-2523,-2521,-2519,2547,-1643,-2034]],"type":"Polygon","properties":{"GEOID":"320030058044"}},{"arcs":[[-2517,2548,2549]],"type":"Polygon","properties":{"GEOID":"320030058051"}},{"arcs":[[-2518,-2550,2550,-1066,2551,2552,2553]],"type":"Polygon","properties":{"GEOID":"320030058052"}},{"arcs":[[-2554,2554,2555,-2231,-2548]],"type":"Polygon","properties":{"GEOID":"320030058053"}},{"arcs":[[2556,-2117,-2230,2557,-444]],"type":"Polygon","properties":{"GEOID":"320030058063"}},{"arcs":[[-1645,-2234,-2225,-2115]],"type":"Polygon","properties":{"GEOID":"320030058072"}},{"arcs":[[2558,-2241,2559,-1249,-2237]],"type":"Polygon","properties":{"GEOID":"320030058093"}},{"arcs":[[2560,-1001,-1167,-2004,-2318,-2316,-467,-113]],"type":"Polygon","properties":{"GEOID":"320030060011"}},{"arcs":[[-1813,-1713,-1805]],"type":"Polygon","properties":{"GEOID":"320030053481"}},{"arcs":[[-2498,-2506,2561,2562,2563]],"type":"Polygon","properties":{"GEOID":"320030053161"}},{"arcs":[[-2563,2564,-2062,-1321,2565]],"type":"Polygon","properties":{"GEOID":"320030053162"}},{"arcs":[[-2562,-2505,2566,-2069,-2066,-2063,-2565]],"type":"Polygon","properties":{"GEOID":"320030053163"}},{"arcs":[[-2011,-2017,-2260,2567,-1957]],"type":"Polygon","properties":{"GEOID":"320030047101"}},{"arcs":[[2568,-1819,-1388,2569,2570]],"type":"Polygon","properties":{"GEOID":"320030005262"}},{"arcs":[[2571,2572,2573,-1646,2574,-2070]],"type":"Polygon","properties":{"GEOID":"320030053172"}},{"arcs":[[-2575,-1651,2575,2576,-2071]],"type":"Polygon","properties":{"GEOID":"320030053173"}},{"arcs":[[-557,-2512,-564,2577,2578,-671,-552]],"type":"Polygon","properties":{"GEOID":"320030053431"}},{"arcs":[[-2579,-1940,-1794,-672]],"type":"Polygon","properties":{"GEOID":"320030053601"}},{"arcs":[[-185,-1542,2579,-207]],"type":"Polygon","properties":{"GEOID":"320030054392"}},{"arcs":[[-841,-1693,-2077,-1952]],"type":"Polygon","properties":{"GEOID":"320030055041"}},{"arcs":[[-2570,-1387,2580,-1055,-1056,2581,2582]],"type":"Polygon","properties":{"GEOID":"320030005144"}},{"arcs":[[2583,-1453,2584,2585,2586]],"type":"Polygon","properties":{"GEOID":"320030005271"}},{"arcs":[[-1393,-2210,-2201,-972]],"type":"Polygon","properties":{"GEOID":"320030056071"}},{"arcs":[[-2136,-2078,-1691,-1604,-1624]],"type":"Polygon","properties":{"GEOID":"320030055031"}},{"arcs":[[-1904,2587,2588,-2262]],"type":"Polygon","properties":{"GEOID":"320030072003"}},{"arcs":[[-2589,2589,2590,-1081,-2537]],"type":"Polygon","properties":{"GEOID":"320030061032"}},{"arcs":[[2591,-2082,-2530,2592]],"type":"Polygon","properties":{"GEOID":"320030062011"}},{"arcs":[[-1272,-2264,-2534,-2532,-2080]],"type":"Polygon","properties":{"GEOID":"320030062021"}},{"arcs":[[-692,2593,-1002,2594,-684]],"type":"Polygon","properties":{"GEOID":"320030005231"}},{"arcs":[[2595,2596,-1011,-1006,2597,-370]],"type":"Polygon","properties":{"GEOID":"320030018011"}},{"arcs":[[2598,2599,2600,-486,-483]],"type":"Polygon","properties":{"GEOID":"320030018031"}},{"arcs":[[-371,-2598,-1009,2601,-2600]],"type":"Polygon","properties":{"GEOID":"320030018032"}},{"arcs":[[-376,-372,-2599,2602]],"type":"Polygon","properties":{"GEOID":"320030018042"}},{"arcs":[[-2097,2603,2604,2605,2606]],"type":"Polygon","properties":{"GEOID":"320030029052"}},{"arcs":[[-1065,2607,2608,-2552]],"type":"Polygon","properties":{"GEOID":"320030029154"}},{"arcs":[[-2194,-2198,2609,2610,2611,-2608,-1064]],"type":"Polygon","properties":{"GEOID":"320030029152"}},{"arcs":[[-2609,-2612,2612,2613,-2555,-2553]],"type":"Polygon","properties":{"GEOID":"320030029153"}},{"arcs":[[2614,2615,2616,2617,2618,2619,-2145,2620,2621,2622]],"type":"Polygon","properties":{"GEOID":"320030032111"}},{"arcs":[[2623,-256,2624,2625,-2146,-2620]],"type":"Polygon","properties":{"GEOID":"320030032112"}},{"arcs":[[2626,2627,-659,2628,-308,-252]],"type":"Polygon","properties":{"GEOID":"320030032473"}},{"arcs":[[-2436,-2433,2629,-2159,2630,-1797]],"type":"Polygon","properties":{"GEOID":"320030038004"}},{"arcs":[[-2428,-1358,-1378,-1639,-1703,-1998,-2462,-2156,-2630,-2432]],"type":"Polygon","properties":{"GEOID":"320030038005"}},{"arcs":[[2631,2632,-681,2633,2634,2635]],"type":"Polygon","properties":{"GEOID":"320030005212"}},{"arcs":[[2636,2637,-2131,-1863,2638]],"type":"Polygon","properties":{"GEOID":"320030028143"}},{"arcs":[[2639,-1323,-2065,-2068,-2072,-2577,-1985,-2132,-2638]],"type":"Polygon","properties":{"GEOID":"320030053191"}},{"arcs":[[-685,-2595,-1005,2640,2641]],"type":"Polygon","properties":{"GEOID":"320030015011"}},{"arcs":[[-1004,2642,2643,-1455,2644,2645,-2641]],"type":"Polygon","properties":{"GEOID":"320030015012"}},{"arcs":[[2646,2647,-2645,-1458,-2596,-369,-375,2648]],"type":"Polygon","properties":{"GEOID":"320030014024"}},{"arcs":[[2649,-2582,2650,2651,2652]],"type":"Polygon","properties":{"GEOID":"320030005243"}},{"arcs":[[-2651,-1060,2653,2654]],"type":"Polygon","properties":{"GEOID":"320030005221"}},{"arcs":[[2655,2656,-2359,-2047,2657,-2357]],"type":"Polygon","properties":{"GEOID":"320030051032"}},{"arcs":[[-1787,-1775,2658]],"type":"Polygon","properties":{"GEOID":"320030057112"}},{"arcs":[[2659,2660,2661,-1146,2662,2663,2664,-38,-1725]],"type":"Polygon","properties":{"GEOID":"320030007003"}},{"arcs":[[2665,-1141,-2662,2666]],"type":"Polygon","properties":{"GEOID":"320030004023"}},{"arcs":[[-883,-1823,2667,-1598,-2493,2668,2669,-1722]],"type":"Polygon","properties":{"GEOID":"320030005131"}},{"arcs":[[-1452,-1723,-2670,2670,2671,2672,2673,-2585]],"type":"Polygon","properties":{"GEOID":"320030005132"}},{"arcs":[[-2669,-2492,2674,-2671]],"type":"Polygon","properties":{"GEOID":"320030005133"}},{"arcs":[[-1386,2675,-2586,2676,-1634,2677,-2581]],"type":"Polygon","properties":{"GEOID":"320030005142"}},{"arcs":[[-880,2678,-377,-2603,-482,-475]],"type":"Polygon","properties":{"GEOID":"320030019012"}},{"arcs":[[-476,-485,-488,2679,2680]],"type":"Polygon","properties":{"GEOID":"320030019021"}},{"arcs":[[-1676,2681,2682,2683,2684,-1826,2685]],"type":"Polygon","properties":{"GEOID":"320030020001"}},{"arcs":[[2686,2687,-2684]],"type":"Polygon","properties":{"GEOID":"320030020002"}},{"arcs":[[2688,-481,-477,-2681,-626,2689,-2685,-2688]],"type":"Polygon","properties":{"GEOID":"320030020003"}},{"arcs":[[2690,2691,2692,-65,-2099,2693,-2611]],"type":"Polygon","properties":{"GEOID":"320030029161"}},{"arcs":[[-1339,-1341,-1343,2694,2695,2696,2697,-1069,2698,-1465,-1070,-1336]],"type":"Polygon","properties":{"GEOID":"320030029191"}},{"arcs":[[2699,2700,-2270,2701,2702]],"type":"Polygon","properties":{"GEOID":"320030029351"}},{"arcs":[[2703,2704,-247,-240,2705]],"type":"Polygon","properties":{"GEOID":"320030032622"}},{"arcs":[[2706,2707,2708,2709]],"type":"Polygon","properties":{"GEOID":"320030032523"}},{"arcs":[[-2674,2710,2711,-2677]],"type":"Polygon","properties":{"GEOID":"320030005151"}},{"arcs":[[-2672,-2675,-2485,2712]],"type":"Polygon","properties":{"GEOID":"320030005152"}},{"arcs":[[-2711,-2673,-2713,-2484,-1550,2713]],"type":"Polygon","properties":{"GEOID":"320030005153"}},{"arcs":[[-2712,-2714,2714,-1635]],"type":"Polygon","properties":{"GEOID":"320030005154"}},{"arcs":[[-1430,2715,2716,2717,-4]],"type":"Polygon","properties":{"GEOID":"320030005161"}},{"arcs":[[-2715,-1554,2718,-1429]],"type":"Polygon","properties":{"GEOID":"320030005171"}},{"arcs":[[-2719,2719,-55,2720,-2716]],"type":"Polygon","properties":{"GEOID":"320030005173"}},{"arcs":[[2721,2722,-24]],"type":"Polygon","properties":{"GEOID":"320030022011"}},{"arcs":[[2723,-25,-2723,2724,2725,2726,2727,2728,2729,2730,-1847,-495,-2032]],"type":"Polygon","properties":{"GEOID":"320030022013"}},{"arcs":[[-589,-1848,-2731,2731,-597,-1849]],"type":"Polygon","properties":{"GEOID":"320030022042"}},{"arcs":[[-2732,-2730,-857,-1277,-592]],"type":"Polygon","properties":{"GEOID":"320030022061"}},{"arcs":[[-2702,-2269,-925,2732,2733]],"type":"Polygon","properties":{"GEOID":"320030029352"}},{"arcs":[[2734,-2733,-1600,-2028,2735]],"type":"Polygon","properties":{"GEOID":"320030029361"}},{"arcs":[[2736,-2703,-2734,-2735,2737]],"type":"Polygon","properties":{"GEOID":"320030029362"}},{"arcs":[[2738,-22,-599,-1875,2739]],"type":"Polygon","properties":{"GEOID":"320030029371"}},{"arcs":[[2740,2741,-2740,-1876,-607,-2700,2742,2743]],"type":"Polygon","properties":{"GEOID":"320030029381"}},{"arcs":[[2744,2745,2746,-2695,2747]],"type":"Polygon","properties":{"GEOID":"320030029391"}},{"arcs":[[2748,2749,2750,-2696,-2747]],"type":"Polygon","properties":{"GEOID":"320030029392"}},{"arcs":[[-1958,2751,-2587,-2676,-1385]],"type":"Polygon","properties":{"GEOID":"320030005273"}},{"arcs":[[-2568,-2259,-1724,-1454,-2584,-2752]],"type":"Polygon","properties":{"GEOID":"320030005282"}},{"arcs":[[-2678,-1636,-2,-1053]],"type":"Polygon","properties":{"GEOID":"320030005145"}},{"arcs":[[2752,-1599,-2668,-1822,2753]],"type":"Polygon","properties":{"GEOID":"320030047094"}},{"arcs":[[2754,-2754,-1821,-881,-2258]],"type":"Polygon","properties":{"GEOID":"320030047093"}},{"arcs":[[-1058,-12,2755,-50,-1003,-2594]],"type":"Polygon","properties":{"GEOID":"320030005181"}},{"arcs":[[-5,-2718,2756,2757,-8,-1057]],"type":"Polygon","properties":{"GEOID":"320030005183"}},{"arcs":[[-2717,2758,2759,-2757]],"type":"Polygon","properties":{"GEOID":"320030005184"}},{"arcs":[[-2721,-57,-17,2760,-2759]],"type":"Polygon","properties":{"GEOID":"320030005191"}},{"arcs":[[2761,-1552,2762,-2476,-14,-56]],"type":"Polygon","properties":{"GEOID":"320030005193"}},{"arcs":[[2763,-2635,2764,2765,2766]],"type":"Polygon","properties":{"GEOID":"320030006001"}},{"arcs":[[-1310,-1308,-751,2767]],"type":"Polygon","properties":{"GEOID":"320030067003"}},{"arcs":[[-1201,-1828,-625,-1450,-871,-1204]],"type":"Polygon","properties":{"GEOID":"320030024031"}},{"arcs":[[-2690,-629,-622,-1827]],"type":"Polygon","properties":{"GEOID":"320030024042"}},{"arcs":[[-1205,-873,-733,-731,-758,2768,-1307]],"type":"Polygon","properties":{"GEOID":"320030024051"}},{"arcs":[[-1573,2769,-122,2770,-1583]],"type":"Polygon","properties":{"GEOID":"320030001051"}},{"arcs":[[-1210,2771,2772,-1344]],"type":"Polygon","properties":{"GEOID":"320030029412"}},{"arcs":[[2773,-1349,-1602,-1655,-1444,-417,-2772]],"type":"Polygon","properties":{"GEOID":"320030029422"}},{"arcs":[[-606,-604,-613,-2267,-2701]],"type":"Polygon","properties":{"GEOID":"320030029461"}},{"arcs":[[-2606,-2744,2774,-2750]],"type":"Polygon","properties":{"GEOID":"320030029471"}},{"arcs":[[-2629,-668,2775,-309]],"type":"Polygon","properties":{"GEOID":"320030032471"}},{"arcs":[[-1846,-627,-2680,-487,2776,2777,-489,2778,-1731]],"type":"Polygon","properties":{"GEOID":"320030025011"}},{"arcs":[[-2779,-493,-1853,2779,-1732]],"type":"Polygon","properties":{"GEOID":"320030025012"}},{"arcs":[[-504,-1591,-1786,2780,2781,2782]],"type":"Polygon","properties":{"GEOID":"320030057131"}},{"arcs":[[2783,-876,2784,2785,-761]],"type":"Polygon","properties":{"GEOID":"320030025041"}},{"arcs":[[-2785,2786,2787,2788,-1858,2789]],"type":"Polygon","properties":{"GEOID":"320030025042"}},{"arcs":[[2790,2791,-2020,-2040,-2788]],"type":"Polygon","properties":{"GEOID":"320030025043"}},{"arcs":[[2792,-2791,-2787,-875]],"type":"Polygon","properties":{"GEOID":"320030025051"}},{"arcs":[[-491,2793,-2021,-2792,-2793,-1854]],"type":"Polygon","properties":{"GEOID":"320030025052"}},{"arcs":[[-2751,-2775,-2743,-2737,2794,-2697]],"type":"Polygon","properties":{"GEOID":"320030029472"}},{"arcs":[[-2795,-2738,-2736,-2027,-2698]],"type":"Polygon","properties":{"GEOID":"320030029492"}},{"arcs":[[2795,-1073,-1212,-1346,2796,2797]],"type":"Polygon","properties":{"GEOID":"320030029532"}},{"arcs":[[-2149,2798,2799,-2708]],"type":"Polygon","properties":{"GEOID":"320030032181"}},{"arcs":[[-2322,-525,-2358,-2658,-2046,-2324]],"type":"Polygon","properties":{"GEOID":"320030051034"}},{"arcs":[[-2148,2800,-126,2801,-2799]],"type":"Polygon","properties":{"GEOID":"320030032182"}},{"arcs":[[-2622,2802,2803,2804,2805]],"type":"Polygon","properties":{"GEOID":"320030032131"}},{"arcs":[[-2626,2806,2807,-2801,-2147]],"type":"Polygon","properties":{"GEOID":"320030032142"}},{"arcs":[[2808,2809,-1631,-127,-2808]],"type":"Polygon","properties":{"GEOID":"320030032151"}},{"arcs":[[2810,-134,-129,-1630]],"type":"Polygon","properties":{"GEOID":"320030032153"}},{"arcs":[[2811,2812,2813,2814]],"type":"Polygon","properties":{"GEOID":"320030010032"}},{"arcs":[[-2814,-1642,-2739,-2742,2815]],"type":"Polygon","properties":{"GEOID":"320030010033"}},{"arcs":[[2816,2817,-1640,-2813]],"type":"Polygon","properties":{"GEOID":"320030010041"}},{"arcs":[[2818,2819,2820,2821,2822,-2818]],"type":"Polygon","properties":{"GEOID":"320030010042"}},{"arcs":[[2823,-2155,2824,-2821]],"type":"Polygon","properties":{"GEOID":"320030010043"}},{"arcs":[[-2823,2825,-2030,-1641]],"type":"Polygon","properties":{"GEOID":"320030010045"}},{"arcs":[[-2822,2826,-2031,-2826]],"type":"Polygon","properties":{"GEOID":"320030010046"}},{"arcs":[[-121,2827,-2151,-2824,-2820,2828,2829]],"type":"Polygon","properties":{"GEOID":"320030010052"}},{"arcs":[[-2769,-762,-2786,-2790,2830,2831,-2266,-763,-753]],"type":"Polygon","properties":{"GEOID":"320030026032"}},{"arcs":[[-2832,2832,-1473]],"type":"Polygon","properties":{"GEOID":"320030068003"}},{"arcs":[[-2780,-1855,-877,-2784,-760,-870]],"type":"Polygon","properties":{"GEOID":"320030025061"}},{"arcs":[[-611,-1852,2833,-2268]],"type":"Polygon","properties":{"GEOID":"320030029542"}},{"arcs":[[-2834,-1851,2834,-617,-1857,-934,-295,-1439,-1874]],"type":"Polygon","properties":{"GEOID":"320030029561"}},{"arcs":[[2835,2836,2837,-412,-506,2838]],"type":"Polygon","properties":{"GEOID":"320030029571"}},{"arcs":[[-2797,-1345,-2773,-421,-413,-2838]],"type":"Polygon","properties":{"GEOID":"320030029572"}},{"arcs":[[2839,2840,-2571,2841,-2120]],"type":"Polygon","properties":{"GEOID":"320030005252"}},{"arcs":[[-2842,-2583,-2650,2842,2843]],"type":"Polygon","properties":{"GEOID":"320030005241"}},{"arcs":[[-2843,-2653,2844,2845]],"type":"Polygon","properties":{"GEOID":"320030005242"}},{"arcs":[[-2469,2846,-2840,-2119]],"type":"Polygon","properties":{"GEOID":"320030005251"}},{"arcs":[[-2107,-2121,-2844,-2846,2847,2848]],"type":"Polygon","properties":{"GEOID":"320030005104"}},{"arcs":[[2849,-2776,-1653,-135,-2811,-1629]],"type":"Polygon","properties":{"GEOID":"320030032154"}},{"arcs":[[2850,2851,2852,-2706,-239,-235]],"type":"Polygon","properties":{"GEOID":"320030032621"}},{"arcs":[[-2825,-2154,2853,-23,-2724,-2827]],"type":"Polygon","properties":{"GEOID":"320030010062"}},{"arcs":[[-2153,2854,2855,-2725,-2722,-2854]],"type":"Polygon","properties":{"GEOID":"320030010063"}},{"arcs":[[2856,2857,2858]],"type":"Polygon","properties":{"GEOID":"320030011002"}},{"arcs":[[2859,2860,-2859,2861,2862]],"type":"Polygon","properties":{"GEOID":"320030011003"}},{"arcs":[[2863,2864,2865,-1613,2866,2867,2868]],"type":"Polygon","properties":{"GEOID":"320030012001"}},{"arcs":[[-2831,-1861,2869,-1661,-1474,-2833]],"type":"Polygon","properties":{"GEOID":"320030068001"}},{"arcs":[[-897,2870,2871,2872,-1477,-2135]],"type":"Polygon","properties":{"GEOID":"320030027072"}},{"arcs":[[-1860,-902,-2134,-1660,-2870]],"type":"Polygon","properties":{"GEOID":"320030027081"}},{"arcs":[[2873,2874,2875,2876,2877,2878]],"type":"Polygon","properties":{"GEOID":"320030030011"}},{"arcs":[[2879,2880,2881,-2876]],"type":"Polygon","properties":{"GEOID":"320030030012"}},{"arcs":[[-2882,2882,2883,2884,-2877]],"type":"Polygon","properties":{"GEOID":"320030030013"}},{"arcs":[[-2878,-2885,2885,2886]],"type":"Polygon","properties":{"GEOID":"320030030014"}},{"arcs":[[-2293,-2294,-1756,2887,-151,-2104]],"type":"Polygon","properties":{"GEOID":"320030030031"}},{"arcs":[[-2888,-1755,-266,2888,-2042,-152]],"type":"Polygon","properties":{"GEOID":"320030030033"}},{"arcs":[[-2346,-2349,-1582,2889,2890]],"type":"Polygon","properties":{"GEOID":"320030001093"}},{"arcs":[[-2867,-1617,2891,-2689,-2687,-2683,2892]],"type":"Polygon","properties":{"GEOID":"320030012002"}},{"arcs":[[-2858,2893,-2868,-2893,-2682,-1675,-2862]],"type":"Polygon","properties":{"GEOID":"320030012003"}},{"arcs":[[2894,-1507,2895,2896]],"type":"Polygon","properties":{"GEOID":"320030013001"}},{"arcs":[[-1615,-2896,-1506,2897,2898,-878,-479,2899]],"type":"Polygon","properties":{"GEOID":"320030013002"}},{"arcs":[[-1616,-2900,-478,-2892]],"type":"Polygon","properties":{"GEOID":"320030013003"}},{"arcs":[[2900,2901,-2897,-1614,-2866]],"type":"Polygon","properties":{"GEOID":"320030013005"}},{"arcs":[[2902,-686,-2642,-2646,-2648,2903,-1504]],"type":"Polygon","properties":{"GEOID":"320030014011"}},{"arcs":[[2904,2905,-2326,-2508,-2499,-2495,-2113,-1128,-1130,-742]],"type":"Polygon","properties":{"GEOID":"320030028081"}},{"arcs":[[2906,2907,-1050,-2321,-2327,-2906]],"type":"Polygon","properties":{"GEOID":"320030028082"}},{"arcs":[[-749,-1046,2908,-1131,-1567]],"type":"Polygon","properties":{"GEOID":"320030028371"}},{"arcs":[[2909,-2044,2910,-1878,2911,2912]],"type":"Polygon","properties":{"GEOID":"320030030051"}},{"arcs":[[2913,-2912,-1883,2914,2915,2916]],"type":"Polygon","properties":{"GEOID":"320030030052"}},{"arcs":[[2917,-2879,-2887,2918,-1880]],"type":"Polygon","properties":{"GEOID":"320030030054"}},{"arcs":[[-2200,-2916,2919,-2691,-2610,-2197]],"type":"Polygon","properties":{"GEOID":"320030030061"}},{"arcs":[[-2915,-1882,2920,-2692,-2920]],"type":"Polygon","properties":{"GEOID":"320030030062"}},{"arcs":[[-1881,-2919,2921,-2059,-61,-2693,-2921]],"type":"Polygon","properties":{"GEOID":"320030030063"}},{"arcs":[[-2296,-2299,2922,2923,2924]],"type":"Polygon","properties":{"GEOID":"320030031042"}},{"arcs":[[2925,-1798,-2631,-2158,-2465,-2109,2926,-1815,-1142,-2666]],"type":"Polygon","properties":{"GEOID":"320030004021"}},{"arcs":[[-1145,2927,-2767,2928,2929,-2663]],"type":"Polygon","properties":{"GEOID":"320030007004"}},{"arcs":[[-471,-2313,-2470,-1372,-449]],"type":"Polygon","properties":{"GEOID":"320030046022"}},{"arcs":[[-2927,-2108,-2849,2930,2931,-1814]],"type":"Polygon","properties":{"GEOID":"320030005103"}},{"arcs":[[2932,-2654,-1059,-690,2933]],"type":"Polygon","properties":{"GEOID":"320030005222"}},{"arcs":[[2934,-688,-682,-2633]],"type":"Polygon","properties":{"GEOID":"320030005214"}},{"arcs":[[2935,-2890,-1581,-1579,-1571,2936,2937]],"type":"Polygon","properties":{"GEOID":"320030001091"}},{"arcs":[[-2886,2938,-2057,-2922]],"type":"Polygon","properties":{"GEOID":"320030001031"}},{"arcs":[[-2884,2939,2940,-2939]],"type":"Polygon","properties":{"GEOID":"320030001032"}},{"arcs":[[-2941,2941,2942,-2058]],"type":"Polygon","properties":{"GEOID":"320030001034"}},{"arcs":[[-2937,-1575,-1585,2943,-2883,-2881]],"type":"Polygon","properties":{"GEOID":"320030001062"}},{"arcs":[[-2944,-1584,2944,2945,2946,-2940]],"type":"Polygon","properties":{"GEOID":"320030001071"}},{"arcs":[[2947,2948,-2649,-374,-2679,-879,-2899]],"type":"Polygon","properties":{"GEOID":"320030014022"}},{"arcs":[[-1159,-2564,-2566,-1320,2949]],"type":"Polygon","properties":{"GEOID":"320030028111"}},{"arcs":[[-2339,-2348,2950,-2923]],"type":"Polygon","properties":{"GEOID":"320030031032"}},{"arcs":[[-2297,-2925,2951,-261,-1754]],"type":"Polygon","properties":{"GEOID":"320030031041"}},{"arcs":[[-2951,-2347,2952,-2952,-2924]],"type":"Polygon","properties":{"GEOID":"320030031031"}},{"arcs":[[-2953,-2891,-2936,2953,-262]],"type":"Polygon","properties":{"GEOID":"320030031021"}},{"arcs":[[2954,-2875,2955,-264]],"type":"Polygon","properties":{"GEOID":"320030031024"}},{"arcs":[[-2954,-2938,-2880,-2955,-263]],"type":"Polygon","properties":{"GEOID":"320030031022"}},{"arcs":[[-1094,-118,2956,-2425,-2397,-2394]],"type":"Polygon","properties":{"GEOID":"320030036421"}},{"arcs":[[-1379,-451,-1371,-2002,-1608,-2000,-116]],"type":"Polygon","properties":{"GEOID":"320030046011"}},{"arcs":[[-2947,2957,-2812,2958,-2942]],"type":"Polygon","properties":{"GEOID":"320030001072"}},{"arcs":[[-2771,-2830,2959,-2945]],"type":"Polygon","properties":{"GEOID":"320030001052"}},{"arcs":[[-2960,-2829,-2819,-2817,-2958,-2946]],"type":"Polygon","properties":{"GEOID":"320030001053"}},{"arcs":[[-319,2960,2961,-823]],"type":"Polygon","properties":{"GEOID":"320030002011"}},{"arcs":[[-2962,2962,-2086,-824]],"type":"Polygon","properties":{"GEOID":"320030002012"}},{"arcs":[[-2961,-1382,2963,2964,2965,2966,-71,-2087,-2963]],"type":"Polygon","properties":{"GEOID":"320030002013"}},{"arcs":[[-67,2967,2968,2969]],"type":"Polygon","properties":{"GEOID":"320030002034"}},{"arcs":[[-2943,2970,-2604,-2096,-63]],"type":"Polygon","properties":{"GEOID":"320030029054"}},{"arcs":[[-2038,2971,-2188,-1834,-1020,2972,-2185,2973,2974]],"type":"Polygon","properties":{"GEOID":"320030016072"}},{"arcs":[[2975,-2039,-2975,-365,2976]],"type":"Polygon","properties":{"GEOID":"320030016081"}},{"arcs":[[-1457,2977,2978,2979,2980,2981,-2977,-364,-1010,-2597]],"type":"Polygon","properties":{"GEOID":"320030016082"}},{"arcs":[[2982,-2761,-340,2983,2984,2985,2986]],"type":"Polygon","properties":{"GEOID":"320030016101"}},{"arcs":[[-2985,2987,2988,2989]],"type":"Polygon","properties":{"GEOID":"320030016102"}},{"arcs":[[-1162,-1160,-2950,-1324,-2640,-2637,2990,-1313,-1316]],"type":"Polygon","properties":{"GEOID":"320030028112"}},{"arcs":[[-1189,-1314,-2991,-2639,-1866,2991,2992]],"type":"Polygon","properties":{"GEOID":"320030028141"}},{"arcs":[[-1909,2993,2994]],"type":"Polygon","properties":{"GEOID":"320030028412"}},{"arcs":[[-2143,2995,2996,2997]],"type":"Polygon","properties":{"GEOID":"320030032041"}},{"arcs":[[2998,-2139]],"type":"Polygon","properties":{"GEOID":"320030032043"}},{"arcs":[[-2142,2999,-2089,-2022,3000,-2996]],"type":"Polygon","properties":{"GEOID":"320030032045"}},{"arcs":[[-68,-2970,3001,-120]],"type":"Polygon","properties":{"GEOID":"320030002032"}},{"arcs":[[-3002,-2969,3002,3003,-2828]],"type":"Polygon","properties":{"GEOID":"320030002033"}},{"arcs":[[-2152,-3004,3004,-2855]],"type":"Polygon","properties":{"GEOID":"320030002041"}},{"arcs":[[-3005,3005,3006,-2860,-2726,-2856]],"type":"Polygon","properties":{"GEOID":"320030002042"}},{"arcs":[[3007,-2427,3008,3009,3010]],"type":"Polygon","properties":{"GEOID":"320030003011"}},{"arcs":[[-339,-2478,-349,-350,3011,-2988,-2984]],"type":"Polygon","properties":{"GEOID":"320030016112"}},{"arcs":[[-2778,3012,3013,3014,3015,-490]],"type":"Polygon","properties":{"GEOID":"320030017061"}},{"arcs":[[3016,3017,3018,-3015,3019]],"type":"Polygon","properties":{"GEOID":"320030017062"}},{"arcs":[[-2601,-2602,3020,-3013,-2777]],"type":"Polygon","properties":{"GEOID":"320030017071"}},{"arcs":[[3021,3022,3023,-2872]],"type":"Polygon","properties":{"GEOID":"320030069001"}},{"arcs":[[-3024,-2111,3024,-2907,-2905,-1478,-2873]],"type":"Polygon","properties":{"GEOID":"320030069002"}},{"arcs":[[3025,3026,-1126,-1047,-2908,-3025]],"type":"Polygon","properties":{"GEOID":"320030028211"}},{"arcs":[[3027,3028,3029,3030,3031,3032]],"type":"Polygon","properties":{"GEOID":"320030028221"}},{"arcs":[[3033,-1118,3034,3035,-3030]],"type":"Polygon","properties":{"GEOID":"320030028222"}},{"arcs":[[3036,3037,3038,-1889,3039,3040]],"type":"Polygon","properties":{"GEOID":"320030032401"}},{"arcs":[[3041,3042,3043,3044]],"type":"Polygon","properties":{"GEOID":"320030032412"}},{"arcs":[[-3044,3045,-2617,3046]],"type":"Polygon","properties":{"GEOID":"320030032413"}},{"arcs":[[3047,3048,3049,-3038]],"type":"Polygon","properties":{"GEOID":"320030032421"}},{"arcs":[[-3050,3050,-715,3051,-3039]],"type":"Polygon","properties":{"GEOID":"320030032422"}},{"arcs":[[3052,-1508,-155,-248]],"type":"Polygon","properties":{"GEOID":"320030032222"}},{"arcs":[[-2968,-66,-2967,3053,3054,3055,-2660,-1727,3056,-3006,-3003]],"type":"Polygon","properties":{"GEOID":"320030003012"}},{"arcs":[[-2391,-3008,3057,-1381]],"type":"Polygon","properties":{"GEOID":"320030003024"}},{"arcs":[[-3058,-3011,3058,3059,-2964]],"type":"Polygon","properties":{"GEOID":"320030003022"}},{"arcs":[[-3060,3060,3061,-2965]],"type":"Polygon","properties":{"GEOID":"320030003023"}},{"arcs":[[-3062,3062,-3054,-2966]],"type":"Polygon","properties":{"GEOID":"320030003025"}},{"arcs":[[-1008,-362,3063,-3020,-3014,-3021]],"type":"Polygon","properties":{"GEOID":"320030017081"}},{"arcs":[[-361,3064,-3017,-3064]],"type":"Polygon","properties":{"GEOID":"320030017082"}},{"arcs":[[-3065,-367,3065,3066,-1543,-3018]],"type":"Polygon","properties":{"GEOID":"320030017091"}},{"arcs":[[-2974,3067,-3066,-366]],"type":"Polygon","properties":{"GEOID":"320030017101"}},{"arcs":[[-3068,-2184,3068,3069,-3067]],"type":"Polygon","properties":{"GEOID":"320030017102"}},{"arcs":[[-3016,3070,3071,-2018,-2794]],"type":"Polygon","properties":{"GEOID":"320030017111"}},{"arcs":[[-3072,3072,3073,-908,-2019]],"type":"Polygon","properties":{"GEOID":"320030017121"}},{"arcs":[[-910,-1463,3074,-3022,-2871,-896,-901]],"type":"Polygon","properties":{"GEOID":"320030028241"}},{"arcs":[[-1462,-2112,-3023,-3075]],"type":"Polygon","properties":{"GEOID":"320030028242"}},{"arcs":[[3075,-3032,3076,3077,-1626]],"type":"Polygon","properties":{"GEOID":"320030028261"}},{"arcs":[[-3078,3078,-3026,-2110]],"type":"Polygon","properties":{"GEOID":"320030028262"}},{"arcs":[[-3077,-3031,3079,3080,-3079]],"type":"Polygon","properties":{"GEOID":"320030028271"}},{"arcs":[[-3036,3081,3082,3083,-3080]],"type":"Polygon","properties":{"GEOID":"320030028272"}},{"arcs":[[-2909,-1045,-1319,-773,-1172,3084,3085,3086,-1155,-1132]],"type":"Polygon","properties":{"GEOID":"320030028281"}},{"arcs":[[3087,3088,-2618,-3046,-3043]],"type":"Polygon","properties":{"GEOID":"320030032441"}},{"arcs":[[3089,-713,3090,-2624,-2619,-3089]],"type":"Polygon","properties":{"GEOID":"320030032442"}},{"arcs":[[-2997,-3001,-2025,-2332,3091,-3049]],"type":"Polygon","properties":{"GEOID":"320030032081"}},{"arcs":[[-3092,-2335,3092,3093,-3051]],"type":"Polygon","properties":{"GEOID":"320030032082"}},{"arcs":[[-3093,-2378,3094,3095]],"type":"Polygon","properties":{"GEOID":"320030032453"}},{"arcs":[[-1716,3096,-2636,-2764,-2928,-1144]],"type":"Polygon","properties":{"GEOID":"320030004033"}},{"arcs":[[-1799,-2926,-2667,-2661,-3056]],"type":"Polygon","properties":{"GEOID":"320030004011"}},{"arcs":[[3097,-903,-3074]],"type":"Polygon","properties":{"GEOID":"320030017122"}},{"arcs":[[-1545,3098,-3076,3099]],"type":"Polygon","properties":{"GEOID":"320030017132"}},{"arcs":[[-3070,3100,3101,-1544]],"type":"Polygon","properties":{"GEOID":"320030017141"}},{"arcs":[[-3102,3102,3103,-3033,-3099]],"type":"Polygon","properties":{"GEOID":"320030017142"}},{"arcs":[[3104,3105,-3103]],"type":"Polygon","properties":{"GEOID":"320030017151"}},{"arcs":[[-3106,3106,-234,-3028,-3104]],"type":"Polygon","properties":{"GEOID":"320030017152"}},{"arcs":[[-3073,-3071,-3019,-1546,-3100,-1625,-3098]],"type":"Polygon","properties":{"GEOID":"320030017171"}},{"arcs":[[3107,3108,-768,3109,3110,-232]],"type":"Polygon","properties":{"GEOID":"320030017182"}},{"arcs":[[-3095,-2380,-2628,3111]],"type":"Polygon","properties":{"GEOID":"320030032463"}},{"arcs":[[3112,3113,3114,3115,-2623,-2806,3116,3117]],"type":"Polygon","properties":{"GEOID":"320030032101"}},{"arcs":[[-3118,3118,3119,3120]],"type":"Polygon","properties":{"GEOID":"320030032102"}},{"arcs":[[-3120,3121,-2852,3122]],"type":"Polygon","properties":{"GEOID":"320030032103"}},{"arcs":[[-3122,-3119,-3117,-2805,-2704,-2853]],"type":"Polygon","properties":{"GEOID":"320030032104"}},{"arcs":[[3123,3124,3125,3126]],"type":"Polygon","properties":{"GEOID":"320030032532"}},{"arcs":[[3127,-2917,-2199,-2191,-3125]],"type":"Polygon","properties":{"GEOID":"320030032533"}},{"arcs":[[-2242,3128,3129,-2195,-2551,-2549,-520]],"type":"Polygon","properties":{"GEOID":"320030032612"}},{"arcs":[[-3126,-2190,-3130]],"type":"Polygon","properties":{"GEOID":"320030032611"}},{"arcs":[[-313,-391,3130,3131,-3127,-3129,-1510]],"type":"Polygon","properties":{"GEOID":"320030032531"}},{"arcs":[[-153,-2045,-2910,3132,-3131]],"type":"Polygon","properties":{"GEOID":"320030032541"}},{"arcs":[[-3133,-2913,-2914,-3128,-3124,-3132]],"type":"Polygon","properties":{"GEOID":"320030032542"}},{"arcs":[[-1326,3133,3134,3135,-1749]],"type":"Polygon","properties":{"GEOID":"320030028361"}},{"arcs":[[-1190,-2993,-3134,-1325]],"type":"Polygon","properties":{"GEOID":"320030028341"}},{"arcs":[[-3135,-2992,3136,-1400,-1824,3137]],"type":"Polygon","properties":{"GEOID":"320030028462"}},{"arcs":[[-3137,-1865,3138,3139,-1401]],"type":"Polygon","properties":{"GEOID":"320030028461"}},{"arcs":[[-2133,-1263,-3139]],"type":"Polygon","properties":{"GEOID":"320030053222"}},{"arcs":[[-3140,-1266,-1988,-1937,-1810,-1803,-1402]],"type":"Polygon","properties":{"GEOID":"320030053461"}},{"arcs":[[-1750,-3136,-3138,-32,-1867]],"type":"Polygon","properties":{"GEOID":"320030028362"}},{"arcs":[[-3081,-3084,3140,-1123,-3027]],"type":"Polygon","properties":{"GEOID":"320030028212"}},{"arcs":[[-233,-3111,3141,-1122,-1116,-3034,-3029]],"type":"Polygon","properties":{"GEOID":"320030050111"}},{"arcs":[[-3110,-1747,-1119,-3142]],"type":"Polygon","properties":{"GEOID":"320030050103"}},{"arcs":[[-572,3142,3143,-2796,3144,-2836,-578]],"type":"Polygon","properties":{"GEOID":"320030029442"}},{"arcs":[[-1446,3145,3146,3147,-1877]],"type":"Polygon","properties":{"GEOID":"320030029585"}},{"arcs":[[3148,-852,-1074,-3144]],"type":"Polygon","properties":{"GEOID":"320030029503"}},{"arcs":[[-1337,-853,-3149,-3143,-571]],"type":"Polygon","properties":{"GEOID":"320030029502"}},{"arcs":[[-2798,-2837,-3145]],"type":"Polygon","properties":{"GEOID":"320030029441"}},{"arcs":[[-1654,3149,-3146,-1445]],"type":"Polygon","properties":{"GEOID":"320030029584"}},{"arcs":[[-3150,-936,-303,-300,3150,-3147]],"type":"Polygon","properties":{"GEOID":"320030029672"}},{"arcs":[[-43,-1734,3151,3152]],"type":"Polygon","properties":{"GEOID":"320030029772"}},{"arcs":[[-1369,-2012,-886,-1364]],"type":"Polygon","properties":{"GEOID":"320030042003"}},{"arcs":[[3153,3154,-2755,-2015]],"type":"Polygon","properties":{"GEOID":"320030071003"}},{"arcs":[[3155,3156,3157,-1499,-2303]],"type":"Polygon","properties":{"GEOID":"320030047124"}},{"arcs":[[3158,-3154,-2014]],"type":"Polygon","properties":{"GEOID":"320030071002"}},{"arcs":[[-2006,-2008,-1683,-2301,3159,-3156,-2302,-1497]],"type":"Polygon","properties":{"GEOID":"320030047122"}},{"arcs":[[3160,-1915,-2439,-2472]],"type":"Polygon","properties":{"GEOID":"320030047131"}},{"arcs":[[-2312,-2309,-1912,-3161,-2471]],"type":"Polygon","properties":{"GEOID":"320030047133"}},{"arcs":[[3161,3162,3163,3164,-867]],"type":"Polygon","properties":{"GEOID":"320030028422"}},{"arcs":[[3165,-1183,-1181,-26,3166]],"type":"Polygon","properties":{"GEOID":"320030049213"}},{"arcs":[[-28,-1199,3167,-2479]],"type":"Polygon","properties":{"GEOID":"320030049101"}},{"arcs":[[-3168,-1198,3168,3169,-1695,-343,-2480]],"type":"Polygon","properties":{"GEOID":"320030049102"}},{"arcs":[[3170,3171,3172,3173,-3114,3174]],"type":"Polygon","properties":{"GEOID":"320030032371"}},{"arcs":[[-1491,3175,3176,3177,-1285,3178]],"type":"Polygon","properties":{"GEOID":"320030033162"}},{"arcs":[[-1490,3179,3180,3181,3182,3183,-3176]],"type":"Polygon","properties":{"GEOID":"320030033143"}},{"arcs":[[-2709,3184,-258,3185]],"type":"Polygon","properties":{"GEOID":"320030032522"}},{"arcs":[[-1076,-326,-967,-1239]],"type":"Polygon","properties":{"GEOID":"320030036372"}},{"arcs":[[-1845,-453,3186,-1830,-356]],"type":"Polygon","properties":{"GEOID":"320030050071"}},{"arcs":[[3187,3188,-209,3189]],"type":"Polygon","properties":{"GEOID":"320030054382"}},{"arcs":[[-140,-148,3190,-389]],"type":"Polygon","properties":{"GEOID":"320030032205"}},{"arcs":[[-3191,-147,-149,-390]],"type":"Polygon","properties":{"GEOID":"320030032201"}},{"arcs":[[3191,-1351,3192,-1208,-1214]],"type":"Polygon","properties":{"GEOID":"320030029413"}},{"arcs":[[-1068,-2029,-3192,-1213,-2699]],"type":"Polygon","properties":{"GEOID":"320030029193"}},{"arcs":[[-3193,-1350,-2774,-1209]],"type":"Polygon","properties":{"GEOID":"320030029423"}},{"arcs":[[-1871,-44,-3153,3193,-1558]],"type":"Polygon","properties":{"GEOID":"320030029771"}},{"arcs":[[3194,-250,-1419,-1464,-422]],"type":"Polygon","properties":{"GEOID":"320030058243"}},{"arcs":[[-1256,-1258,-575,-79]],"type":"Polygon","properties":{"GEOID":"320030058262"}},{"arcs":[[-2789,-2041,-899,-1859]],"type":"Polygon","properties":{"GEOID":"320030027063"}},{"arcs":[[-1553,-2762,-2720]],"type":"Polygon","properties":{"GEOID":"320030005174"}},{"arcs":[[-2488,-1184,-3166,-1619]],"type":"Polygon","properties":{"GEOID":"320030049203"}},{"arcs":[[3195,3196,-2365,-2402,-2360,-2657]],"type":"Polygon","properties":{"GEOID":"320030051043"}},{"arcs":[[-2545,3197,-1931]],"type":"Polygon","properties":{"GEOID":"320030053183"}},{"arcs":[[-991,-2118,-2557,-440]],"type":"Polygon","properties":{"GEOID":"320030058061"}},{"arcs":[[-2468,-2124,-1820,-2569,-2841,-2847]],"type":"Polygon","properties":{"GEOID":"320030005253"}},{"arcs":[[-1541,3198,-3190,-208,-2580]],"type":"Polygon","properties":{"GEOID":"320030054393"}},{"arcs":[[-1559,-3194,-3152,3199,-1406,-1413,3200]],"type":"Polygon","properties":{"GEOID":"320030029781"}},{"arcs":[[-415,-1220,-1870,-1061]],"type":"Polygon","properties":{"GEOID":"320030029751"}},{"arcs":[[3201,-868,-3165,3202,3203]],"type":"Polygon","properties":{"GEOID":"320030028421"}},{"arcs":[[-2889,-265,-2956,-2874,-2918,-1879,-2911,-2043]],"type":"Polygon","properties":{"GEOID":"320030030042"}},{"arcs":[[3204,-944,-1856,3205]],"type":"Polygon","properties":{"GEOID":"320030029681"}},{"arcs":[[-3148,3206,-3206,-1217]],"type":"Polygon","properties":{"GEOID":"320030029612"}},{"arcs":[[-3151,-299,-941,-3205,-3207]],"type":"Polygon","properties":{"GEOID":"320030029682"}},{"arcs":[[-1531,-1917,3207,3208,3209]],"type":"Polygon","properties":{"GEOID":"320030049232"}},{"arcs":[[-1197,-3209,3210,-3169]],"type":"Polygon","properties":{"GEOID":"320030049253"}},{"arcs":[[3211,-465,-1108,3212]],"type":"Polygon","properties":{"GEOID":"320030058422"}},{"arcs":[[3213,-3213,-569,3214]],"type":"Polygon","properties":{"GEOID":"320030058421"}},{"arcs":[[3215,-430,-466,-3212,-3214,3216]],"type":"Polygon","properties":{"GEOID":"320030058411"}},{"arcs":[[3217,-1287,-1437,3218,3219,3220,3221,3222,-1150]],"type":"Polygon","properties":{"GEOID":"320030032291"}},{"arcs":[[-1149,-1492,-3179,-1284,-3218]],"type":"Polygon","properties":{"GEOID":"320030033161"}},{"arcs":[[-952,-2385,3223,-799]],"type":"Polygon","properties":{"GEOID":"320030034313"}},{"arcs":[[-9,-2758,-2760,-2983,3224,-52]],"type":"Polygon","properties":{"GEOID":"320030016091"}},{"arcs":[[3225,-2189,-2972,-2037]],"type":"Polygon","properties":{"GEOID":"320030016133"}},{"arcs":[[-11,-51,-2756]],"type":"Polygon","properties":{"GEOID":"320030005185"}},{"arcs":[[-2634,-687,-2903,-1503,3226,-2765]],"type":"Polygon","properties":{"GEOID":"320030005211"}},{"arcs":[[-2845,-2652,-2655,-2933,3227]],"type":"Polygon","properties":{"GEOID":"320030005223"}},{"arcs":[[-2957,-117,-2001,-1360,-2431,-2435,-3009,-2426]],"type":"Polygon","properties":{"GEOID":"320030037002"}},{"arcs":[[-3010,-2437,-1800,-3055,-3063,-3061,-3059]],"type":"Polygon","properties":{"GEOID":"320030003013"}},{"arcs":[[-1156,-3087,3228,3229,3230,-1025]],"type":"Polygon","properties":{"GEOID":"320030028311"}},{"arcs":[[3231,-1420,-435,-426,-3216,3232]],"type":"Polygon","properties":{"GEOID":"320030058412"}},{"arcs":[[-424,-1423,-1421,-3232,-97]],"type":"Polygon","properties":{"GEOID":"320030058221"}},{"arcs":[[-1489,3233,-1884,3234,-3180]],"type":"Polygon","properties":{"GEOID":"320030033141"}},{"arcs":[[-1620,-3167,-1140,3235,-2763]],"type":"Polygon","properties":{"GEOID":"320030049212"}},{"arcs":[[-3236,-1139,-2481,-341,-1013,-2477]],"type":"Polygon","properties":{"GEOID":"320030049123"}},{"arcs":[[-1179,3236,3237,-1532,-3210,-1196]],"type":"Polygon","properties":{"GEOID":"320030049231"}},{"arcs":[[-3211,-3208,-1916,-1696,-3170]],"type":"Polygon","properties":{"GEOID":"320030049251"}},{"arcs":[[-1740,-893,-457]],"type":"Polygon","properties":{"GEOID":"320030050122"}},{"arcs":[[3238,-459,-765,-3109]],"type":"Polygon","properties":{"GEOID":"320030050141"}},{"arcs":[[-1699,3239,-1741,-1685,-454,-1844]],"type":"Polygon","properties":{"GEOID":"320030050132"}},{"arcs":[[-1244,-1247,-970,-1245,-1235]],"type":"Polygon","properties":{"GEOID":"320030036354"}},{"arcs":[[-1469,-892,-1995,-1701]],"type":"Polygon","properties":{"GEOID":"320030043022"}},{"arcs":[[-536,-1304,-2246,3240,-2137,3241]],"type":"Polygon","properties":{"GEOID":"320030032361"}},{"arcs":[[3242,-1300,-1705,-537,3243,3244,3245]],"type":"Polygon","properties":{"GEOID":"320030032331"}},{"arcs":[[-2204,-2205,3246,-973]],"type":"Polygon","properties":{"GEOID":"320030056141"}},{"arcs":[[-2413,3247,3248,3249,-269]],"type":"Polygon","properties":{"GEOID":"320030053562"}},{"arcs":[[3250,3251,-644,-979]],"type":"Polygon","properties":{"GEOID":"320030033212"}},{"arcs":[[-3185,-2800,-2802,-133,-392,-312,-123,-259]],"type":"Polygon","properties":{"GEOID":"320030032184"}},{"arcs":[[-242,-2026,-260,-311,-1509,-3053]],"type":"Polygon","properties":{"GEOID":"320030032223"}},{"arcs":[[-1903,-1772,3252,-2590,-2588]],"type":"Polygon","properties":{"GEOID":"320030072004"}},{"arcs":[[-2179,-2177,-1950,-1535,-1947,-2458,-2454,-2460]],"type":"Polygon","properties":{"GEOID":"320030054342"}},{"arcs":[[-1896,-974,-3247,-2207,-1516]],"type":"Polygon","properties":{"GEOID":"320030056151"}},{"arcs":[[-3235,-1888,-642,3253,-3181]],"type":"Polygon","properties":{"GEOID":"320030033121"}},{"arcs":[[-3177,-3184,3254,3255,3256,-632,3257]],"type":"Polygon","properties":{"GEOID":"320030033142"}},{"arcs":[[3258,3259,3260,-2615,-3116,3261,-1761]],"type":"Polygon","properties":{"GEOID":"320030032392"}},{"arcs":[[-1762,-3262,-3115,3262]],"type":"Polygon","properties":{"GEOID":"320030032391"}},{"arcs":[[-3035,-1117,-1121,-1746,3263,3264,3265,3266,-3082]],"type":"Polygon","properties":{"GEOID":"320030050102"}},{"arcs":[[-1745,3267,-3264]],"type":"Polygon","properties":{"GEOID":"320030050171"}},{"arcs":[[-1698,-1918,-1529,-3240]],"type":"Polygon","properties":{"GEOID":"320030050131"}},{"arcs":[[3268,-1521,-3238]],"type":"Polygon","properties":{"GEOID":"320030061042"}},{"arcs":[[-1262,-1522,-3269,-3237,-1178]],"type":"Polygon","properties":{"GEOID":"320030049072"}},{"arcs":[[-1944,-2513,3269,-562]],"type":"Polygon","properties":{"GEOID":"320030054333"}},{"arcs":[[-3270,-2515,-2516,-1941,-2578,-563]],"type":"Polygon","properties":{"GEOID":"320030054331"}},{"arcs":[[-2421,-2075,-2547,-560,3270,-402]],"type":"Polygon","properties":{"GEOID":"320030053412"}},{"arcs":[[-3253,-1771,-1082,-2591]],"type":"Polygon","properties":{"GEOID":"320030061031"}},{"arcs":[[-3178,-3258,-631,3271,3272]],"type":"Polygon","properties":{"GEOID":"320030033152"}},{"arcs":[[-3272,-630,3273]],"type":"Polygon","properties":{"GEOID":"320030033171"}},{"arcs":[[-2085,-2088,-2770,-1578]],"type":"Polygon","properties":{"GEOID":"320030001012"}},{"arcs":[[-2351,-3224,-2384,-1568,-2083,-719]],"type":"Polygon","properties":{"GEOID":"320030034294"}},{"arcs":[[-2959,-2815,-2816,-2741,-2605,-2971]],"type":"Polygon","properties":{"GEOID":"320030010031"}},{"arcs":[[-2932,3274,-2632,-3097,-1715]],"type":"Polygon","properties":{"GEOID":"320030005201"}},{"arcs":[[-2931,-2848,-3228,-2934,-689,-2935,-3275]],"type":"Polygon","properties":{"GEOID":"320030005202"}},{"arcs":[[-1500,-3158,-2593,-1596,-2753,-3155,-3159,-2442,-2306]],"type":"Polygon","properties":{"GEOID":"320030071001"}},{"arcs":[[3275,-2929,-2766,-3227,-1502,-2895,-2902,3276]],"type":"Polygon","properties":{"GEOID":"320030006002"}},{"arcs":[[3277,3278,-2278,-1668,-2090,-3000,-2141]],"type":"Polygon","properties":{"GEOID":"320030032044"}},{"arcs":[[-2245,-3278,-2140,-2999,-2138,-3241]],"type":"Polygon","properties":{"GEOID":"320030032362"}},{"arcs":[[-2248,-2250,-2281,-2279,-3279,-2244]],"type":"Polygon","properties":{"GEOID":"320030033052"}},{"arcs":[[3279,-3045,-3047,-2616,-3261]],"type":"Polygon","properties":{"GEOID":"320030032411"}},{"arcs":[[3280,-3040,-1891,3281,-3042,-3280,-3260]],"type":"Polygon","properties":{"GEOID":"320030032402"}},{"arcs":[[-3052,-717,-714,-3090,-3088,-3282,-1890]],"type":"Polygon","properties":{"GEOID":"320030032431"}},{"arcs":[[-3189,3282,-2173,-2165,-210]],"type":"Polygon","properties":{"GEOID":"320030054381"}},{"arcs":[[-2356,3283,-3196,-2656]],"type":"Polygon","properties":{"GEOID":"320030051041"}},{"arcs":[[-211,-2172,-2494,-543]],"type":"Polygon","properties":{"GEOID":"320030052001"}},{"arcs":[[3284,-980,-1415,-635]],"type":"Polygon","properties":{"GEOID":"320030033192"}},{"arcs":[[-3257,3285,-977,3286,-633]],"type":"Polygon","properties":{"GEOID":"320030033191"}},{"arcs":[[-3287,-976,-3285,-634]],"type":"Polygon","properties":{"GEOID":"320030033193"}},{"arcs":[[3287,-3274,-637,3288,-1434]],"type":"Polygon","properties":{"GEOID":"320030033172"}},{"arcs":[[-3007,3289,-2869,-2894,-2857,-2861]],"type":"Polygon","properties":{"GEOID":"320030011001"}},{"arcs":[[-2863,-1677,-2686,-1829,-1203,-1206,-1306,-1309,3290,-2727]],"type":"Polygon","properties":{"GEOID":"320030023021"}},{"arcs":[[3291,-2728,-3291,-1311,-2768,-756,-757,-739,-1471,-615]],"type":"Polygon","properties":{"GEOID":"320030067001"}},{"arcs":[[-3069,-2183,3292,-3108,-231,-3107,-3105,-3101]],"type":"Polygon","properties":{"GEOID":"320030017161"}},{"arcs":[[-861,-858,-2729,-3292,-614,-2835,-1850]],"type":"Polygon","properties":{"GEOID":"320030029953"}},{"arcs":[[-3094,-3096,3293,3294,-716]],"type":"Polygon","properties":{"GEOID":"320030032452"}},{"arcs":[[-3295,3295,3296,-712]],"type":"Polygon","properties":{"GEOID":"320030032451"}},{"arcs":[[-3296,-3294,-3112,-2627,3297]],"type":"Polygon","properties":{"GEOID":"320030032462"}},{"arcs":[[-3297,-3298,-251,-3091]],"type":"Polygon","properties":{"GEOID":"320030032461"}},{"arcs":[[-2625,-255,3298,-2809,-2807]],"type":"Polygon","properties":{"GEOID":"320030032481"}},{"arcs":[[-2804,3299,-2710,-3186,-257,-244,-2705]],"type":"Polygon","properties":{"GEOID":"320030032511"}},{"arcs":[[3300,-399,-404,3301,3302]],"type":"Polygon","properties":{"GEOID":"320030053531"}},{"arcs":[[-3302,-407,3303,3304,3305]],"type":"Polygon","properties":{"GEOID":"320030053532"}},{"arcs":[[-2369,3306,-3303,-3306,-3248,-2412]],"type":"Polygon","properties":{"GEOID":"320030053522"}},{"arcs":[[3307,-2573,3308]],"type":"Polygon","properties":{"GEOID":"320030053175"}},{"arcs":[[-2541,3309,-3309,-2572,-2567]],"type":"Polygon","properties":{"GEOID":"320030053171"}},{"arcs":[[-3310,-2540,-2510,-2546,-1929,-2574,-3308]],"type":"Polygon","properties":{"GEOID":"320030053174"}},{"arcs":[[-2576,-2374,-2446,-2448,-171,-1986]],"type":"Polygon","properties":{"GEOID":"320030053501"}},{"arcs":[[-3273,-3288,-1433,-1286]],"type":"Polygon","properties":{"GEOID":"320030033151"}},{"arcs":[[3310,-2986,-2990,-2980,3311]],"type":"Polygon","properties":{"GEOID":"320030016093"}},{"arcs":[[-1435,-3289,-532,-1295,-1293,-1289]],"type":"Polygon","properties":{"GEOID":"320030032283"}},{"arcs":[[-1296,-539,-1704,-1298]],"type":"Polygon","properties":{"GEOID":"320030032343"}},{"arcs":[[3312,3313,-1301,-3243,3314,3315]],"type":"Polygon","properties":{"GEOID":"320030032332"}},{"arcs":[[-1426,3316,-847,3317]],"type":"Polygon","properties":{"GEOID":"320030033112"}},{"arcs":[[-3183,3318,3319,-3255]],"type":"Polygon","properties":{"GEOID":"320030033144"}},{"arcs":[[-1887,3320,-1424,-639]],"type":"Polygon","properties":{"GEOID":"320030033132"}},{"arcs":[[-1862,-1037,-1038,-746]],"type":"Polygon","properties":{"GEOID":"320030028472"}},{"arcs":[[-3225,-2987,-3311,3321,3322]],"type":"Polygon","properties":{"GEOID":"320030016092"}},{"arcs":[[-1026,-3231,3323,3324,-1752,-1869,-2995,3325,3326,-3162,-866,-3202,3327]],"type":"Polygon","properties":{"GEOID":"320030028411"}},{"arcs":[[-2694,-2098,-2607,-2749,-2746,-2613]],"type":"Polygon","properties":{"GEOID":"320030029162"}},{"arcs":[[-2232,-2556,3328,3329,-2238,-2559,-2235]],"type":"Polygon","properties":{"GEOID":"320030058091"}},{"arcs":[[-254,-310,-2850,-1628,-2810,-3299]],"type":"Polygon","properties":{"GEOID":"320030032483"}},{"arcs":[[-2621,-2150,-2707,-3300,-2803]],"type":"Polygon","properties":{"GEOID":"320030032132"}},{"arcs":[[-2536,-2539,-1185,-2529]],"type":"Polygon","properties":{"GEOID":"320030049181"}},{"arcs":[[-2904,-2647,-2949,3330]],"type":"Polygon","properties":{"GEOID":"320030014021"}},{"arcs":[[-1505,-3331,-2948,-2898]],"type":"Polygon","properties":{"GEOID":"320030014023"}},{"arcs":[[-53,-3323,3331,-2643]],"type":"Polygon","properties":{"GEOID":"320030015023"}},{"arcs":[[-3332,3332,-2978,-1456,-2644]],"type":"Polygon","properties":{"GEOID":"320030015021"}},{"arcs":[[-3322,-3312,-2979,-3333]],"type":"Polygon","properties":{"GEOID":"320030016094"}},{"arcs":[[3333,-1837,3334,-460,-3239,-3293]],"type":"Polygon","properties":{"GEOID":"320030050142"}},{"arcs":[[-1019,-1833,-1841,3335,-2181,-2973]],"type":"Polygon","properties":{"GEOID":"320030016074"}},{"arcs":[[-1840,-1838,-3334,-2182,-3336]],"type":"Polygon","properties":{"GEOID":"320030050053"}},{"arcs":[[-3187,-452,-3335,-1836,-1839,-1831]],"type":"Polygon","properties":{"GEOID":"320030050072"}},{"arcs":[[-3244,-3242,3336,3337]],"type":"Polygon","properties":{"GEOID":"320030032681"}},{"arcs":[[3338,-222]],"type":"Polygon","properties":{"GEOID":"320030058762"}},{"arcs":[[3339,3340,3341,3342,-227]],"type":"Polygon","properties":{"GEOID":"320030036561"}},{"arcs":[[3343,-846,-1894,-2271,-645]],"type":"Polygon","properties":{"GEOID":"320030033222"}},{"arcs":[[-3234,-1488,3344,3345,-963,-2524,-3341,3346,3347,3348,-289,-323,-957,3349,-1885]],"type":"Polygon","properties":{"GEOID":"320030036571"}},{"arcs":[[3350,3351,-107,3352,3353,-1078]],"type":"Polygon","properties":{"GEOID":"320030036501"}},{"arcs":[[-3354,3354,-2399,-959]],"type":"Polygon","properties":{"GEOID":"320030036512"}},{"arcs":[[3355,3356,-382]],"type":"Polygon","properties":{"GEOID":"320030058631"}},{"arcs":[[3357,-188,-1938]],"type":"Polygon","properties":{"GEOID":"320030053612"}},{"arcs":[[-1410,3358,3359,3360]],"type":"Polygon","properties":{"GEOID":"320030058681"}},{"arcs":[[-3223,3361,3362,3363,-3175,-3113,-3121,-3123,-2851,-238,-3195,-425,-99,3364,-1151]],"type":"Polygon","properties":{"GEOID":"320030058721"}},{"arcs":[[3365,3366,-2128,-1933]],"type":"Polygon","properties":{"GEOID":"320030053642"}},{"arcs":[[-2558,3367,3368,-1109]],"type":"Polygon","properties":{"GEOID":"320030058741"}},{"arcs":[[-198,-1872,-917,-922,3369]],"type":"Polygon","properties":{"GEOID":"320030058591"}},{"arcs":[[-2994,-1908,-35,3370,3371,-3326]],"type":"Polygon","properties":{"GEOID":"320030028521"}},{"arcs":[[-3266,3372,3373,3374,3375,3376]],"type":"Polygon","properties":{"GEOID":"320030051115"}},{"arcs":[[3377,3378,3379,-94,-2410]],"type":"Polygon","properties":{"GEOID":"320030051164"}},{"arcs":[[-2383,-2251,3380,3381,-1961]],"type":"Polygon","properties":{"GEOID":"320030036461"}},{"arcs":[[3382,3383,-2239,-3330]],"type":"Polygon","properties":{"GEOID":"320030029971"}},{"arcs":[[3384,3385,-1086,-1226,-1354]],"type":"Polygon","properties":{"GEOID":"320030036552"}},{"arcs":[[3386,-1088,3387,-3385,-1353,-1907]],"type":"Polygon","properties":{"GEOID":"320030036551"}},{"arcs":[[3388,3389,3390,3391]],"type":"Polygon","properties":{"GEOID":"320030051113"}},{"arcs":[[-1246,-1989,-3387,-1906]],"type":"Polygon","properties":{"GEOID":"320030036541"}},{"arcs":[[3392,3393,3394,-3374,3395,-204,3396,-3378,-2409,-2100,-2363]],"type":"Polygon","properties":{"GEOID":"320030051131"}},{"arcs":[[-3376,3397,-3389,3398]],"type":"Polygon","properties":{"GEOID":"320030051111"}},{"arcs":[[3399,3400,-3351,-328]],"type":"Polygon","properties":{"GEOID":"320030036522"}},{"arcs":[[-1812,-1788,-2659,-1774,3401,-1709]],"type":"Polygon","properties":{"GEOID":"320030057221"}},{"arcs":[[3402,-201,-87]],"type":"Polygon","properties":{"GEOID":"320030051163"}},{"arcs":[[3403,3404,-163,-566,-501,3405,3406]],"type":"Polygon","properties":{"GEOID":"320030057212"}},{"arcs":[[3407,-1763,3408,-3173]],"type":"Polygon","properties":{"GEOID":"320030032702"}},{"arcs":[[3409,3410,-1099,-1766]],"type":"Polygon","properties":{"GEOID":"320030036651"}},{"arcs":[[-1711,3411,-164,-3405,3412,3413,-1806]],"type":"Polygon","properties":{"GEOID":"320030057223"}},{"arcs":[[-1710,-3402,-1777,-165,-3412]],"type":"Polygon","properties":{"GEOID":"320030057222"}},{"arcs":[[3414,-324,3415,-3410,-1765,-1893]],"type":"Polygon","properties":{"GEOID":"320030036641"}},{"arcs":[[3416,-3406,-505,-2783,3417,3418]],"type":"Polygon","properties":{"GEOID":"320030057182"}},{"arcs":[[-3418,-2782,3419,3420]],"type":"Polygon","properties":{"GEOID":"320030057181"}},{"arcs":[[3421,-325,-3415,-844,-848,-3317]],"type":"Polygon","properties":{"GEOID":"320030036631"}},{"arcs":[[3422,-230,-1238,-1242,-291]],"type":"Polygon","properties":{"GEOID":"320030036601"}},{"arcs":[[-1153,3423,-585,-582,-1414,-1411,-3361,3424,-3359,-1409,-680,-1690,-1781,-1555,-218]],"type":"Polygon","properties":{"GEOID":"320030058771"}},{"arcs":[[-3342,-2526,3425,3426]],"type":"Polygon","properties":{"GEOID":"320030036531"}},{"arcs":[[-3349,3427,-224,-3423,-290]],"type":"Polygon","properties":{"GEOID":"320030036581"}},{"arcs":[[-3426,-2525,-1900,-3352,-3401]],"type":"Polygon","properties":{"GEOID":"320030036532"}},{"arcs":[[-1808,3428,-3407,-3417,3429,3430]],"type":"Polygon","properties":{"GEOID":"320030057172"}},{"arcs":[[3431,3432,-3315,-3246,3433,3434]],"type":"Polygon","properties":{"GEOID":"320030032662"}},{"arcs":[[3435,3436,3437,-111]],"type":"Polygon","properties":{"GEOID":"320030036472"}},{"arcs":[[-3347,-3340,-226,3438]],"type":"Polygon","properties":{"GEOID":"320030036592"}},{"arcs":[[-3199,-1540,-183,3439,-1927,-1533,-1611,-2161,-2162,-3283,-3188]],"type":"Polygon","properties":{"GEOID":"320030054421"}},{"arcs":[[3440,3441,-3437]],"type":"Polygon","properties":{"GEOID":"320030036471"}},{"arcs":[[3442,-1784,3443]],"type":"Polygon","properties":{"GEOID":"320030057134"}},{"arcs":[[-3420,-2781,-1785,-3443]],"type":"Polygon","properties":{"GEOID":"320030057133"}},{"arcs":[[-3220,3444,3445,3446,3447]],"type":"Polygon","properties":{"GEOID":"320030032643"}},{"arcs":[[-3221,-3448,3448,3449]],"type":"Polygon","properties":{"GEOID":"320030032641"}},{"arcs":[[3450,3451,3452,-3363]],"type":"Polygon","properties":{"GEOID":"320030032651"}},{"arcs":[[-3449,-3447,3453,-3432,-3452]],"type":"Polygon","properties":{"GEOID":"320030032652"}},{"arcs":[[-3446,3454,-3316,-3433,-3454]],"type":"Polygon","properties":{"GEOID":"320030032653"}},{"arcs":[[-3222,-3450,-3451,-3362]],"type":"Polygon","properties":{"GEOID":"320030032642"}},{"arcs":[[-3348,-3439,-225,-3428]],"type":"Polygon","properties":{"GEOID":"320030036591"}},{"arcs":[[3455,3456,-2035,-2976,-2982]],"type":"Polygon","properties":{"GEOID":"320030016141"}},{"arcs":[[-1886,-3350,-956,-321,-3422,-1425,-3321]],"type":"Polygon","properties":{"GEOID":"320030036621"}},{"arcs":[[-3375,-3395,3457,-3390,-3398]],"type":"Polygon","properties":{"GEOID":"320030051114"}},{"arcs":[[-3397,-203,3458,-3379]],"type":"Polygon","properties":{"GEOID":"320030051162"}},{"arcs":[[-1744,3459,-187,-206,3460,-3268]],"type":"Polygon","properties":{"GEOID":"320030054401"}},{"arcs":[[-1260,-1417,-579,-2839,-508,-195,-3356,-379]],"type":"Polygon","properties":{"GEOID":"320030058641"}},{"arcs":[[-405,-397,3461,3462]],"type":"Polygon","properties":{"GEOID":"320030053662"}},{"arcs":[[-1681,-995,3463,-3160,-2300]],"type":"Polygon","properties":{"GEOID":"320030078011"}},{"arcs":[[3464,-3277,-2901,-2865,3465]],"type":"Polygon","properties":{"GEOID":"320030079002"}},{"arcs":[[3466,-2475,-2474,-2187,3467]],"type":"Polygon","properties":{"GEOID":"320030016151"}},{"arcs":[[-3337,-2144,-2998,-3048,3468]],"type":"Polygon","properties":{"GEOID":"320030032682"}},{"arcs":[[-3256,-3320,3469,-3251,-978,-3286]],"type":"Polygon","properties":{"GEOID":"320030033231"}},{"arcs":[[-3470,-3319,-3182,-3254,-641,-1427,-3318,-849,-3344,-3252]],"type":"Polygon","properties":{"GEOID":"320030033221"}},{"arcs":[[-228,-3343,-3427,-3400,-1075]],"type":"Polygon","properties":{"GEOID":"320030036521"}},{"arcs":[[-3353,-106,-2401,-3355]],"type":"Polygon","properties":{"GEOID":"320030036511"}},{"arcs":[[3470,-1939,-1792,3471]],"type":"Polygon","properties":{"GEOID":"320030053661"}},{"arcs":[[-3357,-194,-72,-527]],"type":"Polygon","properties":{"GEOID":"320030058711"}},{"arcs":[[-3382,3472,-791,-1962]],"type":"Polygon","properties":{"GEOID":"320030036462"}},{"arcs":[[-3305,3473,-3249]],"type":"Polygon","properties":{"GEOID":"320030053651"}},{"arcs":[[-3367,3474,-2411,3475,-3307,-2129]],"type":"Polygon","properties":{"GEOID":"320030053643"}},{"arcs":[[-3462,-396,-276,3476,-3472,-1791,3477]],"type":"Polygon","properties":{"GEOID":"320030053663"}},{"arcs":[[-2094,-2353,-2354,-792,-3473,-3381]],"type":"Polygon","properties":{"GEOID":"320030036451"}},{"arcs":[[-3388,-1087,-3386]],"type":"Polygon","properties":{"GEOID":"320030036553"}},{"arcs":[[-3391,-3458,-3394,3478]],"type":"Polygon","properties":{"GEOID":"320030051112"}},{"arcs":[[-3085,-1175,-1171,-3325,3479,3480]],"type":"Polygon","properties":{"GEOID":"320030028502"}},{"arcs":[[-3445,-3219,3481,-3313,-3455]],"type":"Polygon","properties":{"GEOID":"320030032631"}},{"arcs":[[-3369,3482,-76,-1110]],"type":"Polygon","properties":{"GEOID":"320030058743"}},{"arcs":[[-3453,-3435,3483,3484,3485,-3171,-3364]],"type":"Polygon","properties":{"GEOID":"320030032661"}},{"arcs":[[-3380,-3459,-202,-3403,-86,-95]],"type":"Polygon","properties":{"GEOID":"320030051161"}},{"arcs":[[-3486,3486,-3041,-3281,-3259,-1760,-3408,-3172]],"type":"Polygon","properties":{"GEOID":"320030032691"}},{"arcs":[[-1223,3487,3488,-1027,-3328,-3204,-1687]],"type":"Polygon","properties":{"GEOID":"320030058621"}},{"arcs":[[-3409,-3263,-3174]],"type":"Polygon","properties":{"GEOID":"320030032701"}},{"arcs":[[-3430,-3419,-3421,-3444,-1783,3489]],"type":"Polygon","properties":{"GEOID":"320030057191"}},{"arcs":[[-1436,-1292,-3314,-3482]],"type":"Polygon","properties":{"GEOID":"320030032632"}},{"arcs":[[-3346,3490,-3441,-3436,-964]],"type":"Polygon","properties":{"GEOID":"320030036481"}},{"arcs":[[-1688,-3203,-3164,3491,-1809,-3431,-3490,-1782]],"type":"Polygon","properties":{"GEOID":"320030057201"}},{"arcs":[[-1919,-1524,-1770,-1902,3492,3493,-1486]],"type":"Polygon","properties":{"GEOID":"320030078021"}},{"arcs":[[-3464,-994,-1748,-998,3494,-3493,-1901,-1273,-2079,-2592,-3157]],"type":"Polygon","properties":{"GEOID":"320030078022"}},{"arcs":[[-275,-403,-3271,-189,-3358,-3471,-3477]],"type":"Polygon","properties":{"GEOID":"320030053611"}},{"arcs":[[3495,-3469,-3037,-3487,-3485]],"type":"Polygon","properties":{"GEOID":"320030032672"}},{"arcs":[[-3141,-3083,-3267,-3377,-3399,-3392,-3479,-3393,-2362,-3197,-3284,-2355,-1124]],"type":"Polygon","properties":{"GEOID":"320030051101"}},{"arcs":[[-3365,-98,-3233,-3217,-3215,-568,-388,-384,-529,-531,3496,3497,-924,-1561,3498,-3424,-1152]],"type":"Polygon","properties":{"GEOID":"320030058581"}},{"arcs":[[-1331,-1021,3499,-674,-1408]],"type":"Polygon","properties":{"GEOID":"320030058661"}},{"arcs":[[-620,-706,-1327,3500]],"type":"Polygon","properties":{"GEOID":"320030029011"}},{"arcs":[[-1029,-700,-675,-3500]],"type":"Polygon","properties":{"GEOID":"320030058651"}},{"arcs":[[-3438,-3442,-3491,-3345,-1487,-3494,-3495,-997,-2561,-112]],"type":"Polygon","properties":{"GEOID":"320030036491"}},{"arcs":[[-2406,-2408,-3475,-3366,-1932,-3198,-2544,-2542]],"type":"Polygon","properties":{"GEOID":"320030053641"}},{"arcs":[[-1807,-3414,3501,-3429]],"type":"Polygon","properties":{"GEOID":"320030057171"}},{"arcs":[[-2989,-3012,-353,-3467,3502,3503,-3456,-2981]],"type":"Polygon","properties":{"GEOID":"320030016152"}},{"arcs":[[-3504,3504,-3226,-2036,-3457]],"type":"Polygon","properties":{"GEOID":"320030016142"}},{"arcs":[[-3503,-3468,-2186,-3505]],"type":"Polygon","properties":{"GEOID":"320030016153"}},{"arcs":[[-3384,3505,-2748,-1342,-2560,-2240]],"type":"Polygon","properties":{"GEOID":"320030029981"}},{"arcs":[[-3086,-3481,3506,-3229]],"type":"Polygon","properties":{"GEOID":"320030028491"}},{"arcs":[[-3360,-3425]],"type":"Polygon","properties":{"GEOID":"320030058671"}},{"arcs":[[-3499,-1560,-3201,-1412,-583]],"type":"Polygon","properties":{"GEOID":"320030058571"}},{"arcs":[[-2229,-1115,-91,-3483,-3368]],"type":"Polygon","properties":{"GEOID":"320030058742"}},{"arcs":[[-1726,-39,-2665,-3466,-2864,-3290,-3057]],"type":"Polygon","properties":{"GEOID":"320030079003"}},{"arcs":[[-3507,-3480,-3324,-3230]],"type":"Polygon","properties":{"GEOID":"320030028501"}},{"arcs":[[-3461,-205,-3396,-3373,-3265]],"type":"Polygon","properties":{"GEOID":"320030051141"}},{"arcs":[[-89,-216,-3301,-3476]],"type":"Polygon","properties":{"GEOID":"320030053631"}},{"arcs":[[-913,-1028,-3489,3507,-1221]],"type":"Polygon","properties":{"GEOID":"320030058622"}},{"arcs":[[-1743,-180,-3460]],"type":"Polygon","properties":{"GEOID":"320030054403"}},{"arcs":[[-1742,-1527,-1928,-3440,-182]],"type":"Polygon","properties":{"GEOID":"320030054411"}},{"arcs":[[-34,-1825,-1403,-1802,3508,-3371]],"type":"Polygon","properties":{"GEOID":"320030028511"}},{"arcs":[[-3327,-3372,-3509,-1801,-3492,-3163]],"type":"Polygon","properties":{"GEOID":"320030028531"}},{"arcs":[[-3416,-281,-284,-287,-1230,-1100,-3411]],"type":"Polygon","properties":{"GEOID":"320030036661"}},{"arcs":[[-3508,-3488,-1222]],"type":"Polygon","properties":{"GEOID":"320030058611"}},{"arcs":[[-1733,-3501,-1332,-1407,-3200]],"type":"Polygon","properties":{"GEOID":"320030029021"}},{"arcs":[[-2930,-3276,-3465,-2664]],"type":"Polygon","properties":{"GEOID":"320030079001"}},{"arcs":[[-199,-3370,-921,-3498]],"type":"Polygon","properties":{"GEOID":"320030058602"}},{"arcs":[[-2614,-2745,-3506,-3383,-3329]],"type":"Polygon","properties":{"GEOID":"320030029972"}},{"arcs":[[-3404,-3502,-3413]],"type":"Polygon","properties":{"GEOID":"320030057211"}},{"arcs":[[-3304,-406,-3463,-3478,-1790,-270,-3250,-3474]],"type":"Polygon","properties":{"GEOID":"320030053652"}},{"arcs":[[-74,-200,-3497,-530]],"type":"Polygon","properties":{"GEOID":"320030058691"}},{"arcs":[[-3434,-3245,-3338,-3496,-3484]],"type":"Polygon","properties":{"GEOID":"320030032671"}}]}}}