{"type":"Topology","arcs":[[[8234,12019],[82,101]],[[8316,12120],[85,48]],[[8401,12168],[83,46]],[[8484,12214],[2,-56],[17,-2],[2,-56],[64,-3],[0,-43],[-80,2],[-2,-56],[-27,-2],[-7,-54],[-12,-9]],[[8441,11935],[-34,-12]],[[8407,11923],[-3,-1]],[[8404,11922],[-82,3],[0,13],[-39,1],[-64,61]],[[8219,12000],[15,19]],[[7989,12144],[21,-1]],[[8010,12143],[83,-2]],[[8093,12141],[48,-2]],[[8141,12139],[-1,-11],[54,-67],[-4,-14]],[[8190,12047],[-24,14]],[[8166,12061],[-31,19],[-10,16],[-21,-9],[-71,1]],[[8033,12088],[-45,1],[1,55]],[[8141,12139],[92,-2]],[[8233,12137],[69,-2]],[[8302,12135],[14,-15]],[[8234,12019],[-44,28]],[[8166,12061],[-28,-48],[-17,10],[-31,3],[-10,-19]],[[8080,12007],[-32,46],[-15,35]],[[8219,12000],[-16,-19]],[[8203,11981],[-14,3],[-101,2]],[[8088,11986],[-8,21]],[[8573,11098],[32,1],[2,88],[42,24]],[[8649,11211],[2,-54]],[[8651,11157],[-1,-150]],[[8650,11007],[-79,2]],[[8571,11009],[2,89]],[[8535,11311],[3,0]],[[8538,11311],[111,1]],[[8649,11312],[0,-88]],[[8649,11224],[-81,1]],[[8568,11225],[-33,0],[0,86]],[[8649,11224],[0,-13]],[[8573,11098],[-6,68]],[[8567,11166],[1,59]],[[8226,11478],[54,3]],[[8280,11481],[68,-173]],[[8348,11308],[-22,0]],[[8326,11308],[-101,-1]],[[8225,11307],[1,171]],[[8538,11441],[61,1],[0,36],[53,0]],[[8652,11478],[-10,-8],[7,-158]],[[8538,11311],[0,130]],[[8458,11441],[80,0]],[[8535,11311],[-47,-1]],[[8488,11310],[-30,0]],[[8458,11310],[0,131]],[[8280,11481],[6,2]],[[8286,11483],[38,17]],[[8324,11500],[0,-47],[80,-1]],[[8404,11452],[0,-11]],[[8404,11441],[0,-132]],[[8404,11309],[-56,-1]],[[8325,11717],[79,2]],[[8404,11719],[1,-53]],[[8405,11666],[-76,-42]],[[8329,11624],[-5,9],[1,84]],[[8405,11666],[0,-14]],[[8405,11652],[0,-99]],[[8405,11553],[-81,0]],[[8324,11553],[-5,65]],[[8319,11618],[10,6]],[[8577,11933],[87,-3]],[[8664,11930],[-2,-8]],[[8662,11922],[-3,-112]],[[8659,11810],[-81,-45]],[[8578,11765],[-1,64]],[[8577,11829],[0,104]],[[8441,11935],[136,-2]],[[8577,11829],[-59,0]],[[8518,11829],[0,40]],[[8518,11869],[0,53],[-111,1]],[[8518,11869],[-114,1]],[[8404,11870],[0,52]],[[8404,11812],[114,0]],[[8518,11812],[0,-53]],[[8518,11759],[-114,-1]],[[8404,11758],[0,35]],[[8404,11793],[0,19]],[[8521,11652],[52,-1]],[[8573,11651],[78,1]],[[8651,11652],[0,-44]],[[8651,11608],[0,-9]],[[8651,11599],[0,-43]],[[8651,11556],[-193,-1]],[[8458,11555],[1,44],[62,0],[0,53]],[[8528,11736],[36,20]],[[8564,11756],[9,-16],[0,-89]],[[8521,11652],[-105,0]],[[8416,11652],[105,59],[7,25]],[[8651,11556],[1,-78]],[[8538,11441],[2,36],[-24,0],[-1,59],[-57,0],[0,19]],[[8404,11540],[54,15]],[[8458,11441],[-54,0]],[[8404,11452],[0,88]],[[7896,12146],[93,-2]],[[8088,11986],[37,-101]],[[8125,11885],[-60,-76]],[[8065,11809],[-22,18]],[[8043,11827],[37,45],[-47,16]],[[8033,11888],[1,61]],[[8034,11949],[1,72],[-31,24],[-25,4],[-84,2]],[[7895,12051],[1,95]],[[7893,11891],[140,-3]],[[8043,11827],[-2,2],[-150,2]],[[7891,11831],[2,60]],[[7692,11894],[48,-1],[0,88]],[[7740,11981],[42,-3],[29,-10]],[[7811,11968],[-16,-75],[-1,-83]],[[7794,11810],[-46,8],[-57,1]],[[7691,11819],[1,75]],[[7313,12149],[148,1]],[[7461,12150],[3,-40]],[[7464,12110],[5,-55]],[[7469,12055],[-42,0],[-27,-6],[-33,-20],[39,-9],[0,-38]],[[7406,11982],[0,-87],[-90,0]],[[7316,11895],[-1,85]],[[7315,11980],[-2,124]],[[7313,12104],[0,45]],[[7469,12055],[1,-19]],[[7470,12036],[3,-53]],[[7473,11983],[-67,-1]],[[7470,12036],[78,-1]],[[7548,12035],[-2,-140],[-46,0]],[[7500,11895],[1,88],[-28,0]],[[7794,11810],[30,-12],[67,-51]],[[7891,11747],[-1,-26]],[[7890,11721],[-1,0]],[[7889,11721],[-38,0],[16,-47],[-30,1]],[[7837,11675],[-56,1]],[[7781,11676],[-2,56]],[[7779,11732],[2,28],[13,50]],[[7889,11721],[21,-45],[5,-58]],[[7915,11618],[0,-42]],[[7915,11576],[-51,39]],[[7864,11615],[-33,2],[6,58]],[[7772,11433],[51,67],[-22,17]],[[7801,11517],[25,33],[38,65]],[[7915,11576],[-1,-153]],[[7914,11423],[-138,2]],[[7776,11425],[-10,1]],[[7766,11426],[6,7]],[[7801,11517],[-40,31],[16,84],[4,44]],[[7668,11298],[98,128]],[[7776,11425],[58,-48],[-34,-5],[-2,-77]],[[7798,11295],[-74,2]],[[7724,11297],[-56,1]],[[7893,11933],[0,21]],[[7893,11954],[45,-12],[34,8],[62,-1]],[[7893,11891],[0,42]],[[8681,8547],[64,-1]],[[8745,8546],[224,-5],[13,-2]],[[8982,8539],[20,-44],[25,-131]],[[9027,8364],[40,-229],[17,-65],[21,-50]],[[9105,8020],[-133,2],[-27,-8],[-134,-82],[-113,-54]],[[8698,7878],[2,48]],[[8700,7926],[3,100],[101,-1],[-33,174]],[[8771,8199],[-37,108],[-53,240]],[[9027,8364],[266,-3],[157,-1]],[[9450,8360],[-1,-70]],[[9449,8290],[0,-25],[19,-98],[18,-41],[53,-92],[14,-47],[4,-164],[11,-59]],[[9568,7764],[-25,0]],[[9543,7764],[-11,-11],[-43,-2],[-24,13],[2,-127],[-31,-15]],[[9436,7622],[-60,-25],[-38,-9],[-51,3],[-66,10]],[[9221,7601],[-40,188],[-25,106],[-51,125]],[[4973,4005],[743,-14],[232,-4],[265,-6]],[[6213,3981],[2,-130],[-5,-189],[-1,-203],[3,-131]],[[6212,3328],[4,-161],[2,-266],[-3,-246]],[[6215,2655],[-331,4],[-1,340],[-287,-1]],[[5596,2998],[-330,4],[-302,5]],[[4964,3007],[8,336],[-8,23],[5,298],[4,341]],[[7427,3983],[165,2],[242,2],[454,7],[129,1]],[[8417,3995],[205,2],[9,1],[267,0]],[[8898,3998],[13,-761],[4,-199],[-1,-316]],[[8914,2722],[-1,-498]],[[8913,2224],[-235,1],[-452,4],[-48,-30],[-289,-4]],[[7889,2195],[-200,-2],[-94,5],[-187,-2]],[[7408,2196],[14,40],[1,203],[2,254],[3,539],[1,249],[5,463],[-7,39]],[[11466,7612],[39,58]],[[11505,7670],[32,-22],[271,-6]],[[11808,7642],[165,-4]],[[11973,7638],[0,-198],[-89,3]],[[11884,7443],[-12,3],[-162,6],[-43,23],[-41,4],[0,-51]],[[11626,7428],[-44,30],[-65,3],[-10,52],[-56,54],[15,45]],[[11765,8024],[321,-2],[28,1]],[[12114,8023],[30,-54],[15,-71],[-3,-50],[-36,-149],[0,-12],[-148,5],[1,-54]],[[11808,7642],[-25,149]],[[11783,7791],[-6,44],[-2,66],[-10,123]],[[11461,7897],[90,-1],[-1,-22],[23,-13],[-1,-35],[200,-8],[11,-27]],[[11505,7670],[13,22],[-121,141],[32,31],[32,23],[0,10]],[[9394,5127],[124,0],[58,-139],[80,30],[49,14],[44,19],[46,0],[58,-12],[52,3],[142,3],[1,-58],[246,-1],[13,-47],[16,-17],[51,-25]],[[10374,4897],[0,-227]],[[10374,4670],[-2,-253],[0,-56],[-2,-380]],[[10370,3981],[-455,7]],[[9915,3988],[9,31],[-23,30],[4,15],[-23,40],[-5,49],[-29,25],[-70,78],[-25,6],[-18,43],[1,40],[-46,28],[4,33],[-15,6],[-32,-17],[-14,34],[-7,35],[5,66],[-3,25],[-14,21],[26,22],[-18,23],[1,21],[-13,51],[-21,3],[4,25],[38,17],[-1,26],[-29,16],[-18,34],[-5,38],[-44,30],[-21,46],[-46,50],[10,17],[-23,11],[-29,28],[-2,30],[-20,12],[-9,51]],[[8189,11716],[64,0]],[[8253,11716],[-1,-123],[5,-9],[62,34]],[[8324,11553],[0,-53]],[[8286,11483],[-8,2],[-89,231]],[[6828,12091],[51,30]],[[6879,12121],[8,-21],[28,4],[54,-38]],[[6969,12066],[-2,-4]],[[6967,12062],[-18,-26]],[[6949,12036],[-41,30],[-30,-5],[-6,15],[-34,-13]],[[6838,12063],[-10,28]],[[7483,13460],[48,-37],[32,-14],[67,-16],[111,-2]],[[7741,13391],[4,-24],[-2,-163]],[[7743,13204],[-6,-55],[-12,0]],[[7725,13149],[-119,-1]],[[7606,13148],[-89,227]],[[7517,13375],[7,7],[-40,54]],[[7484,13436],[-1,24]],[[9981,12907],[19,38],[24,89],[4,82]],[[10028,13116],[110,-4]],[[10138,13112],[0,-41],[18,-26],[0,-96],[3,-21],[-8,-45]],[[10151,12883],[-170,24]],[[8654,11782],[5,28]],[[8662,11922],[65,-2],[-15,-32],[8,-17],[27,23],[29,-36],[2,-30]],[[8778,11828],[-40,-1],[-84,-45]],[[7904,8964],[46,-2],[0,-48],[-127,2]],[[7823,8916],[-20,58],[37,-9],[64,-1]],[[11321,9582],[21,-2],[41,26],[46,50],[37,49],[25,4],[28,-26],[29,-6],[22,-16],[60,-26],[51,-40],[18,-7],[95,-6],[63,15],[43,30],[4,-261],[-120,-1],[0,-83],[-140,-69],[1,-125],[1,-328]],[[11646,8760],[0,-173],[11,-25],[-61,3],[-207,1]],[[11389,8566],[-2,476],[5,83],[-6,46],[-2,191]],[[11384,9362],[-2,31],[-78,150],[17,39]],[[11646,8760],[136,-9],[381,2],[22,32],[-3,42],[26,58],[13,67],[11,-26],[20,-19],[15,9],[38,-25],[82,-16]],[[12387,8875],[4,-312]],[[12391,8563],[1,-205],[-5,-295],[-14,-18]],[[12373,8045],[-53,-23],[-206,1]],[[11765,8024],[-105,2],[-197,-3]],[[11463,8023],[-10,109],[-1,126],[-61,110],[-1,49]],[[11390,8417],[-1,149]],[[10372,11579],[208,-36],[41,0]],[[10621,11543],[2,-193]],[[10623,11350],[-126,1],[0,77],[-30,-13]],[[10467,11415],[-14,14],[-81,1]],[[10372,11430],[0,50]],[[10372,11480],[0,99]],[[9321,11928],[82,-2]],[[9403,11926],[1,-65],[-4,-34]],[[9400,11827],[-61,0],[-43,11]],[[9296,11838],[25,90]],[[8411,9809],[94,34],[127,39]],[[8632,9882],[-2,-72]],[[8630,9810],[-1,-91]],[[8629,9719],[-2,-1]],[[8627,9718],[-49,57],[-81,-69]],[[8497,9706],[-31,37]],[[8466,9743],[-55,66]],[[7442,10705],[40,0],[19,-8],[29,12],[22,-5]],[[7552,10704],[52,-1]],[[7604,10703],[35,0]],[[7639,10703],[-8,-32],[-51,-28],[-7,-15],[-44,-24]],[[7529,10604],[-30,9],[-39,2],[-37,9]],[[7423,10624],[19,81]],[[8473,10124],[16,-1]],[[8489,10123],[63,-1]],[[8552,10122],[-1,-73]],[[8551,10049],[-80,1],[2,74]],[[7824,11067],[78,-1]],[[7902,11066],[0,-29]],[[7902,11037],[-1,-39],[-8,-47],[-33,-84]],[[7860,10867],[-36,1]],[[7824,10868],[0,42]],[[7824,10910],[0,157]],[[7823,11294],[78,-2]],[[7901,11292],[0,-65]],[[7901,11227],[0,-52]],[[7901,11175],[-76,1]],[[7825,11176],[-4,53]],[[7821,11229],[2,65]],[[6803,12161],[30,31]],[[6833,12192],[34,-34]],[[6867,12158],[27,-28]],[[6894,12130],[-15,-9]],[[6828,12091],[-26,70]],[[6802,12161],[1,0]],[[8078,12905],[176,-3]],[[8254,12902],[-2,-97]],[[8252,12805],[-98,1],[-4,-39],[-24,-23]],[[8126,12744],[-51,53],[3,108]],[[8767,12011],[1,262]],[[8768,12273],[136,-13]],[[8904,12260],[-1,-332]],[[8903,11928],[-136,2]],[[8767,11930],[0,81]],[[10372,10684],[1,141]],[[10373,10825],[-1,100]],[[10372,10925],[174,-16],[70,-4]],[[10616,10905],[0,-66],[-6,-31]],[[10610,10808],[-1,-125]],[[10609,10683],[-93,4],[-4,-81],[-64,-4],[0,37],[-61,0],[0,33],[-15,0]],[[10372,10672],[0,12]],[[6218,4995],[0,496],[1,163],[0,326]],[[6219,5980],[-2,42],[98,2]],[[6315,6024],[27,1]],[[6342,6025],[84,2],[23,-3],[72,3],[270,4]],[[6791,6031],[36,-1],[324,2]],[[7151,6032],[1,-38],[12,-25],[27,-32],[58,-24],[26,-29],[3,-35],[72,-34],[9,-19],[-24,-10],[-26,-25],[-7,-50],[5,-57],[17,-22],[22,-8],[20,-38],[29,-31]],[[7395,5555],[23,-56],[3,-22],[5,-151]],[[7426,5326],[-86,166],[-149,-151]],[[7191,5341],[-17,18],[-34,51],[-20,11],[-62,-11],[-134,14],[0,-54],[-8,-12],[-165,-26],[1,-42],[14,-34],[-5,-100],[-18,4],[-82,-5],[-169,-60],[-63,-24],[-42,-11],[-72,-36],[0,-32],[56,-44],[43,-57],[59,-6],[-43,-43],[-11,-30],[-32,-30],[24,-11],[9,-28],[37,2],[11,-20],[31,-16],[11,-15],[29,-11],[49,-36],[6,-32],[58,-46]],[[6652,4569],[19,-17],[-1,-72],[12,-19],[23,12],[10,23],[18,8],[26,50],[41,4],[10,20],[81,29],[25,-21],[5,48],[144,0],[75,83],[82,89],[39,50],[28,54],[81,61],[62,13]],[[7432,4984],[-6,-230],[-2,-378],[-1,-379],[4,-14]],[[7427,3983],[-242,-1]],[[7185,3982],[-23,-1],[-434,3],[-288,-3]],[[6440,3981],[-227,0]],[[6213,3981],[3,137],[-2,44],[4,247],[-2,104],[3,212],[-1,270]],[[6458,655],[30,2],[17,-24],[30,-24],[31,23],[45,-16],[99,55],[0,216],[-1,31]],[[6709,918],[87,-18],[80,20],[450,6],[4,129],[23,79],[-5,69],[-1,114],[66,-1],[272,-10],[96,-13],[101,122],[6,20],[2,485],[1,143],[-2,132]],[[8913,2224],[0,-270],[67,-1],[3,-247],[6,-254],[2,-314],[4,-98],[3,-303],[-4,-186],[18,0]],[[9012,551],[13,-23],[76,-8],[33,-23],[6,-26],[-26,-32],[-38,-12],[-40,-4],[-44,-20],[-34,-9],[-40,13],[-47,28],[-14,14],[-6,32],[-78,46],[-48,42],[-42,0],[-45,-16],[-46,-35],[-27,-35],[-30,-11],[-64,9],[-54,-64],[-150,-127],[-47,28],[-30,-3],[-18,-35],[5,-38],[-14,-9],[-35,13],[-34,3],[-41,-37],[-17,-25],[-16,-61],[-38,-23],[-26,0],[-57,50],[-19,5],[-32,-6],[-40,-40],[-29,-8],[-57,18],[-34,-5],[-40,-28],[-56,-11],[-39,1],[-41,14],[-25,-6],[-24,-48],[-36,-10],[-48,25],[-16,16],[-39,10],[-27,-26],[-29,-8],[-33,-46],[-32,5],[-38,84],[-13,5],[-26,-12],[-31,-46],[-15,-13],[-26,-4],[-38,40],[-27,69],[-18,100],[-16,23],[-14,2],[-31,-20],[-21,-26],[-33,-22],[-26,5],[-79,35],[-21,-15],[-7,-32],[-27,-41],[-57,-38],[-24,-3],[-25,20],[-12,27],[-1,28],[16,47],[-1,24],[12,11],[33,6],[5,65],[-18,44],[-109,107],[-56,25]],[[6459,500],[-1,155]],[[3026,3439],[206,1],[326,-2],[0,-60],[543,-9],[116,-5],[-1,-327],[748,-30]],[[5596,2998],[0,-33],[12,-193],[5,-212],[16,-67],[-12,-48],[-39,-20],[-82,-222],[-58,-135],[12,-76],[27,-46],[-17,1]],[[5460,1947],[-27,41],[-18,41],[-8,33],[-5,62],[-61,59],[-23,7],[-60,-6],[-53,23],[-12,11],[-12,34],[-32,25],[-23,0],[-31,-33],[-59,7],[-86,45],[-87,51],[-17,25],[-42,18],[-43,-10],[-22,11],[-19,52],[-23,9],[-39,-37],[-10,-42],[-34,-22],[-6,-15],[-32,-23],[-51,8],[-59,30],[-67,3],[-19,-19],[-3,-31],[-22,-17],[-43,17],[-34,7],[-50,17],[-47,24],[-29,32],[-104,53],[-27,34],[-32,23],[-33,15],[-64,-1],[-30,15],[-57,74],[-14,8],[-39,3],[-21,24],[6,29],[22,5],[33,-12],[39,23],[35,5],[28,17],[5,36],[-41,29],[-73,-3],[-35,-13],[-34,10],[-11,17],[2,40],[-12,25],[-27,25],[15,50],[-6,15],[-45,19],[-20,-10],[-31,-30],[-27,-11],[-26,1],[-39,21],[-16,18],[7,44],[33,24],[-1,23],[-67,45],[-35,6],[-36,-10],[-31,8],[-34,-10],[-68,-69],[-40,-30],[-59,-8],[-23,2],[-86,49],[-51,34],[-44,40]],[[2938,3086],[11,36],[2,38],[14,28],[6,78],[25,78],[17,74],[13,21]],[[7725,10691],[116,67]],[[7841,10758],[0,-91]],[[7841,10667],[1,-90]],[[7842,10577],[-117,-35]],[[7725,10542],[0,75]],[[7725,10617],[0,74]],[[8405,11652],[11,0]],[[8404,11540],[1,13]],[[10609,10683],[6,-69]],[[10615,10614],[-58,-4],[-5,-166],[160,3]],[[10712,10447],[1,-118]],[[10713,10329],[-341,-10]],[[10372,10319],[0,353]],[[10718,10611],[139,-4]],[[10857,10607],[0,-159]],[[10857,10448],[-145,-1]],[[10712,10447],[6,164]],[[10610,10808],[149,-35]],[[10759,10773],[-41,-162]],[[10718,10611],[-103,3]],[[10709,11131],[81,17]],[[10790,11148],[178,38]],[[10968,11186],[75,17],[0,-64]],[[11043,11139],[-3,-238]],[[11040,10901],[-74,21],[-31,0],[1,49],[-82,-1],[-1,24],[-54,-10]],[[10799,10984],[-5,38],[-171,-17]],[[10623,11005],[2,48]],[[10625,11053],[-4,60],[88,18]],[[10372,11058],[72,16],[1,89],[-9,39],[52,23],[0,155],[-22,0],[1,35]],[[10623,11350],[88,2],[-2,-221]],[[10625,11053],[-253,-37]],[[10372,11016],[0,42]],[[10372,11058],[1,65]],[[10373,11123],[0,91]],[[10373,11214],[-1,216]],[[10373,12304],[72,-4],[213,-3],[47,2]],[[10705,12299],[157,9]],[[10862,12308],[-1,-160],[-121,-50],[-20,-6]],[[10720,12092],[-14,0]],[[10706,12092],[-227,3],[-108,3]],[[10371,12098],[2,206]],[[10373,12606],[84,1],[251,-2]],[[10708,12605],[-3,-306]],[[10373,12304],[-1,134]],[[10372,12438],[1,168]],[[10708,12605],[119,-2],[20,-4],[112,-57]],[[10959,12542],[4,-16],[37,-26],[1,-153],[-139,-39]],[[10372,12865],[336,-1],[0,-259]],[[10373,12606],[-1,259]],[[11212,12849],[-2,-226],[0,-213]],[[11210,12410],[-251,132]],[[10959,12542],[2,318],[251,-11]],[[11124,13488],[62,-8],[195,-12],[1,139],[229,-6],[99,1]],[[11710,13602],[6,-250]],[[11716,13352],[-336,6],[-43,3],[-80,73],[-45,9]],[[11212,13443],[-88,34]],[[11124,13477],[0,11]],[[13057,10046],[345,0],[79,-3],[216,1],[227,-6],[0,-17]],[[13924,10021],[2,-136],[-5,-349],[-9,-526],[-5,-323],[-4,-187],[-5,-313],[-2,-172]],[[13896,8015],[-115,2],[-183,-7],[-511,4]],[[13087,8014],[11,59],[-4,150]],[[13094,8223],[-2,172],[-7,250],[-5,321],[-4,79],[0,88],[-5,182],[-9,424],[-5,307]],[[12384,9954],[0,73]],[[12384,10027],[254,7],[109,5],[310,7]],[[13094,8223],[-307,-1],[-8,26],[7,32],[-2,180],[-3,117],[-145,-2],[-63,-11],[-182,-1]],[[12387,8875],[-7,495],[4,104],[0,111],[0,369]],[[13087,8014],[-295,0],[-405,5]],[[12387,8019],[-14,26]],[[12374,10814],[131,-14],[104,-17],[106,-21],[128,-20],[12,-15],[-39,-11],[1,-16],[72,-1],[79,-26],[50,-68],[67,-19],[58,0]],[[13143,10586],[-17,-83],[-1,-57],[-14,-37],[-39,-36]],[[13072,10373],[-38,38],[-36,11],[-4,16],[-41,-8],[-56,-38],[-36,-6],[-103,20],[-17,-5],[-28,-29],[-36,-1],[-31,16],[-20,55],[-27,24],[-51,-10],[-21,-20],[-31,-2],[-53,-57],[6,-53],[-68,-5]],[[12381,10319],[-7,495]],[[14059,10778],[-304,7],[-12,-3],[-144,-87],[-69,-25]],[[13530,10670],[-1,44],[-1,256],[-1,71],[153,2],[381,-6],[-2,-259]],[[12374,7191],[3,367],[4,124],[6,337]],[[13896,8015],[0,-26],[415,0],[-1,-385],[-1,-367],[-5,-697],[-4,-451]],[[14300,6089],[-93,168],[-77,149],[-51,117],[-32,62],[-117,0],[-62,12],[-176,7],[-97,41],[-406,-10],[-165,0],[-53,-11],[-100,-1],[-63,-12],[-109,-100],[-98,-58],[-87,-2],[-39,-41],[0,-56],[-8,-111],[1,-16],[-37,-18],[4,-14],[-79,-2]],[[12356,6193],[1,130],[3,67],[0,114],[12,625],[2,62]],[[14300,6089],[-1,-121]],[[14299,5968],[-105,-2],[-499,-14],[-252,-11],[-405,-1],[-434,3],[-188,-2],[-65,5]],[[12351,5946],[5,247]],[[10374,4670],[91,21],[17,18],[16,44],[30,28],[71,43],[372,-6],[111,-13],[-18,172],[551,-19]],[[11615,4958],[-5,-249],[-10,-303],[-7,-120],[-10,-354]],[[11583,3932],[-199,9],[-49,3],[-181,7],[-616,28],[-168,2]],[[11615,4958],[4,266],[5,264],[4,312],[1,167]],[[11629,5967],[270,-7],[452,-14]],[[12351,5946],[2,-27],[-11,-648],[-5,-334],[-2,-247]],[[12335,4690],[-3,-268]],[[12332,4422],[-6,-513]],[[12326,3909],[-442,7],[-5,5],[-296,11]],[[12326,3909],[291,-3],[230,6],[286,13],[523,9],[409,-5],[269,-1]],[[14334,3928],[-3,-293],[-3,-147],[-8,-318],[-11,-527]],[[14309,2643],[-247,3],[-353,1],[-376,1],[-761,-18],[-249,-2],[-45,9],[-152,-2],[-300,4],[-258,10]],[[11568,2649],[9,1017],[6,266]],[[6212,3328],[31,19],[6,22]],[[6249,3369],[40,-140],[429,3],[60,47],[135,135],[24,29],[3,303],[242,1],[3,235]],[[7408,2196],[-330,6],[-19,-5],[-198,7],[-432,-2],[0,-32],[-221,0]],[[6208,2170],[7,485]],[[6249,3369],[7,27],[127,401],[57,184]],[[8898,3998],[253,-1],[326,-4],[19,4],[107,-4],[312,-5]],[[11568,2649],[-174,6],[-323,9],[-268,8],[-225,5],[-207,6],[-694,-9]],[[9677,2674],[-58,2],[-225,53],[-127,-2],[-83,2],[-49,-3],[-221,-4]],[[11311,1635],[-235,3],[-206,5],[-406,17]],[[10464,1660],[4,194],[63,-1],[24,18],[19,-16],[2,46],[134,-4],[102,-1],[355,-11],[152,-1],[-8,-249]],[[13072,10373],[-21,-36],[6,-291]],[[12384,10027],[-3,292]],[[13466,13773],[211,-7],[0,13],[104,0],[-2,-41],[105,82],[6,2],[215,166],[-14,-449]],[[14091,13539],[-207,14],[2,57],[-52,-5],[-192,7],[1,-26],[-18,-31],[-165,5]],[[13460,13560],[6,213]],[[14091,13539],[-4,-121],[-4,-20]],[[14083,13398],[-1,-7],[-104,47],[-52,1],[-81,-30],[-101,-59],[-84,-41],[1,75],[-205,6]],[[13456,13390],[4,170]],[[8393,5751],[0,144],[5,40],[0,94]],[[8398,6029],[142,0],[21,-4],[222,3]],[[8783,6028],[0,-26],[28,-3],[-10,-44],[33,0],[15,-65],[39,3],[8,-47],[26,-7],[16,-68],[40,6],[70,-52],[40,4],[21,-18],[1,-28],[39,5],[32,-19],[-12,-23],[28,-12],[-17,-34],[3,-30],[29,-54],[29,-14],[8,-26]],[[9249,5476],[-33,-11],[-3,-19],[37,-70],[38,0],[2,-25],[21,-2],[21,-20],[-16,-36],[11,-35],[14,-18],[46,-23],[21,-16],[-14,-74]],[[9394,5127],[-49,-12],[-62,-23],[-17,-28],[0,-54],[-20,-11],[-343,2],[-61,-247],[-26,-115],[-28,-3],[-24,-14],[-111,0],[-255,-3]],[[8398,4619],[-4,372],[-3,225],[1,10],[2,422],[-1,103]],[[8417,3995],[-16,418],[-3,206]],[[9262,6025],[70,-2],[1040,-11]],[[10372,6012],[3,-104],[-1,-705],[0,-306]],[[9249,5476],[27,-51],[25,27],[22,-22],[19,2],[35,-22],[39,-13],[-19,75],[-24,69],[-133,196],[-96,132],[-20,15],[24,32],[66,52],[48,57]],[[8783,6028],[109,2],[45,-5]],[[8937,6025],[230,-2],[0,60],[16,0],[1,-61],[78,3]],[[11311,1635],[-2,-86],[-88,-1],[0,-39],[-108,2],[-8,-21],[-48,1],[-1,-25],[-120,3],[-139,-3],[-3,-52],[47,-2],[8,-67],[31,-18],[-1,-51],[-91,3],[2,41],[-88,2],[17,26],[-153,4],[-31,-16],[-74,0],[-9,-31],[-81,0],[5,179],[74,0],[14,176]],[[7498,11329],[1,-29],[169,-2]],[[7668,11298],[-25,-34]],[[7643,11264],[-145,-3]],[[7498,11261],[-11,5],[-43,50],[14,13],[40,0]],[[7281,11254],[55,1]],[[7336,11255],[0,-40]],[[7336,11215],[0,-74]],[[7336,11141],[-56,1]],[[7280,11142],[1,112]],[[7194,11252],[36,1]],[[7230,11253],[1,-78],[-3,-34]],[[7228,11141],[-38,-1]],[[7190,11140],[-1,57],[5,55]],[[7147,11156],[5,95]],[[7152,11251],[42,1]],[[7190,11140],[-28,-1]],[[7162,11139],[-1,0]],[[7161,11139],[-14,17]],[[7480,11202],[10,51]],[[7490,11253],[8,8]],[[7643,11264],[-95,-126]],[[7548,11138],[-80,1]],[[7468,11139],[12,63]],[[7336,11255],[149,5],[5,-7]],[[7480,11202],[-63,13],[-81,0]],[[7162,11139],[50,-73],[39,27]],[[7251,11093],[1,-49]],[[7252,11044],[-70,1]],[[7182,11045],[-44,77]],[[7138,11122],[23,17]],[[7228,11141],[14,1]],[[7242,11142],[8,-10],[1,-39]],[[7336,11141],[132,-2]],[[7468,11139],[-11,-52]],[[7457,11087],[-122,1]],[[7335,11088],[1,53]],[[7457,11087],[-8,-44]],[[7449,11043],[-114,1]],[[7335,11044],[0,44]],[[7548,11138],[-25,-95]],[[7523,11043],[-74,0]],[[7252,11044],[83,0]],[[7335,11044],[-1,-154]],[[7334,10890],[-27,1]],[[7307,10891],[0,98],[-55,0]],[[7252,10989],[0,55]],[[7523,11043],[-38,-155]],[[7485,10888],[-69,1]],[[7416,10889],[33,154]],[[7416,10889],[-82,1]],[[7078,11025],[38,27]],[[7116,11052],[50,-74]],[[7166,10978],[-38,-27]],[[7128,10951],[-19,-13]],[[7109,10938],[-25,37],[19,13],[-25,37]],[[7087,11769],[57,0]],[[7144,11769],[58,-118]],[[7202,11651],[-47,-5],[-17,-13]],[[7138,11633],[0,1]],[[7138,11634],[-54,111],[3,24]],[[6978,11658],[-6,48]],[[6972,11706],[35,13],[4,43]],[[7011,11762],[11,22],[23,19],[47,5]],[[7092,11808],[-5,-39]],[[7138,11634],[-60,-61],[-22,-54],[-30,-38]],[[7026,11481],[-19,-31],[-18,-14]],[[6989,11436],[15,161],[-3,21],[-35,4],[12,36]],[[7130,12147],[177,2]],[[7307,12149],[6,0]],[[7313,12104],[-99,0],[-90,-4],[6,47]],[[7060,12122],[3,18]],[[7063,12140],[11,70]],[[7074,12210],[33,-63],[22,0]],[[7129,12147],[1,0]],[[7315,11980],[-32,-57],[-21,-28]],[[7262,11895],[-1,84],[-48,0]],[[7213,11979],[-102,2],[-4,-38]],[[7107,11943],[-6,-54],[-74,8]],[[7027,11897],[33,225]],[[7011,11762],[8,64]],[[7019,11826],[99,41],[41,4],[0,52],[37,0],[0,20],[-89,0]],[[7213,11979],[0,-85],[49,1]],[[7316,11895],[-3,-86]],[[7313,11809],[-221,-1]],[[6993,11924],[8,55],[-34,24],[26,39],[-26,20]],[[6969,12066],[55,82],[36,-26]],[[7027,11897],[-8,-71]],[[7019,11826],[-76,-43]],[[6943,11783],[-8,21]],[[6935,11804],[-17,45]],[[6918,11849],[-10,28],[53,20],[32,27]],[[6884,11940],[9,13]],[[6893,11953],[37,-25],[10,13],[26,-18],[27,1]],[[6918,11849],[-87,-50]],[[6831,11799],[-4,11]],[[6827,11810],[-6,36],[63,94]],[[6949,12036],[-56,-83]],[[6884,11940],[-46,123]],[[7387,13265],[20,88]],[[7407,13353],[61,1],[21,6]],[[7489,13360],[47,-65],[2,-101],[-164,0]],[[7374,13194],[13,71]],[[7082,13567],[33,60]],[[7115,13627],[86,12],[52,40],[10,-31],[25,-23],[31,-4]],[[7319,13621],[-7,-70],[25,7],[31,-102]],[[7368,13456],[7,-22]],[[7375,13434],[-83,-25]],[[7292,13409],[7,46],[-22,-7]],[[7277,13448],[-19,63],[-45,-14],[-18,63],[-26,-8],[-50,-41]],[[7119,13511],[-5,15],[-32,41]],[[7375,13434],[22,-71],[10,-10]],[[7387,13265],[-72,-1]],[[7315,13264],[10,76],[-42,-1],[9,70]],[[7163,13445],[40,27],[14,-42],[60,18]],[[7315,13264],[4,-23],[-53,-32]],[[7266,13209],[9,70],[-112,166]],[[7163,13445],[-44,66]],[[6832,13424],[202,98],[48,45]],[[7163,13445],[-137,-98]],[[7026,13347],[-52,79],[-103,-57],[-35,-14],[6,27],[-10,42]],[[7266,13209],[-9,-65]],[[7257,13144],[-38,0]],[[7219,13144],[7,50],[-53,-32],[-23,0]],[[7150,13162],[-124,185]],[[7771,13564],[86,5],[74,-14],[40,14],[101,110],[26,46],[28,82],[23,11]],[[8149,13818],[54,-5],[24,27],[33,-1],[1,-145]],[[8261,13694],[0,-12]],[[8261,13682],[-2,-218]],[[8259,13464],[-63,0],[-13,23],[-38,40],[31,32],[-16,15],[-29,-35],[-29,-23]],[[8102,13516],[-55,56],[-40,-1]],[[8007,13571],[-14,-11],[-68,-31],[-78,0],[-73,5]],[[7774,13534],[-3,30]],[[7741,13391],[28,1]],[[7769,13392],[44,9],[33,14]],[[7846,13415],[-1,-159],[-19,-19],[-36,0],[-24,-10],[-23,-23]],[[8023,13146],[58,16],[83,39],[64,15],[30,0]],[[8258,13216],[-1,-51]],[[8257,13165],[-2,-156]],[[8255,13009],[-85,1]],[[8170,13010],[1,48],[-17,46],[-3,42],[-81,0],[-21,-22],[-27,0]],[[8022,13124],[1,22]],[[8095,12957],[8,54],[67,-1]],[[8255,13009],[-1,-107]],[[8078,12905],[17,52]],[[8095,12957],[-77,1]],[[8018,12958],[4,166]],[[10720,12092],[267,-8],[474,-9]],[[11461,12075],[331,-9],[328,-8],[257,0]],[[12377,12058],[-2,-178],[1,-85],[-2,-155],[-2,-226]],[[12372,11414],[-256,-59],[-219,-54],[-240,-56],[-193,-37],[-92,-15]],[[11372,11193],[0,82],[-81,-17],[-3,264],[-36,4],[-213,-2],[-35,6],[-48,23],[-251,3]],[[10705,11556],[1,211],[1,88],[-1,237]],[[8143,11478],[83,0]],[[8225,11307],[-2,0]],[[8223,11307],[-36,-5]],[[8187,11302],[-44,-5]],[[8143,11297],[0,181]],[[7737,12204],[3,64]],[[7740,12268],[155,-5]],[[7895,12263],[1,-117]],[[7896,12146],[-159,3]],[[7737,12149],[0,55]],[[7376,11572],[32,12],[7,37],[1,84]],[[7416,11705],[80,1],[-8,86]],[[7488,11792],[77,-1],[0,-66],[53,0]],[[7618,11725],[0,-21],[-75,-81],[-27,-18],[4,-28]],[[7520,11577],[13,-40],[-9,-67]],[[7524,11470],[-19,39],[-36,25],[-29,10],[-38,-2],[-26,30]],[[8649,10939],[47,4]],[[8696,10943],[70,6]],[[8766,10949],[95,6],[39,-7],[-1,25]],[[8899,10973],[32,0],[0,17],[26,0],[34,30],[17,0],[0,68]],[[9008,11088],[101,-2],[11,14],[-1,120]],[[9119,11220],[139,0],[17,5],[90,66]],[[9365,11291],[43,3]],[[9408,11294],[-2,-194]],[[9406,11100],[-1,-156]],[[9405,10944],[-1,-75]],[[9404,10869],[-23,0],[-187,-30]],[[9194,10839],[-192,-30],[-103,-17]],[[8899,10792],[-162,-26]],[[8737,10766],[-90,-15]],[[8647,10751],[2,188]],[[7584,9199],[299,-2],[134,-8],[19,-56],[20,-77]],[[8056,9056],[-65,9]],[[7991,9065],[-86,13],[-1,-114]],[[7823,8916],[36,-101],[11,-67]],[[7870,8748],[-10,-83],[-20,-42],[-22,-57]],[[7818,8566],[-272,6]],[[7546,8572],[-25,66],[-77,174],[-29,103],[-29,76],[-9,54],[1,97],[29,6],[20,-13],[25,26],[-13,20],[14,69],[19,20],[27,-8],[56,-63],[29,0]],[[4162,5232],[34,-2],[16,-10],[0,-21],[17,-42],[36,-31],[17,-27],[23,1],[7,22],[24,3],[8,27],[29,5],[16,12],[32,-15],[56,11],[17,-39],[42,10],[25,-10],[33,17],[65,-38]],[[4659,5105],[-59,-100],[-41,-95],[-105,-233],[-81,-174],[-22,-39]],[[4351,4464],[-25,36]],[[4326,4500],[3,20],[24,11],[7,19],[-27,32],[-4,19],[-24,27],[6,33],[-28,30],[-21,6],[-4,20],[-22,15],[-13,32],[-27,32],[-10,46],[-35,18]],[[4151,4860],[11,128],[-5,60],[-2,155],[7,29]],[[9127,14738],[30,12],[92,7],[74,14],[26,-2],[36,-18]],[[9385,14751],[20,-592],[1,-373]],[[9406,13786],[-84,-106]],[[9322,13680],[-145,0]],[[9177,13680],[0,30]],[[9177,13710],[0,217]],[[9177,13927],[-30,241],[-10,187],[-11,298],[1,85]],[[10109,11293],[31,0],[-2,140],[3,1]],[[10141,11434],[124,-2]],[[10265,11432],[13,0],[0,-49],[16,-24],[-17,-23],[0,-36],[-35,4],[0,-27]],[[10242,11277],[-18,0],[0,35],[-48,0],[14,-78],[-24,-19],[-9,-41],[21,-27],[-2,-23]],[[10176,11124],[-13,0]],[[10163,11124],[-89,1],[2,91],[-19,0]],[[10057,11216],[-5,29],[10,27],[47,-1],[0,22]],[[8664,11930],[103,0]],[[8903,11928],[3,-102]],[[8906,11826],[-3,-77]],[[8903,11749],[-105,-1],[-1,20],[23,0],[0,61],[-42,-1]],[[9327,9368],[82,-1]],[[9409,9367],[5,-140]],[[9414,9227],[3,-74]],[[9417,9153],[-208,-23],[-32,0],[-96,8]],[[9081,9138],[-18,39],[79,-2],[93,11],[0,79],[90,-2],[2,105]],[[7999,8744],[59,24],[21,29],[-2,36]],[[8077,8833],[83,2]],[[8160,8835],[-4,-122],[75,-2]],[[8231,8711],[0,-151]],[[8231,8560],[-82,-1],[-94,4],[-100,-1]],[[7955,8562],[35,18],[14,37],[5,58],[-10,69]],[[7927,8561],[28,1]],[[8231,8560],[17,0]],[[8248,8560],[-2,-141],[31,-19],[6,-23]],[[8283,8377],[-18,1]],[[8265,8378],[-153,1],[-6,4]],[[8106,8383],[-2,-39],[-1,-151]],[[8103,8193],[-10,-22],[14,-60],[-1,-36],[-69,2],[0,113],[-35,7],[-75,0],[0,15]],[[7927,8212],[0,349]],[[7495,6036],[143,151],[117,128]],[[7755,6315],[47,-51],[59,4],[6,-22],[-18,-22],[6,-20],[61,22],[27,22],[8,21],[8,55]],[[7959,6324],[19,34],[56,10],[34,13],[45,32],[22,4]],[[8135,6417],[17,19],[5,29],[26,-6],[42,-66],[12,-9],[22,10],[22,-11],[11,-27],[50,6]],[[8342,6362],[-27,-49],[-33,-29],[-58,-140],[-28,-113]],[[8196,6031],[-188,1],[-296,5],[-217,-1]],[[5548,6109],[9,156]],[[5557,6265],[56,25],[6,52],[21,17],[18,0],[11,-44],[19,8]],[[5688,6323],[-17,-287],[-72,-2],[3,57],[-54,3],[0,15]],[[7852,7054],[53,32],[64,54],[50,60],[73,116]],[[8092,7316],[26,-5],[246,0]],[[8364,7311],[-17,-31],[-56,-67],[-46,-36],[-66,-44],[-34,-34],[-33,-60],[-76,-183]],[[8036,6856],[-13,23],[-80,67],[-50,51]],[[7893,6997],[-41,57]],[[11372,11193],[-329,-54]],[[10968,11186],[-3,20],[3,67],[-21,10],[3,29],[18,17],[0,33],[-72,0],[-35,-9],[-3,44],[-68,2]],[[10790,11399],[-23,50],[-42,38],[-18,39],[-2,30]],[[13143,10586],[140,3],[31,6],[189,66]],[[13503,10661],[-1,-195],[250,-7],[195,-7],[7,77],[98,3]],[[14052,10532],[-5,-260],[249,-4]],[[14296,10268],[-3,-250],[-369,3]],[[4589,4886],[140,0],[100,4],[109,-1],[0,-153],[4,-301],[-214,-2],[-23,-4],[-110,2],[-5,176],[-1,279]],[[6208,1023],[74,-2],[22,-47],[17,-60],[41,1],[100,-13]],[[6462,902],[-4,-30],[0,-217]],[[6459,500],[-19,10],[-52,47],[-36,43],[-40,75],[-20,19],[-32,8],[-52,-1]],[[6208,701],[-1,171],[1,151]],[[6894,12130],[100,59],[69,-49]],[[6844,10757],[15,-115]],[[6859,10642],[35,-38],[105,-124],[46,-57],[31,-88],[-25,-30],[-11,-29]],[[7040,10276],[-1,-55],[15,-41],[102,-147],[61,-82],[42,-93],[60,-141],[45,-83]],[[7364,9634],[24,-27],[46,4],[12,-39],[45,-89],[41,-57],[41,0],[15,-30],[-59,-27],[44,-52],[12,-29],[6,-67],[-7,-22]],[[7546,8572],[19,-64],[33,-66],[59,-17],[37,-112],[2,-67],[-8,-154],[-31,-41],[-39,-24],[-55,-82],[-63,-138],[-31,-32]],[[7469,7775],[-41,-28],[-59,-51],[-40,-1],[-46,-53],[-35,-71],[-53,-33]],[[7195,7538],[-15,-10],[-90,-73],[-106,-112],[-97,-93]],[[6887,7250],[-35,-8],[-62,-39],[-120,-159]],[[6670,7044],[-39,-37],[-33,-7],[-104,-32],[-71,-29]],[[6423,6939],[-41,-17],[-115,-32],[-77,-7],[-86,-52],[-40,-57]],[[6064,6774],[-52,-21],[-58,-37],[-57,-51],[-27,0],[-54,-13],[-34,-38],[-17,-38]],[[5765,6576],[-27,-44],[-31,-31],[-169,-136],[-135,-96],[-167,-19],[-131,-4],[-97,-65],[-86,0],[-68,-84],[-53,-39],[-23,23],[-115,-23],[-105,-80],[-29,-15],[-63,-2],[-42,-27],[-41,-75],[-18,-86],[-33,-21],[-2,-136],[-19,-42],[-84,-79],[-57,-113],[-15,-86],[7,-64]],[[4151,4860],[-28,-41],[-53,-44],[-42,-25],[-68,8],[-68,-11],[-27,-84],[-40,-99],[-53,-61],[-34,-4],[-38,17],[-53,-41],[-26,-97],[-29,-65],[-89,-45],[-19,-47],[-22,-11],[-19,-35],[-38,-34],[-44,-24],[-9,-97]],[[3352,4020],[-21,-85],[-27,-58],[-45,-7],[-30,-16],[-15,-97],[-24,-100],[-31,-65],[-28,-5],[-62,2],[-21,-25],[-10,-40],[-12,-85]],[[2938,3086],[-133,126],[-553,488],[-744,661],[-1194,1141],[-314,300],[1052,551],[1792,926],[315,172],[1336,695],[772,401],[723,662],[443,406],[257,716],[154,426]],[[8230,8967],[0,106]],[[8230,9073],[1,90]],[[8231,9163],[0,13]],[[8231,9176],[109,-98]],[[8340,9078],[24,-21],[19,-33],[77,-194]],[[8460,8830],[-121,-4],[-109,-1]],[[8230,8825],[0,9]],[[8230,8834],[0,133]],[[7833,10050],[26,-6],[12,52]],[[7871,10096],[166,-41],[52,101]],[[8089,10156],[175,-94]],[[8264,10062],[-38,-10],[-20,-39],[25,-13],[-26,-50],[-6,-24],[18,-36],[-7,-35]],[[8210,9855],[-34,16],[-54,-30],[-45,17]],[[8077,9858],[-80,48],[-53,18],[-22,-14]],[[7922,9910],[-16,15],[-100,83],[27,42]],[[11281,10541],[34,4],[-6,32],[31,24],[17,-13],[22,15],[25,-4],[53,-45],[11,-24],[22,-13],[25,35],[42,9],[55,-30],[22,3],[51,-22],[21,20],[57,8],[21,-6],[36,16],[22,2],[31,-16]],[[11873,10536],[26,-23],[41,-6],[43,8],[31,-13],[33,12],[18,-7],[25,-43],[5,-55],[-1,-45],[18,-22],[50,-11],[14,-20],[28,-7],[31,8],[44,-20],[18,-18],[20,33],[41,13],[23,-1]],[[12384,9954],[-157,1],[-64,3],[-485,-4],[-353,-4]],[[11325,9950],[-3,388]],[[11322,10338],[-1,111],[-8,25],[-20,21],[-12,27],[0,19]],[[11119,13872],[266,-16]],[[11385,13856],[348,-10],[-6,-53],[-26,-40],[2,-32],[39,-30],[19,-4],[33,-53],[-17,-32],[-67,0]],[[11124,13488],[-1,59]],[[11123,13547],[-4,325]],[[8661,6586],[80,26],[261,18],[2,16],[29,48],[1,99],[5,56],[2,134]],[[9041,6983],[155,-36]],[[9196,6947],[95,-21],[63,-33],[51,-30],[74,3],[52,17],[78,33],[162,-1],[16,-3]],[[9787,6912],[-6,-20],[-3,-84]],[[9778,6808],[1,-54],[-14,-60],[-1,-94],[70,-326],[-308,3],[1,-140],[-18,-30],[-24,-9],[-104,-3],[-40,-12],[-51,-31],[-28,-27]],[[8937,6025],[-49,56],[-225,224],[-6,171],[4,110]],[[9767,13747],[49,35],[92,138]],[[9908,13920],[286,-3]],[[10194,13917],[20,-31],[17,-58],[44,-47],[8,-22],[21,-14],[7,-56],[-4,-33]],[[10307,13656],[-165,0]],[[10142,13656],[-242,-3]],[[9900,13653],[-120,-2],[-12,9],[-1,87]],[[10373,15130],[21,9],[48,34],[32,11],[34,-21],[25,-30],[6,-56],[29,-37],[19,-33],[24,-18],[23,2],[14,14],[9,29],[-1,42],[14,20],[23,-2],[28,-18],[29,-1],[116,27],[50,30],[22,-1],[54,-21],[29,-7],[40,-40],[20,-14],[73,-17],[37,-36],[31,5],[9,18],[-11,56],[1,38],[-34,21],[-6,19],[27,54],[11,4],[30,-25],[27,-12],[27,9],[15,22],[1,27],[-23,91],[0,54],[24,9],[40,-37],[28,-53],[10,-4]],[[11398,15292],[3,-75],[-28,-9],[8,-492],[3,-361],[1,-499]],[[11119,13872],[0,249],[-279,5],[-467,16]],[[10373,14142],[0,320]],[[10373,14462],[0,640],[0,28]],[[10621,11543],[84,13]],[[10790,11399],[0,-251]],[[8235,9603],[1,100]],[[8236,9703],[1,51]],[[8237,9754],[15,-4],[45,-46]],[[8297,9704],[37,-38]],[[8334,9666],[-41,-41],[34,-85]],[[8327,9540],[-92,1]],[[8235,9541],[0,62]],[[8017,12906],[61,-1]],[[8126,12744],[79,-76]],[[8205,12668],[-93,-3]],[[8112,12665],[-110,0]],[[8002,12665],[4,197],[11,16],[0,28]],[[10616,10905],[1,60],[6,40]],[[10799,10984],[20,-156],[1,-39]],[[10820,10789],[-32,-15],[-29,-1]],[[9196,6947],[45,80],[27,71],[13,60],[6,60],[-5,88],[-24,121],[-37,174]],[[9436,7622],[-1,-61]],[[9435,7561],[-95,4],[-11,-59],[60,-33],[0,-17],[-47,-6],[1,-145],[170,-3]],[[9513,7302],[34,-1],[3,-41],[27,-33],[8,-20],[28,-18],[25,-4],[3,-44],[10,-26],[80,-112],[49,-36],[10,-42],[-3,-13]],[[10142,13656],[-4,-229]],[[10138,13427],[-28,-4],[-18,-29],[-14,-8],[-129,2],[-16,32],[-27,0],[5,113],[-13,2]],[[9898,13535],[9,32],[0,54],[-7,32]],[[9289,10619],[19,4],[-3,-113],[18,0]],[[9323,10510],[-8,-41],[9,-7],[1,-61]],[[9325,10401],[-92,4],[1,68],[34,1],[20,24],[1,121]],[[4351,4464],[-70,-125]],[[4281,4339],[-410,-2],[-103,9],[-79,13]],[[3689,4359],[15,22],[132,89],[42,45],[21,-16],[427,1]],[[7296,10494],[10,43]],[[7306,10537],[151,-37],[53,23]],[[7510,10523],[-12,-50]],[[7498,10473],[-6,-27]],[[7492,10446],[-23,-96]],[[7469,10350],[-24,-112]],[[7445,10238],[-25,-109],[-13,-12]],[[7407,10117],[-85,52],[-9,15]],[[7313,10184],[4,29],[-11,54],[-2,49]],[[7304,10316],[2,48],[-25,60],[15,70]],[[7705,10289],[13,0],[8,39],[17,-4]],[[7743,10324],[148,-36]],[[7891,10288],[0,-40]],[[7891,10248],[0,-68],[-20,-84]],[[7871,10096],[-53,23],[-45,13],[-67,14]],[[7706,10146],[-42,10]],[[7664,10156],[28,118],[13,15]],[[7012,10707],[52,-72]],[[7064,10635],[12,-18]],[[7076,10617],[118,-161],[61,-86],[49,-54]],[[7313,10184],[-64,70],[-81,12],[-68,3],[-60,7]],[[6859,10642],[15,10],[43,46],[69,46],[26,-37]],[[8264,10062],[72,-40],[124,-89]],[[8460,9933],[-23,-5],[-15,18],[-71,-82]],[[8351,9864],[-40,37],[-54,-67]],[[8257,9834],[-47,21]],[[7407,10117],[28,-34],[15,-30],[20,-63],[24,-2],[24,12]],[[7518,10000],[-20,-85],[52,42],[65,-15],[24,105],[-104,25]],[[7535,10072],[11,48],[25,-6]],[[7571,10114],[138,-33]],[[7709,10081],[124,-31]],[[7922,9910],[-40,-35],[-36,26],[-55,-110],[-36,-50],[-39,-30],[-39,-11],[-46,0],[-64,17],[-23,16],[-7,-26],[-86,-32],[-87,-41]],[[8077,9858],[-33,-35],[68,-31]],[[8112,9792],[-1,-65],[-19,-1],[-2,-97]],[[8090,9629],[0,-35]],[[8090,9594],[-1,-97]],[[8089,9497],[-1,-114]],[[8088,9383],[-2,-198],[69,8],[61,-37],[15,7]],[[8230,9073],[-65,0]],[[8165,9073],[-85,-3],[-24,-14]],[[8257,9834],[-20,-80]],[[8236,9703],[-31,1],[-18,-10]],[[8187,9694],[-46,85],[-29,13]],[[8518,11759],[10,-23]],[[8404,11719],[0,39]],[[7901,11292],[158,-4],[84,9]],[[8143,11297],[1,-178]],[[8144,11119],[-5,0]],[[8139,11119],[-164,2]],[[7975,11121],[-3,105],[-71,1]],[[8057,11471],[52,30],[-3,44],[52,-1],[1,44]],[[8159,11588],[1,129]],[[8160,11717],[29,-1]],[[8143,11478],[-47,-6],[-38,-14]],[[8058,11458],[-1,13]],[[7891,11747],[0,84]],[[8065,11809],[-41,-51],[23,-20],[0,-19]],[[8047,11719],[-28,0]],[[8019,11719],[-129,2]],[[9778,6808],[42,-14],[554,-3]],[[10374,6791],[-2,-524],[0,-255]],[[3352,4020],[229,-5]],[[3581,4015],[354,5],[117,0]],[[4052,4020],[326,-1],[145,-1],[450,-13]],[[10095,11602],[30,28],[40,15],[55,-5],[94,8],[58,18]],[[10372,11666],[0,-87]],[[10372,11480],[-28,1],[-3,-14],[-71,-9],[-5,-26]],[[10141,11434],[-20,100],[-26,68]],[[8398,14278],[23,-26],[1,-33],[-8,-32],[27,-14],[7,-72]],[[8448,14101],[1,-76],[11,-11],[0,-58],[5,-25]],[[8465,13931],[-54,21],[-60,5],[-106,0],[-27,155],[180,166]],[[7138,11633],[6,-19],[-7,-81],[53,-11],[147,5]],[[7337,11527],[-1,-95]],[[7336,11432],[-66,-2]],[[7270,11430],[-106,-1]],[[7164,11429],[-99,-3]],[[7065,11426],[5,53],[-44,2]],[[7464,12110],[85,3],[-1,-20],[94,-2]],[[7642,12091],[0,-36]],[[7642,12055],[-71,-1]],[[7571,12054],[-23,0],[0,-19]],[[7065,11426],[-21,0],[-4,-43]],[[7040,11383],[-8,-90]],[[7032,11293],[-23,2],[-2,-21],[-33,3],[-42,-12],[-81,9]],[[6851,11274],[2,51],[-35,145],[-24,86],[-54,105]],[[6740,11661],[52,15],[33,-71],[47,-48],[44,-50],[40,-70],[33,-1]],[[7524,11470],[-32,-42],[2,-42]],[[7494,11386],[-158,2]],[[7336,11388],[0,44]],[[7337,11527],[-8,51]],[[7329,11578],[47,-6]],[[5254,5925],[153,89],[101,70],[40,25]],[[5688,6323],[39,17],[85,30],[15,27]],[[5827,6397],[40,-23],[12,-16],[0,-41]],[[5879,6317],[-12,-39],[8,-20],[51,35],[44,5],[18,-20],[2,-39],[9,-23],[15,-1],[9,28],[60,18],[55,-40],[26,-28],[-15,-41],[-3,-26],[37,-13],[87,-8],[17,28],[13,-3],[5,-32],[-8,-62],[18,-12]],[[6219,5980],[-166,1]],[[6053,5981],[-18,4],[-61,31],[-23,7],[-70,0],[-81,-59],[-32,-56],[-113,10],[-342,8],[-59,-1]],[[10372,9240],[59,-27],[86,-25],[93,-32],[51,-23],[77,-45],[40,-29],[69,-59],[107,-123],[40,-42],[42,-34],[170,-103],[42,-35],[21,-25],[32,-64],[36,-91],[22,-34],[31,-32]],[[11463,8023],[-240,1],[-638,0],[-212,-3]],[[10373,8021],[0,180]],[[10373,8201],[0,505]],[[10373,8706],[1,116],[-2,66],[0,352]],[[7309,11727],[0,-22]],[[7309,11705],[1,-43],[8,-59],[11,-25]],[[7329,11578],[-31,10],[-32,42],[-20,14],[-44,7]],[[7144,11769],[38,1],[25,-53],[22,10],[80,0]],[[10138,13427],[0,-90],[2,-217],[-2,-8]],[[10028,13116],[-129,2]],[[9899,13118],[2,90],[-6,47],[2,165],[-2,98],[3,17]],[[6851,10942],[77,-14],[16,2]],[[6944,10930],[74,-110],[38,26],[24,-36]],[[7080,10810],[51,-74]],[[7131,10736],[-57,-39],[-25,36],[-37,-26]],[[6844,10757],[8,22],[-1,163]],[[7032,11293],[-2,-22]],[[7030,11271],[-14,-97],[0,-41]],[[7016,11133],[-4,-53]],[[7012,11080],[-58,4]],[[6954,11084],[-40,-6],[-63,7]],[[6851,11085],[0,189]],[[5422,14720],[229,-12],[455,-9],[79,-21]],[[6185,14678],[-2,-101],[5,-265]],[[6188,14312],[-245,-4]],[[5943,14308],[-5,216],[-73,-28],[-45,-1],[6,-190]],[[5826,14305],[8,-341]],[[5834,13964],[-175,-4],[-178,258],[-18,33],[-42,-1]],[[5421,14250],[-1,192],[2,278]],[[7379,13009],[132,2],[59,4],[44,12],[35,18]],[[7649,13045],[56,-137]],[[7705,12908],[38,-97]],[[7743,12811],[-4,-3]],[[7739,12808],[-8,16],[-75,0]],[[7656,12824],[0,18],[-192,0],[-8,8],[-59,0]],[[7397,12850],[-1,5]],[[7396,12855],[-17,154]],[[7705,12908],[40,0]],[[7745,12908],[67,-1]],[[7812,12907],[-1,-121],[41,0],[0,-61]],[[7852,12725],[1,-58]],[[7853,12667],[-47,1]],[[7806,12668],[-63,143]],[[9400,11827],[5,0],[1,-97]],[[9406,11730],[2,-179]],[[9408,11551],[-27,-4],[-110,-1]],[[9271,11546],[7,49],[1,184],[17,59]],[[7811,11968],[44,-25],[38,-10]],[[8075,13496],[16,-29],[-2,-98],[-38,-13],[-1,-37],[48,14],[48,0],[17,-36],[-57,-30],[1,-19]],[[8107,13248],[-42,-20],[-40,1]],[[8025,13229],[7,237],[43,30]],[[7368,13456],[82,25],[34,-45]],[[7517,13375],[-28,-15]],[[8007,13571],[5,-40],[-17,-21],[7,-12],[-26,-29],[-26,10],[-58,-40],[-46,8],[0,-32]],[[7769,13392],[5,142]],[[8652,13547],[24,28],[48,49]],[[8724,13624],[12,-3]],[[8736,13621],[18,-15],[38,-7],[28,-31],[-6,-17],[-23,-10],[-56,-63],[9,-18],[43,-6],[5,-47]],[[8792,13407],[-140,-5]],[[8652,13402],[0,145]],[[7893,11954],[2,97]],[[7740,12054],[155,-3]],[[7740,11981],[0,73]],[[8261,13694],[30,-3],[69,-27],[77,-16],[35,-19],[41,-1],[-8,-30],[20,-7],[54,17],[35,-15],[19,5],[19,25]],[[8652,13623],[23,10],[15,-17],[34,8]],[[8652,13547],[-43,-75],[-15,-42],[-17,-70],[-6,-65],[0,-76]],[[8571,13219],[-15,4],[-123,0],[-20,10],[-39,45],[-16,47]],[[8358,13325],[32,5],[0,23],[24,0],[-4,-29],[5,-34],[110,1],[5,4],[-1,72],[5,27],[-101,0]],[[8433,13394],[9,38],[-11,24],[12,9],[1,104],[-47,11],[-28,-11],[-44,5]],[[8325,13574],[0,23],[-23,5],[2,75],[-43,5]],[[8347,13404],[36,-10],[50,0]],[[8358,13325],[-7,19],[-4,60]],[[8347,13404],[-25,0]],[[8322,13404],[3,170]],[[8566,14404],[61,-61],[7,-168],[6,-10]],[[8640,14165],[-107,2],[0,-22],[-65,0],[1,-44],[-21,0]],[[8398,14278],[35,39],[48,27],[46,17],[28,22],[11,21]],[[9693,11492],[225,63],[177,47]],[[10109,11293],[-164,3],[-41,-1]],[[9904,11295],[-2,94],[-80,-2],[-16,3],[-105,1],[-30,-15],[-1,-79]],[[9670,11297],[-22,-7]],[[9648,11290],[-10,17]],[[9638,11307],[-26,53],[-8,30],[57,0],[-1,70],[29,8],[4,24]],[[9187,10627],[7,212]],[[9404,10869],[1,-124],[-3,-168]],[[9402,10577],[-62,1],[-1,-66],[-16,-2]],[[9289,10619],[-33,-12],[-19,-27],[-1,-49],[-19,0],[-3,-126],[-41,3]],[[9173,10408],[8,43],[6,176]],[[8639,10227],[122,-2],[116,7],[14,21]],[[8891,10253],[4,162]],[[8895,10415],[18,-1]],[[8913,10414],[-3,-162],[36,9],[1,45],[39,-1]],[[8986,10305],[37,1],[0,38]],[[9023,10344],[21,0],[-1,-42],[20,5],[8,-19]],[[9071,10288],[1,-41]],[[9072,10247],[-88,2],[-47,-23],[-49,-36],[-39,-76]],[[8849,10114],[-213,6]],[[8636,10120],[3,107]],[[9678,10352],[95,-5],[31,-5]],[[9804,10342],[-10,-38],[-4,-191],[3,-13]],[[9793,10100],[-83,21]],[[9710,10121],[-21,26],[-23,-3],[-8,20],[17,52],[-16,32],[28,33],[-15,43],[6,28]],[[5834,13964],[334,6]],[[6168,13970],[5,-344]],[[6173,13626],[-332,-5]],[[5841,13621],[-7,343]],[[9804,10342],[126,-20]],[[9930,10322],[-2,-37],[27,-7],[0,-196],[18,-10]],[[9973,10072],[0,-24]],[[9973,10048],[-27,2],[-57,30],[-31,4],[-65,16]],[[11321,9582],[6,25],[-2,343]],[[10372,10036],[0,149]],[[10372,10185],[42,-2],[123,4],[2,-53],[-14,-3],[0,-49],[103,3]],[[10628,10085],[-65,-38],[-43,-11],[-29,-14],[-46,-2],[-41,5],[-32,-28]],[[10372,9997],[0,39]],[[7742,10391],[101,0],[0,105]],[[7843,10496],[49,0]],[[7892,10496],[0,-65]],[[7892,10431],[-1,-143]],[[7743,10324],[0,28]],[[7743,10352],[-1,39]],[[8497,9706],[49,-58]],[[8546,9648],[40,-47],[-18,-16],[27,-31],[-15,-14],[29,-35],[15,14]],[[8624,9519],[24,9],[39,-20]],[[8687,9508],[-23,-52],[20,-15],[10,-23],[22,-12],[-25,-65]],[[8691,9341],[-70,29]],[[8621,9370],[-46,32],[-31,36]],[[8544,9438],[-80,93]],[[8464,9531],[-40,43]],[[8424,9574],[52,52]],[[8476,9626],[4,7]],[[8480,9633],[-13,22],[-44,51],[43,37]],[[8546,9648],[81,70]],[[8629,9719],[-5,-200]],[[7892,10431],[17,0]],[[7909,10431],[0,-40],[61,0],[3,-95]],[[7973,10296],[-9,-24],[-33,-34],[-40,10]],[[7687,10870],[38,0]],[[7725,10870],[0,-170]],[[7725,10700],[-86,3]],[[7604,10703],[10,41],[51,-1],[22,85],[0,42]],[[9448,8536],[225,-1]],[[9673,8535],[201,-1],[0,-164],[3,-178]],[[9877,8192],[-41,-1],[-52,51],[-25,18],[-55,18],[-20,-25],[-16,11],[-32,-12],[-47,5],[-13,20],[-24,-13],[-29,16],[-31,-11],[-43,21]],[[9450,8360],[1,77],[-3,99]],[[10373,9342],[0,18]],[[10373,9360],[43,-9],[42,6],[184,-2],[261,0],[481,7]],[[10372,9240],[1,102]],[[7971,7792],[237,-2]],[[8208,7790],[23,-1]],[[8231,7789],[-4,-164]],[[8227,7625],[-89,52],[-93,96],[-9,-13],[19,-58],[-10,-14],[-47,0],[-4,42],[-23,1],[0,61]],[[5244,6128],[-3,-47],[26,-33],[5,-28],[-18,-95]],[[6053,5981],[-127,-129],[-192,-190],[-2,-56],[-49,15],[-49,9],[-157,-176],[-1,-66],[-35,9],[-15,-12],[-53,11],[-25,-3],[-62,22],[-33,7],[-34,-22],[1,-209],[-141,-169],[-16,-22]],[[5063,5000],[-219,0],[-26,8],[-39,27],[-95,33],[0,16],[-25,21]],[[4659,5105],[90,152],[77,224],[14,28],[202,252],[110,321],[36,33],[56,13]],[[10372,11666],[0,279],[-1,20]],[[10371,11965],[0,133]],[[11036,10705],[2,175]],[[11038,10880],[328,-24]],[[11366,10856],[-3,-175],[-79,-17],[-3,-123]],[[11281,10541],[-40,7],[-56,2],[-34,-6],[-28,4],[-36,-12],[-44,4],[-4,11],[24,38],[0,34],[-28,21]],[[11035,10644],[1,61]],[[9877,8192],[496,9]],[[10373,8021],[2,-172],[0,-134]],[[10375,7715],[-161,34],[-76,13],[-229,7],[-24,-2]],[[9885,7767],[-109,-17],[-2,19],[-34,-4],[-1,33],[-70,0],[-7,32],[-12,9],[-55,1],[0,-26],[17,0],[-4,-46],[-40,-4]],[[7842,10577],[51,16]],[[7893,10593],[-1,-97]],[[7843,10496],[-118,-1]],[[7725,10495],[0,47]],[[8552,10122],[13,0]],[[8565,10122],[71,-2]],[[8636,10120],[6,-12],[-1,-91],[-8,-4],[0,-54]],[[8633,9959],[-35,3]],[[8598,9962],[0,24],[-48,2],[1,61]],[[10628,10085],[91,5]],[[10719,10090],[3,-151]],[[10722,9939],[-157,-1],[-193,-6]],[[10372,9932],[0,65]],[[6207,1443],[250,7],[8,-56],[0,-31],[247,-3],[-1,-268],[-28,-45],[-62,-20],[24,-37],[64,-72]],[[6462,902],[0,11],[59,19],[91,90],[1,17],[26,8],[22,47],[-27,5],[-18,22],[-18,47],[-39,49],[-38,-2],[-1,44],[-42,2],[-8,37],[-146,6],[-75,-3],[-2,-15],[-37,3]],[[6210,1289],[0,151],[-3,3]],[[7607,7470],[88,5],[1,88],[57,0],[1,-10],[185,3],[15,3]],[[7954,7559],[12,-37],[20,-9],[33,-37]],[[8019,7476],[-57,-29],[-196,-138]],[[7766,7309],[-52,-37]],[[7714,7272],[-92,166],[-15,32]],[[7994,12449],[-3,-47]],[[7991,12402],[-52,1],[-1,-47],[18,-5],[-2,-51],[133,-4]],[[8087,12296],[-1,-52]],[[8086,12244],[-3,-96],[10,-7]],[[8010,12143],[-28,73]],[[7982,12216],[-95,237]],[[7887,12453],[107,-4]],[[6712,11772],[86,16],[17,13]],[[6815,11801],[27,-76]],[[6842,11725],[21,-61]],[[6863,11664],[17,-44],[98,38]],[[6740,11661],[-32,61]],[[6708,11722],[4,50]],[[10373,13115],[-1,5]],[[10372,13120],[504,1],[336,-14]],[[11212,13107],[0,-258]],[[10372,12865],[1,250]],[[9545,7454],[33,-30],[68,-31],[77,-27],[20,-11],[56,-57]],[[9799,7298],[71,-77],[115,-100],[49,-38],[36,-17],[51,-14],[93,-20],[42,-15],[67,-54],[52,-59]],[[10375,6904],[-1,-113]],[[9513,7302],[6,46],[26,106]],[[6324,13080],[134,-108],[87,-51],[119,-76],[30,-29],[40,-59],[38,-72],[5,-25],[246,5]],[[7023,12665],[123,2]],[[7146,12667],[49,0]],[[7195,12667],[-5,-41]],[[7190,12626],[-13,-102]],[[7177,12524],[-15,-125]],[[7162,12399],[-16,-123]],[[7146,12276],[-17,-129]],[[7074,12210],[-71,87]],[[7003,12297],[-33,35],[-137,-140]],[[6803,12161],[-24,24],[29,29],[-30,30],[-89,-90],[56,-51]],[[6745,12103],[-6,-10],[-27,-321]],[[6708,11722],[-77,152],[-228,210]],[[6403,12084],[-4,10],[18,82],[-3,57],[-18,62],[-44,77],[-37,48],[-54,47]],[[6261,12467],[-54,142],[-10,157],[41,175],[86,139]],[[6867,12158],[136,139]],[[6745,12103],[57,58]],[[6827,11810],[-12,-9]],[[6663,13326],[49,40],[120,58]],[[7026,13347],[-86,-61],[29,-44],[16,11],[88,-132],[77,41]],[[7219,13144],[-77,0],[-125,-71],[-85,-57],[-13,12],[-256,298]],[[7257,13144],[-44,-334]],[[7213,12810],[-9,-74]],[[7204,12736],[-9,-66]],[[7195,12670],[0,-3]],[[7146,12667],[6,38],[-83,-1],[-17,47]],[[7052,12751],[-3,82],[-72,-2],[16,-77],[7,-16]],[[7000,12738],[23,-73]],[[6324,13080],[166,146],[153,77],[20,23]],[[7242,11142],[38,0]],[[8205,12668],[43,0]],[[8248,12668],[-3,-108]],[[8245,12560],[-2,-54]],[[8243,12506],[-1,10],[-153,0]],[[8089,12516],[1,43],[21,64],[1,42]],[[7991,12402],[99,-5]],[[8090,12397],[-3,-101]],[[7999,12579],[-5,-130]],[[7887,12453],[-32,86]],[[7855,12539],[34,-1],[1,21],[-30,0],[-9,22],[148,-2]],[[7146,12276],[104,2]],[[7250,12278],[57,2]],[[7307,12280],[0,-16]],[[7307,12264],[0,-62]],[[7307,12202],[0,-53]],[[9406,11730],[34,-5],[106,3],[-12,-27],[3,-104],[39,1],[-6,244],[-1,86]],[[9569,11928],[174,0],[0,41]],[[9743,11969],[13,38],[38,-71],[1,-25],[21,-28],[34,-13],[29,-20],[25,0],[0,117]],[[9904,11967],[269,2],[91,-7],[7,10],[100,-7]],[[9693,11492],[-91,-27],[-194,-53]],[[9408,11412],[0,139]],[[9785,13143],[114,-25]],[[9981,12907],[-118,0]],[[9863,12907],[-4,133],[-91,2],[-1,47],[19,5],[-1,49]],[[7191,5341],[-74,-74],[-51,-89],[-22,-57],[-44,-122],[-33,-88],[-39,-73],[-28,-32],[-124,-83],[-37,-37],[-63,-98],[-24,-19]],[[7426,5326],[7,-327]],[[7433,4999],[-1,-15]],[[7433,4999],[60,1],[36,-26],[75,-88],[51,-45],[30,-35],[20,-9],[70,-3],[-13,49],[-70,122],[-18,37],[111,4],[384,10],[0,-316],[-2,-89],[114,0],[19,7],[98,1]],[[7395,5555],[14,16],[7,47],[96,-29],[25,7],[59,39],[95,-25],[125,9],[73,33],[25,6],[190,2],[155,-1],[22,7],[112,85]],[[7151,6032],[344,4]],[[8196,6031],[202,-2]],[[13833,15075],[29,-25],[17,-4],[20,20],[18,34],[34,26],[32,-9],[19,-14],[0,-32],[61,24],[19,-2],[4,35],[24,-4],[-4,-24],[23,-12],[-10,-34],[34,14],[12,-4],[-11,-39],[10,-7],[39,30],[21,27],[54,52],[-41,20],[14,25],[26,-2],[15,16],[4,-198],[-1,-357]],[[14295,14631],[-177,7],[-281,7],[-4,347],[0,83]],[[5943,14308],[-117,-3]],[[6173,13626],[173,2],[171,4],[168,2],[114,0],[25,12],[34,40],[16,28],[42,8],[22,-11],[52,-1]],[[6990,13710],[40,-9],[18,5],[67,-3]],[[7115,13703],[0,-76]],[[6324,13080],[-44,34]],[[6280,13114],[-18,14]],[[6262,13128],[-126,100],[-124,75],[-165,93]],[[5847,13396],[-6,225]],[[6185,14678],[569,-285],[96,-75],[162,-172],[50,-126],[20,-110],[33,-207]],[[6990,13710],[-21,122],[-2,37],[15,76],[-8,52],[-25,49],[-32,4],[-19,19],[-28,-18],[-25,-3],[-22,22],[-27,2],[-29,-8],[-33,7],[-43,1],[-16,18],[-31,11],[-30,-1],[-53,-37],[-29,-1],[-44,12],[-39,4],[-29,16],[-61,-1],[-39,-10],[-94,24],[-60,23]],[[6166,14130],[4,29],[18,24],[3,19],[-3,110]],[[7349,13618],[70,20],[56,20],[129,-9],[77,-19],[66,-57],[24,-9]],[[7483,13460],[-52,60],[-37,52],[-47,29],[2,17]],[[7319,13621],[30,-3]],[[7606,13148],[-69,1],[-171,-5]],[[7366,13144],[8,50]],[[7012,11080],[58,-5],[20,14]],[[7090,11089],[26,-37]],[[7078,11025],[-57,-40]],[[7021,10985],[-67,99]],[[7109,10938],[-38,-27]],[[7071,10911],[-25,37]],[[7046,10948],[-25,37]],[[7046,10948],[-40,-28],[-25,36],[-37,-26]],[[6851,10942],[0,143]],[[7071,10911],[50,-72]],[[7121,10839],[-22,-16]],[[7099,10823],[-19,-13]],[[7205,10626],[78,55]],[[7283,10681],[20,-29],[12,-3]],[[7315,10649],[-85,-59]],[[7230,10590],[-25,36]],[[7315,10649],[17,-4]],[[7332,10645],[-26,-108]],[[7296,10494],[-66,96]],[[7076,10617],[37,-42],[15,-3],[25,18]],[[7153,10590],[15,10]],[[7168,10600],[37,26]],[[6935,11804],[-87,-50],[-17,45]],[[6863,11664],[109,42]],[[7164,11429],[1,-44]],[[7165,11385],[-2,-22]],[[7163,11363],[-42,0],[2,21],[-41,-1]],[[7082,11383],[-42,0]],[[7071,11272],[2,22],[21,0]],[[7094,11294],[21,1]],[[7115,11295],[-9,-101],[3,-39]],[[7109,11155],[-45,-5]],[[7064,11150],[7,122]],[[7270,11387],[0,43]],[[7336,11388],[0,-43]],[[7336,11345],[-70,-1]],[[7266,11344],[4,43]],[[7336,11345],[0,-90]],[[7281,11254],[-13,0]],[[7268,11254],[-9,10],[7,80]],[[7268,11254],[-38,-1]],[[7194,11252],[8,90],[64,2]],[[7494,11386],[2,-39]],[[7496,11347],[-160,-2]],[[7496,11347],[2,-18]],[[6218,4995],[-44,6],[-446,2],[-610,-1],[-55,-2]],[[3689,4359],[-39,-58],[-20,-39]],[[3630,4262],[-14,-26],[-5,-37],[-80,0],[-72,-81],[0,-18],[136,0],[-14,-85]],[[4281,4339],[-55,-104],[-111,-138]],[[4115,4097],[-168,1],[-46,28],[-187,-1],[-8,-3],[1,111],[-61,27],[-16,2]],[[4052,4020],[63,77]],[[7195,7538],[17,-29],[3,-34]],[[7215,7475],[-66,-76],[-43,-36],[52,-68],[-73,-68],[-5,-15]],[[7080,7212],[-36,24],[-37,51],[-110,-98]],[[6897,7189],[-10,61]],[[7618,11725],[27,-1],[51,19],[39,0],[44,-11]],[[7772,11433],[-62,51],[-9,46],[17,30],[30,23],[7,37],[-20,44],[-28,16],[-20,25],[-38,4],[-17,-11],[-55,-54],[-21,-47],[-36,-20]],[[7487,11809],[137,0],[50,-3],[-5,14]],[[7669,11820],[22,-1]],[[7488,11792],[-1,17]],[[7309,11705],[107,0]],[[7309,11727],[4,82]],[[7313,11809],[174,0]],[[9221,7601],[-92,15],[-221,40]],[[8908,7656],[-130,23],[-79,16]],[[8699,7695],[-1,183]],[[7724,11129],[30,-5]],[[7754,11124],[148,-1]],[[7902,11123],[0,-57]],[[7824,11067],[-50,1],[1,-29],[-51,1]],[[7724,11040],[0,89]],[[8275,11120],[48,2]],[[8323,11122],[30,0],[0,-75],[33,18]],[[8386,11065],[0,-57]],[[8386,11008],[-1,0]],[[8385,11008],[-66,-1]],[[8319,11007],[-43,-3]],[[8276,11004],[-1,116]],[[7824,10910],[-36,1],[0,42],[-63,1]],[[7725,10954],[0,62]],[[7725,11016],[-1,24]],[[7914,11423],[1,-92]],[[7915,11331],[-14,-39]],[[7823,11294],[-25,1]],[[8385,11008],[-3,-118]],[[8382,10890],[-64,-13]],[[8318,10877],[1,130]],[[8226,10977],[17,9]],[[8243,10986],[0,-122]],[[8243,10864],[-17,-3],[-79,1]],[[8147,10862],[0,71],[79,44]],[[8537,11008],[34,1]],[[8650,11007],[-1,-68]],[[8649,10939],[-87,-16],[0,50],[-25,0]],[[8537,10973],[0,35]],[[8401,10805],[38,7],[2,89]],[[8441,10901],[96,18],[0,54]],[[8647,10751],[-61,-14],[-32,-13]],[[8554,10724],[-17,3]],[[8537,10727],[-12,3],[-126,-22]],[[8399,10708],[2,97]],[[8441,11008],[37,0]],[[8478,11008],[59,0]],[[8441,10901],[-1,-1]],[[8440,10900],[1,108]],[[7725,10870],[99,-2]],[[7860,10867],[22,0]],[[7882,10867],[0,-85],[-41,-24]],[[7725,10691],[0,9]],[[7724,11232],[97,-3]],[[7825,11176],[-71,1],[0,-53]],[[7724,11129],[0,103]],[[8223,11307],[0,-189]],[[8223,11118],[-35,0]],[[8188,11118],[-1,184]],[[8188,11118],[-44,1]],[[7725,10870],[0,84]],[[8404,11309],[18,0]],[[8422,11309],[0,-94]],[[8422,11215],[-18,0],[-1,-92],[-17,0],[0,-58]],[[8323,11122],[4,138],[-1,48]],[[8275,11120],[-50,-2]],[[8225,11118],[-2,0]],[[8487,11215],[1,95]],[[8567,11166],[-67,-37]],[[8500,11129],[2,48],[-16,0],[1,38]],[[8478,11008],[-17,21],[1,78],[38,22]],[[8422,11309],[36,1]],[[8487,11215],[-65,0]],[[8441,11008],[-55,0]],[[7975,11121],[-73,2]],[[7902,11123],[-1,52]],[[8139,11119],[6,-31],[-5,-26],[-52,0]],[[8088,11062],[0,5],[-112,1],[-1,53]],[[9677,2674],[2,-242],[-2,-24],[-1,-238],[1,-84],[-10,-67],[-2,-305],[3,-9],[107,-78],[98,-37],[30,-21],[19,-29],[2,-87],[-44,-28],[-17,-53],[18,-45],[57,-43],[6,-12],[7,-109],[35,-29],[41,-21]],[[10027,1113],[-6,-46],[-67,-22],[-36,-7],[-57,3],[-26,-8],[-31,-37],[1,-40],[-15,-13],[-51,4],[-64,38],[-17,-30],[1,-19],[31,-46],[3,-23],[-12,-44],[-25,-17],[-72,20],[-68,10],[-35,-8],[-14,-24],[-5,-40],[4,-41],[-16,-23],[-25,15],[-36,-1],[-48,6],[-93,33],[-23,-18],[9,-22],[41,-15],[41,-26],[22,-31],[3,-28],[-7,-21],[-27,-25],[-37,-21],[-34,-6],[-32,17],[-23,37],[-18,14],[-63,19],[-29,-7],[-43,-24],[-15,-20],[-1,-25]],[[8088,9383],[145,-2]],[[8233,9381],[0,-10]],[[8233,9371],[0,-56]],[[8233,9315],[-1,-57]],[[8232,9258],[-1,-65]],[[8231,9193],[0,-17]],[[8187,9694],[8,-15],[-54,-30],[0,-19],[-51,-1]],[[8235,9603],[-14,27],[-58,-37],[-73,1]],[[8235,9541],[0,-46]],[[8235,9495],[-146,2]],[[8233,9371],[148,-3],[0,35]],[[8381,9403],[45,-1],[0,-67]],[[8426,9335],[-1,-20]],[[8425,9315],[-45,-3],[-147,3]],[[8257,9834],[89,-58]],[[8346,9776],[13,-9]],[[8359,9767],[-62,-63]],[[5244,6128],[181,77],[132,60]],[[8819,10417],[76,-2]],[[8891,10253],[-76,2],[4,162]],[[8148,6554],[46,58]],[[8194,6612],[53,-3],[0,13],[53,-2]],[[8300,6620],[-2,-94],[-14,0],[-1,-58],[99,-11],[29,-10]],[[8411,6447],[50,-14],[23,-16],[-7,-24],[-15,-4],[-25,-29],[0,-32],[-31,-19],[-26,3],[-23,21],[-15,29]],[[8135,6417],[6,120],[7,17]],[[8253,11716],[17,0]],[[8270,11716],[55,1]],[[7471,12670],[176,0]],[[7647,12670],[1,-83]],[[7648,12587],[-129,0],[-12,-2]],[[7507,12585],[-36,85]],[[8502,12648],[151,-12]],[[8653,12636],[-120,-180]],[[8533,12456],[-55,87],[-15,15]],[[8463,12558],[38,66],[1,24]],[[8160,8835],[70,-1]],[[8230,8825],[1,-114]],[[7977,6654],[116,0],[106,-7]],[[8199,6647],[-5,-35]],[[8148,6554],[-17,13],[-155,10]],[[7976,6577],[1,77]],[[9771,10031],[128,-2]],[[9899,10029],[-1,-89],[21,-10]],[[9919,9930],[-162,3]],[[9757,9933],[12,9],[2,89]],[[8760,9470],[26,54],[106,-54],[-27,-55]],[[8865,9415],[-75,40]],[[8790,9455],[-30,15]],[[8902,11625],[77,0],[-1,47],[-10,28],[91,2]],[[9059,11702],[1,-78],[54,0],[-1,-78]],[[9113,11546],[-61,6],[-150,1]],[[8902,11553],[0,72]],[[8017,12906],[-65,0]],[[7952,12906],[-27,24]],[[7925,12930],[5,54],[-9,18],[27,28],[15,38],[21,-8],[13,-25],[-1,-77],[22,0]],[[12335,4690],[25,12],[33,30],[42,8],[68,40],[16,22],[43,12],[24,19],[96,28],[55,67],[14,6],[73,2],[19,20],[-74,228],[21,4],[7,22],[-11,22],[16,14],[39,7],[28,-14],[8,-40],[33,-84],[55,-87],[410,-638],[-34,-10],[-16,-15],[-38,-2],[-44,58],[-38,3],[-17,20],[1,20],[-14,28],[6,21],[-23,21],[-25,50],[-53,24],[-22,34],[-21,-9],[-7,-57],[2,-42],[-14,-32],[-47,-21],[-12,-16],[-48,-17],[-33,-25],[-18,-32],[-27,-3],[-1,46],[-250,-7],[-250,-5]],[[10372,6012],[174,-1]],[[10546,6011],[123,-9],[750,-31]],[[11419,5971],[210,-4]],[[8235,9495],[-1,-10]],[[8234,9485],[-1,-104]],[[7115,11295],[41,0]],[[7156,11295],[-4,-44]],[[7147,11156],[-38,-1]],[[7016,11133],[47,2],[1,15]],[[7138,11122],[-48,-33]],[[9460,13063],[173,1],[22,-2]],[[9655,13062],[0,-154]],[[9655,12908],[-226,-2]],[[9429,12906],[0,45],[31,13],[0,99]],[[7916,10866],[56,0]],[[7972,10866],[0,-141]],[[7972,10725],[-52,-23]],[[7920,10702],[0,102],[-4,62]],[[7841,10667],[79,35]],[[7972,10725],[0,-108]],[[7972,10617],[-79,-24]],[[7973,10296],[13,-2],[136,-73]],[[8122,10221],[-33,-65]],[[8298,10128],[94,183],[5,16],[-1,98]],[[8396,10425],[111,-2]],[[8507,10423],[63,-1]],[[8570,10422],[29,0],[24,9],[19,-11]],[[8642,10420],[-3,-193]],[[8639,10227],[-72,3],[-76,-7],[-1,-30]],[[8490,10193],[-1,-70]],[[8473,10124],[-175,4]],[[7469,10350],[155,-38]],[[7624,10312],[81,-23]],[[7664,10156],[-38,14],[-33,26],[-26,12]],[[7567,10208],[-122,30]],[[7442,12378],[52,0]],[[7494,12378],[-17,-75],[-19,-52],[67,-1]],[[7525,12250],[0,-17]],[[7525,12233],[-70,0]],[[7455,12233],[-3,32]],[[7452,12265],[-5,56]],[[7447,12321],[-5,57]],[[7432,12490],[90,0]],[[7522,12490],[-8,-48]],[[7514,12442],[-20,-64]],[[7442,12378],[-3,37]],[[7439,12415],[-7,75]],[[7525,12250],[0,19]],[[7525,12269],[127,-1],[-2,99]],[[7650,12367],[0,11]],[[7650,12378],[90,1],[0,-12]],[[7740,12367],[0,-99]],[[7737,12204],[-12,28],[-128,0]],[[7597,12232],[-72,1]],[[7307,12401],[0,12]],[[7307,12413],[132,2]],[[7447,12321],[-140,-1]],[[7307,12320],[0,81]],[[7452,12265],[-145,-1]],[[7307,12280],[0,40]],[[7248,12401],[59,0]],[[7250,12278],[-2,123]],[[9656,12401],[13,-96],[28,-3],[39,9],[1,-25]],[[9737,12286],[-123,-28]],[[9614,12258],[-17,-3]],[[9597,12255],[-10,64]],[[9587,12319],[-3,23],[9,23],[-4,21]],[[9589,12386],[-16,26],[-1,74],[59,1],[0,-34],[25,0],[0,-52]],[[9737,12286],[32,7],[1,-133]],[[9770,12160],[-92,0]],[[9678,12160],[-48,2],[-31,14],[21,55],[-6,27]],[[9770,12160],[1,-56],[134,-1]],[[9905,12103],[-1,-136]],[[9743,11969],[-47,7]],[[9696,11976],[-1,25],[-18,87],[1,72]],[[9385,12206],[212,49]],[[9696,11976],[-60,12],[-71,60],[-176,141]],[[9389,12189],[-4,17]],[[9322,12372],[64,4],[36,8],[31,-76],[0,-48],[87,20],[47,39]],[[9385,12206],[-18,111],[-45,55]],[[10194,13917],[72,-1],[84,-20],[22,-1]],[[10372,13895],[0,-141]],[[10372,13754],[0,-97]],[[10372,13657],[-65,-1]],[[9907,14362],[-1,-16]],[[9906,14346],[-2,-191],[3,-194]],[[9907,13961],[1,-41]],[[9908,13920],[-227,1]],[[9681,13921],[1,214],[145,189],[31,38],[49,0]],[[9906,14346],[51,-14],[61,4],[16,-32],[30,-20],[41,-11],[8,-33],[-8,-28],[19,-19],[-23,-28],[26,-21],[-11,-21],[33,-36],[-23,-29],[9,-33],[-47,6],[-97,-12],[-84,-58]],[[9907,14362],[62,1],[57,-15],[55,-32],[105,54],[49,37],[39,62],[99,-7]],[[10373,14142],[-1,-247]],[[8651,11608],[110,1],[0,38],[-48,-1],[-1,20],[45,13],[-1,31],[-25,4],[-1,24],[-76,-2]],[[8654,11736],[0,46]],[[8903,11749],[-1,-124]],[[8902,11553],[0,-3]],[[8902,11550],[-72,-2],[-51,-7],[-1,60],[-127,-2]],[[6207,1443],[1,727]],[[6210,1289],[-2,-266]],[[6208,701],[-60,-4],[-48,1],[-25,22],[5,25],[-11,22],[-31,14],[-26,2],[-25,13],[-14,49],[-30,77],[-38,106],[-12,59],[-14,41],[13,73],[24,75],[1,25],[-16,10],[-18,-23],[-44,-3],[-13,9],[-55,102],[-40,46],[-14,24],[-34,34],[-52,6],[-20,21],[-9,47],[-18,16],[-21,-2],[-41,-33],[-21,-1],[-4,24],[43,56],[15,53],[-2,24],[-30,23],[-49,13],[-11,22],[0,34],[25,49],[4,35],[-13,35],[-19,25]],[[8982,8539],[68,0]],[[9050,8539],[102,0]],[[9152,8539],[296,-3]],[[7472,10832],[8,35]],[[7480,10867],[41,6],[59,-1]],[[7580,10872],[-1,-56],[-27,-112]],[[7442,10705],[30,127]],[[7739,12808],[4,-16],[1,-123]],[[7744,12669],[-97,1]],[[7647,12670],[-1,92]],[[7646,12762],[0,62],[10,0]],[[7737,12149],[-91,0]],[[7646,12149],[-50,1]],[[7596,12150],[1,82]],[[7162,12399],[86,2]],[[8243,12506],[-1,-52]],[[8242,12454],[-153,-1]],[[8089,12453],[0,63]],[[8507,10485],[0,-62]],[[8396,10425],[-1,75],[77,0],[0,-15],[35,0]],[[7270,11387],[-105,-2]],[[8619,9274],[2,81]],[[8621,9355],[0,15]],[[8691,9341],[56,-26]],[[8747,9315],[-5,-201],[-8,-12]],[[8734,9102],[-108,-1],[-20,91]],[[8606,9192],[10,0],[3,82]],[[8424,9254],[1,61]],[[8426,9335],[82,-2]],[[8508,9333],[13,-57]],[[8521,9276],[6,-24],[-35,1],[-1,-56],[-11,-5]],[[8480,9192],[-57,0]],[[8423,9192],[1,62]],[[7882,10867],[34,-1]],[[14309,2643],[-8,-353],[-57,-40],[-23,-30],[-61,8],[-25,16],[-31,-1],[-2,-19],[-34,-16],[-10,21],[-41,-5],[-43,-14],[-7,43],[-18,8],[-27,-23],[-35,16],[-33,-50],[-12,-61],[-48,2],[-55,-6],[-22,-17],[-8,-32],[-58,-7],[-32,3],[-58,-24],[-8,24],[-55,4],[-3,-63],[-18,-30],[-24,-13],[-14,-25],[-51,-26],[-17,-45],[-25,14],[-68,14],[-51,38],[-66,-20],[-25,-30],[-7,-25],[12,-23],[-7,-16],[-54,-4],[-26,18],[-16,-82],[-9,-6],[-37,18],[-49,42],[-42,30],[-35,-11],[25,-46],[-35,-15],[-50,-6],[-6,-24],[-22,-38],[-30,-18],[-24,9],[6,26],[-19,13],[-34,4],[-20,-26],[-6,-38],[-23,-34],[-31,-5],[-45,28],[-20,65],[-34,-7],[-23,-34],[-19,-11],[-28,17],[-62,17],[-4,28],[-20,15],[-39,9],[-22,-3],[-32,-28],[-9,-31],[7,-41],[-35,-21],[-30,9],[-32,20],[-24,32],[-39,23],[-42,-2],[-53,-31],[-43,-39],[-35,-1],[-16,-21],[20,-31],[-47,-18],[-25,-29],[-9,-35],[-32,-20],[-19,3],[-29,33],[-18,5],[-32,-14],[-37,-1],[-34,6],[-29,-21],[-7,-23],[-24,-27],[-12,-26]],[[11564,1442],[-4,0],[0,409],[4,288],[4,510]],[[9113,11546],[47,-6],[45,0]],[[9205,11540],[0,-178]],[[9205,11362],[-53,-8],[-51,-1]],[[9101,11353],[13,7],[-1,82],[22,29],[-4,62],[-18,13]],[[8578,11765],[-14,-9]],[[8518,11812],[0,17]],[[7366,13144],[-109,0]],[[8651,11652],[3,84]],[[13503,10661],[27,9]],[[14059,10778],[-7,-246]],[[7853,12667],[149,-2]],[[8002,12665],[-3,-86]],[[7855,12539],[-49,129]],[[9418,12905],[11,1]],[[9655,12908],[0,-153]],[[9655,12755],[-34,0],[0,-18],[-52,-9],[0,24],[-34,0],[-106,10]],[[9429,12762],[-11,44],[0,99]],[[8424,9254],[-192,4]],[[8423,9192],[-192,1]],[[8503,9354],[11,3],[107,-2]],[[8619,9274],[-98,2]],[[8508,9333],[-5,21]],[[8606,9192],[-66,0]],[[8540,9192],[-51,0]],[[8489,9192],[-9,0]],[[8382,9444],[101,-2],[5,-19]],[[8488,9423],[15,-69]],[[8381,9403],[1,41]],[[8334,9666],[18,-19]],[[8352,9647],[72,-73]],[[8464,9531],[6,-28],[-31,-23],[-21,9],[-34,-8]],[[8384,9481],[-57,59]],[[8382,9463],[2,18]],[[8544,9438],[-56,-15]],[[8382,9444],[0,19]],[[8359,9767],[69,-74],[52,-60]],[[8476,9626],[-68,78],[-56,-57]],[[8391,9829],[20,-20]],[[8346,9776],[45,53]],[[11210,12410],[226,67]],[[11436,12477],[22,-137],[3,-265]],[[9537,11219],[150,-1]],[[9687,11218],[71,-129]],[[9758,11089],[-47,-8],[-128,29],[-49,0]],[[9534,11110],[3,109]],[[8351,9864],[40,-35]],[[10169,10029],[152,1],[51,6]],[[10372,9932],[-202,-3]],[[10170,9929],[-1,100]],[[6943,11783],[14,-38],[-92,-36],[-23,16]],[[14299,5968],[7,-505],[10,-527],[19,-850],[-1,-158]],[[8440,10900],[-58,-10]],[[8765,12628],[141,-11]],[[8906,12617],[0,-69]],[[8906,12548],[-2,-288]],[[8768,12273],[-10,1]],[[8758,12274],[32,82],[-1,81],[-13,62]],[[8776,12499],[-17,64],[6,65]],[[7895,12263],[5,29]],[[7900,12292],[43,-43],[39,-33]],[[8230,8967],[-65,1]],[[8165,8968],[1,27]],[[8166,8995],[-1,78]],[[7567,10208],[-10,-42],[24,-6],[-10,-46]],[[7535,10072],[-17,-72]],[[7307,12202],[150,2]],[[7457,12204],[6,-54]],[[7463,12150],[-2,0]],[[5765,6576],[15,-33],[-15,-48],[1,-33],[26,-48],[35,-17]],[[7500,11895],[-20,0],[6,-73]],[[7486,11822],[1,-13]],[[7163,11363],[-7,-68]],[[7094,11294],[5,46],[-21,0],[4,43]],[[10857,10607],[12,165]],[[10869,10772],[46,-21],[43,-14],[78,-32]],[[11035,10644],[-4,-194],[-174,-2]],[[9403,11926],[166,2]],[[8238,12314],[-4,-121]],[[8234,12193],[-76,1],[1,50],[-31,-1]],[[8128,12243],[1,72],[109,-1]],[[10372,10925],[0,91]],[[8243,10986],[33,18]],[[8318,10877],[-75,-13]],[[8404,11812],[0,41]],[[8404,11853],[0,17]],[[7596,12150],[-133,0]],[[7457,12204],[-2,29]],[[8234,9485],[56,-1],[0,-20],[92,-1]],[[8742,11243],[109,38]],[[8851,11281],[7,-44]],[[8858,11237],[-12,-35],[-107,-1]],[[8739,11201],[3,42]],[[7646,12149],[-4,-58]],[[8075,13496],[27,20]],[[8259,13464],[0,-59]],[[8259,13405],[0,-59]],[[8259,13346],[-1,-56]],[[8258,13290],[-69,0],[-82,-42]],[[9655,13062],[0,103]],[[9655,13165],[35,0],[95,-22]],[[9863,12907],[-39,0]],[[9824,12907],[-169,1]],[[8629,9719],[47,5],[-1,-52],[58,-72],[1,-14],[-40,-82]],[[8694,9504],[-7,4]],[[8036,6856],[4,-34],[28,-5],[101,-93],[36,-9],[-5,-20]],[[8200,6695],[-1,-48]],[[7977,6654],[-17,18]],[[7960,6672],[76,184]],[[9904,11295],[-234,2]],[[7308,12486],[92,0],[32,4]],[[7307,12413],[1,73]],[[7740,12054],[-98,1]],[[7071,11272],[-41,-1]],[[7182,11045],[-13,-10],[25,-37],[-9,-7]],[[7185,10991],[-19,-13]],[[8490,10193],[16,14],[32,2],[0,-17],[28,-1],[-1,-69]],[[8071,8914],[93,-2],[1,56]],[[8077,8833],[-6,81]],[[7724,11232],[0,65]],[[8309,12470],[93,-2]],[[8402,12468],[-1,-128]],[[8401,12340],[-95,-2]],[[8306,12338],[3,132]],[[8125,11885],[5,-22],[24,-53],[35,-94]],[[8160,11717],[-113,2]],[[11040,10901],[-2,-21]],[[10869,10772],[-49,17]],[[8460,9933],[14,14],[37,8],[87,7]],[[8633,9959],[-1,-77]],[[7855,12539],[-9,0],[35,-88]],[[7881,12451],[-121,2],[-21,21]],[[7739,12474],[5,195]],[[7580,10872],[107,-2]],[[7909,10431],[64,-1]],[[7973,10430],[255,-4]],[[8228,10426],[-106,-205]],[[8264,10062],[34,66]],[[8228,10426],[127,-1]],[[8355,10425],[41,0]],[[8572,10541],[43,0]],[[8615,10541],[30,0]],[[8645,10541],[-3,-121]],[[8570,10422],[2,119]],[[8507,10485],[1,56]],[[8508,10541],[64,0]],[[8356,10539],[117,2]],[[8473,10541],[35,0]],[[8355,10425],[1,114]],[[8353,10617],[44,27],[2,64]],[[8537,10727],[-26,-20],[0,-43],[-37,1],[0,-61]],[[8474,10604],[-1,-63]],[[8356,10539],[-14,56],[11,22]],[[8197,10671],[139,26]],[[8336,10697],[63,11]],[[8353,10617],[-104,-62],[-46,-41],[-5,48],[-1,109]],[[8554,10724],[-2,-121]],[[8552,10603],[-78,1]],[[7510,10523],[215,94]],[[7725,10542],[-227,-69]],[[7252,10989],[1,-82]],[[7253,10907],[-11,0],[-57,84]],[[8665,12904],[54,5],[107,2]],[[8826,12911],[195,3],[0,-22],[-24,0],[-10,-229],[-6,-53]],[[8981,12610],[-47,3]],[[8934,12613],[-54,47],[-24,32],[-191,212]],[[8604,12454],[124,1],[-1,43],[49,1]],[[8758,12274],[-90,8]],[[8668,12282],[-50,4],[-14,-7]],[[8604,12279],[0,175]],[[8903,11928],[91,0]],[[8994,11928],[65,0]],[[9059,11928],[1,-98]],[[9060,11830],[-143,-2],[-11,-2]],[[8696,11042],[53,-1],[17,15]],[[8766,11056],[0,-107]],[[8696,10943],[0,99]],[[9899,10029],[73,-1]],[[9972,10028],[197,1]],[[10170,9929],[-91,-1],[-160,2]],[[8071,8914],[-7,76],[72,0],[30,5]],[[10372,7348],[0,-64],[5,-96],[-2,-284]],[[9799,7298],[107,-1],[102,12],[353,39],[11,0]],[[9682,13696],[32,16],[53,35]],[[9655,13165],[17,167],[9,101],[2,164],[-1,99]],[[10372,13657],[0,-108]],[[10372,13549],[0,-175]],[[10372,13374],[0,-254]],[[10373,13115],[-43,-5],[-192,2]],[[9655,12755],[-1,-141]],[[9654,12614],[-231,3]],[[9423,12617],[5,19],[-5,44],[6,82]],[[9280,12908],[33,0]],[[9313,12908],[105,-3]],[[9423,12617],[-22,0]],[[9401,12617],[-77,-14],[-81,0]],[[9243,12603],[3,13],[-15,38],[1,43],[-78,-10],[-2,55],[14,47],[27,40],[14,32],[47,-6],[23,34],[3,19]],[[8642,13925],[272,-1],[263,3]],[[9177,13710],[-128,5],[-116,-7]],[[8933,13708],[-61,-13],[-62,-25],[-74,-49]],[[8652,13623],[0,48],[-10,254]],[[8642,13925],[-2,240]],[[8566,14404],[-9,-1]],[[8557,14403],[3,14],[-11,34],[-24,31],[-10,60],[16,48],[27,29],[42,32],[42,15],[48,-8],[173,11],[69,-16],[64,-11],[16,2],[56,31],[32,40],[27,23]],[[8642,13925],[-146,2],[-31,4]],[[8149,13818],[39,43],[19,40],[-20,91],[-3,46],[-11,25],[-34,48],[-34,63],[-16,62],[19,52],[35,26],[42,7],[73,-3],[143,3],[119,46],[37,36]],[[8322,13404],[-63,1]],[[8826,12911],[14,25],[20,76],[18,25],[41,14],[29,0],[-9,-31],[147,-2],[1,74],[62,1],[0,-80],[131,1]],[[9280,13014],[-5,-35],[-17,-32],[20,-23],[2,-16]],[[9243,12603],[-67,1]],[[9176,12604],[-149,2],[-46,4]],[[9242,12516],[38,-37],[42,-107]],[[9385,12206],[-91,-21]],[[9294,12185],[0,33],[-13,9],[-46,-1],[-26,11],[-18,58],[-2,74],[-8,128],[61,19]],[[8906,12617],[11,-1]],[[8917,12616],[62,-62],[147,-158],[32,-43],[23,-48],[9,-35],[12,-105]],[[9202,12165],[-34,-7],[-102,32]],[[9066,12190],[-66,29]],[[9000,12219],[-4,2]],[[8996,12221],[1,130],[63,-1],[23,-6],[33,6],[12,11],[-87,93],[-19,-20],[-24,32],[0,34],[-47,48],[-45,0]],[[8996,12221],[-92,39]],[[8767,12011],[-95,2]],[[8672,12013],[13,54],[-10,56],[3,51],[-8,48],[-2,60]],[[8577,11933],[-8,25],[0,53],[103,2]],[[8484,12214],[23,12]],[[8507,12226],[97,53]],[[10103,10999],[269,59]],[[10373,10825],[-176,-8],[-18,5],[-82,50],[-29,12],[-123,-8],[-57,24],[-40,1]],[[9848,10901],[-14,76],[-20,28]],[[9814,11005],[133,-21],[67,-1],[89,16]],[[10372,10684],[-80,1],[-62,-11],[-54,12]],[[10176,10686],[-181,1],[2,101]],[[9997,10788],[1,56],[-149,1],[-1,56]],[[8899,10792],[-4,-45],[6,-38],[-4,-52]],[[8897,10657],[-67,0]],[[8830,10657],[0,18],[-94,1],[1,90]],[[8645,10541],[1,136]],[[8646,10677],[9,0],[-1,-105],[46,-29],[84,32],[1,50],[45,-1],[0,33]],[[8897,10657],[-3,-35],[-2,-120]],[[8892,10502],[3,-87]],[[8819,10417],[-177,3]],[[8646,10677],[1,74]],[[9702,7498],[79,-1],[1,101],[18,0],[26,-21],[33,-1],[-4,38],[-22,5],[13,46],[17,10],[1,55],[25,5],[-4,32]],[[10375,7715],[-3,-68],[0,-299]],[[9545,7454],[12,43],[31,3],[114,-2]],[[9702,7498],[-38,64],[17,29],[-2,30]],[[9679,7621],[-1,88],[-97,-23],[-22,-9],[-12,50],[-4,37]],[[9435,7561],[115,-1],[21,-3],[9,69],[92,2],[7,-7]],[[8851,11281],[49,17]],[[8900,11298],[87,29]],[[8987,11327],[11,-31],[0,-75]],[[8998,11221],[-98,0]],[[8900,11221],[-24,0],[-18,16]],[[8735,11159],[4,42]],[[8900,11221],[-1,-130]],[[8899,11091],[-1,-37]],[[8898,11054],[-132,2]],[[8696,11042],[1,14],[36,90],[2,13]],[[9205,11362],[52,9],[151,41]],[[9408,11412],[0,-118]],[[9365,11291],[-152,-14],[-7,5],[-1,80]],[[8987,11327],[73,26],[41,0]],[[9119,11220],[-121,1]],[[8899,11091],[109,-3]],[[8899,10973],[-1,81]],[[9406,11100],[128,10]],[[9758,11089],[56,-84]],[[9814,11005],[-41,-2],[-368,-59]],[[9997,10788],[-16,3],[-46,-35],[-55,0],[6,-28],[-6,-18],[-22,-7],[-37,17],[-14,-9],[-19,-40],[-5,-44]],[[9783,10627],[5,-61],[-16,-30],[-21,6],[-5,39],[-24,1],[-48,-29],[-86,-2],[-20,-23],[-16,-76],[-16,-7],[-10,26],[-45,-7],[-32,-29],[-46,-26]],[[9403,10409],[-3,29],[2,139]],[[10175,10603],[1,83]],[[10372,10319],[-204,-3]],[[10168,10316],[0,109],[6,37],[1,141]],[[10175,10603],[-197,2],[-41,4],[-95,16],[-59,2]],[[9930,10322],[34,-5],[204,-1]],[[10168,10316],[2,-159]],[[10170,10157],[-67,5],[-73,-2],[-1,-77],[-56,-1],[0,-10]],[[10170,10157],[-1,-128]],[[9972,10028],[1,20]],[[10372,10319],[0,-134]],[[9771,10031],[-72,2]],[[9699,10033],[2,80],[9,8]],[[9669,10352],[9,0]],[[9699,10033],[-181,6],[-35,-2],[-65,-45],[-13,-3],[-2,-47]],[[9403,9942],[-86,3]],[[9317,9945],[3,7],[140,167],[107,82],[102,151]],[[9757,9933],[-137,3]],[[9620,9936],[-118,3]],[[9502,9939],[-99,3]],[[9187,10627],[-81,-32],[-5,-86],[-66,1],[0,-9]],[[9035,10501],[-143,1]],[[9173,10408],[-21,-49],[-36,-41],[-45,-30]],[[9023,10344],[2,67],[8,0],[2,90]],[[8986,10305],[1,107],[-74,2]],[[9325,10401],[8,0],[-139,-159],[-122,5]],[[9403,10409],[-57,-38],[-34,-40],[-1,-14],[23,-52],[17,-8],[21,31],[17,-5],[10,-22],[-14,-36],[-34,-13],[-23,-26]],[[9328,10186],[-19,-9],[-35,14],[-31,-20],[7,-28],[-27,10],[-10,27],[-35,2],[-32,-20],[0,-45],[-20,-15],[-12,23],[-28,19],[-83,-17],[-25,7],[-29,27],[-16,-5],[0,-24],[-21,-27]],[[8912,10105],[-63,9]],[[8850,9951],[79,-31],[164,-185],[28,-25],[-281,9]],[[8840,9719],[5,169],[5,63]],[[8849,10114],[3,-85],[-2,-78]],[[8850,9951],[-55,11],[-20,-8],[-4,-153],[11,-59]],[[8782,9742],[-27,11]],[[8755,9753],[-94,39],[-31,18]],[[8755,9753],[-5,-278]],[[8750,9475],[-56,29]],[[8782,9742],[58,-25]],[[8840,9717],[283,-118]],[[9123,9599],[-40,-14],[-7,-43],[-17,-41]],[[9059,9501],[-105,65],[-79,-158]],[[8875,9408],[-10,7]],[[8760,9470],[-10,5]],[[9003,9374],[56,127]],[[9123,9599],[9,42],[29,58],[12,-4],[111,1],[-2,-71],[119,-2]],[[9401,9623],[4,-141]],[[9405,9482],[4,-115]],[[9327,9368],[-324,6]],[[9003,9374],[-80,1],[-48,33]],[[9081,9138],[-46,-2]],[[9035,9136],[-24,43],[-182,98]],[[8829,9277],[2,21],[-21,126],[-21,16],[1,15]],[[8829,9277],[-82,38]],[[9405,9482],[75,-17],[596,-80],[49,-7]],[[10125,9378],[-1,-24]],[[10124,9354],[-37,8],[-164,-1],[-246,3]],[[9677,9364],[-268,3]],[[8643,9033],[90,-3],[1,72]],[[9035,9136],[5,-34],[19,-77],[11,-29],[48,-74]],[[9118,8922],[30,-42]],[[9148,8880],[-139,1]],[[9009,8881],[-224,4],[-3,-35],[-12,-34],[-33,-51],[-33,-30]],[[8704,8735],[-26,123]],[[8678,8858],[-16,76],[0,20],[-19,79]],[[9417,9153],[5,-111]],[[9422,9042],[9,-121]],[[9431,8921],[-313,1]],[[9148,8880],[121,-174]],[[9269,8706],[9,-14],[-114,-134],[-12,-19]],[[9050,8539],[-6,21],[36,23],[15,33],[-12,45],[26,21],[-18,16],[2,28],[-11,16],[-1,32],[-18,14],[-7,42],[-27,16],[-20,35]],[[9269,8706],[8,3],[169,0]],[[9446,8709],[117,0]],[[9563,8709],[110,0]],[[9673,8709],[0,-174]],[[9431,8921],[132,-2]],[[9563,8919],[0,-210]],[[9446,8709],[-15,212]],[[7991,9065],[10,-63],[-3,-162],[1,-96]],[[7999,8744],[-50,18],[-48,-2],[-31,-12]],[[7927,8561],[-109,5]],[[8442,7746],[257,-51]],[[8699,7695],[-6,-82],[-12,-327],[-3,-56],[-3,-175]],[[8675,7055],[-13,0]],[[8662,7055],[-155,167],[-58,52],[-20,31]],[[8429,7305],[2,114],[11,327]],[[8019,7476],[122,63],[85,59],[1,27]],[[8231,7789],[124,-26]],[[8355,7763],[-17,-84],[-17,-48],[-34,-54],[-96,-103],[-99,-158]],[[8092,7316],[-42,6],[-88,-13],[-196,0]],[[8122,8192],[22,3],[88,0]],[[8232,8195],[0,-2]],[[8232,8193],[1,-157],[-2,-247]],[[8208,7790],[-65,181],[-6,38],[-15,183]],[[8103,8193],[19,-1]],[[7971,7792],[-243,2]],[[7728,7794],[-93,0],[-25,7],[25,42],[76,94],[48,69],[42,56],[30,53],[8,73],[34,23],[54,1]],[[7770,8435],[78,1],[-3,-70],[9,0],[44,-41],[-15,-14],[-112,-1],[-1,125]],[[7728,7794],[-22,-20]],[[7706,7774],[-157,-147]],[[7549,7627],[-27,60],[-21,58],[-21,-8],[-11,38]],[[7867,6448],[-21,-32],[-91,-101]],[[6791,6031],[26,26],[19,31],[30,26],[-9,52],[9,17],[86,89],[51,18],[49,35],[6,17],[226,126],[35,13],[39,0],[174,-33],[114,3],[154,-3],[67,0]],[[8364,7311],[62,-1],[3,-5]],[[8662,7055],[-38,-42],[-20,17],[-86,1],[0,-82],[27,0],[14,-13],[-42,-50],[-28,-16],[-24,4],[-47,-16]],[[8418,6858],[-105,-71],[-42,-35]],[[8271,6752],[-71,-57]],[[8418,6858],[-7,-411]],[[8300,6620],[40,-1],[2,124],[-65,1],[-6,8]],[[7959,6324],[-13,0],[18,47],[10,-5],[2,211]],[[7867,6448],[60,146]],[[7927,6594],[33,78]],[[7831,6684],[56,-21],[-1,37],[3,291],[4,6]],[[7927,6594],[-19,-13],[-75,0],[-2,103]],[[9648,11290],[39,-72]],[[9537,11219],[0,18],[-59,0],[1,17],[91,-1],[0,17],[25,0],[0,20],[-16,17],[59,0]],[[9059,11928],[147,0]],[[9206,11928],[4,-34],[-4,-59]],[[9206,11835],[-143,-5]],[[9063,11830],[-3,0]],[[9206,11835],[-3,-35],[2,-260]],[[9059,11702],[0,62],[4,66]],[[9205,11540],[66,6]],[[8900,11298],[2,252]],[[9206,11928],[115,0]],[[8742,11243],[-93,-32]],[[8735,11159],[-84,-2]],[[8792,13407],[17,-10],[25,14],[37,-10],[25,12],[25,-25],[37,-23],[-7,-34],[15,-21]],[[8966,13310],[29,-27],[30,-3],[38,-20],[38,3],[13,-9],[56,3]],[[9170,13257],[27,1],[35,-20],[36,-39],[-10,-27],[18,-22],[3,-24],[-27,-29],[-2,-39],[8,-9],[32,5],[4,-14],[-14,-26]],[[8665,12904],[-67,74]],[[8598,12978],[21,42],[27,32],[10,32],[0,76],[-4,242]],[[9177,13680],[-8,-414]],[[9169,13266],[1,-9]],[[8966,13310],[22,39],[6,27],[-4,27],[-49,71],[-18,66],[0,75],[12,61],[-2,32]],[[9242,13263],[33,10],[-2,28],[147,10],[3,12],[54,3],[3,-47],[47,3],[25,-15],[5,-14],[-6,-88]],[[9551,13165],[-254,-3],[-6,29],[-21,19],[-28,53]],[[9640,13672],[42,24]],[[9655,13165],[-104,0]],[[9242,13263],[-12,7]],[[9230,13270],[9,24],[0,42],[83,63],[53,77],[101,82],[20,20],[90,39],[54,55]],[[9322,13680],[101,1],[26,-13],[191,4]],[[9230,13270],[-61,-4]],[[9460,13063],[-32,16],[-38,0],[2,-13],[-40,1],[-10,8],[-48,2],[22,-86],[3,-41],[-6,-42]],[[8258,13216],[0,74]],[[8259,13346],[241,-255]],[[8500,13091],[98,-113]],[[8934,12613],[-17,3]],[[8765,12628],[-112,8]],[[8502,12648],[4,190],[42,31]],[[8548,12869],[6,5],[37,90],[-53,40],[-73,69],[-32,58],[-46,40],[-32,20],[-38,6],[-60,-32]],[[8392,12788],[20,8],[-7,19],[8,26],[31,22],[0,11],[104,-5]],[[8502,12648],[-102,8]],[[8400,12656],[2,110],[-10,22]],[[8392,12788],[-25,0],[-25,-12],[3,126],[-91,0]],[[8400,12656],[-152,12]],[[8248,12668],[4,137]],[[8400,12656],[3,-55],[-1,-133]],[[8309,12470],[-30,0],[3,89],[-37,1]],[[8401,12340],[0,-88]],[[8401,12252],[0,-84]],[[8302,12135],[4,203]],[[8238,12314],[1,25]],[[8239,12339],[67,-1]],[[8233,12137],[1,56]],[[8240,12393],[2,61]],[[8239,12339],[1,54]],[[8402,12468],[38,-3],[-1,42],[24,51]],[[8533,12456],[-52,-80]],[[8481,12376],[-80,-124]],[[8604,12454],[-71,2]],[[8507,12226],[-24,46],[19,5],[39,37],[-16,21],[-44,41]],[[9176,12604],[66,-88]],[[9294,12185],[-92,-20]],[[10057,11216],[-370,2]],[[10163,11124],[-1,-49],[-19,21],[-39,0],[-1,-97]],[[10373,11214],[-131,1],[0,62]],[[10373,11123],[-197,1]],[[9677,9364],[-1,-160]],[[9676,9204],[-67,28],[-19,4],[-125,3],[-51,-12]],[[10124,9354],[-6,-41],[0,-56],[-108,-33]],[[10010,9224],[-112,-44],[-55,-16],[-42,-5],[-86,24],[-39,21]],[[8745,8546],[-41,189]],[[8643,9033],[-65,1]],[[8578,9034],[-4,14]],[[8574,9048],[-34,144]],[[8678,8858],[-27,0],[0,-18],[-34,1]],[[8617,8841],[-19,89],[0,21],[-20,83]],[[8466,9048],[108,0]],[[8617,8841],[2,-8],[-159,-3]],[[8340,9078],[71,29],[11,-1],[-2,-138],[16,-40],[28,4],[2,116]],[[8466,9048],[1,37],[22,48],[0,59]],[[8704,8735],[-166,-101]],[[8538,8634],[-78,196]],[[8681,8547],[-111,4]],[[8570,8551],[-32,83]],[[8570,8551],[-322,9]],[[8265,8378],[0,-36],[-18,0],[1,-91]],[[8248,8251],[-16,0],[0,58],[-120,1],[-6,73]],[[8248,8251],[-1,-57],[-15,1]],[[7954,7559],[26,29],[-2,27],[-44,6],[-44,17],[-38,9],[0,18],[-46,30],[-100,79]],[[7215,7475],[78,-87]],[[7293,7388],[-188,-176]],[[7105,7212],[-25,0]],[[6965,7076],[140,136]],[[7293,7388],[59,-79],[-5,-188],[7,-30],[52,-54]],[[7406,7037],[-66,-50],[-44,-45]],[[7296,6942],[-120,2],[-149,60],[-19,13],[-43,59]],[[7725,13149],[18,-38],[43,24],[37,6],[151,0],[49,5]],[[7925,12930],[-84,69],[-84,77],[-10,-66],[-2,-102]],[[7649,13045],[-43,103]],[[7952,12906],[-4,0]],[[7948,12906],[-136,1]],[[7852,12725],[37,6],[55,-2],[4,177]],[[8240,12393],[-150,4]],[[8090,12397],[-1,56]],[[7740,12367],[8,0]],[[7748,12367],[-1,-38],[111,-3],[5,5]],[[7863,12331],[37,-39]],[[8128,12243],[-42,1]],[[7881,12451],[16,-40],[-105,2],[71,-82]],[[7748,12367],[0,21]],[[7748,12388],[-11,26],[2,60]],[[7379,13009],[-13,135]],[[7405,12761],[241,1]],[[7471,12670],[-57,0]],[[7414,12670],[-6,67]],[[7408,12737],[-3,24]],[[7405,12761],[-8,89]],[[7748,12388],[-32,0],[1,79],[-33,28],[-34,1]],[[7650,12496],[-2,91]],[[7514,12442],[33,10],[69,0],[11,-11],[-10,-30],[-36,0],[-1,-22],[70,-1],[0,108]],[[7650,12378],[-156,0]],[[7522,12490],[-2,64],[-13,31]],[[7432,12490],[-9,92]],[[7423,12582],[-9,88]],[[7396,12855],[-88,-1],[0,-40],[-95,-4]],[[7408,12737],[-204,-1]],[[7414,12670],[-184,2],[-35,-2]],[[7423,12582],[-115,2]],[[7308,12584],[0,37],[-87,1],[-31,4]],[[7308,12504],[0,80]],[[7308,12486],[0,18]],[[7245,12503],[63,1]],[[7248,12401],[-3,102]],[[7177,12524],[68,0],[0,-21]],[[7000,12738],[52,13]],[[12577,11344],[4,120],[-3,88],[6,37],[73,0],[3,206],[52,-15],[10,-48],[24,11],[47,-4],[3,-91],[-2,-48],[60,14],[16,-31],[57,-12],[-23,37],[-18,-10],[-12,20],[155,34],[9,-79],[3,-82],[10,-93],[6,-108],[-262,-8],[-2,93],[-216,-33],[0,2]],[[6965,7076],[-30,29],[-38,84]],[[9403,11926],[-6,28],[0,195],[-8,40]],[[10372,13754],[104,-1],[19,-30],[14,11],[33,-2],[85,-48],[19,-5],[49,2],[88,-9],[15,-23],[35,-14],[33,-51],[116,-26],[54,8],[27,-32],[45,0],[15,13]],[[11124,13477],[-27,11],[-144,11]],[[10953,13499],[-258,23],[-186,13],[-6,3],[-131,11]],[[5847,13396],[-55,39],[-27,33],[-58,117],[-97,201],[-166,343],[-15,45],[-8,76]],[[7128,10951],[50,-73]],[[7178,10878],[-57,-39]],[[7253,10907],[1,-16]],[[7254,10891],[1,-55]],[[7255,10836],[-29,-32]],[[7226,10804],[-25,37]],[[7201,10841],[-23,37]],[[11307,7555],[80,31],[79,26]],[[11626,7428],[-6,-594],[-4,-650],[-1,-172],[14,-45]],[[11419,5971],[-5,96],[-9,13],[-40,30],[5,386],[1,251],[-162,5],[88,230],[-46,57],[-67,35],[-67,6],[9,33],[-25,36],[-48,31],[27,21],[35,98],[12,76],[42,28],[52,24],[26,22],[16,26],[10,52],[34,28]],[[11461,7897],[2,126]],[[7307,10891],[-53,0]],[[7571,12054],[-1,-71]],[[7570,11983],[2,-88]],[[7572,11895],[-1,-74],[-85,1]],[[7572,11895],[43,0]],[[7615,11895],[-3,-74],[57,-1]],[[7570,11983],[170,-2]],[[7692,11894],[-77,1]],[[9385,14751],[30,-15],[41,-4],[100,12],[36,27],[12,19],[22,60],[-1,12],[61,80],[25,82],[17,29],[26,28],[48,18],[42,25],[17,3],[55,-17],[38,-42],[20,-50],[25,-11],[33,18],[20,25],[30,7],[41,-20],[35,4],[24,40],[4,48],[8,14],[29,4],[46,-9],[60,5],[44,-13]],[[9681,13921],[-165,4],[-110,-139]],[[9681,13921],[1,-225]],[[7485,10888],[-5,-21]],[[7472,10832],[-69,0]],[[7403,10832],[13,57]],[[7548,11138],[36,0]],[[7584,11138],[-2,-136]],[[7582,11002],[-2,-130]],[[11436,12477],[240,69]],[[11676,12546],[206,61]],[[11882,12607],[-2,-161],[-4,-114],[253,-11],[5,139],[165,-2],[86,-39]],[[12385,12419],[-3,-234],[-4,-33],[-1,-94]],[[7582,11002],[47,-2],[0,17],[96,-1]],[[12385,12419],[6,191],[1,90]],[[12392,12700],[90,43],[251,124],[84,40],[224,111],[54,13],[144,-1],[161,13]],[[13400,13043],[84,7],[-3,-292],[-7,-514],[-6,-187]],[[13468,12057],[-128,-2],[-286,0],[-136,-1],[-456,7],[-85,-3]],[[11884,7443],[83,-164],[51,-92],[71,15],[82,3],[203,-14]],[[7099,10823],[26,-37],[76,55]],[[7226,10804],[-17,-13]],[[7209,10791],[-78,-55]],[[7209,10791],[19,-40]],[[7228,10751],[-72,-51]],[[7156,10700],[-25,36]],[[7137,10686],[19,14]],[[7156,10700],[24,-37],[78,55]],[[7258,10718],[25,-37]],[[7168,10600],[-25,36],[19,14],[-25,36]],[[7228,10751],[30,-33]],[[7079,10646],[33,5],[41,-61]],[[7064,10635],[15,11]],[[7079,10646],[58,40]],[[7255,10836],[-1,-11],[38,-57],[12,0]],[[7304,10768],[-1,-61],[31,-1]],[[7334,10706],[9,-13],[-11,-48]],[[7255,10836],[79,-3]],[[7334,10833],[20,-1]],[[7354,10832],[-1,-65],[-49,1]],[[14083,13398],[25,-36],[90,-13],[20,-32],[-35,0],[-20,-29],[0,-22],[31,-36],[27,-41],[-26,-19],[-6,-27],[23,-4],[16,25],[42,-5],[21,-28],[16,10],[3,24]],[[14310,13165],[-3,-98],[-5,-285],[-7,-221],[-1,-306],[2,-201]],[[14296,12054],[-226,-8],[-602,11]],[[13400,13043],[11,348],[45,-1]],[[10953,13499],[1,-52],[-82,2],[-166,-17],[-164,-19],[-46,-28],[-32,-10],[-92,-1]],[[11212,13443],[0,-336]],[[11716,13352],[-2,-211],[13,-15],[2,-33],[-11,-12],[-4,-32]],[[11714,13049],[-25,-50],[-61,1],[-27,12],[-64,-3],[-27,11],[-23,45],[-24,17],[-41,14],[-210,11]],[[7354,10832],[49,0]],[[7403,10832],[-29,-126],[-40,0]],[[8561,8204],[210,-5]],[[8700,7926],[-139,-64],[-12,-10],[-14,52],[-16,35],[-21,21],[-25,13],[-29,2],[1,24],[97,4],[28,27],[4,104],[-23,11],[1,31],[9,28]],[[6071,13074],[-42,-49],[-39,-80]],[[5990,12945],[-30,-93],[-13,-104]],[[5947,12748],[-84,-2]],[[5863,12746],[-7,276],[147,3],[-8,22],[-1,34],[66,4],[11,-11]],[[6071,13074],[23,16],[58,19],[82,7],[28,12]],[[6280,13114],[-64,-78],[-34,-65],[-35,-97]],[[6147,12874],[-69,23],[-30,21],[-58,27]],[[6147,12874],[-18,-91],[7,-31],[-103,-1],[-86,-3]],[[9669,10352],[-131,7],[-9,34],[-43,-30],[-77,5],[-6,41]],[[8019,11719],[-30,-37],[-16,0],[0,-61]],[[7973,11621],[-58,-3]],[[8047,11719],[-2,-87],[57,-1],[-1,-47]],[[8101,11584],[-57,1],[-1,-38],[-70,1]],[[7973,11548],[0,73]],[[8101,11584],[58,4]],[[8057,11471],[-9,21],[-76,1],[1,55]],[[8203,11981],[66,-52],[0,-37]],[[8269,11892],[-42,5],[-75,21],[-27,-33]],[[8269,11892],[1,-23]],[[8270,11869],[0,-81]],[[8270,11788],[0,-72]],[[10713,10329],[6,-239]],[[9905,12103],[169,-2],[0,56],[-19,47],[-3,34],[3,87],[162,-14],[107,-5],[-4,133],[52,-1]],[[9656,12401],[38,0],[13,10],[12,38],[-4,40],[50,4],[25,25],[-1,95]],[[9789,12613],[43,-1],[70,-13]],[[9902,12599],[3,-207],[0,-289]],[[11366,10856],[340,-29],[170,-11],[0,-207],[-3,-73]],[[10722,9939],[175,3]],[[10897,9942],[311,7],[117,1]],[[10373,9360],[-1,572]],[[8561,8204],[-39,1]],[[8522,8205],[15,45],[1,95],[-30,3],[1,25],[-226,4]],[[10713,10329],[178,5],[168,2]],[[11059,10336],[4,-165],[-82,-33],[-42,6],[-20,16],[-23,0],[1,-218]],[[8363,8208],[159,-3]],[[8442,7746],[-36,16],[-8,-8],[-43,9]],[[8355,7763],[11,83],[7,131],[0,55],[-10,176]],[[7973,10430],[32,18],[28,35],[36,57],[-30,0],[0,96]],[[8039,10636],[91,21]],[[8130,10657],[18,4]],[[8148,10661],[49,10]],[[8148,10765],[9,-18],[25,-8],[75,39],[72,14]],[[8329,10792],[2,-75],[5,-20]],[[8148,10661],[0,104]],[[8329,10792],[72,13]],[[10010,9224],[36,-10],[-42,-36],[-13,-19],[-47,-33],[-48,-47],[-71,-15],[-30,9],[-44,29],[-21,7]],[[9730,9109],[-43,29],[-25,6],[-28,-8],[-40,10],[-46,-30],[-44,-42],[-82,-32]],[[11059,10336],[263,2]],[[8908,7656],[23,-32],[0,-20],[50,-22],[24,-17],[-4,-28],[21,-44],[35,-33],[-4,-25],[22,-31],[-2,-33],[15,-16],[37,-10],[13,-23],[-2,-34],[6,-39],[-89,-49],[-40,-26],[-92,-80]],[[8921,7094],[-49,-41],[-197,2]],[[11882,12607],[142,44],[197,19]],[[12221,12670],[82,11],[89,19]],[[12401,13333],[-2,84],[5,302],[3,125]],[[12407,13844],[177,1],[446,-7],[270,-7],[32,-6],[50,-19],[85,-1],[-1,-32]],[[12392,12700],[6,442],[3,191]],[[8675,7055],[-5,-230],[-9,-206],[0,-33]],[[8921,7094],[-3,-80],[123,-31]],[[10196,12876],[45,-6]],[[10241,12870],[-2,-225],[-11,-43]],[[10228,12602],[-53,-2]],[[10175,12600],[-2,24],[-22,0],[2,234],[43,0],[0,18]],[[9730,9109],[-2,-190]],[[9728,8919],[-165,0]],[[10170,9813],[0,116]],[[10373,9342],[-248,36]],[[10125,9378],[-8,54],[0,199],[59,17],[-1,127],[-5,38]],[[12408,14421],[97,-10],[34,8],[56,36],[149,0],[11,-10],[83,-26],[-1,-68],[120,-1],[234,-6],[26,-14],[102,-106],[25,-13],[103,-8],[31,-13],[1,45],[184,-6],[447,-12],[-1,-36],[38,-24],[17,-43],[39,-37],[39,19],[37,-10],[23,7]],[[14302,14093],[4,-60],[10,-605],[-6,-263]],[[12407,13844],[-1,461],[2,116]],[[10373,8706],[-167,1]],[[10206,8707],[0,274],[-26,-1],[0,23],[-23,-1],[4,-25],[-33,-38],[-1,-21],[-23,1]],[[10104,8919],[-324,0]],[[9780,8919],[-52,0]],[[10636,7695],[66,-9],[205,-57],[32,-11],[86,-56],[58,-18],[224,11]],[[10546,6011],[30,38],[11,38],[50,118],[-9,49],[1,61],[1,346],[1,275],[5,350],[-1,287],[1,122]],[[10375,7715],[261,-20]],[[9824,12907],[-4,-231],[-30,0],[-1,-63]],[[9789,12613],[-135,1]],[[9981,12907],[-10,-28],[-3,-284]],[[9968,12595],[-66,4]],[[10206,8707],[-102,1]],[[10104,8708],[2,152],[-2,59]],[[7972,10866],[58,-1]],[[8030,10865],[23,-1]],[[8053,10864],[0,-104]],[[8053,10760],[0,-45]],[[8053,10715],[-18,0],[0,-80]],[[8035,10635],[-63,-18]],[[10241,12870],[42,-6],[89,1]],[[10373,12606],[-145,-4]],[[11716,13352],[127,-1],[96,-58],[77,-32],[25,-4],[176,-3],[1,85],[183,-6]],[[12221,12670],[-3,158],[-330,13],[-172,0]],[[11716,12841],[-2,27],[0,181]],[[8035,10635],[4,1]],[[8053,10760],[95,41]],[[8148,10801],[0,-36]],[[8130,10657],[0,59],[-77,-1]],[[9673,8709],[278,-1]],[[9951,8708],[153,0]],[[6166,14130],[2,-160]],[[9968,12595],[207,5]],[[5879,6317],[324,203],[21,12]],[[6224,6532],[58,-76],[19,-46],[42,-42],[81,94],[3,15],[93,120],[61,79],[94,96]],[[6675,6772],[32,-26],[-1,-46],[63,-25],[32,-3],[75,6],[36,-14],[33,2],[40,17],[37,31],[38,22],[55,10]],[[7115,6746],[-51,-55],[-368,-336],[-152,-138],[-83,-77],[-102,-86],[-17,-29]],[[6423,6939],[-9,-284],[63,36],[24,26],[127,183],[23,26]],[[6651,6926],[-3,-69],[20,-1],[-2,-76],[9,-8]],[[6224,6532],[-138,180],[-22,62]],[[9202,12165],[0,-206],[4,-31]],[[9059,11928],[0,237],[7,25]],[[7650,12367],[-109,1],[-16,-19],[0,-80]],[[7115,6746],[181,196]],[[7406,7037],[308,235]],[[7714,7272],[57,-99],[81,-119]],[[7852,7054],[-108,-61],[-107,-73],[-69,-43],[29,-60],[28,-18],[85,-79],[41,-29],[80,-7]],[[12373,11173],[772,71],[232,22],[320,29],[191,19],[132,11],[257,26],[24,1]],[[14301,11352],[2,-214],[-1,-440],[-6,-430]],[[12374,10814],[-1,204],[0,155]],[[9401,12617],[-10,-37],[20,-9],[58,0],[24,-20],[3,-21],[-25,-40],[-34,-13],[9,-13],[-20,-19],[1,-21],[29,-11],[20,13],[35,-6],[16,-44],[62,10]],[[14296,12054],[-1,-182],[4,-198],[2,-322]],[[12373,11173],[-1,241]],[[7293,7388],[256,239]],[[7549,7627],[29,-76],[29,-81]],[[6261,12467],[-53,-5],[-7,7],[-102,-3],[-10,84],[-138,-4],[-5,170],[1,32]],[[7334,10890],[0,-57]],[[11398,15292],[33,20],[52,0],[17,-26],[-14,-33],[-29,-10],[51,-61],[10,-44],[39,-36],[13,-6],[43,3],[33,14],[16,35],[26,8],[22,-20],[16,-37],[57,-22],[13,-9],[-5,-33],[-27,-33],[-30,-15],[-17,-43],[8,-22],[20,-17],[-13,-40],[4,-18],[32,2],[17,31],[18,15],[-9,25],[12,13],[38,-32],[44,-21],[19,-1],[36,21],[22,5],[17,-19],[-47,-44],[-44,-15],[5,-16],[43,-15],[52,11],[28,-10],[61,10],[17,-22],[-13,-39],[23,-9],[26,21],[9,23],[4,50],[11,27],[-5,25],[22,3],[35,-30],[18,-36],[13,2],[51,39],[9,13],[-25,14],[-1,21],[34,15],[33,63],[-10,26],[-23,28],[-40,29],[-10,19],[9,49],[35,47],[21,3],[17,-29],[34,-1],[-16,-34],[-1,-19],[33,-26],[-16,-34],[21,-14],[4,-41],[11,-13]],[[12410,14977],[2,-9],[-2,-264],[-2,-283]],[[7492,10446],[24,1],[6,-21],[130,4]],[[7652,10430],[-12,-53]],[[7640,10377],[-16,-65]],[[8023,13146],[2,83]],[[7724,11129],[-19,7],[-121,2]],[[7423,10624],[-91,21]],[[8571,13219],[-8,-72],[-32,-43],[-31,-13]],[[9951,8708],[-171,211]],[[8232,8193],[33,2],[62,13],[36,0]],[[8840,9719],[0,-2]],[[11716,12841],[-42,-62],[2,-233]],[[9317,9945],[11,241]],[[10170,9813],[-419,-39]],[[9751,9774],[6,159]],[[14295,14631],[2,-246],[5,-292]],[[12410,14977],[30,10],[30,31],[2,12],[-30,9],[-10,17],[-9,61],[16,32],[-30,27],[30,5],[50,-3],[31,6],[28,-16],[43,6],[14,16],[14,82],[11,29],[-17,21],[14,22],[37,35],[38,5],[19,-49],[41,7],[5,-11],[-42,-25],[-31,-50],[-19,-13],[3,-29],[80,36],[5,22],[28,-4],[46,16],[16,18],[11,32],[-17,36],[43,20],[27,29],[27,-48],[42,-4],[-3,-31],[16,-26],[-2,-16],[-39,-13],[-10,11],[-38,1],[-18,-36],[9,-20],[32,-17],[7,-16],[34,-16],[-5,32],[24,21],[18,-23],[-1,-42],[8,-61],[26,2],[-11,26],[14,13],[24,-14],[10,-31],[31,16],[24,46],[22,-15],[33,5],[25,20],[-10,24],[4,19],[28,-2],[5,-32],[-24,-16],[31,-16],[15,10],[52,3],[-2,33],[18,5],[22,-23],[25,20],[46,21],[29,-5],[1,24],[-30,3],[12,32],[-3,25],[7,22],[27,-5],[28,22],[18,52],[18,-33],[19,-11],[-16,-45],[12,-17],[19,21],[63,-22],[-36,-16],[11,-23],[-15,-23],[24,-14],[26,-30],[40,8],[-4,-23],[-29,-18],[-2,-17],[35,-13],[43,24],[22,-14],[-23,-48],[-23,-21],[30,-34],[23,-7],[46,20],[22,-15],[-5,48],[18,-1]],[[9751,9774],[-205,-20],[1,93],[53,-1],[3,23],[24,-1],[1,48],[-8,20]],[[10151,12883],[45,-7]],[[8552,10603],[63,0],[0,-62]],[[7915,11331],[57,63],[28,27],[58,37]],[[8088,11062],[0,-39]],[[8088,11023],[-112,1],[0,11],[-74,2]],[[8088,11023],[0,-50]],[[8088,10973],[1,-25],[-56,0],[-3,-83]],[[8088,10973],[58,-1],[0,24],[80,-1]],[[8226,10995],[0,-18]],[[8147,10862],[-94,2]],[[8225,11118],[1,-123]],[[11564,1442],[-9,-56],[-13,-8],[-63,19],[-22,-10],[-26,-26],[-32,14],[-29,20],[-16,1],[-44,-72],[-37,-34],[-3,-41],[-33,-22],[-27,12],[-40,29],[-17,3],[-13,-16],[1,-29],[-17,-13],[-27,1],[-23,42],[-75,-10],[-35,18],[-18,-17],[0,-28],[-13,-26],[-40,-16],[-13,-30],[-24,-3],[-21,32],[-30,-4],[-12,-30],[-41,-23],[-6,-53],[-17,-9],[-52,25],[-24,-2],[-33,-33],[7,-41],[-4,-17],[-23,-5],[-6,-20],[18,-22],[-9,-26],[-56,-50],[-19,4],[-35,22],[-28,2],[-15,-15],[-5,-33],[6,-48],[-25,-17],[-37,5],[-58,43],[-19,47],[16,88],[-17,73],[3,48],[-5,14],[-37,32],[-55,-50],[-39,-4],[-34,13],[-27,-33],[-34,25],[1,49],[-18,3],[-39,-21]],[[7510,10523],[19,81]],[[7725,10495],[0,-61]],[[7725,10434],[-73,-4]],[[7640,10377],[103,-25]],[[7725,10434],[18,-1],[-1,-42]],[[5863,12746],[-336,-8],[14,-159],[-2,-49],[6,-58]],[[5545,12472],[-477,298],[-142,222],[-55,505],[194,294],[111,422],[96,211],[-130,226],[-204,51],[162,38],[168,-5],[154,-14]],[[8147,10862],[1,-61]],[[8404,11853],[-134,16]],[[8404,11793],[-66,6],[1,-14],[-69,3]],[[7706,10146],[3,-65]],[[9399,9733],[3,164],[90,-2],[23,18],[-13,26]],[[9401,9623],[-2,110]],[[6670,7044],[1,-98],[-20,-20]],[[9399,9733],[-89,37],[-272,267],[-73,43],[-53,25]],[[6403,12084],[-496,44],[-180,211],[-44,46],[-138,87]],[[9000,12219],[-6,-35],[0,-256]]],"transform":{"scale":[0.00005931217300313913,0.0000428307931772491],"translate":[-79.312136,42.438286]},"objects":{"Geometry\\36-029":{"type":"GeometryCollection","geometries":[{"arcs":[[0,1,2,3,4,5,6,7]],"type":"Polygon","properties":{"GEOID":"360299805001"}},{"arcs":[[8,9,10,11,12,13,14]],"type":"Polygon","properties":{"GEOID":"360290046011"}},{"arcs":[[15,16,17,-1,18,-12]],"type":"Polygon","properties":{"GEOID":"360290046014"}},{"arcs":[[19,20,-14]],"type":"Polygon","properties":{"GEOID":"360290046012"}},{"arcs":[[-20,-13,-19,-8,21,22,23]],"type":"Polygon","properties":{"GEOID":"360290046013"}},{"arcs":[[24,25,26,27,28]],"type":"Polygon","properties":{"GEOID":"360290038003"}},{"arcs":[[29,30,31,32,33]],"type":"Polygon","properties":{"GEOID":"360290038001"}},{"arcs":[[-33,34,-25,35,36]],"type":"Polygon","properties":{"GEOID":"360290038002"}},{"arcs":[[37,38,39,40,41]],"type":"Polygon","properties":{"GEOID":"360290170001"}},{"arcs":[[42,43,-31,44]],"type":"Polygon","properties":{"GEOID":"360290041004"}},{"arcs":[[45,-45,-30,46,47,48]],"type":"Polygon","properties":{"GEOID":"360290041002"}},{"arcs":[[49,50,51,52,53,54,-39]],"type":"Polygon","properties":{"GEOID":"360290041001"}},{"arcs":[[55,56,57,58]],"type":"Polygon","properties":{"GEOID":"360290042001"}},{"arcs":[[-58,59,60,61,62,63]],"type":"Polygon","properties":{"GEOID":"360290042002"}},{"arcs":[[64,65,66,67,68,69]],"type":"Polygon","properties":{"GEOID":"360290043004"}},{"arcs":[[70,-70,71,72,73,-5]],"type":"Polygon","properties":{"GEOID":"360290043001"}},{"arcs":[[-74,74,75,-6]],"type":"Polygon","properties":{"GEOID":"360290043005"}},{"arcs":[[76,77,78,79,80]],"type":"Polygon","properties":{"GEOID":"360290043002"}},{"arcs":[[81,82,83,84,85,86,87]],"type":"Polygon","properties":{"GEOID":"360290044013"}},{"arcs":[[88,89,-82,90,91]],"type":"Polygon","properties":{"GEOID":"360290044011"}},{"arcs":[[-87,92,-43,93]],"type":"Polygon","properties":{"GEOID":"360290044021"}},{"arcs":[[94,-94,-46,95,-53,96]],"type":"Polygon","properties":{"GEOID":"360290044022"}},{"arcs":[[97,-15,-21,-24,98,99,100,101,102,103,104]],"type":"Polygon","properties":{"GEOID":"360290045001"}},{"arcs":[[105,-102,106,107]],"type":"Polygon","properties":{"GEOID":"360290045005"}},{"arcs":[[108,109,110,111,112]],"type":"Polygon","properties":{"GEOID":"360290048001"}},{"arcs":[[113,114,115,116,117,118,119,120]],"type":"Polygon","properties":{"GEOID":"360290050003"}},{"arcs":[[121,122,123,-117]],"type":"Polygon","properties":{"GEOID":"360290050002"}},{"arcs":[[124,125,126,-123]],"type":"Polygon","properties":{"GEOID":"360290051004"}},{"arcs":[[127,128,129,130,131,132,133]],"type":"Polygon","properties":{"GEOID":"360290052011"}},{"arcs":[[-131,134,135,136,137]],"type":"Polygon","properties":{"GEOID":"360290052012"}},{"arcs":[[138,139,-137,140,141,142,143]],"type":"Polygon","properties":{"GEOID":"360290052013"}},{"arcs":[[-132,-138,-140,144]],"type":"Polygon","properties":{"GEOID":"360290052014"}},{"arcs":[[145,-143,146,147,148]],"type":"Polygon","properties":{"GEOID":"360290052021"}},{"arcs":[[149,150,-103,-106,151]],"type":"Polygon","properties":{"GEOID":"360290045006"}},{"arcs":[[152,153,154,155,156,157,158,159]],"type":"Polygon","properties":{"GEOID":"360290137012"}},{"arcs":[[160,161,162,163,164,165,166,-156]],"type":"Polygon","properties":{"GEOID":"360290137014"}},{"arcs":[[167,168,169,170,171,172]],"type":"Polygon","properties":{"GEOID":"360290156002"}},{"arcs":[[173,174,175,176,177,178,179]],"type":"Polygon","properties":{"GEOID":"360290157001"}},{"arcs":[[180,181,182,183,184,185]],"type":"Polygon","properties":{"GEOID":"360290139001"}},{"arcs":[[186,187,-183,188,189]],"type":"Polygon","properties":{"GEOID":"360290140001"}},{"arcs":[[190,-189,-182,191]],"type":"Polygon","properties":{"GEOID":"360290140002"}},{"arcs":[[192,193,194,195,196]],"type":"Polygon","properties":{"GEOID":"360290152023"}},{"arcs":[[197,198,-63,199,-51,200]],"type":"Polygon","properties":{"GEOID":"360290042004"}},{"arcs":[[201,202,203,204,205,206]],"type":"Polygon","properties":{"GEOID":"360290058023"}},{"arcs":[[207,208,209,210,211,212,213]],"type":"Polygon","properties":{"GEOID":"360290076003"}},{"arcs":[[214,215,216,217]],"type":"Polygon","properties":{"GEOID":"360290090083"}},{"arcs":[[218,-67,219,220]],"type":"Polygon","properties":{"GEOID":"360290102013"}},{"arcs":[[221,222]],"type":"Polygon","properties":{"GEOID":"360290174004"}},{"arcs":[[223,224,225,226]],"type":"Polygon","properties":{"GEOID":"360290141011"}},{"arcs":[[-225,227,228,229,230,-187,231,232,233]],"type":"Polygon","properties":{"GEOID":"360290141012"}},{"arcs":[[234,235,236,237,238,239]],"type":"Polygon","properties":{"GEOID":"360290142093"}},{"arcs":[[240,241,242,243]],"type":"Polygon","properties":{"GEOID":"360290101033"}},{"arcs":[[244,245,246,247,248,249,250]],"type":"Polygon","properties":{"GEOID":"360290010005"}},{"arcs":[[251,252,253,254,255,256]],"type":"Polygon","properties":{"GEOID":"360290025021"}},{"arcs":[[257,258,259,260]],"type":"Polygon","properties":{"GEOID":"360290019003"}},{"arcs":[[261,262,263,264,265,266]],"type":"Polygon","properties":{"GEOID":"360290033022"}},{"arcs":[[267,268,269,270,271,272]],"type":"Polygon","properties":{"GEOID":"360290033012"}},{"arcs":[[273,274,275,276,-202,277,278]],"type":"Polygon","properties":{"GEOID":"360290058013"}},{"arcs":[[279,280,281,282]],"type":"Polygon","properties":{"GEOID":"360290079041"}},{"arcs":[[283,284,285,286,287]],"type":"Polygon","properties":{"GEOID":"360290095013"}},{"arcs":[[288,289,290,291,292,293,294]],"type":"Polygon","properties":{"GEOID":"360290145022"}},{"arcs":[[295,296,297,298,299,300,301,302,303,304,305,306,307,308,309]],"type":"Polygon","properties":{"GEOID":"360290153012"}},{"arcs":[[310,311,-178,312,313,314]],"type":"Polygon","properties":{"GEOID":"360290175022"}},{"arcs":[[315,-172,316,317,318]],"type":"Polygon","properties":{"GEOID":"360299400001"}},{"arcs":[[319,320,321,322,323,324]],"type":"Polygon","properties":{"GEOID":"360290166004"}},{"arcs":[[325,-91,-88,-95,326,-61]],"type":"Polygon","properties":{"GEOID":"360290044012"}},{"arcs":[[-294,327,328,329,330,331]],"type":"Polygon","properties":{"GEOID":"360290142071"}},{"arcs":[[332,333,334,335]],"type":"Polygon","properties":{"GEOID":"360290143003"}},{"arcs":[[336,337,338,-328,-293]],"type":"Polygon","properties":{"GEOID":"360290143005"}},{"arcs":[[-339,-336,-329]],"type":"Polygon","properties":{"GEOID":"360290143002"}},{"arcs":[[339,340,341,342,343,344,345,346]],"type":"Polygon","properties":{"GEOID":"360290144002"}},{"arcs":[[347,-237,348,-347,349,350]],"type":"Polygon","properties":{"GEOID":"360290145011"}},{"arcs":[[-238,-348,351,352,353]],"type":"Polygon","properties":{"GEOID":"360290145012"}},{"arcs":[[354,355,356,357,358,359]],"type":"Polygon","properties":{"GEOID":"360290146012"}},{"arcs":[[360,361,-355,362,363]],"type":"Polygon","properties":{"GEOID":"360290146014"}},{"arcs":[[364,365,-356,-362]],"type":"Polygon","properties":{"GEOID":"360290146013"}},{"arcs":[[366,-361,367]],"type":"Polygon","properties":{"GEOID":"360290146032"}},{"arcs":[[368,369,370]],"type":"Polygon","properties":{"GEOID":"360290146033"}},{"arcs":[[371,372,373,374,375]],"type":"Polygon","properties":{"GEOID":"360290147011"}},{"arcs":[[376,377,378,379,380]],"type":"Polygon","properties":{"GEOID":"360290150011"}},{"arcs":[[381,382,-381,383,-229,384]],"type":"Polygon","properties":{"GEOID":"360290150012"}},{"arcs":[[-384,-380,385,386,-230]],"type":"Polygon","properties":{"GEOID":"360290150013"}},{"arcs":[[387,388,389,390]],"type":"Polygon","properties":{"GEOID":"360290149031"}},{"arcs":[[391,392]],"type":"Polygon","properties":{"GEOID":"360290149011"}},{"arcs":[[393,-386,-379,394,395,396]],"type":"Polygon","properties":{"GEOID":"360290150021"}},{"arcs":[[-396,397,398,399]],"type":"Polygon","properties":{"GEOID":"360290150022"}},{"arcs":[[400,401,402,-195]],"type":"Polygon","properties":{"GEOID":"360290151012"}},{"arcs":[[403,404,405,406,407,408,-402]],"type":"Polygon","properties":{"GEOID":"360290151013"}},{"arcs":[[-409,409,410,411,412]],"type":"Polygon","properties":{"GEOID":"360290151021"}},{"arcs":[[-170,413,414,-307,-180,415,416]],"type":"Polygon","properties":{"GEOID":"360290157002"}},{"arcs":[[417,-308,-415]],"type":"Polygon","properties":{"GEOID":"360290157003"}},{"arcs":[[-309,-418,-414,-169]],"type":"Polygon","properties":{"GEOID":"360290157004"}},{"arcs":[[418,-196,-403,-413,419,420,-176]],"type":"Polygon","properties":{"GEOID":"360290158001"}},{"arcs":[[421,422]],"type":"Polygon","properties":{"GEOID":"360290159001"}},{"arcs":[[-390,423,-383,424]],"type":"Polygon","properties":{"GEOID":"360290149032"}},{"arcs":[[425,426,427]],"type":"Polygon","properties":{"GEOID":"360290148011"}},{"arcs":[[-427,428,429,430]],"type":"Polygon","properties":{"GEOID":"360290148012"}},{"arcs":[[431,432,433,434,435,436]],"type":"Polygon","properties":{"GEOID":"360290152012"}},{"arcs":[[-436,-197,-419,-175,437]],"type":"Polygon","properties":{"GEOID":"360290152011"}},{"arcs":[[438,439,-193,-435,440]],"type":"Polygon","properties":{"GEOID":"360290152021"}},{"arcs":[[441,442,-441,-434]],"type":"Polygon","properties":{"GEOID":"360290152022"}},{"arcs":[[-422,443]],"type":"Polygon","properties":{"GEOID":"360290159002"}},{"arcs":[[444,445,446,447]],"type":"Polygon","properties":{"GEOID":"360290169004"}},{"arcs":[[448,449,450,451,452]],"type":"Polygon","properties":{"GEOID":"360290065011"}},{"arcs":[[453,454,455,456]],"type":"Polygon","properties":{"GEOID":"360290065013"}},{"arcs":[[457,458,-457,459,460,461]],"type":"Polygon","properties":{"GEOID":"360290065014"}},{"arcs":[[462,463,-447,464,465,466]],"type":"Polygon","properties":{"GEOID":"360290169003"}},{"arcs":[[467,-463,468,-450]],"type":"Polygon","properties":{"GEOID":"360290169001"}},{"arcs":[[-461,469,470,471,472,473]],"type":"Polygon","properties":{"GEOID":"360290066013"}},{"arcs":[[-456,474,475,-470,-460]],"type":"Polygon","properties":{"GEOID":"360290066011"}},{"arcs":[[476,477,478,479]],"type":"Polygon","properties":{"GEOID":"360290066021"}},{"arcs":[[-479,480,481,482]],"type":"Polygon","properties":{"GEOID":"360290066022"}},{"arcs":[[-478,-466,483,484,-481]],"type":"Polygon","properties":{"GEOID":"360290066023"}},{"arcs":[[485,486,487,488,489]],"type":"Polygon","properties":{"GEOID":"360290067012"}},{"arcs":[[-485,490,491,492]],"type":"Polygon","properties":{"GEOID":"360290067021"}},{"arcs":[[-482,-493,493,-487]],"type":"Polygon","properties":{"GEOID":"360290067022"}},{"arcs":[[494,495,496,497,498]],"type":"Polygon","properties":{"GEOID":"360290069012"}},{"arcs":[[499,500,501,502,503]],"type":"Polygon","properties":{"GEOID":"360290055002"}},{"arcs":[[504,505,506,507,-504,508,509,510]],"type":"Polygon","properties":{"GEOID":"360290055003"}},{"arcs":[[511,512,-121,513]],"type":"Polygon","properties":{"GEOID":"360290056001"}},{"arcs":[[514,515,516,517,-514,-120,518,519,520,521,522]],"type":"Polygon","properties":{"GEOID":"360290056002"}},{"arcs":[[523,524,-521,525,-519,-119,526,527,-507]],"type":"Polygon","properties":{"GEOID":"360290056003"}},{"arcs":[[-520,-526]],"type":"Polygon","properties":{"GEOID":"360290056005"}},{"arcs":[[528,-204,529,-523,530,531,532,533,534]],"type":"Polygon","properties":{"GEOID":"360290057001"}},{"arcs":[[535,536,-535,537,538,539]],"type":"Polygon","properties":{"GEOID":"360290057002"}},{"arcs":[[-206,540,-536,541]],"type":"Polygon","properties":{"GEOID":"360290058021"}},{"arcs":[[542,543,544,545]],"type":"Polygon","properties":{"GEOID":"360290076002"}},{"arcs":[[546,547,548,549,550,551,552,553]],"type":"Polygon","properties":{"GEOID":"360290077001"}},{"arcs":[[-551,554,-543,555,556]],"type":"Polygon","properties":{"GEOID":"360290077004"}},{"arcs":[[557,-552,-557,558,559]],"type":"Polygon","properties":{"GEOID":"360290077002"}},{"arcs":[[-553,-558,560]],"type":"Polygon","properties":{"GEOID":"360290077003"}},{"arcs":[[561,-554,-561,562,563]],"type":"Polygon","properties":{"GEOID":"360290078001"}},{"arcs":[[-563,-560,564,565,566,567]],"type":"Polygon","properties":{"GEOID":"360290078002"}},{"arcs":[[568,569,570,571,572,573,574,575]],"type":"Polygon","properties":{"GEOID":"360290079011"}},{"arcs":[[576,577,578,-209]],"type":"Polygon","properties":{"GEOID":"360290079013"}},{"arcs":[[579,580,581,582,583,584]],"type":"Polygon","properties":{"GEOID":"360290079021"}},{"arcs":[[585,-583,586,-280,587]],"type":"Polygon","properties":{"GEOID":"360290079022"}},{"arcs":[[-584,-586,588,589]],"type":"Polygon","properties":{"GEOID":"360290079024"}},{"arcs":[[-358,590,591,592,593,594,595]],"type":"Polygon","properties":{"GEOID":"360290142082"}},{"arcs":[[596,-42,597,598,599,600]],"type":"Polygon","properties":{"GEOID":"360290170002"}},{"arcs":[[601,602,603,604,605]],"type":"Polygon","properties":{"GEOID":"360290080023"}},{"arcs":[[606,607,608,609,610,611]],"type":"Polygon","properties":{"GEOID":"360290054001"}},{"arcs":[[612,613,614,615,616,617,618,619,620,621,622,623,624,625,626]],"type":"Polygon","properties":{"GEOID":"360290107001"}},{"arcs":[[627,628,629,-223,630,631,632,633]],"type":"Polygon","properties":{"GEOID":"360290174003"}},{"arcs":[[634,635,636,637,638]],"type":"Polygon","properties":{"GEOID":"360290155032"}},{"arcs":[[639,640,641,642,643,644,645]],"type":"Polygon","properties":{"GEOID":"360290090092"}},{"arcs":[[646,647,648,649,650,651,652]],"type":"Polygon","properties":{"GEOID":"360290097023"}},{"arcs":[[653,-287,654,655,656,-220,-66]],"type":"Polygon","properties":{"GEOID":"360290102012"}},{"arcs":[[657,658,659,660,661]],"type":"Polygon","properties":{"GEOID":"360290117002"}},{"arcs":[[662,663,664,665,666,667]],"type":"Polygon","properties":{"GEOID":"360290124002"}},{"arcs":[[668,-667,669,670,671,672,673,674,675]],"type":"Polygon","properties":{"GEOID":"360290128001"}},{"arcs":[[676,677,678,679,680,681]],"type":"Polygon","properties":{"GEOID":"360290132022"}},{"arcs":[[682,683,684]],"type":"Polygon","properties":{"GEOID":"360290154012"}},{"arcs":[[685,686,687,688,689]],"type":"Polygon","properties":{"GEOID":"360290132011"}},{"arcs":[[-595,690,-342,691,692]],"type":"Polygon","properties":{"GEOID":"360290142083"}},{"arcs":[[-389,693,694,695,696,-377,-424]],"type":"Polygon","properties":{"GEOID":"360290149033"}},{"arcs":[[697]],"type":"Polygon","properties":{"GEOID":"360290155011"}},{"arcs":[[698,699,-315,700,701]],"type":"Polygon","properties":{"GEOID":"360290175012"}},{"arcs":[[-277,702,-515,-530,-203]],"type":"Polygon","properties":{"GEOID":"360290058024"}},{"arcs":[[703,704,705,706,-634,707,708,709,710,711,712,713,714,-639,715,716,-319,717]],"type":"Polygon","properties":{"GEOID":"360299900000"}},{"arcs":[[718,719,720,721,722,723,724,725]],"type":"Polygon","properties":{"GEOID":"360290162001"}},{"arcs":[[726,727,728,729,730,731,732]],"type":"Polygon","properties":{"GEOID":"360290163003"}},{"arcs":[[733,734,-425,-382,735,736,737]],"type":"Polygon","properties":{"GEOID":"360290142062"}},{"arcs":[[738,739,-372,740,741]],"type":"Polygon","properties":{"GEOID":"360290147012"}},{"arcs":[[742,743,744,745,746,-443,747]],"type":"Polygon","properties":{"GEOID":"360290135011"}},{"arcs":[[748,749,750,751,752,753]],"type":"Polygon","properties":{"GEOID":"360290090102"}},{"arcs":[[754,755,-739,756,757,758]],"type":"Polygon","properties":{"GEOID":"360290147013"}},{"arcs":[[759,-693,760,-340,-349,-236]],"type":"Polygon","properties":{"GEOID":"360290142092"}},{"arcs":[[761,762,763,764,765,766,767]],"type":"Polygon","properties":{"GEOID":"360290008002"}},{"arcs":[[768,-283,769,770,771,772]],"type":"Polygon","properties":{"GEOID":"360290079043"}},{"arcs":[[773,-345,774,775,-337,-292]],"type":"Polygon","properties":{"GEOID":"360290144001"}},{"arcs":[[776,-166,777,778,779,-745]],"type":"Polygon","properties":{"GEOID":"360290135013"}},{"arcs":[[-753,780,781,782]],"type":"Polygon","properties":{"GEOID":"360290090074"}},{"arcs":[[783,784,785]],"type":"Polygon","properties":{"GEOID":"360290109024"}},{"arcs":[[-637,786,787,788]],"type":"Polygon","properties":{"GEOID":"360290155044"}},{"arcs":[[789,790,791,792,793,794,795,796,797,798]],"type":"Polygon","properties":{"GEOID":"360290165001"}},{"arcs":[[799,800,801,802,803,804,805]],"type":"Polygon","properties":{"GEOID":"360290164002"}},{"arcs":[[806,807,808,-798,809,-705,810]],"type":"Polygon","properties":{"GEOID":"360290072021"}},{"arcs":[[811,812,813,814,-730]],"type":"Polygon","properties":{"GEOID":"360290011003"}},{"arcs":[[-810,-797,815,816,817,818,819,-733,820,-706]],"type":"Polygon","properties":{"GEOID":"360290005001"}},{"arcs":[[-821,-732,821,822,823,824,825,826,-720,827,828,-628,-707]],"type":"Polygon","properties":{"GEOID":"360290001103"}},{"arcs":[[-731,-815,829,-763,830,831,-822]],"type":"Polygon","properties":{"GEOID":"360290002001"}},{"arcs":[[-79,832,-92,-326,-60,-57,833]],"type":"Polygon","properties":{"GEOID":"360290043006"}},{"arcs":[[834,835,836,837,838,-269]],"type":"Polygon","properties":{"GEOID":"360290034005"}},{"arcs":[[839,840,841,-201,-50,-38,-597,842,843]],"type":"Polygon","properties":{"GEOID":"360290039011"}},{"arcs":[[844,-107,-101,845,846,847,-129]],"type":"Polygon","properties":{"GEOID":"360290045004"}},{"arcs":[[848,849,-439,-747]],"type":"Polygon","properties":{"GEOID":"360290135024"}},{"arcs":[[850,851,852,-173,-316,-717]],"type":"Polygon","properties":{"GEOID":"360290156001"}},{"arcs":[[853,854,-240,855,-648,856]],"type":"Polygon","properties":{"GEOID":"360290100023"}},{"arcs":[[857,858,859]],"type":"Polygon","properties":{"GEOID":"360290091073"}},{"arcs":[[-509,-503,860,861,862,863,864,865]],"type":"Polygon","properties":{"GEOID":"360290171005"}},{"arcs":[[866,867,868,869,-125,-122,-116]],"type":"Polygon","properties":{"GEOID":"360290051002"}},{"arcs":[[-510,-866,870,871,872,873,874]],"type":"Polygon","properties":{"GEOID":"360290171001"}},{"arcs":[[-612,875,876,877,-862,878,879]],"type":"Polygon","properties":{"GEOID":"360290063021"}},{"arcs":[[880,-685,881,882,883,-297,884,885]],"type":"Polygon","properties":{"GEOID":"360290154023"}},{"arcs":[[886,-233,887,888,889,890]],"type":"Polygon","properties":{"GEOID":"360290141021"}},{"arcs":[[891,892,893,-501,894]],"type":"Polygon","properties":{"GEOID":"360290055004"}},{"arcs":[[-782,895,-216,896,897]],"type":"Polygon","properties":{"GEOID":"360290090072"}},{"arcs":[[898,899,900,901,-811,-704,902]],"type":"Polygon","properties":{"GEOID":"360290070002"}},{"arcs":[[-873,903,904,905,906,907,908]],"type":"Polygon","properties":{"GEOID":"360290061001"}},{"arcs":[[909,910,911,912,913,914,915]],"type":"Polygon","properties":{"GEOID":"360290073032"}},{"arcs":[[916,917,918,919,920,921,922,923]],"type":"Polygon","properties":{"GEOID":"360290081011"}},{"arcs":[[924,925,926,927,928,929,-919]],"type":"Polygon","properties":{"GEOID":"360290079032"}},{"arcs":[[-243,930,931,932,933]],"type":"Polygon","properties":{"GEOID":"360290101031"}},{"arcs":[[934,-152,-108,-845,-128,-111]],"type":"Polygon","properties":{"GEOID":"360290048002"}},{"arcs":[[935,936,937]],"type":"Polygon","properties":{"GEOID":"360290079051"}},{"arcs":[[938,-213,939,-544,-555,-550]],"type":"Polygon","properties":{"GEOID":"360290172003"}},{"arcs":[[-575,940,-578,941]],"type":"Polygon","properties":{"GEOID":"360290079012"}},{"arcs":[[942,943,944,945,946]],"type":"Polygon","properties":{"GEOID":"360290091152"}},{"arcs":[[-104,-151,947]],"type":"Polygon","properties":{"GEOID":"360290045003"}},{"arcs":[[948,-948,-150,-935,-110,949]],"type":"Polygon","properties":{"GEOID":"360290048003"}},{"arcs":[[950,951,-943,952,953,954,955,956,-571]],"type":"Polygon","properties":{"GEOID":"360290091164"}},{"arcs":[[957,-955,958]],"type":"Polygon","properties":{"GEOID":"360290091162"}},{"arcs":[[-956,-958,959,960]],"type":"Polygon","properties":{"GEOID":"360290091161"}},{"arcs":[[961,962,-858,963]],"type":"Polygon","properties":{"GEOID":"360290091071"}},{"arcs":[[964,-857,-647,965,966,967,968,969]],"type":"Polygon","properties":{"GEOID":"360290100021"}},{"arcs":[[970,-623,971,972,-784,973,974]],"type":"Polygon","properties":{"GEOID":"360290109023"}},{"arcs":[[975,976,977,978,979,980,981,982,983,984]],"type":"Polygon","properties":{"GEOID":"360290110002"}},{"arcs":[[985,986,987,988]],"type":"Polygon","properties":{"GEOID":"360290108091"}},{"arcs":[[989,990,991,992]],"type":"Polygon","properties":{"GEOID":"360290073034"}},{"arcs":[[993,994,995,996,-987]],"type":"Polygon","properties":{"GEOID":"360290108092"}},{"arcs":[[-736,-385,-228,-224,997]],"type":"Polygon","properties":{"GEOID":"360290141013"}},{"arcs":[[998,999,1000,1001]],"type":"Polygon","properties":{"GEOID":"360290142073"}},{"arcs":[[1002,1003,1004,1005,-801,1006,1007]],"type":"Polygon","properties":{"GEOID":"360290015001"}},{"arcs":[[-250,1008,1009,1010,1011,1012,1013,1014,1015,1016,1017,1018]],"type":"Polygon","properties":{"GEOID":"360290010003"}},{"arcs":[[1019,-248,1020,-1010]],"type":"Polygon","properties":{"GEOID":"360290010001"}},{"arcs":[[-1006,1021,1022,1023,-802]],"type":"Polygon","properties":{"GEOID":"360290017002"}},{"arcs":[[1024,1025,1026,-254,1027]],"type":"Polygon","properties":{"GEOID":"360290031002"}},{"arcs":[[1028,1029,1030,-162,1031]],"type":"Polygon","properties":{"GEOID":"360290137022"}},{"arcs":[[1032,1033,-226,-234,-887,1034]],"type":"Polygon","properties":{"GEOID":"360290141022"}},{"arcs":[[1035,1036,1037,1038]],"type":"Polygon","properties":{"GEOID":"360290130021"}},{"arcs":[[1039,-886,1040,1041,1042]],"type":"Polygon","properties":{"GEOID":"360290154024"}},{"arcs":[[-692,-341,-761]],"type":"Polygon","properties":{"GEOID":"360290142091"}},{"arcs":[[-359,-596,-760,-235,-855,1043,1044]],"type":"Polygon","properties":{"GEOID":"360290142081"}},{"arcs":[[1045,1046,1047,1048,1049]],"type":"Polygon","properties":{"GEOID":"360290142042"}},{"arcs":[[-1031,1050,-889,1051,1052,1053,-163]],"type":"Polygon","properties":{"GEOID":"360290137021"}},{"arcs":[[-323,1054,1055,-1004,1056,1057]],"type":"Polygon","properties":{"GEOID":"360290015002"}},{"arcs":[[-260,1058,1059,1060,1061,1062]],"type":"Polygon","properties":{"GEOID":"360290019002"}},{"arcs":[[-1001,1063,1064,1065,1066]],"type":"Polygon","properties":{"GEOID":"360290142072"}},{"arcs":[[1067,-311,-700,1068,1069]],"type":"Polygon","properties":{"GEOID":"360290175011"}},{"arcs":[[1070,1071,1072,1073,1074]],"type":"Polygon","properties":{"GEOID":"360290130023"}},{"arcs":[[1075,1076,1077,1078,-10,1079,1080,1081]],"type":"Polygon","properties":{"GEOID":"360290080034"}},{"arcs":[[1082,1083,1084,1085,-511,-875,1086,1087]],"type":"Polygon","properties":{"GEOID":"360290059005"}},{"arcs":[[1088,1089,1090,-371,-365,-367,1091]],"type":"Polygon","properties":{"GEOID":"360290146031"}},{"arcs":[[1092,1093,1094,-849,-746,-780,1095]],"type":"Polygon","properties":{"GEOID":"360290135021"}},{"arcs":[[1096,1097,1098,1099,1100,1101,1102,1103,-517,1104,1105,-274,1106,1107,-1088,1108,1109,1110]],"type":"Polygon","properties":{"GEOID":"360290084002"}},{"arcs":[[-1105,-516,-703,-276,1111]],"type":"Polygon","properties":{"GEOID":"360290058011"}},{"arcs":[[-205,-529,-537,-541]],"type":"Polygon","properties":{"GEOID":"360290057003"}},{"arcs":[[1112,-278,-207,-542,-540,1113,-1083,-1108]],"type":"Polygon","properties":{"GEOID":"360290058022"}},{"arcs":[[1114,-564,1115,-567,1116]],"type":"Polygon","properties":{"GEOID":"360290078004"}},{"arcs":[[-1117,-566,1117,1118,1119,1120,-1099,1121,1122,1123,-1097,1124]],"type":"Polygon","properties":{"GEOID":"360290083001"}},{"arcs":[[-452,-480,-483,-486,-471,-476,1125]],"type":"Polygon","properties":{"GEOID":"360290066012"}},{"arcs":[[-771,1126,1127,1128,1129,1130]],"type":"Polygon","properties":{"GEOID":"360290080012"}},{"arcs":[[1131,1132,-1077]],"type":"Polygon","properties":{"GEOID":"360290080035"}},{"arcs":[[1133,-1082,1134,1135]],"type":"Polygon","properties":{"GEOID":"360290080011"}},{"arcs":[[1136,1137,1138,1139,1140,-512,-518,-1104]],"type":"Polygon","properties":{"GEOID":"360290088003"}},{"arcs":[[1141,1142,1143,1144,-1044,-854,-965,1145,1146,-932]],"type":"Polygon","properties":{"GEOID":"360290100012"}},{"arcs":[[1147,-897,-215,1148,1149]],"type":"Polygon","properties":{"GEOID":"360290090082"}},{"arcs":[[1150,-304]],"type":"Polygon","properties":{"GEOID":"360290153011"}},{"arcs":[[-303,1151,1152,-305,-1151]],"type":"Polygon","properties":{"GEOID":"360290153013"}},{"arcs":[[-1153,1153,-438,-174,-306]],"type":"Polygon","properties":{"GEOID":"360290153021"}},{"arcs":[[1154,-437,-1154,-1152,-302]],"type":"Polygon","properties":{"GEOID":"360290153022"}},{"arcs":[[1155,-682,1156,-432,-1155,-301]],"type":"Polygon","properties":{"GEOID":"360290153023"}},{"arcs":[[1157,1158]],"type":"Polygon","properties":{"GEOID":"360299401001"}},{"arcs":[[1159,-913]],"type":"Polygon","properties":{"GEOID":"360290073031"}},{"arcs":[[-992,1160,1161,1162,-547,-562,-1115,-1125,1163,1164,1165,1166]],"type":"Polygon","properties":{"GEOID":"360290073041"}},{"arcs":[[-911,1167,-1162,1168,1169]],"type":"Polygon","properties":{"GEOID":"360290073042"}},{"arcs":[[1170,-576,-942,-577,-208,1171]],"type":"Polygon","properties":{"GEOID":"360290172001"}},{"arcs":[[1172,-1172,-214,-939,-549]],"type":"Polygon","properties":{"GEOID":"360290172002"}},{"arcs":[[-545,-940,-212,1173,1174]],"type":"Polygon","properties":{"GEOID":"360290076001"}},{"arcs":[[-907,1175,1176,-495,1177,1178]],"type":"Polygon","properties":{"GEOID":"360290069013"}},{"arcs":[[-499,1179,1180,1181,-1178]],"type":"Polygon","properties":{"GEOID":"360290069014"}},{"arcs":[[-908,-1179,-1182,1182,-899,1183]],"type":"Polygon","properties":{"GEOID":"360290070001"}},{"arcs":[[-1181,1184,1185,1186,-900,-1183]],"type":"Polygon","properties":{"GEOID":"360290070003"}},{"arcs":[[1187,1188,1189,1190]],"type":"Polygon","properties":{"GEOID":"360290071023"}},{"arcs":[[1191,1192,-790,1193,-1190]],"type":"Polygon","properties":{"GEOID":"360290071022"}},{"arcs":[[1194,1195,1196,-1191,-1194,-799,-809]],"type":"Polygon","properties":{"GEOID":"360290071021"}},{"arcs":[[-538,-534,1197]],"type":"Polygon","properties":{"GEOID":"360290059001"}},{"arcs":[[-505,-1086,1198]],"type":"Polygon","properties":{"GEOID":"360290059004"}},{"arcs":[[-865,1199,1200,1201,1202,-871]],"type":"Polygon","properties":{"GEOID":"360290171002"}},{"arcs":[[1203,1204,1205,1206,1207]],"type":"Polygon","properties":{"GEOID":"360290061004"}},{"arcs":[[1208,-863,-878,1209,1210,1211]],"type":"Polygon","properties":{"GEOID":"360290063011"}},{"arcs":[[-1211,1212,-449,1213,1214]],"type":"Polygon","properties":{"GEOID":"360290063012"}},{"arcs":[[-1215,1215,-454,1216]],"type":"Polygon","properties":{"GEOID":"360290063013"}},{"arcs":[[-877,1217,1218,-1210]],"type":"Polygon","properties":{"GEOID":"360290063023"}},{"arcs":[[-1219,1219,-448,-464,-468,-1213]],"type":"Polygon","properties":{"GEOID":"360290063022"}},{"arcs":[[-1041,-885,-296,1220]],"type":"Polygon","properties":{"GEOID":"360290154022"}},{"arcs":[[-638,-789,1221,1222,-851,-716]],"type":"Polygon","properties":{"GEOID":"360290155042"}},{"arcs":[[-788,1223,1224,-1222]],"type":"Polygon","properties":{"GEOID":"360290155041"}},{"arcs":[[-1224,-787,-636,-1042,-1221,-310,-168,-853,1225],[-698]],"type":"Polygon","properties":{"GEOID":"360290155031"}},{"arcs":[[-710,1226,1227,1228,1229]],"type":"Polygon","properties":{"GEOID":"360290131013"}},{"arcs":[[1230,-133,-145,-139,1231,-610]],"type":"Polygon","properties":{"GEOID":"360290053001"}},{"arcs":[[-611,-1232,-144,-146,-445,-1220,-1218,-876]],"type":"Polygon","properties":{"GEOID":"360290053002"}},{"arcs":[[1232,1233,-112,-134,-1231,-609,1234]],"type":"Polygon","properties":{"GEOID":"360290054004"}},{"arcs":[[1235,-607,-880,-893]],"type":"Polygon","properties":{"GEOID":"360290054003"}},{"arcs":[[1236,1237,-1235,-608,-1236,-892]],"type":"Polygon","properties":{"GEOID":"360290054002"}},{"arcs":[[-157,-167,1238,1239,1240]],"type":"Polygon","properties":{"GEOID":"360290137013"}},{"arcs":[[1241,1242,1243,-262,1244,1245]],"type":"Polygon","properties":{"GEOID":"360290033023"}},{"arcs":[[1246,1247,1248,1249,1250,1251,1252]],"type":"Polygon","properties":{"GEOID":"360290036003"}},{"arcs":[[-1245,-267,1253,1254,1255]],"type":"Polygon","properties":{"GEOID":"360290033021"}},{"arcs":[[1256,1257,-268,1258,-147,-142]],"type":"Polygon","properties":{"GEOID":"360290052022"}},{"arcs":[[-1251,1259,1260,1261]],"type":"Polygon","properties":{"GEOID":"360290029002"}},{"arcs":[[1262,1263,1264,1265]],"type":"Polygon","properties":{"GEOID":"360290029004"}},{"arcs":[[1266,-28,1267,1268,1269]],"type":"Polygon","properties":{"GEOID":"360290030001"}},{"arcs":[[1270,1271,-1269,-627,1272,1273,1274,1275]],"type":"Polygon","properties":{"GEOID":"360290030002"}},{"arcs":[[1276,1277,-1270,-1272,1278,1279]],"type":"Polygon","properties":{"GEOID":"360290030003"}},{"arcs":[[1280,-265,1281,1282,-320,1283,-1026]],"type":"Polygon","properties":{"GEOID":"360290031001"}},{"arcs":[[1284,-272,1285,-1242,1286]],"type":"Polygon","properties":{"GEOID":"360290033014"}},{"arcs":[[-599,1287,1288,1289]],"type":"Polygon","properties":{"GEOID":"360290034001"}},{"arcs":[[-600,-1290,1290,-836]],"type":"Polygon","properties":{"GEOID":"360290034002"}},{"arcs":[[-1254,-266,-1281,1291]],"type":"Polygon","properties":{"GEOID":"360290033024"}},{"arcs":[[-40,-55,1292,1293,1294,-1248,1295]],"type":"Polygon","properties":{"GEOID":"360290036001"}},{"arcs":[[-598,-41,-1296,-1247,1296,1297,-1288]],"type":"Polygon","properties":{"GEOID":"360290036004"}},{"arcs":[[1298,-47,-34,-37,1299,1300]],"type":"Polygon","properties":{"GEOID":"360290037001"}},{"arcs":[[-1300,-36,-29,-1267,-1278,1301]],"type":"Polygon","properties":{"GEOID":"360290037002"}},{"arcs":[[1302,-48,-1299,1303,-1294]],"type":"Polygon","properties":{"GEOID":"360290037003"}},{"arcs":[[-1295,-1304,-1301,-1302,-1277,1304,-1249]],"type":"Polygon","properties":{"GEOID":"360290037004"}},{"arcs":[[-839,1305,1306,-270]],"type":"Polygon","properties":{"GEOID":"360290034003"}},{"arcs":[[-838,1307,1308]],"type":"Polygon","properties":{"GEOID":"360290034004"}},{"arcs":[[-177,-421,1309,1310,-313]],"type":"Polygon","properties":{"GEOID":"360290158002"}},{"arcs":[[1311,1312,1313,1314,1315,1316,-721,-827]],"type":"Polygon","properties":{"GEOID":"360290001101"}},{"arcs":[[-832,1317,-823]],"type":"Polygon","properties":{"GEOID":"360290002004"}},{"arcs":[[-1318,-831,-762,1318,-824]],"type":"Polygon","properties":{"GEOID":"360290002002"}},{"arcs":[[-1319,-768,1319,1320,-825]],"type":"Polygon","properties":{"GEOID":"360290002003"}},{"arcs":[[1321,1322,1323,1324,-1314]],"type":"Polygon","properties":{"GEOID":"360290006002"}},{"arcs":[[1325,1326,1327,-764,-830]],"type":"Polygon","properties":{"GEOID":"360290009001"}},{"arcs":[[1328,-683,-881,-1040]],"type":"Polygon","properties":{"GEOID":"360290154011"}},{"arcs":[[1329,-977,1330]],"type":"Polygon","properties":{"GEOID":"360290111002"}},{"arcs":[[1331,1332,1333,1334,-680,1335]],"type":"Polygon","properties":{"GEOID":"360290133003"}},{"arcs":[[1336,1337,-59,-64,-199]],"type":"Polygon","properties":{"GEOID":"360290042005"}},{"arcs":[[1338,1339,1340,1341]],"type":"Polygon","properties":{"GEOID":"360290081025"}},{"arcs":[[1342,1343,1344,1345]],"type":"Polygon","properties":{"GEOID":"360290093021"}},{"arcs":[[1346,-725,1347,-665]],"type":"Polygon","properties":{"GEOID":"360290124001"}},{"arcs":[[1348,1349,-1332,1350,1351]],"type":"Polygon","properties":{"GEOID":"360290134002"}},{"arcs":[[1352,1353,1354,1355]],"type":"Polygon","properties":{"GEOID":"360290108072"}},{"arcs":[[1356,1357,1358]],"type":"Polygon","properties":{"GEOID":"360290115002"}},{"arcs":[[1359,1360,1361,1362]],"type":"Polygon","properties":{"GEOID":"360290101014"}},{"arcs":[[-1112,-275,-1106]],"type":"Polygon","properties":{"GEOID":"360290058012"}},{"arcs":[[-589,-588,-769,1363,1364,1365]],"type":"Polygon","properties":{"GEOID":"360290079026"}},{"arcs":[[1366,-407]],"type":"Polygon","properties":{"GEOID":"360290150032"}},{"arcs":[[1367,1368,1369,-404,-401,-194,-440]],"type":"Polygon","properties":{"GEOID":"360290151011"}},{"arcs":[[-1321,1370,1371,-1312,-826]],"type":"Polygon","properties":{"GEOID":"360290001102"}},{"arcs":[[1372,1373,-458,1374,-1206]],"type":"Polygon","properties":{"GEOID":"360290061002"}},{"arcs":[[1375,-1207,-1375,-462,-474,1376,-1176,-906]],"type":"Polygon","properties":{"GEOID":"360290061003"}},{"arcs":[[1377,1378,1379,1380]],"type":"Polygon","properties":{"GEOID":"360290091143"}},{"arcs":[[1381,1382,1383,1384]],"type":"Polygon","properties":{"GEOID":"360290166002"}},{"arcs":[[1385,-1384,1386,1387,-1055,-322]],"type":"Polygon","properties":{"GEOID":"360290166001"}},{"arcs":[[-1024,1388,1389,-728,-803]],"type":"Polygon","properties":{"GEOID":"360290163001"}},{"arcs":[[1390,1391,1392,1393,1394,1395,1396,-258,1397]],"type":"Polygon","properties":{"GEOID":"360290167003"}},{"arcs":[[1398,1399,-806,1400,1401,-795]],"type":"Polygon","properties":{"GEOID":"360290164003"}},{"arcs":[[1402,1403,1404,1405,1406,1407,1408]],"type":"Polygon","properties":{"GEOID":"360290086003"}},{"arcs":[[1409,1410,1411,-1403,1412,1413]],"type":"Polygon","properties":{"GEOID":"360290086004"}},{"arcs":[[1414,1415,1416,1417,1418,-602,1419,1420,-1405]],"type":"Polygon","properties":{"GEOID":"360290086005"}},{"arcs":[[1421,1422,-1413,-1409,1423,1424]],"type":"Polygon","properties":{"GEOID":"360290087003"}},{"arcs":[[-1424,-1408,1425,-1139,1426]],"type":"Polygon","properties":{"GEOID":"360290087004"}},{"arcs":[[1427,-1425,-1427,-1138,1428]],"type":"Polygon","properties":{"GEOID":"360290088001"}},{"arcs":[[1429,1430,1431,1432,1433,1434]],"type":"Polygon","properties":{"GEOID":"360290089001"}},{"arcs":[[-1431,1435,1436,1437]],"type":"Polygon","properties":{"GEOID":"360290089003"}},{"arcs":[[-1437,1438,1439,-1144,1440,1441]],"type":"Polygon","properties":{"GEOID":"360290089004"}},{"arcs":[[1442,-1432,-1438,-1442,1443,1444]],"type":"Polygon","properties":{"GEOID":"360290089005"}},{"arcs":[[1445,-1433,-1443,1446]],"type":"Polygon","properties":{"GEOID":"360290089002"}},{"arcs":[[1447,1448,1449,1450,-751]],"type":"Polygon","properties":{"GEOID":"360290090101"}},{"arcs":[[1451,1452,1453,1454,1455]],"type":"Polygon","properties":{"GEOID":"360290090091"}},{"arcs":[[1456,-1453]],"type":"Polygon","properties":{"GEOID":"360290090041"}},{"arcs":[[1457,-758,1458,-1448,-750,-1454,-1457,-1452]],"type":"Polygon","properties":{"GEOID":"360290090042"}},{"arcs":[[1459,1460,-221,-657,1461,-1363,1462,1463,-85]],"type":"Polygon","properties":{"GEOID":"360290102023"}},{"arcs":[[-416,-179,-312,-1068,1464]],"type":"Polygon","properties":{"GEOID":"360290175021"}},{"arcs":[[-171,-417,-1465,-1070,1465,-702,1466,-317]],"type":"Polygon","properties":{"GEOID":"360299400002"}},{"arcs":[[1467,1468,1469,-1032,-161,-155]],"type":"Polygon","properties":{"GEOID":"360290137011"}},{"arcs":[[1470,1471,1472,-252,1473]],"type":"Polygon","properties":{"GEOID":"360290031004"}},{"arcs":[[-921,1474,1475,1476,1477]],"type":"Polygon","properties":{"GEOID":"360290081014"}},{"arcs":[[-1420,-606,1478,1479,1480]],"type":"Polygon","properties":{"GEOID":"360290085001"}},{"arcs":[[1481,-1429,-1137,-1103]],"type":"Polygon","properties":{"GEOID":"360290088002"}},{"arcs":[[-1130,1482,1483,1484]],"type":"Polygon","properties":{"GEOID":"360290080013"}},{"arcs":[[1485,-1392,1486]],"type":"Polygon","properties":{"GEOID":"360290023003"}},{"arcs":[[-864,-1209,1487,-1200]],"type":"Polygon","properties":{"GEOID":"360290063015"}},{"arcs":[[1488,1489,-1013,1490,1491,1492,1493]],"type":"Polygon","properties":{"GEOID":"360290120011"}},{"arcs":[[1494,-1324,1495,1496,1497,1498,1499]],"type":"Polygon","properties":{"GEOID":"360290007004"}},{"arcs":[[-1283,1500,-1385,-1386,-321]],"type":"Polygon","properties":{"GEOID":"360290166003"}},{"arcs":[[-528,-1237,-895,-500,-508]],"type":"Polygon","properties":{"GEOID":"360290055001"}},{"arcs":[[-412,1501,1502]],"type":"Polygon","properties":{"GEOID":"360290151022"}},{"arcs":[[-200,-62,-327,-97,-52]],"type":"Polygon","properties":{"GEOID":"360290042003"}},{"arcs":[[1503,1504,1505,1506]],"type":"Polygon","properties":{"GEOID":"360290101022"}},{"arcs":[[-72,-69,1507,-89,-833,-78,1508]],"type":"Polygon","properties":{"GEOID":"360290043007"}},{"arcs":[[-559,-556,-546,-1175,1509,-565]],"type":"Polygon","properties":{"GEOID":"360290077005"}},{"arcs":[[-1460,-84,1510]],"type":"Polygon","properties":{"GEOID":"360290102022"}},{"arcs":[[1511,-392,1512,-695]],"type":"Polygon","properties":{"GEOID":"360290149012"}},{"arcs":[[1513,1514,-1136,1515,-929]],"type":"Polygon","properties":{"GEOID":"360290080016"}},{"arcs":[[1516,-1380,1517,1518,1519]],"type":"Polygon","properties":{"GEOID":"360290091041"}},{"arcs":[[-1325,-1495,1520,-1315]],"type":"Polygon","properties":{"GEOID":"360290006003"}},{"arcs":[[-1521,-1500,1521,-1316]],"type":"Polygon","properties":{"GEOID":"360290006004"}},{"arcs":[[1522,-1489,1523,-1497,1524]],"type":"Polygon","properties":{"GEOID":"360290007002"}},{"arcs":[[-1498,-1524,-1494,1525,1526,1527]],"type":"Polygon","properties":{"GEOID":"360290007003"}},{"arcs":[[1528,1529,-1525,-1496,-1323,1530]],"type":"Polygon","properties":{"GEOID":"360290007005"}},{"arcs":[[1531,1532,-1016,1533,1534,-766]],"type":"Polygon","properties":{"GEOID":"360290008003"}},{"arcs":[[1535,-1534,-1015,1536,-1529,1537]],"type":"Polygon","properties":{"GEOID":"360290008004"}},{"arcs":[[-1328,1538,-1018,1539,-1532,-765]],"type":"Polygon","properties":{"GEOID":"360290009002"}},{"arcs":[[-1540,-1017,-1533]],"type":"Polygon","properties":{"GEOID":"360290009003"}},{"arcs":[[1540,-251,-1019,-1539,-1327,1541]],"type":"Polygon","properties":{"GEOID":"360290010004"}},{"arcs":[[-366,-370,1542,1543,-591,-357]],"type":"Polygon","properties":{"GEOID":"360290146011"}},{"arcs":[[1544,1545,1546,1547]],"type":"Polygon","properties":{"GEOID":"360290100032"}},{"arcs":[[1548,-1542,-1326,-814]],"type":"Polygon","properties":{"GEOID":"360290011002"}},{"arcs":[[1549,-1002,-1067,1550,1551]],"type":"Polygon","properties":{"GEOID":"360290108073"}},{"arcs":[[-1114,-539,-1198,-533,1552,-1084]],"type":"Polygon","properties":{"GEOID":"360290059002"}},{"arcs":[[-1367,-406,-399,1553,-410,-408]],"type":"Polygon","properties":{"GEOID":"360290150031"}},{"arcs":[[-1250,-1305,-1280,1554,-1260]],"type":"Polygon","properties":{"GEOID":"360290029001"}},{"arcs":[[1555,1556,1557,-285,1558,1559,1560]],"type":"Polygon","properties":{"GEOID":"360290094011"}},{"arcs":[[1561,1562,-1080,-9,-98,-604]],"type":"Polygon","properties":{"GEOID":"360290080021"}},{"arcs":[[-828,-719,1563,1564,1565]],"type":"Polygon","properties":{"GEOID":"360290123001"}},{"arcs":[[-796,-1402,1566,-818,1567,-816]],"type":"Polygon","properties":{"GEOID":"360290164001"}},{"arcs":[[-96,-49,-1303,-1293,-54]],"type":"Polygon","properties":{"GEOID":"360290041003"}},{"arcs":[[1568,1569,1570,-114,-513,-1141]],"type":"Polygon","properties":{"GEOID":"360290087002"}},{"arcs":[[1571,-882,-684,-1329,-1043,-635,-715]],"type":"Polygon","properties":{"GEOID":"360290154021"}},{"arcs":[[-118,-124,-127,1572,1573,-1238,-527]],"type":"Polygon","properties":{"GEOID":"360290050001"}},{"arcs":[[-1202,1574,-1373,-1205,1575]],"type":"Polygon","properties":{"GEOID":"360290171003"}},{"arcs":[[1576,1577,-1050,1578,-334]],"type":"Polygon","properties":{"GEOID":"360290143001"}},{"arcs":[[1579,-1142,-931,-242]],"type":"Polygon","properties":{"GEOID":"360290100011"}},{"arcs":[[-271,-1307,-1243,-1286]],"type":"Polygon","properties":{"GEOID":"360290033013"}},{"arcs":[[1580,1581,1582]],"type":"Polygon","properties":{"GEOID":"360290080032"}},{"arcs":[[-350,-346,-774,-291,1583]],"type":"Polygon","properties":{"GEOID":"360290145021"}},{"arcs":[[1584,-1252,-1262,1585,-1264]],"type":"Polygon","properties":{"GEOID":"360290029003"}},{"arcs":[[-75,-73,-1509,-77,1586,1587]],"type":"Polygon","properties":{"GEOID":"360290043003"}},{"arcs":[[-568,-1116]],"type":"Polygon","properties":{"GEOID":"360290078003"}},{"arcs":[[-1406,-1421,-1481,1588,-1570,1589]],"type":"Polygon","properties":{"GEOID":"360290085002"}},{"arcs":[[-1372,1590,-1538,-1531,-1322,-1313]],"type":"Polygon","properties":{"GEOID":"360290006001"}},{"arcs":[[-1426,-1407,-1590,-1569,-1140]],"type":"Polygon","properties":{"GEOID":"360290087005"}},{"arcs":[[1591,1592,1593,1594]],"type":"Polygon","properties":{"GEOID":"360290105003"}},{"arcs":[[-1589,-1480,1595,-867,-115,-1571]],"type":"Polygon","properties":{"GEOID":"360290051003"}},{"arcs":[[-1225,-1226,-852,-1223]],"type":"Polygon","properties":{"GEOID":"360290155043"}},{"arcs":[[-469,-467,-477,-451]],"type":"Polygon","properties":{"GEOID":"360290169002"}},{"arcs":[[1596,-573,1597,1598,1599,1600,-936]],"type":"Polygon","properties":{"GEOID":"360290079052"}},{"arcs":[[1601,1602,-1150,1603,1604,-1379]],"type":"Polygon","properties":{"GEOID":"360290090081"}},{"arcs":[[-1216,-1214,-453,-1126,-475,-455]],"type":"Polygon","properties":{"GEOID":"360290065012"}},{"arcs":[[-1021,1605,1606,-1011]],"type":"Polygon","properties":{"GEOID":"360290114002"}},{"arcs":[[1607,1608,-1349,1609,1610]],"type":"Polygon","properties":{"GEOID":"360290134001"}},{"arcs":[[1611,-967]],"type":"Polygon","properties":{"GEOID":"360290100022"}},{"arcs":[[-1568,-817]],"type":"Polygon","properties":{"GEOID":"360290005002"}},{"arcs":[[-68,-219,-1461,-1511,-83,-90,-1508]],"type":"Polygon","properties":{"GEOID":"360290044014"}},{"arcs":[[1612,-1414,-1423,1613]],"type":"Polygon","properties":{"GEOID":"360290087001"}},{"arcs":[[-1596,-1479,-605,-105,-949,1614,-868]],"type":"Polygon","properties":{"GEOID":"360290051001"}},{"arcs":[[-872,-1203,-1576,-1204,1615,-904]],"type":"Polygon","properties":{"GEOID":"360290171004"}},{"arcs":[[-1377,-473,1616,1617,-496,-1177]],"type":"Polygon","properties":{"GEOID":"360290069011"}},{"arcs":[[-249,-1020,-1009]],"type":"Polygon","properties":{"GEOID":"360290010002"}},{"arcs":[[1618,-1059,-259,-1397]],"type":"Polygon","properties":{"GEOID":"360290167002"}},{"arcs":[[-1616,-1208,-1376,-905]],"type":"Polygon","properties":{"GEOID":"360290061005"}},{"arcs":[[1619,-1564,-726,-1347,-664,1620]],"type":"Polygon","properties":{"GEOID":"360290123002"}},{"arcs":[[-148,-1259,-273,-1285,1621]],"type":"Polygon","properties":{"GEOID":"360290033011"}},{"arcs":[[1622,1623,1624,1625]],"type":"Polygon","properties":{"GEOID":"360290093012"}},{"arcs":[[-100,1626,-842,1627,-846]],"type":"Polygon","properties":{"GEOID":"360290045002"}},{"arcs":[[-1320,-767,-1535,-1536,-1591,-1371]],"type":"Polygon","properties":{"GEOID":"360290008001"}},{"arcs":[[-344,1628,-1046,-1578,1629,-775]],"type":"Polygon","properties":{"GEOID":"360290144003"}},{"arcs":[[-1537,-1014,-1490,-1523,-1530]],"type":"Polygon","properties":{"GEOID":"360290007001"}},{"arcs":[[-813,1630,-1062,1631,-245,-1541,-1549]],"type":"Polygon","properties":{"GEOID":"360290011001"}},{"arcs":[[-920,-930,-1516,1632,1633,1634,-1475]],"type":"Polygon","properties":{"GEOID":"360290080024"}},{"arcs":[[1635,-1028,-253,-1473]],"type":"Polygon","properties":{"GEOID":"360290031003"}},{"arcs":[[1636,1637,1638,-1389,-1023]],"type":"Polygon","properties":{"GEOID":"360290017001"}},{"arcs":[[-1398,-261,-1063,-1631,-812,1639]],"type":"Polygon","properties":{"GEOID":"360290019001"}},{"arcs":[[-1639,1640,1641,-1391,-1640,-729,-1390]],"type":"Polygon","properties":{"GEOID":"360290163002"}},{"arcs":[[-985,-1060,-1619,-1396]],"type":"Polygon","properties":{"GEOID":"360290167001"}},{"arcs":[[1642,1643,1644,-1394,1645]],"type":"Polygon","properties":{"GEOID":"360290023001"}},{"arcs":[[1646,1647,-1646,-1393,-1486]],"type":"Polygon","properties":{"GEOID":"360290023002"}},{"arcs":[[1648,1649,-1647,-1487,-1642,1650]],"type":"Polygon","properties":{"GEOID":"360290023004"}},{"arcs":[[1651,-1275,1652,1653,-1649,1654]],"type":"Polygon","properties":{"GEOID":"360290024003"}},{"arcs":[[1655,1656,-1652,1657]],"type":"Polygon","properties":{"GEOID":"360290024005"}},{"arcs":[[-1274,1658,1659,-1653]],"type":"Polygon","properties":{"GEOID":"360290024002"}},{"arcs":[[1660,-324,1661,-792]],"type":"Polygon","properties":{"GEOID":"360290025022"}},{"arcs":[[-522,-525,-531]],"type":"Polygon","properties":{"GEOID":"360290056004"}},{"arcs":[[-1553,-532,-524,-506,-1199,-1085]],"type":"Polygon","properties":{"GEOID":"360290059003"}},{"arcs":[[-1575,-1201,-1488,-1212,-1217,-459,-1374]],"type":"Polygon","properties":{"GEOID":"360290063014"}},{"arcs":[[-472,-490,1662,1663,-1617]],"type":"Polygon","properties":{"GEOID":"360290067011"}},{"arcs":[[1664,1665,1666,1667]],"type":"Polygon","properties":{"GEOID":"360290091092"}},{"arcs":[[1668,-1560,1669,1670,1671]],"type":"Polygon","properties":{"GEOID":"360290094012"}},{"arcs":[[1672,1673,1674,1675,-655]],"type":"Polygon","properties":{"GEOID":"360290102011"}},{"arcs":[[1676,1677,-614,1678]],"type":"Polygon","properties":{"GEOID":"360290104002"}},{"arcs":[[1679,1680,-1552,1681,-1354]],"type":"Polygon","properties":{"GEOID":"360290108074"}},{"arcs":[[-1565,-1620,1682]],"type":"Polygon","properties":{"GEOID":"360290123004"}},{"arcs":[[1683,-1094,1684]],"type":"Polygon","properties":{"GEOID":"360290135022"}},{"arcs":[[-776,-1630,-1577,-333,-338]],"type":"Polygon","properties":{"GEOID":"360290143004"}},{"arcs":[[1685,-754,-783,-898,-1148,-1603,1686]],"type":"Polygon","properties":{"GEOID":"360290090071"}},{"arcs":[[-781,-752,-1451,1687,1688,1689,-1089,1690,-896]],"type":"Polygon","properties":{"GEOID":"360290090073"}},{"arcs":[[-1519,1691,1692,1693]],"type":"Polygon","properties":{"GEOID":"360290091042"}},{"arcs":[[1694,1695,-1520,-1694,1696,1697,1698]],"type":"Polygon","properties":{"GEOID":"360290091043"}},{"arcs":[[1699,-645,1700,1701,-944,-952,1702]],"type":"Polygon","properties":{"GEOID":"360290091062"}},{"arcs":[[-646,-1700,1703,-962,1704,1705]],"type":"Polygon","properties":{"GEOID":"360290091061"}},{"arcs":[[-963,-1704,1706,-859]],"type":"Polygon","properties":{"GEOID":"360290091072"}},{"arcs":[[-1705,-964,-860,-1707,-1703,-951,-570,1707]],"type":"Polygon","properties":{"GEOID":"360290091074"}},{"arcs":[[-572,-957,-961,1708,-1598]],"type":"Polygon","properties":{"GEOID":"360290091163"}},{"arcs":[[1709,1710,-1699,1711,1712,-1666]],"type":"Polygon","properties":{"GEOID":"360290091091"}},{"arcs":[[1713,-1447,1714,1715]],"type":"Polygon","properties":{"GEOID":"360290094022"}},{"arcs":[[1716,1717,1718,1719,1720,1721,-1557]],"type":"Polygon","properties":{"GEOID":"360290094023"}},{"arcs":[[-1722,1722,-1558]],"type":"Polygon","properties":{"GEOID":"360290094024"}},{"arcs":[[-1670,-1559,-284,1723,1724]],"type":"Polygon","properties":{"GEOID":"360290095014"}},{"arcs":[[-1724,-288,-654,-65,1725]],"type":"Polygon","properties":{"GEOID":"360290095011"}},{"arcs":[[1726,1727,-1671,-1725,-1726,-71,-4]],"type":"Polygon","properties":{"GEOID":"360290095012"}},{"arcs":[[1728,-351,-1584,-290,1729,1730,1731]],"type":"Polygon","properties":{"GEOID":"360290098001"}},{"arcs":[[-1730,-289,1732,1733,1734]],"type":"Polygon","properties":{"GEOID":"360290098002"}},{"arcs":[[-625,1735,1736,1737]],"type":"Polygon","properties":{"GEOID":"360290099001"}},{"arcs":[[1738,1739,-1737,1740,1741,-1330,1742,-1645]],"type":"Polygon","properties":{"GEOID":"360290099002"}},{"arcs":[[-626,-1738,-1740,1743]],"type":"Polygon","properties":{"GEOID":"360290099003"}},{"arcs":[[1744,-1053,1745,-1685,-1093,1746]],"type":"Polygon","properties":{"GEOID":"360290135023"}},{"arcs":[[-164,-1054,-1745,1747,1748]],"type":"Polygon","properties":{"GEOID":"360290136001"}},{"arcs":[[1749,-1748,-1747,-1096,-779]],"type":"Polygon","properties":{"GEOID":"360290136002"}},{"arcs":[[-165,-1749,-1750,-778]],"type":"Polygon","properties":{"GEOID":"360290136003"}},{"arcs":[[1750,1751,1752,1753,1754,-1593]],"type":"Polygon","properties":{"GEOID":"360290105001"}},{"arcs":[[1755,-1594,-1755,1756,1757,1758,-1677,1759]],"type":"Polygon","properties":{"GEOID":"360290105002"}},{"arcs":[[1760,1761,-619,1762]],"type":"Polygon","properties":{"GEOID":"360290106001"}},{"arcs":[[1763,-1506,-1763,-618,1764,-1753]],"type":"Polygon","properties":{"GEOID":"360290106002"}},{"arcs":[[-1758,1765,-616,1766]],"type":"Polygon","properties":{"GEOID":"360290107003"}},{"arcs":[[-1754,-1765,-617,-1766,-1757]],"type":"Polygon","properties":{"GEOID":"360290107002"}},{"arcs":[[1767,-1547,1768,1769,-621]],"type":"Polygon","properties":{"GEOID":"360290108031"}},{"arcs":[[-972,-622,-1770,-1731,-1735,1770,1771,1772]],"type":"Polygon","properties":{"GEOID":"360290108032"}},{"arcs":[[1773,-1733,-295,-332,1774,1775]],"type":"Polygon","properties":{"GEOID":"360290108041"}},{"arcs":[[-1734,-1774,1776,-1771]],"type":"Polygon","properties":{"GEOID":"360290108042"}},{"arcs":[[1777,1778,1779,-995]],"type":"Polygon","properties":{"GEOID":"360290108051"}},{"arcs":[[-996,-1780,1780,-1681,1781]],"type":"Polygon","properties":{"GEOID":"360290108052"}},{"arcs":[[-1775,1782,-999,-1550,-1781,-1779]],"type":"Polygon","properties":{"GEOID":"360290108053"}},{"arcs":[[-988,-997,-1782,-1680,-1353,1783,1784]],"type":"Polygon","properties":{"GEOID":"360290108082"}},{"arcs":[[1785,-989,-1785,1786,1787,1788]],"type":"Polygon","properties":{"GEOID":"360290108081"}},{"arcs":[[-1784,-1356,1789,1790,1791,-1787]],"type":"Polygon","properties":{"GEOID":"360290108071"}},{"arcs":[[-1736,-624,-971,1792,1793,-1741]],"type":"Polygon","properties":{"GEOID":"360290109011"}},{"arcs":[[-1793,-975,1794,-981,1795]],"type":"Polygon","properties":{"GEOID":"360290109012"}},{"arcs":[[-1794,-1796,-980,1796,-978,-1742]],"type":"Polygon","properties":{"GEOID":"360290109013"}},{"arcs":[[-1795,-974,-786,1797,-982]],"type":"Polygon","properties":{"GEOID":"360290109022"}},{"arcs":[[-1798,-785,-973,-1773,1798,1799,1800,-983]],"type":"Polygon","properties":{"GEOID":"360290109021"}},{"arcs":[[-1797,-979]],"type":"Polygon","properties":{"GEOID":"360290110001"}},{"arcs":[[-1743,-1331,-976,-1395]],"type":"Polygon","properties":{"GEOID":"360290111001"}},{"arcs":[[1801,1802]],"type":"Polygon","properties":{"GEOID":"360290113002"}},{"arcs":[[-1632,-1061,-984,1803,1804,1805,1806,-246]],"type":"Polygon","properties":{"GEOID":"360290113003"}},{"arcs":[[-1807,1807,1808,-1606,-247]],"type":"Polygon","properties":{"GEOID":"360290114001"}},{"arcs":[[-1806,1809,1810,1811,1812,1813,-1357,1814,-1808]],"type":"Polygon","properties":{"GEOID":"360290115001"}},{"arcs":[[1815,-1812,1816,1817,1818,-658,1819]],"type":"Polygon","properties":{"GEOID":"360290116001"}},{"arcs":[[-1813,-1816,1820]],"type":"Polygon","properties":{"GEOID":"360290116002"}},{"arcs":[[-1358,-1814,-1821,-1820,-662,1821,1822,1823]],"type":"Polygon","properties":{"GEOID":"360290117003"}},{"arcs":[[-1607,-1809,-1815,-1359,-1824,1824,-1491,-1012]],"type":"Polygon","properties":{"GEOID":"360290117001"}},{"arcs":[[1825,1826,1827,1828,-1819]],"type":"Polygon","properties":{"GEOID":"360290118001"}},{"arcs":[[1829,-1492,-1825,-1823,1830,1831,1832,1833,1834,1835]],"type":"Polygon","properties":{"GEOID":"360290120013"}},{"arcs":[[-1822,-661,1836,1837,1838,-1831]],"type":"Polygon","properties":{"GEOID":"360290120021"}},{"arcs":[[-1833,1839,1840,-1469,1841]],"type":"Polygon","properties":{"GEOID":"360290120022"}},{"arcs":[[-1841,1842,1843,1844,1845,-1029,-1470]],"type":"Polygon","properties":{"GEOID":"360290120031"}},{"arcs":[[1846,1847,-1844,1848]],"type":"Polygon","properties":{"GEOID":"360290120032"}},{"arcs":[[-222,-630,1849,1850,-631]],"type":"Polygon","properties":{"GEOID":"360290174001"}},{"arcs":[[-632,-1851,-668,-669,1851]],"type":"Polygon","properties":{"GEOID":"360290174002"}},{"arcs":[[1852,1853,1854,1855,1856]],"type":"Polygon","properties":{"GEOID":"360290129021"}},{"arcs":[[1857,-1038,1858,1859,1860,-1073]],"type":"Polygon","properties":{"GEOID":"360290129022"}},{"arcs":[[1861,1862,1863,-1037,1864]],"type":"Polygon","properties":{"GEOID":"360290130014"}},{"arcs":[[-675,1865,-1865,-1036,1866,1867]],"type":"Polygon","properties":{"GEOID":"360290130011"}},{"arcs":[[1868]],"type":"Polygon","properties":{"GEOID":"360290130013"}},{"arcs":[[-708,-633,-1852,-676,-1868,1869,1870,1871],[-1869]],"type":"Polygon","properties":{"GEOID":"360290130012"}},{"arcs":[[1872,-677,-1156,-300,1873]],"type":"Polygon","properties":{"GEOID":"360290132013"}},{"arcs":[[-688,1874,-1856,1875,1876,1877,-1608]],"type":"Polygon","properties":{"GEOID":"360290132021"}},{"arcs":[[-1877,1878,-1334,1879]],"type":"Polygon","properties":{"GEOID":"360290133001"}},{"arcs":[[-1609,-1878,-1880,-1333,-1350]],"type":"Polygon","properties":{"GEOID":"360290133002"}},{"arcs":[[-1351,-1336,-679,1880]],"type":"Polygon","properties":{"GEOID":"360290134003"}},{"arcs":[[-1873,1881,1882,-1610,-1352,-1881,-678]],"type":"Polygon","properties":{"GEOID":"360290134004"}},{"arcs":[[1883,-689,-1611,-1883,1884]],"type":"Polygon","properties":{"GEOID":"360290134005"}},{"arcs":[[-969,1885,-1545,1886]],"type":"Polygon","properties":{"GEOID":"360290100033"}},{"arcs":[[1887,1888,1889,1890,-1675]],"type":"Polygon","properties":{"GEOID":"360290101011"}},{"arcs":[[-1890,1891,-1504,-1361,1892]],"type":"Polygon","properties":{"GEOID":"360290101012"}},{"arcs":[[-656,-1676,-1891,-1893,-1360,-1462]],"type":"Polygon","properties":{"GEOID":"360290101013"}},{"arcs":[[1893,-933,-1147,-1761,-1505]],"type":"Polygon","properties":{"GEOID":"360290101021"}},{"arcs":[[-1463,-1362,-1507,-1764,-1752,1894]],"type":"Polygon","properties":{"GEOID":"360290101023"}},{"arcs":[[-1889,1895,-244,-934,-1894,-1892]],"type":"Polygon","properties":{"GEOID":"360290101032"}},{"arcs":[[-93,-86,-1464,-1895,-1751,-1592,1896,-35,-32,-44]],"type":"Polygon","properties":{"GEOID":"360290102021"}},{"arcs":[[-1595,-1756,1897,-26,-1897]],"type":"Polygon","properties":{"GEOID":"360290103001"}},{"arcs":[[-27,-1898,-1760,-1679,-613,-1268]],"type":"Polygon","properties":{"GEOID":"360290103002"}},{"arcs":[[-1759,-1767,-615,-1678]],"type":"Polygon","properties":{"GEOID":"360290104001"}},{"arcs":[[-946,1898,1899,1900,-1710,-1665,1901,1902]],"type":"Polygon","properties":{"GEOID":"360290091101"}},{"arcs":[[-1701,-644,1903,1904,-1900,1905]],"type":"Polygon","properties":{"GEOID":"360290091121"}},{"arcs":[[1906,1907]],"type":"Polygon","properties":{"GEOID":"360290091131"}},{"arcs":[[1908,-1687,1909,-1907,1910,1911]],"type":"Polygon","properties":{"GEOID":"360290091132"}},{"arcs":[[-643,1912,-1912,1913,-1904]],"type":"Polygon","properties":{"GEOID":"360290091133"}},{"arcs":[[-1914,-1911,-1908,-1910,-1602,-1378,1914,-1695,-1711,-1901,-1905]],"type":"Polygon","properties":{"GEOID":"360290091141"}},{"arcs":[[-1381,-1517,-1696,-1915]],"type":"Polygon","properties":{"GEOID":"360290091142"}},{"arcs":[[1915,-1600,1916,1917,-1902,-1668,1918,-1717,-1556,1919,-1343,1920,1921,-581]],"type":"Polygon","properties":{"GEOID":"360290092001"}},{"arcs":[[1922,-1921,1923,1924]],"type":"Polygon","properties":{"GEOID":"360290092002"}},{"arcs":[[-582,-1922,-1923,1925,-587]],"type":"Polygon","properties":{"GEOID":"360290092003"}},{"arcs":[[-281,-1926,-1925,1926,1927]],"type":"Polygon","properties":{"GEOID":"360290092004"}},{"arcs":[[-1927,1928,-1623,1929,-1128]],"type":"Polygon","properties":{"GEOID":"360290093011"}},{"arcs":[[-1625,1930,1931,-2,-18,1932]],"type":"Polygon","properties":{"GEOID":"360290093013"}},{"arcs":[[-1581,1933,1934,-1933,-17,1935]],"type":"Polygon","properties":{"GEOID":"360290093014"}},{"arcs":[[1936,-1483,-1129,-1930,-1626,-1935,1937]],"type":"Polygon","properties":{"GEOID":"360290093015"}},{"arcs":[[-1624,1938,-1345,1939,1940,-1931]],"type":"Polygon","properties":{"GEOID":"360290093022"}},{"arcs":[[-1924,-1346,-1939,-1929]],"type":"Polygon","properties":{"GEOID":"360290093023"}},{"arcs":[[-1920,-1561,-1669,1941,-1344]],"type":"Polygon","properties":{"GEOID":"360290094013"}},{"arcs":[[-1940,-1942,-1672,-1728,1942]],"type":"Polygon","properties":{"GEOID":"360290094014"}},{"arcs":[[-1941,-1943,-1727,-3,-1932]],"type":"Polygon","properties":{"GEOID":"360290094015"}},{"arcs":[[-1919,-1667,-1713,1943,-1716,1944,-1718]],"type":"Polygon","properties":{"GEOID":"360290094021"}},{"arcs":[[-968,-1612,-966,-653,1945,-1886]],"type":"Polygon","properties":{"GEOID":"360290097011"}},{"arcs":[[-652,1946,-1732,-1769,-1546,-1946]],"type":"Polygon","properties":{"GEOID":"360290097012"}},{"arcs":[[-856,-239,-354,1947,-649]],"type":"Polygon","properties":{"GEOID":"360290097021"}},{"arcs":[[-1948,-353,1948,-650]],"type":"Polygon","properties":{"GEOID":"360290097022"}},{"arcs":[[-651,-1949,-352,-1729,-1947]],"type":"Polygon","properties":{"GEOID":"360290097024"}},{"arcs":[[-1762,-1146,-970,-1887,-1548,-1768,-620]],"type":"Polygon","properties":{"GEOID":"360290100031"}},{"arcs":[[-1829,1949,1950,-659]],"type":"Polygon","properties":{"GEOID":"360290118002"}},{"arcs":[[-1828,1951,1952,-1950]],"type":"Polygon","properties":{"GEOID":"360290118003"}},{"arcs":[[-1834,-1842,-1468,-154,1953]],"type":"Polygon","properties":{"GEOID":"360290120012"}},{"arcs":[[-629,-829,-1566,-1683,-1621,-663,-1850]],"type":"Polygon","properties":{"GEOID":"360290123003"}},{"arcs":[[-1526,-1493,-1830,1954,1955,1956]],"type":"Polygon","properties":{"GEOID":"360290125011"}},{"arcs":[[-1955,-1836,1957,1958]],"type":"Polygon","properties":{"GEOID":"360290125012"}},{"arcs":[[1959,-1956,-1959,1960,-723,1961]],"type":"Polygon","properties":{"GEOID":"360290125013"}},{"arcs":[[-1527,-1957,-1960,1962]],"type":"Polygon","properties":{"GEOID":"360290125014"}},{"arcs":[[-1522,-1499,-1528,-1963,-1962,-722,-1317]],"type":"Polygon","properties":{"GEOID":"360290125015"}},{"arcs":[[-1961,-1958,-1835,1963,1964]],"type":"Polygon","properties":{"GEOID":"360290125021"}},{"arcs":[[-1954,-153,1965,1966,-1964]],"type":"Polygon","properties":{"GEOID":"360290125022"}},{"arcs":[[-724,-1965,-1967,1967,-670,-666,-1348]],"type":"Polygon","properties":{"GEOID":"360290162002"}},{"arcs":[[-673,1968,1969]],"type":"Polygon","properties":{"GEOID":"360290128002"}},{"arcs":[[-1970,1970,-1862,-1866,-674]],"type":"Polygon","properties":{"GEOID":"360290128003"}},{"arcs":[[-1870,-1867,-1039,-1858,-1072,1971]],"type":"Polygon","properties":{"GEOID":"360290130022"}},{"arcs":[[1972,1973,1974,-1228]],"type":"Polygon","properties":{"GEOID":"360290131012"}},{"arcs":[[1975,-1974,1976,1977,1978]],"type":"Polygon","properties":{"GEOID":"360290131011"}},{"arcs":[[-211,1979,-585,-590,-1366,1980,-925,-918,1981]],"type":"Polygon","properties":{"GEOID":"360290079023"}},{"arcs":[[-1365,1982,1983,-926,-1981]],"type":"Polygon","properties":{"GEOID":"360290079025"}},{"arcs":[[1984,-1983,-1364,-773,-1514,-928]],"type":"Polygon","properties":{"GEOID":"360290079031"}},{"arcs":[[-1984,-1985,-927]],"type":"Polygon","properties":{"GEOID":"360290079033"}},{"arcs":[[-1928,-1127,-770,-282]],"type":"Polygon","properties":{"GEOID":"360290079042"}},{"arcs":[[-1484,-1937,1985,1986]],"type":"Polygon","properties":{"GEOID":"360290080014"}},{"arcs":[[-1134,-1515,-772,-1131,-1485,-1987,-1132,-1076]],"type":"Polygon","properties":{"GEOID":"360290080015"}},{"arcs":[[1987,1988,1989,-1562,-603,-1419]],"type":"Polygon","properties":{"GEOID":"360290080026"}},{"arcs":[[-1133,-1986,-1938,-1934,-1583,1990,-1078]],"type":"Polygon","properties":{"GEOID":"360290080031"}},{"arcs":[[-1991,-1582,-1936,-16,-11,-1079]],"type":"Polygon","properties":{"GEOID":"360290080033"}},{"arcs":[[-1634,1991,-1989,1992,1993]],"type":"Polygon","properties":{"GEOID":"360290080025"}},{"arcs":[[-1633,-1135,-1081,-1563,-1990,-1992]],"type":"Polygon","properties":{"GEOID":"360290080022"}},{"arcs":[[-1174,-1982,-917,1994]],"type":"Polygon","properties":{"GEOID":"360290081015"}},{"arcs":[[1995,-1477,-1339,1996,1997,1998]],"type":"Polygon","properties":{"GEOID":"360290081013"}},{"arcs":[[-922,-1478,-1996,1999]],"type":"Polygon","properties":{"GEOID":"360290081012"}},{"arcs":[[-1476,-1635,-1994,2000,2001,-1340]],"type":"Polygon","properties":{"GEOID":"360290081021"}},{"arcs":[[2002,-2001,-1993,-1988,-1418,2003,-1412]],"type":"Polygon","properties":{"GEOID":"360290081023"}},{"arcs":[[-1341,-2002,-2003,-1411,2004]],"type":"Polygon","properties":{"GEOID":"360290081024"}},{"arcs":[[-1997,-1342,-2005,-1410,2005,2006]],"type":"Polygon","properties":{"GEOID":"360290081022"}},{"arcs":[[-1510,-1995,-924,2007,-1118]],"type":"Polygon","properties":{"GEOID":"360290082011"}},{"arcs":[[-2008,-923,-2000,-1999,2008,-1119]],"type":"Polygon","properties":{"GEOID":"360290082013"}},{"arcs":[[-2009,-1998,2009,-1120]],"type":"Polygon","properties":{"GEOID":"360290082012"}},{"arcs":[[-1121,-2010,-2007,2010,2011,-1100]],"type":"Polygon","properties":{"GEOID":"360290082021"}},{"arcs":[[2012,-2011,-2006,-1613,2013]],"type":"Polygon","properties":{"GEOID":"360290082022"}},{"arcs":[[2014,-2014,-1614,-1422,-1428,2015]],"type":"Polygon","properties":{"GEOID":"360290082023"}},{"arcs":[[2016,-2016,-1482,-1102]],"type":"Polygon","properties":{"GEOID":"360290082024"}},{"arcs":[[-2012,-2013,-2015,-2017,-1101]],"type":"Polygon","properties":{"GEOID":"360290082025"}},{"arcs":[[2017,-1122,-1098,-1124]],"type":"Polygon","properties":{"GEOID":"360290083003"}},{"arcs":[[-2018,-1123]],"type":"Polygon","properties":{"GEOID":"360290083002"}},{"arcs":[[2018]],"type":"Polygon","properties":{"GEOID":"360299804001"}},{"arcs":[[-1975,-1976,2019,-1229]],"type":"Polygon","properties":{"GEOID":"360290131014"}},{"arcs":[[-1444,-1441,-1143,-1580,2020]],"type":"Polygon","properties":{"GEOID":"360290095041"}},{"arcs":[[-1450,2021,-741,-376,2022,2023,-1688]],"type":"Polygon","properties":{"GEOID":"360290146061"}},{"arcs":[[-915,-993,-1167,2024]],"type":"Polygon","properties":{"GEOID":"360290073035"}},{"arcs":[[-1180,-498,2025,2026,-1185]],"type":"Polygon","properties":{"GEOID":"360290069042"}},{"arcs":[[-497,-1618,-1664,2027,2028,2029,2030,2031,-2026]],"type":"Polygon","properties":{"GEOID":"360290069031"}},{"arcs":[[2032,-186,2033,-1370,2034]],"type":"Polygon","properties":{"GEOID":"360290138021"}},{"arcs":[[-232,-190,-191,2035]],"type":"Polygon","properties":{"GEOID":"360290138022"}},{"arcs":[[-489,2036,-2028,-1663]],"type":"Polygon","properties":{"GEOID":"360290067014"}},{"arcs":[[-126,-870,2037,2038,2039,-1573]],"type":"Polygon","properties":{"GEOID":"360290049023"}},{"arcs":[[-2040,2040,2041,-1233,-1574]],"type":"Polygon","properties":{"GEOID":"360290049012"}},{"arcs":[[2042,-109,2043,-2041,-2039]],"type":"Polygon","properties":{"GEOID":"360290049022"}},{"arcs":[[-2044,-113,-1234,-2042]],"type":"Polygon","properties":{"GEOID":"360290049011"}},{"arcs":[[2044,-759,-1458,-1456,2045,-641]],"type":"Polygon","properties":{"GEOID":"360290090093"}},{"arcs":[[-2046,2046,-1909,-1913,-642]],"type":"Polygon","properties":{"GEOID":"360290090104"}},{"arcs":[[-492,2047,-1471,2048,2049]],"type":"Polygon","properties":{"GEOID":"360290067023"}},{"arcs":[[-491,-484,2050,2051,2052,-1472,-2048]],"type":"Polygon","properties":{"GEOID":"360290168012"}},{"arcs":[[2053,2054,2055,2056,-592,-1544]],"type":"Polygon","properties":{"GEOID":"360290147043"}},{"arcs":[[2057,-1255,-1292,-1025,-1636,-2053]],"type":"Polygon","properties":{"GEOID":"360290168011"}},{"arcs":[[2058,2059,2060,2061,-2057]],"type":"Polygon","properties":{"GEOID":"360290148041"}},{"arcs":[[-185,2062,-397,-400,-405,-2034]],"type":"Polygon","properties":{"GEOID":"360290138025"}},{"arcs":[[-1187,2063,-2031,2064,2065,-901]],"type":"Polygon","properties":{"GEOID":"360290069041"}},{"arcs":[[-1186,-2027,-2032,-2064]],"type":"Polygon","properties":{"GEOID":"360290069043"}},{"arcs":[[2066,2067,2068,-2066]],"type":"Polygon","properties":{"GEOID":"360290071031"}},{"arcs":[[2069,2070,2071,-1188,-1197,2072]],"type":"Polygon","properties":{"GEOID":"360290071042"}},{"arcs":[[-2068,2073,-2071]],"type":"Polygon","properties":{"GEOID":"360290071041"}},{"arcs":[[2074,-1195,-808,2075]],"type":"Polygon","properties":{"GEOID":"360290071044"}},{"arcs":[[2076,-2073,-1196,-2075]],"type":"Polygon","properties":{"GEOID":"360290071043"}},{"arcs":[[-2065,-2030,2077,2078,2079,-1192,-1189,-2072,-2074,-2067]],"type":"Polygon","properties":{"GEOID":"360290068022"}},{"arcs":[[2080,2081,2082,-2078]],"type":"Polygon","properties":{"GEOID":"360290068021"}},{"arcs":[[-430,2083,2084,2085,-2061,2086]],"type":"Polygon","properties":{"GEOID":"360290148043"}},{"arcs":[[-2024,2087,-1689]],"type":"Polygon","properties":{"GEOID":"360290146052"}},{"arcs":[[-2088,-2023,-375,2088,-1090,-1690]],"type":"Polygon","properties":{"GEOID":"360290146051"}},{"arcs":[[-374,2089,2090,-2089]],"type":"Polygon","properties":{"GEOID":"360290147033"}},{"arcs":[[-2083,2091,2092,-2079]],"type":"Polygon","properties":{"GEOID":"360290068023"}},{"arcs":[[2093,-159,2094]],"type":"Polygon","properties":{"GEOID":"360290129031"}},{"arcs":[[2095,2096,2097,2098]],"type":"Polygon","properties":{"GEOID":"360290073065"}},{"arcs":[[-2096,2099,-1165,2100,2101]],"type":"Polygon","properties":{"GEOID":"360290073061"}},{"arcs":[[-2102,2102,-2097]],"type":"Polygon","properties":{"GEOID":"360290073062"}},{"arcs":[[-1772,-1777,-1776,-1778,-994,-986,-1786,2103]],"type":"Polygon","properties":{"GEOID":"360290108043"}},{"arcs":[[-848,2104,2105,-135,-130]],"type":"Polygon","properties":{"GEOID":"360290040022"}},{"arcs":[[-2105,-847,2106,2107,2108]],"type":"Polygon","properties":{"GEOID":"360290040033"}},{"arcs":[[-279,-1113,-1107]],"type":"Polygon","properties":{"GEOID":"360290084001"}},{"arcs":[[-2108,2109,-840,2110]],"type":"Polygon","properties":{"GEOID":"360290040032"}},{"arcs":[[-23,2111,2112,-99]],"type":"Polygon","properties":{"GEOID":"360290047023"}},{"arcs":[[2113,2114,2115,-1337,-198,-1627,-2113]],"type":"Polygon","properties":{"GEOID":"360290047022"}},{"arcs":[[-1628,-841,-2110,-2107]],"type":"Polygon","properties":{"GEOID":"360290040031"}},{"arcs":[[-331,2116,-1064,-1000,-1783]],"type":"Polygon","properties":{"GEOID":"360290142074"}},{"arcs":[[2117,-363,-360,-1045,-1145,-1440]],"type":"Polygon","properties":{"GEOID":"360290096011"}},{"arcs":[[2118,2119,2120,-1439,-1436,-1430]],"type":"Polygon","properties":{"GEOID":"360290096021"}},{"arcs":[[2121,-734,-1048]],"type":"Polygon","properties":{"GEOID":"360290142043"}},{"arcs":[[-1066,2122,2123,-998,-227,-1034,2124]],"type":"Polygon","properties":{"GEOID":"360290141023"}},{"arcs":[[-1968,-1966,-160,-2094,2125,2126,-671]],"type":"Polygon","properties":{"GEOID":"360290129041"}},{"arcs":[[2127,2128,-2123,-1065,-2117]],"type":"Polygon","properties":{"GEOID":"360290142063"}},{"arcs":[[2129,-2126,-2095,-158,-1241,-1853,2130,2131]],"type":"Polygon","properties":{"GEOID":"360290129032"}},{"arcs":[[2132,2133,2134,2135,-1658,-1655,-1651,-1641,-1638]],"type":"Polygon","properties":{"GEOID":"360290016011"}},{"arcs":[[2136,2137,-1656,-2136,2138]],"type":"Polygon","properties":{"GEOID":"360290028011"}},{"arcs":[[2139,-1276,-1657,-2138]],"type":"Polygon","properties":{"GEOID":"360290028012"}},{"arcs":[[-1951,-1953,2140,2141,-1837,-660]],"type":"Polygon","properties":{"GEOID":"360290173012"}},{"arcs":[[2142,-737,-2124,-2129]],"type":"Polygon","properties":{"GEOID":"360290142064"}},{"arcs":[[-1854,-1240,2143,2144]],"type":"Polygon","properties":{"GEOID":"360290135014"}},{"arcs":[[2145,2146,-2059,-2056]],"type":"Polygon","properties":{"GEOID":"360290147042"}},{"arcs":[[2147,2148,-428,-431,-2087,-2060,2149]],"type":"Polygon","properties":{"GEOID":"360290148042"}},{"arcs":[[-1335,-1879,-1876,-1855,2150,-748,-442,-433,-1157,-681]],"type":"Polygon","properties":{"GEOID":"360290132023"}},{"arcs":[[-2145,2151,-743,-2151]],"type":"Polygon","properties":{"GEOID":"360290135015"}},{"arcs":[[-1239,-777,-744,-2152,-2144]],"type":"Polygon","properties":{"GEOID":"360290135012"}},{"arcs":[[2152,2153,2154,2155]],"type":"Polygon","properties":{"GEOID":"360290090121"}},{"arcs":[[-2142,2156,2157,-1847,-1838]],"type":"Polygon","properties":{"GEOID":"360290173011"}},{"arcs":[[2158,-1551,-2125,-1033,2159,2160]],"type":"Polygon","properties":{"GEOID":"360290112011"}},{"arcs":[[2161,2162,-2084,-429,-426,-2149,2163]],"type":"Polygon","properties":{"GEOID":"360290148051"}},{"arcs":[[-2141,-1952,-1827,-2160,-1035,-891,2164,2165,2166,2167,-2157]],"type":"Polygon","properties":{"GEOID":"360290173022"}},{"arcs":[[2168,-2035,-1369,2169]],"type":"Polygon","properties":{"GEOID":"360290138012"}},{"arcs":[[2170,-2170,-1368,-850,-1095,-1684,-1746]],"type":"Polygon","properties":{"GEOID":"360290138011"}},{"arcs":[[-1518,-1605,2171,2172,-1692]],"type":"Polygon","properties":{"GEOID":"360290090111"}},{"arcs":[[-1604,-1149,2173,2174,-2120,-2172]],"type":"Polygon","properties":{"GEOID":"360290090112"}},{"arcs":[[-2166,2175,2176]],"type":"Polygon","properties":{"GEOID":"360290173021"}},{"arcs":[[2177,2178,2179,2180,2181,2182,-1387,-1383]],"type":"Polygon","properties":{"GEOID":"360290027031"}},{"arcs":[[2183,-368,2184,-2154]],"type":"Polygon","properties":{"GEOID":"360290090123"}},{"arcs":[[-2090,2185,-2150,-2147,2186,2187]],"type":"Polygon","properties":{"GEOID":"360290147032"}},{"arcs":[[-1056,-1388,-2183,2188,-2133,-1637,-1022,-1005]],"type":"Polygon","properties":{"GEOID":"360290016021"}},{"arcs":[[2189,2190,-2139,-2135,2191,-2181]],"type":"Polygon","properties":{"GEOID":"360290027042"}},{"arcs":[[2192,2193,-2176,-2165,-890,-1051,-1030,-1846]],"type":"Polygon","properties":{"GEOID":"360290137023"}},{"arcs":[[-1160,-912,-1170,2194,-990,-914]],"type":"Polygon","properties":{"GEOID":"360290073033"}},{"arcs":[[-2175,2195,-2155,-2185,-364,-2118,-2121]],"type":"Polygon","properties":{"GEOID":"360290096022"}},{"arcs":[[2196,2197,2198,2199,-298,-884]],"type":"Polygon","properties":{"GEOID":"360290131032"}},{"arcs":[[-713,2200,2201,-2198,2202]],"type":"Polygon","properties":{"GEOID":"360290131041"}},{"arcs":[[-1719,2203,-1888,2204]],"type":"Polygon","properties":{"GEOID":"360290095043"}},{"arcs":[[-2004,-1417,2205,-1415,-1404]],"type":"Polygon","properties":{"GEOID":"360290086002"}},{"arcs":[[-1416,-2206]],"type":"Polygon","properties":{"GEOID":"360290086001"}},{"arcs":[[-184,-188,-231,-387,-394,-2063]],"type":"Polygon","properties":{"GEOID":"360290138024"}},{"arcs":[[-2200,2206,-1978,2207,2208,2209,-1885,-1882,-1874,-299]],"type":"Polygon","properties":{"GEOID":"360290132014"}},{"arcs":[[2210,2211,-696,-1513,-393,-1512,-694,-388,2212]],"type":"Polygon","properties":{"GEOID":"360290149034"}},{"arcs":[[-1712,-1698,2213,-1434,-1446,-1714,-1944]],"type":"Polygon","properties":{"GEOID":"360290096023"}},{"arcs":[[-593,-2062,-2086,2214,-2211,2215],[-2019]],"type":"Polygon","properties":{"GEOID":"360290149035"}},{"arcs":[[2216,2217,-1075,-2208,-1977]],"type":"Polygon","properties":{"GEOID":"360290131015"}},{"arcs":[[-1871,-1972,-1071,-2218]],"type":"Polygon","properties":{"GEOID":"360290130024"}},{"arcs":[[-2103,-2101,-1164,-1111,2218]],"type":"Polygon","properties":{"GEOID":"360290073063"}},{"arcs":[[-1074,-1861,-686,-2209]],"type":"Polygon","properties":{"GEOID":"360290132012"}},{"arcs":[[-1697,-1693,-2173,-2119,-1435,-2214]],"type":"Polygon","properties":{"GEOID":"360290096024"}},{"arcs":[[-2037,-488,2219,-2081,-2029]],"type":"Polygon","properties":{"GEOID":"360290067013"}},{"arcs":[[-494,-2050,-2092,-2082,-2220]],"type":"Polygon","properties":{"GEOID":"360290067024"}},{"arcs":[[-869,-1615,-950,-2043,-2038]],"type":"Polygon","properties":{"GEOID":"360290049021"}},{"arcs":[[-1702,-1906,-1899,-945]],"type":"Polygon","properties":{"GEOID":"360290091122"}},{"arcs":[[2220,2221,-2164,-2148,-2186,-373,-740,-756]],"type":"Polygon","properties":{"GEOID":"360290147014"}},{"arcs":[[-794,2222,2223,2224,-1399]],"type":"Polygon","properties":{"GEOID":"360290014032"}},{"arcs":[[-937,-1601,-1916,-580,2225]],"type":"Polygon","properties":{"GEOID":"360290079053"}},{"arcs":[[-446,-149,-1622,-1287,2226,-2051,-465]],"type":"Polygon","properties":{"GEOID":"360290168021"}},{"arcs":[[-2093,-2049,-1474,-257,2227,-2080]],"type":"Polygon","properties":{"GEOID":"360290068011"}},{"arcs":[[-1709,-960,-959,-954,2228,-1917,-1599]],"type":"Polygon","properties":{"GEOID":"360290091151"}},{"arcs":[[-2227,-1246,-1256,-2058,-2052]],"type":"Polygon","properties":{"GEOID":"360290168022"}},{"arcs":[[-2167,-2177,-2194,2229]],"type":"Polygon","properties":{"GEOID":"360290173023"}},{"arcs":[[-1864,2230,-2132,-1859]],"type":"Polygon","properties":{"GEOID":"360290129042"}},{"arcs":[[-2131,-1857,-1875,-687,-1860]],"type":"Polygon","properties":{"GEOID":"360290129023"}},{"arcs":[[-1803,2231,-1810,-1805]],"type":"Polygon","properties":{"GEOID":"360290113001"}},{"arcs":[[-335,-1579,-1049,-738,-2143,-2128,-330]],"type":"Polygon","properties":{"GEOID":"360290142061"}},{"arcs":[[-1091,-2091,-2188,2232,-2054,-1543,-369]],"type":"Polygon","properties":{"GEOID":"360290147031"}},{"arcs":[[-2104,-1789,2233,-1799]],"type":"Polygon","properties":{"GEOID":"360290108083"}},{"arcs":[[-1355,-1682,-2159,2234,2235]],"type":"Polygon","properties":{"GEOID":"360290112022"}},{"arcs":[[-1159,2236,-2162,-2222,2237]],"type":"Polygon","properties":{"GEOID":"360290148052"}},{"arcs":[[-1790,-2236,2238]],"type":"Polygon","properties":{"GEOID":"360290112021"}},{"arcs":[[-218,2239,-2156,-2196,-2174]],"type":"Polygon","properties":{"GEOID":"360290090122"}},{"arcs":[[-1839,-1849,-1843,-1840,-1832]],"type":"Polygon","properties":{"GEOID":"360290120023"}},{"arcs":[[-888,-2036,-192,-181,-2033,-2169,-2171,-1052]],"type":"Polygon","properties":{"GEOID":"360290138023"}},{"arcs":[[-343,-691,-594,-2216,-2213,-391,-735,-2122,-1047,-1629]],"type":"Polygon","properties":{"GEOID":"360290142041"}},{"arcs":[[-2187,-2146,-2055,-2233]],"type":"Polygon","properties":{"GEOID":"360290147041"}},{"arcs":[[-1455,-749,-1686,-2047]],"type":"Polygon","properties":{"GEOID":"360290090103"}},{"arcs":[[-2192,-2134,-2189,-2182]],"type":"Polygon","properties":{"GEOID":"360290027043"}},{"arcs":[[-1660,2240,-1643,-1648,-1650,-1654]],"type":"Polygon","properties":{"GEOID":"360290024001"}},{"arcs":[[-1273,-1744,-1739,-1644,-2241,-1659]],"type":"Polygon","properties":{"GEOID":"360290024004"}},{"arcs":[[2241,-843,-601,-835,-1258]],"type":"Polygon","properties":{"GEOID":"360290170003"}},{"arcs":[[-141,-136,-2106,-2109,-2111,-844,-2242,-1257]],"type":"Polygon","properties":{"GEOID":"360290040021"}},{"arcs":[[-1244,-1306,-1309,2242,2243,-263]],"type":"Polygon","properties":{"GEOID":"360290035021"}},{"arcs":[[-264,-2244,2244,2245,-2178,-1382,-1501,-1282]],"type":"Polygon","properties":{"GEOID":"360290035022"}},{"arcs":[[2246,2247,-1266,2248,-2179,-2246]],"type":"Polygon","properties":{"GEOID":"360290035011"}},{"arcs":[[-1308,-837,-1291,-1289,-1298,2249,-2247,-2245,-2243]],"type":"Polygon","properties":{"GEOID":"360290035012"}},{"arcs":[[-420,-1503,2250,-1310],[-423,-444]],"type":"Polygon","properties":{"GEOID":"360290158003"}},{"arcs":[[-255,-1027,-1284,-325,-1661,2251]],"type":"Polygon","properties":{"GEOID":"360290025023"}},{"arcs":[[-1662,-1058,2252,2253,-2223,-793]],"type":"Polygon","properties":{"GEOID":"360290014042"}},{"arcs":[[2254,-1007,-800,-1400,-2225]],"type":"Polygon","properties":{"GEOID":"360290014031"}},{"arcs":[[-2254,2255,-1008,-2255,-2224]],"type":"Polygon","properties":{"GEOID":"360290014041"}},{"arcs":[[-1057,-1003,-2256,-2253]],"type":"Polygon","properties":{"GEOID":"360290015003"}},{"arcs":[[-916,-2025,-1166,-2100,-2099,2256,2257]],"type":"Polygon","properties":{"GEOID":"360290073051"}},{"arcs":[[-2158,-2168,-2230,-2193,-1845,-1848]],"type":"Polygon","properties":{"GEOID":"360290120033"}},{"arcs":[[-2249,2258,-2190,-2180]],"type":"Polygon","properties":{"GEOID":"360290027041"}},{"arcs":[[-1265,-1586,-1261,-1555,-1279,-1271,-2140,-2137,-2191,-2259]],"type":"Polygon","properties":{"GEOID":"360290028021"}},{"arcs":[[-1297,-1253,-1585,-1263,-2248,-2250]],"type":"Polygon","properties":{"GEOID":"360290036002"}},{"arcs":[[-7,-76,-1588,2259,-2114,-2112,-22]],"type":"Polygon","properties":{"GEOID":"360290047021"}},{"arcs":[[-2260,-1587,-81,2260,-2115]],"type":"Polygon","properties":{"GEOID":"360290047011"}},{"arcs":[[-2261,-80,-834,-56,-1338,-2116]],"type":"Polygon","properties":{"GEOID":"360290047012"}},{"arcs":[[-1971,-1969,-672,-2127,-2130,-2231,-1863]],"type":"Polygon","properties":{"GEOID":"360290129043"}},{"arcs":[[-2069,-2070,-2077,-2076,-807,-902]],"type":"Polygon","properties":{"GEOID":"360290071032"}},{"arcs":[[-1401,-805,2261,-819,-1567]],"type":"Polygon","properties":{"GEOID":"360290164005"}},{"arcs":[[2262,-1791,-2239,-2235,-2161,-1826,-1818,2263]],"type":"Polygon","properties":{"GEOID":"360290112023"}},{"arcs":[[-804,-727,-820,-2262]],"type":"Polygon","properties":{"GEOID":"360290164004"}},{"arcs":[[-1945,-1715,-1445,-2021,-241,-1896,-2204]],"type":"Polygon","properties":{"GEOID":"360290095042"}},{"arcs":[[-690,-1884,-2210]],"type":"Polygon","properties":{"GEOID":"360290134006"}},{"arcs":[[-712,2264,-2201]],"type":"Polygon","properties":{"GEOID":"360290131042"}},{"arcs":[[-1069,-699,-1466]],"type":"Polygon","properties":{"GEOID":"360299803001"}},{"arcs":[[-1169,-1161,-991,-2195]],"type":"Polygon","properties":{"GEOID":"360290073043"}},{"arcs":[[-709,-1872,-2217,-1973,-1227]],"type":"Polygon","properties":{"GEOID":"360290131016"}},{"arcs":[[-2234,-1788,-1792,-2263,2265,-1800]],"type":"Polygon","properties":{"GEOID":"360290112024"}},{"arcs":[[-1691,-1092,-2184,-2153,-2240,-217]],"type":"Polygon","properties":{"GEOID":"360290090084"}},{"arcs":[[-210,-579,-941,-574,-1597,-938,-2226,-1980]],"type":"Polygon","properties":{"GEOID":"360290079054"}},{"arcs":[[-2228,-256,-2252,-791,-1193]],"type":"Polygon","properties":{"GEOID":"360290165002"}},{"arcs":[[-714,-2203,-2197,-883,-1572]],"type":"Polygon","properties":{"GEOID":"360290131031"}},{"arcs":[[-757,-742,-2022,-1449,-1459]],"type":"Polygon","properties":{"GEOID":"360290146062"}},{"arcs":[[-2098,-2219,-1110,2266,-2257]],"type":"Polygon","properties":{"GEOID":"360290073064"}},{"arcs":[[-2229,-953,-947,-1903,-1918]],"type":"Polygon","properties":{"GEOID":"360290091153"}},{"arcs":[[-286,-1723,-1721,2267,-1673]],"type":"Polygon","properties":{"GEOID":"360290095032"}},{"arcs":[[-1720,-2205,-1674,-2268]],"type":"Polygon","properties":{"GEOID":"360290095031"}},{"arcs":[[-1802,-1804,-1801,-2266,-2264,-1817,-1811,-2232]],"type":"Polygon","properties":{"GEOID":"360290113004"}},{"arcs":[[-502,-894,-879,-861]],"type":"Polygon","properties":{"GEOID":"360299800001"}},{"arcs":[[-2265,-711,-1230,-2020,-1979,-2207,-2199,-2202]],"type":"Polygon","properties":{"GEOID":"360290131043"}}]}}}