{"type":"Topology","arcs":[[[2111,295],[36,27]],[[2147,322],[29,-35]],[[2176,287],[-23,-15]],[[2153,272],[-42,23]],[[857,639],[30,-6]],[[887,633],[-7,-27]],[[880,606],[-29,6]],[[851,612],[6,27]],[[1081,1407],[40,53]],[[1121,1460],[82,-22]],[[1203,1438],[-20,-34],[-87,-16]],[[1096,1388],[-15,19]],[[1192,3280],[30,9]],[[1222,3289],[-3,-66]],[[1219,3223],[-27,57]],[[787,4934],[42,7]],[[829,4941],[50,-52]],[[879,4889],[-80,6]],[[799,4895],[-12,39]],[[2217,421],[40,-22]],[[2257,399],[-44,-30]],[[2213,369],[4,52]],[[1189,890],[4,2]],[[1193,892],[23,-53]],[[1216,839],[-4,-53]],[[1212,786],[-33,-1]],[[1179,785],[4,13]],[[1183,798],[6,92]],[[1053,804],[28,53]],[[1081,857],[30,-13]],[[1111,844],[8,-3]],[[1119,841],[-39,-74]],[[1080,767],[-26,8]],[[1054,775],[-11,4]],[[1043,779],[10,25]],[[999,750],[16,38]],[[1015,788],[28,-9]],[[1054,775],[-32,-47]],[[1022,728],[-18,6]],[[1004,734],[-5,16]],[[853,487],[3,21]],[[856,508],[19,-2]],[[875,506],[-8,-54]],[[867,452],[0,-9]],[[867,443],[-14,44]],[[1620,509],[84,-50]],[[1704,459],[-3,-20]],[[1701,439],[-45,0]],[[1656,439],[-24,-3]],[[1632,436],[-8,42]],[[1624,478],[-4,31]],[[1059,1472],[34,-4]],[[1093,1468],[28,-8]],[[1081,1407],[-22,65]],[[1589,366],[57,-8]],[[1646,358],[1,-21]],[[1647,337],[-41,-29]],[[1606,308],[-9,27]],[[1597,335],[-8,31]],[[2308,1748],[24,10]],[[2332,1758],[16,-39]],[[2348,1719],[-6,-32]],[[2342,1687],[-43,57]],[[2299,1744],[9,4]],[[2003,1024],[31,33],[-16,47],[8,19]],[[2026,1123],[23,60]],[[2049,1183],[42,65]],[[2091,1248],[58,-57]],[[2149,1191],[-45,-28],[32,-67]],[[2136,1096],[-94,-29],[-24,-39],[-15,-4]],[[994,382],[40,-30]],[[1034,352],[-57,15]],[[977,367],[17,15]],[[965,609],[18,-4]],[[983,605],[11,-3]],[[994,602],[-12,-33]],[[982,569],[-19,0]],[[963,569],[2,40]],[[2016,387],[17,-26]],[[2033,361],[6,-12]],[[2039,349],[-47,-10]],[[1992,339],[24,48]],[[2332,1758],[64,25]],[[2396,1783],[7,-95]],[[2403,1688],[-55,31]],[[2854,932],[79,69]],[[2933,1001],[55,100]],[[2988,1101],[75,57],[35,-19]],[[3098,1139],[-17,-41]],[[3081,1098],[-71,-122]],[[3010,976],[-47,-56],[-102,-37]],[[2861,883],[-7,49]],[[2809,1125],[66,3]],[[2875,1128],[83,-8]],[[2958,1120],[-33,-54]],[[2925,1066],[-39,-9]],[[2886,1057],[-45,-12]],[[2841,1045],[-32,80]],[[1119,841],[65,73]],[[1184,914],[5,-24]],[[1183,798],[-3,0]],[[1180,798],[-43,30]],[[1137,828],[-18,13]],[[1308,446],[61,4]],[[1369,450],[-33,-67]],[[1336,383],[-20,26]],[[1316,409],[-8,37]],[[2520,2386],[91,-8],[45,-45],[69,-2],[76,49],[24,-82]],[[2825,2298],[-1,-231],[-146,13]],[[2678,2080],[-75,-25],[-60,54],[-39,-44]],[[2504,2065],[0,60],[-43,252],[59,9]],[[2256,1765],[52,-17]],[[2299,1744],[-35,-24]],[[2264,1720],[-2,13]],[[2262,1733],[-6,32]],[[2340,3498],[141,200]],[[2481,3698],[216,-22]],[[2697,3676],[12,-97],[-71,-30],[-18,-63],[-67,-72]],[[2553,3414],[-3,43],[-153,-11]],[[2397,3446],[-57,52]],[[1190,297],[24,-1]],[[1214,296],[20,-8]],[[1234,288],[31,-38]],[[1265,250],[18,-14]],[[1283,236],[-110,36]],[[1173,272],[17,25]],[[3306,1426],[26,50]],[[3332,1476],[26,-12]],[[3358,1464],[-31,-56]],[[3327,1408],[-21,11]],[[3306,1419],[0,7]],[[1390,304],[50,27]],[[1440,331],[42,9]],[[1482,340],[14,-30]],[[1496,310],[-24,-25]],[[1472,285],[-82,19]],[[2180,282],[30,35]],[[2210,317],[29,-10]],[[2239,307],[-28,-56]],[[2211,251],[-31,31]],[[1031,644],[43,1]],[[1074,645],[-19,-45]],[[1055,600],[-34,21]],[[1021,621],[10,23]],[[1704,459],[14,-2]],[[1718,457],[16,-22]],[[1734,435],[-33,4]],[[2294,639],[10,-44]],[[2304,595],[7,-38]],[[2311,557],[-58,-47]],[[2253,510],[-52,-7]],[[2201,503],[-23,91]],[[2178,594],[116,45]],[[3193,1259],[75,68]],[[3268,1327],[118,-50]],[[3386,1277],[-73,-67]],[[3313,1210],[-49,-16]],[[3264,1194],[-71,65]],[[695,453],[104,-11]],[[799,442],[64,-33]],[[863,409],[-6,-35]],[[857,374],[-170,58],[8,21]],[[1031,315],[14,36]],[[1045,351],[26,29]],[[1071,380],[11,-24]],[[1082,356],[-17,-49]],[[1065,307],[-34,8]],[[1595,433],[37,3]],[[1632,436],[10,-39]],[[1642,397],[-43,-3]],[[1599,394],[-4,39]],[[2230,1792],[84,12]],[[2314,1804],[18,-46]],[[2256,1765],[-28,-7]],[[2228,1758],[2,34]],[[784,3411],[115,47]],[[899,3458],[235,107],[13,53]],[[1147,3618],[72,41],[64,5],[-19,-92]],[[1264,3572],[-5,-19]],[[1259,3553],[-38,-26],[41,-70]],[[1262,3457],[-41,-77]],[[1221,3380],[-334,-54]],[[887,3326],[-103,85]],[[1839,1278],[6,-4]],[[1845,1274],[-31,-96]],[[1814,1178],[-9,-1]],[[1805,1177],[-12,38],[46,63]],[[931,569],[22,0]],[[953,569],[10,0]],[[982,569],[-26,-78]],[[956,491],[-25,31]],[[931,522],[0,47]],[[3210,959],[17,52]],[[3227,1011],[86,199]],[[3386,1277],[32,-13]],[[3418,1264],[73,-83],[-41,-128],[-187,-60],[-16,-48]],[[3247,945],[-42,-4]],[[3205,941],[5,18]],[[1536,165],[49,11]],[[1585,176],[9,-46]],[[1594,130],[-58,35]],[[2723,954],[21,21]],[[2744,975],[57,-23]],[[2801,952],[-42,-28],[13,-52]],[[2772,872],[-49,82]],[[2360,1824],[20,10]],[[2380,1834],[-3,23]],[[2377,1857],[-13,18]],[[2364,1875],[21,11]],[[2385,1886],[17,9]],[[2402,1895],[53,-35]],[[2455,1860],[4,-16]],[[2459,1844],[0,-27]],[[2459,1817],[-59,2]],[[2400,1819],[-30,0]],[[2370,1819],[-10,5]],[[2262,1733],[-36,-24]],[[2226,1709],[-9,-5]],[[2217,1704],[-32,25]],[[2185,1729],[43,29]],[[2190,1626],[36,83]],[[2264,1720],[8,-42]],[[2272,1678],[-82,-52]],[[1657,829],[26,27]],[[1683,856],[30,-45]],[[1713,811],[-40,7]],[[1673,818],[-16,11]],[[1612,797],[45,32]],[[1673,818],[-22,-36]],[[1651,782],[-9,4]],[[1642,786],[-30,11]],[[806,841],[88,-14]],[[894,827],[-9,-37]],[[885,790],[2,-52]],[[887,738],[0,-32]],[[887,706],[-113,13]],[[774,719],[32,122]],[[578,4908],[45,34]],[[623,4942],[23,4]],[[646,4946],[7,-20]],[[653,4926],[-53,-53]],[[600,4873],[-22,35]],[[653,4926],[13,-21]],[[666,4905],[-2,-16]],[[664,4889],[-2,-19]],[[662,4870],[-50,2]],[[612,4872],[-12,1]],[[879,4889],[14,0]],[[893,4889],[-44,-78]],[[849,4811],[-97,71]],[[752,4882],[47,13]],[[918,420],[6,39]],[[924,459],[1,8]],[[925,467],[28,-27]],[[953,440],[9,-25]],[[962,415],[-21,-4]],[[941,411],[-24,2]],[[917,413],[1,7]],[[1193,892],[35,1]],[[1228,893],[21,-64]],[[1249,829],[-33,10]],[[1959,3037],[75,85]],[[2034,3122],[2,-74],[48,-56]],[[2084,2992],[34,-35]],[[2118,2957],[-88,6]],[[2030,2963],[-71,74]],[[1600,605],[49,-80]],[[1649,525],[-29,4]],[[1620,529],[-47,9]],[[1573,538],[27,67]],[[1963,201],[32,16]],[[1995,217],[36,19]],[[2031,236],[39,-33]],[[2070,203],[45,-65]],[[2115,138],[-62,-71]],[[2053,67],[-80,93],[-10,41]],[[2253,480],[35,-52]],[[2288,428],[-31,-29]],[[2217,421],[36,59]],[[3252,1481],[22,4]],[[3274,1485],[21,-36]],[[3295,1449],[-46,-6]],[[3249,1443],[3,38]],[[1971,1655],[16,-33]],[[1987,1622],[2,-68]],[[1989,1554],[-11,47]],[[1978,1601],[-20,38]],[[1958,1639],[13,16]],[[601,4812],[-36,-103],[10,-38]],[[575,4671],[-60,-8]],[[515,4663],[48,154],[38,-5]],[[1283,2442],[-16,-46]],[[1267,2396],[-33,2]],[[1234,2398],[49,44]],[[1285,2332],[14,-7]],[[1299,2325],[20,-11]],[[1319,2314],[-9,-20]],[[1310,2294],[-5,-101]],[[1305,2193],[-18,1]],[[1287,2194],[-2,138]],[[899,463],[5,-1]],[[904,462],[20,-3]],[[918,420],[-25,3]],[[893,423],[6,40]],[[1245,782],[23,23]],[[1268,805],[84,-40]],[[1352,765],[-52,-36]],[[1300,729],[1,2]],[[1301,731],[-89,0]],[[1212,731],[33,51]],[[3295,1449],[11,-23]],[[3306,1419],[-60,-21]],[[3246,1398],[3,45]],[[3274,1485],[26,4]],[[3300,1489],[23,-9]],[[3323,1480],[9,-4]],[[1180,1021],[23,159]],[[1203,1180],[25,5]],[[1228,1185],[27,4]],[[1255,1189],[-31,-19],[-33,-149]],[[1191,1021],[-3,0]],[[1188,1021],[-8,0]],[[2419,656],[38,38]],[[2457,694],[12,-12]],[[2469,682],[27,-77]],[[2496,605],[-77,51]],[[831,920],[87,-20],[47,43]],[[965,943],[-30,-90]],[[935,853],[-6,-50]],[[929,803],[-14,11]],[[915,814],[-21,13]],[[806,841],[25,79]],[[938,694],[15,-1]],[[953,693],[-2,-11]],[[951,682],[-14,-47]],[[937,635],[-21,-5]],[[916,630],[22,64]],[[1151,364],[50,66]],[[1201,430],[12,10]],[[1213,440],[53,-100]],[[1266,340],[-26,-35]],[[1240,305],[-6,-17]],[[1214,296],[-63,68]],[[1691,1634],[23,24]],[[1714,1658],[124,18],[118,-4]],[[1956,1672],[15,-17]],[[1958,1639],[-126,-142]],[[1832,1497],[-33,-50]],[[1799,1447],[-68,80]],[[1731,1527],[-78,-1],[38,108]],[[1533,1864],[33,73]],[[1566,1937],[135,99]],[[1701,2036],[13,-26]],[[1714,2010],[-31,-51],[-67,-28],[33,-90]],[[1649,1841],[-116,23]],[[2587,3941],[72,106]],[[2659,4047],[73,45]],[[2732,4092],[15,-68],[-41,-68]],[[2706,3956],[-81,-105]],[[2625,3851],[-32,-34]],[[2593,3817],[-6,124]],[[1784,5521],[380,43]],[[2164,5564],[10,-63]],[[2174,5501],[-73,-5]],[[2101,5496],[-61,-23],[-126,-97]],[[1914,5376],[-4,-28]],[[1910,5348],[-62,35],[-5,42],[-78,15]],[[1765,5440],[19,81]],[[1914,5376],[42,-4],[23,-112]],[[1979,5260],[-55,-10]],[[1924,5250],[-14,98]],[[3311,4435],[3,-1]],[[3314,4434],[-62,-162]],[[3252,4272],[-69,26],[107,137],[21,0]],[[2411,1658],[119,26]],[[2530,1684],[-12,-60],[-86,-31]],[[2432,1593],[-13,31]],[[2419,1624],[-8,34]],[[935,853],[64,39]],[[999,892],[-37,-86]],[[962,806],[-9,-23]],[[953,783],[-24,20]],[[2682,3842],[56,88]],[[2738,3930],[14,7]],[[2752,3937],[5,-114]],[[2757,3823],[-63,5]],[[2694,3828],[-12,14]],[[2188,3295],[41,49]],[[2229,3344],[111,154]],[[2397,3446],[-107,-179],[-28,-13]],[[2262,3254],[-52,29]],[[2210,3283],[-22,12]],[[1041,3886],[70,96]],[[1111,3982],[14,7]],[[1125,3989],[-15,-69],[37,-48]],[[1147,3872],[-40,-21],[-66,35]],[[1150,5448],[141,17]],[[1291,5465],[13,-91]],[[1304,5374],[-118,-32],[-122,3]],[[1064,5345],[28,63],[58,40]],[[1591,715],[51,71]],[[1651,782],[80,-32]],[[1731,750],[12,-72],[-101,-8]],[[1642,670],[-51,45]],[[1806,893],[19,48]],[[1825,941],[103,-55]],[[1928,886],[-32,3]],[[1896,889],[-90,4]],[[213,4612],[101,-49],[30,-40]],[[344,4523],[-84,-103],[-58,5],[-30,51],[41,136]],[[1479,4297],[66,-419]],[[1545,3878],[-359,-38]],[[1186,3840],[7,115],[59,64],[15,75]],[[1267,4094],[-32,-29],[-106,56]],[[1129,4121],[-21,83],[-75,9],[-43,50]],[[990,4263],[116,96],[68,12],[139,-103],[166,29]],[[1224,4964],[145,-7]],[[1369,4957],[28,-170]],[[1397,4787],[-141,-18]],[[1256,4769],[-38,57],[6,138]],[[1267,4094],[-32,-40],[-110,-65]],[[1111,3982],[-37,-12]],[[1074,3970],[-2,57],[57,94]],[[1450,3211],[38,74],[98,-3],[38,-36]],[[1624,3246],[76,-98],[52,-116]],[[1752,3032],[-135,22],[-72,-23],[-38,142],[-57,38]],[[1413,3518],[63,48],[122,-4]],[[1598,3562],[-33,-95]],[[1565,3467],[-88,-19]],[[1477,3448],[-40,60]],[[1437,3508],[-24,10]],[[1292,3430],[57,86]],[[1349,3516],[47,2]],[[1396,3518],[-57,-91]],[[1339,3427],[-45,-36]],[[1294,3391],[-2,39]],[[1789,249],[17,55]],[[1806,304],[2,47]],[[1808,351],[36,-9]],[[1844,342],[41,-10]],[[1885,332],[-27,-90]],[[1858,242],[-15,2]],[[1843,244],[-54,5]],[[1858,242],[96,7]],[[1954,249],[9,-48]],[[1963,201],[-71,-31]],[[1892,170],[-49,74]],[[3010,976],[90,-69],[22,28],[5,-5]],[[3127,930],[-10,-3]],[[3117,927],[-24,-45]],[[3093,882],[-20,-3],[-102,-174],[-42,53],[-51,-2]],[[2878,756],[-17,127]],[[3137,1048],[61,-29]],[[3198,1019],[29,-8]],[[3210,959],[-72,13]],[[3138,972],[-1,76]],[[3098,1139],[40,83]],[[3138,1222],[55,37]],[[3264,1194],[-45,2],[-91,-116],[9,-32]],[[3137,1048],[-56,50]],[[1814,1178],[13,2]],[[1827,1180],[97,-43]],[[1924,1137],[-12,-35]],[[1912,1102],[-65,-113]],[[1847,989],[-65,59],[-24,-66]],[[1758,982],[-15,5]],[[1743,987],[71,163],[-9,27]],[[1773,736],[69,27],[-25,44]],[[1817,807],[81,-26]],[[1898,781],[-16,-94],[-49,-125]],[[1833,562],[-92,31]],[[1741,593],[62,33],[-30,110]],[[1936,2038],[38,45],[-21,131],[2,89]],[[1955,2303],[183,-32]],[[2138,2271],[34,-47]],[[2172,2224],[-44,-79]],[[2128,2145],[-49,-37],[-12,-60]],[[2067,2048],[-8,-50]],[[2059,1998],[-129,30]],[[1930,2028],[6,10]],[[1912,1995],[143,-31]],[[2055,1964],[-6,-39]],[[2049,1925],[-114,26],[-32,27]],[[1903,1978],[9,17]],[[1649,1841],[110,14]],[[1759,1855],[-30,-96]],[[1729,1759],[-242,-25]],[[1487,1734],[46,130]],[[1211,1695],[88,5]],[[1299,1700],[23,-105]],[[1322,1595],[-57,14]],[[1265,1609],[-51,3]],[[1214,1612],[-3,83]],[[1832,1497],[54,54],[92,50]],[[1989,1554],[7,-7]],[[1996,1547],[-48,-68]],[[1948,1479],[-46,-88]],[[1902,1391],[-82,16]],[[1820,1407],[-21,40]],[[1987,1622],[25,79]],[[2012,1701],[49,76]],[[2061,1777],[54,-88]],[[2115,1689],[-109,-128]],[[2006,1561],[-8,-13]],[[1998,1548],[-2,-1]],[[1316,2410],[30,18]],[[1346,2428],[-2,-86]],[[1344,2342],[-25,-28]],[[1299,2325],[17,85]],[[2881,1173],[38,98]],[[2919,1271],[85,-77]],[[3004,1194],[-46,-74]],[[2875,1128],[6,45]],[[2255,892],[43,47]],[[2298,939],[181,-73]],[[2479,866],[-16,-57],[-85,4],[-28,-28]],[[2350,785],[-13,6]],[[2337,791],[-83,51]],[[2254,842],[1,50]],[[2434,382],[20,41],[72,22],[-57,110]],[[2469,555],[10,19]],[[2479,574],[17,31]],[[2496,605],[71,-12],[-5,-67]],[[2562,526],[-7,-93],[-119,-54]],[[2436,379],[-2,3]],[[2542,684],[69,67]],[[2611,751],[8,-43],[105,-89],[8,-71]],[[2732,548],[-76,-70],[-46,77]],[[2610,555],[-68,129]],[[2808,4110],[41,-18]],[[2849,4092],[-2,-78]],[[2847,4014],[-6,-22]],[[2841,3992],[-45,-2]],[[2796,3990],[-17,67],[29,53]],[[2467,1940],[6,0]],[[2473,1940],[24,-56]],[[2497,1884],[-38,-40]],[[2455,1860],[12,80]],[[2473,1940],[92,-6]],[[2565,1934],[-35,-46]],[[2530,1888],[-33,-4]],[[1379,469],[16,30]],[[1395,499],[35,-13]],[[1430,486],[-1,-39]],[[1429,447],[-32,3]],[[1397,450],[-24,8]],[[1373,458],[6,11]],[[1617,277],[41,9]],[[1658,286],[5,-20]],[[1663,266],[4,-40]],[[1667,226],[-31,-7]],[[1636,219],[-19,58]],[[1566,298],[31,37]],[[1606,308],[11,-31]],[[1617,277],[-41,-10]],[[1576,267],[-10,31]],[[1682,328],[42,-12]],[[1724,316],[3,-44]],[[1727,272],[-34,20]],[[1693,292],[-11,36]],[[1708,362],[57,0]],[[1765,362],[-17,-30]],[[1748,332],[-6,-7]],[[1742,325],[-19,-4]],[[1723,321],[-15,41]],[[1464,382],[19,-10]],[[1483,372],[1,-13]],[[1484,359],[-2,-19]],[[1440,331],[24,51]],[[1488,395],[25,30]],[[1513,425],[1,-35]],[[1514,390],[-30,-31]],[[1483,372],[5,23]],[[1620,529],[0,-20]],[[1624,478],[-49,-5]],[[1575,473],[-9,47]],[[1566,520],[7,18]],[[3371,1511],[31,10]],[[3402,1521],[26,-19]],[[3428,1502],[-23,-51]],[[3405,1451],[-34,60]],[[2376,4251],[33,53],[99,54]],[[2508,4358],[151,-311]],[[2587,3941],[-60,-9],[-15,61],[-70,24]],[[2442,4017],[-66,234]],[[2108,222],[46,24]],[[2154,246],[20,-79]],[[2174,167],[-66,55]],[[2031,236],[54,39]],[[2085,275],[8,8]],[[2093,283],[15,-61]],[[2108,222],[-15,-8]],[[2093,214],[-23,-11]],[[1943,317],[69,-15]],[[2012,302],[39,2]],[[2051,304],[2,-3]],[[2053,301],[-58,-84]],[[1954,249],[-11,68]],[[2143,567],[35,27]],[[2201,503],[-53,-11]],[[2148,492],[-5,75]],[[1980,535],[21,-41]],[[2001,494],[-89,-16]],[[1912,478],[-9,44]],[[1903,522],[77,13]],[[2173,657],[112,67]],[[2285,724],[11,-62]],[[2296,662],[-2,-23]],[[2178,594],[-5,63]],[[1996,789],[188,103]],[[2184,892],[16,8]],[[2200,900],[-6,-77]],[[2194,823],[-44,-48],[-135,-63]],[[2015,712],[-19,77]],[[1003,1142],[9,2]],[[1012,1144],[21,5]],[[1033,1149],[-8,-59]],[[1025,1090],[-22,52]],[[1094,1160],[109,20]],[[1180,1021],[-44,-12]],[[1136,1009],[-85,57]],[[1051,1066],[43,94]],[[964,630],[14,23]],[[978,653],[25,-6]],[[1003,647],[-20,-42]],[[965,609],[-1,21]],[[1082,356],[19,6]],[[1101,362],[-4,-14]],[[1097,348],[-10,-48]],[[1087,300],[-22,7]],[[1097,348],[34,-8]],[[1131,340],[-6,-18]],[[1125,322],[-5,-33]],[[1120,289],[-33,11]],[[1125,322],[65,-25]],[[1173,272],[-53,17]],[[1205,974],[32,-83]],[[1237,891],[-9,2]],[[1193,892],[12,82]],[[1430,985],[11,-12]],[[1441,973],[27,-42],[-31,-67]],[[1437,864],[-55,-15]],[[1382,849],[48,136]],[[1606,1036],[57,-41]],[[1663,995],[-28,-82]],[[1635,913],[-74,15]],[[1561,928],[45,108]],[[1689,1128],[31,108],[51,36]],[[1771,1272],[32,7]],[[1803,1279],[39,6]],[[1842,1285],[-3,-7]],[[1805,1177],[-34,4],[-61,-78]],[[1710,1103],[-21,25]],[[1492,862],[7,-6]],[[1499,856],[11,-56]],[[1510,800],[7,-52]],[[1517,748],[-30,-39]],[[1487,709],[-67,70]],[[1420,779],[72,83]],[[1364,691],[63,53],[42,-101]],[[1469,643],[-27,-58]],[[1442,585],[-90,53]],[[1352,638],[12,53]],[[1301,630],[51,8]],[[1442,585],[-6,-9]],[[1436,576],[-87,22]],[[1349,598],[-48,15]],[[1301,613],[0,17]],[[3262,1658],[85,9]],[[3347,1667],[13,-48]],[[3360,1619],[-101,-18]],[[3259,1601],[3,57]],[[2272,1678],[17,-18]],[[2289,1660],[10,-73]],[[2299,1587],[-45,-60]],[[2254,1527],[-73,82]],[[2181,1609],[9,17]],[[2115,1689],[3,-3]],[[2118,1686],[28,-45]],[[2146,1641],[35,-32]],[[2181,1609],[-34,-62]],[[2147,1547],[-141,14]],[[2147,1547],[-29,-64]],[[2118,1483],[-120,65]],[[2164,5564],[291,33]],[[2455,5597],[14,-90]],[[2469,5507],[16,-107]],[[2485,5400],[19,-125]],[[2504,5275],[9,-64],[-69,-9],[-149,-89],[-59,-9]],[[2236,5104],[-2,5]],[[2234,5109],[-60,392]],[[2330,1996],[71,-7],[-12,-88]],[[2389,1901],[-47,67]],[[2342,1968],[-12,28]],[[2302,1838],[38,17]],[[2340,1855],[11,-17]],[[2351,1838],[9,-14]],[[2370,1819],[-56,-15]],[[2314,1804],[-12,34]],[[2339,1658],[13,2]],[[2352,1660],[59,-2]],[[2419,1624],[-46,-32]],[[2373,1592],[-22,2]],[[2351,1594],[-12,64]],[[858,572],[19,-2]],[[877,570],[-2,-64]],[[856,508],[2,64]],[[937,635],[9,-1]],[[946,634],[18,-4]],[[964,630],[-11,-61]],[[931,569],[-23,57]],[[908,626],[8,4]],[[1270,565],[19,28]],[[1289,593],[34,-54]],[[1323,539],[-73,-6]],[[1250,533],[20,32]],[[1806,5212],[16,-29]],[[1822,5183],[30,-30],[13,-174]],[[1865,4979],[-143,-24]],[[1722,4955],[-27,130]],[[1695,5085],[55,30],[56,97]],[[1585,176],[11,33]],[[1596,209],[40,10]],[[1667,226],[61,9]],[[1728,235],[60,13]],[[1788,248],[1,1]],[[1789,249],[-84,-138]],[[1705,111],[-111,19]],[[1080,767],[-13,-39]],[[1067,728],[-45,0]],[[3264,1194],[-66,-175]],[[1101,362],[0,15]],[[1101,377],[5,23]],[[1106,400],[45,-36]],[[1151,364],[-20,-24]],[[2801,952],[53,-20]],[[2861,883],[-89,-11]],[[1552,743],[43,60]],[[1595,803],[17,-6]],[[1612,797],[-32,-75]],[[1580,722],[-8,-69]],[[1572,653],[-24,20]],[[1548,673],[4,70]],[[946,634],[20,46],[39,-23]],[[1005,657],[-27,-4]],[[3401,1524],[48,9]],[[3449,1533],[7,-46]],[[3456,1487],[-28,15]],[[3402,1521],[-1,3]],[[1319,5270],[90,78]],[[1409,5348],[44,-82],[21,-102],[-78,-90],[-43,-19]],[[1353,5055],[-34,215]],[[1353,3297],[38,59]],[[1391,3356],[75,48]],[[1466,3404],[90,-25]],[[1556,3379],[68,-133]],[[1450,3211],[-97,86]],[[1068,681],[20,-39]],[[1088,642],[-14,3]],[[1031,644],[37,37]],[[1336,383],[15,-3]],[[1351,380],[-16,-84]],[[1335,296],[-5,36]],[[1330,332],[6,51]],[[1254,1854],[192,-21],[-32,-112]],[[1414,1721],[-115,-21]],[[1211,1695],[43,159]],[[2732,4092],[21,-2]],[[2753,4090],[55,20]],[[2796,3990],[-44,-53]],[[2738,3930],[-32,26]],[[1596,209],[-20,58]],[[1556,361],[33,5]],[[1566,298],[-9,27]],[[1557,325],[-11,33]],[[1546,358],[10,3]],[[891,555],[10,-38]],[[901,517],[-10,38]],[[666,4905],[54,11]],[[720,4916],[67,18]],[[752,4882],[-88,7]],[[1589,375],[10,19]],[[1642,397],[29,-23]],[[1671,374],[6,-17]],[[1677,357],[-31,1]],[[1589,366],[0,9]],[[1622,633],[119,-40]],[[1741,593],[-32,-96]],[[1709,497],[-60,28]],[[1600,605],[22,28]],[[2561,916],[34,75],[-14,50]],[[2581,1041],[54,14],[64,-59]],[[2699,996],[-94,-39],[-28,-51]],[[2577,906],[-16,10]],[[1496,5489],[288,32]],[[1765,5440],[-269,-34]],[[1496,5406],[0,83]],[[1305,2193],[60,7]],[[1365,2200],[112,-9]],[[1477,2191],[-2,-33]],[[1475,2158],[-136,3],[-52,23]],[[1287,2184],[0,10]],[[1154,751],[25,34]],[[1212,786],[33,-4]],[[1212,731],[-58,20]],[[2093,214],[40,-58]],[[2133,156],[-18,-18]],[[1147,3872],[-26,-84],[-42,-6]],[[1079,3782],[-38,104]],[[601,4812],[11,60]],[[662,4870],[10,-49],[-27,-105]],[[645,4716],[-70,-45]],[[1895,2336],[60,-33]],[[1936,2038],[-66,124]],[[1870,2162],[-41,-3]],[[1829,2159],[68,93],[-2,84]],[[1732,1344],[67,103]],[[1820,1407],[-17,-128]],[[1771,1272],[-90,-13]],[[1681,1259],[51,85]],[[1647,337],[4,-18]],[[1651,319],[7,-33]],[[1724,372],[46,54]],[[1770,426],[62,-13]],[[1832,413],[-24,-62]],[[1808,351],[-43,11]],[[1708,362],[16,10]],[[1217,512],[8,13]],[[1225,525],[5,-6]],[[1230,519],[53,-42]],[[1283,477],[-52,-22]],[[1231,455],[-14,57]],[[2403,1688],[8,-30]],[[2352,1660],[-10,27]],[[2530,1684],[53,13],[51,-97]],[[2634,1600],[-160,-105]],[[2474,1495],[-42,98]],[[876,367],[31,42]],[[907,409],[9,-3]],[[916,406],[3,-46]],[[919,360],[0,-6]],[[919,354],[-43,13]],[[1652,2137],[74,-41]],[[1726,2096],[-32,-58]],[[1694,2038],[-1,66],[-41,33]],[[1832,413],[8,47]],[[1840,460],[51,-19]],[[1891,441],[-47,-99]],[[1180,798],[-43,30]],[[2886,1057],[5,-33]],[[2891,1024],[-43,-26]],[[2848,998],[-7,47]],[[2925,1066],[63,35]],[[2933,1001],[-42,23]],[[1268,3306],[34,36]],[[1302,3342],[1,-29]],[[1303,3313],[12,-59]],[[1315,3254],[-6,-22]],[[1309,3232],[-45,2]],[[1264,3234],[4,72]],[[865,421],[28,2]],[[917,413],[-1,-7]],[[907,409],[-44,0]],[[863,409],[2,12]],[[2474,1495],[-87,-29]],[[2387,1466],[-20,81]],[[2367,1547],[6,45]],[[2364,1875],[-10,-5]],[[2354,1870],[31,16]],[[3381,1731],[66,-84]],[[3447,1647],[-9,-66]],[[3438,1581],[-49,-31]],[[3389,1550],[-29,69]],[[3347,1667],[34,64]],[[973,5283],[22,-90]],[[995,5193],[60,-140]],[[1055,5053],[35,-81]],[[1090,4972],[-105,-28],[-60,12]],[[925,4956],[6,19]],[[931,4975],[53,4],[8,67],[-76,32]],[[916,5078],[-19,9]],[[897,5087],[87,14],[-114,114]],[[870,5215],[103,68]],[[338,4160],[113,81],[69,77]],[[520,4318],[80,71],[46,-66]],[[646,4323],[-66,-59]],[[580,4264],[0,-64],[-175,-122]],[[405,4078],[-67,82]],[[2146,1713],[39,16]],[[2217,1704],[-71,-63]],[[2118,1686],[28,27]],[[1429,447],[-5,-45]],[[1424,402],[-27,48]],[[1296,2489],[50,-61]],[[1316,2410],[-13,40]],[[1303,2450],[-7,39]],[[1979,5260],[59,-14]],[[2038,5246],[7,-109],[-18,-89]],[[2027,5048],[-58,-7]],[[1969,5041],[-45,209]],[[504,4657],[56,-106]],[[560,4551],[0,-22]],[[560,4529],[-76,-24],[-61,-55]],[[423,4450],[0,71],[36,17],[45,119]],[[734,4965],[53,18]],[[787,4983],[62,-7]],[[849,4976],[-20,-35]],[[720,4916],[0,22]],[[720,4938],[14,27]],[[3137,1318],[47,82]],[[3184,1400],[59,-39]],[[3243,1361],[25,-34]],[[3138,1222],[-123,9]],[[3015,1231],[50,66],[72,21]],[[2059,1998],[-2,-16]],[[2057,1982],[-2,-18]],[[1912,1995],[18,33]],[[2530,1888],[-40,-89]],[[2490,1799],[-31,18]],[[1527,318],[30,7]],[[1576,267],[-30,-8]],[[1546,259],[-10,-2]],[[1536,257],[-9,61]],[[2039,349],[4,-13]],[[2043,336],[8,-32]],[[2012,302],[-20,37]],[[2203,1232],[-54,-41]],[[2091,1248],[98,37],[14,-53]],[[1534,1058],[-9,-41]],[[1525,1017],[-84,-44]],[[1430,985],[13,107],[45,16],[46,-50]],[[3084,1670],[53,38],[76,-20]],[[3213,1688],[11,-35]],[[3224,1653],[-20,-140],[14,-39]],[[3218,1474],[-115,9]],[[3103,1483],[-26,78],[31,59],[-24,50]],[[755,646],[95,-8]],[[850,638],[-19,-128]],[[831,510],[-113,8]],[[718,518],[37,128]],[[877,570],[17,-2]],[[894,568],[-3,-13]],[[901,517],[-1,-13]],[[900,504],[-25,2]],[[2454,697],[42,79]],[[2496,776],[15,-30]],[[2511,746],[31,-62]],[[2542,684],[-73,-2]],[[2457,694],[-3,3]],[[1322,1595],[4,-1]],[[1326,1594],[8,-54]],[[1334,1540],[-69,69]],[[1422,550],[33,-13]],[[1455,537],[-7,-18]],[[1448,519],[-18,-33]],[[1395,499],[27,51]],[[2539,773],[96,-7]],[[2635,766],[-24,-15]],[[2511,746],[28,27]],[[2020,695],[22,-62]],[[2042,633],[5,-16]],[[2047,617],[-71,19]],[[1976,636],[-77,12]],[[1899,648],[17,29],[104,18]],[[1734,435],[12,-3]],[[1746,432],[24,-6]],[[1724,372],[-54,13]],[[1670,385],[-14,54]],[[1708,362],[-31,-5]],[[1671,374],[-1,11]],[[2610,555],[-48,-29]],[[2334,1864],[20,6]],[[2377,1857],[-19,-14]],[[2358,1843],[-7,-5]],[[2340,1855],[-6,9]],[[1346,2428],[89,49]],[[1435,2477],[184,-51]],[[1619,2426],[-127,-31]],[[1492,2395],[-100,-20],[-48,-33]],[[1525,1017],[-27,-41]],[[1498,976],[-34,-68]],[[1464,908],[-27,-44]],[[876,367],[-19,7]],[[1039,1007],[88,-43]],[[1127,964],[-6,-24]],[[1121,940],[-48,12]],[[1073,952],[-43,2]],[[1030,954],[9,53]],[[1178,1599],[36,13]],[[1334,1540],[23,-61],[-33,-74]],[[1324,1405],[-107,29]],[[1217,1434],[-37,96],[-2,69]],[[2280,2281],[16,-10]],[[2296,2271],[-55,-19],[-3,-81]],[[2238,2171],[-66,53]],[[2138,2271],[80,54],[62,-44]],[[196,4687],[75,77]],[[271,4764],[202,-57],[41,-44]],[[514,4663],[-10,-6]],[[423,4450],[-31,-6]],[[392,4444],[-48,79]],[[213,4612],[-17,75]],[[623,5112],[68,32],[58,-15]],[[749,5129],[-35,-60]],[[714,5069],[-29,-68]],[[685,5001],[-20,15]],[[665,5016],[-3,66],[-39,30]],[[1499,856],[48,-31]],[[1547,825],[-37,-25]],[[3366,1514],[-43,-34]],[[3300,1489],[-7,64]],[[3293,1553],[73,-39]],[[2469,5507],[159,-24],[11,-78],[-154,-5]],[[880,606],[-3,-36]],[[858,572],[-7,40]],[[1810,1992],[39,-67],[-8,-60]],[[1841,1865],[-75,-9]],[[1766,1856],[3,80],[41,56]],[[2768,999],[58,-28]],[[2826,971],[-25,-19]],[[2744,975],[24,24]],[[2616,863],[16,18]],[[2632,881],[17,0]],[[2649,881],[29,-49]],[[2678,832],[-4,-24]],[[2674,808],[-16,-18]],[[2658,790],[-34,67]],[[2624,857],[-8,6]],[[1436,575],[23,-4]],[[1459,571],[-4,-34]],[[1422,550],[14,25]],[[1482,340],[54,14]],[[1536,354],[10,4]],[[1527,318],[-31,-8]],[[1806,304],[-58,28]],[[1976,636],[6,-84]],[[1982,552],[-2,-17]],[[1903,522],[-3,11]],[[1900,533],[-4,9]],[[1896,542],[50,40],[-55,45]],[[1891,627],[8,21]],[[1198,598],[72,-33]],[[1250,533],[-20,-14]],[[1225,525],[-27,73]],[[1663,995],[17,22]],[[1680,1017],[41,-82]],[[1721,935],[-41,-34]],[[1680,901],[-45,12]],[[1477,3448],[-59,-5]],[[1418,3443],[19,65]],[[3182,4711],[400,123]],[[3582,4834],[-26,-41],[-1,-135],[-138,8],[-26,-50],[79,-68],[72,-3],[-32,-133]],[[3510,4412],[-81,17],[-58,92],[-98,12],[-37,36]],[[3236,4569],[-43,45],[-11,97]],[[1262,3457],[30,-27]],[[1294,3391],[4,-16]],[[1298,3375],[1,-4]],[[1299,3371],[-78,9]],[[915,814],[-6,-29]],[[909,785],[-24,5]],[[1645,2412],[53,42],[68,106]],[[1766,2560],[163,19]],[[1929,2579],[9,-73],[51,-70],[0,-47]],[[1989,2389],[-34,-86]],[[1895,2336],[-135,11],[-115,65]],[[1064,926],[59,-13]],[[1123,913],[-12,-69]],[[1081,857],[-22,58]],[[1059,915],[5,11]],[[1259,3553],[4,-41],[86,4]],[[3447,1647],[51,-68]],[[3498,1579],[-33,4]],[[3465,1583],[-27,-2]],[[3366,1514],[5,-3]],[[3405,1451],[-24,1]],[[3381,1452],[-23,12]],[[953,783],[-9,-33]],[[944,750],[-3,-18]],[[941,732],[-10,1]],[[931,733],[-2,70]],[[1573,431],[4,0]],[[1577,431],[18,2]],[[1589,375],[-14,38]],[[1575,413],[-2,18]],[[1303,3313],[50,-16]],[[1353,3297],[-29,-44]],[[1324,3253],[-9,1]],[[909,785],[-6,-32]],[[903,753],[-16,-15]],[[1786,855],[20,38]],[[1896,889],[-30,-61],[-80,27]],[[1898,781],[30,105]],[[1928,886],[33,-2]],[[1961,884],[10,-58],[-39,-79]],[[1932,747],[-41,-120]],[[1896,542],[-63,20]],[[999,3951],[-34,-41]],[[965,3910],[34,41]],[[2649,881],[74,73]],[[2772,872],[-32,-19]],[[2740,853],[-62,-21]],[[4591,4424],[65,18],[49,142],[86,48]],[[4791,4632],[55,-12]],[[4846,4620],[-8,-84],[73,-226],[48,-116],[3,-104],[30,-100],[46,-49],[28,-88]],[[5066,3853],[-37,-19]],[[5029,3834],[-185,251]],[[4844,4085],[-169,237],[-84,102]],[[2682,3842],[-57,9]],[[2120,347],[14,21]],[[2134,368],[30,43]],[[2164,411],[26,-57]],[[2190,354],[-7,-5]],[[2183,349],[-36,-27]],[[2147,322],[-27,25]],[[994,602],[16,-6]],[[1010,596],[0,-12]],[[1010,584],[-18,-69]],[[992,515],[-22,-22]],[[970,493],[-14,-2]],[[929,696],[9,-2]],[[908,626],[-3,2]],[[905,628],[24,68]],[[1534,1058],[14,94]],[[1548,1152],[41,-42]],[[1589,1110],[-18,-34]],[[1571,1076],[-47,-106]],[[1524,970],[-26,6]],[[1658,1133],[31,-5]],[[1710,1103],[-7,-32]],[[1703,1071],[-66,29]],[[1637,1100],[21,33]],[[1729,1759],[17,-41],[-32,-60]],[[1691,1634],[-8,2]],[[1683,1636],[17,26],[-212,52]],[[1488,1714],[-8,1]],[[1480,1715],[7,19]],[[1845,1274],[11,-9]],[[1856,1265],[-29,-85]],[[2539,773],[85,84]],[[2658,790],[-23,-24]],[[953,440],[42,-43]],[[995,397],[-1,-15]],[[977,367],[-2,2]],[[975,369],[-13,46]],[[1189,501],[28,11]],[[1231,455],[-18,-15]],[[1201,430],[-12,71]],[[975,369],[-4,-26]],[[971,343],[-37,14]],[[934,357],[7,54]],[[2826,971],[22,27]],[[1874,4665],[148,70]],[[2022,4735],[59,-15],[54,-50]],[[2135,4670],[5,-64],[-63,-116],[0,-238],[-11,-14]],[[2066,4238],[-119,11],[-28,28],[-155,32],[26,82],[76,118],[-9,98],[17,58]],[[1726,492],[34,-7]],[[1760,485],[-14,-53]],[[1718,457],[8,35]],[[2082,4798],[88,49]],[[2170,4847],[100,35]],[[2270,4882],[32,-188]],[[2302,4694],[-79,-30],[-37,51]],[[2186,4715],[-104,83]],[[2239,307],[-26,62]],[[2288,428],[42,37]],[[2330,465],[103,-18],[-12,-36],[-36,-48]],[[2385,363],[-80,14],[-59,-72],[-14,-73]],[[2232,232],[-21,19]],[[2697,3676],[45,60]],[[2742,3736],[67,-63],[41,9]],[[2850,3682],[60,-92],[76,-163]],[[2986,3427],[-367,-253]],[[2619,3174],[-84,-54]],[[2535,3120],[-43,10]],[[2492,3130],[-47,125],[73,52],[35,107]],[[2234,5109],[-72,12]],[[2162,5121],[-11,81]],[[2151,5202],[-49,279]],[[2102,5481],[-1,15]],[[2296,2271],[16,46]],[[2312,2317],[4,-242]],[[2316,2075],[-20,2]],[[2296,2077],[-46,5]],[[2250,2082],[-2,53]],[[2248,2135],[-10,36]],[[1203,1438],[14,-4]],[[1324,1405],[5,-2]],[[1329,1403],[-53,-126]],[[1276,1277],[-82,25],[-9,35]],[[1185,1337],[-67,5]],[[1118,1342],[-3,18]],[[1115,1360],[-19,28]],[[1520,555],[63,90]],[[1583,645],[39,-12]],[[1573,538],[-53,17]],[[992,515],[58,16]],[[1050,531],[-45,-95]],[[1005,436],[-35,57]],[[1836,3068],[100,27],[33,62],[59,40],[28,171]],[[2056,3368],[126,-69]],[[2182,3299],[-87,-88]],[[2095,3211],[-60,-88]],[[2035,3123],[-1,-1]],[[1959,3037],[-108,25]],[[1851,3062],[-15,6]],[[2253,510],[0,-30]],[[2213,369],[-23,-15]],[[2164,411],[89,99]],[[2061,1777],[32,47]],[[2093,1824],[40,42]],[[2133,1866],[7,1]],[[2140,1867],[27,-76]],[[2167,1791],[-106,-14]],[[799,442],[54,45]],[[867,443],[-2,-22]],[[2986,3427],[105,31]],[[3091,3458],[11,-182],[-64,-142]],[[3038,3134],[-53,-111],[-57,87],[-158,59],[-77,-39],[-15,-51]],[[2678,3079],[-59,95]],[[3389,1550],[12,-26]],[[3293,1553],[-41,2]],[[3252,1555],[7,46]],[[3224,1653],[38,5]],[[3252,1555],[0,-74]],[[3252,1481],[-34,-7]],[[1136,5138],[44,43],[139,89]],[[1353,5055],[13,-82]],[[1366,4973],[3,-16]],[[1224,4964],[-111,-1]],[[1113,4963],[-23,9]],[[1055,5053],[81,85]],[[1316,292],[18,2]],[[1334,294],[17,-2]],[[1351,292],[-68,-56]],[[1283,236],[33,56]],[[2013,497],[41,7]],[[2054,504],[30,3]],[[2084,507],[1,-33]],[[2085,474],[-67,0]],[[2018,474],[-5,23]],[[1742,5385],[23,55]],[[1924,5250],[-34,-55],[-68,-12]],[[1806,5212],[-14,103],[-50,70]],[[951,682],[34,5],[39,-22]],[[1024,665],[-19,-8]],[[1106,400],[37,104],[46,-3]],[[2001,494],[12,3]],[[2018,474],[7,-23]],[[2025,451],[-105,-22]],[[1920,429],[-8,49]],[[1310,2294],[127,-36]],[[1437,2258],[-72,-58]],[[1459,571],[43,-9]],[[1502,562],[16,-11]],[[1518,551],[-44,-41]],[[1474,510],[-26,9]],[[2393,615],[86,-41]],[[2469,555],[-51,-34]],[[2418,521],[-41,49],[16,45]],[[2206,1051],[25,4]],[[2231,1055],[19,-128]],[[2250,927],[-50,-27]],[[2184,892],[-32,83],[54,76]],[[2003,414],[44,7]],[[2047,421],[32,7]],[[2079,428],[1,-28]],[[2080,400],[-64,-13]],[[2016,387],[-13,27]],[[2847,4014],[393,-88],[81,-5]],[[3321,3921],[36,-11],[29,-97],[57,-66],[-82,-210]],[[3361,3537],[-194,-56]],[[3167,3481],[-76,-23]],[[2850,3682],[61,21],[-14,145],[-90,-42],[34,186]],[[2095,3211],[64,-77]],[[2159,3134],[-66,-74]],[[2093,3060],[-58,63]],[[2785,5525],[64,-20],[150,3],[95,-35]],[[3094,5473],[9,-93]],[[3103,5380],[-5,-1]],[[3098,5379],[-101,-42],[-84,-14],[-95,-42]],[[2818,5281],[-5,84]],[[2813,5365],[-28,160]],[[999,892],[14,38]],[[1013,930],[19,-7]],[[1032,923],[-7,-91]],[[1025,832],[-29,-38]],[[996,794],[-34,12]],[[3243,1361],[3,37]],[[3327,1408],[25,-23]],[[3352,1385],[-84,-58]],[[1469,643],[19,-10]],[[1488,633],[14,-71]],[[1436,575],[0,1]],[[939,4747],[161,162],[13,54]],[[1256,4769],[-88,-72],[-4,-36]],[[1164,4661],[-65,33],[-107,11]],[[992,4705],[-53,42]],[[1556,361],[19,52]],[[1758,982],[38,-48]],[[1796,934],[-17,-23]],[[1779,911],[-48,16]],[[1731,927],[27,55]],[[733,5399],[225,27]],[[958,5426],[-12,-35],[27,-108]],[[870,5215],[-36,77]],[[834,5292],[-28,83],[-73,24]],[[2289,1660],[50,-2]],[[2351,1594],[-52,-7]],[[3004,1194],[11,37]],[[2157,2921],[81,-6],[24,-72]],[[2262,2843],[-47,-112]],[[2215,2731],[-133,26]],[[2082,2757],[53,73],[22,91]],[[903,753],[28,-20]],[[941,732],[-12,-36]],[[929,696],[-42,10]],[[952,1490],[107,-18]],[[1115,1360],[-65,-62],[-38,-154]],[[1003,1142],[-106,-21]],[[897,1121],[28,86],[26,184],[1,99]],[[1022,728],[-40,-18]],[[982,710],[22,24]],[[2311,557],[19,-92]],[[2632,881],[26,85],[42,26]],[[2700,992],[44,-17]],[[2400,1819],[-4,-36]],[[2067,2048],[185,21]],[[2252,2069],[-26,-92]],[[2226,1977],[-80,20],[-89,-15]],[[3947,5149],[215,23]],[[4162,5172],[-12,-100],[-47,-61],[38,-72]],[[4141,4939],[32,-157],[196,-39],[122,-3],[151,-82],[149,-26]],[[4591,4424],[-109,144],[-597,-62]],[[3885,4506],[-136,308]],[[3749,4814],[-2,118],[107,6],[81,-22],[36,25],[-44,81],[20,127]],[[4141,4939],[121,26],[38,-24],[77,-133],[145,46],[-3,56],[88,10],[42,34]],[[4649,4954],[246,-330]],[[4895,4624],[-49,-4]],[[1598,3562],[18,42]],[[1616,3604],[195,-105]],[[1811,3499],[-77,-143]],[[1734,3356],[-67,37],[-95,-8]],[[1572,3385],[-7,82]],[[2214,3666],[-18,-185]],[[2196,3481],[-13,-59],[46,-78]],[[2188,3295],[-6,4]],[[2056,3368],[-17,146],[59,69],[30,113],[86,-30]],[[2878,756],[-77,-61]],[[2801,695],[-56,20]],[[2745,715],[28,32],[-33,106]],[[1742,5385],[-51,-46],[-28,-66],[29,-129]],[[1692,5144],[-100,-52]],[[1592,5092],[-6,89],[12,190],[-102,35]],[[679,4967],[6,34]],[[714,5069],[105,-38]],[[819,5031],[-32,-48]],[[734,4965],[-55,2]],[[2849,4092],[42,81],[50,43],[144,70]],[[3085,4286],[75,-34],[92,20]],[[3314,4434],[153,-195],[18,-77]],[[3485,4162],[-6,-92]],[[3479,4070],[-134,38],[-38,-100],[14,-87]],[[2279,1883],[35,5]],[[2314,1888],[20,-24]],[[2302,1838],[-23,45]],[[1474,510],[-41,-112]],[[1433,398],[-9,4]],[[2183,349],[27,-32]],[[2180,282],[-4,5]],[[1324,3253],[-22,-69]],[[1302,3184],[7,48]],[[2379,622],[40,34]],[[2393,615],[-10,5]],[[2383,620],[-4,2]],[[1605,1135],[23,43]],[[1628,1178],[53,81]],[[1658,1133],[-53,2]],[[1861,1319],[41,72]],[[1948,1479],[64,6],[75,-33],[-9,-46]],[[2078,1406],[-88,-116]],[[1990,1290],[-129,29]],[[2296,662],[69,7]],[[2365,669],[7,-44]],[[2372,625],[-68,-30]],[[1010,584],[45,16]],[[1088,642],[72,-24]],[[1160,618],[-25,-16]],[[1135,602],[-85,-71]],[[3862,3682],[232,69]],[[4094,3751],[76,-4],[111,-41],[92,-71],[68,-4],[30,-89]],[[4471,3542],[-532,-270]],[[3939,3272],[-18,193],[-59,217]],[[4166,5732],[138,-11],[58,-36],[66,5],[-40,128]],[[4388,5818],[298,35],[-46,-486],[0,-226],[-10,-70]],[[4630,5071],[-228,37]],[[4402,5108],[-68,17],[-51,96],[-82,43],[-5,99]],[[4196,5363],[23,92],[3,112],[-59,109],[3,56]],[[2079,428],[24,6]],[[2103,434],[31,-66]],[[2120,347],[-5,-7]],[[2115,340],[-7,6]],[[2108,346],[-24,40]],[[2084,386],[-4,14]],[[3011,4299],[40,24]],[[3051,4323],[34,-37]],[[2753,4090],[106,111],[152,98]],[[1766,2560],[68,52],[0,74],[101,66]],[[1935,2752],[91,51]],[[2026,2803],[5,-5]],[[2031,2798],[-38,-111]],[[1993,2687],[22,-88]],[[2015,2599],[-86,-20]],[[1123,913],[-2,27]],[[1127,964],[9,45]],[[1188,1021],[-4,-107]],[[1833,562],[-73,-77]],[[1726,492],[-17,5]],[[358,4960],[36,32]],[[394,4992],[88,-21],[96,-63]],[[515,4663],[-1,0]],[[271,4764],[122,135],[-35,61]],[[1237,891],[27,-14]],[[1264,877],[118,-28]],[[1437,864],[-69,-100]],[[1368,764],[-16,1]],[[1268,805],[-19,24]],[[2262,2843],[128,20],[13,46]],[[2403,2909],[74,-21],[83,-66],[25,27],[-24,79]],[[2561,2928],[39,-77],[-24,-38],[-60,-22],[-68,-220]],[[2448,2571],[-96,-92],[-40,-161]],[[2312,2318],[-31,9],[-30,218],[66,69],[-116,-15]],[[2201,2599],[14,132]],[[1663,266],[30,26]],[[1727,272],[1,-37]],[[831,510],[25,-2]],[[695,453],[23,65]],[[2490,1799],[37,-5]],[[2527,1794],[71,-12],[92,-51],[58,-90]],[[2748,1641],[-114,-41]],[[2118,2957],[70,30]],[[2188,2987],[49,23],[140,-56]],[[2377,2954],[26,-45]],[[2157,2921],[-34,2]],[[2123,2923],[-93,40]],[[3335,5082],[612,67]],[[3749,4814],[-25,60],[-142,-40]],[[3582,4834],[-12,139],[-68,25],[-163,-13],[-4,97]],[[1118,1342],[-17,-102]],[[1101,1240],[-7,-80]],[[1094,1160],[-61,-11]],[[1887,1725],[48,44],[61,-6],[97,61]],[[2012,1701],[-41,-46]],[[1956,1672],[-69,53]],[[3097,1718],[42,35]],[[3139,1753],[61,13]],[[3200,1766],[13,-78]],[[3084,1670],[13,48]],[[1529,192],[37,9]],[[1566,201],[30,8]],[[1536,165],[-7,27]],[[1912,1102],[43,-13],[48,-65]],[[2003,1024],[-21,-32]],[[1982,992],[-39,-72],[18,-36]],[[1825,941],[22,48]],[[1369,450],[4,8]],[[1433,398],[-18,-14]],[[1415,384],[-64,-4]],[[1064,926],[9,26]],[[3080,5670],[373,45]],[[3453,5715],[-40,-35]],[[3413,5680],[-50,-58],[-31,-78],[-85,-92]],[[3247,5452],[-16,35],[-100,41]],[[3131,5528],[-37,-55]],[[3094,5473],[-40,161],[26,36]],[[2181,3143],[18,66],[47,-2]],[[2246,3207],[-21,-29],[74,-166],[77,-47]],[[2376,2965],[1,-11]],[[2188,2987],[14,45]],[[2202,3032],[-21,111]],[[1580,722],[11,-7]],[[1642,670],[-59,-25]],[[1583,645],[-11,8]],[[2812,5639],[268,31]],[[2785,5525],[27,114]],[[2093,3060],[-2,-59]],[[2091,3001],[-7,-9]],[[2210,3283],[36,-76]],[[2181,3143],[-22,-9]],[[1525,475],[22,51]],[[1547,526],[19,-6]],[[1566,520],[-14,-59]],[[1552,461],[-27,14]],[[3057,4484],[102,15],[34,52]],[[3193,4551],[17,-112],[-31,-42]],[[3179,4397],[-118,25]],[[3061,4422],[-4,62]],[[2757,3823],[-24,-69]],[[2733,3754],[-39,74]],[[3381,1452],[-26,-66]],[[3355,1386],[-3,-1]],[[1982,552],[61,-5]],[[2043,547],[11,-43]],[[1572,3385],[-16,-6]],[[1466,3404],[11,44]],[[996,794],[19,-6]],[[999,750],[-55,0]],[[1283,2442],[20,8]],[[1316,2410],[-39,-16]],[[1277,2394],[-10,2]],[[910,504],[20,-1]],[[930,503],[-5,-36]],[[904,462],[6,42]],[[1291,5465],[205,24]],[[1496,5406],[-87,-58]],[[1319,5270],[-15,104]],[[1592,5092],[-226,-119]],[[2043,547],[24,4]],[[2067,551],[5,-15]],[[2072,536],[12,-29]],[[2733,3754],[9,-18]],[[2481,3698],[112,119]],[[3355,1386],[20,9]],[[3375,1395],[27,-30],[-16,-88]],[[950,2551],[249,-25],[92,-19]],[[1291,2507],[5,-18]],[[1234,2398],[-295,-117]],[[939,2281],[11,270]],[[942,2206],[280,-3],[65,-19]],[[1475,2158],[-5,-67],[-71,3],[9,-96]],[[1408,1998],[-109,11]],[[1299,2009],[-103,-16]],[[1196,1993],[-210,-14]],[[986,1979],[-37,146],[-7,81]],[[2380,1834],[-22,9]],[[2302,1838],[-71,-19]],[[2231,1819],[48,64]],[[1298,3375],[45,2]],[[1343,3377],[48,-21]],[[1302,3342],[-3,29]],[[1594,816],[47,26]],[[1641,842],[39,59]],[[1721,935],[9,38]],[[1730,973],[13,14]],[[1731,927],[-48,-71]],[[1595,803],[-1,13]],[[1779,911],[-29,-45]],[[1750,866],[-24,-52]],[[1726,814],[-13,-3]],[[1726,814],[22,-19]],[[1748,795],[19,-5]],[[1767,790],[-10,-36]],[[1757,754],[-26,-4]],[[1492,2395],[-14,-149]],[[1478,2246],[-41,12]],[[2202,3032],[-111,-31]],[[982,710],[-29,-17]],[[1478,2246],[-1,-55]],[[900,504],[10,0]],[[899,463],[-32,-11]],[[919,360],[15,-3]],[[971,343],[-1,-7]],[[970,336],[-51,18]],[[2102,5481],[-53,-10],[7,-58],[-18,-167]],[[2151,5202],[-113,44]],[[2162,5121],[-17,-59]],[[2145,5062],[-118,-14]],[[2699,996],[63,102],[47,27]],[[2841,1045],[-73,-46]],[[2700,992],[-1,4]],[[1299,2009],[-41,-114]],[[1258,1895],[-102,16],[40,82]],[[3361,3537],[127,36]],[[3488,3573],[374,109]],[[3939,3272],[-493,-254]],[[3446,3018],[-47,108]],[[3399,3126],[23,59],[67,41],[-32,71],[-88,23],[-20,-43],[-95,37],[-65,-59]],[[3189,3255],[-3,95],[-39,28],[20,103]],[[2031,2798],[18,-58]],[[2049,2740],[-56,-53]],[[3596,3918],[123,89],[59,-82],[-69,-54],[245,11],[96,-62],[44,-69]],[[3488,3573],[14,45],[141,141],[-51,86],[4,73]],[[3479,4070],[44,-50]],[[3523,4020],[73,-102]],[[1222,3289],[46,17]],[[1264,3234],[-45,-11]],[[679,4967],[-50,3]],[[629,4970],[36,46]],[[897,5087],[-148,42]],[[623,5112],[111,93],[53,17],[47,70]],[[1755,4776],[91,-35],[28,-76]],[[2066,4238],[64,-43],[98,-34],[60,13],[88,77]],[[2442,4017],[10,-29],[-171,-21]],[[2281,3967],[-170,-23]],[[2111,3944],[-195,-28],[-371,-38]],[[1479,4297],[-82,490]],[[1397,4787],[96,45],[262,-56]],[[1300,729],[1,-99]],[[1301,613],[-12,-20]],[[1198,598],[-38,20]],[[1160,618],[74,105],[67,8]],[[1856,1265],[85,-86]],[[1941,1179],[-17,-42]],[[1933,360],[59,-21]],[[1943,317],[-10,43]],[[2194,823],[18,-84],[-31,-38]],[[2181,701],[-139,-68]],[[2020,695],[-5,17]],[[2337,791],[28,-122]],[[2285,724],[-31,118]],[[2958,2322],[326,-456]],[[3284,1866],[-43,-78],[-41,-22]],[[3139,1753],[-11,153]],[[3128,1906],[-25,80],[-60,98],[-74,27]],[[2969,2111],[13,100],[-29,96]],[[2953,2307],[5,15]],[[2140,1867],[20,12]],[[2160,1879],[50,-61]],[[2210,1818],[-3,-7]],[[2207,1811],[-40,-20]],[[791,4205],[132,69]],[[923,4274],[67,-11]],[[1129,4121],[-150,64],[-37,-46],[-165,30]],[[777,4169],[14,36]],[[1524,970],[-15,-27]],[[1509,943],[-4,-34]],[[1505,909],[-41,-1]],[[2543,1808],[118,42],[-40,151]],[[2621,2001],[57,79]],[[2825,2298],[128,9]],[[2969,2111],[-51,-137],[50,3],[18,-94],[142,23]],[[3097,1718],[-113,4],[-69,-26]],[[2915,1696],[-43,174],[-91,-31],[-4,-102],[83,-70]],[[2860,1667],[-20,-69],[-83,27]],[[2757,1625],[-9,16]],[[2527,1794],[16,14]],[[1619,2426],[26,-14]],[[1645,2412],[-56,-61],[12,-57],[113,-107],[-1,-30]],[[1713,2157],[-61,-20]],[[1694,2038],[7,-2]],[[1566,1937],[-86,-22],[-72,83]],[[1811,3499],[6,-3]],[[1817,3496],[239,-128]],[[1836,3068],[8,93],[-51,51],[-85,7]],[[1708,3219],[-41,30],[67,107]],[[2196,3481],[57,15],[13,55],[57,50],[58,-2],[56,107],[-14,55],[-154,-41]],[[2269,3720],[-7,149],[19,98]],[[629,4970],[-6,-28]],[[394,4992],[7,45],[96,-29],[26,52],[100,52]],[[1125,1698],[0,3]],[[1125,1701],[86,-6]],[[1178,1599],[-39,-34]],[[1139,1565],[43,68],[-57,65]],[[2624,5158],[218,27],[19,-132],[-17,-31],[27,-98],[71,-138],[-29,-43]],[[2913,4743],[-157,97],[-234,-39],[-58,88]],[[2464,4889],[39,82],[143,106],[-22,81]],[[2565,1934],[-5,54],[72,74],[46,18]],[[2621,2001],[-14,-67],[-64,-126]],[[1708,3219],[54,-160]],[[1762,3059],[-8,-29]],[[1754,3030],[-2,2]],[[2529,1387],[32,-44],[159,115]],[[2720,1458],[23,-32]],[[2743,1426],[-103,-155],[-89,-51]],[[2551,1220],[-22,167]],[[1885,332],[58,-15]],[[1892,170],[-150,-71]],[[1742,99],[-37,12]],[[4844,4085],[-66,26],[-110,-53],[-70,-68],[-41,42],[-89,11],[-26,-48],[-62,-15],[-115,105],[-210,3]],[[4055,4088],[-170,418]],[[5029,3834],[-558,-292]],[[4094,3751],[89,28],[-128,309]],[[3138,972],[-11,-42]],[[3117,927],[42,-10],[27,-20],[19,44]],[[3247,945],[-43,-128],[-36,-53],[-66,-12],[-9,130]],[[2745,715],[-71,93]],[[3457,1372],[24,-56],[-63,-52]],[[3375,1395],[82,-23]],[[1796,934],[29,7]],[[1786,855],[-5,-7]],[[1781,848],[-31,18]],[[1781,848],[-33,-53]],[[1817,807],[-50,-17]],[[1683,1636],[-201,-21]],[[1482,1615],[6,99]],[[1465,1224],[149,198]],[[1614,1422],[68,-63]],[[1682,1359],[50,-15]],[[1681,1259],[-85,-12]],[[1596,1247],[-43,-7]],[[1553,1240],[-88,-16]],[[2128,2145],[120,-10]],[[2250,2082],[2,-13]],[[1813,1995],[90,-17]],[[2049,1925],[-15,-20]],[[2034,1905],[-183,-39]],[[1851,1866],[-10,-1]],[[1810,1992],[3,3]],[[1714,2010],[54,5]],[[1768,2015],[45,-20]],[[1766,1856],[-7,-1]],[[989,1699],[136,-1]],[[1139,1565],[-46,-97]],[[952,1490],[37,209]],[[1326,1594],[96,-19]],[[1422,1575],[-41,-81]],[[1381,1494],[-52,-91]],[[1713,2157],[75,0]],[[1788,2157],[30,-43],[-27,-50]],[[1791,2064],[-65,32]],[[1639,1586],[44,50]],[[1731,1527],[6,-66],[-55,-102]],[[1614,1422],[28,87],[-3,77]],[[1861,1319],[-19,-34]],[[2034,1905],[46,-43],[53,4]],[[1887,1725],[-24,38],[-12,103]],[[1276,1277],[-21,-88]],[[1228,1185],[-41,74]],[[1187,1259],[-2,78]],[[1125,1701],[26,186],[103,-33]],[[1920,429],[-29,12]],[[1840,460],[60,73]],[[2232,232],[-39,-70]],[[2193,162],[-23,2]],[[2170,164],[4,3]],[[2154,246],[-1,26]],[[2093,283],[18,12]],[[2053,301],[32,-26]],[[1925,397],[78,17]],[[1933,360],[-8,37]],[[2091,468],[57,24]],[[2103,434],[-12,34]],[[2072,536],[71,31]],[[2091,468],[-6,6]],[[2047,617],[20,-66]],[[2181,701],[-8,-44]],[[1982,992],[21,-56],[105,46],[98,69]],[[1996,789],[-64,-42]],[[965,943],[26,20],[34,127]],[[1051,1066],[-12,-59]],[[1030,954],[-17,-24]],[[831,920],[66,201]],[[1255,1189],[110,18]],[[1365,1207],[-78,-112],[2,-47]],[[1289,1048],[-98,-27]],[[1010,596],[11,25]],[[930,503],[1,19]],[[1005,436],[-10,-39]],[[1240,305],[38,-8]],[[1278,297],[-13,-47]],[[1266,340],[28,4]],[[1294,344],[36,-12]],[[1335,296],[-1,-2]],[[1316,292],[-38,5]],[[1283,477],[25,-31]],[[1316,409],[-22,-65]],[[1289,1048],[6,-95]],[[1295,953],[-90,21]],[[1628,1178],[-32,69]],[[1680,1017],[23,54]],[[1710,1103],[53,1],[-33,-131]],[[1571,1076],[35,-40]],[[1561,928],[-52,15]],[[4055,4088],[-109,-7],[-74,15],[12,90],[-82,56],[-149,28],[-60,-187],[-70,-63]],[[3485,4162],[35,174],[-10,76]],[[560,4529],[27,-61],[61,-74],[-2,-71]],[[520,4318],[-90,52],[-38,74]],[[560,4551],[29,-73],[74,-78],[81,-121]],[[744,4279],[-40,-51],[-124,36]],[[744,4279],[133,204],[181,93],[-66,129]],[[1164,4661],[-44,-59],[-15,-94],[-137,-148],[-61,-42],[16,-44]],[[791,4205],[-47,74]],[[893,4889],[32,67]],[[939,4747],[-90,64]],[[995,5193],[50,20],[19,132]],[[1064,5345],[15,-124],[57,-83]],[[1074,3756],[5,26]],[[1186,3840],[-2,-106],[-46,-71],[9,-45]],[[899,3458],[21,74],[172,124],[-18,100]],[[3189,3255],[14,-111],[76,24],[120,-42]],[[3446,3018],[-379,-198]],[[3067,2820],[-4,121]],[[3063,2941],[18,32],[-17,119],[-26,42]],[[1192,3280],[-228,-35]],[[964,3245],[-77,81]],[[1302,3184],[-17,-100],[-46,15],[-222,-3]],[[1017,3096],[-53,149]],[[1396,3518],[17,0]],[[1418,3443],[-17,2]],[[1401,3445],[-62,-18]],[[916,5078],[-97,-47]],[[1920,429],[5,-32]],[[4162,5172],[95,10],[-10,-103],[155,29]],[[4630,5071],[-11,-77],[30,-40]],[[4895,4624],[454,-628],[-283,-143]],[[2298,939],[148,152]],[[2446,1091],[101,106]],[[2547,1197],[6,-118],[28,-38]],[[2561,916],[-37,-67]],[[2524,849],[-45,17]],[[2350,785],[104,-88]],[[2379,622],[-7,3]],[[2383,620],[-62,-56],[27,-81],[44,15]],[[2392,498],[40,-38],[10,-36],[-8,-42]],[[2436,379],[-73,-83]],[[2363,296],[22,67]],[[2392,498],[26,23]],[[2801,695],[-10,-90],[-59,-57]],[[2577,906],[39,-43]],[[2496,776],[28,73]],[[1989,2389],[153,36],[84,1],[31,-27],[23,-118]],[[2467,1940],[86,116]],[[2553,2056],[-49,9]],[[950,2551],[25,171]],[[975,2722],[248,1],[86,-18]],[[1309,2705],[-18,-198]],[[2026,2803],[104,82],[-7,38]],[[2082,2757],[-33,-17]],[[1515,252],[21,5]],[[1546,259],[20,-58]],[[1529,192],[-14,60]],[[1515,252],[-43,33]],[[1651,319],[31,9]],[[1723,321],[1,-5]],[[1742,325],[46,-77]],[[1513,425],[11,2]],[[1524,427],[28,2]],[[1552,429],[21,2]],[[1536,354],[-22,36]],[[1481,454],[43,-27]],[[1488,395],[-7,59]],[[1524,495],[23,31]],[[1525,475],[-1,20]],[[1641,842],[-117,58],[-21,-20]],[[1503,880],[2,29]],[[1492,862],[11,18]],[[1594,816],[-47,9]],[[1517,748],[35,-5]],[[1548,673],[-41,24]],[[1507,697],[-20,12]],[[3456,1487],[12,-13]],[[3468,1474],[-11,-102]],[[2269,3720],[-55,-54]],[[1817,3496],[57,105],[3,59],[78,64],[80,96],[76,124]],[[1488,633],[19,64]],[[1520,555],[-2,-4]],[[1368,764],[45,-3]],[[1413,761],[-49,-70]],[[3184,1400],[2,48],[-83,35]],[[3284,1866],[97,-135]],[[2212,1235],[7,3]],[[2219,1238],[80,42]],[[2299,1280],[19,-80]],[[2318,1200],[-100,-64]],[[2218,1136],[-1,4]],[[2217,1140],[-5,95]],[[2261,1506],[79,-97]],[[2340,1409],[-8,-111],[-33,-18]],[[2219,1238],[22,71],[-47,98]],[[2194,1407],[67,99]],[[2118,1483],[-34,-69]],[[2084,1414],[-6,-8]],[[1968,1234],[81,-51]],[[2026,1123],[-85,56]],[[1941,1179],[27,55]],[[2641,5619],[20,-53],[-6,-91],[118,-97],[40,-13]],[[2818,5281],[-106,-11]],[[2712,5270],[-23,29],[-119,19],[-66,-43]],[[2455,5597],[186,22]],[[2316,2075],[14,-79]],[[2342,1968],[-39,-59]],[[2303,1909],[-21,59]],[[2282,1968],[14,109]],[[2303,1909],[11,-21]],[[2279,1883],[3,85]],[[2207,1811],[5,-3]],[[2212,1808],[-66,-95]],[[2367,1547],[-27,-138]],[[2261,1506],[-7,21]],[[2757,1625],[58,-79],[-27,-76],[-45,-44]],[[2720,1458],[-27,49],[-131,-67],[-59,-3]],[[2503,1437],[-29,58]],[[887,633],[18,-5]],[[931,569],[-37,-1]],[[887,706],[-37,-68]],[[755,646],[19,73]],[[1323,539],[9,-22]],[[1332,517],[-49,-40]],[[1692,5144],[3,-59]],[[1722,4955],[33,-179]],[[2236,5104],[34,-222]],[[2170,4847],[-25,215]],[[1589,1110],[48,-10]],[[1788,2157],[41,2]],[[1870,2162],[-31,-132],[-40,28]],[[1799,2058],[-8,6]],[[958,5426],[192,22]],[[1437,864],[55,-2]],[[1420,779],[-7,-18]],[[338,4160],[-112,94],[1,95],[-101,71],[-8,141],[78,126]],[[1186,3840],[221,-121]],[[1407,3719],[6,-98],[-149,-49]],[[2231,1055],[61,16],[105,75]],[[2397,1146],[49,-55]],[[2255,892],[-5,35]],[[2641,5619],[171,20]],[[3098,5379],[35,-86],[-25,-74],[22,-78],[-51,-50],[-3,-70]],[[3076,5021],[-9,-49],[44,-77],[10,-117],[-63,-28],[-33,-74]],[[3025,4676],[-112,67]],[[2624,5158],[20,102],[68,10]],[[2194,1407],[-110,7]],[[2919,1271],[-27,56],[-114,72]],[[2778,1399],[102,61],[192,18],[65,-160]],[[2170,164],[-37,-8]],[[2399,3180],[93,-50]],[[2535,3120],[-8,-95],[34,-97]],[[2376,2965],[73,46],[-50,169]],[[999,3951],[75,19]],[[1074,3756],[-40,84],[-69,70]],[[3031,4662],[151,49]],[[3236,4569],[-43,-18]],[[3057,4484],[-29,105],[3,73]],[[1080,767],[74,-16]],[[1068,681],[-20,9]],[[1048,690],[19,38]],[[1332,517],[47,-48]],[[1506,503],[18,-8]],[[1552,461],[0,-32]],[[1481,454],[25,49]],[[358,4960],[-165,86],[-78,91],[-98,84],[-17,92],[733,86]],[[1757,754],[16,-18]],[[3453,5715],[641,69]],[[4094,5784],[72,-52]],[[4196,5363],[-77,27],[-56,49],[-86,34],[-188,19],[-68,-14],[-156,-88],[-67,-6],[-34,111]],[[3464,5495],[-32,86],[-48,61],[29,38]],[[849,4811],[-204,-95]],[[2399,3180],[-137,74]],[[1414,1721],[55,-17]],[[1469,1704],[-47,-129]],[[1768,2015],[31,43]],[[1187,1259],[-86,-19]],[[1277,2394],[8,-62]],[[942,2206],[-3,75]],[[850,638],[7,1]],[[1365,1207],[100,17]],[[1553,1240],[-5,-88]],[[1264,877],[31,76]],[[2318,1200],[79,-54]],[[2231,1055],[-13,81]],[[2231,1819],[-21,-1]],[[2160,1879],[41,3],[25,95]],[[1003,647],[28,-3]],[[2201,2599],[-150,-18],[-36,18]],[[720,4938],[-74,8]],[[2363,296],[-52,-111],[-122,-111]],[[2189,74],[-34,45],[38,43]],[[3131,5528],[28,-94],[65,-11]],[[3224,5423],[-52,-37],[-69,-6]],[[1048,690],[-24,-25]],[[2508,4358],[83,24],[212,96]],[[2803,4478],[83,-30],[48,-80],[83,-60]],[[3017,4308],[-6,-9]],[[1381,1494],[73,14],[119,-31]],[[1573,1477],[66,109]],[[2389,1901],[13,-6]],[[1016,2981],[575,-98],[78,22],[85,125]],[[1762,3059],[24,4]],[[1786,3063],[9,-67],[54,-68],[51,-131],[35,-45]],[[1435,2477],[-40,21],[72,71],[84,8],[70,230],[-88,-27],[-60,-46],[-6,-49],[-158,20]],[[975,2722],[41,259]],[[2025,451],[22,-30]],[[2043,336],[65,10]],[[2115,340],[-64,-36]],[[1589,1110],[16,25]],[[3051,4323],[130,71]],[[3181,4394],[68,30],[21,24],[41,-13]],[[2678,3079],[36,-61],[102,-25],[94,-80],[153,28]],[[3067,2820],[-341,-178],[232,-320]],[[2520,2386],[30,125],[-102,60]],[[3335,5082],[-75,-8]],[[3260,5074],[-9,56],[83,62],[21,62],[105,65],[-38,53],[42,123]],[[2860,1667],[55,29]],[[2778,1399],[-35,27]],[[1851,3062],[-65,1]],[[931,4975],[-82,1]],[[2464,4889],[-194,-7]],[[1616,3604],[-209,115]],[[3465,1583],[-16,-50]],[[1059,915],[-27,8]],[[1332,517],[17,81]],[[1892,170],[52,-58],[109,-45]],[[2053,67],[39,-43]],[[2092,24],[-63,-7],[-287,82]],[[1025,832],[28,-28]],[[1069,414],[32,-37]],[[1071,380],[-2,34]],[[1480,1715],[-11,-11]],[[1254,1854],[4,41]],[[1990,1290],[-22,-56]],[[2456,2061],[97,-5]],[[2402,1895],[73,80],[-19,86]],[[1865,4979],[87,11],[17,51]],[[2082,4798],[-60,-63]],[[1390,337],[25,47]],[[1433,398],[31,-16]],[[1390,304],[0,33]],[[1575,473],[2,-42]],[[1506,503],[12,48]],[[1343,3377],[58,68]],[[2084,386],[-51,-25]],[[2529,1387],[-26,50]],[[1016,2981],[1,115]],[[3224,5423],[23,29]],[[3260,5074],[-10,-37],[-174,-16]],[[3025,4676],[-100,-45]],[[2925,4631],[-45,-106],[-77,-47]],[[2376,4251],[-74,443]],[[777,4169],[-51,13],[-50,-39],[-221,-127]],[[455,4016],[-50,62]],[[2189,74],[-54,-74],[-43,24]],[[3017,4308],[44,114]],[[3179,4397],[2,-3]],[[1069,414],[66,188]],[[2881,1173],[-115,24],[-147,-11],[-68,34]],[[1482,1615],[-16,-56],[107,-82]],[[1990,1290],[101,-42]],[[2312,2318],[0,-1]],[[2925,4631],[106,31]],[[2203,1232],[9,3]],[[2217,1140],[-81,-44]],[[1390,337],[-39,-45]],[[1034,352],[11,-1]],[[1031,315],[-61,21]],[[3498,1579],[-30,-105]],[[2186,4715],[-51,-45]],[[2551,1220],[-8,-4]],[[2543,1216],[-7,66],[-83,76],[-99,38]],[[2354,1396],[33,70]],[[2230,1792],[-18,16]],[[2547,1197],[-4,19]],[[4094,5784],[294,34]],[[2354,1396],[-14,13]],[[784,3411],[-133,265],[-105,226],[-91,114]],[[2456,2061],[17,163],[-71,15],[-80,-50],[33,-54],[-39,-60]],[[989,1699],[8,181],[-11,99]]],"transform":{"scale":[0.00009344232566835042,0.00008278882590939688],"translate":[-73.982532,40.881977]},"objects":{"Geometry\\36-119":{"type":"GeometryCollection","geometries":[{"arcs":[[0,1,2,3]],"type":"Polygon","properties":{"GEOID":"361190058001"}},{"arcs":[[4,5,6,7]],"type":"Polygon","properties":{"GEOID":"361190001031"}},{"arcs":[[8,9,10,11]],"type":"Polygon","properties":{"GEOID":"361190102001"}},{"arcs":[[12,13,14]],"type":"Polygon","properties":{"GEOID":"361199820001"}},{"arcs":[[15,16,17,18]],"type":"Polygon","properties":{"GEOID":"361190145004"}},{"arcs":[[19,20,21]],"type":"Polygon","properties":{"GEOID":"361190060002"}},{"arcs":[[22,23,24,25,26,27]],"type":"Polygon","properties":{"GEOID":"361190017014"}},{"arcs":[[28,29,30,31,32,33,34]],"type":"Polygon","properties":{"GEOID":"361190008021"}},{"arcs":[[35,36,-34,37,38,39]],"type":"Polygon","properties":{"GEOID":"361190006012"}},{"arcs":[[40,41,42,43,44]],"type":"Polygon","properties":{"GEOID":"361190002021"}},{"arcs":[[45,46,47,48,49,50]],"type":"Polygon","properties":{"GEOID":"361190042002"}},{"arcs":[[51,52,-9,53]],"type":"Polygon","properties":{"GEOID":"361190103001"}},{"arcs":[[54,55,56,57,58]],"type":"Polygon","properties":{"GEOID":"361190032001"}},{"arcs":[[59,60,61,62,63]],"type":"Polygon","properties":{"GEOID":"361190095001"}},{"arcs":[[64,65,66,67,68,69]],"type":"Polygon","properties":{"GEOID":"361190068014"}},{"arcs":[[70,71,72]],"type":"Polygon","properties":{"GEOID":"361190013023"}},{"arcs":[[73,74,75,76,77]],"type":"Polygon","properties":{"GEOID":"361190012001"}},{"arcs":[[78,79,80,81]],"type":"Polygon","properties":{"GEOID":"361190062002"}},{"arcs":[[82,83,84,-61]],"type":"Polygon","properties":{"GEOID":"361190094003"}},{"arcs":[[85,86,87,88,89,90,91]],"type":"Polygon","properties":{"GEOID":"361190075001"}},{"arcs":[[92,93,94,95,96,97]],"type":"Polygon","properties":{"GEOID":"361190084032"}},{"arcs":[[98,99,-28,100,101,102]],"type":"Polygon","properties":{"GEOID":"361190016001"}},{"arcs":[[103,104,105,106]],"type":"Polygon","properties":{"GEOID":"361190024043"}},{"arcs":[[107,108,109,110]],"type":"Polygon","properties":{"GEOID":"361190086022"}},{"arcs":[[111,-64,112,113,114]],"type":"Polygon","properties":{"GEOID":"361190093003"}},{"arcs":[[115,116,117,118,119]],"type":"Polygon","properties":{"GEOID":"361190131024"}},{"arcs":[[120,121,122,123,124,125]],"type":"Polygon","properties":{"GEOID":"361190015031"}},{"arcs":[[126,127,128,129,130]],"type":"Polygon","properties":{"GEOID":"361190079023"}},{"arcs":[[131,132,133,134,135]],"type":"Polygon","properties":{"GEOID":"361190030002"}},{"arcs":[[136,137,138,139]],"type":"Polygon","properties":{"GEOID":"361190059012"}},{"arcs":[[140,141,142,143]],"type":"Polygon","properties":{"GEOID":"361190011021"}},{"arcs":[[144,145,146,-47]],"type":"Polygon","properties":{"GEOID":"361190042003"}},{"arcs":[[147,148,149,150,151,152]],"type":"Polygon","properties":{"GEOID":"361190065004"}},{"arcs":[[153,154,155,156,157]],"type":"Polygon","properties":{"GEOID":"361190077001"}},{"arcs":[[158,159,160,161]],"type":"Polygon","properties":{"GEOID":"361190002032"}},{"arcs":[[162,163,164,165,166]],"type":"Polygon","properties":{"GEOID":"361190014032"}},{"arcs":[[167,168,169,170]],"type":"Polygon","properties":{"GEOID":"361190040023"}},{"arcs":[[171,172,-60,-112,173,174]],"type":"Polygon","properties":{"GEOID":"361190093002"}},{"arcs":[[175,176,177,178,179,180,181,182]],"type":"Polygon","properties":{"GEOID":"361190136003"}},{"arcs":[[183,184,185,186]],"type":"Polygon","properties":{"GEOID":"361190049001"}},{"arcs":[[187,188,-77,189,190,191]],"type":"Polygon","properties":{"GEOID":"361190012002"}},{"arcs":[[192,193,-156,194,195,196,197]],"type":"Polygon","properties":{"GEOID":"361190076001"}},{"arcs":[[198,199,200]],"type":"Polygon","properties":{"GEOID":"361190026003"}},{"arcs":[[201,202,203,204]],"type":"Polygon","properties":{"GEOID":"361190074011"}},{"arcs":[[205,206,207,208,209,210,211,212,213,214,215]],"type":"Polygon","properties":{"GEOID":"361190088011"}},{"arcs":[[-174,-115,216,217,218,219]],"type":"Polygon","properties":{"GEOID":"361190092013"}},{"arcs":[[220,-217,-114,221,222]],"type":"Polygon","properties":{"GEOID":"361190092022"}},{"arcs":[[223,224,225,226]],"type":"Polygon","properties":{"GEOID":"361190048022"}},{"arcs":[[227,-227,228,229,230]],"type":"Polygon","properties":{"GEOID":"361190048013"}},{"arcs":[[231,232,233,234,235,236]],"type":"Polygon","properties":{"GEOID":"361190004033"}},{"arcs":[[237,238,239,240,241]],"type":"Polygon","properties":{"GEOID":"361190141004"}},{"arcs":[[242,243,244,245,246,-241]],"type":"Polygon","properties":{"GEOID":"361190141005"}},{"arcs":[[-18,247,248,249,250]],"type":"Polygon","properties":{"GEOID":"361190145003"}},{"arcs":[[251,252,253,254,255,256,257]],"type":"Polygon","properties":{"GEOID":"361190013051"}},{"arcs":[[258,259,260,-24]],"type":"Polygon","properties":{"GEOID":"361190017012"}},{"arcs":[[261,262,263,264,265]],"type":"Polygon","properties":{"GEOID":"361190122023"}},{"arcs":[[266,267,268,269]],"type":"Polygon","properties":{"GEOID":"361190151003"}},{"arcs":[[270,271,272,273,274,275]],"type":"Polygon","properties":{"GEOID":"361190057032"}},{"arcs":[[276,277,-20,278]],"type":"Polygon","properties":{"GEOID":"361190060001"}},{"arcs":[[279,280,281,282]],"type":"Polygon","properties":{"GEOID":"361190079013"}},{"arcs":[[283,284,285,286,287]],"type":"Polygon","properties":{"GEOID":"361190107024"}},{"arcs":[[288,289,290]],"type":"Polygon","properties":{"GEOID":"361190141002"}},{"arcs":[[291,292,293]],"type":"Polygon","properties":{"GEOID":"361190116022"}},{"arcs":[[294,295,296,297,298,299]],"type":"Polygon","properties":{"GEOID":"361190115002"}},{"arcs":[[300,301,-252,302,303]],"type":"Polygon","properties":{"GEOID":"361190002053"}},{"arcs":[[304,305,306,307,308,309]],"type":"Polygon","properties":{"GEOID":"361190017021"}},{"arcs":[[-282,310,-131,311,312]],"type":"Polygon","properties":{"GEOID":"361190079012"}},{"arcs":[[313,314,315,-127,-311,-281]],"type":"Polygon","properties":{"GEOID":"361190079022"}},{"arcs":[[316,317,318,319,320,321]],"type":"Polygon","properties":{"GEOID":"361190009003"}},{"arcs":[[322,323,324,325]],"type":"Polygon","properties":{"GEOID":"361190070005"}},{"arcs":[[326,327,328,329,330,-232,331]],"type":"Polygon","properties":{"GEOID":"361190007023"}},{"arcs":[[332,333,334,335,336]],"type":"Polygon","properties":{"GEOID":"361190004014"}},{"arcs":[[337,338,339,340,341,-122,342]],"type":"Polygon","properties":{"GEOID":"361190015034"}},{"arcs":[[343,344,345,-288,346,347,348,349]],"type":"Polygon","properties":{"GEOID":"361190108012"}},{"arcs":[[350,351,352,353,354]],"type":"Polygon","properties":{"GEOID":"361190111014"}},{"arcs":[[355,356,357,358,359,360]],"type":"Polygon","properties":{"GEOID":"361190130003"}},{"arcs":[[361,362,363,364,365,366,367]],"type":"Polygon","properties":{"GEOID":"361190148065"}},{"arcs":[[368,369,370,-366]],"type":"Polygon","properties":{"GEOID":"361190148102"}},{"arcs":[[371,372,373]],"type":"Polygon","properties":{"GEOID":"361199830001"}},{"arcs":[[374,375,376,377]],"type":"Polygon","properties":{"GEOID":"361190097021"}},{"arcs":[[-329,378,379,380,381]],"type":"Polygon","properties":{"GEOID":"361190007011"}},{"arcs":[[382,383,384,385,386]],"type":"Polygon","properties":{"GEOID":"361190129003"}},{"arcs":[[387,388,-120,389,390,391]],"type":"Polygon","properties":{"GEOID":"361190131022"}},{"arcs":[[392,393,394,395]],"type":"Polygon","properties":{"GEOID":"361190138001"}},{"arcs":[[396,397,398,399]],"type":"Polygon","properties":{"GEOID":"361190147032"}},{"arcs":[[400,-230,401,402,403]],"type":"Polygon","properties":{"GEOID":"361190047002"}},{"arcs":[[404,405,406,407]],"type":"Polygon","properties":{"GEOID":"361190051003"}},{"arcs":[[408,409]],"type":"Polygon","properties":{"GEOID":"361190146043"}},{"arcs":[[410,411,412,413,414,415]],"type":"Polygon","properties":{"GEOID":"361190146064"}},{"arcs":[[416,417,418,419]],"type":"Polygon","properties":{"GEOID":"361190146073"}},{"arcs":[[-414,420,-394,421,422]],"type":"Polygon","properties":{"GEOID":"361190139001"}},{"arcs":[[423,424,425]],"type":"Polygon","properties":{"GEOID":"361190132011"}},{"arcs":[[426,427,428,429,430]],"type":"Polygon","properties":{"GEOID":"361190135001"}},{"arcs":[[431,432,433,434,435]],"type":"Polygon","properties":{"GEOID":"361190136001"}},{"arcs":[[436,437,438,439,440,441,442]],"type":"Polygon","properties":{"GEOID":"361190054002"}},{"arcs":[[443,444,445,446,-442]],"type":"Polygon","properties":{"GEOID":"361190055001"}},{"arcs":[[-91,447,448,449,450,451]],"type":"Polygon","properties":{"GEOID":"361190075003"}},{"arcs":[[452,453,-193,454,455]],"type":"Polygon","properties":{"GEOID":"361190076004"}},{"arcs":[[-89,456,457,-158,458,459]],"type":"Polygon","properties":{"GEOID":"361190077002"}},{"arcs":[[-186,460,461,462,463,464,465,466]],"type":"Polygon","properties":{"GEOID":"361190050022"}},{"arcs":[[467,468,469,470,471]],"type":"Polygon","properties":{"GEOID":"361190052003"}},{"arcs":[[472,473,474,475,476,477,478,479]],"type":"Polygon","properties":{"GEOID":"361190109011"}},{"arcs":[[480,481,482,483]],"type":"Polygon","properties":{"GEOID":"361190109032"}},{"arcs":[[-355,484,485,486,487]],"type":"Polygon","properties":{"GEOID":"361190111021"}},{"arcs":[[488,489,490,491,492]],"type":"Polygon","properties":{"GEOID":"361190104001"}},{"arcs":[[493,-286,494,495,496,497,498,-348]],"type":"Polygon","properties":{"GEOID":"361190107023"}},{"arcs":[[499,500,501,502,503,504,-495,-285]],"type":"Polygon","properties":{"GEOID":"361190108041"}},{"arcs":[[505,506,507,-296,508]],"type":"Polygon","properties":{"GEOID":"361190115003"}},{"arcs":[[509,510,511,-94,512]],"type":"Polygon","properties":{"GEOID":"361190084011"}},{"arcs":[[513,514,515,516,517,518]],"type":"Polygon","properties":{"GEOID":"361190069002"}},{"arcs":[[519,520,521,522,523,524]],"type":"Polygon","properties":{"GEOID":"361190071001"}},{"arcs":[[525,526,527,528]],"type":"Polygon","properties":{"GEOID":"361190072004"}},{"arcs":[[529,530,531,532,533]],"type":"Polygon","properties":{"GEOID":"361190130001"}},{"arcs":[[534,535,536,-212,537]],"type":"Polygon","properties":{"GEOID":"361190087004"}},{"arcs":[[538,539,540,-536]],"type":"Polygon","properties":{"GEOID":"361190087005"}},{"arcs":[[541,542,543,544,545,546]],"type":"Polygon","properties":{"GEOID":"361190024032"}},{"arcs":[[547,548,549,550,551]],"type":"Polygon","properties":{"GEOID":"361190027001"}},{"arcs":[[552,-58,553,554,555]],"type":"Polygon","properties":{"GEOID":"361190031002"}},{"arcs":[[556,557,558,559]],"type":"Polygon","properties":{"GEOID":"361190033002"}},{"arcs":[[560,561,562,563,564]],"type":"Polygon","properties":{"GEOID":"361190034003"}},{"arcs":[[565,566,567,-133,568]],"type":"Polygon","properties":{"GEOID":"361190035001"}},{"arcs":[[569,570,571,-567,572]],"type":"Polygon","properties":{"GEOID":"361190036002"}},{"arcs":[[-269,573,-51,574,575,576]],"type":"Polygon","properties":{"GEOID":"361190039001"}},{"arcs":[[577,578,579,580]],"type":"Polygon","properties":{"GEOID":"361190080001"}},{"arcs":[[581,582,-356,583,584]],"type":"Polygon","properties":{"GEOID":"361190131041"}},{"arcs":[[585,586,587]],"type":"Polygon","properties":{"GEOID":"361190057022"}},{"arcs":[[588,589,590,591,592,-273]],"type":"Polygon","properties":{"GEOID":"361190058003"}},{"arcs":[[593,594,595,596,-271,-445,597]],"type":"Polygon","properties":{"GEOID":"361190061003"}},{"arcs":[[598,-152,599,600]],"type":"Polygon","properties":{"GEOID":"361190065002"}},{"arcs":[[601,602,603,604]],"type":"Polygon","properties":{"GEOID":"361190066003"}},{"arcs":[[605,606,607,-153,608]],"type":"Polygon","properties":{"GEOID":"361190067002"}},{"arcs":[[609,610,611,612,613]],"type":"Polygon","properties":{"GEOID":"361190068021"}},{"arcs":[[614,615,616,617]],"type":"Polygon","properties":{"GEOID":"361190007021"}},{"arcs":[[618,-317,619,620,621]],"type":"Polygon","properties":{"GEOID":"361190009002"}},{"arcs":[[622,623,624,-74,625]],"type":"Polygon","properties":{"GEOID":"361190011012"}},{"arcs":[[626,627,628,629,-166]],"type":"Polygon","properties":{"GEOID":"361190014033"}},{"arcs":[[630,631,632,633,-629]],"type":"Polygon","properties":{"GEOID":"361190014034"}},{"arcs":[[634,-126,635,-633]],"type":"Polygon","properties":{"GEOID":"361190015032"}},{"arcs":[[636,637,-259,638]],"type":"Polygon","properties":{"GEOID":"361190018002"}},{"arcs":[[639,640,641,642]],"type":"Polygon","properties":{"GEOID":"361190020003"}},{"arcs":[[643,644,645,646]],"type":"Polygon","properties":{"GEOID":"361190021041"}},{"arcs":[[647,648,649,650,-187,651,652]],"type":"Polygon","properties":{"GEOID":"361190021052"}},{"arcs":[[653,654,655,656,657,658]],"type":"Polygon","properties":{"GEOID":"361190022024"}},{"arcs":[[659,660,661,662]],"type":"Polygon","properties":{"GEOID":"361190022043"}},{"arcs":[[663,-662,664,665,666,667]],"type":"Polygon","properties":{"GEOID":"361190024011"}},{"arcs":[[668,669,670,671]],"type":"Polygon","properties":{"GEOID":"361190082001"}},{"arcs":[[-223,672,673,674,675,676]],"type":"Polygon","properties":{"GEOID":"361190096004"}},{"arcs":[[-503,677,678,679,680,681]],"type":"Polygon","properties":{"GEOID":"361190100001"}},{"arcs":[[-504,-682,682,683]],"type":"Polygon","properties":{"GEOID":"361190100003"}},{"arcs":[[684,685,686,687,688,689,690,-363]],"type":"Polygon","properties":{"GEOID":"361190149082"}},{"arcs":[[691,692,693]],"type":"Polygon","properties":{"GEOID":"361190089023"}},{"arcs":[[694,695,696,-216,697,698]],"type":"Polygon","properties":{"GEOID":"361190094001"}},{"arcs":[[699,700,-378,701,702,703]],"type":"Polygon","properties":{"GEOID":"361190096001"}},{"arcs":[[704,705,-42,706]],"type":"Polygon","properties":{"GEOID":"361190001033"}},{"arcs":[[-336,707,708,709,-188,710,711]],"type":"Polygon","properties":{"GEOID":"361190003001"}},{"arcs":[[712,713,714,715]],"type":"Polygon","properties":{"GEOID":"361190024052"}},{"arcs":[[716,717,718,719,720]],"type":"Polygon","properties":{"GEOID":"361190148064"}},{"arcs":[[721,722,-551,723,724,725,726,727,-200]],"type":"Polygon","properties":{"GEOID":"361190026002"}},{"arcs":[[-33,728,729,-38]],"type":"Polygon","properties":{"GEOID":"361190006011"}},{"arcs":[[730,-453,-459]],"type":"Polygon","properties":{"GEOID":"361190076005"}},{"arcs":[[731,732,733,734,-631,-628]],"type":"Polygon","properties":{"GEOID":"361190014022"}},{"arcs":[[735,-92,736,-204]],"type":"Polygon","properties":{"GEOID":"361190074022"}},{"arcs":[[737,738,739,740,741,742]],"type":"Polygon","properties":{"GEOID":"361190046003"}},{"arcs":[[743,744,-623,-709]],"type":"Polygon","properties":{"GEOID":"361190005021"}},{"arcs":[[745,746,747,-579,748]],"type":"Polygon","properties":{"GEOID":"361190081003"}},{"arcs":[[749,750,751]],"type":"Polygon","properties":{"GEOID":"361190148131"}},{"arcs":[[752,753,754,755,-424,756]],"type":"Polygon","properties":{"GEOID":"361190132022"}},{"arcs":[[757,758,-141,759]],"type":"Polygon","properties":{"GEOID":"361190010001"}},{"arcs":[[760,761,762,763]],"type":"Polygon","properties":{"GEOID":"361190015041"}},{"type":null,"properties":{"GEOID":"361190056001"}},{"arcs":[[764,765,-489,766]],"type":"Polygon","properties":{"GEOID":"361190113002"}},{"arcs":[[767,768,-534,769,-384,770,-358]],"type":"Polygon","properties":{"GEOID":"361190129002"}},{"arcs":[[-555,-552,-723,771]],"type":"Polygon","properties":{"GEOID":"361190027002"}},{"arcs":[[772,-59,-553,773,774,775]],"type":"Polygon","properties":{"GEOID":"361190031001"}},{"arcs":[[776,777]],"type":"Polygon","properties":{"GEOID":"361190001013"}},{"arcs":[[778,779,-19,-251,780,-244]],"type":"Polygon","properties":{"GEOID":"361190145001"}},{"arcs":[[781,-170,782,783,784,-55,785]],"type":"Polygon","properties":{"GEOID":"361190040011"}},{"arcs":[[-735,-343,-121,-635,-632]],"type":"Polygon","properties":{"GEOID":"361190015033"}},{"arcs":[[786,787,788,-267,789]],"type":"Polygon","properties":{"GEOID":"361190151002"}},{"arcs":[[790,791,792,793]],"type":"Polygon","properties":{"GEOID":"361190073003"}},{"arcs":[[794,-368,795,796]],"type":"Polygon","properties":{"GEOID":"361190148121"}},{"arcs":[[-299,797,798,799,800,801]],"type":"Polygon","properties":{"GEOID":"361190114022"}},{"arcs":[[802,-26,803,-310,804]],"type":"Polygon","properties":{"GEOID":"361190017011"}},{"arcs":[[805,806,-274,-593]],"type":"Polygon","properties":{"GEOID":"361190057031"}},{"arcs":[[-396,807,808]],"type":"Polygon","properties":{"GEOID":"361190138003"}},{"arcs":[[809,-246,810,811,-289]],"type":"Polygon","properties":{"GEOID":"361190141001"}},{"arcs":[[812,-473,813,814,815]],"type":"Polygon","properties":{"GEOID":"361190110001"}},{"arcs":[[816,-499,817,-649,818,819]],"type":"Polygon","properties":{"GEOID":"361190107022"}},{"arcs":[[820,821,-548,-554,-57]],"type":"Polygon","properties":{"GEOID":"361190032002"}},{"arcs":[[822,823,824,825,-561,826]],"type":"Polygon","properties":{"GEOID":"361190041001"}},{"arcs":[[827,828,829,830,831]],"type":"Polygon","properties":{"GEOID":"361190014012"}},{"arcs":[[-62,-85,832,-701,833]],"type":"Polygon","properties":{"GEOID":"361190095002"}},{"arcs":[[-376,834,835,836]],"type":"Polygon","properties":{"GEOID":"361190097023"}},{"arcs":[[837,838,839,840,841]],"type":"Polygon","properties":{"GEOID":"361190002031"}},{"arcs":[[842,843,844]],"type":"Polygon","properties":{"GEOID":"361190111012"}},{"arcs":[[845,846,847,-439,-825]],"type":"Polygon","properties":{"GEOID":"361190053002"}},{"arcs":[[-102,848]],"type":"Polygon","properties":{"GEOID":"361190016002"}},{"arcs":[[-97,849,850,851]],"type":"Polygon","properties":{"GEOID":"361190084045"}},{"arcs":[[-96,852,-87,853,-850]],"type":"Polygon","properties":{"GEOID":"361190084041"}},{"arcs":[[854,855,856,857,858,859]],"type":"Polygon","properties":{"GEOID":"361190133042"}},{"arcs":[[860,-303,-258,861,-839,862,863]],"type":"Polygon","properties":{"GEOID":"361190002052"}},{"arcs":[[-702,-377,-837,864,865,866]],"type":"Polygon","properties":{"GEOID":"361190097012"}},{"arcs":[[-209,867,868]],"type":"Polygon","properties":{"GEOID":"361190089012"}},{"arcs":[[869,870,871,872,-670,873]],"type":"Polygon","properties":{"GEOID":"361190082003"}},{"arcs":[[874,875,876,877,878,879,880,881,882]],"type":"Polygon","properties":{"GEOID":"361190147014"}},{"arcs":[[883,884,885,886,887]],"type":"Polygon","properties":{"GEOID":"361199840001"}},{"arcs":[[888,-219,889,-679,890]],"type":"Polygon","properties":{"GEOID":"361190092011"}},{"arcs":[[-545,891,892]],"type":"Polygon","properties":{"GEOID":"361190024035"}},{"arcs":[[893,-506,894,895]],"type":"Polygon","properties":{"GEOID":"361190116011"}},{"arcs":[[-370,896,897,898,899]],"type":"Polygon","properties":{"GEOID":"361190148111"}},{"arcs":[[900,901,902,903]],"type":"Polygon","properties":{"GEOID":"361190140002"}},{"arcs":[[904,905,906,-16,-780,907,908]],"type":"Polygon","properties":{"GEOID":"361190143002"}},{"arcs":[[909,910,911,-154,-458,912,913]],"type":"Polygon","properties":{"GEOID":"361190077004"}},{"arcs":[[-479,914,915,-481,916]],"type":"Polygon","properties":{"GEOID":"361190109031"}},{"arcs":[[-537,-541,917,918,-213]],"type":"Polygon","properties":{"GEOID":"361190087003"}},{"arcs":[[919,-774,-556,920,921,922]],"type":"Polygon","properties":{"GEOID":"361190029001"}},{"arcs":[[-81,923,924,-595,925]],"type":"Polygon","properties":{"GEOID":"361190062003"}},{"arcs":[[926,-68,927]],"type":"Polygon","properties":{"GEOID":"361190068011"}},{"arcs":[[928,929,-640,930]],"type":"Polygon","properties":{"GEOID":"361190020001"}},{"arcs":[[931,932,933,934,935]],"type":"Polygon","properties":{"GEOID":"361190083024"}},{"arcs":[[936,937,938,939]],"type":"Polygon","properties":{"GEOID":"361190001041"}},{"arcs":[[940,941,-778,942,943,-706]],"type":"Polygon","properties":{"GEOID":"361190001011"}},{"arcs":[[944,945,946,947,-324,948]],"type":"Polygon","properties":{"GEOID":"361190069004"}},{"arcs":[[-491,949,950,951]],"type":"Polygon","properties":{"GEOID":"361190105003"}},{"arcs":[[952,953,954,-543,955]],"type":"Polygon","properties":{"GEOID":"361190024033"}},{"arcs":[[956,957,-526,-947,958]],"type":"Polygon","properties":{"GEOID":"361190072005"}},{"arcs":[[959,960,961,962,963]],"type":"Polygon","properties":{"GEOID":"361190066001"}},{"arcs":[[-48,-147,964,965,-823,966,967]],"type":"Polygon","properties":{"GEOID":"361190041003"}},{"arcs":[[-967,-827,968,-784,969]],"type":"Polygon","properties":{"GEOID":"361190041002"}},{"arcs":[[-529,970,-523,-325,-948]],"type":"Polygon","properties":{"GEOID":"361190069005"}},{"arcs":[[971,-868,-208,972,973,-696,974]],"type":"Polygon","properties":{"GEOID":"361190088021"}},{"arcs":[[975,976,977,978,-507]],"type":"Polygon","properties":{"GEOID":"361190114012"}},{"arcs":[[-930,979,980,981,-641]],"type":"Polygon","properties":{"GEOID":"361190020002"}},{"arcs":[[-863,-838,982,-161]],"type":"Polygon","properties":{"GEOID":"361190002033"}},{"arcs":[[-626,-78,-189,-710]],"type":"Polygon","properties":{"GEOID":"361190003003"}},{"arcs":[[983,984,985,986,987]],"type":"Polygon","properties":{"GEOID":"361190008015"}},{"arcs":[[988,-492,-952,989,990,991]],"type":"Polygon","properties":{"GEOID":"361190105004"}},{"arcs":[[992,993,994,-475,995]],"type":"Polygon","properties":{"GEOID":"361190119023"}},{"arcs":[[996,997,998,-904,999,1000,-409,1001]],"type":"Polygon","properties":{"GEOID":"361190140001"}},{"arcs":[[1002,1003,1004,1005,1006]],"type":"Polygon","properties":{"GEOID":"361190142003"}},{"arcs":[[1007,1008,-655]],"type":"Polygon","properties":{"GEOID":"361190022021"}},{"arcs":[[1009,-315,1010,1011]],"type":"Polygon","properties":{"GEOID":"361190082004"}},{"arcs":[[1012,-687]],"type":"Polygon","properties":{"GEOID":"361190149073"}},{"arcs":[[-7,1013,-705,1014]],"type":"Polygon","properties":{"GEOID":"361190001032"}},{"arcs":[[-157,-194,-454,-731]],"type":"Polygon","properties":{"GEOID":"361190076006"}},{"arcs":[[1015,1016,1017]],"type":"Polygon","properties":{"GEOID":"361190109033"}},{"arcs":[[1018,1019,-203,1020]],"type":"Polygon","properties":{"GEOID":"361190084043"}},{"arcs":[[1021,1022,1023,1024,1025,1026,1027]],"type":"Polygon","properties":{"GEOID":"361190072001"}},{"arcs":[[1028,1029,-953,1030]],"type":"Polygon","properties":{"GEOID":"361190024021"}},{"arcs":[[1031,1032,-775,-920,1033,-134]],"type":"Polygon","properties":{"GEOID":"361190030001"}},{"arcs":[[-826,-438,1034,-562]],"type":"Polygon","properties":{"GEOID":"361190034001"}},{"arcs":[[-963,1035,1036,-605,1037,1038,1039,1040]],"type":"Polygon","properties":{"GEOID":"361190066004"}},{"arcs":[[1041,-716,1042,-829,1043]],"type":"Polygon","properties":{"GEOID":"361190014011"}},{"arcs":[[1044,1045,1046,1047,-645]],"type":"Polygon","properties":{"GEOID":"361190021032"}},{"arcs":[[-430,1048,1049]],"type":"Polygon","properties":{"GEOID":"361190135002"}},{"arcs":[[1050,1051,1052,1053]],"type":"Polygon","properties":{"GEOID":"361190126002"}},{"arcs":[[-181,1054,-436,1055,1056,1057]],"type":"Polygon","properties":{"GEOID":"361190133011"}},{"arcs":[[-331,1058,1059,-233]],"type":"Polygon","properties":{"GEOID":"361190004031"}},{"arcs":[[1060,1061,1062,1063,-813,1064]],"type":"Polygon","properties":{"GEOID":"361199810001"}},{"arcs":[[1065,1066,-30,1067,1068]],"type":"Polygon","properties":{"GEOID":"361190008013"}},{"arcs":[[1069,-432,-1055,-180]],"type":"Polygon","properties":{"GEOID":"361190136002"}},{"arcs":[[1070,1071,1072,-871]],"type":"Polygon","properties":{"GEOID":"361190081001"}},{"arcs":[[1073,-581,1074,1075,-128,-316,-1010]],"type":"Polygon","properties":{"GEOID":"361190080003"}},{"arcs":[[-382,1076,1077,1078,1079]],"type":"Polygon","properties":{"GEOID":"361190004041"}},{"arcs":[[1080,1081,-171,-782,1082,1083]],"type":"Polygon","properties":{"GEOID":"361190040022"}},{"arcs":[[1084,1085,1086,-857]],"type":"Polygon","properties":{"GEOID":"361190134011"}},{"arcs":[[-1060,1087,1088,-234]],"type":"Polygon","properties":{"GEOID":"361190004034"}},{"arcs":[[1089,-408,1090]],"type":"Polygon","properties":{"GEOID":"361190051002"}},{"arcs":[[1091,1092,1093,1094,-1040,1095,-470]],"type":"Polygon","properties":{"GEOID":"361190052001"}},{"arcs":[[1096,1097]],"type":"Polygon","properties":{"GEOID":"361190139003"}},{"arcs":[[1098,-205,1099,1100,-1024]],"type":"Polygon","properties":{"GEOID":"361190074013"}},{"arcs":[[1101,1102,1103,1104,1105,1106]],"type":"Polygon","properties":{"GEOID":"361190125031"}},{"arcs":[[-771,-383,1107,-359]],"type":"Polygon","properties":{"GEOID":"361190129001"}},{"arcs":[[1108,1109,1110,1111,1112,1113]],"type":"Polygon","properties":{"GEOID":"361190060003"}},{"arcs":[[-76,1114,1115,1116,1117,1118,-190]],"type":"Polygon","properties":{"GEOID":"361190012003"}},{"arcs":[[1119,-337,-712,1120,1121]],"type":"Polygon","properties":{"GEOID":"361190004011"}},{"arcs":[[-49,-968,-970,-783,-169]],"type":"Polygon","properties":{"GEOID":"361190040021"}},{"arcs":[[-929,1122,1123,1124,1125,1126,-980]],"type":"Polygon","properties":{"GEOID":"361190021013"}},{"arcs":[[1127,-653,1128,1129,1130]],"type":"Polygon","properties":{"GEOID":"361190021061"}},{"arcs":[[-487,1131,-344,1132,1133,1134,1135]],"type":"Polygon","properties":{"GEOID":"361190111022"}},{"arcs":[[1136,1137,-461,-185]],"type":"Polygon","properties":{"GEOID":"361190049002"}},{"arcs":[[1138,-1027,1139,-957]],"type":"Polygon","properties":{"GEOID":"361190072003"}},{"arcs":[[1140,1141,-73,1142,1143,-255]],"type":"Polygon","properties":{"GEOID":"361190013021"}},{"arcs":[[1144,-832,1145,-339,1146]],"type":"Polygon","properties":{"GEOID":"361190014013"}},{"arcs":[[-256,-1144,1147,1148,1149]],"type":"Polygon","properties":{"GEOID":"361190013041"}},{"arcs":[[1150,-851,-854,-86,-736,-1020]],"type":"Polygon","properties":{"GEOID":"361190084042"}},{"arcs":[[1151,1152,1153,1154]],"type":"Polygon","properties":{"GEOID":"361190148093"}},{"arcs":[[1155,1156,-965,-146,1157]],"type":"Polygon","properties":{"GEOID":"361190042004"}},{"arcs":[[1158,1159,1160,1161,1162]],"type":"Polygon","properties":{"GEOID":"361190148091"}},{"arcs":[[1163,-21,-278,1164,1165,1166,1167,-139]],"type":"Polygon","properties":{"GEOID":"361190059021"}},{"arcs":[[-118,1168,1169,1170,1171,1172,1173,1174]],"type":"Polygon","properties":{"GEOID":"361190131021"}},{"arcs":[[-364,-691,1175,1176,1177,1178]],"type":"Polygon","properties":{"GEOID":"361190148114"}},{"arcs":[[1179,1180,1181,1182,1183,1184,-994]],"type":"Polygon","properties":{"GEOID":"361190123011"}},{"arcs":[[-11,1185,-991,1186,1187,1188,1189,1190,1191]],"type":"Polygon","properties":{"GEOID":"361190102005"}},{"arcs":[[1192,1193,-790,-270,1194]],"type":"Polygon","properties":{"GEOID":"361190045001"}},{"arcs":[[1195,1196,1197,-1118]],"type":"Polygon","properties":{"GEOID":"361190013012"}},{"arcs":[[1198,1199,1200,1201,1202,-262,1203,1204]],"type":"Polygon","properties":{"GEOID":"361190118005"}},{"arcs":[[1205,-279,-22,1206,-1111,1207]],"type":"Polygon","properties":{"GEOID":"361190060004"}},{"arcs":[[1208,1209,1210,1211,1212]],"type":"Polygon","properties":{"GEOID":"361190091001"}},{"arcs":[[1213,-45,1214,-864,-160]],"type":"Polygon","properties":{"GEOID":"361190002023"}},{"arcs":[[-1172,1215,1216,1217,1218]],"type":"Polygon","properties":{"GEOID":"361190123032"}},{"arcs":[[-671,-873,1219,-749,-578,-1074,-1012,1220,1221]],"type":"Polygon","properties":{"GEOID":"361190082002"}},{"arcs":[[1222,-672,-1222,1223,1224,-934]],"type":"Polygon","properties":{"GEOID":"361190083012"}},{"arcs":[[1225,-752,1226,1227,-417,1228,1229,-877,1230]],"type":"Polygon","properties":{"GEOID":"361190147041"}},{"arcs":[[1231,1232,1233,1234]],"type":"Polygon","properties":{"GEOID":"361190015021"}},{"arcs":[[1235,1236,1237,1238,1239]],"type":"Polygon","properties":{"GEOID":"361190064001"}},{"arcs":[[1240,-367,-371,1241,-717,1242]],"type":"Polygon","properties":{"GEOID":"361190148061"}},{"arcs":[[-335,1243,1244,-744,-708]],"type":"Polygon","properties":{"GEOID":"361190005022"}},{"arcs":[[1245,-1147,-338,-734]],"type":"Polygon","properties":{"GEOID":"361190014021"}},{"arcs":[[-603,1246,-1240,1247,1248,1249]],"type":"Polygon","properties":{"GEOID":"361190064004"}},{"arcs":[[1250,1251,-798,-298]],"type":"Polygon","properties":{"GEOID":"361190114014"}},{"arcs":[[-1030,1252,1253,1254,1255,-954]],"type":"Polygon","properties":{"GEOID":"361190024022"}},{"arcs":[[1256,-521,1257,1258]],"type":"Polygon","properties":{"GEOID":"361190071004"}},{"arcs":[[1259,1260,1261,-611,1262]],"type":"Polygon","properties":{"GEOID":"361190068022"}},{"arcs":[[1263,1264,1265,1266,1267]],"type":"Polygon","properties":{"GEOID":"361190063011"}},{"arcs":[[-532,1268,1269,1270,1271,-1216,-1171,1272]],"type":"Polygon","properties":{"GEOID":"361190127004"}},{"arcs":[[1273,1274,1275,-1202]],"type":"Polygon","properties":{"GEOID":"361190122021"}},{"arcs":[[1276,1277,1278,1279,1280,1281]],"type":"Polygon","properties":{"GEOID":"361190149031"}},{"arcs":[[-380,1282,1283,1284,1285,1286]],"type":"Polygon","properties":{"GEOID":"361190008032"}},{"arcs":[[1287,-312,-130,1288,1289,-912]],"type":"Polygon","properties":{"GEOID":"361190079011"}},{"arcs":[[-665,-661,1290,1291,-1253,-1029,1292]],"type":"Polygon","properties":{"GEOID":"361190022042"}},{"arcs":[[1293,-1229,-420,1294,1295,1296]],"type":"Polygon","properties":{"GEOID":"361190146072"}},{"arcs":[[-1083,-786,-773,1297]],"type":"Polygon","properties":{"GEOID":"361190040012"}},{"arcs":[[1298,1299,1300,1301]],"type":"Polygon","properties":{"GEOID":"361190048021"}},{"arcs":[[1302,1303,-883,1304,1305]],"type":"Polygon","properties":{"GEOID":"361190147012"}},{"arcs":[[1306,-704,1307,-674]],"type":"Polygon","properties":{"GEOID":"361190096003"}},{"arcs":[[-95,-512,1308,-913,-457,-88,-853]],"type":"Polygon","properties":{"GEOID":"361190077003"}},{"arcs":[[1309,1310,1311,1312]],"type":"Polygon","properties":{"GEOID":"361190121022"}},{"arcs":[[-1089,1313,-1079,1314,1315,-235]],"type":"Polygon","properties":{"GEOID":"361190004032"}},{"arcs":[[1316,-54,-12,-1192,1317,-615,1318,1319]],"type":"Polygon","properties":{"GEOID":"361190103003"}},{"arcs":[[-39,1320,1321]],"type":"Polygon","properties":{"GEOID":"361190005011"}},{"arcs":[[-150,1322,-1165,-277,-1206]],"type":"Polygon","properties":{"GEOID":"361190059022"}},{"arcs":[[1323,1324,-202,-1099,-1023]],"type":"Polygon","properties":{"GEOID":"361190074012"}},{"arcs":[[-698,-215,1325,-83,-173]],"type":"Polygon","properties":{"GEOID":"361190094002"}},{"arcs":[[-478,1326,1327,1328,-915]],"type":"Polygon","properties":{"GEOID":"361190109024"}},{"arcs":[[1329,1330,1331,-1102,1332,1333,1334]],"type":"Polygon","properties":{"GEOID":"361190125023"}},{"arcs":[[1335,1336,1337,-1103,-1332]],"type":"Polygon","properties":{"GEOID":"361190125022"}},{"arcs":[[-428,1338,1339,1340,1341,1342]],"type":"Polygon","properties":{"GEOID":"361190137002"}},{"arcs":[[1343,1344,-388,1345,-1200,1346]],"type":"Polygon","properties":{"GEOID":"361190131044"}},{"arcs":[[-1100,-737,-452,1347,1348,1349]],"type":"Polygon","properties":{"GEOID":"361190074023"}},{"arcs":[[-796,-1241,1350,1351,1352]],"type":"Polygon","properties":{"GEOID":"361190148122"}},{"arcs":[[1353,-1005,1354,1355,-905,1356]],"type":"Polygon","properties":{"GEOID":"361190144002"}},{"arcs":[[1357,1358,-373,1359,1360,1361,-1269,-531]],"type":"Polygon","properties":{"GEOID":"361190128041"}},{"arcs":[[1362,1363,-975,-695,1364]],"type":"Polygon","properties":{"GEOID":"361190089015"}},{"arcs":[[-955,-1256,1365,1366,-892,-544]],"type":"Polygon","properties":{"GEOID":"361190024031"}},{"arcs":[[-1113,1367,-137,1368,-2]],"type":"Polygon","properties":{"GEOID":"361190059013"}},{"arcs":[[-858,-1087,1369,1370]],"type":"Polygon","properties":{"GEOID":"361190134012"}},{"arcs":[[1371,-326,-522,-1257,1372,1373]],"type":"Polygon","properties":{"GEOID":"361190071005"}},{"arcs":[[1374,1375,-819,-648,-1128,1376]],"type":"Polygon","properties":{"GEOID":"361190021051"}},{"arcs":[[1377,-497,1378,1379,1380]],"type":"Polygon","properties":{"GEOID":"361190100004"}},{"arcs":[[1381,1382,1383,-148,-608]],"type":"Polygon","properties":{"GEOID":"361190070002"}},{"arcs":[[1384,-142,-759,1385,1386,1387,-1196,-1117]],"type":"Polygon","properties":{"GEOID":"361190011022"}},{"arcs":[[1388,1389,1390,1391]],"type":"Polygon","properties":{"GEOID":"361190124002"}},{"arcs":[[1392,1393,1394,1395,1396]],"type":"Polygon","properties":{"GEOID":"361190150004"}},{"arcs":[[1397,1398,-1109,1399,1400,1401,1402,-1266]],"type":"Polygon","properties":{"GEOID":"361190063021"}},{"arcs":[[1403,1404,-1358,-530,-769,1405]],"type":"Polygon","properties":{"GEOID":"361190128042"}},{"arcs":[[1406,1407,1408,1409,1410,1411,-1062]],"type":"Polygon","properties":{"GEOID":"361190120001"}},{"arcs":[[-1067,1412,-985,1413,-620,-322,1414,-99,-31]],"type":"Polygon","properties":{"GEOID":"361190008022"}},{"arcs":[[-471,1415,-1156,1416,-788]],"type":"Polygon","properties":{"GEOID":"361190151001"}},{"arcs":[[1417,1418,-242,-247,-810,-291,1419,-998,1420]],"type":"Polygon","properties":{"GEOID":"361190141003"}},{"arcs":[[1421,1422,-642,1423,1424,-306,1425,-260,-638]],"type":"Polygon","properties":{"GEOID":"361190017022"}},{"arcs":[[-1311,1426,1427,1428,1429,1430,1431]],"type":"Polygon","properties":{"GEOID":"361190121013"}},{"arcs":[[1432,-559,1433,-724,-550]],"type":"Polygon","properties":{"GEOID":"361190033003"}},{"arcs":[[-939,1434,-41,-1214,-159,1435]],"type":"Polygon","properties":{"GEOID":"361190002022"}},{"arcs":[[-214,-919,1436,1437,1438,-835,-375,-833,-84,-1326]],"type":"Polygon","properties":{"GEOID":"361190097022"}},{"arcs":[[1439,1440,1441,-1427,-1310,1442,1443,-265]],"type":"Polygon","properties":{"GEOID":"361190121023"}},{"arcs":[[1444,-1335,1445,1446]],"type":"Polygon","properties":{"GEOID":"361190125011"}},{"arcs":[[-1318,-1191,1447,1448,1449,-616]],"type":"Polygon","properties":{"GEOID":"361190103002"}},{"arcs":[[1450,-1209,-501,1451,-346,1452]],"type":"Polygon","properties":{"GEOID":"361190108032"}},{"arcs":[[1453,1454,1455,-932,1456]],"type":"Polygon","properties":{"GEOID":"361190083022"}},{"arcs":[[1457,1458,-722,-199,1459]],"type":"Polygon","properties":{"GEOID":"361190026001"}},{"arcs":[[-464,1460,1461,1462,-1093,-406,1463]],"type":"Polygon","properties":{"GEOID":"361190050023"}},{"arcs":[[-105,1464,-546,-893,-1367,1465,1466,-761]],"type":"Polygon","properties":{"GEOID":"361190024034"}},{"arcs":[[-986,-1413,-1066,1467]],"type":"Polygon","properties":{"GEOID":"361190008012"}},{"arcs":[[1468,1469,1470,1471,1472,1473]],"type":"Polygon","properties":{"GEOID":"361190149091"}},{"arcs":[[1474,1475,1476,-1441,1477,1478]],"type":"Polygon","properties":{"GEOID":"361190122013"}},{"arcs":[[1479,-404,1480,1481,-741]],"type":"Polygon","properties":{"GEOID":"361190046002"}},{"arcs":[[1482,-1474,-1277,1483]],"type":"Polygon","properties":{"GEOID":"361190149032"}},{"arcs":[[-1203,-1276,1484,1485,-263]],"type":"Polygon","properties":{"GEOID":"361190122024"}},{"arcs":[[-1346,-392,1486,-1475,1487,-1274,-1201]],"type":"Polygon","properties":{"GEOID":"361190122011"}},{"arcs":[[1488,1489,1490,1491]],"type":"Polygon","properties":{"GEOID":"361190038001"}},{"arcs":[[1492,1493,1494,1495]],"type":"Polygon","properties":{"GEOID":"361190126004"}},{"arcs":[[-386,1496,1497]],"type":"Polygon","properties":{"GEOID":"361190130004"}},{"arcs":[[-1076,1498,1499,-1289,-129]],"type":"Polygon","properties":{"GEOID":"361190079021"}},{"arcs":[[1500,1501,-1236,-1247,-602,-1037]],"type":"Polygon","properties":{"GEOID":"361190066006"}},{"arcs":[[-347,-287,-494]],"type":"Polygon","properties":{"GEOID":"361190107025"}},{"arcs":[[-429,-1343,1502,-755,1503]],"type":"Polygon","properties":{"GEOID":"361190134021"}},{"arcs":[[-381,-1287,1504,-36,1505,-1077]],"type":"Polygon","properties":{"GEOID":"361190006022"}},{"arcs":[[-292,1506,-895,1507,1508]],"type":"Polygon","properties":{"GEOID":"361190116012"}},{"arcs":[[1509,1510,-253,-302,1511]],"type":"Polygon","properties":{"GEOID":"361190002041"}},{"arcs":[[1512,-797,1513,-750,1514,-398]],"type":"Polygon","properties":{"GEOID":"361190148132"}},{"arcs":[[-751,-1514,-1353,1515,-1227]],"type":"Polygon","properties":{"GEOID":"361190148123"}},{"arcs":[[1516,1517,1518,-1237,-1502]],"type":"Polygon","properties":{"GEOID":"361190066005"}},{"arcs":[[-360,-1108,-387,-1498,1519,-1169,-117,1520]],"type":"Polygon","properties":{"GEOID":"361190130005"}},{"arcs":[[-1500,1521,1522,-155,-1290]],"type":"Polygon","properties":{"GEOID":"361190078001"}},{"arcs":[[1523,1524,-896,-1507,-294,1525,1526]],"type":"Polygon","properties":{"GEOID":"361190116021"}},{"arcs":[[1527,-801,1528,1529,1530,1531,1532]],"type":"Polygon","properties":{"GEOID":"361190114021"}},{"arcs":[[-973,-207,1533]],"type":"Polygon","properties":{"GEOID":"361190088023"}},{"arcs":[[-1365,1534,1535]],"type":"Polygon","properties":{"GEOID":"361190090001"}},{"arcs":[[1536,1537,-753,-1085,-856,1538,-1057]],"type":"Polygon","properties":{"GEOID":"361190134013"}},{"arcs":[[1539,1540,-1047,1541,1542,-466,-1302,1543,-224,-228,-739,1544]],"type":"Polygon","properties":{"GEOID":"361190048011"}},{"arcs":[[-1301,1545,1546,1547,-225,-1544]],"type":"Polygon","properties":{"GEOID":"361190048023"}},{"arcs":[[-226,-1548,1548,1549,1550,1551,-402,-229]],"type":"Polygon","properties":{"GEOID":"361190048012"}},{"arcs":[[-508,-979,1552,1553,-1251,-297]],"type":"Polygon","properties":{"GEOID":"361190114011"}},{"arcs":[[-1275,-1488,-1479,1554,-1485]],"type":"Polygon","properties":{"GEOID":"361190122012"}},{"arcs":[[-1078,-1506,-40,-1322,1555,-333,-1120,-1315]],"type":"Polygon","properties":{"GEOID":"361190006021"}},{"arcs":[[-1554,1556,-799,-1252]],"type":"Polygon","properties":{"GEOID":"361190114013"}},{"arcs":[[-944,1557,-1512,-301,1558,-43]],"type":"Polygon","properties":{"GEOID":"361190002042"}},{"arcs":[[1559,-1149,1560,1561,-841]],"type":"Polygon","properties":{"GEOID":"361190013042"}},{"arcs":[[-1179,1562,-897,-369,-365]],"type":"Polygon","properties":{"GEOID":"361190148101"}},{"arcs":[[-1178,1563,-1563]],"type":"Polygon","properties":{"GEOID":"361190148112"}},{"arcs":[[-1564,-1177,1564,1565,-898]],"type":"Polygon","properties":{"GEOID":"361190148113"}},{"arcs":[[1566,-98,1567,-1021,-1325,1568]],"type":"Polygon","properties":{"GEOID":"361190084031"}},{"arcs":[[-1531,1569,1570]],"type":"Polygon","properties":{"GEOID":"361190113005"}},{"arcs":[[-1271,1571,1572,-1392,1573,1574,1575,1576]],"type":"Polygon","properties":{"GEOID":"361190123043"}},{"arcs":[[1577,1578,-1410]],"type":"Polygon","properties":{"GEOID":"361190120003"}},{"arcs":[[1579,-1389,-1573,1580]],"type":"Polygon","properties":{"GEOID":"361190127002"}},{"arcs":[[1581,1582,-1581,-1572,-1270,-1362]],"type":"Polygon","properties":{"GEOID":"361190127003"}},{"arcs":[[-14,1583,-860,1584]],"type":"Polygon","properties":{"GEOID":"361190133041"}},{"arcs":[[-1006,-1354,1585,1586]],"type":"Polygon","properties":{"GEOID":"361190142001"}},{"arcs":[[-1305,-882,1587,-1003,1588]],"type":"Polygon","properties":{"GEOID":"361190147013"}},{"arcs":[[1589,-1155,1590,-585,1591,1592,1593,-411,1594,1595]],"type":"Polygon","properties":{"GEOID":"361190148052"}},{"arcs":[[-308,1596,-668,1597,-713,-1042,1598,1599]],"type":"Polygon","properties":{"GEOID":"361190023001"}},{"arcs":[[-1138,1600,1601,-462]],"type":"Polygon","properties":{"GEOID":"361190050012"}},{"arcs":[[1602,-926,-594,1603]],"type":"Polygon","properties":{"GEOID":"361190062004"}},{"arcs":[[-613,1604,1605,-960,1606]],"type":"Polygon","properties":{"GEOID":"361190067003"}},{"arcs":[[-1452,-500,-284]],"type":"Polygon","properties":{"GEOID":"361190108042"}},{"arcs":[[-518,1607,-1382,-607,1608]],"type":"Polygon","properties":{"GEOID":"361190070004"}},{"arcs":[[1609,1610,-1455,1611,1612,1613,1614]],"type":"Polygon","properties":{"GEOID":"361190083023"}},{"arcs":[[1615,1616,1617,1618,-1212]],"type":"Polygon","properties":{"GEOID":"361190091003"}},{"arcs":[[1619,1620,-415,1621,1622]],"type":"Polygon","properties":{"GEOID":"361190146052"}},{"arcs":[[-1127,1623,1624,1625,-981]],"type":"Polygon","properties":{"GEOID":"361190021044"}},{"arcs":[[1626,1627,-109,1628,-1614,1629,-1612,-1454,1630,1631,1632,1633,-1438,1634]],"type":"Polygon","properties":{"GEOID":"361190086024"}},{"arcs":[[-800,-1557,-1553,-978,1635,1636,1637,-845,1638,-352,1639,-1529]],"type":"Polygon","properties":{"GEOID":"361190111011"}},{"arcs":[[-1341,1640,1641,-1199,1642,1643]],"type":"Polygon","properties":{"GEOID":"361190118002"}},{"arcs":[[1644,1645,-1592,-584,-361,-1521,-116,-389,-1345]],"type":"Polygon","properties":{"GEOID":"361190131043"}},{"arcs":[[-1007,-1587,1646,-238,-1419,1647]],"type":"Polygon","properties":{"GEOID":"361190142002"}},{"arcs":[[1648,1649,-493,-989,1650,1651]],"type":"Polygon","properties":{"GEOID":"361190104002"}},{"arcs":[[1652,1653,1654]],"type":"Polygon","properties":{"GEOID":"361190149013"}},{"arcs":[[-918,-540,1655,-1628,1656,-1635,-1437]],"type":"Polygon","properties":{"GEOID":"361190087002"}},{"arcs":[[-1342,-1644,1657,1658,1659,-425,-756,-1503]],"type":"Polygon","properties":{"GEOID":"361190132021"}},{"arcs":[[1660,1661,1662,1663]],"type":"Polygon","properties":{"GEOID":"361190097031"}},{"arcs":[[1664,-598,-444,-441]],"type":"Polygon","properties":{"GEOID":"361190054001"}},{"arcs":[[-443,-447,1665,1666,-727]],"type":"Polygon","properties":{"GEOID":"361190055003"}},{"arcs":[[-1333,-1107,1667,1668]],"type":"Polygon","properties":{"GEOID":"361190124001"}},{"arcs":[[-1106,1669,-1390,1670,-1668]],"type":"Polygon","properties":{"GEOID":"361190124003"}},{"arcs":[[-460,-456,1671,-448,-90]],"type":"Polygon","properties":{"GEOID":"361190075002"}},{"arcs":[[-450,1672,-197,1673]],"type":"Polygon","properties":{"GEOID":"361190076002"}},{"arcs":[[-1672,-455,-198,-1673,-449]],"type":"Polygon","properties":{"GEOID":"361190076003"}},{"arcs":[[-1025,-1101,-1350,1674]],"type":"Polygon","properties":{"GEOID":"361190074021"}},{"arcs":[[1675,-195,-1523,1676]],"type":"Polygon","properties":{"GEOID":"361190078002"}},{"arcs":[[-1300,1677,-405,-1090,1678,1679,-1546]],"type":"Polygon","properties":{"GEOID":"361190051001"}},{"arcs":[[-1547,-1680,1680,-1549]],"type":"Polygon","properties":{"GEOID":"361190051004"}},{"arcs":[[-1681,-1679,-1091,-407,-1092,-469,1681,-1550]],"type":"Polygon","properties":{"GEOID":"361190052002"}},{"arcs":[[-1134,1682,1683]],"type":"Polygon","properties":{"GEOID":"361190106001"}},{"arcs":[[1684,1685,1686,-820,1687,1688,1689]],"type":"Polygon","properties":{"GEOID":"361190107012"}},{"arcs":[[1690,-1184,1691,-1327,-477]],"type":"Polygon","properties":{"GEOID":"361190109022"}},{"arcs":[[-476,-995,-1185,-1691]],"type":"Polygon","properties":{"GEOID":"361190109021"}},{"arcs":[[1692,-483,1693,1694,1695,-1016,1696]],"type":"Polygon","properties":{"GEOID":"361190109034"}},{"arcs":[[1697,1698,-1697,-1018,1699,-485,-354]],"type":"Polygon","properties":{"GEOID":"361190111013"}},{"arcs":[[1700,-1652,1701,-52,-1317,1702]],"type":"Polygon","properties":{"GEOID":"361190104003"}},{"arcs":[[-990,-951,1703,1704,1705,-1187]],"type":"Polygon","properties":{"GEOID":"361190105002"}},{"arcs":[[1706,1707,1708,-843,-1638]],"type":"Polygon","properties":{"GEOID":"361190112004"}},{"arcs":[[1709,-1133,-350,1710,-1686,1711]],"type":"Polygon","properties":{"GEOID":"361190107013"}},{"arcs":[[-498,-1378,1712,-650,-818]],"type":"Polygon","properties":{"GEOID":"361190107021"}},{"arcs":[[-1695,1713,-1210,-1451,1714]],"type":"Polygon","properties":{"GEOID":"361190108031"}},{"arcs":[[-1189,1715,-319,1716,1717]],"type":"Polygon","properties":{"GEOID":"361190102002"}},{"arcs":[[-767,-1650,1718]],"type":"Polygon","properties":{"GEOID":"361190113003"}},{"arcs":[[-1038,-604,-1250,1719,-847,1720]],"type":"Polygon","properties":{"GEOID":"361190053001"}},{"arcs":[[-3,-1369,-140,-1168,1721,1722,1723,-587,1724]],"type":"Polygon","properties":{"GEOID":"361190057021"}},{"arcs":[[1725,-4,-1725,-586,-591]],"type":"Polygon","properties":{"GEOID":"361190058002"}},{"arcs":[[-597,1726,-589,-272]],"type":"Polygon","properties":{"GEOID":"361190061002"}},{"arcs":[[1727,-1268,-82,-1603,1728]],"type":"Polygon","properties":{"GEOID":"361190062001"}},{"arcs":[[1729,-600,-151,-1208,-1110,-1399,1730]],"type":"Polygon","properties":{"GEOID":"361190065003"}},{"arcs":[[1731,-601,-1730,1732,-1238,-1519]],"type":"Polygon","properties":{"GEOID":"361190065001"}},{"arcs":[[-962,1733,-1517,-1501,-1036]],"type":"Polygon","properties":{"GEOID":"361190066002"}},{"arcs":[[-1606,1734,-609,-599,-1732,-1518,-1734,-961]],"type":"Polygon","properties":{"GEOID":"361190067004"}},{"arcs":[[-1463,1735,-1263,-610,1736,-1094]],"type":"Polygon","properties":{"GEOID":"361190068023"}},{"arcs":[[1737,-617,-1450,-622,1738,-988,1739,-1283,-379,-328]],"type":"Polygon","properties":{"GEOID":"361190007012"}},{"arcs":[[-1319,-618,-1738,-327,1740]],"type":"Polygon","properties":{"GEOID":"361190007022"}},{"arcs":[[-621,-1414,-984,-1739]],"type":"Polygon","properties":{"GEOID":"361190008011"}},{"arcs":[[-320,1741,1742,1743]],"type":"Polygon","properties":{"GEOID":"361190009001"}},{"arcs":[[1744,-143,-1385,-1116]],"type":"Polygon","properties":{"GEOID":"361190011023"}},{"arcs":[[1745,-191,-1119,-1198,1746,-1141,-254,-1511]],"type":"Polygon","properties":{"GEOID":"361190013013"}},{"arcs":[[-342,1747,1748,-123]],"type":"Polygon","properties":{"GEOID":"361190015023"}},{"arcs":[[1749,1750,-763,1751,-1232,1752,-1748,-341]],"type":"Polygon","properties":{"GEOID":"361190015043"}},{"arcs":[[-1146,-831,1753,-107,1754,-1750,-340]],"type":"Polygon","properties":{"GEOID":"361190015044"}},{"arcs":[[-321,-1744,1755,1756,-639,-23,-100,-1415]],"type":"Polygon","properties":{"GEOID":"361190019001"}},{"arcs":[[-1688,-1376,1757]],"type":"Polygon","properties":{"GEOID":"361190021011"}},{"arcs":[[1758,-1129,1759,-1542,-1046]],"type":"Polygon","properties":{"GEOID":"361190021033"}},{"arcs":[[-1126,1760,-647,1761,-1624]],"type":"Polygon","properties":{"GEOID":"361190021042"}},{"arcs":[[-1446,-1334,-1669,1762,-1582,-1361,1763,-1052]],"type":"Polygon","properties":{"GEOID":"361190126001"}},{"arcs":[[-1000,-903,1764,-885,1765]],"type":"Polygon","properties":{"GEOID":"361190146041"}},{"arcs":[[1766,1767,-886,-1765,-902]],"type":"Polygon","properties":{"GEOID":"361190146051"}},{"arcs":[[1768,-1296,1769,-1620,1770]],"type":"Polygon","properties":{"GEOID":"361190146062"}},{"arcs":[[-1295,-419,-1595,-416,-1621,-1770]],"type":"Polygon","properties":{"GEOID":"361190146063"}},{"arcs":[[1771,-878,-1230,-1294,1772,-249]],"type":"Polygon","properties":{"GEOID":"361190146071"}},{"arcs":[[1773,1774,-1231,-876]],"type":"Polygon","properties":{"GEOID":"361190147033"}},{"arcs":[[1775,-808,-395,-421,-413,1776,-177,1777]],"type":"Polygon","properties":{"GEOID":"361190138002"}},{"arcs":[[-231,-401,-1480,-740]],"type":"Polygon","properties":{"GEOID":"361190046001"}},{"arcs":[[-652,-467,-1543,-1760]],"type":"Polygon","properties":{"GEOID":"361190021031"}},{"arcs":[[-1272,-1577,1778,-1575,1779,1780,1781,-1217]],"type":"Polygon","properties":{"GEOID":"361190123042"}},{"arcs":[[-182,-1058,-1539,-855,-1584,-13,1782,1783]],"type":"Polygon","properties":{"GEOID":"361190133012"}},{"arcs":[[-1783,-15,-1585,-859,-1371,1784,1785]],"type":"Polygon","properties":{"GEOID":"361190133043"}},{"arcs":[[1786,-431,-1050,1787,1788,-434]],"type":"Polygon","properties":{"GEOID":"361190135003"}},{"arcs":[[-1588,-881,1789,-1355,-1004]],"type":"Polygon","properties":{"GEOID":"361190144001"}},{"arcs":[[-1720,1790,-1729,-1604,-1665,-440,-848]],"type":"Polygon","properties":{"GEOID":"361190053003"}},{"arcs":[[1791,-1395,1792,-1336,-1331]],"type":"Polygon","properties":{"GEOID":"361190125021"}},{"arcs":[[-1338,1793,-1104]],"type":"Polygon","properties":{"GEOID":"361190125032"}},{"arcs":[[1794,1795,1796,-791,1797,1798,-515]],"type":"Polygon","properties":{"GEOID":"361190069001"}},{"arcs":[[1799,-949,-323,-1372,1800,-1383,-1608,-517]],"type":"Polygon","properties":{"GEOID":"361190070003"}},{"arcs":[[-1384,-1801,-1374,1801,1802,-525,1803,1804,-1166,-1323,-149]],"type":"Polygon","properties":{"GEOID":"361190070001"}},{"arcs":[[-1258,-520,-1803,1805]],"type":"Polygon","properties":{"GEOID":"361190071003"}},{"arcs":[[-958,-1140,-1026,-1675,-1349,1806,-527]],"type":"Polygon","properties":{"GEOID":"361190072002"}},{"arcs":[[-1798,-794,1807,-1028,-1139,-959,-946,1808]],"type":"Polygon","properties":{"GEOID":"361190073001"}},{"arcs":[[1809,-996,-474,-1064]],"type":"Polygon","properties":{"GEOID":"361190119022"}},{"arcs":[[-1627,-1657]],"type":"Polygon","properties":{"GEOID":"361190086021"}},{"arcs":[[1810,1811,-110,-1656,-539,-535]],"type":"Polygon","properties":{"GEOID":"361190087001"}},{"arcs":[[1812,1813,1814,-1524]],"type":"Polygon","properties":{"GEOID":"361190117002"}},{"arcs":[[1815,-1443,-1313,1816,-1578,-1409]],"type":"Polygon","properties":{"GEOID":"361190121021"}},{"arcs":[[1817,-922,1818,-1458,1819]],"type":"Polygon","properties":{"GEOID":"361190028002"}},{"arcs":[[-1034,-923,-1818,1820,-135]],"type":"Polygon","properties":{"GEOID":"361190029002"}},{"arcs":[[1821,-560,-1433,-549,-822]],"type":"Polygon","properties":{"GEOID":"361190033004"}},{"arcs":[[-785,-969,-565,1822,-557,-1822,-821,-56]],"type":"Polygon","properties":{"GEOID":"361190033001"}},{"arcs":[[-564,1823,-725,-1434,-558,-1823]],"type":"Polygon","properties":{"GEOID":"361190034004"}},{"arcs":[[1824,1825,1826,-1084,-1298,-776,-1033,1827,-571]],"type":"Polygon","properties":{"GEOID":"361190036001"}},{"arcs":[[1828,-1825,-570,1829]],"type":"Polygon","properties":{"GEOID":"361190037002"}},{"arcs":[[1830,-1489,1831]],"type":"Polygon","properties":{"GEOID":"361190038002"}},{"arcs":[[-1625,-1762,-646,-1048,-1541,1832,1833]],"type":"Polygon","properties":{"GEOID":"361190022011"}},{"arcs":[[1834,-1833,-1540,1835,-1008,-654]],"type":"Polygon","properties":{"GEOID":"361190022012"}},{"arcs":[[-657,1836,-743,1837,1838]],"type":"Polygon","properties":{"GEOID":"361190022022"}},{"arcs":[[-268,-789,-1417,-1158,-145,-46,-574]],"type":"Polygon","properties":{"GEOID":"361190042001"}},{"arcs":[[-1075,-580,-748,1839,1840,-1677,-1522,-1499]],"type":"Polygon","properties":{"GEOID":"361190080002"}},{"arcs":[[-1593,-1646,1841,-1347,-1642,1842]],"type":"Polygon","properties":{"GEOID":"361190131031"}},{"arcs":[[1843,-1838,-742,-1482,-1193,1844,-1254,-1292]],"type":"Polygon","properties":{"GEOID":"361190022041"}},{"arcs":[[-307,-1425,1845,1846,-663,-664,-1597]],"type":"Polygon","properties":{"GEOID":"361190023002"}},{"arcs":[[-1221,-1011,-314,-280,-1224]],"type":"Polygon","properties":{"GEOID":"361190082005"}},{"arcs":[[-935,-1225,-283,-313,-1288,-911,1847]],"type":"Polygon","properties":{"GEOID":"361190083011"}},{"arcs":[[-1611,1848,-874,-669,-1223,-933,-1456]],"type":"Polygon","properties":{"GEOID":"361190083021"}},{"arcs":[[1849,1850,1851,1852,1853,1854]],"type":"Polygon","properties":{"GEOID":"361190098001"}},{"arcs":[[1855,1856,-1851,1857,1858]],"type":"Polygon","properties":{"GEOID":"361190099002"}},{"arcs":[[-496,-505,-684,1859,1860,-1379]],"type":"Polygon","properties":{"GEOID":"361190100002"}},{"arcs":[[1861,-66,1862,1863]],"type":"Polygon","properties":{"GEOID":"361190101002"}},{"arcs":[[1864,-1281,1865,1866,-688,-1013,-686,1867]],"type":"Polygon","properties":{"GEOID":"361190149072"}},{"arcs":[[-1182,1868,-694,1869,1870,1871]],"type":"Polygon","properties":{"GEOID":"361190089011"}},{"arcs":[[-1871,1872,-1363,1873]],"type":"Polygon","properties":{"GEOID":"361190089014"}},{"arcs":[[-1619,1874,1875,-891,-678,-502,-1213]],"type":"Polygon","properties":{"GEOID":"361190091002"}},{"arcs":[[-113,-63,-834,-700,-1307,-673,-222]],"type":"Polygon","properties":{"GEOID":"361190095003"}},{"arcs":[[-675,-1308,-703,-867,1876,-1856,1877]],"type":"Polygon","properties":{"GEOID":"361190096002"}},{"arcs":[[-836,-1439,-1634,1878,-1662,1879,1880]],"type":"Polygon","properties":{"GEOID":"361190097033"}},{"arcs":[[-6,1881,-1121,-711,1882,-941,-1014]],"type":"Polygon","properties":{"GEOID":"361190003002"}},{"arcs":[[-236,1883,-937,1884]],"type":"Polygon","properties":{"GEOID":"361190004013"}},{"arcs":[[-1043,-715,1885,1886,-830]],"type":"Polygon","properties":{"GEOID":"361190024053"}},{"arcs":[[-1516,-1352,1887,-720,1888,-1596,-418,-1228]],"type":"Polygon","properties":{"GEOID":"361190148051"}},{"arcs":[[-1565,-1176,-690,1889,-1160,1890]],"type":"Polygon","properties":{"GEOID":"361190148081"}},{"arcs":[[1891,-1130,-1759,-1045,-644,-1761,-1125]],"type":"Polygon","properties":{"GEOID":"361190021071"}},{"arcs":[[1892,-815,1893,1894,-1708]],"type":"Polygon","properties":{"GEOID":"361190112003"}},{"arcs":[[1895,-400,-1774,-875,-1304]],"type":"Polygon","properties":{"GEOID":"361190147034"}},{"arcs":[[1896,-659,1897,-1846,-1424]],"type":"Polygon","properties":{"GEOID":"361190022031"}},{"arcs":[[-1737,-614,-1607,-964,-1041,-1095]],"type":"Polygon","properties":{"GEOID":"361190068024"}},{"arcs":[[-1002,-410,-1001,-1766,-884,1898]],"type":"Polygon","properties":{"GEOID":"361190146042"}},{"arcs":[[1899,1900,-178,-1777]],"type":"Polygon","properties":{"GEOID":"361190137001"}},{"arcs":[[1901,1902,-1795,-514,1903,-1261]],"type":"Polygon","properties":{"GEOID":"361190098003"}},{"arcs":[[1904,-1484,-1282,-1865]],"type":"Polygon","properties":{"GEOID":"361190149071"}},{"arcs":[[-1866,-1280,1905,1906,1907,-1653,1908]],"type":"Polygon","properties":{"GEOID":"361190149012"}},{"arcs":[[-1860,-683,-681,-676,-1878,-1859,1909]],"type":"Polygon","properties":{"GEOID":"361190099001"}},{"arcs":[[-1373,-1259,-1806,-1802]],"type":"Polygon","properties":{"GEOID":"361190071002"}},{"arcs":[[-1243,-721,-1888,-1351]],"type":"Polygon","properties":{"GEOID":"361190148062"}},{"arcs":[[-914,-1309,-511,1910,1911]],"type":"Polygon","properties":{"GEOID":"361190085002"}},{"arcs":[[-588,-1724,1912,-806,-592]],"type":"Polygon","properties":{"GEOID":"361190057042"}},{"arcs":[[1913,-1174,1914,-1428,-1442,-1477,1915]],"type":"Polygon","properties":{"GEOID":"361190121011"}},{"arcs":[[1916,-422,-393,-809,-1776,1917,-1097]],"type":"Polygon","properties":{"GEOID":"361190139002"}},{"arcs":[[1918,-1054,1919,-1493,1920]],"type":"Polygon","properties":{"GEOID":"361190126003"}},{"arcs":[[-729,1921,-805,-309,-1600,-1386,-758,1922,1923]],"type":"Polygon","properties":{"GEOID":"361190016004"}},{"arcs":[[-1887,1924,-547,-1465,-104,-1754]],"type":"Polygon","properties":{"GEOID":"361190024042"}},{"arcs":[[1925,-1832,-1492,1926,-1826,-1829,1927]],"type":"Polygon","properties":{"GEOID":"361190037001"}},{"arcs":[[-1306,-1589,-1648,-1418,1928]],"type":"Polygon","properties":{"GEOID":"361190147011"}},{"arcs":[[-403,-1552,1929,-472,-787,-1194,-1481]],"type":"Polygon","properties":{"GEOID":"361190047001"}},{"arcs":[[-1470,1930,1931,-1397,1932,1933]],"type":"Polygon","properties":{"GEOID":"361190150001"}},{"arcs":[[-245,-781,-250,1934,-811]],"type":"Polygon","properties":{"GEOID":"361190145002"}},{"arcs":[[-119,-1175,-1914,1935,-390]],"type":"Polygon","properties":{"GEOID":"361190131023"}},{"arcs":[[-766,1936,1937,-1704,-950,-490]],"type":"Polygon","properties":{"GEOID":"361190105001"}},{"arcs":[[-1753,-1235,-124,-1749]],"type":"Polygon","properties":{"GEOID":"361190015022"}},{"arcs":[[-103,-849,-101,-27,-803,-1922,-32]],"type":"Polygon","properties":{"GEOID":"361190016003"}},{"arcs":[[1938,-1894,-814,-480,-917,-484,-1693,-1699]],"type":"Polygon","properties":{"GEOID":"361190112002"}},{"arcs":[[-1190,-1718,1939,-1448]],"type":"Polygon","properties":{"GEOID":"361190102004"}},{"arcs":[[-1526,-293,-1509,1940,-300,-802,-1528,1941]],"type":"Polygon","properties":{"GEOID":"361190115001"}},{"arcs":[[1942,-8,-1015,-707,-1435,-938]],"type":"Polygon","properties":{"GEOID":"361190001034"}},{"arcs":[[-257,-1150,-1560,-840,-862]],"type":"Polygon","properties":{"GEOID":"361190013052"}},{"arcs":[[-1756,-1743,1943,-1690,1944,-1123,-931,-643,-1423,1945]],"type":"Polygon","properties":{"GEOID":"361190020004"}},{"arcs":[[-1853,1946,-1902,1947]],"type":"Polygon","properties":{"GEOID":"361190098004"}},{"arcs":[[-1328,-1692,-1183,-1872,-1874,-1536,1948,-1617,1949]],"type":"Polygon","properties":{"GEOID":"361190090002"}},{"arcs":[[-1464,-1678,-1299,-465]],"type":"Polygon","properties":{"GEOID":"361190050021"}},{"arcs":[[-1605,-612,-1262,-1904,-519,-1609,-606,-1735]],"type":"Polygon","properties":{"GEOID":"361190067001"}},{"arcs":[[-625,1950,-144,-1745,-1115,-75]],"type":"Polygon","properties":{"GEOID":"361190011011"}},{"arcs":[[-1579,-1817,-1312,-1432,1951,-1411]],"type":"Polygon","properties":{"GEOID":"361190120002"}},{"arcs":[[-1671,-1580,-1583,-1763]],"type":"Polygon","properties":{"GEOID":"361190127001"}},{"arcs":[[-1586,-1357,-909,1952,-239,-1647]],"type":"Polygon","properties":{"GEOID":"361190143001"}},{"arcs":[[-1722,-1167,-1805,1953,1954]],"type":"Polygon","properties":{"GEOID":"361190059023"}},{"arcs":[[-1473,1955,1956,-1278]],"type":"Polygon","properties":{"GEOID":"361190149092"}},{"arcs":[[-1556,-1321,-730,-1924,1957,-1244,-334]],"type":"Polygon","properties":{"GEOID":"361190005012"}},{"arcs":[[1958,1959,1960,-1406,-768,-357,-583]],"type":"Polygon","properties":{"GEOID":"361190128031"}},{"arcs":[[-1188,-1706,1961,1962,-1712,-1685,-1944,-1742,-1716]],"type":"Polygon","properties":{"GEOID":"361190107011"}},{"arcs":[[-1870,-693,1963,-210,-869,-972,-1364,-1873]],"type":"Polygon","properties":{"GEOID":"361190089013"}},{"arcs":[[1964,-1659,1965,1966,-1407,-1061,-1636,-977,1967,-1814,1968]],"type":"Polygon","properties":{"GEOID":"361190118003"}},{"arcs":[[-1249,1969,-1264,-1728,-1791]],"type":"Polygon","properties":{"GEOID":"361190064003"}},{"arcs":[[-1088,-1059,-330,-1080,-1314]],"type":"Polygon","properties":{"GEOID":"361190004042"}},{"arcs":[[-106,-764,-1751,-1755]],"type":"Polygon","properties":{"GEOID":"361190015042"}},{"arcs":[[1970,-1401,1971,-925]],"type":"Polygon","properties":{"GEOID":"361190063022"}},{"arcs":[[-1377,-1131,-1892,1972]],"type":"Polygon","properties":{"GEOID":"361190021062"}},{"arcs":[[1973,1974,-374,-1359,-1405]],"type":"Polygon","properties":{"GEOID":"361190128043"}},{"arcs":[[-745,-1245,-1958,-1923,-760,-1951,-624]],"type":"Polygon","properties":{"GEOID":"361190010002"}},{"arcs":[[-1486,-1555,-1478,-1440,-264]],"type":"Polygon","properties":{"GEOID":"361190122022"}},{"arcs":[[-1915,-1173,-1219,1975,-1781,1976,-1615,-1629,-108,1977,-1429]],"type":"Polygon","properties":{"GEOID":"361190123033"}},{"arcs":[[-1933,-1396,-1792,-1330,-1445,1978,1979]],"type":"Polygon","properties":{"GEOID":"361190150003"}},{"arcs":[[-1879,-1633,1980,-1631,-1457,-936,-1848,-910,-1912,1981]],"type":"Polygon","properties":{"GEOID":"361190085003"}},{"arcs":[[-1643,-1205,1982,-1966,-1658]],"type":"Polygon","properties":{"GEOID":"361190118001"}},{"arcs":[[-1356,-1790,-880,1983,-906]],"type":"Polygon","properties":{"GEOID":"361190144003"}},{"arcs":[[-689,-1867,-1909,-1655,1984,-1890]],"type":"Polygon","properties":{"GEOID":"361190149081"}},{"arcs":[[-412,-1594,-1843,-1641,-1340,1985,-1900]],"type":"Polygon","properties":{"GEOID":"361190131032"}},{"arcs":[[-872,-1073,1986,-746,-1220]],"type":"Polygon","properties":{"GEOID":"361190081004"}},{"arcs":[[-1065,-816,-1893,-1707,-1637]],"type":"Polygon","properties":{"GEOID":"361190110002"}},{"arcs":[[-987,-1468,-1069,1987,-1284,-1740]],"type":"Polygon","properties":{"GEOID":"361190008014"}},{"arcs":[[-1207,-1164,-138,-1368,-1112]],"type":"Polygon","properties":{"GEOID":"361190059011"}},{"arcs":[[-1576,-1779]],"type":"Polygon","properties":{"GEOID":"361190123041"}},{"arcs":[[-666,-1293,-1031,-956,-542,-1925,1988]],"type":"Polygon","properties":{"GEOID":"361190024041"}},{"arcs":[[-261,-1426,-305,-804,-25]],"type":"Polygon","properties":{"GEOID":"361190017013"}},{"arcs":[[1989,1990,1991,-1666]],"type":"Polygon","properties":{"GEOID":"361190055004"}},{"arcs":[[-1682,-468,-1930,-1551]],"type":"Polygon","properties":{"GEOID":"361190052004"}},{"arcs":[[-1842,-1645,-1344]],"type":"Polygon","properties":{"GEOID":"361190131042"}},{"arcs":[[-1286,1992,-35,-37,-1505]],"type":"Polygon","properties":{"GEOID":"361190008033"}},{"arcs":[[1993,-732,-627,-165,1994]],"type":"Polygon","properties":{"GEOID":"361190014031"}},{"arcs":[[-844,-1709,-1895,-1939,-1698,-353,-1639]],"type":"Polygon","properties":{"GEOID":"361190112001"}},{"arcs":[[-1940,-1717,-318,-619,-1449]],"type":"Polygon","properties":{"GEOID":"361190102003"}},{"arcs":[[-1757,-1946,-1422,-637]],"type":"Polygon","properties":{"GEOID":"361190018001"}},{"arcs":[[-1570,-1530,-1640,-351,-488,-1136,1995,-1937,-765,1996]],"type":"Polygon","properties":{"GEOID":"361190113001"}},{"arcs":[[-1898,-658,-1839,-1844,-1291,-660,-1847]],"type":"Polygon","properties":{"GEOID":"361190022044"}},{"arcs":[[-1713,-1381,1997,-1864,-1601,-1137,-184,-651]],"type":"Polygon","properties":{"GEOID":"361190101003"}},{"arcs":[[1998,-1811,-538,-211,1999]],"type":"Polygon","properties":{"GEOID":"361190089021"}},{"arcs":[[-719,2000,-899,-1566,-1891,-1159,2001,-1152,-1590,-1889]],"type":"Polygon","properties":{"GEOID":"361190148082"}},{"arcs":[[-516,-1799,-1809,-945,-1800]],"type":"Polygon","properties":{"GEOID":"361190069003"}},{"arcs":[[-1569,-1324,-1022,-1808,-793]],"type":"Polygon","properties":{"GEOID":"361190073002"}},{"arcs":[[2002,-1466,2003,-569,-132,2004]],"type":"Polygon","properties":{"GEOID":"361190035002"}},{"arcs":[[-1491,-576,2005,-1081,-1827,-1927]],"type":"Polygon","properties":{"GEOID":"361190039002"}},{"arcs":[[-399,-1515,-1226,-1775]],"type":"Polygon","properties":{"GEOID":"361190147031"}},{"arcs":[[-1782,-1976,-1218]],"type":"Polygon","properties":{"GEOID":"361190123031"}},{"arcs":[[2006,-1845,-1195,-577,-1490,-1831,-1926]],"type":"Polygon","properties":{"GEOID":"361190038003"}},{"arcs":[[2007,-1788,-1049,-1504,-754,-1538]],"type":"Polygon","properties":{"GEOID":"361190134022"}},{"arcs":[[-1267,-1403,2008,-79]],"type":"Polygon","properties":{"GEOID":"361190063013"}},{"arcs":[[-1880,-1661,2009]],"type":"Polygon","properties":{"GEOID":"361190097032"}},{"arcs":[[-1613,-1630]],"type":"Polygon","properties":{"GEOID":"361199850001"}},{"arcs":[[-1785,-1370,-1086,-757,-426,-1660,-1965,2010]],"type":"Polygon","properties":{"GEOID":"361190132012"}},{"arcs":[[-1279,-1957,2011,-1471,-1934,-1980,2012,-1906]],"type":"Polygon","properties":{"GEOID":"361190149011"}},{"arcs":[[-1985,-1654,-1908,2013,2014,-1959,-582,2015,-1161]],"type":"Polygon","properties":{"GEOID":"361190149014"}},{"arcs":[[-1884,-1316,-1122,-1882,-5,-1943]],"type":"Polygon","properties":{"GEOID":"361190004012"}},{"arcs":[[-1534,-206,-697,-974]],"type":"Polygon","properties":{"GEOID":"361190088022"}},{"arcs":[[-887,-1768,-1771,-1623,2016,2017]],"type":"Polygon","properties":{"GEOID":"361190146053"}},{"arcs":[[-807,-1913,-1723,-1955,2018,-1991,-275]],"type":"Polygon","properties":{"GEOID":"361190057041"}},{"arcs":[[-1472,-2012,-1956]],"type":"Polygon","properties":{"GEOID":"361190149093"}},{"arcs":[[2019,-1495,2020,-1974,-1404,-1961]],"type":"Polygon","properties":{"GEOID":"361190128033"}},{"arcs":[[-1416,-1096,-1039,-1721,-846,-824,-966,-1157]],"type":"Polygon","properties":{"GEOID":"361190151004"}},{"arcs":[[-1983,-1204,-266,-1444,-1816,-1408,-1967]],"type":"Polygon","properties":{"GEOID":"361190118004"}},{"arcs":[[-1568,-852,-1151,-1019]],"type":"Polygon","properties":{"GEOID":"361190084044"}},{"arcs":[[-1239,-1733,-1731,-1398,-1265,-1970,-1248]],"type":"Polygon","properties":{"GEOID":"361190064002"}},{"arcs":[[-890,-218,-221,-677,-680]],"type":"Polygon","properties":{"GEOID":"361190092021"}},{"arcs":[[-1387,-1599,-1044,-828,-1145,-1246,-733,-1994,2021]],"type":"Polygon","properties":{"GEOID":"361190014014"}},{"arcs":[[-435,-1789,-2008,-1537,-1056]],"type":"Polygon","properties":{"GEOID":"361190134023"}},{"arcs":[[-486,-1700,-1017,-1696,-1715,-1453,-345,-1132]],"type":"Polygon","properties":{"GEOID":"361190108011"}},{"arcs":[[-1663,-1982,-1911,-510,2022]],"type":"Polygon","properties":{"GEOID":"361190085001"}},{"arcs":[[-1705,-1938,-1996,-1135,-1684,2023,-1962]],"type":"Polygon","properties":{"GEOID":"361190106003"}},{"arcs":[[-1968,-976,-894,-1525,-1815]],"type":"Polygon","properties":{"GEOID":"361190117001"}},{"arcs":[[-907,-1984,-879,-1772,-248,-17]],"type":"Polygon","properties":{"GEOID":"361190145005"}},{"arcs":[[-1981,-1632]],"type":"Polygon","properties":{"GEOID":"361190086023"}},{"arcs":[[-1998,2024,-67,-1862]],"type":"Polygon","properties":{"GEOID":"361190101001"}},{"arcs":[[-391,-1936,-1916,-1476,-1487]],"type":"Polygon","properties":{"GEOID":"361190121012"}},{"arcs":[[-1412,-1952,-1431,2025,-1180,-993,-1810,-1063]],"type":"Polygon","properties":{"GEOID":"361190119021"}},{"arcs":[[-2015,2026,-1921,-1496,-2020,-1960]],"type":"Polygon","properties":{"GEOID":"361190128032"}},{"arcs":[[-575,-50,-168,-1082,-2006]],"type":"Polygon","properties":{"GEOID":"361190039003"}},{"arcs":[[-1972,-1400,-1114,-1,-1726,-590,-1727,-596]],"type":"Polygon","properties":{"GEOID":"361190061001"}},{"arcs":[[-927,2027,-1855,2028,-69]],"type":"Polygon","properties":{"GEOID":"361190068012"}},{"arcs":[[-1988,-1068,-29,-1993,-1285]],"type":"Polygon","properties":{"GEOID":"361190008031"}},{"arcs":[[-762,-1467,-2003,2029,-1233,-1752]],"type":"Polygon","properties":{"GEOID":"361190015051"}},{"arcs":[[-1148,-1143,-72,2030,-163,2031,-1561]],"type":"Polygon","properties":{"GEOID":"361190013022"}},{"arcs":[[-276,-1990,-446]],"type":"Polygon","properties":{"GEOID":"361190055002"}},{"arcs":[[-1602,-1863,-65,-1461,-463]],"type":"Polygon","properties":{"GEOID":"361190050011"}},{"arcs":[[-1683,-1710,-1963,-2024]],"type":"Polygon","properties":{"GEOID":"361190106002"}},{"arcs":[[-1651,-992,-1186,-10,-53,-1702]],"type":"Polygon","properties":{"GEOID":"361190105005"}},{"arcs":[[-1072,2032,-1840,-747,-1987]],"type":"Polygon","properties":{"GEOID":"361190081002"}},{"arcs":[[-1907,-2013,-1979,-1447,-1051,-1919,-2027,-2014]],"type":"Polygon","properties":{"GEOID":"361190125012"}},{"arcs":[[-2002,-1163,2033,-1153]],"type":"Polygon","properties":{"GEOID":"361190148092"}},{"arcs":[[-1883,-192,-1746,-1510,-1558,-943,-777,-942]],"type":"Polygon","properties":{"GEOID":"361190001012"}},{"arcs":[[-1035,-437,-726,-1824,-563]],"type":"Polygon","properties":{"GEOID":"361190034002"}},{"arcs":[[-1626,-1834,-1835,-1897,-982]],"type":"Polygon","properties":{"GEOID":"361190021043"}},{"arcs":[[-865,-1881,-2010,-1664,2034,2035,2036]],"type":"Polygon","properties":{"GEOID":"361190097013"}},{"arcs":[[-1380,-1861,-1910,-1858,-1850,-2028,-928,-2025]],"type":"Polygon","properties":{"GEOID":"361190099003"}},{"arcs":[[-1949,-1535,-699,-172,2037,-1875,-1618]],"type":"Polygon","properties":{"GEOID":"361190093001"}},{"arcs":[[-667,-1989,-1886,-714,-1598]],"type":"Polygon","properties":{"GEOID":"361190024051"}},{"arcs":[[-999,-1420,-290,-812,-1935,-1773,-1297,-1769,-1767,-901]],"type":"Polygon","properties":{"GEOID":"361190146061"}},{"arcs":[[-179,-1901,-1986,-1339,-427,-1787,-433,-1070]],"type":"Polygon","properties":{"GEOID":"361190137003"}},{"arcs":[[-572,-1828,-1032,-568]],"type":"Polygon","properties":{"GEOID":"361190036003"}},{"arcs":[[-2034,-1162,-2016,-1591,-1154]],"type":"Polygon","properties":{"GEOID":"361190148094"}},{"arcs":[[-1508,-509,-295,-1941]],"type":"Polygon","properties":{"GEOID":"361190115004"}},{"arcs":[[-2035,-2023,-513,-93,-1567,-792,-1797,2038]],"type":"Polygon","properties":{"GEOID":"361190084012"}},{"arcs":[[2039,-1393,-1932]],"type":"Polygon","properties":{"GEOID":"361190150002"}},{"arcs":[[-866,-2037,2040,-1877]],"type":"Polygon","properties":{"GEOID":"361190097011"}},{"arcs":[[-2017,-1622,-423,-1917,-1098,-1918,-1778,-176,2041]],"type":"Polygon","properties":{"GEOID":"361190139004"}},{"arcs":[[-1497,-385,-770,-533,-1273,-1170,-1520]],"type":"Polygon","properties":{"GEOID":"361190130002"}},{"arcs":[[-1953,-908,-779,-243,-240]],"type":"Polygon","properties":{"GEOID":"361190143003"}},{"arcs":[[-1694,-482,-916,-1329,-1950,-1616,-1211,-1714]],"type":"Polygon","properties":{"GEOID":"361190109023"}},{"arcs":[[-1711,-349,-817,-1687]],"type":"Polygon","properties":{"GEOID":"361190107014"}},{"arcs":[[-2026,-1430,-1978,-111,-1812,-1999,2042,-1181]],"type":"Polygon","properties":{"GEOID":"361190123012"}},{"arcs":[[-921,-772,-1459,-1819]],"type":"Polygon","properties":{"GEOID":"361190028001"}},{"arcs":[[-1255,-2007,-1928,-1830,-573,-566,-2004,-1366]],"type":"Polygon","properties":{"GEOID":"361190037003"}},{"arcs":[[-1462,-70,-2029,-1854,-1948,-1260,-1736]],"type":"Polygon","properties":{"GEOID":"361190068013"}},{"arcs":[[-1689,-1758,-1375,-1973,-1124,-1945]],"type":"Polygon","properties":{"GEOID":"361190021012"}},{"arcs":[[-1009,-1836,-1545,-738,-1837,-656]],"type":"Polygon","properties":{"GEOID":"361190022023"}},{"arcs":[[-1857,-2041,-2036,-2039,-1796,-1903,-1947,-1852]],"type":"Polygon","properties":{"GEOID":"361190098002"}},{"arcs":[[-2043,-2000,-1964,-692,-1869]],"type":"Polygon","properties":{"GEOID":"361190089022"}},{"arcs":[[-1532,-1571,-1997,-1719,-1649,-1701,2043]],"type":"Polygon","properties":{"GEOID":"361190113004"}},{"arcs":[[-900,-2001,-718,-1242]],"type":"Polygon","properties":{"GEOID":"361190148063"}},{"arcs":[[-1747,-1197,-1388,-2022,-1995,-164,-2031,-71,-1142]],"type":"Polygon","properties":{"GEOID":"361190013011"}},{"arcs":[[-2038,-175,-220,-889,-1876]],"type":"Polygon","properties":{"GEOID":"361190092012"}},{"arcs":[[-44,-1559,-304,-861,-1215]],"type":"Polygon","properties":{"GEOID":"361190002051"}},{"arcs":[[-2009,-1402,-1971,-924,-80]],"type":"Polygon","properties":{"GEOID":"361190063012"}},{"arcs":[[-1494,-1920,-1053,-1764,-1360,-372,-1975,-2021]],"type":"Polygon","properties":{"GEOID":"361190126005"}}]}}}