{"type":"Topology","arcs":[[[4738,8745],[74,3],[238,1],[156,0],[7,-5]],[[5213,8744],[-97,-79]],[[5116,8665],[-128,-104],[-27,-13],[-67,-15],[-111,-8]],[[4783,8525],[-4,15]],[[4779,8540],[-19,41],[-22,42],[-8,32],[-3,27],[3,31],[8,32]],[[6087,15045],[87,-1],[15,2],[43,16]],[[6232,15062],[20,-37],[27,-75],[28,-46],[107,-147],[30,-47],[16,-33],[83,-181],[27,-42],[32,-29]],[[6602,14425],[2,-108],[0,-178],[-1,-55]],[[6603,14084],[-29,6],[-66,67],[-71,67],[-188,186],[-173,170],[-112,110]],[[5964,14690],[15,9],[43,0],[15,7],[92,90],[16,28],[4,35],[-3,18],[-13,28],[-24,28],[-16,28],[-7,40],[1,44]],[[40,7958],[70,-1],[139,-4],[62,0],[169,5],[73,0]],[[553,7958],[-1,-165],[-1,-123]],[[551,7670],[-91,0],[-45,10],[-97,0],[0,-30],[-126,1],[0,-41],[-33,-15],[-18,-1],[0,59],[-6,18],[-17,8],[-80,2]],[[38,7681],[2,277]],[[4782,7005],[149,119]],[[4931,7124],[32,24],[139,63]],[[5102,7211],[55,26],[21,59],[10,54]],[[5188,7350],[24,1],[101,87]],[[5313,7438],[-6,-58],[7,-63]],[[5314,7317],[-55,-96],[-22,-52],[-30,-96],[-9,-39],[-1,-19],[6,-44],[14,-30],[64,-86],[30,-55]],[[5311,6800],[-43,-8],[-124,-2]],[[5144,6790],[-141,0],[-74,-2]],[[4929,6788],[-141,-2]],[[4788,6786],[1,150],[-6,7],[-1,62]],[[4057,6882],[62,-1],[26,-5],[44,-15],[23,-5],[37,-2],[34,-13]],[[4283,6841],[14,-14]],[[4297,6827],[16,-37],[21,-37],[11,-12],[13,0],[126,40],[17,2]],[[4501,6783],[2,-76],[35,1],[-1,-57],[17,-20],[44,-3]],[[4598,6628],[-13,-225],[-6,-72],[-14,-45],[1,-19]],[[4566,6267],[-13,-3],[-39,-19],[-14,-25]],[[4500,6220],[-81,61],[-20,12],[-155,86]],[[4244,6379],[-37,20]],[[4207,6399],[-39,100]],[[4168,6499],[17,4],[60,0],[-2,40],[-16,19],[-13,21],[-17,43],[-16,28],[-48,50],[-17,23],[-22,39],[-11,27],[-26,89]],[[5256,5253],[3,175],[1,97]],[[5260,5525],[2,58]],[[5262,5583],[1,125]],[[5263,5708],[0,45]],[[5263,5753],[74,-76]],[[5337,5677],[86,-92],[104,-110],[26,-12]],[[5553,5463],[-35,-43],[-10,-37],[40,-59],[32,-66]],[[5580,5258],[-40,8],[8,-26],[-43,0],[0,-8],[-33,1]],[[5472,5233],[-47,0],[-9,4],[-129,0],[-31,-3]],[[5256,5234],[0,19]],[[3750,5699],[212,74]],[[3962,5773],[39,9],[25,2]],[[4026,5784],[-1,-97]],[[4025,5687],[-2,-155]],[[4023,5532],[-221,-20],[-101,24],[-25,4],[-36,0]],[[3640,5540],[60,82],[50,77]],[[3407,5228],[70,95]],[[3477,5323],[96,128]],[[3573,5451],[67,89]],[[4023,5532],[25,2]],[[4048,5534],[-107,-81],[-44,-75]],[[3897,5378],[-44,-70],[-60,-115],[-2,0]],[[3791,5193],[-51,-7],[-16,1],[-34,-9]],[[3690,5178],[-17,78],[-11,-11],[-25,-6],[-52,-16],[-17,0]],[[3568,5223],[-76,1]],[[3492,5224],[-81,2],[-4,2]],[[5052,6634],[90,58],[2,98]],[[5311,6800],[10,0]],[[5321,6800],[67,-11],[158,-4],[120,-3]],[[5666,6782],[148,-4],[94,-2]],[[5908,6776],[20,0]],[[5928,6776],[-6,-203]],[[5922,6573],[-20,-16]],[[5902,6557],[-66,-10],[-23,-6],[-35,-21],[-34,-12],[-35,-25],[-31,-11],[-41,-5],[-21,3],[-175,73]],[[5441,6543],[-21,3],[-40,-22],[-226,3],[-71,1]],[[5083,6528],[-15,42],[-16,64]],[[2651,5397],[1,75],[5,323]],[[2657,5795],[7,342]],[[2664,6137],[82,3]],[[2746,6140],[175,6]],[[2921,6146],[74,-92],[23,-37],[20,-50],[8,-41],[1,-31]],[[3047,5895],[0,-93],[-2,-216],[8,-57],[6,-20],[20,-45]],[[3079,5464],[-119,-42],[-28,-18]],[[2932,5404],[-19,-32],[-16,-18],[-36,-30],[-13,-21],[-129,31],[-20,1],[-50,-18]],[[2649,5317],[2,80]],[[2971,4213],[54,-23],[28,-23],[58,-74],[9,-4]],[[3120,4089],[38,-54],[30,-24],[38,-19],[35,-9],[128,-3],[72,-3],[32,4],[70,53],[22,14],[48,21],[58,-1]],[[3691,4068],[-14,-33],[1,-37]],[[3678,3998],[5,-26],[-3,-36],[-31,-83],[-18,-47],[-45,-105],[-10,-28],[-28,-108],[-56,-393]],[[3492,3172],[-1,-7]],[[3491,3165],[-67,87],[-104,136],[-96,127],[-59,76]],[[3165,3591],[-11,14]],[[3154,3605],[-94,123],[-78,77]],[[2982,3805],[-64,52],[-13,13],[-39,51]],[[2866,3921],[-97,138],[-59,104]],[[2710,4163],[-27,48]],[[2683,4211],[103,71],[29,-7],[61,-22],[95,-40]],[[3517,6445],[64,0]],[[3581,6445],[87,-1]],[[3668,6444],[-2,-275]],[[3666,6169],[-118,-4]],[[3548,6165],[-33,-1]],[[3515,6164],[2,281]],[[3737,5874],[140,-2],[30,3],[48,0]],[[3955,5875],[4,-2],[-1,-79],[4,-21]],[[3750,5699],[1,3],[-18,151],[4,21]],[[3872,6395],[181,3],[42,-22]],[[4095,6376],[-17,-36],[41,-146]],[[4119,6194],[-58,-11]],[[4061,6183],[-154,147],[-34,33]],[[3873,6363],[-1,32]],[[2094,7530],[32,0],[-1,-78],[68,-1],[42,-2],[153,1],[-2,29],[0,81],[-26,0],[-2,141],[63,2],[0,16]],[[2421,7719],[3,162],[21,-3],[25,-26],[15,-46],[18,-13],[27,10],[29,31],[21,6],[-2,-135],[-14,-2],[-22,-20],[-15,-2],[-102,0],[2,-86],[1,-88],[168,-113]],[[2596,7394],[-2,-21],[52,-32]],[[2646,7341],[-2,-7],[-58,-108],[-14,-23],[-12,-5]],[[2560,7198],[-25,-6],[-325,2],[-116,0]],[[2094,7194],[-1,84],[1,252]],[[4787,8220],[0,168]],[[4787,8388],[19,2],[38,-4],[14,-7],[168,-132]],[[5026,8247],[-2,-39],[-30,0],[-2,-226],[-8,-18],[0,-59]],[[4984,7905],[-29,0]],[[4955,7905],[-137,3]],[[4818,7908],[-30,0]],[[4788,7908],[-2,66],[1,246]],[[4873,5287],[10,0],[15,35],[23,24],[87,44]],[[5008,5390],[-1,-18]],[[5007,5372],[-3,-241],[13,0]],[[5017,5131],[-2,-98]],[[5015,5033],[-147,0]],[[4868,5033],[0,116],[1,83],[4,55]],[[4266,5084],[171,1]],[[4437,5085],[-4,-199],[-28,1],[0,-26]],[[4405,4861],[-122,1]],[[4283,4862],[-9,63],[-8,30],[-2,21],[2,108]],[[6608,15349],[2,-254],[1,-30]],[[6611,15065],[-254,4],[-94,3],[-31,-10]],[[6232,15062],[-81,142],[-28,45],[-79,110]],[[6044,15359],[275,-7],[289,-3]],[[2105,4083],[154,-2]],[[2259,4081],[143,-2],[74,-2],[42,2],[20,-3]],[[2538,4076],[-91,-100],[-108,-121],[-105,-168],[-6,-1],[-24,-62]],[[2204,3624],[-30,31],[9,10],[11,61],[31,114],[-6,12],[-45,1]],[[2174,3853],[2,112],[-50,-9],[1,42],[-26,0],[4,85]],[[5292,12178],[313,-63],[61,-10],[79,-10],[72,-5],[47,-2],[136,-3]],[[6000,12085],[16,-18],[139,-140],[111,-119],[151,-153],[44,-48],[45,-41]],[[6506,11566],[-172,0],[-14,-2],[-140,-56],[-88,-36],[-109,-46],[-93,-38],[-38,-14],[-51,-9],[-81,3],[-30,-4],[-75,-22],[-46,-8],[-124,-12],[-76,-11]],[[5369,11311],[-77,-7]],[[5292,11304],[3,705],[0,88],[-3,81]],[[3680,10282],[593,-3],[304,5]],[[4577,10284],[139,-242],[10,-24],[23,-94],[31,-136],[4,-31],[1,-55],[6,-20],[-5,-39],[0,-124]],[[4786,9519],[-249,-1],[-125,-1],[-361,-2]],[[4051,9515],[0,117],[-12,19],[-110,94],[-16,17],[-7,19],[0,95],[-13,38],[0,72],[-11,29],[-40,43],[-108,115],[-11,14],[-30,61],[-13,34]],[[76,10253],[65,0],[470,0],[193,1],[362,3],[176,1]],[[1342,10258],[325,5]],[[1667,10263],[-1,-134],[1,-91],[0,-86],[1,-125],[-7,-418],[-5,-303]],[[1656,9106],[-275,-2],[-454,-1],[-335,0]],[[592,9103],[-71,0],[-260,-2],[-156,1],[-49,-13]],[[56,9089],[8,553],[1,132],[3,3],[6,418],[2,58]],[[5489,7879],[13,89],[22,60]],[[5524,8028],[2,6],[76,72]],[[5602,8106],[63,57],[71,107],[32,27]],[[5768,8297],[8,-22],[3,-38],[7,-11],[48,-54]],[[5834,8172],[6,-18],[1,-201]],[[5841,7953],[-108,-1]],[[5733,7952],[0,14],[-186,1],[-11,-45],[-8,-48]],[[5528,7874],[-39,5]],[[3791,5193],[1,-68]],[[3792,5125],[59,-216],[29,34],[55,56],[89,83],[-15,15],[3,102]],[[4012,5199],[229,4]],[[4241,5203],[41,-1]],[[4282,5202],[-19,-34]],[[4263,5168],[-30,-37],[-82,-79],[-93,-88],[-41,-30],[-106,-64],[-49,-34],[-39,-38],[-26,-32],[-31,-43]],[[3766,4723],[-14,28],[-8,24],[-4,37]],[[3740,4812],[-3,46],[2,27],[10,39],[-1,14],[-24,108],[-34,132]],[[3049,4687],[133,-2],[51,0],[10,-4],[34,1]],[[3277,4682],[-3,-72]],[[3274,4610],[-3,-66]],[[3271,4544],[-32,-1],[-47,-5],[-78,-14]],[[3114,4524],[-39,-11],[-30,-14],[-24,-14],[-45,-33]],[[2976,4452],[1,61],[-13,3]],[[2964,4516],[52,99],[33,72]],[[2932,5404],[4,-8],[-1,-85],[55,0],[6,-23],[11,-4],[48,-1],[19,-48],[2,-93],[-2,-52],[-16,-56],[0,-59],[-19,-86],[-5,-49],[-14,-28],[-8,-32],[-29,-86],[-13,-27],[-5,-25],[-13,-26]],[[2952,4616],[-125,1],[-1,56],[-186,2]],[[2640,4675],[3,184],[3,156],[3,302]],[[2988,14205],[109,-43],[41,-12],[29,-3],[131,1],[58,-1]],[[3356,14147],[90,-1]],[[3446,14146],[1,-186]],[[3447,13960],[1,-78],[-35,4],[-38,23],[-119,46],[-50,32],[-24,23],[-20,-16],[-25,-11],[-32,-1],[-55,11],[-15,7],[-16,17],[-6,34],[-25,43],[-4,92],[4,19]],[[3971,15155],[1,-178],[177,-3],[-14,-57],[59,-1]],[[4194,14916],[-5,-31],[-14,-61],[-8,-56],[5,-46],[9,-43],[12,-37]],[[4193,14642],[-161,1],[-57,1],[0,-27],[-6,-29]],[[3969,14588],[-38,15],[-39,11],[-87,21],[-40,14],[-193,84]],[[3572,14733],[11,28],[-45,29],[-6,16],[0,26],[12,28],[15,10],[31,6],[13,9],[19,-11],[22,-6],[25,30],[24,-16],[13,-17],[25,16],[8,24],[16,21],[12,30],[-1,23],[-14,41],[4,21],[18,23],[5,15],[-1,81],[193,-5]],[[6598,9860],[0,71]],[[6598,9931],[82,0],[20,-5],[29,-20],[20,-7],[37,0],[34,4],[10,28],[19,14],[62,-87],[58,-78],[5,2],[102,0]],[[7076,9782],[-9,-68],[-7,-18],[-13,-20]],[[7047,9676],[-77,-104]],[[6970,9572],[-372,0]],[[6598,9572],[0,288]],[[1086,2807],[160,-2],[0,-9],[22,-1],[-4,-161],[19,0],[2,86],[66,-4],[-13,60],[-39,0],[2,28],[36,1],[115,-4],[-15,45],[39,0],[0,-29],[28,0],[9,-46],[-52,3],[15,-43],[42,-1],[2,-21],[-38,1],[13,-47]],[[1495,2663],[15,-70],[13,-102],[4,-92],[-6,-210],[-258,10],[-177,14]],[[1086,2213],[0,347],[0,247]],[[1353,5401],[241,-3],[137,2],[44,-2],[204,1],[213,0],[311,-2]],[[2503,5397],[-9,-47],[-28,-92],[-53,-16],[-306,-91]],[[2107,5151],[-43,-16],[-165,-45],[-191,-41],[-112,-20],[-247,-37]],[[1349,4992],[1,33],[4,240],[0,119],[-1,17]],[[3011,6434],[1,-34],[10,-23],[37,-47],[3,-8],[-1,-136],[14,-20],[2,-15]],[[3077,6151],[-156,-5]],[[2746,6140],[19,44],[11,45],[5,44],[-1,34],[-44,139]],[[2736,6446],[60,-13],[173,-1],[42,2]],[[3792,5125],[122,0],[1,73],[97,1]],[[4534,5418],[219,-8]],[[4753,5410],[-2,-95]],[[4751,5315],[-3,-152]],[[4748,5163],[-217,0]],[[4531,5163],[2,146],[1,109]],[[3668,6444],[81,0]],[[3749,6444],[-2,-205],[135,1],[8,-64]],[[3890,6176],[-195,-6]],[[3695,6170],[-29,-1]],[[4054,15403],[9,-1],[190,-2],[53,-2]],[[4306,15398],[-4,-30],[-35,-151],[-17,-68]],[[4250,15149],[-5,2],[-274,4]],[[3971,15155],[-1,163],[77,-1],[7,86]],[[5041,7716],[65,-2],[25,-6]],[[5131,7708],[11,-2],[87,-1],[16,2]],[[5245,7707],[-1,-40],[-8,-1],[0,-102],[-68,-3]],[[5168,7561],[-69,-2],[-3,19],[-58,1],[0,70],[5,0],[-2,67]],[[2689,8112],[102,-2],[68,0],[35,5],[60,14],[74,10],[119,4],[37,0],[44,-10],[83,-6],[62,-71]],[[3373,8056],[12,-11],[-27,-18],[-14,4]],[[3344,8031],[-13,9],[-21,-4],[-14,-16],[1,-18]],[[3297,8002],[-48,-19],[-51,-14],[-29,-15],[-68,-62],[-28,-31],[-31,-16],[-20,-6],[-23,0],[-82,27],[-41,8],[-39,0],[-36,4],[-55,-2],[-25,5],[-24,-6]],[[2697,7875],[9,46],[-6,49],[-11,31],[0,111]],[[4534,5529],[121,0]],[[4655,5529],[98,1]],[[4753,5530],[0,-120]],[[4534,5418],[0,111]],[[2398,3810],[228,0]],[[2626,3810],[-1,-30]],[[2625,3780],[-3,-147]],[[2622,3633],[-230,0]],[[2392,3633],[0,117],[-44,0],[17,24],[33,36]],[[4724,6786],[64,0]],[[4929,6788],[-1,-79]],[[4928,6709],[-114,-1],[-1,-28],[-78,-1],[-5,-15],[-22,-1],[9,29],[7,94]],[[3011,6434],[95,-1],[52,15],[102,0]],[[3260,6448],[122,-1]],[[3382,6447],[-1,-65]],[[3381,6382],[-213,2],[-2,-231]],[[3166,6153],[-89,-2]],[[577,5401],[256,0],[33,0],[314,0],[173,0]],[[1349,4992],[-331,-16],[-159,-7],[-164,-9]],[[695,4960],[-84,-4],[-38,-3],[1,83],[3,353],[0,12]],[[3745,6905],[135,-1]],[[3880,6904],[12,-71],[32,-79],[33,-62]],[[3957,6692],[-87,-32],[-67,-27]],[[3803,6633],[-45,210]],[[3758,6843],[-13,62]],[[6600,8520],[269,-1]],[[6869,8519],[234,3],[1,-117],[-1,-141]],[[7103,8264],[-330,0],[-161,0],[-12,29],[-2,38],[2,189]],[[2971,4222],[47,20],[38,12],[25,5],[46,4],[189,-4],[13,1]],[[3329,4260],[-4,-127]],[[3325,4133],[-122,4],[-1,-29],[-66,2],[-16,-21]],[[2971,4213],[0,9]],[[4006,5307],[202,3],[46,-5],[-10,-34],[-3,-68]],[[4012,5199],[0,66],[-9,0],[3,42]],[[7254,6744],[259,-7],[182,-4],[177,-7]],[[7872,6726],[-2,-229],[0,-124],[-4,-111],[1,-38],[-3,-95]],[[7864,6129],[-584,15],[-45,2]],[[7235,6146],[2,65],[11,330],[6,203]],[[2866,3921],[-9,-1],[-229,2]],[[2628,3922],[2,115],[4,11],[47,71],[17,12],[-2,11],[14,21]],[[4738,7098],[85,0],[1,133]],[[4824,7231],[107,-1]],[[4931,7230],[0,-106]],[[4782,7005],[-48,-39]],[[4734,6966],[2,11],[2,121]],[[7375,10936],[2,368],[0,257]],[[7377,11561],[134,-1],[372,-2]],[[7883,11558],[1,-164],[-2,-242],[1,-64],[0,-380],[-3,-9],[6,-124],[0,-274],[2,-23]],[[7888,10278],[-260,0],[-13,1]],[[7615,10279],[-168,2],[-72,0]],[[7375,10281],[-5,87],[2,119],[2,272],[1,177]],[[4522,5028],[58,0],[0,-10],[56,0]],[[4636,5018],[-3,-157]],[[4633,4861],[-86,-1]],[[4547,4860],[-28,0]],[[4519,4860],[3,168]],[[6017,5768],[143,-4]],[[6160,5764],[-4,-115]],[[6156,5649],[-9,0],[-2,-64],[-56,-1],[-77,2]],[[6012,5586],[3,110],[-3,9],[5,63]],[[1688,4130],[0,7],[291,1]],[[1979,4138],[-13,-40]],[[1966,4098],[-42,-102],[-53,-137]],[[1871,3859],[-230,1]],[[1641,3860],[-23,1]],[[1618,3861],[0,38],[16,2],[0,52],[51,-4],[0,63],[3,118]],[[3276,5052],[27,-33],[1,-25],[182,-4]],[[3486,4990],[-2,-104]],[[3484,4886],[-1,-27]],[[3483,4859],[-200,1]],[[3283,4860],[0,47],[-5,50],[-15,77]],[[3263,5034],[13,18]],[[1330,3799],[6,303],[0,36]],[[1336,4138],[132,0],[157,0],[63,-8]],[[1618,3861],[3,-4],[-29,-29]],[[1592,3828],[-8,4],[-37,3],[1,26],[-85,1],[-1,-66],[-132,3]],[[4250,15149],[-15,-66],[-11,-43],[-30,-124]],[[7266,7330],[2,8]],[[7268,7338],[26,-3],[120,-1],[120,0],[344,-2]],[[7878,7332],[-3,-213],[-1,-156],[-2,-237]],[[7254,6744],[10,267],[10,304],[-8,15]],[[5882,5888],[240,-7],[0,19],[-16,26],[3,70],[-87,2],[5,180]],[[6027,6178],[151,-4],[0,19]],[[6178,6193],[54,-3],[149,-2],[71,-3],[117,-2]],[[6569,6183],[-8,-233]],[[6561,5950],[-5,-155],[0,-40]],[[6556,5755],[-168,4]],[[6388,5759],[-228,5]],[[6017,5768],[-138,4]],[[5879,5772],[3,116]],[[5453,8903],[142,16],[24,-3]],[[5619,8916],[4,-77],[12,-84],[4,-21],[31,-116]],[[5670,8618],[-210,-1]],[[5460,8617],[-8,21],[1,142],[0,123]],[[4095,6376],[36,65]],[[4131,6441],[76,-42]],[[4244,6379],[-26,-46],[17,-9],[-1,-106],[-115,-24]],[[5017,5131],[78,0]],[[5095,5131],[159,0]],[[5254,5131],[-1,-63]],[[5253,5068],[-1,-35]],[[5252,5033],[-237,0]],[[4263,5168],[3,-84]],[[4283,4862],[5,-61]],[[4288,4801],[12,-171]],[[4300,4630],[-1,-176]],[[4299,4454],[-3,-214]],[[4296,4240],[-161,-1]],[[4135,4239],[-5,32],[-99,111],[-26,-2],[-191,-1],[-16,2]],[[3798,4381],[11,47],[-2,43],[-25,120],[-1,24],[9,41],[-5,35],[-18,31]],[[3767,4722],[-1,1]],[[2709,10271],[59,0],[45,7],[246,1]],[[3059,10279],[84,-1],[150,2],[264,2],[123,0]],[[4051,9515],[1,-223],[-2,-45],[-16,-211],[-1,-21]],[[4033,9015],[-82,-1],[-53,3],[-22,-11],[-22,-25],[-35,-6],[-38,-11],[-16,4],[-43,46],[-12,6],[-69,18],[-43,-2],[-19,-6],[-36,-19],[-28,-34],[-21,-22],[-23,-15],[-52,-29],[-22,-6],[-84,23],[-40,3],[-80,-15],[-42,-11],[-137,-40],[27,-38],[11,-25],[7,-34],[3,-117],[4,-19],[14,-26],[43,-49],[22,-32],[47,-81],[18,-33],[-41,0],[1,-161],[-142,0],[-1,98],[2,27],[-3,22],[-8,15],[-327,2]],[[2691,8414],[1,225],[2,174],[4,556],[3,250],[9,595],[-1,57]],[[5097,5252],[159,1]],[[5256,5234],[-2,-103]],[[5095,5131],[2,121]],[[4984,7905],[148,-1]],[[5132,7904],[0,-119],[-1,-77]],[[5041,7716],[-22,0],[-54,-8]],[[4965,7708],[1,85],[-12,0],[1,112]],[[1236,3393],[78,43],[24,11],[93,26]],[[1431,3473],[31,-28],[1,-92],[-1,-99]],[[1462,3254],[-75,1]],[[1387,3255],[1,16],[-66,1],[0,27],[-47,2],[-16,8],[-13,28],[0,30],[-10,26]],[[6634,4659],[79,-2],[2,39],[3,8]],[[6718,4704],[75,-99]],[[6793,4605],[8,-13],[52,-124]],[[6853,4468],[19,-42],[25,-42],[41,-54]],[[6938,4330],[-61,9],[-23,8],[-273,107],[-25,8]],[[6556,4462],[-1,96],[43,3],[2,52],[42,9],[-8,37]],[[1187,7108],[45,102],[78,168]],[[1310,7378],[306,-8]],[[1616,7370],[79,-2],[45,-5],[43,-9],[55,-17],[51,-22],[26,-15],[65,-46],[29,-27],[35,-38]],[[2044,7189],[-35,-15],[-44,-36]],[[1965,7138],[-37,-30],[-81,-39],[-11,-4]],[[1836,7065],[-35,-1],[-631,0]],[[1170,7064],[17,44]],[[3114,4524],[-1,-27],[-15,-41],[-1,-15],[72,0],[-1,-72],[164,-4]],[[3332,4365],[-3,-105]],[[2971,4222],[5,230]],[[7143,9981],[116,152],[46,52],[48,46],[11,15],[11,35]],[[7615,10279],[1,-164],[0,-334]],[[7616,9781],[-347,0],[-193,1]],[[7076,9782],[17,112],[10,25],[40,62]],[[4566,6267],[23,2],[22,-4],[85,-28],[-25,-45],[109,-60]],[[4780,6132],[-33,-27]],[[4747,6105],[-106,-64],[-33,-28],[-13,-20],[-80,-142]],[[4515,5851],[-25,13],[-212,110],[-52,50]],[[4226,6024],[67,21],[104,38],[50,33],[26,35],[17,36],[10,33]],[[4523,5847],[224,-116],[7,-4]],[[4754,5727],[0,-35]],[[4754,5692],[-97,1]],[[4657,5693],[-83,1],[11,24],[-26,14]],[[4559,5732],[-74,39],[11,23],[27,53]],[[3150,7476],[11,29],[56,90],[10,31],[4,26],[0,88],[44,-1],[5,19],[13,24],[41,49],[57,8],[19,8],[38,33]],[[3448,7880],[4,-35],[23,-50],[25,-26],[44,-26],[30,-9],[26,1],[30,10],[36,4]],[[3666,7749],[-19,-34],[-14,-42],[-11,-23],[24,-22],[23,-78]],[[3669,7550],[-96,-45],[-26,-2],[1,-20],[9,-23],[-57,-28],[-37,-7],[-30,-28],[-76,-38],[-19,23],[-44,17],[-120,-18]],[[3174,7381],[-23,45],[-1,50]],[[3669,7550],[33,11],[29,-84],[4,-87],[-14,-48],[2,-63]],[[3723,7279],[-82,-1],[-28,2],[-192,3]],[[3421,7283],[-118,1]],[[3303,7284],[-44,-1],[-73,-35],[-12,2]],[[3174,7250],[0,131]],[[3723,7279],[1,-71],[-3,-28],[1,-47]],[[3722,7133],[-1,-42],[18,-147],[6,-39]],[[3758,6843],[-167,0],[-37,3],[-23,-24]],[[3531,6822],[-128,79]],[[3403,6901],[15,25],[4,348],[-1,9]],[[3803,6633],[4,-13]],[[3807,6620],[-34,22]],[[3773,6642],[-78,56]],[[3695,6698],[-164,124]],[[3403,6901],[-103,64]],[[3300,6965],[1,7],[2,228],[0,84]],[[2975,7153],[199,97]],[[3300,6965],[-128,78]],[[3172,7043],[-43,26],[-87,48],[-64,35]],[[2978,7152],[-3,1]],[[3373,8056],[36,22],[10,-6],[4,-21],[11,-16],[50,-32],[25,10],[28,31],[4,32],[17,12],[21,-9],[59,-47],[14,-15],[8,-25],[3,-33],[23,-9],[16,3],[29,20],[15,-13]],[[3746,7960],[-22,-104]],[[3724,7856],[-42,7],[-56,14],[-38,13],[-52,24],[-132,71],[-21,12],[-39,34]],[[3724,7856],[0,-1]],[[3724,7855],[-5,-10],[-40,-51],[-13,-45]],[[3448,7880],[-2,58],[-9,16],[-41,25],[-24,10],[-18,13],[-22,9],[-35,-9]],[[3746,7960],[7,-28],[-12,-37],[2,-19],[9,-10],[13,2],[112,76],[29,-7],[16,-38],[53,-42],[11,-52],[21,-83],[19,-66],[37,-17],[37,-7],[54,-21],[26,-21],[6,-27],[-27,-7],[-21,-11],[-11,-38],[-16,-21],[5,-24],[19,-14],[3,-24],[40,-24],[37,3],[26,-14],[11,-62],[16,-38],[3,-115],[10,-45],[-24,-49],[11,-41],[0,-42],[16,-24],[5,-31],[-8,-87],[2,-14]],[[4057,6882],[-40,141],[-5,35],[-3,55]],[[4009,7113],[-4,61],[-4,37],[-9,50],[-16,54],[-16,40],[-20,39],[-29,43],[-19,20],[-6,45],[1,18],[26,54],[7,47],[-19,93],[-9,40],[-13,22],[-28,33],[-13,12],[-33,18],[-38,8],[-30,2],[-13,6]],[[5954,2333],[97,-4],[48,4],[277,34],[461,56],[32,0],[77,-7],[63,-1],[217,0]],[[7226,2415],[-7,-225]],[[7219,2190],[-11,4],[-26,-38],[-18,-30],[-44,-96]],[[7120,2030],[-203,9],[-211,8]],[[6706,2047],[-122,5],[-69,2],[-163,7],[-32,3],[-375,16],[-3,-102]],[[5942,1978],[-340,371]],[[5602,2349],[352,-16]],[[6853,4468],[136,33],[16,-8],[32,0],[33,5],[57,27],[59,13]],[[7186,4538],[-3,-28],[1,-304],[-56,26],[-21,18],[-20,28],[-89,3],[-14,-10]],[[6984,4271],[-46,59]],[[6561,5950],[25,-1],[41,8],[202,-5],[4,-3],[0,-97],[-31,0],[0,-65],[11,-9],[-10,-27]],[[6803,5751],[-39,-1],[-208,5]],[[3652,6572],[21,-20]],[[3673,6552],[81,-76]],[[3754,6476],[33,-32]],[[3787,6444],[-38,0]],[[3581,6445],[0,55],[69,0],[2,72]],[[4616,6872],[93,74]],[[4709,6946],[25,20]],[[4724,6786],[-115,-2]],[[4609,6784],[7,88]],[[3483,4859],[0,-22],[6,-18],[-2,-61]],[[3487,4758],[-27,-7]],[[3460,4751],[-34,-13],[-61,-39],[-22,-10],[-38,-7],[-28,0]],[[3277,4682],[1,64],[5,114]],[[1966,4098],[139,-15]],[[2174,3853],[-48,1],[-1,-42],[-100,2],[-3,-93],[-95,2],[-2,-4],[-2,-55],[-54,-12]],[[1869,3652],[2,207]],[[4915,6013],[132,-72]],[[5047,5941],[74,-44],[23,-20],[119,-124]],[[5263,5708],[-120,1],[-3,40],[-19,10],[-104,1],[-1,-49]],[[5016,5711],[-99,-1]],[[4917,5710],[-14,0]],[[4903,5710],[0,71],[0,122],[5,57],[7,53]],[[4657,5693],[-2,-164]],[[4534,5529],[1,151],[4,16],[20,36]],[[4754,5692],[-1,-162]],[[4025,5687],[120,-1],[37,-5],[148,-36],[-13,-36],[-1,-78]],[[4316,5531],[-79,2],[-189,1]],[[4316,5531],[-1,-24],[-9,-54],[-31,-90]],[[4275,5363],[-15,3],[-26,16],[-8,1],[-220,-3]],[[4006,5380],[-37,0],[-72,-2]],[[5412,7314],[278,-9],[231,-4],[3,64]],[[5924,7365],[18,0]],[[5942,7365],[-1,-17]],[[5941,7348],[-4,-150],[-3,-104],[-3,-215],[-3,-103]],[[5908,6776],[3,85],[4,146],[1,77],[-218,6],[-22,-3]],[[5676,7087],[-16,-1],[-260,5],[-25,6]],[[5375,7097],[20,109],[17,108]],[[4009,7113],[-9,-1],[-1,30],[-63,0],[-28,-6],[-186,-3]],[[4057,6882],[-33,5],[-41,13],[-103,4]],[[4168,6499],[-26,70],[-11,25],[-101,126],[-73,-28]],[[4131,6441],[-58,31]],[[4073,6472],[-116,220]],[[4073,6472],[-120,66]],[[3953,6538],[-146,82]],[[3925,2848],[92,0]],[[4017,2848],[46,-2],[109,-1]],[[4172,2845],[-2,-48],[-3,-112],[-8,-167]],[[4159,2518],[-11,-203],[-2,-128]],[[4146,2187],[-117,6]],[[4029,2193],[-13,3]],[[4016,2196],[-8,27],[-29,82],[-42,13],[-15,12],[-29,14],[4,28],[5,120],[6,111],[-1,3],[3,78],[5,44],[7,117],[3,3]],[[3445,2847],[97,2],[171,1],[212,-2]],[[4016,2196],[-89,32],[-101,25],[-85,31],[-20,20],[-23,36],[-26,29],[-64,48],[-31,5],[-72,25],[-25,-2],[-130,6]],[[3350,2451],[41,168],[43,170],[11,58]],[[3606,1837],[108,-5],[131,-8],[23,-2],[6,-10],[57,27],[39,15],[20,21],[3,30],[-2,40],[-8,55],[-33,91],[11,33],[19,22],[38,33],[11,14]],[[4146,2187],[-10,-188],[-2,-71],[-9,-163],[-1,-55],[-6,-105]],[[4118,1605],[-8,-142]],[[4110,1463],[-245,35],[-99,11],[-41,12],[-134,12]],[[3591,1533],[9,187],[6,117]],[[3274,2032],[63,-3],[4,-4],[-4,-83],[42,-2],[23,-15],[16,11],[68,-2],[21,-6],[14,-14],[9,-23],[-1,-21],[79,-4],[-2,-29]],[[3591,1533],[-149,14],[-222,16]],[[3220,1563],[10,76],[21,190],[23,203]],[[3325,2350],[25,101]],[[3274,2032],[20,185],[31,133]],[[4110,1463],[-15,-304],[0,-8]],[[4095,1151],[-69,3],[-191,9],[-350,17],[-28,-9],[-108,-55],[-37,-14],[-134,-43]],[[3178,1059],[-11,35],[-4,22],[22,115],[6,49],[23,216],[6,67]],[[5666,6782],[10,305]],[[5441,6543],[4,-48],[-11,-34],[-45,-66],[-8,-15],[-24,-120],[-13,-26]],[[5344,6234],[-12,7],[-15,23],[-36,22],[-23,-6]],[[5258,6280],[-61,10],[-5,14],[-31,30],[-18,29],[-23,50],[-37,115]],[[4928,6709],[-1,-101],[-77,-19]],[[4850,6589],[-77,-19],[-1,33],[-27,9],[-52,-2],[4,14],[-25,9],[-73,7]],[[4599,6640],[10,144]],[[5433,6227],[156,138],[27,22],[33,21],[24,11],[69,20],[-1,-57],[4,-15],[-6,-33],[-4,-149]],[[5735,6185],[-77,2]],[[5658,6187],[-204,6],[-21,34]],[[5902,6557],[-10,-364],[-1,-12]],[[5891,6181],[-156,4]],[[5433,6227],[-53,6],[-36,1]],[[5695,5995],[187,180],[9,6]],[[5891,6181],[-6,-227]],[[5885,5954],[-34,2],[-2,-34],[-202,7]],[[5647,5929],[-22,1],[70,65]],[[4758,7470],[23,88]],[[4781,7558],[45,0],[1,-48],[62,2],[40,-5],[25,3],[24,10],[32,18],[22,1],[31,-8],[46,-35],[17,-29],[4,-15],[44,-93],[14,-8]],[[5188,7351],[0,-1]],[[5102,7211],[-2,52],[-63,1],[2,214],[-28,-8],[-38,-1],[-39,-15],[-1,-18]],[[4933,7436],[-81,0],[0,10],[-25,2]],[[4827,7448],[-53,7],[2,-54],[-29,1]],[[4747,7402],[2,26],[9,42]],[[4931,7230],[2,206]],[[4827,7448],[-3,-217]],[[4738,7098],[1,101],[7,58],[1,145]],[[1083,773],[33,-20],[68,-34],[42,-19],[69,-36],[24,-10],[45,-12],[33,-4],[24,11],[13,20],[17,57],[5,10],[24,24],[19,-6],[33,11],[22,-3],[106,-43],[111,-19],[160,-12],[73,-12]],[[2004,676],[-10,-263],[-8,-183]],[[1986,230],[-291,11],[-140,8],[-422,11],[-49,1],[-3,127],[-3,179],[2,35],[2,156],[1,15]],[[3325,2350],[-117,28],[-12,6],[-68,66],[-8,13],[4,120],[8,151],[-70,4],[-30,12],[-18,15],[-20,27],[-36,56]],[[2958,2848],[318,1],[169,-2]],[[2332,2847],[230,2],[368,-1],[27,2]],[[2957,2850],[1,-2]],[[3220,1563],[-131,21],[-37,3],[-224,10],[-22,-1],[-121,-19],[-86,-4],[-42,-4],[-175,-67],[-30,-9],[-54,0],[-170,7]],[[2128,1500],[-13,0],[-4,79],[9,63],[29,68],[2,24],[1,95],[2,33],[6,29],[23,54],[2,13],[3,113],[4,21],[17,26],[104,84],[16,18],[3,15],[4,109],[8,293],[2,112],[-14,98]],[[3178,1059],[-115,-32],[-245,-70],[-85,-26],[-100,-29],[-36,-7],[-95,-12],[-493,-56]],[[2009,827],[8,223],[4,111],[58,42],[20,20],[6,16],[4,31],[19,230]],[[5885,5954],[-3,-66]],[[5879,5772],[-119,2]],[[5760,5774],[1,53],[-117,3],[3,99]],[[5593,5995],[102,0]],[[5760,5774],[-98,3],[-80,-5],[-52,8]],[[5530,5780],[-28,36]],[[5502,5816],[78,73],[-22,1],[3,105],[32,0]],[[5658,6187],[2,-4],[0,-64],[-33,0],[-1,-57],[-33,0],[0,-67]],[[5502,5816],[-14,18],[-19,36],[-7,23],[-14,86],[-5,20],[-18,35],[-14,16],[-12,55],[-20,41],[-25,28],[-12,19],[-2,27],[4,14]],[[5061,6020],[206,3]],[[5267,6023],[-1,-122]],[[5266,5901],[-110,0],[1,84],[-102,-1]],[[5055,5984],[6,36]],[[5266,5901],[-3,-148]],[[5047,5941],[8,43]],[[5502,5816],[-32,-31],[-38,-6],[-48,-43],[-47,-59]],[[5267,6023],[2,171]],[[5269,6194],[1,35],[-12,51]],[[5530,5780],[107,-136],[23,-29]],[[5660,5615],[128,-145],[15,-16],[32,-19],[40,-12],[25,-1]],[[5900,5422],[2,-18],[-109,11],[-197,38],[-43,10]],[[5875,5668],[-2,-57],[27,-189]],[[5660,5615],[97,70],[65,-1],[17,-2],[21,-12],[15,-2]],[[5879,5772],[-4,-104]],[[5922,6573],[-3,-93],[403,-14],[-1,-117],[-75,1],[-88,-75],[-2,-82],[22,0]],[[6027,6178],[-136,3]],[[4273,8357],[1,-14],[9,-19],[18,-25],[-4,-16],[-13,-25],[-4,-23],[0,-150]],[[4280,8085],[-230,-20],[-47,-16],[-30,-7],[-45,-5]],[[3928,8037],[0,35],[19,34],[19,60],[17,14],[14,3],[9,12],[66,21],[18,18],[12,23],[25,11],[43,32],[19,24],[34,31],[9,2],[41,0]],[[4030,8840],[-4,-214],[8,-26],[53,-89],[16,-19],[66,-1],[23,3],[40,13],[24,25],[10,0],[14,-13],[2,-33]],[[4282,8486],[-1,-99],[-8,-30]],[[3928,8037],[-58,-8],[-106,-29],[-7,-4]],[[3757,7996],[-5,29],[-12,25],[-105,110],[1,28],[-7,49],[6,18],[20,35],[4,65],[6,17],[25,42],[25,62],[21,28],[19,18],[65,50],[13,13],[34,52],[21,23],[44,39],[74,96],[24,45]],[[2204,3624],[-19,-66],[-6,-27],[-53,-183]],[[2126,3348],[-3,1]],[[2123,3349],[-20,2]],[[2103,3351],[-14,50],[3,48],[-16,25],[-157,10],[-24,17],[-26,151]],[[2581,4219],[18,-20],[60,55],[24,-43]],[[2683,4211],[-145,-135]],[[2259,4081],[1,94],[154,0],[120,-2],[47,46]],[[1979,4138],[121,0],[3,134],[12,0]],[[2115,4272],[94,-2],[0,3],[97,-2],[0,-50],[67,-1],[4,260],[166,-9],[17,1],[3,-10]],[[2563,4462],[27,-128],[-8,-78],[-1,-37]],[[2628,3922],[-2,-112]],[[2398,3810],[50,56],[86,88],[64,79],[-13,4],[-47,39]],[[2004,676],[5,151]],[[3178,1059],[30,-100],[10,-26],[70,-150],[44,-86],[10,-29],[26,-213],[10,-104],[0,-31],[-10,-31],[-33,-44],[-46,-54],[-12,-19]],[[3277,172],[-92,3],[-548,28],[-117,3],[-11,-1],[-90,5],[-154,7],[-26,0],[-253,13]],[[3691,4068],[14,0],[110,-4],[29,0],[31,7],[26,11],[28,32],[19,42],[36,86],[23,-3],[128,0]],[[4296,4240],[0,-47],[18,-136]],[[4314,4057],[0,-22],[-6,-51],[6,-26],[59,-100],[11,-22],[2,-19],[-5,-354]],[[4381,3463],[-103,0],[-46,-8],[-25,1],[-19,12],[-11,22],[-32,5],[0,-119],[1,-14],[38,-78],[-12,-20],[-11,-32],[-22,-30],[-6,-21],[-17,-36],[-24,-44],[-8,-8]],[[4084,3093],[0,6],[-21,69],[-112,90],[-21,98],[2,296],[-72,101],[-31,98],[-54,89],[-43,-2],[-17,57],[-15,5],[-22,-2]],[[4074,3091],[10,2]],[[4381,3463],[-1,-24]],[[4380,3439],[-1,-92],[6,-123],[5,-45]],[[4390,3179],[18,-138],[27,-103],[3,-23],[-3,-70]],[[4435,2845],[-102,0],[0,-2],[-161,2]],[[4017,2848],[-11,33],[-16,60],[7,9],[21,-1],[9,15],[25,5],[37,-1],[-5,65],[-13,22],[3,36]],[[4074,3091],[-54,39],[-13,17],[-24,40],[-35,37],[-26,-17],[-54,-6],[-52,-38],[-16,-7],[-119,-2],[-189,18]],[[6569,6183],[338,-9],[0,-19]],[[6907,6155],[-12,-379],[-2,-16]],[[6893,5760],[-42,-1],[-48,-8]],[[6893,5760],[-4,-205],[58,-1]],[[6947,5554],[-65,-19],[-120,-24]],[[6762,5511],[-119,-24],[-21,-3]],[[6622,5484],[-10,25]],[[6612,5509],[-15,34],[-39,55],[-7,27],[5,130]],[[6009,5450],[82,-2],[0,27],[36,-1],[21,10],[-14,18],[71,4],[10,7],[10,36],[3,98]],[[6228,5647],[22,-1],[3,10],[-11,34],[22,12],[16,-23],[0,-17],[-8,-30],[-1,-39],[26,0],[7,11],[1,46],[81,-2],[2,111]],[[6612,5509],[-62,-8],[-28,-1],[-111,9],[-40,0],[-58,-11],[-35,-13],[-48,-21]],[[6230,5464],[-46,-21],[-26,-6],[-51,-6],[-97,-4]],[[6010,5427],[-1,23]],[[6228,5647],[-72,2]],[[6009,5450],[3,136]],[[5262,5583],[-212,1],[-11,-3],[0,26],[-23,1],[0,103]],[[5008,5390],[1,135]],[[5009,5525],[251,0]],[[5097,5252],[3,120],[-93,0]],[[5252,5033],[-2,-165]],[[5250,4868],[-238,0]],[[5012,4868],[3,165]],[[2392,3633],[0,-51],[14,-33],[0,-207]],[[2406,3342],[-183,-2],[-97,8]],[[2406,3342],[223,2],[20,7]],[[2649,3351],[77,-125]],[[2726,3226],[170,-279],[61,-97]],[[2332,2847],[-58,6]],[[2274,2853],[-57,48],[-16,28],[-59,124],[-36,6],[-24,0],[3,125],[3,39],[9,44],[26,82]],[[2622,3633],[0,-30]],[[2622,3603],[-4,-184],[2,-15],[29,-53]],[[2982,3805],[-22,-22],[-11,-2],[-324,-1]],[[3154,3605],[-208,-1],[-147,0],[-177,-1]],[[1478,3494],[169,85]],[[1647,3579],[46,24],[176,49]],[[2103,3351],[-89,4],[-52,1],[-56,-5],[-62,-30],[-1,-72],[-111,5],[-185,2],[0,-14],[-24,-1],[-2,13],[-59,0]],[[1431,3473],[47,21]],[[1171,3373],[23,-3],[9,6]],[[1203,3376],[33,17]],[[1387,3255],[-51,1],[-3,-109]],[[1333,3147],[-13,27],[-1,-40],[-97,1],[-46,-14],[-131,2],[-4,-106],[2,-8]],[[1043,3009],[-34,1],[2,94],[17,-1],[3,41],[2,90],[3,35],[8,7],[-20,23],[35,11],[-1,10],[23,0],[9,9],[81,44]],[[1647,3579],[4,127],[-1,48],[-7,5],[-2,101]],[[4390,3179],[44,-1],[129,-4],[343,-11],[-6,-238],[-1,-80]],[[4899,2845],[-152,0],[-55,0]],[[4692,2845],[-257,0]],[[18,4133],[11,0],[534,3]],[[563,4136],[402,1],[51,-1],[191,2],[129,0]],[[1330,3799],[-22,0],[-2,-176],[-3,-176],[-100,-53],[0,-18]],[[1171,3373],[-76,2],[-266,3],[-311,1],[-505,7],[-4,0]],[[9,3386],[5,357],[3,264],[1,126]],[[5250,4868],[-3,-190]],[[5247,4678],[-239,0]],[[5008,4678],[4,190]],[[5393,5067],[2,109],[22,1],[15,-7],[10,-16],[21,6],[11,9],[2,13],[-4,22],[0,29]],[[5580,5258],[24,-72],[43,-186],[6,-38],[1,-29],[-4,-39]],[[5650,4894],[-13,-1],[-247,-17]],[[5390,4876],[3,191]],[[5650,4894],[-23,-210]],[[5627,4684],[-130,2],[-81,-10],[-29,0]],[[5387,4676],[3,200]],[[5250,4868],[140,8]],[[5387,4676],[-140,2]],[[5253,5068],[140,-1]],[[1592,3828],[-43,-31],[-16,-17],[-40,-1],[-1,-39],[-31,1],[-5,-200],[22,-47]],[[5841,7953],[22,-31]],[[5863,7922],[70,-92]],[[5933,7830],[2,-11],[-2,-63]],[[5933,7756],[-131,3],[-1,52],[-15,16],[-32,1]],[[5754,7828],[0,31],[-22,1],[1,92]],[[5690,7706],[50,34],[14,25],[0,63]],[[5933,7756],[-6,-237]],[[5927,7519],[-3,-150]],[[5924,7369],[-209,304],[-25,33]],[[5834,8172],[62,1],[0,-62],[91,0],[84,0]],[[6071,8111],[-3,-173]],[[6068,7938],[-164,0],[-14,-2],[-27,-14]],[[675,4630],[127,-3],[276,-7],[0,-7],[266,-6]],[[1344,4607],[-1,-72],[-2,-165],[-5,-232]],[[563,4136],[7,497],[105,-3]],[[23,5398],[44,0],[154,1],[48,-1],[28,2],[280,1]],[[695,4960],[-2,-169],[-5,-74],[-13,-87]],[[18,4133],[1,189],[2,559],[0,200],[2,317]],[[1349,4992],[0,-72],[-5,-313]],[[2503,5397],[148,0]],[[2640,4675],[-3,-78],[-1,-141],[-5,2],[-68,4]],[[2115,4272],[1,74],[6,264],[0,27]],[[2122,4637],[0,124],[2,139],[2,79],[-2,34],[3,93],[-3,21],[-17,24]],[[1344,4607],[148,-4],[197,7],[119,-1],[48,4],[90,23],[50,11],[30,3],[47,-3],[49,-10]],[[2297,7958],[180,0],[109,-2],[101,3],[1,-92]],[[2688,7867],[2,-42],[-2,-19],[-1,-66]],[[2687,7740],[-1,-60],[-35,0],[-10,-14],[-1,-111],[-38,-4],[-5,-11],[-1,-146]],[[2421,7719],[-125,0],[1,239]],[[5900,5422],[110,5]],[[6230,5464],[-22,-13],[-64,-45],[-41,-25],[39,-12],[39,-2],[78,36]],[[6259,5403],[5,-22],[-1,-46],[-13,-39],[0,-105]],[[6250,5191],[-33,1],[2,71],[-204,4],[-9,-8],[-2,-155]],[[6004,5104],[-15,3],[-24,49],[-66,-35],[0,-90],[18,-52],[-8,-35],[-108,-49],[16,-36],[-2,-115]],[[5815,4744],[-31,-5],[-95,-50],[-21,-6],[-41,1]],[[6250,5191],[-4,-192]],[[6246,4999],[-93,1]],[[6153,5000],[-151,2],[2,102]],[[6246,4999],[-4,-255]],[[6242,4744],[-73,1],[-79,3]],[[6090,4748],[3,189],[59,0],[1,63]],[[6090,4748],[-95,0],[-11,-7],[-169,3]],[[6259,5403],[88,39],[30,10],[0,-190]],[[6377,5262],[-14,6],[-7,-20],[-2,-103],[28,0],[1,-40],[-30,3],[0,-24],[-6,-13],[47,-43]],[[6394,5028],[-16,-17],[-16,-9],[-46,-4],[-70,1]],[[6377,5262],[148,-62],[89,-34],[8,-1]],[[6622,5165],[49,-166],[4,-25]],[[6675,4974],[-158,-6],[-33,-1],[-21,4],[-24,15],[-45,42]],[[6675,4974],[2,-13]],[[6677,4961],[13,-162],[8,-56],[20,-39]],[[6634,4659],[-141,4],[-1,-49],[-84,1],[-168,2]],[[6240,4617],[1,48],[-11,9],[9,41],[3,29]],[[4965,7708],[-74,6],[-64,3]],[[4827,7717],[0,81],[-11,0],[2,110]],[[4635,7974],[0,-30],[-10,-24],[17,-15],[10,1],[136,2]],[[4827,7717],[-73,2],[-46,9],[-28,-56],[27,-19],[19,-32],[28,11],[37,0],[-3,-42],[-7,-32]],[[4781,7558],[-288,0],[-2,245],[-3,155],[-33,0],[-12,47],[1,40],[-21,0]],[[4423,8045],[4,15],[32,4],[3,-4],[0,-47],[2,-13],[61,0],[-1,-24],[13,-2],[98,0]],[[5168,7561],[-1,-43],[23,-4],[6,-52],[19,-27],[-15,-32],[-12,-52]],[[5348,7905],[114,-18]],[[5462,7887],[-19,-120],[-4,-12],[-37,-77],[-65,30],[-18,10]],[[5319,7718],[2,8],[27,179]],[[5245,7707],[36,13],[38,-2]],[[5462,7887],[27,-8]],[[5489,7879],[-8,-108],[-10,-45],[-16,-19],[-16,-26],[-16,-21],[-3,-15],[-15,-29],[-15,-18],[-22,-41],[-25,-19],[-9,-17],[9,-35],[-30,-48]],[[5132,7904],[102,0]],[[5234,7904],[114,1]],[[5131,8163],[116,-93]],[[5247,8070],[-8,-9],[-1,-89],[-4,-24],[0,-44]],[[5132,7904],[0,60],[-4,11],[3,188]],[[5026,8247],[22,-18]],[[5048,8229],[83,-66]],[[1688,7631],[2,-15],[11,-14],[34,-6],[27,-24],[80,84],[14,-7],[55,0],[17,-4],[84,-52],[26,-7],[56,0]],[[2094,7586],[0,-56]],[[2094,7194],[-25,0],[-25,-5]],[[1616,7370],[-24,30],[-13,29],[-4,34],[1,32],[6,15],[34,24],[-6,17],[-1,70],[51,0],[28,10]],[[1968,7955],[1,-13],[-1,-179],[126,-79],[0,-98]],[[1688,7631],[0,48],[-5,20],[2,179],[2,19],[11,27],[-48,17]],[[1650,7941],[26,13],[292,1]],[[1361,7954],[205,-1],[47,-4],[37,-8]],[[1310,7378],[135,290],[7,24],[-15,45],[-11,15],[-46,54],[-5,13],[-14,135]],[[1656,9106],[-7,-396],[-6,-51],[-14,-50],[-13,-28],[-19,-31],[-39,-42],[-38,-28]],[[1520,8480],[-59,-42],[-25,-21],[-70,-73],[-37,-30],[-207,-145],[-31,-23],[-30,-29],[-14,-20],[-24,-47],[-9,-33],[-11,-60]],[[1003,7957],[-174,1]],[[829,7958],[4,249],[4,226],[8,163],[0,44],[-99,-2],[-108,-1],[-50,98],[-3,23],[3,151],[4,194]],[[6762,5511],[62,-21],[67,-26],[24,-11],[102,-67],[20,-18],[30,-39],[24,-23],[-12,-60],[-4,-42],[-4,-9],[-21,-10],[-24,7],[-17,-6]],[[7009,5186],[-58,29],[-41,30],[-6,-13],[-1,-29],[-9,-24],[-1,-19]],[[6893,5160],[-42,16],[-94,2],[-100,1],[-35,-14]],[[6622,5165],[-7,30],[16,257],[-9,32]],[[7009,5186],[58,-51],[49,-48]],[[7116,5087],[0,-134]],[[7116,4953],[-97,-1],[-8,4],[-143,3]],[[6868,4959],[3,79],[26,44],[5,18],[-2,30],[-7,30]],[[7116,4953],[26,0],[0,-19],[-12,-200]],[[7130,4734],[-110,24]],[[7020,4758],[-156,41]],[[6864,4799],[4,160]],[[6677,4961],[103,0],[-3,-139],[87,-23]],[[7020,4758],[-1,-34],[-39,-1],[-4,-79],[-7,-3],[-113,2],[-1,-17],[-16,-2],[-46,-19]],[[5601,4256],[-8,43],[-3,41],[1,28],[36,316]],[[6240,4617],[-6,-341]],[[6234,4276],[-5,-234],[-2,-184],[-241,3],[-2,-93]],[[5984,3768],[-242,6],[-149,2]],[[5593,3776],[-10,30],[-5,35],[1,37],[17,174],[10,124],[0,49],[-5,31]],[[5234,3862],[7,407]],[[5241,4269],[63,0],[42,-4],[151,-3],[104,-6]],[[5593,3776],[-361,5]],[[5232,3781],[2,81]],[[5244,4514],[1,54]],[[5245,4568],[2,110]],[[5241,4269],[3,245]],[[5124,8486],[12,0],[0,-81],[140,-3],[-1,-76]],[[5275,8326],[-1,-76]],[[5274,8250],[-225,5]],[[5049,8255],[1,231],[74,0]],[[5116,8665],[10,-15],[1,-39],[-22,-30],[14,-12],[6,-14],[-1,-69]],[[5049,8255],[-1,-26]],[[4787,8388],[-1,97],[-3,40]],[[5213,8744],[74,61]],[[5287,8805],[4,-17],[-1,-170]],[[5290,8618],[1,-84],[1,-10],[53,-199]],[[5345,8325],[-70,1]],[[5396,8891],[18,8],[39,4]],[[5460,8617],[23,-49],[28,-43]],[[5511,8525],[-120,0]],[[5391,8525],[-1,93]],[[5390,8618],[1,82],[8,28],[0,157],[-3,6]],[[5511,8525],[54,-85],[0,-80]],[[5565,8360],[-59,-1],[-63,-14],[-41,-11]],[[5402,8334],[-4,16],[-5,94],[-2,81]],[[5565,8360],[0,-62],[5,-14],[33,-32],[20,-8],[21,17],[11,2],[-17,-57]],[[5638,8206],[-27,-27],[-26,27],[-84,-85],[-5,-6],[-31,21],[12,18],[34,34],[-33,33],[-80,112]],[[5398,8333],[4,1]],[[1667,10263],[259,2],[89,2],[217,2],[11,1],[171,1],[194,0]],[[2608,10271],[101,0]],[[2691,8414],[0,-22]],[[2691,8392],[-40,0],[0,-34],[-8,-18],[-10,-5],[-84,0],[-19,-5],[-102,-1],[0,92],[-145,0],[-19,-3],[-16,-24],[1,-76],[-11,-21],[-16,-5],[-74,-12],[-216,-2],[-28,-2],[-16,-16]],[[1888,8260],[-10,6],[-32,0],[0,60],[-9,18],[-25,16],[-48,7],[-20,-4],[-33,-38],[-191,155]],[[2691,8392],[-2,-280]],[[2697,7875],[-9,-8]],[[2297,7958],[-80,-2],[-249,-1]],[[1968,7955],[-26,166],[-11,24],[-45,44],[2,71]],[[1361,7954],[-129,3],[-229,0]],[[1626,12869],[65,0],[238,0],[305,-4],[371,4]],[[2605,12869],[3,-364],[-5,-52],[-1,-401],[-2,-8],[3,-243],[1,-49]],[[2604,11752],[-51,-1],[-78,-8],[-115,-19],[-246,-35],[-19,-8],[-95,-88],[-32,-27],[-32,-8],[-41,5],[-31,-2],[-104,-19],[-23,-1],[-34,4],[-40,14],[-26,2],[-291,-2]],[[1346,11559],[0,132],[9,52],[7,22],[40,99],[18,60],[9,48],[15,132],[7,32],[11,32],[25,55],[31,46],[32,34],[25,41],[12,36],[3,33],[2,100],[1,112],[6,81],[5,41],[22,122]],[[1346,11559],[-287,-3],[-362,-3],[-137,-1],[-178,1],[-221,0],[-77,-1]],[[84,11552],[4,744],[4,353],[2,205],[344,4],[233,2],[364,4],[591,5]],[[4754,5727],[32,-16],[117,-1]],[[4917,5710],[0,-37],[40,0],[-5,-60],[0,-98],[42,32],[15,-22]],[[4873,5287],[-6,0],[-7,32],[-18,40],[2,16],[-46,18],[-2,-78],[-45,0]],[[4437,5085],[86,0]],[[4523,5085],[-1,-57]],[[4519,4860],[-114,1]],[[4523,5085],[2,48],[6,30]],[[4748,5163],[-2,-146]],[[4746,5017],[-110,1]],[[4746,5017],[-3,-156]],[[4743,4861],[-110,0]],[[5012,4868],[-18,-1],[-59,-8],[-69,1]],[[4866,4860],[2,173]],[[4746,5017],[28,0],[76,15],[18,1]],[[4866,4860],[-123,1]],[[4865,4788],[1,72]],[[5008,4678],[-1,-55]],[[5007,4623],[-77,0]],[[4930,4623],[-50,0]],[[4880,4623],[0,16],[-16,130],[1,19]],[[4742,4790],[123,-2]],[[4880,4623],[-141,1]],[[4739,4624],[3,166]],[[4742,4790],[-76,0],[-41,-6],[-54,-14]],[[4571,4770],[-24,90]],[[4489,4741],[35,17],[47,12]],[[4739,4624],[-158,2]],[[4581,4626],[-5,19],[-13,8],[7,21],[-47,14],[-24,11],[-21,15],[-2,16],[13,11]],[[4288,4801],[201,-2],[0,-58]],[[4581,4626],[-208,2],[-73,2]],[[5287,8805],[4,4]],[[5291,8809],[105,82]],[[5390,8618],[-100,0]],[[5619,8916],[107,-27],[48,5],[34,16],[23,20]],[[5831,8930],[24,-135],[1,-26],[-4,-52],[-16,-65]],[[5836,8652],[-36,-133]],[[5800,8519],[-37,-135],[-24,-24],[-21,56],[-48,202]],[[5800,8519],[39,4],[0,-132],[23,13]],[[5862,8404],[10,-17]],[[5872,8387],[-104,-90]],[[5602,8106],[23,55],[13,45]],[[5751,14042],[327,-2],[128,1]],[[6206,14041],[1,-184],[-2,-157],[0,-130]],[[6205,13570],[-370,0],[-76,0]],[[5759,13570],[-3,159],[-3,104],[-4,204],[2,5]],[[5346,8319],[52,14]],[[5524,8028],[-11,11],[-113,77],[-21,78],[-33,125]],[[5346,8319],[-1,6]],[[2604,11752],[2,-44],[-1,-65],[1,-217],[-1,-102],[6,-9],[-6,-210],[0,-103],[1,-70],[-3,-50],[5,-385],[0,-226]],[[1342,10258],[-1,433],[0,119],[1,221],[3,122],[1,297],[0,109]],[[76,10253],[2,223],[-3,49],[6,332],[0,168],[2,456],[1,71]],[[3281,12876],[215,0],[8,7],[42,1],[48,-4],[20,1],[103,-7],[24,-7]],[[3741,12867],[3,-235],[0,-16],[78,3],[44,-2],[267,-1],[0,10],[176,-1],[4,248],[169,-2],[411,-8],[-2,11],[-73,1],[-59,153],[88,31]],[[4847,13059],[34,-79],[17,-53],[14,-65],[383,-6]],[[5295,12856],[-1,-382],[0,-160],[-2,-31],[0,-105]],[[5292,11304],[-94,-4],[-62,-10],[-122,-24],[-66,-9],[-47,-1],[-138,4],[-48,5],[-62,11],[-57,16],[-122,42],[-60,24],[-53,27],[-39,14],[-32,9],[-74,17],[-35,11],[-31,15],[-63,38],[-42,17],[-88,14],[-41,16],[-116,62],[-39,9],[-60,3]],[[3701,11610],[11,114],[-1,44],[-18,134],[-9,36],[-13,27],[-19,27],[-23,24],[-69,45],[-27,25],[-30,47],[-8,22],[-25,91],[-24,43],[-64,90],[-29,55],[-150,385],[-22,60]],[[3181,12879],[100,-3]],[[3059,10279],[40,119],[22,49],[34,51],[116,151],[91,132],[23,42],[42,100],[15,30],[95,165],[25,35],[43,52],[34,71],[16,45],[25,107],[7,45],[14,137]],[[5292,11304],[0,-19],[8,-34],[-7,-64],[0,-39],[3,-243],[-2,-31],[-2,-114],[-3,-100],[3,-229],[3,-149]],[[5295,10282],[-136,0],[-21,53],[20,62],[-28,0],[3,11],[-38,8],[2,11],[-108,3],[-98,-2],[-11,-5],[-4,-140],[-299,1]],[[2605,12869],[551,10],[25,0]],[[4609,4479],[253,-4],[15,5]],[[4877,4480],[-2,-176],[9,-51]],[[4884,4253],[-91,-8],[-182,-2]],[[4611,4243],[1,136],[-3,73]],[[4609,4452],[0,27]],[[4880,4623],[-3,-143]],[[4609,4479],[-29,0],[1,147]],[[4299,4454],[184,-3]],[[4483,4451],[0,-27],[-30,-2],[-24,-14],[-12,-23],[-1,-66],[28,3],[53,-6],[4,-26],[10,-1],[0,-23],[37,0],[0,-24]],[[4548,4242],[-252,-2]],[[3441,5592],[216,75],[25,4],[33,16],[35,12]],[[3573,5451],[-16,7],[7,29],[15,21],[-116,4],[-1,-51],[-56,2],[-1,-13],[-49,0],[0,-17],[-100,0],[-11,27],[-1,34],[-9,25]],[[3235,5519],[206,73]],[[3079,5464],[80,28]],[[3159,5492],[76,27]],[[3477,5323],[-155,-1],[-33,2],[-37,7],[-43,15],[-27,13],[-33,22],[-26,23],[-24,28],[-20,32]],[[3407,5228],[-131,-176]],[[3263,5034],[-99,-135],[-81,-147],[-34,-65]],[[2964,4516],[-34,6],[9,58],[13,36]],[[5588,15070],[69,-73]],[[5657,14997],[41,-44],[54,-54],[212,-209]],[[6603,14084],[0,-40],[-203,-1],[-90,-2]],[[6310,14041],[-49,65],[-49,57],[-54,48],[-58,40],[-258,162],[-55,39],[-40,37],[-39,43],[-21,28],[-122,174],[3,122],[8,198],[12,16]],[[5307,15373],[136,-146],[145,-157]],[[6310,14041],[-104,0]],[[5751,14042],[-110,2]],[[5641,14044],[0,164],[-88,2],[3,85],[2,144],[4,93],[-2,11],[2,72],[-260,1]],[[5302,14616],[1,255],[1,103],[3,399]],[[5307,15373],[369,-4],[167,-1],[96,-8],[31,2],[74,-3]],[[6087,15045],[-35,0],[-3,43],[-33,50],[-20,19],[-62,43],[-29,-40],[-15,8],[-26,2],[-6,-7],[-1,-79],[-3,-38],[-80,0],[-30,-7],[-81,-38],[-6,-4]],[[6611,15065],[-1,-122],[-3,-23],[-32,-108],[-4,-19]],[[6571,14793],[-4,-21],[6,-30],[27,-72],[2,-19],[-1,-164],[1,-62]],[[6970,9572],[-112,-145],[-132,-175]],[[6726,9252],[-26,-35],[-20,14],[-16,3],[-64,0],[0,-209]],[[6600,9025],[-260,0]],[[6340,9025],[-129,0]],[[6211,9025],[1,77],[-1,211],[388,-2],[-1,261]],[[6726,9252],[3,-1],[256,0],[20,-8],[27,16],[24,0]],[[7056,9259],[0,-235]],[[7056,9024],[-272,1]],[[6784,9025],[-184,0]],[[3375,15411],[136,-2],[109,-4],[142,0],[239,-3],[53,1]],[[3572,14733],[-36,22],[-94,74]],[[3442,14829],[-72,85],[5,18],[-25,49],[-9,26],[0,32],[6,31],[37,85],[6,19],[2,39],[-6,27],[-14,45],[-5,30],[-4,56],[12,40]],[[4682,13453],[21,-1],[26,-23],[50,-60],[435,-10]],[[5214,13359],[83,-2],[0,-131],[1,-42],[-4,-206]],[[5294,12978],[1,-122]],[[4847,13059],[-23,56],[-142,338]],[[3492,5224],[-4,-168]],[[3488,5056],[-2,-66]],[[3969,14588],[72,-28],[-56,-123],[-9,-32],[0,-15],[-182,2],[-1,-61],[-26,0],[0,-100],[-46,-9],[-2,-79]],[[3719,14143],[-182,3],[-91,0]],[[3356,14147],[-2,232],[-2,20],[-12,40],[-1,14],[2,95],[7,3],[51,0],[2,101],[35,61],[6,18],[0,98]],[[4635,7974],[3,60],[88,0],[0,186],[61,0]],[[4275,5363],[34,-11],[10,32],[26,0],[-53,-158],[-10,-24]],[[4006,5307],[2,38],[-2,35]],[[3740,4812],[-11,-5],[-79,-27]],[[3650,4780],[1,52],[17,25],[16,12],[8,14],[-2,35],[-6,16]],[[3684,4934],[-15,31],[-5,23]],[[3664,4988],[-25,111],[-15,4],[1,23],[-35,3],[1,52],[-24,0],[1,42]],[[3664,4988],[-29,0],[-14,66],[-133,2]],[[3684,4934],[-19,-42],[-14,-10],[-167,4]],[[3650,4780],[-54,-17]],[[3596,4763],[-19,-2],[-56,1],[-34,-4]],[[3767,4722],[-32,-43],[-21,-23],[-34,-26],[-25,-15],[-62,-27]],[[3593,4588],[3,175]],[[3274,4610],[186,-4],[0,145]],[[3593,4588],[-85,-33],[-28,-7],[-40,-5],[-169,1]],[[7047,9676],[71,-97],[25,-33],[73,-100]],[[7216,9446],[86,-97]],[[7302,9349],[-39,-25],[-3,-23],[-26,-6],[-14,-11],[-1,-35],[-115,1],[-16,9],[-32,0]],[[7302,9349],[42,-56],[83,-114],[63,-89],[53,-73]],[[7543,9017],[-165,5],[-160,1]],[[7218,9023],[-162,1]],[[6784,9025],[0,-219],[-1,-34]],[[6783,8772],[-126,1],[-57,0],[-21,-4],[-36,-20],[-198,-115]],[[6345,8634],[-5,69],[0,62],[0,260]],[[7218,9023],[1,-45],[-5,-40],[-4,-208]],[[7210,8730],[-228,37],[-50,3],[-62,1]],[[6870,8771],[-87,1]],[[7543,9017],[116,-4],[218,-5]],[[7877,9008],[0,-33],[-1,-416]],[[7876,8559],[-58,21],[-110,33],[-89,29]],[[7619,8642],[-68,22],[-86,24],[-22,5],[-233,37]],[[6870,8771],[-1,-252]],[[6600,8520],[-238,-1],[-16,0]],[[6346,8519],[-1,115]],[[7619,8642],[-1,-6],[-1,-367],[0,-4],[78,-1],[21,8],[15,15],[28,7],[-46,-166],[27,-26],[66,-8],[69,-4]],[[7875,8090],[2,-97],[7,-43]],[[7884,7950],[-11,-6],[-144,2],[-434,6]],[[7295,7952],[-113,1],[-1,2],[0,309],[-78,0]],[[7876,8559],[-1,-47],[0,-219],[3,-116],[-3,-87]],[[5292,9523],[0,162],[3,45],[0,201],[2,14],[-2,52],[0,285]],[[5295,10282],[169,0]],[[5464,10282],[119,-334],[12,-48],[11,-75],[2,-145],[-2,-105],[-5,-46],[81,0],[32,6],[19,9],[19,16],[31,39],[74,95]],[[5857,9694],[7,-64],[-2,-39],[-7,-37],[-39,-152]],[[5816,9402],[-5,-44],[-1,-80]],[[5810,9278],[-2,-184],[1,-39],[22,-125]],[[5291,8809],[0,180],[1,215],[0,319]],[[5294,12978],[47,-2],[108,8],[409,-1],[193,0],[63,13],[239,56],[18,2],[227,-7]],[[6598,13047],[-2,-203]],[[6596,12844],[-262,2],[-580,4],[-375,5],[-75,3],[-9,-2]],[[4793,15383],[313,-3],[201,-7]],[[5302,14616],[-1,-134]],[[5301,14482],[-272,5],[-18,2],[-235,3]],[[4776,14492],[0,389],[-3,437],[4,22],[16,43]],[[3798,4381],[-25,-82],[-10,-57]],[[3763,4242],[-23,26],[-33,56],[-115,34],[-33,3],[-227,4]],[[3763,4242],[-7,-35],[-22,-56],[-37,-73]],[[3697,4078],[-26,-4],[-56,10],[-35,10],[-65,5],[-191,6],[1,28]],[[3697,4078],[-6,-10]],[[3172,7043],[7,-23],[72,-68],[-24,-51],[-21,-22],[0,-28],[9,-12],[-1,-92],[-43,0],[-1,-38],[11,-11]],[[3181,6698],[-14,-7],[-7,10],[-165,1],[-8,35],[-22,36],[-27,19],[-43,5],[-15,11],[-2,30],[-7,37],[1,51],[4,30],[68,-2],[4,3],[2,84],[-23,6],[1,61],[13,24],[37,20]],[[5464,10282],[453,0],[38,-2],[86,2],[266,-1],[207,1],[85,-1]],[[6599,10281],[0,-53]],[[6599,10228],[-2,-71],[1,-226]],[[6598,9860],[-288,0],[-82,-3],[-17,2],[-181,54],[-64,-79],[-109,-140]],[[6598,9572],[-303,5],[-132,2],[-24,-6],[-120,-1],[-50,-6],[-2,-15],[-45,-137],[-17,-11],[-89,-1]],[[6211,9025],[-17,0]],[[6194,9025],[-105,0],[0,254],[-190,0],[-89,-1]],[[7888,10278],[-8,-150],[3,-323],[-1,-36],[-2,-259]],[[7880,9510],[-150,56]],[[7730,9566],[-42,17],[-14,11],[-52,85],[-6,22],[0,80]],[[7730,9566],[-7,-19],[0,-16],[-15,-48],[-1,-18],[-62,1],[-30,5],[-105,-1],[-29,-10],[-22,-3],[-209,1],[-21,-3],[-13,-9]],[[7880,9510],[0,-160],[-2,-302],[-1,-40]],[[7380,12594],[0,106],[6,39],[26,95]],[[7412,12834],[22,-1],[148,0],[68,2],[241,-3]],[[7891,12832],[0,-154],[-5,-105],[2,-131],[0,-383]],[[7888,12059],[-432,-46],[-77,-5]],[[7379,12008],[-1,154],[2,196],[0,236]],[[6602,14425],[65,-52],[29,-28],[12,-17],[224,-319],[28,-31],[265,-231],[279,-243],[116,-100],[44,-37],[76,-57],[28,-24],[30,-35],[22,-32],[59,-98],[14,-27]],[[7893,13094],[-2,-135],[0,-127]],[[7412,12834],[-87,3],[-357,0],[-16,3],[-202,3],[-2,5],[-66,0],[-86,-4]],[[6598,13047],[3,520],[-227,3],[-169,0]],[[3491,3165],[-21,-149],[-25,-169]],[[2726,3226],[100,1],[258,2],[0,121],[-27,0],[4,164],[0,75],[104,2]],[[5927,7519],[38,-2],[59,-1],[20,-12],[38,23],[11,0],[12,27],[1,22],[-9,15],[-15,-2],[-9,24],[28,59],[9,34],[25,19],[19,26],[3,16],[48,1],[54,-3],[2,57]],[[6261,7822],[11,0]],[[6272,7822],[-2,-67],[-5,-197]],[[6265,7558],[-5,-199]],[[6260,7359],[-282,6],[-36,0]],[[5924,7365],[0,4]],[[7116,5087],[16,-12],[85,-46],[16,-5],[71,-9],[289,-1],[-1,-93]],[[7592,4921],[1,-71],[-5,-100],[-64,-4],[-51,-13],[-50,-35],[-16,-42]],[[7407,4656],[-36,0]],[[7371,4656],[-126,0],[-26,7],[-89,71]],[[7592,4921],[264,0]],[[7856,4921],[-2,-269]],[[7854,4652],[-288,3],[-159,1]],[[5690,7706],[-41,58],[-87,95],[-11,9],[-23,6]],[[6571,14793],[8,-1],[286,-4],[118,-2]],[[6983,14786],[119,-3],[65,0]],[[7167,14783],[-1,-270],[-2,-133],[-5,-269],[-1,-28],[-16,-65],[67,-40],[1,-95],[-4,-23],[4,-25],[0,-57],[175,1],[135,-4],[25,4],[120,40],[228,70]],[[7893,13889],[0,-771],[0,-24]],[[6598,12314],[94,0],[48,2],[124,-1],[23,-14],[14,25],[-1,96],[5,28],[11,31],[3,19],[0,93],[139,0],[103,0],[219,1]],[[7379,12008],[-43,-1],[-64,2],[-38,3],[-113,11],[-463,46],[-60,3]],[[6598,12072],[0,242]],[[1083,773],[6,6],[-3,87],[0,146],[-2,57],[1,5],[-1,178],[1,169],[1,124],[0,208],[1,106],[0,126],[-1,228]],[[1495,2663],[91,-4],[111,-4],[1,59],[85,-2],[13,9],[2,57],[-133,4],[-121,4],[1,60],[224,1],[42,0],[128,2],[251,1],[19,3],[65,0]],[[4095,1151],[-12,-241],[-19,-381],[-20,-397]],[[4044,132],[-86,3],[-512,30],[-169,7]],[[4306,15398],[206,-11]],[[4512,15387],[-2,-501],[-261,5],[0,-63],[0,-187],[-56,1]],[[29,6472],[55,14],[108,33],[157,61],[69,23],[20,11],[101,67],[35,8],[154,0],[197,-3],[81,65],[30,21],[23,12],[41,16],[41,9],[26,2]],[[1167,6811],[0,-267],[0,-127],[-2,-250],[10,-31],[50,-98],[29,-64],[58,-136],[4,-13],[-1,-49],[-14,-77],[-1,-28],[19,-114],[18,-91],[16,-65]],[[23,5398],[1,89],[3,545],[2,440]],[[6596,12844],[0,-70],[1,-171],[0,-234],[1,-55]],[[6598,12072],[-598,13]],[[4598,6628],[1,12]],[[4850,6589],[-1,-106],[3,-5],[138,-1],[15,7],[1,58],[-30,0],[1,78],[75,14]],[[5269,6194],[-39,-28],[-37,-14],[-33,-5],[-42,6]],[[5118,6153],[-27,11],[-24,17],[-49,49],[-27,19],[-34,12],[-48,-2],[-41,-18],[-16,-14],[-18,-21],[-54,-74]],[[4226,6024],[-165,159]],[[5412,7314],[-98,3]],[[6234,4276],[32,22],[31,25],[33,36],[27,34],[26,27],[45,29],[34,12],[45,6],[49,-5]],[[6984,4271],[86,-114],[152,-197],[25,-33]],[[7247,3927],[-47,-20],[-36,-2],[-198,1]],[[6966,3906],[-5,26],[-31,15],[-9,13],[15,15],[6,24],[-31,25],[4,16],[-32,107],[-27,-6],[-30,26],[-13,27],[-14,10],[-71,-7],[-28,-4],[-65,-23],[-42,-9],[-38,-13],[-37,-36],[-16,-25],[-20,-11],[-1,-25],[-84,-1],[1,-141],[-3,-27],[-15,-116]],[[6380,3766],[-154,14],[-121,-15],[-39,-2],[-82,5]],[[1333,3147],[40,-118],[-31,1],[16,-71],[-14,0],[2,-33],[0,-80],[-243,0],[0,41],[2,98],[-43,-2],[-19,26]],[[2988,14205],[-85,34],[-26,23],[-43,68],[-25,28],[-29,12],[-89,16]],[[2691,14386],[10,40],[-3,27],[-7,17],[-29,33],[-51,51],[-23,34],[-9,26],[-4,61],[2,21],[9,15],[1,21],[9,12],[13,4],[7,36],[18,45],[24,35],[18,43],[3,20],[-4,24],[4,25],[-8,51],[-2,31],[9,29],[0,22],[-8,18],[-25,30],[-18,8],[-34,-2],[-52,2],[-47,-8],[-20,23],[-15,25],[-17,47],[-3,33],[21,11],[34,-8],[31,13],[19,24],[2,19],[-5,16],[-9,9],[-17,3],[-27,16],[-13,3],[-48,-34],[-10,4],[-11,19],[0,42],[155,-1],[66,1],[26,-1],[177,-3],[314,-5],[105,-2],[126,0]],[[3447,13960],[286,-455],[74,-121],[177,-287]],[[3984,13097],[18,-153],[1,-79],[3,-40],[-12,-5],[-47,22],[-34,-6],[-25,-9],[-23,1],[-17,28],[-17,-6],[-44,5],[-46,12]],[[3281,12876],[-20,22],[4,12],[15,10],[19,1],[35,-17],[15,6],[11,20],[0,19],[-7,18],[-26,31],[-26,23],[-11,19],[0,20],[9,22],[-8,18],[-53,6],[-24,23],[-8,12],[-3,22],[9,45],[10,16],[13,6],[26,-12],[22,15],[-7,39],[-5,10],[-26,19],[-56,-3],[-35,13],[-26,18],[-6,33],[9,14],[26,21],[-2,22],[-18,9],[-30,0],[-10,8],[-1,26],[25,21],[2,21],[-9,9],[-24,6],[-5,7],[3,43],[-22,47],[-2,24],[12,33],[-14,4],[-17,-9],[-27,-3],[-19,14],[-4,30],[10,31],[24,7],[17,-17],[14,-1],[12,10],[-9,23],[-42,7],[-16,6],[-11,26],[-39,15],[-14,21],[-17,12],[-44,-2],[-37,1],[-17,6],[-8,14],[-46,21],[-13,29],[-16,25],[-2,12],[31,28],[12,29],[5,35],[-10,36],[-1,26],[12,24],[5,47],[-6,11],[-61,60],[-37,56],[-9,26],[9,53]],[[4747,6105],[168,-92]],[[4523,5847],[-8,4]],[[6598,12072],[1,-390],[-1,-117]],[[6598,11565],[-92,1]],[[7888,12059],[-1,-321],[-4,-180]],[[7377,11561],[-157,1],[-193,1]],[[7027,11563],[-2,37],[-20,41],[-1,35],[16,25],[46,44],[9,14],[9,26],[1,18],[129,-1],[16,6],[10,22],[0,67],[12,20],[46,39],[17,7],[63,0],[1,45]],[[7027,11563],[-228,2],[-201,0]],[[7375,10936],[-262,185],[-11,6],[-439,310],[-65,49]],[[6598,11486],[0,79]],[[6599,10948],[20,-4],[78,-26],[91,-32],[28,-12],[88,-57],[9,21],[7,77],[39,0],[4,38],[44,0],[1,104],[65,-1],[0,34],[-16,31],[-22,12],[-7,-2],[-18,-27],[-3,-18],[-87,0],[0,69],[-43,0],[-31,3],[-129,0],[-118,1]],[[6599,11159],[0,281],[-1,46]],[[7375,10281],[-66,-1],[-110,1],[-171,-1],[-200,1],[-229,0]],[[6599,10281],[0,189],[-2,33],[2,445]],[[6599,10948],[0,211]],[[2542,6943],[433,210]],[[3181,6698],[88,-7]],[[3269,6691],[-7,-24],[-2,-219]],[[2736,6446],[-59,102],[-5,28],[-14,3],[-17,29],[-9,28],[-3,34],[-7,24],[-12,17],[-37,25],[-31,12],[-64,31],[-203,39]],[[2275,6818],[40,15],[227,110]],[[3403,6901],[-13,-6],[-27,-39],[-7,-28],[-2,-55],[-35,-65],[-22,-22]],[[3297,6686],[-28,5]],[[3382,6447],[56,-1],[13,-5],[23,3],[14,8],[29,-7]],[[3515,6164],[-136,-4]],[[3379,6160],[2,222]],[[6096,8490],[43,6],[26,7],[24,12],[18,15],[27,28],[35,30],[-27,55],[-10,38],[0,82],[-7,29],[0,86],[3,26],[-8,15],[-20,22],[-8,24],[2,60]],[[6346,8519],[0,-141]],[[6346,8378],[-55,12],[-36,14],[-20,19],[-16,9],[-28,-7],[-11,-11],[-1,-39],[-3,-37],[16,-37],[-18,-18],[-22,10],[-8,11],[-7,26],[-26,-5],[-10,-25],[10,-11],[-7,-32],[-24,-5],[-23,24],[-13,2],[-54,63],[-39,36],[-24,14],[-20,8],[-24,-4],[-11,-8]],[[5862,8404],[31,17],[78,34],[125,35]],[[5836,8652],[40,-2],[16,-5],[24,18],[46,11],[21,18],[3,-26],[10,-26],[16,-18],[42,-27],[18,-14],[18,-31],[5,-29],[1,-31]],[[6272,7822],[2,132],[72,0],[-1,154]],[[6345,8108],[-2,79]],[[6343,8187],[35,-2],[62,-9],[66,-17],[49,-18],[77,-35],[-14,-154]],[[6618,7952],[-4,-171],[-4,-134],[-2,-93],[-80,2],[-201,6],[0,-4],[-62,0]],[[7295,7952],[-9,-262],[-4,-148],[-143,2],[-196,4],[3,114],[9,243],[1,44],[-15,2],[-231,1],[-92,0]],[[6343,8187],[3,191]],[[7884,7950],[-3,-22],[-9,-490],[6,-106]],[[7268,7338],[-65,-1],[-561,13],[-40,1]],[[6602,7351],[-45,1],[-297,7]],[[6602,7351],[-2,-74],[-8,-323],[-7,-174]],[[6585,6780],[-25,0]],[[6560,6780],[-176,191],[-197,221],[-24,19],[-19,8],[-28,4],[-23,-1],[-40,9],[-25,16],[-34,36],[-53,65]],[[6599,10948],[-56,-1],[-204,6],[-9,-1],[-233,-29],[-16,-4],[-83,-40],[-139,-60],[-45,-16],[-25,12],[-34,31],[-338,268],[-16,15],[-18,26],[-10,26],[-3,22],[-1,108]],[[1838,6947],[72,-9],[93,-93],[40,-38],[89,-143],[69,-55],[70,-30],[-4,-15],[-13,-11],[-8,-19],[-3,-213]],[[2243,6321],[-13,2],[-147,4],[-19,8],[-75,49],[-152,96]],[[1837,6480],[0,215],[1,108],[0,144]],[[1167,6811],[0,235],[3,18]],[[1836,7065],[1,-5],[1,-113]],[[1837,6480],[0,-142],[0,-323],[-2,-207],[3,-14],[151,0],[177,0],[301,1],[190,0]],[[2243,6321],[18,-11],[118,-92],[107,-82],[14,-5],[164,6]],[[3166,6153],[92,4]],[[3258,6157],[-1,-152]],[[3257,6005],[-1,-92],[-4,-20]],[[3252,5893],[-205,2]],[[3252,5893],[-4,-14],[-2,-149]],[[3246,5730],[-28,-5],[-56,-1],[-3,-232]],[[3258,6157],[121,3]],[[3548,6165],[2,-5],[-1,-157]],[[3549,6003],[-292,2]],[[3549,6003],[-1,-82],[6,-27]],[[3554,5894],[-10,-2],[-151,2],[-141,-1]],[[3554,5894],[11,-22],[18,-20]],[[3583,5852],[-111,-117]],[[3472,5735],[-34,7],[-78,-8],[-87,0],[-27,-4]],[[3472,5735],[-38,-52],[3,-13],[4,-78]],[[3890,6176],[34,0],[37,-8],[15,-1]],[[3976,6167],[-1,-12],[-17,-68],[-1,-11],[-2,-201]],[[3737,5874],[7,45],[-1,11],[-26,48],[-22,24],[2,164],[-2,4]],[[3737,5874],[-112,1],[-11,9],[-31,-32]],[[3773,6642],[-11,-16],[0,-67],[-81,0],[-8,-7]],[[3652,6572],[-67,63]],[[3585,6635],[-66,64],[57,-1],[119,0]],[[3807,6620],[17,-85],[21,-60],[-91,1]],[[3953,6538],[-81,-143]],[[3873,6363],[-86,81]],[[3517,6445],[1,82]],[[3518,6527],[0,48],[3,25],[25,8],[39,27]],[[4061,6183],[-85,-16]],[[6597,6773],[190,157],[251,209],[204,169],[24,22]],[[7254,6744],[-160,4],[-485,12],[-7,1]],[[6602,6761],[-5,12]],[[7235,6146],[-270,7],[-58,2]],[[6569,6183],[9,291],[4,130],[3,137],[17,20]],[[6597,6773],[-12,7]],[[7864,6129],[-1,-354],[-1,-70],[-1,-157],[1,-9]],[[7862,5539],[-170,2],[-284,7],[-194,3]],[[7214,5551],[0,44],[4,247],[1,53],[10,49],[6,202]],[[7214,5551],[-98,2],[-169,1]],[[7862,5539],[4,-31],[0,-56],[-9,-93],[2,-28],[-3,-410]],[[7371,4610],[0,46]],[[7854,4652],[-1,-402]],[[7853,4250],[-138,29],[-58,7],[-35,1],[-114,0],[0,72],[-23,5],[0,54],[-81,0],[-1,35],[-34,3],[2,154]],[[553,7958],[276,0]],[[1003,7957],[-53,-296],[-8,-73],[-1,-27],[4,-32],[10,-29],[14,-29],[18,-27],[21,-23],[33,-23],[47,-16],[33,-3],[189,-1]],[[1187,7108],[-6,2],[-102,1],[-258,1],[-20,4],[-52,27],[-89,45],[-33,8],[-80,-1]],[[547,7195],[1,103],[-1,97],[2,87],[2,188]],[[33,7263],[177,-21],[36,-6],[52,-21],[42,-9],[81,-11],[37,-1],[89,1]],[[29,6472],[0,218],[2,245],[2,328]],[[4026,5784],[3,57],[16,57],[29,46],[39,39],[24,16],[33,14],[56,11]],[[7186,4538],[32,30],[15,5],[28,-1],[35,12],[32,16],[24,3],[19,7]],[[7853,4250],[-1,-53],[0,-263]],[[7852,3934],[-585,-6],[-20,-1]],[[6966,3906],[-169,3],[-17,-150],[-11,-7],[-291,6]],[[6478,3758],[-98,8]],[[7247,3927],[45,-58],[26,-42],[62,-125],[13,-34],[6,-29],[6,-185],[9,-45],[23,-62],[-30,-6],[-242,-3],[-19,1],[-5,26],[-13,6],[-142,-3],[-176,-1],[-57,-98],[-40,-58],[-7,-18],[-1,-37],[-1,-115],[-4,-169],[9,-16],[47,-10],[14,-5]],[[6770,2841],[-98,-1],[-173,0]],[[6499,2840],[-9,5],[-1,32],[-18,16],[-5,100],[10,588],[2,177]],[[3150,7476],[-103,0],[-36,12]],[[3011,7488],[-69,73],[-26,30],[-76,116],[-18,14],[-76,2],[-19,3],[-23,13],[-17,1]],[[2924,7475],[71,0],[16,13]],[[2975,7153],[-56,32]],[[2919,7185],[1,7],[4,283]],[[2919,7185],[-173,96],[-65,39]],[[2681,7320],[3,155],[240,0]],[[2681,7320],[-35,21]],[[2542,6943],[-29,80],[-35,9],[-54,1],[0,51],[9,2],[65,0],[14,31],[30,23],[19,36],[-1,22]],[[2275,6818],[-11,2],[-25,21],[-18,20],[-44,44],[-4,19],[-8,8],[-18,0],[-10,7],[-8,28],[-22,29],[-52,36],[-44,36],[-23,29],[-23,41]],[[7852,3934],[1,-99],[-1,-114],[0,-217],[-1,-269],[1,-139],[1,-251],[-318,-2],[-296,-1]],[[7239,2842],[-84,-3],[-58,1],[-17,3],[-59,-3],[-251,1]],[[6499,2840],[-260,1],[-142,1],[-129,1]],[[5968,2843],[1,39],[7,22],[47,113],[3,28],[-14,112],[-11,41],[-19,42],[-6,30],[1,55],[4,201],[3,242]],[[5214,2844],[346,-1],[97,0],[55,-1],[256,1]],[[5968,2843],[-5,-163],[-3,-168],[-6,-179]],[[5602,2349],[-332,362],[-22,25],[-21,31],[-19,38]],[[5208,2805],[6,39]],[[5226,3448],[6,333]],[[5214,2844],[3,40],[2,142],[7,422]],[[4786,9519],[0,-240],[0,-319],[-1,-70],[-5,-37],[-11,-37],[-31,-71]],[[4779,8540],[-27,-3],[-56,45],[-24,4],[0,-35],[-45,0],[-32,-17],[-59,-49]],[[4536,8485],[9,256],[-119,2],[-18,12],[-82,144],[-10,39],[-21,21],[-117,54],[-22,4],[-123,-2]],[[4280,8085],[69,18],[64,24],[22,10],[91,50],[74,58],[169,132],[18,11]],[[4423,8045],[-12,-23],[-2,-22],[-130,1],[1,84]],[[4548,4242],[63,1]],[[4884,4253],[101,10],[101,6],[155,0]],[[5234,3862],[-203,2],[-191,0],[-47,1],[-30,11],[-63,47],[-29,19],[-86,51],[-46,25],[-96,24],[-55,16],[-44,1],[-30,-2]],[[6608,15349],[297,-7],[263,-4],[321,-3],[48,0]],[[7537,15335],[-66,-115],[13,-79],[55,-32],[-10,-12]],[[7529,15097],[-35,-6],[-167,1],[-157,-1]],[[7170,15091],[-22,2],[-51,9],[-23,0],[-25,-4],[-27,-12],[-59,-56],[-42,-24]],[[6921,15006],[-24,-6],[-42,-1],[-28,7],[-81,44],[-47,12],[-36,3],[-52,0]],[[7537,15335],[148,-3],[52,-9],[158,-1],[0,-121],[-1,-282]],[[7894,14919],[-10,-2],[-56,0],[-38,-9],[-53,-34],[-21,-5],[-18,10],[-19,28],[-53,35],[-68,66],[-16,21],[-5,39],[-8,29]],[[7170,15091],[-3,-308]],[[6983,14786],[-2,23],[5,26],[1,27],[16,17],[40,4],[18,14],[1,25],[-20,36],[-19,6],[-30,-20],[-22,27],[-16,14],[-22,7],[-12,14]],[[4282,8486],[39,16],[5,8],[24,-6],[12,15],[52,-11],[67,-37],[26,14],[22,-7],[7,7]],[[4030,8840],[3,175]],[[3518,6527],[-43,0],[1,18],[-6,22],[-20,24],[-43,22],[-25,6],[20,36],[4,37],[-109,-6]],[[40,7958],[7,454],[3,114],[1,116],[2,245],[3,202]],[[7239,2842],[0,-107],[-5,-153],[-5,-138],[-3,-29]],[[4380,14134],[227,-5],[174,-2]],[[4781,14127],[291,-6],[29,-2],[36,-10],[164,-59]],[[5301,14050],[34,-6],[58,-2],[248,2]],[[5759,13570],[-152,-2],[-139,1],[-10,1],[-154,35],[-15,1],[-234,4],[159,-251]],[[4682,13453],[-8,4],[-88,-1],[-38,5],[-42,-14],[6,157],[-1,87]],[[4511,13691],[-2,175],[-5,12],[-125,2],[-2,122],[3,132]],[[5292,9523],[-204,-2],[-302,-2]],[[5933,7830],[249,-5]],[[6182,7825],[79,-3]],[[5118,6153],[-57,-24],[0,-109]],[[3719,14143],[137,-1]],[[3856,14142],[0,-28],[44,0],[0,9],[51,-1],[26,-6],[0,-137],[0,-247],[2,-350]],[[3979,13382],[1,-232],[4,-53]],[[6695,1740],[119,-6],[49,-1],[81,14],[6,12],[3,89],[6,11],[153,-11],[5,135],[3,47]],[[7219,2190],[-21,-621],[1,-44],[-13,-333],[-3,-21],[-13,-274],[0,-66],[-8,-68],[-2,-97],[-9,-191],[-12,-319],[-8,-142],[1,-14],[-221,9]],[[6911,9],[15,98],[27,159],[5,38],[3,44],[-2,71],[-12,70],[-11,41],[-12,33],[-20,45],[-27,47],[-79,120]],[[6798,775],[-103,154],[-80,122],[-95,142],[-68,104]],[[6452,1297],[-92,138],[-68,100],[-51,79],[-49,72]],[[6192,1686],[41,20],[32,6],[201,12],[19,2],[52,17],[39,3],[119,-6]],[[6068,7938],[54,0],[4,-4],[0,-28],[58,0],[-2,-81]],[[6071,8111],[241,-2],[33,-1]],[[6560,6780],[-11,-19],[-75,2],[-429,10],[-117,3]],[[5375,7097],[-16,-83],[-38,-214]],[[5301,14482],[1,-36],[-2,-308],[1,-88]],[[4781,14127],[-7,19],[2,170],[0,176]],[[4500,6909],[87,1]],[[4587,6910],[1,-60],[28,22]],[[4501,6783],[-1,126]],[[4609,4452],[-126,-1]],[[5198,2622],[5,139],[5,44]],[[5942,1978],[132,-144],[56,-65],[62,-83]],[[6452,1297],[-229,10],[-251,10],[-26,0],[-7,90],[-5,11],[-68,0],[-29,2],[-43,11],[-20,1]],[[5774,1432],[-107,-2],[-156,-6],[-13,2],[-17,12],[12,16],[4,64],[-9,12],[11,39],[-42,2],[-3,-14],[-13,-16],[-14,-6],[-70,2],[-12,5],[-14,14],[-19,9],[-21,-7],[-14,-16],[-4,-17],[13,-27],[2,-20],[-10,-13],[-46,-30],[-20,24],[-36,35],[-15,28],[-5,23]],[[5156,1545],[15,316],[10,233],[7,202],[10,326]],[[6706,2047],[-11,-307]],[[4159,2518],[140,-58],[49,-15],[58,-5]],[[4406,2440],[-5,-45],[4,-33],[15,-37],[37,-65],[9,-27],[0,-23],[-8,-24],[-31,-62],[-1,-23],[10,-66],[-3,-25],[-17,-18],[-68,-31],[-24,-16],[-18,-23],[-38,-64],[-33,-48],[-41,-51]],[[4194,1759],[-33,-46],[-35,-74],[-8,-34]],[[4692,2845],[-4,-161],[-5,-154]],[[4683,2530],[-5,-141]],[[4678,2389],[-59,2],[-27,7],[-54,22],[-27,8],[-105,12]],[[4297,6827],[11,16],[1,21],[17,79],[18,13],[64,0]],[[4408,6956],[0,-44],[7,-4],[85,1]],[[5130,1036],[40,1],[30,13],[7,12],[0,34],[222,-12],[-3,-33],[-16,-25],[-3,-49],[41,-5],[28,-12],[24,21],[26,14],[20,-43],[24,-21],[24,-10],[85,-21]],[[5679,900],[104,-25],[68,-13],[46,6],[72,3],[103,-7],[79,-18],[85,-9],[156,-20],[95,2],[38,-2],[148,-34],[26,-4],[99,-4]],[[6911,9],[-253,10],[-122,7],[-133,3],[-294,15],[-138,-4],[-84,10],[-168,7],[-235,7],[-37,4],[-110,2],[1,3],[-248,10]],[[5090,83],[14,347],[9,208],[15,334],[2,64]],[[4899,2845],[105,2],[133,0],[23,-3],[54,0]],[[5198,2622],[-47,1],[-257,11],[-3,-51],[-9,-20],[-13,-2],[-3,-41],[-19,-23],[-7,-2],[-70,4],[-50,-4],[1,33],[-38,2]],[[4678,2389],[-7,-193],[-12,-322],[-11,-246],[-228,10],[-19,5],[-22,20]],[[4379,1663],[-19,22],[-25,19],[-20,6],[-61,9],[-18,9],[-42,31]],[[7894,14919],[0,-132],[3,-45],[2,-94],[-3,-136],[-2,-415],[-1,-197],[0,-11]],[[4408,6956],[1,58],[32,0],[1,40],[-4,14],[7,20],[13,6],[41,1]],[[4499,7095],[0,-50],[87,1]],[[4586,7046],[1,-136]],[[3979,13382],[221,-4],[34,1],[33,21],[41,45],[22,9],[63,14],[30,-36],[46,135],[16,53],[26,71]],[[4586,7046],[35,0],[0,13],[88,1],[-1,-107],[1,-7]],[[7143,9981],[-138,58],[-253,118],[-153,71]],[[5007,4623],[94,0],[0,-55],[144,0]],[[5244,4514],[-42,-28],[-89,1],[5,-41],[-3,-15],[-33,-4],[-24,-17],[-32,-7],[-28,-31],[-15,-21],[-30,-26],[-24,-1],[1,299]],[[5274,8250],[-1,-192],[-26,12]],[[33,7263],[4,268],[1,150]],[[5679,900],[6,24],[6,88],[11,209],[19,99],[13,30],[34,42],[6,16],[0,24]],[[4193,14642],[16,-45],[39,-95],[0,-117],[81,-4],[-1,-246]],[[4328,14135],[-219,4],[-253,3]],[[3757,7996],[-11,-36]],[[4758,7470],[-8,-14],[-17,-16],[-48,-113],[-13,-28],[-44,-68],[-2,-25],[-41,0],[0,-28],[-58,-1],[0,-54],[-28,-4],[0,-24]],[[1086,2807],[-1,39],[-171,0],[-335,1],[-261,-1],[-41,1],[-195,-1],[-82,1],[8,424],[1,115]],[[5226,3448],[-50,8],[-55,14],[-123,22],[-39,19],[-15,4],[-55,1],[-177,25],[-29,7],[-27,14],[-34,26],[-37,17],[-23,5],[-57,1],[0,-41],[8,-19],[-21,-18],[26,-29],[15,-34],[0,-21],[-48,1],[-18,-4],[-18,-27],[-11,-4],[-18,18],[-40,6]],[[5156,1545],[-21,-419],[-2,-12]],[[5133,1114],[-56,21],[-53,16],[-127,32],[-32,4],[-130,8],[-49,10],[-34,2],[-47,-6],[-2,89],[-9,25],[-23,20],[-190,101],[-16,22],[-2,19],[12,127],[4,59]],[[5130,1036],[-5,36],[8,42]],[[5090,83],[-571,26],[-475,23]],[[4328,14135],[52,-1]],[[4512,15387],[182,-4],[99,0]]],"transform":{"scale":[0.000037594505633624644,0.000028833225262611722],"translate":[-81.688491,40.906502]},"objects":{"Geometry\\39-153":{"type":"GeometryCollection","geometries":[{"arcs":[[0,1,2,3,4]],"type":"Polygon","properties":{"GEOID":"391535329024"}},{"arcs":[[5,6,7,8,9]],"type":"Polygon","properties":{"GEOID":"391535301044"}},{"arcs":[[10,11,12,13]],"type":"Polygon","properties":{"GEOID":"391535335013"}},{"arcs":[[14,15,16,17,18,19,20,21,22,23]],"type":"Polygon","properties":{"GEOID":"391535021012"}},{"arcs":[[24,25,26,27,28,29,30,31,32,33]],"type":"Polygon","properties":{"GEOID":"391535074001"}},{"arcs":[[34,35,36,37,38,39,40,41,42,43]],"type":"Polygon","properties":{"GEOID":"391535034001"}},{"arcs":[[44,45,46,47,48,49]],"type":"Polygon","properties":{"GEOID":"391535018001"}},{"arcs":[[50,51,52,-49,53,54,55,56,57,58,59]],"type":"Polygon","properties":{"GEOID":"391535052001"}},{"arcs":[[60,-21,61,62,63,64,65,66,67,68,69]],"type":"Polygon","properties":{"GEOID":"391535022005"}},{"arcs":[[70,71,72,73,74,75,76,77,78]],"type":"Polygon","properties":{"GEOID":"391535088005"}},{"arcs":[[79,80,81,82,83,84,85,86,87,88,89,90]],"type":"Polygon","properties":{"GEOID":"391535330001"}},{"arcs":[[91,92,93,94,95,96]],"type":"Polygon","properties":{"GEOID":"391535065002"}},{"arcs":[[97,98,-45,99]],"type":"Polygon","properties":{"GEOID":"391535067002"}},{"arcs":[[100,101,102,103,104]],"type":"Polygon","properties":{"GEOID":"391535066003"}},{"arcs":[[105,106,107,108,109,110]],"type":"Polygon","properties":{"GEOID":"391535071021"}},{"arcs":[[111,112,113,114,115,116,117]],"type":"Polygon","properties":{"GEOID":"391535203023"}},{"arcs":[[118,119,120,121,122,123]],"type":"Polygon","properties":{"GEOID":"391535046004"}},{"arcs":[[124,125,126,127]],"type":"Polygon","properties":{"GEOID":"391535044002"}},{"arcs":[[128,129,130,131]],"type":"Polygon","properties":{"GEOID":"391535301041"}},{"arcs":[[132,133,134,135,136]],"type":"Polygon","properties":{"GEOID":"391535101001"}},{"arcs":[[137,138,139,140,141]],"type":"Polygon","properties":{"GEOID":"391535340001"}},{"arcs":[[142,143,144,145]],"type":"Polygon","properties":{"GEOID":"391535329012"}},{"arcs":[[146,147,148,149,150,151]],"type":"Polygon","properties":{"GEOID":"391535323013"}},{"arcs":[[152,153,154,155,156,157,158,159]],"type":"Polygon","properties":{"GEOID":"391535201042"}},{"arcs":[[-57,160,161,162,163,164,165,166,167]],"type":"Polygon","properties":{"GEOID":"391535056001"}},{"arcs":[[168,169,170,171,172,173,174]],"type":"Polygon","properties":{"GEOID":"391535057004"}},{"arcs":[[-78,175,176,177]],"type":"Polygon","properties":{"GEOID":"391535083994"}},{"arcs":[[178,179,180,181]],"type":"Polygon","properties":{"GEOID":"391535327061"}},{"arcs":[[182,183,184,185,186]],"type":"Polygon","properties":{"GEOID":"391535327051"}},{"arcs":[[187,188,189,190,191,192]],"type":"Polygon","properties":{"GEOID":"391535306051"}},{"arcs":[[193,194,195]],"type":"Polygon","properties":{"GEOID":"391535317011"}},{"arcs":[[196,197,198,199]],"type":"Polygon","properties":{"GEOID":"391535320044"}},{"arcs":[[200,201,-74,202,203]],"type":"Polygon","properties":{"GEOID":"391535062003"}},{"arcs":[[204,-162]],"type":"Polygon","properties":{"GEOID":"391535056002"}},{"arcs":[[205,206,207,208,209]],"type":"Polygon","properties":{"GEOID":"391535042002"}},{"arcs":[[210,211,212,213,-94]],"type":"Polygon","properties":{"GEOID":"391535065003"}},{"arcs":[[214,215,216,217]],"type":"Polygon","properties":{"GEOID":"391535327021"}},{"arcs":[[218,219,220,221]],"type":"Polygon","properties":{"GEOID":"391535202023"}},{"arcs":[[222,223,224,225,226]],"type":"Polygon","properties":{"GEOID":"391535080002"}},{"arcs":[[227,228,229,-206,230]],"type":"Polygon","properties":{"GEOID":"391535042001"}},{"arcs":[[231,232,233,234,235]],"type":"Polygon","properties":{"GEOID":"391535103015"}},{"arcs":[[236,-23,237,238]],"type":"Polygon","properties":{"GEOID":"391535022003"}},{"arcs":[[239,240,241,242,243,-201]],"type":"Polygon","properties":{"GEOID":"391535062002"}},{"arcs":[[244,-200,245,246]],"type":"Polygon","properties":{"GEOID":"391535320033"}},{"arcs":[[247,248,249,250,251]],"type":"Polygon","properties":{"GEOID":"391535073004"}},{"arcs":[[252,253,254]],"type":"Polygon","properties":{"GEOID":"391535308003"}},{"arcs":[[255,256,257,-80,258]],"type":"Polygon","properties":{"GEOID":"391535058004"}},{"arcs":[[259,-163,260]],"type":"Polygon","properties":{"GEOID":"391535053002"}},{"arcs":[[261,262,263,264]],"type":"Polygon","properties":{"GEOID":"391535309031"}},{"arcs":[[-89,265,266]],"type":"Polygon","properties":{"GEOID":"391535103021"}},{"arcs":[[267,268,269,-15,270,271]],"type":"Polygon","properties":{"GEOID":"391535076003"}},{"arcs":[[272,273,274,275,276,277]],"type":"Polygon","properties":{"GEOID":"391535332001"}},{"arcs":[[278,279,280,281,282]],"type":"Polygon","properties":{"GEOID":"391535045003"}},{"arcs":[[283,284,285,286]],"type":"Polygon","properties":{"GEOID":"391535028003"}},{"arcs":[[287,288,289,290,291,292]],"type":"Polygon","properties":{"GEOID":"391535105001"}},{"arcs":[[293,294,295,296,297,298]],"type":"Polygon","properties":{"GEOID":"391535054002"}},{"arcs":[[299,300,-293,301,302]],"type":"Polygon","properties":{"GEOID":"391535320011"}},{"arcs":[[-217,303,-183]],"type":"Polygon","properties":{"GEOID":"391535327022"}},{"arcs":[[304,305,306,-262,307]],"type":"Polygon","properties":{"GEOID":"391535309021"}},{"arcs":[[308,309,310,311,312,313,314,-284,315,316]],"type":"Polygon","properties":{"GEOID":"391535027005"}},{"arcs":[[317,318,319,320]],"type":"Polygon","properties":{"GEOID":"391535206003"}},{"arcs":[[321,322,-32,323,-102]],"type":"Polygon","properties":{"GEOID":"391535066001"}},{"arcs":[[324,325,326,327,328,-122]],"type":"Polygon","properties":{"GEOID":"391535033001"}},{"arcs":[[-166,329,-128,330,331,332,333,334,335,336,337]],"type":"Polygon","properties":{"GEOID":"391535059002"}},{"arcs":[[338,339,-146,340,341,342]],"type":"Polygon","properties":{"GEOID":"391535329011"}},{"arcs":[[343,-44,344,-326,345]],"type":"Polygon","properties":{"GEOID":"391535032003"}},{"arcs":[[-115,346,347,-219,348,349]],"type":"Polygon","properties":{"GEOID":"391535202025"}},{"arcs":[[350,351,352,353]],"type":"Polygon","properties":{"GEOID":"391535104004"}},{"arcs":[[354,355,356,357,358,359]],"type":"Polygon","properties":{"GEOID":"391535310025"}},{"arcs":[[360,361,362,363,364,365,366]],"type":"Polygon","properties":{"GEOID":"391535322025"}},{"arcs":[[-173,367,368,-256,369]],"type":"Polygon","properties":{"GEOID":"391535058005"}},{"arcs":[[370,-277,371,372,373]],"type":"Polygon","properties":{"GEOID":"391535306052"}},{"arcs":[[-30,374,375,376,377,378]],"type":"Polygon","properties":{"GEOID":"391535083011"}},{"arcs":[[379,380,381,382,383]],"type":"Polygon","properties":{"GEOID":"391535089003"}},{"arcs":[[384,385,386,387,388]],"type":"Polygon","properties":{"GEOID":"391535072011"}},{"arcs":[[-388,389,390,391,392,393]],"type":"Polygon","properties":{"GEOID":"391535072012"}},{"arcs":[[-391,394,395,-252,396,397,398]],"type":"Polygon","properties":{"GEOID":"391535072021"}},{"arcs":[[-251,399,400,401,402,-397]],"type":"Polygon","properties":{"GEOID":"391535072022"}},{"arcs":[[-392,-399,403,404]],"type":"Polygon","properties":{"GEOID":"391535072023"}},{"arcs":[[405,-393,-405,406,407,408]],"type":"Polygon","properties":{"GEOID":"391535072024"}},{"arcs":[[409,410,411,-224]],"type":"Polygon","properties":{"GEOID":"391535072031"}},{"arcs":[[-412,412,413,-386,414,-225]],"type":"Polygon","properties":{"GEOID":"391535072032"}},{"arcs":[[-411,415,-25,416,417,-413]],"type":"Polygon","properties":{"GEOID":"391535072033"}},{"arcs":[[418,419,420,421,422,423,424]],"type":"Polygon","properties":{"GEOID":"391535329992"}},{"arcs":[[425,426,427,-358]],"type":"Polygon","properties":{"GEOID":"391535310026"}},{"arcs":[[428,429,-313]],"type":"Polygon","properties":{"GEOID":"391535027003"}},{"arcs":[[430,431,432,433,-211,-93,434]],"type":"Polygon","properties":{"GEOID":"391535064004"}},{"arcs":[[435,436,-271,-24,-237,437,438]],"type":"Polygon","properties":{"GEOID":"391535021011"}},{"arcs":[[-297,439,440,441,442]],"type":"Polygon","properties":{"GEOID":"391535054003"}},{"arcs":[[-290,443,-137,444,445]],"type":"Polygon","properties":{"GEOID":"391535101003"}},{"arcs":[[446,447,-38,448,449,450,451]],"type":"Polygon","properties":{"GEOID":"391535089001"}},{"arcs":[[-383,452,-228,453]],"type":"Polygon","properties":{"GEOID":"391535017002"}},{"arcs":[[-382,454,-229,-453]],"type":"Polygon","properties":{"GEOID":"391535017001"}},{"arcs":[[455,456,-54,-48]],"type":"Polygon","properties":{"GEOID":"391535019001"}},{"arcs":[[-457,457,458,459,-55]],"type":"Polygon","properties":{"GEOID":"391535019002"}},{"arcs":[[460,461,462,463,-65,464,465,466]],"type":"Polygon","properties":{"GEOID":"391535021021"}},{"arcs":[[-414,-418,467,-395,-390,-387]],"type":"Polygon","properties":{"GEOID":"391535072034"}},{"arcs":[[-468,-417,468,-248,-396]],"type":"Polygon","properties":{"GEOID":"391535072035"}},{"arcs":[[-469,-34,469,-249]],"type":"Polygon","properties":{"GEOID":"391535073001"}},{"arcs":[[-470,-33,-323,470,471]],"type":"Polygon","properties":{"GEOID":"391535073002"}},{"arcs":[[-250,-472,472,473,-400]],"type":"Polygon","properties":{"GEOID":"391535073003"}},{"arcs":[[474,475,476,477,478,479,480]],"type":"Polygon","properties":{"GEOID":"391535316011"}},{"arcs":[[481,-481,482,483]],"type":"Polygon","properties":{"GEOID":"391535316012"}},{"arcs":[[484,-479,485,486,487,488]],"type":"Polygon","properties":{"GEOID":"391535316013"}},{"arcs":[[489,-489,490,491]],"type":"Polygon","properties":{"GEOID":"391535316014"}},{"arcs":[[492,-483,-480,-485,-490,493]],"type":"Polygon","properties":{"GEOID":"391535316015"}},{"arcs":[[-491,-488,494,495,496]],"type":"Polygon","properties":{"GEOID":"391535316021"}},{"arcs":[[-465,-64,497]],"type":"Polygon","properties":{"GEOID":"391535021023"}},{"arcs":[[-69,498,499,500]],"type":"Polygon","properties":{"GEOID":"391535022002"}},{"arcs":[[-438,-239,501,502,503]],"type":"Polygon","properties":{"GEOID":"391535022001"}},{"arcs":[[504,505,506]],"type":"Polygon","properties":{"GEOID":"391535023001"}},{"arcs":[[-68,507,508,-505,509,-499]],"type":"Polygon","properties":{"GEOID":"391535023002"}},{"arcs":[[510,511,512,513]],"type":"Polygon","properties":{"GEOID":"391535023003"}},{"arcs":[[514,515,516,-17,517,518,519,520]],"type":"Polygon","properties":{"GEOID":"391535076001"}},{"arcs":[[521,-518,-16,-270]],"type":"Polygon","properties":{"GEOID":"391535076002"}},{"arcs":[[-520,522,-268,523]],"type":"Polygon","properties":{"GEOID":"391535076004"}},{"arcs":[[-519,-522,-269,-523]],"type":"Polygon","properties":{"GEOID":"391535076005"}},{"arcs":[[524,525,526]],"type":"Polygon","properties":{"GEOID":"391535317013"}},{"arcs":[[-484,-493,527,528]],"type":"Polygon","properties":{"GEOID":"391535317021"}},{"arcs":[[529,530,-528,-494,-492,531,532]],"type":"Polygon","properties":{"GEOID":"391535317022"}},{"arcs":[[-532,-497,533,534]],"type":"Polygon","properties":{"GEOID":"391535317023"}},{"arcs":[[-513,535,-317,536,537]],"type":"Polygon","properties":{"GEOID":"391535023004"}},{"arcs":[[538,-514,-538,539,540,541]],"type":"Polygon","properties":{"GEOID":"391535023005"}},{"arcs":[[-510,-507,542,-542,543]],"type":"Polygon","properties":{"GEOID":"391535023006"}},{"arcs":[[-506,-509,-511,-539,-543]],"type":"Polygon","properties":{"GEOID":"391535023007"}},{"arcs":[[544,545,546,547]],"type":"Polygon","properties":{"GEOID":"391535090002"}},{"arcs":[[-547,548,-448,549]],"type":"Polygon","properties":{"GEOID":"391535090001"}},{"arcs":[[-500,-544,550,-39,-549,-546,551,552]],"type":"Polygon","properties":{"GEOID":"391535025001"}},{"arcs":[[-541,553,554,555,-40,-551]],"type":"Polygon","properties":{"GEOID":"391535025002"}},{"arcs":[[556,-555,557]],"type":"Polygon","properties":{"GEOID":"391535026003"}},{"arcs":[[-537,558,-558,-554,-540]],"type":"Polygon","properties":{"GEOID":"391535026001"}},{"arcs":[[-67,559,-310,560,-508]],"type":"Polygon","properties":{"GEOID":"391535027001"}},{"arcs":[[561,562,563]],"type":"Polygon","properties":{"GEOID":"391535080003"}},{"arcs":[[564,565,-564,566,567]],"type":"Polygon","properties":{"GEOID":"391535080004"}},{"arcs":[[-136,568,569,570,571,-445]],"type":"Polygon","properties":{"GEOID":"391535101002"}},{"arcs":[[572,573,-134,574]],"type":"Polygon","properties":{"GEOID":"391535102001"}},{"arcs":[[575,576,577,-575,-133,-444,-289]],"type":"Polygon","properties":{"GEOID":"391535102002"}},{"arcs":[[-574,-90,-267,578,-232,579]],"type":"Polygon","properties":{"GEOID":"391535103011"}},{"arcs":[[580,-534,581,582,-526]],"type":"Polygon","properties":{"GEOID":"391535317024"}},{"arcs":[[583,-335,584,585,586,587,-82]],"type":"Polygon","properties":{"GEOID":"391535318013"}},{"arcs":[[588,-587,589,590,591,592,-476,593]],"type":"Polygon","properties":{"GEOID":"391535318014"}},{"arcs":[[-588,-589,594,-83]],"type":"Polygon","properties":{"GEOID":"391535318011"}},{"arcs":[[595,596,597,-429,-312]],"type":"Polygon","properties":{"GEOID":"391535027002"}},{"arcs":[[-512,-561,-309,-536]],"type":"Polygon","properties":{"GEOID":"391535027004"}},{"arcs":[[-430,-598,598,599,600,601,602]],"type":"Polygon","properties":{"GEOID":"391535028005"}},{"arcs":[[603,604,-314,-603,605,606,607]],"type":"Polygon","properties":{"GEOID":"391535028001"}},{"arcs":[[-315,-605,608,-285]],"type":"Polygon","properties":{"GEOID":"391535028004"}},{"arcs":[[-286,-609,-604,609]],"type":"Polygon","properties":{"GEOID":"391535028002"}},{"arcs":[[-449,-37,610]],"type":"Polygon","properties":{"GEOID":"391535031001"}},{"arcs":[[611,612,-35,-344,613,-120]],"type":"Polygon","properties":{"GEOID":"391535032001"}},{"arcs":[[-614,-346,-325,-121]],"type":"Polygon","properties":{"GEOID":"391535032002"}},{"arcs":[[-329,614,615,616]],"type":"Polygon","properties":{"GEOID":"391535033002"}},{"arcs":[[-569,-135,-580,-236,617,618]],"type":"Polygon","properties":{"GEOID":"391535103012"}},{"arcs":[[-570,-619,619,620,621,-530,622,623]],"type":"Polygon","properties":{"GEOID":"391535103013"}},{"arcs":[[-235,624,625,-620,-618]],"type":"Polygon","properties":{"GEOID":"391535103014"}},{"arcs":[[-579,-266,-88,626,-233]],"type":"Polygon","properties":{"GEOID":"391535103022"}},{"arcs":[[-234,-627,-87,627,-625]],"type":"Polygon","properties":{"GEOID":"391535103023"}},{"arcs":[[628,629,-572,630,-352,631]],"type":"Polygon","properties":{"GEOID":"391535104002"}},{"arcs":[[632,633,-354,634,635,636]],"type":"Polygon","properties":{"GEOID":"391535104001"}},{"arcs":[[-291,-446,-630,637]],"type":"Polygon","properties":{"GEOID":"391535105002"}},{"arcs":[[638,639,640,-592]],"type":"Polygon","properties":{"GEOID":"391535318021"}},{"arcs":[[641,642,-300,643,-633,644,645]],"type":"Polygon","properties":{"GEOID":"391535320013"}},{"arcs":[[-616,646,647,648]],"type":"Polygon","properties":{"GEOID":"391535033006"}},{"arcs":[[649,-42,650,651,652]],"type":"Polygon","properties":{"GEOID":"391535035001"}},{"arcs":[[-652,653,654,655]],"type":"Polygon","properties":{"GEOID":"391535035002"}},{"arcs":[[656,-656,657,-647]],"type":"Polygon","properties":{"GEOID":"391535035003"}},{"arcs":[[-328,658,-653,-657,-615]],"type":"Polygon","properties":{"GEOID":"391535035004"}},{"arcs":[[-345,-43,-650,-659,-327]],"type":"Polygon","properties":{"GEOID":"391535035005"}},{"arcs":[[-303,659,-632,-351,-634,-644]],"type":"Polygon","properties":{"GEOID":"391535105003"}},{"arcs":[[-158,660,661,662,663,664]],"type":"Polygon","properties":{"GEOID":"391535201044"}},{"arcs":[[665,-664,666,667,668]],"type":"Polygon","properties":{"GEOID":"391535201041"}},{"arcs":[[669,670,671,-661,-157]],"type":"Polygon","properties":{"GEOID":"391535201051"}},{"arcs":[[672,673,-643,674]],"type":"Polygon","properties":{"GEOID":"391535320031"}},{"arcs":[[675,-247,676,-675,-642,677]],"type":"Polygon","properties":{"GEOID":"391535320032"}},{"arcs":[[-246,678,-673,-677]],"type":"Polygon","properties":{"GEOID":"391535320034"}},{"arcs":[[679,-79,-178,680,-577,681,682,-198]],"type":"Polygon","properties":{"GEOID":"391535320041"}},{"arcs":[[683,-682,-576,-288,-301,-674]],"type":"Polygon","properties":{"GEOID":"391535320042"}},{"arcs":[[-199,-683,-684,-679]],"type":"Polygon","properties":{"GEOID":"391535320043"}},{"arcs":[[684,685,686,-107,687]],"type":"Polygon","properties":{"GEOID":"391535322021"}},{"arcs":[[-556,688,-607,689,690,691,692,693,-654,-651,-41]],"type":"Polygon","properties":{"GEOID":"391535036001"}},{"arcs":[[-692,694,695,696]],"type":"Polygon","properties":{"GEOID":"391535036002"}},{"arcs":[[-696,697,698,699]],"type":"Polygon","properties":{"GEOID":"391535036003"}},{"arcs":[[-697,-700,700,-693]],"type":"Polygon","properties":{"GEOID":"391535036004"}},{"arcs":[[-691,701,702,703,-695]],"type":"Polygon","properties":{"GEOID":"391535037012"}},{"arcs":[[704,705,706,-703]],"type":"Polygon","properties":{"GEOID":"391535037013"}},{"arcs":[[-698,-704,-707,707,708,-355,709,710]],"type":"Polygon","properties":{"GEOID":"391535037014"}},{"arcs":[[-116,-350,711,712]],"type":"Polygon","properties":{"GEOID":"391535202013"}},{"arcs":[[713,-117,-713,714,715,716]],"type":"Polygon","properties":{"GEOID":"391535202012"}},{"arcs":[[-712,-349,-222,717,-516,-715]],"type":"Polygon","properties":{"GEOID":"391535202011"}},{"arcs":[[718,719,720]],"type":"Polygon","properties":{"GEOID":"391535202021"}},{"arcs":[[-221,721,-720,722,723,-18,-517,-718]],"type":"Polygon","properties":{"GEOID":"391535202022"}},{"arcs":[[724,725,-721,-722,-220,-348]],"type":"Polygon","properties":{"GEOID":"391535202024"}},{"arcs":[[726,727,-725,728]],"type":"Polygon","properties":{"GEOID":"391535203021"}},{"arcs":[[729,730,-729,-347,-114]],"type":"Polygon","properties":{"GEOID":"391535203022"}},{"arcs":[[731,732,-111,733,-363,734]],"type":"Polygon","properties":{"GEOID":"391535322023"}},{"arcs":[[735,-732,736,737]],"type":"Polygon","properties":{"GEOID":"391535322024"}},{"arcs":[[738,-737,-735,-362,739]],"type":"Polygon","properties":{"GEOID":"391535322026"}},{"arcs":[[-150,740,741,742,743]],"type":"Polygon","properties":{"GEOID":"391535323012"}},{"arcs":[[-601,744,745,746,747]],"type":"Polygon","properties":{"GEOID":"391535037021"}},{"arcs":[[-746,748,749,750,751]],"type":"Polygon","properties":{"GEOID":"391535037022"}},{"arcs":[[-751,752,753,754,755]],"type":"Polygon","properties":{"GEOID":"391535037023"}},{"arcs":[[756,-755,757,-356,-709]],"type":"Polygon","properties":{"GEOID":"391535037024"}},{"arcs":[[-747,-752,-756,-757,-708,-706]],"type":"Polygon","properties":{"GEOID":"391535037025"}},{"arcs":[[758,-694,-701,-699,-711,759,760,761,762]],"type":"Polygon","properties":{"GEOID":"391535038001"}},{"arcs":[[763,764,-763,765,766]],"type":"Polygon","properties":{"GEOID":"391535038002"}},{"arcs":[[767,768,-658,-655,-759,-765,769]],"type":"Polygon","properties":{"GEOID":"391535038003"}},{"arcs":[[770,771,772,773]],"type":"Polygon","properties":{"GEOID":"391535204003"}},{"arcs":[[-3,774,-774,775,-730,-113,776]],"type":"Polygon","properties":{"GEOID":"391535204004"}},{"arcs":[[-2,777,778,779,780,-771,-775]],"type":"Polygon","properties":{"GEOID":"391535204005"}},{"arcs":[[781,-321,782,783,784,785]],"type":"Polygon","properties":{"GEOID":"391535205001"}},{"arcs":[[-784,786,787,788]],"type":"Polygon","properties":{"GEOID":"391535205002"}},{"arcs":[[-788,789,790,791]],"type":"Polygon","properties":{"GEOID":"391535205003"}},{"arcs":[[-149,792,793,-343,794,795,796,-741]],"type":"Polygon","properties":{"GEOID":"391535323021"}},{"arcs":[[-796,797,-227,798,-685,799,800]],"type":"Polygon","properties":{"GEOID":"391535323023"}},{"arcs":[[-797,-801,-738,-739,801,-742]],"type":"Polygon","properties":{"GEOID":"391535323022"}},{"arcs":[[802,803,804,805]],"type":"Polygon","properties":{"GEOID":"391535325011"}},{"arcs":[[-806,806,807]],"type":"Polygon","properties":{"GEOID":"391535325012"}},{"arcs":[[-230,-455,-381,808,-451,809,-612,-119,810,-207]],"type":"Polygon","properties":{"GEOID":"391535041001"}},{"arcs":[[811,812,-283,813,-126]],"type":"Polygon","properties":{"GEOID":"391535044001"}},{"arcs":[[814,-209,815,816,-279,-813]],"type":"Polygon","properties":{"GEOID":"391535045001"}},{"arcs":[[-817,817,818,-280]],"type":"Polygon","properties":{"GEOID":"391535045002"}},{"arcs":[[-123,-617,819,820]],"type":"Polygon","properties":{"GEOID":"391535046002"}},{"arcs":[[821,-821,822,-818]],"type":"Polygon","properties":{"GEOID":"391535046003"}},{"arcs":[[-208,-811,-124,-822,-816]],"type":"Polygon","properties":{"GEOID":"391535046001"}},{"arcs":[[823,-820,-649,824,825,826,827]],"type":"Polygon","properties":{"GEOID":"391535047001"}},{"arcs":[[828,-828,829,830]],"type":"Polygon","properties":{"GEOID":"391535047002"}},{"arcs":[[-281,-819,-823,-824,-829,831,832]],"type":"Polygon","properties":{"GEOID":"391535047003"}},{"arcs":[[833,-832,-831,834,835]],"type":"Polygon","properties":{"GEOID":"391535047004"}},{"arcs":[[836,-836,837,-332]],"type":"Polygon","properties":{"GEOID":"391535047005"}},{"arcs":[[-127,-814,-282,-833,-834,-837,-331]],"type":"Polygon","properties":{"GEOID":"391535047006"}},{"arcs":[[838,839,-786,840,-779]],"type":"Polygon","properties":{"GEOID":"391535205006"}},{"arcs":[[841,842,843,844,-319]],"type":"Polygon","properties":{"GEOID":"391535206001"}},{"arcs":[[-320,-845,845,846,847,-155,848,-790,-787,-783]],"type":"Polygon","properties":{"GEOID":"391535206002"}},{"arcs":[[849,850,851,852]],"type":"Polygon","properties":{"GEOID":"391535301052"}},{"arcs":[[853,-791,-849,-154,854]],"type":"Polygon","properties":{"GEOID":"391535205004"}},{"arcs":[[-841,-785,-789,-792,-854,855,-780]],"type":"Polygon","properties":{"GEOID":"391535205005"}},{"arcs":[[-805,856,-793,-148,857]],"type":"Polygon","properties":{"GEOID":"391535325021"}},{"arcs":[[-807,-858,-147,858]],"type":"Polygon","properties":{"GEOID":"391535325022"}},{"arcs":[[859,860,861,862,-142,863,864,865]],"type":"Polygon","properties":{"GEOID":"391535326001"}},{"arcs":[[866,-864,867,868,-143,-340]],"type":"Polygon","properties":{"GEOID":"391535326002"}},{"arcs":[[869,-865,-867,-339,-794,-857,-804]],"type":"Polygon","properties":{"GEOID":"391535326003"}},{"arcs":[[870,871,872,873,874]],"type":"Polygon","properties":{"GEOID":"391535048002"}},{"arcs":[[-835,-830,875,-871,876]],"type":"Polygon","properties":{"GEOID":"391535048005"}},{"arcs":[[877,878,879,-334]],"type":"Polygon","properties":{"GEOID":"391535048001"}},{"arcs":[[880,-50,-53,881,882]],"type":"Polygon","properties":{"GEOID":"391535083992"}},{"arcs":[[883,884,-882,-52,885]],"type":"Polygon","properties":{"GEOID":"391535083991"}},{"arcs":[[-176,-77,-886,-51,886,-299,887,-175,888]],"type":"Polygon","properties":{"GEOID":"391535083993"}},{"arcs":[[889,890,-9,891,892]],"type":"Polygon","properties":{"GEOID":"391535301031"}},{"arcs":[[893,-893,894,-850,895,896,897]],"type":"Polygon","properties":{"GEOID":"391535301032"}},{"arcs":[[898,-131,-6,899,-890,-894]],"type":"Polygon","properties":{"GEOID":"391535301042"}},{"arcs":[[900,901,-7,-130]],"type":"Polygon","properties":{"GEOID":"391535301043"}},{"arcs":[[-192,902,903,904,905,906]],"type":"Polygon","properties":{"GEOID":"391535304011"}},{"arcs":[[907,908,909,910,-904]],"type":"Polygon","properties":{"GEOID":"391535304012"}},{"arcs":[[911,-218,-187,912,913]],"type":"Polygon","properties":{"GEOID":"391535327053"}},{"arcs":[[914,915,916,-862,917]],"type":"Polygon","properties":{"GEOID":"391535327033"}},{"arcs":[[-887,-60,918,919,-294]],"type":"Polygon","properties":{"GEOID":"391535054001"}},{"arcs":[[-913,-186,920,921,-180,922]],"type":"Polygon","properties":{"GEOID":"391535327052"}},{"arcs":[[923,-118,-714]],"type":"Polygon","properties":{"GEOID":"391535203012"}},{"arcs":[[-459,924,-164,-260,925]],"type":"Polygon","properties":{"GEOID":"391535053001"}},{"arcs":[[-56,-460,-926,-261,-205,-161]],"type":"Polygon","properties":{"GEOID":"391535053003"}},{"arcs":[[-298,-443,-169,-888]],"type":"Polygon","properties":{"GEOID":"391535054004"}},{"arcs":[[-58,-168,926,927,928,929]],"type":"Polygon","properties":{"GEOID":"391535055001"}},{"arcs":[[-59,-930,930,-919]],"type":"Polygon","properties":{"GEOID":"391535055002"}},{"arcs":[[-920,-931,-929,931,-295]],"type":"Polygon","properties":{"GEOID":"391535055003"}},{"arcs":[[-296,-932,-928,932,933,-440]],"type":"Polygon","properties":{"GEOID":"391535055004"}},{"arcs":[[-933,-927,-167,-338,934,935]],"type":"Polygon","properties":{"GEOID":"391535057001"}},{"arcs":[[936,-441,-934,-936,937,-171]],"type":"Polygon","properties":{"GEOID":"391535057002"}},{"arcs":[[-903,-191,938,939,940,-908]],"type":"Polygon","properties":{"GEOID":"391535304021"}},{"arcs":[[-941,941,942,943,-909]],"type":"Polygon","properties":{"GEOID":"391535304022"}},{"arcs":[[-905,-911,944,945,946]],"type":"Polygon","properties":{"GEOID":"391535305011"}},{"arcs":[[-910,-944,947,948,949,-945]],"type":"Polygon","properties":{"GEOID":"391535305012"}},{"arcs":[[-943,950,951,952,953,-948]],"type":"Polygon","properties":{"GEOID":"391535305013"}},{"arcs":[[-946,-950,954,-253,955,956]],"type":"Polygon","properties":{"GEOID":"391535305021"}},{"arcs":[[-949,-954,957,958,959,960,-254,-955]],"type":"Polygon","properties":{"GEOID":"391535305022"}},{"arcs":[[-953,961,-958]],"type":"Polygon","properties":{"GEOID":"391535305023"}},{"arcs":[[962,963,964,965,966,967,-842,-318,-782,-840,968]],"type":"Polygon","properties":{"GEOID":"391535306031"}},{"arcs":[[969,970,971,-917]],"type":"Polygon","properties":{"GEOID":"391535327012"}},{"arcs":[[972,-898,973,974,975]],"type":"Polygon","properties":{"GEOID":"391535327083"}},{"arcs":[[-172,-938,-935,-337,976,977,-368]],"type":"Polygon","properties":{"GEOID":"391535058001"}},{"arcs":[[-257,-369,-978,978,979]],"type":"Polygon","properties":{"GEOID":"391535058002"}},{"arcs":[[-980,980,-81,-258]],"type":"Polygon","properties":{"GEOID":"391535058003"}},{"arcs":[[-979,-977,-336,-584,-981]],"type":"Polygon","properties":{"GEOID":"391535059001"}},{"arcs":[[-442,-937,-170]],"type":"Polygon","properties":{"GEOID":"391535057003"}},{"arcs":[[-408,981,982]],"type":"Polygon","properties":{"GEOID":"391535061004"}},{"arcs":[[983,984,985,-188,986,-965]],"type":"Polygon","properties":{"GEOID":"391535306032"}},{"arcs":[[-987,-193,987,-966]],"type":"Polygon","properties":{"GEOID":"391535306041"}},{"arcs":[[-988,-907,988,989,-967]],"type":"Polygon","properties":{"GEOID":"391535306042"}},{"arcs":[[-276,990,991,992,-372]],"type":"Polygon","properties":{"GEOID":"391535306061"}},{"arcs":[[-373,-993,993,-939,-190]],"type":"Polygon","properties":{"GEOID":"391535306062"}},{"arcs":[[-992,994,-951,-942,-940,-994]],"type":"Polygon","properties":{"GEOID":"391535306063"}},{"arcs":[[995,996,997,998,999]],"type":"Polygon","properties":{"GEOID":"391535331011"}},{"arcs":[[-895,-892,-8,1000,1001,-997,1002,-971,1003,-851]],"type":"Polygon","properties":{"GEOID":"391535301051"}},{"arcs":[[-85,1004,-529,-531,-622,1005]],"type":"Polygon","properties":{"GEOID":"391535103025"}},{"arcs":[[-668,1006,1007,1008,1009,1010,-462,1011]],"type":"Polygon","properties":{"GEOID":"391535201062"}},{"arcs":[[1012,1013,1014,1015,-753,-750]],"type":"Polygon","properties":{"GEOID":"391535310012"}},{"arcs":[[1016,1017,1018,-1014]],"type":"Polygon","properties":{"GEOID":"391535310013"}},{"arcs":[[-159,-665,-666,1019]],"type":"Polygon","properties":{"GEOID":"391535201043"}},{"arcs":[[-606,-602,-748,-705,-702,-690]],"type":"Polygon","properties":{"GEOID":"391535037011"}},{"arcs":[[1020,1021,1022,1023,-1001,-902]],"type":"Polygon","properties":{"GEOID":"391535301011"}},{"arcs":[[1024,-1000,1025,1026]],"type":"Polygon","properties":{"GEOID":"391535331012"}},{"arcs":[[1027,-195,1028,-623,-533,-535,-581,-525]],"type":"Polygon","properties":{"GEOID":"391535317012"}},{"arcs":[[-496,1029,1030,-582]],"type":"Polygon","properties":{"GEOID":"391535316022"}},{"arcs":[[-304,-216,1031,1032,-184]],"type":"Polygon","properties":{"GEOID":"391535327023"}},{"arcs":[[-800,-688,-106,-733,-736]],"type":"Polygon","properties":{"GEOID":"391535322022"}},{"arcs":[[1033,1034,-245,-676,1035]],"type":"Polygon","properties":{"GEOID":"391535335022"}},{"arcs":[[-972,1036,-1027,1037,-138,-863]],"type":"Polygon","properties":{"GEOID":"391535341001"}},{"arcs":[[1038,-503,1039,-70,-501,-553,1040,1041,-375,-29]],"type":"Polygon","properties":{"GEOID":"391535011001"}},{"arcs":[[-103,-324,-31,-379,1042]],"type":"Polygon","properties":{"GEOID":"391535083012"}},{"arcs":[[-724,-160,-1020,-669,-1012,-461,1043,-19]],"type":"Polygon","properties":{"GEOID":"391535201031"}},{"arcs":[[1044,-359,-428,1045,1046,1047,1048,-761]],"type":"Polygon","properties":{"GEOID":"391535311012"}},{"arcs":[[-681,-177,-889,-174,-370,-259,-91,-573,-578]],"type":"Polygon","properties":{"GEOID":"391535102003"}},{"arcs":[[1049,-636]],"type":"Polygon","properties":{"GEOID":"391535104003"}},{"arcs":[[-914,-923,-179,1050,1051]],"type":"Polygon","properties":{"GEOID":"391535327054"}},{"arcs":[[-1051,-182,1052,1053,-860,1054]],"type":"Polygon","properties":{"GEOID":"391535327063"}},{"arcs":[[-502,-238,-22,-61,-1040]],"type":"Polygon","properties":{"GEOID":"391535022004"}},{"arcs":[[-302,-292,-638,-629,-660]],"type":"Polygon","properties":{"GEOID":"391535105004"}},{"arcs":[[1055,-452,-809,-380,1056,-377]],"type":"Polygon","properties":{"GEOID":"391535089002"}},{"arcs":[[1057,1058,-139,-1038]],"type":"Polygon","properties":{"GEOID":"391535340003"}},{"arcs":[[-559,-316,-287,-610,-608,-689,-557]],"type":"Polygon","properties":{"GEOID":"391535026002"}},{"arcs":[[-999,1059,-274,1060,1061]],"type":"Polygon","properties":{"GEOID":"391535331021"}},{"arcs":[[-1026,-1062,1062,-1058]],"type":"Polygon","properties":{"GEOID":"391535331022"}},{"arcs":[[-1063,-1061,-273,1063,1064]],"type":"Polygon","properties":{"GEOID":"391535332002"}},{"arcs":[[1065,1066,-1064,-278,1067,1068]],"type":"Polygon","properties":{"GEOID":"391535332003"}},{"arcs":[[-1066,1069]],"type":"Polygon","properties":{"GEOID":"391535332004"}},{"arcs":[[1070,-409,-983,1071,1072,-240,-204,1073,1074]],"type":"Polygon","properties":{"GEOID":"391535061005"}},{"arcs":[[-407,-404,1075,1076,-1072,-982]],"type":"Polygon","properties":{"GEOID":"391535061001"}},{"arcs":[[-242,1077,-97,1078,1079]],"type":"Polygon","properties":{"GEOID":"391535062001"}},{"arcs":[[1080,-989,-906,-947,-957,1081,1082,-847,1083]],"type":"Polygon","properties":{"GEOID":"391535307001"}},{"arcs":[[-844,1084,-1084,-846]],"type":"Polygon","properties":{"GEOID":"391535307002"}},{"arcs":[[-990,-1081,-1085,-843,-968]],"type":"Polygon","properties":{"GEOID":"391535307003"}},{"arcs":[[1085,1086,1087,1088,-1009]],"type":"Polygon","properties":{"GEOID":"391535308004"}},{"arcs":[[-1082,-956,-255,-961,1089,-1088,1090]],"type":"Polygon","properties":{"GEOID":"391535308002"}},{"arcs":[[-1089,-1090,-960,1091,-306,1092,1093,-1010]],"type":"Polygon","properties":{"GEOID":"391535308001"}},{"arcs":[[-1011,-1094,1094,1095,1096,-463]],"type":"Polygon","properties":{"GEOID":"391535309012"}},{"arcs":[[-140,-1059,-1065,-1067,-1070,1097]],"type":"Polygon","properties":{"GEOID":"391535340004"}},{"arcs":[[-141,-1098,-1069,-984,-964,-868]],"type":"Polygon","properties":{"GEOID":"391535340002"}},{"arcs":[[1098,1099,1100]],"type":"Polygon","properties":{"GEOID":"391535334003"}},{"arcs":[[1101,-366,1102,-1101,1103,-71,-680,-197,-1035]],"type":"Polygon","properties":{"GEOID":"391535334002"}},{"arcs":[[-1100,1104,-72,-1104]],"type":"Polygon","properties":{"GEOID":"391535334001"}},{"arcs":[[-202,-244,1105,1106,1107,1108,-75]],"type":"Polygon","properties":{"GEOID":"391535088004"}},{"arcs":[[-1109,1109,1110,-884,-76]],"type":"Polygon","properties":{"GEOID":"391535088006"}},{"arcs":[[1111,-1079,-96,1112,1113,-1107]],"type":"Polygon","properties":{"GEOID":"391535086001"}},{"arcs":[[-1114,1114,1115,-1108]],"type":"Polygon","properties":{"GEOID":"391535088001"}},{"arcs":[[-1116,1116,1117,1118,-1110]],"type":"Polygon","properties":{"GEOID":"391535088002"}},{"arcs":[[-1119,1119,-883,-885,-1111]],"type":"Polygon","properties":{"GEOID":"391535088003"}},{"arcs":[[-213,1120,1121,-98,1122]],"type":"Polygon","properties":{"GEOID":"391535086002"}},{"arcs":[[-1113,-95,-214,-1123,1123,-1117,-1115]],"type":"Polygon","properties":{"GEOID":"391535086003"}},{"arcs":[[-402,1124,-431,1125,1126]],"type":"Polygon","properties":{"GEOID":"391535064001"}},{"arcs":[[-401,1127,-432,-1125]],"type":"Polygon","properties":{"GEOID":"391535064002"}},{"arcs":[[-1128,-474,1128,-105,1129,-433]],"type":"Polygon","properties":{"GEOID":"391535064003"}},{"arcs":[[-1126,-435,-92,1130,1131]],"type":"Polygon","properties":{"GEOID":"391535064005"}},{"arcs":[[-434,-1130,-104,1132,-1121,-212]],"type":"Polygon","properties":{"GEOID":"391535065001"}},{"arcs":[[1133,-308,1134,1135]],"type":"Polygon","properties":{"GEOID":"391535309022"}},{"arcs":[[-1135,-265,1136,-596,1137]],"type":"Polygon","properties":{"GEOID":"391535309023"}},{"arcs":[[-1093,-305,-1134,1138,-1095]],"type":"Polygon","properties":{"GEOID":"391535309024"}},{"arcs":[[-264,1139,1140,1141]],"type":"Polygon","properties":{"GEOID":"391535309032"}},{"arcs":[[-597,-1137,-1142,1142,-599]],"type":"Polygon","properties":{"GEOID":"391535309033"}},{"arcs":[[-600,-1143,-1141,1143,-1017,-1013,-749,-745]],"type":"Polygon","properties":{"GEOID":"391535310011"}},{"arcs":[[1144,-1015,-1019,1145,1146]],"type":"Polygon","properties":{"GEOID":"391535310021"}},{"arcs":[[-12,1147,-743,1148,-361,1149,1150]],"type":"Polygon","properties":{"GEOID":"391535335011"}},{"arcs":[[1151,-1150,-367,-1102,-1034,1152]],"type":"Polygon","properties":{"GEOID":"391535335021"}},{"arcs":[[-1129,-473,-471,-322,-101]],"type":"Polygon","properties":{"GEOID":"391535066002"}},{"arcs":[[-1118,-1124,-100,-881,-1120]],"type":"Polygon","properties":{"GEOID":"391535067001"}},{"arcs":[[1153,-378,-1057,-384,-454,-231,-210,-815,-812,-125,-330,-165,-925,-458,-456,-47]],"type":"Polygon","properties":{"GEOID":"391535068001"}},{"arcs":[[-1133,-1043,-1154,-46,-99,-1122]],"type":"Polygon","properties":{"GEOID":"391535068002"}},{"arcs":[[-427,1154,-1147,1155,1156,-1046]],"type":"Polygon","properties":{"GEOID":"391535310022"}},{"arcs":[[-754,-1016,-1145,-1155,-426,-357,-758]],"type":"Polygon","properties":{"GEOID":"391535310024"}},{"arcs":[[1157,1158,-1048]],"type":"Polygon","properties":{"GEOID":"391535311011"}},{"arcs":[[-1158,-1047,1159,1160,1161]],"type":"Polygon","properties":{"GEOID":"391535311021"}},{"arcs":[[-799,-226,-415,-385,1162,1163,-686]],"type":"Polygon","properties":{"GEOID":"391535071011"}},{"arcs":[[1164,-1163,-389,-394,-406,1165,1166]],"type":"Polygon","properties":{"GEOID":"391535071012"}},{"arcs":[[-1167,1167,1168]],"type":"Polygon","properties":{"GEOID":"391535071013"}},{"arcs":[[-687,-1164,-1165,-1169,1169,-108]],"type":"Polygon","properties":{"GEOID":"391535071014"}},{"arcs":[[-109,-1170,-1168,-1166,-1071,1170]],"type":"Polygon","properties":{"GEOID":"391535071022"}},{"arcs":[[-734,-110,-1171,-1075,1171,-364]],"type":"Polygon","properties":{"GEOID":"391535071023"}},{"arcs":[[-1157,1172,1173,-1160]],"type":"Polygon","properties":{"GEOID":"391535311022"}},{"arcs":[[-1049,-1159,-1162,1174,1175]],"type":"Polygon","properties":{"GEOID":"391535311031"}},{"arcs":[[1176,1177,-425,1178,1179]],"type":"Polygon","properties":{"GEOID":"391535314052"}},{"arcs":[[1180,-766,-762,-1176,-1177,1181]],"type":"Polygon","properties":{"GEOID":"391535311032"}},{"arcs":[[-145,1182,-5,1183,1184,-341]],"type":"Polygon","properties":{"GEOID":"391535329021"}},{"arcs":[[1185,-112,-924,-717,1186]],"type":"Polygon","properties":{"GEOID":"391535203013"}},{"arcs":[[-628,-86,-1006,-621,-626]],"type":"Polygon","properties":{"GEOID":"391535103024"}},{"arcs":[[-880,1187,-873,1188,-764,1189,-585]],"type":"Polygon","properties":{"GEOID":"391535318023"}},{"arcs":[[1190,1191,1192,1193,1194,-129]],"type":"Polygon","properties":{"GEOID":"391535301081"}},{"arcs":[[1195,1196,-1192]],"type":"Polygon","properties":{"GEOID":"391535301012"}},{"arcs":[[-1194,1197,-1022,1198]],"type":"Polygon","properties":{"GEOID":"391535301082"}},{"arcs":[[-566,1199,-1184,-4,-777,-1186,-562]],"type":"Polygon","properties":{"GEOID":"391535203011"}},{"arcs":[[1200,-1185,-1200,-565]],"type":"Polygon","properties":{"GEOID":"391535329022"}},{"arcs":[[-398,-403,-1127,-1132,1201,-1076]],"type":"Polygon","properties":{"GEOID":"391535061002"}},{"arcs":[[-365,-1172,-1074,-203,-73,-1105,-1099,-1103]],"type":"Polygon","properties":{"GEOID":"391535334004"}},{"arcs":[[-151,-744,-1148,-11,1202]],"type":"Polygon","properties":{"GEOID":"391535323011"}},{"arcs":[[-710,-360,-1045,-760]],"type":"Polygon","properties":{"GEOID":"391535310023"}},{"arcs":[[-1175,-1161,-1174,1203,-419,-1178]],"type":"Polygon","properties":{"GEOID":"391535314051"}},{"arcs":[[1204,1205,1206,-896,-853,1207,-915,1208,1209]],"type":"Polygon","properties":{"GEOID":"391535327011"}},{"arcs":[[-802,-740,-1149]],"type":"Polygon","properties":{"GEOID":"391535335012"}},{"arcs":[[-1003,-996,-1025,-1037]],"type":"Polygon","properties":{"GEOID":"391535331013"}},{"arcs":[[-10,-891,-900]],"type":"Polygon","properties":{"GEOID":"391535301045"}},{"arcs":[[-869,-963,1210,-144]],"type":"Polygon","properties":{"GEOID":"391535329023"}},{"arcs":[[-663,1211,1212,-1007,-667]],"type":"Polygon","properties":{"GEOID":"391535201061"}},{"arcs":[[-376,-1042,1213,-548,-550,-447,-1056]],"type":"Polygon","properties":{"GEOID":"391535089004"}},{"arcs":[[-1041,-552,-545,-1214]],"type":"Polygon","properties":{"GEOID":"391535090003"}},{"arcs":[[-450,-611,-36,-613,-810]],"type":"Polygon","properties":{"GEOID":"391535031002"}},{"arcs":[[-922,1214,1215,1216,-1053,-181]],"type":"Polygon","properties":{"GEOID":"391535327062"}},{"arcs":[[1217,-421,1218,1219,1220,1221,1222]],"type":"Polygon","properties":{"GEOID":"391535329993"}},{"arcs":[[-672,1223,-1212,-662]],"type":"Polygon","properties":{"GEOID":"391535201052"}},{"arcs":[[1224,-1086,-1008,-1213,-1224,-671]],"type":"Polygon","properties":{"GEOID":"391535201053"}},{"arcs":[[-1097,1225,-464]],"type":"Polygon","properties":{"GEOID":"391535309013"}},{"arcs":[[-1044,-467,1226,-62,-20]],"type":"Polygon","properties":{"GEOID":"391535021022"}},{"arcs":[[-466,-498,-63,-1227]],"type":"Polygon","properties":{"GEOID":"391535021024"}},{"arcs":[[-1077,-1202,-1131,-1078,-241,-1073]],"type":"Polygon","properties":{"GEOID":"391535061003"}},{"arcs":[[-1080,-1112,-1106,-243]],"type":"Polygon","properties":{"GEOID":"391535062004"}},{"arcs":[[-975,1227,-1206,1228]],"type":"Polygon","properties":{"GEOID":"391535327081"}},{"arcs":[[1229,1230,-439,-504,-1039,-28,1231]],"type":"Polygon","properties":{"GEOID":"391535075023"}},{"arcs":[[-838,-877,-875,1232,-878,-333]],"type":"Polygon","properties":{"GEOID":"391535048003"}},{"arcs":[[1233,-1179,-424,1234,-1222,1235,1236,1237]],"type":"Polygon","properties":{"GEOID":"391535314061"}},{"arcs":[[1238,-1223,-1235,-423]],"type":"Polygon","properties":{"GEOID":"391535329994"}},{"arcs":[[-486,-478,1239,1240,1241]],"type":"Polygon","properties":{"GEOID":"391535315013"}},{"arcs":[[-1233,-874,-1188,-879]],"type":"Polygon","properties":{"GEOID":"391535048004"}},{"arcs":[[-593,-641,1242,1243,1244,-1240,-477]],"type":"Polygon","properties":{"GEOID":"391535315012"}},{"arcs":[[1245,1246,-1232,-27]],"type":"Polygon","properties":{"GEOID":"391535075024"}},{"arcs":[[-422,-1218,-1239]],"type":"Polygon","properties":{"GEOID":"391535329991"}},{"arcs":[[1247,1248,-1220,1249,1250]],"type":"Polygon","properties":{"GEOID":"391535314071"}},{"arcs":[[-640,1251,-1180,-1234,1252,-1243]],"type":"Polygon","properties":{"GEOID":"391535315011"}},{"arcs":[[-1241,-1245,1253,1254]],"type":"Polygon","properties":{"GEOID":"391535315014"}},{"arcs":[[-1198,-1193,-1197,1255,-1023]],"type":"Polygon","properties":{"GEOID":"391535301013"}},{"arcs":[[1256,1257,1258,-1230,-1247]],"type":"Polygon","properties":{"GEOID":"391535075025"}},{"arcs":[[-1054,-1217,1259,-1209,-918,-861]],"type":"Polygon","properties":{"GEOID":"391535327034"}},{"arcs":[[1260,-436,-1231,-1259]],"type":"Polygon","properties":{"GEOID":"391535075022"}},{"arcs":[[-1068,-371,1261,-985]],"type":"Polygon","properties":{"GEOID":"391535306053"}},{"arcs":[[-1262,-374,-189,-986]],"type":"Polygon","properties":{"GEOID":"391535306054"}},{"arcs":[[-826,1262,-768,1263]],"type":"Polygon","properties":{"GEOID":"391535033004"}},{"arcs":[[-648,-769,-1263,-825]],"type":"Polygon","properties":{"GEOID":"391535033003"}},{"arcs":[[-773,1264,-727,-731,-776]],"type":"Polygon","properties":{"GEOID":"391535204002"}},{"arcs":[[-1265,-772,-781,-856,-855,-153,-723,-719,-726,-728]],"type":"Polygon","properties":{"GEOID":"391535204001"}},{"arcs":[[-13,-1151,-1152,1265]],"type":"Polygon","properties":{"GEOID":"391535335014"}},{"arcs":[[-852,-1004,-970,-916,-1208]],"type":"Polygon","properties":{"GEOID":"391535327013"}},{"arcs":[[-1195,-1199,-1021,-901]],"type":"Polygon","properties":{"GEOID":"391535301083"}},{"arcs":[[-1236,-1221,-1249,1266]],"type":"Polygon","properties":{"GEOID":"391535314072"}},{"arcs":[[-974,-897,-1207,-1228]],"type":"Polygon","properties":{"GEOID":"391535327082"}},{"arcs":[[-185,1267,1268,-1215,-921]],"type":"Polygon","properties":{"GEOID":"391535327031"}},{"arcs":[[-795,-342,-1201,-568,1269,-410,-223,-798]],"type":"Polygon","properties":{"GEOID":"391535080001"}},{"arcs":[[-1270,-567,-563,-1187,-716,-515,1270,-1257,-1246,-26,-416]],"type":"Polygon","properties":{"GEOID":"391535075011"}},{"arcs":[[-876,-827,-1264,-770,-1189,-872]],"type":"Polygon","properties":{"GEOID":"391535033005"}},{"arcs":[[-66,-1226,-1096,-1139,-1136,-1138,-311,-560]],"type":"Polygon","properties":{"GEOID":"391535309011"}},{"arcs":[[-645,-637,-1050,-635,-353,-631,-571,-624,-1029,-194,1271]],"type":"Polygon","properties":{"GEOID":"391535320012"}},{"arcs":[[-521,-524,-272,-437,-1261,-1258,-1271]],"type":"Polygon","properties":{"GEOID":"391535075021"}},{"arcs":[[-84,-595,-594,-475,-482,-1005]],"type":"Polygon","properties":{"GEOID":"391535318012"}},{"arcs":[[-1190,-767,-1181,1272,-590,-586]],"type":"Polygon","properties":{"GEOID":"391535318024"}},{"arcs":[[-1254,-1244,-1253,-1238,1273,1274]],"type":"Polygon","properties":{"GEOID":"391535315021"}},{"arcs":[[-1273,-1182,-1252,-639,-591]],"type":"Polygon","properties":{"GEOID":"391535318022"}},{"arcs":[[-848,-1083,-1091,-1087,-1225,-670,-156]],"type":"Polygon","properties":{"GEOID":"391535201054"}},{"arcs":[[-1274,-1237,-1267,-1248,1275]],"type":"Polygon","properties":{"GEOID":"391535314062"}},{"arcs":[[-495,-487,-1242,-1255,-1275,-1276,-1251,1276,-1030]],"type":"Polygon","properties":{"GEOID":"391535315022"}},{"arcs":[[-1211,-969,-839,-778,-1,-1183]],"type":"Polygon","properties":{"GEOID":"391535329025"}},{"arcs":[[-1269,1277,-1210,-1260,-1216]],"type":"Polygon","properties":{"GEOID":"391535327032"}},{"arcs":[[-1033,1278,-976,-1229,-1205,-1278,-1268]],"type":"Polygon","properties":{"GEOID":"391535327014"}}]}}}