{"type":"Topology","arcs":[[[4067,12034],[350,3]],[[4417,12037],[1,-22],[7,-29],[0,-22],[54,0],[5,-23],[10,-21],[41,-63],[18,-19],[21,-13],[5,-15],[-1,-56],[-33,1],[-2,-39],[-110,1],[-1,-61],[-28,0],[0,-62],[-128,0],[-11,5],[-26,-28],[-14,-12],[-10,-5],[-8,-9],[-2,-9],[0,-101]],[[4205,11435],[-134,0]],[[4071,11435],[-2,186]],[[4069,11621],[-2,413]],[[5230,14438],[52,-1],[248,-1],[105,-1],[68,0],[110,-1]],[[5813,14434],[0,-157],[0,-59],[0,-134],[-1,-88],[-1,-102],[1,-57]],[[5812,13837],[-271,4],[-123,0],[-192,1]],[[5226,13842],[1,115],[1,209],[1,107],[2,107],[-1,58]],[[5813,14434],[97,-1],[120,0],[94,-1],[97,0]],[[6221,14432],[10,-34],[13,-54],[10,-62],[14,-118],[6,-48],[8,-57],[9,-51],[11,-42],[42,-136]],[[6344,13830],[-116,2],[-206,3],[-34,1],[-83,0],[-51,1],[-42,0]],[[5229,13240],[130,-1],[50,-3],[44,0],[108,-2],[193,2],[57,1]],[[5811,13237],[1,-82],[2,-53],[0,-46],[-1,-40],[0,-31]],[[5813,12985],[4,-123],[0,-92],[-1,-71],[0,-64]],[[5816,12635],[-34,0],[-210,-2],[-112,1],[-172,3],[-58,1]],[[5230,12638],[1,75],[-1,76],[0,76],[-1,125],[0,99],[-1,106],[1,45]],[[5811,13237],[45,0],[53,-1],[45,1],[96,-1],[99,-3],[144,-3],[49,-2],[83,-1],[47,-1]],[[6472,13226],[7,-58],[3,-61],[-1,-27],[-5,-68],[-12,-127],[-4,-47],[-7,-42],[-21,-86],[-23,-85]],[[6409,12625],[-112,0],[-126,2],[-61,1],[-49,1]],[[6061,12629],[2,51],[22,35],[14,14],[27,14],[26,3],[68,-10],[19,1],[16,4],[17,9],[10,11],[13,23],[5,22],[-1,18],[-8,23],[-2,15],[3,14],[7,14],[16,19],[5,13],[5,22],[10,10],[6,11],[0,13],[-4,32],[-19,-3],[-26,-14],[-13,-4],[-38,0],[-27,7],[-25,-6],[-23,1],[-13,5],[-92,2],[-12,3],[-24,-2],[-29,-12],[-59,16],[-17,2],[-39,-3],[-40,-2],[-7,-1],[-21,-14]],[[8431,13223],[38,0],[74,2],[48,0],[113,0],[115,0],[63,2],[111,0],[124,0],[33,1],[78,0],[72,2],[84,0],[140,1],[91,-1],[186,-6],[95,-2],[167,2],[45,-1],[58,1],[185,-1],[79,1],[176,0],[81,-2],[65,0],[21,-2],[97,0],[90,-2],[81,-1],[10,-1],[100,-1],[27,2],[81,-1],[115,-1],[80,0],[161,-2],[27,1],[75,1],[54,-1],[115,0],[89,2],[72,-1],[72,-1],[85,0]],[[12204,13214],[0,-46],[0,-37],[-1,-71],[1,-49],[0,-32],[0,-117],[2,-66],[-1,-150],[1,-74],[1,-74],[-1,-33],[2,-31],[-2,-42],[1,-17],[-1,-94],[1,-29],[0,-66],[1,-135],[-1,-38]],[[12207,12013],[-12,2],[-31,-2],[-72,0],[-73,1],[-70,-1],[-30,0],[-101,-3],[-84,-5],[-31,-5],[-25,-9],[-33,-17],[-127,-93],[-16,-10],[-36,-17],[4,-8],[-20,-11],[-10,6],[-65,-32],[-76,-27],[-44,-20],[-93,-44],[-88,-38],[-2,-9],[-22,-9],[0,7]],[[11050,11669],[-2,174],[1,175]],[[11049,12018],[-2,156],[-1,140],[-2,261],[-1,44],[-68,0],[-81,0],[-37,0],[-50,2],[-76,0],[-75,2],[-73,0],[-113,2],[-103,0],[-42,-1],[-82,1],[-71,-2],[-32,1],[-62,0],[-16,-1],[-105,-1],[-54,0],[-47,2],[-81,1],[-76,-1],[-141,2],[-159,3],[-63,-1],[-30,1]],[[9306,12629],[-84,-1],[-128,0],[-235,-2],[-228,0],[-212,-1]],[[8419,12625],[6,49],[2,30],[3,63],[2,95],[-1,131],[-1,98],[1,132]],[[6221,14432],[176,-2],[43,-1],[171,-2],[39,1],[111,-1],[110,2],[109,0]],[[6980,14429],[1,-33],[-1,-195],[0,-158],[0,-196],[0,-22]],[[6980,13825],[-1,-59],[0,-219],[0,-29],[0,-58],[0,-236]],[[6979,13224],[-72,-1],[-129,3],[-27,0],[-32,-2],[-80,0],[-77,2],[-44,-1],[-46,1]],[[6472,13226],[-20,123],[-5,33],[-23,137],[-15,90],[-6,28],[-16,57],[-18,58],[-25,78]],[[4286,11435],[367,-1]],[[4653,11434],[2,-436]],[[4655,10998],[-46,0],[-32,-6],[-22,-11],[-39,-22],[-41,-15],[-21,-5],[-34,-2],[-17,4],[-18,10],[4,9],[-2,23],[2,18],[-27,4],[-35,-11],[-12,-1],[-50,0]],[[4265,10993],[0,116],[-9,24],[0,17],[69,0],[20,3],[1,197],[-1,61],[-59,1],[0,23]],[[6981,12304],[1,-153],[0,-130]],[[6982,12021],[-116,0],[-111,1],[-60,1]],[[6695,12023],[-121,2],[-72,0],[-77,-1],[-21,1]],[[6404,12025],[-3,0]],[[6401,12025],[1,116],[-2,71],[1,57],[-1,111],[71,0],[14,-7],[11,1],[17,12],[12,3],[11,-3],[18,-18],[8,-12],[39,10],[10,-3],[20,-17],[11,-3],[68,39],[13,-1],[6,-7],[3,-20],[9,-9],[19,-3],[60,0],[15,11],[13,-10],[19,-1],[1,-35],[22,-1],[9,-2],[9,-9],[20,11],[32,0],[21,-2]],[[4652,12032],[288,2]],[[4940,12034],[2,-325]],[[4942,11709],[2,-276]],[[4944,11433],[-291,1]],[[4653,11434],[-1,598]],[[4067,12935],[290,-3],[146,0],[119,1],[2,35],[5,27],[10,29],[6,28],[3,37],[-1,24],[-1,117]],[[4646,13230],[35,0],[94,2],[52,1],[74,1],[144,3],[184,3]],[[5230,12638],[-142,-1],[-88,-2],[-196,-2],[-153,-2]],[[4651,12631],[-52,0],[-104,2],[-205,1],[-33,0],[-190,2]],[[4067,12636],[0,92],[0,207]],[[1743,10835],[512,0]],[[2255,10835],[-1,-15],[-5,-10],[0,-32],[-5,-17],[-17,-33],[-10,-13],[-18,-17],[-33,-23],[-27,-21],[-14,-17],[-10,-18],[-11,-35],[-3,-23],[1,-14],[11,-66],[0,-43],[13,-93],[-1,-22],[-15,-37],[-17,-25],[-6,-16],[1,-27]],[[2088,10218],[-347,0]],[[1741,10218],[2,617]],[[4651,12631],[0,-150],[-2,-113],[2,-36]],[[4651,12332],[1,-300]],[[4652,12032],[-235,5]],[[4067,12034],[-1,285],[1,84],[0,233]],[[3494,12643],[146,-2],[91,-1],[336,-4]],[[4067,12034],[-573,7]],[[3494,12041],[0,298],[1,193],[-1,111]],[[3,10835],[577,-1]],[[580,10834],[0,-614]],[[580,10220],[-578,11]],[[2,10231],[1,604]],[[2255,10835],[637,0]],[[2892,10835],[602,0]],[[3494,10835],[0,-613]],[[3494,10222],[-585,-3],[-501,-1]],[[2408,10218],[-320,0]],[[6979,13224],[0,-91],[0,-112],[1,-38],[1,-121],[-2,-80],[1,-95],[0,-63]],[[6980,12624],[-75,0],[-143,-1],[-159,2],[-117,0],[-77,0]],[[8430,13824],[279,3],[23,2],[94,0],[151,1],[313,1],[101,-1],[36,0],[357,-4],[90,-2],[75,1],[84,1],[74,-1],[176,2],[208,0],[64,-2],[377,-4],[157,-5],[110,0],[93,-2],[33,2],[84,0],[54,-1],[109,1],[75,1],[106,-2],[22,-3],[21,3],[82,-2],[83,0],[51,-1],[152,2],[40,-1]],[[12204,13813],[2,-149],[0,-86],[1,-30],[-1,-156],[-2,-146],[0,-32]],[[8431,13223],[-1,269],[0,332]],[[11049,12018],[-92,1],[-114,0],[-26,0],[-175,2],[-37,-1],[-51,1],[-77,1],[-10,1],[-102,-1],[-123,0],[-123,-1],[-164,-1],[-62,-1],[-58,2],[-60,1],[-152,0],[-71,2],[-80,0],[-70,1],[-97,0],[0,90],[1,99],[0,145],[-1,69],[1,66],[0,135]],[[3494,11437],[577,-2]],[[4071,11435],[0,-404]],[[4071,11031],[1,-197]],[[4072,10834],[-291,0]],[[3781,10834],[-74,1]],[[3707,10835],[-213,0]],[[3494,10835],[0,232],[1,98],[-1,272]],[[3492,13245],[155,-2],[189,-5],[187,-1],[44,-1]],[[4067,13236],[-1,-64],[1,-70],[0,-167]],[[3494,12643],[0,220],[0,104],[-2,170],[0,108]],[[580,10834],[581,1]],[[1161,10835],[-1,-618]],[[1160,10217],[-580,3]],[[1161,10835],[582,0]],[[1741,10218],[-581,-1]],[[4651,12332],[289,2],[0,-300]],[[5811,13237],[2,73],[-2,107],[0,110],[1,52],[0,215],[0,43]],[[4069,11621],[-15,0],[-32,-5],[-28,3],[-23,-3],[-14,0],[-13,5],[-23,11],[-17,-5],[-6,-7],[-3,-15],[5,-15],[-22,-20],[-17,-20],[-15,-11],[-19,-8],[-32,-5],[-60,-7],[-25,4],[-50,24],[-11,12],[-17,31],[-8,28],[-5,44],[0,17],[12,33],[3,14],[-2,22],[-9,30],[-5,29],[0,26],[7,17],[-24,10],[-19,4],[-20,-2],[-47,-25],[-21,1]],[[3494,11838],[0,203]],[[7882,3612],[28,0],[167,-1],[58,1],[31,6],[9,-1]],[[8175,3617],[0,-6]],[[8175,3611],[2,-125]],[[8177,3486],[1,-60],[1,-62],[1,-85]],[[8180,3279],[0,-46],[3,-112],[2,-60],[-1,-49]],[[8184,3012],[-259,3]],[[7925,3015],[-47,33],[-58,42],[-128,87],[-27,19],[-43,26],[-22,10]],[[7600,3232],[-1,103],[-1,129],[-1,112],[-1,38],[99,-2],[94,1],[93,-1]],[[6444,2420],[578,-2]],[[7022,2418],[1,-374]],[[7023,2044],[0,-224]],[[7023,1820],[-274,0]],[[6749,1820],[-307,1]],[[6442,1821],[2,599]],[[7019,602],[212,0],[154,-1],[225,1]],[[7610,602],[0,-289]],[[7610,313],[0,-296]],[[7610,17],[-588,3]],[[7022,20],[-3,582]],[[7301,1371],[1,71],[77,1],[28,-9],[13,-2],[188,-1]],[[7608,1431],[0,-213]],[[7608,1218],[-332,0]],[[7276,1218],[0,30],[2,15],[18,49],[5,26],[0,33]],[[7608,1218],[395,0]],[[8003,1218],[183,0]],[[8186,1218],[0,-589],[2,-41]],[[8188,588],[-53,4],[-103,7],[-30,1]],[[8002,600],[-104,1],[-288,1]],[[7610,602],[-2,616]],[[8002,600],[-7,-17],[-16,-25],[-6,-48],[62,-18],[-27,2],[-14,-15],[-10,-16],[-6,-26],[0,-25],[2,-45],[28,-1],[27,1],[0,-31],[-83,0],[-6,2],[-11,-20],[-325,-5]],[[8188,588],[0,-39],[-1,-49],[-1,-3],[1,-103],[0,-93]],[[8187,301],[-252,0],[0,-39],[-15,-19],[-5,-11],[0,-59],[-19,-2],[-25,2],[0,-23],[0,-132]],[[7871,18],[-261,-1]],[[12795,1220],[576,-3],[577,-2],[551,-2]],[[14499,1213],[-3,-598],[1,-295]],[[14497,320],[-202,3],[-86,7],[-79,12],[-47,9],[-60,13],[-57,15],[-57,18],[-74,27],[-47,19],[-59,27],[-192,102],[-81,44],[-100,56],[-68,36],[-284,156],[-156,84],[-152,84],[-91,50],[-112,61],[-117,63]],[[12376,1206],[34,11],[38,4],[347,-1]],[[6448,3517],[15,-4],[36,16],[34,4],[24,-2],[27,9],[14,9],[26,7],[13,7],[40,28],[53,29],[21,22],[57,39],[21,16],[36,32],[21,11],[13,3],[12,8],[18,8],[17,11],[19,5],[49,24],[15,12]],[[7029,3811],[1,-92],[-7,0],[1,-224]],[[7024,3495],[-1,-37],[5,0],[0,-34],[0,-65],[0,-42],[-6,0],[1,-299]],[[7023,3018],[-581,3]],[[6442,3021],[4,286],[2,210]],[[82,3617],[175,0],[193,-1],[122,0],[70,-2],[6,6]],[[648,3620],[1,-157],[521,3],[59,0]],[[1229,3466],[82,0],[96,-3],[246,-10],[93,-1],[58,-1]],[[1804,3451],[136,0],[444,0]],[[2384,3451],[1,-435]],[[2385,3016],[-16,-6],[-21,-2],[-6,3],[-35,4],[-21,5],[-23,1],[-39,-14],[-19,-4],[-30,4],[-15,4],[-8,-9],[-8,-1],[-36,7],[-15,12],[-16,3],[-49,-1],[-31,3],[-35,7],[-24,-2],[-4,-6],[-18,-5],[-23,-15],[-9,-3],[-3,-7],[-23,-11],[-5,-6],[-17,1],[-7,-5],[-22,-5],[1,-551]],[[1808,2417],[-492,0],[-661,0],[-568,5]],[[87,2422],[-1,519],[-2,23],[-2,653]],[[1223,3923],[145,0]],[[1368,3923],[192,-2]],[[1560,3921],[242,-1],[0,-36]],[[1802,3884],[1,-263]],[[1803,3621],[-6,-6],[-50,0],[-378,2],[-140,0],[-5,6]],[[1224,3623],[-1,300]],[[6451,5416],[535,1]],[[6986,5417],[39,0]],[[7025,5417],[-1,-602]],[[7024,4815],[-287,-1]],[[6737,4814],[0,226],[-85,-1],[-202,0]],[[6450,5039],[1,377]],[[5871,5118],[-2,-300]],[[5869,4818],[-71,0],[-49,-1],[-25,1],[-72,-1]],[[5652,4817],[-6,89],[-7,25],[-11,15],[-22,20],[-8,10],[-9,17],[-3,13],[-1,36],[-7,0],[0,-31],[-5,-19],[-13,-22],[-24,-21],[-10,-13],[-7,-16],[-3,-13],[-6,-89]],[[5510,4818],[-47,1],[-11,0],[-132,-1],[-36,1]],[[5284,4819],[-4,51],[-3,65],[-5,66]],[[5272,5001],[-1,51],[6,32],[15,22],[0,13],[11,2],[205,-1],[66,-3],[8,2],[217,-1],[72,0]],[[5051,3791],[0,42]],[[5051,3833],[2,20],[222,-6],[11,-1]],[[5286,3846],[-3,-55],[0,-81]],[[5283,3710],[-1,-91]],[[5282,3619],[-231,0]],[[5051,3619],[-1,45],[-1,47],[2,80]],[[1808,2417],[1,-302],[0,-92],[2,-209],[0,-149]],[[1811,1665],[-1,-68],[-2,-20],[-16,-33],[-7,-9],[-27,-19],[10,-24],[12,-24],[15,-17],[15,-13],[0,-224],[-575,0]],[[1235,1214],[0,97]],[[1235,1311],[0,504],[-577,0],[-572,3]],[[86,1818],[0,129],[1,94],[0,381]],[[7552,13820],[26,-1],[59,1],[95,0],[69,1],[107,0],[89,0],[192,1],[194,2],[47,0]],[[8431,13223],[-39,-1],[-127,1],[-124,-3],[-92,1],[-122,-1],[-195,1],[-131,-2],[-45,1]],[[7556,13220],[-3,483],[0,74],[-1,43]],[[7948,9136],[23,32],[14,14],[24,15],[32,6],[67,-2],[23,1],[26,6],[52,15],[223,54],[81,12],[45,8],[45,11],[175,44],[26,8],[74,27],[28,8],[397,98],[514,126],[69,18],[582,144]],[[10468,9781],[0,-192],[-1,-574]],[[10467,9015],[-583,8],[-582,-2],[-573,-3],[-594,0]],[[8135,9018],[-38,0]],[[8097,9018],[-209,0]],[[7888,9018],[30,59],[30,59]],[[5236,8415],[295,1]],[[5531,8416],[290,0]],[[5821,8416],[583,-3]],[[6404,8413],[576,1]],[[6980,8414],[0,-569],[0,-629]],[[6980,7216],[-526,-1],[-575,1]],[[5879,7216],[-59,-1]],[[5820,7215],[2,600],[-584,-1]],[[5238,7814],[-1,156]],[[5237,7970],[-1,128],[1,49],[-1,228],[0,40]],[[1746,14451],[0,-38],[0,-258],[-1,-128],[1,-149],[-2,-140],[0,-196],[-1,-117],[0,-123],[1,-114],[-1,-143],[0,-139],[0,-44],[0,-55],[0,-66],[-1,-104]],[[1742,12637],[-124,0],[-84,-1],[-171,0],[-85,0],[-90,-1],[-84,1],[-185,0],[-93,-1],[-90,1],[-179,-1],[-89,1],[-71,-1],[-89,1],[-165,1],[-58,0],[-84,0]],[[1,12637],[1,124],[0,101],[0,14],[0,197],[0,72],[0,76],[-1,167],[1,106],[-1,410],[-1,104],[2,276],[-1,171],[112,0],[75,-1],[199,0],[71,1],[158,-2],[58,1],[146,-1],[68,0],[128,0],[121,-1],[90,0],[58,-1],[85,1],[197,-1],[126,-1],[53,1]],[[4707,4177],[0,42]],[[4707,4219],[1,152]],[[4708,4371],[13,-1],[79,-3],[54,2]],[[4854,4369],[-1,-47],[1,-52]],[[4854,4270],[-2,-51],[-2,-59]],[[4850,4160],[-97,3],[-46,2]],[[4707,4165],[0,12]],[[2408,10218],[-4,-15],[-14,-23],[0,-9],[7,-12],[24,-10],[-2,-17],[-7,-8],[-22,-12],[-4,-5],[0,-16],[-5,-36],[-13,-17],[-9,-6],[-12,-13],[-8,-17],[-14,-49],[0,-17],[6,-25],[8,-20],[13,-20],[18,-20],[5,-16],[-6,-4],[-17,-4],[-44,-1],[-24,-7],[-12,-7],[-26,-27],[-15,-48],[-4,-58],[-5,-34],[-6,-27]],[[2216,9618],[-196,0],[-45,-6],[-102,-3],[-81,-6],[-50,-4]],[[1742,9599],[-1,619]],[[1803,3621],[6,-6],[58,-1],[225,0]],[[2092,3614],[94,0],[174,-1],[17,1],[7,5]],[[2384,3619],[0,-168]],[[1804,3451],[-1,170]],[[5239,10220],[219,-1],[71,0]],[[5529,10219],[141,-2],[148,0],[2,-371]],[[5820,9846],[-37,-56],[-37,-54],[-17,-27],[-61,-92]],[[5668,9617],[-429,2]],[[5239,9619],[0,601]],[[5668,9617],[-86,-127],[-51,-85],[-53,-80],[-31,-50],[-43,-64],[-41,-65],[-85,-130]],[[5278,9016],[-37,0]],[[5241,9016],[-1,260]],[[5240,9276],[-1,343]],[[580,10220],[0,-572]],[[580,9648],[-411,7],[-51,-2],[-33,-5],[-55,-15],[-29,-11]],[[1,9622],[1,423],[-1,52],[1,75],[0,59]],[[4847,3768],[50,0],[0,-102],[50,0],[48,-2]],[[4995,3664],[2,-45],[54,0]],[[5282,3619],[0,-73]],[[5282,3546],[-124,0],[0,-5],[-73,0],[-33,0],[0,-183],[107,0],[0,-44],[42,-3],[61,0],[11,1]],[[5273,3312],[-1,-27]],[[5272,3285],[-1,-35]],[[5271,3250],[-1,-98],[-3,-79],[-2,-109]],[[5265,2964],[-37,-12],[-26,-2],[-9,-4],[-17,1],[-16,7]],[[5160,2954],[-19,4],[-14,8],[-27,-1],[-7,-9],[-17,-6],[-19,0],[-21,4],[-7,-5],[-17,2],[-17,8]],[[4995,2959],[-9,-4],[-19,6],[-16,15],[-14,7],[-9,1],[-38,14]],[[4890,2998],[0,147],[0,41],[-5,16],[-13,22],[-5,24],[-15,34],[0,24],[-6,16],[0,297],[1,149]],[[5051,3791],[-57,1]],[[4994,3792],[-1,41],[58,0]],[[4998,4271],[1,52],[0,46]],[[4999,4369],[67,-1],[101,1]],[[5167,4369],[0,-1]],[[5167,4368],[-4,-149],[1,-23]],[[5164,4196],[-1,-43]],[[5163,4153],[-102,3]],[[5061,4156],[-66,1]],[[4995,4157],[-1,63],[3,11],[1,40]],[[5869,4818],[-1,-215]],[[5868,4603],[-20,5],[-62,7],[-30,4],[-29,1],[-35,-3],[-32,-1],[-2,-240],[-3,-7]],[[5655,4369],[-7,-2],[-63,1],[-7,2]],[[5578,4370],[3,6],[0,43],[3,40],[5,77],[7,77],[8,83],[10,24],[28,31],[10,27],[0,39]],[[6980,13825],[109,-1],[104,0],[131,0],[58,-2],[53,0],[117,-2]],[[7556,13220],[-75,1],[-51,-1],[-130,2],[-45,0],[-128,0],[-148,2]],[[8257,12029],[7,35],[15,61],[29,102],[16,49],[45,129],[18,65],[11,46],[14,61],[7,48]],[[11050,11669],[-89,-40],[-85,-38],[-135,-61],[-44,-20],[-176,-80],[-28,-8],[-25,-2]],[[10468,11420],[-75,0],[-80,-1],[-83,-1],[-180,0],[-196,0],[-79,1],[-209,0],[-147,2],[-77,-1],[-143,1],[-113,0],[-181,-1],[-183,0],[-86,0],[-173,-1],[-82,2],[-23,0],[-78,1],[-14,-2],[-70,-16],[-28,-3]],[[8168,11401],[13,110],[15,107],[8,78],[11,97],[10,73],[15,82],[17,81]],[[4847,3817],[1,45]],[[4848,3862],[145,-5],[0,41]],[[4993,3898],[61,-1]],[[5054,3897],[51,-2]],[[5105,3895],[50,-1]],[[5155,3894],[65,-2],[0,42],[-64,3]],[[5156,3937],[3,86]],[[5159,4023],[1,44]],[[5160,4067],[3,86]],[[5164,4196],[131,-4]],[[5295,4192],[-3,-86]],[[5292,4106],[-4,-175]],[[5288,3931],[-2,-85]],[[4994,3792],[1,-24],[0,-104]],[[4847,3768],[0,49]],[[5061,4156],[0,-43],[50,-2],[-1,-43]],[[5110,4068],[-1,-43]],[[5109,4025],[-3,-87]],[[5106,3938],[-50,2],[-2,-43]],[[4993,3898],[0,66],[1,43],[-1,21],[1,65],[1,64]],[[5160,4067],[-50,1]],[[5106,3938],[-1,-43]],[[5109,4025],[50,-2]],[[5156,3937],[-50,1]],[[5156,3937],[-1,-43]],[[5282,3546],[0,-19],[-3,-79],[-3,-91],[-3,-45]],[[5652,4817],[-142,1]],[[5655,4369],[6,-2],[59,0],[5,1]],[[5725,4368],[8,-2],[135,-1]],[[5868,4365],[33,0],[6,2]],[[5907,4367],[3,-4],[0,-160],[-9,-10],[-172,1],[-11,1],[-74,1],[-14,2],[-31,0],[1,41],[-5,31],[4,15],[-12,37],[-9,48]],[[4706,3875],[1,264]],[[4707,4139],[0,26]],[[4850,4160],[-1,-3],[45,-1]],[[4894,4156],[53,0]],[[4947,4156],[48,1]],[[4848,3862],[-21,1],[-79,28],[-1,-31],[20,-7],[-4,-14],[11,-3],[-1,-18],[24,1],[50,-2]],[[4847,3768],[-142,1]],[[4705,3769],[1,106]],[[1742,9599],[-37,-3],[-61,-1],[-57,7],[-41,3],[-43,5],[-75,-3],[-78,4],[-58,4],[-131,8]],[[1161,9623],[-1,594]],[[648,3620],[6,-6],[186,0],[216,1],[163,3],[5,5]],[[1224,3623],[4,-63],[1,-94]],[[2094,3912],[50,5],[241,23]],[[2385,3940],[-1,-321]],[[2092,3614],[2,96],[0,202]],[[6163,5417],[3,0]],[[6166,5417],[285,-1]],[[6450,5039],[0,-225]],[[6450,4814],[-288,2]],[[6162,4816],[1,262],[-2,38]],[[6161,5116],[1,225],[1,76]],[[4130,5420],[61,0],[16,1],[53,0],[54,-1],[98,0]],[[4412,5420],[11,0]],[[4423,5420],[-1,-150]],[[4422,5270],[-162,0],[0,46],[-38,0],[10,-16],[5,-15],[-1,-11],[-7,-14],[-16,11],[-15,3],[-68,0]],[[4130,5274],[0,146]],[[4423,5420],[291,0]],[[4714,5420],[-2,-299]],[[4712,5121],[-225,0]],[[4487,5121],[-66,0]],[[4421,5121],[1,149]],[[3543,4966],[144,0],[79,-1],[73,2]],[[3839,4967],[1,-112],[-4,-37]],[[3836,4818],[-293,-3]],[[3543,4815],[0,151]],[[4130,5121],[124,0]],[[4254,5121],[-1,-85]],[[4253,5036],[0,-218]],[[4253,4818],[-56,0],[-67,2]],[[4130,4820],[0,301]],[[4253,5036],[112,0],[0,-44],[55,0],[0,-172]],[[4420,4820],[-122,0],[-45,-2]],[[4711,4906],[1,215]],[[4712,5121],[146,-1]],[[4858,5120],[145,-1]],[[5003,5119],[-2,-300]],[[5001,4819],[-158,0]],[[4843,4819],[-132,1]],[[4711,4820],[0,86]],[[2672,6022],[290,-1]],[[2962,6021],[1,-455]],[[2963,5566],[-111,-3],[-66,1],[-113,-1]],[[2673,5563],[0,217]],[[2673,5780],[-1,166],[0,76]],[[1801,6021],[143,1]],[[1944,6022],[148,0]],[[2092,6022],[-2,-94],[1,-207]],[[2091,5721],[0,-159]],[[2091,5562],[-289,-1]],[[1802,5561],[-1,460]],[[7023,3018],[-1,-392]],[[7022,2626],[0,-208]],[[6444,2420],[-1,301]],[[6443,2721],[-1,300]],[[6110,12031],[107,-3],[69,0]],[[6286,12028],[-10,-108],[-11,-110],[-6,-57],[-9,-84]],[[6250,11669],[-18,0],[-15,-6],[-18,-17],[-15,-19],[-16,-11],[-16,24],[-8,22],[-10,16],[-12,8],[-11,0]],[[6111,11686],[1,92],[-1,58],[0,72],[-1,86],[0,37]],[[1,7471],[20,0],[0,31],[160,0]],[[181,7502],[0,-36],[-13,-20],[-11,-5],[-26,0],[0,-135],[-80,0],[0,-91]],[[51,7215],[-51,1],[1,16],[0,239]],[[4556,6010],[5,-4],[3,-30],[-1,-31],[0,-73]],[[4563,5872],[-70,0],[-19,-1],[-127,1],[-35,24]],[[4312,5896],[-23,12],[7,33],[14,12],[20,10],[10,8],[10,20],[9,5],[19,3],[45,6],[133,5]],[[4542,6248],[0,13],[13,94],[0,43],[-1,27],[5,16],[12,14],[15,10],[13,4],[64,2],[52,0]],[[4715,6471],[0,-86]],[[4715,6385],[-1,-159],[3,-35],[0,-42],[-3,-126]],[[4714,6023],[0,-151]],[[4714,5872],[-151,0]],[[4556,6010],[7,4],[2,10],[-6,42],[-2,33]],[[4557,6099],[-1,20],[-8,33],[-4,35],[-2,38],[0,23]],[[5510,4818],[-2,-31],[2,-15],[11,-25]],[[5521,4747],[-7,-12],[-8,-2],[-107,0],[0,-121],[164,1]],[[5563,4613],[7,-76],[5,-78],[0,-40],[-1,-43],[4,-6]],[[5578,4370],[-14,-2],[-59,-1],[-2,-4],[0,-81],[-104,0],[0,84],[-100,1]],[[5299,4367],[5,194],[-7,110],[-5,55],[-6,78]],[[5286,4804],[-2,15]],[[5521,4747],[26,-28],[9,-23],[7,-83]],[[4708,4524],[3,2],[-2,35],[2,259]],[[4843,4819],[2,-19],[-1,-215],[9,-24],[0,-42]],[[4853,4519],[-52,0],[-74,-1],[-5,-3],[-13,3],[-1,6]],[[4420,4820],[67,0]],[[4487,4820],[0,-128],[-130,-1]],[[4357,4691],[-12,41],[-39,-12],[-7,1],[-12,7],[10,-33],[-4,-1],[-92,1],[-68,-1],[-4,-5]],[[4129,4689],[1,131]],[[4357,4691],[41,-138],[9,-34]],[[4407,4519],[-60,0]],[[4347,4519],[-158,0],[-62,-1]],[[4127,4518],[0,42],[1,5],[1,124]],[[4120,3031],[2,411]],[[4122,3442],[21,4],[10,6],[24,0],[8,6],[15,2],[24,-2],[9,-4],[26,-2],[36,-6],[10,-6],[31,-22],[29,-8],[13,0],[38,-12],[10,-5],[29,-28],[11,-14],[28,-18],[25,-20],[22,-21],[13,-7]],[[4554,3285],[-12,-6],[-56,-32],[-15,8],[3,-14],[9,-7],[5,-9],[-1,-45],[73,0],[-1,-162],[-73,-3],[-60,2],[-306,-2]],[[4120,3015],[0,16]],[[4554,3285],[39,-57],[13,-21],[7,-7],[35,-19],[6,-5],[45,-46],[5,-7]],[[4704,3123],[20,-35],[23,-22],[39,-30],[20,-11],[17,-5],[19,-3],[19,1],[9,-4],[20,-16]],[[4995,2959],[0,-55],[-5,-54],[-1,-49]],[[4989,2801],[-220,0],[-65,1],[0,-85]],[[4704,2717],[-292,-1]],[[4412,2716],[-291,-1]],[[4121,2715],[0,42],[-1,43],[1,64],[-1,151]],[[3546,2690],[101,60],[30,17],[106,64],[44,26]],[[3827,2857],[4,-14],[0,-171]],[[3831,2672],[1,-258]],[[3832,2414],[-145,-1]],[[3687,2413],[-141,-1]],[[3546,2412],[0,278]],[[3832,2414],[0,-308]],[[3832,2106],[-73,0],[-76,-1]],[[3683,2105],[4,18],[-1,269],[1,21]],[[3827,2857],[76,44],[57,36],[114,66],[46,28]],[[4121,2715],[0,-42]],[[4121,2673],[-239,0],[-51,-1]],[[2383,5120],[144,1]],[[2527,5121],[147,1],[35,-17],[52,0]],[[2761,5105],[40,1],[0,-39]],[[2801,5067],[1,-20],[6,-19],[10,-15],[0,-22],[-155,0],[-21,-7],[-28,0],[-14,6],[-72,0],[1,-168]],[[2529,4822],[-146,-1]],[[2383,4821],[0,259]],[[2383,5080],[0,40]],[[2801,5067],[15,-1],[12,4],[24,20],[23,24],[27,42],[15,13],[47,2]],[[2964,5171],[0,-348]],[[2964,4823],[-243,-1]],[[2721,4822],[-192,0]],[[2964,4823],[1,-303]],[[2965,4520],[-81,0],[-210,1]],[[2674,4521],[0,59],[1,129],[4,13],[42,62],[0,38]],[[2674,4521],[-221,1],[-69,-1]],[[2384,4521],[-1,300]],[[2674,4521],[1,-38],[0,-121],[-1,-143]],[[2674,4219],[-289,1]],[[2385,4220],[-1,301]],[[2382,6623],[0,198]],[[2382,6821],[63,-34],[224,-125],[72,-39]],[[2741,6623],[-70,0]],[[2671,6623],[-128,0],[1,-15],[4,-7],[15,0],[-1,-13],[-4,-13],[-11,-19],[-5,-18],[0,-91],[-20,1],[-24,6],[-34,0],[-17,-5],[-26,-23],[-11,-1],[-2,-20],[-5,-11],[-21,4]],[[2382,6398],[0,225]],[[2382,6273],[20,0],[17,-4],[0,-62],[7,-17],[3,-17],[242,0]],[[2671,6173],[1,-151]],[[2672,6022],[-290,1]],[[2382,6023],[0,250]],[[2382,6326],[0,72]],[[2671,6623],[0,-208],[0,-38]],[[2671,6377],[0,-204]],[[2382,6273],[0,53]],[[2962,7040],[0,-116]],[[2962,6924],[0,-301],[154,-3]],[[3116,6620],[17,-1]],[[3133,6619],[-17,-101],[1,-4],[-24,-31],[2,-58]],[[3095,6425],[-27,15],[-106,60]],[[2962,6500],[-82,46],[-139,77]],[[2382,6821],[22,34],[31,8],[18,-3],[16,-9],[25,-5],[17,2],[41,15],[19,9],[13,9],[22,25],[24,39],[24,29],[16,14],[31,18],[27,9],[41,7],[23,6],[28,9],[23,10],[36,18],[13,2],[21,-1],[12,-5],[37,-21]],[[2962,7040],[32,-16],[14,-5],[111,-25],[30,-11],[76,-42],[-5,41],[-7,23],[-27,83],[-6,24],[-4,24],[-2,25],[0,24],[3,31]],[[3177,7216],[61,-1],[305,0]],[[3543,7215],[0,-145]],[[3543,7070],[-25,-9],[-41,-17],[-62,-33],[-39,-26],[-35,-28],[-32,-28],[-25,-11],[-2,-11],[-34,-38],[-28,0]],[[3220,6869],[-108,2],[1,33],[-27,-1],[-17,-8],[-22,-3],[0,20],[-5,10],[-80,2]],[[3220,6869],[-9,-33],[-10,-23],[-67,-145],[-14,-35],[-4,-13]],[[3836,4818],[4,0]],[[3840,4818],[0,-43],[-2,-259]],[[3838,4516],[-152,-2]],[[3686,4514],[-143,1]],[[3543,4515],[0,300]],[[3840,4818],[290,2]],[[4127,4518],[-19,0],[-122,-1]],[[3986,4517],[-148,-1]],[[2964,4823],[131,-2]],[[3095,4821],[84,-2]],[[3179,4819],[-3,-3],[-1,-297]],[[3175,4519],[-151,1],[-59,0]],[[3179,4819],[39,0],[34,-1],[72,-2],[71,0]],[[3395,4816],[0,-164],[-1,-38],[1,-98]],[[3395,4516],[-71,1]],[[3324,4517],[-73,1]],[[3251,4518],[-76,1]],[[3251,4518],[2,-3],[-1,-148],[2,-151]],[[3254,4216],[-65,1],[-77,1]],[[3112,4218],[-74,2],[-73,-1]],[[2965,4219],[0,38],[0,263]],[[3324,4517],[1,-2],[0,-130],[1,-19],[89,-1],[13,-18],[8,-6],[-7,-12],[-7,-3],[-26,0],[0,-36],[72,-1],[34,0],[26,6],[14,2]],[[3542,4297],[0,-84]],[[3542,4213],[-2,0]],[[3540,4213],[-164,2],[-122,1]],[[3395,4516],[77,-2],[71,1]],[[3543,4515],[-1,-218]],[[3686,4514],[0,-128],[-1,-130],[0,-42]],[[3685,4214],[-143,-1]],[[4121,2673],[1,-128],[-12,-43],[-7,-38],[-2,-18],[10,-30]],[[4111,2416],[-9,0]],[[4102,2416],[-270,-2]],[[4102,2416],[-1,-36],[-7,-20],[-26,-41],[-28,-59],[-6,-17],[-2,-14],[-1,-69],[1,-52]],[[4032,2108],[-55,-1]],[[3977,2107],[-145,-1]],[[4412,2716],[-1,-299]],[[4411,2417],[-300,-1]],[[4411,2417],[0,-183]],[[4411,2234],[-217,0],[-72,0],[-42,1],[-25,-52],[-4,-13],[-2,-45],[6,-17]],[[4055,2108],[-23,0]],[[4411,2234],[0,-123]],[[4411,2111],[-31,-3],[-114,1],[-144,-1]],[[4122,2108],[-67,0]],[[4411,2417],[292,1]],[[4703,2418],[-1,-205]],[[4702,2213],[0,-104]],[[4702,2109],[-80,-1],[-65,4],[-73,0],[-73,-1]],[[4989,2801],[-1,-384]],[[4988,2417],[-285,1]],[[4703,2418],[1,299]],[[5160,2954],[2,-74],[1,-62],[-1,-401]],[[5162,2417],[-174,0]],[[2965,4219],[-54,-1],[-237,1]],[[7126,7215],[435,-1],[28,0]],[[7589,7214],[3,-588],[2,-604],[288,1],[1,-271],[0,-330]],[[7883,5422],[-290,-1],[-568,-4]],[[6986,5417],[14,57],[8,39],[5,42],[3,42],[1,239],[0,65],[1,74],[-1,44]],[[7017,6019],[1,103],[0,237],[-1,31],[-5,34],[-10,46],[-14,53]],[[6988,6523],[-8,29],[-6,44],[6,85],[9,39],[7,18],[36,83],[7,17],[12,42],[38,170],[14,69],[23,96]],[[7589,7214],[567,1]],[[8156,7215],[9,-24],[3,-15],[0,-547]],[[8168,6629],[2,-306],[3,-709],[-6,-28],[-10,-36],[-13,-31],[-19,-37],[-6,-18],[-2,-15],[0,-27]],[[8117,5422],[-234,0]],[[6737,4814],[-17,0]],[[6720,4814],[-270,0]],[[3543,7070],[0,-139]],[[3543,6931],[-1,-320]],[[3542,6611],[-409,8]],[[3542,6611],[0,-66],[2,0],[0,-125],[-2,-3]],[[3542,6417],[1,-4],[1,-228]],[[3544,6185],[-34,12],[-18,9],[-137,75],[-55,31],[-48,26]],[[3252,6338],[-69,39],[-88,48]],[[1221,6235],[44,1],[103,-2],[0,-32],[73,0]],[[1441,6202],[0,-25],[143,-3],[1,-71],[-31,0],[0,-62],[22,-1],[1,-17]],[[1577,6023],[-66,0]],[[1511,6023],[-42,1]],[[1469,6024],[-211,2],[-36,-1]],[[1222,6025],[-1,210]],[[1221,6629],[125,-1]],[[1346,6628],[227,-3]],[[1573,6625],[-1,-11],[-14,-16],[-2,-11],[-13,-28],[1,-30],[-8,-26],[2,-12],[-6,-19],[6,-13],[6,-3],[3,-11],[-1,-21],[-8,-22],[-20,-15],[-3,-20],[0,-25],[-3,-17]],[[1512,6325],[-72,0],[1,-123]],[[1221,6235],[0,394]],[[890,7215],[284,0]],[[1174,7215],[13,-31],[16,-22],[12,-24],[5,-25],[0,-134]],[[1220,6979],[1,-350]],[[1222,6025],[-432,-1]],[[790,6024],[-145,-1]],[[645,6023],[-1,602],[1,53],[-1,52],[39,81],[74,153],[94,189],[16,32],[11,17],[12,13]],[[1222,4523],[285,-2]],[[1507,4521],[41,0]],[[1548,4521],[0,-150],[27,-2],[8,-3],[1,-30],[0,-115]],[[1584,4221],[-24,0]],[[1560,4221],[-121,1]],[[1439,4222],[-217,1]],[[1222,4223],[0,300]],[[3838,4516],[-2,-22],[0,-107],[1,-46],[-1,-42],[-1,-84]],[[3835,4215],[-150,-1]],[[3986,4517],[-1,-167],[-3,-6],[-1,-22],[-1,-106]],[[3980,4216],[-145,-1]],[[4127,4518],[0,-43],[-1,-125],[2,-4]],[[4128,4346],[-2,-6],[-1,-123]],[[4125,4217],[-145,-1]],[[4417,4312],[73,0],[1,154],[40,0],[0,53]],[[4531,4519],[171,0]],[[4702,4519],[4,-15],[2,-39],[-1,-41],[1,-53]],[[4707,4219],[-180,-1]],[[4527,4218],[-110,-1]],[[4417,4217],[-1,42],[1,53]],[[4128,4346],[56,-1],[6,-4],[157,0]],[[4347,4341],[71,0],[-1,-29]],[[4417,4217],[-22,1],[-270,-1]],[[5167,4368],[132,-1]],[[5299,4367],[-4,-173],[0,-2]],[[6030,4401],[5,-4],[109,0],[0,118],[15,0]],[[6159,4515],[19,0]],[[6178,4515],[-1,-243]],[[6177,4272],[-34,2],[-111,1],[-7,-2]],[[6025,4273],[1,53],[1,30],[0,38],[3,7]],[[5265,2964],[-3,-98],[-3,-68],[1,-26],[3,-23],[8,-37],[12,-35]],[[5283,2677],[32,-72],[32,-68],[17,-34]],[[5364,2503],[41,-86]],[[5405,2417],[-12,0]],[[5393,2417],[-112,-1]],[[5281,2416],[-119,1]],[[5405,2417],[310,3]],[[5715,2420],[-1,-244],[1,-56]],[[5715,2120],[-14,3],[-120,-1],[-7,1],[-4,9],[-68,0],[0,-246],[-74,0]],[[5428,1886],[1,245]],[[5429,2131],[0,204],[-19,41],[-17,41]],[[5715,2420],[146,1]],[[5861,2421],[0,-77]],[[5861,2344],[-1,-75]],[[5860,2269],[1,-156],[-1,-41],[-1,-252]],[[5859,1820],[-145,-1]],[[5714,1819],[0,244],[1,57]],[[5714,1819],[-145,0]],[[5569,1819],[-141,-1]],[[5428,1818],[0,68]],[[5281,2416],[-1,-291]],[[5280,2125],[-18,-6],[-18,0],[-18,6],[-66,0],[-64,0],[-105,0]],[[4991,2125],[1,86]],[[4992,2211],[-1,184],[-3,22]],[[5280,2125],[0,-308]],[[5280,1817],[-64,0]],[[5216,1817],[-226,0]],[[4990,1817],[2,246],[-1,62]],[[6980,7216],[46,1],[100,-2]],[[6988,6523],[-11,-8],[-32,-30],[-9,-26],[-6,-6],[-29,-18],[-16,-3],[-5,-5],[2,186],[1,8],[-204,0],[-119,-1],[-13,-3],[-16,-9],[-26,-20],[-54,-14]],[[6451,6574],[0,24],[-125,-75],[-40,-21],[-20,-7],[-19,-4],[-24,-3],[-34,3],[-34,9],[-28,13],[-65,38],[-17,9],[-24,9],[-21,5],[-37,2],[-22,-2],[-20,-5],[-30,-11],[-13,-7]],[[5878,6551],[0,33],[-2,19],[2,18],[1,160],[0,435]],[[4666,7812],[290,1]],[[4956,7813],[0,-41],[-2,-171]],[[4954,7601],[-287,-1]],[[4667,7600],[-1,212]],[[4956,7813],[282,1]],[[5238,7814],[1,-126],[0,-23],[0,-291],[0,-159]],[[5239,7215],[-20,0]],[[5219,7215],[5,54],[0,227],[-209,0]],[[5015,7496],[-62,0],[1,105]],[[5219,7215],[-205,0]],[[5014,7215],[1,281]],[[85,6646],[75,-68],[31,-44],[39,-32],[45,-75],[7,-46],[-30,-65],[-53,-45],[26,-68],[-1,-55],[95,-33],[33,-76],[2,-21]],[[354,6018],[204,4],[87,1]],[[790,6024],[0,-60],[1,-126],[-1,-120],[71,0],[28,-2],[45,-4],[1,-66],[0,-223]],[[935,5423],[-288,-2]],[[647,5421],[-1,222],[1,65],[-1,9],[-138,-2],[-66,0],[1,-7],[-31,-3],[-40,-1],[5,-11],[-21,-49],[-3,-15],[-2,-83],[-4,-127]],[[347,5419],[-12,-3],[-31,0],[-220,-9]],[[84,5407],[0,645],[1,594]],[[6178,4515],[272,-2]],[[6450,4513],[0,-260]],[[6450,4253],[-37,-2],[-54,0],[0,38],[-72,1],[0,-19],[-110,1]],[[6450,4253],[0,-43]],[[6450,4210],[0,-107],[-271,0],[-20,0],[-38,-4],[-88,0],[-5,2]],[[6028,4101],[-3,4],[0,49],[0,119]],[[5702,3662],[35,44],[14,13],[73,55],[42,13],[0,51],[1,80]],[[5867,3918],[40,-1],[39,0],[19,1],[30,1],[7,4],[9,18],[8,27],[5,38],[1,63],[-1,26],[4,6]],[[6450,4210],[11,2],[562,1]],[[7023,4213],[0,-300],[101,1]],[[7124,3914],[-18,-27],[-10,-8],[-21,-23],[-2,-7],[-23,-23],[-21,-15]],[[6448,3517],[1,91],[-236,5],[-173,6],[-174,2],[-50,0],[-7,-2],[-77,0]],[[5732,3619],[-30,43]],[[4992,2211],[-290,2]],[[5875,6020],[216,0],[75,0]],[[6166,6020],[1,-20],[-2,-206],[1,-76],[0,-301]],[[6163,5417],[-290,2]],[[5873,5419],[2,601]],[[6166,6020],[141,0],[145,-1]],[[6452,6019],[-1,-603]],[[4666,7470],[1,49],[0,81]],[[5014,7215],[-297,0]],[[4717,7215],[-56,0]],[[4661,7215],[5,255]],[[4665,7978],[193,0]],[[4858,7978],[25,1],[346,1],[8,-10]],[[4666,7812],[-1,166]],[[4663,8414],[216,0]],[[4879,8414],[148,1],[-2,-80],[0,-79],[-14,-8],[-46,-79],[-63,-111],[-44,-80]],[[4665,7978],[0,74]],[[4665,8052],[-1,220]],[[4664,8272],[-1,142]],[[4659,9013],[223,3],[70,-1]],[[4952,9015],[0,-300]],[[4952,8715],[-291,-1]],[[4661,8714],[-2,299]],[[4370,8053],[295,-1]],[[4666,7812],[-296,2]],[[4370,7814],[0,160],[0,79]],[[4079,7548],[0,22]],[[4079,7570],[54,0],[90,-2],[8,17],[23,26],[36,-4],[72,-2],[7,4]],[[4369,7609],[-1,-82],[202,-1],[0,-41],[85,-1],[11,-14]],[[4661,7215],[-272,0],[-10,0]],[[4379,7215],[-11,0]],[[4368,7215],[0,117],[0,182],[-148,1],[0,29],[-38,0],[0,-17],[-104,2],[1,19]],[[1946,6623],[104,0]],[[2050,6623],[0,-55],[39,0],[14,-4],[7,-6],[29,-35],[23,26],[18,13],[17,5],[56,-5],[0,-23],[-17,-6],[-37,-2],[-9,-6],[-17,-22],[-1,-37],[8,-15],[-9,-16],[0,-39],[109,-1],[13,7],[6,-10],[0,-66],[83,0]],[[2382,6023],[-290,-1]],[[1944,6022],[2,292],[0,79],[77,2],[0,56],[-6,5],[-71,1],[0,32],[61,0],[0,33],[-61,0],[1,50],[-1,51]],[[1800,6623],[146,0]],[[1801,6021],[-1,336]],[[1800,6357],[0,266]],[[1577,6023],[224,-2]],[[1802,5561],[-138,0],[-117,-1],[-36,3]],[[1511,5563],[2,65],[0,32]],[[1513,5660],[80,-1],[0,63],[63,-1],[0,151],[-72,1],[-1,75],[-72,0],[0,75]],[[1223,5424],[188,0],[103,-2]],[[1514,5422],[-2,-39],[0,-74],[-1,-73],[1,-76],[-1,-38]],[[1511,5122],[-69,2],[-75,0]],[[1367,5124],[-145,2]],[[1222,5126],[2,148],[-1,150]],[[1224,5638],[62,-16],[125,-35],[57,-16],[43,-8]],[[1802,5561],[0,-142]],[[1802,5419],[-288,3]],[[1223,5424],[1,214]],[[14503,2414],[0,117],[1,125],[0,63],[1,114],[1,48],[-1,132]],[[14505,3013],[109,0],[122,0],[54,1],[82,-1],[213,2],[76,1],[86,-1],[77,1],[98,-1],[79,1],[53,-1],[111,0]],[[15665,3015],[-1,-62],[0,-77],[-1,-86],[0,-223],[0,-119],[-1,-31]],[[15662,2417],[1,-48],[-2,-196],[0,-115],[-1,-53],[0,-188]],[[15660,1817],[-578,-3],[-582,0]],[[14500,1814],[0,142],[2,35],[0,168],[0,43],[1,212]],[[6451,6574],[-1,-32],[0,-45],[2,-49],[0,-126],[-2,-156],[3,-2]],[[6453,6164],[-1,-145]],[[5875,6020],[3,456],[-2,54],[2,21]],[[4527,4218],[-2,-41],[0,-79],[-107,0],[-73,0],[-220,0]],[[4125,4098],[0,119]],[[4707,4139],[-64,0],[1,38],[63,0]],[[4123,3614],[2,450]],[[4125,4064],[34,-11],[72,-20],[56,-20],[94,-30],[121,-40],[137,-44],[67,-24]],[[4705,3769],[-1,-150],[0,-496]],[[4122,3442],[1,172]],[[6443,2721],[-290,1],[-28,-1],[-263,1]],[[5862,2722],[1,15]],[[5863,2737],[1,294],[1,179]],[[5865,3210],[163,-24],[3,-1],[-22,61],[-13,30],[-20,44],[-64,122],[-22,31],[-31,29],[-32,21],[-19,14]],[[5808,3537],[-31,27],[-23,26],[-22,29]],[[5860,2269],[74,0],[1,75],[-74,0]],[[5861,2421],[1,301]],[[6442,1821],[-583,-1]],[[5569,1819],[1,-603]],[[5570,1216],[-143,0]],[[5427,1216],[1,560],[0,42]],[[5859,1820],[1,-603]],[[5860,1217],[-290,-1]],[[4077,7204],[53,8],[58,3],[118,-1],[62,1]],[[4379,7215],[-5,-21],[-11,-25],[-24,-49],[-20,-51],[20,-11],[44,-33],[24,-23],[18,-22],[19,-27],[11,-19]],[[4455,6934],[-24,-15],[-11,-12],[-13,-18],[-16,-32],[39,-22],[32,-13],[-17,-5],[2,-8],[2,-31],[0,-45],[-2,-56],[-1,-53]],[[4446,6624],[-311,-1]],[[4135,6623],[1,89],[-1,123],[-9,37],[-18,35],[-44,59],[-7,19],[-1,13],[3,21],[7,16],[19,32],[2,12],[0,53],[-7,32],[-3,40]],[[4717,7215],[-1,-221]],[[4716,6994],[-86,-1],[-74,4],[-38,-7],[-20,-13],[-12,-17],[-31,-26]],[[4716,6994],[-1,-369]],[[4715,6625],[-269,-1]],[[3543,6931],[206,4],[16,-5],[13,-10],[55,-16],[43,-21],[-6,-14],[-8,-29],[-13,-68],[-4,-33],[2,-31],[3,-22],[17,-34],[26,-34]],[[3893,6618],[-351,-7]],[[3543,7215],[202,0],[54,-3],[39,-3],[84,-12],[33,-2]],[[3955,7195],[23,-1],[63,5],[36,5]],[[4135,6623],[-242,-5]],[[4079,7815],[291,-1]],[[4370,7814],[-1,-205]],[[4079,7570],[0,245]],[[2382,6023],[0,-283]],[[2382,5740],[0,-18]],[[2382,5722],[-291,-1]],[[13077,5415],[111,-1],[43,-2],[110,2],[160,0],[146,2],[110,0],[53,0],[130,1],[8,0]],[[13948,5417],[-1,-133],[1,-29],[-2,-156],[1,-111],[0,-142],[-2,-74],[1,-95],[0,-91],[1,-125],[0,-245]],[[13947,4216],[0,-81],[-2,-128],[0,-59],[0,-75],[0,-147],[1,-47],[-1,-64]],[[13945,3615],[-241,0],[-225,-2],[-108,0]],[[13371,3613],[0,29],[-2,120],[0,125],[1,121],[-1,117],[0,89]],[[13369,4214],[0,163],[1,81],[-1,109],[0,102],[-1,108],[0,40]],[[13368,4817],[1,73],[0,162],[-17,0],[-99,0],[-66,0],[-62,-2],[-30,1],[-12,5],[-2,23],[-3,89],[0,47],[-1,65],[0,67],[0,68]],[[5271,3250],[13,11],[41,14],[43,7],[42,-8],[89,-10],[76,-11]],[[5575,3253],[-1,-112],[-1,0],[-1,-142],[0,-143]],[[5572,2856],[0,-122],[3,-21],[-1,-36]],[[5574,2677],[-228,-2],[-63,2]],[[5575,3253],[40,-7],[80,-10],[170,-26]],[[5863,2737],[-71,-1],[0,123],[-220,-3]],[[2965,2536],[202,0],[1,22],[13,31],[2,26],[72,0],[0,119]],[[3255,2734],[0,35],[129,0],[0,39],[13,0]],[[3397,2808],[1,-228],[0,-167]],[[3398,2413],[-143,1]],[[3255,2414],[-137,1],[-152,0]],[[2966,2415],[-1,121]],[[2967,3028],[21,6],[15,2],[15,7],[19,13],[47,29],[16,7],[37,31],[1,5],[16,15],[7,0],[18,13],[28,15],[29,32],[28,16],[29,20]],[[3293,3239],[28,-69],[30,-77],[11,-33],[13,-44]],[[3375,3016],[-43,0],[-66,-16],[-148,-28],[-38,-14],[-23,-7],[-16,-1],[-75,0]],[[2966,2950],[1,78]],[[3545,3471],[145,7],[64,9],[57,10],[59,8],[8,-22],[10,-37],[15,-130],[1,-180],[-1,-121],[-357,0]],[[3546,3015],[0,354]],[[3546,3369],[-1,102]],[[3812,7817],[267,-2]],[[4079,7548],[-42,1],[-59,-3],[-28,2]],[[3950,7548],[-33,4],[-31,0],[-52,-4],[-49,0]],[[3785,7548],[0,118],[-2,17],[-30,15],[-25,3],[9,17],[40,62],[35,37]],[[3493,7818],[271,-1]],[[3764,7817],[48,0]],[[3785,7548],[0,-70],[-88,1],[-62,3],[-28,3],[-49,6],[-66,13]],[[3492,7504],[1,314]],[[3950,7548],[-2,-35],[-11,-89],[-3,-40],[8,-100],[12,-72],[1,-17]],[[3543,7215],[-5,24],[-12,22],[-17,19],[-10,17],[-8,18],[1,189]],[[3844,6446],[21,3],[70,0],[-1,-131],[168,2],[39,1]],[[4141,6321],[0,-4]],[[4141,6317],[-4,-50],[-2,-66],[1,-60],[-3,0],[2,-71],[-2,-12]],[[4133,6058],[-8,-2],[-98,21],[-186,40]],[[3841,6117],[0,33],[3,296]],[[4135,6623],[0,-151],[-1,-32],[2,-22],[8,-33],[1,-15],[-4,-49]],[[3844,6446],[0,23],[-167,-3],[-35,8],[-16,0],[0,-60],[-64,0],[-20,3]],[[3841,6117],[-229,49],[-28,6],[-40,13]],[[2382,5563],[139,0]],[[2521,5563],[1,-142],[4,0],[1,-300]],[[2383,5120],[-1,134]],[[2382,5254],[0,167]],[[2382,5421],[0,142]],[[2521,5563],[86,-1],[66,1]],[[2673,5563],[0,-141]],[[2673,5422],[-14,0],[0,-75],[13,0],[-2,-19],[-18,-14],[-8,-11],[7,-5],[4,-11],[0,-30],[34,-1]],[[2689,5256],[0,-46],[4,-11],[47,-67],[21,-27]],[[2963,5566],[0,-144]],[[2963,5422],[-290,0]],[[2963,5422],[435,-7]],[[3398,5415],[-1,-130],[1,-169],[0,-37]],[[3398,5079],[-145,2],[0,-38],[-71,1],[0,-74]],[[3182,4970],[-101,1],[9,-47],[3,-27],[1,-38],[1,-38]],[[2964,5171],[-1,87]],[[2963,5258],[0,164]],[[3542,6012],[0,83],[2,0],[0,90]],[[4133,6058],[1,-36]],[[4134,6022],[-4,-2],[-143,-2]],[[3987,6018],[-74,0],[-72,-2],[0,-93],[-73,-1],[0,-37]],[[3768,5885],[-58,-1],[-23,2],[-17,-1],[-52,6],[-23,-2],[-36,-7],[-17,0]],[[3542,5882],[0,130]],[[3987,6018],[0,-254],[0,-27],[0,-114],[-7,-2],[-29,0]],[[3951,5621],[-37,-1],[0,-20],[-6,-8],[-36,-8],[-17,-3],[-63,-3],[1,91],[1,45],[-25,-1],[-1,134],[0,38]],[[4133,6058],[5,-4],[83,-21],[32,-10],[39,-11],[23,-5],[7,13],[19,24],[27,24],[29,17],[30,12],[28,6],[39,0],[63,-4]],[[4312,5896],[-5,-28],[4,-13],[12,-8],[7,-16],[2,-58],[-5,-23],[-13,-18]],[[4314,5732],[-28,-25],[-10,-4],[-16,0],[1,-37],[0,-97],[-104,1]],[[4157,5570],[0,88],[-2,15],[-8,15]],[[4147,5688],[-11,29],[-4,20],[1,227],[1,58]],[[7024,4815],[0,-303]],[[7024,4512],[-66,2],[-240,2],[-41,1]],[[6677,4517],[4,96],[2,28],[4,24],[7,31],[26,68],[0,50]],[[6450,4814],[0,-301]],[[6159,4515],[1,263],[2,38]],[[6677,4517],[-185,-1],[-42,-3]],[[5867,4497],[1,106]],[[5869,4818],[293,-2]],[[6030,4401],[-8,-3],[-77,0],[-10,-4],[-21,-23],[-7,-4]],[[5868,4365],[0,38],[-1,36],[0,58]],[[2962,6021],[146,-2],[0,1],[70,1]],[[3178,6021],[2,-176],[0,-35],[0,-188],[2,-27],[7,-35]],[[3189,5560],[-54,5],[-53,2],[-119,-1]],[[3178,6021],[28,0],[46,-4],[290,-5]],[[3542,5882],[-2,-2],[-54,0],[-19,7],[-9,10],[-25,-13],[-17,-2],[-86,0],[-2,5],[-76,-1],[0,-274],[3,-8],[12,-8],[68,0],[62,-1],[0,-22]],[[3397,5573],[-79,3],[-32,-4],[-54,-13],[-26,-1],[-17,2]],[[3542,5882],[1,-260],[2,0],[0,-55]],[[3545,5567],[-80,2],[-68,4]],[[2673,5780],[-59,0],[-30,2],[0,-46],[-30,0],[-16,6],[-10,13],[-14,-8],[-28,-7],[-104,0]],[[2962,6293],[0,-178]],[[2962,6115],[-33,0],[-34,5],[-28,8],[2,14],[0,54],[3,0],[0,80],[3,10],[14,7],[73,0]],[[12211,5416],[501,0],[234,0],[51,-1],[80,0]],[[13368,4817],[-84,-4],[-43,1],[-99,0],[-126,1],[-228,-1],[0,-64],[1,-344],[0,-192]],[[12789,4214],[-30,0],[-124,-1],[-260,2],[-162,-1]],[[12213,4214],[0,150],[-1,130],[-1,322]],[[12211,4816],[0,288],[-1,127],[-1,62],[2,123]],[[13369,4214],[-113,-1],[-103,0],[-173,1],[-115,-1],[-76,1]],[[10489,6009],[1,596]],[[10490,6605],[565,7]],[[11055,6612],[1,-397],[3,-804]],[[11059,5411],[-430,-2],[-139,-1]],[[10490,5408],[0,49],[0,102],[-1,74],[0,376]],[[11055,6612],[578,0],[2,-579],[1,-620]],[[11636,5413],[-577,-2]],[[6505,11676],[10,-1],[108,0],[56,0],[14,-5]],[[6693,11670],[17,-4],[61,-1]],[[6771,11665],[0,-241]],[[6771,11424],[-96,0],[-122,1]],[[6553,11425],[-47,0]],[[6506,11425],[0,126],[0,86]],[[6506,11637],[-1,39]],[[4704,891],[37,0],[18,5],[208,0],[26,-3]],[[4993,893],[1,-198],[0,-90]],[[4994,605],[-175,0],[-114,0]],[[4705,605],[0,12]],[[4705,617],[-1,274]],[[1560,4221],[0,-300]],[[1368,3923],[0,88],[0,117],[72,0],[-1,94]],[[2382,5563],[0,159]],[[3398,2413],[148,-1]],[[3683,2105],[-136,0]],[[3547,2105],[-292,18]],[[3255,2123],[0,9]],[[3255,2132],[0,253],[0,29]],[[3683,2105],[-1,-24],[1,-266]],[[3683,1815],[-136,0]],[[3547,1815],[0,290]],[[4372,8264],[163,0],[23,2],[31,5],[38,-1],[37,2]],[[4370,8053],[0,40],[3,38],[-1,133]],[[6983,9617],[286,1]],[[7269,9618],[47,1],[41,0],[200,0]],[[7557,9619],[1,-602],[-576,-3]],[[6982,9014],[0,152],[0,39],[1,81],[0,331]],[[2962,6500],[0,-146]],[[2962,6354],[-87,1],[-21,3],[-14,6],[-17,12],[-9,11],[-45,63],[-7,7],[-10,-23],[-23,-35],[-5,-22],[-53,0]],[[2091,5562],[55,0],[71,1],[78,0],[87,0]],[[2382,5421],[-290,-1]],[[2092,5420],[-290,-1]],[[10488,7217],[563,1],[581,0]],[[11632,7218],[261,-1],[48,1],[131,0],[94,-1],[45,0]],[[12211,7217],[1,-145],[-2,-106],[0,-118],[0,-244],[-1,-588]],[[12209,6016],[2,-600]],[[12211,5416],[-575,-3]],[[10490,6605],[-2,612]],[[14528,7812],[217,-2],[74,-1],[105,-1],[161,-3],[75,-1],[95,-3],[147,-4],[142,-3],[113,-4],[46,0],[105,2],[14,0],[83,-2],[81,1],[43,-1],[90,0],[80,1],[76,0]],[[16275,7791],[-3,-195],[1,-152],[1,-33],[0,-123],[0,-55],[-1,-43],[-12,-3],[-6,-25],[-2,-40],[-1,-51],[-7,-156],[1,-38],[-2,-57],[2,-177],[0,-119],[-1,-59],[0,-116],[-1,-110],[1,-80],[4,-72],[2,-59],[0,-42],[82,-1],[90,-1],[113,0],[85,2],[174,5],[38,0],[-1,-134],[0,-57],[-1,-169],[-1,-240],[1,-91],[-1,-55],[0,-107],[0,-140],[5,-22],[16,-31],[-16,-14],[-14,-19],[-59,-89],[-21,-35],[-29,-41],[-17,-20]],[[16695,4727],[-31,39],[-10,9],[-57,41],[-249,134],[-49,23],[-24,8],[-56,11],[-105,18],[-25,4],[-66,12],[-120,20],[-88,14],[-41,3],[-41,-5],[-62,-14]],[[15671,5044],[-102,-22],[-50,-3],[-166,14],[-87,9],[-34,5],[-90,9],[-97,8],[-74,8],[-41,4],[-220,23],[-41,3],[-60,7],[-97,9]],[[14512,5118],[0,80],[-1,78],[1,104],[-1,43],[0,109],[-3,24],[-9,29],[-6,15],[-10,15],[-23,30],[-10,18],[-5,17],[-3,24],[-4,57],[0,22],[71,179],[4,21],[0,138],[1,219],[0,68],[0,126],[0,70],[0,302],[1,281],[3,13],[10,22],[1,12],[1,136],[-1,144],[1,39],[-1,133],[0,87],[-1,39]],[[1508,4671],[2,33],[0,117]],[[1510,4821],[15,0]],[[1525,4821],[273,-1]],[[1798,4820],[1,-150]],[[1799,4670],[1,-150]],[[1800,4520],[-252,1]],[[1507,4521],[1,150]],[[4711,4906],[-71,-1],[-53,-1],[-9,17],[-11,37],[-3,33],[-77,0],[0,130]],[[4701,1817],[289,0]],[[4990,1817],[1,-39],[0,-110]],[[4991,1668],[-24,-1],[-193,-1],[-72,1]],[[4702,1667],[-1,150]],[[12204,13813],[-1,71],[1,521],[1,15]],[[12205,14420],[128,-3],[198,-1],[53,1],[66,1],[61,1],[77,-1],[147,-4],[206,-1],[88,2],[17,2],[55,-3],[84,-2],[50,2],[18,0],[103,0],[128,-2],[236,-2],[24,-12],[11,11],[438,-2],[305,-1],[110,4],[6,1],[161,-7],[31,-1],[96,2]],[[15102,14405],[-2,-38],[-3,-89],[2,-69],[0,-65],[1,-134],[0,-36],[1,-72],[0,-87],[-96,3],[-78,1],[-99,-1],[-69,0],[-144,-1],[-119,0],[-59,-3],[-121,1],[-195,-3],[-87,-3],[-80,0],[-2,-297],[1,-48],[-1,-53],[1,-92],[-1,-71],[1,-38],[0,-48],[1,-121],[1,-45],[-1,-80],[1,-54],[1,-84],[0,-32],[1,-109],[-1,-138],[0,-33],[1,-151],[-1,-47],[-2,-69],[1,-787],[0,-741]],[[13955,10671],[-434,-114],[-147,-38],[-584,-154],[-111,-30],[-128,-32],[-340,-90]],[[12211,10213],[-4,603],[0,65],[1,187],[-1,52],[0,86],[0,47],[1,71],[-1,174],[-1,99],[2,109],[-1,103],[1,38],[-1,166]],[[1744,7815],[116,1]],[[1860,7816],[0,-105],[2,-18],[6,-27],[8,-16],[10,-16],[58,-60],[14,-18],[8,-16],[5,-18],[3,-23],[-1,-68],[-2,-20],[-195,-102],[-14,-14]],[[1762,7295],[-6,11],[-11,26],[-1,483]],[[4122,2108],[0,-292]],[[4122,1816],[-145,0]],[[3977,1816],[0,291]],[[8117,5422],[61,0],[-5,-17],[-6,-30],[-3,-23],[-5,-14],[-11,-49],[-8,-45],[-8,-31],[-6,-29],[-14,-67],[-6,-21],[2,-50],[-17,-32],[-18,-34],[-8,-20],[-2,-19],[1,-50],[-4,-43],[-4,-19],[-6,-12]],[[8050,4817],[-454,1],[-572,-3]],[[3395,4816],[76,-1],[72,0]],[[1512,6325],[89,0],[0,32],[32,0],[34,3],[32,0],[47,-4],[54,1]],[[1802,5419],[-2,-249]],[[1800,5170],[0,-50]],[[1800,5120],[-289,2]],[[4408,605],[297,0]],[[4705,605],[0,-163]],[[4705,442],[-78,0],[-19,-2],[-21,-8],[-14,-8],[-31,-26],[-20,24],[-9,7],[-38,23],[-19,7],[-49,1]],[[4407,460],[1,145]],[[6193,11137],[10,9],[57,-6],[-2,-13],[185,-3],[53,0],[56,-1]],[[6552,11123],[-4,-21],[0,-66],[-1,-139],[0,-72]],[[6547,10825],[-144,0]],[[6403,10825],[-123,0],[-119,0]],[[6161,10825],[4,27],[28,285]],[[3398,5415],[145,-2]],[[3543,5413],[0,-108]],[[3543,5305],[0,-114]],[[3543,5191],[0,-114]],[[3543,5077],[-145,2]],[[3977,1816],[-72,-1]],[[3905,1815],[-73,0]],[[3832,1815],[0,291]],[[15667,11037],[582,111],[1,0]],[[16250,11148],[144,27],[227,44],[74,14],[107,21],[120,22],[76,15],[170,32],[113,22],[62,15],[56,15],[15,5]],[[17414,11380],[0,-573],[1,-115],[0,-167],[0,-97],[-1,-70],[1,-83],[1,-82],[-3,-36],[1,-204],[-1,-167],[1,-31],[0,-124],[5,-41],[0,-58],[1,-66],[0,-332],[-2,-143],[-3,-37],[1,-653],[10,-129],[0,-44],[0,-87],[2,-62],[-1,-61],[1,-71],[2,-58]],[[17430,7789],[-203,2],[-91,0],[-76,0],[-213,1],[-155,1],[-117,-1],[-151,1],[-149,-2]],[[16275,7791],[1,111],[-4,99],[-1,103],[0,56],[-4,176],[-2,55],[-105,2],[-165,-2],[-95,1],[-76,0],[-72,0],[-69,3],[0,70],[-2,221],[-1,116],[0,59],[-1,176],[-1,29],[-1,120],[-2,179],[0,75],[0,78],[0,66],[-1,152],[0,182],[1,214],[0,192],[-2,106],[0,58],[-3,169],[-2,71],[0,59],[-1,28],[-1,71],[1,151]],[[7259,3017],[188,0]],[[7447,3017],[86,0],[69,-1]],[[7602,3016],[2,-108],[0,-159],[-1,-57],[2,-95]],[[7605,2597],[-42,0],[-8,12],[-30,33],[-18,15],[-9,6],[-16,2],[-74,1]],[[7408,2666],[-14,-2],[-56,-31],[-9,-2],[-29,2],[-46,0],[0,68],[-46,0],[-37,-1]],[[7171,2700],[0,14],[-3,11],[0,53],[129,1],[-1,80],[0,40],[-2,66],[-34,0],[-1,52]],[[17430,7789],[1,-32],[-5,-232],[2,-103],[-1,-49],[0,-58],[-1,-101],[-3,-21],[-13,-10],[-1,-15],[2,-145],[1,-31],[0,-52],[0,-224],[-1,-80],[2,-85],[0,-145],[-1,-193],[0,-49],[0,-53],[-1,-53],[1,-142],[-1,-115],[0,-414],[0,-169],[-1,-46],[2,-145],[0,-338],[1,-81],[-3,-150],[-1,-135],[0,-73],[-7,-85],[-1,-233],[9,-104]],[[17410,3828],[-30,32],[-25,30],[-52,66],[-91,117],[-50,63],[-169,214],[-26,33],[-95,119],[-48,63],[-18,20],[-57,75],[-54,67]],[[2385,3940],[126,13],[43,3],[121,12]],[[2675,3968],[56,2],[38,-1],[55,-5],[52,-11],[89,-26]],[[2965,3927],[0,-248],[2,-19],[1,-33],[-9,-15],[-51,0],[-379,1],[-86,0],[-54,1],[-5,5]],[[5467,629],[147,0],[113,2],[44,-1],[19,-1],[64,-10]],[[5854,619],[34,-7],[40,-3],[172,1],[96,0]],[[6196,610],[116,0],[129,-2],[2,276],[-2,34],[1,57],[9,82],[2,37],[-1,35],[-3,77],[-4,12]],[[6445,1218],[146,0]],[[6591,1218],[432,0]],[[7023,1218],[-3,-483],[-1,-133]],[[7022,20],[-145,0],[-436,-1],[-114,0],[-35,-3],[-97,2],[-621,-2]],[[5574,16],[-1,254],[-2,23],[-4,21]],[[5567,314],[-46,150],[-48,148],[-6,17]],[[5239,7215],[581,0]],[[5875,6020],[-281,2]],[[5594,6022],[3,53],[-2,45],[-4,34],[-12,85],[-11,57],[-4,11],[-14,16],[-27,-4],[-30,-1],[-53,1],[-151,1],[-56,-1],[11,79],[2,22],[-1,23],[-3,23],[-6,34],[-2,23],[-2,37],[1,62],[-85,3],[-137,0]],[[5011,6625],[-103,0]],[[4908,6625],[-25,0],[-70,19],[-20,-3],[-35,-14],[-9,-2],[-34,0]],[[6982,11423],[288,-1]],[[7270,11422],[63,0],[112,-1],[119,-1]],[[7564,11420],[-1,-58],[0,-94],[-1,-144]],[[7562,11124],[-294,3],[0,-305]],[[7268,10822],[-57,0],[-229,1]],[[6982,10823],[0,93],[0,206]],[[6982,11122],[1,190],[-1,85],[0,26]],[[7563,12021],[169,0],[51,1],[93,0],[56,1],[52,-1],[58,1],[89,-1],[31,2],[41,13],[24,-1],[30,-7]],[[8168,11401],[-11,-1],[-32,4],[-69,16],[-28,4],[-5,-3],[-45,0],[-68,0],[-165,0],[-119,0],[-62,-1]],[[7564,11420],[0,16],[-2,136],[1,104],[-1,82],[0,210],[1,53]],[[10488,2655],[0,117],[1,205],[0,33]],[[10489,3010],[123,2],[17,1]],[[10629,3013],[13,1],[125,3]],[[10767,3017],[0,-214],[-2,-260],[4,-124]],[[10769,2419],[-281,-4]],[[10488,2415],[0,240]],[[6983,11664],[25,0],[16,-3],[22,-12],[15,-4],[143,0],[65,-1]],[[7269,11644],[1,-222]],[[6982,11423],[1,79],[0,162]],[[8168,11401],[-10,-84],[-6,-66],[-1,-130],[0,-79],[1,-108],[-1,-113]],[[8151,10821],[-102,1],[-164,0],[-153,1],[-93,-1],[-77,1]],[[7562,10823],[0,129],[0,84],[0,88]],[[5529,10826],[60,-1],[44,1]],[[5633,10826],[41,-1],[146,0]],[[5820,10825],[107,-1],[139,0],[81,-1],[14,2]],[[6161,10825],[-4,-39],[-23,-232],[-18,-167],[-8,-56],[-8,-33],[-16,-43],[-23,-41]],[[6061,10214],[-13,-19],[-63,-97],[-62,-93],[-23,-37],[-35,-52]],[[5865,9916],[-45,-70]],[[5529,10219],[0,49],[-1,329],[1,229]],[[4656,9520],[194,-81],[257,-107],[102,-44],[31,-12]],[[5241,9016],[-215,1],[-74,-2]],[[4659,9013],[-3,484]],[[4656,9497],[0,23]],[[5004,5703],[0,324]],[[5004,6027],[41,1],[70,0]],[[5115,6028],[40,-210],[12,-55],[29,-110],[9,-30],[7,-29],[10,-65],[10,-95]],[[5232,5434],[-29,8],[-14,-1],[-54,-18],[-13,-2],[-119,0]],[[5003,5421],[1,161],[-1,36],[1,85]],[[5871,5118],[290,-2]],[[4714,5703],[290,0]],[[5003,5421],[-145,0]],[[4858,5421],[-144,-1]],[[4714,5420],[0,103],[0,180]],[[1811,1665],[136,81],[274,162],[33,18],[35,22],[98,58]],[[2387,2006],[0,-108],[195,-6],[33,-3],[33,-4],[48,-12],[46,-16],[31,-14],[38,-22],[31,-22],[30,-25],[30,-30],[23,-25],[41,-57]],[[2966,1662],[93,-126],[19,-33],[12,-22]],[[3090,1481],[30,-69],[14,-35],[16,-51],[9,-37],[7,-45]],[[3166,1244],[4,-29],[2,-35],[0,-45],[-1,-30],[-6,-45],[-7,-91],[1,-32],[5,-28],[13,-32],[20,-37],[26,-4],[36,-30]],[[3259,806],[7,-64],[4,-52],[-8,-14],[1,-64]],[[3263,612],[1,-182],[0,-239],[-2,-38],[-3,-35],[-4,-28],[-8,-41],[-10,-38]],[[3237,11],[-271,0],[-103,2],[-224,2],[-251,-5],[-98,0],[-29,0],[-439,1],[-581,0]],[[1241,11],[-5,601],[-1,602]],[[11059,3024],[56,0],[56,2],[53,0],[48,-1],[150,2],[158,0],[59,1]],[[11639,3028],[0,-60],[0,-49],[0,-101],[-1,-58],[1,-166],[-1,-83],[-1,-37],[2,-52]],[[11639,2422],[-509,1],[0,17],[-72,19]],[[11058,2459],[0,116],[0,74],[1,111],[0,264]],[[8156,7215],[570,0]],[[8726,7215],[521,1],[357,1],[155,5],[47,-13],[140,9],[525,-1]],[[10471,7217],[17,0]],[[10490,6605],[-585,9],[-578,3],[-580,2],[-113,2],[-121,3],[-83,2],[-135,1],[-37,0],[-90,2]],[[1800,5170],[37,1],[27,3],[83,0],[0,-74],[146,0]],[[2093,5100],[0,-17]],[[2093,5083],[0,-262]],[[2093,4821],[-295,-1]],[[1798,4820],[2,300]],[[8180,3279],[74,1],[1,-22],[212,1]],[[8467,3259],[51,1],[31,5],[19,6],[44,24],[11,2],[53,-3],[0,-74],[45,1],[36,-1]],[[8757,3220],[2,-129],[1,-75]],[[8760,3016],[-132,-1],[-41,1],[-92,-3]],[[8495,3013],[-79,1]],[[8416,3014],[-110,0],[-122,-2]],[[4701,1817],[1,292]],[[4421,5121],[-167,0]],[[4130,5121],[0,153]],[[4340,8716],[248,-3],[73,1]],[[4661,8714],[2,-300]],[[4663,8414],[-233,1]],[[4430,8415],[0,150],[-89,1],[-1,150]],[[4371,5703],[156,0],[43,-1],[144,1]],[[4412,5420],[-20,49],[-22,50],[1,184]],[[3182,4970],[216,-4],[44,-2],[28,1],[73,1]],[[3767,8419],[123,-1]],[[3890,8418],[0,-67],[2,-7],[39,-59],[26,-22],[15,-8],[53,-2],[53,-1]],[[4078,8252],[1,-211]],[[4079,8041],[-31,2],[-19,8],[8,21],[0,29],[-63,0],[-84,0],[-15,-6],[-20,-21],[-32,-36],[-16,-22],[-16,-7],[-37,0]],[[3754,8009],[0,29]],[[3754,8038],[-1,97],[-3,33],[-8,30],[26,10],[0,42],[-3,63],[2,106]],[[5001,4819],[-2,-20],[0,-281],[-146,1]],[[2382,5254],[-67,-1],[-21,3],[6,-33],[-83,0],[-19,34],[-6,6],[-16,9],[-17,-33],[-14,8],[-52,0]],[[2093,5247],[-1,115],[0,58]],[[13949,7910],[1,-62],[0,-33]],[[13950,7815],[-1,-84],[2,-310],[2,-114],[-1,-92],[-205,1]],[[13747,7216],[-136,0],[-197,0],[-49,0],[-103,0],[-118,1],[-104,0],[-30,-1],[-80,1],[-45,1],[-168,-1],[-115,1],[-73,-1],[-30,0]],[[12499,7217],[1,107],[1,58],[1,103],[1,51],[1,90],[1,61],[-1,82],[1,51],[-190,1],[-54,-1],[-85,1],[-81,1],[-39,0],[-52,0],[-192,0],[-147,1],[-30,-1]],[[11635,7822],[-91,-1],[-106,1],[-94,-2]],[[11344,7820],[1,94],[3,79],[2,429],[-11,299],[5,297],[281,4],[8,-2],[151,-14],[126,-5],[80,1],[225,4],[245,-1],[332,10],[579,-1],[0,-632],[0,-242],[-1,-25],[-3,-311],[211,13],[83,5],[32,1],[124,9],[32,5],[35,12],[25,14],[18,18],[22,29]],[[1573,6625],[46,0]],[[1619,6625],[181,-2]],[[9619,4811],[40,-1],[252,1]],[[9911,4811],[1,-89],[-2,-112],[1,-64],[-1,-73],[1,-198],[0,-65]],[[9911,4210],[-55,0],[-90,1],[-100,-1]],[[9666,4210],[-44,1]],[[9622,4211],[0,225],[-1,94],[0,99],[-1,120],[-1,62]],[[4347,4519],[0,-178]],[[3832,1815],[-149,0]],[[4122,1215],[290,1]],[[4412,1216],[1,-159]],[[4413,1057],[-2,-1],[-180,0],[-108,0]],[[4123,1056],[-1,159]],[[2965,4219],[0,-73],[0,-219]],[[2675,3968],[0,6],[-1,245]],[[1469,6024],[-1,-74],[1,-76]],[[1469,5874],[-109,0],[-137,2]],[[1223,5876],[0,76],[-1,73]],[[2093,5247],[0,-147]],[[4370,8416],[60,-1]],[[4372,8264],[-1,97],[-1,55]],[[13949,7910],[1,62],[0,59],[1,387],[-2,601],[4,596],[2,594],[0,462]],[[13955,10671],[456,120],[25,7],[72,16],[508,97],[68,14]],[[15084,10925],[301,57],[282,55]],[[14528,7812],[-109,2],[-160,-1],[-60,2],[-72,-1],[-41,1],[-136,0]],[[4407,4519],[124,0]],[[4075,9017],[584,-4]],[[4340,8716],[-264,3]],[[4076,8719],[-1,298]],[[1511,5122],[-1,-226],[13,1],[2,-76]],[[1510,4821],[-73,2],[-71,0]],[[1366,4823],[2,168],[0,107],[-1,26]],[[4370,8416],[-292,1]],[[4078,8417],[-2,302]],[[1,8422],[284,-3]],[[285,8419],[298,-3]],[[583,8416],[0,-182]],[[583,8234],[-136,0],[-23,-5],[-12,-7],[-22,-17],[-21,33],[-45,-37],[-6,-15],[-1,-36],[-7,-28],[0,-37],[4,-6],[36,-20],[15,-4],[27,-1],[-4,-19],[-6,-18],[-7,-31],[-5,-39],[-4,-8]],[[366,7939],[-110,61],[-72,40],[-39,22],[-80,43],[-65,37]],[[0,8142],[1,280]],[[582,9018],[353,-2]],[[935,9016],[-7,-37],[0,-23],[10,-28],[2,-10],[2,-94],[-9,-14],[-56,-37],[-5,-5],[-5,-17],[-1,-57],[2,-43],[-1,-48],[1,-21],[-1,-45],[-27,-35],[-39,-56],[-20,-31]],[[781,8415],[-198,1]],[[583,8416],[-1,427]],[[582,8843],[0,175]],[[935,9016],[228,-1]],[[1163,9015],[1,-602]],[[1164,8413],[-336,2]],[[828,8415],[-47,0]],[[1163,9015],[194,0]],[[1357,9015],[113,1]],[[1470,9016],[0,-193],[26,2],[37,1],[2,-34],[0,-43],[51,0],[12,-3],[24,-12],[21,0],[0,-36],[-55,0],[-2,-23],[-13,-23],[-14,0],[-41,-6],[-11,-13],[7,-28],[-22,-8],[-18,-3],[7,-25],[38,-58],[5,-12],[4,-24],[12,-42],[1,-18]],[[1541,8415],[-166,-1]],[[1375,8414],[-211,-1]],[[1470,9016],[274,1]],[[1744,9017],[1,-601]],[[1745,8416],[-204,-1]],[[580,9648],[275,-5],[35,-1],[200,-14],[71,-5]],[[1161,9623],[1,-218]],[[1162,9405],[1,-390]],[[582,9018],[-2,600],[0,30]],[[10468,9781],[299,75],[288,71],[578,143],[314,78],[264,65]],[[11344,7820],[-276,-1],[-596,-1]],[[10472,7818],[-2,600]],[[10470,8418],[1,46],[2,130],[-5,133],[-1,288]],[[12499,7217],[-164,1],[-85,-1],[-39,0]],[[11632,7218],[2,468],[1,33],[0,103]],[[2905,9605],[46,-1],[66,-3],[130,-3],[54,-1]],[[3201,9597],[0,-107],[33,-7],[35,-13],[26,-8],[37,-17],[27,-9],[13,-7],[12,-14],[14,-35],[18,-28],[5,-14],[2,-18],[-3,-19],[2,-31],[8,-18],[-43,-22],[15,-18],[33,-36],[24,-17],[17,-5],[17,-2]],[[3493,9152],[0,-132]],[[3493,9020],[-514,-3]],[[2979,9017],[-75,0]],[[2904,9017],[-1,154],[1,97],[1,167],[0,170]],[[3201,9597],[55,-1],[238,-1]],[[3494,9595],[-1,-278]],[[3493,9317],[0,-165]],[[1026,7573],[139,-77]],[[1165,7496],[46,-26],[25,-13],[73,-41],[73,-40]],[[1382,7376],[74,-42],[190,-104]],[[1646,7230],[21,-12]],[[1667,7218],[-12,-4]],[[1655,7214],[-35,-1],[-28,9],[-11,1],[-94,-1],[-21,-7],[-36,-1]],[[1430,7214],[-256,1]],[[890,7215],[-15,0]],[[875,7215],[0,44],[9,15],[44,24],[9,12],[0,52],[9,8],[41,-1],[0,119],[3,15],[6,3],[19,0],[8,9],[0,53],[3,5]],[[366,7939],[144,-80],[73,-40]],[[583,7819],[0,-53]],[[583,7766],[-24,6],[-19,10],[-16,15],[-16,10],[-13,6],[-27,4],[-75,0],[-1,-77],[5,-25],[9,-15],[37,-46]],[[443,7654],[-13,-15],[-76,-125],[-3,-17],[-1,-22],[-16,-27]],[[334,7448],[-29,18],[-11,-2],[-11,-18],[-9,-9],[-12,-5],[-49,0],[0,44],[4,27]],[[217,7503],[1,98],[10,33],[0,17],[-14,47],[-1,43],[7,45],[0,32],[-220,1]],[[0,7819],[0,323]],[[583,7766],[1,-97]],[[584,7669],[-22,1],[-77,0],[-19,-3],[-23,-13]],[[5719,11355],[-5,22],[0,39],[2,14]],[[5716,11430],[104,0]],[[5820,11430],[0,-121],[-1,-45]],[[5819,11264],[0,-152],[0,-159],[1,-128]],[[5633,10826],[3,5],[0,40],[6,20],[47,55],[14,15],[8,22],[-4,16],[-10,12],[-7,-3],[-53,-1],[-20,1],[-11,6],[-9,11],[-4,14],[-1,72],[2,35],[12,17],[-20,24],[19,18],[21,32],[16,11],[13,0],[20,-16],[14,-17],[16,-23],[1,-17],[15,0],[16,6],[7,7],[4,14],[1,16],[1,103],[-2,6],[-29,28]],[[217,7503],[-36,-1]],[[1,7471],[-1,348]],[[14508,4221],[29,0],[106,-2],[69,1],[33,-1],[153,-2],[71,0],[111,-2],[171,-1],[38,0],[44,-1],[71,-1],[161,-1],[64,-1],[40,1]],[[15669,4211],[0,-39],[-1,-158],[0,-66],[0,-53],[1,-88],[-1,-51],[0,-80],[-1,-64]],[[15667,3612],[-115,0],[-139,1],[-85,-1],[-162,1],[-62,0],[-109,2],[-68,-1],[-124,0]],[[14803,3614],[-3,325],[-293,-3],[0,118],[0,77],[1,90]],[[1742,9599],[1,-213]],[[1743,9386],[-12,0],[-16,-5],[-37,-2],[-19,-11],[-58,-79],[-23,-17],[-20,-6],[-16,1],[-19,7],[-21,19],[-23,36],[-26,36],[-19,14],[-17,4],[-98,-1],[-18,-2],[-28,-8],[-16,0],[-12,6],[-15,19],[-6,16],[-32,-8],[-30,0]],[[5235,11263],[8,0],[19,7],[9,8],[-13,21],[-3,26],[6,7],[83,1],[33,9],[23,3],[21,-1],[64,-13],[29,-1],[0,-19],[32,12],[11,-1],[3,-9],[15,-12],[17,21],[25,16],[26,4],[10,-6],[-4,-25],[17,-7],[13,5],[15,28],[25,18]],[[5529,10826],[-224,1],[-68,0]],[[5237,10827],[0,2]],[[5237,10829],[0,157],[0,41]],[[5237,11027],[-2,126],[0,110]],[[292,8798],[0,31]],[[292,8829],[67,0],[11,-1],[113,-15],[12,4],[30,21],[18,6],[39,-1]],[[285,8419],[1,111],[3,0],[3,117],[0,151]],[[5239,10220],[-2,504],[0,103]],[[4656,10832],[290,-1]],[[4946,10831],[179,-1],[67,0],[45,-1]],[[5239,10220],[-147,-2],[-81,-2]],[[5011,10216],[-113,-2],[-72,0],[-158,-1]],[[4668,10213],[0,33],[-3,23],[-11,42],[-1,18],[3,503]],[[3781,9594],[291,-3]],[[4072,9591],[2,-419],[-97,-1],[-21,-2],[-35,-10]],[[3921,9159],[-9,33]],[[3912,9192],[-4,23],[-2,37],[4,37],[10,38],[-24,10],[-25,19]],[[3871,9356],[-22,25],[-22,32],[-15,29],[-10,23],[-8,26],[-9,43],[-3,22],[-1,38]],[[17410,3828],[2,-19],[-3,-108],[-1,-93],[-1,-1]],[[17407,3607],[-99,1],[-117,-1],[-76,1],[-69,-1],[-55,2],[-165,0]],[[16826,3609],[1,74],[3,79],[-1,50],[2,248],[1,121],[-3,28],[-92,1],[-50,-1],[-75,1],[-73,-1],[-107,1],[-88,0],[-61,1],[-114,-2],[-109,1],[-77,0],[-140,1],[-109,-1],[-65,1]],[[15669,4211],[0,110],[1,141],[0,40],[1,40],[0,137],[0,135],[0,86],[-1,42],[1,57],[0,45]],[[4072,9591],[62,-2]],[[4134,9589],[113,0],[74,-1],[59,-3],[46,-7],[62,-16],[60,-23],[41,-17],[38,-13],[29,-12]],[[4075,9017],[-146,1]],[[3929,9018],[1,82],[-2,23],[-7,36]],[[5233,11431],[126,0],[317,-1],[40,0]],[[5235,11263],[0,74],[-2,94]],[[8187,301],[0,-282]],[[8187,19],[-316,-1]],[[7562,10823],[-151,0],[-58,0],[-85,-1]],[[1223,4674],[37,-1],[197,-1],[51,-1]],[[1222,4523],[1,50],[0,101]],[[7607,1817],[188,0]],[[7795,1817],[25,0]],[[7820,1817],[0,-20],[7,-15],[15,-11],[7,-19],[0,-17],[33,0],[0,-199]],[[7882,1536],[-60,0],[-15,5],[-18,16],[-12,-15],[-16,-6],[-68,0],[-33,-2],[-52,0]],[[7608,1534],[0,58]],[[7608,1592],[-1,225]],[[7820,1817],[367,0]],[[8187,1817],[0,-161]],[[8187,1656],[-1,-438]],[[8003,1218],[-1,83],[-1,17],[-7,16],[15,6],[53,1],[9,3],[7,7],[0,16],[-14,29],[-2,11],[0,33],[-93,-1],[2,21],[4,15],[-12,8],[-11,19],[-70,0],[0,34]],[[5011,10216],[1,-28],[-2,-38],[1,-13],[12,-27],[8,-30],[1,-25],[-2,-15],[-10,-40],[-16,-31],[-4,-14],[-1,-55],[-54,-1],[0,16],[-242,-3],[-36,-5],[-13,0]],[[4654,9907],[0,74],[-2,97],[4,43],[8,34],[4,34],[0,24]],[[16826,3609],[-50,-1],[-239,1],[-183,2],[-106,-1]],[[16248,3610],[-151,1],[-8,0],[-170,1],[-83,0],[-169,0]],[[582,9018],[-290,3]],[[292,9021],[-271,3],[-20,-2]],[[1,9022],[0,124],[0,268],[0,2],[0,206]],[[1743,9386],[0,-111]],[[1743,9275],[0,-25]],[[1743,9250],[-18,-1],[-26,-17],[-26,-13],[-7,-6],[-30,-30],[-14,-12],[-53,-36],[-15,-5],[-21,4],[-21,12],[-13,2],[-20,-4],[-39,-2],[0,-29],[-28,0],[1,-49],[-32,0],[-11,4],[-11,-24],[-2,-29]],[[1743,9250],[1,-233]],[[1,8740],[100,-1],[2,-25],[8,-5],[34,0],[17,-3],[55,0],[30,-1],[7,14],[3,42],[13,15],[22,22]],[[1,8422],[0,318]],[[12209,6016],[579,-1],[20,1],[156,0],[54,2],[146,0],[198,2],[61,0],[237,-4],[288,-1]],[[13948,6015],[0,-157],[1,-25],[-1,-250],[-1,-62],[1,-82],[0,-22]],[[10471,7217],[1,601]],[[8012,2417],[175,0]],[[8187,2417],[0,-138]],[[8187,2279],[0,-10]],[[8187,2269],[-90,0],[-38,-2],[-29,2],[5,42],[0,16],[-5,6],[-18,7]],[[8012,2340],[0,77]],[[2050,6623],[59,0]],[[2109,6623],[273,0]],[[13371,3613],[-174,0],[-187,0],[-134,-1],[-83,1]],[[12793,3613],[-42,1],[-111,0],[-142,0],[-122,-1],[-134,1],[-27,0]],[[12215,3614],[-1,132],[0,94],[0,145],[-2,141],[1,88]],[[5003,5119],[196,1],[32,2],[31,0]],[[5262,5122],[10,-121]],[[5286,4804],[-7,15],[-35,0],[-6,-2],[-61,1]],[[5177,4818],[-176,1]],[[1079,5425],[40,0],[104,-1]],[[1222,5126],[-71,-1],[-72,-1]],[[1079,5124],[0,144],[-1,120],[1,37]],[[970,4222],[89,0]],[[1059,4222],[0,-31],[3,-38],[4,-18],[27,-55],[3,-10],[-10,-33],[1,-70],[136,1],[0,-45]],[[1223,3923],[-254,-1],[-1,39],[4,30],[-1,61],[-8,22],[-6,30],[2,30],[7,39],[4,32],[0,17]],[[1059,4222],[163,1]],[[1802,3884],[232,23],[32,3],[28,2]],[[1222,4824],[144,-1]],[[1223,4674],[0,78],[-1,72]],[[645,4220],[325,2]],[[648,3620],[-3,600]],[[1800,4520],[2,-300]],[[1802,4220],[-218,1]],[[6402,9607],[436,8]],[[6838,9615],[145,2]],[[6982,9014],[-2,-600]],[[6404,8413],[-4,594],[2,600]],[[4079,7815],[0,226]],[[4078,8252],[0,165]],[[3764,7817],[-1,32],[-8,57],[-1,103]],[[3890,8418],[64,0]],[[3954,8418],[124,-1]],[[88,108],[23,-1],[44,9],[35,14],[27,16],[18,15],[28,30],[33,58],[62,109],[75,135],[100,176],[28,52],[109,188],[21,42],[13,20],[26,35],[39,38],[35,26],[44,25],[201,119],[18,0],[53,30],[115,67]],[[1241,11],[-682,1],[-426,0],[-45,0],[0,96]],[[10769,2419],[289,4],[0,36]],[[11639,2422],[1,-855]],[[11640,1567],[-226,91],[-333,133]],[[11081,1791],[-267,107],[-166,67],[-160,65]],[[10488,2030],[0,385]],[[11081,1791],[-14,-39],[-7,-41],[0,-111],[2,-380],[-574,-7]],[[10488,1213],[0,599],[0,218]],[[10490,3610],[53,0],[58,-1],[129,0],[61,0],[81,2],[29,-1]],[[10901,3610],[0,-67],[1,-21],[-76,0],[-24,1],[-9,-6],[0,-68],[0,-109],[0,-17],[-3,-4],[-17,-1],[-3,-4],[-1,-73],[-88,-2],[-52,-3],[-1,-19],[1,-94],[-1,-54],[1,-56]],[[10489,3010],[0,244],[1,58],[-1,58],[1,112],[0,128]],[[11061,3610],[98,-1],[121,1],[59,0],[101,0],[54,0],[144,1]],[[11638,3611],[0,-181],[1,-138],[-1,-58],[1,-206]],[[11059,3024],[-1,40],[2,113],[-1,150],[1,88],[0,50],[2,103],[-1,42]],[[3259,806],[36,-21],[25,-13],[31,-10],[194,-51]],[[3545,711],[143,-37]],[[3688,674],[125,-33]],[[3813,641],[55,-15]],[[3868,626],[-3,-14],[-47,0]],[[3818,612],[-273,-1]],[[3545,611],[-161,1]],[[3384,612],[-121,0]],[[3818,612],[0,-141],[-1,-66],[2,-23],[-2,-34],[0,-53]],[[3817,295],[-36,-2],[-39,1],[-55,0],[-38,-2],[-42,2],[-61,0]],[[3546,294],[0,136]],[[3546,430],[-1,181]],[[3817,295],[1,-47],[-2,-33],[-1,-75]],[[3815,140],[-20,-4],[-35,-23],[-27,-11],[-19,0],[-16,5],[-96,48],[-16,5],[-40,2]],[[3546,162],[0,65]],[[3546,227],[0,67]],[[3546,430],[-17,13],[-112,-4],[-29,62],[-5,61],[1,50]],[[3166,1244],[90,-20]],[[3256,1224],[2,-5],[-1,-137],[18,0],[0,-69],[27,-3],[55,-33],[13,-3],[47,0],[0,31],[26,0],[15,-2],[12,-5],[42,-27],[19,-7],[15,1]],[[3546,965],[-1,-254]],[[3256,1224],[37,-9],[36,-1],[217,-1]],[[3546,1213],[0,-207]],[[3546,1006],[0,-41]],[[3937,1215],[41,0]],[[3978,1215],[144,0]],[[4123,1056],[0,-141]],[[4123,915],[1,-32]],[[4124,883],[-76,-5],[-18,7],[-17,-12],[-15,-2],[0,29],[4,31],[0,12],[-6,30],[-25,49],[-5,14],[-27,87],[-2,14],[0,78]],[[3690,1061],[-1,153]],[[3689,1214],[127,0]],[[3816,1214],[1,-61],[-8,-19],[8,-17],[0,-57],[-10,-17],[7,-15],[1,-68],[0,-142],[-5,-10],[8,-24],[-2,-118],[-3,-25]],[[3688,674],[1,9],[0,77],[0,153],[13,41],[0,15],[-11,71],[-1,21]],[[3816,1214],[16,0]],[[3832,1214],[54,0]],[[3886,1214],[51,1]],[[4124,883],[1,-278]],[[4125,605],[-139,0],[-35,3],[-40,7],[-43,11]],[[3546,1301],[0,197]],[[3546,1498],[143,1]],[[3689,1499],[0,-132],[0,-153]],[[3689,1214],[-143,-1]],[[3546,1213],[0,88]],[[3832,1815],[0,-33],[0,-126]],[[3832,1656],[-33,-1],[-15,-8],[-46,-43],[-7,-4],[-16,-4],[-169,-1]],[[3546,1595],[1,220]],[[4122,1816],[0,-279]],[[4122,1537],[-218,-1]],[[3904,1536],[0,259],[1,20]],[[4122,1366],[0,-151]],[[3978,1215],[-1,151],[145,0]],[[3832,1499],[0,157]],[[3904,1536],[0,-171],[-3,-27],[-12,-26],[-2,-17],[-1,-81]],[[3832,1214],[0,285]],[[4122,1816],[290,1]],[[4412,1817],[0,-280]],[[4412,1537],[0,-3]],[[4412,1534],[-76,-1],[-14,8],[-19,-8],[-181,1]],[[4122,1534],[0,3]],[[4701,1817],[-289,0]],[[4412,1817],[-1,294]],[[4412,1537],[290,0]],[[4702,1537],[0,-321]],[[4702,1216],[-290,0]],[[4412,1216],[0,318]],[[4702,1667],[0,-130]],[[4123,915],[290,-1]],[[4413,914],[1,-233],[-2,-67],[105,0],[152,2],[36,1]],[[4408,605],[-283,0]],[[4702,1216],[78,1],[13,-1],[198,0]],[[4991,1216],[1,-44],[1,-214]],[[4993,958],[0,-65]],[[4704,891],[0,46]],[[4704,937],[-2,279]],[[4991,1668],[0,-131]],[[4991,1537],[-101,-1],[-35,2],[-32,-2],[-65,0],[-56,1]],[[4991,1537],[1,-128]],[[4992,1409],[-1,-193]],[[5427,915],[144,1],[206,0],[77,1]],[[5854,917],[-1,-80],[1,-218]],[[5467,629],[-31,103],[-5,20],[-4,42],[0,121]],[[5854,917],[12,1],[28,-8],[75,0],[16,6],[21,17],[13,5],[20,0],[53,-16],[16,11],[28,-57],[16,-40],[14,-41],[19,-76],[9,-61],[2,-48]],[[6749,1820],[-1,-283],[-53,0],[-9,3],[-12,16],[-26,-14],[-24,-5],[-35,1],[0,-168],[1,-67],[1,-85]],[[6445,1218],[-3,603]],[[5860,1217],[29,1]],[[5889,1218],[-16,-58],[-10,-45],[-5,-36],[-4,-46],[-1,-43],[1,-73]],[[5427,915],[2,258],[-2,43]],[[6445,1218],[-556,0]],[[7023,1820],[213,-1]],[[7236,1819],[28,0]],[[7264,1819],[0,-21]],[[7264,1798],[-26,-3],[-12,-7],[-11,-16],[-19,-21],[-16,-27],[-15,-16],[-14,-9],[-30,-8],[10,-37],[11,-33],[21,-53],[6,-22],[2,-23],[4,-72],[-2,-38],[25,-12],[16,-18],[6,-18],[18,5],[63,1]],[[7276,1218],[-253,0]],[[7023,1218],[0,602]],[[7264,1819],[343,-2]],[[7608,1592],[-72,0],[0,58],[-44,2],[-69,1],[-9,2],[-11,10],[-26,-29],[-16,15],[-15,6],[-63,-1],[-6,25],[0,21],[6,39],[0,14],[-7,23],[-12,20]],[[7608,1534],[0,-103]],[[8186,2829],[16,-10],[44,-32],[16,-14],[162,-150],[11,-9],[86,-79],[22,-25],[32,-38],[42,-55]],[[8617,2417],[-430,0]],[[8187,2417],[-1,94],[0,171],[-1,54],[1,93]],[[8760,3016],[1,-80],[0,-76],[-1,-32],[1,-32],[-1,-35],[1,-81],[0,-56]],[[8761,2624],[-1,-53],[2,-58],[0,-96]],[[8762,2417],[-127,0]],[[8635,2417],[-3,13],[-29,34],[12,10],[3,14],[1,99],[-2,104],[1,15],[-28,1],[0,10]],[[8590,2717],[-1,146],[-76,0],[-18,0],[0,150]],[[8760,3016],[129,-2]],[[8889,3014],[0,-50],[1,-13],[7,-22],[26,-2],[15,-13],[6,-8],[12,-38],[8,-13],[21,-27],[5,-17],[1,-34],[0,-75],[0,-81],[0,-14],[-8,-16],[-14,-5],[-25,-1],[-16,4],[-9,8],[-4,9],[-1,20],[-30,-2],[-99,1],[-24,-1]],[[8889,3014],[34,1],[98,0],[48,-1]],[[9069,3014],[1,-28],[-1,-112],[29,-6],[10,-7],[14,-23],[1,-22],[1,-120]],[[9124,2696],[-94,-1],[-1,-97],[-6,-17],[-12,-18],[-14,-10],[5,-23],[-4,-29],[5,-17],[10,-14],[6,-14],[1,-39]],[[9020,2417],[-258,0]],[[9910,3609],[82,1],[101,-1],[51,1]],[[10144,3610],[172,-1]],[[10316,3609],[88,-1],[86,2]],[[10489,3010],[-81,1],[-135,0],[-184,2],[-127,1],[-51,1]],[[9911,3015],[-1,70],[1,107],[-1,262],[1,71],[-1,84]],[[9334,3257],[15,0],[10,5],[63,69],[65,74],[-29,27],[14,16],[15,36],[23,60],[1,10],[-1,34],[2,21]],[[9512,3609],[83,1]],[[9595,3610],[26,0]],[[9621,3610],[79,0],[40,-1],[86,1],[47,-2],[37,1]],[[9911,3015],[-46,1],[-95,-1],[-74,-2],[-87,0],[-92,0],[-78,1],[-103,0]],[[9336,3014],[-2,125],[0,25]],[[9334,3164],[1,28],[-1,65]],[[9332,3610],[104,0],[76,-1]],[[9334,3257],[0,36]],[[9334,3293],[-1,118],[-1,199]],[[7124,3914],[54,60],[44,43],[23,29],[7,12],[25,25],[18,7],[9,-2],[30,18],[22,21],[24,14],[52,23],[30,18],[11,11],[25,22]],[[7498,4215],[9,11],[5,20],[12,10],[6,1],[21,20],[24,19],[11,3],[23,18],[49,29],[19,5],[25,12],[27,22],[64,58],[25,33],[6,15],[21,32],[17,14],[58,29],[10,0],[19,9],[24,20],[29,36],[12,18],[5,13],[11,20],[7,40],[1,44],[5,34],[7,17]],[[8050,4817],[119,0]],[[8169,4817],[3,-323],[1,-10],[0,-87],[1,-53],[-1,-59],[1,-69]],[[8174,4216],[0,-47],[-1,-57],[1,-62],[-1,-74],[1,-63]],[[8174,3913],[-81,-1],[-208,1],[0,-61],[-2,-119],[-2,-53],[1,-68]],[[7600,3232],[-33,11],[-71,18],[-39,11],[-69,15],[-40,11],[-38,9]],[[7310,3307],[-49,12],[-28,7],[-47,21],[-20,12],[-28,21]],[[7138,3380],[-31,28],[-63,67],[-20,20]],[[7866,1956],[40,0],[17,-4],[42,0],[20,-8],[31,-21],[8,12],[3,16],[98,-1],[27,-2],[35,0]],[[8187,1948],[0,-131]],[[7795,1817],[0,46],[-34,1],[0,53],[-2,20],[-6,18],[0,13],[77,0],[27,-11],[9,-1]],[[14499,1213],[1,601]],[[15660,1817],[-4,-601],[-2,-602],[0,-606]],[[15654,8],[-581,4],[-34,-1],[-212,1],[-48,1],[-213,2],[-62,0],[-6,-2]],[[14498,13],[-1,307]],[[8377,3611],[107,0],[37,0],[75,0],[53,-1],[104,-7]],[[8753,3603],[2,-181]],[[8755,3422],[0,-80]],[[8755,3342],[-23,10],[-68,30],[-50,22],[-144,63],[-221,98],[-17,9],[-57,37]],[[8175,3611],[25,-1],[118,1],[59,0]],[[8755,3342],[1,-74],[1,-48]],[[8467,3259],[0,37],[-18,37],[0,61],[-10,4],[-22,0],[1,32],[-2,8],[-20,11],[-3,17],[-6,9],[-27,12],[-12,1],[-78,-1],[-42,0],[-51,-1]],[[7023,2044],[22,0],[9,2],[14,12],[3,6],[1,30],[5,6],[43,-1],[78,0]],[[7198,2099],[4,-16],[6,-33],[14,-27],[6,-15],[8,-53],[9,-33]],[[7245,1922],[11,-31],[-7,-34],[-13,-27],[0,-11]],[[7022,2418],[230,0]],[[7252,2418],[67,-1],[143,1]],[[7462,2418],[1,-34],[-1,-27],[1,-167],[-2,-96],[0,-29]],[[7461,2065],[-38,0],[0,26],[-6,7],[-87,0],[-25,-1],[-18,-14],[-19,14],[-15,2],[-55,0]],[[7602,3016],[75,0],[55,0],[109,-1],[53,1]],[[7894,3016],[-1,-90],[1,-42],[-1,-81],[1,-85],[1,-43],[1,-132],[1,-31],[0,-95]],[[7897,2417],[-219,0],[-72,-1]],[[7606,2416],[0,43],[-1,52],[0,86]],[[7138,3380],[-11,-15],[41,-27],[-1,-58],[1,-68],[12,-3],[1,-13],[2,-74],[1,-105]],[[7184,3017],[-44,0],[-117,1]],[[7310,3307],[1,-121],[1,-51],[87,0],[46,-1],[2,-117]],[[7259,3017],[-75,0]],[[7925,3015],[-31,1]],[[8174,3913],[1,-59],[-1,-118],[1,-119]],[[7897,2117],[0,19]],[[7897,2136],[86,1],[52,-1],[38,1],[14,13],[2,21],[6,21],[17,10],[75,1]],[[8187,2203],[0,-255]],[[7866,1956],[0,86],[31,0],[0,75]],[[7607,2118],[125,1],[92,-2],[73,0]],[[7607,1817],[1,43],[0,93],[-1,62],[0,103]],[[7897,2417],[115,0]],[[8012,2340],[-115,-1],[0,-203]],[[7607,2118],[-1,67],[1,55],[-1,176]],[[8187,2269],[0,-66]],[[7606,2416],[-97,1],[-47,1]],[[7252,2418],[1,76],[-5,4],[5,13],[29,54],[63,-1],[16,3],[49,29],[24,2],[-26,68]],[[7022,2626],[19,2],[29,-4],[47,1],[-1,26],[0,49],[55,0]],[[8169,4817],[258,-1]],[[8427,4816],[146,1],[104,1],[74,-1]],[[8751,4817],[0,-188],[-1,-108],[1,-108],[-1,-84],[1,-117]],[[8751,4212],[-203,2],[-46,-1],[-184,2],[-40,-1],[-38,1],[-66,1]],[[9330,4576],[0,-41],[1,-56],[0,-113],[0,-103],[1,-51]],[[9332,4212],[-37,1]],[[9295,4213],[-6,18],[-13,19],[-1,10],[-9,25],[1,9],[-5,14],[0,14],[-14,16],[-2,15],[-8,13],[0,20],[-30,27],[-24,24],[0,17],[-4,8],[0,20],[-6,12],[5,6],[-16,10],[-19,0],[-15,5],[-16,13],[-17,6],[30,5],[116,21],[88,16]],[[8751,4817],[86,-1],[60,-2],[97,0],[42,0],[0,-218],[4,-75],[2,-25],[-1,-67],[61,1],[1,-22],[-2,-19],[-21,-77],[-5,-11],[-53,-66],[-2,-23]],[[9020,4212],[-42,0],[-225,0]],[[8753,4212],[-2,0]],[[8427,4816],[49,75],[192,298],[71,98],[114,127],[40,-1],[62,0],[77,2],[59,-1],[57,2],[57,0],[55,-2],[68,1]],[[9328,5415],[1,-121],[0,-89],[0,-97],[1,-10],[0,-190],[-1,-55],[1,-40]],[[9330,4813],[-1,-110],[1,-127]],[[9295,4213],[-176,-1],[-60,1]],[[9059,4213],[-39,-1]],[[9332,3710],[0,-100]],[[9332,3610],[-113,1],[-35,0]],[[9184,3611],[-1,52],[3,26],[-49,11],[-12,7],[1,11],[-8,18],[1,7],[36,32],[16,-4],[19,15],[30,-40],[19,-20],[18,-15],[15,-2],[60,1]],[[9621,3759],[149,0],[141,0]],[[9911,3759],[-1,-150]],[[9621,3610],[0,73],[0,76]],[[9332,4212],[158,-1],[132,0]],[[9666,4210],[0,-61],[-30,-7],[0,-69],[1,-39],[0,-108],[-20,-13],[4,-11],[-1,-62],[1,-81]],[[9595,3610],[-4,14],[-27,37],[-1,8],[-13,14],[-12,34],[-16,18],[-2,10],[-23,32],[-9,21],[2,5],[-2,31],[-9,9],[2,21],[-5,8],[-12,42],[-2,47],[1,24],[2,35],[-10,18],[-11,33],[-16,32],[-4,14],[-16,27],[-10,10],[-13,23],[-6,4],[-18,-9],[-17,8],[-12,10]],[[9332,4190],[0,22]],[[9332,3710],[0,94]],[[9332,3804],[0,129],[-1,89],[1,104],[0,64]],[[9328,5415],[32,0],[131,-2],[61,2],[67,0]],[[9619,5415],[-1,-71],[1,-246],[0,-68],[1,-65],[0,-94],[-1,-60]],[[9619,4811],[-42,0],[-79,2],[-35,-1],[-133,1]],[[8097,9018],[-2,-23],[-8,-12],[-26,-27],[-4,-11],[-4,-20],[-9,-11],[-6,-11],[4,-21],[-4,-7],[-19,-14],[-11,-27],[-25,-11],[-23,0],[-12,-4],[-6,-9],[-13,-31],[-3,-14],[-8,-3],[-11,6],[-18,4],[-20,-9],[-12,-14],[-7,-26],[5,-306],[-111,-1],[-58,-3],[-106,-1]],[[7580,8412],[283,557],[25,49]],[[8135,9018],[2,-126],[3,-474],[583,0]],[[8723,8418],[0,-601],[3,-602]],[[7126,7215],[76,348],[31,141],[8,28],[24,54],[62,124],[154,303],[81,163],[18,36]],[[15084,10925],[107,327],[15,41],[52,105],[30,66],[15,30],[25,33],[18,18],[26,22],[38,36],[11,11],[34,53],[22,29],[17,18],[40,34],[137,124],[2,144],[-44,-4],[-104,-15],[-32,-3],[-64,-3],[-70,2],[-98,9],[-30,1],[-140,4],[22,272],[0,33],[-9,252],[-1,51],[50,0],[117,0],[91,0],[53,1],[56,-2],[39,0],[52,-3],[118,-3],[77,0],[36,-1],[66,-1],[57,1],[253,-3],[86,-1],[2,-24],[-1,-142],[1,-21],[-1,-44],[-1,-371],[3,-68],[-1,-63],[0,-32],[-1,-162],[-2,-90],[-1,-87],[-1,-49],[11,-31],[1,-20],[-17,1],[0,-208],[5,-28],[-1,-16]],[[7556,13220],[0,-115],[3,-55],[-2,-36],[0,-66],[1,-68],[2,-18],[1,-139],[0,-102]],[[7561,12621],[-110,1],[-60,1],[-72,-1],[-97,0],[-56,2],[-101,-2],[-46,2],[-39,0]],[[7562,10823],[-1,-129],[0,-63],[-1,-32],[0,-86],[0,-51],[-2,-155],[1,-33],[-2,-55]],[[7557,10219],[-81,1],[-141,0],[-247,-1],[-62,0],[-43,2]],[[6983,10221],[-1,159],[1,78],[-1,82],[1,111],[-1,172]],[[8151,10821],[-1,-123],[0,-179],[-1,-99],[1,-53],[-1,-92],[-1,-53]],[[8148,10222],[-49,0],[-99,-1],[-225,1],[-43,-1],[-175,-2]],[[7558,9920],[1,160],[-2,100],[0,39]],[[8148,10222],[0,-59],[0,-61],[-1,-129],[-1,-268],[-1,-74],[-1,-11]],[[8144,9620],[-587,-1]],[[7557,9619],[0,282],[1,19]],[[7558,9920],[-173,-1],[-103,0]],[[7282,9919],[-14,0],[-1,49],[-30,-10],[-7,-14],[-19,-19],[-18,0],[0,-5],[-211,-1]],[[6982,9919],[1,13],[0,135],[1,68],[-1,86]],[[8144,9620],[-2,-20],[-9,-62],[-5,-18],[-16,-51],[-13,-32],[-70,-138],[-14,-29],[-67,-134]],[[5819,11264],[149,-2],[0,-59],[-2,-32],[147,-3],[0,6],[59,-1],[6,6],[3,26],[2,30],[-5,24],[-9,10],[-10,0],[1,32],[52,-2]],[[6212,11299],[-11,-101],[-8,-61]],[[6547,10825],[66,0]],[[6613,10825],[2,-81],[-1,-26],[-4,-24],[-10,-38],[25,-14],[17,-7],[34,-3],[0,-65],[0,-32],[-68,-1],[-83,-2],[-122,-2]],[[6403,10530],[0,295]],[[6403,10530],[-1,-244],[-1,-75]],[[6401,10211],[-106,0],[-162,1],[-72,2]],[[6821,10824],[161,-1]],[[6983,10221],[-65,-2],[-117,-2]],[[6801,10217],[0,74],[-68,0],[-3,3],[1,111],[2,110],[-1,20],[40,2],[-2,65],[4,25],[8,23],[11,33],[6,14],[21,26],[1,42],[0,59]],[[2979,9017],[0,-46],[4,-20],[13,-25],[32,-39],[7,0],[29,26],[13,-13],[14,-27],[16,6],[15,15],[15,29],[13,14],[19,9],[21,-45],[10,-15],[16,-14],[28,-18],[23,-10],[16,-3],[52,-5],[-5,-33],[-1,-37],[4,-27]],[[3333,8739],[5,-19],[-1,-27],[-14,-39],[1,-26],[-8,-55],[26,-11],[71,-55],[-19,-18],[-19,-1],[-7,4],[-38,29],[-25,11],[-25,2],[-49,-9],[-25,-14],[-21,-1],[0,-7],[0,-83],[-117,-1]],[[3068,8419],[-59,116],[-34,89],[-28,91],[-21,93],[-9,50],[-6,36],[-6,78],[-1,45]],[[3493,9020],[0,-239]],[[3493,8781],[0,-38]],[[3493,8743],[-69,-1],[-23,2],[-17,-2],[-22,2],[-29,-5]],[[3493,8743],[0,-114]],[[3493,8629],[0,-209]],[[3493,8420],[-291,0],[-1,-223],[16,-29],[22,-53],[-25,4],[15,-61],[20,-116],[4,-16],[8,-16],[11,-15],[10,-9],[-5,-7],[-45,0]],[[3232,7879],[-8,44],[-9,-2],[-42,219],[-11,50],[-7,24],[-18,55],[-19,50],[-23,49],[-27,51]],[[3235,7818],[258,0]],[[3177,7216],[3,16],[11,40],[13,30],[10,19],[40,64],[24,50],[14,42],[5,27],[4,50],[-3,44],[-4,27],[-11,40],[-34,103],[-14,50]],[[1799,7214],[85,1],[82,-1],[2,-31],[121,-17],[2,-183]],[[2091,6983],[-148,82],[-73,41],[-71,37]],[[1799,7143],[0,71]],[[1222,4824],[0,158],[1,51],[-1,93]],[[1165,8096],[91,1],[11,-4],[9,-10],[22,12],[17,4],[9,7],[0,8],[-4,40],[-1,15]],[[1319,8169],[136,1],[0,-31],[39,2],[7,-27],[77,2],[9,-2],[23,-14],[7,3],[6,11],[6,1],[115,1]],[[1744,8116],[0,-301]],[[1744,7815],[-54,0]],[[1690,7815],[-342,0]],[[1348,7815],[-182,0]],[[1166,7815],[-1,281]],[[1375,8414],[0,-20],[-46,-105],[-11,-36],[0,-50],[1,-34]],[[1165,8096],[-1,280]],[[1164,8376],[0,37]],[[1745,8416],[-1,-300]],[[1166,7713],[59,-1],[12,-3],[12,-10],[6,-19],[0,-57],[15,1],[35,18],[16,-27],[6,-19],[2,-12],[0,-53],[59,0],[8,3],[8,12],[5,29],[18,24]],[[1427,7599],[10,-11],[3,-11],[-2,-61],[1,-72],[-9,-29],[-9,-9],[-25,-8],[-5,-3],[-9,-19]],[[1165,7496],[1,217]],[[1762,7295],[19,-25],[12,-22],[4,-14],[2,-20]],[[1799,7214],[-46,-2],[-86,6]],[[1646,7230],[14,29],[7,19],[1,27],[-5,17],[-8,23],[-20,-5],[-18,0],[0,176],[-5,15],[-12,15]],[[1600,7546],[10,16],[20,63],[14,17],[19,11],[-30,31],[-2,15],[8,18],[26,18],[27,39],[14,16],[0,9],[-16,16]],[[1600,7546],[-16,-9],[-31,-2],[-14,6],[-6,5],[-8,-9],[-9,-1],[-46,0],[0,46],[6,14],[21,26],[22,15],[-12,19],[-4,12],[-15,-8],[-19,-20],[-25,-9]],[[1444,7631],[-5,12],[0,134],[-6,12],[-10,4],[-75,0],[0,22]],[[16244,2412],[215,0],[129,-1],[0,-5],[88,-1],[0,4],[145,-1]],[[16821,2408],[0,-29],[-2,-293],[0,-55],[-1,-136],[0,-85],[-1,-133],[-1,-59],[0,-46],[-1,-84],[-1,-3],[-1,-275],[-3,-601]],[[16810,609],[-576,2],[3,623],[2,522],[2,141],[0,105],[1,54],[0,96],[0,97],[2,103],[0,60]],[[647,5121],[0,-71],[-1,-159]],[[646,4891],[-139,1],[-23,0],[-27,17],[-12,1],[1,31],[-1,68],[-21,51],[-1,58],[86,2],[61,-1],[77,2]],[[935,5423],[144,2]],[[1079,5124],[-143,0]],[[936,5124],[-73,-1],[-73,0],[-143,-2]],[[647,5121],[0,152],[0,17],[0,131]],[[2387,2418],[579,-3]],[[2966,2415],[0,-283]],[[2966,2132],[0,-316],[0,-67],[-1,-59],[1,-28]],[[2387,2006],[0,412]],[[3255,2132],[-289,0]],[[3547,1815],[-177,0]],[[3370,1815],[-187,1]],[[3183,1816],[-83,0]],[[3100,1816],[36,81],[58,133],[9,20],[15,24],[20,27],[17,22]],[[3100,1816],[-15,-37],[-32,-74],[-8,-20],[-7,-36],[1,-33],[5,-27],[7,-21],[29,-62],[10,-25]],[[2385,3016],[16,-5],[14,-1],[6,9],[45,-4],[33,-5],[24,0],[27,-9],[10,-9],[9,2],[8,-6],[13,-3],[21,3],[43,-14],[16,2],[15,6],[41,29],[25,9],[24,0],[18,-6],[16,-15],[20,-11],[20,0],[22,5],[33,15],[4,7],[14,5],[10,-3],[35,11]],[[2966,2950],[-1,-142]],[[2965,2808],[0,-272]],[[2387,2418],[-2,598]],[[3546,1595],[0,-56]],[[3546,1539],[-52,0],[-43,-5],[-81,0]],[[3370,1534],[0,281]],[[3546,1539],[0,-41]],[[3546,1301],[-89,1],[-20,4],[-12,6],[-12,11],[-25,34],[-12,23],[-17,45],[-5,27],[0,26],[6,23],[10,14],[0,19]],[[9069,3014],[128,0],[25,-1]],[[9222,3013],[19,-1],[95,2]],[[9336,3014],[0,-32],[-1,-84],[1,-86],[0,-175]],[[9336,2637],[-73,-1],[-55,1],[0,-11],[-29,0],[-2,52],[-5,6],[-17,10],[-31,2]],[[9336,2637],[2,-220]],[[9338,2417],[-318,0]],[[8963,3611],[57,0],[45,-1],[62,0]],[[9127,3610],[-1,-58],[-21,-51],[-43,-105],[71,-31],[88,-39],[30,-13],[39,-18],[44,-2]],[[9334,3164],[-23,1],[-27,9],[-63,30],[3,6],[0,23],[-11,14],[-12,7],[-84,37],[-49,21],[-9,3],[-38,0],[-55,31]],[[8966,3346],[27,69],[2,21],[0,96],[-32,1],[-1,35],[1,43]],[[8753,3611],[75,-1],[35,1]],[[8863,3611],[100,0]],[[8966,3346],[-73,32],[-42,18],[-54,24],[-42,2]],[[8753,3603],[0,8]],[[9222,3013],[-1,68],[-39,39],[-13,9],[-21,10],[-62,27],[10,25],[-164,73],[-46,22],[-92,40],[-39,16]],[[9127,3610],[57,1]],[[7245,1922],[18,7],[14,1],[57,0],[-1,35],[57,0],[39,-19],[33,-1],[-1,120]],[[2383,5080],[-111,0],[-18,-6],[-10,18],[-17,-6],[-88,-1],[-46,-2]],[[2383,4821],[-290,0]],[[646,4521],[72,-1],[216,0]],[[934,4520],[159,0],[129,3]],[[645,4220],[1,301]],[[935,4823],[108,1],[24,1],[95,0],[60,-1]],[[934,4520],[0,75],[1,228]],[[646,4820],[47,1],[194,1],[48,1]],[[646,4521],[0,299]],[[83,4807],[193,0],[48,7],[33,4],[129,2],[160,0]],[[646,4521],[-217,-1],[-70,-1],[-3,1],[1,-265],[11,-36]],[[368,4219],[-283,-1]],[[85,4218],[0,294],[-2,21],[0,274]],[[645,4220],[-277,-1]],[[82,3617],[1,317],[-1,13],[2,94],[1,177]],[[3183,1816],[-1,-71],[0,-205],[74,0],[0,-6],[114,0]],[[4407,460],[-2,-32],[-5,-10],[-19,8],[-14,-1],[-18,-7],[-42,-30]],[[4307,388],[-17,25],[-5,16],[-19,-1],[-33,3],[-108,0]],[[4125,431],[0,174]],[[4307,388],[-42,-30],[-6,-6],[-6,-21],[38,-1],[0,-36],[23,0],[11,-11],[0,-158],[-86,0],[0,-114]],[[4239,11],[-114,0]],[[4125,11],[0,219]],[[4125,230],[0,40]],[[4125,270],[0,161]],[[4705,442],[-1,-430]],[[4704,12],[-465,-1]],[[4994,605],[37,1],[126,17],[61,5],[114,1],[135,0]],[[5567,314],[-284,2],[0,-301]],[[5283,15],[-579,-3]],[[7498,4215],[-355,-1],[-1,63],[160,1],[2,202],[2,32],[-282,0]],[[10489,6009],[-67,-2],[-120,2],[-153,1],[-57,2],[-109,1],[-75,0],[0,-34],[1,-139],[75,0],[71,0],[123,-2],[-1,-127],[23,0],[-1,-137],[1,-103],[0,-60]],[[10200,5411],[-77,-1],[-55,1],[-128,1],[-32,1]],[[9908,5413],[-138,1],[-151,1]],[[10490,5408],[-111,0],[-179,3]],[[8752,4079],[1,-211],[1,-17],[4,-29],[1,-155],[-5,-24],[-1,-32]],[[8377,3611],[0,45],[-7,39],[33,4],[53,0],[14,3],[21,16],[-6,8],[-29,61],[-25,51],[10,6],[49,51],[52,60],[28,29],[-15,15],[50,56],[14,-13],[14,-4],[33,0],[15,3],[13,8],[32,27],[26,3]],[[8753,4212],[-1,-73],[0,-60]],[[9081,3972],[12,42],[1,124],[-3,30],[-31,-3],[-2,7],[1,41]],[[9332,3804],[-30,0],[-12,3],[-25,10],[-35,7],[-19,12],[7,17],[0,17],[-15,0],[-19,-4],[-24,-9],[-23,-6],[-47,0],[-27,8],[-20,9],[20,55],[18,49]],[[10313,4210],[64,0],[76,0],[37,0]],[[10490,4210],[0,-23],[-1,-219],[1,-93],[0,-42],[-1,-165],[1,-58]],[[10316,3609],[0,56],[1,33],[-1,33],[1,56],[-1,39],[1,9],[15,59],[1,15],[-13,0],[0,37],[-7,2],[1,166],[-1,96]],[[10129,4210],[97,0],[87,0]],[[10144,3610],[-1,73],[1,56],[-12,18],[-4,11],[-1,48],[2,305],[-1,25],[1,64]],[[9911,3759],[0,157],[0,294]],[[9911,4210],[75,0],[88,-1]],[[10074,4209],[55,1]],[[10491,4550],[-1,-124],[1,-198],[-1,-18]],[[10074,4209],[1,84],[1,56],[-4,24],[0,112],[3,25],[17,0],[0,109],[1,38],[60,-17],[63,-16],[99,-27],[32,-8],[80,-22],[64,-17]],[[9911,4811],[180,-1],[69,-1],[185,0],[55,1],[90,-1]],[[10490,4809],[-1,-115],[2,-144]],[[7561,12621],[0,-81],[0,-95],[-1,-81],[2,-70],[0,-73],[0,-53],[1,-147]],[[7563,12021],[-166,0],[-43,1],[-15,-1],[-67,0]],[[7272,12021],[-86,0],[-81,0],[-123,0]],[[6981,12304],[0,86],[-1,156],[0,78]],[[7561,12621],[15,0],[143,1],[13,-1],[102,2],[171,-2],[59,2],[91,-1],[109,2],[155,1]],[[6212,11299],[15,143]],[[6227,11442],[32,3],[77,-8],[78,-12],[17,-1],[75,1]],[[6553,11425],[1,-167],[-2,-135]],[[6771,11424],[119,1],[92,-2]],[[6982,11122],[-146,1],[-76,1],[-103,-2],[-105,1]],[[6821,10824],[-208,1]],[[5818,12032],[74,-1],[205,0],[13,0]],[[6111,11686],[-34,4],[-17,12],[-10,10],[-23,-1],[-10,-5],[-13,2],[-6,-13],[-30,1],[-18,-11],[-10,-2],[-12,-8],[-12,2],[-14,15],[-10,1],[-25,-17],[-20,-1],[-15,-5],[-13,12]],[[5819,11682],[0,50]],[[5819,11732],[0,110],[-1,78],[0,112]],[[6250,11669],[-1,-5]],[[6249,11664],[-13,-143],[-9,-79]],[[6227,11442],[-6,7],[-105,11],[0,3],[-33,0],[-165,1],[-98,1]],[[5820,11465],[-1,168],[0,49]],[[5820,11430],[0,35]],[[6771,11665],[73,1],[38,2],[37,-1],[64,3]],[[6983,11670],[0,-6]],[[6693,11873],[0,113],[2,37]],[[6982,12021],[1,-130],[0,-93],[0,-128]],[[6693,11670],[-1,95],[1,36],[0,72]],[[6286,12028],[35,0],[80,-3]],[[6404,12025],[0,-147],[1,-92],[-1,-53],[1,-85]],[[6405,11648],[-149,16],[-7,0]],[[6505,11676],[1,109],[4,14],[19,38],[8,11],[15,13],[27,12],[15,1],[99,-1]],[[3493,9020],[182,-1]],[[3675,9019],[110,0]],[[3785,9019],[0,-274]],[[3785,8745],[-146,1],[-16,48],[-11,11],[-14,-9],[-17,-8],[9,-20],[-1,-11],[-6,-8],[-12,-4],[-56,1],[0,35],[-22,0]],[[3785,9019],[36,-1]],[[3821,9018],[108,0]],[[3929,9018],[26,-35],[-9,-17],[-12,-34],[-4,-25],[0,-175],[-1,-154],[5,-19],[12,-17],[7,-15],[1,-20]],[[3954,8507],[-15,0],[-12,6],[-15,15],[-11,8],[-17,4],[-41,1],[-26,6],[-27,11],[-22,1]],[[3768,8559],[0,143],[16,18],[1,25]],[[3954,8418],[0,89]],[[3493,8629],[92,0],[14,-2],[19,-8],[79,-47],[30,-11],[41,-2]],[[3767,8419],[-274,1]],[[4944,11433],[180,-1],[109,-1]],[[5237,11027],[-115,2],[-32,10],[-20,21],[-23,-19],[-20,23],[-31,7],[-28,0],[-7,-8],[0,-42],[1,-20],[5,-4],[39,0],[0,-31],[-60,0]],[[4946,10966],[-2,467]],[[5232,11735],[587,-3]],[[5233,11431],[0,148],[-1,103]],[[5232,11682],[0,53]],[[3493,8420],[0,-335]],[[3493,8085],[0,-267]],[[3235,7818],[-27,0],[-3,23],[1,38],[26,0]],[[3754,8038],[-31,0],[-1,64],[-82,1],[1,-32],[-25,-2],[-19,12],[-13,3],[-91,1]],[[1444,7631],[-6,-8],[-11,-24]],[[1166,7713],[0,102]],[[828,8415],[0,-22],[21,-1],[10,-10],[0,-116],[-5,-10]],[[854,8256],[-12,10],[-19,-1],[-14,-8],[-74,-76],[-17,-6],[-135,1]],[[583,8176],[0,58]],[[1164,8376],[-13,-1],[-16,-15],[6,-11],[-12,-16],[2,-20],[-26,-17],[-3,4],[4,22],[-7,4],[-13,-16],[-14,-6],[4,-21],[-1,-16],[-21,-13],[-16,-12],[-3,-25],[-5,-22],[-5,-8],[-17,-6],[-23,4],[-3,4],[9,12],[-14,8],[-20,1],[-10,5],[-21,21],[-14,4],[-40,0]],[[872,8240],[-18,16]],[[583,7886],[33,-1],[37,-6],[9,-5],[-29,-51],[5,-6],[238,-1],[-4,424]],[[1026,7573],[-111,61],[-42,24],[-144,80],[-73,40],[-73,41]],[[583,7819],[0,67]],[[583,7886],[0,290]],[[936,5124],[-1,-59],[0,-75],[0,-41],[1,-91],[-1,-35]],[[646,4820],[0,71]],[[347,5419],[26,-1],[217,3],[57,0]],[[83,4807],[1,600]],[[1223,5876],[1,-238]],[[2236,6902],[65,-35],[81,-46]],[[2109,6623],[0,132],[-2,28],[0,124],[65,0],[19,-5],[33,-18],[12,18]],[[2091,6983],[145,-81]],[[1800,6623],[-1,268]],[[1799,6891],[0,252]],[[15102,14405],[41,-2],[519,-3],[20,2],[116,-1],[104,-1],[145,0],[92,-2],[118,0],[137,-3],[103,-1],[60,0],[286,-1],[578,-3],[2,-186],[-1,-102],[2,-97],[0,-43],[1,-150],[-1,-181],[-2,-108],[0,-43],[0,-54],[0,-127],[-1,-203],[-1,-109],[0,-66],[-1,-69],[1,-86],[-2,-154],[1,-133],[-1,-141],[-1,-68],[-1,-186],[-3,-163],[1,-79],[0,-190],[-1,-66],[1,-71],[0,-135]],[[8764,502],[67,-6],[82,-5],[79,-3],[25,0],[322,-2],[-1,132],[0,112],[481,-9],[-1,9],[3,296],[0,36],[66,152],[23,1],[110,-1],[0,198],[35,0],[2,103],[-147,-2],[0,104],[148,-2],[2,53],[-150,-1],[0,150],[2,300],[-71,0],[24,8],[9,19],[-1,42],[-3,17],[-10,21],[-8,13],[-31,38],[-17,12],[-69,34],[-28,7],[-40,1],[-13,6],[-9,12],[-1,69]],[[9644,2416],[269,0]],[[9913,2416],[575,-1]],[[10488,1213],[-1,-598],[1,-599]],[[10488,16],[-3,-1],[-66,1],[-91,0],[-115,1],[-275,0],[-390,0],[-205,0],[-580,0]],[[8763,17],[2,59],[0,78],[-1,348]],[[6801,10217],[-78,-3],[-85,0],[-169,-3],[-68,0]],[[1742,12637],[86,1],[58,-1],[153,1],[56,1],[142,-1],[260,1],[257,2],[72,-1],[84,0],[39,0],[137,0],[334,3],[74,0]],[[3494,12041],[-584,-5],[0,-599]],[[2910,11437],[0,-195],[-12,-108],[-1,-205],[-5,-94]],[[3,10835],[0,181],[1,79],[-1,255],[1,130],[0,139],[-2,260],[1,124],[0,150],[0,118],[-2,148],[0,131],[0,87]],[[13747,7216],[-9,-39],[5,-30],[10,-12],[27,-9],[14,-15],[16,-38],[0,-14],[-4,-17],[-4,-39],[6,-39],[8,-24],[11,-23],[43,-33],[13,-6],[36,3],[21,6],[56,14],[17,2],[14,-40],[59,-91],[-26,-50],[-82,-75],[-12,-31],[18,-75],[-19,-41],[-6,-63],[9,-48],[24,-19],[35,-10],[45,32],[38,44],[22,-17],[23,-48],[34,-31],[20,-22],[-259,-1],[-1,-67],[-1,-235]],[[5292,4106],[56,-1],[-1,-88],[49,-2],[47,40],[18,12],[57,29],[25,6],[68,0],[51,0],[124,0],[122,0],[4,-2],[108,0],[8,1]],[[5867,3918],[-144,1],[-62,3],[-55,5],[-43,5],[-20,-2],[-95,0],[-160,1]],[[4993,958],[69,0],[11,-3],[17,-19],[47,43],[16,-11],[42,0],[19,-1],[27,-7],[40,-1],[0,-45],[103,0],[43,1]],[[2574,9613],[70,-1],[261,-7]],[[2904,9017],[-84,0]],[[2820,9017],[-1,31],[-35,63],[-1,4]],[[2783,9115],[1,140],[-7,17],[-94,102],[-11,9],[-16,9],[-42,10],[-21,0],[-41,-10],[-7,15],[1,29],[13,32],[12,21],[2,12],[1,112]],[[3095,6425],[5,-56],[8,-48],[11,-48],[12,-35]],[[3131,6238],[17,-51],[11,-25],[8,-25],[6,-28],[4,-27],[1,-61]],[[2962,6021],[0,94]],[[2962,6293],[0,61]],[[3545,5567],[0,-49],[-2,0],[0,-105]],[[5873,5419],[-219,1],[-69,1]],[[5585,5421],[1,37],[1,264],[0,223],[1,23],[6,54]],[[11059,5411],[1,-58],[0,-103],[1,-83],[0,-157],[-1,-114],[1,-86]],[[11061,4810],[-60,1],[-69,0],[-137,-2],[-94,1],[-84,-1],[-3,10],[-93,0],[-2,-11],[-29,1]],[[10490,4809],[0,125],[0,28],[0,222],[0,224]],[[3131,6238],[122,-2],[-1,102]],[[4714,5872],[0,-169]],[[4371,5703],[-28,4],[-19,12],[-10,13]],[[3545,3615],[72,-1],[38,0],[183,0],[20,0],[265,0]],[[3546,2690],[0,325]],[[3545,3471],[0,144]],[[4205,11435],[81,0]],[[4265,10993],[-48,1],[-34,28],[-29,8],[-83,1]],[[10468,9781],[0,439],[-2,114],[1,54],[-1,198],[1,176],[0,151],[0,301],[1,62],[0,144]],[[7282,9919],[0,-139],[-3,-22],[-10,-24],[0,-116]],[[6983,9617],[-1,302]],[[5230,12034],[67,0],[35,1],[41,-1],[134,0],[87,-1],[95,0],[129,-1]],[[5232,11735],[-1,156],[3,5],[-1,102],[-3,5],[0,31]],[[8863,3611],[-1,97],[0,50],[-4,6],[17,32],[0,36],[-7,14],[6,17],[0,33],[-3,14],[-15,34],[51,24],[17,3],[115,1],[14,6],[13,0],[15,-6]],[[5167,4369],[3,149],[5,23],[1,192],[1,44],[0,41]],[[4854,4369],[39,0],[106,0]],[[4998,4271],[-144,-1]],[[2965,3927],[1,-1],[123,-39]],[[3089,3887],[2,-43],[3,-46],[7,-43],[9,-36],[13,-41],[26,-66],[38,-1],[51,1],[153,0],[154,3]],[[3546,3369],[-21,-2],[-21,2],[-11,-8],[-38,-19],[-45,-35],[-47,-14],[-25,-11],[-27,-28],[-18,-15]],[[3493,9152],[31,1],[21,2],[55,14],[30,0],[24,-7],[12,-9],[9,-16]],[[3675,9137],[8,-29],[-1,-20],[-7,-37],[0,-32]],[[10490,4210],[32,0],[216,0],[64,1],[102,-1],[118,1],[41,-1]],[[11063,4210],[-1,-285],[1,-58],[-1,-162],[-1,-95]],[[11061,3610],[-33,1],[-101,-1],[-26,0]],[[3546,227],[-122,0],[-16,-6],[-7,-8],[-4,-13],[0,-190]],[[3397,10],[-160,1]],[[3493,9317],[133,3]],[[3626,9320],[0,-8],[8,-8],[-13,-11],[11,-12],[15,-7],[25,-4],[13,-10],[30,-36],[8,-16],[1,-11],[-5,-24],[-9,-13],[-20,-16],[-15,-7]],[[584,7669],[-1,-156],[-1,-147]],[[582,7366],[-140,1],[-13,2],[-18,6],[-14,10],[-52,55],[-11,8]],[[292,9021],[0,-192]],[[1,8740],[0,282]],[[4655,9612],[584,7]],[[4656,9520],[-1,92]],[[4655,10998],[1,-166]],[[4656,10832],[-584,2]],[[4072,10834],[-1,-257]],[[4071,10577],[-23,-2],[-52,0],[-13,-16],[-41,-1],[-10,2],[-8,15],[-61,3],[-4,0],[-62,1],[-2,-57],[0,-63],[21,1],[-1,-32],[-19,0],[2,-103],[-3,-62],[63,-2],[0,-42]],[[3858,10219],[-76,1]],[[3782,10220],[-1,614]],[[11640,4212],[251,1],[238,1],[84,0]],[[12215,3614],[-99,-1],[-299,-2],[-80,0],[-99,0]],[[11638,3611],[-1,173],[2,119],[1,203],[-1,55],[1,51]],[[1802,4220],[290,0]],[[2092,4220],[293,0]],[[2385,4220],[0,-280]],[[7272,12021],[-3,-201],[0,-176]],[[11059,3024],[-27,0],[-50,-2],[-51,0],[-46,-3],[-118,-2]],[[5278,9016],[84,-2],[84,-1]],[[5446,9013],[70,-1],[47,1],[260,2],[-2,-599]],[[5531,8416],[0,192],[-14,0],[0,92],[-58,0],[-10,-2],[-37,-45],[-15,10],[-21,4],[-95,1],[-22,10]],[[5259,8678],[-21,13],[2,14],[0,246],[1,65]],[[3707,10835],[0,-82],[-15,-3],[-34,-21],[10,-19],[8,-30],[0,-83],[-7,-22],[0,-143],[5,-10],[37,-22],[11,-11],[8,-17],[2,-10],[-1,-142]],[[3731,10220],[-237,2]],[[12216,3023],[192,-1],[101,-1],[115,1],[167,-1]],[[12791,3021],[0,-92],[1,-114],[1,-143],[-2,-137],[0,-114]],[[12791,2421],[-576,1]],[[12215,2422],[0,86],[2,156],[-1,135],[0,224]],[[6061,12629],[-121,3],[-59,2],[-65,1]],[[12793,3613],[0,-119],[-1,-108],[1,-118],[-2,-247]],[[12216,3023],[-120,2],[-73,0],[-47,-1],[-119,2],[-54,0],[-61,2],[-103,0]],[[4646,13230],[-173,2],[-365,3],[-41,1]],[[4067,13236],[0,117],[1,93],[-1,102],[1,288],[46,0],[225,-2],[116,-2],[190,-4],[-1,-75],[0,-106],[2,-207],[0,-117],[0,-93]],[[3494,10001],[64,0],[9,-1],[10,8],[37,22],[22,2],[33,-12],[34,-1],[143,-1],[22,-10],[15,-14],[21,-10],[19,-5],[148,-1]],[[4071,9978],[1,-387]],[[3781,9594],[-287,1]],[[3494,9595],[0,406]],[[6401,9908],[436,9]],[[6837,9917],[1,-302]],[[6402,9607],[0,212]],[[6402,9819],[-1,89]],[[7017,6019],[-206,0],[-16,4],[-22,15],[-55,62],[-13,12],[-18,13],[-24,11],[-34,6],[-85,-1],[-22,2],[-21,4],[-21,7],[-27,10]],[[4952,8715],[1,-86],[-74,0],[0,-215]],[[16821,2408],[103,0],[257,-3],[92,-1],[118,-1],[10,0]],[[17401,2403],[1,-5],[-2,-154],[-1,-120],[1,-58],[-2,-127],[-1,-184],[0,-41],[-1,-61],[-2,-78],[1,-40],[-2,-316],[5,-42],[0,-276],[-7,-39],[1,-37],[-2,-16],[1,-476],[3,-25],[-6,-8],[2,-44],[-3,-68],[1,-35],[-1,-93],[0,-60],[-54,1],[-524,9]],[[16809,10],[1,599]],[[6982,9919],[-145,-2]],[[6401,9908],[-1,140],[2,80],[-1,83]],[[6402,9819],[-129,1],[1,-186],[0,-25]],[[6274,9609],[-162,3]],[[6112,9612],[-1,300],[-160,3],[-86,1]],[[11640,1567],[0,-346]],[[11640,1221],[4,-603],[-1,-600]],[[11643,18],[-563,-3],[-551,0],[-41,1]],[[8617,2417],[18,0]],[[9338,2417],[306,-1]],[[8764,502],[-2,421],[-1,297]],[[8761,1220],[0,10]],[[8761,1230],[28,25],[-6,7],[-8,20],[-2,25],[0,122],[-1,87],[2,46],[12,102],[9,70],[9,90],[2,43],[-1,49],[-6,13],[-16,9],[-24,0],[-24,7],[-28,1],[-28,5],[-35,11],[-29,24],[-27,17],[-15,3],[-11,-5],[-24,-25],[-18,9],[-22,16],[-16,21],[-7,16],[-3,19],[4,18],[14,27],[-1,24],[-58,-24],[-38,-14],[-43,-9],[-1,155],[-5,7],[-15,7],[-24,5],[-16,9],[-5,16],[-97,1]],[[8187,1656],[162,0],[0,87],[1,21],[15,21],[0,38],[59,2],[-1,-78],[8,-5],[5,-36],[37,1],[-1,-189],[144,0],[-1,-47],[4,-85],[-3,-18],[141,0],[4,-138]],[[8761,1220],[-575,-2]],[[8764,502],[-78,9],[-88,13],[-41,7],[-50,9],[-167,30],[-152,18]],[[12215,2422],[-576,0]],[[1743,9275],[8,5],[17,1],[15,11],[14,21],[19,5],[12,6],[13,-4],[3,12],[-4,16],[2,13],[9,8],[21,6],[10,9],[17,-7],[5,-10],[18,-18],[13,0],[7,10],[3,14],[5,7],[24,-4],[4,7],[-8,15],[8,32],[14,0],[7,7],[5,15],[5,5],[28,3],[19,-12],[15,-18],[-5,-8],[-5,-35],[-14,-20],[1,-18],[-3,-11],[-13,-11],[-10,-23],[-4,-16],[-7,-12],[-19,-10],[-5,-11],[-5,-20],[-9,-20],[-11,-15],[-9,-7],[-15,-2],[-8,-25],[-12,-16],[-3,-8],[5,-18],[-12,-26],[-13,-18],[-12,-1],[-16,6],[-13,-26],[-19,-4],[-26,-29],[-14,-9]],[[1795,9017],[-51,0]],[[2324,9103],[48,-26],[9,-3],[48,-9],[14,1],[10,5],[34,25],[11,21],[17,8],[28,-3],[-5,-18],[-2,-32],[46,0],[8,3],[15,18],[10,7],[17,-1],[31,-19],[18,-5],[27,0],[0,41],[75,-1]],[[2820,9017],[-496,0]],[[2324,9017],[0,86]],[[3951,5621],[11,-25]],[[3962,5596],[-26,-10],[-39,-11],[-38,-7],[-27,-1],[-220,0]],[[3612,5567],[-67,0]],[[5216,1817],[0,-37],[-34,-22],[-6,-17],[-19,0],[-22,-20],[0,-129]],[[5135,1592],[0,-53],[-16,0],[-31,3],[-1,-19],[1,-73],[-3,-7],[-36,-35],[-5,-4],[-24,-1],[-28,6]],[[1607,7012],[15,-21],[3,-13],[-8,-36],[1,-26],[7,-21],[24,-3],[17,-28],[2,-22],[18,5],[17,13],[23,5],[32,22],[13,4],[28,0]],[[1619,6625],[-1,150],[-109,1],[-1,150],[26,8],[46,66],[27,12]],[[5446,9013],[48,83],[94,163],[36,65],[36,62],[52,95],[22,38],[18,33],[38,65]],[[5790,9617],[10,0],[312,-5]],[[6274,9609],[128,-2]],[[6286,12028],[3,33],[7,53],[5,47],[11,89],[33,132],[32,116],[32,127]],[[8416,3014],[5,-73],[1,-179],[1,-9],[11,-29],[25,3],[22,-3],[35,-7],[74,0]],[[8186,2829],[-1,72],[0,56],[-1,55]],[[5135,1592],[145,-1],[0,-376]],[[5280,1215],[-289,1]],[[11063,4210],[95,0],[172,1],[53,1],[122,-1],[135,1]],[[4946,10831],[0,135]],[[1800,4520],[22,0],[269,1]],[[2091,4521],[1,-301]],[[3543,5077],[0,-111]],[[3543,5191],[60,-2],[33,-6],[37,6],[21,1],[71,0],[75,1],[-1,-74]],[[3839,5117],[-4,0],[4,-37],[0,-113]],[[3985,5306],[0,112]],[[3985,5418],[145,2]],[[4130,5121],[-72,-3],[-73,1]],[[3985,5119],[-1,20],[1,167]],[[4151,5570],[6,0]],[[4130,5420],[1,82],[3,25],[12,21],[5,22]],[[3112,4218],[-3,-34],[-12,-164],[-8,-117],[0,-16]],[[4714,6023],[221,0],[69,4]],[[3546,162],[0,-152]],[[3546,10],[-149,0]],[[3815,140],[31,0],[9,5],[11,-7],[10,0],[15,10],[87,0],[25,2],[9,2],[18,11],[69,61],[13,6],[13,0]],[[4125,11],[-579,-1]],[[4122,1534],[0,-168]],[[4702,4519],[6,5]],[[4413,1057],[0,-121]],[[4413,936],[0,-22]],[[5280,1817],[148,1]],[[5427,1216],[-147,-1]],[[5871,5118],[2,301]],[[5232,5434],[37,-13],[18,-2],[5,3],[218,-2],[75,1]],[[5262,5122],[-7,93],[-7,65],[-6,71],[-10,83]],[[5364,2503],[209,1],[1,173]],[[4894,4156],[2,64],[51,1],[0,-65]],[[3494,11838],[0,-401]],[[3494,11437],[-584,0]],[[2091,4521],[293,0]],[[8763,17],[-127,0],[-76,1],[-149,1],[-150,-1],[-74,1]],[[11640,1221],[554,0],[26,-3]],[[12220,1218],[0,-173],[0,-11],[2,-413],[-1,-302],[0,-30],[0,-270]],[[12221,19],[-578,-1]],[[12795,1820],[379,-1],[195,-1],[613,-2],[518,-2]],[[12795,1220],[0,600]],[[14512,5118],[0,-187],[0,-78],[-1,-33],[1,-49],[0,-122],[0,-31],[-4,-315],[0,-82]],[[14508,4221],[-130,-2],[-164,-1],[-59,-1],[-50,1],[-109,-2],[-49,0]],[[13945,3615],[129,1],[110,-1],[177,1],[145,-1]],[[14506,3615],[0,-100],[0,-71],[0,-80],[0,-77],[-1,-80],[1,-100],[-1,-94]],[[14505,3013],[-144,2],[-117,0],[-138,-1],[-71,1],[-78,0],[-63,1],[-33,0],[-177,1],[-94,-1],[-219,2],[-87,1],[-95,0],[-126,1],[-106,0],[-71,1],[-95,0]],[[14503,2414],[-118,1],[-114,1],[-99,-1],[-67,2],[-101,0],[-149,-1],[-106,1],[-143,2],[-166,0],[-187,-1],[-32,5],[-118,40],[-19,5],[-37,3],[-27,-4],[-28,-9],[-72,-33],[-22,-4],[-107,0]],[[15662,2417],[181,-1],[60,0],[126,-2],[118,0],[97,-2]],[[16809,10],[-579,-1],[-112,-1],[-122,-1],[-137,-1],[-185,2],[-20,0]],[[5790,9617],[-122,0]],[[334,7448],[-23,-38],[-4,-14],[0,-182]],[[307,7214],[-222,1]],[[85,7215],[-34,0]],[[1513,5660],[0,62],[-43,0],[0,50],[-1,102]],[[5229,13240],[0,104],[0,105],[-1,106],[0,109],[-2,98],[0,80]],[[4071,10577],[-1,-359]],[[4070,10218],[-212,1]],[[1795,9017],[241,0]],[[2036,9017],[-1,-316],[1,-143],[0,-141]],[[2036,8417],[-291,-1]],[[12215,2422],[3,-600],[577,-2]],[[12376,1206],[-28,-9],[-24,-4],[-15,-1],[-24,4],[-17,5],[-31,12],[-17,5]],[[14498,13],[-59,0],[-64,2],[-63,1],[-58,2],[-44,0],[-76,2],[-141,-2],[-48,1],[-575,2],[-595,-1],[-554,-1]],[[14803,3614],[-182,0],[-115,1]],[[16248,3610],[-1,-122],[0,-151],[0,-59],[1,-103],[-1,-161],[-100,-1],[-79,1],[-121,-1],[-93,1],[-66,0],[-53,1],[-70,0]],[[17407,3607],[0,-151],[1,-58],[-1,-217],[-4,-122],[3,-40],[-1,-97],[-2,-120],[-1,-115],[1,-74],[-1,-64],[1,-99],[-2,-47]],[[12211,4816],[-47,0],[-144,-2],[-190,-1],[-94,-1],[-98,0],[-269,-1],[-69,1],[-107,-1],[-82,0],[-50,-1]],[[2036,9017],[206,0]],[[2242,9017],[1,-52],[5,-19],[7,-14],[15,-16],[35,-30],[9,-15],[6,-14],[2,-19],[0,-197],[-3,-17],[-21,-66],[-4,-24],[1,-33],[3,-26]],[[2298,8475],[-123,-18],[-33,-12]],[[2142,8445],[-5,0],[-85,-30],[-16,2]],[[5594,6022],[-303,1],[-63,4],[-113,1]],[[5115,6028],[-14,80],[-13,92],[-20,105],[-17,79],[-9,34],[-13,68],[-10,85],[-8,54]],[[4147,5688],[-51,-32],[-47,-25],[-87,-35]],[[2965,2808],[62,1],[86,1],[113,-1],[0,-37],[-199,-1],[0,-38],[228,1]],[[3397,2808],[0,62],[-4,48],[-5,40],[-13,58]],[[5702,3662],[-34,48],[-35,-2],[-92,0],[-49,1],[-50,0],[-51,1],[-108,0]],[[4940,12034],[141,0],[68,1],[81,-1]],[[5232,11682],[-11,1],[-40,23],[-14,-3],[-19,-35],[-13,-8],[-31,-11],[-14,-15],[-89,59],[-24,14],[-35,2]],[[5817,12271],[50,0],[0,34],[6,5],[27,0],[-1,-21],[7,-23],[59,25],[53,21],[9,3],[13,-5],[40,-31],[11,-12],[3,-12],[0,-47],[-1,-16],[-9,-4],[-28,-4],[3,-29],[6,-11],[43,-16],[2,-3],[0,-94]],[[5818,12032],[1,101],[-2,138]],[[1860,7816],[0,226],[2,24],[8,23],[11,20],[228,309],[11,12],[22,15]],[[2298,8475],[186,25],[12,0],[343,2],[16,-2],[24,-5],[29,-15],[13,-11],[17,-22],[20,-37],[24,19],[20,-7],[21,-3],[45,0]],[[8723,8418],[581,-1],[584,1],[582,0]],[[1437,6922],[46,32],[36,12],[8,14],[0,54],[24,0],[14,6],[6,12],[0,9],[9,0],[13,-6],[4,-9],[10,-34]],[[1346,6628],[1,57],[4,20],[8,18],[9,10],[52,54],[18,23],[12,17],[9,25],[1,20],[-4,17],[-19,33]],[[11063,4210],[0,64],[0,107],[-1,85],[-1,344]],[[4715,6385],[8,-15],[21,-26],[36,-29],[31,-14],[71,-20],[28,-2],[1,67],[-1,78],[-2,82],[0,101],[0,18]],[[3612,5567],[0,-49],[60,0],[1,-104],[312,4]],[[3985,5306],[-218,-2],[0,38],[-41,-1],[-31,0],[-12,4],[-9,-30],[-27,0],[-84,-10],[-20,0]],[[4125,4098],[0,-34]],[[3545,3615],[1,5],[-1,45],[-1,130],[-3,20],[-1,95],[4,6]],[[3544,3916],[109,-1],[1,2],[-1,113],[-77,2],[-13,-4],[-23,-20]],[[3540,4008],[-1,101],[-3,64],[4,40]],[[5808,3537],[-60,1],[-19,-1],[-36,-5],[-25,-7],[-38,-17],[-42,-26],[-24,-22],[-40,-46],[-45,-48],[-37,-29],[-24,-15],[-43,-21],[-44,-11],[-33,-5],[-26,0]],[[3731,10220],[51,0]],[[4070,10218],[1,-240]],[[3494,10001],[0,221]],[[2242,9017],[82,0]],[[4413,936],[291,1]],[[6506,11637],[-101,11]],[[88,108],[1,32],[-1,132],[0,122],[0,99],[-1,114],[0,275],[1,255],[-1,78],[0,489],[-1,114]],[[4715,6471],[0,154]],[[3985,5119],[-146,-2]],[[1746,14451],[203,-1],[12,0],[216,0],[133,-1],[105,1],[170,-1],[187,-1],[106,-1],[239,1],[21,-1],[135,1],[78,0],[143,0]],[[3494,14448],[0,-111],[1,-161],[-1,-107],[0,-302],[0,-182],[1,-102],[-1,-163],[-2,-75]],[[5230,12638],[0,-79],[0,-99],[2,-63],[0,-59]],[[5232,12338],[0,-43],[-1,-71],[-2,-155],[1,-35]],[[3494,14448],[153,0],[66,-1],[112,0],[134,-1],[93,0],[170,-2],[204,-1],[222,-1],[155,-2],[111,0],[316,-2]],[[9908,5413],[-1,-15],[3,-56],[0,-119],[-1,-125],[1,-58],[-1,-135],[2,-59],[0,-35]],[[10488,2655],[-18,5],[-89,32],[-51,13],[-26,4],[-58,7],[-18,0],[-1,-13],[-25,0],[0,20],[-15,-2],[-51,8],[-29,6],[-30,11],[-113,49],[-13,2],[-39,1]],[[9912,2798],[0,66],[-1,151]],[[3540,4008],[1,-87],[3,-5]],[[4125,270],[-29,-2],[-12,20],[-16,5],[-224,1],[-27,1]],[[3821,9018],[-1,172],[74,0],[18,2]],[[3871,9356],[-32,-33],[-25,-1],[-188,-2]],[[5236,8415],[1,159],[2,27],[4,26],[8,29],[8,22]],[[2574,9613],[-84,0]],[[2490,9613],[-165,-1]],[[2325,9612],[-16,1],[-33,5],[-60,0]],[[582,7366],[2,-29],[6,-22],[7,-14],[27,-31],[10,-17],[5,-15],[2,-23]],[[641,7215],[-53,-1],[-164,0]],[[424,7214],[-117,0]],[[5574,16],[-291,-1]],[[4668,10213],[-84,1]],[[4584,10214],[-335,3]],[[4249,10217],[-179,1]],[[4655,9612],[-1,295]],[[1220,6979],[90,0],[22,8],[11,13],[10,24],[18,-7],[22,-2]],[[1393,7015],[3,-26],[5,-12],[36,-55]],[[3962,5596],[12,-28],[60,0],[49,1],[68,1]],[[4584,10214],[-8,-10],[-37,-38],[-18,-9],[-7,-14],[4,-22],[-10,-30],[6,-14],[-2,-45],[-4,-9],[-11,-11],[-24,-3],[-2,-13],[9,-15],[-9,-20],[13,-11],[-1,-15],[-21,-28],[-28,-5],[-32,-8],[-12,1],[-13,7],[-13,-5]],[[4364,9897],[-1,18],[-39,1],[-125,1],[0,113],[3,0],[0,113],[48,0],[-1,74]],[[9912,2798],[0,-49],[1,-78],[0,-255]],[[4487,4820],[41,0],[37,-1],[88,0],[58,1]],[[5867,4497],[-142,1],[0,-130]],[[7024,4512],[-1,-299]],[[5232,12338],[69,-3],[516,1]],[[5817,12336],[0,-65]],[[5816,12635],[1,-299]],[[1430,7214],[0,-29],[-3,-18],[-18,-30],[-3,-18],[4,-34],[-2,-27],[-13,-25],[-2,-18]],[[1655,7214],[-2,-77],[1,-25],[-16,-19],[1,-18],[7,-13],[-1,-28],[-38,-22]],[[1799,4670],[91,1],[201,0]],[[2091,4671],[0,-150]],[[2963,5258],[-274,-2]],[[4134,9589],[13,24],[35,56],[16,0],[12,14],[13,-2],[16,-11],[18,-22],[17,-2],[10,4],[12,13],[1,19],[9,18],[-2,23],[7,15],[13,4],[26,18],[6,12],[-1,21],[2,17],[-11,23],[-7,29],[2,8],[23,27]],[[4542,6248],[-35,-1],[-47,-19],[-45,-11],[-18,-1],[-44,3],[-18,-1],[-24,8],[-12,1],[-25,13],[-62,4],[-16,8],[-31,20],[-8,9],[-16,36]],[[2490,9613],[-1,-88],[-3,-21],[-7,-15],[-18,-23],[-26,-15],[-26,-5],[-84,1]],[[2325,9447],[0,165]],[[2091,4671],[0,120],[2,30]],[[3832,1499],[-143,0]],[[4858,5421],[1,-21],[-1,-280]],[[3690,1061],[-17,-4],[-35,-11],[-21,-10],[-42,-24],[-29,-6]],[[5003,5421],[1,-26],[-1,-276]],[[5429,2131],[-131,-1],[-18,-5]],[[424,7214],[1,-22],[-57,0],[0,-123],[6,-11],[-6,-14],[1,-107],[-32,-3],[1,-91],[32,-1],[-1,-199],[1,-25],[-17,0],[2,-585],[-1,-15]],[[85,6646],[0,569]],[[641,7215],[234,0]],[[6980,14429],[153,-1],[80,0],[104,-1],[96,0],[64,-2],[114,1],[144,0],[96,-1],[74,1],[8,-1],[160,1],[88,0],[79,0],[71,0],[13,-1],[50,-9],[56,0]],[[8430,14416],[0,-7],[0,-121],[0,-464]],[[2324,9103],[0,157],[1,187]],[[8430,14416],[29,1],[22,4],[51,6],[119,0],[12,-1],[215,2],[97,-1],[93,0],[277,-1],[85,0],[178,-1],[167,1],[59,1],[96,0],[116,0],[127,1],[100,1],[59,0],[163,0],[292,-4],[69,3],[71,-3],[110,-2],[128,1],[58,-1],[112,2],[106,0],[182,-2],[19,-4],[423,-2],[140,3]]],"transform":{"scale":[0.0000305947449945502,0.000024152196471809008],"translate":[-97.674058,35.37686]},"objects":{"Geometry\\40-109":{"type":"GeometryCollection","geometries":[{"arcs":[[0,1,2,3,4]],"type":"Polygon","properties":{"GEOID":"401091082343"}},{"arcs":[[5,6,7,8]],"type":"Polygon","properties":{"GEOID":"401091082233"}},{"arcs":[[9,10,11,-7]],"type":"Polygon","properties":{"GEOID":"401091082234"}},{"arcs":[[12,13,14,15,16]],"type":"Polygon","properties":{"GEOID":"401091082243"}},{"arcs":[[17,18,19,20,-14]],"type":"Polygon","properties":{"GEOID":"401091082242"}},{"arcs":[[21,22,23,24,25,26,27]],"type":"Polygon","properties":{"GEOID":"401091092033"}},{"arcs":[[28,29,30,31,32,-11]],"type":"Polygon","properties":{"GEOID":"401091082312"}},{"arcs":[[33,34,35,36]],"type":"Polygon","properties":{"GEOID":"401091082372"}},{"arcs":[[37,38,39,40,41]],"type":"Polygon","properties":{"GEOID":"401091082322"}},{"arcs":[[42,43,44,45,46]],"type":"Polygon","properties":{"GEOID":"401091082341"}},{"arcs":[[47,48,-17,49,50,51]],"type":"Polygon","properties":{"GEOID":"401091082253"}},{"arcs":[[52,53,54,55]],"type":"Polygon","properties":{"GEOID":"401091085355"}},{"arcs":[[-51,56,57,58,-1,59]],"type":"Polygon","properties":{"GEOID":"401091082271"}},{"arcs":[[60,-60,61,62]],"type":"Polygon","properties":{"GEOID":"401091082261"}},{"arcs":[[63,64,65,66]],"type":"Polygon","properties":{"GEOID":"401091085353"}},{"arcs":[[67,68,69,70,71,-54]],"type":"Polygon","properties":{"GEOID":"401091085352"}},{"arcs":[[-19,-32,72,73]],"type":"Polygon","properties":{"GEOID":"401091082311"}},{"arcs":[[74,75,-22,76]],"type":"Polygon","properties":{"GEOID":"401091092032"}},{"arcs":[[-26,77]],"type":"Polygon","properties":{"GEOID":"401091092041"}},{"arcs":[[78,79,80,81,82,83,84]],"type":"Polygon","properties":{"GEOID":"401091082351"}},{"arcs":[[85,86,-52,-61,87]],"type":"Polygon","properties":{"GEOID":"401091082252"}},{"arcs":[[88,89,90,-65]],"type":"Polygon","properties":{"GEOID":"401091085351"}},{"arcs":[[91,-56,92,-90]],"type":"Polygon","properties":{"GEOID":"401091085354"}},{"arcs":[[93,-43,-58]],"type":"Polygon","properties":{"GEOID":"401091082281"}},{"arcs":[[-12,-33,-18,94]],"type":"Polygon","properties":{"GEOID":"401091082231"}},{"arcs":[[-62,-5,95,96]],"type":"Polygon","properties":{"GEOID":"401091082332"}},{"arcs":[[97,98,99,100,101,102,103,104]],"type":"Polygon","properties":{"GEOID":"401091078063"}},{"arcs":[[105,106,107,108,109,110]],"type":"Polygon","properties":{"GEOID":"401091073053"}},{"arcs":[[111,112,113,114,115]],"type":"Polygon","properties":{"GEOID":"401091074015"}},{"arcs":[[116,117,118,119]],"type":"Polygon","properties":{"GEOID":"401091074016"}},{"arcs":[[120,121,122,123,124,125]],"type":"Polygon","properties":{"GEOID":"401091074054"}},{"arcs":[[-125,126,-113]],"type":"Polygon","properties":{"GEOID":"401091074055"}},{"arcs":[[-127,-124,127,128,129,-114]],"type":"Polygon","properties":{"GEOID":"401091074052"}},{"arcs":[[130,131,132,133]],"type":"Polygon","properties":{"GEOID":"401091087134"}},{"arcs":[[134,135,136,137,138]],"type":"Polygon","properties":{"GEOID":"401091073052"}},{"arcs":[[139,140,141,142,143,144,145,146]],"type":"Polygon","properties":{"GEOID":"401091086046"}},{"arcs":[[147,148,149,150,151,152]],"type":"Polygon","properties":{"GEOID":"401091069136"}},{"arcs":[[153,154,155,156,157,158]],"type":"Polygon","properties":{"GEOID":"401091061006"}},{"arcs":[[159,160,161,162,163,164]],"type":"Polygon","properties":{"GEOID":"401091005003"}},{"arcs":[[165,166,167,168,169,170]],"type":"Polygon","properties":{"GEOID":"401099800071"}},{"arcs":[[-146,171,172,173,174,175]],"type":"Polygon","properties":{"GEOID":"401091086045"}},{"arcs":[[176,-77,177,178]],"type":"Polygon","properties":{"GEOID":"401091081065"}},{"arcs":[[179,180,181,182,183,184]],"type":"Polygon","properties":{"GEOID":"401091081015"}},{"arcs":[[185,186,187,188,189,190,191,192,193,194]],"type":"Polygon","properties":{"GEOID":"401091083012"}},{"arcs":[[195,196,197]],"type":"Polygon","properties":{"GEOID":"401091085332"}},{"arcs":[[198,199,200,201,202,203,204]],"type":"Polygon","properties":{"GEOID":"401091025003"}},{"arcs":[[-55,-72,205,206,207]],"type":"Polygon","properties":{"GEOID":"401091085345"}},{"arcs":[[208,209,210,-143,211]],"type":"Polygon","properties":{"GEOID":"401091086044"}},{"arcs":[[212,213,214,215,216]],"type":"Polygon","properties":{"GEOID":"401091083186"}},{"arcs":[[-216,217,218,219,220]],"type":"Polygon","properties":{"GEOID":"401091083187"}},{"arcs":[[-66,221,222,223]],"type":"Polygon","properties":{"GEOID":"401091085343"}},{"arcs":[[224,225,-170,226,227,228,229,230,231,232,233,234]],"type":"Polygon","properties":{"GEOID":"401091099008"}},{"arcs":[[-166,235,236]],"type":"Polygon","properties":{"GEOID":"401091099004"}},{"arcs":[[237,238,239,240,241,242,243,244]],"type":"Polygon","properties":{"GEOID":"401091025004"}},{"arcs":[[-161,245,246,247,248]],"type":"Polygon","properties":{"GEOID":"401091015005"}},{"arcs":[[249,-179,250,-31]],"type":"Polygon","properties":{"GEOID":"401091081062"}},{"arcs":[[251,-27,-78,-25,252,253,254]],"type":"Polygon","properties":{"GEOID":"401091092042"}},{"arcs":[[255,256,257,258,259,260,261,262,263,-242,264,265,266,267,-167,-237,268,-225,269]],"type":"Polygon","properties":{"GEOID":"401091099006"}},{"arcs":[[-244,270,271,272,273,-258,274]],"type":"Polygon","properties":{"GEOID":"401091032005"}},{"arcs":[[-243,-264,275,-271]],"type":"Polygon","properties":{"GEOID":"401091032003"}},{"arcs":[[276,-259,-274]],"type":"Polygon","properties":{"GEOID":"401091099005"}},{"arcs":[[-236,-171,-226,-269]],"type":"Polygon","properties":{"GEOID":"401091099007"}},{"arcs":[[277,-262,278,-273]],"type":"Polygon","properties":{"GEOID":"401091032006"}},{"arcs":[[-279,279,-260,-277]],"type":"Polygon","properties":{"GEOID":"401091099003"}},{"arcs":[[280,-228]],"type":"Polygon","properties":{"GEOID":"401099800091"}},{"arcs":[[281,-162]],"type":"Polygon","properties":{"GEOID":"401091005001"}},{"arcs":[[-248,282,283,284,285]],"type":"Polygon","properties":{"GEOID":"401099800081"}},{"arcs":[[286,287,-204,288,289,290,-275,-257,291,-270,292,293]],"type":"Polygon","properties":{"GEOID":"401091032004"}},{"arcs":[[-93,-208,294,295]],"type":"Polygon","properties":{"GEOID":"401091085344"}},{"arcs":[[296,297,-141]],"type":"Polygon","properties":{"GEOID":"401091086043"}},{"arcs":[[298,299,-210,300]],"type":"Polygon","properties":{"GEOID":"401091069137"}},{"arcs":[[301,302,-159,303,304,305,306]],"type":"Polygon","properties":{"GEOID":"401091004003"}},{"arcs":[[307,308,309,310,311]],"type":"Polygon","properties":{"GEOID":"401091008001"}},{"arcs":[[-310,312,313,314,315,316]],"type":"Polygon","properties":{"GEOID":"401091008002"}},{"arcs":[[317,318,319,320]],"type":"Polygon","properties":{"GEOID":"401091009002"}},{"arcs":[[321,322,323,324,325]],"type":"Polygon","properties":{"GEOID":"401091010002"}},{"arcs":[[326,327,-324]],"type":"Polygon","properties":{"GEOID":"401091010004"}},{"arcs":[[328,329,330,331,332,333,334]],"type":"Polygon","properties":{"GEOID":"401091011001"}},{"arcs":[[335,336,337,338,339]],"type":"Polygon","properties":{"GEOID":"401091066022"}},{"arcs":[[340,341,342,343,344,345]],"type":"Polygon","properties":{"GEOID":"401091068043"}},{"arcs":[[-138,346,347,-106,348,349]],"type":"Polygon","properties":{"GEOID":"401091073051"}},{"arcs":[[350,351,352,353]],"type":"Polygon","properties":{"GEOID":"401091082032"}},{"arcs":[[354,355,356]],"type":"Polygon","properties":{"GEOID":"401091085251"}},{"arcs":[[357,358,359]],"type":"Polygon","properties":{"GEOID":"401091001002"}},{"arcs":[[360,361,362,363,364,-358,365,366]],"type":"Polygon","properties":{"GEOID":"401091001003"}},{"arcs":[[-163,367,368,369,370,371,372]],"type":"Polygon","properties":{"GEOID":"401091015001"}},{"arcs":[[373,-369]],"type":"Polygon","properties":{"GEOID":"401091015002"}},{"arcs":[[-282,-249,-370,-374,-368]],"type":"Polygon","properties":{"GEOID":"401091015003"}},{"arcs":[[374,-334,375,376]],"type":"Polygon","properties":{"GEOID":"401091018001"}},{"arcs":[[-325,-328,377,378,379,380]],"type":"Polygon","properties":{"GEOID":"401091019001"}},{"arcs":[[-380,381,382,383,384]],"type":"Polygon","properties":{"GEOID":"401091019002"}},{"arcs":[[385,386,387,388]],"type":"Polygon","properties":{"GEOID":"401091041001"}},{"arcs":[[-388,389,390,-234,391,392,393,394,395]],"type":"Polygon","properties":{"GEOID":"401091041002"}},{"arcs":[[396,397,398,399,400,401]],"type":"Polygon","properties":{"GEOID":"401091042001"}},{"arcs":[[-400,402,403,404]],"type":"Polygon","properties":{"GEOID":"401091042002"}},{"arcs":[[405,-389,-396,406,407,-398]],"type":"Polygon","properties":{"GEOID":"401091043001"}},{"arcs":[[408,409,410,411,412,413,414]],"type":"Polygon","properties":{"GEOID":"401091059051"}},{"arcs":[[415,416,417,418,-412]],"type":"Polygon","properties":{"GEOID":"401091059052"}},{"arcs":[[-418,419,420,421]],"type":"Polygon","properties":{"GEOID":"401091059061"}},{"arcs":[[-413,-419,-422,422,423]],"type":"Polygon","properties":{"GEOID":"401091059062"}},{"arcs":[[-423,424,425,426]],"type":"Polygon","properties":{"GEOID":"401091059071"}},{"arcs":[[427,428,429,430,431]],"type":"Polygon","properties":{"GEOID":"401091066071"}},{"arcs":[[432,433,434,435]],"type":"Polygon","properties":{"GEOID":"401091066072"}},{"arcs":[[436,-431,437,438,-433,439]],"type":"Polygon","properties":{"GEOID":"401091066073"}},{"arcs":[[440,441,442,443,444,445,-429,446]],"type":"Polygon","properties":{"GEOID":"401091066081"}},{"arcs":[[447,448,449,450,451,-441]],"type":"Polygon","properties":{"GEOID":"401091066082"}},{"arcs":[[-452,452,-442]],"type":"Polygon","properties":{"GEOID":"401091066083"}},{"arcs":[[-320,453,454,455,456,457]],"type":"Polygon","properties":{"GEOID":"401091020001"}},{"arcs":[[458,-381,-385,459,460,-455]],"type":"Polygon","properties":{"GEOID":"401091020002"}},{"arcs":[[461,462,463,464,-420]],"type":"Polygon","properties":{"GEOID":"401091021001"}},{"arcs":[[465,466,467,468,469,-464]],"type":"Polygon","properties":{"GEOID":"401091021002"}},{"arcs":[[-465,-470,470,471,472,473]],"type":"Polygon","properties":{"GEOID":"401091022001"}},{"arcs":[[-469,474,475,476,477,-471]],"type":"Polygon","properties":{"GEOID":"401091022002"}},{"arcs":[[-468,478,479,-475]],"type":"Polygon","properties":{"GEOID":"401091022003"}},{"arcs":[[-480,-457,480,481,-476]],"type":"Polygon","properties":{"GEOID":"401091023001"}},{"arcs":[[-408,482,483,484,-399]],"type":"Polygon","properties":{"GEOID":"401091043002"}},{"arcs":[[-485,485,486,487,-403]],"type":"Polygon","properties":{"GEOID":"401091043003"}},{"arcs":[[-407,-395,488,489,-483]],"type":"Polygon","properties":{"GEOID":"401091044001"}},{"arcs":[[-484,-490,490,491,492,-486]],"type":"Polygon","properties":{"GEOID":"401091044002"}},{"arcs":[[493,494,495,-492]],"type":"Polygon","properties":{"GEOID":"401091044003"}},{"arcs":[[496,497,498,499,-494,-491]],"type":"Polygon","properties":{"GEOID":"401091045001"}},{"arcs":[[-393,500,501,502]],"type":"Polygon","properties":{"GEOID":"401091046001"}},{"arcs":[[-392,-233,503,504,-501]],"type":"Polygon","properties":{"GEOID":"401091047001"}},{"arcs":[[-421,-474,505,-425]],"type":"Polygon","properties":{"GEOID":"401091059072"}},{"arcs":[[506,507,508,-155,509,510,511]],"type":"Polygon","properties":{"GEOID":"401091060002"}},{"arcs":[[512,513,514,515,-508]],"type":"Polygon","properties":{"GEOID":"401091060003"}},{"arcs":[[-158,516,517,-304]],"type":"Polygon","properties":{"GEOID":"401091061001"}},{"arcs":[[-451,518,519,520,-443,-453]],"type":"Polygon","properties":{"GEOID":"401091066091"}},{"arcs":[[-521,521,522,523,524,-444]],"type":"Polygon","properties":{"GEOID":"401091066101"}},{"arcs":[[525,526,527,528,529,530]],"type":"Polygon","properties":{"GEOID":"401091067023"}},{"arcs":[[531,532,533,534,-526,535]],"type":"Polygon","properties":{"GEOID":"401091067024"}},{"arcs":[[536,537,538,-536,-531,539,540,541]],"type":"Polygon","properties":{"GEOID":"401091067081"}},{"arcs":[[542,543,544,545,546,547,548]],"type":"Polygon","properties":{"GEOID":"401091069144"}},{"arcs":[[-456,549,550,-481]],"type":"Polygon","properties":{"GEOID":"401091023002"}},{"arcs":[[-461,551,552,-550]],"type":"Polygon","properties":{"GEOID":"401091023003"}},{"arcs":[[-460,553,554,555,-552]],"type":"Polygon","properties":{"GEOID":"401091023004"}},{"arcs":[[556,557,558,-200,559,560,561]],"type":"Polygon","properties":{"GEOID":"401091024003"}},{"arcs":[[562,563,-562,564,-555]],"type":"Polygon","properties":{"GEOID":"401091024004"}},{"arcs":[[565,566,-265,-241]],"type":"Polygon","properties":{"GEOID":"401091025001"}},{"arcs":[[567,568,569,570,571]],"type":"Polygon","properties":{"GEOID":"401091095001"}},{"arcs":[[-232,572,573,574,575,576,577,-504]],"type":"Polygon","properties":{"GEOID":"401091047002"}},{"arcs":[[578,579,580,581,582,-576]],"type":"Polygon","properties":{"GEOID":"401091048001"}},{"arcs":[[-580,583,584,585,586,587,588]],"type":"Polygon","properties":{"GEOID":"401091048002"}},{"arcs":[[-581,-589,589,590,591]],"type":"Polygon","properties":{"GEOID":"401091048003"}},{"arcs":[[-505,-578,592,593,594,595]],"type":"Polygon","properties":{"GEOID":"401091049001"}},{"arcs":[[-594,596,597,598,599]],"type":"Polygon","properties":{"GEOID":"401091049003"}},{"arcs":[[-191,600,-512,601,602,603]],"type":"Polygon","properties":{"GEOID":"401091061003"}},{"arcs":[[604,605,606,607]],"type":"Polygon","properties":{"GEOID":"401091063011"}},{"arcs":[[-606,608,609,610,611,612]],"type":"Polygon","properties":{"GEOID":"401091063012"}},{"arcs":[[-612,613,614]],"type":"Polygon","properties":{"GEOID":"401091063013"}},{"arcs":[[615,616,-541,617,618,619,620,621]],"type":"Polygon","properties":{"GEOID":"401091067041"}},{"arcs":[[622,623,624,-570]],"type":"Polygon","properties":{"GEOID":"401091095002"}},{"arcs":[[-571,-625,625,626,627]],"type":"Polygon","properties":{"GEOID":"401091095003"}},{"arcs":[[628,629,-627,630,631,632,-135,633,634]],"type":"Polygon","properties":{"GEOID":"401091095004"}},{"arcs":[[-256,-292]],"type":"Polygon","properties":{"GEOID":"401091032001"}},{"arcs":[[-502,-596,635,-498]],"type":"Polygon","properties":{"GEOID":"401091050001"}},{"arcs":[[636,637,-302,638,639]],"type":"Polygon","properties":{"GEOID":"401091052011"}},{"arcs":[[640,641,-303,-638]],"type":"Polygon","properties":{"GEOID":"401091052021"}},{"arcs":[[642,-607,-613,-615,643,644,645]],"type":"Polygon","properties":{"GEOID":"401091063014"}},{"arcs":[[646,647,-194,-609,-605,648]],"type":"Polygon","properties":{"GEOID":"401091063021"}},{"arcs":[[649,650,-647,651,652,653]],"type":"Polygon","properties":{"GEOID":"401091063022"}},{"arcs":[[654,655,656,657]],"type":"Polygon","properties":{"GEOID":"401091063024"}},{"arcs":[[658,-652,-649,659,660]],"type":"Polygon","properties":{"GEOID":"401091063031"}},{"arcs":[[661,662,663,-646,664,665,666]],"type":"Polygon","properties":{"GEOID":"401091063033"}},{"arcs":[[667,668,-440,-436,669,-342,670]],"type":"Polygon","properties":{"GEOID":"401091067063"}},{"arcs":[[671,-671,-341,672,673]],"type":"Polygon","properties":{"GEOID":"401091067061"}},{"arcs":[[-528,674,-346,675,676,677]],"type":"Polygon","properties":{"GEOID":"401091068022"}},{"arcs":[[678,679,680,681,682]],"type":"Polygon","properties":{"GEOID":"401091068031"}},{"arcs":[[683,-676,684,685,-679,686]],"type":"Polygon","properties":{"GEOID":"401091068033"}},{"arcs":[[687,688,689,690,691,692]],"type":"Polygon","properties":{"GEOID":"401091087082"}},{"arcs":[[-603,693,694,-641,-637,695]],"type":"Polygon","properties":{"GEOID":"401091061002"}},{"arcs":[[-565,-561,696,697]],"type":"Polygon","properties":{"GEOID":"401091033001"}},{"arcs":[[-205,-288,698]],"type":"Polygon","properties":{"GEOID":"401091033002"}},{"arcs":[[699,700,-294,701,-390,-387,702]],"type":"Polygon","properties":{"GEOID":"401091098001"}},{"arcs":[[-634,-139,-350,703,704,705,706,707]],"type":"Polygon","properties":{"GEOID":"401091053002"}},{"arcs":[[708,-585,709,-704,-349,-111,710,-587]],"type":"Polygon","properties":{"GEOID":"401091053003"}},{"arcs":[[-591,711,712,713]],"type":"Polygon","properties":{"GEOID":"401091054001"}},{"arcs":[[-590,-588,714,715,-712]],"type":"Polygon","properties":{"GEOID":"401091054002"}},{"arcs":[[716,-666,717,718,719,720]],"type":"Polygon","properties":{"GEOID":"401091064011"}},{"arcs":[[-665,-645,721,722,-718]],"type":"Polygon","properties":{"GEOID":"401091064012"}},{"arcs":[[-723,723,724,-719]],"type":"Polygon","properties":{"GEOID":"401091064013"}},{"arcs":[[725,726,-520]],"type":"Polygon","properties":{"GEOID":"401091064021"}},{"arcs":[[727,728,-721,729,-726,-519,-450]],"type":"Polygon","properties":{"GEOID":"401091064022"}},{"arcs":[[730,731,-663,732]],"type":"Polygon","properties":{"GEOID":"401091064031"}},{"arcs":[[-670,733,734,735,-343]],"type":"Polygon","properties":{"GEOID":"401091068041"}},{"arcs":[[736,737,738,739,740,741,742]],"type":"Polygon","properties":{"GEOID":"401091088023"}},{"arcs":[[-231,743,744,745,746,-573]],"type":"Polygon","properties":{"GEOID":"401091039001"}},{"arcs":[[747,-706,748,-745]],"type":"Polygon","properties":{"GEOID":"401091039004"}},{"arcs":[[749,750,751,752,753,754]],"type":"Polygon","properties":{"GEOID":"401091056002"}},{"arcs":[[755,756,757,758]],"type":"Polygon","properties":{"GEOID":"401091056004"}},{"arcs":[[759,760,761]],"type":"Polygon","properties":{"GEOID":"401091100001"}},{"arcs":[[762,-733,-662,763,764,765]],"type":"Polygon","properties":{"GEOID":"401091064032"}},{"arcs":[[766,767,-766,768,769]],"type":"Polygon","properties":{"GEOID":"401091064033"}},{"arcs":[[-769,-765,770,-728,771]],"type":"Polygon","properties":{"GEOID":"401091064034"}},{"arcs":[[-764,-667,-717,-729,-771]],"type":"Polygon","properties":{"GEOID":"401091064035"}},{"arcs":[[772,773,774,775,776]],"type":"Polygon","properties":{"GEOID":"401091065011"}},{"arcs":[[-727,-730,777,-773,778,-522]],"type":"Polygon","properties":{"GEOID":"401091065012"}},{"arcs":[[-779,-777,779,-523]],"type":"Polygon","properties":{"GEOID":"401091065013"}},{"arcs":[[780,781,-409,782,783,784]],"type":"Polygon","properties":{"GEOID":"401091059031"}},{"arcs":[[785,786,787,788,-410,-782]],"type":"Polygon","properties":{"GEOID":"401091059032"}},{"arcs":[[-338,789,790,-787]],"type":"Polygon","properties":{"GEOID":"401091059033"}},{"arcs":[[791,792,793,794,-462,-417,795,796]],"type":"Polygon","properties":{"GEOID":"401091059042"}},{"arcs":[[797,-780,-776,798,799,800,801,802]],"type":"Polygon","properties":{"GEOID":"401091065021"}},{"arcs":[[-801,803,804]],"type":"Polygon","properties":{"GEOID":"401091065022"}},{"arcs":[[-799,805,-366,-360,806,807,808,809]],"type":"Polygon","properties":{"GEOID":"401091065031"}},{"arcs":[[-517,-157,810,811,812]],"type":"Polygon","properties":{"GEOID":"401091013001"}},{"arcs":[[-305,813,-623,-569,814]],"type":"Polygon","properties":{"GEOID":"401091013002"}},{"arcs":[[-518,-813,815,-814]],"type":"Polygon","properties":{"GEOID":"401091013003"}},{"arcs":[[816,-246,817,-815,-568,818,-285,819]],"type":"Polygon","properties":{"GEOID":"401091014001"}},{"arcs":[[820,821,822,-337]],"type":"Polygon","properties":{"GEOID":"401091066011"}},{"arcs":[[823,-803,824,825,-822]],"type":"Polygon","properties":{"GEOID":"401091066012"}},{"arcs":[[826,827,-825]],"type":"Polygon","properties":{"GEOID":"401091066013"}},{"arcs":[[-435,-340,828,-734]],"type":"Polygon","properties":{"GEOID":"401091066021"}},{"arcs":[[829,830]],"type":"Polygon","properties":{"GEOID":"401091066062"}},{"arcs":[[831,-743,832,833,834,835]],"type":"Polygon","properties":{"GEOID":"401091088021"}},{"arcs":[[-742,836,-833]],"type":"Polygon","properties":{"GEOID":"401091088024"}},{"arcs":[[837,838,839,840,841]],"type":"Polygon","properties":{"GEOID":"401091088031"}},{"arcs":[[842,843,-840]],"type":"Polygon","properties":{"GEOID":"401091088032"}},{"arcs":[[844,845,846,847,848,849,850]],"type":"Polygon","properties":{"GEOID":"401091082073"}},{"arcs":[[851,852,853,854,855]],"type":"Polygon","properties":{"GEOID":"401091072222"}},{"arcs":[[-547,856,-149,857]],"type":"Polygon","properties":{"GEOID":"401091069133"}},{"arcs":[[-829,-339,-786,-781,858,-735]],"type":"Polygon","properties":{"GEOID":"401091066023"}},{"arcs":[[-753,859,-401,-405,860,861,862,863]],"type":"Polygon","properties":{"GEOID":"401091042003"}},{"arcs":[[-861,864,865,866]],"type":"Polygon","properties":{"GEOID":"401091055004"}},{"arcs":[[867,-653,-659,868]],"type":"Polygon","properties":{"GEOID":"401091083092"}},{"arcs":[[869,870,871,872]],"type":"Polygon","properties":{"GEOID":"401091081102"}},{"arcs":[[-430,-446,873,874,-438]],"type":"Polygon","properties":{"GEOID":"401091066061"}},{"arcs":[[-345,875,-785,876,877,-685]],"type":"Polygon","properties":{"GEOID":"401091068042"}},{"arcs":[[878,879,880,881,882,-843,-839,883]],"type":"Polygon","properties":{"GEOID":"401091088042"}},{"arcs":[[884,885,886,887,888]],"type":"Polygon","properties":{"GEOID":"401091090041"}},{"arcs":[[889,890,891,892,893,894,-544,895]],"type":"Polygon","properties":{"GEOID":"401091069142"}},{"arcs":[[-315,-329,896]],"type":"Polygon","properties":{"GEOID":"401091010001"}},{"arcs":[[897,898,899,900]],"type":"Polygon","properties":{"GEOID":"401091072231"}},{"arcs":[[-76,901,902,903,904,905,-23]],"type":"Polygon","properties":{"GEOID":"401091092022"}},{"arcs":[[906,907,908]],"type":"Polygon","properties":{"GEOID":"401091085081"}},{"arcs":[[-487,-493,-496,909,910,911]],"type":"Polygon","properties":{"GEOID":"401091055001"}},{"arcs":[[-509,-516,912,913,-156]],"type":"Polygon","properties":{"GEOID":"401091060001"}},{"arcs":[[914,-458,-479,-467]],"type":"Polygon","properties":{"GEOID":"401091021003"}},{"arcs":[[915,-673,-675,-527,-535]],"type":"Polygon","properties":{"GEOID":"401091067022"}},{"arcs":[[-686,916,917,918,-680]],"type":"Polygon","properties":{"GEOID":"401091068032"}},{"arcs":[[919,920,921,922]],"type":"Polygon","properties":{"GEOID":"401091072063"}},{"arcs":[[923,924,925,926,927]],"type":"Polygon","properties":{"GEOID":"401091082014"}},{"arcs":[[928,929,930,931,932,-793]],"type":"Polygon","properties":{"GEOID":"401091059043"}},{"arcs":[[-394,-503,-497,-489]],"type":"Polygon","properties":{"GEOID":"401091045002"}},{"arcs":[[-488,-912,933,934,935]],"type":"Polygon","properties":{"GEOID":"401091055002"}},{"arcs":[[936,937,938,939,940]],"type":"Polygon","properties":{"GEOID":"401091090012"}},{"arcs":[[941,942,943,944,945,946]],"type":"Polygon","properties":{"GEOID":"401091078102"}},{"arcs":[[-940,947,948,-886]],"type":"Polygon","properties":{"GEOID":"401091090042"}},{"arcs":[[949,950,951,-300]],"type":"Polygon","properties":{"GEOID":"401091070021"}},{"arcs":[[952,953,954,955,956,957,-116,958,959,960]],"type":"Polygon","properties":{"GEOID":"401091073032"}},{"arcs":[[-722,-644,-614,-611,961,-192,-604,-696,962,963,964,965,-724]],"type":"Polygon","properties":{"GEOID":"401091062001"}},{"arcs":[[966,967,968,969,970,971,972]],"type":"Polygon","properties":{"GEOID":"401091081132"}},{"arcs":[[973,-255,974,975]],"type":"Polygon","properties":{"GEOID":"401091081141"}},{"arcs":[[976,977,978,979,980,981]],"type":"Polygon","properties":{"GEOID":"401091087072"}},{"arcs":[[982,983,-967,984]],"type":"Polygon","properties":{"GEOID":"401091081142"}},{"arcs":[[-969,-975,985,986,987]],"type":"Polygon","properties":{"GEOID":"401091081131"}},{"arcs":[[988,989,990,991,992,993,-214,994]],"type":"Polygon","properties":{"GEOID":"401091083172"}},{"arcs":[[995,-220,996,-655,997,998]],"type":"Polygon","properties":{"GEOID":"401091083181"}},{"arcs":[[999,1000,1001,1002,1003]],"type":"Polygon","properties":{"GEOID":"401091003003"}},{"arcs":[[1004,-306,-818,-160]],"type":"Polygon","properties":{"GEOID":"401091004001"}},{"arcs":[[1005,-1004,1006,1007,1008]],"type":"Polygon","properties":{"GEOID":"401091003002"}},{"arcs":[[-173,1009,1010,1011,1012,1013,1014,1015,1016,1017]],"type":"Polygon","properties":{"GEOID":"401091071011"}},{"arcs":[[1018,1019,1020,1021]],"type":"Polygon","properties":{"GEOID":"401091087071"}},{"arcs":[[1022,1023,1024,-884,1025,-514]],"type":"Polygon","properties":{"GEOID":"401091080052"}},{"arcs":[[-918,1026,1027,1028,1029,1030]],"type":"Polygon","properties":{"GEOID":"401091069071"}},{"arcs":[[1031,1032,1033,1034,1035,1036,-102]],"type":"Polygon","properties":{"GEOID":"401091077041"}},{"arcs":[[-499,-636,-595,-600,-898,1037]],"type":"Polygon","properties":{"GEOID":"401091050002"}},{"arcs":[[-311,-317,1038,-322,1039]],"type":"Polygon","properties":{"GEOID":"401091008003"}},{"arcs":[[1040,1041,1042,1043]],"type":"Polygon","properties":{"GEOID":"401091083102"}},{"arcs":[[1044,-1009,-313,-309,1045]],"type":"Polygon","properties":{"GEOID":"401091003001"}},{"arcs":[[1046,-321,-915,-466,-463,-795]],"type":"Polygon","properties":{"GEOID":"401091009001"}},{"arcs":[[1047,1048,1049,1050,1051,1052]],"type":"Polygon","properties":{"GEOID":"401091084044"}},{"arcs":[[-333,1053,-376]],"type":"Polygon","properties":{"GEOID":"401091018002"}},{"arcs":[[-877,-784,1054,1055]],"type":"Polygon","properties":{"GEOID":"401091069061"}},{"arcs":[[1056,1057,1058,1059,1060,1061]],"type":"Polygon","properties":{"GEOID":"401091089002"}},{"arcs":[[-732,-660,-608,-643,-664]],"type":"Polygon","properties":{"GEOID":"401091063032"}},{"arcs":[[1062,1063,-674,-916,-534]],"type":"Polygon","properties":{"GEOID":"401091067021"}},{"arcs":[[1064,1065,1066,1067,1068]],"type":"Polygon","properties":{"GEOID":"401091080112"}},{"arcs":[[-384,1069,-563,-554]],"type":"Polygon","properties":{"GEOID":"401091024001"}},{"arcs":[[-404,-936,1070,-865]],"type":"Polygon","properties":{"GEOID":"401091055003"}},{"arcs":[[-276,-263,-278,-272]],"type":"Polygon","properties":{"GEOID":"401091032002"}},{"arcs":[[1071,1072,1073,1074]],"type":"Polygon","properties":{"GEOID":"401091072202"}},{"arcs":[[-506,1075,-951,1076]],"type":"Polygon","properties":{"GEOID":"401091059074"}},{"arcs":[[-530,1077,1078,1079]],"type":"Polygon","properties":{"GEOID":"401091068012"}},{"arcs":[[-878,-1056,1080,-1027,-917]],"type":"Polygon","properties":{"GEOID":"401091069072"}},{"arcs":[[1081,-1043,-654,-868,1082]],"type":"Polygon","properties":{"GEOID":"401091083091"}},{"arcs":[[1083,1084,1085,-941,-885,1086,-1057]],"type":"Polygon","properties":{"GEOID":"401091090011"}},{"arcs":[[-383,1087,-557,-564,-1070]],"type":"Polygon","properties":{"GEOID":"401091024002"}},{"arcs":[[1088,-658,-1041,1089,1090]],"type":"Polygon","properties":{"GEOID":"401091083101"}},{"arcs":[[-681,1091,-891,1092,1093]],"type":"Polygon","properties":{"GEOID":"401091069022"}},{"arcs":[[-1090,-1044,-1082,1094,1095]],"type":"Polygon","properties":{"GEOID":"401091083103"}},{"arcs":[[1096,1097,1098,1099,1100,1101]],"type":"Polygon","properties":{"GEOID":"401091085232"}},{"arcs":[[1102,1103,1104,1105,1106]],"type":"Polygon","properties":{"GEOID":"401091085302"}},{"arcs":[[1107,1108,1109,1110,-1104]],"type":"Polygon","properties":{"GEOID":"401091085301"}},{"arcs":[[1111,1112,1113,1114,1115,-1109]],"type":"Polygon","properties":{"GEOID":"401091085292"}},{"arcs":[[1116,1117,1118,-1114]],"type":"Polygon","properties":{"GEOID":"401091085291"}},{"arcs":[[1119,1120,1121,-1108,-1103,1122]],"type":"Polygon","properties":{"GEOID":"401091085281"}},{"arcs":[[1123,-905,-1084,-1062,1124,1125,1126,-181]],"type":"Polygon","properties":{"GEOID":"401091089001"}},{"arcs":[[-1060,1127,-880,1128]],"type":"Polygon","properties":{"GEOID":"401091089003"}},{"arcs":[[1129,1130,1131,1132,1133,1134]],"type":"Polygon","properties":{"GEOID":"401091085201"}},{"arcs":[[1135,1136,1137,-1131]],"type":"Polygon","properties":{"GEOID":"401091085202"}},{"arcs":[[1138,1139,1140,1141,1142,1143,1144,-537,1145,1146]],"type":"Polygon","properties":{"GEOID":"401091085211"}},{"arcs":[[-1101,1147,1148,1149,1150,1151,1152,1153]],"type":"Polygon","properties":{"GEOID":"401091085261"}},{"arcs":[[1154,1155,-1150]],"type":"Polygon","properties":{"GEOID":"401091085263"}},{"arcs":[[1156,1157,1158,1159,-990,1160]],"type":"Polygon","properties":{"GEOID":"401091082173"}},{"arcs":[[-1153,1161,-355,1162]],"type":"Polygon","properties":{"GEOID":"401091085262"}},{"arcs":[[1163,1164,1165,1166]],"type":"Polygon","properties":{"GEOID":"401091090033"}},{"arcs":[[-295,1167,1168,-1121]],"type":"Polygon","properties":{"GEOID":"401091085273"}},{"arcs":[[1169,-1161,-989,1170,1171,1172,1173]],"type":"Polygon","properties":{"GEOID":"401091082172"}},{"arcs":[[1174,1175,-1106,-1098,1176]],"type":"Polygon","properties":{"GEOID":"401091085233"}},{"arcs":[[-1171,-995,-213,1177]],"type":"Polygon","properties":{"GEOID":"401091083171"}},{"arcs":[[1178,1179,-1172,-1178,1180,1181,1182]],"type":"Polygon","properties":{"GEOID":"401091083182"}},{"arcs":[[1183,1184,1185,1186,1187]],"type":"Polygon","properties":{"GEOID":"401091083142"}},{"arcs":[[-887,-949,1188,1189,1190,1191]],"type":"Polygon","properties":{"GEOID":"401091090031"}},{"arcs":[[-1185,1192,1193,-998,-1089,1194,1195]],"type":"Polygon","properties":{"GEOID":"401091083141"}},{"arcs":[[1196,-1157,-1170,1197]],"type":"Polygon","properties":{"GEOID":"401091082171"}},{"arcs":[[1198,1199,-129]],"type":"Polygon","properties":{"GEOID":"401091074051"}},{"arcs":[[-988,1200,-970]],"type":"Polygon","properties":{"GEOID":"401091081133"}},{"arcs":[[1201,-896,-543,1202]],"type":"Polygon","properties":{"GEOID":"401091069145"}},{"arcs":[[1203,1204,1205,1206,1207,1208]],"type":"Polygon","properties":{"GEOID":"401091074041"}},{"arcs":[[1209,1210,1211,-122,1212,-1206]],"type":"Polygon","properties":{"GEOID":"401091074042"}},{"arcs":[[-1182,1213,1214]],"type":"Polygon","properties":{"GEOID":"401091083183"}},{"arcs":[[-1191,1215,1216,-1165]],"type":"Polygon","properties":{"GEOID":"401091090032"}},{"arcs":[[-223,-1123,1217,1218,1219]],"type":"Polygon","properties":{"GEOID":"401091085242"}},{"arcs":[[-1169,1220,1221,1222,-1112,-1122]],"type":"Polygon","properties":{"GEOID":"401091085272"}},{"arcs":[[1223,-1117,-1113,-1223]],"type":"Polygon","properties":{"GEOID":"401091085271"}},{"arcs":[[1224,-1177,-1097,1225]],"type":"Polygon","properties":{"GEOID":"401091085241"}},{"arcs":[[1226,1227,-737,-832,-882]],"type":"Polygon","properties":{"GEOID":"401091088043"}},{"arcs":[[-1125,-1061,-1129,-879,-1025,1228]],"type":"Polygon","properties":{"GEOID":"401091089004"}},{"arcs":[[1229,1230,1231,1232,1233]],"type":"Polygon","properties":{"GEOID":"401091078082"}},{"arcs":[[1234,1235,-432,-437,-669]],"type":"Polygon","properties":{"GEOID":"401091067062"}},{"arcs":[[-834,-837,-741,1236,1237,1238]],"type":"Polygon","properties":{"GEOID":"401091088022"}},{"arcs":[[1239,1240,-164,-373,1241,1242,-332]],"type":"Polygon","properties":{"GEOID":"401091012001"}},{"arcs":[[-919,-1031,-892,-1092]],"type":"Polygon","properties":{"GEOID":"401091069023"}},{"arcs":[[1243,-683,1244,1245]],"type":"Polygon","properties":{"GEOID":"401091069031"}},{"arcs":[[1246,1247,1248]],"type":"Polygon","properties":{"GEOID":"401091069131"}},{"arcs":[[1249,-548,-858,-148,-1248]],"type":"Polygon","properties":{"GEOID":"401091069132"}},{"arcs":[[1250,-301,-209,-151]],"type":"Polygon","properties":{"GEOID":"401091069134"}},{"arcs":[[1251,-1093,-890,-1202,1252]],"type":"Polygon","properties":{"GEOID":"401091069141"}},{"arcs":[[1253,-1249,-153,-297,1254]],"type":"Polygon","properties":{"GEOID":"401091069122"}},{"arcs":[[-895,1255,1256,-545]],"type":"Polygon","properties":{"GEOID":"401091069143"}},{"arcs":[[-193,-962,-610]],"type":"Polygon","properties":{"GEOID":"401091083011"}},{"arcs":[[1257,1258,-873,1259,-189,1260]],"type":"Polygon","properties":{"GEOID":"401091083021"}},{"arcs":[[-1095,-1083,-869,-661,-731,1261,-1050,1262]],"type":"Polygon","properties":{"GEOID":"401091084041"}},{"arcs":[[-1051,-1262,-763,-768,1263]],"type":"Polygon","properties":{"GEOID":"401091084042"}},{"arcs":[[1264,1265,-1263,-1049]],"type":"Polygon","properties":{"GEOID":"401091084043"}},{"arcs":[[1266,-174,-1018,1267]],"type":"Polygon","properties":{"GEOID":"401091086031"}},{"arcs":[[-981,1268,-1021,1269,1270,1271,1272]],"type":"Polygon","properties":{"GEOID":"401091087011"}},{"arcs":[[-1272,1273,1274]],"type":"Polygon","properties":{"GEOID":"401091087012"}},{"arcs":[[1275,1276,-978,1277]],"type":"Polygon","properties":{"GEOID":"401091087061"}},{"arcs":[[1278,1279,-1019,1280]],"type":"Polygon","properties":{"GEOID":"401091087062"}},{"arcs":[[1281,1282,1283,1284,1285,1286,1287,1288,-1015]],"type":"Polygon","properties":{"GEOID":"401091072121"}},{"arcs":[[-1287,1289,1290,1291,1292]],"type":"Polygon","properties":{"GEOID":"401091072122"}},{"arcs":[[-1291,1293,1294,1295,1296]],"type":"Polygon","properties":{"GEOID":"401091072123"}},{"arcs":[[-1288,-1293,1297]],"type":"Polygon","properties":{"GEOID":"401091072124"}},{"arcs":[[1298,1299,1300,-1282,-1014]],"type":"Polygon","properties":{"GEOID":"401091072133"}},{"arcs":[[1301,1302,1303,-1300]],"type":"Polygon","properties":{"GEOID":"401091072131"}},{"arcs":[[1304,1305,-1075,1306,1307,1308]],"type":"Polygon","properties":{"GEOID":"401091072141"}},{"arcs":[[1309,1310,1311,-1284,1312]],"type":"Polygon","properties":{"GEOID":"401091072142"}},{"arcs":[[1313,1314,1315,-1309,1316,1317,-1285,-1312]],"type":"Polygon","properties":{"GEOID":"401091072143"}},{"arcs":[[1318,1319,1320,1321,1322]],"type":"Polygon","properties":{"GEOID":"401091072153"}},{"arcs":[[-866,-1071,1323,1324,1325]],"type":"Polygon","properties":{"GEOID":"401091072151"}},{"arcs":[[-934,-911,1326,1327,1328]],"type":"Polygon","properties":{"GEOID":"401091072161"}},{"arcs":[[1329,-1306,1330]],"type":"Polygon","properties":{"GEOID":"401091072162"}},{"arcs":[[1331,-1324,-935,-1329,1332,-1315,1333]],"type":"Polygon","properties":{"GEOID":"401091072163"}},{"arcs":[[1334,1335,1336,1337,1338,-1327]],"type":"Polygon","properties":{"GEOID":"401091072171"}},{"arcs":[[-500,-1038,1339,1340]],"type":"Polygon","properties":{"GEOID":"401091072181"}},{"arcs":[[-495,-1341,-1335,-910]],"type":"Polygon","properties":{"GEOID":"401091072182"}},{"arcs":[[-1337,1341,1342,1343,1344]],"type":"Polygon","properties":{"GEOID":"401091072191"}},{"arcs":[[-1340,-901,1345,-1342,-1336]],"type":"Polygon","properties":{"GEOID":"401091072192"}},{"arcs":[[1346,1347,-855,-920,1348,-1317,-1308]],"type":"Polygon","properties":{"GEOID":"401091072211"}},{"arcs":[[1349,1350,1351,-852,1352,1353]],"type":"Polygon","properties":{"GEOID":"401091072221"}},{"arcs":[[-900,1354,1355,-1346]],"type":"Polygon","properties":{"GEOID":"401091072232"}},{"arcs":[[-1356,1356,1357,-1350,-1343]],"type":"Polygon","properties":{"GEOID":"401091072233"}},{"arcs":[[1358,1359,-953,1360]],"type":"Polygon","properties":{"GEOID":"401091073021"}},{"arcs":[[1361,-954,-1360]],"type":"Polygon","properties":{"GEOID":"401091073031"}},{"arcs":[[-110,1362,-956,1363]],"type":"Polygon","properties":{"GEOID":"401091073061"}},{"arcs":[[-713,-716,1364,1365,-1359,1366]],"type":"Polygon","properties":{"GEOID":"401091073022"}},{"arcs":[[-711,-1364,1367,-1365,-715]],"type":"Polygon","properties":{"GEOID":"401091073063"}},{"arcs":[[1368,1369,1370,1371,-120,1372,1373]],"type":"Polygon","properties":{"GEOID":"401091074011"}},{"arcs":[[1374,-1209,1375,-1371]],"type":"Polygon","properties":{"GEOID":"401091074012"}},{"arcs":[[-1376,-1208,1376,-117,-1372]],"type":"Polygon","properties":{"GEOID":"401091074013"}},{"arcs":[[-1373,-119,-126,-112,-958]],"type":"Polygon","properties":{"GEOID":"401091074014"}},{"arcs":[[1377,1378,1379]],"type":"Polygon","properties":{"GEOID":"401091076011"}},{"arcs":[[-1035,1380,1381,1382,1383,1384]],"type":"Polygon","properties":{"GEOID":"401091076012"}},{"arcs":[[1385,1386,-1381]],"type":"Polygon","properties":{"GEOID":"401091076041"}},{"arcs":[[-1387,1387,1388,1389,1390,-1382]],"type":"Polygon","properties":{"GEOID":"401091076042"}},{"arcs":[[1391,1392,1393,-1278,1394,1395]],"type":"Polygon","properties":{"GEOID":"401091077031"}},{"arcs":[[1396,1397,1398,1399,-1396,1400,1401,1402]],"type":"Polygon","properties":{"GEOID":"401091077032"}},{"arcs":[[1403,-1397,1404,1405]],"type":"Polygon","properties":{"GEOID":"401091077033"}},{"arcs":[[-633,1406,1407,1408,1409,1410,1411,-105,1412,1413,1414,-136]],"type":"Polygon","properties":{"GEOID":"401091078061"}},{"arcs":[[1415,1416,-1210,-1205,1417]],"type":"Polygon","properties":{"GEOID":"401091078072"}},{"arcs":[[1418,-692,1419,1420,1421,-132]],"type":"Polygon","properties":{"GEOID":"401091087091"}},{"arcs":[[1422,1423,1424,1425,1426]],"type":"Polygon","properties":{"GEOID":"401091077051"}},{"arcs":[[-1426,1427,-1033,1428,-100]],"type":"Polygon","properties":{"GEOID":"401091077052"}},{"arcs":[[1429,1430,1431,-1369,-108]],"type":"Polygon","properties":{"GEOID":"401091078013"}},{"arcs":[[1432,1433,1434,1435,-1430,-107]],"type":"Polygon","properties":{"GEOID":"401091078014"}},{"arcs":[[1436,1437,1438,1439,-944]],"type":"Polygon","properties":{"GEOID":"401091078042"}},{"arcs":[[-1415,1440,1441,-137]],"type":"Polygon","properties":{"GEOID":"401091078051"}},{"arcs":[[-1414,1442,-942,1443,-1441]],"type":"Polygon","properties":{"GEOID":"401091078052"}},{"arcs":[[-1413,-104,1444,-1437,-943,-1443]],"type":"Polygon","properties":{"GEOID":"401091078053"}},{"arcs":[[1445,-98,-1412]],"type":"Polygon","properties":{"GEOID":"401091078062"}},{"arcs":[[1446,1447,1448,-1416,1449]],"type":"Polygon","properties":{"GEOID":"401091078071"}},{"arcs":[[1450,-1450,-1418,-1204,1451]],"type":"Polygon","properties":{"GEOID":"401091078073"}},{"arcs":[[-1439,1452,-1234,1453,-1447,-1451,1454]],"type":"Polygon","properties":{"GEOID":"401091078081"}},{"arcs":[[-1233,1455,-1448,-1454]],"type":"Polygon","properties":{"GEOID":"401091078083"}},{"arcs":[[-945,-1440,1456,-1434,1457]],"type":"Polygon","properties":{"GEOID":"401091078091"}},{"arcs":[[1458,-946,-1458,-1433,-348]],"type":"Polygon","properties":{"GEOID":"401091078092"}},{"arcs":[[1459,1460,1461,1462,-1410]],"type":"Polygon","properties":{"GEOID":"401091080031"}},{"arcs":[[1463,1464,1465]],"type":"Polygon","properties":{"GEOID":"401091080032"}},{"arcs":[[1466,1467,1468,-1462]],"type":"Polygon","properties":{"GEOID":"401091080033"}},{"arcs":[[1469,1470,1471,-1466,1472,1473,-1467,-1461]],"type":"Polygon","properties":{"GEOID":"401091080034"}},{"arcs":[[1474,1475,1476]],"type":"Polygon","properties":{"GEOID":"401091080073"}},{"arcs":[[1477,1478,-1400,1479]],"type":"Polygon","properties":{"GEOID":"401091080083"}},{"arcs":[[1480,-1068,1481,-1480,-1399,1482,1483]],"type":"Polygon","properties":{"GEOID":"401091080081"}},{"arcs":[[-1483,-1398,-1404,-1475,1484,1485]],"type":"Polygon","properties":{"GEOID":"401091080082"}},{"arcs":[[1486,1487,1488,-1471]],"type":"Polygon","properties":{"GEOID":"401091080113"}},{"arcs":[[-184,1489,1490]],"type":"Polygon","properties":{"GEOID":"401091081011"}},{"arcs":[[-1490,-183,1491,1492,-1023,-513,-507,1493]],"type":"Polygon","properties":{"GEOID":"401091081012"}},{"arcs":[[-937,-1086,1494]],"type":"Polygon","properties":{"GEOID":"401091092021"}},{"arcs":[[-251,1495,1496,-73]],"type":"Polygon","properties":{"GEOID":"401091081061"}},{"arcs":[[-971,-1201,1497,1498,1499]],"type":"Polygon","properties":{"GEOID":"401091081091"}},{"arcs":[[-987,1500,1501,-1498]],"type":"Polygon","properties":{"GEOID":"401091081092"}},{"arcs":[[1502,-1502,1503,1504,1505]],"type":"Polygon","properties":{"GEOID":"401091081093"}},{"arcs":[[-1499,-1503,1506,1507,1508]],"type":"Polygon","properties":{"GEOID":"401091081094"}},{"arcs":[[-1260,-872,-1505,1509,-185,-1491,-1494,-601,-190]],"type":"Polygon","properties":{"GEOID":"401091081101"}},{"arcs":[[1510,1511,-928,-991,-1160]],"type":"Polygon","properties":{"GEOID":"401091082042"}},{"arcs":[[-926,1512,1513,1514]],"type":"Polygon","properties":{"GEOID":"401091083042"}},{"arcs":[[-927,-1515,1515,1516,-992]],"type":"Polygon","properties":{"GEOID":"401091083043"}},{"arcs":[[1517,-1500,1518,1519]],"type":"Polygon","properties":{"GEOID":"401091083044"}},{"arcs":[[-1134,1520,1521,1522]],"type":"Polygon","properties":{"GEOID":"401091085061"}},{"arcs":[[-1133,1523,1524,1525,-1521]],"type":"Polygon","properties":{"GEOID":"401091085062"}},{"arcs":[[-1522,-1526,1526,1527,1528,1529]],"type":"Polygon","properties":{"GEOID":"401091085063"}},{"arcs":[[1530,-770,-772,-449,1531]],"type":"Polygon","properties":{"GEOID":"401091085071"}},{"arcs":[[1532,1533,1534]],"type":"Polygon","properties":{"GEOID":"401091085082"}},{"arcs":[[-682,-1094,-1252,1535]],"type":"Polygon","properties":{"GEOID":"401091069021"}},{"arcs":[[1536,1537,1538,1539,1540,1541,1542]],"type":"Polygon","properties":{"GEOID":"401091085131"}},{"arcs":[[-1116,1543,-1537,1544,1545]],"type":"Polygon","properties":{"GEOID":"401091085132"}},{"arcs":[[-1115,-1119,1546,-1538,-1544]],"type":"Polygon","properties":{"GEOID":"401091085133"}},{"arcs":[[1547,1548,-1140,1549]],"type":"Polygon","properties":{"GEOID":"401091085141"}},{"arcs":[[-1540,-909,1550,1551,-1142,1552,1553]],"type":"Polygon","properties":{"GEOID":"401091085142"}},{"arcs":[[-1541,-1554,1554,1555]],"type":"Polygon","properties":{"GEOID":"401091085143"}},{"arcs":[[1556,1557,1558]],"type":"Polygon","properties":{"GEOID":"401091087092"}},{"arcs":[[1559,1560]],"type":"Polygon","properties":{"GEOID":"401091069035"}},{"arcs":[[-619,1561,-1246,1562,1563,1564]],"type":"Polygon","properties":{"GEOID":"401091069036"}},{"arcs":[[1565,1566,1567,-1011,1568]],"type":"Polygon","properties":{"GEOID":"401091070011"}},{"arcs":[[-754,-864,1569,-1567]],"type":"Polygon","properties":{"GEOID":"401091070012"}},{"arcs":[[-862,-867,1570,1571,1572,1573]],"type":"Polygon","properties":{"GEOID":"401091070013"}},{"arcs":[[-1570,-863,-1574,1574,-1012,-1568]],"type":"Polygon","properties":{"GEOID":"401091070014"}},{"arcs":[[1575,-759,1576,1577,-755,-1566,1578]],"type":"Polygon","properties":{"GEOID":"401091070022"}},{"arcs":[[-1571,-1326,1579,1580,1581]],"type":"Polygon","properties":{"GEOID":"401091071031"}},{"arcs":[[-1581,1582,-1319,1583]],"type":"Polygon","properties":{"GEOID":"401091071032"}},{"arcs":[[1584,1585,1586,1587,-1389]],"type":"Polygon","properties":{"GEOID":"401091076051"}},{"arcs":[[-1588,1588,1589,-1390]],"type":"Polygon","properties":{"GEOID":"401091076052"}},{"arcs":[[1590,1591,-1405,-1403,1592,1593]],"type":"Polygon","properties":{"GEOID":"401091077062"}},{"arcs":[[1594,1595,-1594,1596,-1424,1597]],"type":"Polygon","properties":{"GEOID":"401091077063"}},{"arcs":[[-1597,-1593,-1402,-1586,1598,-1425]],"type":"Polygon","properties":{"GEOID":"401091077071"}},{"arcs":[[-1599,-1585,-1388,-1386,-1034,-1428]],"type":"Polygon","properties":{"GEOID":"401091077072"}},{"arcs":[[-1429,-1032,-101]],"type":"Polygon","properties":{"GEOID":"401091077053"}},{"arcs":[[1599,-1476,-1406,-1592]],"type":"Polygon","properties":{"GEOID":"401091077061"}},{"arcs":[[1600,-1435,-1457,-1455,-1452,-1375,-1370,-1432]],"type":"Polygon","properties":{"GEOID":"401091078011"}},{"arcs":[[-1436,-1601,-1431]],"type":"Polygon","properties":{"GEOID":"401091078012"}},{"arcs":[[-1055,-783,-415,1601,-1028,-1081]],"type":"Polygon","properties":{"GEOID":"401091069062"}},{"arcs":[[-1602,-414,1602,-1029]],"type":"Polygon","properties":{"GEOID":"401091069063"}},{"arcs":[[1603,1604,-549,-1250,-1247,-1254,1605]],"type":"Polygon","properties":{"GEOID":"401091069091"}},{"arcs":[[1606,-1253,-1203,-1605,1607]],"type":"Polygon","properties":{"GEOID":"401091069101"}},{"arcs":[[1608,-1608,-1604,1609]],"type":"Polygon","properties":{"GEOID":"401091069102"}},{"arcs":[[1610,-1610,1611,1612,1613]],"type":"Polygon","properties":{"GEOID":"401091069111"}},{"arcs":[[-1606,1614,-1612]],"type":"Polygon","properties":{"GEOID":"401091069112"}},{"arcs":[[-1613,-1615,-1255,-140,1615]],"type":"Polygon","properties":{"GEOID":"401091069121"}},{"arcs":[[-1573,1616,-1584,-1323,-1302,-1299,-1013,-1575]],"type":"Polygon","properties":{"GEOID":"401091071041"}},{"arcs":[[-1572,-1582,-1617]],"type":"Polygon","properties":{"GEOID":"401091071042"}},{"arcs":[[-1349,-923,1617,1618,1619]],"type":"Polygon","properties":{"GEOID":"401091072061"}},{"arcs":[[-1619,1620,1621,1622,1623,1624]],"type":"Polygon","properties":{"GEOID":"401091072062"}},{"arcs":[[-1618,-922,1625,1626,-1621]],"type":"Polygon","properties":{"GEOID":"401091072064"}},{"arcs":[[-921,-854,1627,-961,1628,1629,-1626]],"type":"Polygon","properties":{"GEOID":"401091072071"}},{"arcs":[[-1442,-1444,-947,-1459,-347]],"type":"Polygon","properties":{"GEOID":"401091078101"}},{"arcs":[[-914,-1408,1630,-811]],"type":"Polygon","properties":{"GEOID":"401091079002"}},{"arcs":[[-515,-1026,-838,1631,1632,1633,-1487,-1470,-1460,-1409,-913]],"type":"Polygon","properties":{"GEOID":"401091080053"}},{"arcs":[[-842,1634,-1632]],"type":"Polygon","properties":{"GEOID":"401091080051"}},{"arcs":[[1635,-1598,-1423,1636]],"type":"Polygon","properties":{"GEOID":"401091080061"}},{"arcs":[[-1463,-1469,1637,-1637,-1427,-99,-1446,-1411]],"type":"Polygon","properties":{"GEOID":"401091080062"}},{"arcs":[[1638,-1473,-1465,-1484,-1486,1639]],"type":"Polygon","properties":{"GEOID":"401091080071"}},{"arcs":[[1640,1641,-1394,1642]],"type":"Polygon","properties":{"GEOID":"401091080091"}},{"arcs":[[1643,-1643,-1393,1644]],"type":"Polygon","properties":{"GEOID":"401091080092"}},{"arcs":[[1645,1646,1647,-1645,-1392,-1479]],"type":"Polygon","properties":{"GEOID":"401091080093"}},{"arcs":[[1648,-1641,-1644,-1648,1649]],"type":"Polygon","properties":{"GEOID":"401091080101"}},{"arcs":[[1650,1651,-1650,-1647,-1066]],"type":"Polygon","properties":{"GEOID":"401091080102"}},{"arcs":[[-1489,-1069,-1481,-1464,-1472]],"type":"Polygon","properties":{"GEOID":"401091080111"}},{"arcs":[[-1497,1652,1653,1654,-38,1655]],"type":"Polygon","properties":{"GEOID":"401091081071"}},{"arcs":[[1656,-252,-974,-1653]],"type":"Polygon","properties":{"GEOID":"401091081072"}},{"arcs":[[1657,1658,-849,1659,-924,-1512]],"type":"Polygon","properties":{"GEOID":"401091082011"}},{"arcs":[[-848,1660,-973,1661,-1660]],"type":"Polygon","properties":{"GEOID":"401091082012"}},{"arcs":[[-1662,-972,-1518,1662,-1513,-925]],"type":"Polygon","properties":{"GEOID":"401091082013"}},{"arcs":[[1663,-354,1664,1665,1666]],"type":"Polygon","properties":{"GEOID":"401091082031"}},{"arcs":[[-1665,-353,1667,1668,1669,1670]],"type":"Polygon","properties":{"GEOID":"401091082033"}},{"arcs":[[1671,-1670,-1658,-1511,-1159]],"type":"Polygon","properties":{"GEOID":"401091082041"}},{"arcs":[[1672,1673,-985,-1661,-847]],"type":"Polygon","properties":{"GEOID":"401091082072"}},{"arcs":[[1674,-39,1675,-1673,-846,1676]],"type":"Polygon","properties":{"GEOID":"401091082081"}},{"arcs":[[-352,1677,-41,1678,1679,-1668]],"type":"Polygon","properties":{"GEOID":"401091082082"}},{"arcs":[[-1677,-845,1680]],"type":"Polygon","properties":{"GEOID":"401091082083"}},{"arcs":[[1681,1682,1683,1684,-1524]],"type":"Polygon","properties":{"GEOID":"401091083071"}},{"arcs":[[-1684,1685,1686,1687,1688,1689]],"type":"Polygon","properties":{"GEOID":"401091083072"}},{"arcs":[[-1091,-1096,-1266,1690,-1688,-1195]],"type":"Polygon","properties":{"GEOID":"401091083073"}},{"arcs":[[1691,-1689,-1691,-1265,-1048,1692,-1528]],"type":"Polygon","properties":{"GEOID":"401091083074"}},{"arcs":[[-1685,-1690,-1692,-1527,-1525]],"type":"Polygon","properties":{"GEOID":"401091083075"}},{"arcs":[[1693,-1198,-1174,1694,1695]],"type":"Polygon","properties":{"GEOID":"401091082151"}},{"arcs":[[1696,-1666,-1671,-1672,-1158,-1197,1697,1698]],"type":"Polygon","properties":{"GEOID":"401091082161"}},{"arcs":[[1699,1700,-1531,1701,-1529]],"type":"Polygon","properties":{"GEOID":"401091084021"}},{"arcs":[[-1693,-1053,1702,-1700]],"type":"Polygon","properties":{"GEOID":"401091084031"}},{"arcs":[[-1703,-1052,-1264,-767,-1701]],"type":"Polygon","properties":{"GEOID":"401091084032"}},{"arcs":[[-1542,-1556,1703,-1548,1704]],"type":"Polygon","properties":{"GEOID":"401091085144"}},{"arcs":[[-1704,-1555,-1553,-1141,-1549]],"type":"Polygon","properties":{"GEOID":"401091085145"}},{"arcs":[[-1105,-1111,1705,1706,1707,-1099]],"type":"Polygon","properties":{"GEOID":"401091085151"}},{"arcs":[[-1110,-1546,1708,1709,-1706]],"type":"Polygon","properties":{"GEOID":"401091085152"}},{"arcs":[[1710,-1709,-1545,-1543,-1705,-1550,-1139,1711,1712]],"type":"Polygon","properties":{"GEOID":"401091085153"}},{"arcs":[[-1707,-1710,-1711,1713]],"type":"Polygon","properties":{"GEOID":"401091085154"}},{"arcs":[[-1560,-1564,1714,-1609,1715]],"type":"Polygon","properties":{"GEOID":"401091069032"}},{"arcs":[[-621,1716,-1565,-1561,-1716,-1611,1717]],"type":"Polygon","properties":{"GEOID":"401091069033"}},{"arcs":[[-540,-1080,1718,-687,-1244,-1562,-618]],"type":"Polygon","properties":{"GEOID":"401091067042"}},{"arcs":[[-1717,-620]],"type":"Polygon","properties":{"GEOID":"401091067043"}},{"arcs":[[1719,-428,-1236,1720]],"type":"Polygon","properties":{"GEOID":"401091067051"}},{"arcs":[[-1534,1721,-1721,-1235,-668,-672,1722,1723]],"type":"Polygon","properties":{"GEOID":"401091067052"}},{"arcs":[[1724,-938,-1495,-1085,-904]],"type":"Polygon","properties":{"GEOID":"401091092023"}},{"arcs":[[1725,1726,1727,-1273,-1275,1728,1729,1730]],"type":"Polygon","properties":{"GEOID":"401091074071"}},{"arcs":[[-1514,-1663,-1520,1731,-1516]],"type":"Polygon","properties":{"GEOID":"401091083041"}},{"arcs":[[-197,1732,-63,1733,1734,-68,-53,-92,-89,-64,1735]],"type":"Polygon","properties":{"GEOID":"401091085321"}},{"arcs":[[-1128,-1059,1736,-1227,-881]],"type":"Polygon","properties":{"GEOID":"401091088041"}},{"arcs":[[-1368,-955,-1362,-1366]],"type":"Polygon","properties":{"GEOID":"401091073033"}},{"arcs":[[1737,-630,1738,-267]],"type":"Polygon","properties":{"GEOID":"401091097001"}},{"arcs":[[1739,-1361,-1628,-853,-1352]],"type":"Polygon","properties":{"GEOID":"401091072262"}},{"arcs":[[1740,-1135,1741,1742,1743]],"type":"Polygon","properties":{"GEOID":"401091085371"}},{"arcs":[[-445,1744,1745,-821,1746,-830,1747,-874]],"type":"Polygon","properties":{"GEOID":"401091066111"}},{"arcs":[[-823,-826,-828,1748,-929,-792,-790]],"type":"Polygon","properties":{"GEOID":"401091059044"}},{"arcs":[[-963,-640,1749,1750]],"type":"Polygon","properties":{"GEOID":"401091051013"}},{"arcs":[[-841,1751,1752,1753]],"type":"Polygon","properties":{"GEOID":"401091088051"}},{"arcs":[[1754,-524,-798,-824,-1746]],"type":"Polygon","properties":{"GEOID":"401091066112"}},{"arcs":[[-359,-365,1755,-1045,1756,-807]],"type":"Polygon","properties":{"GEOID":"401091001004"}},{"arcs":[[1757,-703,-386,-406,-397,1758,-760,1759]],"type":"Polygon","properties":{"GEOID":"401091100004"}},{"arcs":[[-3,1760,-37,1761,-80]],"type":"Polygon","properties":{"GEOID":"401091082361"}},{"arcs":[[-253,-24,-906,-1124,1762]],"type":"Polygon","properties":{"GEOID":"401091092052"}},{"arcs":[[-1508,1763,-870,1764]],"type":"Polygon","properties":{"GEOID":"401091081104"}},{"arcs":[[1765,-1667,-1697,1766]],"type":"Polygon","properties":{"GEOID":"401091082162"}},{"arcs":[[-1640,-1485,-1477,-1600,-1591,-1596,1767]],"type":"Polygon","properties":{"GEOID":"401091080074"}},{"arcs":[[1768,-1242,-372,-566,-240]],"type":"Polygon","properties":{"GEOID":"401091094001"}},{"arcs":[[1769,-238,1770,-202]],"type":"Polygon","properties":{"GEOID":"401091025002"}},{"arcs":[[-952,1771,1772,-1760,-762,1773,-756,-1576,-144,-211]],"type":"Polygon","properties":{"GEOID":"401091070025"}},{"arcs":[[1774,1775,-1682,-1132]],"type":"Polygon","properties":{"GEOID":"401091083212"}},{"arcs":[[1776,1777,1778,-1276,-1642]],"type":"Polygon","properties":{"GEOID":"401091088071"}},{"arcs":[[-1289,-1298,-1292,-1297,1779,1780,-1016]],"type":"Polygon","properties":{"GEOID":"401091072126"}},{"arcs":[[1781,1782,-1775,-1138]],"type":"Polygon","properties":{"GEOID":"401091083211"}},{"arcs":[[-1156,1783,1784,-1151]],"type":"Polygon","properties":{"GEOID":"401091085264"}},{"arcs":[[-1219,1785,-1175,-1225,1786]],"type":"Polygon","properties":{"GEOID":"401091085243"}},{"arcs":[[1787,-221,-996,1788]],"type":"Polygon","properties":{"GEOID":"401091083184"}},{"arcs":[[-1762,-36,1789,1790,-81]],"type":"Polygon","properties":{"GEOID":"401091082371"}},{"arcs":[[-82,1791,1792,1793,1794]],"type":"Polygon","properties":{"GEOID":"401091083252"}},{"arcs":[[1795,-1239,1796,1797]],"type":"Polygon","properties":{"GEOID":"401091088062"}},{"arcs":[[-546,-1257,1798,1799,1800,-299,-1251,-150,-857]],"type":"Polygon","properties":{"GEOID":"401091069135"}},{"arcs":[[-1655,1801,-983,-1674,-1676]],"type":"Polygon","properties":{"GEOID":"401091081143"}},{"arcs":[[-1779,-1281,1802,-979,-1277]],"type":"Polygon","properties":{"GEOID":"401091087063"}},{"arcs":[[-219,1803,1804,-187,1805,1806]],"type":"Polygon","properties":{"GEOID":"401091083025"}},{"arcs":[[-84,1807,1808,-70]],"type":"Polygon","properties":{"GEOID":"401091083251"}},{"arcs":[[1809,1810,1811,1812]],"type":"Polygon","properties":{"GEOID":"401091087103"}},{"arcs":[[-21,1813,-15]],"type":"Polygon","properties":{"GEOID":"401091082241"}},{"arcs":[[-1797,-1238,1814,-1810,1815,-1280]],"type":"Polygon","properties":{"GEOID":"401091087101"}},{"arcs":[[1816,1817]],"type":"Polygon","properties":{"GEOID":"401091082222"}},{"arcs":[[-525,-1755,-1745]],"type":"Polygon","properties":{"GEOID":"401099800021"}},{"arcs":[[1818,1819,-1184,1820,1821]],"type":"Polygon","properties":{"GEOID":"401091083262"}},{"arcs":[[-567,-371,-286,-819,-572,-628,-1738,-266]],"type":"Polygon","properties":{"GEOID":"401091096001"}},{"arcs":[[1822,1823,-1258,1824,1825]],"type":"Polygon","properties":{"GEOID":"401091083203"}},{"arcs":[[-602,-511,1826,-694]],"type":"Polygon","properties":{"GEOID":"401091061005"}},{"arcs":[[-657,1827,-650,-1042]],"type":"Polygon","properties":{"GEOID":"401091063023"}},{"arcs":[[-109,-1374,-957,-1363]],"type":"Polygon","properties":{"GEOID":"401091073062"}},{"arcs":[[-1558,1828,1829,1830]],"type":"Polygon","properties":{"GEOID":"401091087093"}},{"arcs":[[-1732,-1519,-1509,1831,-1823,1832]],"type":"Polygon","properties":{"GEOID":"401091083201"}},{"arcs":[[-1517,-1833,-1826,1833,1834,1835,-993]],"type":"Polygon","properties":{"GEOID":"401091083191"}},{"arcs":[[-1274,-1271,1836,1837,1838,-1729]],"type":"Polygon","properties":{"GEOID":"401091087013"}},{"arcs":[[-1379,1839,-1383,-1391,-1590,1840,-1726,1841,1842,1843,-1231]],"type":"Polygon","properties":{"GEOID":"401099800011"}},{"arcs":[[1844,-1843,1845,-1212]],"type":"Polygon","properties":{"GEOID":"401091074061"}},{"arcs":[[-1846,-1842,1846,-123]],"type":"Polygon","properties":{"GEOID":"401091074064"}},{"arcs":[[-1816,-1813,1847,-1020]],"type":"Polygon","properties":{"GEOID":"401091087102"}},{"arcs":[[1848,1849,-1224,-1222]],"type":"Polygon","properties":{"GEOID":"401091085381"}},{"arcs":[[1850,-1743,1851,1852]],"type":"Polygon","properties":{"GEOID":"401091085373"}},{"arcs":[[-802,-805,1853,1854,1855,-827]],"type":"Polygon","properties":{"GEOID":"401091065023"}},{"arcs":[[-599,1856,1857,-1357,-1355,-899]],"type":"Polygon","properties":{"GEOID":"401091072251"}},{"arcs":[[1858,-1723,-1064,1859]],"type":"Polygon","properties":{"GEOID":"401091067101"}},{"arcs":[[1860,1861,-1835,1862,-1261,-188,-1805]],"type":"Polygon","properties":{"GEOID":"401091083022"}},{"arcs":[[-74,-1656,-42,-1678,1863]],"type":"Polygon","properties":{"GEOID":"401091082321"}},{"arcs":[[-59,-47,-34,-1761,-2]],"type":"Polygon","properties":{"GEOID":"401091082342"}},{"arcs":[[-1037,1864,-1384,-1840,-1378,1865]],"type":"Polygon","properties":{"GEOID":"401091076014"}},{"arcs":[[-1858,1866,1867,-1358]],"type":"Polygon","properties":{"GEOID":"401091072252"}},{"arcs":[[1868,-1798,-1279,-1778]],"type":"Polygon","properties":{"GEOID":"401091088061"}},{"arcs":[[-1695,-1173,-1180,1869]],"type":"Polygon","properties":{"GEOID":"401091082152"}},{"arcs":[[1870,1871,-1799,-1256]],"type":"Polygon","properties":{"GEOID":"401091069172"}},{"arcs":[[-933,1872,-1047,-794]],"type":"Polygon","properties":{"GEOID":"401091059041"}},{"arcs":[[1873,1874,-318,-1873,-932]],"type":"Polygon","properties":{"GEOID":"401091002011"}},{"arcs":[[1875,1876,-312,-1040,1877,1878]],"type":"Polygon","properties":{"GEOID":"401091002031"}},{"arcs":[[1879,-808,-1757,-1046,-308,1880]],"type":"Polygon","properties":{"GEOID":"401091002022"}},{"arcs":[[-473,1881,-1772,-1076]],"type":"Polygon","properties":{"GEOID":"401091070024"}},{"arcs":[[1882,-1000,-1006,-1756,-364]],"type":"Polygon","properties":{"GEOID":"401091001001"}},{"arcs":[[-1296,1883,1884,-1780]],"type":"Polygon","properties":{"GEOID":"401091072125"}},{"arcs":[[-1295,1885,-1623,1886,-1884]],"type":"Polygon","properties":{"GEOID":"401091072243"}},{"arcs":[[-1328,-1339,1887,-1331,-1305,-1316,-1333]],"type":"Polygon","properties":{"GEOID":"401091072164"}},{"arcs":[[-1888,-1338,-1345,-1072,-1330]],"type":"Polygon","properties":{"GEOID":"401091072172"}},{"arcs":[[1888,-377,-1054,-1243,-1769,-239,-1770,-201,-559]],"type":"Polygon","properties":{"GEOID":"401091094002"}},{"arcs":[[-1074,1889,1890,-1347,-1307]],"type":"Polygon","properties":{"GEOID":"401091072203"}},{"arcs":[[-598,1891,-714,1892,-1867,-1857]],"type":"Polygon","properties":{"GEOID":"401091072253"}},{"arcs":[[-639,-307,-1005,1893]],"type":"Polygon","properties":{"GEOID":"401091004002"}},{"arcs":[[1894,-1750,-1894,-165,-1241,1895]],"type":"Polygon","properties":{"GEOID":"401091005002"}},{"arcs":[[-746,-749,-705,-710,-584,-579,-575,1896]],"type":"Polygon","properties":{"GEOID":"401091039002"}},{"arcs":[[-290,1897]],"type":"Polygon","properties":{"GEOID":"401099800061"}},{"arcs":[[-97,1898,1899,-1734]],"type":"Polygon","properties":{"GEOID":"401091085312"}},{"arcs":[[-875,-1748,-831,-1747,-336,-434,-439]],"type":"Polygon","properties":{"GEOID":"401091066063"}},{"arcs":[[-46,-1696,-1870,-1179,-1790,-35]],"type":"Polygon","properties":{"GEOID":"401091082381"}},{"arcs":[[1900,-427,-1800,-1872]],"type":"Polygon","properties":{"GEOID":"401091069162"}},{"arcs":[[-1445,-103,-1866,-1380,-1230,-1453,-1438]],"type":"Polygon","properties":{"GEOID":"401091078041"}},{"arcs":[[-1207,-1213,-121,-118,-1377]],"type":"Polygon","properties":{"GEOID":"401091074053"}},{"arcs":[[-1847,-1731,1901,-1199,-128]],"type":"Polygon","properties":{"GEOID":"401091074063"}},{"arcs":[[1902,1903,1904,-1838]],"type":"Polygon","properties":{"GEOID":"401091087121"}},{"arcs":[[1905,-1419,-131,1906]],"type":"Polygon","properties":{"GEOID":"401091087133"}},{"arcs":[[-1058,-1087,-889,1907,1908,-738,-1228,-1737]],"type":"Polygon","properties":{"GEOID":"401091090044"}},{"arcs":[[-1237,-740,1909,1910,1911,-1815]],"type":"Polygon","properties":{"GEOID":"401091087111"}},{"arcs":[[-1912,-688,1912,-1811]],"type":"Polygon","properties":{"GEOID":"401091087112"}},{"arcs":[[-888,-1192,-1164,-1908]],"type":"Polygon","properties":{"GEOID":"401091090034"}},{"arcs":[[-691,1913,-1559,-1831,1914,-1420]],"type":"Polygon","properties":{"GEOID":"401091087094"}},{"arcs":[[-215,-994,-1836,-1862,1915]],"type":"Polygon","properties":{"GEOID":"401091083192"}},{"arcs":[[-1162,-1152,1916,1917,1918,-356]],"type":"Polygon","properties":{"GEOID":"401091085252"}},{"arcs":[[-529,-678,1919,-1078]],"type":"Polygon","properties":{"GEOID":"401091068021"}},{"arcs":[[-8,-95,-13,1920]],"type":"Polygon","properties":{"GEOID":"401091082232"}},{"arcs":[[-1036,-1385,-1865]],"type":"Polygon","properties":{"GEOID":"401091076013"}},{"arcs":[[1921,1922,-1793]],"type":"Polygon","properties":{"GEOID":"401091083254"}},{"arcs":[[-1850,1923,1924,1925,-1118]],"type":"Polygon","properties":{"GEOID":"401091085362"}},{"arcs":[[-1848,1926,-1907,-134,1927,-1903,-1837,-1270]],"type":"Polygon","properties":{"GEOID":"401091087132"}},{"arcs":[[-1928,-133,-1422,1928,-1904]],"type":"Polygon","properties":{"GEOID":"401091087122"}},{"arcs":[[-1909,-1167,1929,-1910,-739]],"type":"Polygon","properties":{"GEOID":"401091090043"}},{"arcs":[[-1812,-1913,-693,-1906,-1927]],"type":"Polygon","properties":{"GEOID":"401091087131"}},{"arcs":[[-1930,-1166,-1217,1930,-689,-1911]],"type":"Polygon","properties":{"GEOID":"401091087083"}},{"arcs":[[-96,-4,-79,-1899]],"type":"Polygon","properties":{"GEOID":"401091082331"}},{"arcs":[[-1931,-1216,-1190,1931,-1829,-1557,-1914,-690]],"type":"Polygon","properties":{"GEOID":"401091087081"}},{"arcs":[[-844,-883,-836,1932,-1752]],"type":"Polygon","properties":{"GEOID":"401091088053"}},{"arcs":[[-261,-280]],"type":"Polygon","properties":{"GEOID":"401091099002"}},{"arcs":[[1933,1934,1935,1936,-1925]],"type":"Polygon","properties":{"GEOID":"401091085361"}},{"arcs":[[-964,1937,1938]],"type":"Polygon","properties":{"GEOID":"401091051012"}},{"arcs":[[-804,-800,-810,1939,-1854]],"type":"Polygon","properties":{"GEOID":"401091065025"}},{"arcs":[[1940,-750,-1578]],"type":"Polygon","properties":{"GEOID":"401091056003"}},{"arcs":[[-1774,-761,-1759,-402,-860,-752,1941,-757]],"type":"Polygon","properties":{"GEOID":"401091056001"}},{"arcs":[[-268,-1739,-629,1942,-168]],"type":"Polygon","properties":{"GEOID":"401091097002"}},{"arcs":[[1943,-1767,-1699,1944,-44]],"type":"Polygon","properties":{"GEOID":"401091082154"}},{"arcs":[[1945,-1664,1946]],"type":"Polygon","properties":{"GEOID":"401091082302"}},{"arcs":[[-1417,-1449,-1456,-1232,-1844,-1845,-1211]],"type":"Polygon","properties":{"GEOID":"401091074062"}},{"arcs":[[-908,1947,-1936,1948,-1530,-1702,-1532,-448,-447,-1720,-1722,-1533,-1551]],"type":"Polygon","properties":{"GEOID":"401091085083"}},{"arcs":[[1949,-1126,-1229,-1024,-1493]],"type":"Polygon","properties":{"GEOID":"401091081013"}},{"arcs":[[1950,-1860,-1063,-533,1951]],"type":"Polygon","properties":{"GEOID":"401091067104"}},{"arcs":[[-1933,-835,-1796,-1869,1952]],"type":"Polygon","properties":{"GEOID":"401091088052"}},{"arcs":[[1953,-965,-1939,-1001,-1883,-363]],"type":"Polygon","properties":{"GEOID":"401091051011"}},{"arcs":[[-1856,1954,-1876,1955,-930,-1749]],"type":"Polygon","properties":{"GEOID":"401091002033"}},{"arcs":[[-758,-1942,-751,-1941,-1577]],"type":"Polygon","properties":{"GEOID":"401091056005"}},{"arcs":[[-477,-482,-551,-553,-556,-698,1956,-700,-1758,1957,1958,1959]],"type":"Polygon","properties":{"GEOID":"401091100003"}},{"arcs":[[-281,-227,-169,-1943,-635,-708,1960,-229]],"type":"Polygon","properties":{"GEOID":"401091097003"}},{"arcs":[[-1809,1961,-1794,-1923,1962,-1819,1963]],"type":"Polygon","properties":{"GEOID":"401091083261"}},{"arcs":[[-1753,-1953,-1777,-1649,-1652]],"type":"Polygon","properties":{"GEOID":"401091088054"}},{"arcs":[[1964,-1852,-1742,-1523,-1949,-1935]],"type":"Polygon","properties":{"GEOID":"401091085374"}},{"arcs":[[-1218,-1107,-1176,-1786]],"type":"Polygon","properties":{"GEOID":"401091085234"}},{"arcs":[[-1897,-574,-747]],"type":"Polygon","properties":{"GEOID":"401091039003"}},{"arcs":[[-1891,1965,-1353,-856,-1348]],"type":"Polygon","properties":{"GEOID":"401091072212"}},{"arcs":[[-40,-1675,-1681,-851,1966,-1679]],"type":"Polygon","properties":{"GEOID":"401091082084"}},{"arcs":[[-175,-1267,1967]],"type":"Polygon","properties":{"GEOID":"401091086032"}},{"arcs":[[-695,-1827,-510,-154,-642]],"type":"Polygon","properties":{"GEOID":"401091061004"}},{"arcs":[[1968,-966,-1954,-362]],"type":"Polygon","properties":{"GEOID":"401099800031"}},{"arcs":[[-1956,-1879,1969,-1874,-931]],"type":"Polygon","properties":{"GEOID":"401091002032"}},{"arcs":[[1970,1971,-88,-1733,-196]],"type":"Polygon","properties":{"GEOID":"401091085331"}},{"arcs":[[-50,1972,1973,-1944,-94,-57]],"type":"Polygon","properties":{"GEOID":"401091082282"}},{"arcs":[[-1507,-1506,-871,-1764]],"type":"Polygon","properties":{"GEOID":"401091081103"}},{"arcs":[[1974,-9,-1921,-49,-1818,-86,-1972]],"type":"Polygon","properties":{"GEOID":"401091082221"}},{"arcs":[[-1945,-1698,-1694,-45]],"type":"Polygon","properties":{"GEOID":"401091082153"}},{"arcs":[[-1634,1975,-1065,-1488]],"type":"Polygon","properties":{"GEOID":"401091080114"}},{"arcs":[[-1395,-977,1976,1977]],"type":"Polygon","properties":{"GEOID":"401091076081"}},{"arcs":[[-1938,-1751,-1895,-1002]],"type":"Polygon","properties":{"GEOID":"401091051014"}},{"arcs":[[-472,-478,-1960,1978,-1958,-1773,-1882]],"type":"Polygon","properties":{"GEOID":"401091070023"}},{"arcs":[[-1961,-707,-748,-744,-230]],"type":"Polygon","properties":{"GEOID":"401091097004"}},{"arcs":[[-1286,-1318,-1620,-1625,1979,-1290]],"type":"Polygon","properties":{"GEOID":"401091072241"}},{"arcs":[[-1186,-1196,-1687,1980]],"type":"Polygon","properties":{"GEOID":"401091083221"}},{"arcs":[[-1821,-1188,1981,-1782,-1137]],"type":"Polygon","properties":{"GEOID":"401091083222"}},{"arcs":[[-91,-296,-1120,-222]],"type":"Polygon","properties":{"GEOID":"401091085341"}},{"arcs":[[-1806,-186,1982]],"type":"Polygon","properties":{"GEOID":"401091083023"}},{"arcs":[[-1654,-976,-968,-984,-1802]],"type":"Polygon","properties":{"GEOID":"401091081144"}},{"arcs":[[-71,-1964,-1822,-1136,-1130,-1741,1983,1984,1985,-206]],"type":"Polygon","properties":{"GEOID":"401091085342"}},{"arcs":[[-1868,-1893,-1367,-1740,-1351]],"type":"Polygon","properties":{"GEOID":"401091072261"}},{"arcs":[[-1785,1986,1987,1988,-1917]],"type":"Polygon","properties":{"GEOID":"401091085253"}},{"arcs":[[-1633,-1635,-1754,-1651,-1976]],"type":"Polygon","properties":{"GEOID":"401091080103"}},{"arcs":[[-960,1989,-1629]],"type":"Polygon","properties":{"GEOID":"401091072072"}},{"arcs":[[-83,-1795,-1962,-1808]],"type":"Polygon","properties":{"GEOID":"401091083253"}},{"arcs":[[-697,-560,-199,-699,-287,-701,-1957]],"type":"Polygon","properties":{"GEOID":"401091033003"}},{"arcs":[[-1792,-1791,-1183,1990,1991,1992,-1922]],"type":"Polygon","properties":{"GEOID":"401091083241"}},{"arcs":[[-1214,-1181,-217,-1788,1993]],"type":"Polygon","properties":{"GEOID":"401091083185"}},{"arcs":[[1994,1995,-1952,-532,-539]],"type":"Polygon","properties":{"GEOID":"401091067091"}},{"arcs":[[-1547,-1926,-1937,-1948,-907,-1539]],"type":"Polygon","properties":{"GEOID":"401091085363"}},{"arcs":[[-1855,1996,-1881,-1877,-1955]],"type":"Polygon","properties":{"GEOID":"401091002021"}},{"arcs":[[-1992,1997,1998]],"type":"Polygon","properties":{"GEOID":"401091083232"}},{"arcs":[[-1401,-1978,1999,-1727,-1841,-1589,-1587]],"type":"Polygon","properties":{"GEOID":"401091076082"}},{"arcs":[[-1832,-1765,-1259,-1824]],"type":"Polygon","properties":{"GEOID":"401091083202"}},{"arcs":[[-379,2000,-375,-1889,-558,-1088,-382]],"type":"Polygon","properties":{"GEOID":"401091019003"}},{"arcs":[[-817,2001,-283,-247]],"type":"Polygon","properties":{"GEOID":"401091015004"}},{"arcs":[[-651,-1828,-656,-997,-1807,-1983,-195,-648]],"type":"Polygon","properties":{"GEOID":"401091063025"}},{"arcs":[[-1680,-1967,-850,-1659,-1669]],"type":"Polygon","properties":{"GEOID":"401091082071"}},{"arcs":[[-624,-816,-812,2002,-631,-626]],"type":"Polygon","properties":{"GEOID":"401091095005"}},{"arcs":[[2003,2004,-1947,-1766,-1974]],"type":"Polygon","properties":{"GEOID":"401091082292"}},{"arcs":[[-16,2005,-2004,-1973]],"type":"Polygon","properties":{"GEOID":"401091082291"}},{"arcs":[[-1145,2006,-1995,-538]],"type":"Polygon","properties":{"GEOID":"401091067092"}},{"arcs":[[-2007,-1144,2007,-1951,-1996]],"type":"Polygon","properties":{"GEOID":"401091067103"}},{"arcs":[[-2008,-1143,-1552,-1535,-1724,-1859]],"type":"Polygon","properties":{"GEOID":"401091067102"}},{"arcs":[[-152,-212,-142,-298]],"type":"Polygon","properties":{"GEOID":"401091086041"}},{"arcs":[[-182,-1127,-1950,-1492]],"type":"Polygon","properties":{"GEOID":"401091081014"}},{"arcs":[[2008,2009,-1871,-894]],"type":"Polygon","properties":{"GEOID":"401091069173"}},{"arcs":[[-791,-797,2010,-788]],"type":"Polygon","properties":{"GEOID":"401091059034"}},{"arcs":[[-1998,-1991,-1215,-1994,-1789,-999,-1194,2011]],"type":"Polygon","properties":{"GEOID":"401091083231"}},{"arcs":[[-1982,-1187,-1981,-1686,-1683,-1776,-1783]],"type":"Polygon","properties":{"GEOID":"401091083223"}},{"arcs":[[-720,-725,-1969,-361,2012,-774,-778]],"type":"Polygon","properties":{"GEOID":"401091065033"}},{"arcs":[[-218,-1916,-1861,-1804]],"type":"Polygon","properties":{"GEOID":"401091083024"}},{"arcs":[[-1579,-1569,-1010,-172,-145]],"type":"Polygon","properties":{"GEOID":"401091086042"}},{"arcs":[[-1504,-1501,-986,-254,-1763,-180,-1510]],"type":"Polygon","properties":{"GEOID":"401091092051"}},{"arcs":[[-1985,2013,2014]],"type":"Polygon","properties":{"GEOID":"401099800041"}},{"arcs":[[-1603,-424,-1901,-2010,2015]],"type":"Polygon","properties":{"GEOID":"401091069161"}},{"arcs":[[-1039,-316,-897,-335,-2001,-378,-327,-323]],"type":"Polygon","properties":{"GEOID":"401091010003"}},{"arcs":[[-2011,-796,-416,-411,-789]],"type":"Polygon","properties":{"GEOID":"401091059035"}},{"arcs":[[-736,-859,-876,-344]],"type":"Polygon","properties":{"GEOID":"401091068044"}},{"arcs":[[-1940,-809,-1880,-1997]],"type":"Polygon","properties":{"GEOID":"401091065024"}},{"arcs":[[-2013,-367,-806,-775]],"type":"Polygon","properties":{"GEOID":"401091065032"}},{"arcs":[[-1970,-1878,-326,-459,-454,-319,-1875]],"type":"Polygon","properties":{"GEOID":"401091002012"}},{"arcs":[[-1959,-1979]],"type":"Polygon","properties":{"GEOID":"401091100002"}},{"arcs":[[-1580,-1325,-1332,2016,-1320,-1583]],"type":"Polygon","properties":{"GEOID":"401091072154"}},{"arcs":[[-2017,-1334,-1314,-1311,-1321]],"type":"Polygon","properties":{"GEOID":"401091072152"}},{"arcs":[[-1008,2017,-330,-314]],"type":"Polygon","properties":{"GEOID":"401091093001"}},{"arcs":[[-1322,-1310,2018,-1303]],"type":"Polygon","properties":{"GEOID":"401091072134"}},{"arcs":[[-1304,-2019,-1313,-1283,-1301]],"type":"Polygon","properties":{"GEOID":"401091072132"}},{"arcs":[[-1007,2019,-331,-2018]],"type":"Polygon","properties":{"GEOID":"401091093002"}},{"arcs":[[-1073,-1344,-1354,-1966,-1890]],"type":"Polygon","properties":{"GEOID":"401091072201"}},{"arcs":[[-203,-1771,-245,-291,-1898,-289]],"type":"Polygon","properties":{"GEOID":"401099800062"}},{"arcs":[[-577,-583,2020,-593]],"type":"Polygon","properties":{"GEOID":"401091049004"}},{"arcs":[[-2021,-582,-592,-1892,-597]],"type":"Polygon","properties":{"GEOID":"401091049002"}},{"arcs":[[-1980,-1624,-1886,-1294]],"type":"Polygon","properties":{"GEOID":"401091072242"}},{"arcs":[[-820,-284,-2002]],"type":"Polygon","properties":{"GEOID":"401099800051"}},{"arcs":[[-709,-586]],"type":"Polygon","properties":{"GEOID":"401091053001"}},{"arcs":[[-1993,-1999,-2012,-1193,-1820,-1963]],"type":"Polygon","properties":{"GEOID":"401091083233"}},{"arcs":[[-1079,-1920,-677,-684,-1719]],"type":"Polygon","properties":{"GEOID":"401091068011"}},{"arcs":[[-426,-1077,-950,-1801]],"type":"Polygon","properties":{"GEOID":"401091059073"}},{"arcs":[[-1563,-1245,-1536,-1607,-1715]],"type":"Polygon","properties":{"GEOID":"401091069034"}},{"arcs":[[-1708,-1714,-1713,-1148,-1100]],"type":"Polygon","properties":{"GEOID":"401091085231"}},{"arcs":[[-1918,-1989,2021,-616,2022]],"type":"Polygon","properties":{"GEOID":"401091067082"}},{"arcs":[[-1803,-1022,-1269,-980]],"type":"Polygon","properties":{"GEOID":"401091087073"}},{"arcs":[[-1988,2023,-1146,-542,-617,-2022]],"type":"Polygon","properties":{"GEOID":"401091067083"}},{"arcs":[[-1155,-1149,-1712,-1147,-2024,-1987,-1784]],"type":"Polygon","properties":{"GEOID":"401091085212"}},{"arcs":[[-1067,-1646,-1478,-1482]],"type":"Polygon","properties":{"GEOID":"401091080084"}},{"arcs":[[-1003,-1896,-1240,-2020]],"type":"Polygon","properties":{"GEOID":"401091093003"}},{"arcs":[[-293,-235,-391,-702]],"type":"Polygon","properties":{"GEOID":"401091099001"}},{"arcs":[[-1814,-20,-1864,-351,-1946,-2005,-2006]],"type":"Polygon","properties":{"GEOID":"401091082301"}},{"arcs":[[-1900,-85,-69,-1735]],"type":"Polygon","properties":{"GEOID":"401091085311"}},{"arcs":[[2024,2025,-177,-250,-30]],"type":"Polygon","properties":{"GEOID":"401091081064"}},{"arcs":[[-2014,-1984,-1744,-1851,2026]],"type":"Polygon","properties":{"GEOID":"401091085372"}},{"arcs":[[-207,-1986,-2015,-2027,-1853,-1965,-1934,-1924,-1849,-1221,-1168]],"type":"Polygon","properties":{"GEOID":"401091085382"}},{"arcs":[[-1825,-1863,-1834]],"type":"Polygon","properties":{"GEOID":"401091083193"}},{"arcs":[[-1468,-1474,-1639,-1768,-1595,-1636,-1638]],"type":"Polygon","properties":{"GEOID":"401091080072"}},{"arcs":[[-178,-28,-1657,-1496]],"type":"Polygon","properties":{"GEOID":"401091081063"}},{"arcs":[[-1977,-982,-1728,-2000]],"type":"Polygon","properties":{"GEOID":"401091076083"}},{"arcs":[[2027,-902,-75,-2026]],"type":"Polygon","properties":{"GEOID":"401091092031"}},{"arcs":[[-1817,-48,-87]],"type":"Polygon","properties":{"GEOID":"401091082251"}},{"arcs":[[-2003,-1631,-1407,-632]],"type":"Polygon","properties":{"GEOID":"401091079001"}},{"arcs":[[-1030,-2016,-2009,-893]],"type":"Polygon","properties":{"GEOID":"401091069171"}}]}}}