{"type":"Topology","arcs":[[[904,2627],[189,-17]],[[1093,2610],[-57,-106]],[[1036,2504],[-148,101]],[[888,2605],[16,22]],[[2729,2996],[133,-85]],[[2862,2911],[-72,-95]],[[2790,2816],[-123,99]],[[2667,2915],[62,81]],[[3008,255],[31,24]],[[3039,279],[59,-35]],[[3098,244],[-31,-10]],[[3067,234],[-26,-2]],[[3041,232],[-18,-3]],[[3023,229],[-15,26]],[[356,3197],[21,35]],[[377,3232],[75,-53]],[[452,3179],[110,-72],[36,-49]],[[598,3058],[90,-52]],[[688,3006],[-39,-62],[-104,-54]],[[545,2890],[-20,56],[-117,89]],[[408,3035],[-56,125],[4,37]],[[4036,1819],[61,86]],[[4097,1905],[30,-22]],[[4127,1883],[27,-37]],[[4154,1846],[-6,-7]],[[4148,1839],[-53,-67]],[[4095,1772],[-47,37]],[[4048,1809],[-12,10]],[[3013,156],[34,-1]],[[3047,155],[40,-28]],[[3087,127],[5,-11]],[[3092,116],[-31,-32]],[[3061,84],[-48,72]],[[3012,2468],[-33,-100]],[[2979,2368],[-67,42]],[[2912,2410],[-73,66]],[[2839,2476],[39,15],[134,-23]],[[3476,2268],[132,182]],[[3608,2450],[25,-20]],[[3633,2430],[85,-66]],[[3718,2364],[-160,-164]],[[3558,2200],[-66,55]],[[3492,2255],[-16,13]],[[296,2653],[41,-8]],[[337,2645],[61,-10]],[[398,2635],[-8,-61]],[[390,2574],[-56,35],[-57,-1]],[[277,2608],[19,45]],[[1177,2560],[73,-43]],[[1250,2517],[-119,-135]],[[1131,2382],[-9,-14]],[[1122,2368],[-41,88]],[[1081,2456],[31,15],[65,89]],[[2649,1408],[23,-11]],[[2672,1397],[-12,-26]],[[2660,1371],[-23,12]],[[2637,1383],[12,25]],[[2534,1530],[69,92]],[[2603,1622],[9,-7]],[[2612,1615],[79,-65]],[[2691,1550],[-23,-45]],[[2668,1505],[-30,-40]],[[2638,1465],[-27,-38]],[[2611,1427],[-26,64]],[[2585,1491],[-18,14]],[[2567,1505],[-33,25]],[[2641,624],[49,15]],[[2690,639],[80,-154]],[[2770,485],[-32,-28]],[[2738,457],[-97,167]],[[4295,2028],[69,92]],[[4364,2120],[15,-12]],[[4379,2108],[-57,-101]],[[4322,2007],[-27,21]],[[4369,1972],[4,20]],[[4373,1992],[31,-12]],[[4404,1980],[39,-16]],[[4443,1964],[-17,-23]],[[4426,1941],[-62,5]],[[4364,1946],[5,26]],[[4143,835],[68,61]],[[4211,896],[4,2]],[[4215,898],[33,-3]],[[4248,895],[24,-17]],[[4272,878],[-16,-22]],[[4256,856],[-33,5],[-31,-65]],[[4192,796],[-49,39]],[[2682,3331],[7,9]],[[2689,3340],[18,24]],[[2707,3364],[8,-10]],[[2715,3354],[38,-49]],[[2753,3305],[-64,-45]],[[2689,3260],[-7,71]],[[2734,1799],[134,176]],[[2868,1975],[34,-101],[47,-78]],[[2949,1796],[-30,-40],[-58,7],[-31,-38]],[[2830,1725],[-81,62]],[[2749,1787],[-15,12]],[[4226,1668],[14,-11]],[[4240,1657],[59,-47]],[[4299,1610],[-13,-44]],[[4286,1566],[-104,64]],[[4182,1630],[44,38]],[[4545,1049],[-72,18]],[[4473,1067],[72,-18]],[[3098,244],[12,-5]],[[3110,239],[62,-57]],[[3172,182],[-60,-52]],[[3112,130],[-20,-14]],[[3087,127],[22,42],[-42,65]],[[2089,1580],[26,33]],[[2115,1613],[86,-73]],[[2201,1540],[-19,-25]],[[2182,1515],[-40,-4]],[[2142,1511],[-53,69]],[[4190,1486],[35,46]],[[4225,1532],[39,-20]],[[4264,1512],[-39,-33]],[[4225,1479],[-11,-7]],[[4214,1472],[-24,14]],[[2404,1260],[-42,79]],[[2362,1339],[83,-21],[-41,-58]],[[2946,2266],[44,93]],[[2990,2359],[82,-49]],[[3072,2310],[-7,-53]],[[3065,2257],[-87,-125]],[[2978,2132],[-83,62]],[[2895,2194],[51,72]],[[4154,1846],[42,54]],[[4196,1900],[13,16]],[[4209,1916],[32,-101]],[[4241,1815],[-42,-20]],[[4199,1795],[-51,44]],[[2051,1459],[54,-43]],[[2105,1416],[-50,-63]],[[2055,1353],[-53,45]],[[2002,1398],[49,61]],[[4631,1358],[71,0],[40,-32]],[[4742,1326],[11,-29]],[[4753,1297],[-30,-28]],[[4723,1269],[-101,81]],[[4622,1350],[9,8]],[[4380,1864],[49,73]],[[4429,1937],[47,-48]],[[4476,1889],[105,-81]],[[4581,1808],[-222,-1]],[[4359,1807],[21,57]],[[445,2759],[36,-27]],[[481,2732],[-77,-59]],[[404,2673],[-28,5]],[[376,2678],[69,81]],[[2567,748],[84,74]],[[2651,822],[94,-154]],[[2745,668],[-55,-29]],[[2641,624],[-74,124]],[[3030,2687],[64,7]],[[3094,2694],[49,-41]],[[3143,2653],[-4,-5]],[[3139,2648],[-50,-25]],[[3089,2623],[-59,64]],[[4455,2048],[32,-25]],[[4487,2023],[-44,-59]],[[4404,1980],[51,68]],[[1700,1563],[53,64],[109,17]],[[1862,1644],[9,-99]],[[1871,1545],[-8,-82],[-65,-61]],[[1798,1402],[18,86],[-74,9],[-42,66]],[[4082,1595],[32,19],[58,-35]],[[4172,1579],[-38,-51]],[[4134,1528],[-7,6]],[[4127,1534],[-45,61]],[[2850,3327],[26,-22]],[[2876,3305],[-54,-71]],[[2822,3234],[-43,39]],[[2779,3273],[71,54]],[[2753,3305],[17,-20]],[[2770,3285],[-64,-65]],[[2706,3220],[-17,40]],[[2638,1465],[21,2]],[[2659,1467],[13,-14]],[[2672,1453],[-40,-37]],[[2632,1416],[6,49]],[[1093,2610],[37,-15]],[[1130,2595],[47,-35]],[[1081,2456],[-14,23]],[[1067,2479],[-31,25]],[[2470,2000],[62,85],[57,123]],[[2589,2208],[153,-127]],[[2742,2081],[129,-102]],[[2871,1979],[-3,-4]],[[2734,1799],[-66,49]],[[2668,1848],[-145,109]],[[2523,1957],[-53,43]],[[2927,1514],[79,-77]],[[3006,1437],[-61,-33]],[[2945,1404],[-60,86],[42,24]],[[3012,2468],[11,31]],[[3023,2499],[61,-77]],[[3084,2422],[15,-75]],[[3099,2347],[-27,-37]],[[2990,2359],[-11,9]],[[3122,77],[39,-45]],[[3161,32],[-54,-32],[-27,50]],[[3080,50],[42,27]],[[3340,412],[36,-6]],[[3376,406],[31,-47]],[[3407,359],[-48,-19],[-1,-61]],[[3358,279],[-3,1]],[[3355,280],[-68,30]],[[3287,310],[-36,17]],[[3251,327],[15,37],[74,48]],[[3991,1233],[14,-50],[61,-3]],[[4066,1180],[-58,-77]],[[4008,1103],[-47,37]],[[3961,1140],[-5,3]],[[3956,1143],[-4,61]],[[3952,1204],[39,29]],[[2201,1540],[89,117]],[[2290,1657],[82,-64]],[[2372,1593],[-19,-60]],[[2353,1533],[-47,-5]],[[2306,1528],[-42,-5]],[[2264,1523],[-82,-8]],[[3173,264],[60,12]],[[3233,276],[33,-14]],[[3266,262],[-56,-30]],[[3210,232],[-36,29]],[[3174,261],[-1,3]],[[2345,1231],[69,4]],[[2414,1235],[10,-59]],[[2424,1176],[-17,30],[-93,-24]],[[2314,1182],[31,49]],[[1479,4206],[12,-37]],[[1491,4169],[-60,-77]],[[1431,4092],[-33,68]],[[1398,4160],[81,46]],[[4338,1870],[26,76]],[[4426,1941],[3,-4]],[[4380,1864],[-42,6]],[[2000,1807],[22,18],[71,-56],[-35,-25]],[[2058,1744],[-8,-3]],[[2050,1741],[-35,-2],[-15,68]],[[4014,933],[33,43]],[[4047,976],[39,-61]],[[4086,915],[-17,-23]],[[4069,892],[-55,41]],[[3573,1290],[111,3]],[[3684,1293],[6,-18]],[[3690,1275],[-72,-64],[-39,-11]],[[3579,1200],[-6,90]],[[1556,2241],[116,81]],[[1672,2322],[10,-8]],[[1682,2314],[61,-50],[14,-48]],[[1757,2216],[-41,-81]],[[1716,2135],[-2,1]],[[1714,2136],[-155,100]],[[1559,2236],[-3,5]],[[2671,3422],[41,15]],[[2712,3437],[6,-5]],[[2718,3432],[-11,-68]],[[2689,3340],[-44,49],[26,33]],[[389,2801],[43,22]],[[432,2823],[44,-36]],[[476,2787],[-31,-28]],[[445,2759],[-58,37]],[[387,2796],[2,5]],[[2653,966],[86,99]],[[2739,1065],[34,-57]],[[2773,1008],[-52,-30],[14,-55]],[[2735,923],[-82,43]],[[3641,1871],[62,-7]],[[3703,1864],[40,-33]],[[3743,1831],[-37,-45],[-43,35]],[[3663,1821],[-22,50]],[[3377,2541],[56,52]],[[3433,2593],[58,-49]],[[3491,2544],[-69,-100]],[[3422,2444],[-45,97]],[[3579,1708],[65,-21]],[[3644,1687],[12,-69]],[[3656,1618],[6,-17]],[[3662,1601],[-53,-37]],[[3609,1564],[-21,17]],[[3588,1581],[-9,127]],[[2711,2331],[89,-66]],[[2800,2265],[51,-38]],[[2851,2227],[-109,-146]],[[2589,2208],[76,60],[46,63]],[[2573,1726],[102,-32]],[[2675,1694],[-63,-79]],[[2603,1622],[-71,56]],[[2532,1678],[41,48]],[[2186,2860],[88,-56],[64,44]],[[2338,2848],[9,-93],[-32,-63]],[[2315,2692],[-31,7],[-60,-62],[-59,55]],[[2165,2692],[-22,111]],[[2143,2803],[-23,83]],[[2120,2886],[66,-26]],[[3358,279],[76,11]],[[3434,290],[2,-14]],[[3436,276],[-58,-32]],[[3378,244],[-23,36]],[[178,2740],[26,40]],[[204,2780],[53,30]],[[257,2810],[21,-72]],[[278,2738],[-21,-60]],[[257,2678],[-59,16],[-20,46]],[[2295,1079],[30,17]],[[2325,1096],[40,19]],[[2365,1115],[141,-25]],[[2506,1090],[0,-15]],[[2506,1075],[-197,-26]],[[2309,1049],[-32,19]],[[2277,1068],[18,11]],[[1986,1654],[73,-18],[78,2]],[[2137,1638],[-22,-25]],[[2089,1580],[-89,-33]],[[2000,1547],[-19,21],[5,86]],[[2338,2848],[12,26]],[[2350,2874],[162,-146]],[[2512,2728],[-151,-193]],[[2361,2535],[-46,157]],[[4127,1883],[32,45]],[[4159,1928],[37,-28]],[[2943,2692],[66,82]],[[3009,2774],[19,-90]],[[3028,2684],[6,-27]],[[3034,2657],[-65,15]],[[2969,2672],[-16,12]],[[2953,2684],[-10,8]],[[3053,1184],[39,54]],[[3092,1238],[125,-96]],[[3217,1142],[-31,-42]],[[3186,1100],[-24,9]],[[3162,1109],[-129,45]],[[3033,1154],[20,30]],[[3044,1325],[55,13]],[[3099,1338],[78,19]],[[3177,1357],[-53,-74]],[[3124,1283],[-60,-3]],[[3064,1280],[-20,44]],[[3044,1324],[0,1]],[[857,3142],[80,-145],[-85,-110]],[[852,2887],[-63,49]],[[789,2936],[58,73],[-52,54],[62,79]],[[4219,1929],[30,-19]],[[4249,1910],[89,-40]],[[4359,1807],[-114,-11]],[[4245,1796],[-4,19]],[[4209,1916],[10,13]],[[1735,1241],[133,58],[77,13],[67,-23]],[[2012,1289],[32,-5]],[[2044,1284],[2,-42]],[[2046,1242],[13,-82]],[[2059,1160],[-1,-1]],[[2058,1159],[-15,25],[-131,-75],[-21,46],[-115,-64],[-3,60],[-47,33],[9,57]],[[3558,2200],[150,-120]],[[3708,2080],[-72,-94]],[[3636,1986],[-38,5],[-130,62]],[[3468,2053],[27,58],[-3,144]],[[3143,2653],[77,100]],[[3220,2753],[58,-37]],[[3278,2716],[-67,-121]],[[3211,2595],[-34,16]],[[3177,2611],[-38,37]],[[2495,1565],[39,-35]],[[2534,1530],[-33,-45]],[[2501,1485],[-11,-15]],[[2490,1470],[-32,34],[37,61]],[[2973,343],[38,26]],[[3011,369],[67,-58]],[[3078,311],[-39,-32]],[[3039,279],[-38,25]],[[3001,304],[-37,24]],[[2964,328],[9,15]],[[688,3006],[133,169]],[[821,3175],[36,-33]],[[789,2936],[-101,70]],[[3170,276],[55,19]],[[3225,295],[6,-10]],[[3231,285],[2,-9]],[[3173,264],[-3,12]],[[4150,1208],[7,6]],[[4157,1214],[1,-1]],[[4158,1213],[67,-58]],[[4225,1155],[1,-16]],[[4226,1139],[-46,-33]],[[4180,1106],[-43,34]],[[4137,1140],[-5,14]],[[4132,1154],[18,54]],[[2691,1550],[46,-37]],[[2737,1513],[-23,-34]],[[2714,1479],[-40,3]],[[2674,1482],[-6,23]],[[1757,2216],[64,-16]],[[1821,2200],[3,-3]],[[1824,2197],[14,-156]],[[1838,2041],[-60,60]],[[1778,2101],[-62,34]],[[503,3435],[37,-27],[42,-88]],[[582,3320],[34,-39]],[[616,3281],[-52,-59],[-79,34],[-33,-77]],[[377,3232],[126,203]],[[2850,2325],[96,-59]],[[2895,2194],[-44,33]],[[2800,2265],[50,60]],[[1513,4000],[28,12]],[[1541,4012],[35,-83]],[[1576,3929],[-32,-40]],[[1544,3889],[-31,111]],[[100,2717],[44,-30]],[[144,2687],[-12,-28]],[[132,2659],[-74,-8],[42,66]],[[2640,2634],[80,106]],[[2720,2740],[56,-52],[-33,-53]],[[2743,2635],[-40,-50]],[[2703,2585],[-63,49]],[[4375,1109],[52,74],[26,-19]],[[4453,1164],[9,-29],[-50,-59]],[[4412,1076],[-37,33]],[[3799,2006],[19,-15]],[[3818,1991],[97,-76]],[[3915,1915],[-95,-127]],[[3820,1788],[-77,43]],[[3703,1864],[48,61],[51,-33],[-3,114]],[[4172,1579],[53,-47]],[[4190,1486],[-56,42]],[[3959,1415],[25,36]],[[3984,1451],[56,-44],[-35,-48]],[[4005,1359],[-27,26]],[[3978,1385],[-19,30]],[[2978,289],[23,15]],[[3008,255],[-30,34]],[[1625,3545],[-5,31]],[[1620,3576],[53,2],[65,-44]],[[1738,3534],[-96,-44],[-17,55]],[[2521,1320],[60,-15]],[[2581,1305],[-5,-19]],[[2576,1286],[-23,-12]],[[2553,1274],[-11,-6]],[[2542,1268],[-36,8],[-92,-41]],[[2414,1235],[-10,25]],[[2362,1339],[-23,18]],[[2339,1357],[182,-37]],[[3217,1142],[22,29]],[[3239,1171],[33,-79],[50,28]],[[3322,1120],[-51,-71]],[[3271,1049],[-85,51]],[[4383,838],[64,-20]],[[4447,818],[15,-26]],[[4462,792],[-54,-46]],[[4408,746],[-43,70]],[[4365,816],[18,22]],[[2674,1482],[-15,-15]],[[4132,1743],[113,53]],[[4245,1796],[10,-56]],[[4255,1740],[-46,-59]],[[4209,1681],[-38,31]],[[4171,1712],[-39,31]],[[4005,1359],[15,-13]],[[4020,1346],[-38,-57]],[[3982,1289],[-7,-24]],[[3975,1265],[-31,22]],[[3944,1287],[-10,44],[44,54]],[[132,2768],[72,12]],[[178,2740],[-34,-53]],[[100,2717],[32,51]],[[1288,2501],[63,-77],[103,-81]],[[1454,2343],[-58,-77]],[[1396,2266],[-218,54]],[[1178,2320],[7,40],[103,141]],[[2876,2746],[21,-18]],[[2897,2728],[46,-36]],[[2953,2684],[-18,-24]],[[2935,2660],[-14,-17]],[[2921,2643],[-13,-18]],[[2908,2625],[-32,54]],[[2876,2679],[-42,30]],[[2834,2709],[42,37]],[[2632,1416],[-21,11]],[[1170,2043],[34,-32]],[[1204,2011],[-26,-36]],[[1178,1975],[-20,-26]],[[1158,1949],[-42,75]],[[1116,2024],[54,19]],[[3183,1985],[89,-66]],[[3272,1919],[32,-25]],[[3304,1894],[-16,-7],[-105,-159]],[[3183,1728],[-118,96]],[[3065,1824],[118,161]],[[2562,1461],[25,-42]],[[2587,1419],[-12,9]],[[2575,1428],[-23,18]],[[2552,1446],[10,15]],[[3937,1601],[195,142]],[[4171,1712],[-34,-45]],[[4137,1667],[-55,-72]],[[4082,1595],[-23,-28]],[[4059,1567],[-26,-42]],[[4033,1525],[-96,76]],[[4608,1362],[14,-12]],[[4622,1350],[-15,-63],[-1,-102]],[[4606,1185],[-78,84]],[[4528,1269],[-59,34]],[[4469,1303],[19,25],[120,34]],[[2853,1032],[43,56],[57,-45]],[[2953,1043],[-36,-48]],[[2917,995],[-64,37]],[[2714,1479],[-36,-33]],[[2678,1446],[-6,7]],[[2678,1446],[5,-7]],[[2683,1439],[-34,-31]],[[2649,1408],[-17,8]],[[2793,470],[71,-43]],[[2864,427],[-9,-15]],[[2855,412],[-75,-26],[-22,36]],[[2758,422],[35,48]],[[818,3947],[120,197]],[[938,4144],[204,-131]],[[1142,4013],[42,-28],[-72,-109]],[[1112,3876],[-136,-216]],[[976,3660],[-103,87],[34,172],[-89,28]],[[4269,1694],[38,-58]],[[4307,1636],[13,15]],[[4320,1651],[18,-43]],[[4338,1608],[-14,-18]],[[4324,1590],[-4,3]],[[4320,1593],[-21,17]],[[4240,1657],[29,37]],[[3579,1197],[0,3]],[[3690,1275],[31,-46]],[[3721,1229],[-74,-74]],[[3647,1155],[-71,15]],[[3576,1170],[3,27]],[[2744,2551],[83,-65]],[[2827,2486],[-97,-128]],[[2730,2358],[-48,111],[62,82]],[[3647,1155],[-37,-49]],[[3610,1106],[-34,64]],[[4264,1512],[22,54]],[[4320,1593],[-34,-148]],[[4286,1445],[1,-8]],[[4287,1437],[-62,42]],[[3070,1263],[-6,17]],[[3124,1283],[-32,-45]],[[3053,1184],[-27,55],[44,24]],[[2113,1960],[119,158]],[[2232,2118],[89,-68],[-58,-100],[62,-48]],[[2325,1902],[-50,-67]],[[2275,1835],[-40,31]],[[2235,1866],[-66,50]],[[2169,1916],[-56,44]],[[4095,872],[44,77]],[[4139,949],[72,-53]],[[4143,835],[-48,37]],[[3461,374],[41,60],[-25,42]],[[3477,476],[52,-35]],[[3529,441],[32,-61]],[[3561,380],[-22,-24]],[[3539,356],[-21,-26]],[[3518,330],[-57,44]],[[3495,1775],[49,-4]],[[3544,1771],[1,-42]],[[3545,1729],[-42,-1]],[[3503,1728],[-8,47]],[[1556,4025],[99,-83],[-57,-19]],[[1598,3923],[-22,6]],[[1541,4012],[15,13]],[[1668,2813],[60,-1]],[[1728,2812],[12,-111],[-59,9],[-2,53]],[[1679,2763],[-11,50]],[[2669,1349],[74,-9]],[[2743,1340],[28,11]],[[2771,1351],[-21,-56]],[[2750,1295],[-81,54]],[[1801,2412],[10,-10]],[[1811,2402],[16,-82],[-6,-120]],[[1682,2314],[115,57],[4,41]],[[3062,2522],[63,-54]],[[3125,2468],[-41,-46]],[[3023,2499],[39,23]],[[4338,1608],[11,-8]],[[4349,1600],[62,-22]],[[4411,1578],[-23,-38]],[[4388,1540],[-64,50]],[[2773,1008],[74,-100],[-118,-23]],[[2729,885],[6,38]],[[2087,1505],[55,6]],[[2182,1515],[-77,-99]],[[2051,1459],[36,46]],[[3407,359],[27,-69]],[[1374,4174],[79,67]],[[1453,4241],[26,-35]],[[1398,4160],[-24,14]],[[4244,1960],[9,12]],[[4253,1972],[54,-11]],[[4307,1961],[-58,-51]],[[4219,1929],[25,31]],[[3915,1915],[99,-79]],[[4014,1836],[-157,-81]],[[3857,1755],[-37,33]],[[3790,2166],[1,-22],[138,-110]],[[3929,2034],[-111,-43]],[[3799,2006],[-91,74]],[[3708,2080],[82,86]],[[3718,2364],[61,-49]],[[3779,2315],[71,-57]],[[3850,2258],[-78,-47],[18,-45]],[[3243,2916],[39,7]],[[3282,2923],[6,-80]],[[3288,2843],[-6,-6]],[[3282,2837],[-62,-84]],[[3220,2753],[-70,53]],[[3150,2806],[42,24],[51,86]],[[3288,2843],[66,85]],[[3354,2928],[109,-85]],[[3463,2843],[-55,-76]],[[3408,2767],[-12,-26]],[[3396,2741],[-35,44],[-45,-16],[-34,68]],[[3308,2562],[72,75]],[[3380,2637],[53,-44]],[[3377,2541],[-39,-27],[-30,48]],[[2729,2996],[73,88]],[[2802,3084],[108,-83]],[[2910,3001],[-35,-73]],[[2875,2928],[-13,-17]],[[4008,1103],[25,-17]],[[4033,1086],[69,-35]],[[4102,1051],[-38,-51]],[[4064,1000],[-17,-24]],[[4014,933],[-32,24]],[[3982,957],[-45,127]],[[3937,1084],[24,56]],[[278,2738],[17,25]],[[295,2763],[57,-65]],[[352,2698],[-9,-15]],[[343,2683],[-42,6]],[[301,2689],[-23,49]],[[1269,2723],[35,69],[-4,55],[33,33]],[[1333,2880],[269,-196]],[[1602,2684],[51,-72]],[[1653,2612],[-111,-152]],[[1542,2460],[-46,0],[-155,118]],[[1341,2578],[50,65],[-51,61],[-71,19]],[[4042,2076],[26,10]],[[4068,2086],[25,-21]],[[4093,2065],[-24,-32],[43,-51]],[[4112,1982],[-61,24],[-9,70]],[[343,2683],[33,-5]],[[404,2673],[-6,-38]],[[337,2645],[6,38]],[[2251,3008],[88,-75],[6,-50]],[[2345,2883],[-28,5],[-98,77]],[[2219,2965],[32,43]],[[2970,1203],[39,48],[61,12]],[[3033,1154],[-13,-18]],[[3020,1136],[-36,-50]],[[2984,1086],[-14,117]],[[4258,1180],[82,105]],[[4340,1285],[74,-56]],[[4414,1229],[60,-47]],[[4474,1182],[-21,-18]],[[4375,1109],[-56,43],[-75,0]],[[4244,1152],[14,28]],[[2456,1382],[14,61]],[[2470,1443],[41,-32]],[[2511,1411],[5,-49]],[[2516,1362],[-60,20]],[[3124,1283],[213,15]],[[3337,1298],[-54,-71]],[[3283,1227],[-44,-56]],[[2708,1573],[73,29],[25,-26]],[[2806,1576],[-55,-74]],[[2751,1502],[-14,11]],[[2691,1550],[17,23]],[[3642,1411],[59,74]],[[3701,1485],[56,-45]],[[3757,1440],[37,-32]],[[3794,1408],[-46,7],[-11,-78]],[[3737,1337],[18,-61]],[[3755,1276],[-65,-1]],[[3684,1293],[-42,118]],[[3561,380],[58,-50]],[[3619,330],[-47,-33]],[[3572,297],[-33,59]],[[4126,1748],[73,47]],[[4132,1743],[-6,5]],[[548,2785],[121,0],[46,-13]],[[715,2772],[-12,-17]],[[703,2755],[-61,-126]],[[642,2629],[-9,-1]],[[633,2628],[-75,70]],[[558,2698],[-57,47]],[[501,2745],[47,40]],[[2419,2362],[113,111]],[[2532,2473],[179,-142]],[[2589,2208],[-72,60],[-119,66]],[[2398,2334],[21,28]],[[295,2763],[37,57]],[[332,2820],[2,-1]],[[334,2819],[55,-18]],[[387,2796],[-35,-98]],[[4226,1139],[18,13]],[[4375,1109],[-70,-41],[-65,-7]],[[4240,1061],[-60,45]],[[2490,1470],[-20,-27]],[[2470,1443],[-71,55]],[[2399,1498],[67,90],[29,-23]],[[2920,577],[79,-9]],[[2999,568],[-63,-79]],[[2936,489],[-72,-62]],[[2793,470],[63,9],[64,98]],[[4064,1000],[51,-38]],[[4115,962],[-29,-47]],[[2830,1725],[47,-35]],[[2877,1690],[-37,-68]],[[2840,1622],[-11,10]],[[2829,1632],[-124,54]],[[2705,1686],[44,101]],[[4381,1642],[29,-21]],[[4410,1621],[1,-43]],[[4349,1600],[32,42]],[[2347,1330],[15,9]],[[2345,1231],[-12,15]],[[2333,1246],[38,43],[-24,41]],[[2983,2128],[103,-73]],[[3086,2055],[97,-70]],[[3065,1824],[-16,12]],[[3049,1836],[-44,35]],[[3005,1871],[64,85]],[[3069,1956],[29,38],[-105,82],[-18,42]],[[2975,2118],[8,10]],[[2743,2635],[91,74]],[[2876,2679],[-62,-91],[57,-44]],[[2871,2544],[-44,-58]],[[2744,2551],[-41,34]],[[3058,1553],[125,175]],[[3183,1728],[99,-81]],[[3282,1647],[-96,-126],[-38,31],[-54,-26]],[[3094,1526],[-36,27]],[[4166,2006],[15,19]],[[4181,2025],[63,-65]],[[4209,1916],[-67,50]],[[4142,1966],[24,40]],[[2333,1246],[-24,0]],[[2309,1246],[-22,47]],[[2287,1293],[60,37]],[[1494,3121],[105,127]],[[1599,3248],[-12,-131],[5,-128],[22,-44]],[[1614,2945],[47,-47],[7,-85]],[[1679,2763],[-77,-79]],[[1333,2880],[-26,20]],[[1307,2900],[187,221]],[[3498,307],[23,-41]],[[3521,266],[-50,-32]],[[3471,234],[-19,32]],[[3452,266],[46,41]],[[1811,2402],[72,21],[10,-67],[87,-46]],[[1980,2310],[-47,-42],[31,-73]],[[1964,2195],[-54,-68]],[[1910,2127],[-86,70]],[[3346,1595],[81,114]],[[3427,1709],[119,-96]],[[3546,1613],[-40,-79],[79,13],[78,-28]],[[3663,1519],[8,-7]],[[3671,1512],[30,-27]],[[3642,1411],[-72,-97]],[[3570,1314],[-1,8]],[[3569,1322],[-22,108],[-201,165]],[[4209,1681],[17,-13]],[[4182,1630],[-45,37]],[[4690,1458],[68,-97],[-16,-35]],[[4631,1358],[59,100]],[[1454,2343],[71,94]],[[1525,2437],[147,-115]],[[1556,2241],[-102,102]],[[3282,1647],[10,-8]],[[3292,1639],[54,-44]],[[3346,1595],[-120,-167]],[[3226,1428],[-132,98]],[[4145,2107],[25,34]],[[4170,2141],[62,-51]],[[4232,2090],[-51,-65]],[[4166,2006],[-61,49]],[[4105,2055],[40,52]],[[3378,525],[78,-53]],[[3456,472],[-2,-2]],[[3454,470],[-72,4],[-4,51]],[[1664,2062],[50,74]],[[1778,2101],[-7,-14]],[[1771,2087],[-32,-43],[-75,18]],[[3283,1227],[110,-9],[9,-70]],[[3402,1148],[-20,-33],[-60,5]],[[2921,2643],[83,-74]],[[3004,2569],[-12,-15]],[[2992,2554],[-69,58]],[[2923,2612],[-15,13]],[[2770,3285],[9,-12]],[[2779,3273],[-15,-49]],[[2764,3224],[-58,-4]],[[4355,972],[29,-22]],[[4384,950],[55,-44]],[[4439,906],[8,-88]],[[4383,838],[-28,134]],[[3323,978],[85,116]],[[3408,1094],[162,220]],[[3570,1314],[3,-24]],[[3579,1197],[-41,-7],[-39,-49]],[[3499,1141],[-212,-272]],[[3287,869],[-29,19],[65,90]],[[2372,1593],[91,120]],[[2463,1713],[69,-35]],[[2399,1498],[-21,16]],[[2378,1514],[-25,19]],[[1131,2382],[47,-62]],[[1396,2266],[-37,-50]],[[1359,2216],[-69,-91]],[[1290,2125],[-41,-55]],[[1249,2070],[-20,-26]],[[1229,2044],[5,86]],[[1234,2130],[-19,18]],[[1215,2148],[19,25],[-44,59]],[[1190,2232],[-68,136]],[[3572,297],[-51,-31]],[[3498,307],[20,23]],[[2745,668],[98,59]],[[2843,727],[58,-109]],[[2901,618],[-48,-65],[-83,-68]],[[2923,2612],[-52,-68]],[[3884,1032],[53,52]],[[3982,957],[-98,75]],[[3349,2662],[47,79]],[[3408,2767],[48,-29]],[[3456,2738],[-76,-101]],[[3380,2637],[-31,25]],[[2871,1979],[134,-108]],[[3049,1836],[-70,-90]],[[2979,1746],[-30,50]],[[2506,1075],[1,-2]],[[2507,1073],[-36,-15],[-12,-63],[-58,23],[-42,-13]],[[2359,1005],[-86,26]],[[2273,1031],[36,18]],[[2791,3342],[-21,-57]],[[2715,3354],[76,-12]],[[3788,1573],[63,94]],[[3851,1667],[72,-57]],[[3923,1610],[14,-9]],[[3937,1601],[-168,-73]],[[3769,1528],[19,45]],[[3325,2950],[29,-22]],[[3282,2923],[43,27]],[[4138,1960],[4,6]],[[4159,1928],[-29,22]],[[4130,1950],[8,10]],[[1431,4092],[31,-51]],[[1462,4041],[51,-41]],[[1544,3889],[33,-54]],[[1577,3835],[7,-72]],[[1584,3763],[-62,-83]],[[1522,3680],[-47,-63]],[[1475,3617],[-225,161]],[[1250,3778],[47,103],[36,39],[98,172]],[[504,2520],[35,43]],[[539,2563],[48,5],[46,52]],[[633,2620],[27,-69]],[[660,2551],[23,-65],[-13,-46],[-51,-18],[-53,70],[-62,28]],[[3448,1809],[71,73]],[[3519,1882],[16,-27]],[[3535,1855],[13,-27]],[[3548,1828],[-62,-39]],[[3486,1789],[-38,20]],[[2967,944],[19,26]],[[2986,970],[86,12]],[[3072,982],[9,-11]],[[3081,971],[-19,-25]],[[3062,946],[-119,-35]],[[2943,911],[24,33]],[[2465,1887],[58,70]],[[2668,1848],[-70,-90]],[[2598,1758],[-133,129]],[[4057,1505],[38,1]],[[4095,1506],[32,28]],[[4190,1486],[-64,-35]],[[4126,1451],[-69,54]],[[2378,1514],[-49,-63]],[[2329,1451],[-49,40],[26,37]],[[3034,2657],[9,-44]],[[3043,2613],[-14,-9]],[[3029,2604],[-60,68]],[[3379,2120],[84,-61]],[[3463,2059],[-64,-36],[-83,-75]],[[3316,1948],[-44,-29]],[[3183,1985],[49,26],[67,79],[80,30]],[[1542,2460],[-17,-23]],[[1288,2501],[53,77]],[[3633,2430],[133,174]],[[3766,2604],[75,-63]],[[3841,2541],[-76,-98],[22,-83],[-8,-45]],[[2697,1425],[74,-73]],[[2771,1352],[0,-1]],[[2743,1340],[-64,69]],[[2679,1409],[18,16]],[[2594,1394],[17,33]],[[2637,1383],[-12,6]],[[2625,1389],[-31,5]],[[2081,1116],[5,2]],[[2086,1118],[44,-19]],[[2130,1099],[8,-45]],[[2138,1054],[-19,-3]],[[2119,1051],[-38,65]],[[4340,1288],[45,26],[52,69]],[[4437,1383],[55,73]],[[4492,1456],[57,-47]],[[4549,1409],[59,-47]],[[4469,1303],[-55,-74]],[[4340,1285],[0,3]],[[3422,2444],[-69,-77]],[[3353,2367],[-16,12]],[[3337,2379],[-18,15]],[[3319,2394],[12,84],[-59,46]],[[3272,2524],[36,38]],[[2148,1327],[-10,-56]],[[2138,1271],[-37,-29]],[[2101,1242],[-30,-11]],[[2071,1231],[-26,53]],[[2045,1284],[103,43]],[[4528,1269],[-52,-88]],[[4476,1181],[-2,1]],[[2896,1570],[51,66]],[[2947,1636],[75,-56]],[[3022,1580],[13,-51],[-89,-24],[-20,17]],[[2926,1522],[-30,48]],[[2738,1235],[12,6]],[[2750,1241],[25,-51],[2,-70]],[[2777,1120],[14,-103]],[[2791,1017],[-18,-9]],[[2739,1065],[-1,170]],[[4140,1409],[-37,-76]],[[4103,1333],[-22,-30]],[[4081,1303],[-61,43]],[[4020,1346],[31,35],[89,28]],[[2748,1243],[95,29]],[[2843,1272],[40,9]],[[2883,1281],[42,-80]],[[2925,1201],[-79,-65],[-69,-16]],[[2750,1241],[-2,2]],[[3817,1331],[-38,-28],[61,-52],[-5,-29]],[[3835,1222],[-80,54]],[[3737,1337],[80,-6]],[[3099,2347],[16,13]],[[3115,2360],[-1,-42]],[[3114,2318],[-42,-8]],[[2125,1130],[80,19],[92,-15]],[[2297,1134],[28,-38]],[[2295,1079],[-71,40]],[[2224,1119],[-84,-7]],[[2140,1112],[-15,18]],[[2917,995],[-30,-41]],[[2887,954],[-62,37]],[[2825,991],[28,41]],[[256,2842],[1,-32]],[[132,2768],[59,29],[8,46],[57,-1]],[[1958,1490],[129,15]],[[2002,1398],[-84,42],[40,50]],[[4097,1905],[33,45]],[[3125,2468],[44,-44],[-36,-40]],[[3133,2384],[-18,-24]],[[4232,2090],[64,83]],[[4296,2173],[68,-53]],[[4295,2028],[-63,62]],[[3401,2328],[58,36],[97,127],[20,-16]],[[3576,2475],[32,-25]],[[3476,2268],[-57,45]],[[3419,2313],[-18,15]],[[1190,2232],[-88,-85],[25,-39]],[[1127,2108],[-20,-15]],[[1107,2093],[-20,0]],[[1087,2093],[-45,143],[-33,51]],[[1009,2287],[23,42],[90,39]],[[3133,2384],[66,-53],[-25,-34]],[[3174,2297],[-60,21]],[[476,2787],[34,29]],[[510,2816],[38,-31]],[[501,2745],[-20,-13]],[[2553,1274],[67,-28]],[[2620,1246],[20,-35]],[[2640,1211],[-104,-1]],[[2536,1210],[6,58]],[[2672,1397],[7,12]],[[2669,1349],[-16,7]],[[2653,1356],[7,15]],[[3211,2595],[61,-71]],[[3272,2524],[-61,-44]],[[3211,2480],[-36,29]],[[3175,2509],[-50,40]],[[3125,2549],[52,62]],[[2512,2728],[62,-42]],[[2574,2686],[-80,-19]],[[2494,2667],[-30,-49],[89,-84]],[[2553,2534],[-19,-44]],[[2534,2490],[-2,-17]],[[2419,2362],[-121,93]],[[2298,2455],[63,80]],[[3728,1039],[26,-4]],[[3754,1035],[61,-19]],[[3815,1016],[-38,-50]],[[3777,966],[-49,73]],[[2494,2667],[58,-46],[58,-13],[-57,-74]],[[1107,2093],[55,-43]],[[1162,2050],[8,-7]],[[1116,2024],[-29,69]],[[3029,2604],[-9,-12]],[[3020,2592],[-85,68]],[[2697,1425],[69,65]],[[2766,1490],[24,-19]],[[2790,1471],[4,-59]],[[2794,1412],[-23,-60]],[[2897,2728],[133,175]],[[3030,2903],[4,-3]],[[3034,2900],[90,-73]],[[3124,2827],[-52,-65]],[[3072,2762],[-63,12]],[[4126,1748],[-31,24]],[[715,2772],[50,63],[-28,27],[52,74]],[[852,2887],[159,-122]],[[1011,2765],[-75,-97]],[[936,2668],[-87,24],[18,54],[-46,35],[-23,-56]],[[798,2725],[-21,14]],[[777,2739],[-62,33]],[[2359,2899],[32,43],[2,90]],[[2393,3032],[128,-102],[44,49]],[[2565,2979],[84,-70]],[[2649,2909],[-137,-181]],[[2350,2874],[9,25]],[[1473,1899],[85,119]],[[1558,2018],[4,-101],[60,3],[71,-22]],[[1693,1898],[-80,-67],[-54,-71]],[[1559,1760],[-10,35],[-84,91]],[[1465,1886],[8,13]],[[1432,1596],[127,164]],[[1559,1760],[57,-52]],[[1616,1708],[76,-55],[-59,-73]],[[1633,1580],[-93,26],[-108,-10]],[[2591,3108],[59,71]],[[2650,3179],[38,-26]],[[2688,3153],[114,-69]],[[2667,2915],[-18,-6]],[[2565,2979],[-4,51],[30,78]],[[3456,472],[9,11]],[[3465,483],[12,-7]],[[3461,374],[-54,-15]],[[3376,406],[78,64]],[[3316,1948],[70,-6]],[[3386,1942],[32,-21],[-26,-91]],[[3392,1830],[-88,64]],[[4320,1651],[61,-9]],[[4022,1502],[-38,-51]],[[3959,1415],[-41,-25],[-26,-63]],[[3892,1327],[-28,25]],[[3864,1352],[-13,10]],[[3851,1362],[8,37],[-80,43]],[[3779,1442],[58,24],[185,36]],[[2215,1105],[9,14]],[[2277,1068],[-62,37]],[[3529,441],[90,-111]],[[1784,2930],[2,102],[-14,132]],[[1772,3164],[58,-59],[78,43],[86,-62],[70,66],[34,-28]],[[2098,3124],[-29,-88]],[[2069,3036],[-32,-71],[-47,-37],[-135,-167],[8,-11]],[[1863,2750],[-109,86],[-25,-24]],[[1729,2812],[-15,61],[70,57]],[[2247,2494],[51,-39]],[[2398,2334],[-83,-108]],[[2315,2226],[-66,44],[-108,-18]],[[2141,2252],[-36,112],[-33,30]],[[2072,2394],[53,36],[32,-31],[43,24],[47,71]],[[598,3058],[86,140]],[[684,3198],[33,54]],[[717,3252],[116,181]],[[833,3433],[100,-50],[-5,-50],[-58,-92]],[[870,3241],[-49,-66]],[[2822,3234],[-58,-10]],[[4967,1647],[77,-62],[-41,-56],[-128,-119]],[[4875,1410],[-40,32]],[[4835,1442],[76,101],[56,104]],[[1178,1975],[34,-29],[70,92],[-33,32]],[[1290,2125],[61,-144]],[[1351,1981],[-67,-27],[-45,-78]],[[1239,1876],[-81,73]],[[4439,906],[69,-53],[-46,-61]],[[2956,274],[42,-67]],[[2998,207],[-12,-11]],[[2986,196],[-42,70]],[[2944,266],[12,8]],[[2790,2816],[-70,-76]],[[2640,2634],[-66,52]],[[3020,2592],[-16,-23]],[[4093,2065],[12,-10]],[[4138,1960],[-26,22]],[[4723,1269],[-82,-113]],[[4641,1156],[-35,29]],[[3456,2738],[67,-37]],[[3523,2701],[-90,-108]],[[2901,618],[15,-29]],[[2916,589],[4,-12]],[[2758,422],[-20,35]],[[4255,1740],[8,-31]],[[4263,1709],[6,-15]],[[3212,346],[39,-19]],[[3287,310],[-56,-25]],[[3225,295],[-13,51]],[[3162,1109],[-102,-58]],[[3060,1051],[-40,85]],[[2978,289],[-22,-15]],[[2944,266],[-22,38]],[[2922,304],[42,24]],[[1127,2108],[61,6],[27,34]],[[1234,2130],[-72,-80]],[[2302,1673],[67,88]],[[2369,1761],[94,-48]],[[2290,1657],[12,16]],[[3548,1828],[15,-32]],[[3563,1796],[-19,-25]],[[3495,1775],[-9,14]],[[1910,2127],[133,-110]],[[2043,2017],[29,-30],[-45,-47],[-63,-24]],[[1964,1916],[-101,114],[-25,11]],[[4198,1326],[33,46]],[[4231,1372],[22,-17]],[[4253,1355],[77,-60]],[[4330,1295],[-93,-18]],[[4237,1277],[-39,49]],[[777,2739],[-29,-27],[-45,43]],[[2071,1231],[-25,11]],[[2044,1284],[1,0]],[[1980,2310],[31,40]],[[2011,2350],[61,44]],[[2141,2252],[-42,14],[-80,-104],[-55,33]],[[3817,1331],[47,21]],[[3892,1327],[15,-12]],[[3907,1315],[-72,-93]],[[3022,1580],[36,-27]],[[3094,1526],[-77,-99]],[[3017,1427],[-11,10]],[[2927,1514],[-1,8]],[[3610,1106],[-5,-6]],[[3605,1100],[-19,-26]],[[3586,1074],[-87,67]],[[3592,1929],[44,57]],[[3641,1871],[-49,58]],[[2564,1379],[11,8]],[[2575,1387],[38,-19]],[[2613,1368],[37,-18]],[[2650,1350],[-45,-37]],[[2605,1313],[-19,7]],[[2586,1320],[-39,27]],[[2547,1347],[17,32]],[[2840,1622],[-34,-46]],[[2708,1573],[121,59]],[[4619,1778],[27,30]],[[4646,1808],[64,41]],[[4710,1849],[62,-49]],[[4772,1800],[-65,-167]],[[4707,1633],[-48,-14],[-51,138],[11,21]],[[2576,1286],[44,-40]],[[4123,2312],[110,-89]],[[4233,2223],[-63,-82]],[[4145,2107],[-25,137],[3,68]],[[1491,4169],[51,103],[83,32]],[[1625,4304],[229,-177]],[[1854,4127],[-119,-159]],[[1735,3968],[-151,-205]],[[1577,3835],[21,88]],[[1556,4025],[-63,139]],[[1493,4164],[-2,5]],[[1854,4127],[322,-262]],[[2176,3865],[-80,-62],[-4,-55],[-60,-80]],[[2032,3668],[-33,81],[-126,4]],[[1873,3753],[-71,68],[-28,0],[-39,147]],[[2215,1105],[-33,-22]],[[2182,1083],[-42,29]],[[2751,1502],[15,-12]],[[2697,1425],[-14,14]],[[4330,1295],[10,-7]],[[4258,1180],[-33,66]],[[4225,1246],[12,31]],[[1614,2945],[72,19],[35,45],[47,0],[16,-79]],[[1729,2812],[-1,0]],[[1391,1561],[41,35]],[[1633,1580],[-65,-87],[-61,-24]],[[1507,1469],[-116,92]],[[3662,1601],[-2,-80]],[[3660,1521],[-51,43]],[[2548,1392],[27,36]],[[2587,1419],[7,-25]],[[2594,1394],[-19,-7]],[[2564,1379],[-16,13]],[[4214,1472],[-46,-53]],[[4168,1419],[-42,32]],[[936,2668],[-32,-41]],[[888,2605],[-65,27],[-90,6]],[[733,2638],[65,87]],[[2791,1017],[10,-21]],[[2801,996],[11,-22]],[[2812,974],[80,-68]],[[2892,906],[-36,-48]],[[2856,858],[-94,-23],[-24,34]],[[2738,869],[-9,16]],[[2883,1281],[161,43]],[[2970,1203],[-32,-11]],[[2938,1192],[-13,9]],[[4697,1510],[53,-51],[29,24]],[[4779,1483],[56,-41]],[[4875,1410],[-122,-113]],[[4690,1458],[7,52]],[[2810,1455],[86,115]],[[2945,1404],[-28,-19]],[[2917,1385],[-35,32]],[[2882,1417],[-72,38]],[[2992,2554],[31,-55]],[[2839,2476],[-12,10]],[[2041,1334],[79,6],[133,64]],[[2253,1404],[7,-18]],[[2260,1386],[-112,-59]],[[2012,1289],[29,45]],[[2467,1159],[69,51]],[[2640,1211],[28,17]],[[2668,1228],[-25,-42]],[[2643,1186],[-60,-71]],[[2583,1115],[-77,-40]],[[2506,1090],[-39,69]],[[2508,3550],[31,26]],[[2539,3576],[103,-84]],[[2642,3492],[29,-70]],[[2682,3331],[-45,-8]],[[2637,3323],[-29,64],[-97,80],[-3,83]],[[1493,4164],[23,-83],[-54,-40]],[[1011,2765],[176,223]],[[1187,2988],[120,-88]],[[1269,2723],[-42,-57],[-47,-7],[-50,-64]],[[4379,2108],[13,-10]],[[4392,2098],[-19,-106]],[[4369,1972],[-47,35]],[[3135,3021],[47,-120],[61,15]],[[3150,2806],[-26,21]],[[3034,2900],[101,121]],[[2309,2219],[6,-60],[102,-80],[53,-79]],[[2470,2000],[-61,-16],[-84,-82]],[[2232,2118],[77,101]],[[3392,1830],[46,-32]],[[3438,1798],[4,-3]],[[3442,1795],[-59,-47],[-91,-109]],[[301,2689],[-5,-36]],[[277,2608],[-6,4]],[[271,2612],[-12,54]],[[259,2666],[-2,12]],[[733,2638],[-91,-9]],[[1851,1710],[134,-20]],[[1985,1690],[1,-36]],[[2000,1547],[-42,-57]],[[1958,1490],[-87,55]],[[1862,1644],[-20,50]],[[1842,1694],[9,16]],[[2718,3432],[89,-71]],[[2807,3361],[-16,-19]],[[4288,869],[77,-53]],[[4365,816],[-62,-56]],[[4303,760],[-31,53]],[[4272,813],[16,56]],[[2938,1192],[-48,-50],[-33,-85],[-56,-61]],[[1738,3534],[20,46],[75,88],[40,85]],[[2032,3668],[-74,-102],[-86,-78]],[[1872,3488],[-32,-47],[-50,-13],[-76,-70],[-30,18],[-46,-52]],[[1638,3324],[-53,195],[40,26]],[[2511,1411],[10,-6]],[[2521,1405],[27,-13]],[[2547,1347],[-31,15]],[[4772,1800],[135,-107]],[[4907,1693],[-101,-63]],[[4806,1630],[-99,3]],[[4630,1507],[67,3]],[[4549,1409],[81,98]],[[4494,1136],[78,13],[56,-11]],[[4628,1138],[-83,-95]],[[4545,1043],[0,6]],[[4473,1067],[-10,-5]],[[4463,1062],[31,74]],[[3172,182],[102,-70]],[[3274,112],[-113,-80]],[[3122,77],[-10,53]],[[4223,1212],[2,34]],[[4225,1155],[-2,57]],[[4288,869],[51,115]],[[4339,984],[16,-12]],[[3349,2662],[-71,54]],[[4140,1409],[28,10]],[[4168,1419],[63,-47]],[[4198,1326],[-34,-47]],[[4164,1279],[-61,54]],[[3011,369],[4,20]],[[3015,389],[35,76]],[[3050,465],[29,-12]],[[3079,453],[74,-47],[23,-47]],[[3176,359],[-43,-6]],[[3133,353],[-55,-42]],[[1405,1803],[-16,30],[76,53]],[[1391,1561],[-8,99],[44,54],[17,63],[-39,26]],[[2999,568],[51,-103]],[[3015,389],[-52,9]],[[2963,398],[14,66],[-41,25]],[[132,2659],[80,23],[47,-16]],[[271,2612],[-41,27],[-83,-25]],[[147,2614],[-15,45]],[[3851,1362],[-57,46]],[[3757,1440],[22,2]],[[256,2842],[76,-22]],[[2966,3001],[20,27]],[[2986,3028],[-22,17]],[[2964,3045],[87,119]],[[3051,3164],[121,-93]],[[3172,3071],[-37,-50]],[[3030,2903],[-36,28]],[[2994,2931],[-28,70]],[[2369,1761],[96,126]],[[2598,1758],[-25,-32]],[[3176,359],[11,-1]],[[3187,358],[25,-12]],[[3170,276],[-37,77]],[[4253,1355],[34,82]],[[4286,1445],[70,8],[81,-70]],[[1812,1933],[26,108]],[[1964,1916],[-9,-60],[-76,-38],[15,-42],[-43,-66]],[[1842,1694],[-64,40]],[[1778,1734],[11,109],[-56,21],[8,47],[71,22]],[[1200,4576],[32,51],[393,-323]],[[1453,4241],[-31,57],[-62,-53]],[[1360,4245],[-62,-8]],[[1298,4237],[10,41],[-32,109],[-71,45],[-5,144]],[[599,3594],[219,353]],[[976,3660],[-23,-39]],[[953,3621],[-29,-44]],[[924,3577],[-91,-144]],[[833,3433],[-78,26],[-109,76],[-47,59]],[[2840,1622],[56,-52]],[[2810,1455],[-20,16]],[[1288,2501],[-38,16]],[[1542,2460],[31,-7],[91,31]],[[1664,2484],[68,-2],[11,-39],[58,-31]],[[2843,1272],[38,95],[1,50]],[[2917,1385],[62,-41],[65,-16]],[[3044,1328],[0,-3]],[[1693,1898],[52,66]],[[1745,1964],[10,13]],[[1755,1977],[57,-44]],[[1778,1734],[-58,30],[-59,-15],[-45,-41]],[[1700,1563],[-67,17]],[[3266,262],[70,-112]],[[3336,150],[-43,-27]],[[3293,123],[-83,109]],[[3436,276],[16,-10]],[[3471,234],[-58,-36]],[[3413,198],[-35,46]],[[3174,261],[-64,-22]],[[3335,2153],[79,110],[5,50]],[[3468,2053],[-5,6]],[[3379,2120],[-44,33]],[[2273,1031],[-91,52]],[[2890,759],[53,62],[64,-53]],[[3007,768],[27,-56],[63,-65],[-4,-24]],[[3093,623],[-32,29],[-145,-63]],[[2843,727],[47,32]],[[3092,2587],[-3,36]],[[3125,2549],[-33,38]],[[2247,2494],[-69,54]],[[2178,2548],[-13,144]],[[2919,933],[23,5]],[[2942,938],[25,6]],[[2943,911],[-17,-5]],[[2926,906],[-7,27]],[[2138,1271],[50,-28]],[[2188,1243],[46,-46]],[[2234,1197],[-41,-25],[-81,-9]],[[2112,1163],[-11,79]],[[924,3577],[45,-79],[113,-93],[78,-93],[40,-67]],[[1200,3245],[-86,-129]],[[1114,3116],[-56,30],[-72,3],[-116,92]],[[903,2419],[40,-50],[-6,-48],[38,-36]],[[975,2285],[11,-115],[-78,-21],[-47,65],[-60,124]],[[801,2338],[102,81]],[[2130,1099],[8,-45]],[[2794,1412],[16,43]],[[2748,1243],[-14,20]],[[2734,1263],[16,32]],[[1708,2557],[73,15],[17,28]],[[1798,2600],[4,-140]],[[1802,2460],[9,-58]],[[1664,2484],[37,20],[7,53]],[[1798,1402],[-70,2]],[[1728,1404],[4,56],[-76,40],[-64,-25],[-85,-6]],[[888,2605],[-123,-158]],[[765,2447],[-23,95]],[[742,2542],[19,28],[-28,68]],[[2703,2585],[-43,-39],[-126,-56]],[[1475,2093],[54,40]],[[1529,2133],[73,-56]],[[1602,2077],[-44,-59]],[[1473,1899],[-122,82]],[[1351,1981],[94,100],[30,12]],[[2041,1334],[14,19]],[[2264,1523],[-22,-31],[11,-88]],[[2572,1025],[11,90]],[[2643,1186],[95,49]],[[2653,966],[-42,-21],[-39,80]],[[3933,2315],[31,27],[44,-48],[78,39],[37,-21]],[[4068,2086],[-73,57]],[[3995,2143],[36,47],[-98,125]],[[3293,123],[-19,-11]],[[3175,2167],[53,70]],[[3228,2237],[107,-84]],[[3086,2055],[89,112]],[[3172,3071],[153,-121]],[[2059,1160],[53,3]],[[2234,1197],[63,-63]],[[2125,1130],[-39,-12]],[[2081,1116],[-23,43]],[[2877,1690],[70,-54]],[[2521,1405],[31,41]],[[2178,2548],[-135,105],[-16,-21]],[[2027,2632],[-60,47]],[[1967,2679],[59,76],[117,48]],[[2398,3384],[14,17],[122,-110]],[[2534,3291],[116,-112]],[[2591,3108],[-72,-17],[-107,88]],[[2412,3179],[-95,105]],[[2317,3284],[27,72],[54,28]],[[555,3523],[44,71]],[[717,3252],[-47,65],[59,55],[-60,42]],[[669,3414],[-42,-28],[-80,62],[8,75]],[[2122,2985],[79,61],[50,-38]],[[2219,2965],[6,-55],[-39,-50]],[[2120,2886],[-32,60],[34,39]],[[2790,2816],[86,-70]],[[3764,1127],[36,-29]],[[3800,1098],[-46,-63]],[[3728,1039],[-58,4],[-53,57]],[[3617,1100],[147,27]],[[3094,2694],[-22,68]],[[1620,3576],[-85,25],[-13,79]],[[2345,2883],[14,16]],[[3340,412],[-76,44]],[[3264,456],[49,45],[65,24]],[[3656,1618],[72,3]],[[3728,1621],[60,-48]],[[3769,1528],[-98,-16]],[[3663,1519],[-3,2]],[[616,3281],[68,-83]],[[4263,1709],[54,27],[41,-29]],[[4358,1707],[-51,-71]],[[2098,3124],[44,80]],[[2142,3204],[86,-65]],[[2228,3139],[91,-48]],[[2319,3091],[-68,-83]],[[2122,2985],[-53,51]],[[4180,1106],[-27,-16]],[[4153,1090],[-51,-39]],[[4033,1086],[104,54]],[[3503,1728],[28,-58]],[[3531,1670],[-50,19],[-10,80]],[[3471,1769],[-29,26]],[[3438,1798],[10,11]],[[2738,869],[-18,-11]],[[2720,858],[-98,46]],[[2622,904],[-27,32]],[[2595,936],[-23,89]],[[3907,1315],[37,-28]],[[3975,1265],[16,-32]],[[3952,1204],[-62,37],[-45,-30]],[[3845,1211],[-10,11]],[[4131,1235],[33,44]],[[4223,1212],[-65,1]],[[4157,1214],[-26,21]],[[3956,1143],[-111,68]],[[2567,1505],[-34,-45]],[[2533,1460],[-32,25]],[[3067,1000],[80,50],[39,50]],[[3271,1049],[39,-57]],[[3310,992],[-58,5],[-171,-26]],[[3072,982],[-5,18]],[[3093,623],[105,31],[24,-18]],[[3222,636],[-26,-67],[-33,-15]],[[3163,554],[-30,-60],[-54,-41]],[[2562,1461],[23,30]],[[2912,2410],[-62,-85]],[[2711,2331],[19,27]],[[4806,1630],[-49,-64],[61,-48],[-39,-35]],[[4630,1507],[-34,97]],[[4596,1604],[-17,62],[-55,75],[-52,-8]],[[4472,1733],[49,47],[67,23],[31,-25]],[[2864,427],[99,-29]],[[2973,343],[-37,32],[-43,-28]],[[2893,347],[-38,65]],[[3187,358],[60,119]],[[3247,477],[17,-21]],[[3402,1148],[6,-54]],[[3323,978],[-13,14]],[[3163,554],[44,-23]],[[3207,531],[40,-54]],[[4407,1045],[8,12]],[[4415,1057],[75,-56],[-3,-34]],[[4487,967],[-48,-61]],[[4384,950],[38,45],[-15,50]],[[2456,1382],[-121,21],[-6,48]],[[72,2733],[161,261]],[[233,2994],[118,-92]],[[351,2902],[-17,-83]],[[100,2717],[-28,16]],[[147,2614],[-70,-58],[-34,-2],[-43,59],[72,120]],[[3065,2257],[63,-15]],[[3128,2242],[47,-75]],[[2983,2128],[-5,4]],[[953,3621],[70,-12],[69,-40],[41,25],[76,-5],[56,-36],[160,-3]],[[1425,3550],[-140,-193]],[[1285,3357],[-85,-112]],[[1967,2679],[-104,71]],[[3535,1855],[57,74]],[[3663,1821],[-3,-83]],[[3660,1738],[-16,-51]],[[3579,1708],[-19,0]],[[3560,1708],[3,88]],[[3207,531],[91,106],[-38,33]],[[3260,670],[6,11]],[[3266,681],[70,-84],[129,-114]],[[2998,207],[25,22]],[[3041,232],[6,-77]],[[3013,156],[-27,40]],[[4303,760],[-26,-29]],[[4277,731],[-26,19]],[[4251,750],[21,63]],[[2552,1446],[-19,14]],[[3545,1729],[15,-21]],[[3560,1708],[-29,-38]],[[1142,4013],[71,49],[-19,52],[50,120],[54,3]],[[1360,4245],[14,-71]],[[1250,3778],[-138,98]],[[4272,878],[16,-9]],[[4251,750],[-21,15]],[[4230,765],[-11,36],[37,55]],[[2876,3305],[59,-48]],[[2935,3257],[-133,-173]],[[2688,3153],[-21,98],[22,9]],[[2424,1176],[-34,-50]],[[2390,1126],[-25,-11]],[[2365,1115],[-51,67]],[[2512,848],[105,27],[5,29]],[[2720,858],[-69,-36]],[[2567,748],[-55,100]],[[1771,2087],[-16,-110]],[[1745,1964],[-114,89]],[[1631,2053],[33,9]],[[2363,3477],[44,50],[73,0],[28,23]],[[2637,3323],[-103,-32]],[[2398,3384],[-35,93]],[[4295,2028],[-42,-56]],[[4324,996],[83,49]],[[4339,984],[-15,12]],[[2595,936],[-115,39]],[[2480,975],[34,53],[-7,45]],[[4392,2098],[63,-50]],[[1631,2053],[-29,24]],[[1529,2133],[-48,38],[78,65]],[[3222,636],[38,34]],[[4022,1502],[14,20]],[[4036,1522],[21,-17]],[[4066,1180],[28,15]],[[4094,1195],[38,-41]],[[2856,858],[-37,-29],[71,-70]],[[4033,1525],[3,-3]],[[4641,1156],[-13,-18]],[[4494,1136],[-18,45]],[[3125,2468],[50,41]],[[3211,2480],[108,-86]],[[3337,2379],[-109,-142]],[[3128,2242],[46,55]],[[537,2626],[94,2]],[[631,2628],[2,-8]],[[539,2563],[-2,63]],[[496,2828],[49,62]],[[510,2816],[-14,12]],[[3030,2687],[-2,-3]],[[633,2628],[-2,0]],[[537,2626],[-52,3]],[[485,2629],[30,59],[43,10]],[[2986,3028],[-20,-27]],[[2994,2931],[-84,70]],[[2910,3001],[54,44]],[[2315,2226],[-6,-7]],[[2113,1960],[-70,57]],[[2176,3865],[363,-289]],[[2363,3477],[-49,-63],[-84,0],[-47,-30],[1,-57],[-122,-46]],[[2062,3281],[-90,45],[-42,48],[-7,52],[-51,62]],[[3062,2522],[-15,74]],[[3047,2596],[45,-9]],[[2512,848],[-73,91]],[[2439,939],[41,36]],[[2653,1356],[-3,-6]],[[2613,1368],[12,21]],[[4410,1621],[21,66],[41,46]],[[4596,1604],[-143,-116]],[[4453,1488],[-65,52]],[[4307,1961],[15,46]],[[4230,765],[-38,31]],[[2975,2118],[-70,-93]],[[2905,2025],[-34,-46]],[[2953,1043],[54,-43],[-21,-30]],[[2942,938],[-25,57]],[[3226,1428],[-49,-71]],[[3099,1338],[-15,59],[-47,-12]],[[3037,1385],[-20,42]],[[2000,1807],[42,57],[43,-30],[84,82]],[[2235,1866],[-73,-91]],[[2162,1775],[-40,-40],[-64,9]],[[1285,3357],[36,-66],[100,-81],[73,-89]],[[1187,2988],[-103,84],[30,44]],[[4233,2223],[63,-50]],[[4081,1303],[50,-68]],[[4150,1208],[-69,48],[-99,33]],[[2188,1243],[121,3]],[[2050,1741],[-65,-51]],[[3069,1956],[-50,60],[-64,-23],[-50,32]],[[4014,1836],[22,-17]],[[4048,1809],[-135,-175]],[[3913,1634],[-56,121]],[[3923,1610],[-10,24]],[[3995,2143],[-83,67],[-20,70]],[[3892,2280],[41,35]],[[3575,2652],[51,64]],[[3626,2716],[140,-112]],[[3576,2475],[62,86],[-45,18],[-18,73]],[[3353,2367],[48,-39]],[[3463,2843],[106,-82]],[[3569,2761],[-46,-60]],[[2875,2928],[52,-28],[67,31]],[[2947,1636],[46,61],[-14,49]],[[2480,975],[-121,30]],[[1475,2093],[-20,34],[-96,89]],[[1425,3550],[50,67]],[[1638,3324],[22,-2]],[[1660,3322],[-61,-74]],[[1653,2612],[55,-55]],[[4907,1693],[60,-46]],[[2467,1159],[-77,-33]],[[4240,1061],[47,-37]],[[4287,1024],[-55,-57]],[[4232,967],[-31,2]],[[4201,969],[-48,121]],[[3605,1100],[12,0]],[[3777,966],[-18,-23],[-173,131]],[[1798,1402],[-1,-59],[45,-12],[143,40],[56,-37]],[[1735,1241],[-56,43],[-1,91],[50,29]],[[1980,2593],[47,39]],[[2011,2350],[93,141],[-124,102]],[[2273,1031],[-109,-55]],[[2164,976],[-45,75]],[[3044,1328],[-7,57]],[[4492,1456],[-39,32]],[[4463,1062],[-37,9]],[[4426,1071],[-14,5]],[[3386,1942],[27,35],[106,-95]],[[669,3414],[-87,-94]],[[503,3435],[52,88]],[[4545,1043],[-58,-76]],[[4415,1057],[11,14]],[[3569,2761],[57,-45]],[[3575,2652],[-84,-108]],[[2275,1835],[94,-74]],[[2302,1673],[-46,35],[-28,-36]],[[2228,1672],[-66,103]],[[2935,3257],[116,-93]],[[233,2994],[123,203]],[[408,3035],[-45,-77],[-12,-56]],[[2675,1694],[30,-8]],[[1067,2479],[-97,-16],[-67,-44]],[[801,2338],[-36,109]],[[3588,1581],[-42,32]],[[3427,1709],[44,60]],[[2734,1263],[-3,1]],[[2731,1264],[-126,49]],[[2922,304],[-29,43]],[[938,4144],[262,432]],[[4287,1024],[37,-28]],[[4248,895],[-16,72]],[[398,2635],[87,-6]],[[504,2520],[-114,54]],[[3007,768],[94,51],[64,-12]],[[3165,807],[32,-48]],[[3197,759],[69,-78]],[[2812,974],[13,17]],[[2887,954],[32,-21]],[[2926,906],[-34,0]],[[3062,946],[103,-139]],[[4408,746],[-63,-68],[-68,53]],[[3748,1648],[49,64]],[[3797,1712],[54,-45]],[[3728,1621],[20,27]],[[1660,3322],[44,-27],[-3,-90],[49,13],[22,-54]],[[3944,2039],[98,37]],[[4097,1905],[-136,108],[-17,26]],[[4487,2023],[70,-55]],[[4557,1968],[-81,-79]],[[2668,1228],[63,36]],[[2439,939],[-192,-112],[-83,149]],[[2953,1043],[31,43]],[[3060,1051],[7,-51]],[[1229,2044],[-25,-33]],[[2319,3091],[74,-59]],[[2319,3091],[93,88]],[[4201,969],[14,-71]],[[4139,949],[-24,13]],[[3797,1712],[23,76]],[[3841,2541],[282,-229]],[[3892,2280],[-42,-22]],[[1405,1803],[-51,-18],[-59,-110],[-42,24],[-14,177]],[[2807,3361],[43,-34]],[[4095,1506],[-36,61]],[[3800,1098],[49,-38]],[[3849,1060],[-34,-44]],[[1980,2593],[-51,25],[-53,-5],[-6,-64],[-68,-89]],[[1798,2600],[-23,70],[88,80]],[[2062,3281],[80,-77]],[[2260,1386],[80,4],[71,-19],[110,-51]],[[2339,1357],[-52,-64]],[[2137,1638],[91,34]],[[2642,3492],[70,-55]],[[3287,869],[-90,-110]],[[2317,3284],[-53,-64],[-36,-81]],[[2581,1305],[5,15]],[[4359,1807],[-1,-100]],[[3721,1229],[100,-24]],[[3821,1205],[-57,-78]],[[3047,2596],[-4,17]],[[4557,1968],[153,-119]],[[4646,1808],[-65,0]],[[3413,198],[-77,-48]],[[1009,2287],[-34,-2]],[[3080,50],[-19,34]],[[4095,872],[-26,20]],[[742,2542],[-41,28],[-41,-19]],[[3975,1265],[119,-70]],[[496,2828],[-64,-5]],[[3835,1222],[-14,-17]],[[3944,2039],[-15,-5]],[[3884,1032],[-35,28]],[[3337,1298],[87,34],[72,-58],[73,48]],[[3748,1648],[-88,90]]],"transform":{"scale":[0.00013498869944488388,0.00010158547655068086],"translate":[-75.69594899999998,39.976959]},"objects":{"Geometry\\42-091":{"type":"GeometryCollection","geometries":[{"arcs":[[0,1,2,3]],"type":"Polygon","properties":{"GEOID":"420912086031"}},{"arcs":[[4,5,6,7]],"type":"Polygon","properties":{"GEOID":"420912007083"}},{"arcs":[[8,9,10,11,12,13]],"type":"Polygon","properties":{"GEOID":"420912055012"}},{"arcs":[[14,15,16,17,18,19,20]],"type":"Polygon","properties":{"GEOID":"420912091001"}},{"arcs":[[21,22,23,24,25,26,27]],"type":"Polygon","properties":{"GEOID":"420912005072"}},{"arcs":[[28,29,30,31,32]],"type":"Polygon","properties":{"GEOID":"420912055022"}},{"arcs":[[33,34,35,36]],"type":"Polygon","properties":{"GEOID":"420912010041"}},{"arcs":[[37,38,39,40,41,42]],"type":"Polygon","properties":{"GEOID":"420912005051"}},{"arcs":[[43,44,45,46,47]],"type":"Polygon","properties":{"GEOID":"420912088011"}},{"arcs":[[48,49,50,51,52]],"type":"Polygon","properties":{"GEOID":"420912086036"}},{"arcs":[[53,54,55,56]],"type":"Polygon","properties":{"GEOID":"420912039014"}},{"arcs":[[57,58,59,60,61,62,63,64,65]],"type":"Polygon","properties":{"GEOID":"420912037011"}},{"arcs":[[66,67,68,69]],"type":"Polygon","properties":{"GEOID":"420912049001"}},{"arcs":[[70,71,72,73]],"type":"Polygon","properties":{"GEOID":"420912003014"}},{"arcs":[[74,75,76,77,78,79]],"type":"Polygon","properties":{"GEOID":"420912004013"}},{"arcs":[[80,81,82,83,84,85,86]],"type":"Polygon","properties":{"GEOID":"420912024023"}},{"arcs":[[87,88,89,90,91,92]],"type":"Polygon","properties":{"GEOID":"420912072023"}},{"arcs":[[93,94,95,96,97]],"type":"Polygon","properties":{"GEOID":"420912032031"}},{"arcs":[[98,99,100,101,102]],"type":"Polygon","properties":{"GEOID":"420912016032"}},{"arcs":[[103,104]],"type":"Polygon","properties":{"GEOID":"420912020001"}},{"arcs":[[105,106,107,108,-31,109,-11]],"type":"Polygon","properties":{"GEOID":"420912055021"}},{"arcs":[[110,111,112,113,114]],"type":"Polygon","properties":{"GEOID":"420912060064"}},{"arcs":[[115,116,117,118,119]],"type":"Polygon","properties":{"GEOID":"420912016061"}},{"arcs":[[120,121]],"type":"Polygon","properties":{"GEOID":"420912058092"}},{"arcs":[[122,123,124,125,126,127]],"type":"Polygon","properties":{"GEOID":"420912010062"}},{"arcs":[[128,129,130,131,132,-25]],"type":"Polygon","properties":{"GEOID":"420912003016"}},{"arcs":[[133,134,135,136]],"type":"Polygon","properties":{"GEOID":"420912060061"}},{"arcs":[[137,138,139,140,141]],"type":"Polygon","properties":{"GEOID":"420912001052"}},{"arcs":[[142,143,144,145,146]],"type":"Polygon","properties":{"GEOID":"420912003062"}},{"arcs":[[147,148,149,150]],"type":"Polygon","properties":{"GEOID":"420912089061"}},{"arcs":[[151,152,153,-67,154]],"type":"Polygon","properties":{"GEOID":"420912049002"}},{"arcs":[[155,156,157,158,159]],"type":"Polygon","properties":{"GEOID":"420912009011"}},{"arcs":[[160,161,-77,162]],"type":"Polygon","properties":{"GEOID":"420912004021"}},{"arcs":[[163,164,165,166]],"type":"Polygon","properties":{"GEOID":"420912061083"}},{"arcs":[[167,168,169,170]],"type":"Polygon","properties":{"GEOID":"420912016041"}},{"arcs":[[171,172,173,174]],"type":"Polygon","properties":{"GEOID":"420912072021"}},{"arcs":[[-92,175,176,177]],"type":"Polygon","properties":{"GEOID":"420912072013"}},{"arcs":[[178,179,180,181]],"type":"Polygon","properties":{"GEOID":"420912036013"}},{"arcs":[[182,183,-53,184,185,-2]],"type":"Polygon","properties":{"GEOID":"420912086035"}},{"arcs":[[186,187,188,189,-94,190,191,192]],"type":"Polygon","properties":{"GEOID":"420912068012"}},{"arcs":[[193,194,195]],"type":"Polygon","properties":{"GEOID":"420912106003"}},{"arcs":[[-34,196,197,198,199,-124,200]],"type":"Polygon","properties":{"GEOID":"420912010032"}},{"arcs":[[201,202,203]],"type":"Polygon","properties":{"GEOID":"420912055032"}},{"arcs":[[204,205,206,207,208,209,210]],"type":"Polygon","properties":{"GEOID":"420912046002"}},{"arcs":[[211,212,213,214,215,216]],"type":"Polygon","properties":{"GEOID":"420912026031"}},{"arcs":[[217,218,219,220,221,222,-113]],"type":"Polygon","properties":{"GEOID":"420912034021"}},{"arcs":[[223,224,225,226,227]],"type":"Polygon","properties":{"GEOID":"420912056001"}},{"arcs":[[228,229,230,231]],"type":"Polygon","properties":{"GEOID":"420912058053"}},{"arcs":[[232,233,234,235]],"type":"Polygon","properties":{"GEOID":"420912080002"}},{"arcs":[[236,-79,237,-143,238]],"type":"Polygon","properties":{"GEOID":"420912004012"}},{"arcs":[[239,240,241]],"type":"Polygon","properties":{"GEOID":"420912060042"}},{"arcs":[[242,243,244,245]],"type":"Polygon","properties":{"GEOID":"420912024012"}},{"arcs":[[246,247,248,249]],"type":"Polygon","properties":{"GEOID":"420912103002"}},{"arcs":[[250,251,252,253,254,255,256]],"type":"Polygon","properties":{"GEOID":"420912064002"}},{"arcs":[[257,258,259,-89,260]],"type":"Polygon","properties":{"GEOID":"420912073003"}},{"arcs":[[261,262,263,264,265]],"type":"Polygon","properties":{"GEOID":"420912089053"}},{"arcs":[[266,267,268,269]],"type":"Polygon","properties":{"GEOID":"420912059061"}},{"arcs":[[270,271,272,273]],"type":"Polygon","properties":{"GEOID":"420912014045"}},{"arcs":[[274,275,276,277]],"type":"Polygon","properties":{"GEOID":"420912006025"}},{"arcs":[[278,279,280,281,282,283]],"type":"Polygon","properties":{"GEOID":"420912014113"}},{"arcs":[[284,285,286,-188,287]],"type":"Polygon","properties":{"GEOID":"420912068015"}},{"arcs":[[288,289,-59,290,291]],"type":"Polygon","properties":{"GEOID":"420919800001"}},{"arcs":[[292,293,294,295,296,297]],"type":"Polygon","properties":{"GEOID":"420912070014"}},{"arcs":[[298,299,300,301,-208]],"type":"Polygon","properties":{"GEOID":"420912044003"}},{"arcs":[[302,303,304,305,306]],"type":"Polygon","properties":{"GEOID":"420912090005"}},{"arcs":[[307,308,309,310,311,312,313]],"type":"Polygon","properties":{"GEOID":"420912058072"}},{"arcs":[[314,315,-111,316,317]],"type":"Polygon","properties":{"GEOID":"420912060071"}},{"arcs":[[-294,318,319,320,321]],"type":"Polygon","properties":{"GEOID":"420912070016"}},{"arcs":[[322,323,-129,-24]],"type":"Polygon","properties":{"GEOID":"420912005076"}},{"arcs":[[324,325,326,327,328,329]],"type":"Polygon","properties":{"GEOID":"420912009082"}},{"arcs":[[330,331,332,333,334,335]],"type":"Polygon","properties":{"GEOID":"420912031033"}},{"arcs":[[336,337,338,339,340,341]],"type":"Polygon","properties":{"GEOID":"420912040092"}},{"arcs":[[342,343,344]],"type":"Polygon","properties":{"GEOID":"420912083031"}},{"arcs":[[345,346,-239,-147,347,348,-131,349]],"type":"Polygon","properties":{"GEOID":"420912003017"}},{"arcs":[[350,351,352,353,354,355]],"type":"Polygon","properties":{"GEOID":"420919802001"}},{"arcs":[[-42,356,357,358,359]],"type":"Polygon","properties":{"GEOID":"420912012032"}},{"arcs":[[-158,360,361,362,363,364]],"type":"Polygon","properties":{"GEOID":"420912006022"}},{"arcs":[[365,366,367,368]],"type":"Polygon","properties":{"GEOID":"420912034012"}},{"arcs":[[369,370,371,372,373,374]],"type":"Polygon","properties":{"GEOID":"420912054022"}},{"arcs":[[375,376,-345,377]],"type":"Polygon","properties":{"GEOID":"420912083041"}},{"arcs":[[378,379,380,-224,381]],"type":"Polygon","properties":{"GEOID":"420912056003"}},{"arcs":[[382,383,384,385,386,387,388,389]],"type":"Polygon","properties":{"GEOID":"420912021002"}},{"arcs":[[-61,390,391,392,393]],"type":"Polygon","properties":{"GEOID":"420912036023"}},{"arcs":[[394,395,396,397,398,-254]],"type":"Polygon","properties":{"GEOID":"420912063001"}},{"arcs":[[399,400,401,-16,402]],"type":"Polygon","properties":{"GEOID":"420912082042"}},{"arcs":[[403,-128,404,-286,405]],"type":"Polygon","properties":{"GEOID":"420912010052"}},{"arcs":[[406,407,408,409]],"type":"Polygon","properties":{"GEOID":"420912079003"}},{"arcs":[[410,411,412]],"type":"Polygon","properties":{"GEOID":"420912092022"}},{"arcs":[[413,414,415,416]],"type":"Polygon","properties":{"GEOID":"420912069042"}},{"arcs":[[417,418,419]],"type":"Polygon","properties":{"GEOID":"420912019011"}},{"arcs":[[420,421,422,423,-272,424]],"type":"Polygon","properties":{"GEOID":"420912014091"}},{"arcs":[[-169,425,-116,426]],"type":"Polygon","properties":{"GEOID":"420912016042"}},{"arcs":[[427,428,429,430]],"type":"Polygon","properties":{"GEOID":"420912017032"}},{"arcs":[[431,-373,-9,432]],"type":"Polygon","properties":{"GEOID":"420912055011"}},{"arcs":[[433,434,435]],"type":"Polygon","properties":{"GEOID":"420912076002"}},{"arcs":[[436,437,438,439,440,441,-122,442,443]],"type":"Polygon","properties":{"GEOID":"420912058093"}},{"arcs":[[444,445,446,447,-333]],"type":"Polygon","properties":{"GEOID":"420912031043"}},{"arcs":[[448,449,450,451,452]],"type":"Polygon","properties":{"GEOID":"420912022011"}},{"arcs":[[-394,453,-179,-62]],"type":"Polygon","properties":{"GEOID":"420912036024"}},{"arcs":[[454,455,456,457,458]],"type":"Polygon","properties":{"GEOID":"420912003081"}},{"arcs":[[-430,459,460,461,462,463]],"type":"Polygon","properties":{"GEOID":"420912017041"}},{"arcs":[[464,-303,465,-411,466]],"type":"Polygon","properties":{"GEOID":"420912092021"}},{"arcs":[[467,468,469,470]],"type":"Polygon","properties":{"GEOID":"420912086043"}},{"arcs":[[471,472,-330,473,474,475,476,477,478]],"type":"Polygon","properties":{"GEOID":"420912069011"}},{"arcs":[[-63,-182,479]],"type":"Polygon","properties":{"GEOID":"420912036014"}},{"arcs":[[480,481,482,483,484]],"type":"Polygon","properties":{"GEOID":"420912062022"}},{"arcs":[[485,486,487,488,489]],"type":"Polygon","properties":{"GEOID":"420912032071"}},{"arcs":[[490,491,492,493]],"type":"Polygon","properties":{"GEOID":"420912038012"}},{"arcs":[[494,-459,495,496,497,498,499]],"type":"Polygon","properties":{"GEOID":"420912014061"}},{"arcs":[[500,501,502,503,504]],"type":"Polygon","properties":{"GEOID":"420912015013"}},{"arcs":[[505,506,507]],"type":"Polygon","properties":{"GEOID":"420912041012"}},{"arcs":[[-454,-393,508,509,-180]],"type":"Polygon","properties":{"GEOID":"420912036022"}},{"arcs":[[-181,-510,510,511,512]],"type":"Polygon","properties":{"GEOID":"420912036012"}},{"arcs":[[513,514,515,516]],"type":"Polygon","properties":{"GEOID":"420912051001"}},{"arcs":[[517,518,519,520,521]],"type":"Polygon","properties":{"GEOID":"420912082011"}},{"arcs":[[522,523,524,525,526,527,-100,528]],"type":"Polygon","properties":{"GEOID":"420912003083"}},{"arcs":[[529,-249,530,531,532,533]],"type":"Polygon","properties":{"GEOID":"420912104004"}},{"arcs":[[534,535,536]],"type":"Polygon","properties":{"GEOID":"420912069062"}},{"arcs":[[-533,537,538]],"type":"Polygon","properties":{"GEOID":"420912104003"}},{"arcs":[[539,-101,-528,540,541,542,-118]],"type":"Polygon","properties":{"GEOID":"420912016071"}},{"arcs":[[543,-340,544,-331,545]],"type":"Polygon","properties":{"GEOID":"420912040071"}},{"arcs":[[546,547,548,549,550,551]],"type":"Polygon","properties":{"GEOID":"420912068021"}},{"arcs":[[552,553,-81,554]],"type":"Polygon","properties":{"GEOID":"420912024025"}},{"arcs":[[555,556,557,558,559,560]],"type":"Polygon","properties":{"GEOID":"420912044001"}},{"arcs":[[561,562,563,564]],"type":"Polygon","properties":{"GEOID":"420912013021"}},{"arcs":[[565,566,-408,567]],"type":"Polygon","properties":{"GEOID":"420912079001"}},{"arcs":[[568,569,570]],"type":"Polygon","properties":{"GEOID":"420912066001"}},{"arcs":[[571,572,573,574]],"type":"Polygon","properties":{"GEOID":"420912039021"}},{"arcs":[[575,576,-395,-253,577]],"type":"Polygon","properties":{"GEOID":"420912065011"}},{"arcs":[[578,579,-198,580]],"type":"Polygon","properties":{"GEOID":"420912009031"}},{"arcs":[[581,582,583,584,-526]],"type":"Polygon","properties":{"GEOID":"420912003093"}},{"arcs":[[-269,585,586]],"type":"Polygon","properties":{"GEOID":"420912042002"}},{"arcs":[[587,-114,588,-134,589]],"type":"Polygon","properties":{"GEOID":"420912060062"}},{"arcs":[[590,-299,-207]],"type":"Polygon","properties":{"GEOID":"420912044004"}},{"arcs":[[591,592,-236,593]],"type":"Polygon","properties":{"GEOID":"420912081002"}},{"arcs":[[594,595,596,-346,597]],"type":"Polygon","properties":{"GEOID":"420912003012"}},{"arcs":[[-423,598,599,600]],"type":"Polygon","properties":{"GEOID":"420912014081"}},{"arcs":[[601,602,-421,603,604]],"type":"Polygon","properties":{"GEOID":"420912005061"}},{"arcs":[[605,606,607,-605,-357,-41]],"type":"Polygon","properties":{"GEOID":"420912005053"}},{"arcs":[[608,609,610,611,612,613]],"type":"Polygon","properties":{"GEOID":"420912007031"}},{"arcs":[[614,615,616,617,618,-611]],"type":"Polygon","properties":{"GEOID":"420912006032"}},{"arcs":[[619,620,-275,621]],"type":"Polygon","properties":{"GEOID":"420912006024"}},{"arcs":[[622,623,624,625,-5]],"type":"Polygon","properties":{"GEOID":"420912007082"}},{"arcs":[[-214,626,627,628,629,-243,630,631,632]],"type":"Polygon","properties":{"GEOID":"420912025002"}},{"arcs":[[633,634,635,636,637]],"type":"Polygon","properties":{"GEOID":"420912089011"}},{"arcs":[[638,639,640,641,642,643]],"type":"Polygon","properties":{"GEOID":"420912086011"}},{"arcs":[[644,645,646,647]],"type":"Polygon","properties":{"GEOID":"420912005071"}},{"arcs":[[648,-150,649,-45,650]],"type":"Polygon","properties":{"GEOID":"420912089041"}},{"arcs":[[651,652,653]],"type":"Polygon","properties":{"GEOID":"420912070042"}},{"arcs":[[654,-546,-336,655,656,657]],"type":"Polygon","properties":{"GEOID":"420912040072"}},{"arcs":[[658,659,660,661,-418,662,663]],"type":"Polygon","properties":{"GEOID":"420912019013"}},{"arcs":[[664,665,666,667]],"type":"Polygon","properties":{"GEOID":"420912038041"}},{"arcs":[[668,669,670,-445,-332,-545]],"type":"Polygon","properties":{"GEOID":"420912031031"}},{"arcs":[[671,672,673,-391,674]],"type":"Polygon","properties":{"GEOID":"420912033041"}},{"arcs":[[675,676,677,678,679,680,-248,681]],"type":"Polygon","properties":{"GEOID":"420912101002"}},{"arcs":[[682,683,684,-559]],"type":"Polygon","properties":{"GEOID":"420912043001"}},{"arcs":[[685,-132,-349,-455,686]],"type":"Polygon","properties":{"GEOID":"420912003013"}},{"arcs":[[687,688,689,690,691,692,693]],"type":"Polygon","properties":{"GEOID":"420912087022"}},{"arcs":[[694,695,-288,696,697]],"type":"Polygon","properties":{"GEOID":"420912068014"}},{"arcs":[[698,699,700,-266,701,-635]],"type":"Polygon","properties":{"GEOID":"420912089012"}},{"arcs":[[702,-663,703,704,-387]],"type":"Polygon","properties":{"GEOID":"420912019023"}},{"arcs":[[-369,705,706,707]],"type":"Polygon","properties":{"GEOID":"420912034013"}},{"arcs":[[708,709,710,-514,711]],"type":"Polygon","properties":{"GEOID":"420912051002"}},{"arcs":[[-630,712,713,-244]],"type":"Polygon","properties":{"GEOID":"420912024011"}},{"arcs":[[-97,714,715,716,717,718]],"type":"Polygon","properties":{"GEOID":"420912033031"}},{"arcs":[[719,720,-583,721]],"type":"Polygon","properties":{"GEOID":"420912003092"}},{"arcs":[[722,-121,-442,-229,723,724]],"type":"Polygon","properties":{"GEOID":"420912058091"}},{"arcs":[[725,726,-490,727,728,729,730,731]],"type":"Polygon","properties":{"GEOID":"420912032043"}},{"arcs":[[732,-478,733,734,-535,735,-416]],"type":"Polygon","properties":{"GEOID":"420912069013"}},{"arcs":[[736,737,738,739]],"type":"Polygon","properties":{"GEOID":"420912032082"}},{"arcs":[[740,741,-598,-350,742,743]],"type":"Polygon","properties":{"GEOID":"420912005022"}},{"arcs":[[-725,744,745,746]],"type":"Polygon","properties":{"GEOID":"420912058084"}},{"arcs":[[747,748,749,-571,750,-640,751,752]],"type":"Polygon","properties":{"GEOID":"420912085003"}},{"arcs":[[753,754,755,756]],"type":"Polygon","properties":{"GEOID":"420912043004"}},{"arcs":[[757,758,759,760,-396,-577]],"type":"Polygon","properties":{"GEOID":"420912067042"}},{"arcs":[[761,762,763,764,765,-676,766,767,768]],"type":"Polygon","properties":{"GEOID":"420912030002"}},{"arcs":[[-458,769,-103,770,-496]],"type":"Polygon","properties":{"GEOID":"420912016031"}},{"arcs":[[771,-138,772]],"type":"Polygon","properties":{"GEOID":"420912001053"}},{"arcs":[[773,774,-251,775]],"type":"Polygon","properties":{"GEOID":"420912061053"}},{"arcs":[[776,777,778,779,-739]],"type":"Polygon","properties":{"GEOID":"420912032081"}},{"arcs":[[780,781,782,-741,783,784]],"type":"Polygon","properties":{"GEOID":"420912005024"}},{"arcs":[[785,786,787]],"type":"Polygon","properties":{"GEOID":"420912047023"}},{"arcs":[[788,-255,-399,789,790]],"type":"Polygon","properties":{"GEOID":"420912063003"}},{"arcs":[[-671,791,792,-446]],"type":"Polygon","properties":{"GEOID":"420912031041"}},{"arcs":[[-476,793,794,795,796]],"type":"Polygon","properties":{"GEOID":"420912009073"}},{"arcs":[[-177,797,798,799]],"type":"Polygon","properties":{"GEOID":"420912072012"}},{"arcs":[[800,801,802,-449,803]],"type":"Polygon","properties":{"GEOID":"420912022014"}},{"arcs":[[804,805,806,-250,-530,807,808,809]],"type":"Polygon","properties":{"GEOID":"420912103003"}},{"arcs":[[810,811,-291,-58,-366,-708,812,813,-220]],"type":"Polygon","properties":{"GEOID":"420912034011"}},{"arcs":[[814,-470,815,816,817,818,819,820,821,822,-51]],"type":"Polygon","properties":{"GEOID":"420912086044"}},{"arcs":[[-560,-685,823,-754,824]],"type":"Polygon","properties":{"GEOID":"420912043003"}},{"arcs":[[-154,825,826,827,-68]],"type":"Polygon","properties":{"GEOID":"420912049003"}},{"arcs":[[-477,-797,828,-734]],"type":"Polygon","properties":{"GEOID":"420912069012"}},{"arcs":[[829,-632,830]],"type":"Polygon","properties":{"GEOID":"420912025001"}},{"arcs":[[831,-618,832,833,834]],"type":"Polygon","properties":{"GEOID":"420912006062"}},{"arcs":[[835,-729,836,837,-95,-190]],"type":"Polygon","properties":{"GEOID":"420912032041"}},{"arcs":[[-312,838,839,840,841]],"type":"Polygon","properties":{"GEOID":"420912059053"}},{"arcs":[[842,-176,-91,843]],"type":"Polygon","properties":{"GEOID":"420912072024"}},{"arcs":[[844,845,846,847,848]],"type":"Polygon","properties":{"GEOID":"420912014044"}},{"arcs":[[849,-615,-610,850]],"type":"Polygon","properties":{"GEOID":"420912007033"}},{"arcs":[[851,-743,-130,-324,852,853]],"type":"Polygon","properties":{"GEOID":"420912005075"}},{"arcs":[[854,855,-410,856,857,858,859,860,861]],"type":"Polygon","properties":{"GEOID":"420912078004"}},{"arcs":[[862,863,864,865]],"type":"Polygon","properties":{"GEOID":"420912087043"}},{"arcs":[[866,867,868,869,870]],"type":"Polygon","properties":{"GEOID":"420912013011"}},{"arcs":[[871,872,873,874,875,876]],"type":"Polygon","properties":{"GEOID":"420912031062"}},{"arcs":[[877,-192,878,879]],"type":"Polygon","properties":{"GEOID":"420912033021"}},{"arcs":[[880,881,-170,-427,882,883]],"type":"Polygon","properties":{"GEOID":"420912016052"}},{"arcs":[[-221,-814,884,885]],"type":"Polygon","properties":{"GEOID":"420912034033"}},{"arcs":[[-328,886,887,888]],"type":"Polygon","properties":{"GEOID":"420912009081"}},{"arcs":[[889,890,891,-486,892]],"type":"Polygon","properties":{"GEOID":"420912012012"}},{"arcs":[[-643,893,-774,-468,894]],"type":"Polygon","properties":{"GEOID":"420912086013"}},{"arcs":[[895,896,897,-606,-40]],"type":"Polygon","properties":{"GEOID":"420912005052"}},{"arcs":[[898,899,-573,900,901]],"type":"Polygon","properties":{"GEOID":"420912035001"}},{"arcs":[[902,-480,-513,-57,903,904]],"type":"Polygon","properties":{"GEOID":"420912039013"}},{"arcs":[[905,906,907,908,909]],"type":"Polygon","properties":{"GEOID":"420912058112"}},{"arcs":[[910,911,912,913,-505,914,-660,915]],"type":"Polygon","properties":{"GEOID":"420912015022"}},{"arcs":[[-622,-278,916,917,918,919,920]],"type":"Polygon","properties":{"GEOID":"420912006026"}},{"arcs":[[921,922,923,924,925]],"type":"Polygon","properties":{"GEOID":"420912058103"}},{"arcs":[[-504,926,927,-661,-915]],"type":"Polygon","properties":{"GEOID":"420912015021"}},{"arcs":[[928,929,930,931]],"type":"Polygon","properties":{"GEOID":"420912040101"}},{"arcs":[[932,933,934,935,-268,936]],"type":"Polygon","properties":{"GEOID":"420912059063"}},{"arcs":[[937,938,939,940]],"type":"Polygon","properties":{"GEOID":"420912017063"}},{"arcs":[[941,942,943,944,-934,945]],"type":"Polygon","properties":{"GEOID":"420912040021"}},{"arcs":[[946,947,-680,948]],"type":"Polygon","properties":{"GEOID":"420912102002"}},{"arcs":[[949,950,951,-200]],"type":"Polygon","properties":{"GEOID":"420912011001"}},{"arcs":[[952,953,-308,954,955,956]],"type":"Polygon","properties":{"GEOID":"420919803004"}},{"arcs":[[-508,957,958,959]],"type":"Polygon","properties":{"GEOID":"420912041041"}},{"arcs":[[960,-304,-465,961]],"type":"Polygon","properties":{"GEOID":"420912090003"}},{"arcs":[[962,-590,-137,963]],"type":"Polygon","properties":{"GEOID":"420912060063"}},{"arcs":[[964,-853,-323,-23]],"type":"Polygon","properties":{"GEOID":"420912005077"}},{"arcs":[[965,966,-950,-199,-580]],"type":"Polygon","properties":{"GEOID":"420912010031"}},{"arcs":[[967,968,-71,969]],"type":"Polygon","properties":{"GEOID":"420912005012"}},{"arcs":[[970,971,-38,972,973]],"type":"Polygon","properties":{"GEOID":"420912006053"}},{"arcs":[[-823,974,975,976,977,978]],"type":"Polygon","properties":{"GEOID":"420912086041"}},{"arcs":[[-967,979,980,-951]],"type":"Polygon","properties":{"GEOID":"420912011003"}},{"arcs":[[981,982,-694,983,-148,-264]],"type":"Polygon","properties":{"GEOID":"420912089052"}},{"arcs":[[-440,984,985,986,987]],"type":"Polygon","properties":{"GEOID":"420912057001"}},{"arcs":[[-55,988,-901,-572,989,990]],"type":"Polygon","properties":{"GEOID":"420912035004"}},{"arcs":[[-364,991,992,993,994,995]],"type":"Polygon","properties":{"GEOID":"420912009061"}},{"arcs":[[-321,996,997,998,999,1000,-695,1001,1002]],"type":"Polygon","properties":{"GEOID":"420912069051"}},{"arcs":[[1003,1004,1005,1006]],"type":"Polygon","properties":{"GEOID":"420912105002"}},{"arcs":[[1007,-999]],"type":"Polygon","properties":{"GEOID":"420912069052"}},{"arcs":[[-977,1008,1009,-485,1010]],"type":"Polygon","properties":{"GEOID":"420912062021"}},{"arcs":[[-329,-889,1011,1012,-474]],"type":"Polygon","properties":{"GEOID":"420912009071"}},{"arcs":[[1013,1014,1015,1016,-899]],"type":"Polygon","properties":{"GEOID":"420912035003"}},{"arcs":[[1017,1018,1019,1020,1021,-325,-473]],"type":"Polygon","properties":{"GEOID":"420912007042"}},{"arcs":[[-26,-133,-686,1022]],"type":"Polygon","properties":{"GEOID":"420912003011"}},{"arcs":[[1023,-344,1024,1025,1026,1027,1028]],"type":"Polygon","properties":{"GEOID":"420912087032"}},{"arcs":[[1029,1030,1031,1032,-320,1033]],"type":"Polygon","properties":{"GEOID":"420912070015"}},{"arcs":[[1034,1035,1036,1037,1038]],"type":"Polygon","properties":{"GEOID":"420912061042"}},{"arcs":[[1039,1040,1041,1042]],"type":"Polygon","properties":{"GEOID":"420912061071"}},{"arcs":[[1043,1044,1045,-623,-8,1046,-1032,1047]],"type":"Polygon","properties":{"GEOID":"420912071013"}},{"arcs":[[-787,1048,1049,-556,1050,-206,1051]],"type":"Polygon","properties":{"GEOID":"420912047021"}},{"arcs":[[1052,1053,1054,-487,-892]],"type":"Polygon","properties":{"GEOID":"420912012041"}},{"arcs":[[-722,-582,-525,1055]],"type":"Polygon","properties":{"GEOID":"420912003091"}},{"arcs":[[1056,-428,1057,1058,1059,1060,1061]],"type":"Polygon","properties":{"GEOID":"420912014072"}},{"arcs":[[1062,-955,-314,1063]],"type":"Polygon","properties":{"GEOID":"420919803002"}},{"arcs":[[1064,-683,-558]],"type":"Polygon","properties":{"GEOID":"420912043002"}},{"arcs":[[-767,-682,-247,-807]],"type":"Polygon","properties":{"GEOID":"420912103001"}},{"arcs":[[1065,1066,1067,1068,1069,1070]],"type":"Polygon","properties":{"GEOID":"420912075002"}},{"arcs":[[1071,-1002,-698,1072,1073,1074,1075]],"type":"Polygon","properties":{"GEOID":"420912067044"}},{"arcs":[[1076,1077,1078,1079,1080,-376,-18]],"type":"Polygon","properties":{"GEOID":"420912083042"}},{"arcs":[[-174,1081,-799]],"type":"Polygon","properties":{"GEOID":"420912072011"}},{"arcs":[[1082,1083,1084]],"type":"Polygon","properties":{"GEOID":"420912001041"}},{"arcs":[[1085,-818,1086,1087,1088,-483]],"type":"Polygon","properties":{"GEOID":"420912061062"}},{"arcs":[[1089,-450,-803]],"type":"Polygon","properties":{"GEOID":"420912022012"}},{"arcs":[[1090,1091,1092,1093]],"type":"Polygon","properties":{"GEOID":"420912055014"}},{"arcs":[[-1047,-7,1094,-414,1095,-997,-1033]],"type":"Polygon","properties":{"GEOID":"420912069043"}},{"arcs":[[-1013,1096,-794,-475]],"type":"Polygon","properties":{"GEOID":"420912009072"}},{"arcs":[[1097,-784,-744,-852,1098,-647]],"type":"Polygon","properties":{"GEOID":"420912005023"}},{"arcs":[[-141,1099,1100,-502]],"type":"Polygon","properties":{"GEOID":"420912015011"}},{"arcs":[[1101,1102,-621,-834]],"type":"Polygon","properties":{"GEOID":"420912006061"}},{"arcs":[[-69,-828,1103,1104,-712,-517,1105]],"type":"Polygon","properties":{"GEOID":"420912050001"}},{"arcs":[[-457,1106,1107,-529,-99,-770]],"type":"Polygon","properties":{"GEOID":"420912003082"}},{"arcs":[[1108,-210,1109,-380,1110]],"type":"Polygon","properties":{"GEOID":"420912056002"}},{"arcs":[[-335,1111,1112,-656]],"type":"Polygon","properties":{"GEOID":"420912031054"}},{"arcs":[[-374,-432,1113,-1094,1114,1115]],"type":"Polygon","properties":{"GEOID":"420912053002"}},{"arcs":[[1116,-821,1117,-1009,-976]],"type":"Polygon","properties":{"GEOID":"420912062011"}},{"arcs":[[1118,1119,-811,-219,1120]],"type":"Polygon","properties":{"GEOID":"420912034022"}},{"arcs":[[-870,1121,1122,-562,1123]],"type":"Polygon","properties":{"GEOID":"420912013012"}},{"arcs":[[-761,1124,1125,1126,-397]],"type":"Polygon","properties":{"GEOID":"420912107001"}},{"arcs":[[1127,1128,1129,1130,1131]],"type":"Polygon","properties":{"GEOID":"420912018002"}},{"arcs":[[-1029,1132,-689]],"type":"Polygon","properties":{"GEOID":"420912087041"}},{"arcs":[[-925,1133,-353,1134]],"type":"Polygon","properties":{"GEOID":"420912058101"}},{"arcs":[[1135,1136,-1075,1137,-759]],"type":"Polygon","properties":{"GEOID":"420912067043"}},{"arcs":[[1138,-1059,1139,1140,-947]],"type":"Polygon","properties":{"GEOID":"420912102001"}},{"arcs":[[-931,1141,-740,1142,1143,-194,1144]],"type":"Polygon","properties":{"GEOID":"420912040102"}},{"arcs":[[-534,-539,1145,1146,1147,-808]],"type":"Polygon","properties":{"GEOID":"420912104002"}},{"arcs":[[1148,-358,-604,-425,-271,1149]],"type":"Polygon","properties":{"GEOID":"420912014092"}},{"arcs":[[1150,1151,1152,1153,1154,1155,1156]],"type":"Polygon","properties":{"GEOID":"420912039023"}},{"arcs":[[-717,1157,-672,1158]],"type":"Polygon","properties":{"GEOID":"420912033042"}},{"arcs":[[1159,1160,1161,1162,1163]],"type":"Polygon","properties":{"GEOID":"420912001031"}},{"arcs":[[1164,-985,-439]],"type":"Polygon","properties":{"GEOID":"420912057002"}},{"arcs":[[1165,1166,-781,1167]],"type":"Polygon","properties":{"GEOID":"420912005013"}},{"arcs":[[1168,1169,1170,1171,-858,1172,-566,1173,1174]],"type":"Polygon","properties":{"GEOID":"420912078001"}},{"arcs":[[-1171,1175,1176,1177,1178]],"type":"Polygon","properties":{"GEOID":"420912076004"}},{"arcs":[[-1063,1179,1180,-956]],"type":"Polygon","properties":{"GEOID":"420919803003"}},{"arcs":[[-509,-392,-674,1181,-1014,1182,-511]],"type":"Polygon","properties":{"GEOID":"420912036021"}},{"arcs":[[-1131,1183,-916,-659,1184,1185]],"type":"Polygon","properties":{"GEOID":"420912018003"}},{"arcs":[[1186,-1071,1187,-569,-750]],"type":"Polygon","properties":{"GEOID":"420912085001"}},{"arcs":[[1188,-1043,1189,1190]],"type":"Polygon","properties":{"GEOID":"420912061072"}},{"arcs":[[1191,1192,-282]],"type":"Polygon","properties":{"GEOID":"420912014112"}},{"arcs":[[1193,-492,1194,1195,-1151,1196]],"type":"Polygon","properties":{"GEOID":"420912038033"}},{"arcs":[[-883,-120,1197,1198]],"type":"Polygon","properties":{"GEOID":"420912016062"}},{"arcs":[[-1027,1199,-4,1200,1201]],"type":"Polygon","properties":{"GEOID":"420912087031"}},{"arcs":[[-586,-936,1202,1203,1204,1205,1206,1207]],"type":"Polygon","properties":{"GEOID":"420912042001"}},{"arcs":[[1208,-341,-544,-655,1209,1210,-944]],"type":"Polygon","properties":{"GEOID":"420912040022"}},{"arcs":[[1211,1212,-1084,1213,-139,-772,1214]],"type":"Polygon","properties":{"GEOID":"420912001051"}},{"arcs":[[1215,-932,-1145,-196,1216,1217,1218]],"type":"Polygon","properties":{"GEOID":"420912106001"}},{"arcs":[[-735,-829,-796,1219,-197,-37,1220]],"type":"Polygon","properties":{"GEOID":"420912010042"}},{"arcs":[[1221,1222,1223,-926,-1135,-352,1224]],"type":"Polygon","properties":{"GEOID":"420912034024"}},{"arcs":[[1225,-987,1226,1227,1228,1229,-311,1230]],"type":"Polygon","properties":{"GEOID":"420912058062"}},{"arcs":[[1231,1232,1233,-261,-88,1234,1235]],"type":"Polygon","properties":{"GEOID":"420912071031"}},{"arcs":[[-234,-1175,1236,-855]],"type":"Polygon","properties":{"GEOID":"420912080003"}},{"arcs":[[-1026,1237,1238,-752,-639,1239,-183,-1,-1200]],"type":"Polygon","properties":{"GEOID":"420912086012"}},{"arcs":[[1240,1241,-75,1242,-73]],"type":"Polygon","properties":{"GEOID":"420912004023"}},{"arcs":[[1243,-614,1244,-1020,1245]],"type":"Polygon","properties":{"GEOID":"420912007032"}},{"arcs":[[1246,1247,-548,1248]],"type":"Polygon","properties":{"GEOID":"420912068023"}},{"arcs":[[-1055,1249,1250,1251,-777,-738,-488]],"type":"Polygon","properties":{"GEOID":"420912032051"}},{"arcs":[[-638,1252,-48,1253,1254,1255,-306]],"type":"Polygon","properties":{"GEOID":"420912090004"}},{"arcs":[[-1133,-1028,-1202,1256,-690]],"type":"Polygon","properties":{"GEOID":"420912087042"}},{"arcs":[[1257,1258,-318,1259,1260,-165,1261,1262]],"type":"Polygon","properties":{"GEOID":"420912060074"}},{"arcs":[[1263,1264,-844,-90,-260]],"type":"Polygon","properties":{"GEOID":"420912073002"}},{"arcs":[[-822,-1117,-975]],"type":"Polygon","properties":{"GEOID":"420912086042"}},{"arcs":[[1265,1266,1267,1268]],"type":"Polygon","properties":{"GEOID":"420912022023"}},{"arcs":[[-945,-1211,1269,-1203,-935]],"type":"Polygon","properties":{"GEOID":"420912040082"}},{"arcs":[[-436,1270,-1178,1271,1272,1273]],"type":"Polygon","properties":{"GEOID":"420912076001"}},{"arcs":[[1274,1275,-1197,-1157,1276,-667]],"type":"Polygon","properties":{"GEOID":"420912038042"}},{"arcs":[[1277,1278,1279,-1163]],"type":"Polygon","properties":{"GEOID":"420912001032"}},{"arcs":[[1280,-1215,-773,-142,-501,-914,1281]],"type":"Polygon","properties":{"GEOID":"420912001061"}},{"arcs":[[1282,1283,1284,-105,1285,1286]],"type":"Polygon","properties":{"GEOID":"420912019012"}},{"arcs":[[-108,1287,1288,-202,1289]],"type":"Polygon","properties":{"GEOID":"420912055031"}},{"arcs":[[1290,-1185,-664,-703,-386,1291]],"type":"Polygon","properties":{"GEOID":"420912021003"}},{"arcs":[[1292,1293,-804,-453,-1266]],"type":"Polygon","properties":{"GEOID":"420912022013"}},{"arcs":[[-612,-619,-832,1294,-362]],"type":"Polygon","properties":{"GEOID":"420912006031"}},{"arcs":[[1295,1296,-1128,1297,1298,-938]],"type":"Polygon","properties":{"GEOID":"420912017061"}},{"arcs":[[1299,1300,1301,1302,1303,1304,-371]],"type":"Polygon","properties":{"GEOID":"420912054023"}},{"arcs":[[1305,-1038,-1040,-1189,1306]],"type":"Polygon","properties":{"GEOID":"420912061073"}},{"arcs":[[1307,-1301,1308,1309,-710]],"type":"Polygon","properties":{"GEOID":"420912052003"}},{"arcs":[[1310,-1255,1311,1312]],"type":"Polygon","properties":{"GEOID":"420912090001"}},{"arcs":[[-1061,1313,-678,1314]],"type":"Polygon","properties":{"GEOID":"420912014071"}},{"arcs":[[1315,-699,-634,-305,-961]],"type":"Polygon","properties":{"GEOID":"420912089013"}},{"arcs":[[1316,1317,1318,1319,1320,-1246,-1019,1321,1322]],"type":"Polygon","properties":{"GEOID":"420912007072"}},{"arcs":[[1323,-880,1324,-292,-812,-1120]],"type":"Polygon","properties":{"GEOID":"420912033023"}},{"arcs":[[1325,1326,-1111,-379,1327,-1304]],"type":"Polygon","properties":{"GEOID":"420912056004"}},{"arcs":[[1328,-542,1329,-911,-1184,-1130]],"type":"Polygon","properties":{"GEOID":"420912016081"}},{"arcs":[[1330,-1127,1331,-1263,1332,1333]],"type":"Polygon","properties":{"GEOID":"420912107003"}},{"arcs":[[1334,-1169,-233,-593,1335,1336,1337]],"type":"Polygon","properties":{"GEOID":"420912078005"}},{"arcs":[[1338,-522,1339,1340,1341,1342]],"type":"Polygon","properties":{"GEOID":"420912082012"}},{"arcs":[[-673,-1158,1343,-1216,1344,-1015,-1182]],"type":"Polygon","properties":{"GEOID":"420912033033"}},{"arcs":[[-1240,-644,-895,1345,-49,-184]],"type":"Polygon","properties":{"GEOID":"420912086014"}},{"arcs":[[1346,1347,-578,-252,-775,-894]],"type":"Polygon","properties":{"GEOID":"420912065012"}},{"arcs":[[1348,-1218,1349,1350,-342,-1209,-943]],"type":"Polygon","properties":{"GEOID":"420912040024"}},{"arcs":[[1351,1352,1353,-1334,1354,-1041,-1037]],"type":"Polygon","properties":{"GEOID":"420912061043"}},{"arcs":[[-1333,-1262,-164,1355,-1042,-1355]],"type":"Polygon","properties":{"GEOID":"420912061082"}},{"arcs":[[-226,1356,1357,1358]],"type":"Polygon","properties":{"GEOID":"420912045001"}},{"arcs":[[-301,1359,-756,1360,1361]],"type":"Polygon","properties":{"GEOID":"420912043005"}},{"arcs":[[-1305,-1328,-382,-228,1362,-106,-10,-372]],"type":"Polygon","properties":{"GEOID":"420912054021"}},{"arcs":[[1363,-973,-43,-360,1364,-890,1365]],"type":"Polygon","properties":{"GEOID":"420912012014"}},{"arcs":[[-1064,-313,-842,1366,-1180]],"type":"Polygon","properties":{"GEOID":"420919803001"}},{"arcs":[[1367,1368,1369,-1104,-827,1370]],"type":"Polygon","properties":{"GEOID":"420912048004"}},{"arcs":[[-363,-1295,-835,-620,-921,-992]],"type":"Polygon","properties":{"GEOID":"420912006021"}},{"arcs":[[1371,-159,-365,-996,1372]],"type":"Polygon","properties":{"GEOID":"420912009012"}},{"arcs":[[-295,-322,-1003,-1072,1373,1374]],"type":"Polygon","properties":{"GEOID":"420912070012"}},{"arcs":[[1375,1376,-877,1377,1378]],"type":"Polygon","properties":{"GEOID":"420912041031"}},{"arcs":[[-923,1379,1380,1381,1382]],"type":"Polygon","properties":{"GEOID":"420912058105"}},{"arcs":[[-1342,1383,1384,1385,-1080]],"type":"Polygon","properties":{"GEOID":"420912083013"}},{"arcs":[[1386,1387,1388]],"type":"Polygon","properties":{"GEOID":"420912086037"}},{"arcs":[[1389,-908]],"type":"Polygon","properties":{"GEOID":"420912058111"}},{"arcs":[[-574,-900,-1017,1390,-1219,-1349,-942,1391,1392]],"type":"Polygon","properties":{"GEOID":"420912040023"}},{"arcs":[[1393,1394,1395,-576,-1348,1396]],"type":"Polygon","properties":{"GEOID":"420912065022"}},{"arcs":[[-1190,-1356,-167,1397,1398]],"type":"Polygon","properties":{"GEOID":"420912061081"}},{"arcs":[[-1201,1399,1400,1401]],"type":"Polygon","properties":{"GEOID":"420912087044"}},{"arcs":[[-1096,-417,1402,-1000,-1008,-998]],"type":"Polygon","properties":{"GEOID":"420912069053"}},{"arcs":[[1403,1404,1405,-1035,1406,1407]],"type":"Polygon","properties":{"GEOID":"420912061054"}},{"arcs":[[1408,-135,-589,-223,1409,-1222]],"type":"Polygon","properties":{"GEOID":"420912034023"}},{"arcs":[[1410,-1229,1411,-937,-267,1412]],"type":"Polygon","properties":{"GEOID":"420912059064"}},{"arcs":[[1413,-1168,-785,-1098,-646,1414,1415]],"type":"Polygon","properties":{"GEOID":"420912005014"}},{"arcs":[[-227,-1359,1416,-1288,-107,-1363]],"type":"Polygon","properties":{"GEOID":"420912054011"}},{"arcs":[[1417,1418,-1366,-893,-727,1419]],"type":"Polygon","properties":{"GEOID":"420912012011"}},{"arcs":[[-1321,1420,-851,-609,-1244]],"type":"Polygon","properties":{"GEOID":"420912007034"}},{"arcs":[[1421,-1382,1422,-953,1423,-906,1424,-355]],"type":"Polygon","properties":{"GEOID":"420912058104"}},{"arcs":[[1425,-929,-1344,-716]],"type":"Polygon","properties":{"GEOID":"420912033032"}},{"arcs":[[1426,-493,-1194,-1276]],"type":"Polygon","properties":{"GEOID":"420912038032"}},{"arcs":[[-296,-1375,1427,1428,1429]],"type":"Polygon","properties":{"GEOID":"420912070011"}},{"arcs":[[1430,1431,-1044,1432,1433,1434]],"type":"Polygon","properties":{"GEOID":"420912071012"}},{"arcs":[[1435,-1343,-1079,1436,1437]],"type":"Polygon","properties":{"GEOID":"420912082033"}},{"arcs":[[1438,-654,1439,-298,1440]],"type":"Polygon","properties":{"GEOID":"420912070032"}},{"arcs":[[-1095,1441,-479,-733,-415]],"type":"Polygon","properties":{"GEOID":"420912069041"}},{"arcs":[[1442,1443,-1004,1444,1445]],"type":"Polygon","properties":{"GEOID":"420912105003"}},{"arcs":[[-1021,-1245,-613,-361,-157,1446]],"type":"Polygon","properties":{"GEOID":"420912007041"}},{"arcs":[[-859,-1172,-1179,-1271,-435,1447]],"type":"Polygon","properties":{"GEOID":"420912076003"}},{"arcs":[[-1440,-653,1448,-1034,-319,-293]],"type":"Polygon","properties":{"GEOID":"420912070043"}},{"arcs":[[-788,-1052,-205,1449,1450]],"type":"Polygon","properties":{"GEOID":"420912047022"}},{"arcs":[[1451,1452,-849,1453,-765,1454,-1192,-281]],"type":"Polygon","properties":{"GEOID":"420912014041"}},{"arcs":[[1455,-1077,-17,-402]],"type":"Polygon","properties":{"GEOID":"420912082041"}},{"arcs":[[1456,1457,-523,-1108]],"type":"Polygon","properties":{"GEOID":"420912003071"}},{"arcs":[[1458,1459,1460,1461,-1439,1462,-1068]],"type":"Polygon","properties":{"GEOID":"420912070031"}},{"arcs":[[-388,1463,1464,-628,1465]],"type":"Polygon","properties":{"GEOID":"420912026021"}},{"arcs":[[-871,-1124,-565,1466,1467,1468,-1251,1469]],"type":"Polygon","properties":{"GEOID":"420912013023"}},{"arcs":[[-270,-587,-1208,1470,1471,1472,1473,-1413]],"type":"Polygon","properties":{"GEOID":"420912059062"}},{"arcs":[[-1141,1474,-463,1475,-217,1476,1477]],"type":"Polygon","properties":{"GEOID":"420912026041"}},{"arcs":[[1478,-1298,-1132,-1186,-1291,1479,-384,1480]],"type":"Polygon","properties":{"GEOID":"420912018001"}},{"arcs":[[-216,1481,-1477]],"type":"Polygon","properties":{"GEOID":"420912026042"}},{"arcs":[[-367,-66,1482,1483]],"type":"Polygon","properties":{"GEOID":"420912038014"}},{"arcs":[[1484,-448,1485,1486,-874,1487]],"type":"Polygon","properties":{"GEOID":"420912031053"}},{"arcs":[[-1370,1488,1489,1490,-1302,-1308,-709,-1105]],"type":"Polygon","properties":{"GEOID":"420912048003"}},{"arcs":[[-64,-903,-1195,-491,1491]],"type":"Polygon","properties":{"GEOID":"420912038011"}},{"arcs":[[-512,-1183,-902,-989,-54]],"type":"Polygon","properties":{"GEOID":"420912036011"}},{"arcs":[[-536,-1221,-36,1492,-406,-285,1493]],"type":"Polygon","properties":{"GEOID":"420912010051"}},{"arcs":[[-1164,-1280,1494,-1212,-1281,1495,1496,1497]],"type":"Polygon","properties":{"GEOID":"420912002001"}},{"arcs":[[-515,1498,-1309,-1300,-370,1499,1500]],"type":"Polygon","properties":{"GEOID":"420912052001"}},{"arcs":[[1501,1502,-1450,-211,-1109,-1327]],"type":"Polygon","properties":{"GEOID":"420912046003"}},{"arcs":[[-447,-793,1503,-805,1504,-1486]],"type":"Polygon","properties":{"GEOID":"420912031042"}},{"arcs":[[-1491,1505,1506,-1502,-1326,-1303]],"type":"Polygon","properties":{"GEOID":"420912046001"}},{"arcs":[[1507,1508,1509,-802,1510]],"type":"Polygon","properties":{"GEOID":"420912019021"}},{"arcs":[[-885,-813,-707,-665,1511]],"type":"Polygon","properties":{"GEOID":"420912034031"}},{"arcs":[[1512,1513,1514,-700,-1316,-962,-467,1515]],"type":"Polygon","properties":{"GEOID":"420912092012"}},{"arcs":[[-1516,-413,-1313,1516]],"type":"Polygon","properties":{"GEOID":"420912092011"}},{"arcs":[[-126,1517,1518,-1420,-726,1519]],"type":"Polygon","properties":{"GEOID":"420912010061"}},{"arcs":[[-1341,1520,1521,1522,-1384]],"type":"Polygon","properties":{"GEOID":"420912083012"}},{"arcs":[[-1463,-1441,-297,-1430,1523,-1069]],"type":"Polygon","properties":{"GEOID":"420912070013"}},{"arcs":[[1524,-1150,-274,1525,1526,-279,1527,1528,-1122,-869]],"type":"Polygon","properties":{"GEOID":"420912014101"}},{"arcs":[[1529,1530,1531,-1049,-786,-1451,-1503,-1507]],"type":"Polygon","properties":{"GEOID":"420912047011"}},{"arcs":[[1532,-13,1533,-29,1534,-1092]],"type":"Polygon","properties":{"GEOID":"420912055023"}},{"arcs":[[-433,-14,-1533,-1091,-1114]],"type":"Polygon","properties":{"GEOID":"420912055013"}},{"arcs":[[-1268,1535,1536,1537]],"type":"Polygon","properties":{"GEOID":"420912022022"}},{"arcs":[[-1483,-65,-1492,-494,1538]],"type":"Polygon","properties":{"GEOID":"420912038013"}},{"arcs":[[1539,1540,-1467,-564]],"type":"Polygon","properties":{"GEOID":"420912013022"}},{"arcs":[[1541,-1337,1542,-594,-235,-862,1543,-520]],"type":"Polygon","properties":{"GEOID":"420912078002"}},{"arcs":[[-85,1544,-1269,-1538,1545,1546]],"type":"Polygon","properties":{"GEOID":"420912024021"}},{"arcs":[[-178,-800,-1082,-173,1547,1548,-1046,1549]],"type":"Polygon","properties":{"GEOID":"420912071042"}},{"arcs":[[-231,1550,1551,1552]],"type":"Polygon","properties":{"GEOID":"420912058052"}},{"arcs":[[1553,-1472,1554,-152,1555]],"type":"Polygon","properties":{"GEOID":"420912059041"}},{"arcs":[[-791,1556,-1353,1557,1558]],"type":"Polygon","properties":{"GEOID":"420912063004"}},{"arcs":[[1559,-1236,1560,-1431,1561]],"type":"Polygon","properties":{"GEOID":"420912071032"}},{"arcs":[[-783,-970,1562,-595,-742]],"type":"Polygon","properties":{"GEOID":"420912005021"}},{"arcs":[[1563,-1511,-801,-1294,1564]],"type":"Polygon","properties":{"GEOID":"420912019022"}},{"arcs":[[-1051,-561,-825,-757,-1360,-300,-591]],"type":"Polygon","properties":{"GEOID":"420912044002"}},{"arcs":[[-839,-1230,-1411,-1474,1565,1566]],"type":"Polygon","properties":{"GEOID":"420912059051"}},{"arcs":[[1567,-163,-76,-1242]],"type":"Polygon","properties":{"GEOID":"420912004022"}},{"arcs":[[-256,-789,-1559,1568,-1405,1569]],"type":"Polygon","properties":{"GEOID":"420912064001"}},{"arcs":[[-1490,1570,-1530,-1506]],"type":"Polygon","properties":{"GEOID":"420912047012"}},{"arcs":[[1571,1572,-884,-1199,-1296,-941,-460,-429,-1057]],"type":"Polygon","properties":{"GEOID":"420912017031"}},{"arcs":[[-213,1573,1574,-389,-1466,-627]],"type":"Polygon","properties":{"GEOID":"420912026022"}},{"arcs":[[-1555,-1471,-1207,1575,-1371,-826,-153]],"type":"Polygon","properties":{"GEOID":"420912049004"}},{"arcs":[[-848,-500,1576,-1572,-1062,-1315,-677,-766,-1454]],"type":"Polygon","properties":{"GEOID":"420912014062"}},{"arcs":[[-927,-503,-1101,1577,-1283,1578]],"type":"Polygon","properties":{"GEOID":"420912015012"}},{"arcs":[[-980,-966,1579,-994,1580,-919,1581,-1418,-1519,1582]],"type":"Polygon","properties":{"GEOID":"420912010033"}},{"arcs":[[1583,1584,-864,1585]],"type":"Polygon","properties":{"GEOID":"420912088021"}},{"arcs":[[1586,-19,-378,-1024,-688,-983,1587]],"type":"Polygon","properties":{"GEOID":"420912087021"}},{"arcs":[[-1022,-1447,-156,1588,-326]],"type":"Polygon","properties":{"GEOID":"420912009013"}},{"arcs":[[-692,1589,-1584,1590,1591]],"type":"Polygon","properties":{"GEOID":"420912089032"}},{"arcs":[[-1318,1592,-1323,1593,1594]],"type":"Polygon","properties":{"GEOID":"420912008001"}},{"arcs":[[-1406,-1569,-1558,-1352,-1036]],"type":"Polygon","properties":{"GEOID":"420912061041"}},{"arcs":[[-1138,-1074,1595,-1249,-547,1596,-1125,-760]],"type":"Polygon","properties":{"GEOID":"420912067041"}},{"arcs":[[-1177,1597,-1232,-1560,1598,1599,-1272]],"type":"Polygon","properties":{"GEOID":"420912074001"}},{"arcs":[[-1373,-995,-1580,-579,1600,1601]],"type":"Polygon","properties":{"GEOID":"420912009033"}},{"arcs":[[-1566,-1473,-1554,1602,1603]],"type":"Polygon","properties":{"GEOID":"420912059042"}},{"arcs":[[-904,-56,-991,1604,-1153,1605]],"type":"Polygon","properties":{"GEOID":"420912039012"}},{"arcs":[[-721,1606,-1497,1607,1608,-584]],"type":"Polygon","properties":{"GEOID":"420912003101"}},{"arcs":[[1609,-1243,-80,-237,-347,-597]],"type":"Polygon","properties":{"GEOID":"420912004011"}},{"arcs":[[-1480,-1292,-385]],"type":"Polygon","properties":{"GEOID":"420912021001"}},{"arcs":[[-86,-1547,1610]],"type":"Polygon","properties":{"GEOID":"420912024022"}},{"arcs":[[-405,-127,-1520,-732,1611,1612,-189,-287]],"type":"Polygon","properties":{"GEOID":"420912068011"}},{"arcs":[[1613,-872,-1377,1614,-507]],"type":"Polygon","properties":{"GEOID":"420912041011"}},{"arcs":[[-1143,-780,1615,-338,1616,1617]],"type":"Polygon","properties":{"GEOID":"420912040091"}},{"arcs":[[1618,-551,1619,1620,-240]],"type":"Polygon","properties":{"GEOID":"420912060043"}},{"arcs":[[-1385,-1523,1621,-753,-1239,1622]],"type":"Polygon","properties":{"GEOID":"420912084001"}},{"arcs":[[-1167,1623,-968,-782]],"type":"Polygon","properties":{"GEOID":"420912005011"}},{"arcs":[[-952,-981,-1583,-1518,-125]],"type":"Polygon","properties":{"GEOID":"420912011002"}},{"arcs":[[-461,-940,1624,-1481,-383,1625]],"type":"Polygon","properties":{"GEOID":"420912017052"}},{"arcs":[[-745,-724,-232,-1553,-309,-954,-1423,-1381,1626]],"type":"Polygon","properties":{"GEOID":"420912058082"}},{"arcs":[[-1403,-736,-537,-1494,-696,-1001]],"type":"Polygon","properties":{"GEOID":"420912069061"}},{"arcs":[[-1126,-1597,-552,-1619,-242,1627,-1258,-1332]],"type":"Polygon","properties":{"GEOID":"420912107002"}},{"arcs":[[-1612,-731,1628]],"type":"Polygon","properties":{"GEOID":"420912032042"}},{"arcs":[[-600,1629,-28,1630,1631]],"type":"Polygon","properties":{"GEOID":"420912014083"}},{"arcs":[[-1631,-27,-1023,-687,-495,-847,1632]],"type":"Polygon","properties":{"GEOID":"420912014082"}},{"arcs":[[-1416,1633,1634]],"type":"Polygon","properties":{"GEOID":"420912005062"}},{"arcs":[[1635,1636,-896,-39,-972,1637]],"type":"Polygon","properties":{"GEOID":"420912006052"}},{"arcs":[[-1582,-918,1638,-974,-1364,-1419]],"type":"Polygon","properties":{"GEOID":"420912012013"}},{"arcs":[[1639,1640,-1102,-833,-617]],"type":"Polygon","properties":{"GEOID":"420912006071"}},{"arcs":[[-626,1641,-1322,-1018,-472,-1442,-6]],"type":"Polygon","properties":{"GEOID":"420912007081"}},{"arcs":[[-837,-728,-489,-737,-1142,-930,1642]],"type":"Polygon","properties":{"GEOID":"420912032072"}},{"arcs":[[-368,-1484,-1539,-1427,-1275,-666,-706]],"type":"Polygon","properties":{"GEOID":"420912038031"}},{"arcs":[[-1567,1643,-840]],"type":"Polygon","properties":{"GEOID":"420912059052"}},{"arcs":[[-816,-469,-776,-257,-1570,-1404,1644]],"type":"Polygon","properties":{"GEOID":"420912061052"}},{"arcs":[[-1522,1645,-860,-1448,-434,-1274,1646,1647,-748,-1622]],"type":"Polygon","properties":{"GEOID":"420912084002"}},{"arcs":[[-642,1648,-1397,-1347]],"type":"Polygon","properties":{"GEOID":"420912065021"}},{"arcs":[[-702,-265,-151,-649,-636]],"type":"Polygon","properties":{"GEOID":"420912089062"}},{"arcs":[[-637,-651,-44,-1253]],"type":"Polygon","properties":{"GEOID":"420912089042"}},{"arcs":[[-1279,1649,-1085,-1213,-1495]],"type":"Polygon","properties":{"GEOID":"420912001042"}},{"arcs":[[-230,-441,-988,-1226,1650,-1551]],"type":"Polygon","properties":{"GEOID":"420912058051"}},{"arcs":[[-705,1651,1652,1653,1654,-1464]],"type":"Polygon","properties":{"GEOID":"420912023013"}},{"arcs":[[-1147,1655,-1445,-1007,1656]],"type":"Polygon","properties":{"GEOID":"420912105004"}},{"arcs":[[-1398,1657,-1225,-351,1658]],"type":"Polygon","properties":{"GEOID":"420912060072"}},{"arcs":[[1659,-1428,-1374,-1076,-1137,1660]],"type":"Polygon","properties":{"GEOID":"420912067032"}},{"arcs":[[-1424,-957,-1181,-1367,1661,1662,-909,-1390,-907]],"type":"Polygon","properties":{"GEOID":"420912058113"}},{"arcs":[[-1617,-337,-1351,1663]],"type":"Polygon","properties":{"GEOID":"420912040093"}},{"arcs":[[-1563,-74,-1610,-596]],"type":"Polygon","properties":{"GEOID":"420912003015"}},{"arcs":[[-1496,-1282,-913,1664,-1608]],"type":"Polygon","properties":{"GEOID":"420912001062"}},{"arcs":[[-419,-662,-928,-1579,-1287,1665,1666]],"type":"Polygon","properties":{"GEOID":"420912019014"}},{"arcs":[[-867,-1470,-1250,-1054,1667]],"type":"Polygon","properties":{"GEOID":"420912012042"}},{"arcs":[[-1438,1668,-400,1669]],"type":"Polygon","properties":{"GEOID":"420912082032"}},{"arcs":[[-838,-1643,-1426,-715,-96]],"type":"Polygon","properties":{"GEOID":"420912032032"}},{"arcs":[[-1666,-1286,-104,-1285,1670,-1509,1671]],"type":"Polygon","properties":{"GEOID":"420912020002"}},{"arcs":[[-1641,1672,-1636,1673,-276,-1103]],"type":"Polygon","properties":{"GEOID":"420912006072"}},{"arcs":[[-1620,-550,1674,-1119,1675,1676]],"type":"Polygon","properties":{"GEOID":"420912060051"}},{"arcs":[[-277,-1674,-1638,-971,-1639,-917]],"type":"Polygon","properties":{"GEOID":"420912006051"}},{"arcs":[[-1549,1677,-1319,-1595,-624]],"type":"Polygon","properties":{"GEOID":"420912007073"}},{"arcs":[[1678,-21,1679,-1514]],"type":"Polygon","properties":{"GEOID":"420912091002"}},{"arcs":[[1680,-718,-1159,-675,-60,-290]],"type":"Polygon","properties":{"GEOID":"420912033043"}},{"arcs":[[-1400,-3,-186,1681,-1389,1682]],"type":"Polygon","properties":{"GEOID":"420912086034"}},{"arcs":[[-1468,-1541,-1528,-284,1683,-763,1684]],"type":"Polygon","properties":{"GEOID":"420912014111"}},{"arcs":[[-1345,-1391,-1016]],"type":"Polygon","properties":{"GEOID":"420912035002"}},{"arcs":[[-1605,-990,-575,-1393,1685,1686,-1154]],"type":"Polygon","properties":{"GEOID":"420912039022"}},{"arcs":[[-1500,-375,-1116,1687]],"type":"Polygon","properties":{"GEOID":"420912053001"}},{"arcs":[[-1310,-1499,-711]],"type":"Polygon","properties":{"GEOID":"420912052002"}},{"arcs":[[-1338,-1542,-519,1688]],"type":"Polygon","properties":{"GEOID":"420912078003"}},{"arcs":[[-1653,1689,-1565,-1293,-1545,-84,1690]],"type":"Polygon","properties":{"GEOID":"420912023011"}},{"arcs":[[1691,-1591,-1586,-863,1692,-46]],"type":"Polygon","properties":{"GEOID":"420912088022"}},{"arcs":[[1693,1694,1695,-1531,-1571,-1489,-1369]],"type":"Polygon","properties":{"GEOID":"420912048002"}},{"arcs":[[-879,-191,-98,-719,-1681,-289,-1325]],"type":"Polygon","properties":{"GEOID":"420912033022"}},{"arcs":[[1696,-959,1697,-1379,1698,-1205]],"type":"Polygon","properties":{"GEOID":"420912041032"}},{"arcs":[[-1206,-1699,-1378,-876,1699,-1694,-1368,-1576]],"type":"Polygon","properties":{"GEOID":"420912048001"}},{"arcs":[[-1536,-1267,-452,1700]],"type":"Polygon","properties":{"GEOID":"420912022021"}},{"arcs":[[1701,1702,-845,-1453,1703]],"type":"Polygon","properties":{"GEOID":"420912014042"}},{"arcs":[[-527,-585,-1609,-1665,-912,-1330,-541]],"type":"Polygon","properties":{"GEOID":"420912016082"}},{"arcs":[[-1596,-1073,-697,-187,-1247]],"type":"Polygon","properties":{"GEOID":"420912068013"}},{"arcs":[[-1134,-924,-1383,-1422,-354]],"type":"Polygon","properties":{"GEOID":"420912058102"}},{"arcs":[[-1648,1704,-1066,-1187,-749]],"type":"Polygon","properties":{"GEOID":"420912085002"}},{"arcs":[[1705,-648,-1099,-854,-965,1706]],"type":"Polygon","properties":{"GEOID":"420912005073"}},{"arcs":[[-78,-162,1707,1708,-144,-238]],"type":"Polygon","properties":{"GEOID":"420912003051"}},{"arcs":[[1709,-1686,-1392,-946,-933,-1412,-1228]],"type":"Polygon","properties":{"GEOID":"420912058061"}},{"arcs":[[-1651,-1231,-310,-1552]],"type":"Polygon","properties":{"GEOID":"420912058071"}},{"arcs":[[-1662,-841,-1644,-1604,1710]],"type":"Polygon","properties":{"GEOID":"420912059031"}},{"arcs":[[1711,-657,-1113,1712,-1488,-873,-1614]],"type":"Polygon","properties":{"GEOID":"420912031061"}},{"arcs":[[-1118,-820,1713,-481,-1010]],"type":"Polygon","properties":{"GEOID":"420912062012"}},{"arcs":[[-1462,1714,-1030,-1449,-652]],"type":"Polygon","properties":{"GEOID":"420912070041"}},{"arcs":[[-409,-567,-1173,-857]],"type":"Polygon","properties":{"GEOID":"420912079002"}},{"arcs":[[-1433,-1048,-1031,-1715,1715]],"type":"Polygon","properties":{"GEOID":"420912071015"}},{"arcs":[[-629,-1465,-1655,1716,-82,-554,1717,-713]],"type":"Polygon","properties":{"GEOID":"420912023021"}},{"arcs":[[-601,-1632,-1633,-846,-1703,1718]],"type":"Polygon","properties":{"GEOID":"420912014043"}},{"arcs":[[-1654,-1691,-83,-1717]],"type":"Polygon","properties":{"GEOID":"420912023012"}},{"arcs":[[-1123,-1529,-1540,-563]],"type":"Polygon","properties":{"GEOID":"420912013013"}},{"arcs":[[1719,-1414,-1635,1720,-607,-898]],"type":"Polygon","properties":{"GEOID":"420912005054"}},{"arcs":[[-1407,-1039,-1306,1721,-1088]],"type":"Polygon","properties":{"GEOID":"420912061051"}},{"arcs":[[-843,-1265,1722,-175,-798]],"type":"Polygon","properties":{"GEOID":"420912072022"}},{"arcs":[[-521,-1544,-861,-1646,-1521,-1340]],"type":"Polygon","properties":{"GEOID":"420912083011"}},{"arcs":[[-1112,-334,-1485,-1713]],"type":"Polygon","properties":{"GEOID":"420912031051"}},{"arcs":[[-171,-882,1723,-498]],"type":"Polygon","properties":{"GEOID":"420912016051"}},{"arcs":[[-1594,-1642,-625]],"type":"Polygon","properties":{"GEOID":"420912008002"}},{"arcs":[[-420,-1667,-1672,-1508,-1564,-1690,-1652,-704]],"type":"Polygon","properties":{"GEOID":"420912019024"}},{"arcs":[[-939,-1299,-1479,-1625]],"type":"Polygon","properties":{"GEOID":"420912017062"}},{"arcs":[[-1444,1724,1725,-1005]],"type":"Polygon","properties":{"GEOID":"420912105001"}},{"arcs":[[-1714,-819,-1086,-482]],"type":"Polygon","properties":{"GEOID":"420912061061"}},{"arcs":[[-499,-1724,-881,-1573,-1577]],"type":"Polygon","properties":{"GEOID":"420912016053"}},{"arcs":[[-1524,-1429,-1660,1726,-1395,1727]],"type":"Polygon","properties":{"GEOID":"420912067031"}},{"arcs":[[-1273,-1600,1728,-1459,-1067,-1705,-1647]],"type":"Polygon","properties":{"GEOID":"420912075001"}},{"arcs":[[-1629,-730,-836,-1613]],"type":"Polygon","properties":{"GEOID":"420912032044"}},{"arcs":[[-1317,-1593]],"type":"Polygon","properties":{"GEOID":"420912007071"}},{"arcs":[[-1224,1729,-444,1730,-746,-1627,-1380,-922]],"type":"Polygon","properties":{"GEOID":"420912058083"}},{"arcs":[[-1469,-1685,-762,-778,-1252]],"type":"Polygon","properties":{"GEOID":"420912032052"}},{"arcs":[[-1561,-1235,-93,-1550,-1045,-1432]],"type":"Polygon","properties":{"GEOID":"420912071041"}},{"arcs":[[1731,-1676,-1121,-218,-112,-316]],"type":"Polygon","properties":{"GEOID":"420912060052"}},{"arcs":[[-1684,-283,-1193,-1455,-764]],"type":"Polygon","properties":{"GEOID":"420912030001"}},{"arcs":[[1732,-258,-1234]],"type":"Polygon","properties":{"GEOID":"420912073001"}},{"arcs":[[-1336,-592,-1543]],"type":"Polygon","properties":{"GEOID":"420912081001"}},{"arcs":[[-12,-110,-30,-1534]],"type":"Polygon","properties":{"GEOID":"420912055024"}},{"arcs":[[-1628,-241,-1621,-1677,-1732,-315,-1259]],"type":"Polygon","properties":{"GEOID":"420912060041"}},{"arcs":[[-1314,-1060,-1139,-949,-679]],"type":"Polygon","properties":{"GEOID":"420912101001"}},{"arcs":[[-1487,-1505,-810,1733,-1695,-1700,-875]],"type":"Polygon","properties":{"GEOID":"420912031052"}},{"arcs":[[-1599,-1562,-1435,1734,-1460,-1729]],"type":"Polygon","properties":{"GEOID":"420912071011"}},{"arcs":[[1735,-1155,-1687,-1710,-1227,-986,-1165,-438]],"type":"Polygon","properties":{"GEOID":"420912057003"}},{"arcs":[[-348,1736,-1457,-1107,-456]],"type":"Polygon","properties":{"GEOID":"420912003072"}},{"arcs":[[-538,-532,1737,1738,-1446,-1656,-1146]],"type":"Polygon","properties":{"GEOID":"420912104001"}},{"arcs":[[-160,-1372,-1602,1739,-887,-327,-1589]],"type":"Polygon","properties":{"GEOID":"420912009021"}},{"arcs":[[1740,-1161,1741,-145,-1709]],"type":"Polygon","properties":{"GEOID":"420912003061"}},{"arcs":[[-431,-464,-1475,-1140,-1058]],"type":"Polygon","properties":{"GEOID":"420912017042"}},{"arcs":[[-1110,-209,-302,-1362,1742,-1357,-225,-381]],"type":"Polygon","properties":{"GEOID":"420912045002"}},{"arcs":[[-1682,-185,-52,-979,1743,-1387]],"type":"Polygon","properties":{"GEOID":"420912086033"}},{"arcs":[[-1737,-146,-1742,-1160,-1498,-1607,-720,-1056,-524,-1458]],"type":"Polygon","properties":{"GEOID":"420912003102"}},{"arcs":[[-1493,-35,-201,-123,-404]],"type":"Polygon","properties":{"GEOID":"420912010053"}},{"arcs":[[-751,-570,-1188,-1070,-1728,-1394,-1649,-641]],"type":"Polygon","properties":{"GEOID":"420912065023"}},{"arcs":[[-149,-984,-693,-1592,-1692,-650]],"type":"Polygon","properties":{"GEOID":"420912089031"}},{"arcs":[[-222,-886,-1512,-668,-1277,-1156,-1736,-437,-1730,-1223,-1410]],"type":"Polygon","properties":{"GEOID":"420912034032"}},{"arcs":[[-109,-1290,-204,1744,-32]],"type":"Polygon","properties":{"GEOID":"420912055033"}},{"arcs":[[-166,-1261,-964,-136,-1409,-1658]],"type":"Polygon","properties":{"GEOID":"420912060073"}},{"arcs":[[-466,-307,-1256,-1311,-412]],"type":"Polygon","properties":{"GEOID":"420912090002"}},{"arcs":[[-714,-1718,-553,1745,-245]],"type":"Polygon","properties":{"GEOID":"420912024024"}},{"arcs":[[-317,-115,-588,-963,-1260]],"type":"Polygon","properties":{"GEOID":"420912060065"}},{"arcs":[[-1590,-691,-1257,-1402,1746,-865,-1585]],"type":"Polygon","properties":{"GEOID":"420912087045"}},{"arcs":[[-920,-1581,-993]],"type":"Polygon","properties":{"GEOID":"420912006023"}},{"arcs":[[-958,-1615,-1376,-1698]],"type":"Polygon","properties":{"GEOID":"420912041042"}},{"arcs":[[-1669,-1437,-1078,-1456,-401]],"type":"Polygon","properties":{"GEOID":"420912082031"}},{"arcs":[[-1081,-1386,-1623,-1238,-1025,-343,-377]],"type":"Polygon","properties":{"GEOID":"420912083032"}},{"arcs":[[-790,-398,-1331,-1354,-1557]],"type":"Polygon","properties":{"GEOID":"420912063002"}},{"arcs":[[-50,-1346,-471,-815]],"type":"Polygon","properties":{"GEOID":"420912086032"}},{"arcs":[[1747,-1574,-212,-1476]],"type":"Polygon","properties":{"GEOID":"420912026032"}},{"arcs":[[-771,-102,-540,-117,-426,-168,-497]],"type":"Polygon","properties":{"GEOID":"420912016033"}},{"arcs":[[-1680,-20,-1587,1748,-262,-701,-1515]],"type":"Polygon","properties":{"GEOID":"420912091003"}},{"arcs":[[-681,-948,1749,-1738,-531]],"type":"Polygon","properties":{"GEOID":"420912102003"}},{"arcs":[[-1097,-1012,-888,-1740,-1601,-581,-1220,-795]],"type":"Polygon","properties":{"GEOID":"420912009032"}},{"arcs":[[-1721,-1634,-1415,-645,-1706,1750,-602,-608]],"type":"Polygon","properties":{"GEOID":"420912005063"}},{"arcs":[[-817,-1645,-1408,-1087]],"type":"Polygon","properties":{"GEOID":"420912061063"}},{"arcs":[[-1270,-1210,-658,-1712,-506,-960,-1697,-1204]],"type":"Polygon","properties":{"GEOID":"420912040081"}},{"arcs":[[-1588,-982,-263,-1749]],"type":"Polygon","properties":{"GEOID":"420912089051"}},{"arcs":[[-1750,-1478,-1482,-215,-633,-830,1751,-1725,-1443,-1739]],"type":"Polygon","properties":{"GEOID":"420912025003"}},{"arcs":[[-1237,-1174,-568,-407,-856]],"type":"Polygon","properties":{"GEOID":"420912080001"}},{"arcs":[[-905,-1606,-1152,-1196]],"type":"Polygon","properties":{"GEOID":"420912039011"}},{"arcs":[[-1198,-119,-543,-1329,-1129,-1297]],"type":"Polygon","properties":{"GEOID":"420912016072"}},{"arcs":[[-1626,-390,-1575,-1748,-462]],"type":"Polygon","properties":{"GEOID":"420912017051"}},{"arcs":[[-1217,-195,-1144,-1618,-1664,-1350]],"type":"Polygon","properties":{"GEOID":"420912106002"}},{"arcs":[[-443,-723,-747,-1731]],"type":"Polygon","properties":{"GEOID":"420912058081"}},{"arcs":[[1752,-768,-806,-1504,-792,-670]],"type":"Polygon","properties":{"GEOID":"420912031032"}},{"arcs":[[-273,-424,-1719,-1702,1753,-1526]],"type":"Polygon","properties":{"GEOID":"420912014046"}},{"arcs":[[-1365,-359,-1149,-1525,-868,-1668,-1053,-891]],"type":"Polygon","properties":{"GEOID":"420912012031"}},{"arcs":[[-1434,-1716,-1461,-1735]],"type":"Polygon","properties":{"GEOID":"420912071014"}},{"arcs":[[-1727,-1661,-1136,-758,-1396]],"type":"Polygon","properties":{"GEOID":"420919801001"}},{"arcs":[[-1616,-779,-769,-1753,-669,-339]],"type":"Polygon","properties":{"GEOID":"420912030003"}},{"arcs":[[-1527,-1754,-1704,-1452,-280]],"type":"Polygon","properties":{"GEOID":"420912014047"}},{"arcs":[[-1248,-193,-878,-1324,-1675,-549]],"type":"Polygon","properties":{"GEOID":"420912068022"}},{"arcs":[[-1751,-1707,-22,-1630,-599,-422,-603]],"type":"Polygon","properties":{"GEOID":"420912005074"}}]}}}