{"type":"Topology","arcs":[[[6879,2026],[-2,89]],[[6877,2115],[88,1],[0,36]],[[6965,2152],[132,2]],[[7097,2154],[21,-86]],[[7118,2068],[-54,-55],[-111,-25],[-81,-50]],[[6872,1938],[7,88]],[[5726,5268],[98,2]],[[5824,5270],[5,-71]],[[5829,5199],[-80,-2],[2,-94]],[[5751,5103],[-16,-1]],[[5735,5102],[-9,166]],[[8882,2446],[12,84]],[[8894,2530],[117,7]],[[9011,2537],[3,-117]],[[9014,2420],[-18,-53]],[[8996,2367],[-75,52],[-47,-2]],[[8874,2417],[8,29]],[[6632,2903],[56,-20]],[[6688,2883],[-24,-72]],[[6664,2811],[-50,40]],[[6614,2851],[18,52]],[[7432,1381],[89,-16],[130,0]],[[7651,1365],[147,-16]],[[7798,1349],[57,2]],[[7855,1351],[-28,-30],[80,-75]],[[7907,1246],[-25,5],[-103,-102],[-62,61]],[[7717,1210],[-66,62],[-114,3],[-109,40]],[[7428,1315],[4,66]],[[5342,3833],[68,73]],[[5410,3906],[17,1]],[[5427,3907],[2,-134]],[[5429,3773],[-83,-5]],[[5346,3768],[-4,65]],[[3057,4619],[88,1]],[[3145,4620],[2,-138]],[[3147,4482],[-88,13]],[[3059,4495],[-2,124]],[[6481,3693],[35,-18]],[[6516,3675],[25,-42]],[[6541,3633],[9,-19]],[[6550,3614],[-106,-2]],[[6444,3612],[-1,67],[38,14]],[[4110,2610],[137,-1]],[[4247,2609],[6,-49]],[[4253,2560],[1,-57]],[[4254,2503],[-143,12]],[[4111,2515],[-1,95]],[[3743,6144],[6,0]],[[3749,6144],[53,-66],[96,86]],[[3898,6164],[42,-97],[-19,-82]],[[3921,5985],[-84,-55],[-91,-9]],[[3746,5921],[-25,0]],[[3721,5921],[0,93],[-23,30],[65,55],[-20,45]],[[8497,665],[15,-115]],[[8512,550],[-58,77]],[[8454,627],[43,38]],[[3207,4762],[100,-1]],[[3307,4761],[-8,-108],[-37,-26]],[[3262,4627],[-6,0]],[[3256,4627],[-33,0]],[[3223,4627],[0,35]],[[3223,4662],[-16,100]],[[8077,2141],[48,1]],[[8125,2142],[3,-105]],[[8128,2037],[-31,0]],[[8097,2037],[-108,137]],[[7989,2174],[88,-33]],[[6327,5203],[63,-46],[18,-82]],[[6408,5075],[-132,0]],[[6276,5075],[-41,82]],[[6235,5157],[-23,45]],[[6212,5202],[115,1]],[[3920,5583],[78,43]],[[3998,5626],[51,3]],[[4049,5629],[2,-104],[-116,-2]],[[3935,5523],[-15,60]],[[8614,3953],[79,-26]],[[8693,3927],[20,-76]],[[8713,3851],[-94,21]],[[8619,3872],[-5,81]],[[3144,5158],[76,9]],[[3220,5167],[4,-148]],[[3224,5019],[-77,0]],[[3147,5019],[-3,139]],[[5027,2726],[36,6]],[[5063,2732],[44,0]],[[5107,2732],[22,1]],[[5129,2733],[24,0]],[[5153,2733],[0,-69]],[[5153,2664],[-116,18]],[[5037,2682],[-10,44]],[[8196,2634],[82,1]],[[8278,2635],[1,-96]],[[8279,2539],[-22,0]],[[8257,2539],[-69,0]],[[8188,2539],[8,95]],[[8075,1494],[53,10]],[[8128,1504],[11,-23]],[[8139,1481],[-70,-74]],[[8069,1407],[6,87]],[[7659,3560],[1,-64]],[[7660,3496],[-21,-40],[-57,-1]],[[7582,3455],[-41,103],[118,2]],[[3649,5414],[98,73]],[[3747,5487],[3,-115]],[[3750,5372],[-79,-1],[-22,43]],[[5131,1520],[73,131],[53,36]],[[5257,1687],[17,30]],[[5274,1717],[94,-6]],[[5368,1711],[92,-8]],[[5460,1703],[1,-74]],[[5461,1629],[-94,27],[-11,-99]],[[5356,1557],[-97,0],[-11,-101]],[[5248,1456],[-117,64]],[[7965,1920],[53,19]],[[8018,1939],[69,-30]],[[8087,1909],[-1,-67]],[[8086,1842],[-45,-2]],[[8041,1840],[-63,-1]],[[7978,1839],[-25,-13]],[[7953,1826],[-49,54]],[[7904,1880],[61,40]],[[7274,4738],[84,36]],[[7358,4774],[15,-104]],[[7373,4670],[-99,8]],[[7274,4678],[0,60]],[[11093,3186],[62,-17],[72,20]],[[11227,3189],[5,-53],[-56,-93]],[[11176,3043],[-122,43]],[[11054,3086],[39,100]],[[4460,2395],[34,-11]],[[4494,2384],[-7,-20]],[[4487,2364],[-30,0]],[[4457,2364],[3,31]],[[3024,5564],[147,-37]],[[3171,5527],[0,-48],[-145,0]],[[3026,5479],[-2,85]],[[4360,3283],[78,4]],[[4438,3287],[2,-141]],[[4440,3146],[-71,-1]],[[4369,3145],[-30,0]],[[4339,3145],[-3,121],[24,17]],[[5463,6086],[1,-52]],[[5464,6034],[1,-86]],[[5465,5948],[2,-48]],[[5467,5900],[-21,-1]],[[5446,5899],[-36,58]],[[5410,5957],[-44,69]],[[5366,6026],[97,60]],[[8833,3855],[103,-148],[50,18]],[[8986,3725],[-116,-93]],[[8870,3632],[-29,69],[-30,154]],[[8811,3855],[22,0]],[[5188,3157],[61,1]],[[5249,3158],[1,-31]],[[5250,3127],[-62,-1]],[[5188,3126],[0,31]],[[6319,4119],[57,-15]],[[6376,4104],[1,-75]],[[6377,4029],[0,-10]],[[6377,4019],[-27,1]],[[6350,4020],[-20,0]],[[6330,4020],[-11,99]],[[3906,3426],[1,-55]],[[3907,3371],[-51,9]],[[3856,3380],[50,46]],[[8444,4200],[11,-84]],[[8455,4116],[0,-58]],[[8455,4058],[-93,0]],[[8362,4058],[1,70],[81,72]],[[10467,3668],[37,-74]],[[10504,3594],[-66,-13]],[[10438,3581],[-16,17]],[[10422,3598],[45,70]],[[4354,2943],[-1,84]],[[4353,3027],[88,-2]],[[4441,3025],[1,-124]],[[4442,2901],[-94,-9]],[[4348,2892],[6,51]],[[6596,2259],[70,-6]],[[6666,2253],[2,-140]],[[6668,2113],[-98,-2]],[[6570,2111],[-2,79],[28,69]],[[5879,6691],[55,7]],[[5934,6698],[24,-58],[49,-16]],[[6007,6624],[-15,-43]],[[5992,6581],[-96,1]],[[5896,6582],[-17,109]],[[4539,2879],[45,-41]],[[4584,2838],[-15,-8]],[[4569,2830],[-30,49]],[[8739,1780],[74,82]],[[8813,1862],[59,-27],[139,1]],[[9011,1836],[1,-82]],[[9012,1754],[-303,-8]],[[8709,1746],[30,34]],[[6791,5140],[126,0],[-9,140],[28,3]],[[6936,5283],[7,-107]],[[6943,5176],[0,-53]],[[6943,5123],[-26,-2]],[[6917,5121],[-111,0]],[[6806,5121],[-15,19]],[[9889,5114],[17,33],[284,-4]],[[10190,5143],[8,-408],[77,-4],[3,-198]],[[10278,4533],[-234,-5]],[[10044,4528],[-95,-1]],[[9949,4527],[-22,262],[-42,156],[4,169]],[[8166,2265],[49,1]],[[8215,2266],[79,1]],[[8294,2267],[1,-70]],[[8295,2197],[-85,-2]],[[8210,2195],[-44,70]],[[2019,3787],[123,0]],[[2142,3787],[-28,-54],[0,-82]],[[2114,3651],[-94,-40]],[[2020,3611],[-1,176]],[[5017,4715],[58,-22]],[[5075,4693],[-50,-35]],[[5025,4658],[-8,57]],[[4646,2920],[52,5]],[[4698,2925],[59,6]],[[4757,2931],[96,10]],[[4853,2941],[3,-46]],[[4856,2895],[0,-9]],[[4856,2886],[-61,-33]],[[4795,2853],[-39,0]],[[4756,2853],[-59,-1]],[[4697,2852],[-8,0]],[[4689,2852],[-20,0]],[[4669,2852],[-22,0]],[[4647,2852],[-1,68]],[[4446,2599],[56,-16]],[[4502,2583],[10,-51]],[[4512,2532],[-11,-4]],[[4501,2528],[-18,-7]],[[4483,2521],[-40,0]],[[4443,2521],[3,78]],[[8300,2055],[54,1]],[[8354,2056],[100,2],[-18,141]],[[8436,2199],[25,1]],[[8461,2200],[67,0]],[[8528,2200],[2,-85]],[[8530,2115],[-64,5],[16,-99]],[[8482,2021],[-157,-5]],[[8325,2016],[-25,39]],[[4225,2326],[31,-2]],[[4256,2324],[45,-3]],[[4301,2321],[15,-94]],[[4316,2227],[-90,23]],[[4226,2250],[-1,76]],[[5244,2957],[5,22]],[[5249,2979],[40,-29]],[[5289,2950],[0,-24]],[[5289,2926],[-46,-1]],[[5243,2925],[1,32]],[[5896,1333],[35,94]],[[5931,1427],[145,2],[2,-96]],[[6078,1333],[-182,0]],[[8346,3796],[11,69]],[[8357,3865],[44,14]],[[8401,3879],[-12,-74],[-44,-11]],[[8345,3794],[1,2]],[[6532,1410],[89,11],[24,-27],[-24,-71]],[[6621,1323],[-91,-1]],[[6530,1322],[2,88]],[[5066,3241],[36,-3]],[[5102,3238],[11,-38]],[[5113,3200],[-47,-6]],[[5066,3194],[0,47]],[[6116,3927],[72,25]],[[6188,3952],[1,-97]],[[6189,3855],[-60,-1]],[[6129,3854],[-12,0]],[[6117,3854],[-1,73]],[[8278,2683],[92,2]],[[8370,2685],[0,-49]],[[8370,2636],[-92,-1]],[[8278,2635],[0,48]],[[6534,4353],[141,6]],[[6675,4359],[-8,-121]],[[6667,4238],[-61,-1]],[[6606,4237],[-49,-1]],[[6557,4236],[-23,55]],[[6534,4291],[0,62]],[[5344,3929],[83,-2]],[[5427,3927],[0,-20]],[[5410,3906],[-66,0]],[[5344,3906],[0,23]],[[4727,6832],[87,58]],[[4814,6890],[99,-136]],[[4913,6754],[-109,-41],[-77,119]],[[5198,2876],[46,1]],[[5244,2877],[0,-23]],[[5244,2854],[-46,0]],[[5198,2854],[0,22]],[[8352,2198],[53,0]],[[8405,2198],[31,1]],[[8354,2056],[0,62]],[[8354,2118],[-2,80]],[[6526,1927],[47,28]],[[6573,1955],[1,1]],[[6574,1956],[4,-160]],[[6578,1796],[3,-175]],[[6581,1621],[-53,0],[-2,306]],[[7298,5983],[85,0]],[[7383,5983],[-16,-44]],[[7367,5939],[-69,-1],[0,45]],[[4461,5414],[45,-81]],[[4506,5333],[-103,46]],[[4403,5379],[58,35]],[[4432,2459],[49,13]],[[4481,2472],[-18,-61]],[[4463,2411],[-3,-15]],[[4460,2396],[-36,14]],[[4424,2410],[8,49]],[[5022,8468],[1,-51]],[[5023,8417],[-136,0]],[[4887,8417],[-157,0]],[[4730,8417],[17,66],[75,104],[107,-104],[93,-15]],[[8063,3650],[63,8]],[[8126,3658],[27,1]],[[8153,3659],[3,0]],[[8156,3659],[24,1]],[[8180,3660],[51,-67]],[[8231,3593],[-158,18]],[[8073,3611],[-10,39]],[[8220,2007],[-29,-89]],[[8191,1918],[-43,55]],[[8148,1973],[72,34]],[[2521,5028],[31,0]],[[2552,5028],[8,-128]],[[2560,4900],[-10,-61]],[[2550,4839],[-39,119],[10,70]],[[6038,2891],[60,23]],[[6098,2914],[93,43]],[[6191,2957],[57,-24]],[[6248,2933],[-80,-121]],[[6168,2812],[-130,48]],[[6038,2860],[0,31]],[[8716,3676],[72,2]],[[8788,3678],[16,-81]],[[8804,3597],[-86,-2]],[[8718,3595],[-2,81]],[[3447,5525],[69,-16]],[[3516,5509],[37,-95]],[[3553,5414],[1,-48]],[[3554,5366],[-47,-33]],[[3507,5333],[-20,13]],[[3487,5346],[-58,54]],[[3429,5400],[18,125]],[[2835,4245],[98,-6],[40,58],[48,-14]],[[3021,4283],[-1,-14]],[[3020,4269],[-2,-129]],[[3018,4140],[-98,42],[-87,-6]],[[2833,4176],[2,69]],[[5471,3060],[31,1]],[[5502,3061],[-31,-1]],[[4108,2710],[138,2]],[[4246,2712],[1,-103]],[[4110,2610],[-2,100]],[[5716,1519],[124,3]],[[5840,1522],[122,1]],[[5962,1523],[-31,-96]],[[5931,1427],[-198,-3]],[[5733,1424],[-15,0]],[[5718,1424],[-2,95]],[[4548,5669],[42,18]],[[4590,5687],[156,76],[91,16]],[[4837,5779],[70,-149]],[[4907,5630],[-108,-2]],[[4799,5628],[-223,22],[-27,-18]],[[4549,5632],[-1,37]],[[3235,5715],[-6,67]],[[3229,5782],[94,-51],[4,-202]],[[3327,5529],[-69,-1]],[[3258,5528],[-37,0]],[[3221,5528],[30,118],[-16,69]],[[6774,2893],[65,-23],[32,104],[-76,46]],[[6795,3020],[10,29]],[[6805,3049],[11,31]],[[6816,3080],[50,-43]],[[6866,3037],[51,-187]],[[6917,2850],[-64,4],[-31,-38]],[[6822,2816],[-54,-4]],[[6768,2812],[6,81]],[[7195,6771],[142,-19]],[[7337,6752],[-24,-74]],[[7313,6678],[-132,-7]],[[7181,6671],[14,100]],[[7095,2774],[86,-30]],[[7181,2744],[-133,-97]],[[7048,2647],[47,127]],[[4970,5497],[44,65]],[[5014,5562],[50,-21],[1,-50],[-91,-2]],[[4974,5489],[-4,8]],[[7777,1487],[55,1]],[[7832,1488],[25,-134]],[[7857,1354],[-2,-3]],[[7798,1349],[-19,17],[-2,121]],[[6398,3161],[83,-60]],[[6481,3101],[-132,-15]],[[6349,3086],[49,75]],[[11227,3189],[87,14]],[[11314,3203],[58,0]],[[11372,3203],[-5,-54],[-64,-59],[-48,-76]],[[11255,3014],[-79,29]],[[4244,3395],[38,-103]],[[4282,3292],[-47,0]],[[4235,3292],[9,103]],[[7832,1488],[56,1],[45,-52]],[[7933,1437],[-76,-83]],[[4463,2411],[29,13]],[[4492,2424],[15,-16]],[[4507,2408],[-13,-24]],[[4460,2395],[0,1]],[[5758,3931],[52,22]],[[5810,3953],[0,46]],[[5810,3999],[37,1]],[[5847,4000],[2,-163]],[[5849,3837],[-88,-1]],[[5761,3836],[-3,95]],[[4107,3255],[31,26]],[[4138,3281],[17,-3]],[[4155,3278],[-13,-42]],[[4142,3236],[-36,17]],[[4106,3253],[1,2]],[[9096,893],[30,25]],[[9126,918],[63,-79]],[[9189,839],[23,-30]],[[9212,809],[23,-29]],[[9235,780],[24,-32]],[[9259,748],[-65,-53]],[[9194,695],[-34,99],[-64,99]],[[5370,4742],[57,-10]],[[5427,4732],[1,-36]],[[5428,4696],[-58,0]],[[5370,4696],[0,46]],[[6100,3224],[9,0]],[[6109,3224],[46,0]],[[6155,3224],[30,1]],[[6185,3225],[0,-55]],[[6185,3170],[-76,-1]],[[6109,3169],[-9,0]],[[6100,3169],[0,55]],[[9215,7154],[65,75],[119,25],[87,96]],[[9486,7350],[138,19],[-29,-284],[9,-51]],[[9604,7034],[-233,-3]],[[9371,7031],[-76,-2],[-68,34],[-66,-28]],[[9161,7035],[54,119]],[[4985,1941],[27,-14]],[[5012,1927],[-27,-1]],[[4985,1926],[0,15]],[[6741,1821],[105,9]],[[6846,1830],[0,-47]],[[6846,1783],[0,-4]],[[6846,1779],[-105,4]],[[6741,1783],[0,38]],[[3630,6103],[23,63],[90,-22]],[[3721,5921],[-66,0]],[[3655,5921],[-20,-1]],[[3635,5920],[-5,183]],[[10206,1019],[-59,-97]],[[10147,922],[-16,66],[-40,9]],[[10091,997],[42,45],[73,-23]],[[5153,2733],[46,0]],[[5199,2733],[1,-111]],[[5200,2622],[-47,-30]],[[5153,2592],[0,72]],[[4211,2206],[2,5]],[[4213,2211],[19,-58]],[[4232,2153],[-34,12]],[[4198,2165],[13,41]],[[4429,6637],[103,67]],[[4532,6704],[94,62]],[[4626,6766],[26,17]],[[4652,6783],[27,-48]],[[4679,6735],[-46,-62],[-133,-87],[18,-62]],[[4518,6524],[-32,-7]],[[4486,6517],[-57,120]],[[5292,2734],[46,0]],[[5338,2734],[23,-47]],[[5361,2687],[1,-48]],[[5362,2639],[-70,38]],[[5292,2677],[0,33]],[[5292,2710],[0,24]],[[9152,2350],[15,-113],[-31,-16]],[[9136,2221],[1,-41]],[[9137,2180],[-14,0]],[[9123,2180],[-27,75]],[[9096,2255],[-10,29]],[[9086,2284],[-46,52]],[[9040,2336],[112,14]],[[4064,2315],[46,-25]],[[4110,2290],[-11,-39]],[[4099,2251],[-50,17]],[[4049,2268],[15,47]],[[5878,2487],[56,17]],[[5934,2504],[20,-14]],[[5954,2490],[-39,-59]],[[5915,2431],[-24,-35]],[[5891,2396],[-13,91]],[[4584,2838],[14,7]],[[4598,2845],[21,-1]],[[4619,2844],[-4,-32]],[[4615,2812],[-25,0]],[[4590,2812],[-6,26]],[[3771,3568],[61,1]],[[3832,3569],[10,-92],[65,15]],[[3907,3492],[-1,-16]],[[3906,3476],[-60,-17],[-76,42],[1,67]],[[5465,5948],[112,-1]],[[5577,5947],[-5,-46]],[[5572,5901],[-105,-1]],[[5232,3368],[35,-1]],[[5267,3367],[0,-47]],[[5267,3320],[-37,-1]],[[5230,3319],[2,49]],[[2297,4395],[31,-35],[9,-76],[83,-81]],[[2420,4203],[-122,-53]],[[2298,4150],[-1,55]],[[2297,4205],[-20,121],[20,69]],[[2480,3665],[155,-9]],[[2635,3656],[-1,-70],[-70,-38]],[[2564,3548],[-84,107]],[[2480,3655],[0,10]],[[5737,2460],[91,1]],[[5828,2461],[0,-83]],[[5828,2378],[-90,13]],[[5738,2391],[-1,69]],[[5527,6958],[94,-157]],[[5621,6801],[-53,-34]],[[5568,6767],[-8,-6]],[[5560,6761],[-49,78]],[[5511,6839],[-18,103],[34,16]],[[5785,7037],[14,2]],[[5799,7039],[-6,-64]],[[5793,6975],[-10,23]],[[5783,6998],[2,39]],[[4850,2132],[69,1]],[[4919,2133],[1,-54]],[[4920,2079],[-30,-3]],[[4890,2076],[-39,0]],[[4851,2076],[-1,56]],[[6325,5507],[117,8]],[[6442,5515],[34,-190]],[[6476,5325],[-153,-2]],[[6323,5323],[2,184]],[[4417,2266],[54,7]],[[4471,2273],[-54,-7]],[[2704,5029],[66,0]],[[2770,5029],[63,1]],[[2833,5030],[0,-107]],[[2833,4923],[-30,12]],[[2803,4935],[-92,65],[-7,29]],[[8370,2636],[1,-96]],[[8371,2540],[-92,-1]],[[5846,2994],[58,1]],[[5904,2995],[30,1]],[[5934,2996],[1,-69]],[[5935,2927],[-88,-4]],[[5847,2923],[-1,71]],[[4881,4408],[92,1]],[[4973,4409],[1,-44]],[[4974,4365],[1,-72]],[[4975,4293],[-5,-36]],[[4970,4257],[-86,0]],[[4884,4257],[10,51]],[[4894,4308],[-13,100]],[[3171,5527],[50,1]],[[3221,5528],[3,-99],[-17,-56]],[[3207,5373],[-84,5],[-96,30]],[[3027,5408],[-1,71]],[[4730,3151],[27,0]],[[4757,3151],[45,1]],[[4802,3152],[-3,-31]],[[4799,3121],[-70,-4]],[[4729,3117],[1,34]],[[6722,7284],[47,-74]],[[6769,7210],[-38,-25]],[[6731,7185],[-57,-38]],[[6674,7147],[-43,62]],[[6631,7209],[-8,47],[99,28]],[[2251,6780],[149,1]],[[2400,6781],[0,-95]],[[2400,6686],[-55,-62]],[[2345,6624],[-88,101]],[[2257,6725],[-6,55]],[[7451,4123],[77,2],[1,141]],[[7529,4266],[82,5]],[[7611,4271],[2,-200]],[[7613,4071],[-115,-60]],[[7498,4011],[-47,23]],[[7451,4034],[0,89]],[[6093,2665],[58,27]],[[6151,2692],[4,-13]],[[6155,2679],[14,-74]],[[6169,2605],[2,-31]],[[6171,2574],[-30,-46]],[[6141,2528],[-23,109],[-25,28]],[[7992,1523],[59,65]],[[8051,1588],[76,-9],[1,-75]],[[8075,1494],[-28,-1]],[[8047,1493],[-85,-2]],[[7962,1491],[30,32]],[[6645,4161],[76,-18]],[[6721,4143],[5,-1]],[[6726,4142],[26,-123],[-28,-40]],[[6724,3979],[-75,-1]],[[6649,3978],[-3,95]],[[6646,4073],[-1,88]],[[8370,2636],[154,8]],[[8524,2644],[45,-5]],[[8569,2639],[1,-29]],[[8570,2610],[-38,0]],[[8532,2610],[-21,0]],[[8511,2610],[-37,-1]],[[8474,2609],[-2,-59]],[[8472,2550],[-16,-9]],[[8456,2541],[-85,-1]],[[4982,2170],[32,-36]],[[5014,2134],[-31,0]],[[4983,2134],[-1,36]],[[5855,3107],[117,3]],[[5972,3110],[0,-44]],[[5972,3066],[-104,-10]],[[5868,3056],[-9,39]],[[5859,3095],[-4,12]],[[5358,4135],[131,-114]],[[5489,4021],[-63,-5]],[[5426,4016],[-80,0]],[[5346,4016],[-58,-1]],[[5288,4015],[-1,103],[71,17]],[[3002,3915],[0,-29]],[[3002,3886],[0,29]],[[6351,3821],[87,1]],[[6438,3822],[0,-47]],[[6438,3775],[-87,-7]],[[6351,3768],[0,53]],[[7295,2820],[22,15]],[[7317,2835],[0,-42]],[[7317,2793],[24,-89]],[[7341,2704],[-11,-15]],[[7330,2689],[-107,83]],[[7223,2772],[72,48]],[[5658,6742],[111,72],[14,-22]],[[5783,6792],[41,-68]],[[5824,6724],[-110,-75]],[[5714,6649],[-56,93]],[[10980,3692],[86,17]],[[11066,3709],[0,-104],[24,-118]],[[11090,3487],[-109,-19]],[[10981,3468],[-1,224]],[[4903,2833],[23,0]],[[4926,2833],[17,0]],[[4943,2833],[48,-49]],[[4991,2784],[-19,-20]],[[4972,2764],[-69,25]],[[4903,2789],[0,44]],[[9024,3919],[15,-86]],[[9039,3833],[-41,-1]],[[8998,3832],[-2,45],[-84,-4]],[[8912,3873],[-1,38],[113,8]],[[8215,2344],[12,51]],[[8227,2395],[66,-75]],[[8293,2320],[1,-26]],[[8294,2294],[0,-27]],[[8215,2266],[0,78]],[[6439,2635],[68,-25]],[[6507,2610],[19,-28]],[[6526,2582],[-59,-1],[-18,-56]],[[6449,2525],[-33,13]],[[6416,2538],[23,97]],[[9036,1034],[67,-85]],[[9103,949],[-62,-13],[-49,60]],[[8992,996],[44,38]],[[5320,7834],[139,-30],[-2,-101]],[[5457,7703],[-19,0]],[[5438,7703],[-19,-1]],[[5419,7702],[-34,0]],[[5385,7702],[-83,6]],[[5302,7708],[18,126]],[[3205,6446],[106,0],[35,-34]],[[3346,6412],[-86,-49]],[[3260,6363],[-74,-36]],[[3186,6327],[-50,105]],[[3136,6432],[69,14]],[[3425,4813],[53,-39]],[[3478,4774],[0,-47]],[[3478,4727],[-2,0]],[[3476,4727],[-51,86]],[[3002,3859],[478,-2]],[[3480,3857],[0,-37]],[[3480,3820],[-133,16],[0,-54]],[[3347,3782],[-346,-1]],[[3001,3781],[1,78]],[[9279,1135],[132,13],[32,-23]],[[9443,1125],[-66,-146]],[[9377,979],[-53,26]],[[9324,1005],[-45,22]],[[9279,1027],[-38,20]],[[9241,1047],[38,88]],[[5934,6698],[7,1]],[[5941,6699],[17,-48],[91,62]],[[6049,6713],[44,-98]],[[6093,6615],[-86,9]],[[7449,6162],[82,219]],[[7531,6381],[50,-20]],[[7581,6361],[129,-20]],[[7710,6341],[-37,-186]],[[7673,6155],[-143,-3]],[[7530,6152],[-81,10]],[[5914,6990],[38,-29]],[[5952,6961],[0,-10]],[[5952,6951],[-38,39]],[[9892,5864],[-8,353]],[[9884,6217],[20,137],[140,5],[-7,109],[308,10],[-41,25],[-14,67]],[[10290,6570],[54,3],[243,-74],[48,-178],[105,-63]],[[10740,6258],[-505,-464]],[[10235,5794],[-108,-99]],[[10127,5695],[-245,-225]],[[9882,5470],[-2,124]],[[9880,5594],[18,34],[-6,236]],[[2647,4175],[87,1]],[[2734,4176],[1,-88]],[[2735,4088],[-87,33]],[[2648,4121],[-1,54]],[[6199,5963],[54,0]],[[6253,5963],[0,-15]],[[6253,5948],[0,-2]],[[6253,5946],[-54,17]],[[8530,2115],[78,0]],[[8608,2115],[2,-68],[-73,2]],[[8537,2049],[-7,66]],[[5739,2294],[86,0]],[[5825,2294],[-85,-128]],[[5740,2166],[-1,128]],[[6478,3175],[56,84],[-48,34]],[[6486,3293],[12,17]],[[6498,3310],[91,-58]],[[6589,3252],[-71,-106]],[[6518,3146],[-40,29]],[[5744,4380],[108,-29]],[[5852,4351],[1,-117]],[[5853,4234],[-76,2]],[[5777,4236],[-28,13],[-22,101],[17,30]],[[4440,3146],[1,-102]],[[4441,3044],[-70,31]],[[4371,3075],[1,41]],[[4372,3116],[-3,29]],[[4573,2980],[72,15]],[[4645,2995],[1,-43]],[[4646,2952],[-71,12]],[[4575,2964],[-2,16]],[[6364,3421],[49,2]],[[6413,3423],[-1,-76]],[[6412,3347],[-47,15],[-1,59]],[[6074,3531],[37,1]],[[6111,3532],[79,-29]],[[6190,3503],[5,-27]],[[6195,3476],[-112,-18]],[[6083,3458],[-9,73]],[[5954,2490],[42,62]],[[5996,2552],[24,36]],[[6020,2588],[13,-22]],[[6033,2566],[9,-142]],[[6042,2424],[-38,1]],[[6004,2425],[-37,1]],[[5967,2426],[-52,5]],[[8953,1140],[53,-68]],[[9006,1072],[30,-38]],[[8992,996],[-47,-40]],[[8945,956],[-99,126]],[[8846,1082],[107,58]],[[6316,3036],[59,-79]],[[6375,2957],[-75,55]],[[6300,3012],[16,24]],[[2479,3786],[185,-3]],[[2664,3783],[0,-43]],[[2664,3740],[-29,-63],[-115,75],[-40,-46]],[[2480,3706],[-1,80]],[[7687,2246],[-44,-42]],[[7643,2204],[-37,0]],[[7606,2204],[-1,63],[82,-21]],[[2345,6624],[-67,-96],[-69,34]],[[2209,6562],[57,116],[-9,47]],[[7201,5539],[78,161]],[[7279,5700],[45,122]],[[7324,5822],[139,8]],[[7463,5830],[-47,-79]],[[7416,5751],[1,-48]],[[7417,5703],[3,-231]],[[7420,5472],[-45,14]],[[7375,5486],[-47,55]],[[7328,5541],[-127,-2]],[[4424,6126],[96,11]],[[4520,6137],[38,-35]],[[4558,6102],[-73,-75]],[[4485,6027],[-7,3]],[[4478,6030],[-55,35],[1,61]],[[6431,3209],[55,84]],[[6478,3175],[-47,34]],[[5269,1902],[4,67]],[[5273,1969],[92,1],[24,-40]],[[5389,1930],[-95,-45]],[[5294,1885],[-23,-11]],[[5271,1874],[-2,28]],[[7441,1545],[35,58]],[[7476,1603],[72,1]],[[7548,1604],[1,-56]],[[7549,1548],[-23,-51]],[[7526,1497],[-87,0]],[[7439,1497],[2,48]],[[5513,2927],[64,2]],[[5577,2929],[33,17]],[[5610,2946],[42,14]],[[5652,2960],[1,-62]],[[5653,2898],[-139,-85]],[[5514,2813],[-1,114]],[[5662,2390],[7,0]],[[5669,2390],[69,1]],[[5738,2391],[1,-35]],[[5739,2356],[0,-47]],[[5739,2309],[-75,-1]],[[5664,2308],[-2,82]],[[7172,5438],[-22,-106]],[[7150,5332],[-117,1]],[[7033,5333],[74,22],[-23,83],[88,0]],[[6556,2937],[33,49]],[[6589,2986],[71,3]],[[6660,2989],[58,-16]],[[6718,2973],[-17,-54]],[[6701,2919],[-13,-36]],[[6632,2903],[-29,10]],[[6603,2913],[-47,24]],[[3927,2515],[92,2]],[[4019,2517],[1,-37]],[[4020,2480],[-49,-1],[7,-119]],[[3978,2360],[-33,11]],[[3945,2371],[-17,91]],[[3928,2462],[-1,53]],[[3207,5373],[3,-83]],[[3210,5290],[-105,-26]],[[3105,5264],[-56,-9]],[[3049,5255],[-22,153]],[[5389,1930],[87,39]],[[5476,1969],[1,-88]],[[5477,1881],[1,-63]],[[5478,1818],[-171,-22]],[[5307,1796],[-13,89]],[[8479,3736],[89,2]],[[8568,3738],[1,-66]],[[8569,3672],[1,-81]],[[8570,3591],[-136,11]],[[8434,3602],[57,41],[-12,93]],[[6303,4382],[26,2]],[[6329,4384],[19,32]],[[6348,4416],[37,-61],[35,-121]],[[6420,4234],[-58,0]],[[6362,4234],[-21,48]],[[6341,4282],[-33,-1],[-5,101]],[[8870,2208],[163,0]],[[9033,2208],[8,-3]],[[9041,2205],[82,-25]],[[9123,2180],[116,-174]],[[9239,2006],[-78,-2]],[[9161,2004],[-65,99],[-130,-1],[-101,28]],[[8865,2130],[5,78]],[[3478,4796],[45,-72]],[[3523,4724],[-45,3]],[[3478,4774],[0,22]],[[4277,6957],[21,-44]],[[4298,6913],[-89,-101]],[[4209,6812],[-76,-9]],[[4133,6803],[-3,154]],[[4130,6957],[147,0]],[[3599,5326],[37,69]],[[3636,5395],[13,19]],[[3750,5372],[-3,-83]],[[3747,5289],[-78,13]],[[3669,5302],[-70,24]],[[4927,2894],[16,-61]],[[4926,2833],[1,61]],[[7873,1813],[37,-14]],[[7910,1799],[-50,-48]],[[7860,1751],[13,62]],[[6709,2581],[103,-35],[-13,-39]],[[6799,2507],[-109,15]],[[6690,2522],[19,59]],[[8511,2610],[-37,-1]],[[4586,3691],[25,1]],[[4611,3692],[22,-32]],[[4633,3660],[4,-138],[-50,-2]],[[4587,3520],[-1,171]],[[7630,6014],[20,19]],[[7650,6033],[139,75],[63,4]],[[7852,6112],[-18,-142]],[[7834,5970],[-73,32],[-110,0]],[[7651,6002],[-21,12]],[[5246,2650],[46,27]],[[5362,2639],[69,-31],[95,3]],[[5526,2611],[0,-17]],[[5526,2594],[-279,-4]],[[5247,2590],[-1,60]],[[7243,5793],[-1,27]],[[7242,5820],[82,2]],[[7279,5700],[-76,-2]],[[7203,5698],[42,35],[-2,60]],[[6486,4756],[102,2]],[[6588,4758],[6,0]],[[6594,4758],[21,-98]],[[6615,4660],[-7,2]],[[6608,4662],[-13,60],[-108,-8]],[[6487,4714],[-1,42]],[[7936,3634],[137,-23]],[[8073,3611],[45,-66]],[[8118,3545],[-109,4]],[[8009,3549],[-108,-2]],[[7901,3547],[36,4],[-1,83]],[[6352,5981],[120,14],[48,-20],[5,-78]],[[6525,5897],[-41,48],[-131,1]],[[6353,5946],[-1,35]],[[3978,2360],[44,-15]],[[4022,2345],[-54,-122]],[[3968,2223],[-43,67]],[[3925,2290],[20,81]],[[6481,3101],[37,45]],[[6518,3146],[64,-45]],[[6582,3101],[19,-13]],[[6601,3088],[-42,-43]],[[6559,3045],[-10,7]],[[6549,3052],[-60,43]],[[6489,3095],[-8,6]],[[8156,3659],[24,1]],[[4568,2536],[36,1]],[[4604,2537],[57,1]],[[4661,2538],[-93,-24]],[[4568,2514],[0,22]],[[4483,2521],[25,-37]],[[4508,2484],[-27,-12]],[[4432,2459],[11,62]],[[6093,6569],[117,-9]],[[6210,6560],[34,-163]],[[6244,6397],[-88,-4]],[[6156,6393],[-92,-1]],[[6064,6392],[-3,95],[32,82]],[[5137,5112],[0,32]],[[5137,5144],[24,-50]],[[5161,5094],[118,-249]],[[5279,4845],[-57,-1]],[[5222,4844],[-84,130]],[[5138,4974],[-1,14]],[[5137,4988],[0,124]],[[2209,6562],[-3,-7]],[[2206,6555],[-92,42]],[[2114,6597],[-1,217],[138,-34]],[[4786,4305],[40,1]],[[4826,4306],[68,2]],[[4884,4257],[-97,10]],[[4787,4267],[-1,20]],[[4786,4287],[0,18]],[[6829,2472],[167,83]],[[6996,2555],[19,-73]],[[7015,2482],[-116,-56]],[[6899,2426],[-69,40]],[[6830,2466],[-1,6]],[[2586,5787],[118,86],[58,8],[59,57],[16,77]],[[2837,6015],[55,-17]],[[2892,5998],[5,-165],[-123,-2],[4,-221]],[[2778,5610],[-218,33]],[[2560,5643],[0,102],[26,42]],[[4385,2519],[58,2]],[[4432,2459],[-47,1]],[[4385,2460],[-15,23]],[[4370,2483],[15,36]],[[6872,2290],[93,3]],[[6965,2293],[-1,-74]],[[6964,2219],[0,-22]],[[6964,2197],[-94,-2]],[[6870,2195],[0,22]],[[6870,2217],[2,73]],[[5477,1881],[61,1],[18,-178]],[[5556,1704],[-72,-1]],[[5484,1703],[-24,0]],[[5460,1703],[18,115]],[[6300,3172],[74,1]],[[6374,3173],[24,-12]],[[6349,3086],[-46,-1]],[[6303,3085],[-2,30]],[[6301,3115],[-1,57]],[[4679,1941],[90,-45]],[[4769,1896],[-34,-64]],[[4735,1832],[-66,67]],[[4669,1899],[10,42]],[[6210,5919],[43,11]],[[6253,5930],[52,8]],[[6305,5938],[29,7]],[[6334,5945],[-36,-48],[-76,-6]],[[6222,5891],[-12,28]],[[8296,1921],[103,-22]],[[8399,1899],[30,-47]],[[8429,1852],[32,-96]],[[8461,1756],[-4,-66],[-48,-50]],[[8409,1640],[-6,6]],[[8403,1646],[-27,35]],[[8376,1681],[-116,149]],[[8260,1830],[36,91]],[[6111,3532],[96,6]],[[6207,3538],[-17,-35]],[[5155,2421],[5,85]],[[5160,2506],[65,10]],[[5225,2516],[1,-175],[23,2]],[[5249,2343],[1,-8]],[[5250,2335],[-31,0],[-68,38]],[[5151,2373],[4,48]],[[4379,3423],[57,2]],[[4436,3425],[1,-57]],[[4437,3368],[-58,-1]],[[4379,3367],[0,56]],[[3720,2336],[19,0]],[[3739,2336],[76,1]],[[3815,2337],[51,1],[17,53],[62,-20]],[[3925,2290],[-61,-64]],[[3864,2226],[-145,96]],[[3719,2322],[1,14]],[[3903,3771],[46,-22]],[[3949,3749],[0,-91],[31,-8]],[[3980,3650],[-10,-65]],[[3970,3585],[-65,-1]],[[3905,3584],[0,49]],[[3905,3633],[0,33]],[[3905,3666],[-2,105]],[[7799,2435],[67,42]],[[7866,2477],[15,-38]],[[7881,2439],[-53,-57]],[[7828,2382],[-29,53]],[[8409,1640],[62,-84]],[[8471,1556],[-94,-80]],[[8377,1476],[-2,59],[-95,-2],[3,82],[126,25]],[[4444,6504],[42,13]],[[4486,6517],[55,-115]],[[4541,6402],[-48,-7],[-40,44]],[[4453,6439],[-9,65]],[[3306,3016],[17,13]],[[3323,3029],[49,-47]],[[3372,2982],[4,-47]],[[3376,2935],[-69,-3]],[[3307,2932],[-1,84]],[[4579,4057],[157,7]],[[4736,4064],[1,-69]],[[4737,3995],[-155,-4]],[[4582,3991],[-3,47]],[[4579,4038],[0,19]],[[2599,3510],[78,-65]],[[2677,3445],[-51,-79]],[[2626,3366],[-55,49]],[[2571,3415],[-30,22]],[[2541,3437],[3,50],[55,23]],[[7881,2439],[102,2]],[[7983,2441],[-6,-148]],[[7977,2293],[-108,102],[12,44]],[[5470,6831],[-54,-27]],[[5416,6804],[-63,104]],[[5353,6908],[87,30],[-4,-64],[34,-43]],[[5161,5094],[77,1]],[[5238,5095],[1,-7]],[[5239,5088],[21,-94]],[[5260,4994],[31,-38],[1,-113]],[[5292,4843],[-13,2]],[[4985,1886],[56,41]],[[5041,1927],[31,1]],[[5072,1928],[32,-76]],[[5104,1852],[2,-53]],[[5106,1799],[-113,-52]],[[4993,1747],[-7,51]],[[4986,1798],[-1,88]],[[5106,1799],[45,20]],[[5151,1819],[-22,-133]],[[5129,1686],[-134,-2],[-2,63]],[[8134,7478],[37,37]],[[8171,7515],[85,0]],[[8256,7515],[0,-18]],[[8256,7497],[-13,-129]],[[8243,7368],[-47,26]],[[8196,7394],[-62,71]],[[8134,7465],[0,13]],[[2224,3537],[39,38]],[[2263,3575],[40,3]],[[2303,3578],[1,-53]],[[2304,3525],[0,-20]],[[2304,3505],[-97,0]],[[2207,3505],[17,32]],[[8991,2815],[228,-3]],[[9219,2812],[2,-153]],[[9221,2659],[-220,17]],[[9001,2676],[-10,139]],[[8793,416],[9,-96]],[[8802,320],[-33,-4]],[[8769,316],[-48,49]],[[8721,365],[72,51]],[[4296,2084],[13,41]],[[4309,2125],[7,102]],[[4316,2227],[97,1]],[[4413,2228],[23,-81]],[[4436,2147],[-115,-127]],[[4321,2020],[-25,54]],[[4296,2074],[0,10]],[[4646,2952],[0,-32]],[[4646,2920],[-108,-9]],[[4538,2911],[37,53]],[[8231,3593],[107,10]],[[8338,3603],[2,-97],[-102,-86]],[[8238,3420],[-1,28]],[[8237,3448],[-6,145]],[[5613,3912],[7,-5]],[[5620,3907],[81,-71],[60,0]],[[5849,3837],[141,11]],[[5990,3848],[38,-90]],[[6028,3758],[-13,1]],[[6015,3759],[-242,7],[112,-75]],[[5885,3691],[18,-10]],[[5903,3681],[-46,3]],[[5857,3684],[-227,20],[-46,23]],[[5584,3727],[21,49],[8,136]],[[10181,2486],[188,-67],[2,-111]],[[10371,2308],[2,-102]],[[10373,2206],[-220,-5]],[[10153,2201],[-5,254],[33,31]],[[7188,6245],[110,11],[25,34],[2,96]],[[7325,6386],[206,-5]],[[7449,6162],[-34,-93]],[[7415,6069],[-32,-86]],[[7298,5983],[-66,1]],[[7232,5984],[-44,261]],[[5719,3210],[55,-2]],[[5774,3208],[0,-43]],[[5774,3165],[3,-73]],[[5777,3092],[-23,-1]],[[5754,3091],[-35,73]],[[5719,3164],[0,46]],[[5066,2090],[66,6]],[[5132,2096],[32,1]],[[5164,2097],[-7,-87]],[[5157,2010],[-87,51]],[[5070,2061],[-4,29]],[[6846,1830],[88,8]],[[6934,1838],[1,-109]],[[6935,1729],[-48,0],[-41,54]],[[5094,6045],[73,23]],[[5167,6068],[-9,-58],[75,-15]],[[5233,5995],[-63,-52],[-73,0]],[[5097,5943],[-3,102]],[[5336,3076],[90,0]],[[5426,3076],[3,-53]],[[5429,3023],[-3,-15]],[[5426,3008],[-90,-4]],[[5336,3004],[0,72]],[[7314,6678],[140,2]],[[7454,6680],[176,-1]],[[7630,6679],[-18,-49]],[[7612,6630],[-299,1],[1,47]],[[10401,3979],[131,14]],[[10532,3993],[79,15]],[[10611,4008],[103,20]],[[10714,4028],[72,13]],[[10786,4041],[46,-353]],[[10832,3688],[-145,32]],[[10687,3720],[-126,24]],[[10561,3744],[-2,1]],[[10559,3745],[5,155],[-162,-2]],[[10402,3898],[-1,81]],[[8615,2719],[7,-7]],[[8622,2712],[-14,-71]],[[8608,2641],[-63,44]],[[8545,2685],[70,34]],[[4482,4178],[96,3]],[[4578,4181],[0,-36]],[[4578,4145],[-102,0]],[[4476,4145],[6,33]],[[6015,3759],[-59,-18]],[[5956,3741],[-71,-1],[0,-49]],[[8041,1840],[-39,-38]],[[8002,1802],[-24,37]],[[6443,4415],[89,-8]],[[6532,4407],[2,-54]],[[6534,4353],[-94,-1]],[[6440,4352],[3,63]],[[3862,2889],[60,2]],[[3922,2891],[1,-27]],[[3923,2864],[-55,-5]],[[3868,2859],[-6,30]],[[5347,4699],[23,-48]],[[5370,4651],[14,-29]],[[5384,4622],[-50,8]],[[5334,4630],[-22,10]],[[5312,4640],[35,59]],[[5040,2061],[30,0]],[[5070,2061],[2,-133]],[[5041,1927],[0,90]],[[5041,2017],[-1,44]],[[5736,2574],[37,0]],[[5773,2574],[7,-16]],[[5780,2558],[-44,-7]],[[5736,2551],[0,23]],[[3147,4482],[0,-94]],[[3147,4388],[-107,0]],[[3040,4388],[19,107]],[[5432,7143],[133,88]],[[5565,7231],[101,-30]],[[5666,7201],[-88,-11],[-134,-76]],[[5444,7114],[-12,29]],[[10373,2154],[1,-68]],[[10374,2086],[-114,-2],[15,69],[98,1]],[[7161,2623],[13,-28]],[[7174,2595],[-35,-69]],[[7139,2526],[-107,49]],[[7032,2575],[129,48]],[[5067,4154],[173,-8]],[[5240,4146],[2,-29]],[[5242,4117],[-48,2]],[[5194,4119],[-77,4]],[[5117,4123],[-50,-1]],[[5067,4122],[0,32]],[[6731,4611],[19,-76]],[[6750,4535],[-51,0],[-45,-64]],[[6654,4471],[-25,120]],[[6629,4591],[102,20]],[[8403,2323],[55,0]],[[8458,2323],[3,-123]],[[8405,2198],[-2,125]],[[2959,4914],[98,-22]],[[3057,4892],[0,-53]],[[3057,4839],[-95,-3]],[[2962,4836],[-3,78]],[[5384,4622],[68,0],[58,-32]],[[5510,4590],[22,-54]],[[5532,4536],[-107,-1]],[[5425,4535],[-20,42]],[[5405,4577],[-21,45]],[[6526,2582],[58,-54]],[[6584,2528],[-16,-48]],[[6568,2480],[-97,36]],[[6471,2516],[-22,9]],[[7151,3201],[7,13]],[[7158,3214],[7,12]],[[7165,3226],[108,-41]],[[7273,3185],[-13,-37]],[[7260,3148],[-109,53]],[[5611,6027],[-24,124]],[[5587,6151],[67,3]],[[5654,6154],[121,4]],[[5775,6158],[1,-72]],[[5776,6086],[-94,-2],[2,-121]],[[5684,5963],[-107,-16]],[[5577,5947],[34,80]],[[4373,4145],[3,1]],[[4376,4146],[77,-1]],[[4453,4145],[23,-43]],[[4476,4102],[6,-72]],[[4482,4030],[1,-67]],[[4483,3963],[0,-12]],[[4483,3951],[-107,-12]],[[4376,3939],[-3,206]],[[5023,2220],[40,3]],[[5063,2223],[3,-133]],[[5066,2090],[-26,-8]],[[5040,2082],[-17,138]],[[3399,4869],[78,1]],[[3477,4870],[0,-23]],[[3477,4847],[1,-51]],[[3425,4813],[-18,20]],[[3407,4833],[-8,36]],[[4311,2461],[74,-1]],[[4424,2410],[-8,-42]],[[4416,2368],[-6,-42]],[[4410,2326],[-109,-5]],[[4301,2321],[10,140]],[[4609,2085],[68,0]],[[4677,2085],[2,-144]],[[4669,1899],[-24,25]],[[4645,1924],[-124,124]],[[4521,2048],[88,37]],[[4664,5188],[0,-43]],[[4664,5145],[1,-116]],[[4665,5029],[-39,32]],[[4626,5061],[0,49]],[[4626,5110],[-25,70]],[[4601,5180],[63,8]],[[6629,2545],[31,83],[58,-21]],[[6718,2607],[-9,-26]],[[6690,2522],[-25,-72]],[[6665,2450],[-60,23]],[[6605,2473],[24,72]],[[5011,2342],[38,-32]],[[5049,2310],[0,-32]],[[5049,2278],[-37,-1]],[[5012,2277],[-1,65]],[[7535,2169],[56,-2]],[[7591,2167],[-7,-14]],[[7584,2153],[-24,-1]],[[7560,2152],[-25,0]],[[7535,2152],[0,17]],[[10588,3597],[50,0]],[[10638,3597],[61,-17],[133,0]],[[10832,3580],[2,-112]],[[10834,3468],[-155,-26]],[[10679,3442],[-88,50]],[[10591,3492],[-3,105]],[[3617,3357],[46,-52]],[[3663,3305],[17,-172]],[[3680,3133],[-22,0]],[[3658,3133],[-71,-1]],[[3587,3132],[-3,131],[33,94]],[[8901,6638],[168,2],[81,-27]],[[9150,6613],[8,-80],[-20,-81]],[[9138,6452],[-2,-1]],[[9136,6451],[-64,51],[-102,-18]],[[8970,6484],[-64,49]],[[8906,6533],[26,77],[-31,28]],[[2783,4276],[52,-8]],[[2835,4268],[0,-23]],[[2833,4176],[-99,0]],[[2734,4176],[49,100]],[[4558,6102],[94,65]],[[4652,6167],[67,-140],[57,-2],[180,129]],[[4956,6154],[49,23]],[[5005,6177],[43,-97]],[[5048,6080],[-76,-42]],[[4972,6038],[-113,-94]],[[4859,5944],[-151,20]],[[4708,5964],[-150,138]],[[5767,6363],[34,47]],[[5801,6410],[60,-38]],[[5861,6372],[46,-80]],[[5907,6292],[-54,-18]],[[5853,6274],[-86,89]],[[5112,7713],[42,4]],[[5154,7717],[148,-9]],[[5302,7708],[-13,-106],[-59,-49]],[[5230,7553],[-119,36]],[[5111,7589],[1,124]],[[5523,4237],[103,-31]],[[5626,4206],[0,-42]],[[5626,4164],[-101,0]],[[5525,4164],[-2,73]],[[3815,2372],[0,-35]],[[3739,2336],[76,36]],[[2905,5233],[4,1]],[[2909,5234],[56,-46],[47,-78],[44,-4]],[[3056,5106],[1,-75]],[[3057,5031],[-37,0]],[[3020,5031],[-57,72],[-57,16]],[[2906,5119],[-1,114]],[[4807,4067],[144,-75]],[[4951,3992],[-80,-24]],[[4871,3968],[-23,-5]],[[4848,3963],[-40,90]],[[4808,4053],[-1,12]],[[4807,4065],[0,2]],[[4698,4181],[38,86]],[[4736,4267],[51,0]],[[4787,4267],[0,-81]],[[4787,4186],[0,-8]],[[4787,4178],[-89,3]],[[7523,2696],[38,33]],[[7561,2729],[4,3]],[[7565,2732],[21,-114]],[[7586,2618],[-62,11]],[[7524,2629],[-1,67]],[[5226,3771],[17,-2]],[[5243,3769],[103,-1]],[[5346,3768],[1,-67]],[[5347,3701],[-80,-16]],[[5267,3685],[-41,77]],[[5226,3762],[0,9]],[[6608,4662],[-120,-1]],[[6488,4661],[-1,21]],[[6487,4682],[0,32]],[[7408,2784],[83,-38]],[[7491,2746],[6,-67]],[[7497,2679],[-34,25]],[[7463,2704],[-1,41],[-54,39]],[[6363,2794],[51,20]],[[6414,2814],[37,-129]],[[6451,2685],[-104,51]],[[6347,2736],[16,58]],[[3057,5031],[90,-12]],[[3224,5019],[-12,-126]],[[3212,4893],[-27,5]],[[3185,4898],[1,67]],[[3186,4965],[-3,41],[-119,-1],[-1,-57]],[[3063,4948],[-7,0]],[[3056,4948],[1,83]],[[7534,2207],[21,0]],[[7555,2207],[36,-40]],[[7535,2169],[-1,38]],[[8002,1802],[-26,-1]],[[7976,1801],[-23,25]],[[5675,7003],[46,-27]],[[5721,6976],[18,-41]],[[5739,6935],[-81,22]],[[5658,6957],[17,46]],[[5972,3066],[1,-70]],[[5973,2996],[-39,0]],[[5904,2995],[-34,39]],[[5870,3034],[-2,22]],[[5523,4260],[6,56]],[[5529,4316],[57,-67]],[[5586,4249],[-63,0]],[[5523,4249],[0,11]],[[6184,5962],[15,1]],[[6253,5946],[0,-16]],[[6210,5919],[-7,10]],[[6203,5929],[-19,33]],[[4451,7605],[55,27]],[[4506,7632],[96,5],[75,80],[88,37]],[[4765,7754],[1,-169]],[[4766,7585],[-70,-6]],[[4696,7579],[-182,-1]],[[4514,7578],[-63,27]],[[3049,5255],[7,-149]],[[2909,5234],[140,21]],[[8654,4403],[103,58]],[[8757,4461],[22,-31],[-30,-81],[-1,-86]],[[8748,4263],[-48,81]],[[8700,4344],[-46,59]],[[5851,4913],[99,1]],[[5950,4914],[16,-55]],[[5966,4859],[-98,-43]],[[5868,4816],[-15,14]],[[5853,4830],[-2,83]],[[6168,2812],[-24,-36]],[[6144,2776],[-105,19]],[[6039,2795],[-1,65]],[[6568,2480],[-13,-42]],[[6555,2438],[-99,37]],[[6456,2475],[15,41]],[[5931,4053],[111,2]],[[6042,4055],[1,-27]],[[6043,4028],[6,-54]],[[6049,3974],[-69,0]],[[5980,3974],[-48,26]],[[5932,4000],[-1,53]],[[5126,3079],[63,1]],[[5189,3080],[28,-78]],[[5217,3002],[-8,-2]],[[5209,3000],[-82,3]],[[5127,3003],[0,29]],[[5127,3032],[-1,47]],[[8334,2445],[45,1]],[[8379,2446],[9,0]],[[8388,2446],[14,-79]],[[8402,2367],[-67,-2]],[[8335,2365],[-1,80]],[[7612,6630],[51,-19],[-82,-250]],[[7531,6381],[81,249]],[[5075,4693],[-1,150]],[[5074,4843],[148,1]],[[5222,4844],[-21,-69],[-2,-131]],[[5199,4644],[0,-119]],[[5199,4525],[-43,-1]],[[5156,4524],[-141,97]],[[5015,4621],[10,37]],[[3908,3270],[119,-17]],[[4027,3253],[-1,-10]],[[4026,3243],[-31,-105]],[[3995,3138],[-85,-1]],[[3910,3137],[-2,133]],[[4634,3902],[73,12]],[[4707,3914],[22,-66]],[[4729,3848],[-94,-18]],[[4635,3830],[-1,72]],[[4592,3766],[-6,-75]],[[4587,3520],[-17,-1]],[[4570,3519],[-45,15]],[[4525,3534],[-3,134]],[[4522,3668],[-1,99],[71,-1]],[[5730,7020],[55,17]],[[5783,6998],[-65,-3]],[[5718,6995],[12,25]],[[4731,3836],[61,2],[23,47]],[[4815,3885],[24,-86]],[[4839,3799],[3,-35]],[[4842,3764],[-116,1]],[[4726,3765],[0,12]],[[4726,3777],[5,59]],[[5718,6995],[3,-19]],[[5675,7003],[55,17]],[[4615,2616],[44,30]],[[4659,2646],[1,-31]],[[4660,2615],[28,-71]],[[4688,2544],[-27,-6]],[[4604,2537],[11,79]],[[5250,3127],[0,-51]],[[5250,3076],[-61,4]],[[5189,3080],[-1,15]],[[5188,3095],[0,24]],[[5188,3119],[0,7]],[[4943,2833],[62,-34]],[[5005,2799],[-14,-15]],[[4508,2484],[1,-35]],[[4509,2449],[-17,-25]],[[2114,3651],[111,-3]],[[2225,3648],[77,-2]],[[2302,3646],[1,-30]],[[2303,3616],[0,-38]],[[2263,3575],[-62,49],[-61,-50]],[[2140,3574],[-26,77]],[[4755,3003],[94,2]],[[4849,3005],[4,-64]],[[4757,2931],[-2,72]],[[4575,2794],[16,1]],[[4591,2795],[57,-16]],[[4648,2779],[10,-52]],[[4658,2727],[-57,-1]],[[4601,2726],[-24,0]],[[4577,2726],[0,29]],[[4577,2755],[-2,36]],[[4575,2791],[0,3]],[[4802,3152],[41,1]],[[4843,3153],[7,-109]],[[4850,3044],[-50,-1]],[[4800,3043],[-1,78]],[[4293,2561],[76,-42]],[[4369,2519],[-67,-11]],[[4302,2508],[-9,53]],[[4118,2806],[50,7]],[[4168,2813],[76,1]],[[4244,2814],[1,-82],[-127,74]],[[4031,3702],[51,48]],[[4082,3750],[2,-91]],[[4084,3659],[-51,6]],[[4033,3665],[-2,37]],[[3712,3713],[61,-29]],[[3773,3684],[-34,-83]],[[3739,3601],[-19,14]],[[3720,3615],[-8,98]],[[4514,2432],[29,-7]],[[4543,2425],[128,-17]],[[4671,2408],[-60,-65]],[[4611,2343],[-87,-7]],[[4524,2336],[-4,81]],[[4520,2417],[-6,15]],[[4760,3043],[-5,-40]],[[4755,3003],[-36,-6]],[[4719,2997],[-32,40]],[[4687,3037],[73,6]],[[4371,3075],[-38,14]],[[4333,3089],[39,27]],[[4287,3026],[40,0]],[[4327,3026],[27,-83]],[[4348,2892],[-59,-7]],[[4289,2885],[-2,141]],[[4108,2755],[0,-45]],[[4108,2710],[-23,-1]],[[4085,2709],[23,46]],[[3808,3628],[19,5]],[[3827,3633],[78,0]],[[3905,3584],[-73,23]],[[3832,3607],[-24,21]],[[3878,2753],[46,0]],[[3924,2753],[1,-46]],[[3925,2707],[-34,-1]],[[3891,2706],[-12,0]],[[3879,2706],[-1,47]],[[3384,3092],[-8,-79]],[[3376,3013],[-4,-31]],[[3323,3029],[61,63]],[[4595,3149],[53,1]],[[4648,3150],[-4,-63]],[[4644,3087],[-48,31]],[[4596,3118],[-1,31]],[[4137,3204],[45,-62]],[[4182,3142],[-42,-1]],[[4140,3141],[-3,63]],[[3490,3013],[-2,-90]],[[3488,2923],[-61,-14]],[[3427,2909],[8,105],[55,-1]],[[9377,979],[-21,-48]],[[9356,931],[-56,27],[24,47]],[[4436,3425],[52,-63]],[[4488,3362],[0,-77]],[[4488,3285],[-50,2]],[[4438,3287],[-1,81]],[[4307,3404],[31,0]],[[4338,3404],[25,-102]],[[4363,3302],[-3,-19]],[[4360,3283],[-50,5]],[[4310,3288],[-3,116]],[[5669,2390],[8,82],[60,-12]],[[6042,2424],[1,-52]],[[6043,2372],[-47,-2]],[[5996,2370],[8,55]],[[9336,2525],[124,3]],[[9460,2528],[2,-136]],[[9462,2392],[-123,-3]],[[9339,2389],[-3,136]],[[8560,2425],[124,2]],[[8684,2427],[1,-67]],[[8685,2360],[-42,-1]],[[8643,2359],[-72,0]],[[8571,2359],[-11,-1]],[[8560,2358],[0,67]],[[8861,3977],[40,-17]],[[8901,3960],[4,-129]],[[8905,3831],[-72,24]],[[8811,3855],[-21,72]],[[8790,3927],[58,2],[13,48]],[[5623,5090],[112,12]],[[5751,5103],[84,3]],[[5835,5106],[15,-85]],[[5850,5021],[1,-108]],[[5853,4830],[-79,81]],[[5774,4911],[-151,179]],[[6383,5806],[277,3]],[[6660,5809],[448,3]],[[7108,5812],[-8,-116]],[[7100,5696],[-204,-7],[-135,7]],[[6761,5696],[-99,13]],[[6662,5709],[-177,27],[-86,-9]],[[6399,5727],[-16,79]],[[8734,6568],[33,22]],[[8767,6590],[32,5]],[[8799,6595],[7,-122]],[[8806,6473],[0,-6]],[[8806,6467],[-83,-19]],[[8723,6448],[24,65],[-13,55]],[[6185,4088],[89,-3]],[[6274,4085],[2,-53]],[[6276,4032],[-49,-1]],[[6227,4031],[-40,-1]],[[6187,4030],[-2,58]],[[7417,5703],[69,-18],[54,-51],[-14,-125]],[[7526,5509],[-106,-37]],[[8715,3745],[72,1]],[[8787,3746],[1,-68]],[[8716,3676],[-1,69]],[[7961,5191],[88,31],[167,32],[130,-6]],[[8346,5248],[1,-64]],[[8347,5184],[-41,-44],[-18,-68]],[[8288,5072],[-309,1]],[[7979,5073],[16,59],[-34,59]],[[8220,2007],[36,7]],[[8256,2014],[38,1]],[[8294,2015],[2,-94]],[[8260,1830],[-56,71]],[[8204,1901],[-13,17]],[[8826,474],[46,42],[150,42]],[[9022,558],[122,-155]],[[9144,403],[-78,-50],[-179,-22]],[[8887,331],[-51,51],[-10,92]],[[5345,5144],[19,-55]],[[5364,5089],[-56,7]],[[5308,5096],[37,48]],[[6201,5638],[48,-88],[-55,-21]],[[6194,5529],[-22,84]],[[6172,5613],[-12,16]],[[6160,5629],[41,9]],[[2297,4396],[132,1]],[[2429,4397],[2,-194]],[[2431,4203],[-11,0]],[[2297,4395],[0,1]],[[5465,1419],[92,2]],[[5557,1421],[4,-89],[-93,33]],[[5468,1365],[-3,54]],[[5245,2757],[46,25]],[[5291,2782],[46,1]],[[5337,2783],[0,-24]],[[5337,2759],[1,-25]],[[5292,2734],[-47,0]],[[5245,2734],[0,23]],[[5107,2217],[11,0]],[[5118,2217],[44,0]],[[5162,2217],[0,-43]],[[5162,2174],[2,-77]],[[5132,2096],[-25,121]],[[5015,2081],[25,1]],[[5040,2061],[-25,20]],[[5976,2795],[63,0]],[[6039,2795],[0,-53]],[[6039,2742],[2,-20]],[[6041,2722],[-64,-3]],[[5977,2719],[-1,23]],[[5976,2742],[0,53]],[[3001,3958],[70,0],[2,-86],[-71,0]],[[3002,3872],[0,14]],[[3002,3915],[-1,43]],[[2844,4573],[133,1],[8,45]],[[2985,4619],[72,0]],[[3040,4388],[-1,-2]],[[3039,4386],[-192,2]],[[2847,4388],[-1,90]],[[2846,4478],[-1,86]],[[2845,4564],[-1,9]],[[3374,4624],[31,0]],[[3405,4624],[20,-110]],[[3425,4514],[-46,0]],[[3379,4514],[-5,110]],[[5036,2421],[56,-1]],[[5092,2420],[63,1]],[[5151,2373],[-132,-21]],[[5019,2352],[17,69]],[[6185,3170],[1,-23]],[[6186,3147],[-2,-33]],[[6184,3114],[-75,-2]],[[6109,3112],[0,57]],[[2199,4204],[98,1]],[[2298,4150],[2,-144]],[[2300,4006],[-100,-2]],[[2200,4004],[-1,146]],[[2199,4150],[0,54]],[[5975,2859],[63,1]],[[5976,2795],[-1,64]],[[2783,4276],[-77,23]],[[2706,4299],[22,58],[94,-18],[-39,-63]],[[5849,1797],[88,-4]],[[5937,1793],[3,-81]],[[5940,1712],[-88,-2]],[[5852,1710],[-3,87]],[[3214,4838],[64,-2]],[[3278,4836],[39,-41]],[[3317,4795],[-10,-34]],[[3207,4762],[7,76]],[[4645,1924],[-30,-28],[-141,-13]],[[4474,1883],[-34,19]],[[4440,1902],[56,1],[3,136],[22,9]],[[5303,2384],[1,56]],[[5304,2440],[25,0]],[[5329,2440],[2,-70]],[[5331,2370],[-28,14]],[[4678,2156],[89,15]],[[4767,2171],[0,-94]],[[4767,2077],[-90,8]],[[4677,2085],[1,71]],[[5244,2829],[35,24]],[[5279,2853],[0,25]],[[5279,2878],[57,0]],[[5336,2878],[1,-95]],[[5291,2782],[-46,0]],[[5245,2782],[-1,47]],[[5273,2006],[0,9]],[[5273,2015],[202,4]],[[5475,2019],[1,-50]],[[5273,1969],[0,37]],[[4920,2079],[36,2]],[[4956,2081],[27,0]],[[4983,2081],[1,-59]],[[4984,2022],[-88,-4],[-6,58]],[[3484,3397],[96,0]],[[3580,3397],[0,-69],[-96,10]],[[3484,3338],[0,59]],[[6588,4587],[41,4]],[[6654,4471],[-101,3]],[[6553,4474],[0,66],[35,47]],[[6562,4159],[43,1]],[[6605,4160],[40,1]],[[6646,4073],[-86,-1]],[[6560,4072],[2,87]],[[8697,2726],[98,-2]],[[8795,2724],[1,-72]],[[8796,2652],[-97,1]],[[8699,2653],[-2,73]],[[5439,3268],[31,0]],[[5470,3268],[1,-72]],[[5471,3196],[-31,-3]],[[5440,3193],[-1,75]],[[5432,3576],[104,-65]],[[5536,3511],[-56,-30]],[[5480,3481],[-48,9]],[[5432,3490],[0,86]],[[5554,3750],[30,-23]],[[5584,3727],[-25,-102]],[[5559,3625],[-36,0]],[[5523,3625],[-11,55],[42,70]],[[9259,748],[66,-44]],[[9325,704],[-23,-53],[55,-64]],[[9357,587],[-73,-64]],[[9284,523],[-116,148]],[[9168,671],[26,24]],[[8458,3944],[14,63],[44,4]],[[8516,4011],[16,-68]],[[8532,3943],[-40,-58]],[[8492,3885],[-28,13]],[[8464,3898],[-6,46]],[[8945,956],[41,-52]],[[8986,904],[-65,-6]],[[8921,898],[-8,26]],[[8913,924],[32,32]],[[7560,2152],[1,-45]],[[7561,2107],[-25,-1]],[[7536,2106],[-1,46]],[[6157,3584],[51,-7]],[[6208,3577],[-1,-39]],[[6111,3532],[46,52]],[[5429,3023],[42,37]],[[5502,3061],[7,20]],[[5509,3081],[7,0]],[[5516,3081],[-4,-39]],[[5512,3042],[-86,-34]],[[7453,2881],[188,-90]],[[7641,2791],[-76,-59]],[[7561,2729],[-40,52]],[[7521,2781],[-68,100]],[[5754,3091],[-33,0]],[[5721,3091],[-1,45]],[[5720,3136],[-1,28]],[[7022,3216],[73,-27],[15,43]],[[7110,3232],[48,-18]],[[7151,3201],[-28,-49]],[[7123,3152],[-115,43]],[[7008,3195],[14,21]],[[6836,3696],[3,69]],[[6839,3765],[1,133]],[[6840,3898],[30,0]],[[6870,3898],[15,-146]],[[6885,3752],[0,-48]],[[6885,3704],[-49,-26]],[[6836,3678],[0,18]],[[4569,6343],[49,-9]],[[4618,6334],[44,6],[32,-62]],[[4694,6278],[43,-60]],[[4737,6218],[-85,-51]],[[4652,6167],[-25,53]],[[4627,6220],[-58,123]],[[3220,5167],[57,-17]],[[3277,5150],[-39,-62],[17,-69]],[[3255,5019],[-31,0]],[[5014,2134],[1,-53]],[[5015,2081],[-32,0]],[[4983,2081],[0,53]],[[5896,1333],[-8,-23]],[[5888,1310],[-153,-9],[-2,123]],[[7649,1395],[71,50],[1,42]],[[7721,1487],[56,0]],[[7651,1365],[-2,30]],[[10573,3678],[15,-81]],[[10588,3597],[-84,-3]],[[10467,3668],[106,10]],[[10593,4146],[104,3],[17,-121]],[[10611,4008],[-18,138]],[[4508,2484],[27,16]],[[4535,2500],[4,-9]],[[4539,2491],[4,-66]],[[4514,2432],[-5,17]],[[7584,2153],[1,-46]],[[7585,2107],[-24,0]],[[6145,4582],[35,-8]],[[6180,4574],[21,-82],[94,-69]],[[6295,4423],[-45,26],[-104,-2]],[[6146,4447],[-1,135]],[[6292,3000],[52,-69]],[[6344,2931],[-64,45]],[[6280,2976],[12,24]],[[6240,3242],[-5,-3]],[[6235,3239],[-23,-14]],[[6212,3225],[-40,76]],[[6172,3301],[68,-59]],[[5847,3215],[39,1]],[[5886,3216],[40,0]],[[5926,3216],[45,-27]],[[5971,3189],[0,-21]],[[5971,3168],[-123,-2]],[[5848,3166],[-1,49]],[[5700,5854],[67,1],[9,-63]],[[5776,5792],[-164,1]],[[5612,5793],[88,61]],[[8189,6341],[56,33]],[[8245,6374],[157,63]],[[8402,6437],[26,-96]],[[8428,6341],[-183,-18]],[[8245,6323],[-56,18]],[[6122,4825],[28,0]],[[6150,4825],[53,1],[-1,73]],[[6202,4899],[24,0]],[[6226,4899],[8,-135]],[[6234,4764],[-85,-3]],[[6149,4761],[-27,64]],[[9953,4282],[232,4]],[[10185,4286],[33,-150]],[[10218,4136],[0,-4]],[[10218,4132],[-261,-6]],[[9957,4126],[-2,66]],[[9955,4192],[-2,90]],[[5846,2994],[-69,-21]],[[5777,2973],[-13,-8]],[[5764,2965],[-6,55],[112,14]],[[8812,7329],[36,69]],[[8848,7398],[87,-46]],[[8935,7352],[-10,-97],[-118,29]],[[8807,7284],[5,45]],[[6444,3612],[3,-89]],[[6447,3523],[-79,38]],[[6368,3561],[0,68],[-47,45]],[[6321,3674],[115,30],[45,-11]],[[6268,3569],[12,-1]],[[6280,3568],[68,-23],[21,-43]],[[6369,3502],[-34,-29]],[[6335,3473],[-72,12]],[[6263,3485],[5,84]],[[6280,3568],[88,-7]],[[6447,3523],[2,-54]],[[6449,3469],[-80,33]],[[6312,3821],[39,0]],[[6351,3768],[-35,-40]],[[6316,3728],[-2,8]],[[6314,3736],[-2,85]],[[7764,3559],[96,-13]],[[7860,3546],[1,-55]],[[7861,3491],[0,-47]],[[7861,3444],[-49,3]],[[7812,3447],[-46,3],[-2,109]],[[6906,3661],[83,3]],[[6989,3664],[0,-43]],[[6989,3621],[-103,-47]],[[6886,3574],[20,87]],[[9395,970],[49,-13]],[[9444,957],[19,-20],[-68,-150]],[[9395,787],[-48,24]],[[9347,811],[-2,42],[50,117]],[[4959,4843],[42,-1]],[[5001,4842],[14,-46]],[[5015,4796],[-58,-10]],[[4957,4786],[2,57]],[[4381,6970],[63,44]],[[4444,7014],[35,-59]],[[4479,6955],[-110,-71],[27,-25]],[[4396,6859],[-56,-34]],[[4340,6825],[-42,88]],[[4298,6913],[83,57]],[[5478,7048],[50,34]],[[5528,7082],[94,-122]],[[5622,6960],[-16,-31],[53,-107]],[[5659,6822],[-38,-21]],[[5527,6958],[-49,90]],[[5419,7702],[-4,-140]],[[5415,7562],[-30,42],[0,98]],[[4142,5914],[218,-20]],[[4360,5894],[-197,-149]],[[4163,5745],[-21,-15]],[[4142,5730],[1,84]],[[4143,5814],[-1,100]],[[8482,2021],[1,-67]],[[8483,1954],[2,-99]],[[8485,1855],[-56,-3]],[[8399,1899],[-74,117]],[[3489,2806],[105,10]],[[3594,2816],[1,-47]],[[3595,2769],[-62,-29],[-44,16]],[[3489,2756],[0,50]],[[4854,2832],[13,0]],[[4867,2832],[10,0]],[[4877,2832],[1,-34]],[[4878,2798],[-24,34]],[[5267,3320],[20,0]],[[5287,3320],[15,-87]],[[5302,3233],[0,-2]],[[5302,3231],[-33,-14]],[[5269,3217],[-1,44]],[[5268,3261],[-1,59]],[[3771,3272],[64,1]],[[3835,3273],[-40,-50]],[[3795,3223],[-32,4]],[[3763,3227],[8,45]],[[4236,3232],[27,-1]],[[4263,3231],[0,-24]],[[4263,3207],[-27,0]],[[4236,3207],[0,25]],[[4886,3204],[16,-11]],[[4902,3193],[-15,-36]],[[4887,3157],[-1,47]],[[4940,3238],[50,30]],[[4990,3268],[1,-46]],[[4991,3222],[-6,-68]],[[4985,3154],[-20,0]],[[4965,3154],[-24,52]],[[4941,3206],[-1,32]],[[5244,2852],[35,1]],[[5244,2829],[0,23]],[[4756,4303],[30,2]],[[4786,4287],[-30,16]],[[4081,6179],[56,-3]],[[4137,6176],[1,-46]],[[4138,6130],[-85,-18]],[[4053,6112],[28,67]],[[7834,5909],[2,-159]],[[7836,5750],[-66,3]],[[7770,5753],[-21,30],[-1,110]],[[7748,5893],[86,16]],[[2835,5122],[66,-6]],[[2901,5116],[1,-86]],[[2902,5030],[-69,0]],[[2833,5030],[2,92]],[[4182,3142],[55,1]],[[4237,3143],[5,-51]],[[4242,3092],[-54,7]],[[4188,3099],[-6,43]],[[2560,4900],[87,-3]],[[2647,4897],[2,-110]],[[2649,4787],[-99,-5],[0,57]],[[5291,6143],[28,-43]],[[5319,6100],[-60,-81]],[[5259,6019],[-19,1]],[[5240,6020],[-2,106]],[[5238,6126],[53,17]],[[6276,5075],[34,-68]],[[6310,5007],[4,-7]],[[6314,5000],[-113,-27]],[[6201,4973],[13,128],[62,-26]],[[6379,2331],[88,31],[20,-105]],[[6487,2257],[-126,-19]],[[6361,2238],[18,93]],[[5334,3159],[28,2]],[[5362,3161],[63,-36]],[[5425,3125],[1,-49]],[[5336,3076],[-2,83]],[[5199,3427],[29,5]],[[5228,3432],[4,-64]],[[5230,3319],[-30,-1]],[[5200,3318],[-1,109]],[[5064,3374],[60,29]],[[5124,3403],[0,-84]],[[5124,3319],[-18,2]],[[5106,3321],[-42,5]],[[5064,3326],[0,32]],[[5064,3358],[0,16]],[[5850,5021],[100,-12]],[[5950,5009],[0,-95]],[[6041,2722],[81,21]],[[6122,2743],[29,-51]],[[6093,2665],[-28,-38]],[[6065,2627],[-21,-2]],[[6044,2625],[-29,7]],[[6015,2632],[-38,38]],[[5977,2670],[0,49]],[[6116,5627],[44,2]],[[6172,5613],[-50,-47]],[[6122,5566],[-6,61]],[[6024,5830],[121,-1]],[[6145,5829],[9,-47]],[[6154,5782],[-117,-3]],[[6037,5779],[-13,51]],[[7403,2162],[83,2]],[[7486,2164],[27,39]],[[7513,2203],[21,4]],[[7536,2106],[-132,-5]],[[7404,2101],[-1,61]],[[6662,2008],[6,105]],[[6668,2113],[73,0]],[[6741,2113],[2,-100]],[[6743,2013],[-81,-5]],[[5249,3158],[20,0]],[[5269,3158],[33,0]],[[5302,3158],[32,1]],[[5336,3076],[-86,0]],[[6377,3197],[3,49]],[[6380,3246],[59,81]],[[6439,3327],[47,-34]],[[6431,3209],[-33,-48]],[[6374,3173],[3,24]],[[5758,3999],[52,0]],[[5810,3953],[-51,13]],[[5759,3966],[-1,33]],[[6049,3974],[1,-48]],[[6050,3926],[-2,-75]],[[6048,3851],[-28,-2]],[[6020,3849],[-39,58],[-1,67]],[[5120,7384],[16,-48]],[[5136,7336],[-53,-14],[-46,31]],[[5037,7353],[-38,19],[59,77],[62,-65]],[[5086,4242],[56,71]],[[5142,4313],[4,5]],[[5146,4318],[33,-28]],[[5179,4290],[81,-70]],[[5260,4220],[-20,-74]],[[5067,4154],[19,88]],[[6253,6049],[-1,-43]],[[6252,6006],[-73,-1]],[[6179,6005],[-11,42]],[[6168,6047],[85,2]],[[3731,4808],[155,2]],[[3886,4810],[4,-42]],[[3890,4768],[-152,6],[-7,34]],[[5001,4842],[73,1]],[[5017,4715],[5,37]],[[5022,4752],[-7,44]],[[2302,3713],[91,-1],[54,74]],[[2447,3786],[32,0]],[[2480,3706],[0,-41]],[[2480,3665],[-178,-19]],[[2302,3646],[0,67]],[[4541,6402],[28,-59]],[[4569,6343],[-42,-2],[-27,-58]],[[4500,6283],[-45,-10]],[[4455,6273],[-2,166]],[[6930,5369],[90,5]],[[7020,5374],[1,-41]],[[7021,5333],[-30,-2]],[[6991,5331],[-68,13]],[[6923,5344],[7,25]],[[5199,4413],[58,2]],[[5257,4415],[76,-85]],[[5333,4330],[-52,-8]],[[5281,4322],[-81,40],[-1,51]],[[7994,1152],[9,-41]],[[8003,1111],[-116,-69]],[[7887,1042],[-62,61]],[[7825,1103],[25,30],[144,19]],[[5830,6454],[5,28]],[[5835,6482],[76,2]],[[5911,6484],[16,-108]],[[5927,6376],[-66,-4]],[[5801,6410],[29,44]],[[7586,2618],[83,-21]],[[7669,2597],[-56,-50]],[[7613,2547],[-88,43]],[[7525,2590],[-1,39]],[[6091,4899],[58,0]],[[6149,4899],[1,-74]],[[6122,4825],[-31,74]],[[5525,4164],[3,-51]],[[5528,4113],[-109,121]],[[5419,4234],[104,3]],[[5930,4093],[112,2]],[[6042,4095],[0,-40]],[[5931,4053],[-1,40]],[[6253,6049],[34,0],[40,-71]],[[6327,5978],[-75,28]],[[8388,2446],[69,-22]],[[8457,2424],[1,-101]],[[8403,2323],[-1,44]],[[4163,5745],[55,-6]],[[4218,5739],[1,-122]],[[4219,5617],[-76,3]],[[4143,5620],[-1,110]],[[6270,7340],[41,-66]],[[6311,7274],[-50,-27],[2,-47]],[[6263,7200],[-107,-6]],[[6156,7194],[-7,-5]],[[6149,7189],[40,40],[-32,66],[113,45]],[[5279,4845],[68,-146]],[[5312,4640],[-113,4]],[[5240,6020],[-7,-25]],[[5167,6068],[71,58]],[[8177,7178],[26,80]],[[8203,7258],[182,-77],[29,0]],[[8414,7181],[-31,-135],[37,-114]],[[8420,6932],[-89,25],[-80,-27]],[[8251,6930],[-28,71]],[[8223,7001],[-51,128],[5,49]],[[6335,3346],[19,0]],[[6354,3346],[8,-51]],[[6362,3295],[18,-34]],[[6380,3261],[-47,-2]],[[6333,3259],[2,87]],[[7434,2882],[19,-1]],[[7521,2781],[-30,-35]],[[7408,2784],[-20,0]],[[7388,2784],[0,10]],[[7388,2794],[46,88]],[[7532,2297],[56,4]],[[7588,2301],[0,-49]],[[7588,2252],[-55,-8]],[[7533,2244],[-1,53]],[[7341,2704],[49,15],[-2,65]],[[7463,2704],[-54,9],[-32,-60]],[[7377,2653],[-47,36]],[[8782,1012],[131,-88]],[[8921,898],[8,-91],[53,-7]],[[8982,800],[-33,-26]],[[8949,774],[-63,-45]],[[8886,729],[-163,214]],[[8723,943],[59,69]],[[6458,3422],[9,30]],[[6467,3452],[87,-77],[26,39]],[[6580,3414],[64,-45],[-9,-53]],[[6635,3316],[-21,-28]],[[6614,3288],[-25,-36]],[[6498,3310],[-39,47]],[[6459,3357],[-1,65]],[[5437,3323],[47,1]],[[5484,3324],[-14,-56]],[[5439,3268],[-2,55]],[[8226,4673],[-1,-35]],[[8225,4638],[-101,-8]],[[8124,4630],[-3,97],[53,1],[52,-55]],[[3595,2769],[1,-56]],[[3596,2713],[-106,0]],[[3490,2713],[-1,43]],[[7194,3276],[50,-31]],[[7244,3245],[46,-17]],[[7290,3228],[1,-50]],[[7291,3178],[-18,7]],[[7165,3226],[29,50]],[[8996,810],[39,31]],[[9035,841],[33,-42]],[[9068,799],[-41,-35]],[[9027,764],[-31,46]],[[4021,5338],[81,-52]],[[4102,5286],[43,-21]],[[4145,5265],[-5,-96]],[[4140,5169],[-161,135]],[[3979,5304],[42,34]],[[3935,5463],[95,1]],[[4030,5464],[8,-37]],[[4038,5427],[-102,-19]],[[3936,5408],[-1,55]],[[3903,5725],[2,-94]],[[3905,5631],[-101,33]],[[3804,5664],[14,65],[85,-4]],[[4902,6613],[68,45]],[[4970,6658],[35,-57]],[[5005,6601],[1,-2]],[[5006,6599],[-52,-36],[87,-145]],[[5041,6418],[-22,-15]],[[5019,6403],[-56,88]],[[4963,6491],[-61,122]],[[5438,7703],[43,-98],[-48,-61]],[[5433,7544],[-19,0]],[[5414,7544],[1,18]],[[8133,7347],[63,47]],[[8243,7368],[-40,-110]],[[8203,7258],[-90,27]],[[8113,7285],[20,62]],[[4491,8413],[211,4]],[[4702,8417],[6,-63],[-90,-20]],[[4618,8334],[-18,45],[-113,-6]],[[4487,8373],[4,40]],[[3845,6620],[41,81]],[[3886,6701],[63,-44],[97,2]],[[4046,6659],[2,-90]],[[4048,6569],[-102,-1]],[[3946,6568],[-35,-1],[-66,-66]],[[3845,6501],[-24,80],[24,39]],[[4479,6955],[37,-66]],[[4516,6889],[11,-19]],[[4527,6870],[-6,-4]],[[4521,6866],[-88,-42]],[[4433,6824],[-37,35]],[[5470,6831],[41,8]],[[5560,6761],[-85,-55]],[[5475,6706],[-59,98]],[[5334,4630],[-20,-30]],[[5314,4600],[-72,38],[0,-128]],[[5242,4510],[-43,15]],[[6948,6827],[128,1]],[[7076,6828],[22,-28],[-20,-94]],[[7078,6706],[-130,59]],[[6948,6765],[0,62]],[[5741,6391],[26,-28]],[[5767,6363],[-3,-77],[26,-33]],[[5790,6253],[-59,6]],[[5731,6259],[10,132]],[[4788,4107],[134,14]],[[4922,4121],[16,2]],[[4938,4123],[1,-107],[31,-3]],[[4970,4013],[-19,-21]],[[4807,4067],[-19,40]],[[8152,3696],[25,1]],[[8177,3697],[3,-37]],[[8153,3659],[-1,37]],[[9189,839],[25,21]],[[9214,860],[-2,-51]],[[4112,2457],[101,-2],[4,-49]],[[4217,2406],[-104,-18]],[[4113,2388],[-1,69]],[[4578,4222],[44,-1]],[[4622,4221],[49,0]],[[4671,4221],[-1,-41]],[[4670,4180],[-11,-42]],[[4659,4138],[-81,7]],[[4578,4181],[0,7]],[[4578,4188],[0,34]],[[3907,3371],[102,-13]],[[4009,3358],[18,-105]],[[3908,3270],[-1,101]],[[4236,3186],[27,21]],[[4263,3231],[20,-7]],[[4283,3224],[3,-80]],[[4286,3144],[-49,-1]],[[4237,3143],[-1,43]],[[4984,2022],[57,-5]],[[5041,1927],[-25,0]],[[5016,1927],[-32,57]],[[4984,1984],[0,38]],[[6846,1753],[0,-49]],[[6846,1704],[-52,1]],[[6794,1705],[52,48]],[[6397,6157],[0,-100],[-45,-76]],[[6352,5981],[-23,-13]],[[6329,5968],[-2,10]],[[6168,6047],[-15,118]],[[6153,6165],[244,-8]],[[8260,4407],[146,75]],[[8406,4482],[-16,-81]],[[8390,4401],[-42,-71]],[[8348,4330],[-56,-1]],[[8292,4329],[-32,78]],[[6141,4757],[8,4]],[[6149,4761],[52,-91]],[[6201,4670],[54,-92]],[[6255,4578],[-52,-2]],[[6203,4576],[-23,-2]],[[6145,4582],[0,55]],[[6145,4637],[-4,120]],[[6344,4937],[141,2],[2,-36]],[[6487,4903],[-143,-2]],[[6344,4901],[0,36]],[[8087,1909],[117,-8]],[[8260,1830],[-31,-26]],[[8229,1804],[-81,-69]],[[8148,1735],[-3,67],[-59,40]],[[6347,4693],[140,-11]],[[6488,4661],[1,-81]],[[6489,4580],[-66,-1]],[[6423,4579],[-74,-1]],[[6349,4578],[-2,115]],[[5000,6391],[19,12]],[[5041,6418],[53,35]],[[5094,6453],[38,-60]],[[5132,6393],[-98,-58]],[[5034,6335],[-34,56]],[[4455,6273],[-3,-84]],[[4452,6189],[-18,14]],[[4434,6203],[-4,195],[23,41]],[[5371,4593],[34,-16]],[[5425,4535],[8,-17]],[[5433,4518],[-62,0]],[[5371,4518],[0,75]],[[4802,5205],[67,0],[62,-42],[3,-99]],[[4934,5064],[-72,1],[-59,35]],[[4803,5100],[-1,14]],[[4802,5114],[0,91]],[[4375,4277],[202,0]],[[4577,4277],[1,-55]],[[4578,4188],[-43,20],[-159,-4]],[[4376,4204],[-1,73]],[[5156,7278],[170,115]],[[5326,7393],[2,-68],[36,-73]],[[5364,7252],[-25,-17]],[[5339,7235],[-63,-41]],[[5276,7194],[-74,-49]],[[5202,7145],[-46,133]],[[3382,6462],[124,25],[33,-90],[53,-23]],[[3592,6374],[47,-58]],[[3639,6316],[-99,-105],[-157,163]],[[3383,6374],[-9,51]],[[3374,6425],[8,37]],[[4102,5286],[8,65]],[[4110,5351],[35,4]],[[4145,5355],[0,-90]],[[3015,2793],[215,165]],[[3230,2958],[9,-61]],[[3239,2897],[-61,-72],[13,-39]],[[3191,2786],[8,-6]],[[3199,2780],[-143,-13]],[[3056,2767],[-41,26]],[[4042,5814],[-1,-34],[-127,-1]],[[3914,5779],[-25,0]],[[3889,5779],[-1,86]],[[3888,5865],[-2,38]],[[3886,5903],[159,0],[-3,-89]],[[5302,6454],[4,-11]],[[5306,6443],[8,-48]],[[5314,6395],[-44,-28]],[[5270,6367],[-28,66],[-38,14]],[[5204,6447],[17,49],[81,-42]],[[5004,4123],[19,0]],[[5023,4123],[27,-1]],[[5050,4122],[17,0]],[[5067,4122],[-1,-104]],[[5066,4018],[-62,1]],[[5004,4019],[0,104]],[[5398,4812],[44,0]],[[5442,4812],[41,-62]],[[5483,4750],[-56,-18]],[[5370,4742],[28,70]],[[3881,4924],[115,2],[13,-116]],[[4009,4810],[-123,0]],[[3886,4810],[-5,114]],[[6165,5933],[13,-6]],[[6178,5927],[44,-36]],[[6334,5945],[19,1]],[[6353,5946],[30,-140]],[[6383,5806],[-174,5]],[[6209,5811],[-64,18]],[[6145,5829],[20,104]],[[2829,4005],[0,-23]],[[2829,3982],[-108,0]],[[2721,3982],[-58,0]],[[2663,3982],[-14,57]],[[2649,4039],[105,10],[75,-44]],[[2216,4422],[81,-26]],[[2199,4204],[-112,-1]],[[2087,4203],[129,219]],[[1670,4200],[27,0]],[[1697,4200],[150,1]],[[1847,4201],[1,-128]],[[1848,4073],[1,-71]],[[1849,4002],[-98,-1]],[[1751,4001],[-79,-1]],[[1672,4000],[-1,108]],[[1671,4108],[-1,92]],[[5011,2349],[8,3]],[[5151,2373],[6,-72]],[[5157,2301],[-108,9]],[[5011,2342],[0,7]],[[2654,4677],[14,-4]],[[2668,4673],[-7,-92]],[[2661,4581],[-113,0]],[[2548,4581],[0,61],[106,35]],[[4767,2199],[75,7]],[[4842,2206],[8,-74]],[[4851,2076],[-84,1]],[[4767,2171],[0,28]],[[5951,6924],[75,17]],[[6026,6941],[102,23]],[[6128,6964],[1,-189],[58,-109]],[[6187,6666],[-36,-26]],[[6151,6640],[-81,133],[-37,-37]],[[6033,6736],[-41,74]],[[5992,6810],[-41,114]],[[3938,7271],[84,-82]],[[4022,7189],[-7,-93],[-84,-1]],[[3931,7095],[-32,63]],[[3899,7158],[34,34],[5,79]],[[7652,2943],[135,-36],[-20,-49],[-116,20]],[[7651,2878],[1,65]],[[9037,1443],[25,-46],[74,-37]],[[9136,1360],[-73,-121]],[[9063,1239],[-66,47],[-15,76],[55,81]],[[3340,6944],[54,0],[114,-90]],[[3508,6854],[0,-86]],[[3508,6768],[-131,-15]],[[3377,6753],[-1,93],[-36,98]],[[4679,6735],[60,-147]],[[4739,6588],[-85,-92]],[[4654,6496],[-83,-52],[-53,80]],[[5532,4536],[185,1]],[[5717,4537],[-33,-127]],[[5684,4410],[-80,-2]],[[5604,4408],[-11,-1]],[[5593,4407],[-61,129]],[[5854,4816],[14,0]],[[5868,4816],[144,-148]],[[6012,4668],[-154,-12]],[[5858,4656],[-4,160]],[[7098,4857],[16,48]],[[7114,4905],[16,36],[143,1]],[[7273,4942],[0,-23]],[[7273,4919],[0,-60]],[[7273,4859],[-58,0]],[[7215,4859],[-117,-2]],[[7273,4859],[1,-121]],[[7274,4678],[-40,7]],[[7234,4685],[-31,61],[-54,-3],[-65,62]],[[7084,4805],[56,-35],[63,5],[12,84]],[[7273,4919],[35,0]],[[7308,4919],[50,1]],[[7358,4920],[271,6]],[[7629,4926],[-229,-266]],[[7400,4660],[-27,10]],[[7358,4774],[-1,87],[-84,-2]],[[7629,4926],[61,70]],[[7690,4996],[2,-32]],[[7692,4964],[2,-235]],[[7694,4729],[-130,1],[1,-93],[-104,-9]],[[7461,4628],[-51,25]],[[7410,4653],[-10,7]],[[6599,3843],[63,1]],[[6662,3844],[-1,-64],[-91,-40],[-16,41],[45,62]],[[4410,2326],[1,-60]],[[4411,2266],[2,-38]],[[4870,1895],[115,31]],[[4985,1926],[0,-40]],[[4986,1798],[-78,-3],[-39,50]],[[4869,1845],[1,50]],[[7822,4542],[-43,-63]],[[7779,4479],[-27,89],[70,-26]],[[7368,4321],[0,70]],[[7368,4391],[39,0]],[[7407,4391],[46,0]],[[7453,4391],[0,-125]],[[7453,4266],[-2,-143]],[[7451,4034],[-63,0]],[[7388,4034],[-20,95],[0,192]],[[7257,4492],[110,128]],[[7367,4620],[33,40]],[[7410,4653],[-3,-166]],[[7407,4487],[-150,-2]],[[7257,4485],[0,7]],[[3814,2609],[112,2]],[[3926,2611],[1,-96]],[[3927,2515],[-110,-6]],[[3817,2509],[-3,100]],[[4671,2271],[2,-58]],[[4673,2213],[-48,-1],[-16,-127]],[[4521,2048],[-63,65]],[[4458,2113],[146,129],[67,29]],[[7181,4343],[77,-22],[0,-44]],[[7258,4277],[1,-152]],[[7259,4125],[-128,52]],[[7131,4177],[-2,161],[52,5]],[[6538,5028],[134,-1]],[[6672,5027],[-1,-11]],[[6671,5016],[37,-102]],[[6708,4914],[-145,-4]],[[6563,4910],[-22,103]],[[6541,5013],[-3,15]],[[3911,3053],[66,1]],[[3977,3054],[80,11]],[[4057,3065],[1,-82]],[[4058,2983],[2,-120]],[[4060,2863],[-137,-14]],[[3923,2849],[0,15]],[[3922,2891],[0,30]],[[3922,2921],[-1,54]],[[3921,2975],[-10,78]],[[6708,4914],[21,-49],[1,-104]],[[6730,4761],[-136,-3]],[[6594,4758],[-31,152]],[[3720,3615],[-105,18],[-25,-43],[-93,-15]],[[3497,3575],[-8,80]],[[3489,3655],[88,0],[84,56],[51,2]],[[5164,2097],[67,0]],[[5231,2097],[-9,-94]],[[5222,2003],[-65,7]],[[5231,2097],[32,1]],[[5263,2098],[70,26]],[[5333,2124],[-50,-86]],[[5283,2038],[-10,-23]],[[5273,2006],[-51,-10]],[[5222,1996],[0,7]],[[5162,2217],[68,1]],[[5230,2218],[41,1]],[[5271,2219],[-8,-74]],[[5263,2145],[-101,29]],[[5225,2516],[23,0]],[[5248,2516],[1,-73]],[[5249,2443],[1,-57]],[[5250,2386],[-1,-43]],[[6350,4434],[94,2]],[[6444,4436],[-1,-21]],[[6440,4352],[1,-68]],[[6441,4284],[15,-49]],[[6456,4235],[-36,-1]],[[6348,4416],[2,18]],[[6534,4291],[-93,-7]],[[4483,3951],[2,-95]],[[4485,3856],[1,-80]],[[4486,3776],[-106,2]],[[4380,3778],[-4,161]],[[5152,2780],[24,1]],[[5176,2781],[69,-24]],[[5245,2734],[-23,0]],[[5222,2734],[-23,-1]],[[5153,2733],[-1,47]],[[5331,2370],[43,21],[12,137]],[[5386,2528],[46,1]],[[5432,2529],[4,-148]],[[5436,2381],[-105,-18]],[[5331,2363],[0,7]],[[7198,3716],[46,0]],[[7244,3716],[23,-75]],[[7267,3641],[-69,-1]],[[7198,3640],[0,76]],[[7104,3744],[94,-4]],[[7198,3740],[0,-24]],[[7198,3640],[-90,1]],[[7108,3641],[-4,77]],[[7104,3718],[0,26]],[[2247,3435],[57,-3]],[[2304,3432],[1,-51]],[[2305,3381],[1,-108]],[[2306,3273],[-86,57]],[[2220,3330],[27,105]],[[4658,2727],[20,0]],[[4678,2727],[65,1]],[[4743,2728],[41,0]],[[4784,2728],[14,0]],[[4798,2728],[-28,-14],[-5,-97]],[[4765,2617],[-105,-2]],[[4659,2646],[-1,81]],[[5473,2093],[85,1]],[[5558,2094],[82,-20],[-1,119]],[[5639,2193],[26,0]],[[5665,2193],[0,-140]],[[5665,2053],[-189,-84]],[[5475,2019],[-2,74]],[[3845,6501],[7,-38],[105,-13],[33,-22]],[[3990,6428],[-14,-57]],[[3976,6371],[-105,14]],[[3871,6385],[-69,70]],[[3802,6455],[43,46]],[[5102,5738],[56,-72]],[[5158,5666],[10,-58]],[[5168,5608],[-68,40]],[[5100,5648],[2,90]],[[5373,4463],[2,-50]],[[5375,4413],[-63,0]],[[5312,4413],[61,50]],[[4970,4257],[116,-15]],[[5050,4122],[-27,1]],[[5004,4123],[-33,1]],[[4971,4124],[0,66]],[[4971,4190],[-1,67]],[[5150,4017],[49,-1]],[[5199,4016],[44,0]],[[5243,4016],[0,-49]],[[5243,3967],[-92,-3]],[[5151,3964],[-1,53]],[[5799,7039],[56,5]],[[5855,7044],[0,-53]],[[5855,6991],[3,-97]],[[5858,6894],[-84,-30]],[[5774,6864],[-35,71]],[[5739,6935],[54,40]],[[4774,7271],[117,-1]],[[4891,7270],[58,-58],[60,-21]],[[5009,7191],[11,2]],[[5020,7193],[-5,-95],[-34,-39]],[[4981,7059],[-86,109]],[[4895,7168],[-76,48],[-45,55]],[[5356,7072],[64,26]],[[5420,7098],[24,16]],[[5444,7114],[34,-66]],[[5478,7048],[-49,-88],[-53,12],[-40,-38]],[[5336,6934],[-48,75]],[[5288,7009],[68,63]],[[5464,6034],[117,20]],[[5581,6054],[30,-27]],[[5422,5283],[43,-4]],[[5465,5279],[155,-185]],[[5620,5094],[-124,-22]],[[5496,5072],[-19,-1]],[[5477,5071],[-44,5]],[[5433,5076],[-4,145]],[[5429,5221],[-7,62]],[[8134,7465],[-40,-75],[39,-43]],[[8113,7285],[-28,1]],[[8085,7286],[-151,-22]],[[7934,7264],[-14,5]],[[7920,7269],[214,209]],[[3556,5917],[16,-99],[85,-15]],[[3657,5803],[1,-121]],[[3658,5682],[2,-72]],[[3660,5610],[-2,-35]],[[3658,5575],[-234,202]],[[3424,5777],[-145,119]],[[3279,5896],[167,-7],[110,28]],[[3746,5155],[159,16]],[[3905,5171],[-17,-62]],[[3888,5109],[-142,0]],[[3746,5109],[0,46]],[[5694,5518],[9,47],[85,1],[11,-77]],[[5799,5489],[-86,-1]],[[5713,5488],[-19,30]],[[6237,4271],[104,11]],[[6362,4234],[-113,-2],[21,-71]],[[6270,4161],[-86,-13]],[[6184,4148],[-1,83]],[[6183,4231],[54,40]],[[6429,4003],[51,25]],[[6480,4028],[7,-49]],[[6487,3979],[1,-25]],[[6488,3954],[-59,-1]],[[6429,3953],[0,50]],[[6043,4028],[70,1]],[[6113,4029],[3,-102]],[[6116,3927],[-66,-1]],[[6228,3953],[82,5]],[[6310,3958],[2,-101]],[[6312,3857],[-46,0]],[[6266,3857],[-36,-1]],[[6230,3856],[-2,97]],[[6112,5961],[72,1]],[[6203,5929],[-25,-2]],[[6165,5933],[-25,9]],[[6140,5942],[-28,19]],[[6476,5325],[105,1]],[[6581,5326],[92,0]],[[6673,5326],[4,-102]],[[6677,5224],[-2,0]],[[6675,5224],[-122,-42],[-50,16]],[[6503,5198],[-27,127]],[[6671,5016],[120,11]],[[6791,5027],[5,0]],[[6796,5027],[18,-59]],[[6814,4968],[13,-53]],[[6827,4915],[-119,-1]],[[5255,5900],[105,-15]],[[5360,5885],[126,-48]],[[5486,5837],[31,-47]],[[5517,5790],[-256,-2]],[[5261,5788],[-6,112]],[[5376,3322],[61,1]],[[5440,3193],[-41,-17]],[[5399,3176],[-1,52]],[[5398,3228],[-22,94]],[[5159,3321],[41,-3]],[[5230,3319],[6,-52]],[[5236,3267],[1,-50]],[[5237,3217],[-72,5],[-6,99]],[[4829,3627],[13,0]],[[4842,3627],[41,55],[95,1]],[[4978,3683],[1,-198]],[[4979,3485],[-149,0]],[[4830,3485],[-1,142]],[[6189,3855],[14,0]],[[6203,3855],[2,-72]],[[6205,3783],[-75,-2]],[[6130,3781],[-1,73]],[[6037,2997],[25,1]],[[6062,2998],[21,0]],[[6083,2998],[15,-84]],[[6038,2891],[-1,106]],[[5886,3290],[85,8]],[[5971,3298],[-1,-22]],[[5970,3276],[1,-58]],[[5971,3218],[-45,-2]],[[5886,3216],[0,74]],[[9779,2060],[56,44],[86,-3],[10,96]],[[9931,2197],[143,3]],[[10074,2200],[79,1]],[[10153,2201],[5,-176],[-381,-2]],[[9777,2023],[2,37]],[[9462,2392],[103,2]],[[9565,2394],[52,1]],[[9617,2395],[2,-69]],[[9619,2326],[8,-135]],[[9627,2191],[-151,-4]],[[9476,2187],[-66,0]],[[9410,2187],[-69,-2]],[[9341,2185],[-2,71]],[[9339,2256],[0,133]],[[9221,2659],[113,2]],[[9334,2661],[1,-68]],[[9335,2593],[1,-68]],[[9336,2525],[-112,-2]],[[9224,2523],[-3,136]],[[9041,2205],[55,50]],[[10377,1949],[4,-203]],[[10381,1746],[-147,-3]],[[10234,1743],[25,81],[-3,209],[121,-84]],[[6152,3415],[47,1]],[[6199,3416],[1,-54]],[[6200,3362],[-47,-1]],[[6153,3361],[-1,54]],[[8511,492],[37,21]],[[8548,513],[78,-80]],[[8626,433],[-28,-30]],[[8598,403],[-66,-69]],[[8532,334],[-47,96],[26,62]],[[9109,1096],[40,34]],[[9149,1130],[92,-83]],[[9241,1047],[-63,-84]],[[9178,963],[-27,-23]],[[9151,940],[-34,56],[-8,100]],[[8139,1481],[44,-46]],[[8183,1435],[14,-23]],[[8197,1412],[8,-55]],[[8205,1357],[-138,-4]],[[8067,1353],[2,54]],[[7118,2068],[65,38],[50,74]],[[7233,2180],[12,-7]],[[7245,2173],[-18,-177]],[[7227,1996],[-78,-47]],[[7149,1949],[-31,119]],[[7217,2465],[103,0]],[[7320,2465],[27,-49]],[[7347,2416],[-129,0]],[[7218,2416],[-1,49]],[[6590,2407],[73,2]],[[6663,2409],[0,-7]],[[6663,2402],[3,-149]],[[6596,2259],[-43,52],[37,96]],[[6385,2407],[160,3]],[[6545,2410],[45,-3]],[[6596,2259],[-93,-2]],[[6503,2257],[-16,0]],[[6379,2331],[6,76]],[[8528,2200],[159,4]],[[8687,2204],[3,-68]],[[8690,2136],[0,-20]],[[8690,2116],[-82,-1]],[[8472,2550],[16,0]],[[8488,2550],[83,2]],[[8571,2552],[-2,-78]],[[8569,2474],[-4,-31]],[[8565,2443],[-76,62],[-17,45]],[[8571,2552],[111,0]],[[8682,2552],[1,-77]],[[8683,2475],[-84,-20],[-30,19]],[[7230,2329],[35,-34]],[[7265,2295],[-82,-55]],[[7183,2240],[-13,55],[60,34]],[[7198,2410],[20,6]],[[7347,2416],[7,-12]],[[7354,2404],[-145,-39]],[[7209,2365],[-11,45]],[[6964,2219],[118,-4]],[[7082,2215],[15,-61]],[[6965,2152],[-1,45]],[[6663,2409],[166,63]],[[6830,2466],[-43,-105]],[[6787,2361],[-124,41]],[[8257,2539],[25,-95]],[[8282,2444],[5,-81]],[[8287,2363],[6,-28]],[[8293,2335],[0,-15]],[[8227,2395],[-39,144]],[[7837,2262],[102,-131]],[[7939,2131],[-76,-65],[-24,18]],[[7839,2084],[-2,178]],[[8056,2441],[88,0]],[[8144,2441],[36,1],[-1,-97]],[[8179,2345],[-36,-1]],[[8143,2344],[2,59],[-64,-4]],[[8081,2399],[-25,42]],[[6264,2586],[-2,17]],[[6262,2603],[45,-8]],[[6307,2595],[-5,-15]],[[6302,2580],[-19,-67]],[[6283,2513],[-44,3]],[[6239,2516],[25,70]],[[6834,2510],[12,37]],[[6846,2547],[64,6],[20,58]],[[6930,2611],[56,-10]],[[6986,2601],[10,-46]],[[6829,2472],[5,38]],[[6932,2795],[54,-194]],[[6930,2611],[-54,21]],[[6876,2632],[56,163]],[[6559,3045],[46,-34]],[[6605,3011],[-16,-25]],[[6556,2937],[-56,40]],[[6500,2977],[49,75]],[[6795,3020],[-65,8]],[[6730,3028],[-23,8]],[[6707,3036],[14,43],[84,-30]],[[7291,3178],[29,-11]],[[7320,3167],[-18,-54]],[[7302,3113],[-17,-22]],[[7285,3091],[-67,25]],[[7218,3116],[42,32]],[[6948,3103],[25,-42]],[[6973,3061],[-35,-74],[26,-24]],[[6964,2963],[-50,39]],[[6914,3002],[34,101]],[[6974,3161],[24,38]],[[6998,3199],[10,-4]],[[7123,3152],[-38,-50]],[[7085,3102],[-73,27]],[[7012,3129],[-48,16]],[[6964,3145],[10,16]],[[6899,3182],[75,-21]],[[6964,3145],[-12,-34]],[[6952,3111],[-46,20]],[[6906,3131],[-11,40]],[[6895,3171],[4,11]],[[10901,2978],[26,71]],[[10927,3049],[100,-38]],[[11027,3011],[-1,-6]],[[11026,3005],[-51,-44],[-74,17]],[[7937,3261],[1,-67]],[[7938,3194],[1,-67]],[[7939,3127],[-88,0],[20,106],[66,28]],[[8477,3819],[89,2],[2,-71]],[[8568,3750],[0,-12]],[[8479,3736],[-2,83]],[[10231,4079],[90,1],[64,-46],[16,-55]],[[10401,3979],[-98,-4],[-69,-28]],[[10234,3947],[-3,132]],[[7015,3938],[78,1]],[[7093,3939],[11,-120]],[[7104,3819],[-88,-3],[-1,82]],[[7015,3898],[0,40]],[[3283,2705],[96,12]],[[3379,2717],[16,-40]],[[3395,2677],[-129,-18]],[[3266,2659],[17,46]],[[5768,2721],[18,0]],[[5786,2721],[25,-6]],[[5811,2715],[-31,-157]],[[5773,2574],[-5,147]],[[5526,2594],[133,-9]],[[5659,2585],[0,-57]],[[5659,2528],[-132,2]],[[5527,2530],[-1,64]],[[5724,2889],[83,6]],[[5807,2895],[-2,-11]],[[5805,2884],[0,-27]],[[5805,2857],[-45,-4],[2,-113],[-36,-1]],[[5726,2739],[-1,92]],[[5725,2831],[-1,50]],[[5724,2881],[0,8]],[[5973,2996],[2,-137]],[[5975,2859],[-40,0]],[[5935,2859],[0,68]],[[6468,2002],[11,-81],[-46,0]],[[6433,1921],[-27,-1]],[[6406,1920],[-16,81],[78,1]],[[5839,1599],[147,-5]],[[5986,1594],[-24,-71]],[[5840,1522],[-1,77]],[[5556,1704],[113,2]],[[5669,1706],[2,-96]],[[5671,1610],[-88,-7],[-76,37],[-23,63]],[[10983,3366],[118,22]],[[11101,3388],[-43,-86]],[[11058,3302],[-74,-33]],[[10984,3269],[0,7]],[[10984,3276],[0,47]],[[10984,3323],[-1,43]],[[10832,3688],[66,-6]],[[10898,3682],[-3,-100],[14,-113]],[[10909,3469],[-75,-1]],[[10832,3580],[0,108]],[[10740,6258],[42,-109],[10,-121],[-72,-36],[-47,-159],[-30,-45],[-16,-96],[36,-31],[-63,-105],[24,-22],[94,-176],[38,-138]],[[10756,5220],[-433,-84]],[[10323,5136],[-1,92],[-95,505],[8,61]],[[8256,7497],[113,-135]],[[8369,7362],[7,-10]],[[8376,7352],[-133,16]],[[6601,3663],[19,-48],[58,26]],[[6678,3641],[36,52]],[[6714,3693],[122,3]],[[6836,3678],[-1,-34]],[[6835,3644],[-9,-66]],[[6826,3578],[-117,6],[-83,-37]],[[6626,3547],[-63,43]],[[6563,3590],[-13,24]],[[6541,3633],[60,30]],[[4334,5659],[16,-5]],[[4350,5654],[72,-17]],[[4422,5637],[50,-27]],[[4472,5610],[-12,-139]],[[4460,5471],[-85,79]],[[4375,5550],[-31,44],[-50,-19]],[[4294,5575],[40,84]],[[2400,6781],[200,1]],[[2600,6782],[0,-128]],[[2600,6654],[-115,-23]],[[2485,6631],[-44,2]],[[2441,6633],[-41,53]],[[6948,3413],[14,36]],[[6962,3449],[97,-49]],[[7059,3400],[-44,-66]],[[7015,3334],[-28,-42]],[[6987,3292],[-71,26]],[[6916,3318],[32,95]],[[5268,3261],[-32,6]],[[6423,4579],[23,-106]],[[6446,4473],[-96,14]],[[6350,4487],[-1,91]],[[6234,4764],[42,0]],[[6276,4764],[1,-83]],[[6277,4681],[-76,-11]],[[6943,5176],[136,1]],[[7079,5177],[-59,-122]],[[7020,5055],[-71,-1]],[[6949,5054],[-6,69]],[[6442,5515],[137,2]],[[6579,5517],[2,-191]],[[3888,5109],[-8,-83]],[[3880,5026],[-133,-1]],[[3747,5025],[-1,84]],[[8175,3809],[1,-40]],[[8176,3769],[-53,-33],[-88,2]],[[8035,3738],[-2,68],[142,3]],[[8622,4060],[164,33]],[[8786,4093],[0,-92]],[[8786,4001],[-53,16],[-28,-52],[-85,4]],[[8620,3969],[2,91]],[[7895,3912],[43,2],[235,99]],[[8173,4013],[2,-139]],[[8175,3874],[0,-65]],[[8035,3738],[-32,-9]],[[8003,3729],[-68,144],[-52,39]],[[7883,3912],[12,0]],[[4483,3963],[51,-49],[50,0]],[[4584,3914],[0,-11]],[[4584,3903],[1,-45]],[[4585,3858],[-100,-2]],[[3402,5124],[97,65]],[[3499,5189],[20,-11]],[[3519,5178],[-43,-109],[-1,-47]],[[3475,5022],[-47,-1]],[[3428,5021],[-26,103]],[[3670,5230],[-1,72]],[[3747,5289],[-1,-134]],[[3747,5025],[-52,0]],[[3695,5025],[-34,25],[9,180]],[[9248,1338],[32,-77]],[[9280,1261],[-1,-126]],[[9149,1130],[25,62],[-4,116],[78,30]],[[9216,1411],[120,32]],[[9336,1443],[58,3],[6,-108]],[[9400,1338],[5,-32]],[[9405,1306],[-30,-8]],[[9375,1298],[-18,89],[-44,24],[-73,-54]],[[9240,1357],[-24,54]],[[10939,3083],[57,-22],[36,34]],[[11032,3095],[22,-9]],[[11054,3086],[-27,-75]],[[10927,3049],[12,34]],[[3199,2780],[109,8]],[[3308,2788],[-25,-83]],[[3283,2705],[-73,23],[-11,52]],[[8564,2012],[133,-16]],[[8697,1996],[2,-69]],[[8699,1927],[-113,-2]],[[8586,1925],[-1,30]],[[8585,1955],[-21,57]],[[9627,2191],[2,-58]],[[9629,2133],[4,-116]],[[9633,2017],[-126,-6]],[[9507,2011],[-4,129],[-27,47]],[[7462,2469],[59,4]],[[7521,2473],[60,-71]],[[7581,2402],[-113,-33]],[[7468,2369],[-59,-5],[-9,-46]],[[7400,2318],[0,5]],[[7400,2323],[-3,55],[67,16],[-2,75]],[[8204,1174],[47,50]],[[8251,1224],[33,-28]],[[8284,1196],[-50,-51]],[[8234,1145],[-30,29]],[[8067,1353],[-49,0]],[[8018,1353],[-26,26],[76,84],[-21,30]],[[8148,1614],[56,-60]],[[8204,1554],[-76,-50]],[[8051,1588],[97,26]],[[6198,3469],[1,-53]],[[6152,3415],[46,54]],[[4984,1984],[-77,-30],[-72,-2]],[[4835,1952],[-66,41]],[[4769,1993],[-2,84]],[[4766,2233],[88,-2],[42,23]],[[4896,2254],[0,-47]],[[4896,2207],[-54,-1]],[[4767,2199],[-1,34]],[[4978,3683],[35,0]],[[5013,3683],[68,-1],[11,-135]],[[5092,3547],[-87,-62]],[[5005,3485],[-26,0]],[[5185,2876],[-33,-48]],[[5152,2828],[1,-14]],[[5153,2814],[-3,-11]],[[5150,2803],[-16,28]],[[5134,2831],[-26,26]],[[5108,2857],[77,19]],[[4243,3769],[0,10]],[[4243,3779],[107,-1]],[[4350,3778],[-9,-48],[-77,-66],[38,-46]],[[4302,3618],[-62,-1]],[[4240,3617],[3,152]],[[4007,2142],[23,69]],[[4030,2211],[50,-34],[38,-97]],[[4118,2080],[-111,62]],[[4867,6303],[64,43]],[[4931,6346],[23,-31]],[[4954,6315],[-39,-27],[-1,-62]],[[4914,6226],[-47,77]],[[5496,5072],[79,-25],[21,-40],[0,-98]],[[5596,4909],[-68,0]],[[5528,4909],[-2,52],[-49,110]],[[5541,5716],[16,14]],[[5557,5730],[64,-100]],[[5621,5630],[19,-29]],[[5640,5601],[-114,-1]],[[5526,5600],[15,116]],[[5145,6787],[114,37],[59,-44],[-4,-87],[65,-49]],[[5379,6644],[-93,-63]],[[5286,6581],[-56,103],[-66,85]],[[5164,6769],[-19,18]],[[3990,6428],[54,-21],[6,72]],[[4050,6479],[88,-48]],[[4138,6431],[-13,-43]],[[4125,6388],[-23,-71]],[[4102,6317],[-85,33]],[[4017,6350],[-41,21]],[[8786,4001],[4,-74]],[[8790,3927],[-97,0]],[[8614,3953],[6,16]],[[7647,2351],[28,25]],[[7675,2376],[93,84]],[[7768,2460],[8,-42],[-73,-70]],[[7703,2348],[-56,3]],[[5000,5072],[28,36]],[[5028,5108],[65,-120]],[[5093,4988],[-29,-41],[-65,8]],[[4999,4955],[1,117]],[[6713,3759],[126,6]],[[6714,3693],[-1,66]],[[6889,4240],[63,2]],[[6952,4242],[59,-15]],[[7011,4227],[2,-129]],[[7013,4098],[-133,-11]],[[6880,4087],[9,153]],[[7190,4414],[67,78]],[[7257,4485],[0,-59],[91,0],[20,-35]],[[7368,4321],[-19,-44],[-91,0]],[[7181,4343],[9,71]],[[7015,4612],[86,1]],[[7101,4613],[69,2]],[[7170,4615],[3,-101]],[[7173,4514],[-102,-2]],[[7071,4512],[-1,43],[-73,2]],[[6997,4557],[18,55]],[[7938,3194],[80,0]],[[8018,3194],[3,-105]],[[8021,3089],[-82,-1],[0,39]],[[10768,3147],[63,-20]],[[10831,3127],[54,-22]],[[10885,3105],[54,-22]],[[10901,2978],[-90,-51]],[[10811,2927],[-41,10],[2,123],[-63,20]],[[10709,3080],[59,67]],[[6917,2850],[48,-35],[60,6]],[[7025,2821],[69,-34]],[[7094,2787],[1,-13]],[[7048,2647],[-62,-46]],[[6932,2795],[-15,55]],[[7768,2460],[45,36]],[[7813,2496],[48,-8]],[[7861,2488],[5,-11]],[[7799,2435],[-53,-138]],[[7746,2297],[-43,51]],[[7675,2376],[-2,83],[57,51],[38,-50]],[[7939,2131],[50,43]],[[8097,2037],[-84,-1]],[[8013,2036],[-64,-1]],[[7949,2035],[-110,10]],[[7839,2045],[0,39]],[[8643,2359],[2,-98],[-72,12],[-2,86]],[[6468,2002],[19,108]],[[6487,2110],[18,0]],[[6505,2110],[25,1]],[[6530,2111],[-4,-184]],[[6526,1927],[-79,-79]],[[6447,1848],[-14,73]],[[5651,2984],[72,-43]],[[5723,2941],[1,-52]],[[5724,2881],[-71,17]],[[5652,2960],[-1,24]],[[4590,4791],[135,-115]],[[4725,4676],[-2,-39],[-59,-73],[-85,-1]],[[4579,4563],[0,207],[11,21]],[[4562,2725],[15,1]],[[4601,2726],[-27,-110]],[[4574,2616],[-44,-33]],[[4530,2583],[0,129],[32,13]],[[7384,3142],[102,-37],[12,-63]],[[7498,3042],[-114,41]],[[7384,3083],[-18,7]],[[7366,3090],[18,52]],[[4327,3026],[26,1]],[[7581,2402],[14,-17]],[[7595,2385],[-65,-27],[2,-61]],[[7532,2297],[-36,-1]],[[7496,2296],[-28,73]],[[4453,4145],[23,0]],[[4476,4145],[0,-43]],[[4648,3150],[82,1]],[[4729,3117],[-42,-80]],[[4687,3037],[-42,-11]],[[4645,3026],[-1,34]],[[4644,3060],[0,27]],[[2880,6448],[132,-6],[-3,113]],[[3009,6555],[75,-9]],[[3084,6546],[76,1],[45,-101]],[[3136,6432],[-93,3],[-30,-93],[-132,1]],[[2881,6343],[0,42]],[[2881,6385],[-1,37]],[[2880,6422],[0,26]],[[6827,4915],[-16,-63],[85,-58]],[[6896,4794],[-16,-32]],[[6880,4762],[-150,-1]],[[5924,2741],[52,1]],[[5977,2670],[0,-13]],[[5977,2657],[-51,8]],[[5926,2665],[-1,12]],[[5925,2677],[-1,64]],[[6020,2588],[24,37]],[[6065,2627],[-32,-61]],[[6209,5811],[-10,-36]],[[6199,5775],[-45,7]],[[8645,3743],[70,2]],[[8716,3676],[-69,-2]],[[8647,3674],[-2,69]],[[6144,2776],[-22,-33]],[[6122,2743],[-83,-1]],[[4046,3196],[53,0]],[[4099,3196],[1,-35]],[[4100,3161],[-54,23]],[[4046,3184],[0,12]],[[3597,2557],[70,-2],[0,76],[44,30]],[[3711,2661],[17,-152]],[[3728,2509],[-51,-7],[-80,29]],[[3597,2531],[0,26]],[[4815,3885],[17,4]],[[4832,3889],[7,-90]],[[7933,1437],[29,54]],[[8018,1353],[-163,-2]],[[5335,2957],[25,-6]],[[5360,2951],[22,-72]],[[5382,2879],[-46,-1]],[[5336,2878],[0,48]],[[5336,2926],[-1,31]],[[3262,4627],[73,-3]],[[3335,4624],[-7,-110]],[[3328,4514],[-68,-8],[-4,121]],[[5271,2219],[60,1]],[[5331,2220],[2,-96]],[[5263,2098],[0,47]],[[6667,1704],[55,-19],[72,20]],[[6846,1704],[-17,-84]],[[6829,1620],[-160,-58]],[[6669,1562],[0,59]],[[6669,1621],[-2,83]],[[7627,5754],[2,48]],[[7629,5802],[100,-38]],[[7729,5764],[-25,-87]],[[7704,5677],[-77,77]],[[6667,4238],[145,2]],[[6812,4240],[77,0]],[[6880,4087],[-154,55]],[[6721,4143],[-54,95]],[[7348,3272],[1,11]],[[7349,3283],[56,33]],[[7405,3316],[7,-92],[-28,-82]],[[7384,3142],[-50,19]],[[7334,3161],[14,111]],[[5063,2223],[44,-6]],[[8757,4461],[56,29]],[[8813,4490],[45,-218]],[[8858,4272],[-96,-41]],[[8762,4231],[-14,32]],[[5151,2954],[17,18]],[[5168,2972],[29,2]],[[5197,2974],[0,-26]],[[5197,2948],[-33,-24]],[[5164,2924],[-13,30]],[[8004,6212],[167,118]],[[8171,6330],[5,-128]],[[8176,6202],[-1,-78]],[[8175,6124],[-163,-2],[-8,90]],[[7302,3113],[64,-23]],[[7366,3090],[-30,-61]],[[7336,3029],[-52,4]],[[7284,3033],[1,58]],[[6601,3663],[34,15]],[[6635,3678],[43,15]],[[6678,3693],[0,-52]],[[5833,2306],[40,61]],[[5873,2367],[93,1]],[[5966,2368],[30,2]],[[6043,2372],[0,-66],[-79,-1]],[[5964,2305],[-81,-15],[-50,16]],[[3815,2372],[1,40]],[[3816,2412],[72,-2],[40,52]],[[2769,5138],[65,20]],[[2834,5158],[1,-36]],[[2770,5029],[-12,70]],[[2758,5099],[11,39]],[[4048,6569],[163,0]],[[4211,6569],[93,-143]],[[4304,6426],[-106,29],[-60,-24]],[[4050,6479],[-92,31],[-12,58]],[[3710,2827],[102,10]],[[3812,2837],[0,-85]],[[3812,2752],[1,-45]],[[3813,2707],[-103,2]],[[3710,2709],[0,118]],[[6149,4899],[53,0]],[[3326,5141],[52,20]],[[3378,5161],[24,-37]],[[3428,5021],[-55,-1]],[[3373,5020],[-30,27],[-17,94]],[[5956,3741],[23,-58]],[[5979,3683],[-76,-2]],[[10767,3224],[9,72],[35,21]],[[10811,3317],[160,5]],[[10971,3322],[13,1]],[[10984,3276],[-100,-3]],[[10884,3273],[-69,-95],[16,-51]],[[10768,3147],[-1,77]],[[4627,7305],[26,-87]],[[4653,7218],[-72,-45]],[[4581,7173],[-114,-123]],[[4467,7050],[-66,52],[-24,130],[-27,37]],[[4350,7269],[112,32],[165,4]],[[8966,4771],[207,106]],[[9173,4877],[2,-196]],[[9175,4681],[-41,-21],[-131,-4],[-37,115]],[[8096,995],[52,-54]],[[8148,941],[108,-102],[-50,-52]],[[8206,787],[-60,-10],[-79,39],[-57,-38],[-29,36]],[[7981,814],[21,54],[94,127]],[[7861,1702],[96,5]],[[7957,1707],[3,-61],[-37,-36]],[[7923,1610],[-42,-31]],[[7881,1579],[-20,123]],[[4338,3404],[41,19]],[[4379,3367],[-16,-65]],[[4607,7065],[55,-59],[57,4]],[[4719,7010],[67,-93]],[[4786,6917],[28,-27]],[[4727,6832],[-8,-5]],[[4719,6827],[-50,82],[-39,25]],[[4630,6934],[-32,52]],[[4598,6986],[9,79]],[[5145,3117],[43,2]],[[5188,3095],[-43,22]],[[5848,2857],[74,2]],[[5922,2859],[2,-118]],[[5924,2741],[-49,0]],[[5875,2741],[-25,0]],[[5850,2741],[-2,116]],[[5775,6158],[78,-2]],[[5853,6156],[4,-71]],[[5857,6085],[65,-21]],[[5922,6064],[1,-37]],[[5923,6027],[-15,-9]],[[5908,6018],[-38,-14],[-69,-101]],[[5801,5903],[-23,61]],[[5778,5964],[-2,122]],[[3709,2925],[57,13]],[[3766,2938],[42,-61]],[[3808,2877],[4,-40]],[[3710,2827],[-1,98]],[[10278,1026],[67,-17],[158,5]],[[10503,1014],[-45,-85],[-74,-180],[-53,-72]],[[10331,677],[-30,191]],[[10301,868],[-5,32]],[[10296,900],[-6,46]],[[10290,946],[-12,80]],[[6345,4827],[140,3]],[[6485,4830],[1,-31]],[[6486,4799],[0,-43]],[[6486,4756],[-140,5]],[[6346,4761],[-1,66]],[[4895,7168],[-42,-41],[45,-78],[-44,-33]],[[4854,7016],[-19,30]],[[4835,7046],[-22,36]],[[4813,7082],[-100,156]],[[4713,7238],[61,33]],[[3474,4665],[4,62]],[[3523,4724],[12,-1]],[[3535,4723],[-3,-56]],[[3532,4667],[-3,0]],[[3529,4667],[-55,-2]],[[4030,5464],[53,47],[61,-11]],[[4144,5500],[0,-31]],[[4144,5469],[0,-42]],[[4144,5427],[-18,0]],[[4126,5427],[-55,-29]],[[4071,5398],[-33,29]],[[5065,3263],[41,58]],[[5124,3319],[0,-68]],[[5124,3251],[-22,-13]],[[5066,3241],[-1,22]],[[4217,7234],[133,35]],[[4467,7050],[-1,-1]],[[4466,7049],[-22,-35]],[[4381,6970],[-44,81],[-90,61]],[[4247,7112],[-4,84],[-26,38]],[[8253,2874],[44,28],[91,-37],[22,-40]],[[8410,2825],[-43,-5]],[[8367,2820],[-114,6]],[[8253,2826],[0,48]],[[5157,2301],[5,-84]],[[5118,2217],[-68,17],[-1,44]],[[4383,3619],[46,-14],[13,-60],[41,-12]],[[4483,3533],[8,-87]],[[4491,3446],[-58,34]],[[4433,3480],[-46,85],[-4,54]],[[8782,1012],[64,70]],[[6178,2467],[49,0]],[[6227,2467],[-49,0]],[[6060,3222],[40,2]],[[6100,3169],[-40,0]],[[6060,3169],[0,53]],[[7641,2791],[114,-27]],[[7755,2764],[-92,-67],[39,-88],[54,-57]],[[7756,2552],[-36,-21]],[[7720,2531],[-51,66]],[[5972,3066],[89,3]],[[6061,3069],[1,-71]],[[6037,2997],[-64,-1]],[[6193,5761],[36,-46]],[[6229,5715],[-52,0]],[[6177,5715],[-23,-1]],[[6154,5714],[39,47]],[[5328,3230],[2,91]],[[5330,3321],[46,1]],[[5398,3228],[-70,-10]],[[5328,3218],[0,12]],[[10374,2086],[101,50]],[[10475,2136],[81,31]],[[10556,2167],[-100,-168],[-29,-92]],[[10427,1907],[-50,42]],[[10377,1949],[-3,137]],[[3327,5529],[120,-4]],[[3429,5400],[-46,2]],[[3383,5402],[-61,55],[-49,4],[-15,67]],[[5280,6307],[63,38]],[[5343,6345],[23,-23]],[[5366,6322],[17,-18]],[[5383,6304],[-59,-34],[-49,12]],[[5275,6282],[5,25]],[[4884,4257],[-1,-69]],[[4883,4188],[-96,-2]],[[8348,4330],[166,1],[137,70]],[[8651,4401],[3,2]],[[8700,4344],[-90,-284]],[[8610,4060],[-33,-1]],[[8577,4059],[-2,152],[-29,0]],[[8546,4211],[-102,-2]],[[8444,4209],[-140,-11]],[[8304,4198],[-12,131]],[[6880,3243],[11,-4]],[[6891,3239],[24,-9]],[[6915,3230],[-16,-48]],[[6895,3171],[-21,8]],[[6874,3179],[-22,8]],[[6852,3187],[28,56]],[[5197,2974],[18,-26]],[[5215,2948],[-18,0]],[[4125,6388],[65,-21],[31,-56]],[[4221,6311],[1,-130]],[[4222,6181],[-85,-5]],[[4081,6179],[-92,86]],[[3989,6265],[113,52]],[[6530,2111],[40,0]],[[6570,2111],[3,-156]],[[8485,1855],[102,25]],[[8587,1880],[1,-137],[-127,13]],[[4115,2334],[63,-4]],[[4178,2330],[-21,-112]],[[4157,2218],[-47,73]],[[4110,2291],[5,43]],[[5306,6443],[76,-22]],[[5382,6421],[33,-63],[-49,-36]],[[5343,6345],[-29,50]],[[8982,800],[14,10]],[[9027,764],[17,-25]],[[9044,739],[-40,-34],[-55,69]],[[6796,5027],[48,12]],[[6844,5039],[105,15]],[[7020,5055],[-34,-70]],[[6986,4985],[-39,-80]],[[6947,4905],[-58,9],[0,55],[-75,-1]],[[5012,1927],[4,0]],[[6664,2811],[-5,-16]],[[6659,2795],[-2,-6]],[[6657,2789],[-65,6]],[[6592,2795],[22,56]],[[5197,2924],[46,1]],[[5243,2925],[1,-48]],[[5198,2876],[-1,48]],[[4243,2881],[46,4]],[[4289,2885],[1,-70]],[[4290,2815],[-46,-1]],[[4244,2814],[-1,47]],[[4243,2861],[0,20]],[[4242,3092],[-4,-64]],[[4238,3028],[-46,2]],[[4192,3030],[-4,69]],[[3508,6895],[82,-19],[99,-47]],[[3689,6829],[20,-36],[77,-14]],[[3786,6779],[-62,-52]],[[3724,6727],[-40,-36],[-102,-21]],[[3582,6670],[-64,33],[-10,65]],[[3508,6854],[0,41]],[[5855,5270],[73,-1],[18,-59]],[[5946,5210],[-31,-32]],[[5915,5178],[-60,92]],[[6310,5007],[231,6]],[[6563,4910],[-76,-7]],[[6344,4937],[-30,63]],[[6042,5621],[42,3]],[[6084,5624],[38,-58]],[[6194,5529],[-71,-30]],[[6123,5499],[-2,0]],[[6121,5499],[-83,-5]],[[6038,5494],[4,127]],[[2806,4836],[1,0]],[[2807,4836],[62,-5]],[[2869,4831],[25,0]],[[2894,4831],[35,-62]],[[2929,4769],[-121,-24]],[[2808,4745],[0,47]],[[2808,4792],[-2,44]],[[3716,2984],[-5,55]],[[3711,3039],[47,-9]],[[3758,3030],[8,-92]],[[3709,2925],[7,59]],[[5123,5492],[76,-91],[141,-32],[82,-86]],[[5422,5283],[-130,9]],[[5292,5292],[-168,0]],[[5124,5292],[-1,200]],[[2420,4203],[82,-95]],[[2502,4108],[-91,-107]],[[2411,4001],[-39,5]],[[2372,4006],[-72,0]],[[6072,3758],[58,23]],[[6205,3783],[0,-49]],[[6205,3734],[1,-63]],[[6206,3671],[-97,9]],[[6109,3680],[-37,4]],[[6072,3684],[0,74]],[[6375,2957],[30,-21]],[[6405,2936],[-17,-58]],[[6388,2878],[-22,14]],[[6366,2892],[9,65]],[[3742,3326],[25,2]],[[3767,3328],[8,-40]],[[3775,3288],[-10,-14]],[[3765,3274],[-37,-1]],[[3728,3273],[14,53]],[[5907,6292],[34,-7]],[[5941,6285],[3,-18]],[[5944,6267],[22,-105]],[[5966,6162],[-41,3]],[[5925,6165],[-35,71]],[[5890,6236],[-37,38]],[[6185,4124],[0,-36]],[[6187,4030],[-74,-1]],[[6113,4029],[-1,94],[73,1]],[[5992,6581],[101,-12]],[[6064,6392],[24,-95]],[[6088,6297],[-45,-25]],[[6043,6272],[-99,-5]],[[5941,6285],[-14,91]],[[5911,6484],[-15,98]],[[4837,5779],[70,3]],[[4907,5782],[123,-122]],[[5030,5660],[40,-36]],[[5070,5624],[-104,6]],[[4966,5630],[-59,0]],[[2480,3655],[1,-35]],[[2481,3620],[-178,-4]],[[6206,3671],[2,-94]],[[6157,3584],[-4,0]],[[6153,3584],[0,55],[-44,41]],[[4350,3778],[30,0]],[[4380,3778],[2,-116]],[[4382,3662],[1,-43]],[[4383,3619],[-81,-1]],[[4766,2283],[0,-22]],[[4766,2261],[-48,-5]],[[4718,2256],[48,27]],[[4501,2528],[34,-28]],[[5364,4943],[12,-84],[-84,-16]],[[5260,4994],[104,-51]],[[9056,723],[56,20]],[[9112,743],[56,-72]],[[9168,671],[-106,-90]],[[9062,581],[14,80],[-20,62]],[[3906,3476],[129,-35],[57,9]],[[4092,3450],[8,-28]],[[4100,3422],[-91,-64]],[[3906,3426],[0,50]],[[10884,3273],[16,-63]],[[10900,3210],[-15,-105]],[[3970,3585],[49,-1]],[[4019,3584],[-113,-72]],[[3906,3512],[-1,72]],[[4183,3933],[16,-50],[56,1],[-1,154],[52,1],[0,110]],[[4306,4149],[67,-4]],[[4243,3779],[-59,0]],[[4184,3779],[-1,154]],[[4042,5814],[101,0]],[[4142,5730],[-95,-69]],[[4047,5661],[-2,74],[-73,2]],[[3972,5737],[-58,42]],[[5100,5785],[0,-28]],[[5100,5757],[2,-19]],[[5100,5648],[-70,12]],[[4907,5782],[193,3]],[[7453,4266],[76,0]],[[6610,3740],[67,19]],[[6677,3759],[1,-66]],[[6635,3678],[-25,62]],[[4762,2438],[49,-14]],[[4811,2424],[17,-29]],[[4828,2395],[-64,-39]],[[4764,2356],[-2,82]],[[7164,3982],[95,1],[0,93]],[[7259,4076],[72,-40],[57,-2]],[[7498,4011],[-333,-165]],[[7165,3846],[-1,136]],[[5828,2378],[-89,-22]],[[8376,7352],[83,-87],[62,-9]],[[8521,7256],[-50,-58],[-57,-17]],[[5093,4988],[44,0]],[[5138,4974],[-53,-1],[-28,-111],[17,-19]],[[4959,4843],[0,63],[40,49]],[[5124,3319],[35,2]],[[5237,3217],[12,-59]],[[5188,3157],[-58,-1]],[[5130,3156],[-6,0]],[[5124,3156],[0,95]],[[5337,2759],[41,72],[51,1]],[[5429,2832],[85,-19]],[[5514,2813],[9,-76]],[[5523,2737],[-185,-3]],[[5847,2923],[1,-39]],[[5848,2884],[-43,0]],[[5807,2895],[-30,78]],[[9227,2387],[112,2]],[[9339,2256],[-110,20]],[[9229,2276],[-2,74]],[[9227,2350],[0,37]],[[8456,2541],[0,-19]],[[8456,2522],[-72,-31],[-5,-45]],[[8334,2445],[-52,-1]],[[7134,2227],[49,13]],[[7265,2295],[121,17]],[[7386,2312],[-66,-16],[-11,-54],[-76,-62]],[[7233,2180],[-82,-22],[-17,69]],[[7054,3064],[129,1],[-28,-78]],[[7155,2987],[-44,16]],[[7111,3003],[-83,29]],[[7028,3032],[26,32]],[[7085,3102],[-31,-38]],[[7028,3032],[-41,18]],[[6987,3050],[25,79]],[[11125,3236],[22,-17],[94,27]],[[11241,3246],[61,14],[12,-57]],[[11093,3186],[32,50]],[[9429,637],[96,-91],[12,-52]],[[9537,494],[-13,-5]],[[9524,489],[-112,142]],[[9412,631],[17,6]],[[10559,3745],[-156,29]],[[10403,3774],[-1,124]],[[6300,3219],[77,-22]],[[6300,3172],[0,47]],[[3903,3780],[178,-1]],[[4081,3779],[1,-29]],[[4031,3702],[-48,1]],[[3983,3703],[-34,46]],[[3903,3771],[0,9]],[[4719,2997],[-21,-72]],[[4645,2995],[0,31]],[[9209,4080],[10,-76]],[[9219,4004],[0,-1]],[[9219,4003],[-141,-170]],[[9078,3833],[-39,0]],[[9024,3919],[-4,43]],[[9020,3962],[-3,91]],[[9017,4053],[88,-23],[0,90],[104,-40]],[[5100,5757],[88,-6],[0,-51]],[[5188,5700],[-30,-34]],[[1145,4961],[546,4]],[[1691,4965],[368,3]],[[2059,4968],[4,-316],[52,-66],[109,-95],[-8,-69]],[[2087,4203],[-240,-2]],[[1697,4200],[-1,191],[-378,-3]],[[1318,4388],[-173,573]],[[4873,2422],[55,33]],[[4928,2455],[27,16]],[[4955,2471],[2,-95],[-42,-22]],[[4915,2354],[-42,68]],[[3063,4948],[123,17]],[[3185,4898],[-72,2]],[[3113,4900],[-56,26]],[[3057,4926],[-1,22]],[[2661,4581],[3,-46]],[[2664,4535],[-10,-146]],[[2654,4389],[-76,0]],[[2578,4389],[-31,0]],[[2547,4389],[1,192]],[[6938,3899],[77,-1]],[[7104,3819],[0,-4]],[[7104,3815],[-99,-51]],[[7005,3764],[-24,-12]],[[6981,3752],[-2,46]],[[6979,3798],[-40,73]],[[6939,3871],[-1,28]],[[3728,2509],[89,0]],[[3817,2509],[-1,-97]],[[3816,2412],[-99,-2]],[[3717,2410],[11,99]],[[7985,5820],[46,46],[93,42],[53,62]],[[8177,5970],[-4,-224]],[[8173,5746],[-167,-3]],[[8006,5743],[-21,77]],[[4244,5568],[50,7]],[[4294,5575],[-9,-133],[14,-26]],[[4299,5416],[-34,-5]],[[4265,5411],[-5,107]],[[4260,5518],[-16,50]],[[3808,2877],[17,13]],[[3825,2890],[43,-31]],[[3923,2849],[-111,-12]],[[3516,5509],[79,14]],[[3595,5523],[-9,-109]],[[3586,5414],[-33,0]],[[6787,2361],[-42,-137]],[[6745,2224],[-79,29]],[[6829,5568],[109,1]],[[6938,5569],[-4,-125]],[[6934,5444],[-109,24]],[[6825,5468],[4,100]],[[4785,4407],[96,1]],[[4826,4306],[-40,73]],[[4786,4379],[-1,28]],[[7646,1606],[123,-19],[64,20]],[[7833,1607],[-1,-119]],[[7721,1487],[-73,12]],[[7648,1499],[-1,51]],[[7647,1550],[-1,56]],[[4350,5654],[15,86]],[[4365,5740],[52,0]],[[4417,5740],[5,-103]],[[4052,5374],[58,-23]],[[4021,5338],[31,36]],[[3889,5779],[-110,-2]],[[3779,5777],[-8,107],[117,-19]],[[4883,4188],[38,0]],[[4921,4188],[1,-67]],[[4788,4107],[-1,71]],[[4621,4277],[49,-3]],[[4670,4274],[1,-53]],[[4622,4221],[-1,56]],[[4856,2886],[-9,-52]],[[4847,2834],[-5,-89]],[[4842,2745],[-32,69]],[[4810,2814],[-15,39]],[[4907,5630],[63,-133]],[[4974,5489],[94,-198]],[[5068,5291],[-37,-6]],[[5031,5285],[-37,79],[-97,-32],[-9,66],[-88,-3]],[[4800,5395],[-1,233]],[[4802,5269],[127,1]],[[4929,5270],[23,-48],[8,-155]],[[4960,5067],[-26,-3]],[[4802,5205],[0,49]],[[4802,5254],[0,15]],[[3352,4762],[33,-18]],[[3385,4744],[20,-120]],[[3374,4624],[-39,0]],[[3335,4624],[17,138]],[[2889,6576],[120,-21]],[[2880,6448],[9,128]],[[5586,4249],[31,-9]],[[5617,4240],[61,-35]],[[5678,4205],[-7,0]],[[5671,4205],[-45,1]],[[5523,4237],[0,12]],[[8470,7655],[82,-47],[67,18]],[[8619,7626],[25,-18]],[[8644,7608],[-61,-70],[-72,-29]],[[8511,7509],[-41,146]],[[9619,2326],[93,2]],[[9712,2328],[9,-135]],[[9721,2193],[-94,-2]],[[5072,1928],[53,0]],[[5125,1928],[-21,-76]],[[5124,5246],[172,-33]],[[5296,5213],[11,-33]],[[5307,5180],[-73,-41]],[[5234,5139],[-96,16]],[[5138,5155],[-14,91]],[[5637,3998],[121,1]],[[5759,3966],[-1,-35]],[[5620,3907],[17,91]],[[7173,4514],[84,-22]],[[7190,4414],[-118,14]],[[7072,4428],[-1,84]],[[5493,7462],[-65,-70],[5,-98]],[[5433,7294],[-69,-42]],[[5326,7393],[58,37],[109,32]],[[5654,2824],[71,7]],[[5726,2739],[-57,0]],[[5669,2739],[-13,0]],[[5656,2739],[-2,85]],[[4541,6402],[141,50]],[[4682,6452],[11,-18]],[[4693,6434],[-36,-73],[-39,-27]],[[5708,6198],[113,22]],[[5821,6220],[32,-64]],[[5654,6154],[54,44]],[[8199,2730],[0,72]],[[8199,2802],[54,6]],[[8253,2808],[24,-77]],[[8277,2731],[1,-48]],[[8196,2634],[3,96]],[[4444,2720],[65,4]],[[4509,2724],[-7,-141]],[[4446,2599],[-2,121]],[[3880,5026],[367,6]],[[4247,5032],[-6,-169],[-63,-1]],[[4178,4862],[-61,-3],[-108,-49]],[[3881,4924],[-1,102]],[[8796,2652],[1,-57]],[[8797,2595],[-97,-1]],[[8700,2594],[-1,59]],[[8294,2294],[53,-52],[5,-44]],[[8354,2118],[-63,-1]],[[8291,2117],[4,80]],[[6691,3041],[28,120]],[[6719,3161],[63,-49]],[[6782,3112],[34,-32]],[[6707,3036],[-16,5]],[[7384,3083],[48,-124]],[[7432,2959],[-96,70]],[[6738,3419],[86,-62],[88,106]],[[6912,3463],[50,-14]],[[6948,3413],[-103,-157]],[[6845,3256],[-76,47],[-31,116]],[[4246,2712],[46,0]],[[4292,2712],[1,-102]],[[4293,2610],[0,-49]],[[4293,2561],[-40,-1]],[[7037,4676],[44,131]],[[7081,4807],[3,-2]],[[7234,4685],[-135,11],[2,-83]],[[7015,4612],[22,64]],[[5805,2857],[8,-117]],[[5813,2740],[-27,-19]],[[5768,2721],[-61,0]],[[5707,2721],[-38,18]],[[8702,561],[-23,-17]],[[8679,544],[-74,66]],[[8605,610],[-18,18]],[[8587,628],[80,86],[96,-107],[-61,-46]],[[8793,416],[14,36]],[[8807,452],[19,22]],[[8887,331],[-28,-4]],[[8859,327],[-43,20],[-23,69]],[[6398,7191],[-35,-21]],[[6363,7170],[-45,89]],[[6318,7259],[53,41],[37,-66],[-10,-43]],[[4756,2853],[-59,-1]],[[6056,7618],[98,57],[50,8],[61,-44],[51,35],[43,-16]],[[6359,7658],[-244,-165]],[[6115,7493],[-62,103]],[[6053,7596],[3,22]],[[6295,4423],[34,-39]],[[6303,4382],[-111,-1]],[[6192,4381],[-45,6]],[[6147,4387],[-1,49]],[[6146,4436],[0,11]],[[5292,2710],[-69,-24]],[[5223,2686],[-1,48]],[[6908,4760],[129,-84]],[[7015,4612],[-108,8]],[[6907,4620],[1,140]],[[5483,4750],[-16,-55]],[[5467,4695],[-39,1]],[[6186,3147],[51,-32]],[[6237,3115],[-53,-1]],[[4374,4399],[115,2]],[[4489,4401],[72,2]],[[4561,4403],[16,0]],[[4577,4403],[0,-126]],[[4375,4277],[-1,122]],[[8699,1927],[1,-49]],[[8700,1878],[-113,2]],[[8587,1880],[-1,45]],[[4155,3278],[34,5]],[[4189,3283],[46,9]],[[4235,3292],[1,-60]],[[4236,3207],[0,-21]],[[4137,3204],[5,32]],[[7025,2821],[25,85]],[[7050,2906],[23,-15]],[[7073,2891],[89,-70]],[[7162,2821],[-68,-34]],[[3277,5150],[49,-9]],[[3373,5020],[-101,0]],[[3272,5020],[-17,-1]],[[5028,5108],[12,2]],[[5040,5110],[97,2]],[[4902,2893],[25,1]],[[4903,2833],[-1,37]],[[4902,2870],[0,23]],[[5429,3773],[125,-23]],[[5523,3625],[-51,70],[-43,11]],[[5429,3706],[0,67]],[[4984,1966],[1,-25]],[[4870,1895],[12,38],[102,33]],[[4539,2818],[30,12]],[[4569,2830],[6,-36]],[[4575,2791],[-35,-11]],[[4540,2780],[-1,38]],[[4017,2708],[68,1]],[[4110,2610],[-92,0]],[[4018,2610],[-1,98]],[[6745,2224],[-4,-111]],[[6906,3131],[-32,48]],[[4670,4307],[0,-33]],[[4621,4277],[49,30]],[[5648,3163],[72,-27]],[[5721,3091],[0,-48]],[[5721,3043],[-71,14]],[[5650,3057],[-2,106]],[[3739,3601],[32,-33]],[[3856,3380],[-5,-1]],[[3851,3379],[-64,-1]],[[3787,3378],[-16,0]],[[3771,3378],[-3,34]],[[3768,3412],[0,50],[-48,105]],[[3720,3567],[19,34]],[[4924,2497],[4,-42]],[[4873,2422],[-36,-22]],[[4837,2400],[-1,78],[88,19]],[[3907,3492],[-1,20]],[[4019,3584],[68,15]],[[4087,3599],[75,27]],[[4162,3626],[77,-98]],[[4239,3528],[-100,-4],[-47,-74]],[[8532,3943],[45,67]],[[8577,4010],[-40,-105]],[[8537,3905],[-12,-34]],[[8525,3871],[-33,14]],[[6651,3057],[40,-16]],[[6730,3028],[-12,-55]],[[6660,2989],[-26,19]],[[6634,3008],[17,49]],[[4786,4305],[0,74]],[[7579,2208],[9,44]],[[7588,2301],[44,38]],[[7632,2339],[61,-85]],[[7693,2254],[-6,-8]],[[7606,2204],[-27,4]],[[11225,3645],[94,195]],[[11319,3840],[59,10],[11,-80],[43,-18],[17,-79],[-77,-53],[-6,-72]],[[11366,3548],[-114,-20]],[[11252,3528],[-27,117]],[[4672,2410],[65,93]],[[4737,2503],[25,-65]],[[4764,2356],[-24,-6]],[[4740,2350],[-22,-1]],[[4718,2349],[-45,-1]],[[4673,2348],[-1,62]],[[6453,3011],[47,-34]],[[6500,2977],[-24,-55]],[[6476,2922],[-57,-6]],[[6419,2916],[34,95]],[[5246,2650],[-23,-15]],[[5223,2635],[0,51]],[[5824,6724],[55,-33]],[[5896,6582],[-116,-24]],[[5780,6558],[-42,53]],[[5738,6611],[-24,38]],[[4619,2844],[28,-4]],[[4647,2840],[1,-28]],[[4648,2812],[-33,0]],[[4457,2364],[-41,4]],[[8288,5072],[-2,-210]],[[8286,4862],[-30,-97]],[[8256,4765],[-30,-92]],[[8124,4630],[-56,5]],[[8068,4635],[1,93],[-26,69],[-73,102],[-14,60],[23,114]],[[4247,7112],[-38,-11]],[[4209,7101],[-88,185]],[[4121,7286],[100,23],[-4,-75]],[[4520,2417],[-13,-9]],[[9721,2193],[21,-70]],[[9742,2123],[-86,-40],[-27,50]],[[4920,3153],[45,1]],[[4985,3154],[36,0]],[[5021,3154],[45,1]],[[5066,3155],[-2,-35]],[[5064,3120],[-99,-5],[-3,-68]],[[4962,3047],[-41,0]],[[4921,3047],[0,32]],[[4921,3079],[-1,74]],[[6351,3904],[46,22]],[[6397,3926],[16,-14]],[[6413,3912],[65,-57]],[[6478,3855],[-16,0]],[[6462,3855],[-111,4]],[[6351,3859],[0,45]],[[4872,3201],[14,3]],[[4887,3157],[-15,44]],[[4019,2517],[92,-2]],[[4111,2515],[1,-58]],[[4113,2388],[2,-54]],[[4115,2334],[-43,4]],[[4072,2338],[-50,7]],[[4022,2345],[-2,135]],[[7198,3640],[46,-20]],[[7244,3620],[-12,-167]],[[7232,3453],[-123,46]],[[7109,3499],[1,82]],[[7110,3581],[-2,60]],[[4971,4190],[-50,-2]],[[5152,6293],[15,45]],[[5167,6338],[57,-91]],[[5224,6247],[25,-38]],[[5249,6209],[-46,-30]],[[5203,6179],[-51,114]],[[6672,5027],[1,41]],[[6673,5068],[89,-4],[29,-37]],[[9807,2194],[124,3]],[[9779,2060],[28,134]],[[6755,2223],[115,-6]],[[6870,2195],[7,-52]],[[6877,2143],[-122,80]],[[8556,2831],[139,-5]],[[8695,2826],[1,-53]],[[8696,2773],[-60,2],[-14,-63]],[[8615,2719],[-75,77],[16,35]],[[6449,2674],[2,11]],[[6451,2685],[83,1]],[[6534,2686],[70,5]],[[6604,2691],[21,1]],[[6625,2692],[-18,-95]],[[6607,2597],[-100,13]],[[6439,2635],[10,39]],[[7498,3042],[14,-19]],[[7512,3023],[-80,-64]],[[8811,3855],[-26,-1]],[[8785,3854],[-72,-3]],[[5672,1519],[44,0]],[[5718,1424],[-46,0]],[[5672,1424],[0,95]],[[8425,7630],[-22,-79],[16,-37]],[[8419,7514],[-81,2]],[[8338,7516],[15,103],[72,11]],[[5917,4383],[82,8]],[[5999,4391],[61,1]],[[6060,4392],[0,-6]],[[6060,4386],[3,-156]],[[6063,4230],[-60,2]],[[6003,4232],[-48,0]],[[5955,4232],[-1,66],[-47,9],[10,76]],[[4769,1896],[75,-1]],[[4844,1895],[26,0]],[[4869,1845],[-3,-87],[52,-45]],[[4918,1713],[-44,-20]],[[4874,1693],[-139,139]],[[6889,4243],[42,120]],[[6931,4363],[87,-23]],[[7018,4340],[0,-87]],[[7018,4253],[-66,-11]],[[6889,4240],[0,3]],[[5361,2687],[160,1],[5,-18]],[[5526,2670],[-1,-29]],[[5525,2641],[1,-30]],[[5006,6599],[88,-146]],[[3492,2579],[105,-22]],[[3597,2531],[-104,-6]],[[3493,2525],[-1,54]],[[4416,2327],[23,2]],[[4439,2329],[27,-33]],[[4466,2296],[-50,31]],[[6088,6297],[66,-67]],[[6154,6230],[3,-17]],[[6157,6213],[-82,-2],[-32,61]],[[8367,2820],[2,-88]],[[8369,2732],[-92,-1]],[[8253,2808],[0,18]],[[2304,3473],[185,24]],[[2489,3497],[5,-52]],[[2494,3445],[-82,-12]],[[2412,3433],[-108,-1]],[[2304,3432],[0,41]],[[3983,3703],[5,-23]],[[3988,3680],[-8,-30]],[[4578,3038],[12,-4]],[[4590,3034],[55,-8]],[[4573,2980],[5,58]],[[3812,2752],[66,1]],[[3879,2706],[-66,1]],[[5700,5854],[101,49]],[[5801,5903],[108,38]],[[5909,5941],[25,0]],[[5934,5941],[55,1]],[[5989,5942],[35,-112]],[[6024,5830],[-77,-2],[-171,-36]],[[8858,4272],[-59,-83],[38,-80]],[[8837,4109],[-51,-16]],[[8786,4093],[-24,138]],[[5986,1594],[48,12],[54,56]],[[6088,1662],[73,-33]],[[6161,1629],[0,-87],[-33,-17]],[[6128,1525],[-166,-2]],[[5667,1885],[80,22],[48,-33],[1,-81]],[[5796,1793],[-68,3]],[[5728,1796],[-60,29]],[[5668,1825],[-1,60]],[[5945,3596],[10,-1]],[[5955,3595],[58,-5]],[[6013,3590],[-15,-61]],[[5998,3529],[-51,-1]],[[5947,3528],[-2,68]],[[5565,3374],[-1,49]],[[5564,3423],[0,28]],[[5564,3451],[81,-51]],[[5645,3400],[1,-125]],[[5646,3275],[-40,1]],[[5606,3276],[-52,13]],[[5554,3289],[11,85]],[[5971,3218],[40,2]],[[6011,3220],[25,-52]],[[6036,3168],[-65,0]],[[5971,3189],[0,29]],[[6283,4118],[36,1]],[[6330,4020],[-20,12]],[[6310,4032],[-34,0]],[[6274,4085],[9,33]],[[6335,3354],[0,66]],[[6335,3420],[29,1]],[[6412,3347],[-58,-1]],[[6335,3346],[0,8]],[[8837,4109],[175,73]],[[9012,4182],[4,-79]],[[9016,4103],[-72,-6],[-9,-45]],[[8935,4052],[-94,0]],[[8841,4052],[-4,57]],[[8471,1556],[73,-88]],[[8544,1468],[-139,-140]],[[8405,1328],[-85,99]],[[8320,1427],[57,49]],[[4699,3204],[30,-7]],[[4729,3197],[0,-21]],[[4729,3176],[-30,28]],[[2669,5223],[154,3]],[[2823,5226],[11,-68]],[[2769,5138],[-98,33]],[[2671,5171],[-2,52]],[[6037,4890],[54,9]],[[6141,4757],[-101,-26]],[[6040,4731],[-3,159]],[[5302,3231],[0,-73]],[[5269,3158],[0,59]],[[3594,2816],[116,11]],[[3710,2709],[-114,4]],[[8532,2610],[-44,-60]],[[7463,5830],[68,1],[98,-29]],[[7627,5754],[-211,-3]],[[7104,3815],[0,-11]],[[7104,3804],[0,-60]],[[7104,3718],[-57,-43],[-59,-2]],[[6988,3673],[17,91]],[[4340,6825],[33,-74]],[[4373,6751],[-151,9]],[[4222,6760],[-13,52]],[[2310,3270],[154,1]],[[2464,3271],[64,-54]],[[2528,3217],[-26,-78]],[[2502,3139],[-192,131]],[[6145,4637],[-105,64]],[[6040,4701],[0,30]],[[5855,6991],[59,-1]],[[5952,6951],[-1,-27]],[[5951,6924],[-93,-30]],[[5242,4117],[0,-50]],[[5242,4067],[-47,5]],[[5195,4072],[-1,47]],[[2929,4769],[56,-48]],[[2985,4721],[0,-102]],[[2844,4573],[0,43]],[[2844,4616],[-36,129]],[[5824,5270],[31,0]],[[5915,5178],[23,-36]],[[5938,5142],[-31,-21]],[[5907,5121],[-72,-6]],[[5835,5115],[-6,84]],[[5383,6304],[69,-48],[69,2]],[[5521,6258],[66,-107]],[[5587,6151],[-78,-2]],[[5509,6149],[-47,-3]],[[5462,6146],[-51,-1]],[[5411,6145],[-16,1]],[[5395,6146],[-12,158]],[[7595,2385],[37,-46]],[[8001,2535],[71,1]],[[8072,2536],[30,1]],[[8102,2537],[41,0]],[[8143,2537],[1,-96]],[[8056,2441],[-32,54]],[[8024,2495],[-23,40]],[[10984,3269],[-3,-70]],[[10981,3199],[-81,11]],[[5799,5489],[18,1]],[[5817,5490],[99,2]],[[5916,5492],[-12,-139]],[[5904,5353],[-6,80],[-63,-26],[0,-56]],[[5835,5351],[-32,-1]],[[5803,5350],[-90,138]],[[4103,7099],[106,2]],[[4209,7101],[68,-144]],[[4130,6957],[-27,142]],[[3717,2410],[-119,-2]],[[3598,2408],[-1,123]],[[9012,4182],[172,66]],[[9184,4248],[24,-164]],[[9208,4084],[1,-4]],[[9017,4053],[-1,50]],[[9794,858],[73,39],[26,50],[-41,107],[93,52]],[[9945,1106],[-7,-203],[50,-15]],[[9988,888],[-33,-84]],[[9955,804],[-78,-3],[-52,-33]],[[9825,768],[-31,90]],[[5483,3375],[81,48]],[[5565,3374],[-62,-50]],[[5503,3324],[-19,0]],[[5484,3324],[-1,51]],[[6754,3537],[72,41]],[[6826,3578],[60,-4]],[[6989,3621],[-1,-39]],[[6988,3582],[-26,-133]],[[6912,3463],[-109,16]],[[6803,3479],[-49,58]],[[5399,3176],[-37,-15]],[[5334,3159],[-6,59]],[[7317,2835],[19,12]],[[7336,2847],[97,65]],[[7433,2912],[1,-30]],[[7388,2794],[-71,-1]],[[3239,2897],[5,-82]],[[3244,2815],[-53,-29]],[[8183,1435],[14,-23]],[[7013,4098],[77,2]],[[7090,4100],[3,-118]],[[7093,3982],[0,-43]],[[7015,3938],[-1,42]],[[7014,3980],[-1,118]],[[6362,3295],[58,46]],[[6420,3341],[19,-14]],[[6380,3246],[0,15]],[[7909,2542],[47,70]],[[7956,2612],[45,-77]],[[8024,2495],[-101,-1],[-14,48]],[[5117,4123],[8,-105]],[[5125,4018],[-27,0]],[[5098,4018],[-32,0]],[[6033,6736],[-92,-37]],[[5934,6698],[-10,111],[68,1]],[[4440,3146],[50,1]],[[4490,3147],[105,2]],[[4596,3118],[4,-32]],[[4600,3086],[-65,11],[2,-58]],[[4537,3039],[-96,-14]],[[4441,3025],[0,19]],[[7983,2441],[73,0]],[[8081,2399],[-37,-58],[1,-78]],[[8045,2263],[-31,-1]],[[8014,2262],[-24,8]],[[7990,2270],[-13,23]],[[5686,4321],[2,-83]],[[5688,4238],[-47,1]],[[5641,4239],[-43,54]],[[5598,4293],[88,28]],[[9443,1125],[1,-1]],[[9444,1124],[20,-39],[103,-8]],[[9567,1077],[-22,-57],[-101,-63]],[[9395,970],[-18,9]],[[5736,2574],[0,101],[-29,46]],[[5851,4403],[66,-20]],[[5955,4232],[-102,2]],[[5852,4351],[-1,52]],[[9357,587],[55,44]],[[9524,489],[12,-82]],[[9536,407],[-179,180]],[[8179,2345],[36,-1]],[[8166,2265],[-22,-1]],[[8144,2264],[-1,80]],[[6677,3759],[36,0]],[[4137,3204],[-38,-8]],[[4099,3196],[7,57]],[[5433,4518],[53,-111]],[[5486,4407],[-111,6]],[[5373,4463],[-2,55]],[[1495,4152],[0,-48],[176,4]],[[1672,4000],[-120,-1]],[[1552,3999],[-114,-15]],[[1438,3984],[-64,213]],[[1374,4197],[36,-45],[85,0]],[[6605,3011],[29,-3]],[[4982,2277],[30,0]],[[5023,2220],[-41,0]],[[4982,2220],[0,57]],[[4534,2536],[34,0]],[[4568,2514],[-34,22]],[[3598,2408],[-6,-1]],[[3592,2407],[-98,68]],[[3494,2475],[-1,50]],[[4585,3858],[7,-81]],[[4592,3777],[-106,-1]],[[7484,2295],[12,1]],[[7533,2244],[1,-37]],[[7513,2203],[-29,92]],[[7579,2208],[-24,-1]],[[10971,3169],[45,-18],[69,37]],[[11085,3188],[8,-2]],[[11032,3095],[-74,40]],[[10958,3135],[13,34]],[[7034,3260],[76,-28]],[[7022,3216],[12,44]],[[3483,3442],[81,4]],[[3564,3446],[16,-49]],[[3484,3397],[-1,45]],[[8522,7433],[97,17],[38,36]],[[8657,7486],[89,-58]],[[8746,7428],[-35,-16]],[[8711,7412],[-22,-6]],[[8689,7406],[-27,24],[-98,-44],[-37,3]],[[8527,7389],[-5,44]],[[4648,2803],[21,49]],[[4689,2852],[15,-101],[-26,-24]],[[4648,2779],[0,24]],[[4938,4123],[33,1]],[[5004,4019],[-34,-6]],[[5811,2715],[25,-7],[0,-128],[42,34]],[[5878,2614],[3,-8]],[[5881,2606],[-28,-57],[-117,-12]],[[5736,2537],[0,14]],[[9063,1239],[49,-68]],[[9112,1171],[-63,-16],[-43,-83]],[[8953,1140],[47,60],[63,39]],[[6730,4684],[14,-72]],[[6744,4612],[-13,-1]],[[6629,4591],[-14,69]],[[6615,4660],[115,24]],[[4532,5173],[69,7]],[[4626,5110],[-91,12]],[[4535,5122],[-3,51]],[[4771,2771],[39,43]],[[4842,2745],[-1,-17]],[[4841,2728],[-43,0]],[[4784,2728],[-13,43]],[[7011,4227],[120,-50]],[[7259,4125],[0,-49]],[[7259,4076],[-38,23],[-131,1]],[[3651,3049],[60,-10]],[[3716,2984],[-73,0],[8,65]],[[6525,5897],[135,-71]],[[6660,5826],[0,-17]],[[6880,4762],[-73,-149]],[[6807,4613],[-63,-1]],[[6730,4684],[0,77]],[[4653,7218],[11,-74],[47,-120]],[[4711,7024],[8,-14]],[[4607,7065],[-26,108]],[[8152,1640],[104,35]],[[8256,1675],[120,6]],[[8403,1646],[-251,-6]],[[6810,4357],[1,-90]],[[6811,4267],[-1,90]],[[9152,2350],[75,0]],[[9229,2276],[1,-43]],[[9230,2233],[-94,-12]],[[7549,1548],[98,2]],[[7648,1499],[0,-95]],[[7648,1404],[-35,50],[-87,-1],[0,44]],[[4993,1747],[-75,-34]],[[6116,5627],[-32,-3]],[[6084,5624],[15,25],[61,-20]],[[5145,3117],[-15,39]],[[6397,6882],[196,-42]],[[6593,6840],[-65,-77],[-74,-5]],[[6454,6758],[-3,6]],[[6451,6764],[-54,118]],[[4835,1952],[9,-57]],[[4769,1896],[0,97]],[[7337,6752],[1,76]],[[7338,6828],[112,1]],[[7450,6829],[4,-149]],[[7314,6678],[-1,0]],[[5512,3006],[1,-79]],[[5429,2832],[-1,47]],[[5428,2879],[45,49],[-1,69],[40,9]],[[7585,2107],[51,-1]],[[7636,2106],[41,-30]],[[7677,2076],[-36,-49],[2,-115]],[[7643,1912],[4,-142]],[[7647,1770],[-54,43],[-48,-16],[-118,-2]],[[7427,1795],[-21,41],[-2,265]],[[4488,3362],[89,-3]],[[4577,3359],[61,-14]],[[4638,3345],[15,-59]],[[4653,3286],[-165,-1]],[[5244,2854],[0,-2]],[[5244,2829],[-46,0]],[[5198,2829],[0,25]],[[8644,7608],[117,-92]],[[8761,7516],[-71,9],[-33,-39]],[[8522,7433],[-10,73]],[[8512,7506],[-1,3]],[[5007,4564],[8,57]],[[5156,4524],[-149,-1]],[[5007,4523],[0,41]],[[4653,7218],[60,20]],[[4813,7082],[-102,-58]],[[3813,2707],[1,-98]],[[3814,2609],[-52,-1],[-51,53]],[[3711,2661],[-1,48]],[[6270,4161],[99,1]],[[6369,4162],[7,-58]],[[6283,4118],[-13,43]],[[6177,2503],[50,-21]],[[6227,2482],[0,-15]],[[6178,2467],[-1,36]],[[8118,3545],[7,-100]],[[8125,3445],[-113,-7]],[[8012,3438],[-2,75]],[[8010,3513],[-1,36]],[[5066,3194],[0,-39]],[[5021,3154],[-2,57]],[[5019,3211],[47,30]],[[6060,3307],[47,43]],[[6107,3350],[47,1]],[[6154,3351],[0,-55]],[[6154,3296],[-46,-1]],[[6108,3295],[-48,0]],[[6060,3295],[0,12]],[[5873,2367],[18,29]],[[5967,2426],[-1,-58]],[[6487,4903],[-2,-73]],[[6345,4827],[-1,74]],[[5031,5285],[-102,-15]],[[4802,5269],[-2,126]],[[5835,6482],[-55,76]],[[7649,1395],[-1,9]],[[4026,3243],[20,-47]],[[4046,3184],[10,-45]],[[4056,3139],[-61,-1]],[[4056,3139],[44,1]],[[4100,3140],[40,1]],[[4188,3099],[-48,-35]],[[4140,3064],[26,-39],[-13,-71],[-95,29]],[[4057,3065],[-1,74]],[[2626,3366],[-77,-97]],[[2549,3269],[-28,19]],[[2521,3288],[-8,80],[58,47]],[[4592,3777],[0,-11]],[[4522,3668],[-140,-6]],[[8003,1111],[22,-61]],[[8025,1050],[-61,-43],[3,-54]],[[7967,953],[-80,89]],[[4286,3096],[47,-7]],[[4333,3089],[-6,-63]],[[4287,3026],[-1,70]],[[4100,3140],[0,21]],[[9011,2537],[129,-19]],[[9140,2518],[-1,-96]],[[9139,2422],[-125,-2]],[[6253,5963],[76,5]],[[6305,5938],[-52,10]],[[3113,4900],[-28,-61]],[[3085,4839],[-28,0]],[[3057,4892],[0,34]],[[6408,5075],[120,2]],[[6528,5077],[10,-49]],[[3040,5685],[25,61]],[[3065,5746],[60,-34]],[[3125,5712],[28,-22]],[[3153,5690],[16,-73]],[[3169,5617],[-129,68]],[[2200,4004],[-11,1]],[[2189,4005],[-76,-1]],[[2113,4004],[0,90],[86,56]],[[6318,1768],[1,-62]],[[6319,1706],[-58,3],[-1,-77],[-99,-3]],[[6088,1662],[16,54],[195,59],[19,-7]],[[5084,2883],[67,71]],[[5164,2924],[33,0]],[[5198,2876],[-13,0]],[[5108,2857],[-24,26]],[[3272,5020],[11,-74]],[[3283,4946],[-71,-53]],[[5777,3092],[0,-46]],[[5777,3046],[-56,-3]],[[5429,3706],[-82,-5]],[[6446,4473],[-2,-37]],[[6350,4434],[0,53]],[[4559,6236],[68,-16]],[[4520,6137],[69,56],[-30,43]],[[10834,3468],[2,-78]],[[10836,3390],[-116,7],[-41,45]],[[6011,3220],[49,2]],[[6060,3169],[-24,-1]],[[8626,433],[11,13]],[[8637,446],[32,-32]],[[8669,414],[37,-36]],[[8706,378],[-46,-51]],[[8660,327],[-62,76]],[[6263,3418],[37,1]],[[6300,3419],[0,-66]],[[6300,3353],[-35,0]],[[6265,3353],[-2,65]],[[6205,3734],[63,1]],[[6268,3735],[46,1]],[[6316,3728],[-11,-55]],[[6305,3673],[-99,-2]],[[7076,6828],[37,0]],[[7113,6828],[92,0]],[[7205,6828],[-10,-57]],[[7181,6671],[-103,35]],[[5100,3031],[27,1]],[[5127,3003],[-27,-2]],[[5100,3001],[0,30]],[[5977,2657],[-13,-33]],[[5964,2624],[-38,41]],[[3020,4269],[89,-19],[-16,-113]],[[3093,4137],[-75,3]],[[5594,5432],[71,1]],[[5665,5433],[141,-153],[40,4]],[[5846,5284],[9,-14]],[[5726,5268],[-129,-3]],[[5597,5265],[-3,167]],[[7949,2035],[1,-83]],[[7950,1952],[-87,-8]],[[7863,1944],[-50,91]],[[7813,2035],[26,10]],[[7205,6890],[138,-20],[-5,-42]],[[7338,6828],[-133,0]],[[7205,6828],[0,62]],[[3720,2336],[-3,74]],[[5265,4015],[23,0]],[[5346,4016],[-3,-33]],[[5343,3983],[-78,-13],[0,45]],[[3219,6236],[58,10]],[[3277,6246],[27,-9]],[[3304,6237],[47,-94],[-185,13]],[[3166,6156],[8,57],[45,23]],[[6020,3849],[-30,-1]],[[5990,3848],[-29,29]],[[5961,3877],[-75,123]],[[5886,4000],[46,0]],[[7861,3491],[149,22]],[[8012,3438],[-151,6]],[[7108,3641],[-119,-20]],[[6989,3664],[-1,9]],[[7530,6152],[23,-115],[-20,-20],[-118,52]],[[6128,6964],[3,0]],[[6131,6964],[80,-6],[110,-57]],[[6321,6901],[76,-19]],[[6451,6764],[-103,13],[-47,-21],[-114,-90]],[[3886,6781],[163,4]],[[4049,6785],[-3,-126]],[[3886,6701],[0,80]],[[5022,4752],[-65,34]],[[3835,3273],[73,-3]],[[3910,3137],[-39,-1]],[[3871,3136],[-46,-1]],[[3825,3135],[-30,88]],[[4110,2291],[0,-1]],[[4064,2315],[8,23]],[[9742,2123],[9,-101]],[[9751,2022],[-118,-5]],[[5335,2983],[25,-32]],[[5335,2957],[0,6]],[[5335,2963],[0,20]],[[3787,3378],[0,-89]],[[3787,3289],[-12,-1]],[[3767,3328],[4,50]],[[2870,7679],[141,-19],[241,2],[162,118],[203,11]],[[3617,7791],[14,-68]],[[3631,7723],[41,-121],[54,-108]],[[3726,7494],[63,-119],[19,-80]],[[3808,7295],[-60,-1]],[[3748,7294],[-159,8],[-234,-20],[-316,-11],[-139,29]],[[2900,7300],[1,187],[-29,19],[-2,162]],[[2870,7668],[0,11]],[[6639,3061],[71,106]],[[6710,3167],[9,-6]],[[6651,3057],[-12,4]],[[8014,2262],[62,-44],[1,-77]],[[7989,2174],[-72,94]],[[7917,2268],[73,2]],[[4000,6317],[-29,-32],[-64,63]],[[3907,6348],[93,-31]],[[4299,5416],[60,3]],[[4359,5419],[44,-40]],[[4403,5379],[5,-86],[-54,-52]],[[4354,5241],[-24,-4]],[[4330,5237],[-33,83],[2,96]],[[8546,4211],[-6,-95],[-85,0]],[[8444,4200],[0,9]],[[5835,5351],[69,2]],[[5916,5492],[122,2]],[[6038,5494],[3,-203]],[[6041,5291],[-29,33],[-78,1],[-88,-41]],[[5846,5284],[-43,66]],[[8016,3251],[30,0],[1,-162]],[[8047,3089],[-26,0]],[[8018,3194],[-2,57]],[[9611,2703],[456,-164],[114,-53]],[[10074,2200],[-2,136]],[[10072,2336],[-3,137],[-284,-7]],[[9785,2466],[-168,-3]],[[9617,2463],[-4,136]],[[9613,2599],[-2,104]],[[8144,2264],[-99,-1]],[[6582,3101],[75,107]],[[6657,3208],[53,-41]],[[6639,3061],[-38,27]],[[7111,3003],[-38,-112]],[[7050,2906],[-83,55]],[[6967,2961],[61,71]],[[7014,3980],[-118,0],[-58,18]],[[6838,3998],[42,89]],[[6237,3115],[64,0]],[[6303,3085],[-27,-3]],[[6276,3082],[-92,-8]],[[6184,3074],[0,40]],[[11090,3487],[113,29]],[[11203,3516],[17,-103]],[[11220,3413],[-119,-25]],[[10983,3366],[-2,102]],[[5493,4330],[30,-70]],[[5419,4234],[-86,96]],[[5333,4330],[71,21],[89,-21]],[[7357,5023],[1,-103]],[[7308,4919],[0,83],[49,21]],[[4944,2598],[42,38],[-6,75]],[[4980,2711],[47,15]],[[5037,2682],[-18,-98]],[[5019,2584],[-53,-29]],[[4966,2555],[-22,43]],[[5157,2010],[-8,-81]],[[5149,1929],[-24,-1]],[[5269,1902],[-40,17]],[[5229,1919],[-7,77]],[[4482,4030],[97,8]],[[4582,3991],[2,-77]],[[4509,2724],[53,1]],[[4530,2583],[-28,0]],[[10371,2308],[23,1]],[[10394,2309],[81,-173]],[[10373,2154],[0,52]],[[4829,6899],[63,42]],[[4892,6941],[105,70]],[[4997,7011],[-14,-58],[27,-50]],[[5010,6903],[-102,-18]],[[4908,6885],[-79,14]],[[5572,5901],[1,-111]],[[5573,5790],[-56,0]],[[5486,5837],[-40,62]],[[6237,4271],[-45,110]],[[6117,3854],[-48,-1]],[[6069,3853],[-21,-2]],[[6662,5709],[5,-192]],[[6667,5517],[-88,0]],[[6442,5515],[-43,212]],[[5780,3283],[106,7]],[[5847,3215],[-67,-7]],[[5780,3208],[0,75]],[[9140,2518],[84,5]],[[9224,2523],[3,-136]],[[9227,2387],[-88,35]],[[7245,2173],[131,-89]],[[7376,2084],[-149,-88]],[[8456,2522],[1,-98]],[[6965,2293],[94,10]],[[7059,2303],[23,-88]],[[7525,2590],[2,-72]],[[7527,2518],[-6,-45]],[[7521,2473],[-85,108]],[[7436,2581],[89,9]],[[8986,904],[49,-63]],[[5527,2530],[-95,-1]],[[5386,2528],[-48,-1]],[[5338,2527],[-91,15]],[[5247,2542],[0,16]],[[5247,2558],[0,32]],[[9031,2281],[55,3]],[[9033,2208],[-2,73]],[[6486,4799],[92,3],[10,-44]],[[8718,3595],[-93,-2]],[[8625,3593],[22,81]],[[5556,2191],[83,2]],[[5558,2094],[-2,97]],[[6118,7023],[58,64],[35,0]],[[6211,7087],[110,-186]],[[6131,6964],[-13,59]],[[5289,2926],[47,0]],[[5279,2878],[-35,-1]],[[8175,3874],[145,-10]],[[8320,3864],[-28,-22]],[[8292,3842],[-75,-46],[24,-77],[70,-64]],[[8311,3655],[18,-2]],[[8329,3653],[21,-3]],[[8350,3650],[56,24],[8,-71]],[[8414,3603],[-76,0]],[[8177,3697],[-1,72]],[[6931,4363],[50,148]],[[6981,4511],[62,-1],[2,-170],[-27,0]],[[5333,2124],[140,143]],[[5473,2267],[23,8]],[[5496,2275],[-23,-85]],[[5473,2190],[0,-50]],[[5473,2140],[-149,-100],[-41,-2]],[[5426,4016],[1,-89]],[[5344,3929],[-1,54]],[[7198,3740],[1,73]],[[7199,3813],[45,1]],[[7244,3814],[0,-52]],[[7244,3762],[23,-45]],[[7267,3717],[-23,-1]],[[5908,6018],[0,-30]],[[5908,5988],[1,-47]],[[5881,2606],[98,20]],[[5979,2626],[17,-74]],[[5934,2504],[-5,104],[-46,-9]],[[5883,2599],[-2,7]],[[6315,2102],[172,8]],[[6406,1920],[-90,-2]],[[6316,1918],[-1,184]],[[4766,2261],[0,-28]],[[4767,2199],[-47,9]],[[4720,2208],[-2,48]],[[6201,3351],[64,2]],[[6300,3353],[1,-94]],[[6301,3259],[-9,-10]],[[6292,3249],[-38,0]],[[6254,3249],[-53,102]],[[6741,2113],[136,2]],[[6879,2026],[-136,-13]],[[4218,5739],[147,1]],[[4334,5659],[-104,-41]],[[4230,5618],[-11,-1]],[[4282,3292],[1,-68]],[[4263,6316],[74,51]],[[4337,6367],[43,-94]],[[4380,6273],[-57,39],[-5,-129]],[[4318,6183],[-40,0]],[[4278,6183],[-15,133]],[[5850,4458],[1,-22]],[[5851,4436],[0,-33]],[[5744,4380],[-16,13]],[[5728,4393],[21,62],[101,3]],[[8410,2825],[81,-102]],[[8491,2723],[-32,-34],[-89,-4]],[[8370,2685],[-1,47]],[[3919,7295],[161,-10]],[[4080,7285],[-8,-95]],[[4072,7190],[-50,-1]],[[3938,7271],[-19,24]],[[6809,3202],[7,11]],[[6816,3213],[29,43]],[[6845,3256],[35,-13]],[[6852,3187],[-40,14]],[[6812,3201],[-3,1]],[[3384,3092],[105,38]],[[3489,3130],[1,-85]],[[3490,3045],[-114,-32]],[[3631,7723],[57,57],[129,15]],[[3817,7795],[30,-5],[4,-295]],[[3851,7495],[-125,-1]],[[6769,7210],[32,22]],[[6801,7232],[62,-103]],[[6863,7129],[-77,41],[-17,40]],[[3580,7899],[142,26],[66,59]],[[3788,7984],[37,-77]],[[3825,7907],[-63,-32]],[[3762,7875],[-145,-84]],[[3617,7791],[-37,108]],[[6372,7145],[25,-263]],[[6211,7087],[86,7],[75,51]],[[10753,4259],[177,33],[17,-95],[-175,-61]],[[10772,4136],[-19,123]],[[5242,4067],[1,-51]],[[5199,4016],[-4,56]],[[6319,1528],[77,-23],[135,0]],[[6531,1505],[1,-95]],[[6530,1322],[-207,-7],[0,19]],[[6323,1334],[-4,194]],[[9397,653],[99,85]],[[9496,738],[66,-47]],[[9562,691],[-29,-11]],[[9533,680],[-104,-43]],[[9412,631],[-15,22]],[[8177,7178],[-64,13],[-29,-100]],[[8084,7091],[1,195]],[[8516,4011],[5,42]],[[8521,4053],[56,6]],[[8610,4060],[-33,-50]],[[7917,2268],[-89,114]],[[6009,7108],[51,-12],[58,-73]],[[6026,6941],[-17,167]],[[3489,3130],[82,2]],[[3571,3132],[-29,-87]],[[3542,3045],[-52,0]],[[4483,3533],[42,1]],[[4570,3519],[12,-85]],[[4582,3434],[56,-89]],[[4577,3359],[0,30],[-86,57]],[[5997,4519],[61,1]],[[6058,4520],[1,-85]],[[6059,4435],[1,-43]],[[5999,4391],[-1,69]],[[5998,4460],[-1,59]],[[7181,2744],[42,28]],[[7377,2653],[27,-26]],[[7404,2627],[-41,-14]],[[7363,2613],[-88,-7]],[[7275,2606],[-53,102]],[[7222,2708],[-41,36]],[[7527,2518],[86,29]],[[7720,2531],[-48,-18],[-27,-61],[-64,-50]],[[1672,4000],[-21,-59],[0,-96],[-100,1]],[[1551,3846],[1,153]],[[6910,4786],[89,39],[82,-18]],[[6908,4760],[2,26]],[[3405,4624],[65,0]],[[3470,4624],[2,-172]],[[3472,4452],[-35,0]],[[3437,4452],[-12,62]],[[7155,2987],[69,-32]],[[7224,2955],[-37,-37],[-25,-97]],[[4843,3153],[45,0]],[[4888,3153],[1,0]],[[4889,3153],[32,-74]],[[4921,3047],[-71,-3]],[[7643,2204],[-7,-98]],[[4240,4397],[134,2]],[[4376,4204],[0,-27]],[[4376,4177],[0,-31]],[[4306,4149],[-68,1]],[[4238,4150],[2,247]],[[6312,3857],[0,-36]],[[6268,3735],[-2,122]],[[7907,1246],[87,-94]],[[7825,1103],[-90,-112]],[[7735,991],[-38,183],[20,36]],[[7647,1770],[-1,-79]],[[7646,1691],[-129,-6]],[[7517,1685],[-77,-7]],[[7440,1678],[-13,117]],[[5336,3004],[-85,-1]],[[5251,3003],[-34,-1]],[[5001,7958],[80,19],[63,-54],[-24,-51],[33,-96],[1,-59]],[[5112,7713],[-112,5]],[[5000,7718],[1,240]],[[6584,2528],[10,29]],[[6594,2557],[35,-12]],[[6605,2473],[-37,7]],[[7110,3581],[-122,1]],[[7082,2215],[52,12]],[[8320,1427],[-116,127]],[[8148,1614],[4,26]],[[7694,4729],[121,0]],[[7815,4729],[-54,-36],[-2,-55]],[[7759,4638],[-65,0]],[[7694,4638],[0,91]],[[5153,2814],[23,-33]],[[5152,2780],[-2,23]],[[3988,3095],[7,43]],[[3977,3054],[11,41]],[[5493,4330],[28,3]],[[5521,4333],[8,-17]],[[8161,2796],[38,6]],[[8199,2730],[-36,-34]],[[8163,2696],[-2,100]],[[4760,3043],[40,0]],[[4850,3044],[-1,-39]],[[6991,5331],[-55,-2]],[[6936,5329],[-14,0]],[[6922,5329],[1,15]],[[8537,3905],[35,-34]],[[8572,3871],[-47,0]],[[4853,2941],[212,20]],[[5065,2961],[103,11]],[[5084,2883],[-79,-84]],[[4902,2893],[-46,2]],[[6932,5374],[2,70]],[[6934,5444],[85,-7],[1,-63]],[[6930,5369],[2,5]],[[5979,2626],[36,6]],[[3925,2707],[1,-87]],[[3926,2620],[-35,86]],[[3230,2958],[76,58]],[[3307,2932],[2,-60]],[[3309,2872],[-65,-57]],[[2844,4616],[-102,16],[-67,40]],[[2675,4672],[133,120]],[[5371,4593],[-57,7]],[[5063,3078],[63,1]],[[5100,3031],[-37,0]],[[5063,3031],[0,47]],[[4060,2863],[43,4]],[[4103,2867],[4,-62]],[[4107,2805],[1,-50]],[[4017,2708],[-92,-1]],[[3924,2753],[-1,96]],[[3597,2557],[-1,156]],[[7441,1545],[35,58]],[[2484,3991],[52,0]],[[2536,3991],[32,-66]],[[2568,3925],[-17,-34]],[[2551,3891],[-24,62],[-43,0]],[[2484,3953],[0,38]],[[5104,1852],[46,29]],[[5150,1881],[1,-62]],[[4896,2207],[44,1]],[[4940,2208],[15,-67]],[[4955,2141],[-36,-8]],[[5264,3455],[55,46]],[[5319,3501],[7,-91]],[[5326,3410],[-60,-1]],[[5266,3409],[-2,46]],[[6635,3316],[77,3],[85,-62],[19,-44]],[[6809,3202],[-86,8],[-109,78]],[[6185,3225],[27,0]],[[6235,3239],[1,-68]],[[6236,3171],[-51,-1]],[[10786,4041],[182,43]],[[10968,4084],[35,1],[25,-141],[145,-215]],[[11173,3729],[-107,-20]],[[10980,3692],[-82,-10]],[[4889,3153],[31,0]],[[8454,6251],[2,-75]],[[8456,6176],[-101,7],[6,55],[93,13]],[[6155,2679],[60,21],[52,-20],[19,58],[61,-2]],[[6347,2736],[-40,-141]],[[6262,2603],[-93,2]],[[5938,5142],[21,-32]],[[5959,5110],[-52,11]],[[3346,6412],[28,13]],[[3383,6374],[18,-94]],[[3401,6280],[-62,-6],[-35,-37]],[[3277,6246],[-17,117]],[[8569,3672],[78,2]],[[8625,3593],[-55,-2]],[[6069,3853],[3,-95]],[[6072,3758],[-44,0]],[[9235,780],[58,98]],[[9293,878],[32,-15]],[[9325,863],[-15,-34]],[[9310,829],[-51,-81]],[[2919,4914],[40,0]],[[2962,4836],[-48,-4]],[[2914,4832],[5,82]],[[5878,2487],[5,112]],[[3905,4646],[104,0]],[[4009,4646],[170,-5]],[[4179,4641],[196,0]],[[4375,4641],[-1,-242]],[[4240,4397],[-230,-4],[-89,37]],[[3921,4430],[-16,216]],[[4144,5469],[49,-45]],[[4193,5424],[-49,3]],[[4940,2208],[42,0]],[[4982,2208],[0,-38]],[[4956,2081],[-1,60]],[[6061,3069],[123,5]],[[6184,3074],[0,-46]],[[6184,3028],[0,-28]],[[6184,3000],[-101,-2]],[[3757,3134],[18,0]],[[3775,3134],[29,1]],[[3804,3135],[2,-106]],[[3806,3029],[-48,1]],[[3758,3030],[-1,104]],[[4240,6105],[132,-37]],[[4372,6068],[106,-38]],[[4485,6027],[-90,-96]],[[4395,5931],[-24,-26]],[[4371,5905],[1,61]],[[4372,5966],[0,65],[-70,0],[-53,38]],[[4249,6069],[-9,36]],[[8137,2634],[26,0]],[[8163,2634],[2,-96]],[[8165,2538],[-22,-1]],[[8102,2537],[35,97]],[[5129,2733],[23,47]],[[6667,5517],[2,-47]],[[6669,5470],[3,-96]],[[6672,5374],[1,-48]],[[6276,3082],[1,-45],[-93,-9]],[[8610,4060],[12,0]],[[8619,3872],[-47,-1]],[[4962,3047],[101,31]],[[5063,3031],[1,-17]],[[5064,3014],[-102,-13],[0,46]],[[7174,2595],[119,-48]],[[7293,2547],[10,-49]],[[7303,2498],[17,-33]],[[7217,2465],[-78,61]],[[6830,2466],[46,-89]],[[6876,2377],[2,-40]],[[6878,2337],[-91,24]],[[6607,2597],[-13,-40]],[[7909,2542],[-63,74],[75,60],[35,-64]],[[7015,3334],[19,-74]],[[6998,3199],[-45,17]],[[6953,3216],[34,76]],[[10981,3468],[-72,1]],[[6144,5423],[133,1],[0,-101]],[[6277,5323],[-104,6]],[[6173,5329],[-29,94]],[[8713,3851],[0,-28]],[[8713,3823],[-69,-2]],[[8644,3821],[-25,51]],[[9785,2466],[2,-136]],[[9787,2330],[-75,-2]],[[9617,2395],[0,68]],[[4537,2260],[74,83]],[[4611,2343],[62,5]],[[4673,2348],[29,-40]],[[4702,2308],[9,-9]],[[4711,2299],[-40,-28]],[[4458,2113],[-22,34]],[[4436,2147],[101,113]],[[5970,3276],[90,2]],[[6060,3278],[0,-56]],[[6488,3954],[0,-78]],[[6488,3876],[0,-30]],[[6488,3846],[-10,9]],[[6413,3912],[16,41]],[[5486,4407],[35,-74]],[[5257,4415],[55,-2]],[[4842,3764],[0,-137]],[[4829,3627],[-82,-1]],[[4747,3626],[-19,-1]],[[4728,3625],[-1,72]],[[4727,3697],[-1,68]],[[4240,3617],[-72,9]],[[4168,3626],[9,143],[66,0]],[[5125,4018],[25,-1]],[[5151,3964],[0,-54]],[[5151,3910],[-25,0]],[[5126,3910],[-10,-1]],[[5116,3909],[-30,24],[12,85]],[[5528,4861],[2,-47]],[[5530,4814],[-64,-1]],[[5466,4813],[62,48]],[[5227,2291],[105,2]],[[5332,2293],[-1,-73]],[[5230,2218],[-3,73]],[[6227,4031],[1,-78]],[[6230,3856],[-27,-1]],[[6188,3952],[-1,78]],[[8033,1041],[72,71]],[[8105,1112],[68,-34]],[[8173,1078],[-12,-13]],[[8161,1065],[-65,-70]],[[8096,995],[-63,46]],[[5621,6801],[34,-55]],[[5655,6746],[-53,-34],[-34,55]],[[8292,2067],[8,-12]],[[8294,2015],[-2,52]],[[9534,5035],[80,53],[49,180],[67,63]],[[9730,5331],[153,-10],[1,51],[134,2],[112,225],[-3,96]],[[10323,5136],[-133,7]],[[9889,5114],[-31,-30],[-311,-102]],[[9547,4982],[-13,53]],[[5044,2526],[22,13]],[[5066,2539],[87,53]],[[5153,2592],[0,-3]],[[5153,2589],[7,-83]],[[5092,2420],[-1,85],[-47,21]],[[9284,523],[-140,-120]],[[9022,558],[40,23]],[[4654,5245],[148,9]],[[4802,5114],[-71,31],[-67,0]],[[4664,5188],[-10,57]],[[7934,7264],[17,-120],[0,-154]],[[7951,6990],[-185,34],[-24,-62]],[[7742,6962],[-11,2]],[[7731,6964],[-53,76]],[[7678,7040],[242,229]],[[8706,378],[15,-13]],[[8769,316],[-95,-12]],[[8674,304],[-14,23]],[[8809,2823],[86,-3]],[[8895,2820],[0,-137]],[[8895,2683],[-99,-31]],[[8795,2724],[14,99]],[[5935,2859],[-13,0]],[[5848,2857],[0,27]],[[8509,6709],[51,4]],[[8560,6713],[15,-94],[45,-26]],[[8620,6593],[-107,3]],[[8513,6596],[-58,1]],[[8455,6597],[-5,107],[59,5]],[[3744,5777],[35,0]],[[3889,5779],[14,-54]],[[3804,5664],[-52,18]],[[3752,5682],[-8,95]],[[6060,3169],[1,-57]],[[6061,3112],[0,-43]],[[5972,3110],[-1,58]],[[7109,3499],[-50,-99]],[[5243,4016],[22,-1]],[[5344,3906],[-102,5]],[[5242,3911],[1,56]],[[8690,2116],[7,-120]],[[8564,2012],[-27,37]],[[6952,3111],[-4,-8]],[[6914,3002],[-48,35]],[[6782,3112],[30,89]],[[6033,6736],[16,-23]],[[4018,2610],[-63,1]],[[3955,2611],[-29,0]],[[3926,2611],[0,9]],[[2881,6343],[-6,-78]],[[2875,6265],[-189,72]],[[2686,6337],[-21,73]],[[2665,6410],[69,3],[147,-28]],[[3825,7907],[186,-391]],[[4011,7516],[-160,-21]],[[3817,7795],[-55,80]],[[10394,2309],[141,8],[51,29],[194,27]],[[10780,2373],[-17,-30],[-190,-147],[-17,-29]],[[11173,3729],[52,-84]],[[11252,3528],[-49,-12]],[[5935,1876],[144,-2]],[[6079,1874],[-55,-166]],[[6024,1708],[-84,4]],[[5937,1793],[-2,83]],[[3105,5264],[39,-106]],[[3278,4836],[121,33]],[[3407,4833],[-90,-38]],[[8434,3602],[-20,1]],[[8350,3650],[52,85],[77,1]],[[6863,7129],[72,-72],[14,-42]],[[6949,7015],[-136,-30]],[[6813,6985],[26,19],[-23,116],[-46,-14],[-39,79]],[[6398,7191],[89,-17]],[[6487,7174],[68,-104]],[[6555,7070],[-18,-12]],[[6537,7058],[-25,37],[-140,50]],[[6372,7145],[-9,25]],[[5463,1544],[135,-26],[74,1]],[[5672,1424],[-56,-2]],[[5616,1422],[-59,-1]],[[5465,1419],[-2,125]],[[3475,5022],[106,1]],[[3581,5023],[1,-66],[-106,-38]],[[3476,4919],[-1,49]],[[3475,4968],[0,54]],[[7704,5677],[73,-54],[7,-52]],[[7784,5571],[-121,-72],[-137,10]],[[3910,3137],[1,-33]],[[3911,3104],[-39,0]],[[3872,3104],[-1,32]],[[5151,1819],[120,55]],[[5271,1874],[3,-157]],[[5257,1687],[-128,-1]],[[6489,4580],[38,7]],[[6527,4587],[1,-114]],[[6528,4473],[-82,0]],[[3422,6143],[95,1],[113,-41]],[[3630,6103],[-61,-2],[-58,-104],[-77,-4]],[[3434,5993],[-12,150]],[[8702,561],[105,-109]],[[8669,414],[71,63],[-61,67]],[[6761,5696],[19,-88],[49,-40]],[[6825,5468],[-156,2]],[[4648,2803],[0,9]],[[4647,2840],[0,12]],[[6572,6230],[65,0],[-1,-58],[92,-9],[68,-80],[44,-105],[166,3],[0,79],[-73,152],[-64,82],[318,2],[1,-51]],[[7232,5984],[10,-162]],[[7242,5822],[-134,-10]],[[6660,5826],[-51,270],[-33,62]],[[6576,6158],[-4,72]],[[6803,3479],[-75,-3]],[[6728,3476],[26,61]],[[5662,5568],[32,-50]],[[5665,5433],[-130,113]],[[5535,5546],[127,22]],[[1930,4003],[109,1]],[[2039,4004],[-4,-40]],[[2035,3964],[-87,-60],[-56,-4]],[[1892,3900],[42,36],[-4,67]],[[7661,3165],[84,-67]],[[7745,3098],[46,-6],[-8,327],[29,28]],[[7861,3444],[16,-57],[57,-75],[3,-51]],[[8047,3089],[23,-93]],[[8070,2996],[-122,-81],[-95,18],[-86,81],[-119,-25]],[[7648,2989],[13,176]],[[6438,3822],[24,33]],[[6488,3846],[32,-76],[-1,-64]],[[6519,3706],[-3,-31]],[[6481,3693],[-43,82]],[[5155,6494],[60,39]],[[5215,6533],[27,17]],[[5242,6550],[60,-96]],[[5204,6447],[-49,47]],[[9114,5560],[95,56],[27,-52],[63,-41],[154,45],[72,72],[82,-26]],[[9607,5614],[-32,-92],[-5,-86]],[[9570,5436],[-155,2],[-52,21],[-124,-127]],[[9239,5332],[-32,49],[1,112],[-88,59]],[[9120,5552],[-6,8]],[[5124,3403],[75,24]],[[5066,2539],[-47,45]],[[6896,4794],[14,-8]],[[6907,4620],[2,-105]],[[6909,4515],[-101,-4]],[[6808,4511],[-1,102]],[[9214,860],[19,15]],[[9233,875],[28,8]],[[9261,883],[32,-5]],[[4952,4664],[16,-10]],[[4968,4654],[-54,-34]],[[4914,4620],[-104,28]],[[4810,4648],[142,16]],[[4590,2812],[1,-17]],[[5249,2443],[55,-3]],[[5303,2384],[-53,2]],[[6878,2337],[-6,-47]],[[6755,2223],[-10,1]],[[2834,5602],[190,-38]],[[2905,5233],[-82,-7]],[[2823,5226],[-12,68],[31,158],[-8,150]],[[8608,6875],[83,-9],[60,-46],[-65,-95]],[[8686,6725],[-66,35]],[[8620,6760],[-26,55],[14,60]],[[2668,4673],[7,-1]],[[2845,4564],[-89,-25]],[[2756,4539],[-92,-4]],[[4966,5630],[48,-68]],[[8935,7352],[42,2]],[[8977,7354],[46,-124],[-74,-108],[-73,38],[-31,55]],[[8845,7215],[-38,69]],[[4080,7285],[41,1]],[[4103,7099],[-31,91]],[[2906,5119],[-5,-3]],[[5119,7442],[71,-41]],[[5190,7401],[6,-53],[-60,-12]],[[5120,7384],[-1,58]],[[6531,3977],[25,0]],[[6556,3977],[93,1]],[[6649,3978],[2,-79]],[[6651,3899],[-118,38],[-2,40]],[[6578,1796],[86,34]],[[6664,1830],[0,-38]],[[6664,1792],[3,-88]],[[6669,1621],[-88,0]],[[3024,5644],[16,41]],[[3169,5617],[2,-90]],[[3024,5564],[0,80]],[[6541,7315],[10,83]],[[6551,7398],[10,45]],[[6561,7443],[63,-26],[98,-133]],[[6631,7209],[-63,65]],[[6568,7274],[-27,41]],[[6426,7443],[35,-62],[90,17]],[[6541,7315],[-82,-47]],[[6459,7268],[-78,145]],[[6381,7413],[45,30]],[[6046,5715],[108,-1]],[[6177,5715],[24,-77]],[[6042,5621],[4,94]],[[3266,2659],[-4,-31]],[[3262,2628],[-206,139]],[[9945,1106],[174,123]],[[10119,1229],[9,0]],[[10128,1229],[-9,-65],[-48,-26],[-10,-62]],[[10061,1076],[-13,-72],[-56,-60],[-4,-56]],[[10968,4084],[246,45],[250,124],[114,5]],[[11578,4258],[15,-83],[-92,-153],[-67,-12],[-3,-49]],[[11431,3961],[-41,24],[-71,-145]],[[6255,4578],[93,-162]],[[6295,4423],[-9,83],[-82,0],[-1,70]],[[8793,261],[92,-24]],[[8885,237],[21,-20],[-62,-93]],[[8844,124],[-42,-62],[-35,112],[26,87]],[[6528,4473],[4,-66]],[[4491,8413],[23,48],[43,304],[63,92]],[[4620,8857],[192,-117],[-4,-35],[53,-68],[163,-112]],[[5024,8525],[-2,-57]],[[4730,8417],[-28,0]],[[1625,7726],[8,-196],[-36,-1],[6,-432]],[[1603,7097],[0,-174]],[[1603,6923],[0,-95]],[[1603,6828],[-186,79]],[[1417,6907],[-149,66]],[[1268,6973],[48,122],[-82,0],[-2,100],[-60,176],[-10,107],[-398,-2],[-4,198],[-192,-3],[-4,211],[-298,-5]],[[266,7877],[-266,889],[54,-28],[44,-64],[52,-26],[27,-81],[45,-34],[127,-20],[78,-99],[120,-113],[97,-64],[74,-13],[68,-41],[170,40],[13,-48],[103,-79],[4,-73],[138,-65],[86,-95],[-22,-78],[81,-75],[39,22],[59,-42],[168,36]],[[3968,2223],[30,-77]],[[3998,2146],[-134,80]],[[9340,2799],[271,-96]],[[9613,2599],[-278,-6]],[[9334,2661],[6,138]],[[5259,6019],[-4,-119]],[[5255,5900],[-157,37]],[[5098,5937],[-1,6]],[[3886,5903],[35,82]],[[3921,5985],[140,2]],[[4061,5987],[80,1]],[[4141,5988],[1,-74]],[[7461,4628],[34,-23],[2,-138],[38,-75]],[[7535,4392],[-82,-1]],[[7407,4391],[0,96]],[[6876,2632],[-25,10]],[[6851,2642],[-75,30]],[[6776,2672],[46,144]],[[2649,4787],[157,49]],[[2668,4673],[-19,114]],[[5492,6533],[48,80]],[[5540,6613],[66,-83]],[[5606,6530],[135,-139]],[[5731,6259],[-57,12]],[[5674,6271],[0,111],[-75,-2],[-14,50],[-97,-37],[-55,74]],[[5433,6467],[59,66]],[[5890,6236],[-100,17]],[[6459,7268],[45,-83]],[[6504,7185],[-17,-11]],[[6318,7259],[-7,15]],[[6270,7340],[111,73]],[[8395,4670],[128,11]],[[8523,4681],[16,-130]],[[8539,4551],[-133,-69]],[[8406,4482],[-7,103]],[[8399,4585],[-4,85]],[[4644,3060],[-46,-1]],[[4598,3059],[2,27]],[[3085,4839],[129,-1]],[[3223,4662],[-53,0],[-74,72],[-39,9]],[[3057,4743],[0,96]],[[9012,1754],[40,27],[94,1]],[[9146,1782],[91,2]],[[9237,1784],[6,-72],[84,-73],[9,-196]],[[9216,1411],[-80,-51]],[[9037,1443],[52,72],[-1,84],[-68,104],[-8,51]],[[3580,3397],[32,0]],[[3612,3397],[5,-40]],[[3587,3132],[-16,0]],[[3489,3130],[-5,208]],[[7363,2613],[-23,-71],[-47,5]],[[7293,2547],[-18,59]],[[7367,5939],[-43,-117]],[[7242,5820],[0,2]],[[3696,3341],[3,-65]],[[3699,3276],[13,-143]],[[3712,3133],[-32,0]],[[3663,3305],[33,36]],[[6505,2110],[-2,147]],[[2106,5944],[288,4],[55,-9],[40,-48],[53,16]],[[2542,5907],[-3,-91],[47,-29]],[[2560,5643],[1,-135],[22,-102]],[[2583,5406],[-60,42]],[[2523,5448],[-103,6],[-1,91],[-228,1],[-23,230],[-62,168]],[[6846,2547],[-22,27]],[[6824,2574],[27,68]],[[9005,1900],[109,2]],[[9114,1902],[29,-22],[3,-98]],[[9011,1836],[-6,64]],[[3532,4667],[52,36],[17,-110]],[[3601,4593],[-68,-51]],[[3533,4542],[-4,125]],[[6829,1620],[103,-1]],[[6932,1619],[299,-1]],[[7231,1618],[45,-175]],[[7276,1443],[-335,1],[0,59],[-272,1]],[[6669,1504],[0,58]],[[4765,2301],[137,12]],[[4902,2313],[-6,-59]],[[4766,2283],[-1,18]],[[8237,3448],[-112,-3]],[[8052,4302],[208,105]],[[8304,4198],[-62,-90]],[[8242,4108],[-62,-15],[-89,62],[-48,66],[9,81]],[[5581,6054],[-72,95]],[[3020,5031],[-20,0]],[[3000,5031],[-98,-1]],[[6519,3706],[91,34]],[[8320,3864],[37,1]],[[8346,3796],[-54,46]],[[2919,4914],[81,117]],[[2544,3880],[54,44]],[[2598,3924],[65,14]],[[2663,3938],[1,-93]],[[2664,3845],[-120,35]],[[7535,4392],[74,1]],[[7609,4393],[2,-122]],[[3612,4901],[0,-35]],[[3612,4866],[-58,5]],[[3554,4871],[58,30]],[[5100,5785],[161,3]],[[5261,5788],[0,-28]],[[5261,5760],[20,-75]],[[5281,5685],[-93,15]],[[6121,5499],[23,-76]],[[6173,5329],[39,-127]],[[6212,5202],[-101,43]],[[6111,5245],[-70,46]],[[5593,4407],[-107,0]],[[7231,1618],[210,-1],[-1,61]],[[7517,1685],[31,-81]],[[7439,1497],[-7,-116]],[[7428,1315],[-117,-17]],[[7311,1298],[-35,145]],[[2772,6576],[28,-3],[7,-123],[73,-28]],[[2665,6410],[-16,41]],[[2649,6451],[56,88],[67,37]],[[7194,3276],[54,95]],[[7248,3371],[62,2]],[[7310,3373],[-31,-28],[-35,-100]],[[6568,7274],[-44,-75]],[[6524,7199],[-20,-14]],[[2868,4913],[51,1]],[[2914,4832],[-20,-1]],[[2869,4831],[-1,82]],[[8870,3632],[24,-32]],[[8894,3600],[-90,-3]],[[8787,3746],[-2,108]],[[4178,7484],[87,-87],[-13,-24]],[[4252,7373],[98,-104]],[[4121,7286],[-60,125]],[[4061,7411],[78,6],[39,67]],[[5830,6454],[-98,-15],[-19,98],[67,21]],[[9068,799],[44,-56]],[[9056,723],[-12,16]],[[2140,3574],[38,-60]],[[2178,3514],[-87,33]],[[2091,3547],[-60,0]],[[2031,3547],[-11,64]],[[4138,6130],[1,-27]],[[4139,6103],[2,-115]],[[4061,5987],[-8,125]],[[4524,2336],[-39,-4]],[[4485,2332],[2,32]],[[9533,680],[60,-145]],[[9593,535],[-25,-57]],[[9568,478],[-31,16]],[[4562,8003],[58,76],[127,77],[49,-53],[38,67],[69,49],[32,-67]],[[4935,8152],[-51,-26],[-17,-66],[34,-332]],[[4901,7728],[-106,13]],[[4795,7741],[-16,18]],[[4779,7759],[-140,154]],[[4639,7913],[-85,70]],[[4554,7983],[8,20]],[[6119,7486],[115,-45],[73,33]],[[6307,7474],[74,-61]],[[6270,7340],[-99,63],[-52,83]],[[4923,4521],[84,2]],[[5156,4524],[43,-45]],[[5199,4479],[0,-66]],[[5199,4413],[-53,-95]],[[5146,4318],[-84,71]],[[5062,4389],[-38,33]],[[5024,4422],[-114,97]],[[4910,4519],[13,2]],[[3756,5492],[164,91]],[[3935,5523],[0,-60]],[[3936,5408],[8,-74]],[[3944,5334],[-188,158]],[[4254,2503],[0,-70]],[[4254,2433],[-37,-27]],[[10278,4533],[276,4]],[[10554,4537],[30,-147]],[[10584,4390],[-186,-3],[1,-246]],[[10399,4141],[-181,-5]],[[10185,4286],[15,52],[-87,1],[-20,98],[-34,0],[-15,91]],[[5478,5285],[119,-20]],[[5623,5090],[-3,4]],[[5465,5279],[13,6]],[[4373,6751],[56,-114]],[[4429,6637],[-57,-38],[-71,82],[-42,13]],[[4259,6694],[-37,66]],[[4254,2433],[2,-109]],[[4225,2326],[-47,4]],[[5093,6101],[110,78]],[[5249,6209],[42,-66]],[[5094,6045],[-1,56]],[[4669,1899],[-75,-82]],[[4594,1817],[-120,66]],[[6675,5224],[-3,-127]],[[6672,5097],[-150,8]],[[6522,5105],[-19,93]],[[4411,2266],[6,0]],[[4471,2273],[66,-13]],[[5064,3000],[36,1]],[[5209,3000],[-41,-28]],[[5065,2961],[-1,39]],[[9223,8528],[296,288],[258,-836],[8,-9]],[[9785,7971],[-68,-38],[-20,-89],[-36,-59],[-89,-78],[-9,-127],[-81,-104],[-23,-70],[27,-56]],[[9486,7350],[-73,32],[-52,138],[3,450]],[[9364,7970],[4,472],[-46,86],[-99,0]],[[2908,3239],[94,132],[32,4],[-2,282],[33,74],[-63,19]],[[3002,3750],[-1,31]],[[3347,3782],[134,-1]],[[3481,3781],[8,-126]],[[3497,3575],[-4,-17]],[[3493,3558],[-10,-116]],[[3015,2793],[-233,156]],[[2782,2949],[-5,143],[131,147]],[[7677,2076],[49,-42],[87,1]],[[7863,1944],[41,-64]],[[7904,1880],[-28,-37]],[[7876,1843],[-75,-44],[-1,71],[-42,44],[-115,-2]],[[6153,3584],[-79,5]],[[6074,3589],[-1,32]],[[6073,3621],[-1,63]],[[3493,3558],[70,-5],[1,-55]],[[3564,3498],[0,-52]],[[6235,5157],[-84,-6]],[[6151,5151],[-40,94]],[[5230,7553],[-40,-40],[0,-112]],[[5119,7442],[-8,147]],[[6659,2795],[67,10],[12,60],[-50,18]],[[6701,2919],[73,-26]],[[6768,2812],[-111,-23]],[[5473,2140],[0,-47]],[[8902,7558],[63,2],[83,-155]],[[9048,7405],[-71,-51]],[[8848,7398],[0,61]],[[8848,7459],[-25,11]],[[8823,7470],[27,61],[52,27]],[[5206,3761],[20,1]],[[5267,3685],[42,-58]],[[5309,3627],[-9,0]],[[5300,3627],[-81,-49]],[[5219,3578],[-14,98]],[[5205,3676],[1,85]],[[6877,2143],[0,-28]],[[4184,3779],[-103,0]],[[4081,3779],[52,5],[50,149]],[[6449,2674],[-72,-15],[-28,-96],[-47,17]],[[6301,3259],[32,0]],[[6300,3219],[-8,30]],[[3018,4140],[-17,-158]],[[3001,3982],[-130,1]],[[2871,3983],[-42,-1]],[[2829,4005],[0,74]],[[2829,4079],[4,97]],[[3777,3679],[112,101]],[[3889,3780],[14,0]],[[3905,3666],[-78,-33]],[[3808,3628],[-31,51]],[[7950,1952],[15,-32]],[[8555,7272],[115,19]],[[8670,7291],[12,-142],[134,-84]],[[8816,7065],[-176,-92]],[[8640,6973],[26,103],[-49,103]],[[8617,7179],[-62,93]],[[4309,2125],[-77,28]],[[4213,2211],[13,39]],[[7404,2627],[32,-46]],[[7436,2581],[-133,-83]],[[5773,7716],[2,10]],[[5775,7726],[140,-11],[23,117]],[[5938,7832],[82,10]],[[6020,7842],[40,-173],[-4,-51]],[[6053,7596],[0,-1]],[[6053,7595],[-100,-23],[-16,-133]],[[5937,7439],[-28,3],[-129,157]],[[5780,7599],[-7,117]],[[3720,3567],[-25,-63]],[[3695,3504],[-131,-6]],[[6153,6165],[4,48]],[[6154,6230],[2,163]],[[6244,6397],[25,-111],[99,-60],[29,-69]],[[8715,3745],[-2,78]],[[7917,2268],[-80,-6]],[[7813,2035],[-104,189]],[[7709,2224],[37,73]],[[7244,3814],[74,0]],[[7318,3814],[0,-53]],[[7318,3761],[-74,1]],[[9214,8517],[4,-62],[-40,-45],[-11,-97],[-56,-115],[-84,-103],[-108,-107],[37,-141]],[[8956,7847],[-14,-94],[-62,-75]],[[8880,7678],[-87,3],[-41,-65],[-67,53],[-41,-61]],[[8619,7626],[-191,138]],[[8428,7764],[786,753]],[[5168,5608],[111,-55]],[[5279,5553],[18,-108]],[[5297,5445],[-153,114]],[[5144,5559],[24,49]],[[8457,810],[56,57]],[[8513,867],[16,96],[62,55],[-69,115],[31,34]],[[8553,1167],[170,-224]],[[8886,729],[136,-171]],[[8587,628],[-65,64],[-25,-27]],[[8454,627],[-42,-48]],[[8412,579],[-25,33],[23,65],[-28,38],[25,65],[50,30]],[[4049,5629],[57,-25],[38,-73]],[[4144,5531],[0,-31]],[[8165,2538],[23,1]],[[5044,2526],[-10,-6]],[[5034,2520],[-54,-33]],[[4980,2487],[-14,68]],[[5342,3833],[2,73]],[[3724,6727],[15,-59],[106,-48]],[[3802,6455],[-68,70]],[[3734,6525],[-64,64]],[[3670,6589],[-88,81]],[[4071,5398],[-19,-24]],[[3979,5304],[-35,30]],[[5393,6146],[-74,-46]],[[5291,6143],[102,3]],[[8171,6330],[18,11]],[[8245,6323],[3,-66]],[[8248,6257],[7,-35]],[[8255,6222],[-79,-20]],[[6318,1768],[79,-31],[50,111]],[[6669,1504],[-138,1]],[[6319,1528],[0,178]],[[6662,2008],[-3,-30]],[[6659,1978],[-85,-22]],[[5671,1610],[0,-19]],[[5671,1591],[1,-72]],[[5463,1544],[-1,15]],[[5462,1559],[-1,70]],[[3385,4744],[91,-17]],[[3474,4665],[-4,-41]],[[3093,4137],[115,1],[2,59],[86,-25],[177,1]],[[3473,4173],[7,-316]],[[3002,3859],[0,13]],[[3001,3958],[0,24]],[[9118,2001],[43,3]],[[9239,2006],[153,-203]],[[9392,1803],[-155,-19]],[[9114,1902],[4,99]],[[6938,5569],[41,-18],[108,2],[114,-14]],[[7201,5539],[-29,-101]],[[7033,5333],[-12,0]],[[6199,5775],[-6,-14]],[[6046,5715],[-9,64]],[[7872,3911],[11,1]],[[8003,3729],[60,-79]],[[7936,3634],[-14,-1]],[[7922,3633],[-15,92],[-92,-1],[-2,77],[61,6],[-2,104]],[[7203,7022],[107,5],[47,-46],[91,26]],[[7448,7007],[2,-178]],[[7205,6890],[-2,132]],[[8483,1954],[102,1]],[[3153,5690],[82,25]],[[6938,3899],[-68,-1]],[[6840,3898],[-2,100]],[[4555,3040],[23,-2]],[[4573,2980],[-18,60]],[[9721,2193],[86,1]],[[9777,2023],[-26,-1]],[[5242,4510],[57,0]],[[5299,4510],[72,8]],[[5257,4415],[-58,64]],[[8126,3658],[26,38]],[[4247,5032],[63,-7]],[[4310,5025],[64,-53]],[[4374,4972],[50,-42]],[[4424,4930],[-50,-65],[1,-224]],[[4179,4641],[-1,221]],[[7951,6990],[89,-5],[45,88]],[[8085,7073],[138,-72]],[[8251,6930],[-65,4],[-93,-63],[-109,8],[-102,80],[-140,3]],[[4500,6283],[59,-47]],[[4520,6137],[-68,52]],[[10125,3803],[21,-10]],[[10146,3793],[86,-44]],[[10232,3749],[2,-135]],[[10234,3614],[-56,-16],[-109,129],[56,76]],[[4804,4994],[195,-39]],[[4959,4843],[-153,-1]],[[4806,4842],[-2,152]],[[3582,6670],[-104,-110]],[[3478,6560],[-90,-65]],[[3388,6495],[-11,40],[0,218]],[[4661,8135],[30,17],[103,133],[60,39]],[[4854,8324],[157,-36],[12,129]],[[5024,8525],[54,-35],[45,-140],[-22,-79],[15,-78],[51,-66],[4,-54]],[[5171,8073],[-70,-21],[-68,83],[-31,-14]],[[5002,8121],[-67,31]],[[4562,8003],[-75,77]],[[4487,8080],[38,32],[136,23]],[[4221,6311],[42,5]],[[4278,6183],[-56,-2]],[[5260,4220],[98,-85]],[[5395,6146],[-2,0]],[[5224,6247],[51,35]],[[2411,4001],[73,-10]],[[2484,3953],[0,-51],[-41,-43]],[[2443,3859],[-88,21],[17,126]],[[2494,3445],[2,-118],[25,-39]],[[2549,3269],[-21,-52]],[[2464,3271],[-31,64]],[[2433,3335],[-21,98]],[[4443,2816],[96,2]],[[4540,2780],[37,-25]],[[4444,2720],[-1,96]],[[6846,1779],[0,-26]],[[6794,1705],[-53,1],[0,77]],[[4877,2832],[26,1]],[[4903,2789],[-25,9]],[[10256,1029],[22,-3]],[[10290,946],[6,-46]],[[10301,868],[-92,-47]],[[10209,821],[-14,113],[61,95]],[[6780,4356],[30,1]],[[6811,4267],[-69,-1],[-23,90],[61,0]],[[4512,2532],[22,4]],[[4568,2514],[-29,-23]],[[6663,1847],[73,-1]],[[6736,1846],[5,-25]],[[6741,1821],[-7,-68],[-70,39]],[[6664,1830],[-1,17]],[[4841,3199],[31,2]],[[4887,3157],[1,-4]],[[4843,3153],[-2,46]],[[8841,4052],[20,-75]],[[8378,7713],[42,-66]],[[8420,7647],[5,-17]],[[8338,7516],[-82,-1]],[[8171,7515],[207,198]],[[4139,6103],[101,2]],[[4249,6069],[-16,-97]],[[4233,5972],[-92,16]],[[4859,5944],[83,-37]],[[4942,5907],[102,3],[54,27]],[[4907,5782],[-199,182]],[[3169,6121],[55,6],[50,-46],[85,-31],[75,-57]],[[3635,5920],[-79,-3]],[[3279,5896],[-114,99]],[[3165,5995],[-54,43]],[[3111,6038],[58,83]],[[2985,4721],[72,22]],[[3223,4627],[-1,0]],[[3222,4627],[-77,-7]],[[5739,2309],[0,-15]],[[5740,2166],[-28,-83]],[[5712,2083],[-47,-30]],[[5665,2193],[-1,115]],[[9570,5436],[90,0],[72,47],[86,5],[-21,128]],[[9797,5616],[83,-22]],[[9882,5470],[-152,-139]],[[9534,5035],[-18,98],[-85,76],[-94,-32],[-42,100],[-56,55]],[[5857,3684],[71,-87]],[[5928,3597],[-51,-17],[0,-83]],[[5877,3497],[-11,-39]],[[5866,3458],[-60,-38],[-51,26],[-47,-79],[-63,33]],[[5564,3451],[-5,174]],[[5665,2053],[2,-168]],[[5668,1825],[1,-119]],[[5528,4909],[-114,-32]],[[5414,4877],[-11,42],[44,47],[-29,61],[15,49]],[[8320,1427],[-115,-70]],[[6885,3752],[53,27]],[[6938,3779],[41,19]],[[6981,3752],[-96,-48]],[[4145,5265],[56,-28],[75,0]],[[4276,5237],[54,0]],[[4330,5237],[47,-32]],[[4377,5205],[19,-143],[-22,-90]],[[4310,5025],[-170,144]],[[9212,3834],[7,169]],[[9219,4004],[119,-5],[73,-56]],[[9411,3943],[-110,-20],[11,-74],[-100,-36]],[[9212,3813],[0,21]],[[6556,3977],[4,95]],[[3695,3504],[1,-90]],[[3696,3414],[0,-30]],[[3696,3384],[-84,13]],[[9020,3962],[-10,1]],[[9010,3963],[-75,89]],[[2600,6654],[2,-81],[47,-122]],[[2649,6451],[-126,8],[-28,49],[-10,123]],[[2756,4539],[28,-58]],[[2784,4481],[-35,-10],[1,-82]],[[2750,4389],[-96,0]],[[5596,4909],[41,1]],[[5637,4910],[0,-100]],[[5637,4810],[-41,3]],[[5596,4813],[-66,1]],[[5528,4861],[0,48]],[[3719,2322],[-127,85]],[[5647,3209],[72,1]],[[5648,3163],[-1,46]],[[8390,4401],[91,-32],[0,93],[83,49]],[[8564,4511],[87,-110]],[[6140,5942],[-28,19]],[[8894,3600],[319,91]],[[9213,3691],[2,-82],[171,-47]],[[9386,3562],[58,27]],[[9444,3589],[75,-94],[63,25],[39,-30]],[[9621,3490],[-72,-133],[-163,-163],[-71,-12],[-83,-60],[-92,-16],[-164,30]],[[8976,3136],[-75,3],[-71,75],[-120,64]],[[8710,3278],[51,70],[-116,18],[-66,89],[-104,1],[36,53],[-35,75],[-62,19]],[[7232,3453],[46,-29]],[[7278,3424],[74,-10],[109,-93]],[[7461,3321],[45,73],[1,46],[75,15]],[[7660,3496],[6,-263]],[[7666,3233],[-5,-68]],[[7648,2989],[-95,33]],[[7553,3022],[-43,135],[-105,159]],[[7349,3283],[-39,90]],[[7248,3371],[-189,29]],[[4230,5618],[14,-50]],[[4260,5518],[-45,-36],[-71,49]],[[4144,5531],[-1,89]],[[4019,2517],[0,40]],[[4019,2557],[-1,53]],[[5826,7306],[48,-6]],[[5874,7300],[50,-78],[-82,-13]],[[5842,7209],[-16,97]],[[3367,5402],[16,0]],[[3487,5346],[-69,-63]],[[3418,5283],[-93,42],[42,77]],[[8292,2067],[-1,50]],[[5853,6156],[72,9]],[[5925,6165],[-19,-62]],[[5906,6103],[-49,-18]],[[4854,8324],[33,93]],[[3658,5575],[-63,-52]],[[3447,5525],[21,135],[-44,117]],[[5151,3910],[91,1]],[[5242,3911],[1,-142]],[[5226,3771],[-54,51],[-46,88]],[[2443,3859],[36,-73]],[[2447,3786],[-146,0]],[[2301,3786],[-1,220]],[[8998,3832],[-78,-1]],[[8920,3831],[-8,42]],[[5015,4621],[-47,33]],[[4952,4664],[-144,97]],[[4808,4761],[-2,81]],[[5326,3395],[100,36],[57,-51]],[[5483,3380],[0,-5]],[[5330,3321],[-4,74]],[[4693,3271],[37,12]],[[4730,3283],[8,-5]],[[4738,3278],[-9,-81]],[[4699,3204],[-7,3]],[[4692,3207],[1,64]],[[4265,5411],[-43,8]],[[4222,5419],[-29,5]],[[4611,3692],[43,4]],[[4654,3696],[0,-36]],[[4654,3660],[-21,0]],[[9604,7034],[-10,-119]],[[9594,6915],[-223,-53]],[[9371,6862],[-15,91],[15,78]],[[5289,2950],[46,13]],[[5353,6908],[-17,26]],[[9112,1171],[37,-41]],[[9109,1096],[-73,-62]],[[8293,2335],[110,-12]],[[9673,5945],[56,0],[29,-83],[134,2]],[[9797,5616],[-74,-13]],[[9723,5603],[-46,88],[43,88],[-47,28]],[[9673,5807],[15,52],[-15,86]],[[3696,3384],[45,-6]],[[3741,3378],[1,-52]],[[3728,3273],[-29,3]],[[3696,3341],[0,43]],[[5442,4812],[24,1]],[[5596,4813],[7,-117],[104,1]],[[5707,4697],[0,-85]],[[5707,4612],[-202,-2]],[[5505,4610],[-38,85]],[[8539,7335],[124,10],[26,61]],[[8711,7412],[20,-94]],[[8731,7318],[-61,-27]],[[8555,7272],[-16,63]],[[2178,3514],[46,23]],[[2207,3505],[-35,-79]],[[2172,3426],[-33,-3]],[[2139,3423],[-48,124]],[[6659,1978],[124,-5],[89,-35]],[[6872,1938],[-2,-38]],[[6870,1900],[-83,1],[-51,-55]],[[6663,1847],[-4,131]],[[6528,2738],[73,-2]],[[6601,2736],[3,-45]],[[6534,2686],[-6,52]],[[4867,2832],[35,38]],[[5825,2294],[8,12]],[[5964,2305],[-5,-59],[-67,2],[-4,-91]],[[5888,2157],[-176,-74]],[[5332,2293],[-1,16]],[[5331,2309],[75,-1],[67,-41]],[[6973,3061],[14,-11]],[[6967,2961],[-3,2]],[[4482,4178],[-106,-1]],[[5442,4812],[-28,65]],[[9785,7971],[266,-849]],[[10051,7122],[-457,-207]],[[6184,3000],[7,-43]],[[10981,3199],[-10,-30]],[[10958,3135],[-19,-52]],[[2677,3445],[52,-47]],[[2729,3398],[75,-20],[38,-96],[66,-43]],[[2782,2949],[-280,190]],[[5064,3000],[0,14]],[[5643,7436],[81,16],[89,-142]],[[5813,7310],[-137,-103]],[[5676,7207],[-27,71],[-6,158]],[[2304,3525],[88,8]],[[2392,3533],[96,5]],[[2488,3538],[1,-41]],[[2304,3473],[0,32]],[[6226,4899],[118,2]],[[6346,4761],[-70,3]],[[9213,3691],[215,98]],[[9428,3789],[155,61],[79,13],[135,52],[118,-35]],[[9915,3880],[-164,-164],[-17,-139],[-60,-71]],[[9674,3506],[-53,-16]],[[9444,3589],[11,109],[-70,-1],[1,-135]],[[5512,3006],[138,14]],[[5650,3020],[1,-36]],[[5610,2946],[-33,-17]],[[3787,3289],[71,2],[-7,88]],[[3771,3272],[-6,2]],[[8173,2143],[72,-3]],[[8245,2140],[33,-51]],[[8278,2089],[-104,-3],[-1,57]],[[9134,6783],[178,68],[59,11]],[[10051,7122],[190,-597],[49,45]],[[9884,6217],[-254,-4]],[[9630,6213],[-37,188]],[[9593,6401],[-16,79],[-333,-5],[-46,11],[-60,-34]],[[9150,6613],[-11,115]],[[9139,6728],[-5,55]],[[6123,5499],[154,4]],[[6277,5503],[48,4]],[[6323,5323],[-46,0]],[[3307,4761],[45,1]],[[5493,7462],[134,39],[65,45]],[[5692,7546],[88,53]],[[5780,7599],[46,-293]],[[5826,7306],[-13,4]],[[5643,7436],[-138,-121]],[[5505,7315],[-72,-21]],[[6454,6758],[113,-396],[5,-132]],[[6576,6158],[-179,-1]],[[6210,6560],[-23,106]],[[5775,7726],[13,106]],[[5788,7832],[150,0]],[[9103,949],[23,-31]],[[9096,893],[-61,-52]],[[6631,7209],[-77,-60],[-30,50]],[[2829,3982],[-24,-131],[-65,14]],[[2740,3865],[-19,117]],[[8286,4862],[69,3],[2,-92],[24,-23]],[[8381,4750],[-125,15]],[[6835,3644],[71,17]],[[6938,3779],[1,92]],[[4619,2844],[-21,1]],[[4539,2879],[-1,32]],[[6300,3419],[35,1]],[[6335,3354],[-35,-1]],[[8256,1675],[-27,129]],[[3740,7219],[8,75]],[[3808,7295],[7,0]],[[3815,7295],[84,-137]],[[3931,7095],[-67,-47],[-88,-7]],[[3776,7041],[-34,85],[-2,93]],[[4259,6694],[7,-39],[65,-77],[-9,-50],[50,-54],[37,12]],[[4409,6486],[11,-50],[-60,-26],[-56,16]],[[4211,6569],[-61,88]],[[4150,6657],[-66,129]],[[4084,6786],[49,17]],[[4494,6765],[62,49],[-35,52]],[[4527,6870],[99,-104]],[[4532,6704],[-38,61]],[[5659,6822],[115,42]],[[5858,6894],[3,-32]],[[5861,6862],[-78,-70]],[[5658,6742],[-3,4]],[[7852,6112],[43,11],[109,89]],[[8175,6124],[2,-154]],[[7985,5820],[1,64],[-53,55],[-99,31]],[[5236,6369],[44,-62]],[[5167,6338],[22,64],[47,-33]],[[8544,1468],[91,-117]],[[8635,1351],[-44,-138],[-38,-46]],[[8553,1167],[-69,72]],[[8484,1239],[-79,89]],[[4009,3358],[113,-72]],[[4122,3286],[-15,-31]],[[3308,2788],[62,6]],[[3370,2794],[9,-77]],[[8210,2195],[35,-55]],[[8173,2143],[-48,-1]],[[8125,2142],[19,122]],[[3852,2918],[70,3]],[[3862,2889],[-10,29]],[[4122,3286],[16,-5]],[[4902,3193],[39,13]],[[3695,3504],[31,-89]],[[3726,3415],[-30,-1]],[[3768,3412],[-42,3]],[[4033,3665],[-45,15]],[[2583,5406],[11,-60],[65,-74],[10,-49]],[[2671,5171],[-23,-52]],[[2648,5119],[-38,-91]],[[2610,5028],[-58,0]],[[2552,5028],[-1,194],[-33,5],[5,221]],[[5606,6530],[132,81]],[[7079,7067],[47,-23]],[[7126,7044],[12,-158],[-25,-58]],[[7076,6828],[3,239]],[[4661,8135],[-25,98]],[[4636,8233],[-18,101]],[[2429,4397],[98,-8]],[[2527,4389],[13,-31],[-10,-133],[-31,-46]],[[2499,4179],[-68,24]],[[5505,7315],[60,-84]],[[5432,7143],[-68,109]],[[4252,7373],[113,116],[86,116]],[[4514,7578],[113,-273]],[[6917,5121],[-73,-23],[0,-59]],[[6796,5027],[10,94]],[[7243,5793],[-80,-1],[1,-95]],[[7164,5697],[-64,-1]],[[3309,2872],[72,33]],[[3381,2905],[21,-108]],[[3402,2797],[-32,-3]],[[3308,2788],[1,84]],[[4466,7049],[55,-92],[77,29]],[[4630,6934],[-114,-45]],[[4639,7913],[-108,-97]],[[4531,7816],[-67,-35]],[[4464,7781],[30,147],[60,55]],[[4636,8233],[-157,-14]],[[4479,8219],[8,154]],[[5888,1310],[-52,-184]],[[5836,1126],[-279,157]],[[5557,1283],[67,42],[-8,97]],[[3950,7053],[134,-267]],[[4084,6786],[-35,-1]],[[3886,6781],[-2,188]],[[3884,6969],[66,84]],[[4444,6504],[-35,-18]],[[5676,7207],[-10,-6]],[[5094,6453],[61,41]],[[5270,6367],[-34,2]],[[5167,6338],[-35,55]],[[4991,3222],[28,-11]],[[8546,6494],[78,31]],[[8624,6525],[0,-77]],[[8624,6448],[1,-87]],[[8625,6361],[-2,0]],[[8623,6361],[-76,-28],[-67,4]],[[8480,6337],[-2,87],[42,-7],[26,77]],[[6044,5028],[18,-57],[139,2]],[[6091,4899],[-26,49]],[[6065,4948],[-21,80]],[[6416,2538],[-13,-50]],[[6403,2488],[-71,-19]],[[6332,2469],[-62,-1]],[[6270,2468],[13,45]],[[6315,2102],[46,136]],[[5287,3320],[43,1]],[[5328,3230],[-26,3]],[[2303,3578],[71,27],[18,-72]],[[3731,4808],[-25,0]],[[3706,4808],[4,87],[-15,130]],[[2829,4079],[-94,9]],[[5879,6691],[-18,171]],[[2664,3783],[337,-2]],[[3002,3750],[2,-80],[-152,-17]],[[2852,3653],[-84,21],[-103,-22]],[[2665,3652],[-1,88]],[[4017,6350],[-17,-33]],[[3907,6348],[-36,37]],[[3088,6754],[11,18],[178,-166],[20,-59],[85,-85]],[[3084,6546],[4,208]],[[5379,6644],[59,-55],[72,67]],[[5510,6656],[30,-43]],[[5492,6533],[-33,48],[-126,-62],[-47,62]],[[4728,4405],[57,2]],[[4756,4303],[-27,39]],[[4729,4342],[-1,63]],[[3554,5366],[32,48]],[[3586,5414],[50,-19]],[[3599,5326],[-92,7]],[[8067,4635],[1,0]],[[8225,4638],[1,-56]],[[8226,4582],[2,-112],[32,-63]],[[8052,4302],[-9,135],[-38,43]],[[8005,4480],[61,87],[1,68]],[[8695,2826],[114,-3]],[[8697,2726],[-1,47]],[[5626,4164],[45,41]],[[5678,4205],[31,-86]],[[5709,4119],[-83,-2],[0,47]],[[7646,1691],[201,10]],[[7847,1701],[-14,-94]],[[7646,1606],[0,85]],[[4375,5550],[-29,-97],[13,-34]],[[9536,407],[17,-41],[-41,-72],[-58,12]],[[9454,306],[-170,217]],[[7325,6386],[-140,37],[-4,248]],[[5650,6272],[24,-1]],[[5790,6253],[31,-33]],[[5708,6198],[21,53],[-79,21]],[[4276,5237],[-54,47],[0,135]],[[4136,2161],[21,57]],[[4157,2218],[54,-12]],[[4198,2165],[-47,-30]],[[4151,2135],[-15,26]],[[4930,2719],[42,45]],[[5134,2831],[-24,-19]],[[5110,2812],[-47,-80]],[[4980,2711],[-50,8]],[[5064,3120],[-1,-42]],[[4439,2329],[46,3]],[[4471,2273],[-5,23]],[[3658,3133],[-7,-84]],[[3651,3049],[-23,-3]],[[3628,3046],[-41,86]],[[2310,3270],[-4,3]],[[2305,3381],[128,-46]],[[9022,6889],[108,3]],[[9130,6892],[4,-109]],[[9134,6783],[-135,-55]],[[8999,6728],[-106,-74]],[[8893,6654],[-80,96]],[[8813,6750],[34,88],[58,38],[101,-90],[16,103]],[[8624,6525],[110,43]],[[8723,6448],[-99,0]],[[7402,2205],[84,-41]],[[7403,2162],[-1,43]],[[8615,263],[59,41]],[[8802,320],[-9,-59]],[[8844,124],[77,-15],[-4,-80]],[[8917,29],[-59,-27],[-79,-2],[-63,222],[-101,41]],[[8161,1065],[65,-39]],[[8226,1026],[-78,-85]],[[4150,6657],[-104,2]],[[4360,5894],[11,11]],[[4395,5931],[4,-1]],[[4399,5930],[1,-56]],[[4400,5874],[-34,-14],[-1,-120]],[[3480,3820],[1,-39]],[[2087,4203],[-23,-54],[-25,-145]],[[2039,4004],[-191,69]],[[5925,2677],[-48,-9]],[[5877,2668],[-2,73]],[[8428,6341],[-16,-58],[-91,-7],[0,-37]],[[8321,6239],[-73,18]],[[8175,6124],[92,6],[-12,92]],[[8321,6239],[1,-109]],[[8322,6130],[-56,-38],[-89,-122]],[[5681,7096],[42,-30],[131,17]],[[5854,7083],[1,-35]],[[5855,7048],[0,-4]],[[5658,6957],[-36,3]],[[5528,7082],[153,14]],[[8402,6437],[61,24]],[[8463,6461],[47,19]],[[8510,6480],[36,14]],[[8480,6337],[-2,0]],[[8478,6337],[-50,4]],[[4537,3039],[18,1]],[[4538,2911],[-96,-10]],[[4598,3057],[0,2]],[[4590,3034],[8,23]],[[3492,2579],[-2,134]],[[2649,4039],[-1,82]],[[4980,2418],[56,3]],[[5011,2349],[-30,-2]],[[4981,2347],[-1,71]],[[4982,2277],[-1,70]],[[6236,3171],[64,1]],[[5728,1796],[-34,-89]],[[5694,1707],[-25,-1]],[[2654,4389],[0,-91]],[[2654,4298],[-104,-20],[0,90],[28,21]],[[3658,8297],[130,-313]],[[3580,7899],[-26,48],[-49,169],[-34,67]],[[3471,8183],[72,42],[24,52],[91,20]],[[3222,4627],[-6,-240]],[[3216,4387],[-69,1]],[[4296,2084],[-142,42]],[[4154,2126],[-3,9]],[[5215,2948],[29,9]],[[5110,2812],[-3,-80]],[[3581,5023],[30,0]],[[3611,5023],[1,-122]],[[3554,4871],[-77,-1]],[[3477,4870],[-1,49]],[[5927,1890],[-15,-58],[-64,17]],[[5848,1849],[-1,45],[80,-4]],[[3283,4946],[38,-35],[130,-38],[24,95]],[[3214,4838],[-2,55]],[[4673,2213],[47,-5]],[[4678,2156],[-5,57]],[[4874,1693],[-30,-14]],[[4844,1679],[-250,138]],[[3713,3781],[176,-1]],[[3777,3679],[-4,5]],[[3712,3713],[1,68]],[[2772,6576],[117,0]],[[6406,7539],[139,97]],[[6545,7636],[189,-16],[70,-107],[76,-72],[77,-5],[25,-58],[80,-70],[42,15],[70,-109],[-35,-127],[19,-40]],[[7158,7047],[-32,-3]],[[7079,7067],[-3,-1]],[[7076,7066],[-79,71],[-3,109],[-75,58],[-118,-72]],[[6561,7443],[-78,87],[-74,10]],[[6409,7540],[-3,-1]],[[4779,7759],[-14,-5]],[[4506,7632],[86,90],[-61,94]],[[2852,3653],[1,-117]],[[2853,3536],[-117,1],[-8,40],[-63,35]],[[2665,3612],[0,40]],[[5044,4365],[18,24]],[[5142,4313],[-98,2]],[[5044,4315],[0,50]],[[4626,5061],[-87,25]],[[4539,5086],[-4,36]],[[4974,4365],[70,0]],[[5044,4315],[-69,-22]],[[2651,6354],[35,-17]],[[2875,6265],[78,-47],[53,-94]],[[3006,6124],[105,-86]],[[3111,6038],[-78,-7]],[[3033,6031],[-43,14],[-47,-64],[-51,17]],[[2837,6015],[-115,22],[-45,39]],[[2677,6076],[-26,20],[0,258]],[[2457,6578],[-16,55]],[[2651,6354],[-232,105]],[[2419,6459],[38,119]],[[7158,7047],[45,-25]],[[3563,5259],[36,67]],[[3670,5230],[-10,2]],[[3660,5232],[-97,27]],[[5299,4510],[15,90]],[[4577,4403],[151,2]],[[4729,4342],[-59,-35]],[[4621,4277],[-44,0]],[[3401,6280],[21,-137]],[[3169,6121],[-3,35]],[[4286,3144],[0,-48]],[[4287,3026],[-49,2]],[[4653,3286],[0,-67]],[[4653,3219],[-5,-69]],[[4490,3147],[-2,138]],[[3376,2935],[5,-30]],[[3825,3135],[-21,0]],[[3775,3134],[-12,93]],[[8482,2021],[82,-9]],[[4236,3415],[57,3]],[[4293,3418],[14,-14]],[[4310,3288],[-28,4]],[[4244,3395],[-8,20]],[[5537,2414],[27,1],[96,78]],[[5660,2493],[76,44]],[[5736,2537],[1,-13]],[[5737,2524],[0,-64]],[[5662,2390],[-71,-2]],[[5591,2388],[-54,26]],[[4183,3933],[-8,29],[49,93],[14,95]],[[8013,2036],[33,-6],[0,-91]],[[8046,1939],[-28,0]],[[8797,2595],[1,-22]],[[8798,2573],[-15,-57]],[[8783,2516],[-62,45]],[[8721,2561],[-22,15]],[[8699,2576],[1,18]],[[5959,5110],[26,-40]],[[5985,5070],[-35,-61]],[[5835,5106],[0,9]],[[10213,3325],[25,-23],[109,-4],[1,-103],[155,-99],[74,-30]],[[10577,3066],[-8,-55]],[[10569,3011],[-61,2],[-7,-63],[-64,9],[-82,-30]],[[10355,2929],[-3,40],[-79,80],[-69,11]],[[10204,3060],[9,265]],[[9173,4877],[253,130],[108,28]],[[9547,4982],[3,-201],[51,-124],[-32,-64],[-97,-47],[-21,-59],[121,-93],[98,-28],[66,2],[110,43],[56,-26]],[[9902,4385],[8,-33],[-56,-58],[-125,24],[-16,-97],[-68,-14],[-48,-45],[0,-186]],[[9597,3976],[-165,-11]],[[9432,3965],[96,55],[-17,81],[-88,1],[-7,-40],[-114,5],[-3,49],[-91,-32]],[[9184,4248],[-9,433]],[[5594,2307],[70,1]],[[5556,2191],[38,116]],[[2249,4885],[87,-2],[83,-32],[83,-7],[70,-116],[82,-51]],[[2548,4581],[-119,8],[-1,188],[-178,2],[-1,106]],[[2178,7598],[74,50],[223,24]],[[2475,7672],[19,-186],[5,-255],[66,-29],[34,-200],[-2,-99]],[[2597,6903],[-48,1],[-105,94],[-204,-28],[-80,-38],[-17,86],[-55,14],[-64,70]],[[2024,7102],[76,1],[-7,338],[-118,-2],[5,72],[198,87]],[[5908,5988],[26,-47]],[[8799,6595],[94,59]],[[8893,6654],[8,-16]],[[8906,6533],[-42,7],[-58,-67]],[[8763,5563],[72,44],[241,-3]],[[9076,5604],[38,-44]],[[9120,5552],[-159,-88],[-58,-152]],[[8903,5312],[-37,19],[-10,99],[-71,97]],[[8785,5527],[-22,36]],[[7729,5764],[41,-11]],[[7836,5750],[170,-7]],[[8173,5746],[73,1],[65,-31]],[[8311,5716],[-378,-438]],[[7933,5278],[5,61],[37,42],[-72,103],[-32,106],[-87,-19]],[[7311,1298],[-139,-20],[-54,39],[-86,-17],[-108,29],[-91,-82],[-65,-94],[-60,-1]],[[6708,1152],[-16,182]],[[6692,1334],[-23,170]],[[8148,1614],[-87,94]],[[8061,1708],[87,27]],[[7923,1610],[68,2],[1,-89]],[[7962,1491],[-45,-1],[3,74],[-39,15]],[[4931,6346],[69,45]],[[5034,6335],[3,-5]],[[5037,6330],[-73,-31]],[[4964,6299],[-10,16]],[[5152,6293],[-109,28]],[[5043,6321],[-6,9]],[[4374,6127],[50,-1]],[[4372,6068],[2,59]],[[4693,6434],[37,-60]],[[4730,6374],[33,-56]],[[4763,6318],[-69,-40]],[[5956,3657],[117,-36]],[[6074,3589],[-61,1]],[[5955,3595],[1,62]],[[6492,2840],[23,-57],[77,12]],[[6657,2789],[-56,-53]],[[6528,2738],[-73,19],[37,83]],[[8240,4047],[34,20],[88,-9]],[[8455,4058],[66,-5]],[[8458,3944],[-101,-79]],[[8320,3864],[20,70],[-100,113]],[[8345,3794],[-34,-139]],[[11431,3961],[59,-127],[-25,-180],[39,-68]],[[11504,3586],[-23,-27]],[[11481,3559],[-115,-11]],[[9723,5603],[-85,1]],[[9638,5604],[-17,78],[53,80],[-1,45]],[[4555,3040],[43,17]],[[3911,3090],[77,5]],[[3911,3053],[0,37]],[[3033,6031],[-19,-78],[10,-309]],[[2834,5602],[-56,8]],[[6253,5963],[-71,11]],[[6182,5974],[-3,31]],[[9432,3965],[-21,-22]],[[5144,5559],[-74,65]],[[4739,6588],[43,-54]],[[4782,6534],[76,-89]],[[4858,6445],[-128,-71]],[[4682,6452],[-28,44]],[[4803,5100],[1,-106]],[[4804,4994],[-139,35]],[[4654,5245],[-2,70]],[[4652,5315],[-1,177],[-102,16],[0,124]],[[3658,5575],[98,-83]],[[3756,5492],[-9,-5]],[[8025,1050],[8,-9]],[[7981,814],[-62,-47],[-132,-31]],[[7787,736],[27,51],[153,166]],[[5020,7193],[136,85]],[[5202,7145],[-49,-32]],[[5153,7113],[-31,-21]],[[5122,7092],[-76,-50]],[[5046,7042],[-49,-31]],[[4997,7011],[-16,48]],[[5937,7439],[18,-55],[-37,-55]],[[5918,7329],[-44,-29]],[[2610,5028],[37,-131]],[[7860,3546],[41,1]],[[7693,2254],[16,-30]],[[6470,3036],[19,59]],[[6453,3011],[17,25]],[[5025,3358],[39,0]],[[5064,3326],[1,-63]],[[4990,3268],[35,90]],[[6141,2528],[1,-62]],[[6142,2466],[1,-81]],[[6143,2385],[-100,-13]],[[6349,3086],[-17,-26]],[[6332,3060],[-16,-24]],[[6300,3012],[-8,-12]],[[6280,2976],[-32,-43]],[[8605,610],[-26,-41]],[[8579,569],[-31,-56]],[[8548,513],[-36,37]],[[6061,3112],[48,0]],[[6151,5151],[-108,1]],[[6043,5152],[-1,64]],[[6042,5216],[-1,75]],[[6184,5962],[-2,12]],[[7448,7007],[151,33],[79,0]],[[7731,6964],[-101,-285]],[[6263,7200],[-13,-83],[-46,-3],[-48,80]],[[4417,5740],[129,-3],[2,-68]],[[4548,5669],[-76,-59]],[[5228,3432],[36,23]],[[5266,3409],[1,-42]],[[4560,5938],[148,26]],[[4590,5687],[-29,104],[-1,147]],[[6059,4435],[87,1]],[[6147,4387],[-87,-1]],[[6177,2515],[34,0]],[[6211,2515],[28,1]],[[6239,2516],[-12,-34]],[[6177,2503],[0,12]],[[6332,2469],[6,-30]],[[6338,2439],[-22,-29]],[[6316,2410],[0,-4]],[[6316,2406],[-64,-1]],[[6252,2405],[18,63]],[[5526,5600],[-78,-1]],[[5448,5599],[-2,136],[95,-19]],[[5774,3165],[35,-70],[50,0]],[[5868,3056],[-91,-10]],[[6675,4359],[-7,45]],[[6668,4404],[50,1]],[[6718,4405],[62,-49]],[[6811,4267],[1,-27]],[[6450,4152],[112,7]],[[6531,3977],[-44,2]],[[6480,4028],[-30,124]],[[4944,6701],[26,-43]],[[4902,6613],[0,-83]],[[4902,6530],[-11,-7]],[[4891,6523],[-51,49],[-58,-38]],[[4739,6588],[119,103],[86,10]],[[5251,3003],[-2,-24]],[[7976,1801],[-66,-2]],[[7873,1813],[3,30]],[[5124,3156],[-8,-1]],[[5116,3155],[-3,45]],[[5528,4113],[108,-115]],[[5636,3998],[1,0]],[[5613,3912],[-124,109]],[[5179,4290],[102,32]],[[5727,4095],[127,50]],[[5854,4145],[1,-30]],[[5855,4115],[-4,-95]],[[5851,4020],[-124,75]],[[5126,3079],[0,46]],[[5126,3125],[-2,31]],[[4892,6941],[-38,75]],[[4814,6890],[15,9]],[[4908,6885],[67,-87],[-62,-44]],[[7076,7066],[-91,-105],[-36,54]],[[5230,7553],[105,-10]],[[5335,7543],[-9,-150]],[[5156,7278],[-20,58]],[[4763,6318],[36,-59]],[[4799,6259],[-62,-41]],[[4858,6445],[44,-66]],[[4902,6379],[29,-33]],[[4867,6303],[-68,-44]],[[6456,2475],[-53,13]],[[5903,3681],[53,-24]],[[5945,3596],[-17,1]],[[6750,4535],[1,-60]],[[6751,4475],[-33,-70]],[[6668,4404],[-14,67]],[[9160,6325],[58,79],[159,28],[78,-34],[138,3]],[[9630,6213],[-183,0],[4,-271]],[[9451,5942],[-46,-7],[-392,-6],[-72,10]],[[8941,5939],[11,116],[208,270]],[[5536,3511],[28,-60]],[[5483,3380],[-3,101]],[[5319,3501],[113,-11]],[[5326,3395],[0,15]],[[5432,3576],[-96,22],[-27,29]],[[8173,4013],[67,34]],[[7933,4238],[119,64]],[[8242,4108],[-2,-61]],[[7895,3912],[38,58],[0,268]],[[5426,3076],[83,5]],[[5979,3683],[93,1]],[[6312,3857],[39,2]],[[6496,2844],[27,43]],[[6523,2887],[33,50]],[[6603,2913],[-56,-111],[-51,42]],[[6199,3416],[64,2]],[[6201,3351],[-1,11]],[[8173,1078],[40,44]],[[8213,1122],[21,23]],[[8234,1145],[59,-59]],[[8293,1086],[-67,-60]],[[6412,3347],[8,-6]],[[6316,2410],[22,29]],[[6403,2488],[-18,-81]],[[6385,2407],[-69,-1]],[[6665,2450],[-2,-41]],[[6545,2410],[10,28]],[[6413,2818],[79,22]],[[6414,2814],[-1,4]],[[7756,2552],[57,-56]],[[7647,2351],[-15,-12]],[[6492,2840],[4,4]],[[9325,704],[72,-51]],[[6809,4399],[86,-4]],[[6895,4395],[-6,-152]],[[6810,4357],[-1,42]],[[5646,3275],[1,-66]],[[5647,3209],[-58,-4]],[[5589,3205],[-5,0]],[[5584,3205],[22,71]],[[5584,3205],[-49,-5]],[[5535,3200],[19,89]],[[5877,3497],[51,-26]],[[5928,3471],[71,0],[-1,58]],[[5998,3529],[76,2]],[[6083,3458],[-48,25],[-59,-64],[-75,-13],[-35,52]],[[8244,6606],[100,-4]],[[8344,6602],[42,-2]],[[8386,6600],[0,-94],[70,6],[7,-51]],[[8245,6374],[-1,232]],[[3979,5304],[-72,-43],[-2,-90]],[[4973,4409],[51,13]],[[3806,3029],[17,3]],[[3823,3032],[88,21]],[[3921,2975],[-92,-11]],[[3829,2964],[-63,-26]],[[4192,3030],[-52,34]],[[2172,3426],[75,9]],[[2220,3330],[-126,86]],[[2094,3416],[45,7]],[[4670,4180],[28,1]],[[4788,4107],[-74,-6],[-55,37]],[[8074,1298],[65,-60]],[[8139,1238],[-87,-70]],[[8052,1168],[-24,-3]],[[8028,1165],[-37,42],[83,91]],[[4813,3952],[35,11]],[[4871,3968],[52,-65]],[[4923,3903],[0,-61],[-71,-10],[2,-57]],[[4854,3775],[-12,-11]],[[4832,3889],[-19,63]],[[3490,3013],[0,32]],[[3542,3045],[86,1]],[[3489,2806],[-1,117]],[[4711,2299],[37,11]],[[4748,2310],[17,-9]],[[9567,1077],[44,100],[65,3]],[[9676,1180],[105,-32],[22,-43],[-10,-249]],[[9793,856],[-49,-88],[-72,-35]],[[9672,733],[-81,-31]],[[9591,702],[-29,-11]],[[9496,738],[-101,49]],[[9591,702],[50,-107],[-48,-60]],[[4399,5930],[150,8]],[[4549,5938],[5,-63],[-154,-1]],[[2610,5028],[94,1]],[[2803,4935],[-98,-70],[-58,32]],[[2248,4970],[72,0],[103,57],[98,1]],[[2249,4885],[-1,85]],[[2833,4923],[-26,-87]],[[5828,2378],[45,-11]],[[9214,8517],[9,11]],[[9364,7970],[-117,1],[-4,-79],[-52,-43],[-235,-2]],[[8464,3898],[-63,-19]],[[10554,4537],[189,11],[425,82]],[[11168,4630],[13,-49],[124,-151],[87,-8],[165,-64],[35,-44],[-14,-56]],[[10786,4041],[-14,95]],[[10753,4259],[-142,-16]],[[10611,4243],[-27,147]],[[3972,5737],[-33,-64],[89,-25]],[[4028,5648],[-30,-22]],[[3920,5583],[-15,48]],[[7673,6155],[-23,-122]],[[7630,6014],[-167,-184]],[[4847,2834],[7,-2]],[[4930,2719],[-51,-53]],[[4879,2666],[-38,62]],[[7907,1246],[65,70],[71,12]],[[8043,1328],[31,-30]],[[8028,1165],[-34,-13]],[[4771,2771],[-28,-43]],[[2853,3536],[-21,-94],[-101,-5],[-2,-39]],[[2677,3445],[18,75],[-30,92]],[[4084,3659],[3,-60]],[[10264,1131],[270,5],[47,84],[74,-11]],[[10655,1209],[-115,-135],[-37,-60]],[[10278,1026],[-8,64]],[[10270,1090],[-6,41]],[[4293,2610],[110,6],[43,-17]],[[4385,2519],[-16,0]],[[10061,1076],[112,30],[97,-16]],[[10256,1029],[-50,-10]],[[10091,997],[-88,-121]],[[10003,876],[-15,12]],[[4107,2805],[11,1]],[[4290,2815],[2,-103]],[[4443,2816],[-1,85]],[[8176,1282],[75,-58]],[[8204,1174],[-65,64]],[[8139,1238],[37,44]],[[10593,4146],[18,97]],[[1479,3846],[72,0]],[[1751,4001],[1,-213]],[[1752,3788],[-85,-24],[-33,-37]],[[1634,3727],[-149,101],[-6,18]],[[9160,6325],[-24,126]],[[9451,5942],[222,3]],[[9638,5604],[-31,10]],[[9076,5604],[-38,44],[-85,178]],[[8953,5826],[-12,113]],[[6264,2586],[-52,-15],[-1,-56]],[[6177,2515],[-6,59]],[[6344,2931],[22,-39]],[[6388,2878],[-13,-45]],[[6375,2833],[-12,-39]],[[6154,3296],[1,-72]],[[6109,3224],[-1,71]],[[5764,2965],[-41,-24]],[[5650,3020],[0,37]],[[6012,4668],[38,-40]],[[6050,4628],[2,-3]],[[6052,4625],[6,-105]],[[5997,4519],[-27,79],[-111,-1]],[[5859,4597],[-1,59]],[[6145,4582],[-93,43]],[[6050,4628],[-10,73]],[[8637,446],[-8,73],[-50,50]],[[6420,4234],[30,-82]],[[6450,4152],[-81,10]],[[5854,7083],[61,-16],[94,41]],[[5952,6961],[-26,82],[-71,5]],[[4416,2327],[-6,-1]],[[4019,2557],[-64,7],[0,47]],[[4309,2478],[61,5]],[[4311,2461],[-2,17]],[[3519,5178],[24,43]],[[3543,5221],[117,11]],[[3695,5025],[-84,-2]],[[4103,2867],[140,14]],[[4243,2861],[-76,-4],[1,-44]],[[4653,3219],[39,-12]],[[4729,3176],[1,-25]],[[3757,3134],[-45,-1]],[[3829,2964],[5,-46]],[[3834,2918],[-9,-28]],[[5923,6027],[50,18]],[[5973,6045],[16,-103]],[[8999,6728],[9,-49],[131,49]],[[8799,6595],[-28,80],[-55,42]],[[8716,6717],[47,50],[50,-17]],[[8046,1939],[102,34]],[[8380,5621],[139,1]],[[8519,5622],[5,-96],[261,1]],[[8903,5312],[-78,-207],[-74,-445]],[[8751,4660],[-212,-109]],[[8523,4681],[-3,208],[-26,59],[-138,195],[-9,41]],[[8346,5248],[0,66],[34,307]],[[7933,5278],[-78,-90]],[[7855,5188],[-441,-5]],[[7414,5183],[-1,105]],[[7413,5288],[1,169],[-39,29]],[[8751,4660],[2,0]],[[8753,4660],[60,-170]],[[8564,4511],[-25,40]],[[8311,5716],[69,-95]],[[7961,5191],[-28,87]],[[7692,4964],[162,2],[0,-237],[-39,0]],[[8381,4750],[14,-80]],[[8395,4670],[-170,-32]],[[4462,4947],[346,-186]],[[4810,4648],[0,-44]],[[4810,4604],[-85,72]],[[4590,4791],[-166,139]],[[4424,4930],[38,17]],[[8885,237],[37,34],[90,1],[-2,-58],[136,9],[34,-74]],[[9180,149],[-22,-56],[-134,16],[-36,-49],[-71,-31]],[[4914,4620],[43,1],[50,-57]],[[4923,4521],[-9,99]],[[3472,4452],[56,1]],[[3528,4453],[164,-1]],[[3692,4452],[133,0],[96,-22]],[[3713,3781],[-232,0]],[[3473,4173],[-1,209]],[[3472,4382],[0,70]],[[7847,1701],[1,0]],[[7848,1701],[13,1]],[[6347,4693],[-1,68]],[[6327,5203],[176,-5]],[[6522,5105],[6,-28]],[[8935,4052],[2,-91]],[[8937,3961],[-36,-1]],[[3210,5290],[10,-123]],[[1603,6828],[1,-267],[64,-15],[17,-963],[6,-618]],[[1145,4961],[-134,451],[-224,741],[-32,139],[-191,612]],[[564,6904],[19,-6],[406,3],[-7,-195],[437,6],[-2,195]],[[5223,2635],[-23,-13]],[[4828,2395],[9,5]],[[4915,2354],[-13,-41]],[[4748,2310],[-8,40]],[[4955,2471],[25,16]],[[4980,2487],[0,-69]],[[4981,2347],[-79,-34]],[[3186,6327],[33,-91]],[[3006,6124],[7,139],[173,64]],[[2568,3925],[30,-1]],[[2544,3880],[7,11]],[[2035,3964],[31,1],[136,-62],[-13,102]],[[2301,3786],[-76,0]],[[2225,3786],[-83,1]],[[2019,3787],[16,177]],[[3908,6181],[51,-120],[48,50],[46,1]],[[3898,6164],[10,17]],[[5463,6086],[-1,60]],[[8713,6181],[15,-64],[-66,-145],[-20,-212]],[[8642,5760],[-306,-14]],[[8336,5746],[377,435]],[[8806,6467],[-9,-87],[-27,-28]],[[8770,6352],[-51,25],[-94,-16]],[[7834,5909],[0,61]],[[2481,3620],[7,-82]],[[1974,7101],[50,1]],[[2597,6903],[3,-121]],[[2400,6781],[-3,103],[-278,-2],[-3,96],[-142,-1]],[[1974,6977],[0,124]],[[5429,7980],[81,25],[76,-13],[72,67],[116,8]],[[5774,8067],[10,-65]],[[5784,8002],[4,-170]],[[5773,7716],[-233,-11]],[[5540,7705],[-83,-2]],[[5320,7834],[32,77],[77,69]],[[9010,3963],[-73,-2]],[[2536,3991],[127,-9]],[[2663,3982],[0,-44]],[[2345,6624],[31,-48],[81,2]],[[2419,6459],[-213,96]],[[8816,7065],[72,9]],[[8888,7074],[68,-140],[66,-45]],[[8716,6717],[-30,8]],[[8608,6875],[32,98]],[[9048,7405],[183,-217],[-16,-34]],[[9161,7035],[-31,-143]],[[8888,7074],[-43,141]],[[5046,7042],[70,-164]],[[5116,6878],[14,-53]],[[5130,6825],[-3,-4]],[[5127,6821],[-15,-32]],[[5112,6789],[-36,77],[-66,37]],[[6473,3466],[59,44],[31,80]],[[6626,3547],[16,-48]],[[6642,3499],[-62,-85]],[[6467,3452],[6,14]],[[6208,3577],[60,-8]],[[6263,3485],[-68,-9]],[[6305,3673],[16,1]],[[6449,3469],[24,-3]],[[6458,3422],[-45,1]],[[6335,3420],[0,53]],[[6635,3316],[80,119]],[[6715,3435],[23,-16]],[[9793,856],[1,2]],[[9825,768],[-53,-106],[-60,-67]],[[9712,595],[-41,13],[-21,62],[22,63]],[[7267,3641],[103,44]],[[7370,3685],[86,5]],[[7456,3690],[1,-78]],[[7457,3612],[-66,9]],[[7391,3621],[-70,-5]],[[7321,3616],[-77,4]],[[2499,4179],[42,-3]],[[2541,4176],[6,-56],[101,1]],[[2649,4039],[-111,38],[-36,31]],[[3328,4514],[39,-76]],[[3367,4438],[-71,-49]],[[3296,4389],[-80,-2]],[[6319,1528],[-191,-3]],[[5617,4240],[24,-1]],[[5688,4238],[89,-2]],[[5777,4236],[-4,-88],[81,-3]],[[5727,4095],[-18,24]],[[6183,4231],[-120,-1]],[[5604,4408],[-27,-56],[21,-59]],[[7694,4638],[1,-26]],[[7695,4612],[-83,-48],[-62,44],[-89,20]],[[6717,3844],[7,135]],[[6713,3759],[4,85]],[[4296,2074],[-42,16],[-79,-42]],[[4175,2048],[-10,6]],[[4165,2054],[-11,72]],[[4292,2712],[152,8]],[[4660,3342],[8,96]],[[4668,3438],[81,1],[1,-67],[41,-38]],[[4791,3334],[-28,-66]],[[4763,3268],[-6,-3]],[[4757,3265],[-19,13]],[[4730,3283],[-70,59]],[[4830,3485],[-2,-37]],[[4828,3448],[-58,-5],[-43,74],[20,109]],[[7695,4612],[81,3],[63,-52]],[[7839,4563],[-17,-21]],[[7779,4479],[-83,-13]],[[7696,4466],[-1,146]],[[7696,4466],[-81,-6],[-6,-67]],[[7367,4620],[-197,-5]],[[6895,4395],[14,120]],[[6997,4557],[-16,-46]],[[4924,2497],[42,58]],[[4777,2557],[37,39]],[[4814,2596],[65,70]],[[4879,2666],[65,-68]],[[4811,2424],[2,113],[-36,20]],[[7018,4253],[57,32]],[[7075,4285],[115,129]],[[1670,4200],[-176,-2],[1,-46]],[[1374,4197],[-56,191]],[[4122,3286],[7,75],[-26,49]],[[4103,3410],[60,-3],[26,-124]],[[4339,3145],[-53,-1]],[[4162,3626],[6,0]],[[4433,3480],[-112,-3],[-82,51]],[[5229,1919],[-79,-13]],[[5150,1906],[-1,23]],[[5157,2301],[70,-10]],[[5247,2558],[-94,31]],[[6527,4587],[61,0]],[[6553,4474],[-25,-1]],[[6557,4236],[-101,-1]],[[3601,4593],[37,15],[4,108]],[[3642,4716],[106,3]],[[3748,4719],[24,-32]],[[3772,4687],[6,-59],[-56,-48],[-30,-128]],[[3528,4453],[5,89]],[[4707,3914],[32,11]],[[4739,3925],[74,27]],[[4731,3836],[-2,12]],[[4584,3903],[50,-1]],[[4635,3830],[1,-53]],[[4636,3777],[-44,0]],[[5523,2737],[3,-67]],[[7267,3717],[52,-1]],[[7319,3716],[52,1]],[[7371,3717],[-1,-32]],[[7318,3814],[52,1],[1,-98]],[[7319,3716],[-1,45]],[[7093,3982],[71,0]],[[7165,3846],[-61,-31]],[[4736,4064],[71,1]],[[4808,4053],[5,-101]],[[4739,3925],[-2,70]],[[1752,3788],[267,-1]],[[2020,3611],[-241,19]],[[1779,3630],[-145,97]],[[4615,2616],[-41,0]],[[5436,2381],[91,35]],[[5527,2416],[-31,-141]],[[5331,2309],[0,54]],[[5527,2416],[10,-2]],[[5591,2388],[3,-81]],[[5556,2191],[-83,-1]],[[7328,5541],[-64,-192]],[[7264,5349],[-60,-34],[-54,17]],[[7150,5332],[-71,-155]],[[6936,5283],[0,46]],[[6184,4148],[-137,-2]],[[6047,4146],[2,62],[-46,24]],[[6377,4019],[20,-93]],[[6351,3904],[-1,116]],[[6310,3958],[0,74]],[[9040,2336],[-44,31]],[[8867,2274],[164,7]],[[8870,2208],[-3,66]],[[8867,2274],[-1,72]],[[8866,2346],[8,71]],[[10617,1544],[12,-8]],[[10629,1536],[-92,-13]],[[10537,1523],[80,21]],[[10427,1907],[-9,-136],[73,-117],[126,-110]],[[10617,1544],[-93,-2],[-81,112],[-61,-1]],[[10382,1653],[-1,93]],[[10128,1399],[106,-7],[-12,88]],[[10222,1480],[9,80],[152,19]],[[10383,1579],[1,-64],[153,8]],[[10629,1536],[77,-66],[69,-109],[-120,-152]],[[10264,1131],[3,58],[-139,40]],[[10119,1229],[-31,23],[40,147]],[[8511,492],[-63,15],[19,52],[-55,20]],[[8374,1005],[51,65],[1,66]],[[8426,1136],[90,4],[-51,88]],[[8465,1228],[19,11]],[[8513,867],[-139,138]],[[8405,1328],[-52,-49]],[[8353,1279],[-14,-21]],[[8339,1258],[-7,-10]],[[8332,1248],[-127,86]],[[8205,1334],[0,23]],[[7376,2084],[28,17]],[[7231,1618],[-59,240]],[[7172,1858],[-23,91]],[[7413,5288],[-143,-1],[-6,62]],[[7318,5181],[96,2]],[[7414,5183],[6,-167],[-63,20]],[[7357,5036],[-30,0],[-9,145]],[[7164,5697],[39,1]],[[6791,5140],[-40,63],[-74,21]],[[6673,5326],[249,3]],[[6673,5068],[-1,29]],[[5300,3627],[16,-79]],[[5316,3548],[-67,-6],[-50,-115]],[[5064,3374],[3,82],[107,38],[45,84]],[[4854,3775],[130,2]],[[4984,3777],[72,-1]],[[5056,3776],[-44,-43],[1,-50]],[[4791,3334],[35,0],[2,114]],[[5005,3485],[-3,-99],[23,-28]],[[4940,3238],[-104,-23]],[[4836,3215],[-73,53]],[[5523,2737],[133,2]],[[5656,2739],[1,-89]],[[5657,2650],[-132,-9]],[[7386,2312],[14,-5]],[[7400,2307],[2,-102]],[[7320,2465],[142,4]],[[7400,2323],[-46,81]],[[7172,1858],[-157,-3],[-81,-17]],[[6846,1830],[24,70]],[[8684,2427],[190,-10]],[[8866,2346],[-181,-3]],[[8685,2343],[0,17]],[[8457,2424],[103,1]],[[8560,2358],[-33,-33]],[[8527,2325],[-69,-2]],[[8335,2365],[-48,-2]],[[8683,2475],[1,-48]],[[8560,2425],[5,18]],[[8682,2552],[39,9]],[[8783,2516],[99,-70]],[[8537,2691],[8,-6]],[[8608,2641],[-39,-2]],[[8524,2644],[13,47]],[[7043,2368],[155,42]],[[7209,2365],[21,-36]],[[7059,2303],[-16,65]],[[6154,3296],[18,5]],[[5646,3275],[134,8]],[[5780,3208],[-6,0]],[[6083,3458],[1,-10]],[[6084,3448],[-90,-55]],[[5994,3393],[-47,-50],[-61,-13],[-86,14],[-20,-61]],[[9137,2180],[93,3]],[[9230,2183],[111,2]],[[9410,2187],[-1,-62],[-56,-9],[5,-108]],[[9358,2008],[-119,-2]],[[9230,2183],[0,50]],[[5667,4815],[187,1]],[[5859,4597],[1,-59]],[[5860,4538],[-143,-1]],[[5717,4537],[-10,75]],[[5707,4697],[-32,44],[-8,74]],[[5637,4910],[137,1]],[[5667,4815],[-30,-5]],[[3786,6779],[100,2]],[[4964,6299],[41,-122]],[[4956,6154],[-42,72]],[[5116,3909],[-45,18]],[[5071,3927],[-106,36]],[[4965,3963],[-14,29]],[[6332,7732],[27,-74]],[[6020,7842],[-33,56],[-203,104]],[[5774,8067],[12,31],[125,37],[57,-138],[93,-93],[13,-70],[79,-13],[41,-77],[76,-41],[62,29]],[[5684,5963],[94,1]],[[5700,5854],[-16,109]],[[4652,6783],[67,44]],[[4913,6754],[31,-53]],[[5112,6789],[-74,-53],[-82,-1],[-12,-34]],[[5420,7098],[-81,137]],[[5127,6821],[18,-34]],[[5164,6769],[-36,-54],[7,-58]],[[5135,6657],[-130,-56]],[[5135,6657],[80,-124]],[[5360,5885],[50,72]],[[5366,6026],[-21,33]],[[5345,6059],[66,52],[0,34]],[[5394,5189],[20,-113]],[[5414,5076],[-50,13]],[[5345,5144],[-10,10]],[[5335,5154],[59,35]],[[8369,7362],[35,24]],[[8404,7386],[125,-12]],[[8529,7374],[10,-39]],[[8555,7272],[-34,-16]],[[8085,7073],[-1,18]],[[5234,5139],[4,-44]],[[5137,5144],[1,11]],[[5068,5291],[56,1]],[[5124,5292],[0,-46]],[[5040,5110],[-9,175]],[[3658,5682],[94,0]],[[3804,5664],[28,-89],[-44,-31],[-51,45],[-77,21]],[[3563,5259],[-20,-38]],[[3499,5189],[-90,55]],[[3409,5244],[9,39]],[[3890,4768],[4,-30]],[[3894,4738],[-122,-51]],[[3748,4719],[-42,89]],[[6899,2426],[-23,-49]],[[7015,2482],[28,-114]],[[8895,2683],[-1,-153]],[[8894,2530],[-34,44],[-62,-1]],[[8163,2634],[33,0]],[[8072,2681],[65,-47]],[[8072,2536],[0,145]],[[7861,2488],[48,54]],[[8278,2089],[14,-22]],[[8256,2014],[-128,23]],[[6625,2692],[120,-8]],[[6745,2684],[-26,-74]],[[6719,2610],[-1,-3]],[[6799,2507],[35,3]],[[6745,2684],[31,-12]],[[6824,2574],[-105,36]],[[6523,2887],[-47,35]],[[6589,3252],[68,-44]],[[7553,3022],[-41,1]],[[7320,3167],[14,-6]],[[7123,3152],[95,-36]],[[7284,3033],[-64,-18],[4,-60]],[[6891,3239],[25,79]],[[6953,3216],[-38,14]],[[10631,2991],[27,-11]],[[10658,2980],[-48,-98]],[[10610,2882],[-55,49],[76,60]],[[7162,2821],[61,-49]],[[7336,3029],[0,-182]],[[7295,2820],[4,133],[-15,80]],[[3950,7053],[-19,42]],[[8122,2994],[92,-10],[36,26]],[[8250,3010],[29,21],[48,106],[72,75],[130,52],[181,14]],[[8976,3136],[-23,-200],[-58,-116]],[[8556,2831],[-146,-6]],[[8253,2874],[-92,-1]],[[8161,2873],[-42,67],[3,54]],[[8846,1082],[-116,149]],[[8730,1231],[166,6],[-6,169],[128,134],[-28,28],[-98,-71],[-4,202],[-94,-1],[2,-81],[-94,-2],[-2,33],[-90,5]],[[8610,1653],[99,93]],[[2833,4923],[35,-10]],[[1603,6923],[72,-33],[15,-48],[55,2],[42,180],[-138,13],[0,61]],[[1649,7098],[325,3]],[[1974,6977],[-9,-2],[5,-313]],[[1970,6662],[-367,166]],[[5433,5076],[-19,0]],[[5394,5189],[35,32]],[[5297,5445],[129,-99]],[[5426,5346],[52,-61]],[[5123,5492],[21,67]],[[5771,5597],[-109,-29]],[[5662,5568],[-22,33]],[[5621,5630],[108,10],[42,-43]],[[10823,2445],[51,33],[57,-47],[-83,-57],[-25,71]],[[10796,2853],[207,91],[23,61]],[[11255,3014],[-69,-139],[43,-40],[72,25],[15,-115],[92,-36],[16,-59],[88,-10],[-63,-68],[19,-85],[-87,-81],[-33,-91],[-64,88],[5,162],[-73,66],[-256,34],[-89,31],[-48,84],[-50,6]],[[10773,2786],[23,67]],[[10672,2640],[71,1],[106,-54],[9,-86],[-103,45],[-83,94]],[[7161,2623],[32,-4]],[[7193,2619],[82,-13]],[[4136,2161],[-37,90]],[[8163,2634],[0,62]],[[9507,2011],[-149,-3]],[[5817,5490],[-2,118]],[[5815,5608],[-14,110],[180,2],[56,59]],[[3535,4723],[78,16]],[[3613,4739],[29,-23]],[[2177,7759],[149,112],[98,9],[69,-35],[75,32],[51,51],[63,-6],[24,39],[106,2],[37,-45]],[[2849,7918],[2,-155],[19,-84]],[[2870,7668],[-160,-14],[-102,41],[-133,-23]],[[2178,7598],[-1,161]],[[4972,6038],[39,-83],[-69,-48]],[[3592,6374],[142,151]],[[3802,6455],[-37,-8],[-126,-131]],[[6593,6840],[355,-75]],[[8527,2325],[1,-125]],[[6307,7474],[99,65]],[[6409,7540],[40,-73],[-23,-24]],[[6717,3844],[-43,0]],[[6674,3844],[-23,55]],[[8870,2208],[-183,-4]],[[8687,2204],[-2,139]],[[5684,4410],[44,-17]],[[5686,4321],[-2,89]],[[6606,4237],[-1,-77]],[[7498,4011],[105,-83],[29,-58]],[[7632,3870],[50,-153],[-7,-59]],[[7675,3658],[-219,32]],[[7199,3813],[-95,-9]],[[8353,1279],[112,-51]],[[8465,1228],[-63,-63],[-57,-13]],[[8345,1152],[-6,106]],[[5131,1520],[-287,159]],[[7400,2318],[0,-11]],[[8213,1122],[-66,64],[-58,-59]],[[8089,1127],[-37,41]],[[8089,1127],[16,-15]],[[10382,1653],[1,-74]],[[10222,1480],[-14,180],[26,83]],[[8332,1248],[-48,-52]],[[8176,1282],[29,52]],[[5971,3298],[89,9]],[[6060,3295],[0,-17]],[[5512,3042],[0,-36]],[[5428,2879],[-46,0]],[[5335,2983],[1,21]],[[5198,2829],[-46,-1]],[[5851,4436],[13,23],[134,1]],[[4462,4947],[50,27],[27,112]],[[4574,2616],[-6,-80]],[[7114,4905],[93,275]],[[7207,5180],[62,0]],[[7269,5180],[4,-238]],[[4254,8613],[52,26]],[[4306,8639],[42,-20],[41,-133],[-4,-73]],[[4385,8413],[18,-69],[2,-186],[-34,0]],[[4371,8158],[-190,-10],[-16,105],[89,16],[0,344]],[[7659,3560],[105,-1]],[[7745,3098],[3,138],[-82,-3]],[[4237,3470],[56,-52]],[[4236,3415],[1,55]],[[5636,3998],[91,97]],[[5851,4020],[-4,-20]],[[5056,3776],[33,-2]],[[5089,3774],[117,-13]],[[5205,3676],[-113,-129]],[[5307,5180],[28,-26]],[[5308,5096],[-69,-8]],[[8905,3831],[15,0]],[[9039,3833],[5,-87]],[[9044,3746],[-58,-21]],[[6277,4681],[2,-103]],[[6279,4578],[-24,0]],[[6825,5468],[8,-88]],[[6833,5380],[-161,-6]],[[6277,5716],[122,11]],[[6277,5503],[0,213]],[[2902,6937],[360,-2],[78,9]],[[3388,6495],[-6,-33]],[[3088,6754],[-187,71]],[[2901,6825],[1,112]],[[8620,6593],[147,-3]],[[8510,6480],[3,116]],[[8451,3825],[41,60]],[[8644,3821],[1,-78]],[[8645,3743],[-77,7]],[[8477,3819],[-26,6]],[[8570,2610],[1,-58]],[[3832,3607],[0,-38]],[[8012,3438],[4,-187]],[[3207,5373],[41,-6],[119,35]],[[3409,5244],[-55,8]],[[3354,5252],[-53,36],[-91,2]],[[3349,5230],[5,22]],[[3378,5161],[-29,69]],[[8420,6932],[134,-32]],[[8554,6900],[-104,-41]],[[8450,6859],[-74,8],[-7,-92],[52,-82],[-40,-75],[-37,-16]],[[8244,6606],[-353,2]],[[7891,6608],[-97,63],[-164,8]],[[436,7342],[55,-20],[777,-349]],[[564,6904],[-127,415],[-1,23]],[[8880,7678],[22,-120]],[[8823,7470],[-62,46]],[[10756,5220],[-6,-61],[96,-167],[-9,-116],[123,-133],[133,-33],[75,-80]],[[9657,1516],[158,-143],[234,116],[30,-63],[49,-27]],[[9676,1180],[33,45],[-50,36],[-64,-6],[-17,46]],[[9578,1301],[50,87],[29,128]],[[9787,2330],[285,6]],[[7675,3658],[132,-24],[115,-1]],[[7659,3560],[16,98]],[[7632,3870],[71,4],[169,37]],[[9044,3746],[55,22],[113,12]],[[9212,3780],[1,-89]],[[9078,3833],[134,1]],[[9212,3813],[0,-33]],[[2302,3713],[-1,73]],[[3395,2677],[4,-137]],[[3399,2540],[-137,88]],[[4638,3345],[22,-3]],[[4693,3271],[-40,15]],[[5660,2493],[-1,35]],[[5659,2585],[-2,65]],[[5557,1283],[-96,55]],[[5461,1338],[7,27]],[[5671,1591],[85,7]],[[5756,1598],[83,1]],[[5838,1710],[14,0]],[[6024,1708],[-38,-114]],[[5839,1599],[-1,111]],[[5462,1559],[-106,-2]],[[11058,3302],[27,-114]],[[11220,3413],[22,4]],[[11242,3417],[-117,-181]],[[10836,3382],[86,-12],[49,-48]],[[10811,3317],[25,65]],[[10577,3066],[138,238]],[[10715,3304],[52,-80]],[[10709,3080],[-51,-100]],[[10631,2991],[-62,20]],[[10232,3749],[114,-58],[76,-93]],[[10438,3581],[78,-90]],[[10516,3491],[36,-43],[121,-81],[42,-63]],[[10213,3325],[-28,21],[46,130],[3,138]],[[8419,7514],[-40,-71],[25,-57]],[[8419,7514],[93,-8]],[[8527,7389],[2,-15]],[[4321,2020],[-31,-35]],[[4290,1985],[-115,63]],[[5368,1711],[19,69],[-80,16]],[[4757,3265],[0,-114]],[[3777,6952],[107,17]],[[3689,6829],[4,90],[84,33]],[[10610,2882],[-79,-71]],[[10531,2811],[-95,-68],[-56,-13]],[[10380,2730],[-20,61],[-5,138]],[[5331,2363],[-81,-28]],[[1930,4003],[-81,-1]],[[8378,7713],[50,51]],[[8470,7655],[-50,-8]],[[9375,1298],[-95,-37]],[[9248,1338],[-8,19]],[[9011,2537],[-10,139]],[[9712,595],[0,-112],[-144,-5]],[[4702,2308],[16,41]],[[2113,4004],[-74,0]],[[10561,3744],[12,-66]],[[10146,3793],[85,14],[172,-33]],[[5338,2527],[-9,-87]],[[5248,2516],[-1,26]],[[8071,2762],[90,34]],[[8072,2681],[-1,81]],[[6947,4905],[-37,-119]],[[5554,3289],[-51,35]],[[5382,6421],[51,46]],[[5650,6272],[-129,-14]],[[4494,6765],[-57,2],[-4,57]],[[2225,3648],[0,138]],[[8322,6130],[123,-1]],[[8445,6129],[181,6],[-3,226]],[[8770,6352],[75,-17]],[[8845,6335],[-132,-154]],[[8336,5746],[-25,-30]],[[3852,2918],[-18,0]],[[4737,2503],[40,54]],[[5918,7329],[34,-62],[-3,-53],[53,-39],[81,51],[10,-60]],[[6093,7166],[25,-143]],[[5854,7083],[-12,126]],[[4359,7700],[105,81]],[[4451,7605],[-92,95]],[[6277,5716],[-48,-1]],[[5002,8121],[-1,-163]],[[5000,7718],[-99,10]],[[7523,2696],[-32,-27]],[[7491,2669],[6,10]],[[8730,1231],[-95,120]],[[8471,1556],[139,97]],[[5854,4145],[193,1]],[[6047,4146],[-5,-51]],[[5930,4093],[-75,22]],[[5281,5685],[-2,-132]],[[6674,7147],[-119,-77]],[[3381,2905],[46,4]],[[3489,2806],[-87,-9]],[[8097,2037],[51,-64]],[[2542,5907],[108,18],[27,151]],[[4579,4057],[-1,88]],[[3296,4389],[176,-7]],[[3021,4283],[18,103]],[[8731,7318],[81,11]],[[4436,3425],[-3,55]],[[6642,3499],[112,38]],[[6728,3476],[-13,-41]],[[6112,5961],[-20,38],[-119,46]],[[5973,6045],[-7,117]],[[5966,6162],[187,3]],[[3612,4866],[94,-58]],[[3613,4739],[-136,108]],[[4304,6426],[33,-59]],[[4506,5333],[31,-18],[115,0]],[[4532,5173],[0,75]],[[4532,5248],[-26,85]],[[6813,6985],[-59,-1],[-109,100],[-108,-26]],[[4765,2617],[49,-21]],[[4737,2503],[-49,41]],[[4434,6203],[-54,70]],[[7957,1707],[104,1]],[[4795,7741],[133,-151]],[[4928,7590],[-103,-1]],[[4825,7589],[-59,-4]],[[10218,4132],[13,-53]],[[10234,3947],[-194,-86]],[[10040,3861],[-87,-1]],[[9953,3860],[23,69],[-19,197]],[[2740,3865],[-76,-20]],[[8746,7428],[102,31]],[[5505,4610],[5,-20]],[[5370,4651],[0,45]],[[2900,7300],[2,-363]],[[2901,6825],[-50,-21],[-56,53],[-77,0],[-32,33],[-89,13]],[[5414,7544],[-79,-1]],[[2889,6576],[12,249]],[[2635,3656],[30,-4]],[[2599,3510],[-35,38]],[[5994,3393],[-23,-95]],[[8519,5622],[70,13],[49,65]],[[8638,5700],[125,-137]],[[6986,4985],[91,-2],[37,-78]],[[7098,4857],[-17,-50]],[[4560,5938],[-11,0]],[[8250,3010],[-12,410]],[[9565,2394],[-3,136],[-102,-2]],[[6833,5380],[99,-6]],[[5292,4843],[25,-30],[81,-1]],[[4028,5648],[19,13]],[[7072,4428],[3,-143]],[[2664,3845],[0,-62]],[[5122,7092],[60,-105],[-11,-71]],[[5171,6916],[-55,-38]],[[7193,2619],[29,89]],[[7787,736],[16,90],[-68,165]],[[6084,3448],[-24,-102]],[[6060,3346],[0,-39]],[[5043,6321],[34,-78],[-46,-26],[64,-94]],[[5095,6123],[-2,-22]],[[5094,6045],[-46,35]],[[5540,7705],[33,-90],[-4,-72]],[[5569,7543],[-136,1]],[[6184,4148],[1,-24]],[[4385,8413],[106,0]],[[4479,8219],[-3,-110]],[[4476,8109],[-36,-58],[-53,18],[-16,89]],[[5692,7546],[-123,-3]],[[8642,5760],[83,25],[228,41]],[[8638,5700],[4,60]],[[4960,5067],[40,5]],[[4736,4267],[-66,7]],[[1970,6662],[144,-65]],[[2114,6597],[-6,-166],[-2,-487]],[[2248,4970],[-189,-2]],[[1892,3900],[-53,22],[10,80]],[[5979,2626],[-15,-2]],[[4855,7482],[73,-1],[54,45],[-54,64]],[[4928,7590],[183,-1]],[[5037,7353],[-69,-55],[36,-38],[5,-69]],[[4891,7270],[-51,105],[15,107]],[[2846,4478],[-62,3]],[[5927,1890],[8,-14]],[[5849,1797],[-1,52]],[[5245,2757],[0,25]],[[6808,4511],[0,-33]],[[6808,4478],[-57,-3]],[[6074,3589],[0,-58]],[[6375,2833],[38,-15]],[[5116,3155],[-31,0]],[[5085,3155],[-19,0]],[[6053,7595],[0,-53],[60,-108],[25,-123],[-45,-145]],[[4178,7484],[72,51],[55,114],[54,51]],[[4309,2478],[-7,30]],[[10147,922],[-29,-68]],[[10118,854],[-115,22]],[[7292,3448],[99,173]],[[7457,3612],[4,-291]],[[7278,3424],[14,24]],[[4145,5392],[48,32]],[[4145,5355],[0,37]],[[4910,4519],[-100,85]],[[10125,3803],[-85,58]],[[9902,4385],[48,26]],[[9950,4411],[3,-129]],[[9955,4192],[-179,-5],[-41,-19],[-138,-192]],[[5202,7145],[86,-136]],[[5288,7009],[-47,-61]],[[5241,6948],[-88,165]],[[5461,1338],[-213,118]],[[10836,3382],[0,8]],[[10532,3993],[-93,141],[-40,7]],[[2031,3547],[0,-86]],[[2031,3461],[-252,169]],[[3109,5856],[25,61]],[[3134,5917],[70,-37],[25,-98]],[[3125,5712],[13,127],[-29,17]],[[4009,4810],[0,-164]],[[3905,4646],[-11,92]],[[6211,7087],[-62,102]],[[8608,2641],[91,-65]],[[8537,2691],[-46,32]],[[7432,2959],[1,-47]],[[5946,5210],[96,6]],[[6043,5152],[1,-124]],[[6065,4948],[-80,122]],[[8617,7179],[-33,-30],[-63,107]],[[3744,5777],[2,144]],[[6323,1334],[-245,-1]],[[6935,1729],[-3,-110]],[[5516,3081],[8,47]],[[5524,3128],[11,72]],[[5589,3205],[-21,-58],[44,-87]],[[5612,3060],[-100,-18]],[[8966,4771],[-213,-111]],[[5527,2416],[0,114]],[[9950,4411],[-1,116]],[[4982,2208],[0,12]],[[5997,4519],[-137,0]],[[5860,4519],[0,19]],[[2541,3437],[-47,8]],[[5319,6100],[26,-41]],[[6674,3844],[-12,0]],[[6599,3843],[-58,36],[-53,-3]],[[9454,306],[-38,-58],[24,-74],[-101,-6],[-45,-36]],[[9294,132],[-106,213],[-44,58]],[[4100,3422],[3,-12]],[[5279,5553],[256,-7]],[[5594,5432],[-123,-1],[2,-84],[-47,-1]],[[2750,4389],[97,-1]],[[2847,4388],[-12,-120]],[[2706,4299],[-52,-1]],[[6470,3036],[-62,-29]],[[6408,3007],[-76,53]],[[7321,3616],[2,-72],[-31,-96]],[[6349,4578],[-70,0]],[[4835,7046],[-29,-39],[16,-65],[-36,-25]],[[3490,2713],[-95,-36]],[[5847,4000],[114,-123]],[[8640,6973],[-48,-73],[-38,0]],[[5828,2461],[3,75],[-94,-12]],[[9219,2812],[121,-13]],[[8895,2820],[96,-5]],[[9405,1306],[50,-98],[-11,-84]],[[6413,2818],[6,98]],[[4354,5241],[178,7]],[[4539,5086],[-162,119]],[[5171,6916],[70,32]],[[5336,6934],[-67,-57]],[[5269,6877],[-36,59],[-103,-111]],[[5886,4000],[-35,20]],[[5654,2824],[-1,74]],[[9597,3976],[33,-22],[182,68],[52,-6],[90,-51],[-39,-85]],[[9428,3789],[-17,154]],[[4582,3434],[86,4]],[[7651,6002],[0,-59]],[[7651,5943],[-22,-141]],[[5296,5213],[-4,79]],[[3494,2475],[-95,65]],[[11242,3417],[29,6]],[[11271,3423],[19,-105],[-57,-19],[8,-53]],[[5694,1707],[65,1]],[[5759,1708],[30,1]],[[5789,1709],[0,-104],[-33,-7]],[[7891,6608],[-62,-6]],[[7829,6602],[-80,0],[-16,-152]],[[7733,6450],[-23,-109]],[[6151,6640],[-58,-25]],[[5860,4519],[-10,-61]],[[2541,4176],[106,-1]],[[4984,1984],[0,-18]],[[5150,1881],[0,25]],[[6377,4029],[52,-26]],[[6115,7493],[4,-7]],[[8970,6484],[-19,-30],[-88,-14],[-5,-91]],[[8858,6349],[-13,-14]],[[4254,2503],[48,5]],[[5095,6123],[57,170]],[[3740,7219],[-102,-2],[-35,-54],[-81,-68],[1,-108]],[[3523,6987],[-15,-92]],[[5650,3057],[-38,3]],[[7860,1751],[-12,-50]],[[8690,2136],[98,-4],[3,-135],[74,1]],[[8865,1998],[-52,-136]],[[8739,1780],[-39,98]],[[7318,5181],[-49,-1]],[[7207,5180],[57,169]],[[5681,7096],[-15,105]],[[9392,1803],[92,-119],[173,-168]],[[9578,1301],[-44,-12],[-24,74],[-110,-25]],[[4836,3215],[5,-16]],[[3670,6589],[-30,-34],[-109,-32],[-53,37]],[[5928,3471],[19,57]],[[3911,3090],[0,14]],[[3823,3032],[49,72]],[[4489,4401],[-29,41],[6,65],[92,6],[3,-110]],[[6254,3249],[-14,-7]],[[6154,3351],[-1,10]],[[5771,5597],[44,11]],[[7290,3228],[58,44]],[[5906,6103],[16,-39]],[[6808,4478],[1,-79]],[[10118,854],[47,-42],[44,9]],[[10331,677],[-63,-24],[-9,60],[-136,32],[-88,51],[-80,8]],[[3349,5230],[-72,-80]],[[3815,7295],[104,0]],[[4306,8639],[0,48],[52,43],[54,-31],[25,95],[73,67],[110,-4]],[[7079,5177],[128,3]],[[7648,2989],[4,-46]],[[7651,2878],[-10,-87]],[[9915,3880],[38,-20]],[[10204,3060],[-112,11],[-163,118],[-85,200],[-38,46],[-132,71]],[[9118,2001],[-115,-3]],[[9003,1998],[-138,0]],[[8865,1998],[0,132]],[[8071,2762],[22,108],[68,3]],[[7613,4071],[320,167]],[[3437,4452],[-65,-12]],[[3372,4440],[7,74]],[[7710,6341],[138,-3]],[[7848,6338],[4,-226]],[[5517,5790],[40,-60]],[[5448,5599],[-136,-2],[-2,136],[-49,27]],[[8043,1328],[-25,25]],[[5364,4943],[0,146]],[[5966,4859],[71,31]],[[2094,3416],[-63,45]],[[9136,6451],[-70,-38],[-113,-15],[-95,-49]],[[3165,5995],[-31,-78]],[[3109,5856],[-44,-110]],[[2648,5119],[51,-50],[59,30]],[[6459,3357],[-39,-16]],[[5126,3125],[-41,30]],[[3523,6987],[168,11],[84,43]],[[3775,7041],[2,-89]],[[6143,2385],[109,20]],[[6316,1918],[2,-150]],[[6079,1874],[135,401],[-326,-118]],[[4891,6523],[24,-44],[-13,-100]],[[4011,7516],[50,-105]],[[4460,5471],[1,-57]],[[7848,6338],[154,-13],[113,32],[74,-16]],[[7855,5188],[-165,-192]],[[7357,5023],[0,13]],[[5034,2520],[2,-99]],[[9279,1027],[-23,-51],[5,-93]],[[9233,875],[-55,88]],[[7400,2307],[84,-12]],[[4233,5972],[139,-6]],[[5471,3196],[64,4]],[[5524,3128],[-99,-3]],[[8226,4582],[173,3]],[[10687,3720],[1,-64],[-50,-59]],[[3639,6316],[85,-68],[25,-104]],[[5878,2614],[-1,54]],[[4452,6189],[-80,-11]],[[4372,6178],[-54,5]],[[5416,6804],[-66,-65],[-81,138]],[[4145,5392],[-1,35]],[[3758,8398],[68,-1],[120,-34],[56,9],[103,57],[43,115],[106,69]],[[4476,8109],[11,-29]],[[4554,7983],[-266,59],[-228,153]],[[4060,8195],[-302,203]],[[3776,7041],[-1,0]],[[3741,3378],[30,0]],[[4902,6530],[61,-39]],[[8386,6600],[69,-3]],[[11271,3423],[137,22],[73,114]],[[11504,3586],[-29,-74],[9,-112],[-55,-11],[-71,-70],[14,-116]],[[7759,4638],[240,12],[68,-15]],[[8005,4480],[-119,93],[-47,-10]],[[4654,3696],[73,1]],[[4728,3625],[-74,35]],[[2849,7918],[125,-3],[56,107],[68,-14],[93,-61],[97,92],[76,10],[31,62],[76,72]],[[4239,3528],[-2,-58]],[[8329,3653],[42,139],[80,33]],[[5813,2740],[37,1]],[[5789,1709],[49,1]],[[8070,2996],[52,-2]],[[8071,2762],[-187,-22],[-129,24]],[[6996,2555],[36,20]],[[8560,6713],[60,47]],[[5573,5790],[39,3]],[[7976,1801],[85,-93]],[[5848,3166],[7,-59]],[[6692,1334],[-71,-11]],[[2647,4175],[7,123]],[[3002,3886],[-129,37],[-2,60]],[[1625,7726],[41,49],[230,51],[193,-60],[88,-7]],[[1649,7098],[-46,-1]],[[2547,4389],[-20,0]],[[8293,1086],[81,-81]],[[8457,810],[-51,-17],[-32,45],[-54,-51],[-35,18],[-79,-18]],[[10591,3492],[-75,-1]],[[6408,3007],[-3,-71]],[[4030,2211],[19,57]],[[4165,2054],[-47,26]],[[7651,5943],[55,-2],[42,-48]],[[4825,7589],[30,-107]],[[4855,7482],[-64,-4],[-62,30],[-33,71]],[[6178,2467],[-36,-1]],[[3372,4440],[-5,-2]],[[4372,6178],[2,-51]],[[10796,2853],[15,74]],[[5510,6656],[-35,50]],[[6198,3469],[-3,7]],[[9356,931],[-31,-68]],[[8859,327],[-57,-7]],[[9003,1998],[2,-98]],[[9294,132],[-53,31],[-61,-14]],[[6060,3346],[47,4]],[[4110,5351],[16,76]],[[436,7342],[-4,115],[-39,-2],[-127,422]],[[4636,3777],[90,0]],[[4671,2408],[1,2]],[[5171,8073],[183,-100],[75,7]],[[5796,1793],[-37,-85]],[[9151,940],[-25,-22]],[[4041,7927],[110,-6],[208,-221]],[[4011,7516],[83,12],[1,44],[-55,172],[1,183]],[[3657,5803],[-2,118]],[[8478,6337],[-24,-86]],[[8456,6176],[-11,-47]],[[10773,2786],[-58,-5],[-50,57],[-54,-61],[-80,34]],[[6948,6827],[1,188]],[[5475,6706],[-96,-62]],[[6708,1152],[-54,17],[-126,-27],[-88,47],[-131,-35],[-57,-52],[-117,2],[-146,19],[-79,-39],[-74,42]],[[5356,7072],[-80,122]],[[5089,3774],[-17,31],[-1,122]],[[4579,4563],[-2,-160]],[[8345,1152],[81,-16]],[[6332,7732],[14,38],[116,-29],[5,-70],[78,-35]],[[5319,3501],[-3,47]],[[9347,811],[-37,18]],[[7491,2669],[-87,-42]],[[4984,3777],[1,126],[-50,0]],[[4935,3903],[30,60]],[[5286,6581],[-44,-31]],[[8450,6859],[43,-52],[16,-98]],[[8615,263],[-83,71]],[[4007,2142],[-9,4]],[[4923,3903],[12,0]],[[3989,6265],[-50,-22],[-31,-62]],[[4440,1902],[-150,83]],[[4041,7927],[15,92],[4,176]],[[7733,6450],[133,-5],[18,112],[-55,45]],[[1479,3846],[-41,138]],[[10380,2730],[-4,-54],[59,-29],[142,-29],[116,-144],[28,-59],[59,-42]],[[3658,8297],[61,103],[39,-2]]],"transform":{"scale":[0.00009076468558613044,0.00007590001128540809],"translate":[-95.960733,29.498056]},"objects":{"Geometry\\48-201":{"type":"GeometryCollection","geometries":[{"arcs":[[0,1,2,3,4,5]],"type":"Polygon","properties":{"GEOID":"482013324003"}},{"arcs":[[6,7,8,9,10]],"type":"Polygon","properties":{"GEOID":"482015334013"}},{"arcs":[[11,12,13,14,15,16]],"type":"Polygon","properties":{"GEOID":"482013424002"}},{"arcs":[[17,18,19,20]],"type":"Polygon","properties":{"GEOID":"482013129012"}},{"arcs":[[21,22,23,24,25,26,27]],"type":"Polygon","properties":{"GEOID":"482013501042"}},{"arcs":[[28,29,30,31,32]],"type":"Polygon","properties":{"GEOID":"482015202003"}},{"arcs":[[33,34,35,36]],"type":"Polygon","properties":{"GEOID":"482015416041"}},{"arcs":[[37,38,39,40,41]],"type":"Polygon","properties":{"GEOID":"482015101002"}},{"arcs":[[42,43,44,45,46]],"type":"Polygon","properties":{"GEOID":"482014530021"}},{"arcs":[[47,48,49,50,51,52]],"type":"Polygon","properties":{"GEOID":"482015523012"}},{"arcs":[[53,54,55]],"type":"Polygon","properties":{"GEOID":"482013506041"}},{"arcs":[[56,57,58,59,60,61]],"type":"Polygon","properties":{"GEOID":"482015414031"}},{"arcs":[[62,63,64,65,66]],"type":"Polygon","properties":{"GEOID":"482013214022"}},{"arcs":[[67,68,69,70,71]],"type":"Polygon","properties":{"GEOID":"482012217022"}},{"arcs":[[72,73,74,75]],"type":"Polygon","properties":{"GEOID":"482015520031"}},{"arcs":[[76,77,78,79]],"type":"Polygon","properties":{"GEOID":"482012330031"}},{"arcs":[[80,81,82,83]],"type":"Polygon","properties":{"GEOID":"482015412061"}},{"arcs":[[84,85,86,87,88,89,90]],"type":"Polygon","properties":{"GEOID":"482014227012"}},{"arcs":[[91,92,93,94,95]],"type":"Polygon","properties":{"GEOID":"482013221002"}},{"arcs":[[96,97,98,99]],"type":"Polygon","properties":{"GEOID":"482013340032"}},{"arcs":[[100,101,102]],"type":"Polygon","properties":{"GEOID":"482012125002"}},{"arcs":[[103,104,105]],"type":"Polygon","properties":{"GEOID":"482015409031"}},{"arcs":[[106,107,108,109,110,111,112,113]],"type":"Polygon","properties":{"GEOID":"482013303023"}},{"arcs":[[114,115,116,117,118,119,120,121]],"type":"Polygon","properties":{"GEOID":"482013210023"}},{"arcs":[[122,123,124,125]],"type":"Polygon","properties":{"GEOID":"482012315002"}},{"arcs":[[126,127,128,129]],"type":"Polygon","properties":{"GEOID":"482012540002"}},{"arcs":[[130,131,132,133]],"type":"Polygon","properties":{"GEOID":"482014335061"}},{"arcs":[[134,135,136]],"type":"Polygon","properties":{"GEOID":"482015410071"}},{"arcs":[[137,138,139,140,141]],"type":"Polygon","properties":{"GEOID":"482014509001"}},{"arcs":[[142,143,144,145,146,147,148]],"type":"Polygon","properties":{"GEOID":"482015506031"}},{"arcs":[[149,150,151,152]],"type":"Polygon","properties":{"GEOID":"482012524002"}},{"arcs":[[153,154,155,156]],"type":"Polygon","properties":{"GEOID":"482014320032"}},{"arcs":[[157,158,159,160,161,162]],"type":"Polygon","properties":{"GEOID":"482015115022"}},{"arcs":[[163,164,165]],"type":"Polygon","properties":{"GEOID":"482014515021"}},{"arcs":[[166,167,168,169]],"type":"Polygon","properties":{"GEOID":"482012324032"}},{"arcs":[[170,171,172,173]],"type":"Polygon","properties":{"GEOID":"482012535022"}},{"arcs":[[174,175,176,177,178]],"type":"Polygon","properties":{"GEOID":"482014522021"}},{"arcs":[[179,180,181,182]],"type":"Polygon","properties":{"GEOID":"482013312001"}},{"arcs":[[183,184,185,186,187]],"type":"Polygon","properties":{"GEOID":"482012407031"}},{"arcs":[[188,189,190]],"type":"Polygon","properties":{"GEOID":"482014330052"}},{"arcs":[[191,192,193,194,195]],"type":"Polygon","properties":{"GEOID":"482013420021"}},{"arcs":[[196,197,198,199,200,201]],"type":"Polygon","properties":{"GEOID":"482012223003"}},{"arcs":[[202,203,204,205,206]],"type":"Polygon","properties":{"GEOID":"482012528003"}},{"arcs":[[207,208,209,210,211]],"type":"Polygon","properties":{"GEOID":"482013215001"}},{"arcs":[[212,213,214,215]],"type":"Polygon","properties":{"GEOID":"482014552003"}},{"arcs":[[216,217,218]],"type":"Polygon","properties":{"GEOID":"482015323022"}},{"arcs":[[219,220,221,222,223,224,225,226,227,228,229,230]],"type":"Polygon","properties":{"GEOID":"482014329013"}},{"arcs":[[231,232,233,234,235,236]],"type":"Polygon","properties":{"GEOID":"482014331002"}},{"arcs":[[237,238,239,240,241,242,243,244]],"type":"Polygon","properties":{"GEOID":"482013236013"}},{"arcs":[[245,246,247,248,249]],"type":"Polygon","properties":{"GEOID":"482014534052"}},{"arcs":[[250,251,252,253,254]],"type":"Polygon","properties":{"GEOID":"482014211042"}},{"arcs":[[255,256,257]],"type":"Polygon","properties":{"GEOID":"482013309022"}},{"arcs":[[258,259,260,261]],"type":"Polygon","properties":{"GEOID":"482012328011"}},{"arcs":[[262,263,264]],"type":"Polygon","properties":{"GEOID":"482013308024"}},{"arcs":[[265,266,267,268]],"type":"Polygon","properties":{"GEOID":"482014313032"}},{"arcs":[[269,270,271,272,273]],"type":"Polygon","properties":{"GEOID":"482015113012"}},{"arcs":[[274,275,276,277]],"type":"Polygon","properties":{"GEOID":"482013241015"}},{"arcs":[[278,279,280,281,282,283]],"type":"Polygon","properties":{"GEOID":"482012203003"}},{"arcs":[[284,285,-30,286,287]],"type":"Polygon","properties":{"GEOID":"482015203012"}},{"arcs":[[288,289,290]],"type":"Polygon","properties":{"GEOID":"482015540011"}},{"arcs":[[291,292,293,294]],"type":"Polygon","properties":{"GEOID":"482014214021"}},{"arcs":[[295,296,-239,297,298]],"type":"Polygon","properties":{"GEOID":"482013235002"}},{"arcs":[[299,300,301,302,303]],"type":"Polygon","properties":{"GEOID":"482013315021"}},{"arcs":[[304,305,306]],"type":"Polygon","properties":{"GEOID":"482012415021"}},{"arcs":[[307,308,309]],"type":"Polygon","properties":{"GEOID":"482015517033"}},{"arcs":[[310,311,312,313,314]],"type":"Polygon","properties":{"GEOID":"482014335072"}},{"arcs":[[315,316,317,318]],"type":"Polygon","properties":{"GEOID":"482015553052"}},{"arcs":[[319,320,321,322,323,324,325]],"type":"Polygon","properties":{"GEOID":"482012327032"}},{"arcs":[[326,327,328]],"type":"Polygon","properties":{"GEOID":"482013213012"}},{"arcs":[[329,330,331,332]],"type":"Polygon","properties":{"GEOID":"482015422012"}},{"arcs":[[333,334,335,336,337,338]],"type":"Polygon","properties":{"GEOID":"482019803001"}},{"arcs":[[339,340,341,342]],"type":"Polygon","properties":{"GEOID":"482012331041"}},{"arcs":[[343,344,345,346,347,348,349]],"type":"Polygon","properties":{"GEOID":"482015410041"}},{"arcs":[[350,351,352,353,354]],"type":"Polygon","properties":{"GEOID":"482015419022"}},{"arcs":[[355,356]],"type":"Polygon","properties":{"GEOID":"482014319012"}},{"arcs":[[357,358,-43,359]],"type":"Polygon","properties":{"GEOID":"482014530022"}},{"arcs":[[360,361,362,363,364,365]],"type":"Polygon","properties":{"GEOID":"482013306002"}},{"arcs":[[366,367,368,369,370,371]],"type":"Polygon","properties":{"GEOID":"482015341011"}},{"arcs":[[372,373,374,375,376]],"type":"Polygon","properties":{"GEOID":"482015410082"}},{"arcs":[[377,378,379,380,381,382,383,384]],"type":"Polygon","properties":{"GEOID":"482013120001"}},{"arcs":[[385,386,387,388]],"type":"Polygon","properties":{"GEOID":"482012409044"}},{"arcs":[[389,390,391]],"type":"Polygon","properties":{"GEOID":"482013118001"}},{"arcs":[[392,393,394]],"type":"Polygon","properties":{"GEOID":"482015340022"}},{"arcs":[[395,396,397,-24,398]],"type":"Polygon","properties":{"GEOID":"482013339062"}},{"arcs":[[399,400,401]],"type":"Polygon","properties":{"GEOID":"482013125021"}},{"arcs":[[402,403,404,405,-128]],"type":"Polygon","properties":{"GEOID":"482012540001"}},{"arcs":[[406,407,408]],"type":"Polygon","properties":{"GEOID":"482014511003"}},{"arcs":[[409,410,-397]],"type":"Polygon","properties":{"GEOID":"482013339042"}},{"arcs":[[-313,411,412,413,-131,414]],"type":"Polygon","properties":{"GEOID":"482014335062"}},{"arcs":[[415,416,417,418,419,420]],"type":"Polygon","properties":{"GEOID":"482015110032"}},{"arcs":[[421,422,423,424,425]],"type":"Polygon","properties":{"GEOID":"482014510033"}},{"arcs":[[426,427,428,429,430,431,432]],"type":"Polygon","properties":{"GEOID":"482013407012"}},{"arcs":[[433,434,435,436]],"type":"Polygon","properties":{"GEOID":"482015320043"}},{"arcs":[[437,438,439,440,441,442,443]],"type":"Polygon","properties":{"GEOID":"482014108021"}},{"arcs":[[444,445,446,447,448]],"type":"Polygon","properties":{"GEOID":"482012517012"}},{"arcs":[[449,450,451]],"type":"Polygon","properties":{"GEOID":"482014223032"}},{"arcs":[[452,453,454,455,456]],"type":"Polygon","properties":{"GEOID":"482013316043"}},{"arcs":[[457,-53,458,459,460]],"type":"Polygon","properties":{"GEOID":"482015523011"}},{"arcs":[[461,462,463]],"type":"Polygon","properties":{"GEOID":"482013415011"}},{"arcs":[[464,465,466,467,-89]],"type":"Polygon","properties":{"GEOID":"482014216011"}},{"arcs":[[468,469,470,471]],"type":"Polygon","properties":{"GEOID":"482014534051"}},{"arcs":[[472,473,474,475,476,477,478]],"type":"Polygon","properties":{"GEOID":"482015540022"}},{"arcs":[[479,480,481,482,483,484]],"type":"Polygon","properties":{"GEOID":"482014216022"}},{"arcs":[[485,486,487,488,489,490,491]],"type":"Polygon","properties":{"GEOID":"482013423002"}},{"arcs":[[492,493,494,495]],"type":"Polygon","properties":{"GEOID":"482014535013"}},{"arcs":[[496,497,498,499,500]],"type":"Polygon","properties":{"GEOID":"482014133012"}},{"arcs":[[501,502,503,504,505]],"type":"Polygon","properties":{"GEOID":"482014330061"}},{"arcs":[[506,507,508,509]],"type":"Polygon","properties":{"GEOID":"482014506001"}},{"arcs":[[510,511,512,-145]],"type":"Polygon","properties":{"GEOID":"482015506022"}},{"arcs":[[513,514,515,516]],"type":"Polygon","properties":{"GEOID":"482014315051"}},{"arcs":[[517,518,519,520]],"type":"Polygon","properties":{"GEOID":"482015423022"}},{"arcs":[[521,522,523,524]],"type":"Polygon","properties":{"GEOID":"482014547001"}},{"arcs":[[525,526,527,528]],"type":"Polygon","properties":{"GEOID":"482014133023"}},{"arcs":[[529,530,531,532,533]],"type":"Polygon","properties":{"GEOID":"482015531021"}},{"arcs":[[534,535,536,537]],"type":"Polygon","properties":{"GEOID":"482015533001"}},{"arcs":[[538,539,540,541,542]],"type":"Polygon","properties":{"GEOID":"482014233043"}},{"arcs":[[543,544,545,546]],"type":"Polygon","properties":{"GEOID":"482012224023"}},{"arcs":[[547,548]],"type":"Polygon","properties":{"GEOID":"482014336012"}},{"arcs":[[549,550,551,552,553]],"type":"Polygon","properties":{"GEOID":"482015421062"}},{"arcs":[[-277,554,555,-93]],"type":"Polygon","properties":{"GEOID":"482013221001"}},{"arcs":[[556,557,558,559,560]],"type":"Polygon","properties":{"GEOID":"482014123005"}},{"arcs":[[561,562,563,564,565,566,567]],"type":"Polygon","properties":{"GEOID":"482015215022"}},{"arcs":[[-136,568,569,570,571]],"type":"Polygon","properties":{"GEOID":"482015410072"}},{"arcs":[[572,573,574,575,576]],"type":"Polygon","properties":{"GEOID":"482014322003"}},{"arcs":[[577,578,579,580,581]],"type":"Polygon","properties":{"GEOID":"482012411042"}},{"arcs":[[582,583,584,585,586]],"type":"Polygon","properties":{"GEOID":"482015557032"}},{"arcs":[[587,588,589,590,591,592]],"type":"Polygon","properties":{"GEOID":"482012309003"}},{"arcs":[[593,594,595,596,597,598]],"type":"Polygon","properties":{"GEOID":"482013144011"}},{"arcs":[[599,600,-97,601,602,603]],"type":"Polygon","properties":{"GEOID":"482013340011"}},{"arcs":[[604,605,606,607,608,609]],"type":"Polygon","properties":{"GEOID":"482012107001"}},{"arcs":[[610,611,612,613,614,615,616,617,618,-555]],"type":"Polygon","properties":{"GEOID":"482013230004"}},{"arcs":[[619,620,621]],"type":"Polygon","properties":{"GEOID":"482014224052"}},{"arcs":[[622,623,624,625,626]],"type":"Polygon","properties":{"GEOID":"482014115031"}},{"arcs":[[627,628,629,630,631]],"type":"Polygon","properties":{"GEOID":"482015204002"}},{"arcs":[[632,633]],"type":"Polygon","properties":{"GEOID":"482015417031"}},{"arcs":[[634,635,636,637]],"type":"Polygon","properties":{"GEOID":"482015103021"}},{"arcs":[[638,639,640,641,642,643]],"type":"Polygon","properties":{"GEOID":"482013113003"}},{"arcs":[[644,645,646,647]],"type":"Polygon","properties":{"GEOID":"482015503052"}},{"arcs":[[648,649,650,651]],"type":"Polygon","properties":{"GEOID":"482012538001"}},{"arcs":[[652,653,654,655,656,657]],"type":"Polygon","properties":{"GEOID":"482014328061"}},{"arcs":[[658,659,660,661]],"type":"Polygon","properties":{"GEOID":"482012523031"}},{"arcs":[[662,663,664,665,-209,666]],"type":"Polygon","properties":{"GEOID":"482013216004"}},{"arcs":[[667,668,669,670,671]],"type":"Polygon","properties":{"GEOID":"482013138021"}},{"arcs":[[672,673,674]],"type":"Polygon","properties":{"GEOID":"482013407022"}},{"arcs":[[675,676,677,678,679,680]],"type":"Polygon","properties":{"GEOID":"482015552003"}},{"arcs":[[681,682,683,684,685]],"type":"Polygon","properties":{"GEOID":"482015544082"}},{"arcs":[[686,687,688,689]],"type":"Polygon","properties":{"GEOID":"482015414011"}},{"arcs":[[690,691,692,693,694]],"type":"Polygon","properties":{"GEOID":"482015417022"}},{"arcs":[[695,696,697,698,699,700]],"type":"Polygon","properties":{"GEOID":"482013404001"}},{"arcs":[[701,702,703,704,-185]],"type":"Polygon","properties":{"GEOID":"482012407032"}},{"arcs":[[705,706,707,708,709,710]],"type":"Polygon","properties":{"GEOID":"482012501011"}},{"arcs":[[711,712,713]],"type":"Polygon","properties":{"GEOID":"482012408041"}},{"arcs":[[714,715,716,717,718,719,720,721]],"type":"Polygon","properties":{"GEOID":"482012518001"}},{"arcs":[[722,723,724,725]],"type":"Polygon","properties":{"GEOID":"482015420031"}},{"arcs":[[726,727,728,729]],"type":"Polygon","properties":{"GEOID":"482012405043"}},{"arcs":[[730,731,732]],"type":"Polygon","properties":{"GEOID":"482013237013"}},{"arcs":[[733,734,735]],"type":"Polygon","properties":{"GEOID":"482014201001"}},{"arcs":[[736,737,738,739,740]],"type":"Polygon","properties":{"GEOID":"482013125011"}},{"arcs":[[741,742,743,744]],"type":"Polygon","properties":{"GEOID":"482015311002"}},{"arcs":[[-140,745,746,747,748]],"type":"Polygon","properties":{"GEOID":"482014522032"}},{"arcs":[[749,750,751,752]],"type":"Polygon","properties":{"GEOID":"482014324013"}},{"arcs":[[753,754,755]],"type":"Polygon","properties":{"GEOID":"482014101012"}},{"arcs":[[756,757,758,759,760]],"type":"Polygon","properties":{"GEOID":"482015107011"}},{"arcs":[[761,762,763,764,765,766,767,-499]],"type":"Polygon","properties":{"GEOID":"482013143022"}},{"arcs":[[768,769,-675,770,771,772]],"type":"Polygon","properties":{"GEOID":"482013408001"}},{"arcs":[[773,774,775]],"type":"Polygon","properties":{"GEOID":"482013126022"}},{"arcs":[[776,777,778,779]],"type":"Polygon","properties":{"GEOID":"482014546004"}},{"arcs":[[780,781,782]],"type":"Polygon","properties":{"GEOID":"482013332012"}},{"arcs":[[-586,783,784]],"type":"Polygon","properties":{"GEOID":"482015557034"}},{"arcs":[[785,786,787,788,789,790,791,792,793]],"type":"Polygon","properties":{"GEOID":"482012322012"}},{"arcs":[[794,795,796,797,798]],"type":"Polygon","properties":{"GEOID":"482015526032"}},{"arcs":[[799,-737,800]],"type":"Polygon","properties":{"GEOID":"482013125012"}},{"arcs":[[801,802,803,804,805]],"type":"Polygon","properties":{"GEOID":"482014205001"}},{"arcs":[[806,807,808,809,810,811]],"type":"Polygon","properties":{"GEOID":"482013338012"}},{"arcs":[[812,813,814,815,816,817]],"type":"Polygon","properties":{"GEOID":"482014127001"}},{"arcs":[[818,819,820,821,822,823]],"type":"Polygon","properties":{"GEOID":"482014202002"}},{"arcs":[[824,825,826]],"type":"Polygon","properties":{"GEOID":"482012230012"}},{"arcs":[[827,828,829,830,831,-18,832,833]],"type":"Polygon","properties":{"GEOID":"482013128002"}},{"arcs":[[834,835,836,837,838,839]],"type":"Polygon","properties":{"GEOID":"482014537021"}},{"arcs":[[-571,840,841,842,843]],"type":"Polygon","properties":{"GEOID":"482015412072"}},{"arcs":[[-804,844,845,846,847,848]],"type":"Polygon","properties":{"GEOID":"482013303013"}},{"arcs":[[849,850,851,852,853]],"type":"Polygon","properties":{"GEOID":"482012332003"}},{"arcs":[[854,855,856,857,858,859]],"type":"Polygon","properties":{"GEOID":"482015304002"}},{"arcs":[[860,861,862,863,864,865,866]],"type":"Polygon","properties":{"GEOID":"482013421001"}},{"arcs":[[867,868,-688,869]],"type":"Polygon","properties":{"GEOID":"482015405032"}},{"arcs":[[870,871,872,873,874]],"type":"Polygon","properties":{"GEOID":"482015548053"}},{"arcs":[[875,876,-106,877,878,879]],"type":"Polygon","properties":{"GEOID":"482015409032"}},{"arcs":[[880,-654,881]],"type":"Polygon","properties":{"GEOID":"482014328041"}},{"arcs":[[882,883,884]],"type":"Polygon","properties":{"GEOID":"482013333011"}},{"arcs":[[885,886,887]],"type":"Polygon","properties":{"GEOID":"482013135002"}},{"arcs":[[888,-616]],"type":"Polygon","properties":{"GEOID":"482013230003"}},{"arcs":[[889,890,891,892]],"type":"Polygon","properties":{"GEOID":"482014307002"}},{"arcs":[[893,894,895,896,897]],"type":"Polygon","properties":{"GEOID":"482012502013"}},{"arcs":[[898,-483,899,900,901,902]],"type":"Polygon","properties":{"GEOID":"482014209003"}},{"arcs":[[903,904,-787,905,906]],"type":"Polygon","properties":{"GEOID":"482012227011"}},{"arcs":[[907,908,909,910,911,912]],"type":"Polygon","properties":{"GEOID":"482012213022"}},{"arcs":[[913,914,915,916,917]],"type":"Polygon","properties":{"GEOID":"482012334001"}},{"arcs":[[918,919,920]],"type":"Polygon","properties":{"GEOID":"482012404001"}},{"arcs":[[-838,921,922,923,924]],"type":"Polygon","properties":{"GEOID":"482014535022"}},{"arcs":[[925,926,927,928,929,930,931]],"type":"Polygon","properties":{"GEOID":"482013124001"}},{"arcs":[[932,-323]],"type":"Polygon","properties":{"GEOID":"482012327031"}},{"arcs":[[933,934,935,936]],"type":"Polygon","properties":{"GEOID":"482014334004"}},{"arcs":[[-236,937,938,-311,939]],"type":"Polygon","properties":{"GEOID":"482014335032"}},{"arcs":[[940,941,942,943,944]],"type":"Polygon","properties":{"GEOID":"482012407063"}},{"arcs":[[945,946,947,948,949,950,951]],"type":"Polygon","properties":{"GEOID":"482015324001"}},{"arcs":[[-587,-785,952,953,954]],"type":"Polygon","properties":{"GEOID":"482015557042"}},{"arcs":[[955,956,-567,957,958,959]],"type":"Polygon","properties":{"GEOID":"482015215012"}},{"arcs":[[960,961,962,963,964]],"type":"Polygon","properties":{"GEOID":"482013322001"}},{"arcs":[[965,966,967,968,969]],"type":"Polygon","properties":{"GEOID":"482015430075"}},{"arcs":[[970,-940,971,972,973]],"type":"Polygon","properties":{"GEOID":"482014532012"}},{"arcs":[[974,975,976,977,978,979]],"type":"Polygon","properties":{"GEOID":"482013324001"}},{"arcs":[[-847,980,981,982,983]],"type":"Polygon","properties":{"GEOID":"482013302002"}},{"arcs":[[984,985,-402,986,987,988]],"type":"Polygon","properties":{"GEOID":"482014107061"}},{"arcs":[[989,990,991,992]],"type":"Polygon","properties":{"GEOID":"482014236001"}},{"arcs":[[993,994,995,996,997]],"type":"Polygon","properties":{"GEOID":"482012405041"}},{"arcs":[[998,999,1000,1001,1002,1003,1004,1005]],"type":"Polygon","properties":{"GEOID":"482013212001"}},{"arcs":[[1006,1007,-758]],"type":"Polygon","properties":{"GEOID":"482015107012"}},{"arcs":[[1008,1009,1010,1011,1012,1013]],"type":"Polygon","properties":{"GEOID":"482014217003"}},{"arcs":[[1014,1015,1016,1017]],"type":"Polygon","properties":{"GEOID":"482014508041"}},{"arcs":[[1018,1019,1020,-925,1021,1022,1023]],"type":"Polygon","properties":{"GEOID":"482014538001"}},{"arcs":[[1024,1025,1026,1027,1028,1029,1030]],"type":"Polygon","properties":{"GEOID":"482014503023"}},{"arcs":[[1031,1032,1033,1034]],"type":"Polygon","properties":{"GEOID":"482013207002"}},{"arcs":[[1035,1036,1037]],"type":"Polygon","properties":{"GEOID":"482013211011"}},{"arcs":[[1038,1039,1040,1041]],"type":"Polygon","properties":{"GEOID":"482015527023"}},{"arcs":[[1042,1043,1044,1045,1046]],"type":"Polygon","properties":{"GEOID":"482014543043"}},{"arcs":[[1047,1048,1049,1050,1051]],"type":"Polygon","properties":{"GEOID":"482015222021"}},{"arcs":[[1052,1053,1054,1055,1056]],"type":"Polygon","properties":{"GEOID":"482014547003"}},{"arcs":[[1057,1058,1059]],"type":"Polygon","properties":{"GEOID":"482013217001"}},{"arcs":[[1060,1061,1062]],"type":"Polygon","properties":{"GEOID":"482015531012"}},{"arcs":[[1063,1064,1065,1066,1067,-948]],"type":"Polygon","properties":{"GEOID":"482015327002"}},{"arcs":[[1068,1069,1070,1071,1072,1073,1074]],"type":"Polygon","properties":{"GEOID":"482014222005"}},{"arcs":[[-1073,1075,1076,1077]],"type":"Polygon","properties":{"GEOID":"482013303031"}},{"arcs":[[1078,1079,1080,1081,1082,1083,1084]],"type":"Polygon","properties":{"GEOID":"482012512001"}},{"arcs":[[1085,1086,1087,1088,1089,1090]],"type":"Polygon","properties":{"GEOID":"482014551031"}},{"arcs":[[1091,1092,1093,1094]],"type":"Polygon","properties":{"GEOID":"482013425002"}},{"arcs":[[1095,1096,1097,1098]],"type":"Polygon","properties":{"GEOID":"482013508014"}},{"arcs":[[1099,1100,1101,1102,1103,1104,1105]],"type":"Polygon","properties":{"GEOID":"482014533002"}},{"arcs":[[-752,1106,1107,1108]],"type":"Polygon","properties":{"GEOID":"482014324011"}},{"arcs":[[1109,1110,1111,1112]],"type":"Polygon","properties":{"GEOID":"482012333003"}},{"arcs":[[1113,1114,-420,1115,1116,1117,1118,1119,1120,1121,1122]],"type":"Polygon","properties":{"GEOID":"482015109022"}},{"arcs":[[1123,1124,1125,1126]],"type":"Polygon","properties":{"GEOID":"482013437001"}},{"arcs":[[1127,1128,-706,1129,1130,-305,1131,1132]],"type":"Polygon","properties":{"GEOID":"482012415011"}},{"arcs":[[1133,1134,1135,1136,1137,1138]],"type":"Polygon","properties":{"GEOID":"482014115071"}},{"arcs":[[1139,1140,1141,1142,1143]],"type":"Polygon","properties":{"GEOID":"482014224041"}},{"arcs":[[1144,1145,1146,-454]],"type":"Polygon","properties":{"GEOID":"482013316022"}},{"arcs":[[1147,1148,1149,1150]],"type":"Polygon","properties":{"GEOID":"482015509011"}},{"arcs":[[1151,1152,1153,1154,1155]],"type":"Polygon","properties":{"GEOID":"482014327031"}},{"arcs":[[1156,1157,1158,1159]],"type":"Polygon","properties":{"GEOID":"482012415012"}},{"arcs":[[1160,1161,1162,1163,1164,1165,1166,1167,1168,1169]],"type":"Polygon","properties":{"GEOID":"482012532021"}},{"arcs":[[1170,1171,1172,1173]],"type":"Polygon","properties":{"GEOID":"482013228002"}},{"arcs":[[1174,1175,1176,1177]],"type":"Polygon","properties":{"GEOID":"482015219003"}},{"arcs":[[1178,1179,-1119]],"type":"Polygon","properties":{"GEOID":"482015109012"}},{"arcs":[[-119,1180,1181]],"type":"Polygon","properties":{"GEOID":"482013210011"}},{"arcs":[[1182,1183,1184,1185]],"type":"Polygon","properties":{"GEOID":"482012204003"}},{"arcs":[[1186,1187,1188,1189]],"type":"Polygon","properties":{"GEOID":"482014519032"}},{"arcs":[[1190,1191,1192,1193,1194]],"type":"Polygon","properties":{"GEOID":"482015322002"}},{"arcs":[[1195,1196,-1070,1197,1198]],"type":"Polygon","properties":{"GEOID":"482014223041"}},{"arcs":[[1199,1200,1201,1202]],"type":"Polygon","properties":{"GEOID":"482014130002"}},{"arcs":[[-36,1203,1204,1205]],"type":"Polygon","properties":{"GEOID":"482015416042"}},{"arcs":[[1206,1207,1208,1209]],"type":"Polygon","properties":{"GEOID":"482015534041"}},{"arcs":[[1210,1211]],"type":"Polygon","properties":{"GEOID":"482013437002"}},{"arcs":[[1212,1213,1214,1215]],"type":"Polygon","properties":{"GEOID":"482013328001"}},{"arcs":[[1216,1217,1218,1219,1220,1221]],"type":"Polygon","properties":{"GEOID":"482015206011"}},{"arcs":[[1222,1223,1224,1225]],"type":"Polygon","properties":{"GEOID":"482012207013"}},{"arcs":[[1226,1227,-240,-297,1228]],"type":"Polygon","properties":{"GEOID":"482013234002"}},{"arcs":[[1229,1230,1231,1232]],"type":"Polygon","properties":{"GEOID":"482015421072"}},{"arcs":[[1233,1234,1235,1236,1237]],"type":"Polygon","properties":{"GEOID":"482015320044"}},{"arcs":[[1238,1239,1240,1241,-670]],"type":"Polygon","properties":{"GEOID":"482013138011"}},{"arcs":[[1242,1243,1244,1245,1246]],"type":"Polygon","properties":{"GEOID":"482013109005"}},{"arcs":[[1247,1248,1249,1250,1251,1252,1253]],"type":"Polygon","properties":{"GEOID":"482015505004"}},{"arcs":[[1254,1255,1256,1257,1258,1259,1260,1261]],"type":"Polygon","properties":{"GEOID":"482015224023"}},{"arcs":[[1262,1263,1264,1265]],"type":"Polygon","properties":{"GEOID":"482014224061"}},{"arcs":[[1266,1267,1268,-870,-687,1269,1270]],"type":"Polygon","properties":{"GEOID":"482015414042"}},{"arcs":[[1271,-972,-315,1272,1273,1274,1275]],"type":"Polygon","properties":{"GEOID":"482014532021"}},{"arcs":[[1276,1277,-993,1278,1279,1280]],"type":"Polygon","properties":{"GEOID":"482014235001"}},{"arcs":[[1281,1282,1283,1284,1285,1286]],"type":"Polygon","properties":{"GEOID":"482015342041"}},{"arcs":[[1287,1288,-888,1289,1290,1291]],"type":"Polygon","properties":{"GEOID":"482013136002"}},{"arcs":[[1292,1293,1294,1295]],"type":"Polygon","properties":{"GEOID":"482014225012"}},{"arcs":[[1296,1297,1298,1299,1300]],"type":"Polygon","properties":{"GEOID":"482013332051"}},{"arcs":[[1301,1302,1303,1304,1305,1306]],"type":"Polygon","properties":{"GEOID":"482012536012"}},{"arcs":[[1307,1308,1309,1310,1311]],"type":"Polygon","properties":{"GEOID":"482014516061"}},{"arcs":[[1312,1313,1314,1315,1316,1317]],"type":"Polygon","properties":{"GEOID":"482012504033"}},{"arcs":[[1318,1319,-355,1320,1321]],"type":"Polygon","properties":{"GEOID":"482015420012"}},{"arcs":[[1322,1323,1324,1325,1326,1327,1328,1329]],"type":"Polygon","properties":{"GEOID":"482015514004"}},{"arcs":[[1330,1331,1332,1333,1334]],"type":"Polygon","properties":{"GEOID":"482015503033"}},{"arcs":[[1335,1336,1337,1338,1339]],"type":"Polygon","properties":{"GEOID":"482015551011"}},{"arcs":[[1340,1341,1342,1343]],"type":"Polygon","properties":{"GEOID":"482015301012"}},{"arcs":[[1344,-1020,1345]],"type":"Polygon","properties":{"GEOID":"482014539021"}},{"arcs":[[1346,1347,1348,1349,1350,1351]],"type":"Polygon","properties":{"GEOID":"482015430081"}},{"arcs":[[1352,1353,1354,1355,1356,1357]],"type":"Polygon","properties":{"GEOID":"482015211002"}},{"arcs":[[1358,1359,1360,1361,1362]],"type":"Polygon","properties":{"GEOID":"482015221021"}},{"arcs":[[1363,1364,1365,1366,1367]],"type":"Polygon","properties":{"GEOID":"482013202011"}},{"arcs":[[1368,1369,1370,1371,1372,1373]],"type":"Polygon","properties":{"GEOID":"482014301022"}},{"arcs":[[-912,1374,1375,1376]],"type":"Polygon","properties":{"GEOID":"482012213023"}},{"arcs":[[1377,1378,1379,1380]],"type":"Polygon","properties":{"GEOID":"482013115012"}},{"arcs":[[1381,1382,1383,1384]],"type":"Polygon","properties":{"GEOID":"482013131012"}},{"arcs":[[1385,-83,1386,1387,1388,1389,1390,1391]],"type":"Polygon","properties":{"GEOID":"482015413023"}},{"arcs":[[1392,1393,-1297,1394]],"type":"Polygon","properties":{"GEOID":"482013332052"}},{"arcs":[[-1182,1395,1396,-120]],"type":"Polygon","properties":{"GEOID":"482013210012"}},{"arcs":[[1397,1398,1399,1400]],"type":"Polygon","properties":{"GEOID":"482015532023"}},{"arcs":[[-625,1401,1402,-558,1403,1404]],"type":"Polygon","properties":{"GEOID":"482014118022"}},{"arcs":[[1405,1406,1407,1408]],"type":"Polygon","properties":{"GEOID":"482015313004"}},{"arcs":[[1409,-730,1410,-994,1411,1412]],"type":"Polygon","properties":{"GEOID":"482012405042"}},{"arcs":[[1413,1414,1415,1416,1417,1418]],"type":"Polygon","properties":{"GEOID":"482015549072"}},{"arcs":[[1419,-1348,1420]],"type":"Polygon","properties":{"GEOID":"482015430082"}},{"arcs":[[1421,1422,1423,1424]],"type":"Polygon","properties":{"GEOID":"482012522012"}},{"arcs":[[1425,1426,1427,1428,1429]],"type":"Polygon","properties":{"GEOID":"482015333012"}},{"arcs":[[-338,1430,1431,1432]],"type":"Polygon","properties":{"GEOID":"482014122012"}},{"arcs":[[-1241,1433,1434,1435]],"type":"Polygon","properties":{"GEOID":"482013138012"}},{"arcs":[[1436,1437,1438,1439,1440,1441]],"type":"Polygon","properties":{"GEOID":"482015112022"}},{"arcs":[[1442,1443,1444,1445,1446,1447]],"type":"Polygon","properties":{"GEOID":"482014327062"}},{"arcs":[[1448,1449,1450,1451,1452]],"type":"Polygon","properties":{"GEOID":"482013234005"}},{"arcs":[[1453,-707,1454]],"type":"Polygon","properties":{"GEOID":"482012506011"}},{"arcs":[[-218,1455,1456,1457,1458,1459,1460,1461]],"type":"Polygon","properties":{"GEOID":"482015323021"}},{"arcs":[[1462,1463,1464,1465,1466]],"type":"Polygon","properties":{"GEOID":"482014513014"}},{"arcs":[[1467,1468,1469,1470]],"type":"Polygon","properties":{"GEOID":"482015223023"}},{"arcs":[[1471,-893,1472,1473,1474,1475]],"type":"Polygon","properties":{"GEOID":"482014308003"}},{"arcs":[[1476,-538,1477,1478]],"type":"Polygon","properties":{"GEOID":"482015533003"}},{"arcs":[[1479,1480,1481,1482,1483,1484]],"type":"Polygon","properties":{"GEOID":"482015223013"}},{"arcs":[[-1479,1485,-1398,1486]],"type":"Polygon","properties":{"GEOID":"482015532021"}},{"arcs":[[1487,1488,1489,1490,-935,1491]],"type":"Polygon","properties":{"GEOID":"482014332023"}},{"arcs":[[-156,1492,1493,1494,1495,1496]],"type":"Polygon","properties":{"GEOID":"482014320031"}},{"arcs":[[1497,1498,-655]],"type":"Polygon","properties":{"GEOID":"482014328062"}},{"arcs":[[-939,1499,1500,-412,-312]],"type":"Polygon","properties":{"GEOID":"482014335052"}},{"arcs":[[1501,1502,1503,1504,-1087,1505,1506]],"type":"Polygon","properties":{"GEOID":"482014551041"}},{"arcs":[[1507,1508,-222,1509]],"type":"Polygon","properties":{"GEOID":"482014325022"}},{"arcs":[[1510,1511,1512,1513,1514,1515,1516,1517]],"type":"Polygon","properties":{"GEOID":"482014330072"}},{"arcs":[[1518,1519,1520,1521,-575]],"type":"Polygon","properties":{"GEOID":"482014322004"}},{"arcs":[[1522,1523,1524]],"type":"Polygon","properties":{"GEOID":"482014531002"}},{"arcs":[[1525,1526,1527]],"type":"Polygon","properties":{"GEOID":"482014524021"}},{"arcs":[[1528,1529,1530,1531]],"type":"Polygon","properties":{"GEOID":"482014503011"}},{"arcs":[[1532,1533,1534,1535]],"type":"Polygon","properties":{"GEOID":"482014506004"}},{"arcs":[[1536,1537,1538,1539,1540,1541]],"type":"Polygon","properties":{"GEOID":"482014335043"}},{"arcs":[[1542,1543,1544,1545]],"type":"Polygon","properties":{"GEOID":"482014325011"}},{"arcs":[[-748,1546,1547]],"type":"Polygon","properties":{"GEOID":"482014522041"}},{"arcs":[[1548,1549,-179,1550,1551]],"type":"Polygon","properties":{"GEOID":"482014522023"}},{"arcs":[[1552,1553,1554]],"type":"Polygon","properties":{"GEOID":"482014525011"}},{"arcs":[[1555,1556,-1029,1557,1558]],"type":"Polygon","properties":{"GEOID":"482014504012"}},{"arcs":[[1559,1560,1561,1562,1563]],"type":"Polygon","properties":{"GEOID":"482014525021"}},{"arcs":[[1564,1565,-1044,1566]],"type":"Polygon","properties":{"GEOID":"482014543042"}},{"arcs":[[1567,1568,1569,1570]],"type":"Polygon","properties":{"GEOID":"482014323013"}},{"arcs":[[1571,1572,1573]],"type":"Polygon","properties":{"GEOID":"482014510041"}},{"arcs":[[1574,1575,1576]],"type":"Polygon","properties":{"GEOID":"482014543051"}},{"arcs":[[-698,1577,1578]],"type":"Polygon","properties":{"GEOID":"482013405012"}},{"arcs":[[1579,1580,1581,1582,-1016]],"type":"Polygon","properties":{"GEOID":"482014310021"}},{"arcs":[[1583,1584,1585,1586,1587]],"type":"Polygon","properties":{"GEOID":"482014508033"}},{"arcs":[[-529,-820,1588]],"type":"Polygon","properties":{"GEOID":"482014129021"}},{"arcs":[[-766,1589,1590,1591]],"type":"Polygon","properties":{"GEOID":"482013143012"}},{"arcs":[[1592,1593,1594,1595]],"type":"Polygon","properties":{"GEOID":"482013428012"}},{"arcs":[[1596,1597,1598,1599,1600,1601]],"type":"Polygon","properties":{"GEOID":"482013238023"}},{"arcs":[[1602,1603,1604,-153,1605,1606]],"type":"Polygon","properties":{"GEOID":"482012523041"}},{"arcs":[[1607,-10,1608,1609,1610,-1430,1611,1612]],"type":"Polygon","properties":{"GEOID":"482015334021"}},{"arcs":[[1613,1614,1615,1616,1617,1618,1619]],"type":"Polygon","properties":{"GEOID":"482012227022"}},{"arcs":[[1620,1621,1622,1623,1624,1625]],"type":"Polygon","properties":{"GEOID":"482012504052"}},{"arcs":[[1626,1627,1628,1629,1630]],"type":"Polygon","properties":{"GEOID":"482015115024"}},{"arcs":[[1631,1632,-791]],"type":"Polygon","properties":{"GEOID":"482012322021"}},{"arcs":[[1633,1634,-340,1635]],"type":"Polygon","properties":{"GEOID":"482012331042"}},{"arcs":[[1636,1637,1638,1639,1640]],"type":"Polygon","properties":{"GEOID":"482012323031"}},{"arcs":[[1641,1642,1643,-1006,1644,1645,-327]],"type":"Polygon","properties":{"GEOID":"482013213021"}},{"arcs":[[1646,1647,1648,1649]],"type":"Polygon","properties":{"GEOID":"482013508033"}},{"arcs":[[1650,1651,1652]],"type":"Polygon","properties":{"GEOID":"482015326004"}},{"arcs":[[1653,1654,1655,1656]],"type":"Polygon","properties":{"GEOID":"482012225052"}},{"arcs":[[1657,1658,1659,-518,1660]],"type":"Polygon","properties":{"GEOID":"482015423052"}},{"arcs":[[1661,1662,1663]],"type":"Polygon","properties":{"GEOID":"482013307002"}},{"arcs":[[1664,1665,1666,1667,-480,1668,1669]],"type":"Polygon","properties":{"GEOID":"482014215011"}},{"arcs":[[1670,1671,1672,1673,-1141,1674]],"type":"Polygon","properties":{"GEOID":"482014224032"}},{"arcs":[[1675,-1265,-1144,-1196,1676]],"type":"Polygon","properties":{"GEOID":"482014224042"}},{"arcs":[[1677,1678,1679,1680,1681,1682]],"type":"Polygon","properties":{"GEOID":"482014122022"}},{"arcs":[[1683,1684,-633,1685]],"type":"Polygon","properties":{"GEOID":"482015417032"}},{"arcs":[[1686,1687,-37,-1206,1688,1689,1690,1691,1692]],"type":"Polygon","properties":{"GEOID":"482015416043"}},{"arcs":[[1693,1694,1695,1696]],"type":"Polygon","properties":{"GEOID":"482015416033"}},{"arcs":[[1697,1698,-1014,1699,1700]],"type":"Polygon","properties":{"GEOID":"482014226012"}},{"arcs":[[-442,1701,1702,1703,1704]],"type":"Polygon","properties":{"GEOID":"482014108012"}},{"arcs":[[1705,-520,1706,1707,1708,1709]],"type":"Polygon","properties":{"GEOID":"482015429012"}},{"arcs":[[1710,-1433,-1678,1711]],"type":"Polygon","properties":{"GEOID":"482014122023"}},{"arcs":[[1712,1713]],"type":"Polygon","properties":{"GEOID":"482015420021"}},{"arcs":[[1714,1715,1716,1717]],"type":"Polygon","properties":{"GEOID":"482013301011"}},{"arcs":[[1718,1719,1720,-57,1721]],"type":"Polygon","properties":{"GEOID":"482015414043"}},{"arcs":[[-1280,1722,1723,1724]],"type":"Polygon","properties":{"GEOID":"482014401022"}},{"arcs":[[1725,1726,1727,1728]],"type":"Polygon","properties":{"GEOID":"482014218011"}},{"arcs":[[1729,1730,1731,1732]],"type":"Polygon","properties":{"GEOID":"482014232032"}},{"arcs":[[1733,1734,1735,1736,-1666,1737,1738]],"type":"Polygon","properties":{"GEOID":"482014215021"}},{"arcs":[[1739,1740,1741,-845,-803,1742]],"type":"Polygon","properties":{"GEOID":"482014205002"}},{"arcs":[[-541,1743,1744,1745,1746]],"type":"Polygon","properties":{"GEOID":"482014234011"}},{"arcs":[[1747,1748,1749]],"type":"Polygon","properties":{"GEOID":"482014516062"}},{"arcs":[[1750,-1225,1751,1752]],"type":"Polygon","properties":{"GEOID":"482012206003"}},{"arcs":[[1753,1754,-610,1755,1756]],"type":"Polygon","properties":{"GEOID":"482012106001"}},{"arcs":[[1757,1758,1759,1760]],"type":"Polygon","properties":{"GEOID":"482013227022"}},{"arcs":[[1761,1762,1763,1764]],"type":"Polygon","properties":{"GEOID":"482014318032"}},{"arcs":[[1765,1766,1767,1768]],"type":"Polygon","properties":{"GEOID":"482014317011"}},{"arcs":[[1769,1770,1771,1772]],"type":"Polygon","properties":{"GEOID":"482014301011"}},{"arcs":[[-432,1773,1774,1775,1776,1777]],"type":"Polygon","properties":{"GEOID":"482013411022"}},{"arcs":[[1778,1779,1780,1781,1782]],"type":"Polygon","properties":{"GEOID":"482012329021"}},{"arcs":[[1783,1784,1785,1786]],"type":"Polygon","properties":{"GEOID":"482013409003"}},{"arcs":[[-1300,1787,1788,1789]],"type":"Polygon","properties":{"GEOID":"482013332042"}},{"arcs":[[1790,1791,-1007,1792]],"type":"Polygon","properties":{"GEOID":"482015107021"}},{"arcs":[[1793,-357,1794,1795,1796,1797,-1154]],"type":"Polygon","properties":{"GEOID":"482014319013"}},{"arcs":[[1798,1799,-1365,1800,1801]],"type":"Polygon","properties":{"GEOID":"482013115023"}},{"arcs":[[-1138,1802,1803,1804]],"type":"Polygon","properties":{"GEOID":"482014115061"}},{"arcs":[[1805,1806,-1243,1807,1808,1809]],"type":"Polygon","properties":{"GEOID":"482013105004"}},{"arcs":[[1810,1811,1812,1813,1814,1815,1816]],"type":"Polygon","properties":{"GEOID":"482012111011"}},{"arcs":[[1817,1818,1819,1820,1821,1822]],"type":"Polygon","properties":{"GEOID":"482015528021"}},{"arcs":[[1823,1824,1825,-82]],"type":"Polygon","properties":{"GEOID":"482015412043"}},{"arcs":[[-621,1826,1827,1828]],"type":"Polygon","properties":{"GEOID":"482014224051"}},{"arcs":[[-364,-256,1829,1830]],"type":"Polygon","properties":{"GEOID":"482013307003"}},{"arcs":[[1831,1832,-399,-23,1833]],"type":"Polygon","properties":{"GEOID":"482013339063"}},{"arcs":[[1834,1835,-171,1836]],"type":"Polygon","properties":{"GEOID":"482012535021"}},{"arcs":[[1837,-1163,1838]],"type":"Polygon","properties":{"GEOID":"482012531011"}},{"arcs":[[1839,1840,1841,-1537,1842,-1500]],"type":"Polygon","properties":{"GEOID":"482014335041"}},{"arcs":[[-1299,1843,1844,-1788]],"type":"Polygon","properties":{"GEOID":"482013332041"}},{"arcs":[[1845,1846,1847,1848]],"type":"Polygon","properties":{"GEOID":"482015305021"}},{"arcs":[[1849,1850,1851]],"type":"Polygon","properties":{"GEOID":"482013126013"}},{"arcs":[[1852,1853,1854,1855]],"type":"Polygon","properties":{"GEOID":"482014104023"}},{"arcs":[[1856,1857,1858,1859,1860,1861]],"type":"Polygon","properties":{"GEOID":"482014110012"}},{"arcs":[[1862,1863,1864]],"type":"Polygon","properties":{"GEOID":"482015501021"}},{"arcs":[[1865,1866,1867,1868,1869]],"type":"Polygon","properties":{"GEOID":"482012503051"}},{"arcs":[[1870,1871,1872,1873,1874,1875]],"type":"Polygon","properties":{"GEOID":"482012215012"}},{"arcs":[[1876,1877,1878,1879,1880,1881]],"type":"Polygon","properties":{"GEOID":"482012529023"}},{"arcs":[[-1404,-557,1882,1883,1884]],"type":"Polygon","properties":{"GEOID":"482014118011"}},{"arcs":[[1885,1886,1887,1888]],"type":"Polygon","properties":{"GEOID":"482012509021"}},{"arcs":[[-42,1889,1890,1891,1892]],"type":"Polygon","properties":{"GEOID":"482015102021"}},{"arcs":[[1893,1894,1895,1896,1897]],"type":"Polygon","properties":{"GEOID":"482015102012"}},{"arcs":[[1898,-1891,1899,1900,-1895]],"type":"Polygon","properties":{"GEOID":"482015102011"}},{"arcs":[[1901,-638,1902,1903,1904]],"type":"Polygon","properties":{"GEOID":"482015103023"}},{"arcs":[[1905,1906,1907,1908,1909]],"type":"Polygon","properties":{"GEOID":"482012335022"}},{"arcs":[[1910,1911,1912,1913]],"type":"Polygon","properties":{"GEOID":"482012113021"}},{"arcs":[[1914,1915,1916,1917]],"type":"Polygon","properties":{"GEOID":"482013413031"}},{"arcs":[[1918,1919,1920,1921]],"type":"Polygon","properties":{"GEOID":"482015323011"}},{"arcs":[[1922,1923,1924,1925,1926,1927]],"type":"Polygon","properties":{"GEOID":"482015541041"}},{"arcs":[[1928,1929,1930,1931,-530,1932]],"type":"Polygon","properties":{"GEOID":"482015532011"}},{"arcs":[[-679,1933,1934]],"type":"Polygon","properties":{"GEOID":"482015551013"}},{"arcs":[[1935,1936,1937,1938,1939]],"type":"Polygon","properties":{"GEOID":"482015525011"}},{"arcs":[[1940,1941,1942,-1000,1943,-244]],"type":"Polygon","properties":{"GEOID":"482013236011"}},{"arcs":[[1944,1945,1946,1947]],"type":"Polygon","properties":{"GEOID":"482014526011"}},{"arcs":[[1948,1949,1950,1951]],"type":"Polygon","properties":{"GEOID":"482014328051"}},{"arcs":[[1952,1953,1954,1955,1956,1957]],"type":"Polygon","properties":{"GEOID":"482014314042"}},{"arcs":[[1958,1959,1960,1961]],"type":"Polygon","properties":{"GEOID":"482014514061"}},{"arcs":[[1962,1963,1964,1965]],"type":"Polygon","properties":{"GEOID":"482014510053"}},{"arcs":[[1966,1967,1968]],"type":"Polygon","properties":{"GEOID":"482014312052"}},{"arcs":[[1969,1970,1971,1972,1973,1974]],"type":"Polygon","properties":{"GEOID":"482014312032"}},{"arcs":[[1975,-1734,1976]],"type":"Polygon","properties":{"GEOID":"482014215023"}},{"arcs":[[1977,-960,1978]],"type":"Polygon","properties":{"GEOID":"482015220021"}},{"arcs":[[1979,1980,1981,1982]],"type":"Polygon","properties":{"GEOID":"482015523032"}},{"arcs":[[1983,1984,1985,1986]],"type":"Polygon","properties":{"GEOID":"482012502012"}},{"arcs":[[1987,1988,1989,1990]],"type":"Polygon","properties":{"GEOID":"482015430091"}},{"arcs":[[1991,1992,1993,1994]],"type":"Polygon","properties":{"GEOID":"482014521021"}},{"arcs":[[-332,1995,1996,1997]],"type":"Polygon","properties":{"GEOID":"482015422011"}},{"arcs":[[1998,1999,2000,2001,2002]],"type":"Polygon","properties":{"GEOID":"482015509013"}},{"arcs":[[2003,2004,2005,2006]],"type":"Polygon","properties":{"GEOID":"482012216021"}},{"arcs":[[2007,2008,2009]],"type":"Polygon","properties":{"GEOID":"482013311001"}},{"arcs":[[2010,2011,2012,-1152,2013]],"type":"Polygon","properties":{"GEOID":"482014320041"}},{"arcs":[[2014,2015,-517,2016,2017]],"type":"Polygon","properties":{"GEOID":"482014315041"}},{"arcs":[[2018,2019,2020,2021,2022,2023]],"type":"Polygon","properties":{"GEOID":"482014315031"}},{"arcs":[[2024,2025,-1426,-1611]],"type":"Polygon","properties":{"GEOID":"482015333023"}},{"arcs":[[-1681,2026,2027,-594,2028,2029,2030,2031,2032]],"type":"Polygon","properties":{"GEOID":"482014122021"}},{"arcs":[[2033,-1656,2034,2035]],"type":"Polygon","properties":{"GEOID":"482012225041"}},{"arcs":[[2036,2037,2038,2039]],"type":"Polygon","properties":{"GEOID":"482012226023"}},{"arcs":[[2040,2041,2042,-1395,-1301,-1790,2043,2044]],"type":"Polygon","properties":{"GEOID":"482013335011"}},{"arcs":[[2045,2046,2047,2048]],"type":"Polygon","properties":{"GEOID":"482013318002"}},{"arcs":[[2049,2050,2051,-2014,2052,-1493,-155]],"type":"Polygon","properties":{"GEOID":"482014320042"}},{"arcs":[[2053,2054,2055,-800,2056,-986,2057]],"type":"Polygon","properties":{"GEOID":"482014106011"}},{"arcs":[[2058,-417,2059,2060]],"type":"Polygon","properties":{"GEOID":"482015110031"}},{"arcs":[[-1440,2061,2062,2063,2064]],"type":"Polygon","properties":{"GEOID":"482015112011"}},{"arcs":[[2065,2066,2067]],"type":"Polygon","properties":{"GEOID":"482015549062"}},{"arcs":[[2068,2069,2070,2071,2072,-1217,2073]],"type":"Polygon","properties":{"GEOID":"482015206012"}},{"arcs":[[2074,2075,2076,2077]],"type":"Polygon","properties":{"GEOID":"482012405063"}},{"arcs":[[2078,2079,2080]],"type":"Polygon","properties":{"GEOID":"482015407003"}},{"arcs":[[2081,-1456,-217,2082,2083,-1920]],"type":"Polygon","properties":{"GEOID":"482015323023"}},{"arcs":[[2084,2085,-780,2086,2087,2088]],"type":"Polygon","properties":{"GEOID":"482014546003"}},{"arcs":[[-1041,2089,2090,2091,2092]],"type":"Polygon","properties":{"GEOID":"482015527021"}},{"arcs":[[2093,2094,2095,2096,2097]],"type":"Polygon","properties":{"GEOID":"482012230023"}},{"arcs":[[2098,2099,2100,2101]],"type":"Polygon","properties":{"GEOID":"482015205023"}},{"arcs":[[2102,2103,2104,2105]],"type":"Polygon","properties":{"GEOID":"482013501032"}},{"arcs":[[2106,2107,2108,2109,-1332,2110]],"type":"Polygon","properties":{"GEOID":"482015503081"}},{"arcs":[[-1367,2111,2112,2113,2114]],"type":"Polygon","properties":{"GEOID":"482013202023"}},{"arcs":[[2115,2116,-1871,2117]],"type":"Polygon","properties":{"GEOID":"482012215021"}},{"arcs":[[-1344,2118,2119,2120]],"type":"Polygon","properties":{"GEOID":"482015301021"}},{"arcs":[[2121,2122,-1437,2123]],"type":"Polygon","properties":{"GEOID":"482015112021"}},{"arcs":[[-2075,2124,2125]],"type":"Polygon","properties":{"GEOID":"482012405061"}},{"arcs":[[2126,2127,-1227,2128,-1451]],"type":"Polygon","properties":{"GEOID":"482013234001"}},{"arcs":[[-1938,2129,2130,2131,2132]],"type":"Polygon","properties":{"GEOID":"482015516021"}},{"arcs":[[2133,2134,2135,2136,2137]],"type":"Polygon","properties":{"GEOID":"482012412021"}},{"arcs":[[-949,2138,-1195,2139,-1458]],"type":"Polygon","properties":{"GEOID":"482015322001"}},{"arcs":[[-2002,2140,-1149,2141]],"type":"Polygon","properties":{"GEOID":"482015509021"}},{"arcs":[[2142,2143,2144,2145,2146,2147]],"type":"Polygon","properties":{"GEOID":"482012510001"}},{"arcs":[[2148,2149,2150,2151,2152]],"type":"Polygon","properties":{"GEOID":"482014105023"}},{"arcs":[[2153,-1802,2154,-1378,2155,2156,2157]],"type":"Polygon","properties":{"GEOID":"482013115022"}},{"arcs":[[2158,2159,2160,2161]],"type":"Polygon","properties":{"GEOID":"482013332014"}},{"arcs":[[2162,-2156,-1381,2163,2164,-642]],"type":"Polygon","properties":{"GEOID":"482013115011"}},{"arcs":[[2165,-1786,2166,2167,2168,2169,2170]],"type":"Polygon","properties":{"GEOID":"482013409004"}},{"arcs":[[2171,2172,2173,2174,2175,-739,2176,2177]],"type":"Polygon","properties":{"GEOID":"482011000011"}},{"arcs":[[2178,2179,-1762,2180]],"type":"Polygon","properties":{"GEOID":"482014318031"}},{"arcs":[[2181,2182,2183]],"type":"Polygon","properties":{"GEOID":"482012323041"}},{"arcs":[[-1947,2184,2185,2186]],"type":"Polygon","properties":{"GEOID":"482014526012"}},{"arcs":[[2187,2188,2189,2190,-1245,2191]],"type":"Polygon","properties":{"GEOID":"482013110012"}},{"arcs":[[2192,2193,2194,2195]],"type":"Polygon","properties":{"GEOID":"482013410011"}},{"arcs":[[2196,2197,2198,2199,2200]],"type":"Polygon","properties":{"GEOID":"482015519021"}},{"arcs":[[2201,2202,2203,2204]],"type":"Polygon","properties":{"GEOID":"482015520043"}},{"arcs":[[2205,2206,2207]],"type":"Polygon","properties":{"GEOID":"482015521024"}},{"arcs":[[2208,2209,2210,2211,2212,2213,2214]],"type":"Polygon","properties":{"GEOID":"482015529013"}},{"arcs":[[-1934,-678,2215,2216,2217]],"type":"Polygon","properties":{"GEOID":"482015551022"}},{"arcs":[[2218,-1083,2219,2220,2221]],"type":"Polygon","properties":{"GEOID":"482012512004"}},{"arcs":[[2222,2223,2224,2225]],"type":"Polygon","properties":{"GEOID":"482015553041"}},{"arcs":[[2226,2227,2228,2229,2230,2231]],"type":"Polygon","properties":{"GEOID":"482015547022"}},{"arcs":[[2232,2233,2234,2235,2236,-1925]],"type":"Polygon","properties":{"GEOID":"482015541042"}},{"arcs":[[2237,-533,2238,2239,-1061]],"type":"Polygon","properties":{"GEOID":"482015531022"}},{"arcs":[[-2140,-1194,2240,2241,2242,-1459]],"type":"Polygon","properties":{"GEOID":"482015321021"}},{"arcs":[[2243,2244,2245,2246]],"type":"Polygon","properties":{"GEOID":"482012409052"}},{"arcs":[[2247,2248,2249,2250]],"type":"Polygon","properties":{"GEOID":"482015504062"}},{"arcs":[[2251,2252,2253,2254,-1353,2255]],"type":"Polygon","properties":{"GEOID":"482015212021"}},{"arcs":[[2256,2257,-933,-322,2258]],"type":"Polygon","properties":{"GEOID":"482012327014"}},{"arcs":[[2259,2260,-429]],"type":"Polygon","properties":{"GEOID":"482013405023"}},{"arcs":[[2261,2262,2263]],"type":"Polygon","properties":{"GEOID":"482014536041"}},{"arcs":[[2264,2265,2266,2267,2268,-1176,2269,2270]],"type":"Polygon","properties":{"GEOID":"482015221013"}},{"arcs":[[2271,2272,-1463,2273]],"type":"Polygon","properties":{"GEOID":"482014513022"}},{"arcs":[[2274,-1964,2275,2276,2277,2278]],"type":"Polygon","properties":{"GEOID":"482014510052"}},{"arcs":[[2279,-1198,2280,2281,2282]],"type":"Polygon","properties":{"GEOID":"482014223031"}},{"arcs":[[2283,2284,2285]],"type":"Polygon","properties":{"GEOID":"482013316041"}},{"arcs":[[2286,2287,2288,-2125,-2078,2289,2290]],"type":"Polygon","properties":{"GEOID":"482012405062"}},{"arcs":[[2291,2292,2293,2294,2295]],"type":"Polygon","properties":{"GEOID":"482012324042"}},{"arcs":[[2296,2297,2298,2299,2300,-1846,2301,2302]],"type":"Polygon","properties":{"GEOID":"482015307021"}},{"arcs":[[2303,2304,2305]],"type":"Polygon","properties":{"GEOID":"482012217012"}},{"arcs":[[2306,-1645,2307,2308,2309,-117]],"type":"Polygon","properties":{"GEOID":"482013210022"}},{"arcs":[[2310,-1376,2311,2312,2313,2314]],"type":"Polygon","properties":{"GEOID":"482012213011"}},{"arcs":[[2315,-2213,2316,2317,2318,2319]],"type":"Polygon","properties":{"GEOID":"482015512013"}},{"arcs":[[-2093,2320,2321,2322]],"type":"Polygon","properties":{"GEOID":"482015527022"}},{"arcs":[[2323,-1237,2324,2325,2326]],"type":"Polygon","properties":{"GEOID":"482015321011"}},{"arcs":[[2327,2328,2329,2330]],"type":"Polygon","properties":{"GEOID":"482015325032"}},{"arcs":[[2331,2332,-2271,2333,2334]],"type":"Polygon","properties":{"GEOID":"482015219005"}},{"arcs":[[2335,2336,2337,2338,2339,2340]],"type":"Polygon","properties":{"GEOID":"482015534032"}},{"arcs":[[2341,2342,2343,2344,2345]],"type":"Polygon","properties":{"GEOID":"482015544041"}},{"arcs":[[2346,2347,2348,-2198]],"type":"Polygon","properties":{"GEOID":"482015519012"}},{"arcs":[[2349,2350,2351,2352,2353,2354]],"type":"Polygon","properties":{"GEOID":"482014543023"}},{"arcs":[[2355,2356,2357,2358,2359]],"type":"Polygon","properties":{"GEOID":"482015524022"}},{"arcs":[[2360,2361,2362,2363,2364]],"type":"Polygon","properties":{"GEOID":"482015511013"}},{"arcs":[[2365,2366,2367,2368,2369,2370]],"type":"Polygon","properties":{"GEOID":"482015212012"}},{"arcs":[[2371,2372,2373,-434,2374]],"type":"Polygon","properties":{"GEOID":"482015320032"}},{"arcs":[[2375,2376,2377]],"type":"Polygon","properties":{"GEOID":"482015401023"}},{"arcs":[[2378,2379,-997,2380,2381,2382,2383,2384]],"type":"Polygon","properties":{"GEOID":"482012401011"}},{"arcs":[[2385,2386,2387,2388,2389]],"type":"Polygon","properties":{"GEOID":"482015420041"}},{"arcs":[[2390,-1661,-521,-1706,2391,2392]],"type":"Polygon","properties":{"GEOID":"482015429013"}},{"arcs":[[2393,2394,2395,2396,2397,2398,2399,2400]],"type":"Polygon","properties":{"GEOID":"482015429021"}},{"arcs":[[2401,-1700,2402,2403,-1293,2404]],"type":"Polygon","properties":{"GEOID":"482014225013"}},{"arcs":[[2405,2406,2407,2408]],"type":"Polygon","properties":{"GEOID":"482015422032"}},{"arcs":[[2409,2410,-543,2411,-1731,2412]],"type":"Polygon","properties":{"GEOID":"482014233042"}},{"arcs":[[2413,2414,2415,2416,2417,2418,2419]],"type":"Polygon","properties":{"GEOID":"482012407052"}},{"arcs":[[2420,2421,2422,2423]],"type":"Polygon","properties":{"GEOID":"482015548073"}},{"arcs":[[2424,2425]],"type":"Polygon","properties":{"GEOID":"482013242001"}},{"arcs":[[2426,2427,2428]],"type":"Polygon","properties":{"GEOID":"482013402021"}},{"arcs":[[2429,2430,2431,2432]],"type":"Polygon","properties":{"GEOID":"482015545013"}},{"arcs":[[2433,2434,2435,-477]],"type":"Polygon","properties":{"GEOID":"482015540021"}},{"arcs":[[2436,2437,2438,2439,2440]],"type":"Polygon","properties":{"GEOID":"482015316001"}},{"arcs":[[2441,2442,2443,2444]],"type":"Polygon","properties":{"GEOID":"482015308002"}},{"arcs":[[2445,2446,2447,2448,2449,2450]],"type":"Polygon","properties":{"GEOID":"482012318001"}},{"arcs":[[-2450,2451,-126,2452,2453,2454]],"type":"Polygon","properties":{"GEOID":"482012316002"}},{"arcs":[[2455,2456,2457,2458,2459,-124,2460,-2449]],"type":"Polygon","properties":{"GEOID":"482012314001"}},{"arcs":[[-2459,2461,2462,2463,2464,2465,2466]],"type":"Polygon","properties":{"GEOID":"482012313001"}},{"arcs":[[2467,2468]],"type":"Polygon","properties":{"GEOID":"482012104002"}},{"arcs":[[-1275,2469,2470,-1102,-248]],"type":"Polygon","properties":{"GEOID":"482014533001"}},{"arcs":[[2471,2472,-1075,2473,2474]],"type":"Polygon","properties":{"GEOID":"482014236004"}},{"arcs":[[2475,2476]],"type":"Polygon","properties":{"GEOID":"482012311002"}},{"arcs":[[2477,2478,2479,2480,2481,-593,2482,2483]],"type":"Polygon","properties":{"GEOID":"482012309004"}},{"arcs":[[2484,2485,-2467,2486,2487,2488]],"type":"Polygon","properties":{"GEOID":"482012308001"}},{"arcs":[[2489,2490,2491,2492]],"type":"Polygon","properties":{"GEOID":"482014528012"}},{"arcs":[[2493,2494,-1281,2495,2496]],"type":"Polygon","properties":{"GEOID":"482014232011"}},{"arcs":[[2497,2498,2499,2500]],"type":"Polygon","properties":{"GEOID":"482012302003"}},{"arcs":[[2501,2502,2503,2504,2505,2506]],"type":"Polygon","properties":{"GEOID":"482012218001"}},{"arcs":[[2507,2508,2509,2510,2511,2512,-1188,2513,2514,2515]],"type":"Polygon","properties":{"GEOID":"482014519021"}},{"arcs":[[-2505,2516,2517,2518]],"type":"Polygon","properties":{"GEOID":"482012211001"}},{"arcs":[[-1536,2519,2520,2521]],"type":"Polygon","properties":{"GEOID":"482014505002"}},{"arcs":[[2522,2523,2524,-1142]],"type":"Polygon","properties":{"GEOID":"482014221005"}},{"arcs":[[2525,2526,2527,2528,-1740,2529,2530,-2524]],"type":"Polygon","properties":{"GEOID":"482014221001"}},{"arcs":[[2531,2532,2533,2534,-1673]],"type":"Polygon","properties":{"GEOID":"482014220001"}},{"arcs":[[2535,2536,2537,2538,-1011]],"type":"Polygon","properties":{"GEOID":"482014217004"}},{"arcs":[[2539,2540,-1186,2541,2542,2543,-857,2544]],"type":"Polygon","properties":{"GEOID":"482012205001"}},{"arcs":[[-1185,-284,2545,-2542]],"type":"Polygon","properties":{"GEOID":"482012203001"}},{"arcs":[[-1261,2546,2547,2548,2549]],"type":"Polygon","properties":{"GEOID":"482015224021"}},{"arcs":[[2550,2551,-1670,2552,2553,-465,2554]],"type":"Polygon","properties":{"GEOID":"482014214031"}},{"arcs":[[2555,2556,2557,2558,2559]],"type":"Polygon","properties":{"GEOID":"482014208002"}},{"arcs":[[2560,2561,2562,2563]],"type":"Polygon","properties":{"GEOID":"482012124003"}},{"arcs":[[2564,2565,-2564,2566,2567,2568]],"type":"Polygon","properties":{"GEOID":"482012116002"}},{"arcs":[[2569,2570,2571,2572,2573]],"type":"Polygon","properties":{"GEOID":"482014550001"}},{"arcs":[[2574,2575,2576,2577,2578,2579,-1489,2580]],"type":"Polygon","properties":{"GEOID":"482014333001"}},{"arcs":[[2581,2582,2583,2584,2585,-1742,2586]],"type":"Polygon","properties":{"GEOID":"482014204003"}},{"arcs":[[2587,2588,2589,2590,2591]],"type":"Polygon","properties":{"GEOID":"482015543014"}},{"arcs":[[2592,2593,2594,2595]],"type":"Polygon","properties":{"GEOID":"482015339021"}},{"arcs":[[2596,2597,2598]],"type":"Polygon","properties":{"GEOID":"482015315002"}},{"arcs":[[2599,-2074,-1222,-2368,2600,-2366,2601,2602,2603]],"type":"Polygon","properties":{"GEOID":"482015213003"}},{"arcs":[[2604,2605,2606,2607,2608]],"type":"Polygon","properties":{"GEOID":"482015207001"}},{"arcs":[[-536,2609,2610,2611,2612,2613,2614]],"type":"Polygon","properties":{"GEOID":"482015533002"}},{"arcs":[[2615,2616,2617,2618,2619,2620]],"type":"Polygon","properties":{"GEOID":"482015538011"}},{"arcs":[[2621,2622,2623,2624,2625,2626]],"type":"Polygon","properties":{"GEOID":"482015535002"}},{"arcs":[[2627,2628,-1254,-511,-144]],"type":"Polygon","properties":{"GEOID":"482015506011"}},{"arcs":[[2629,2630,2631,2632,2633,2634,2635]],"type":"Polygon","properties":{"GEOID":"482015330001"}},{"arcs":[[-1085,2636,-2222,2637,2638,2639,2640]],"type":"Polygon","properties":{"GEOID":"482012512002"}},{"arcs":[[2641,2642,2643,2644,2645,2646,2647]],"type":"Polygon","properties":{"GEOID":"482015522003"}},{"arcs":[[2648,2649,2650,2651]],"type":"Polygon","properties":{"GEOID":"482015408001"}},{"arcs":[[2652,2653,2654]],"type":"Polygon","properties":{"GEOID":"482015337022"}},{"arcs":[[2655,-859,2656,2657,2658,2659]],"type":"Polygon","properties":{"GEOID":"482015303002"}},{"arcs":[[2660,2661,2662,2663,2664]],"type":"Polygon","properties":{"GEOID":"482015116002"}},{"arcs":[[2665,2666,2667,-2062,-1439]],"type":"Polygon","properties":{"GEOID":"482015113014"}},{"arcs":[[2668,2669,2670,2671,2672]],"type":"Polygon","properties":{"GEOID":"482015113022"}},{"arcs":[[2673,-1413,2674,-2379,2675,2676]],"type":"Polygon","properties":{"GEOID":"482012406001"}},{"arcs":[[2677,2678,2679,2680,2681,2682]],"type":"Polygon","properties":{"GEOID":"482012223002"}},{"arcs":[[2683,2684,2685,2686,2687,-2504]],"type":"Polygon","properties":{"GEOID":"482012219003"}},{"arcs":[[2688,2689,2690,2691,2692]],"type":"Polygon","properties":{"GEOID":"482015507002"}},{"arcs":[[2693,-2181,-1765,2694,2695,2696]],"type":"Polygon","properties":{"GEOID":"482014318011"}},{"arcs":[[2697,-2017,2698,2699,2700]],"type":"Polygon","properties":{"GEOID":"482014313021"}},{"arcs":[[2701,2702,2703,2704,2705]],"type":"Polygon","properties":{"GEOID":"482014304001"}},{"arcs":[[-272,2706,2707,2708,2709]],"type":"Polygon","properties":{"GEOID":"482015105001"}},{"arcs":[[2710,2711,2712,-334,2713]],"type":"Polygon","properties":{"GEOID":"482014120003"}},{"arcs":[[2714,2715,2716,2717,-1858,2718]],"type":"Polygon","properties":{"GEOID":"482014114003"}},{"arcs":[[2719,2720,2721,2722,2723]],"type":"Polygon","properties":{"GEOID":"482013432002"}},{"arcs":[[-1595,2724,2725,2726,2727,2728,2729,2730,2731,2732]],"type":"Polygon","properties":{"GEOID":"482013429003"}},{"arcs":[[2733,2734,2735,2736,2737]],"type":"Polygon","properties":{"GEOID":"482013427002"}},{"arcs":[[-489,-863,2738]],"type":"Polygon","properties":{"GEOID":"482013422003"}},{"arcs":[[2739,2740,2741]],"type":"Polygon","properties":{"GEOID":"482013418002"}},{"arcs":[[2742,2743,2744,2745]],"type":"Polygon","properties":{"GEOID":"482014103001"}},{"arcs":[[2746,2747,2748,2749,2750]],"type":"Polygon","properties":{"GEOID":"482013507001"}},{"arcs":[[2751,2752,2753,2754,2755]],"type":"Polygon","properties":{"GEOID":"482013406001"}},{"arcs":[[-99,2756,2757,2758,2759,2760]],"type":"Polygon","properties":{"GEOID":"482013340031"}},{"arcs":[[2761,2762,2763,2764,2765]],"type":"Polygon","properties":{"GEOID":"482013336003"}},{"arcs":[[2766,2767,2768,2769]],"type":"Polygon","properties":{"GEOID":"482013327001"}},{"arcs":[[2770,2771,2772,-180,2773]],"type":"Polygon","properties":{"GEOID":"482013311003"}},{"arcs":[[2774,2775,-2774,2776,2777,-2008,2778]],"type":"Polygon","properties":{"GEOID":"482013311002"}},{"arcs":[[2779,2780,2781,2782,-731,-242]],"type":"Polygon","properties":{"GEOID":"482013237011"}},{"arcs":[[2783,2784,2785,2786,2787]],"type":"Polygon","properties":{"GEOID":"482013232004"}},{"arcs":[[2788,2789,2790,-2786]],"type":"Polygon","properties":{"GEOID":"482013232001"}},{"arcs":[[2791,2792,2793]],"type":"Polygon","properties":{"GEOID":"482013326004"}},{"arcs":[[2794,-2769,2795,2796,2797]],"type":"Polygon","properties":{"GEOID":"482013326001"}},{"arcs":[[2798,2799,-3,2800,-977]],"type":"Polygon","properties":{"GEOID":"482013323002"}},{"arcs":[[2801,-965,2802,2803,-2772]],"type":"Polygon","properties":{"GEOID":"482013321001"}},{"arcs":[[-95,2804,2805,2806,2807,-664,2808]],"type":"Polygon","properties":{"GEOID":"482013221003"}},{"arcs":[[2809,2810,2811]],"type":"Polygon","properties":{"GEOID":"482013208001"}},{"arcs":[[2812,2813,2814,2815,2816]],"type":"Polygon","properties":{"GEOID":"482013216002"}},{"arcs":[[2817,2818,2819,2820,2821,2822]],"type":"Polygon","properties":{"GEOID":"482013140011"}},{"arcs":[[2823,2824,2825,2826,-961,2827]],"type":"Polygon","properties":{"GEOID":"482013134002"}},{"arcs":[[2828,-2826,2829,2830]],"type":"Polygon","properties":{"GEOID":"482013133001"}},{"arcs":[[-930,2831,2832,-828,2833,2834]],"type":"Polygon","properties":{"GEOID":"482013127002"}},{"arcs":[[-379,2835,2836,2837]],"type":"Polygon","properties":{"GEOID":"482013122002"}},{"arcs":[[-1246,-2191,2838,2839,2840,2841,2842]],"type":"Polygon","properties":{"GEOID":"482013109003"}},{"arcs":[[2843,2844,2845,2846]],"type":"Polygon","properties":{"GEOID":"482013106005"}},{"arcs":[[2847,2848,-1809,2849,2850,2851,2852]],"type":"Polygon","properties":{"GEOID":"482013106001"}},{"arcs":[[2853,-2853,2854,2855,2856,2857]],"type":"Polygon","properties":{"GEOID":"482013103002"}},{"arcs":[[2858,2859,2860,2861]],"type":"Polygon","properties":{"GEOID":"482012542002"}},{"arcs":[[2862,2863,2864]],"type":"Polygon","properties":{"GEOID":"482012337012"}},{"arcs":[[2865,2866,-850,2867]],"type":"Polygon","properties":{"GEOID":"482012332004"}},{"arcs":[[2868,2869,2870]],"type":"Polygon","properties":{"GEOID":"482012530001"}},{"arcs":[[2871,2872,2873,2874]],"type":"Polygon","properties":{"GEOID":"482012112002"}},{"arcs":[[2875,2876,2877,2878]],"type":"Polygon","properties":{"GEOID":"482014541002"}},{"arcs":[[2879,2880,2881,-1201,2882]],"type":"Polygon","properties":{"GEOID":"482014131003"}},{"arcs":[[2883,2884,2885,2886]],"type":"Polygon","properties":{"GEOID":"482014128003"}},{"arcs":[[2887,2888,2889,2890,2891,2892,2893]],"type":"Polygon","properties":{"GEOID":"482014124004"}},{"arcs":[[-559,-1403,2894,2895,2896]],"type":"Polygon","properties":{"GEOID":"482014123001"}},{"arcs":[[2897,2898,2899]],"type":"Polygon","properties":{"GEOID":"482013313004"}},{"arcs":[[2900,2901,-362,2902]],"type":"Polygon","properties":{"GEOID":"482013306001"}},{"arcs":[[-982,2903,2904,2905]],"type":"Polygon","properties":{"GEOID":"482013304001"}},{"arcs":[[2906,2907,2908,2909,2910,2911]],"type":"Polygon","properties":{"GEOID":"482012541002"}},{"arcs":[[2912,2913,2914,-1304,2915]],"type":"Polygon","properties":{"GEOID":"482012537004"}},{"arcs":[[-718,2916,2917,2918]],"type":"Polygon","properties":{"GEOID":"482012527003"}},{"arcs":[[2919,2920,2921,-1082]],"type":"Polygon","properties":{"GEOID":"482012513003"}},{"arcs":[[2922,2923,2924,-1817,2925,2926,2927,2928,2929,-40,2930]],"type":"Polygon","properties":{"GEOID":"482012123003"}},{"arcs":[[2931,2932,2933,2934,2935,2936,2937]],"type":"Polygon","properties":{"GEOID":"482015517031"}},{"arcs":[[2938,2939,2940,2941,2942,-584]],"type":"Polygon","properties":{"GEOID":"482015557012"}},{"arcs":[[2943,2944,2945,2946,2947,2948]],"type":"Polygon","properties":{"GEOID":"482013104001"}},{"arcs":[[-516,-1958,2949,-2699]],"type":"Polygon","properties":{"GEOID":"482014314011"}},{"arcs":[[-2314,2950,2951,2952]],"type":"Polygon","properties":{"GEOID":"482012205002"}},{"arcs":[[2953,2954,2955,-2298,-1875]],"type":"Polygon","properties":{"GEOID":"482012214003"}},{"arcs":[[2956,2957,2958,2959,-199]],"type":"Polygon","properties":{"GEOID":"482012222002"}},{"arcs":[[2960,2961,-2678,-545]],"type":"Polygon","properties":{"GEOID":"482012228002"}},{"arcs":[[-2651,2962,2963,2964]],"type":"Polygon","properties":{"GEOID":"482015408002"}},{"arcs":[[2965,2966,2967]],"type":"Polygon","properties":{"GEOID":"482012327012"}},{"arcs":[[2968,2969,2970,2971]],"type":"Polygon","properties":{"GEOID":"482012330021"}},{"arcs":[[2972,2973,2974,-2968,2975,2976,2977]],"type":"Polygon","properties":{"GEOID":"482012327013"}},{"arcs":[[2978,2979,2980,2981,-2547,-1260]],"type":"Polygon","properties":{"GEOID":"482015224013"}},{"arcs":[[2982,2983,2984,2985,2986]],"type":"Polygon","properties":{"GEOID":"482015412031"}},{"arcs":[[2987,-879,2988,-2652,-2965,2989,2990]],"type":"Polygon","properties":{"GEOID":"482015409011"}},{"arcs":[[2991,2992,-701,-2753,2993]],"type":"Polygon","properties":{"GEOID":"482013403012"}},{"arcs":[[2994,2995,2996,2997,2998,2999]],"type":"Polygon","properties":{"GEOID":"482013403022"}},{"arcs":[[3000,3001,3002,-2860,3003]],"type":"Polygon","properties":{"GEOID":"482012542001"}},{"type":null,"properties":{"GEOID":"482013116001"}},{"type":null,"properties":{"GEOID":"482013116002"}},{"arcs":[[3004,3005,3006]],"type":"Polygon","properties":{"GEOID":"482014542002"}},{"arcs":[[3007,3008,3009,3010,3011]],"type":"Polygon","properties":{"GEOID":"482013237021"}},{"arcs":[[-2729,3012,3013,3014,3015]],"type":"Polygon","properties":{"GEOID":"482013430003"}},{"arcs":[[3016,3017,3018,3019,3020,3021]],"type":"Polygon","properties":{"GEOID":"482013330002"}},{"arcs":[[3022,3023,3024,3025]],"type":"Polygon","properties":{"GEOID":"482013504003"}},{"arcs":[[-602,-100,-2761,3026,3027]],"type":"Polygon","properties":{"GEOID":"482013340033"}},{"arcs":[[3028,3029,-601,3030]],"type":"Polygon","properties":{"GEOID":"482013340012"}},{"arcs":[[3031,-2743,3032]],"type":"Polygon","properties":{"GEOID":"482014103002"}},{"arcs":[[-2412,-542,-1747,-2283,3033,3034,3035]],"type":"Polygon","properties":{"GEOID":"482014234012"}},{"arcs":[[3036,3037,3038,-2410,3039]],"type":"Polygon","properties":{"GEOID":"482014233013"}},{"arcs":[[3040,3041,3042,3043,-2704]],"type":"Polygon","properties":{"GEOID":"482014303002"}},{"arcs":[[3044,3045,3046,3047,3048,3049]],"type":"Polygon","properties":{"GEOID":"482014214012"}},{"arcs":[[3050,3051,3052,3053,3054]],"type":"Polygon","properties":{"GEOID":"482014502003"}},{"arcs":[[3055,3056,3057]],"type":"Polygon","properties":{"GEOID":"482014535012"}},{"arcs":[[3058,3059,3060,3061]],"type":"Polygon","properties":{"GEOID":"482015514001"}},{"arcs":[[-2633,3062,3063,3064]],"type":"Polygon","properties":{"GEOID":"482015331003"}},{"arcs":[[3065,3066,3067,3068,3069]],"type":"Polygon","properties":{"GEOID":"482015338022"}},{"arcs":[[3070,3071,3072,3073]],"type":"Polygon","properties":{"GEOID":"482015530021"}},{"arcs":[[3074,3075,3076,3077,3078,3079,-2589]],"type":"Polygon","properties":{"GEOID":"482015543011"}},{"arcs":[[-2971,3080,3081,-77,3082]],"type":"Polygon","properties":{"GEOID":"482012330022"}},{"arcs":[[3083,3084,3085,3086]],"type":"Polygon","properties":{"GEOID":"482013206023"}},{"arcs":[[3087,3088,3089,3090]],"type":"Polygon","properties":{"GEOID":"482015325023"}},{"arcs":[[3091,-1811,-2925,3092]],"type":"Polygon","properties":{"GEOID":"482012108002"}},{"arcs":[[3093,3094,3095,3096,3097]],"type":"Polygon","properties":{"GEOID":"482012301001"}},{"arcs":[[3098,-2489,3099,-2478,3100,-2498,3101]],"type":"Polygon","properties":{"GEOID":"482012302004"}},{"arcs":[[3102,3103,3104,3105,3106,3107]],"type":"Polygon","properties":{"GEOID":"482012306002"}},{"arcs":[[3108,3109,3110,-2864]],"type":"Polygon","properties":{"GEOID":"482012337022"}},{"arcs":[[3111,3112,3113,-3004,-2859,3114,3115,3116]],"type":"Polygon","properties":{"GEOID":"482012544001"}},{"arcs":[[3117,3118,3119,-392,3120,-2829,3121]],"type":"Polygon","properties":{"GEOID":"482013118002"}},{"arcs":[[-3086,3122,3123,3124,-1032,3125,3126]],"type":"Polygon","properties":{"GEOID":"482013206022"}},{"arcs":[[-3085,3127]],"type":"Polygon","properties":{"GEOID":"482013206011"}},{"arcs":[[-2811,3128,-66,3129,3130,3131,3132]],"type":"Polygon","properties":{"GEOID":"482013208003"}},{"arcs":[[-1600,3133]],"type":"Polygon","properties":{"GEOID":"482013238022"}},{"arcs":[[-2898,3134,3135,3136,3137,3138,3139]],"type":"Polygon","properties":{"GEOID":"482013313002"}},{"arcs":[[3140,3141,-2894,3142,-816,3143]],"type":"Polygon","properties":{"GEOID":"482014126002"}},{"arcs":[[3144,3145,3146]],"type":"Polygon","properties":{"GEOID":"482015216002"}},{"arcs":[[3147,-1515,3148,3149,3150]],"type":"Polygon","properties":{"GEOID":"482014332013"}},{"arcs":[[3151,3152,3153,3154]],"type":"Polygon","properties":{"GEOID":"482013111004"}},{"arcs":[[3155,-175,-1550]],"type":"Polygon","properties":{"GEOID":"482014522022"}},{"arcs":[[-3019,3156,3157,3158,3159]],"type":"Polygon","properties":{"GEOID":"482013331003"}},{"arcs":[[3160,3161,-1257]],"type":"Polygon","properties":{"GEOID":"482015224022"}},{"arcs":[[3162,-577,3163,3164,3165,3166,-1569]],"type":"Polygon","properties":{"GEOID":"482014322001"}},{"arcs":[[3167,3168,3169,-686,3170,3171,3172,3173]],"type":"Polygon","properties":{"GEOID":"482015544071"}},{"arcs":[[3174,3175,3176,-2517,-2688]],"type":"Polygon","properties":{"GEOID":"482012210001"}},{"arcs":[[3177,-1682,-2033,3178,3179,3180,3181]],"type":"Polygon","properties":{"GEOID":"482014132051"}},{"arcs":[[3182,-2030,3183,-764]],"type":"Polygon","properties":{"GEOID":"482013144021"}},{"arcs":[[-2384,3184,3185,-2038]],"type":"Polygon","properties":{"GEOID":"482012226021"}},{"arcs":[[3186,-1636,3187,3188]],"type":"Polygon","properties":{"GEOID":"482012331033"}},{"arcs":[[-1432,3189,3190,-1679]],"type":"Polygon","properties":{"GEOID":"482014122013"}},{"arcs":[[3191,3192,3193,3194]],"type":"Polygon","properties":{"GEOID":"482014513013"}},{"arcs":[[3195,3196,3197,3198]],"type":"Polygon","properties":{"GEOID":"482014527021"}},{"arcs":[[3199,3200,-1481]],"type":"Polygon","properties":{"GEOID":"482015223012"}},{"arcs":[[-411,3201,-603,-3028,3202,-398]],"type":"Polygon","properties":{"GEOID":"482013340034"}},{"arcs":[[3203,3204,3205,3206,3207]],"type":"Polygon","properties":{"GEOID":"482014211013"}},{"arcs":[[-59,3208,3209,3210]],"type":"Polygon","properties":{"GEOID":"482015416031"}},{"arcs":[[-2534,3211,3212,-2527,3213]],"type":"Polygon","properties":{"GEOID":"482014220003"}},{"arcs":[[3214,-2285,3215,3216,3217,3218]],"type":"Polygon","properties":{"GEOID":"482013316033"}},{"arcs":[[3219,3220,3221,3222]],"type":"Polygon","properties":{"GEOID":"482012322031"}},{"arcs":[[3223,3224,-3098,3225,-606,3226]],"type":"Polygon","properties":{"GEOID":"482012201001"}},{"arcs":[[3227,3228,3229,3230,3231]],"type":"Polygon","properties":{"GEOID":"482013110021"}},{"arcs":[[3232,-1675,-1140,-1264]],"type":"Polygon","properties":{"GEOID":"482014224031"}},{"arcs":[[3233,3234,3235,3236,-1423]],"type":"Polygon","properties":{"GEOID":"482012522013"}},{"arcs":[[3237,3238,3239,3240,3241]],"type":"Polygon","properties":{"GEOID":"482014212041"}},{"arcs":[[3242,3243,3244,3245]],"type":"Polygon","properties":{"GEOID":"482012503041"}},{"arcs":[[-2841,3246,3247,3248,3249]],"type":"Polygon","properties":{"GEOID":"482013109002"}},{"arcs":[[3250,3251,3252,-2923]],"type":"Polygon","properties":{"GEOID":"482012123001"}},{"arcs":[[3253,3254,3255,-1591,3256,3257]],"type":"Polygon","properties":{"GEOID":"482013341011"}},{"arcs":[[3258,3259,-839,-1021,-1345]],"type":"Polygon","properties":{"GEOID":"482014537012"}},{"arcs":[[3260,3261,-1991,-551,3262,3263]],"type":"Polygon","properties":{"GEOID":"482015430112"}},{"arcs":[[-2230,3264,3265,3266,-3076,3267]],"type":"Polygon","properties":{"GEOID":"482015543013"}},{"arcs":[[3268,3269,3270,3271,3272]],"type":"Polygon","properties":{"GEOID":"482014526021"}},{"arcs":[[3273,-1872,-2117]],"type":"Polygon","properties":{"GEOID":"482012215022"}},{"arcs":[[3274,3275,-2987,3276,3277]],"type":"Polygon","properties":{"GEOID":"482015412042"}},{"arcs":[[3278,3279,-1120,-1180]],"type":"Polygon","properties":{"GEOID":"482015109011"}},{"arcs":[[3280,3281,3282,-2911,3283,3284,-3112,3285]],"type":"Polygon","properties":{"GEOID":"482012543003"}},{"arcs":[[3286,3287,3288,3289,3290]],"type":"Polygon","properties":{"GEOID":"482015548041"}},{"arcs":[[3291,3292,3293]],"type":"Polygon","properties":{"GEOID":"482012522021"}},{"arcs":[[3294,3295,3296,3297]],"type":"Polygon","properties":{"GEOID":"482013501021"}},{"arcs":[[3298,3299,3300,3301]],"type":"Polygon","properties":{"GEOID":"482013339043"}},{"arcs":[[3302,-1018,3303,-1585]],"type":"Polygon","properties":{"GEOID":"482014508031"}},{"arcs":[[3304,3305,3306,-289,3307,3308,3309,3310]],"type":"Polygon","properties":{"GEOID":"482015539013"}},{"arcs":[[3311,-1496,3312]],"type":"Polygon","properties":{"GEOID":"482014320051"}},{"arcs":[[3313,3314,3315,3316,3317]],"type":"Polygon","properties":{"GEOID":"482014123003"}},{"arcs":[[3318,3319,3320,3321,3322,3323,3324,3325,-1251]],"type":"Polygon","properties":{"GEOID":"482015502022"}},{"arcs":[[3326,3327,3328,-3269,3329]],"type":"Polygon","properties":{"GEOID":"482014518002"}},{"arcs":[[3330,3331,3332,3333,3334,3335]],"type":"Polygon","properties":{"GEOID":"482013416001"}},{"arcs":[[3336,3337,3338,3339,3340]],"type":"Polygon","properties":{"GEOID":"482012212003"}},{"arcs":[[-2621,3341,3342,3343,3344,3345]],"type":"Polygon","properties":{"GEOID":"482015538031"}},{"arcs":[[3346,-869,3347,3348,3349,3350]],"type":"Polygon","properties":{"GEOID":"482015405042"}},{"arcs":[[3351,3352,3353,3354,3355,3356,-2203]],"type":"Polygon","properties":{"GEOID":"482015520042"}},{"arcs":[[3357,-2021,3358,3359,-266,3360]],"type":"Polygon","properties":{"GEOID":"482014313043"}},{"arcs":[[3361,-3290,3362,3363,-1923,3364,3365]],"type":"Polygon","properties":{"GEOID":"482015548093"}},{"arcs":[[3366,3367,3368,3369]],"type":"Polygon","properties":{"GEOID":"482013241012"}},{"arcs":[[-2404,3370,-1672,3371,-1294]],"type":"Polygon","properties":{"GEOID":"482014225021"}},{"arcs":[[3372,3373,3374,3375]],"type":"Polygon","properties":{"GEOID":"482014309004"}},{"arcs":[[-772,-1787,-2166,3376]],"type":"Polygon","properties":{"GEOID":"482013409002"}},{"arcs":[[3377,3378]],"type":"Polygon","properties":{"GEOID":"482013140052"}},{"arcs":[[3379,-444,3380,3381]],"type":"Polygon","properties":{"GEOID":"482014108022"}},{"arcs":[[-1800,3382,3383,3384,3385,-2112,-1366]],"type":"Polygon","properties":{"GEOID":"482013202012"}},{"arcs":[[3386,3387,-2711,3388,-1402]],"type":"Polygon","properties":{"GEOID":"482014118021"}},{"arcs":[[3389,3390,3391,3392]],"type":"Polygon","properties":{"GEOID":"482012226011"}},{"arcs":[[3393,3394,-2697,3395,3396]],"type":"Polygon","properties":{"GEOID":"482014318012"}},{"arcs":[[3397,3398,3399,3400,3401]],"type":"Polygon","properties":{"GEOID":"482013436022"}},{"arcs":[[-375,3402,-350,3403,3404]],"type":"Polygon","properties":{"GEOID":"482015410092"}},{"arcs":[[3405,3406,3407,3408,3409]],"type":"Polygon","properties":{"GEOID":"482015511024"}},{"arcs":[[-958,3410,3411,-1361]],"type":"Polygon","properties":{"GEOID":"482015213001"}},{"arcs":[[-2295,3412,3413,-1425,3414,3415,3416,3417,3418,3419]],"type":"Polygon","properties":{"GEOID":"482012324053"}},{"arcs":[[3420,3421,3422,-2858,3423,3424,3425]],"type":"Polygon","properties":{"GEOID":"482013103005"}},{"arcs":[[3426,3427,-3240]],"type":"Polygon","properties":{"GEOID":"482014212031"}},{"arcs":[[-3078,3428,3429,3430,-1980,3431,3432]],"type":"Polygon","properties":{"GEOID":"482015526021"}},{"arcs":[[3433,3434,-300,-3138]],"type":"Polygon","properties":{"GEOID":"482013314001"}},{"arcs":[[-1943,3435,3436,-1001]],"type":"Polygon","properties":{"GEOID":"482013236021"}},{"arcs":[[3437,3438,3439,3440]],"type":"Polygon","properties":{"GEOID":"482014534032"}},{"arcs":[[3441,3442,-3407,3443,-2362]],"type":"Polygon","properties":{"GEOID":"482015504054"}},{"arcs":[[3444,-2196,3445,3446,-2168]],"type":"Polygon","properties":{"GEOID":"482013410021"}},{"arcs":[[3447,3448,-2959,3449,3450,3451,-2686]],"type":"Polygon","properties":{"GEOID":"482012221001"}},{"arcs":[[-451,3452,-2281,-1069,-2473]],"type":"Polygon","properties":{"GEOID":"482014222002"}},{"arcs":[[-1828,-1677,-1199,-2280,-1746]],"type":"Polygon","properties":{"GEOID":"482014223042"}},{"arcs":[[-20,3453,3454,3455,3456]],"type":"Polygon","properties":{"GEOID":"482013129011"}},{"arcs":[[3457,3458,-292,3459]],"type":"Polygon","properties":{"GEOID":"482014212061"}},{"arcs":[[3460,3461,3462,3463,3464]],"type":"Polygon","properties":{"GEOID":"482014524013"}},{"arcs":[[-1994,3465,3466,3467]],"type":"Polygon","properties":{"GEOID":"482014521031"}},{"arcs":[[3468,3469,3470,3471,3472,-2431,3473]],"type":"Polygon","properties":{"GEOID":"482015555052"}},{"arcs":[[3474,3475,3476]],"type":"Polygon","properties":{"GEOID":"482015335003"}},{"arcs":[[3477,-2506,3478,-2304,3479,-2005]],"type":"Polygon","properties":{"GEOID":"482012217013"}},{"arcs":[[3480,3481,-2035,-1655,3482,3483,3484,3485]],"type":"Polygon","properties":{"GEOID":"482012225051"}},{"arcs":[[3486,3487,3488,3489,3490,3491,3492]],"type":"Polygon","properties":{"GEOID":"482015421031"}},{"arcs":[[3493,3494,3495,-3327,3496]],"type":"Polygon","properties":{"GEOID":"482014518001"}},{"arcs":[[3497,3498,3499,3500]],"type":"Polygon","properties":{"GEOID":"482015340012"}},{"arcs":[[-519,3501,3502,3503,3504,-1707]],"type":"Polygon","properties":{"GEOID":"482015423021"}},{"arcs":[[3505,-2709,3506,3507,3508,3509,3510]],"type":"Polygon","properties":{"GEOID":"482015105002"}},{"arcs":[[3511,3512,3513,3514]],"type":"Polygon","properties":{"GEOID":"482013126012"}},{"arcs":[[3515,3516,3517,3518,3519]],"type":"Polygon","properties":{"GEOID":"482014514041"}},{"arcs":[[3520,3521,3522,3523,3524,3525,-1334]],"type":"Polygon","properties":{"GEOID":"482015503032"}},{"arcs":[[3526,-1631,3527,3528]],"type":"Polygon","properties":{"GEOID":"482015115012"}},{"arcs":[[-187,3529,-945,3530,3531,3532,-3522,3533,-2109,3534]],"type":"Polygon","properties":{"GEOID":"482012407071"}},{"arcs":[[3535,3536,3537,3538,3539,-369]],"type":"Polygon","properties":{"GEOID":"482015340031"}},{"arcs":[[-2088,-525,3540,3541,-1504]],"type":"Polygon","properties":{"GEOID":"482014548012"}},{"arcs":[[-3509,3542,-1791,3543,3544]],"type":"Polygon","properties":{"GEOID":"482015106012"}},{"arcs":[[3545,3546,3547,3548,-3053]],"type":"Polygon","properties":{"GEOID":"482014501001"}},{"arcs":[[3549,3550,3551]],"type":"Polygon","properties":{"GEOID":"482014232042"}},{"arcs":[[-235,3552,-1840,-938]],"type":"Polygon","properties":{"GEOID":"482014335031"}},{"arcs":[[3553,-1067,3554]],"type":"Polygon","properties":{"GEOID":"482015327003"}},{"arcs":[[3555,3556,3557,3558]],"type":"Polygon","properties":{"GEOID":"482013410013"}},{"arcs":[[3559,3560,3561,-2272,-164,3562]],"type":"Polygon","properties":{"GEOID":"482014512001"}},{"arcs":[[3563,3564,-3113,-3285]],"type":"Polygon","properties":{"GEOID":"482012543004"}},{"arcs":[[-1028,3565,3566,3567]],"type":"Polygon","properties":{"GEOID":"482014507001"}},{"arcs":[[3568,3569,-1262,-2550,-3546,-3052,3570,3571]],"type":"Polygon","properties":{"GEOID":"482015432011"}},{"arcs":[[-2356,3572,-1939,3573,3574,3575]],"type":"Polygon","properties":{"GEOID":"482015524013"}},{"arcs":[[3576,3577,-2596,3578,-3537,3579]],"type":"Polygon","properties":{"GEOID":"482015339022"}},{"arcs":[[3580,-588,-2482]],"type":"Polygon","properties":{"GEOID":"482012309002"}},{"arcs":[[3581,3582,-3252,3583]],"type":"Polygon","properties":{"GEOID":"482012123002"}},{"arcs":[[3584,3585,3586,3587]],"type":"Polygon","properties":{"GEOID":"482014229002"}},{"arcs":[[3588,3589,-2483,-592,3590,3591]],"type":"Polygon","properties":{"GEOID":"482012117002"}},{"arcs":[[-528,3592,-821]],"type":"Polygon","properties":{"GEOID":"482014201002"}},{"arcs":[[-2922,3593,3594,-2144,-2220]],"type":"Polygon","properties":{"GEOID":"482012513004"}},{"arcs":[[-3090,3595,-951,3596,-2082,-1919,3597]],"type":"Polygon","properties":{"GEOID":"482015324003"}},{"arcs":[[-3359,3598,-2701,3599,-154,3600,3601,3602]],"type":"Polygon","properties":{"GEOID":"482014313022"}},{"arcs":[[3603,3604,3605,3606,-1668]],"type":"Polygon","properties":{"GEOID":"482014210002"}},{"arcs":[[-1883,-561,3607,3608,-2889,3609]],"type":"Polygon","properties":{"GEOID":"482014124001"}},{"arcs":[[3610,-2733,3611,3612,3613]],"type":"Polygon","properties":{"GEOID":"482013429002"}},{"arcs":[[-556,-619,3614,3615,-1449,3616,-2805,-94]],"type":"Polygon","properties":{"GEOID":"482013233001"}},{"arcs":[[3617,-2793,3618,3619,3620]],"type":"Polygon","properties":{"GEOID":"482013325002"}},{"arcs":[[3621,3622,3623,3624]],"type":"Polygon","properties":{"GEOID":"482013108002"}},{"arcs":[[-2851,3625,-3625,3626,3627]],"type":"Polygon","properties":{"GEOID":"482013106002"}},{"arcs":[[3628,3629,-403,-127,3630]],"type":"Polygon","properties":{"GEOID":"482012539003"}},{"arcs":[[3631,3632,3633,3634]],"type":"Polygon","properties":{"GEOID":"482013412031"}},{"arcs":[[-1169,3635,3636]],"type":"Polygon","properties":{"GEOID":"482012532023"}},{"arcs":[[3637,-2058,-985,3638]],"type":"Polygon","properties":{"GEOID":"482014107041"}},{"arcs":[[3639,3640,-1529,3641,3642,-1025,3643]],"type":"Polygon","properties":{"GEOID":"482014503021"}},{"arcs":[[-3165,-1545,3644,-220,-1107,-751,3645]],"type":"Polygon","properties":{"GEOID":"482014325012"}},{"arcs":[[3646,3647,3648,3649,-659,3650,3651,3652]],"type":"Polygon","properties":{"GEOID":"482012523062"}},{"arcs":[[3653,3654,-2593,-3578]],"type":"Polygon","properties":{"GEOID":"482015339042"}},{"arcs":[[3655,3656,3657,-2393,3658,-2395,3659,3660]],"type":"Polygon","properties":{"GEOID":"482015429022"}},{"arcs":[[3661,3662,3663,3664]],"type":"Polygon","properties":{"GEOID":"482014230022"}},{"arcs":[[-1391,3665,-1389,3666,3667,3668]],"type":"Polygon","properties":{"GEOID":"482015413024"}},{"arcs":[[-2408,3669,3670,3671,3672,3673]],"type":"Polygon","properties":{"GEOID":"482015422021"}},{"arcs":[[3674,-2874,3675,3676,3677,3678,3679,3680]],"type":"Polygon","properties":{"GEOID":"482012111023"}},{"arcs":[[3681,3682,3683,3684]],"type":"Polygon","properties":{"GEOID":"482014539012"}},{"arcs":[[3685,3686,3687,3688]],"type":"Polygon","properties":{"GEOID":"482012503042"}},{"arcs":[[3689,3690,3691,3692,3693]],"type":"Polygon","properties":{"GEOID":"482015517052"}},{"arcs":[[3694,3695,-1189,-2513,3696,-3329]],"type":"Polygon","properties":{"GEOID":"482014519031"}},{"arcs":[[3697,3698,3699,-345]],"type":"Polygon","properties":{"GEOID":"482015410042"}},{"arcs":[[-2804,3700,3701,-2773]],"type":"Polygon","properties":{"GEOID":"482013320002"}},{"arcs":[[3702,3703,3704,3705]],"type":"Polygon","properties":{"GEOID":"482012229005"}},{"arcs":[[3706,-568,-957,3707,3708]],"type":"Polygon","properties":{"GEOID":"482015215021"}},{"arcs":[[3709,3710,-396,-1833,3711,3712,3713]],"type":"Polygon","properties":{"GEOID":"482013339052"}},{"arcs":[[3714,3715,3716,-2933]],"type":"Polygon","properties":{"GEOID":"482015516012"}},{"arcs":[[3717,-2347,-2197,3718]],"type":"Polygon","properties":{"GEOID":"482015519022"}},{"arcs":[[-2358,3719,3720]],"type":"Polygon","properties":{"GEOID":"482015521021"}},{"arcs":[[-3412,3721,3722,-2252,3723,-1362]],"type":"Polygon","properties":{"GEOID":"482015213005"}},{"arcs":[[3724,3725,-2266,3726]],"type":"Polygon","properties":{"GEOID":"482015221011"}},{"arcs":[[3727,3728,3729,3730,-225]],"type":"Polygon","properties":{"GEOID":"482014329011"}},{"arcs":[[-370,3731,-395,3732,3733,3734,3735]],"type":"Polygon","properties":{"GEOID":"482015341021"}},{"arcs":[[3736,3737,3738,-2328,3739,3740]],"type":"Polygon","properties":{"GEOID":"482015325031"}},{"arcs":[[3741,3742,-1694,3743,3744]],"type":"Polygon","properties":{"GEOID":"482015414021"}},{"arcs":[[3745,-3168,3746]],"type":"Polygon","properties":{"GEOID":"482015544073"}},{"arcs":[[-1408,3747,3748,3749,3750,-1341,3751]],"type":"Polygon","properties":{"GEOID":"482015313001"}},{"arcs":[[3752,3753,3754,3755]],"type":"Polygon","properties":{"GEOID":"482012515031"}},{"arcs":[[3756,3757,3758,-2728]],"type":"Polygon","properties":{"GEOID":"482013433022"}},{"arcs":[[3759,3760,-1071]],"type":"Polygon","properties":{"GEOID":"482014222001"}},{"arcs":[[3761,3762,3763,3764,3765]],"type":"Polygon","properties":{"GEOID":"482015326001"}},{"arcs":[[3766,-2061,3767,-421,-1115,3768]],"type":"Polygon","properties":{"GEOID":"482015110012"}},{"arcs":[[-3106,3769,-3099,3770,3771]],"type":"Polygon","properties":{"GEOID":"482012303001"}},{"arcs":[[3772,3773,-2337,3774]],"type":"Polygon","properties":{"GEOID":"482015534031"}},{"arcs":[[3775,-2892,3776,3777,3778]],"type":"Polygon","properties":{"GEOID":"482014126001"}},{"arcs":[[3779,3780,3781,-1818,-2090]],"type":"Polygon","properties":{"GEOID":"482015528014"}},{"arcs":[[3782,3783,-3319,-1250,3784]],"type":"Polygon","properties":{"GEOID":"482015504033"}},{"arcs":[[3785,3786,3787,3788,-278,-92,3789]],"type":"Polygon","properties":{"GEOID":"482013222001"}},{"arcs":[[3790,3791,-232,3792]],"type":"Polygon","properties":{"GEOID":"482014331001"}},{"arcs":[[3793,3794,3795,-2376,3796]],"type":"Polygon","properties":{"GEOID":"482015401022"}},{"arcs":[[-1760,3797,3798,3799]],"type":"Polygon","properties":{"GEOID":"482013227012"}},{"arcs":[[-210,-666,3800,-299,3801,3802]],"type":"Polygon","properties":{"GEOID":"482013235004"}},{"arcs":[[3803,3804,3805,-380,-2838,3806]],"type":"Polygon","properties":{"GEOID":"482013122001"}},{"arcs":[[-3154,3807,3808,-3248]],"type":"Polygon","properties":{"GEOID":"482013111002"}},{"arcs":[[3809,3810,-2944,3811,3812]],"type":"Polygon","properties":{"GEOID":"482013101012"}},{"arcs":[[3813,3814,3815,3816,-44,-359]],"type":"Polygon","properties":{"GEOID":"482014530012"}},{"arcs":[[3817,3818,-2454,3819,-3103,3820]],"type":"Polygon","properties":{"GEOID":"482012307001"}},{"arcs":[[-3777,-2891,3821,3822,-2880,3823,3824]],"type":"Polygon","properties":{"GEOID":"482014125001"}},{"arcs":[[3825,3826,3827,3828]],"type":"Polygon","properties":{"GEOID":"482013506012"}},{"arcs":[[3829,3830,-1650,3831,3832]],"type":"Polygon","properties":{"GEOID":"482013508032"}},{"arcs":[[3833,3834,3835]],"type":"Polygon","properties":{"GEOID":"482012411032"}},{"arcs":[[3836,-227]],"type":"Polygon","properties":{"GEOID":"482014329012"}},{"arcs":[[3837,3838,3839,3840]],"type":"Polygon","properties":{"GEOID":"482012414001"}},{"arcs":[[-1848,3841,-855,3842,3843,3844,3845]],"type":"Polygon","properties":{"GEOID":"482015305022"}},{"arcs":[[-2553,-1669,-485,3846,3847]],"type":"Polygon","properties":{"GEOID":"482014216021"}},{"arcs":[[3848,-3821,3849,3850]],"type":"Polygon","properties":{"GEOID":"482012305002"}},{"arcs":[[-2374,3851,3852,-435]],"type":"Polygon","properties":{"GEOID":"482015320041"}},{"arcs":[[3853,3854,-1703]],"type":"Polygon","properties":{"GEOID":"482014107051"}},{"arcs":[[3855,3856,3857,3858,-2332,3859]],"type":"Polygon","properties":{"GEOID":"482015219001"}},{"arcs":[[-3010,3860,3861,3862]],"type":"Polygon","properties":{"GEOID":"482013237022"}},{"arcs":[[-424,3863,3864,3865,-1966,3866,-2279,-1992,-1572,3867]],"type":"Polygon","properties":{"GEOID":"482014510061"}},{"arcs":[[3868,3869,3870,3871,-3119]],"type":"Polygon","properties":{"GEOID":"482013119001"}},{"arcs":[[3872,-3278,3873,3874,-1825]],"type":"Polygon","properties":{"GEOID":"482015412041"}},{"arcs":[[3875,3876,-952,-3596,-3089]],"type":"Polygon","properties":{"GEOID":"482015325021"}},{"arcs":[[3877,-882,-653,3878,3879]],"type":"Polygon","properties":{"GEOID":"482014328033"}},{"arcs":[[3880,-1773,3881,3882]],"type":"Polygon","properties":{"GEOID":"482014301012"}},{"arcs":[[3883,-452,-2472,3884]],"type":"Polygon","properties":{"GEOID":"482014234013"}},{"arcs":[[3885,3886,-1518,3887,3888]],"type":"Polygon","properties":{"GEOID":"482014330033"}},{"arcs":[[3889,-1554,-360,3890,3891]],"type":"Polygon","properties":{"GEOID":"482014529001"}},{"arcs":[[3892,-2047,-181,-3702]],"type":"Polygon","properties":{"GEOID":"482013319001"}},{"arcs":[[-3424,-2857,3893]],"type":"Polygon","properties":{"GEOID":"482013103004"}},{"arcs":[[3894,-3725,3895]],"type":"Polygon","properties":{"GEOID":"482015220011"}},{"arcs":[[3896,-1804,3897,3898,3899]],"type":"Polygon","properties":{"GEOID":"482014115052"}},{"arcs":[[3900,-510,-3563,-166,3901,3902,3903,3904,3905,3906]],"type":"Polygon","properties":{"GEOID":"482014515022"}},{"arcs":[[3907,-3662,3908,3909]],"type":"Polygon","properties":{"GEOID":"482014228002"}},{"arcs":[[3910,-3567,3911,3912,3913,3914,-3560,-509]],"type":"Polygon","properties":{"GEOID":"482014507003"}},{"arcs":[[-1781,3915,3916,3917,3918]],"type":"Polygon","properties":{"GEOID":"482012330013"}},{"arcs":[[3919,-3807,-2837,3920,-830,3921,3922]],"type":"Polygon","properties":{"GEOID":"482013124003"}},{"arcs":[[-3708,-956,3923]],"type":"Polygon","properties":{"GEOID":"482015215011"}},{"arcs":[[3924,-2160,3925,3926,3927,-783,3928]],"type":"Polygon","properties":{"GEOID":"482013332011"}},{"arcs":[[3929,3930,3931,3932]],"type":"Polygon","properties":{"GEOID":"482012532012"}},{"arcs":[[3933,3934,-3588,3935,3936,3937,3938]],"type":"Polygon","properties":{"GEOID":"482014229004"}},{"arcs":[[3939,3940,3941,3942]],"type":"Polygon","properties":{"GEOID":"482013130001"}},{"arcs":[[-3847,-484,-899,3943,3944]],"type":"Polygon","properties":{"GEOID":"482014216023"}},{"arcs":[[-647,3945,-188,3946,3947,3948]],"type":"Polygon","properties":{"GEOID":"482015503051"}},{"arcs":[[3949,3950,3951,-504]],"type":"Polygon","properties":{"GEOID":"482014330062"}},{"arcs":[[-314,-415,-134,3952,-1273]],"type":"Polygon","properties":{"GEOID":"482014335071"}},{"arcs":[[-1640,3953,3954,3955,-2184,3956,3957]],"type":"Polygon","properties":{"GEOID":"482012323043"}},{"arcs":[[-3366,3958,3959,3960]],"type":"Polygon","properties":{"GEOID":"482015548082"}},{"arcs":[[-1843,-1542,3961,-413,-1501]],"type":"Polygon","properties":{"GEOID":"482014335051"}},{"arcs":[[-3759,3962,3963,-3013]],"type":"Polygon","properties":{"GEOID":"482013431003"}},{"arcs":[[3964,-1973,3965,3966,3967,3968,3969,3970,3971]],"type":"Polygon","properties":{"GEOID":"482014321021"}},{"arcs":[[3972,3973,3974,3975,3976,3977]],"type":"Polygon","properties":{"GEOID":"482015114002"}},{"arcs":[[3978,-1969,3979]],"type":"Polygon","properties":{"GEOID":"482014312053"}},{"arcs":[[3980,3981,-2264,3982,3983,3984,3985,-836]],"type":"Polygon","properties":{"GEOID":"482014536011"}},{"arcs":[[-2567,3986,3987,3988,3989,3990]],"type":"Polygon","properties":{"GEOID":"482012115021"}},{"arcs":[[-566,-2604,3991,-3722,-3411]],"type":"Polygon","properties":{"GEOID":"482015213002"}},{"arcs":[[3992,3993,3994,3995,3996]],"type":"Polygon","properties":{"GEOID":"482015510001"}},{"arcs":[[3997,3998,-2684,-2503]],"type":"Polygon","properties":{"GEOID":"482012219002"}},{"arcs":[[3999,-2720,4000]],"type":"Polygon","properties":{"GEOID":"482013432001"}},{"arcs":[[4001,-979,4002,4003]],"type":"Polygon","properties":{"GEOID":"482013319002"}},{"arcs":[[4004,4005,4006,-1171,4007]],"type":"Polygon","properties":{"GEOID":"482013228001"}},{"arcs":[[4008,4009,4010,4011,4012,4013,-668,4014]],"type":"Polygon","properties":{"GEOID":"482013137002"}},{"arcs":[[-3153,4015,4016,-3808]],"type":"Polygon","properties":{"GEOID":"482013111003"}},{"arcs":[[-3082,-1606,4017,4018,-78]],"type":"Polygon","properties":{"GEOID":"482012330032"}},{"arcs":[[4019,-366,4020,4021]],"type":"Polygon","properties":{"GEOID":"482013306003"}},{"arcs":[[4022,4023,4024]],"type":"Polygon","properties":{"GEOID":"482012514023"}},{"arcs":[[4025,4026,4027,4028,4029,4030,4031]],"type":"Polygon","properties":{"GEOID":"482015310002"}},{"arcs":[[4032,4033,-2475,4034,4035,4036,-991]],"type":"Polygon","properties":{"GEOID":"482014236002"}},{"arcs":[[4037,4038,4039,4040,-3094,4041]],"type":"Polygon","properties":{"GEOID":"482012304003"}},{"arcs":[[4042,4043,4044,-900,-482]],"type":"Polygon","properties":{"GEOID":"482014209002"}},{"arcs":[[4045,-2317,-2212]],"type":"Polygon","properties":{"GEOID":"482015529011"}},{"arcs":[[4046,-3199,4047,4048]],"type":"Polygon","properties":{"GEOID":"482014527031"}},{"arcs":[[4049,4050,4051]],"type":"Polygon","properties":{"GEOID":"482014336021"}},{"arcs":[[-3532,4052,4053,4054]],"type":"Polygon","properties":{"GEOID":"482012407073"}},{"arcs":[[-3369,4055,4056,-3788,4057]],"type":"Polygon","properties":{"GEOID":"482013241013"}},{"arcs":[[4058,4059,4060,4061,4062]],"type":"Polygon","properties":{"GEOID":"482014548021"}},{"arcs":[[-3643,4063,4064,-1026]],"type":"Polygon","properties":{"GEOID":"482014503022"}},{"arcs":[[4065,4066,-3646,-750,4067]],"type":"Polygon","properties":{"GEOID":"482014324012"}},{"arcs":[[4068,-1564,4069,-3271]],"type":"Polygon","properties":{"GEOID":"482014525023"}},{"arcs":[[4070,4071,4072,4073,4074,4075,-1863]],"type":"Polygon","properties":{"GEOID":"482015501022"}},{"arcs":[[4076,4077,4078,-3236]],"type":"Polygon","properties":{"GEOID":"482012522011"}},{"arcs":[[4079,4080,4081,4082,-2902]],"type":"Polygon","properties":{"GEOID":"482013309012"}},{"arcs":[[4083,4084,4085,4086]],"type":"Polygon","properties":{"GEOID":"482013341024"}},{"arcs":[[4087,4088,4089,4090,4091]],"type":"Polygon","properties":{"GEOID":"482015108012"}},{"arcs":[[4092,4093,4094,4095,4096,4097,4098]],"type":"Polygon","properties":{"GEOID":"482014113011"}},{"arcs":[[4099,4100,4101,-1860,4102]],"type":"Polygon","properties":{"GEOID":"482014110022"}},{"arcs":[[4103,-163,4104,4105,-1628,4106]],"type":"Polygon","properties":{"GEOID":"482015115023"}},{"arcs":[[4107,4108,-756,4109,-2149,4110]],"type":"Polygon","properties":{"GEOID":"482014101011"}},{"arcs":[[4111,4112,4113,4114,4115]],"type":"Polygon","properties":{"GEOID":"482012523052"}},{"arcs":[[-1037,4116,4117,4118,4119]],"type":"Polygon","properties":{"GEOID":"482013401021"}},{"arcs":[[4120,4121,4122]],"type":"Polygon","properties":{"GEOID":"482014311013"}},{"arcs":[[4123,4124,-3261,4125,4126]],"type":"Polygon","properties":{"GEOID":"482015430111"}},{"arcs":[[4127,-2118,-1876,-2297,4128,4129]],"type":"Polygon","properties":{"GEOID":"482015307011"}},{"arcs":[[-1956,4130,-2051,4131]],"type":"Polygon","properties":{"GEOID":"482014314041"}},{"arcs":[[4132,-3273,4133,-2185,-1946]],"type":"Polygon","properties":{"GEOID":"482014526022"}},{"arcs":[[-889,-615,4134,-2784,-617]],"type":"Polygon","properties":{"GEOID":"482013230001"}},{"arcs":[[4135,-3220,4136,-789]],"type":"Polygon","properties":{"GEOID":"482012322011"}},{"arcs":[[-3677,4137,4138,-2569,4139,4140]],"type":"Polygon","properties":{"GEOID":"482012113023"}},{"arcs":[[-872,-1927,4141,4142,4143]],"type":"Polygon","properties":{"GEOID":"482015542021"}},{"arcs":[[4144,4145,4146,4147]],"type":"Polygon","properties":{"GEOID":"482014549024"}},{"arcs":[[-4129,-2303,4148,4149]],"type":"Polygon","properties":{"GEOID":"482015307023"}},{"arcs":[[4150,-714,4151,4152,-2612]],"type":"Polygon","properties":{"GEOID":"482012408042"}},{"arcs":[[-1219,4153,4154,4155]],"type":"Polygon","properties":{"GEOID":"482015206031"}},{"arcs":[[-3491,4156,4157,-1687,4158,4159]],"type":"Polygon","properties":{"GEOID":"482015421033"}},{"arcs":[[4160,-3477,4161,4162,4163,4164,-8]],"type":"Polygon","properties":{"GEOID":"482015334012"}},{"arcs":[[4165,4166,4167,4168,4169,4170,4171]],"type":"Polygon","properties":{"GEOID":"482015504042"}},{"arcs":[[4172,-3926,-2159,-3158]],"type":"Polygon","properties":{"GEOID":"482013331002"}},{"arcs":[[4173,4174,4175,4176,-2813,4177,4178]],"type":"Polygon","properties":{"GEOID":"482013219003"}},{"arcs":[[-3284,-2910,4179,4180,-3564]],"type":"Polygon","properties":{"GEOID":"482012543001"}},{"arcs":[[-2654,4181,4182,4183,4184,4185,4186]],"type":"Polygon","properties":{"GEOID":"482015336003"}},{"arcs":[[4187,4188,-875,4189]],"type":"Polygon","properties":{"GEOID":"482015548052"}},{"arcs":[[-3198,-3685,4190,4191]],"type":"Polygon","properties":{"GEOID":"482014539011"}},{"arcs":[[-2950,-1957,-4132,-2050,-3600,-2700]],"type":"Polygon","properties":{"GEOID":"482014314012"}},{"arcs":[[4192,4193,4194,-3653,4195,-4113]],"type":"Polygon","properties":{"GEOID":"482012523063"}},{"arcs":[[4196,4197,4198,4199,4200]],"type":"Polygon","properties":{"GEOID":"482013414003"}},{"arcs":[[4201,-4093,4202,4203,4204]],"type":"Polygon","properties":{"GEOID":"482014318043"}},{"arcs":[[4205,4206,-1913,4207,4208,-3811,4209,4210]],"type":"Polygon","properties":{"GEOID":"482012114003"}},{"arcs":[[-3396,-2696,4211,-2011,4212]],"type":"Polygon","properties":{"GEOID":"482014318013"}},{"arcs":[[4213,4214,4215,-2158,4216,-640]],"type":"Polygon","properties":{"GEOID":"482013113001"}},{"arcs":[[4217,4218,-2352]],"type":"Polygon","properties":{"GEOID":"482014543022"}},{"arcs":[[4219,-2758]],"type":"Polygon","properties":{"GEOID":"482013340021"}},{"arcs":[[4220,4221,4222,-2872,4223,4224]],"type":"Polygon","properties":{"GEOID":"482012112001"}},{"arcs":[[4225,4226,-2055,4227,-2151]],"type":"Polygon","properties":{"GEOID":"482014106022"}},{"arcs":[[4228,4229,-4179,4230]],"type":"Polygon","properties":{"GEOID":"482013218001"}},{"arcs":[[-1221,4231,4232,4233,-2369]],"type":"Polygon","properties":{"GEOID":"482015206041"}},{"arcs":[[-2419,4234,-702,4235]],"type":"Polygon","properties":{"GEOID":"482012407041"}},{"arcs":[[4236,4237,-1571,4238,4239,4240,4241,-746]],"type":"Polygon","properties":{"GEOID":"482014323031"}},{"arcs":[[4242,-2817,4243,4244,4245,4246,-1059]],"type":"Polygon","properties":{"GEOID":"482013217002"}},{"arcs":[[4247,4248,4249,4250]],"type":"Polygon","properties":{"GEOID":"482015312003"}},{"arcs":[[-697,4251,4252,4253,-1915,4254]],"type":"Polygon","properties":{"GEOID":"482013413042"}},{"arcs":[[-3824,-2883,-1200,4255]],"type":"Polygon","properties":{"GEOID":"482014130003"}},{"arcs":[[4256,-4032,4257,-743,4258]],"type":"Polygon","properties":{"GEOID":"482015310001"}},{"arcs":[[4259,-3634,4260,4261]],"type":"Polygon","properties":{"GEOID":"482013412012"}},{"arcs":[[-2815,4262,-667,-208,4263,4264]],"type":"Polygon","properties":{"GEOID":"482013216005"}},{"arcs":[[4265,-3093,-2924,-3253,-3583]],"type":"Polygon","properties":{"GEOID":"482012123004"}},{"arcs":[[-425,-3868,4266,4267]],"type":"Polygon","properties":{"GEOID":"482014510031"}},{"arcs":[[-2326,4268,4269,-2597,4270]],"type":"Polygon","properties":{"GEOID":"482015315001"}},{"arcs":[[4271,-2400,4272,4273,4274,4275]],"type":"Polygon","properties":{"GEOID":"482015428002"}},{"arcs":[[-801,-741,-926,-400,-2057]],"type":"Polygon","properties":{"GEOID":"482013125022"}},{"arcs":[[4276,-3922,-829,-2833]],"type":"Polygon","properties":{"GEOID":"482013128001"}},{"arcs":[[4277,-1295,-3372,-1671,-3233,-1263,4278,4279]],"type":"Polygon","properties":{"GEOID":"482014225022"}},{"arcs":[[4280,-937,4281]],"type":"Polygon","properties":{"GEOID":"482014334001"}},{"arcs":[[-4048,-4192,4282,4283,4284]],"type":"Polygon","properties":{"GEOID":"482014539013"}},{"arcs":[[-2982,4285,4286,-2548]],"type":"Polygon","properties":{"GEOID":"482015224014"}},{"arcs":[[4287,-3159,-2162,4288,-2043,4289]],"type":"Polygon","properties":{"GEOID":"482013335012"}},{"arcs":[[-2161,-3925,4290,-1393,-4289]],"type":"Polygon","properties":{"GEOID":"482013332013"}},{"arcs":[[4291,4292,-130,-3002,4293,4294]],"type":"Polygon","properties":{"GEOID":"482012541004"}},{"arcs":[[4295,-1806,4296]],"type":"Polygon","properties":{"GEOID":"482013105003"}},{"arcs":[[4297,4298,-1748,4299]],"type":"Polygon","properties":{"GEOID":"482014516032"}},{"arcs":[[4300,4301,4302,4303,4304,4305]],"type":"Polygon","properties":{"GEOID":"482012515042"}},{"arcs":[[4306,-229,4307,-2575,-1513,4308]],"type":"Polygon","properties":{"GEOID":"482014329032"}},{"arcs":[[4309,-2602,-2371,4310,-2254]],"type":"Polygon","properties":{"GEOID":"482015212022"}},{"arcs":[[-1202,-2882,4311,4312,4313,4314]],"type":"Polygon","properties":{"GEOID":"482014131002"}},{"arcs":[[4315,4316,-769,4317]],"type":"Polygon","properties":{"GEOID":"482013408003"}},{"arcs":[[4318,4319,-1226,4320,4321]],"type":"Polygon","properties":{"GEOID":"482012211003"}},{"arcs":[[4322,-1286,4323,4324]],"type":"Polygon","properties":{"GEOID":"482015342044"}},{"arcs":[[4325,-3730,4326,4327,-2578,4328]],"type":"Polygon","properties":{"GEOID":"482014329043"}},{"arcs":[[4329,-2500,4330,4331,-4221,-3096]],"type":"Polygon","properties":{"GEOID":"482012302001"}},{"arcs":[[4332,-3494,4333]],"type":"Polygon","properties":{"GEOID":"482014518003"}},{"arcs":[[4334,4335,-1614,-2382,-920]],"type":"Polygon","properties":{"GEOID":"482012415031"}},{"arcs":[[-3177,4336,4337,-4319,4338]],"type":"Polygon","properties":{"GEOID":"482012210002"}},{"arcs":[[-3288,4339,4340,-3305,4341]],"type":"Polygon","properties":{"GEOID":"482015539012"}},{"arcs":[[4342,4343,-1004,4344]],"type":"Polygon","properties":{"GEOID":"482013211022"}},{"arcs":[[4345,4346]],"type":"Polygon","properties":{"GEOID":"482012208002"}},{"arcs":[[4347,-3613,4348,4349,-486]],"type":"Polygon","properties":{"GEOID":"482013423003"}},{"arcs":[[-810,4350,-3713,4351,4352]],"type":"Polygon","properties":{"GEOID":"482013338021"}},{"arcs":[[-2474,-1074,4353,-4035]],"type":"Polygon","properties":{"GEOID":"482014236003"}},{"arcs":[[-2034,4354,4355]],"type":"Polygon","properties":{"GEOID":"482012225011"}},{"arcs":[[-3601,-157,-1497,-3312,4356]],"type":"Polygon","properties":{"GEOID":"482014320052"}},{"arcs":[[4357,4358,4359,4360]],"type":"Polygon","properties":{"GEOID":"482012408024"}},{"arcs":[[-3035,4361,-4033,4362]],"type":"Polygon","properties":{"GEOID":"482014234022"}},{"arcs":[[-387,4363,4364,4365,-1157,4366]],"type":"Polygon","properties":{"GEOID":"482012409042"}},{"arcs":[[4367,-818,-3605,4368,4369]],"type":"Polygon","properties":{"GEOID":"482014210001"}},{"arcs":[[-2044,-1789,-1845,4370,4371,4372,4373,4374,4375]],"type":"Polygon","properties":{"GEOID":"482019800001"}},{"arcs":[[4376,4377,4378,4379,-1581]],"type":"Polygon","properties":{"GEOID":"482014310023"}},{"arcs":[[-294,4380,-1977,4381,4382]],"type":"Polygon","properties":{"GEOID":"482014214022"}},{"arcs":[[-3755,4383,4384,-4301,4385,4386]],"type":"Polygon","properties":{"GEOID":"482012515041"}},{"arcs":[[4387,-1461,4388,4389]],"type":"Polygon","properties":{"GEOID":"482015217023"}},{"arcs":[[4390,-3345,4391,-4340]],"type":"Polygon","properties":{"GEOID":"482015538041"}},{"arcs":[[-3272,4392,4393,4394]],"type":"Polygon","properties":{"GEOID":"482014527011"}},{"arcs":[[4395,4396,-158,-4104,4397]],"type":"Polygon","properties":{"GEOID":"482015115021"}},{"arcs":[[4398,4399,-3378,4400]],"type":"Polygon","properties":{"GEOID":"482013140041"}},{"arcs":[[-916,4401,4402,4403,4404]],"type":"Polygon","properties":{"GEOID":"482012335012"}},{"arcs":[[-269,4405,-3967,4406,4407]],"type":"Polygon","properties":{"GEOID":"482014312041"}},{"arcs":[[4408,4409,4410,4411,4412,4413]],"type":"Polygon","properties":{"GEOID":"482014104014"}},{"arcs":[[4414,-500,-768,4415,-3255]],"type":"Polygon","properties":{"GEOID":"482013143021"}},{"arcs":[[-2305,4416,-3337,4417]],"type":"Polygon","properties":{"GEOID":"482012212004"}},{"arcs":[[-3735,4418,-3737,4419]],"type":"Polygon","properties":{"GEOID":"482015341022"}},{"arcs":[[-3535,-2108,4420,-3947]],"type":"Polygon","properties":{"GEOID":"482015503082"}},{"arcs":[[-3712,-1832,4421,-4352]],"type":"Polygon","properties":{"GEOID":"482013339061"}},{"arcs":[[4422,-3195,4423,4424,-1465]],"type":"Polygon","properties":{"GEOID":"482014513012"}},{"arcs":[[4425,4426,-1573,-1995,4427,4428,-2510,4429]],"type":"Polygon","properties":{"GEOID":"482014521013"}},{"arcs":[[-1055,4430,4431,4432]],"type":"Polygon","properties":{"GEOID":"482014549011"}},{"arcs":[[-2549,-4287,4433,-1476,4434,-3547]],"type":"Polygon","properties":{"GEOID":"482014308002"}},{"arcs":[[4435,4436,4437,-2104]],"type":"Polygon","properties":{"GEOID":"482013501031"}},{"arcs":[[4438,4439,-1549,4440]],"type":"Polygon","properties":{"GEOID":"482014522042"}},{"arcs":[[-4267,-1574,-4427,4441,-3193]],"type":"Polygon","properties":{"GEOID":"482014510042"}},{"arcs":[[4442,4443,4444,-14]],"type":"Polygon","properties":{"GEOID":"482013425004"}},{"arcs":[[4445,-2288,-921,-2381,-996,4446,-728]],"type":"Polygon","properties":{"GEOID":"482012405032"}},{"arcs":[[-3668,4447,4448,-1231,4449]],"type":"Polygon","properties":{"GEOID":"482015413021"}},{"arcs":[[-69,4450,4451,-2507,-3478,-2004]],"type":"Polygon","properties":{"GEOID":"482012217011"}},{"arcs":[[4452,4453,4454,4455,4456]],"type":"Polygon","properties":{"GEOID":"482015410061"}},{"arcs":[[-1709,4457,4458,4459]],"type":"Polygon","properties":{"GEOID":"482015429011"}},{"arcs":[[4460,4461,-4081,4462]],"type":"Polygon","properties":{"GEOID":"482013309011"}},{"arcs":[[4463,-3242,4464,-3460,4465,-3050,4466]],"type":"Polygon","properties":{"GEOID":"482014212051"}},{"arcs":[[-1826,-3875,4467,4468,-1387]],"type":"Polygon","properties":{"GEOID":"482015413011"}},{"arcs":[[-1803,-1137,4469,4470,-3898]],"type":"Polygon","properties":{"GEOID":"482014115062"}},{"arcs":[[-32,-3883,4471,-1371]],"type":"Polygon","properties":{"GEOID":"482014301013"}},{"arcs":[[-2952,4472,-2540,4473]],"type":"Polygon","properties":{"GEOID":"482012205004"}},{"arcs":[[4474,-1822,-1323,-796,4475]],"type":"Polygon","properties":{"GEOID":"482015527011"}},{"arcs":[[-1305,4476,4477]],"type":"Polygon","properties":{"GEOID":"482012536021"}},{"arcs":[[4478,-3382,4479,-4101]],"type":"Polygon","properties":{"GEOID":"482014110021"}},{"arcs":[[-2749,4480,4481,4482,4483,4484]],"type":"Polygon","properties":{"GEOID":"482013508011"}},{"arcs":[[4485,4486,4487,4488]],"type":"Polygon","properties":{"GEOID":"482014102021"}},{"arcs":[[4489,4490,-1904,4491,4492,-3508]],"type":"Polygon","properties":{"GEOID":"482015104002"}},{"arcs":[[4493,4494,4495,-389,4496,-2245]],"type":"Polygon","properties":{"GEOID":"482012409051"}},{"arcs":[[4497,-1447,4498,4499]],"type":"Polygon","properties":{"GEOID":"482014327052"}},{"arcs":[[-3180,4500,4501]],"type":"Polygon","properties":{"GEOID":"482014132062"}},{"arcs":[[4502,4503,-353]],"type":"Polygon","properties":{"GEOID":"482015417011"}},{"arcs":[[4504,4505,4506,-4161,-7,4507,4508]],"type":"Polygon","properties":{"GEOID":"482015338032"}},{"arcs":[[-3132,4509,4510,4511,4512]],"type":"Polygon","properties":{"GEOID":"482013209011"}},{"arcs":[[4513,4514,4515]],"type":"Polygon","properties":{"GEOID":"482012409031"}},{"arcs":[[-3684,-3259,-1346,-1019,4516]],"type":"Polygon","properties":{"GEOID":"482014539023"}},{"arcs":[[4517,-631,4518,4519]],"type":"Polygon","properties":{"GEOID":"482015203021"}},{"arcs":[[4520,4521,4522,4523]],"type":"Polygon","properties":{"GEOID":"482015544091"}},{"arcs":[[-1441,-2065,4524,4525,4526,4527]],"type":"Polygon","properties":{"GEOID":"482015112012"}},{"arcs":[[4528,-4404,4529,-1908]],"type":"Polygon","properties":{"GEOID":"482012335021"}},{"arcs":[[-4140,-2568,4530,-1912,4531]],"type":"Polygon","properties":{"GEOID":"482012113022"}},{"arcs":[[-1130,-711,4532]],"type":"Polygon","properties":{"GEOID":"482012501012"}},{"arcs":[[4533,4534,4535,-4361,4536,-2416]],"type":"Polygon","properties":{"GEOID":"482012404002"}},{"arcs":[[4537,4538,-2228,4539]],"type":"Polygon","properties":{"GEOID":"482015547021"}},{"arcs":[[-1921,-2084,4540]],"type":"Polygon","properties":{"GEOID":"482015323013"}},{"arcs":[[-1960,4541,-1467,4542,4543,4544]],"type":"Polygon","properties":{"GEOID":"482014514062"}},{"arcs":[[-3984,-3441,4545,-493,4546]],"type":"Polygon","properties":{"GEOID":"482014535011"}},{"arcs":[[-3964,4547,4548,-3014]],"type":"Polygon","properties":{"GEOID":"482013431001"}},{"arcs":[[4549,-3204,4550,4551]],"type":"Polygon","properties":{"GEOID":"482014211012"}},{"arcs":[[-3904,4552,4553,-3517,4554]],"type":"Polygon","properties":{"GEOID":"482014514012"}},{"arcs":[[4555,4556,4557,4558,4559,4560,4561,4562]],"type":"Polygon","properties":{"GEOID":"482015555011"}},{"arcs":[[4563,4564,-3804,-3920,4565]],"type":"Polygon","properties":{"GEOID":"482013122003"}},{"arcs":[[-4246,4566,-67,4567,4568]],"type":"Polygon","properties":{"GEOID":"482013214011"}},{"arcs":[[4569,4570]],"type":"Polygon","properties":{"GEOID":"482015543022"}},{"arcs":[[4571,4572,4573,4574,4575]],"type":"Polygon","properties":{"GEOID":"482015517022"}},{"arcs":[[-3418,4576,-167,4577]],"type":"Polygon","properties":{"GEOID":"482012324022"}},{"arcs":[[4578,-4184,4579,4580,4581,4582,-4186]],"type":"Polygon","properties":{"GEOID":"482015336001"}},{"arcs":[[4583,4584,-3110,4585]],"type":"Polygon","properties":{"GEOID":"482012337032"}},{"arcs":[[4586,-1127,-2722,4587,4588,4589,4590,4591]],"type":"Polygon","properties":{"GEOID":"482013433012"}},{"arcs":[[-2816,-4265,4592,-4244]],"type":"Polygon","properties":{"GEOID":"482013216003"}},{"arcs":[[4593,4594,-4564,4595,-928]],"type":"Polygon","properties":{"GEOID":"482013123002"}},{"arcs":[[-3624,4596,-3870,4597,4598]],"type":"Polygon","properties":{"GEOID":"482013107001"}},{"arcs":[[-3097,-4225,4599,4600]],"type":"Polygon","properties":{"GEOID":"482012109001"}},{"arcs":[[-3855,4601,-988,4602,4603,4604]],"type":"Polygon","properties":{"GEOID":"482014109002"}},{"arcs":[[-651,4605,4606,4607,-2907,4608]],"type":"Polygon","properties":{"GEOID":"482012538004"}},{"arcs":[[4609,-1409,-3752,-2121,4610,4611]],"type":"Polygon","properties":{"GEOID":"482015313002"}},{"arcs":[[4612,-2457,4613]],"type":"Polygon","properties":{"GEOID":"482012319003"}},{"arcs":[[4614,4615,-91,4616,4617,4618]],"type":"Polygon","properties":{"GEOID":"482014227021"}},{"arcs":[[-1143,4619,4620,-3760,-1197]],"type":"Polygon","properties":{"GEOID":"482014223021"}},{"arcs":[[-2530,-1743,-802,4621,4622]],"type":"Polygon","properties":{"GEOID":"482014221002"}},{"arcs":[[4623,-1051,4624,-2979,-1259]],"type":"Polygon","properties":{"GEOID":"482015224012"}},{"arcs":[[4625,-3151,4626,-3792]],"type":"Polygon","properties":{"GEOID":"482014332011"}},{"arcs":[[4627,4628,-3398,-1211,4629,-1125]],"type":"Polygon","properties":{"GEOID":"482013436023"}},{"arcs":[[4630,4631,4632,4633,4634]],"type":"Polygon","properties":{"GEOID":"482015537001"}},{"arcs":[[-146,-513,4635,4636,-2691,4637]],"type":"Polygon","properties":{"GEOID":"482015506021"}},{"arcs":[[-3843,-860,-2656,4638]],"type":"Polygon","properties":{"GEOID":"482015304001"}},{"arcs":[[-2668,-274,4639,4640,-2063]],"type":"Polygon","properties":{"GEOID":"482015113013"}},{"arcs":[[-1619,4641,4642,-2961,4643]],"type":"Polygon","properties":{"GEOID":"482012228001"}},{"arcs":[[4644,-2719,-1857,4645,4646]],"type":"Polygon","properties":{"GEOID":"482014114002"}},{"arcs":[[4647,4648,4649,-4444]],"type":"Polygon","properties":{"GEOID":"482013425003"}},{"arcs":[[4650,4651,-2764]],"type":"Polygon","properties":{"GEOID":"482013336002"}},{"arcs":[[4652,-2127,-1450,-3616]],"type":"Polygon","properties":{"GEOID":"482013233002"}},{"arcs":[[4653,4654,-2799,-976]],"type":"Polygon","properties":{"GEOID":"482013323001"}},{"arcs":[[4655,4656,4657,4658]],"type":"Polygon","properties":{"GEOID":"482013201002"}},{"arcs":[[-1785,4659,-2193,-3445,-2167]],"type":"Polygon","properties":{"GEOID":"482013409001"}},{"arcs":[[-902,-2887,4660,-2557,4661,4662,4663,4664]],"type":"Polygon","properties":{"GEOID":"482014209004"}},{"arcs":[[4665,-490,-2739,-862,4666]],"type":"Polygon","properties":{"GEOID":"482013422004"}},{"arcs":[[4667,-908,-3339]],"type":"Polygon","properties":{"GEOID":"482012212002"}},{"arcs":[[-3188,-343,4668,4669]],"type":"Polygon","properties":{"GEOID":"482012331032"}},{"arcs":[[4670,-2583,4671]],"type":"Polygon","properties":{"GEOID":"482014204002"}},{"arcs":[[4672,4673,-4535,4674]],"type":"Polygon","properties":{"GEOID":"482012408023"}},{"arcs":[[-254,4675,-3207,-1736,4676,-3459]],"type":"Polygon","properties":{"GEOID":"482014211031"}},{"arcs":[[4677,4678,4679,4680,4681,4682,4683,-1110,-324,-2258,4684,-2966,-2975]],"type":"Polygon","properties":{"GEOID":"482012327042"}},{"arcs":[[4685,4686,-4039]],"type":"Polygon","properties":{"GEOID":"482012304002"}},{"arcs":[[4687,4688,4689,4690,4691,-2528]],"type":"Polygon","properties":{"GEOID":"482014206001"}},{"arcs":[[-4519,-630,4692,-285,4693]],"type":"Polygon","properties":{"GEOID":"482015203011"}},{"arcs":[[4694,4695,4696,4697,4698,-2561,-2566]],"type":"Polygon","properties":{"GEOID":"482012119001"}},{"arcs":[[-3324,4699,4700,-4072]],"type":"Polygon","properties":{"GEOID":"482015501013"}},{"arcs":[[4701,4702,-762,-498,4703,4704]],"type":"Polygon","properties":{"GEOID":"482014133011"}},{"arcs":[[4705,-3135,-2900,4706,4707]],"type":"Polygon","properties":{"GEOID":"482013313001"}},{"arcs":[[-3551,4708,-3040,4709,4710]],"type":"Polygon","properties":{"GEOID":"482014232041"}},{"arcs":[[4711,-4488,4712,4713,4714,4715]],"type":"Polygon","properties":{"GEOID":"482014105011"}},{"arcs":[[4716,-1,4717,-2048]],"type":"Polygon","properties":{"GEOID":"482013318003"}},{"arcs":[[4718,-3715,-2932,4719,4720,-2131]],"type":"Polygon","properties":{"GEOID":"482015516022"}},{"arcs":[[-408,4721,-2276,-1963,-3866]],"type":"Polygon","properties":{"GEOID":"482014510062"}},{"arcs":[[4722,4723,4724,4725,4726]],"type":"Polygon","properties":{"GEOID":"482015526023"}},{"arcs":[[4727,4728,-4259,-742,4729,4730]],"type":"Polygon","properties":{"GEOID":"482015317002"}},{"arcs":[[-3368,4731,4732,4733,-4056]],"type":"Polygon","properties":{"GEOID":"482013229001"}},{"arcs":[[4734,4735,4736,-2421,4737]],"type":"Polygon","properties":{"GEOID":"482015548072"}},{"arcs":[[4738,4739,4740,-3426,4741,4742]],"type":"Polygon","properties":{"GEOID":"482013103006"}},{"arcs":[[4743,4744,4745,-1565]],"type":"Polygon","properties":{"GEOID":"482014543053"}},{"arcs":[[4746,4747,4748,-4558]],"type":"Polygon","properties":{"GEOID":"482015554042"}},{"arcs":[[4749,4750,4751]],"type":"Polygon","properties":{"GEOID":"482012410012"}},{"arcs":[[4752,4753,4754,4755,4756]],"type":"Polygon","properties":{"GEOID":"482015554031"}},{"arcs":[[4757,-4536,-4674,4758]],"type":"Polygon","properties":{"GEOID":"482012408022"}},{"arcs":[[4759,4760]],"type":"Polygon","properties":{"GEOID":"482012531021"}},{"arcs":[[-4155,4761,-2606,4762]],"type":"Polygon","properties":{"GEOID":"482015206032"}},{"arcs":[[4763,4764,-265,4765,4766]],"type":"Polygon","properties":{"GEOID":"482013308022"}},{"arcs":[[4767,4768,4769,4770,-3635,4771]],"type":"Polygon","properties":{"GEOID":"482013413022"}},{"arcs":[[-2638,-2221,-2143,4772,4773]],"type":"Polygon","properties":{"GEOID":"482012511001"}},{"arcs":[[4774,4775,-3416,4776,-3916,-1780]],"type":"Polygon","properties":{"GEOID":"482012329022"}},{"arcs":[[-1060,-4247,-4569,4777,-1034]],"type":"Polygon","properties":{"GEOID":"482013207003"}},{"arcs":[[4778,-4675,-4534,-2415,4779]],"type":"Polygon","properties":{"GEOID":"482012408032"}},{"arcs":[[4780,4781,4782,-4745]],"type":"Polygon","properties":{"GEOID":"482014517001"}},{"arcs":[[4783,-1474,4784,4785,-4378,4786,-3374]],"type":"Polygon","properties":{"GEOID":"482014309003"}},{"arcs":[[4787,4788,4789,-4027,4790,4791]],"type":"Polygon","properties":{"GEOID":"482015309001"}},{"arcs":[[4792,-643,-2165,4793,4794,4795,4796,4797]],"type":"Polygon","properties":{"GEOID":"482013117021"}},{"arcs":[[4798,-2113,-3386,4799,-3018,-4657]],"type":"Polygon","properties":{"GEOID":"482013202022"}},{"arcs":[[-4273,4800,4801]],"type":"Polygon","properties":{"GEOID":"482015427002"}},{"arcs":[[4802,-3818,-3849,4803]],"type":"Polygon","properties":{"GEOID":"482012305001"}},{"arcs":[[4804,4805,4806,4807,-1695]],"type":"Polygon","properties":{"GEOID":"482015416032"}},{"arcs":[[-3623,4808,4809,-3871,-4597]],"type":"Polygon","properties":{"GEOID":"482013107002"}},{"arcs":[[4810,4811,4812,-3971,4813,-1520]],"type":"Polygon","properties":{"GEOID":"482014321011"}},{"arcs":[[-4291,-3929,-782,4814,-4371,-1844,-1298,-1394]],"type":"Polygon","properties":{"GEOID":"482013332032"}},{"arcs":[[4815,-3860,-2335,4816,4817,-1255,-3570,4818,4819]],"type":"Polygon","properties":{"GEOID":"482015402001"}},{"arcs":[[-2671,4820,-1905,-4491,4821]],"type":"Polygon","properties":{"GEOID":"482015104001"}},{"arcs":[[-26,4822,-2106,4823,4824]],"type":"Polygon","properties":{"GEOID":"482013501041"}},{"arcs":[[4825,4826,4827,4828,-4375]],"type":"Polygon","properties":{"GEOID":"482013337001"}},{"arcs":[[-1494,-2053,-1156,4829,4830,-1444]],"type":"Polygon","properties":{"GEOID":"482014327041"}},{"arcs":[[4831,-1336,4832,4833]],"type":"Polygon","properties":{"GEOID":"482015552001"}},{"arcs":[[4834,4835,-1292,4836,-1240]],"type":"Polygon","properties":{"GEOID":"482013136003"}},{"arcs":[[-4531,-3991,4837,-4208]],"type":"Polygon","properties":{"GEOID":"482012114001"}},{"arcs":[[4838,-3621,-2762,-4,-2800]],"type":"Polygon","properties":{"GEOID":"482013325001"}},{"arcs":[[-4345,-1003,-1038,-4120,4839,-3029,4840]],"type":"Polygon","properties":{"GEOID":"482013211012"}},{"arcs":[[4841,4842,4843,4844]],"type":"Polygon","properties":{"GEOID":"482012312002"}},{"arcs":[[-3047,4845,-2551,4846]],"type":"Polygon","properties":{"GEOID":"482014214032"}},{"arcs":[[4847,-4425,-4430,-2509,4848]],"type":"Polygon","properties":{"GEOID":"482014520023"}},{"arcs":[[4849,4850,-1406,-4610]],"type":"Polygon","properties":{"GEOID":"482015313003"}},{"arcs":[[-2718,-4103,-1859]],"type":"Polygon","properties":{"GEOID":"482014110011"}},{"arcs":[[4851,-3786,4852,4853]],"type":"Polygon","properties":{"GEOID":"482013220003"}},{"arcs":[[4854,-1521,4855,-1508,-1543]],"type":"Polygon","properties":{"GEOID":"482014325021"}},{"arcs":[[-2097,4856,4857,4858]],"type":"Polygon","properties":{"GEOID":"482012230022"}},{"arcs":[[4859,4860,-3918]],"type":"Polygon","properties":{"GEOID":"482012330012"}},{"arcs":[[4861,4862,-3238,-4464,4863,-1498,-881,-3878,4864,-223]],"type":"Polygon","properties":{"GEOID":"482014328042"}},{"arcs":[[4865,4866,-2094,4867]],"type":"Polygon","properties":{"GEOID":"482012230021"}},{"arcs":[[4868,-2031,-3183,-763,-4703]],"type":"Polygon","properties":{"GEOID":"482014133014"}},{"arcs":[[-1562,4869,4870]],"type":"Polygon","properties":{"GEOID":"482014528013"}},{"arcs":[[4871,-1047,4872,4873,-4218,-2351]],"type":"Polygon","properties":{"GEOID":"482014543024"}},{"arcs":[[-4394,-2493,-3682,-3197]],"type":"Polygon","properties":{"GEOID":"482014527012"}},{"arcs":[[-3492,-4160,4874,4875]],"type":"Polygon","properties":{"GEOID":"482015421053"}},{"arcs":[[-1193,-1238,-2324,4876,-2241]],"type":"Polygon","properties":{"GEOID":"482015321022"}},{"arcs":[[4877,-1448,-4498,4878,4879]],"type":"Polygon","properties":{"GEOID":"482014327061"}},{"arcs":[[-2512,4880,4881,4882,-1555,-3890,4883,-1561,4884]],"type":"Polygon","properties":{"GEOID":"482014525012"}},{"arcs":[[-4134,-4395,-3196,4885]],"type":"Polygon","properties":{"GEOID":"482014527022"}},{"arcs":[[-807,4886]],"type":"Polygon","properties":{"GEOID":"482013338011"}},{"arcs":[[4887,4888,4889,4890,4891]],"type":"Polygon","properties":{"GEOID":"482015424024"}},{"arcs":[[4892,4893,-1076,-1072]],"type":"Polygon","properties":{"GEOID":"482014222003"}},{"arcs":[[-3039,4894,4895,4896,-539,-2411]],"type":"Polygon","properties":{"GEOID":"482014233041"}},{"arcs":[[4897,4898,4899,4900]],"type":"Polygon","properties":{"GEOID":"482014315061"}},{"arcs":[[4901,-4739,4902,-2175]],"type":"Polygon","properties":{"GEOID":"482013102002"}},{"arcs":[[4903,-1854,4904,4905,-441]],"type":"Polygon","properties":{"GEOID":"482014107032"}},{"arcs":[[4906,4907,4908,-649,4909,-2913,-1165]],"type":"Polygon","properties":{"GEOID":"482012532022"}},{"arcs":[[4910,-3972,-4813]],"type":"Polygon","properties":{"GEOID":"482014321012"}},{"arcs":[[4911,4912]],"type":"Polygon","properties":{"GEOID":"482012504071"}},{"arcs":[[4913,4914,-2819,4915,-596]],"type":"Polygon","properties":{"GEOID":"482013140012"}},{"arcs":[[-4163,4916,4917]],"type":"Polygon","properties":{"GEOID":"482015333021"}},{"arcs":[[-683,4918,-2345,4919,4920,-4522,4921]],"type":"Polygon","properties":{"GEOID":"482015544092"}},{"arcs":[[4922,-4670,4923,-852]],"type":"Polygon","properties":{"GEOID":"482012331031"}},{"arcs":[[-4525,-2064,-4641,4924,4925,-1117]],"type":"Polygon","properties":{"GEOID":"482015109021"}},{"arcs":[[4926,4927,4928,4929,-431]],"type":"Polygon","properties":{"GEOID":"482013405021"}},{"arcs":[[4930,-1233,4931,4932]],"type":"Polygon","properties":{"GEOID":"482015421082"}},{"arcs":[[-4704,-497,4933]],"type":"Polygon","properties":{"GEOID":"482014133013"}},{"arcs":[[4934,4935,4936,4937,-4816,4938,4939]],"type":"Polygon","properties":{"GEOID":"482015401013"}},{"arcs":[[4940,4941,-3354]],"type":"Polygon","properties":{"GEOID":"482015517054"}},{"arcs":[[4942,4943,-622,-1829,-1745,4944,-4896]],"type":"Polygon","properties":{"GEOID":"482014233032"}},{"arcs":[[4945,4946,4947,4948,-2712,-3388]],"type":"Polygon","properties":{"GEOID":"482014119012"}},{"arcs":[[4949,4950,4951,4952,4953]],"type":"Polygon","properties":{"GEOID":"482014520012"}},{"arcs":[[4954,4955,-798,4956,4957,4958,4959,4960]],"type":"Polygon","properties":{"GEOID":"482015525023"}},{"arcs":[[4961,4962,4963,-4176,4964]],"type":"Polygon","properties":{"GEOID":"482013219004"}},{"arcs":[[-2555,-88,4965]],"type":"Polygon","properties":{"GEOID":"482014213011"}},{"arcs":[[-4643,4966,4967,4968,-2679,-2962]],"type":"Polygon","properties":{"GEOID":"482012228003"}},{"arcs":[[-4604,4969,-4947]],"type":"Polygon","properties":{"GEOID":"482014119011"}},{"arcs":[[-4777,4970,-2972,-3083,-80,4971,-4860,-3917]],"type":"Polygon","properties":{"GEOID":"482012330011"}},{"arcs":[[4972,-4880,4973,4974]],"type":"Polygon","properties":{"GEOID":"482014326001"}},{"arcs":[[-3389,-2714,-339,-1711,-2895]],"type":"Polygon","properties":{"GEOID":"482014120002"}},{"arcs":[[4975,4976,4977,-2767,4978,-1214]],"type":"Polygon","properties":{"GEOID":"482013328003"}},{"arcs":[[4979,4980,4981,-2803]],"type":"Polygon","properties":{"GEOID":"482013321002"}},{"arcs":[[4982,-4835,-1239,-669,-4014]],"type":"Polygon","properties":{"GEOID":"482013137001"}},{"arcs":[[-4229,4983]],"type":"Polygon","properties":{"GEOID":"482013205002"}},{"arcs":[[-2947,4984,-4297,-1810,-2849,4985,4986]],"type":"Polygon","properties":{"GEOID":"482013105002"}},{"arcs":[[-576,-1522,-4855,-1546,-3164]],"type":"Polygon","properties":{"GEOID":"482014322002"}},{"arcs":[[-4910,-652,4987,-2914]],"type":"Polygon","properties":{"GEOID":"482012537003"}},{"arcs":[[4988,4989,4990]],"type":"Polygon","properties":{"GEOID":"482012224022"}},{"arcs":[[-79,4991,4992,4993]],"type":"Polygon","properties":{"GEOID":"482012331013"}},{"arcs":[[-4590,4994,4995,-3757,-2727,4996]],"type":"Polygon","properties":{"GEOID":"482013433011"}},{"arcs":[[4997,4998,4999,5000,5001,-2497,5002,5003]],"type":"Polygon","properties":{"GEOID":"482014231001"}},{"arcs":[[5004,5005,-4479,-4100,-2717]],"type":"Polygon","properties":{"GEOID":"482014111003"}},{"arcs":[[-2664,5006,5007,5008,-3975,5009]],"type":"Polygon","properties":{"GEOID":"482015116001"}},{"arcs":[[-2598,-4270,5010,-4850,-4612,-2100,5011]],"type":"Polygon","properties":{"GEOID":"482015314001"}},{"arcs":[[-1483,5012,-2702,5013,5014,5015,5016]],"type":"Polygon","properties":{"GEOID":"482014305001"}},{"arcs":[[-4417,-3479,-2519,-909,-4668,-3338]],"type":"Polygon","properties":{"GEOID":"482012212001"}},{"arcs":[[-3055,5017,5018]],"type":"Polygon","properties":{"GEOID":"482014502002"}},{"arcs":[[-4233,5019,-2609,5020,5021,5022,5023]],"type":"Polygon","properties":{"GEOID":"482015207003"}},{"arcs":[[5024,5025,5026]],"type":"Polygon","properties":{"GEOID":"482015332003"}},{"arcs":[[5027,5028,-3212,-2533,5029]],"type":"Polygon","properties":{"GEOID":"482014219002"}},{"arcs":[[-1630,5030,-2673,5031,-2707,-271,5032]],"type":"Polygon","properties":{"GEOID":"482015113023"}},{"arcs":[[5033,5034,5035,5036,5037]],"type":"Polygon","properties":{"GEOID":"482013503003"}},{"arcs":[[-531,5038,5039]],"type":"Polygon","properties":{"GEOID":"482015503071"}},{"arcs":[[5040,-245,-1944,-999,-1644,5041]],"type":"Polygon","properties":{"GEOID":"482013212002"}},{"arcs":[[5042,5043,-719,-2919,5044,-203,5045,5046]],"type":"Polygon","properties":{"GEOID":"482012527001"}},{"arcs":[[5047,5048,5049,5050,-1009,-1699,5051]],"type":"Polygon","properties":{"GEOID":"482014226021"}},{"arcs":[[-3558,-1777,5052,-1648,5053]],"type":"Polygon","properties":{"GEOID":"482013411011"}},{"arcs":[[5054,-3740,-2331,5055,-1282,5056]],"type":"Polygon","properties":{"GEOID":"482015342052"}},{"arcs":[[-2640,5057,5058,5059,5060,5061]],"type":"Polygon","properties":{"GEOID":"482012511005"}},{"arcs":[[-4484,5062,-1098,5063,5064]],"type":"Polygon","properties":{"GEOID":"482013508013"}},{"arcs":[[5065,5066,5067,-1759,5068]],"type":"Polygon","properties":{"GEOID":"482013226001"}},{"arcs":[[-560,-2897,5069,-3314,5070,-3608]],"type":"Polygon","properties":{"GEOID":"482014123004"}},{"arcs":[[5071,5072,5073,5074,5075]],"type":"Polygon","properties":{"GEOID":"482012507021"}},{"arcs":[[5076,-3720,5077,-2208,5078,5079]],"type":"Polygon","properties":{"GEOID":"482015521023"}},{"arcs":[[-4102,-4480,5080,5081,-3387,-624,5082]],"type":"Polygon","properties":{"GEOID":"482014110031"}},{"arcs":[[-4838,-3990,5083,-2945,-4209]],"type":"Polygon","properties":{"GEOID":"482012114002"}},{"arcs":[[-2607,5084,-4520,-4694,-288,5085,5086]],"type":"Polygon","properties":{"GEOID":"482015203022"}},{"arcs":[[-732,-2783,5087,-3008,5088]],"type":"Polygon","properties":{"GEOID":"482013237012"}},{"arcs":[[-4742,-3425,-3894,-2856,5089,-2847,5090,-381,-3806,5091]],"type":"Polygon","properties":{"GEOID":"482013103003"}},{"arcs":[[-4235,5092,-703]],"type":"Polygon","properties":{"GEOID":"482012407042"}},{"arcs":[[-4884,-3892,5093,5094,5095,-4870]],"type":"Polygon","properties":{"GEOID":"482014528021"}},{"arcs":[[-3172,5096,5097,5098,5099]],"type":"Polygon","properties":{"GEOID":"482015544051"}},{"arcs":[[-4755,5100,5101,-4748,5102]],"type":"Polygon","properties":{"GEOID":"482015554043"}},{"arcs":[[5103,5104,-3399,-4629]],"type":"Polygon","properties":{"GEOID":"482013436021"}},{"arcs":[[-4909,5105,-3933,5106,-4606,-650]],"type":"Polygon","properties":{"GEOID":"482012538002"}},{"arcs":[[5107,5108,5109,-1716,5110]],"type":"Polygon","properties":{"GEOID":"482013301021"}},{"arcs":[[-843,5111,-84,-1386,-1349,-1420]],"type":"Polygon","properties":{"GEOID":"482015412062"}},{"arcs":[[5112,-1271,5113,-1720]],"type":"Polygon","properties":{"GEOID":"482015414041"}},{"arcs":[[-854,5114,-4683,5115]],"type":"Polygon","properties":{"GEOID":"482012332002"}},{"arcs":[[-2114,-4799,-4656]],"type":"Polygon","properties":{"GEOID":"482013202021"}},{"arcs":[[-579,-4752,5116,5117,5118]],"type":"Polygon","properties":{"GEOID":"482012410013"}},{"arcs":[[-3834,5119,5120,5121,5122,5123]],"type":"Polygon","properties":{"GEOID":"482012411033"}},{"arcs":[[5124,-4022,5125,5126,-1662,5127]],"type":"Polygon","properties":{"GEOID":"482013304003"}},{"arcs":[[5128,5129,5130,5131]],"type":"Polygon","properties":{"GEOID":"482015406021"}},{"arcs":[[-4137,-3223,5132,5133,-1632,-790]],"type":"Polygon","properties":{"GEOID":"482012322022"}},{"arcs":[[-4543,5134,5135,5136]],"type":"Polygon","properties":{"GEOID":"482014520013"}},{"arcs":[[5137,5138,-108,5139,-1077]],"type":"Polygon","properties":{"GEOID":"482013303033"}},{"arcs":[[-2313,5140,5141,5142,-2951]],"type":"Polygon","properties":{"GEOID":"482012206001"}},{"arcs":[[5143,5144,5145]],"type":"Polygon","properties":{"GEOID":"482015544101"}},{"arcs":[[-3826,5146,-3830,-1099,-5063,-4483,5147]],"type":"Polygon","properties":{"GEOID":"482013506031"}},{"arcs":[[5148,-3706,5149,-4967,-4642,-1618]],"type":"Polygon","properties":{"GEOID":"482012229001"}},{"arcs":[[-230,-4307,5150,-3951,5151]],"type":"Polygon","properties":{"GEOID":"482014329031"}},{"arcs":[[5152,-1133,5153,5154,-1615,-4336,5155,5156]],"type":"Polygon","properties":{"GEOID":"482012415032"}},{"arcs":[[-4211,5157,5158]],"type":"Polygon","properties":{"GEOID":"482013101021"}},{"arcs":[[5159,-2655,-4187,-4583,-4506,5160,5161]],"type":"Polygon","properties":{"GEOID":"482015338042"}},{"arcs":[[5162,5163,5164,5165]],"type":"Polygon","properties":{"GEOID":"482015426002"}},{"arcs":[[5166,5167,-1909,5168,-2865,-3111,-4585,5169,5170,5171]],"type":"Polygon","properties":{"GEOID":"482012337011"}},{"arcs":[[5172,-3976,-5009,5173,5174,-38,5175,-636]],"type":"Polygon","properties":{"GEOID":"482015103011"}},{"arcs":[[5176,5177,5178,-2365,5179]],"type":"Polygon","properties":{"GEOID":"482015511012"}},{"arcs":[[5180,5181,5182,5183,5184]],"type":"Polygon","properties":{"GEOID":"482012519022"}},{"arcs":[[5185,-2018,-2698,-3599,-2020]],"type":"Polygon","properties":{"GEOID":"482014315042"}},{"arcs":[[-90,-468,-5049,5186,-4617]],"type":"Polygon","properties":{"GEOID":"482014227013"}},{"arcs":[[-5032,-2672,-4822,-4490,-3507,-2708]],"type":"Polygon","properties":{"GEOID":"482015104003"}},{"arcs":[[-4337,-3176,5187,-4804,-3851,5188,5189,5190]],"type":"Polygon","properties":{"GEOID":"482012209001"}},{"arcs":[[-2261,5191,5192,5193,-4927,-430]],"type":"Polygon","properties":{"GEOID":"482013405022"}},{"arcs":[[5194,5195,5196,5197]],"type":"Polygon","properties":{"GEOID":"482015217011"}},{"arcs":[[-190,-506,5198,-1511,-3887]],"type":"Polygon","properties":{"GEOID":"482014330071"}},{"arcs":[[5199,-1726,5200,-2538]],"type":"Polygon","properties":{"GEOID":"482014218021"}},{"arcs":[[-3701,-4982,5201,-980,-4002,5202]],"type":"Polygon","properties":{"GEOID":"482013320001"}},{"arcs":[[5203,-137,-572,-844,-1421,-1347,5204,5205]],"type":"Polygon","properties":{"GEOID":"482015430062"}},{"arcs":[[5206,5207,5208]],"type":"Polygon","properties":{"GEOID":"482012508021"}},{"arcs":[[5209,-4875,-4159,-1693,5210,5211,-3670,-2407]],"type":"Polygon","properties":{"GEOID":"482015421051"}},{"arcs":[[5212,-393,-3732,-3540]],"type":"Polygon","properties":{"GEOID":"482015340023"}},{"arcs":[[-1888,5213,5214,5215]],"type":"Polygon","properties":{"GEOID":"482012509023"}},{"arcs":[[-4736,5216,-3960,-4188,5217]],"type":"Polygon","properties":{"GEOID":"482015548051"}},{"arcs":[[-5205,-1352,5218,-1988,-3262,-4125]],"type":"Polygon","properties":{"GEOID":"482015430092"}},{"arcs":[[5219,5220,-2066,5221]],"type":"Polygon","properties":{"GEOID":"482015550023"}},{"arcs":[[5222,5223,5224,5225]],"type":"Polygon","properties":{"GEOID":"482012105001"}},{"arcs":[[5226,5227,5228,-3219,5229,-303]],"type":"Polygon","properties":{"GEOID":"482013315012"}},{"arcs":[[5230,-4457,5231,-135,5232]],"type":"Polygon","properties":{"GEOID":"482015410062"}},{"arcs":[[5233,5234,5235,-582,5236,5237]],"type":"Polygon","properties":{"GEOID":"482012411044"}},{"arcs":[[5238,-5234,5239,5240,5241]],"type":"Polygon","properties":{"GEOID":"482012411043"}},{"arcs":[[5242,-3392,5243,-1657,-4356,-3481,5244]],"type":"Polygon","properties":{"GEOID":"482012225012"}},{"arcs":[[-2354,-3007,-2879,5245,5246]],"type":"Polygon","properties":{"GEOID":"482014542001"}},{"arcs":[[5247,5248,5249,5250,-4198]],"type":"Polygon","properties":{"GEOID":"482013414001"}},{"arcs":[[5251,5252,5253,-3930,-5106,-4908]],"type":"Polygon","properties":{"GEOID":"482012532011"}},{"arcs":[[-2300,5254,-856,-3842,5255]],"type":"Polygon","properties":{"GEOID":"482015305012"}},{"arcs":[[5256,5257,5258]],"type":"Polygon","properties":{"GEOID":"482013508042"}},{"arcs":[[-4473,-5143,5259,-1183,-2541]],"type":"Polygon","properties":{"GEOID":"482012204001"}},{"arcs":[[5260,5261,5262,-319,5263,-2223]],"type":"Polygon","properties":{"GEOID":"482015553053"}},{"arcs":[[5264,5265,5266,5267,5268,5269,5270]],"type":"Polygon","properties":{"GEOID":"482015560005"}},{"arcs":[[-924,5271,5272,-1022]],"type":"Polygon","properties":{"GEOID":"482014538002"}},{"arcs":[[5273,-4592,5274,-2735,5275]],"type":"Polygon","properties":{"GEOID":"482013428022"}},{"arcs":[[-1150,-2141,-2001,5276,5277,5278]],"type":"Polygon","properties":{"GEOID":"482015509012"}},{"arcs":[[5279,5280,5281,5282,-1940,-3573,-2360]],"type":"Polygon","properties":{"GEOID":"482015524021"}},{"arcs":[[-2487,-2466,5283,5284,-2480,5285]],"type":"Polygon","properties":{"GEOID":"482012310002"}},{"arcs":[[-383,-3122,-2831,5286,5287,5288]],"type":"Polygon","properties":{"GEOID":"482013133002"}},{"arcs":[[5289,-3493,-4876,-5210,5290]],"type":"Polygon","properties":{"GEOID":"482015421052"}},{"arcs":[[5291,5292,5293,-2251,5294,5295,5296]],"type":"Polygon","properties":{"GEOID":"482015504061"}},{"arcs":[[-1335,-3526,5297,-2249]],"type":"Polygon","properties":{"GEOID":"482015504032"}},{"arcs":[[-5241,5298,5299,-5120,-3836,5300,-2134,5301]],"type":"Polygon","properties":{"GEOID":"482012411031"}},{"arcs":[[5302,5303,5304,5305,5306]],"type":"Polygon","properties":{"GEOID":"482012323063"}},{"arcs":[[-1570,-3167,5307,5308,-4239]],"type":"Polygon","properties":{"GEOID":"482014323012"}},{"arcs":[[-4449,5309,-1722,-62,5310,5311]],"type":"Polygon","properties":{"GEOID":"482015415002"}},{"arcs":[[5312,5313,5314,-2995,5315,-2427,5316]],"type":"Polygon","properties":{"GEOID":"482013402022"}},{"arcs":[[-1749,5317,5318,-1312,5319,-4781,5320]],"type":"Polygon","properties":{"GEOID":"482014516063"}},{"arcs":[[-4796,5321,5322]],"type":"Polygon","properties":{"GEOID":"482013329002"}},{"arcs":[[-1132,-307,5323,-905,5324,-5154]],"type":"Polygon","properties":{"GEOID":"482012415022"}},{"arcs":[[5325,5326,5327,-1309,5328]],"type":"Polygon","properties":{"GEOID":"482014516051"}},{"arcs":[[-2777,-183,-3434,-3137,5329]],"type":"Polygon","properties":{"GEOID":"482013312002"}},{"arcs":[[5330,5331,-970,5332,5333,5334]],"type":"Polygon","properties":{"GEOID":"482015430042"}},{"arcs":[[-5287,-2830,-2825,5335,5336]],"type":"Polygon","properties":{"GEOID":"482013134003"}},{"arcs":[[5337,5338,-5313,-194,5339]],"type":"Polygon","properties":{"GEOID":"482013420011"}},{"arcs":[[-3350,5340,5341,5342]],"type":"Polygon","properties":{"GEOID":"482015405023"}},{"arcs":[[-3217,5343,5344,5345,5346,5347]],"type":"Polygon","properties":{"GEOID":"482013308012"}},{"arcs":[[5348,5349,-3037,-4709,-3550,5350]],"type":"Polygon","properties":{"GEOID":"482014233011"}},{"arcs":[[-325,-1113,5351,-4402,-915]],"type":"Polygon","properties":{"GEOID":"482012333002"}},{"arcs":[[5352,-2296,-3420,5353,5354]],"type":"Polygon","properties":{"GEOID":"482012324051"}},{"arcs":[[-4168,-1248,-2629,5355]],"type":"Polygon","properties":{"GEOID":"482015506012"}},{"arcs":[[-5219,-1351,5356,5357,-1989]],"type":"Polygon","properties":{"GEOID":"482015430083"}},{"arcs":[[5358,-3584,-3251,-2931,-39,-5175]],"type":"Polygon","properties":{"GEOID":"482012123005"}},{"arcs":[[-4679,5359,-259,5360]],"type":"Polygon","properties":{"GEOID":"482012328021"}},{"arcs":[[5361,-5357,-1350,-1392,-3669,-4450,-1230,-4931]],"type":"Polygon","properties":{"GEOID":"482015421071"}},{"arcs":[[5362,5363,5364,5365]],"type":"Polygon","properties":{"GEOID":"482015424013"}},{"arcs":[[-5285,5366,5367,-589,-3581,-2481]],"type":"Polygon","properties":{"GEOID":"482012309001"}},{"arcs":[[5368,5369,5370]],"type":"Polygon","properties":{"GEOID":"482015406022"}},{"arcs":[[5371,5372,5373,5374,-3654,-3577]],"type":"Polygon","properties":{"GEOID":"482015339041"}},{"arcs":[[-3485,5375,-4991,5376,5377,5378,-4581]],"type":"Polygon","properties":{"GEOID":"482012224012"}},{"arcs":[[-1236,-2441,5379,-4269,-2325]],"type":"Polygon","properties":{"GEOID":"482015316002"}},{"arcs":[[5380,-4828,5381,-808,-4887,-812,5382,-28,5383,5384,-5346]],"type":"Polygon","properties":{"GEOID":"482013338013"}},{"arcs":[[5385,-3173,-5100,5386,5387]],"type":"Polygon","properties":{"GEOID":"482015544053"}},{"arcs":[[5388,5389,5390,-2188]],"type":"Polygon","properties":{"GEOID":"482013110011"}},{"arcs":[[-5238,5391,5392,-5299,-5240]],"type":"Polygon","properties":{"GEOID":"482012411053"}},{"arcs":[[5393,-4933,5394,-3489,5395]],"type":"Polygon","properties":{"GEOID":"482015421081"}},{"arcs":[[-4018,-152,5396,5397,-341,-1635,5398]],"type":"Polygon","properties":{"GEOID":"482012331051"}},{"arcs":[[5399,5400,-3362,-3961,5401,5402]],"type":"Polygon","properties":{"GEOID":"482015548092"}},{"arcs":[[-4421,-2107,5403]],"type":"Polygon","properties":{"GEOID":"482015503061"}},{"arcs":[[-4640,-273,-2710,-3506,-4925]],"type":"Polygon","properties":{"GEOID":"482015105003"}},{"arcs":[[-2195,5404,-3556,5405,-3446]],"type":"Polygon","properties":{"GEOID":"482013410012"}},{"arcs":[[-215,-1507,5406,5407,5408,5409]],"type":"Polygon","properties":{"GEOID":"482014551022"}},{"arcs":[[-1982,5410,5411,-5282,5412]],"type":"Polygon","properties":{"GEOID":"482015523031"}},{"arcs":[[-132,-414,-3962,-1541,5413,5414]],"type":"Polygon","properties":{"GEOID":"482014335042"}},{"arcs":[[-4771,5415,5416,5417,-3632]],"type":"Polygon","properties":{"GEOID":"482013412032"}},{"arcs":[[5418,5419,5420,5421,5422,5423,5424]],"type":"Polygon","properties":{"GEOID":"482015549021"}},{"arcs":[[5425,5426,-5302,5427]],"type":"Polygon","properties":{"GEOID":"482012411012"}},{"arcs":[[5428,-4389,5429,5430,5431,5432,5433,5434,5435]],"type":"Polygon","properties":{"GEOID":"482015205022"}},{"arcs":[[5436,-76,5437,-2205,5438,5439]],"type":"Polygon","properties":{"GEOID":"482015520021"}},{"arcs":[[-46,5440,5441,-2262,-3982]],"type":"Polygon","properties":{"GEOID":"482014536032"}},{"arcs":[[-205,5442,5443,5444,5445,-1878,5446]],"type":"Polygon","properties":{"GEOID":"482012530004"}},{"arcs":[[5447,-4508,-11,-1608,5448,-2631,5449]],"type":"Polygon","properties":{"GEOID":"482015334022"}},{"arcs":[[5450,5451,5452,-4143]],"type":"Polygon","properties":{"GEOID":"482015542011"}},{"arcs":[[-2263,-5442,5453,-246,5454,-3438,-3983]],"type":"Polygon","properties":{"GEOID":"482014536042"}},{"arcs":[[5455,-3996,5456,-2003,-2142,-1148,5457]],"type":"Polygon","properties":{"GEOID":"482015509022"}},{"arcs":[[-1279,5458,5459,-1723]],"type":"Polygon","properties":{"GEOID":"482014401021"}},{"arcs":[[5460,5461,5462,-2682]],"type":"Polygon","properties":{"GEOID":"482012218002"}},{"arcs":[[5463,-549,5464,-5004,-1103,-2471]],"type":"Polygon","properties":{"GEOID":"482014336011"}},{"arcs":[[5465,-4499,-1446,5466,-4863,5467]],"type":"Polygon","properties":{"GEOID":"482014327051"}},{"arcs":[[5468,5469,5470,5471]],"type":"Polygon","properties":{"GEOID":"482012516001"}},{"arcs":[[5472,5473,-694,5474,5475,-2521,5476,5477,-4300,-1750,-5321,-4744,-1567,-1043,-4872,-2350,5478,5479]],"type":"Polygon","properties":{"GEOID":"482014544001"}},{"arcs":[[5480,-4512,5481,5482,5483,-4373]],"type":"Polygon","properties":{"GEOID":"482013333021"}},{"arcs":[[-1084,-2219,-2637]],"type":"Polygon","properties":{"GEOID":"482012512003"}},{"arcs":[[-3510,-3545,5484,5485,5486]],"type":"Polygon","properties":{"GEOID":"482015106011"}},{"arcs":[[5487,5488,-4298,-5478]],"type":"Polygon","properties":{"GEOID":"482014516042"}},{"arcs":[[-5378,-71,5489,5490]],"type":"Polygon","properties":{"GEOID":"482012216012"}},{"arcs":[[-1339,5491,-5220,5492]],"type":"Polygon","properties":{"GEOID":"482015550021"}},{"arcs":[[5493,-832,5494,-385,5495,-3455]],"type":"Polygon","properties":{"GEOID":"482013120003"}},{"arcs":[[-4692,5496,-2587,-1741,-2529]],"type":"Polygon","properties":{"GEOID":"482014205003"}},{"arcs":[[5497,5498,-5214,-1887,5499,5500,5501]],"type":"Polygon","properties":{"GEOID":"482012509022"}},{"arcs":[[5502,-1373,5503,5504,5505,5506,5507]],"type":"Polygon","properties":{"GEOID":"482014302001"}},{"arcs":[[-5203,-4004,5508,-4717,-3893]],"type":"Polygon","properties":{"GEOID":"482013319003"}},{"arcs":[[-3572,5509,5510]],"type":"Polygon","properties":{"GEOID":"482015432021"}},{"arcs":[[-4915,-1384,-4009,5511,-2820]],"type":"Polygon","properties":{"GEOID":"482013139011"}},{"arcs":[[5512,-2152,-4228,-2054,-3638,5513,-4714]],"type":"Polygon","properties":{"GEOID":"482014107042"}},{"arcs":[[-354,5514,5515,5516,-2386,5517,5518]],"type":"Polygon","properties":{"GEOID":"482015419011"}},{"arcs":[[5519,5520,-3644,-1031,5521,-1556,5522]],"type":"Polygon","properties":{"GEOID":"482014504022"}},{"arcs":[[5523,-122,-5482,-4511]],"type":"Polygon","properties":{"GEOID":"482013209012"}},{"arcs":[[5524,5525,5526,5527,5528]],"type":"Polygon","properties":{"GEOID":"482012509012"}},{"arcs":[[-249,-1101,5529,-470,5530]],"type":"Polygon","properties":{"GEOID":"482014534053"}},{"arcs":[[-5322,-4795,5531,5532,-4977]],"type":"Polygon","properties":{"GEOID":"482013329003"}},{"arcs":[[5533,5534,5535,5536,-3841,5537,5538,5539,5540]],"type":"Polygon","properties":{"GEOID":"482012413013"}},{"arcs":[[-2520,-1535,-3907,5541,5542,-5488,-5477]],"type":"Polygon","properties":{"GEOID":"482014516041"}},{"arcs":[[5543,-4054,5544,-943,5545,-2291]],"type":"Polygon","properties":{"GEOID":"482012407062"}},{"arcs":[[-4019,-5399,-1634,5546,-4992]],"type":"Polygon","properties":{"GEOID":"482012331052"}},{"arcs":[[-3126,-1035,-4778,5547,-2812,-3133,-4513,5548,5549]],"type":"Polygon","properties":{"GEOID":"482013207001"}},{"arcs":[[-3304,-1017,-1583,-138,-1586]],"type":"Polygon","properties":{"GEOID":"482014508042"}},{"arcs":[[5550,5551,5552,-4697]],"type":"Polygon","properties":{"GEOID":"482012119002"}},{"arcs":[[5553,5554,5555,-3754,5556,5557]],"type":"Polygon","properties":{"GEOID":"482012515012"}},{"arcs":[[5558,5559,5560,5561]],"type":"Polygon","properties":{"GEOID":"482015339031"}},{"arcs":[[5562,5563,5564,-2170,5565,-1647,-3831,-5147,-3829,5566,-56,5567,5568]],"type":"Polygon","properties":{"GEOID":"482013506011"}},{"arcs":[[-75,5569,5570,-3352,-2202,-5438]],"type":"Polygon","properties":{"GEOID":"482015520033"}},{"arcs":[[-4964,5571,-2809,-663,-4263,-2814,-4177]],"type":"Polygon","properties":{"GEOID":"482013216001"}},{"arcs":[[-4618,-5187,-5048,5572,5573,5574]],"type":"Polygon","properties":{"GEOID":"482014227011"}},{"arcs":[[-287,-29,5575]],"type":"Polygon","properties":{"GEOID":"482015202002"}},{"arcs":[[-3472,5576,-2232,-2592,5577,5578,5579]],"type":"Polygon","properties":{"GEOID":"482015546002"}},{"arcs":[[-2204,-3357,5580,-3719,-2201,5581,-5439]],"type":"Polygon","properties":{"GEOID":"482015520041"}},{"arcs":[[5582,-1999,5583]],"type":"Polygon","properties":{"GEOID":"482015506033"}},{"arcs":[[5584,-1870,5585,5586,5587,-3244]],"type":"Polygon","properties":{"GEOID":"482012503052"}},{"arcs":[[5588,-3139,-304,-5230,-3218,-5348,5589,-4764,5590,-4461]],"type":"Polygon","properties":{"GEOID":"482013315022"}},{"arcs":[[-182,-2046,5591,5592,-301,-3435]],"type":"Polygon","properties":{"GEOID":"482013314002"}},{"arcs":[[-983,-2906,5593,5594,-5125,5595,5596,-111]],"type":"Polygon","properties":{"GEOID":"482013304002"}},{"arcs":[[5597,-689,-3347,5598,-4805,-3743]],"type":"Polygon","properties":{"GEOID":"482015414012"}},{"arcs":[[-5515,-4504,5599,5600,-691,5601,-1684,5602]],"type":"Polygon","properties":{"GEOID":"482015417033"}},{"arcs":[[5603,-865,5604,5605,-5314,-5339,5606]],"type":"Polygon","properties":{"GEOID":"482013420012"}},{"arcs":[[5607,5608,-827,5609,-2095,-4867,-3704]],"type":"Polygon","properties":{"GEOID":"482012230011"}},{"arcs":[[-2039,-3186,5610,-3393,-5243,5611]],"type":"Polygon","properties":{"GEOID":"482012226022"}},{"arcs":[[5612,-2977,5613,-326,-914,5614,5615]],"type":"Polygon","properties":{"GEOID":"482012326002"}},{"arcs":[[5616,5617,-4365,-4514,5618]],"type":"Polygon","properties":{"GEOID":"482012409032"}},{"arcs":[[-2036,-3482,-4355]],"type":"Polygon","properties":{"GEOID":"482012225042"}},{"arcs":[[5619,-3011,-3863,-3436,-1942]],"type":"Polygon","properties":{"GEOID":"482013236022"}},{"arcs":[[5620,-377,-569,-5232,-4456]],"type":"Polygon","properties":{"GEOID":"482015410074"}},{"arcs":[[-4600,-4224,-2875,-3675,5621,-1813,5622]],"type":"Polygon","properties":{"GEOID":"482012110001"}},{"arcs":[[5623,-4068,5624]],"type":"Polygon","properties":{"GEOID":"482014324021"}},{"arcs":[[5625,-4001,-2724,5626,-4548,-3963]],"type":"Polygon","properties":{"GEOID":"482013431002"}},{"arcs":[[-2243,5627,5628,-4271,-2599,-5012,5629,-5430,-1460]],"type":"Polygon","properties":{"GEOID":"482015315003"}},{"arcs":[[-2259,-321,5630]],"type":"Polygon","properties":{"GEOID":"482012327015"}},{"arcs":[[-3795,5631,5632,5633,5634,-4937,5635]],"type":"Polygon","properties":{"GEOID":"482015401021"}},{"arcs":[[5636,5637,-2147,5638,-5059]],"type":"Polygon","properties":{"GEOID":"482012511004"}},{"arcs":[[-2092,5639,-4476,5640,-2321]],"type":"Polygon","properties":{"GEOID":"482015527012"}},{"arcs":[[5641,5642,5643,5644]],"type":"Polygon","properties":{"GEOID":"482012533001"}},{"arcs":[[5645,-3598,5646,5647]],"type":"Polygon","properties":{"GEOID":"482015324004"}},{"arcs":[[-2432,-3473,5648,5649,5650]],"type":"Polygon","properties":{"GEOID":"482015545012"}},{"arcs":[[5651,5652,-316,-5263,5653,5654,5655,-5419,5656,5657]],"type":"Polygon","properties":{"GEOID":"482015553011"}},{"arcs":[[5658,-4727,5659,-3430]],"type":"Polygon","properties":{"GEOID":"482015526025"}},{"arcs":[[5660,-632,-4518,-5085,-4762,-4154,-1218,-2073]],"type":"Polygon","properties":{"GEOID":"482015204001"}},{"arcs":[[-3409,-4172,5661,-5584,-5457,-3995,5662]],"type":"Polygon","properties":{"GEOID":"482015511021"}},{"arcs":[[-3504,5663,-4892,5664,5665]],"type":"Polygon","properties":{"GEOID":"482015424021"}},{"arcs":[[-4061,5666,-4432,5667,-4146,5668,5669]],"type":"Polygon","properties":{"GEOID":"482014549023"}},{"arcs":[[5670,-3889,5671,-1516,-3148,-4626,-3791,5672]],"type":"Polygon","properties":{"GEOID":"482014330031"}},{"arcs":[[-456,5673,-2286,5674]],"type":"Polygon","properties":{"GEOID":"482013316042"}},{"arcs":[[5675,-658,5676,-1951]],"type":"Polygon","properties":{"GEOID":"482014328063"}},{"arcs":[[5677,-3336,5678,-3334,5679,5680]],"type":"Polygon","properties":{"GEOID":"482013415022"}},{"arcs":[[5681,-4347,5682]],"type":"Polygon","properties":{"GEOID":"482012207022"}},{"arcs":[[5683,-4282,5684,-1841,-3553,-234]],"type":"Polygon","properties":{"GEOID":"482014334003"}},{"arcs":[[5685,5686,5687,-5228,5688]],"type":"Polygon","properties":{"GEOID":"482013316031"}},{"arcs":[[5689,-3980,5690,-4811,5691]],"type":"Polygon","properties":{"GEOID":"482014312051"}},{"arcs":[[-4078,-4116,5692,-1607,-3081,-2970]],"type":"Polygon","properties":{"GEOID":"482012523042"}},{"arcs":[[5693,5694,-4025,5695,-1080,5696]],"type":"Polygon","properties":{"GEOID":"482012514021"}},{"arcs":[[5697,-4961,5698,5699,-5412]],"type":"Polygon","properties":{"GEOID":"482015525022"}},{"arcs":[[5700,5701,-5278,-2693,-5372,-3580,5702,-1329]],"type":"Polygon","properties":{"GEOID":"482015507001"}},{"arcs":[[5703,-5145,-461,5704,-2648,5705,5706,5707]],"type":"Polygon","properties":{"GEOID":"482015522002"}},{"arcs":[[5708,-5311,-61,5709,5710,-34,-1688,-4158]],"type":"Polygon","properties":{"GEOID":"482015415001"}},{"arcs":[[-823,5711,-736,5712,5713,-2585,5714]],"type":"Polygon","properties":{"GEOID":"482014202001"}},{"arcs":[[5715,5716,-721,5717,-5043,5718,-5183]],"type":"Polygon","properties":{"GEOID":"482012519021"}},{"arcs":[[-1771,-1122,5719,5720,5721,5722,-4095,5723]],"type":"Polygon","properties":{"GEOID":"482015108021"}},{"arcs":[[-2586,5724,-4087,5725,-2904,-981,-846]],"type":"Polygon","properties":{"GEOID":"482013302001"}},{"arcs":[[-2634,-3065,5726,5727]],"type":"Polygon","properties":{"GEOID":"482015331001"}},{"arcs":[[-3030,-4840,5728,-2759,-4220,-2757,-98]],"type":"Polygon","properties":{"GEOID":"482013340022"}},{"arcs":[[5729,5730,-3679,5731,-1815]],"type":"Polygon","properties":{"GEOID":"482012111021"}},{"arcs":[[5732,5733,5734,5735,-5633,5736,-2199]],"type":"Polygon","properties":{"GEOID":"482015518001"}},{"arcs":[[5737,-3648,5738,5739,5740]],"type":"Polygon","properties":{"GEOID":"482012526012"}},{"arcs":[[-1756,-609,-5224,5741]],"type":"Polygon","properties":{"GEOID":"482012106002"}},{"arcs":[[-5543,5742,5743,5744,-5318,-4299,-5489]],"type":"Polygon","properties":{"GEOID":"482014516031"}},{"arcs":[[-4196,-3652,5745,5746,-4114]],"type":"Polygon","properties":{"GEOID":"482012523051"}},{"arcs":[[-2941,5747,5748]],"type":"Polygon","properties":{"GEOID":"482015557011"}},{"arcs":[[-5212,5749,5750,5751,-3671]],"type":"Polygon","properties":{"GEOID":"482015421043"}},{"arcs":[[-3064,5752,5753,5754,5755,-5025,5756]],"type":"Polygon","properties":{"GEOID":"482015332002"}},{"arcs":[[-4283,-4191,-4517,-1024,5757]],"type":"Polygon","properties":{"GEOID":"482014539022"}},{"arcs":[[5758,-1139,-1805,-3897,5759]],"type":"Polygon","properties":{"GEOID":"482014115051"}},{"arcs":[[-3697,-4885,-1560,-4069,-3270]],"type":"Polygon","properties":{"GEOID":"482014525022"}},{"arcs":[[5760,5761,-3413,-2294]],"type":"Polygon","properties":{"GEOID":"482012324043"}},{"arcs":[[-2677,5762]],"type":"Polygon","properties":{"GEOID":"482012401021"}},{"arcs":[[-5115,-853,-4924,-4669,-342,-5398,5763,5764,5765,5766,5767,5768,5769]],"type":"Polygon","properties":{"GEOID":"482012525001"}},{"arcs":[[-3989,5770,5771,5772,-102,5773,5774,-5172,5775,5776,-3229,5777,-5390,5778,-5084]],"type":"Polygon","properties":{"GEOID":"482012125003"}},{"arcs":[[-2132,-4721,5779,-3694,5780,5781]],"type":"Polygon","properties":{"GEOID":"482015517051"}},{"arcs":[[-3891,-47,-3981,5782,5783]],"type":"Polygon","properties":{"GEOID":"482014529002"}},{"arcs":[[5784,5785,5786]],"type":"Polygon","properties":{"GEOID":"482012413021"}},{"arcs":[[5787,-3404,-349,5788,5789]],"type":"Polygon","properties":{"GEOID":"482015411003"}},{"arcs":[[-3802,-298,-238,-5041,5790]],"type":"Polygon","properties":{"GEOID":"482013235003"}},{"arcs":[[5791,5792,5793,-3320]],"type":"Polygon","properties":{"GEOID":"482015502012"}},{"arcs":[[-317,-5653,5794]],"type":"Polygon","properties":{"GEOID":"482015553051"}},{"arcs":[[-2646,5795,-3698,-344,5796]],"type":"Polygon","properties":{"GEOID":"482015410043"}},{"arcs":[[-5022,5797,5798,-1369,5799]],"type":"Polygon","properties":{"GEOID":"482015225001"}},{"arcs":[[-3505,-5666,5800,-2086,5801,5802]],"type":"Polygon","properties":{"GEOID":"482015424022"}},{"arcs":[[-661,5803,5804]],"type":"Polygon","properties":{"GEOID":"482012523032"}},{"arcs":[[-5647,-1922,-4541,-2083,-219,-1462,5805,-5195,5806,5807]],"type":"Polygon","properties":{"GEOID":"482015323012"}},{"arcs":[[5808,5809,-4205,-2179,-2694,-3395,5810]],"type":"Polygon","properties":{"GEOID":"482014317021"}},{"arcs":[[5811,5812,5813,-4121,5814,5815]],"type":"Polygon","properties":{"GEOID":"482014311023"}},{"arcs":[[-5781,-3693,5816,5817,-4941,-3353,-5571]],"type":"Polygon","properties":{"GEOID":"482015517055"}},{"arcs":[[5818,5819,5820,-891]],"type":"Polygon","properties":{"GEOID":"482014307003"}},{"arcs":[[-447,5821,5822,5823]],"type":"Polygon","properties":{"GEOID":"482012517011"}},{"arcs":[[5824,-4551,-3208,-4676,-253]],"type":"Polygon","properties":{"GEOID":"482014211041"}},{"arcs":[[-1933,-534,-2238,-1063,5825,-2625]],"type":"Polygon","properties":{"GEOID":"482015531011"}},{"arcs":[[5826,-2752,5827,-770,-4317]],"type":"Polygon","properties":{"GEOID":"482013408002"}},{"arcs":[[5828,-1229,-296,-3801,-665,-2808]],"type":"Polygon","properties":{"GEOID":"482013235001"}},{"arcs":[[5829,-722,-5717,5830,5831,5832]],"type":"Polygon","properties":{"GEOID":"482012519043"}},{"arcs":[[5833,5834,-3520,5835,-5326,5836]],"type":"Polygon","properties":{"GEOID":"482014514042"}},{"arcs":[[5837,-5026,-5756,5838,5839,5840,5841,-3852,-2373]],"type":"Polygon","properties":{"GEOID":"482015319003"}},{"arcs":[[5842,-4304,5843,5844,-5525,5845]],"type":"Polygon","properties":{"GEOID":"482012515053"}},{"arcs":[[5846,-1091,5847,5848,5849,-5408]],"type":"Polygon","properties":{"GEOID":"482014551032"}},{"arcs":[[5850,5851,5852,-5686,5853]],"type":"Polygon","properties":{"GEOID":"482013317003"}},{"arcs":[[5854,5855,-4011,5856]],"type":"Polygon","properties":{"GEOID":"482013132021"}},{"arcs":[[-3879,-5676,-1950,5857]],"type":"Polygon","properties":{"GEOID":"482014328031"}},{"arcs":[[-5713,-735,5858,-3258,5859,5860]],"type":"Polygon","properties":{"GEOID":"482013341012"}},{"arcs":[[5861,5862,-4688,-3213,-5029]],"type":"Polygon","properties":{"GEOID":"482014207001"}},{"arcs":[[5863,-3627,-4599,5864,-2845]],"type":"Polygon","properties":{"GEOID":"482013106004"}},{"arcs":[[-2334,-2270,-1175,5865,-4817]],"type":"Polygon","properties":{"GEOID":"482015219002"}},{"arcs":[[-2967,-4685,-2257,-5631,-320,-5614,-2976]],"type":"Polygon","properties":{"GEOID":"482012327011"}},{"arcs":[[-5727,-5757,-5027,-5838,5866]],"type":"Polygon","properties":{"GEOID":"482015332004"}},{"arcs":[[5867,5868,-5822,-446,-5470]],"type":"Polygon","properties":{"GEOID":"482012517021"}},{"arcs":[[-4949,5869,-335,-2713]],"type":"Polygon","properties":{"GEOID":"482014120001"}},{"arcs":[[-4181,5870,-4295,5871,-3114,-3565]],"type":"Polygon","properties":{"GEOID":"482012543002"}},{"arcs":[[-5668,-4431,-1054,5872,5873,-5480,5874,-4147]],"type":"Polygon","properties":{"GEOID":"482014545021"}},{"arcs":[[-4879,-4500,-5466,5875,-4974]],"type":"Polygon","properties":{"GEOID":"482014327053"}},{"arcs":[[5876,5877,5878]],"type":"Polygon","properties":{"GEOID":"482015534052"}},{"arcs":[[-4596,-4566,-3923,-4277,-2832,-929]],"type":"Polygon","properties":{"GEOID":"482013124002"}},{"arcs":[[-1089,5879,5880,5881,-4059,5882]],"type":"Polygon","properties":{"GEOID":"482014548023"}},{"arcs":[[5883,-4418,-3341,5884,-2954,-1874]],"type":"Polygon","properties":{"GEOID":"482012215011"}},{"arcs":[[5885,5886,5887,5888,-5767,5889,-5765]],"type":"Polygon","properties":{"GEOID":"482012525003"}},{"arcs":[[5890,5891,-3144,-815,5892,-813,-4368]],"type":"Polygon","properties":{"GEOID":"482014117003"}},{"arcs":[[-3518,-4554,5893,-3902,-165,-2274,-4542,-1959,5894]],"type":"Polygon","properties":{"GEOID":"482014514011"}},{"arcs":[[5895,5896,5897]],"type":"Polygon","properties":{"GEOID":"482013214021"}},{"arcs":[[5898,-5823,-5869,5899,-716,5900,5901,5902,-1314,5903,5904]],"type":"Polygon","properties":{"GEOID":"482012517022"}},{"arcs":[[-3484,5905,5906,-547,5907,-4989,-5376]],"type":"Polygon","properties":{"GEOID":"482012224021"}},{"arcs":[[-58,5908,-3745,-3209]],"type":"Polygon","properties":{"GEOID":"482015414022"}},{"arcs":[[5909,5910,5911,5912,-5877,5913,5914,-3773]],"type":"Polygon","properties":{"GEOID":"482015534033"}},{"arcs":[[-4360,5915,-5157,5916,-5546,-942,5917,-4537]],"type":"Polygon","properties":{"GEOID":"482012404003"}},{"arcs":[[5918,5919,-5535]],"type":"Polygon","properties":{"GEOID":"482012413012"}},{"arcs":[[-771,-674,5920,-427,5921,-4660,-1784]],"type":"Polygon","properties":{"GEOID":"482013407021"}},{"arcs":[[-5237,5922,-5392]],"type":"Polygon","properties":{"GEOID":"482012411051"}},{"arcs":[[-2387,5923,5924]],"type":"Polygon","properties":{"GEOID":"482015418011"}},{"arcs":[[5925,5926,-3955]],"type":"Polygon","properties":{"GEOID":"482012323053"}},{"arcs":[[-2608,-5087,-5798,-5021]],"type":"Polygon","properties":{"GEOID":"482015207002"}},{"arcs":[[5927,-1914,-4207,-2927]],"type":"Polygon","properties":{"GEOID":"482012113011"}},{"arcs":[[-3680,-5731,5928]],"type":"Polygon","properties":{"GEOID":"482012111022"}},{"arcs":[[-1108,-231,-5152,-3950,5929,-502,-189,5930]],"type":"Polygon","properties":{"GEOID":"482014330041"}},{"arcs":[[5931,-4108,5932,-4487]],"type":"Polygon","properties":{"GEOID":"482014102023"}},{"arcs":[[-2308,-1005,-4344,5933]],"type":"Polygon","properties":{"GEOID":"482013211021"}},{"arcs":[[5934,-4560,5935,5936,-2423,5937,5938]],"type":"Polygon","properties":{"GEOID":"482015555033"}},{"arcs":[[-873,-4144,-5453,5939,5940,-3266,5941,5942,5943]],"type":"Polygon","properties":{"GEOID":"482015542022"}},{"arcs":[[5944,-2235,5945,-474,5946]],"type":"Polygon","properties":{"GEOID":"482015541033"}},{"arcs":[[-1932,5947,-2613,5948,5949,-645,5950,-5039]],"type":"Polygon","properties":{"GEOID":"482015503042"}},{"arcs":[[5951,-3246,5952,-3686,5953,-896]],"type":"Polygon","properties":{"GEOID":"482012503043"}},{"arcs":[[5954,-3410,-5663,-3994,5955]],"type":"Polygon","properties":{"GEOID":"482015511022"}},{"arcs":[[5956,5957,5958,5959,-4118]],"type":"Polygon","properties":{"GEOID":"482013401022"}},{"arcs":[[5960,5961,-426,-4268,-3192,-4423,-1464,-2273]],"type":"Polygon","properties":{"GEOID":"482014513021"}},{"arcs":[[-3006,5962,5963,-2876]],"type":"Polygon","properties":{"GEOID":"482014541003"}},{"arcs":[[-4264,-212,5964,-5896,5965,5966]],"type":"Polygon","properties":{"GEOID":"482013214012"}},{"arcs":[[5967,-2514,-1187,5968]],"type":"Polygon","properties":{"GEOID":"482014519034"}},{"arcs":[[5969,-422,-5962]],"type":"Polygon","properties":{"GEOID":"482014510032"}},{"arcs":[[-1968,5970,-1974,-3965,-4911,-4812,-5691]],"type":"Polygon","properties":{"GEOID":"482014312061"}},{"arcs":[[5971,5972,-5743]],"type":"Polygon","properties":{"GEOID":"482014515012"}},{"arcs":[[-3906,5973,-5972,-5542]],"type":"Polygon","properties":{"GEOID":"482014515013"}},{"arcs":[[-4677,-1735,-1976,-4381,-293]],"type":"Polygon","properties":{"GEOID":"482014215022"}},{"arcs":[[-3642,-1532,5974,-4064]],"type":"Polygon","properties":{"GEOID":"482014503024"}},{"arcs":[[-5334,5975,-4127,5976,5977,5978,5979]],"type":"Polygon","properties":{"GEOID":"482015430052"}},{"arcs":[[-4447,-995,-1411,-729]],"type":"Polygon","properties":{"GEOID":"482012405031"}},{"arcs":[[-3948,-5404,-2111,-1331,-2248,-5294,5980]],"type":"Polygon","properties":{"GEOID":"482015503062"}},{"arcs":[[5981,5982,-4494,5983]],"type":"Polygon","properties":{"GEOID":"482012409063"}},{"arcs":[[-2224,-5264,-318,-5795,-5652,5984,5985]],"type":"Polygon","properties":{"GEOID":"482015553042"}},{"arcs":[[5986,5987,5988,-1659]],"type":"Polygon","properties":{"GEOID":"482015423051"}},{"arcs":[[-3774,-5915,5989,-1207,5990]],"type":"Polygon","properties":{"GEOID":"482015534042"}},{"arcs":[[5991,-1419,5992,-3291,-5401]],"type":"Polygon","properties":{"GEOID":"482015548042"}},{"arcs":[[-201,5993,-3448,5994]],"type":"Polygon","properties":{"GEOID":"482012221003"}},{"arcs":[[-5155,-5325,-904,5995,5996,-1616]],"type":"Polygon","properties":{"GEOID":"482012227021"}},{"arcs":[[5997,5998,5999,-5963,6000]],"type":"Polygon","properties":{"GEOID":"482014543031"}},{"arcs":[[-3364,6001,-3310,6002,-2233,-1924]],"type":"Polygon","properties":{"GEOID":"482015561002"}},{"arcs":[[-5424,6003,6004,6005]],"type":"Polygon","properties":{"GEOID":"482015549081"}},{"arcs":[[-2225,-5986,6006,6007]],"type":"Polygon","properties":{"GEOID":"482015553044"}},{"arcs":[[-5126,-4021,-365,-1831,6008,6009,6010]],"type":"Polygon","properties":{"GEOID":"482013307004"}},{"arcs":[[6011,6012,-4538,6013,6014]],"type":"Polygon","properties":{"GEOID":"482015555051"}},{"arcs":[[-5452,-479,-1039,6015,-5940]],"type":"Polygon","properties":{"GEOID":"482015542012"}},{"arcs":[[-5914,-5879,6016,-1208,-5990]],"type":"Polygon","properties":{"GEOID":"482015534051"}},{"arcs":[[6017,-5180,-2364,6018,-5956,6019,-2318]],"type":"Polygon","properties":{"GEOID":"482015511011"}},{"arcs":[[6020,-4407,-3966,-1972]],"type":"Polygon","properties":{"GEOID":"482014312031"}},{"arcs":[[6021,6022,6023,6024,6025,6026]],"type":"Polygon","properties":{"GEOID":"482012504062"}},{"arcs":[[6027,-2006,-3480,-2306,-5884,-1873,-3274,-2116,6028,6029]],"type":"Polygon","properties":{"GEOID":"482012216022"}},{"arcs":[[-2821,-5512,-4015,-672,6030,6031,6032,6033]],"type":"Polygon","properties":{"GEOID":"482013139012"}},{"arcs":[[6034,-2009,-2778,-5330,-3136,-4706]],"type":"Polygon","properties":{"GEOID":"482013312003"}},{"arcs":[[6035,-3394,6036,-1954]],"type":"Polygon","properties":{"GEOID":"482014314032"}},{"arcs":[[6037,-5880,-1088]],"type":"Polygon","properties":{"GEOID":"482014548022"}},{"arcs":[[-2990,-2964,-3797,-2378,-2079,6038,6039]],"type":"Polygon","properties":{"GEOID":"482015407004"}},{"arcs":[[-1321,-5519,6040,-724]],"type":"Polygon","properties":{"GEOID":"482015420032"}},{"arcs":[[-4153,-2420,-4236,-184,6041,-5949]],"type":"Polygon","properties":{"GEOID":"482012407043"}},{"arcs":[[6042,-5474,6043,6044,6045,-778]],"type":"Polygon","properties":{"GEOID":"482014545051"}},{"arcs":[[-3080,6046,-4571,6047,-2590]],"type":"Polygon","properties":{"GEOID":"482015543023"}},{"arcs":[[6048,-2346,-4919,-682,-3170,6049]],"type":"Polygon","properties":{"GEOID":"482015544083"}},{"arcs":[[-3072,6050,6051,-5292,6052]],"type":"Polygon","properties":{"GEOID":"482015504051"}},{"arcs":[[6053,-3709,-3924,-1978,6054,6055]],"type":"Polygon","properties":{"GEOID":"482015220022"}},{"arcs":[[6056,6057,-876,6058,-347]],"type":"Polygon","properties":{"GEOID":"482015410053"}},{"arcs":[[6059,-3957,-2183,6060,6061,-5353,6062,6063]],"type":"Polygon","properties":{"GEOID":"482012323042"}},{"arcs":[[6064,-5069,-1758,6065,-4006]],"type":"Polygon","properties":{"GEOID":"482013227021"}},{"arcs":[[6066,-3750,6067,6068]],"type":"Polygon","properties":{"GEOID":"482015301013"}},{"arcs":[[6069,6070,-3710,6071]],"type":"Polygon","properties":{"GEOID":"482013339051"}},{"arcs":[[-2937,6072,-4572,-3691]],"type":"Polygon","properties":{"GEOID":"482015517032"}},{"arcs":[[-4262,6073,6074,-1776]],"type":"Polygon","properties":{"GEOID":"482013412013"}},{"arcs":[[-388,-4367,-1160,-1455,-1129,6075]],"type":"Polygon","properties":{"GEOID":"482012415013"}},{"arcs":[[6076,-5295,-2250,6077,-3783,6078]],"type":"Polygon","properties":{"GEOID":"482015504041"}},{"arcs":[[-1220,-4156,-4763,-2605,-5020,-4232]],"type":"Polygon","properties":{"GEOID":"482015206042"}},{"arcs":[[-5817,-3692,-4576,-5734,6079]],"type":"Polygon","properties":{"GEOID":"482015517043"}},{"arcs":[[-3921,-2836,-378,-5495,-831]],"type":"Polygon","properties":{"GEOID":"482019804001"}},{"arcs":[[6080,6081,-472,6082,6083]],"type":"Polygon","properties":{"GEOID":"482014534042"}},{"arcs":[[6084,-656,-1499,-4864,-4467,-3049,6085,6086,-85,-4616,6087]],"type":"Polygon","properties":{"GEOID":"482014213021"}},{"arcs":[[6088,-4973,-3969]],"type":"Polygon","properties":{"GEOID":"482014321022"}},{"arcs":[[6089,-5414,-1540,-4998,-5465,6090,-4051]],"type":"Polygon","properties":{"GEOID":"482014336023"}},{"arcs":[[-4874,-6001,-3005,-2353,-4219]],"type":"Polygon","properties":{"GEOID":"482014543021"}},{"arcs":[[-1311,6091,6092,6093]],"type":"Polygon","properties":{"GEOID":"482014517003"}},{"arcs":[[-5669,-4145,6094,-2572,6095]],"type":"Polygon","properties":{"GEOID":"482014549022"}},{"arcs":[[6096,6097,6098,6099,6100,6101]],"type":"Polygon","properties":{"GEOID":"482012508012"}},{"arcs":[[-811,-4353,-4422,-1834,-22,-5383]],"type":"Polygon","properties":{"GEOID":"482013338022"}},{"arcs":[[6102,-1626,6103,-6023]],"type":"Polygon","properties":{"GEOID":"482012504051"}},{"arcs":[[6104,-2041,6105]],"type":"Polygon","properties":{"GEOID":"482013335021"}},{"arcs":[[6106,-5064,-1097,6107,-5259,6108,6109]],"type":"Polygon","properties":{"GEOID":"482013508041"}},{"arcs":[[-5037,6110,6111,-3295]],"type":"Polygon","properties":{"GEOID":"482013501012"}},{"arcs":[[-6013,-5943,6112,-4539]],"type":"Polygon","properties":{"GEOID":"482015547012"}},{"arcs":[[-1937,6113,-4958,6114,6115,6116,-4719,-2130]],"type":"Polygon","properties":{"GEOID":"482015515012"}},{"arcs":[[6117,-5475,-693]],"type":"Polygon","properties":{"GEOID":"482015417021"}},{"arcs":[[-3659,6118,6119,-2396]],"type":"Polygon","properties":{"GEOID":"482015429023"}},{"arcs":[[-3316,-3182,6120,6121]],"type":"Polygon","properties":{"GEOID":"482014132031"}},{"arcs":[[-1869,6122,6123,-5586]],"type":"Polygon","properties":{"GEOID":"482012503062"}},{"arcs":[[6124,-5587,-6124,6125,6126,-5953]],"type":"Polygon","properties":{"GEOID":"482012503061"}},{"arcs":[[6127,6128,6129,-2610,-535,-1477,-1487,-1401,6130,-1930,6131]],"type":"Polygon","properties":{"GEOID":"482015532022"}},{"arcs":[[6132,6133,6134,-6027,6135,6136,-1868]],"type":"Polygon","properties":{"GEOID":"482012504061"}},{"arcs":[[-3903,-5894,-4553]],"type":"Polygon","properties":{"GEOID":"482014514013"}},{"arcs":[[-4241,6137,-5625,-753,-1109,6138,-177]],"type":"Polygon","properties":{"GEOID":"482014324022"}},{"arcs":[[6139,-5308,-3166,-4067,6140]],"type":"Polygon","properties":{"GEOID":"482014323011"}},{"arcs":[[-2186,-4886,-4047,6141]],"type":"Polygon","properties":{"GEOID":"482014527032"}},{"arcs":[[-725,-6041,-5518,-2390,6142]],"type":"Polygon","properties":{"GEOID":"482015420042"}},{"arcs":[[6143,-1701,-2402,6144,6145]],"type":"Polygon","properties":{"GEOID":"482014226011"}},{"arcs":[[-6145,-2405,-1296,-4278,6146]],"type":"Polygon","properties":{"GEOID":"482014225011"}},{"arcs":[[-4906,6147,-989,-4602,-3854,-1702]],"type":"Polygon","properties":{"GEOID":"482014107052"}},{"arcs":[[-4086,6148,6149,-5726]],"type":"Polygon","properties":{"GEOID":"482013341023"}},{"arcs":[[-3672,6150,6151]],"type":"Polygon","properties":{"GEOID":"482015423042"}},{"arcs":[[6152,-4753,6153,6154]],"type":"Polygon","properties":{"GEOID":"482015554032"}},{"arcs":[[-5711,6155,6156,-1204,-35]],"type":"Polygon","properties":{"GEOID":"482015416045"}},{"arcs":[[-6083,-471,-5530,-1100,6157,6158]],"type":"Polygon","properties":{"GEOID":"482014534041"}},{"arcs":[[-3428,6159,-255,-3458,-4465,-3241]],"type":"Polygon","properties":{"GEOID":"482014212042"}},{"arcs":[[6160,-86,-6087]],"type":"Polygon","properties":{"GEOID":"482014213022"}},{"arcs":[[-5130,6161,6162,-5371,6163,6164]],"type":"Polygon","properties":{"GEOID":"482015406024"}},{"arcs":[[-6086,-3048,-4847,-4966,-87,-6161]],"type":"Polygon","properties":{"GEOID":"482014213012"}},{"arcs":[[6165,6166]],"type":"Polygon","properties":{"GEOID":"482013301012"}},{"arcs":[[-4469,6167,-5131,-6165,-1267,-5113,-1719,6168]],"type":"Polygon","properties":{"GEOID":"482015413012"}},{"arcs":[[6169,-4710,-2413,-1730,6170]],"type":"Polygon","properties":{"GEOID":"482014232031"}},{"arcs":[[-3194,-4442,-4426,-4424]],"type":"Polygon","properties":{"GEOID":"482014513011"}},{"arcs":[[-992,-4037,6171,6172,-5459]],"type":"Polygon","properties":{"GEOID":"482014401023"}},{"arcs":[[6173,-5520,6174,-1533,6175]],"type":"Polygon","properties":{"GEOID":"482014504021"}},{"arcs":[[6176,-3747,-3174,-5386]],"type":"Polygon","properties":{"GEOID":"482015544052"}},{"arcs":[[6177,6178,6179,-5982,6180,6181,-4750,-578,-5236,6182,6183]],"type":"Polygon","properties":{"GEOID":"482012410021"}},{"arcs":[[-6004,-5423,6184,-1415,6185]],"type":"Polygon","properties":{"GEOID":"482015549083"}},{"arcs":[[-6045,6186,6187,6188]],"type":"Polygon","properties":{"GEOID":"482014545031"}},{"arcs":[[6189,-5433,-2070,6190,6191]],"type":"Polygon","properties":{"GEOID":"482015214011"}},{"arcs":[[-4324,-1285,6192,6193]],"type":"Polygon","properties":{"GEOID":"482015342042"}},{"arcs":[[6194,-6192,6195,-564]],"type":"Polygon","properties":{"GEOID":"482015214022"}},{"arcs":[[6196,-5098,6197,6198,6199,6200,-967,6201,6202]],"type":"Polygon","properties":{"GEOID":"482015430073"}},{"arcs":[[6203,-2942,-5749,-5387,-5099,-6197,6204,6205]],"type":"Polygon","properties":{"GEOID":"482015557014"}},{"arcs":[[-6180,6206,-5619,-4516,-4495,-5983]],"type":"Polygon","properties":{"GEOID":"482012409062"}},{"arcs":[[6207,-880,-2988,6208,6209]],"type":"Polygon","properties":{"GEOID":"482015409043"}},{"arcs":[[-4877,-2327,-5629,6210]],"type":"Polygon","properties":{"GEOID":"482015321013"}},{"arcs":[[6211,-6056,6212,-3896,6213,-3859]],"type":"Polygon","properties":{"GEOID":"482015220012"}},{"arcs":[[-4523,-4921,6214,-5146,-5704,6215]],"type":"Polygon","properties":{"GEOID":"482015544102"}},{"arcs":[[-2278,6216,-4441,6217,-3466,-1993]],"type":"Polygon","properties":{"GEOID":"482014521032"}},{"arcs":[[-4380,6218,6219,-1568,-4238,6220]],"type":"Polygon","properties":{"GEOID":"482014310011"}},{"arcs":[[-1046,6221,-5998,-4873]],"type":"Polygon","properties":{"GEOID":"482014543041"}},{"arcs":[[-1961,-4545,6222,-4951,6223]],"type":"Polygon","properties":{"GEOID":"482014514071"}},{"arcs":[[6224,-3012,-5620,-1941]],"type":"Polygon","properties":{"GEOID":"482013236023"}},{"arcs":[[6225,6226,-1588,6227,-407,6228]],"type":"Polygon","properties":{"GEOID":"482014508032"}},{"arcs":[[-5593,-5854,-5689,-5227,-302]],"type":"Polygon","properties":{"GEOID":"482013315011"}},{"arcs":[[6229,6230,6231,6232,-1589,-819,6233,6234]],"type":"Polygon","properties":{"GEOID":"482014129022"}},{"arcs":[[-4819,-3569,6235]],"type":"Polygon","properties":{"GEOID":"482015432012"}},{"arcs":[[-3131,6236,6237,-115,-5524,-4510]],"type":"Polygon","properties":{"GEOID":"482013209021"}},{"arcs":[[-3799,6238,6239,6240,6241,6242]],"type":"Polygon","properties":{"GEOID":"482013227011"}},{"arcs":[[-4164,-4918,6243,6244,-2025,-1610,6245]],"type":"Polygon","properties":{"GEOID":"482015333022"}},{"arcs":[[6246,6247,6248,6249,6250]],"type":"Polygon","properties":{"GEOID":"482012548001"}},{"arcs":[[6251,-5047,6252,6253,6254,6255,-4194,6256,-3293]],"type":"Polygon","properties":{"GEOID":"482012526022"}},{"arcs":[[6257,-5715,-2584,-4671,6258]],"type":"Polygon","properties":{"GEOID":"482014203001"}},{"arcs":[[6259,-2409,6260]],"type":"Polygon","properties":{"GEOID":"482015422033"}},{"arcs":[[6261,6262,6263,6264]],"type":"Polygon","properties":{"GEOID":"482015556003"}},{"arcs":[[6265,-4073,-4701]],"type":"Polygon","properties":{"GEOID":"482015501012"}},{"arcs":[[6266,6267,-1318,6268,-1623]],"type":"Polygon","properties":{"GEOID":"482012504042"}},{"arcs":[[6269,6270,-5185,6271,6272,6273]],"type":"Polygon","properties":{"GEOID":"482012520033"}},{"arcs":[[6274,-1985,6275,-3688,6276,6277,6278,-5133,-3222]],"type":"Polygon","properties":{"GEOID":"482012322032"}},{"arcs":[[-5347,-5385,6279,6280,6281]],"type":"Polygon","properties":{"GEOID":"482013308011"}},{"arcs":[[-2309,-5934,-4343,-4841,6282,6283]],"type":"Polygon","properties":{"GEOID":"482013211023"}},{"arcs":[[-3301,6284,-604,6285]],"type":"Polygon","properties":{"GEOID":"482013339031"}},{"arcs":[[6286,-2320,6287,6288,6289,-3060]],"type":"Polygon","properties":{"GEOID":"482015512022"}},{"arcs":[[-2319,-6020,-3993,6290,6291,-6288]],"type":"Polygon","properties":{"GEOID":"482015512012"}},{"arcs":[[6292,-799,-4956,6293]],"type":"Polygon","properties":{"GEOID":"482015526033"}},{"arcs":[[-3782,6294,6295,6296,-1819]],"type":"Polygon","properties":{"GEOID":"482015528013"}},{"arcs":[[6297,-5486,6298,-4089,6299]],"type":"Polygon","properties":{"GEOID":"482015106023"}},{"arcs":[[-5766,-5890]],"type":"Polygon","properties":{"GEOID":"482012525002"}},{"arcs":[[6300,-3456,6301,-5855,6302]],"type":"Polygon","properties":{"GEOID":"482013132023"}},{"arcs":[[6303,-169,6304,-4775,-1779,6305,-5360,6306]],"type":"Polygon","properties":{"GEOID":"482012329012"}},{"arcs":[[-5361,-262,6307,-4680]],"type":"Polygon","properties":{"GEOID":"482012328022"}},{"arcs":[[-5254,6308,6309,6310,-3931]],"type":"Polygon","properties":{"GEOID":"482012532013"}},{"arcs":[[-5832,6311,6312]],"type":"Polygon","properties":{"GEOID":"482012519041"}},{"arcs":[[-6141,-4066,-5624,6313]],"type":"Polygon","properties":{"GEOID":"482014323022"}},{"arcs":[[-6019,-2363,-3444,-3406,-5955]],"type":"Polygon","properties":{"GEOID":"482015511023"}},{"arcs":[[-944,-5545,-4053,-3531]],"type":"Polygon","properties":{"GEOID":"482012407061"}},{"arcs":[[6314,-4849,-2508,6315]],"type":"Polygon","properties":{"GEOID":"482014520022"}},{"arcs":[[-6201,6316,-5233,-5204,6317,-968]],"type":"Polygon","properties":{"GEOID":"482015430074"}},{"arcs":[[-2076,-2126,-2289,-4446,6318,6319]],"type":"Polygon","properties":{"GEOID":"482012405052"}},{"arcs":[[-6256,6320,-5739,-3647,-4195]],"type":"Polygon","properties":{"GEOID":"482012526021"}},{"arcs":[[-2595,-5562,6321,-3538,-3579]],"type":"Polygon","properties":{"GEOID":"482015339023"}},{"arcs":[[-5917,-5156,-4335,-919,-2287]],"type":"Polygon","properties":{"GEOID":"482012404004"}},{"arcs":[[-2435,6322,6323,6324,-6295,-3781,6325]],"type":"Polygon","properties":{"GEOID":"482015528012"}},{"arcs":[[-5056,-2330,6326,6327,-1283]],"type":"Polygon","properties":{"GEOID":"482015342043"}},{"arcs":[[-371,-3736,-4420,-3741,-5055,6328,6329]],"type":"Polygon","properties":{"GEOID":"482015341012"}},{"arcs":[[-5796,6330,6331,-104,-877,-6058,-3699]],"type":"Polygon","properties":{"GEOID":"482015410051"}},{"arcs":[[-4437,6332,-5038,-3298,6333,6334]],"type":"Polygon","properties":{"GEOID":"482013501022"}},{"arcs":[[-2619,6335,-2341,6336,6337,6338,6339,6340]],"type":"Polygon","properties":{"GEOID":"482015538012"}},{"arcs":[[6341,6342,-5785,-5912,-5540]],"type":"Polygon","properties":{"GEOID":"482012413022"}},{"arcs":[[-6196,-6191,-2069,-2600,-565]],"type":"Polygon","properties":{"GEOID":"482015214021"}},{"arcs":[[-1478,-537,-2615,-1399,-1486]],"type":"Polygon","properties":{"GEOID":"482015533004"}},{"arcs":[[-5979,6343,-1996,-331]],"type":"Polygon","properties":{"GEOID":"482015422013"}},{"arcs":[[6344,-917,-4405,-4529,-1907]],"type":"Polygon","properties":{"GEOID":"482012335011"}},{"arcs":[[-781,-3928,6345,-5549,-5481,-4372,-4815]],"type":"Polygon","properties":{"GEOID":"482013332031"}},{"arcs":[[6346,-931,-2835,-3940,6347]],"type":"Polygon","properties":{"GEOID":"482013127001"}},{"arcs":[[6348,-2023,6349,-3361,-4408,-6021,-1971,6350]],"type":"Polygon","properties":{"GEOID":"482014312042"}},{"arcs":[[-3184,-2029,-599,6351,6352,6353,-1590,-765]],"type":"Polygon","properties":{"GEOID":"482013144022"}},{"arcs":[[-4970,-4603,-987,6354,6355,-776,6356,-1852,6357,-336,-5870,-4948]],"type":"Polygon","properties":{"GEOID":"482014119021"}},{"arcs":[[-5567,-3828,6358,6359,6360,-54]],"type":"Polygon","properties":{"GEOID":"482013506043"}},{"arcs":[[6361,-1704,-4605,-4946,-5082]],"type":"Polygon","properties":{"GEOID":"482014109001"}},{"arcs":[[-5379,-5491,6362,6363,6364]],"type":"Polygon","properties":{"GEOID":"482012216011"}},{"arcs":[[-6319,-727,-1410,6365]],"type":"Polygon","properties":{"GEOID":"482012405051"}},{"arcs":[[6366,-5061,6367,-1158,-4366,-5618]],"type":"Polygon","properties":{"GEOID":"482012409041"}},{"arcs":[[6368,-2136]],"type":"Polygon","properties":{"GEOID":"482012412012"}},{"arcs":[[6369,6370,-2934,-3717]],"type":"Polygon","properties":{"GEOID":"482015516011"}},{"arcs":[[6371,-4901,6372,-514,-2016]],"type":"Polygon","properties":{"GEOID":"482014315052"}},{"arcs":[[-2022,-3358,-6350]],"type":"Polygon","properties":{"GEOID":"482014313041"}},{"arcs":[[6373,-5703,-3536,-368,6374]],"type":"Polygon","properties":{"GEOID":"482015515021"}},{"arcs":[[6375,-3845,6376,-4028,-4790]],"type":"Polygon","properties":{"GEOID":"482015306002"}},{"arcs":[[6377,6378,6379,-4399,6380]],"type":"Polygon","properties":{"GEOID":"482013140042"}},{"arcs":[[-6033,6381,6382,6383,6384,6385]],"type":"Polygon","properties":{"GEOID":"482013139022"}},{"arcs":[[-3070,6386,6387]],"type":"Polygon","properties":{"GEOID":"482015338023"}},{"arcs":[[6388,-626,6389,-4470,-1136]],"type":"Polygon","properties":{"GEOID":"482014115042"}},{"arcs":[[6390,6391,6392,-5683,6393,-3224,-280]],"type":"Polygon","properties":{"GEOID":"482012207023"}},{"arcs":[[6394,-1757,-5742,-5223,6395,-2662,6396]],"type":"Polygon","properties":{"GEOID":"482012106003"}},{"arcs":[[6397,-2209,6398,6399,6400,-6323,6401]],"type":"Polygon","properties":{"GEOID":"482015529021"}},{"arcs":[[-5467,-1445,-4831,6402,-251,-6160,-3427,-3239]],"type":"Polygon","properties":{"GEOID":"482014212032"}},{"arcs":[[-5483,-121,-1397,6403,-883,6404]],"type":"Polygon","properties":{"GEOID":"482013333013"}},{"arcs":[[-3191,-2027,-1680]],"type":"Polygon","properties":{"GEOID":"482014122011"}},{"arcs":[[-3603,6405,6406,-267,-3360]],"type":"Polygon","properties":{"GEOID":"482014313042"}},{"arcs":[[-2101,-4611,-2120,6407,6408,-3769,-1114,6409,-628,-5661,-2072,6410]],"type":"Polygon","properties":{"GEOID":"482015205011"}},{"arcs":[[-5933,-4111,-2153,-5513,-4713]],"type":"Polygon","properties":{"GEOID":"482014105021"}},{"arcs":[[6411,6412,6413,6414]],"type":"Polygon","properties":{"GEOID":"482015111003"}},{"arcs":[[-3602,-4357,-3313,-1495,-1443,6415,6416]],"type":"Polygon","properties":{"GEOID":"482014320053"}},{"arcs":[[-3365,-1928,-871,-4189,-3959]],"type":"Polygon","properties":{"GEOID":"482015548081"}},{"arcs":[[-2620,-6341,-4632,6417,-3342]],"type":"Polygon","properties":{"GEOID":"482015538032"}},{"arcs":[[6418,-4635,6419,-290]],"type":"Polygon","properties":{"GEOID":"482015537003"}},{"arcs":[[-6182,6420,-5117,-4751]],"type":"Polygon","properties":{"GEOID":"482012410022"}},{"arcs":[[-3289,-4342,-3311,-6002,-3363]],"type":"Polygon","properties":{"GEOID":"482015539011"}},{"arcs":[[-5492,6421,6422,-2336,6423,-5221]],"type":"Polygon","properties":{"GEOID":"482015550022"}},{"arcs":[[-6297,6424,6425,-1820]],"type":"Polygon","properties":{"GEOID":"482015528023"}},{"arcs":[[-6325,6426,6427,-3059,6428,-6425,-6296]],"type":"Polygon","properties":{"GEOID":"482015528022"}},{"arcs":[[-671,-1242,-1436,6429,-6031]],"type":"Polygon","properties":{"GEOID":"482013138022"}},{"arcs":[[-1121,6430,-6300,-4088,6431,-5720]],"type":"Polygon","properties":{"GEOID":"482015106021"}},{"arcs":[[6432,6433,-6392,6434,-1224]],"type":"Polygon","properties":{"GEOID":"482012207012"}},{"arcs":[[-433,-1778,-3557,-5405,-2194,-5922]],"type":"Polygon","properties":{"GEOID":"482013407011"}},{"arcs":[[6435,-5902,6436,6437,6438]],"type":"Polygon","properties":{"GEOID":"482012519033"}},{"arcs":[[-1767,6439,-4094,-4202,-5810,6440]],"type":"Polygon","properties":{"GEOID":"482014317012"}},{"arcs":[[6441,-1768,-6441,-5809,6442,-4899]],"type":"Polygon","properties":{"GEOID":"482014317022"}},{"arcs":[[-4472,-3882,-1772,-5724,-6440,-1766,6443,-5504,-1372]],"type":"Polygon","properties":{"GEOID":"482014301021"}},{"arcs":[[6444,-6307,-4678,-2974]],"type":"Polygon","properties":{"GEOID":"482012327041"}},{"arcs":[[6445,-5355,6446,-6445,-2973,6447]],"type":"Polygon","properties":{"GEOID":"482012325002"}},{"arcs":[[6448,-1795,-356,-1794,-1153]],"type":"Polygon","properties":{"GEOID":"482014319011"}},{"arcs":[[-3280,6449,-5487,-6298,-6431]],"type":"Polygon","properties":{"GEOID":"482015106022"}},{"arcs":[[6450,-3977,-5173,-635,-1902,-4821]],"type":"Polygon","properties":{"GEOID":"482015103022"}},{"arcs":[[6451,6452,-834,6453]],"type":"Polygon","properties":{"GEOID":"482013129022"}},{"arcs":[[6454,-4489,-4712,6455,-2744]],"type":"Polygon","properties":{"GEOID":"482014102022"}},{"arcs":[[6456,6457,6458,6459,-6111,-5036]],"type":"Polygon","properties":{"GEOID":"482013501013"}},{"arcs":[[-4110,6460,-4226,-2150]],"type":"Polygon","properties":{"GEOID":"482014105022"}},{"arcs":[[6461,-6382,-6032,6462,6463,-6384]],"type":"Polygon","properties":{"GEOID":"482013139023"}},{"arcs":[[-1434,-4837,-1291,6464,-2771,-2776,6465]],"type":"Polygon","properties":{"GEOID":"482013136004"}},{"arcs":[[6466,-6303,-5857,-4010,-1383,6467]],"type":"Polygon","properties":{"GEOID":"482013132022"}},{"arcs":[[-1179,-1118,-4926,-3511,-6450,-3279]],"type":"Polygon","properties":{"GEOID":"482015109013"}},{"arcs":[[-3385,6468,-3123,-3128,-3084,6469,-4173,-3157,-4800]],"type":"Polygon","properties":{"GEOID":"482013206012"}},{"arcs":[[-6454,-833,-21,-3457,-6301,6470]],"type":"Polygon","properties":{"GEOID":"482013129021"}},{"arcs":[[6471,-4772,-4260,-1775]],"type":"Polygon","properties":{"GEOID":"482013411021"}},{"arcs":[[6472,6473,-4042,-3225,-6394,-4346,6474]],"type":"Polygon","properties":{"GEOID":"482012208003"}},{"arcs":[[-4097,6475,6476,6477,6478]],"type":"Polygon","properties":{"GEOID":"482014113022"}},{"arcs":[[-4098,-6479,6479,6480]],"type":"Polygon","properties":{"GEOID":"482014113021"}},{"arcs":[[-6462,-6383]],"type":"Polygon","properties":{"GEOID":"482013139021"}},{"arcs":[[6481,6482,6483,-761,6484,-5722]],"type":"Polygon","properties":{"GEOID":"482015108031"}},{"arcs":[[6485,6486,6487,-6133,-1867,6488]],"type":"Polygon","properties":{"GEOID":"482012505003"}},{"arcs":[[-878,-105,-6332,-5440,-5582,6489,-2649,-2989]],"type":"Polygon","properties":{"GEOID":"482015408003"}},{"arcs":[[-2650,-6490,-2200,-5737,-5632,-3794,-2963]],"type":"Polygon","properties":{"GEOID":"482015408004"}},{"arcs":[[6490,-5434,-6190,-6195,-563]],"type":"Polygon","properties":{"GEOID":"482015214012"}},{"arcs":[[-4953,6491,6492,-2516,6493,6494,-3496]],"type":"Polygon","properties":{"GEOID":"482014519042"}},{"arcs":[[-3468,6495,-4428]],"type":"Polygon","properties":{"GEOID":"482014521011"}},{"arcs":[[-5849,6496,-2574,6497,6498]],"type":"Polygon","properties":{"GEOID":"482014550002"}},{"arcs":[[6499,-1363,-3724,6500,-2268]],"type":"Polygon","properties":{"GEOID":"482015221022"}},{"arcs":[[6501,6502,6503,6504]],"type":"Polygon","properties":{"GEOID":"482013502012"}},{"arcs":[[-5455,-250,-5531,-469,-6082,-3439]],"type":"Polygon","properties":{"GEOID":"482014534043"}},{"arcs":[[6505,-1355,6506,6507,6508,-1482,-3201,6509]],"type":"Polygon","properties":{"GEOID":"482015210002"}},{"arcs":[[-1575,6510,-4783,6511,-6093,-4334,-3497,-3330,-4133,-1945,6512]],"type":"Polygon","properties":{"GEOID":"482014518004"}},{"arcs":[[-3986,-922,-837]],"type":"Polygon","properties":{"GEOID":"482014537022"}},{"arcs":[[-5002,6513,6514,-5351,-3552,-4711,-6170,-2494]],"type":"Polygon","properties":{"GEOID":"482014232043"}},{"arcs":[[-4254,6515,6516,6517,6518,6519,-4769,6520,-1916]],"type":"Polygon","properties":{"GEOID":"482013413041"}},{"arcs":[[-4770,-6520,6521,-5416]],"type":"Polygon","properties":{"GEOID":"482013412043"}},{"arcs":[[-5622,-3681,-5929,-5730,-1814]],"type":"Polygon","properties":{"GEOID":"482012111012"}},{"arcs":[[6522,6523,-6116]],"type":"Polygon","properties":{"GEOID":"482015515011"}},{"arcs":[[-1823,-4475,-5640,-2091]],"type":"Polygon","properties":{"GEOID":"482015527013"}},{"arcs":[[6524,-554,6525,-6344]],"type":"Polygon","properties":{"GEOID":"482015421061"}},{"arcs":[[6526,-333,-1998,-5291,-2406,-6260,6527]],"type":"Polygon","properties":{"GEOID":"482015422031"}},{"arcs":[[-6526,-553,6528,-3487,-5290,-1997]],"type":"Polygon","properties":{"GEOID":"482015421063"}},{"arcs":[[-3593,6529,-3254,-5859,-734,-5712,-822]],"type":"Polygon","properties":{"GEOID":"482014201003"}},{"arcs":[[6530,-5472,6531,-5554]],"type":"Polygon","properties":{"GEOID":"482012516003"}},{"arcs":[[-1783,6532,-260,-6306]],"type":"Polygon","properties":{"GEOID":"482012329011"}},{"arcs":[[6533,6534,-5252,-4907,6535,-4760,6536,6537,-5444]],"type":"Polygon","properties":{"GEOID":"482012531022"}},{"arcs":[[-2357,-3576,6538,6539,-73,6540,-2206,-5078]],"type":"Polygon","properties":{"GEOID":"482015524012"}},{"arcs":[[-306,-1131,-4533,-710,6541,-894,6542,-788,-5324]],"type":"Polygon","properties":{"GEOID":"482012501013"}},{"arcs":[[-6214,-3727,-2265,-2333]],"type":"Polygon","properties":{"GEOID":"482015221012"}},{"arcs":[[-3729,6543,-1952,-5677,-657,-6085,6544,6545,-4327]],"type":"Polygon","properties":{"GEOID":"482014328052"}},{"arcs":[[6546,6547,-6505,6548,-4823]],"type":"Polygon","properties":{"GEOID":"482013502021"}},{"arcs":[[-228,-3837,-226,-3731,-4326,6549,-2576,-4308]],"type":"Polygon","properties":{"GEOID":"482014329042"}},{"arcs":[[-6188,6550,-5873,6551]],"type":"Polygon","properties":{"GEOID":"482014545042"}},{"arcs":[[-4065,-5975,-1531,6552,-3912,-3566,-1027]],"type":"Polygon","properties":{"GEOID":"482014503012"}},{"arcs":[[-3335,-5679]],"type":"Polygon","properties":{"GEOID":"482013416004"}},{"arcs":[[6553,6554,-3331,6555,6556]],"type":"Polygon","properties":{"GEOID":"482013416003"}},{"arcs":[[6557,-237,-971,6558,-1523,-3816]],"type":"Polygon","properties":{"GEOID":"482014531003"}},{"arcs":[[6559,-6556,-5678,6560,-464,6561,6562,-5251]],"type":"Polygon","properties":{"GEOID":"482013415014"}},{"arcs":[[6563,-1528,-3463,6564,-3814,-358,-1553,-4883]],"type":"Polygon","properties":{"GEOID":"482014524022"}},{"arcs":[[-6139,-5931,-191,-3886,-5671,6565]],"type":"Polygon","properties":{"GEOID":"482014330051"}},{"arcs":[[6566,-3023,6567,6568]],"type":"Polygon","properties":{"GEOID":"482013504004"}},{"arcs":[[-6537,-4761,-6536,-1164,-1838,6569]],"type":"Polygon","properties":{"GEOID":"482012531012"}},{"arcs":[[6570,-4801,-2399,6571,6572,6573]],"type":"Polygon","properties":{"GEOID":"482015427001"}},{"arcs":[[-5903,-6436,6574,-1315]],"type":"Polygon","properties":{"GEOID":"482012519032"}},{"arcs":[[-6438,6575,-5833,-6313,6576,-5181,-6271,6577,6578]],"type":"Polygon","properties":{"GEOID":"482012519042"}},{"arcs":[[-4916,-2818,6579,-6378,6580,-597]],"type":"Polygon","properties":{"GEOID":"482013140032"}},{"arcs":[[-2301,-5256,-1847]],"type":"Polygon","properties":{"GEOID":"482015305011"}},{"arcs":[[-1431,-337,-6358,-1851,6581,-3514,6582,6583,-1385,-4914,-595,-2028,-3190]],"type":"Polygon","properties":{"GEOID":"482013131021"}},{"arcs":[[-775,-3515,-6582,-1850,-6357]],"type":"Polygon","properties":{"GEOID":"482013126011"}},{"arcs":[[-4412,6584,-439,6585]],"type":"Polygon","properties":{"GEOID":"482014104012"}},{"arcs":[[-3899,-4471,-6390,-1405,-1885,6586,-3141,-5892,6587]],"type":"Polygon","properties":{"GEOID":"482014118012"}},{"arcs":[[-2444,6588,6589,6590,-4788,6591,6592]],"type":"Polygon","properties":{"GEOID":"482015308004"}},{"arcs":[[-4149,-2302,6593,-6590,6594]],"type":"Polygon","properties":{"GEOID":"482015307022"}},{"arcs":[[-3827,-5148,-4482,6595,-6359]],"type":"Polygon","properties":{"GEOID":"482013506032"}},{"arcs":[[-3447,-5406,-3559,-5054,-5566,-2169]],"type":"Polygon","properties":{"GEOID":"482013410022"}},{"arcs":[[-858,6596,6597,-4396,-2657]],"type":"Polygon","properties":{"GEOID":"482015303001"}},{"arcs":[[6598,-4780,-2414,-4152,-713,6599,-6129]],"type":"Polygon","properties":{"GEOID":"482012408031"}},{"arcs":[[-1274,-3953,-133,-5415,-6090,-4050,6600]],"type":"Polygon","properties":{"GEOID":"482014335073"}},{"arcs":[[-5094,-5784,6601]],"type":"Polygon","properties":{"GEOID":"482014528023"}},{"arcs":[[6602,-973,-1272,6603]],"type":"Polygon","properties":{"GEOID":"482014532022"}},{"arcs":[[6604,6605,-6209,-2991,6606,-6162,-5129,-2985]],"type":"Polygon","properties":{"GEOID":"482015409041"}},{"arcs":[[6607,-3465,6608,-1526,-6564,-4882]],"type":"Polygon","properties":{"GEOID":"482014524012"}},{"arcs":[[6609,-5815,-4123,6610,-3163,-6220]],"type":"Polygon","properties":{"GEOID":"482014311014"}},{"arcs":[[-3519,-5895,-1962,-6224,-4950,6611,-5327,-5836]],"type":"Polygon","properties":{"GEOID":"482014514051"}},{"arcs":[[-6495,6612,6613,-3695,-3328]],"type":"Polygon","properties":{"GEOID":"482014519041"}},{"arcs":[[-3323,6614,6615,-4074,-6266,-4700]],"type":"Polygon","properties":{"GEOID":"482015501011"}},{"arcs":[[-6100,6616,-5904,-1313,-6268]],"type":"Polygon","properties":{"GEOID":"482012504032"}},{"arcs":[[-6101,-6267,6617,6618]],"type":"Polygon","properties":{"GEOID":"482012508011"}},{"arcs":[[-6238,6619,-328,-1646,-2307,-116]],"type":"Polygon","properties":{"GEOID":"482013210021"}},{"arcs":[[6620,6621,-6273,6622,6623,-5304,6624,-1638,6625]],"type":"Polygon","properties":{"GEOID":"482012520022"}},{"arcs":[[-792,-1633,-5134,-6279,6626,6627,6628,6629]],"type":"Polygon","properties":{"GEOID":"482012320003"}},{"arcs":[[6630,6631,-3234,-1422,-3414,-5762,6632,-6624]],"type":"Polygon","properties":{"GEOID":"482012522022"}},{"arcs":[[6633,-6626,-1637,6634,-6278]],"type":"Polygon","properties":{"GEOID":"482012323032"}},{"arcs":[[6635,-4842,-2464]],"type":"Polygon","properties":{"GEOID":"482012312003"}},{"arcs":[[-3956,-5927,6636,6637,-2182]],"type":"Polygon","properties":{"GEOID":"482012323052"}},{"arcs":[[-2102,-6411,-2071,-5432]],"type":"Polygon","properties":{"GEOID":"482015205012"}},{"arcs":[[6638,-5807,-5198,6639,6640,-3145,6641,6642]],"type":"Polygon","properties":{"GEOID":"482015217013"}},{"arcs":[[-4515,-4364,-386,-4496]],"type":"Polygon","properties":{"GEOID":"482012409043"}},{"arcs":[[-5258,6643,6644,-6109]],"type":"Polygon","properties":{"GEOID":"482013508043"}},{"arcs":[[6645,-4390,-5429,6646]],"type":"Polygon","properties":{"GEOID":"482015217021"}},{"arcs":[[6647,6648,6649,-4939,-4820,-6236,-5511,-3640,-5521,-6174,6650,-6118,-692,-5601,6651,6652]],"type":"Polygon","properties":{"GEOID":"482015432022"}},{"arcs":[[-6071,6653,6654,-3302,-6286,-3202,-410,-3711]],"type":"Polygon","properties":{"GEOID":"482013339041"}},{"arcs":[[-3340,-913,-1377,-2311,6655]],"type":"Polygon","properties":{"GEOID":"482012213012"}},{"arcs":[[6656,-5463,6657,-4451,-68]],"type":"Polygon","properties":{"GEOID":"482012217021"}},{"arcs":[[-4115,6658,6659,-1603,-5693]],"type":"Polygon","properties":{"GEOID":"482012523054"}},{"arcs":[[-842,6660,-81,-5112]],"type":"Polygon","properties":{"GEOID":"482015412071"}},{"arcs":[[-5268,6661,-3656,6662,6663]],"type":"Polygon","properties":{"GEOID":"482015431002"}},{"arcs":[[-2554,-3848,-3945,6664,-466]],"type":"Polygon","properties":{"GEOID":"482014216012"}},{"arcs":[[-3936,-3587,6665,-3909,-3665,6666,-5349,-6515,6667]],"type":"Polygon","properties":{"GEOID":"482014230021"}},{"arcs":[[-3664,6668,6669,-6146,6670,-6667]],"type":"Polygon","properties":{"GEOID":"482014230011"}},{"arcs":[[6671,-4524,-6216,-5708,-6199,6672]],"type":"Polygon","properties":{"GEOID":"482015544093"}},{"arcs":[[-4890,6673,-5363,6674]],"type":"Polygon","properties":{"GEOID":"482015424012"}},{"arcs":[[6675,-4458,-1708,-5803,6676,6677,-213,6678]],"type":"Polygon","properties":{"GEOID":"482015425002"}},{"arcs":[[6679,-5413,-5281,-50,6680]],"type":"Polygon","properties":{"GEOID":"482015523041"}},{"arcs":[[-4169,-5356,-2628,-143,6681]],"type":"Polygon","properties":{"GEOID":"482015506013"}},{"arcs":[[6682,6683,6684]],"type":"Polygon","properties":{"GEOID":"482012520012"}},{"arcs":[[-6104,-1625,6685,6686,-6024]],"type":"Polygon","properties":{"GEOID":"482012504053"}},{"arcs":[[-5954,-3689,-6276,-1984,6687]],"type":"Polygon","properties":{"GEOID":"482012503031"}},{"arcs":[[-3542,6688,-5881,-6038,-1505]],"type":"Polygon","properties":{"GEOID":"482014548011"}},{"arcs":[[6689,-6264,6690,-2939,6691,6692]],"type":"Polygon","properties":{"GEOID":"482015557013"}},{"arcs":[[6693,6694,6695,-5919,-5534,6696,6697,-676,6698]],"type":"Polygon","properties":{"GEOID":"482015552004"}},{"arcs":[[-5747,6699,-6659]],"type":"Polygon","properties":{"GEOID":"482012523053"}},{"arcs":[[6700,6701,-5364,-6674,-4889]],"type":"Polygon","properties":{"GEOID":"482015424011"}},{"arcs":[[-3874,-3277,-2986,-5132,-6168,-4468]],"type":"Polygon","properties":{"GEOID":"482015413013"}},{"arcs":[[-784,6702,-6206,6703,-953]],"type":"Polygon","properties":{"GEOID":"482015557033"}},{"arcs":[[-2943,-6204,-6703,-585]],"type":"Polygon","properties":{"GEOID":"482015557031"}},{"arcs":[[-5527,6704,6705,-6102,-6619,6706,-5207,6707]],"type":"Polygon","properties":{"GEOID":"482012508022"}},{"arcs":[[-5215,-5499,6708,-449,6709,-6097,-6706,6710]],"type":"Polygon","properties":{"GEOID":"482012509024"}},{"arcs":[[-6340,6711,6712,6713,6714,6715,-4633]],"type":"Polygon","properties":{"GEOID":"482015536013"}},{"arcs":[[6716,-2929,6717,6718,-2173,6719]],"type":"Polygon","properties":{"GEOID":"482019807001"}},{"arcs":[[-1008,-1792,6720,-1898,6721,-759]],"type":"Polygon","properties":{"GEOID":"482015102022"}},{"arcs":[[-4493,6722,-1892,-1899,-1894,-6721,-3543]],"type":"Polygon","properties":{"GEOID":"482015102023"}},{"arcs":[[-1896,-1901,6723,-6720,-2172,6724,-754,-4109,6725]],"type":"Polygon","properties":{"GEOID":"482014101021"}},{"arcs":[[6726,6727,-3813,-4740,-4902]],"type":"Polygon","properties":{"GEOID":"482013101011"}},{"arcs":[[-6518,6728,-4201,6729,6730]],"type":"Polygon","properties":{"GEOID":"482013412041"}},{"arcs":[[-2563,6731,6732,6733,6734,6735,6736,-3987]],"type":"Polygon","properties":{"GEOID":"482012115022"}},{"arcs":[[-5989,6737,6738,-6143,6739,-3502,-1660]],"type":"Polygon","properties":{"GEOID":"482015423031"}},{"arcs":[[-5710,-60,-3211,6740,6741,6742,-6156]],"type":"Polygon","properties":{"GEOID":"482015416044"}},{"arcs":[[-4462,-5591,6743,-4082]],"type":"Polygon","properties":{"GEOID":"482013309013"}},{"arcs":[[-3666,-1390]],"type":"Polygon","properties":{"GEOID":"482015413025"}},{"arcs":[[-6187,-6044,-5473,-5874,-6551]],"type":"Polygon","properties":{"GEOID":"482014545041"}},{"arcs":[[-5395,-4932,-1232,-5312,-5709,-4157,-3490]],"type":"Polygon","properties":{"GEOID":"482015421032"}},{"arcs":[[6744,-4249,6745,6746,-6412,6747,-6068,-3749]],"type":"Polygon","properties":{"GEOID":"482015302003"}},{"arcs":[[-6377,-3844,-4639,-2660,6748,-4029]],"type":"Polygon","properties":{"GEOID":"482015306001"}},{"arcs":[[-2440,6749,-4250,-6745,-3748,-1407,-4851,-5011,-5380]],"type":"Polygon","properties":{"GEOID":"482015312001"}},{"arcs":[[-2465,-4845,6750,6751]],"type":"Polygon","properties":{"GEOID":"482012313002"}},{"arcs":[[6752,-607,-3226,-4601,-5623,-1812,-3092,6753]],"type":"Polygon","properties":{"GEOID":"482012108001"}},{"arcs":[[-6158,-1106,6754,6755,6756]],"type":"Polygon","properties":{"GEOID":"482014534011"}},{"arcs":[[6757,-3793,-6558,-3815]],"type":"Polygon","properties":{"GEOID":"482014531001"}},{"arcs":[[6758,6759,6760,6761,6762,-5813,6763]],"type":"Polygon","properties":{"GEOID":"482014309001"}},{"arcs":[[-5014,-2706,6764,6765]],"type":"Polygon","properties":{"GEOID":"482014306001"}},{"arcs":[[6766,6767,-2477,6768,6769]],"type":"Polygon","properties":{"GEOID":"482012311003"}},{"arcs":[[-6752,-6770,6770,-5367,-5284]],"type":"Polygon","properties":{"GEOID":"482012310001"}},{"arcs":[[-2488,-5286,-2479,-3100]],"type":"Polygon","properties":{"GEOID":"482012308002"}},{"arcs":[[-2453,-125,-2460,-2486,6771,-3104,-3820]],"type":"Polygon","properties":{"GEOID":"482012307002"}},{"arcs":[[6772,-5189,-3850,-3108,6773,-4686,-4038,-6474]],"type":"Polygon","properties":{"GEOID":"482012305003"}},{"arcs":[[-6171,-1733,-1277,-2495]],"type":"Polygon","properties":{"GEOID":"482014232012"}},{"arcs":[[-5575,-6669,-3663,-3908,6774]],"type":"Polygon","properties":{"GEOID":"482014228003"}},{"arcs":[[6775,6776,6777,-4619,-6775,-3910,-6666,-3586,6778]],"type":"Polygon","properties":{"GEOID":"482014228001"}},{"arcs":[[6779,6780,-3102,-2501,-4330,-3095,-4041]],"type":"Polygon","properties":{"GEOID":"482012302002"}},{"arcs":[[-3660,-2394,6781,-4276,6782]],"type":"Polygon","properties":{"GEOID":"482015428001"}},{"arcs":[[-1310,-5328,-6612,-4954,-3495,-4333,-6092]],"type":"Polygon","properties":{"GEOID":"482014517002"}},{"arcs":[[-3864,-423,-5970,6783,6784]],"type":"Polygon","properties":{"GEOID":"482014511002"}},{"arcs":[[-6228,-1587,-142,6785,-2277,-4722]],"type":"Polygon","properties":{"GEOID":"482014509002"}},{"arcs":[[6786,-5018,-3054,-3549,-3376,6787,-3914]],"type":"Polygon","properties":{"GEOID":"482014507002"}},{"arcs":[[-6651,-6176,-2522,-5476]],"type":"Polygon","properties":{"GEOID":"482014505001"}},{"arcs":[[-2525,-2531,-4623,6788,6789,-4620]],"type":"Polygon","properties":{"GEOID":"482014221004"}},{"arcs":[[-2535,-3214,-2526,-2523,-1674]],"type":"Polygon","properties":{"GEOID":"482014220002"}},{"arcs":[[6790,-5030,-2532,-3371]],"type":"Polygon","properties":{"GEOID":"482014219003"}},{"arcs":[[-467,-6665,-3944,-903,-4665,6791,-5050]],"type":"Polygon","properties":{"GEOID":"482014217001"}},{"arcs":[[6792,-1753,6793,-5142]],"type":"Polygon","properties":{"GEOID":"482012206002"}},{"arcs":[[-2546,-283,6794,-2543]],"type":"Polygon","properties":{"GEOID":"482012203002"}},{"arcs":[[-5342,6795,6796,6797,6798,-6649,6799]],"type":"Polygon","properties":{"GEOID":"482015405022"}},{"arcs":[[6800,6801,-6510,-3200,-1480,6802,-1469]],"type":"Polygon","properties":{"GEOID":"482015223011"}},{"arcs":[[6803,-1471,6804,6805,-4286,-2981]],"type":"Polygon","properties":{"GEOID":"482015223021"}},{"arcs":[[-3607,6806,-4043,-481]],"type":"Polygon","properties":{"GEOID":"482014209001"}},{"arcs":[[-4699,6807,6808,6809,-6732,-2562]],"type":"Polygon","properties":{"GEOID":"482012124001"}},{"arcs":[[6810,-6809,6811,-5552]],"type":"Polygon","properties":{"GEOID":"482012119003"}},{"arcs":[[6812,-3592,6813,-3676,-2873,-4223]],"type":"Polygon","properties":{"GEOID":"482012117003"}},{"arcs":[[6814,-1357,6815,-6802,6816,-1049]],"type":"Polygon","properties":{"GEOID":"482015222011"}},{"arcs":[[6817,-216,6818,6819,-6573]],"type":"Polygon","properties":{"GEOID":"482014553001"}},{"arcs":[[-3149,-1514,-2581,-1488,6820]],"type":"Polygon","properties":{"GEOID":"482014332021"}},{"arcs":[[-2559,6821,6822,-4689,-5863,6823]],"type":"Polygon","properties":{"GEOID":"482014207002"}},{"arcs":[[-6823,6824,-6235,6825,-6259,6826,-4690]],"type":"Polygon","properties":{"GEOID":"482014203003"}},{"arcs":[[-825,-5609,-794,6827,6828]],"type":"Polygon","properties":{"GEOID":"482012321002"}},{"arcs":[[-4857,-2096,-5610,-826,6829,-2957,-198,6830]],"type":"Polygon","properties":{"GEOID":"482012222001"}},{"arcs":[[-4030,-6749,-2659,6831,6832]],"type":"Polygon","properties":{"GEOID":"482015302001"}},{"arcs":[[-161,6833,-3973,6834]],"type":"Polygon","properties":{"GEOID":"482015114003"}},{"arcs":[[-4105,-162,-6835,-3978,-6451,-2670,6835]],"type":"Polygon","properties":{"GEOID":"482015114001"}},{"arcs":[[-3528,-5033,-270,-2667]],"type":"Polygon","properties":{"GEOID":"482015113011"}},{"arcs":[[-2737,-1596,-3611,-4649]],"type":"Polygon","properties":{"GEOID":"482013427003"}},{"arcs":[[-4445,-4650,-3614,-4348,-492,6836,-15]],"type":"Polygon","properties":{"GEOID":"482013423001"}},{"arcs":[[6837,-4667,-861,6838]],"type":"Polygon","properties":{"GEOID":"482013422002"}},{"arcs":[[-16,-6837,-491,-4666,-6838,6839,6840]],"type":"Polygon","properties":{"GEOID":"482013422001"}},{"arcs":[[[6841,6842,6843]],[[-3401,6844,6845,6846,-2740]]],"type":"MultiPolygon","properties":{"GEOID":"482013417002"}},{"arcs":[[6847,6848,6849,-6843,6850,-6554,6851,-5249,6852]],"type":"Polygon","properties":{"GEOID":"482013416002"}},{"arcs":[[-5568,-55,-6361,-2747,6853]],"type":"Polygon","properties":{"GEOID":"482013507002"}},{"arcs":[[6854,6855,6856,-5959,-5564,6857]],"type":"Polygon","properties":{"GEOID":"482013505003"}},{"arcs":[[-5729,-4119,6858,6859,6860,6861,6862]],"type":"Polygon","properties":{"GEOID":"482013504001"}},{"arcs":[[-4652,6863,-4376,-4829,-5381,6864,6865,-2765]],"type":"Polygon","properties":{"GEOID":"482013337002"}},{"arcs":[[-6234,-824,-6258,-6826]],"type":"Polygon","properties":{"GEOID":"482014203002"}},{"arcs":[[-1629,-4106,-6836,-2669,-5031]],"type":"Polygon","properties":{"GEOID":"482015113021"}},{"arcs":[[-6828,-793,-6630,6866]],"type":"Polygon","properties":{"GEOID":"482012320001"}},{"arcs":[[6867,6868,6869]],"type":"Polygon","properties":{"GEOID":"482012319001"}},{"arcs":[[-1617,-5997,6870,-906,-786,-5608,-3703,-5149]],"type":"Polygon","properties":{"GEOID":"482012231001"}},{"arcs":[[-4858,-6831,-197,6871,-2680,6872]],"type":"Polygon","properties":{"GEOID":"482012223001"}},{"arcs":[[-5461,-2681,-6872,-202,-5995,-2685,-3999,6873]],"type":"Polygon","properties":{"GEOID":"482012219001"}},{"arcs":[[-41,-2930,-6717,-6724,-1900,-1890]],"type":"Polygon","properties":{"GEOID":"482015101001"}},{"arcs":[[-4814,-3970,-4975,-5876,-5468,-4862,-1509,-4856]],"type":"Polygon","properties":{"GEOID":"482014326002"}},{"arcs":[[-5506,6874,6875,-5186,-2019,6876]],"type":"Polygon","properties":{"GEOID":"482014316003"}},{"arcs":[[-6509,6877,6878,6879,-3041,-2703,-5013]],"type":"Polygon","properties":{"GEOID":"482014305002"}},{"arcs":[[-6761,6880,-6765,-2705,-3044,6881,-6351,-1970,6882,6883]],"type":"Polygon","properties":{"GEOID":"482014304002"}},{"arcs":[[6884,6885,6886,-4044,-6807]],"type":"Polygon","properties":{"GEOID":"482014128001"}},{"arcs":[[-6587,-1884,-3610,-2888,-3142]],"type":"Polygon","properties":{"GEOID":"482014124002"}},{"arcs":[[-3620,6887,6888,-6106,-2045,-6864,-4651,-2763]],"type":"Polygon","properties":{"GEOID":"482013336001"}},{"arcs":[[6889,-3022,6890,-2796,-2768]],"type":"Polygon","properties":{"GEOID":"482013330001"}},{"arcs":[[-6852,-6557,-6560,-5250]],"type":"Polygon","properties":{"GEOID":"482013415013"}},{"arcs":[[-5852,-5,-2766,-6866,6891,-1145,6892]],"type":"Polygon","properties":{"GEOID":"482013317001"}},{"arcs":[[6893,-6841,6894,6895,-1598]],"type":"Polygon","properties":{"GEOID":"482013239001"}},{"arcs":[[6896,-1602,6897,6898,-2128]],"type":"Polygon","properties":{"GEOID":"482013238011"}},{"arcs":[[-3617,-1453,6899,-2806]],"type":"Polygon","properties":{"GEOID":"482013234004"}},{"arcs":[[-2787,-2791,6900,-1597,6901]],"type":"Polygon","properties":{"GEOID":"482013232002"}},{"arcs":[[6902,-6241,6903,-17,-6894,-6901,-2790]],"type":"Polygon","properties":{"GEOID":"482013231001"}},{"arcs":[[6904,-1173,6905,-612,6906]],"type":"Polygon","properties":{"GEOID":"482013229002"}},{"arcs":[[6907,-2798,6908,-2794,-3618,-4839,-4655,6909]],"type":"Polygon","properties":{"GEOID":"482013326003"}},{"arcs":[[-978,-2801,-2,-5509,-4003]],"type":"Polygon","properties":{"GEOID":"482013324002"}},{"arcs":[[6910,-1855,-4904,-440,-6585]],"type":"Polygon","properties":{"GEOID":"482014104022"}},{"arcs":[[6911,-4647,6912,-1134,-5759,-6476]],"type":"Polygon","properties":{"GEOID":"482014114001"}},{"arcs":[[-5723,-6485,6913,6914,6915,-6912,-4096]],"type":"Polygon","properties":{"GEOID":"482014112001"}},{"arcs":[[-488,6916,6917,-2731,6918,6919,-864]],"type":"Polygon","properties":{"GEOID":"482013430001"}},{"arcs":[[-3612,-2732,-6918,6920,-4349]],"type":"Polygon","properties":{"GEOID":"482013429001"}},{"arcs":[[6921,-2445,-6593,6922,6923,6924,-5840,6925]],"type":"Polygon","properties":{"GEOID":"482015318001"}},{"arcs":[[6926,-1612,-1429,-2442,-6922,6927,-5754]],"type":"Polygon","properties":{"GEOID":"482015332001"}},{"arcs":[[-2231,-3268,-3075,-2588]],"type":"Polygon","properties":{"GEOID":"482015543012"}},{"arcs":[[-3471,6928,-4540,-2227,-5577]],"type":"Polygon","properties":{"GEOID":"482015546001"}},{"arcs":[[-3061,-6290,6929,-1325,6930]],"type":"Polygon","properties":{"GEOID":"482015514002"}},{"arcs":[[-3992,-2603,-4310,-2253,-3723]],"type":"Polygon","properties":{"GEOID":"482015213004"}},{"arcs":[[-2255,-4311,-2370,-4234,-5024,6931,6932,6933]],"type":"Polygon","properties":{"GEOID":"482015207004"}},{"arcs":[[6934,-3838,-5537,6935,-6695,6936]],"type":"Polygon","properties":{"GEOID":"482012414002"}},{"arcs":[[6937,-3325,-4071,6938]],"type":"Polygon","properties":{"GEOID":"482015505002"}},{"arcs":[[6939,-3308,-291,6940,-6402,-2434,-476]],"type":"Polygon","properties":{"GEOID":"482015540012"}},{"arcs":[[-6716,6941,-6941,-6420,-4634]],"type":"Polygon","properties":{"GEOID":"482015537002"}},{"arcs":[[-2338,-5991,-1210,-2623,6942]],"type":"Polygon","properties":{"GEOID":"482015535003"}},{"arcs":[[-6715,6943,-3074,6944,6945,-2210,-6398,-6942]],"type":"Polygon","properties":{"GEOID":"482015530011"}},{"arcs":[[-6946,6946,-5177,-6018,-4046,-2211]],"type":"Polygon","properties":{"GEOID":"482015530013"}},{"arcs":[[6947,-147,-4638,-2690]],"type":"Polygon","properties":{"GEOID":"482015508001"}},{"arcs":[[-4170,-6682,-149,6948,6949]],"type":"Polygon","properties":{"GEOID":"482015506032"}},{"arcs":[[6950,6951,-1651,6952,6953]],"type":"Polygon","properties":{"GEOID":"482015329002"}},{"arcs":[[-2518,-4339,-4322,-910]],"type":"Polygon","properties":{"GEOID":"482012211002"}},{"arcs":[[6954,6955,6956,-5846,6957,-3594,-2921]],"type":"Polygon","properties":{"GEOID":"482012513005"}},{"arcs":[[-4773,-2148,-5638,6958]],"type":"Polygon","properties":{"GEOID":"482012511002"}},{"arcs":[[-3765,6959,-1064,-947,6960]],"type":"Polygon","properties":{"GEOID":"482015326002"}},{"arcs":[[-3734,6961,6962,-3766,-6961,-946,-3877,6963]],"type":"Polygon","properties":{"GEOID":"482015325022"}},{"arcs":[[6964,-5079,6965,-2644]],"type":"Polygon","properties":{"GEOID":"482015521011"}},{"arcs":[[-5789,-348,-6059,-6208,6966,-6605,-2984,6967,6968]],"type":"Polygon","properties":{"GEOID":"482015411001"}},{"arcs":[[-6039,-2081,6969,6970,-6798,6971]],"type":"Polygon","properties":{"GEOID":"482015407002"}},{"arcs":[[-950,-1457,-3597]],"type":"Polygon","properties":{"GEOID":"482015324002"}},{"arcs":[[-964,6972,-4980]],"type":"Polygon","properties":{"GEOID":"482013322003"}},{"arcs":[[-4981,-6973,-963,6973,-6910,-4654,-975,-5202]],"type":"Polygon","properties":{"GEOID":"482013322002"}},{"arcs":[[-5068,6974,6975,-6239,-3798]],"type":"Polygon","properties":{"GEOID":"482013226002"}},{"arcs":[[6976,-96,-5572,-4963]],"type":"Polygon","properties":{"GEOID":"482013220002"}},{"arcs":[[6977,-4965,-4175,6978]],"type":"Polygon","properties":{"GEOID":"482013219002"}},{"arcs":[[6979,-4231,-4178,-4243,-1058,-1033,-3125]],"type":"Polygon","properties":{"GEOID":"482013218002"}},{"arcs":[[-5966,-5898,6980,-5042,-1643,6981,-64]],"type":"Polygon","properties":{"GEOID":"482013214023"}},{"arcs":[[-4013,6982,6983,6984,-1288,-4836,-4983]],"type":"Polygon","properties":{"GEOID":"482013136001"}},{"arcs":[[-1290,-887,6985,-2828,-2802,-6465]],"type":"Polygon","properties":{"GEOID":"482013135003"}},{"arcs":[[6986,-5288,-5337,6987,-6984]],"type":"Polygon","properties":{"GEOID":"482013134001"}},{"arcs":[[-2834,-6453,6988,-3941]],"type":"Polygon","properties":{"GEOID":"482013130003"}},{"arcs":[[-740,6989,-4594,-927]],"type":"Polygon","properties":{"GEOID":"482013123001"}},{"arcs":[[-19,-5494,-3454]],"type":"Polygon","properties":{"GEOID":"482013120002"}},{"arcs":[[-5777,6990,-4016,-3152,-3230]],"type":"Polygon","properties":{"GEOID":"482013111001"}},{"arcs":[[6991,-3231,-3155,-3247,-2840]],"type":"Polygon","properties":{"GEOID":"482013109001"}},{"arcs":[[-3626,-2850,6992,-2842,-3250,6993,-4809,-3622]],"type":"Polygon","properties":{"GEOID":"482013108001"}},{"arcs":[[6994,-2948,-4987,6995,-3422]],"type":"Polygon","properties":{"GEOID":"482013104003"}},{"arcs":[[-3812,-2949,-6995,-3421,-4741]],"type":"Polygon","properties":{"GEOID":"482013104002"}},{"arcs":[[6996,6997,6998]],"type":"Polygon","properties":{"GEOID":"482012546001"}},{"arcs":[[-3872,6999,-4793,-390,-3120]],"type":"Polygon","properties":{"GEOID":"482013118003"}},{"arcs":[[-3249,7000,-4214,-639,7001]],"type":"Polygon","properties":{"GEOID":"482013112002"}},{"arcs":[[-4057,-4734,-275,-3789]],"type":"Polygon","properties":{"GEOID":"482013241014"}},{"arcs":[[-4737,-5218,-4190,-874,-5944,-6012,7002,-2422]],"type":"Polygon","properties":{"GEOID":"482015548074"}},{"arcs":[[-684,-4922,-4521,-6672]],"type":"Polygon","properties":{"GEOID":"482015544094"}},{"arcs":[[7003,7004,-5769,7005,-5066,-6065,-4005,7006,-3367,7007,7008]],"type":"Polygon","properties":{"GEOID":"482013241021"}},{"arcs":[[-195,-5317,-2429,-4318,-773,7009,7010,7011]],"type":"Polygon","properties":{"GEOID":"482013402023"}},{"arcs":[[7012,-5396,-3488,-6529]],"type":"Polygon","properties":{"GEOID":"482015421084"}},{"arcs":[[7013,7014,-6693,7015,7016,-5267]],"type":"Polygon","properties":{"GEOID":"482015560002"}},{"arcs":[[-5553,-6812,-6808,-4698]],"type":"Polygon","properties":{"GEOID":"482012119004"}},{"arcs":[[-4577,-3417,-4776,-6305,-168]],"type":"Polygon","properties":{"GEOID":"482012324021"}},{"arcs":[[-2635,7017,-6951,7018]],"type":"Polygon","properties":{"GEOID":"482015329001"}},{"arcs":[[-5561,7019,7020,-5450,-2630,-3498,7021]],"type":"Polygon","properties":{"GEOID":"482015340011"}},{"arcs":[[7022,7023,-3068,7024]],"type":"Polygon","properties":{"GEOID":"482015337012"}},{"arcs":[[[7025]],[[7026,-2861,-3003,-129,-406,7027,7028]],[[7029]]],"type":"MultiPolygon","properties":{"GEOID":"482012547001"}},{"arcs":[[-4903,-4743,-5092,-3805,-4565,-4595,-6990,-2176]],"type":"Polygon","properties":{"GEOID":"482013102001"}},{"arcs":[[7030,7031,-5323,-4976,-1213]],"type":"Polygon","properties":{"GEOID":"482013328002"}},{"arcs":[[-494,-4546,-3440,-6081,7032]],"type":"Polygon","properties":{"GEOID":"482014534031"}},{"arcs":[[-3087,-3127,-5550,-6346,-3927,-6470]],"type":"Polygon","properties":{"GEOID":"482013206021"}},{"arcs":[[-4853,-3790,-6977,7033]],"type":"Polygon","properties":{"GEOID":"482013220001"}},{"arcs":[[-2730,-3016,7034,-6919]],"type":"Polygon","properties":{"GEOID":"482013430002"}},{"arcs":[[-5612,-5245,-3486,-4580,-4183,7035,7036]],"type":"Polygon","properties":{"GEOID":"482015337011"}},{"arcs":[[-3349,7037,7038,-6796,-5341]],"type":"Polygon","properties":{"GEOID":"482015405021"}},{"arcs":[[7039,7040,-4563,7041,-6262,7042]],"type":"Polygon","properties":{"GEOID":"482015556001"}},{"arcs":[[7043,-5701,-1328]],"type":"Polygon","properties":{"GEOID":"482015513002"}},{"arcs":[[7044,-5578,7045,-2343]],"type":"Polygon","properties":{"GEOID":"482015545021"}},{"arcs":[[-4359,7046,-2246,-4497,-6076,-1128,-5153,-5916]],"type":"Polygon","properties":{"GEOID":"482019801001"}},{"arcs":[[-6899,7047,-241,-1228]],"type":"Polygon","properties":{"GEOID":"482013238012"}},{"arcs":[[-3888,-1517,-5672]],"type":"Polygon","properties":{"GEOID":"482014330032"}},{"arcs":[[7048,-6184,7049,-5242,-5427]],"type":"Polygon","properties":{"GEOID":"482012411011"}},{"arcs":[[-608,-6753,7050,7051,-5225]],"type":"Polygon","properties":{"GEOID":"482012105002"}},{"arcs":[[-6895,-6840,-6839,7052,7053]],"type":"Polygon","properties":{"GEOID":"482013239002"}},{"arcs":[[-2049,-4718,-6,-5851,-5592]],"type":"Polygon","properties":{"GEOID":"482013318001"}},{"arcs":[[-4435,-1475,-4784,-3373,-3548]],"type":"Polygon","properties":{"GEOID":"482014308001"}},{"arcs":[[7054,-4730,-745,-6746,-4248,7055]],"type":"Polygon","properties":{"GEOID":"482015311001"}},{"arcs":[[-2544,-6795,-282,7056,-1754,-6395,-6597]],"type":"Polygon","properties":{"GEOID":"482012202001"}},{"arcs":[[-6814,-3591,7057,7058,7059,-6733,-6810,-6811,-5551,-4696,7060,-4138]],"type":"Polygon","properties":{"GEOID":"482012124002"}},{"arcs":[[-6860,7061,7062,7063]],"type":"Polygon","properties":{"GEOID":"482013505004"}},{"arcs":[[-6172,-4036,-4354,-1078,-5140,-107,7064]],"type":"Polygon","properties":{"GEOID":"482013303032"}},{"arcs":[[-2797,-6891,-3021,7065,-6888,-3619,-2792,-6909]],"type":"Polygon","properties":{"GEOID":"482013326002"}},{"arcs":[[-6503,-6568,-3026,-6458,7066,7067]],"type":"Polygon","properties":{"GEOID":"482013503001"}},{"arcs":[[-6549,-6504,-7068,7068,-5034,-6333,-4436,-2103]],"type":"Polygon","properties":{"GEOID":"482013503004"}},{"arcs":[[-2741,-6847,7069,-6849,7070]],"type":"Polygon","properties":{"GEOID":"482013418001"}},{"arcs":[[-6862,7071,-3024,-6567,7072]],"type":"Polygon","properties":{"GEOID":"482013504002"}},{"arcs":[[7073,-4414,7074,-5005,-2716]],"type":"Polygon","properties":{"GEOID":"482014111002"}},{"arcs":[[-1155,-1798,7075,-4370,7076,-3205,-4550,7077]],"type":"Polygon","properties":{"GEOID":"482014211011"}},{"arcs":[[-4466,-295,-4383,7078,-3045]],"type":"Polygon","properties":{"GEOID":"482014214011"}},{"arcs":[[-1732,-3036,-4363,-990,-1278]],"type":"Polygon","properties":{"GEOID":"482014234021"}},{"arcs":[[-629,-6410,-1123,-1770,-3881,-31,-286,-4693]],"type":"Polygon","properties":{"GEOID":"482015201001"}},{"arcs":[[7079,-4791,-4026,-4257,-4729]],"type":"Polygon","properties":{"GEOID":"482015309003"}},{"arcs":[[-6193,-1284,-6328,-5648,-5808,-6639,7080]],"type":"Polygon","properties":{"GEOID":"482015342031"}},{"arcs":[[-4627,-3150,7081,-4281,-5684,-233]],"type":"Polygon","properties":{"GEOID":"482014332012"}},{"arcs":[[-6772,-2485,-3770,-3105]],"type":"Polygon","properties":{"GEOID":"482012306001"}},{"arcs":[[7082,7083,7084,-2447]],"type":"Polygon","properties":{"GEOID":"482012318002"}},{"arcs":[[7085,7086,7087,7088]],"type":"Polygon","properties":{"GEOID":"482015553031"}},{"arcs":[[7089,-1910,-5168,7090,-5774,-101]],"type":"Polygon","properties":{"GEOID":"482012336001"}},{"arcs":[[7091,-6226,7092]],"type":"Polygon","properties":{"GEOID":"482014508012"}},{"arcs":[[7093,-6415,7094,-418,-2059,-3767,-6409]],"type":"Polygon","properties":{"GEOID":"482015110011"}},{"arcs":[[-6426,-6429,-3062,-6931,-1324,-1821]],"type":"Polygon","properties":{"GEOID":"482015514003"}},{"arcs":[[7095,7096,-5508,7097,-3042,-6880]],"type":"Polygon","properties":{"GEOID":"482014303003"}},{"arcs":[[-3764,7098,-6953,-1653,7099,-1065,-6960]],"type":"Polygon","properties":{"GEOID":"482015326003"}},{"arcs":[[-1605,7100,-5804,-660,7101,7102,-150]],"type":"Polygon","properties":{"GEOID":"482012524004"}},{"arcs":[[7103,7104,-2299,-2956]],"type":"Polygon","properties":{"GEOID":"482012214001"}},{"arcs":[[-200,-2960,-3449,-5994]],"type":"Polygon","properties":{"GEOID":"482012221002"}},{"arcs":[[-4990,-5908,-546,-2683,-6657,-72,-5377]],"type":"Polygon","properties":{"GEOID":"482012224011"}},{"arcs":[[7105,7106,-4968,-5150]],"type":"Polygon","properties":{"GEOID":"482012229002"}},{"arcs":[[7107,-4644,-544,-5907,7108]],"type":"Polygon","properties":{"GEOID":"482012225021"}},{"arcs":[[7109,-2433,-5651,7110,-6049,7111,7112]],"type":"Polygon","properties":{"GEOID":"482015545011"}},{"arcs":[[-5074,7113,-1621,-6103,-6022,-6135,7114]],"type":"Polygon","properties":{"GEOID":"482012505001"}},{"arcs":[[7115,-3919,-4861,-4972,-4994,7116,7117,-2866,7118]],"type":"Polygon","properties":{"GEOID":"482012331012"}},{"arcs":[[-614,7119,-2785,-4135]],"type":"Polygon","properties":{"GEOID":"482013230002"}},{"arcs":[[-6175,-5523,-1559,7120,-507,-3901,-1534]],"type":"Polygon","properties":{"GEOID":"482014506003"}},{"arcs":[[-4530,7121,-4586,-3109,-2863,-5169]],"type":"Polygon","properties":{"GEOID":"482012337021"}},{"arcs":[[7122,-5790,-6969,7123,7124,-841]],"type":"Polygon","properties":{"GEOID":"482015411002"}},{"arcs":[[7125,-7124,-6968,-2983,-3276,7126]],"type":"Polygon","properties":{"GEOID":"482015412032"}},{"arcs":[[-3326,-6938,-1252]],"type":"Polygon","properties":{"GEOID":"482015505001"}},{"arcs":[[-6368,-5060,-5639,-2146,7127,7128,7129,-6486,7130,7131]],"type":"Polygon","properties":{"GEOID":"482012507012"}},{"arcs":[[7132,-5269,-6664,7133]],"type":"Polygon","properties":{"GEOID":"482015431001"}},{"arcs":[[7134,-5502,7135,-4384,-5556]],"type":"Polygon","properties":{"GEOID":"482012515011"}},{"arcs":[[-6532,-5471,-445,-6709,-5498,-7135,-5555]],"type":"Polygon","properties":{"GEOID":"482012516002"}},{"arcs":[[-5045,-2918,7136,-6534,-5443,-204]],"type":"Polygon","properties":{"GEOID":"482012528001"}},{"arcs":[[7137,-6853,-5248,-4197,-6729,-6517,7138,7139]],"type":"Polygon","properties":{"GEOID":"482013414002"}},{"arcs":[[-4996,7140,-4588,-2721,-4000,-5626,-3758]],"type":"Polygon","properties":{"GEOID":"482013433021"}},{"arcs":[[-2946,-5779,-5389,-2192,-1244,-1807,-4296,-4985]],"type":"Polygon","properties":{"GEOID":"482013105001"}},{"arcs":[[-7091,-5167,-5775]],"type":"Polygon","properties":{"GEOID":"482012336002"}},{"arcs":[[7141,-5615,-918,-6345,-1906,-7090,7142]],"type":"Polygon","properties":{"GEOID":"482012334002"}},{"arcs":[[7143,-5616,-7142,-7059]],"type":"Polygon","properties":{"GEOID":"482012326001"}},{"arcs":[[-7103,7144,7145,-5764,-5397,-151]],"type":"Polygon","properties":{"GEOID":"482012524003"}},{"arcs":[[-3650,7146,-5741,7147,-7145,-7102]],"type":"Polygon","properties":{"GEOID":"482012524001"}},{"arcs":[[-5802,-2085,7148]],"type":"Polygon","properties":{"GEOID":"482014546001"}},{"arcs":[[-2878,7149,7150,-5246]],"type":"Polygon","properties":{"GEOID":"482014540001"}},{"arcs":[[7151,-6764,-5812,7152,-4379]],"type":"Polygon","properties":{"GEOID":"482014311011"}},{"arcs":[[-3825,-4256,-1203,-4315,-6231,7153,-2885,7154,-6886,-3778]],"type":"Polygon","properties":{"GEOID":"482014130001"}},{"arcs":[[-6887,-7155,-2884,-901,-4045]],"type":"Polygon","properties":{"GEOID":"482014128002"}},{"arcs":[[-5070,-2896,-1712,-1683,-3178,-3315]],"type":"Polygon","properties":{"GEOID":"482014123002"}},{"arcs":[[-6893,-453,-5687,-5853]],"type":"Polygon","properties":{"GEOID":"482013317002"}},{"arcs":[[-1663,-5127,-6011,7155,7156]],"type":"Polygon","properties":{"GEOID":"482013307001"}},{"arcs":[[7157,7158,-2903,-361,-4020,-5595]],"type":"Polygon","properties":{"GEOID":"482013306004"}},{"arcs":[[7159,-1717,-5110,7160,-2901,7161]],"type":"Polygon","properties":{"GEOID":"482013305001"}},{"arcs":[[-5597,7162,-112]],"type":"Polygon","properties":{"GEOID":"482013303022"}},{"arcs":[[-4180,-2909,7163,-4292,-5871]],"type":"Polygon","properties":{"GEOID":"482012541003"}},{"arcs":[[-2908,-4608,7164,7165,-3631,-4293,-7164]],"type":"Polygon","properties":{"GEOID":"482012541001"}},{"arcs":[[7166,-3282,7167]],"type":"Polygon","properties":{"GEOID":"482012537001"}},{"arcs":[[7168,7169,-3286,-3117,7170,-6997,7171,-6248]],"type":"Polygon","properties":{"GEOID":"482012548003"}},{"arcs":[[-5644,7172,-173,7173,7174,-7169,-6247,7175]],"type":"Polygon","properties":{"GEOID":"482012548002"}},{"arcs":[[-5718,-720,-5044]],"type":"Polygon","properties":{"GEOID":"482012527002"}},{"arcs":[[-5696,-4024,7176,-6955,-2920,-1081]],"type":"Polygon","properties":{"GEOID":"482012513002"}},{"arcs":[[7177,-4386,-4306,7178,-6956,-7177]],"type":"Polygon","properties":{"GEOID":"482012513001"}},{"arcs":[[-1105,7179,7180,-6755]],"type":"Polygon","properties":{"GEOID":"482014534012"}},{"arcs":[[-848,-984,-110,7181]],"type":"Polygon","properties":{"GEOID":"482013303012"}},{"arcs":[[-6763,7182,-573,-6611,-4122,-5814]],"type":"Polygon","properties":{"GEOID":"482014311022"}},{"arcs":[[7183,-6014,-6929,-3470,7184]],"type":"Polygon","properties":{"GEOID":"482015555053"}},{"arcs":[[-6249,-7172,-6999,7185,7186,7187]],"type":"Polygon","properties":{"GEOID":"482012546002"}},{"arcs":[[-2539,-5201,-1729,-2560,7188,-1012]],"type":"Polygon","properties":{"GEOID":"482014218012"}},{"arcs":[[-6120,-5163,7189,-2397]],"type":"Polygon","properties":{"GEOID":"482015429024"}},{"arcs":[[7190,-5557,-3753,7191,-5694]],"type":"Polygon","properties":{"GEOID":"482012514011"}},{"arcs":[[-1639,-6625,-5303,-6637,-5926,-3954]],"type":"Polygon","properties":{"GEOID":"482012323051"}},{"arcs":[[-6827,-4672,-2582,-5497,-4691]],"type":"Polygon","properties":{"GEOID":"482014204001"}},{"arcs":[[-2999,7192,-2992,7193]],"type":"Polygon","properties":{"GEOID":"482013403023"}},{"arcs":[[-6874,-3998,-2502,-4452,-6658,-5462]],"type":"Polygon","properties":{"GEOID":"482012218003"}},{"arcs":[[-1094,-2738,-4648,-4443,7194]],"type":"Polygon","properties":{"GEOID":"482013425001"}},{"arcs":[[-6522,-6519,-6731,7195,-5417]],"type":"Polygon","properties":{"GEOID":"482013412042"}},{"arcs":[[7196,-3937,-6668,-6514,-5001]],"type":"Polygon","properties":{"GEOID":"482014231002"}},{"arcs":[[-2461,-123,-2452]],"type":"Polygon","properties":{"GEOID":"482012315001"}},{"arcs":[[-6119,-2392,-1710,-4460,7197]],"type":"Polygon","properties":{"GEOID":"482015429014"}},{"arcs":[[-3636,-1168,7198,-1837,-174,-7173,-5643,7199]],"type":"Polygon","properties":{"GEOID":"482012535023"}},{"arcs":[[-4663,7200,-1727,-5200,-2537,7201]],"type":"Polygon","properties":{"GEOID":"482014218022"}},{"arcs":[[-5866,-1178,-3161,-1256,-4818]],"type":"Polygon","properties":{"GEOID":"482015219004"}},{"arcs":[[7202,-4854,-7034,-4962,-6978,7203]],"type":"Polygon","properties":{"GEOID":"482013219001"}},{"arcs":[[-6003,-3309,-6940,-475,-5946,-2234]],"type":"Polygon","properties":{"GEOID":"482015561001"}},{"arcs":[[-907,-6871,-5996]],"type":"Polygon","properties":{"GEOID":"482012227012"}},{"arcs":[[-2687,-3452,7204,-5188,-3175]],"type":"Polygon","properties":{"GEOID":"482012220001"}},{"arcs":[[-6740,-2389,-6701,-4888,-5664,-3503]],"type":"Polygon","properties":{"GEOID":"482015423023"}},{"arcs":[[-4099,7205,-4203]],"type":"Polygon","properties":{"GEOID":"482014318042"}},{"arcs":[[-3443,7206,-5296,-6077,7207,-4166,-3408]],"type":"Polygon","properties":{"GEOID":"482015504071"}},{"arcs":[[-2236,-5945,7208]],"type":"Polygon","properties":{"GEOID":"482015541031"}},{"arcs":[[-6677,-7149,-2089,-1503,7209]],"type":"Polygon","properties":{"GEOID":"482014552001"}},{"arcs":[[-7067,-6457,-5035,-7069]],"type":"Polygon","properties":{"GEOID":"482013503002"}},{"arcs":[[-6127,7210,7211,-6025,-6687,7212,7213,-6685,7214,-6277,-3687]],"type":"Polygon","properties":{"GEOID":"482012504081"}},{"arcs":[[-6494,-2515,-5968,7215,-6613]],"type":"Polygon","properties":{"GEOID":"482014519043"}},{"arcs":[[7216,-6779,-3585,-3935]],"type":"Polygon","properties":{"GEOID":"482014229003"}},{"arcs":[[-6343,7217,7218,-4779,-6599,7219,-5786]],"type":"Polygon","properties":{"GEOID":"482012413024"}},{"arcs":[[7220,-6005,-6186,-1414,7221]],"type":"Polygon","properties":{"GEOID":"482015549082"}},{"arcs":[[-3185,-2383,-1620,-7108,7222,-3390,-5611]],"type":"Polygon","properties":{"GEOID":"482012226012"}},{"arcs":[[-5656,7223,-4834,7224,-5420]],"type":"Polygon","properties":{"GEOID":"482015549023"}},{"arcs":[[-2155,-1801,-1364,7225,7226,-1379]],"type":"Polygon","properties":{"GEOID":"482013115021"}},{"arcs":[[-7011,7227,-5957,-4117,7228]],"type":"Polygon","properties":{"GEOID":"482013402011"}},{"arcs":[[7229,7230,-2122,7231,-6413]],"type":"Polygon","properties":{"GEOID":"482015111001"}},{"arcs":[[-5375,7232,-5559,-2594,-3655]],"type":"Polygon","properties":{"GEOID":"482015339032"}},{"arcs":[[-6183,-5235,-5239,-7050]],"type":"Polygon","properties":{"GEOID":"482012411041"}},{"arcs":[[-5393,-5923,-581,7233,-5121,-5300]],"type":"Polygon","properties":{"GEOID":"482012411052"}},{"arcs":[[7234,-1576,-6513,7235,-5999]],"type":"Polygon","properties":{"GEOID":"482014543032"}},{"arcs":[[-5533,-4658,-3017,-6890,-4978]],"type":"Polygon","properties":{"GEOID":"482013329001"}},{"arcs":[[-5298,-3525,-5792,-3784,-6078]],"type":"Polygon","properties":{"GEOID":"482015504031"}},{"arcs":[[-3130,7236,-6620,-6237]],"type":"Polygon","properties":{"GEOID":"482013209022"}},{"arcs":[[7237,-6202,-966,-5332]],"type":"Polygon","properties":{"GEOID":"482015430071"}},{"arcs":[[-2492,-840,-3260,-3683]],"type":"Polygon","properties":{"GEOID":"482014537011"}},{"arcs":[[-2269,-6501,-2256,-1358,-6815,-1048,7238]],"type":"Polygon","properties":{"GEOID":"482015222012"}},{"arcs":[[-1689,-1205,-6157,-6743,7239,-6652,-5600,-4503,-352,7240]],"type":"Polygon","properties":{"GEOID":"482015417013"}},{"arcs":[[-5845,7241,-1889,-5216,-6711,-6705,-5526]],"type":"Polygon","properties":{"GEOID":"482012509011"}},{"arcs":[[-3375,-4787,-4377,-1580,7242]],"type":"Polygon","properties":{"GEOID":"482014310022"}},{"arcs":[[-478,-2436,-6326,-3780,-1040]],"type":"Polygon","properties":{"GEOID":"482015528011"}},{"arcs":[[7243,-5159,7244,-6727,-2174,-6719]],"type":"Polygon","properties":{"GEOID":"482011000012"}},{"arcs":[[-6994,-7002,-644,-7000,-4810]],"type":"Polygon","properties":{"GEOID":"482013112003"}},{"arcs":[[-2290,-2077,-6320,-6366,-2674,7245,7246,7247]],"type":"Polygon","properties":{"GEOID":"482012406003"}},{"arcs":[[-6164,-5370,7248,-6972,-6797,-7039,7249,-1268]],"type":"Polygon","properties":{"GEOID":"482015406011"}},{"arcs":[[-3267,7250,-4723,-5659,-3429,-3077]],"type":"Polygon","properties":{"GEOID":"482015526022"}},{"arcs":[[7251,-6329,-5057,-1287,-4323,7252,7253]],"type":"Polygon","properties":{"GEOID":"482015342051"}},{"arcs":[[-5122,-7234,-580,-5119,7254]],"type":"Polygon","properties":{"GEOID":"482012410011"}},{"arcs":[[-2580,7255,-6776,-7217,7256,-1490]],"type":"Polygon","properties":{"GEOID":"482014333003"}},{"arcs":[[-6016,-1042,-2323,7257,-4724,-7251,-5941]],"type":"Polygon","properties":{"GEOID":"482015527024"}},{"arcs":[[7258,-6283,-3031,-600,-6285,-3300]],"type":"Polygon","properties":{"GEOID":"482013339032"}},{"arcs":[[-6185,-5422,7259,7260,7261,-1416]],"type":"Polygon","properties":{"GEOID":"482015549071"}},{"arcs":[[-1880,7262,-2871,7263,7264,7265]],"type":"Polygon","properties":{"GEOID":"482012529021"}},{"arcs":[[-2388,-5925,7266,-5365,-6702]],"type":"Polygon","properties":{"GEOID":"482015418012"}},{"arcs":[[-4303,7267,-5500,-1886,-7242,-5844]],"type":"Polygon","properties":{"GEOID":"482012515052"}},{"arcs":[[-2237,-7209,-5947,-473,-5451,-4142,-1926]],"type":"Polygon","properties":{"GEOID":"482015541032"}},{"arcs":[[-503,-5930]],"type":"Polygon","properties":{"GEOID":"482014330042"}},{"arcs":[[-5510,-3571,-3051,-5019,-6787,-3913,-6553,-1530,-3641]],"type":"Polygon","properties":{"GEOID":"482014502001"}},{"arcs":[[-436,-3853,-5842,7268,-1234,-1192,7269]],"type":"Polygon","properties":{"GEOID":"482015320042"}},{"arcs":[[-969,-6318,-5206,-4124,-5976,-5333]],"type":"Polygon","properties":{"GEOID":"482015430061"}},{"arcs":[[-7042,-4562,7270,-7113,7271,-6263]],"type":"Polygon","properties":{"GEOID":"482015556002"}},{"arcs":[[-680,-1935,-2218,7272,-6422,-1338]],"type":"Polygon","properties":{"GEOID":"482015551012"}},{"arcs":[[-7112,-6050,-3169,-3746,7273]],"type":"Polygon","properties":{"GEOID":"482015544081"}},{"arcs":[[-523,7274,-6189,-6552,-1053,7275]],"type":"Polygon","properties":{"GEOID":"482014547002"}},{"arcs":[[-3539,-6322,-7022,-3501,-6962,-3733,-394,-5213]],"type":"Polygon","properties":{"GEOID":"482015340021"}},{"arcs":[[7276,-2715,-4645,-6916]],"type":"Polygon","properties":{"GEOID":"482014112002"}},{"arcs":[[7277,7278,-6274,-6622]],"type":"Polygon","properties":{"GEOID":"482012520021"}},{"arcs":[[-3451,7279,-2446,7280,-4803,-7205]],"type":"Polygon","properties":{"GEOID":"482012317002"}},{"arcs":[[-4957,-797,-1330,-6374,7281,-6523,-6115]],"type":"Polygon","properties":{"GEOID":"482015515013"}},{"arcs":[[-1111,-4684,-5770,-7005,7282]],"type":"Polygon","properties":{"GEOID":"482012333001"}},{"arcs":[[-5275,-4591,-4997,-2726,7283,-1593,-2736]],"type":"Polygon","properties":{"GEOID":"482013428021"}},{"arcs":[[-6577,-6312,-5831,-5716,-5182]],"type":"Polygon","properties":{"GEOID":"482012519023"}},{"arcs":[[7284,-4868,-2098,-4859,-6873,-4969,-7107]],"type":"Polygon","properties":{"GEOID":"482012229003"}},{"arcs":[[7285,-2375,-437,-7270,-1191,-2139,-1068]],"type":"Polygon","properties":{"GEOID":"482015320031"}},{"arcs":[[-6540,7286,-3574,-2133,-5782,-5570,-74]],"type":"Polygon","properties":{"GEOID":"482015520032"}},{"arcs":[[-3107,-3772,7287,-6780,-4040,-4687,-6774]],"type":"Polygon","properties":{"GEOID":"482012304001"}},{"arcs":[[-4891,-6675,-5366,7288,-777,-5801,-5665]],"type":"Polygon","properties":{"GEOID":"482015424023"}},{"arcs":[[-6339,7289,7290,-6712]],"type":"Polygon","properties":{"GEOID":"482015536011"}},{"arcs":[[-1086,-5847,-5407,-1506]],"type":"Polygon","properties":{"GEOID":"482014551042"}},{"arcs":[[-4797,-7032,7291]],"type":"Polygon","properties":{"GEOID":"482013117012"}},{"arcs":[[-4824,-2105,-4438,-6335,7292]],"type":"Polygon","properties":{"GEOID":"482013501033"}},{"arcs":[[-1816,-5732,-3678,-4141,-4532,-1911,-5928,-2926]],"type":"Polygon","properties":{"GEOID":"482012113012"}},{"arcs":[[-6915,7293,7294,-7074,-7277]],"type":"Polygon","properties":{"GEOID":"482014111001"}},{"arcs":[[-6289,-6292,7295,7296,-5458,7297,-1326,-6930]],"type":"Polygon","properties":{"GEOID":"482015512021"}},{"arcs":[[-677,-6698,7298,7299,-2216]],"type":"Polygon","properties":{"GEOID":"482015551021"}},{"arcs":[[-6600,-712,-4151,-2611,-6130]],"type":"Polygon","properties":{"GEOID":"482012408043"}},{"arcs":[[-6832,7300,-3529,-2666,-1438,-2123,-7231]],"type":"Polygon","properties":{"GEOID":"482015115011"}},{"arcs":[[-7088,7301,-2226,-6008,7302,7303]],"type":"Polygon","properties":{"GEOID":"482015553032"}},{"arcs":[[-6697,-5541,-5911,7304,-7299]],"type":"Polygon","properties":{"GEOID":"482015551023"}},{"arcs":[[-7228,-7010,-3377,-2171,-5565,-5958]],"type":"Polygon","properties":{"GEOID":"482013401011"}},{"arcs":[[-5114,-1270,-690,-5598,-3742,-5909,-1721]],"type":"Polygon","properties":{"GEOID":"482015414013"}},{"arcs":[[7305,-6578,-6270,-7279,7306]],"type":"Polygon","properties":{"GEOID":"482012520031"}},{"arcs":[[-2329,-3739,7307,-3091,-5646,-6327]],"type":"Polygon","properties":{"GEOID":"482015325041"}},{"arcs":[[-6213,-6055,-1979,-959,-1360,7308,-3895]],"type":"Polygon","properties":{"GEOID":"482015220023"}},{"arcs":[[-7017,7309,7310,-5335,-5980,-330,-6527,7311,-3657,-6662]],"type":"Polygon","properties":{"GEOID":"482015430051"}},{"arcs":[[-7190,-5166,7312]],"type":"Polygon","properties":{"GEOID":"482015426003"}},{"arcs":[[-3179,-2032,-4869,7313,-4501]],"type":"Polygon","properties":{"GEOID":"482014132061"}},{"arcs":[[7314,7315,-5493,-5222,-2068,7316,-2617,7317]],"type":"Polygon","properties":{"GEOID":"482015549052"}},{"arcs":[[-5211,-1692,7318,-5750]],"type":"Polygon","properties":{"GEOID":"482015421041"}},{"arcs":[[-6166,7319,-5111,-1715,7320]],"type":"Polygon","properties":{"GEOID":"482013301013"}},{"arcs":[[-1738,-1665,7321]],"type":"Polygon","properties":{"GEOID":"482014215013"}},{"arcs":[[-4320,-4338,-5191,7322,7323,-6433,-1223]],"type":"Polygon","properties":{"GEOID":"482012207011"}},{"arcs":[[-6299,7324,-6484,-4090]],"type":"Polygon","properties":{"GEOID":"482015108011"}},{"arcs":[[7325,-6468,-1382,-6584]],"type":"Polygon","properties":{"GEOID":"482013131011"}},{"arcs":[[-3381,-443,-1705,-6362,-5081]],"type":"Polygon","properties":{"GEOID":"482014108011"}},{"arcs":[[-268,-6407,7326,7327,-4406]],"type":"Polygon","properties":{"GEOID":"482014313031"}},{"arcs":[[-5539,7328,-7218,-6342]],"type":"Polygon","properties":{"GEOID":"482012413023"}},{"arcs":[[-7222,-5992,-5400,7329]],"type":"Polygon","properties":{"GEOID":"482015548091"}},{"arcs":[[-1524,-6559,-974,-6603,7330]],"type":"Polygon","properties":{"GEOID":"482014532011"}},{"arcs":[[-463,7331,7332,-6562]],"type":"Polygon","properties":{"GEOID":"482013415012"}},{"arcs":[[7333,-6735,7334,-5772,7335]],"type":"Polygon","properties":{"GEOID":"482012115011"}},{"arcs":[[7336,-5818,-6080,-5733,-2349,7337]],"type":"Polygon","properties":{"GEOID":"482015517042"}},{"arcs":[[-5197,-6647,-5436,7338,-6640]],"type":"Polygon","properties":{"GEOID":"482015217012"}},{"arcs":[[-6982,-1642,-329,-7237,-65]],"type":"Polygon","properties":{"GEOID":"482013213011"}},{"arcs":[[-7264,-2870,-1170,-3637,-7200,-5642,7339]],"type":"Polygon","properties":{"GEOID":"482012532024"}},{"arcs":[[7340,7341,-1882,7342,-6254]],"type":"Polygon","properties":{"GEOID":"482012529011"}},{"arcs":[[7343,7344,7345,-6337]],"type":"Polygon","properties":{"GEOID":"482015536021"}},{"arcs":[[-7163,-5596,-5128,-1664,-7157,7346,-113]],"type":"Polygon","properties":{"GEOID":"482013303021"}},{"arcs":[[-2915,-4988,-4609,-2912,-3283,-7167,7347,-4477]],"type":"Polygon","properties":{"GEOID":"482012537002"}},{"arcs":[[-6538,-6570,-1839,-1162,7348,-5445]],"type":"Polygon","properties":{"GEOID":"482012530003"}},{"arcs":[[-6819,-5410,7349,7350]],"type":"Polygon","properties":{"GEOID":"482014553002"}},{"arcs":[[-4329,-2577,-6550]],"type":"Polygon","properties":{"GEOID":"482014329041"}},{"arcs":[[7351,7352,-373,-5621,-4455,7353]],"type":"Polygon","properties":{"GEOID":"482015410073"}},{"arcs":[[-2377,7354,-4935,7355,-6970,-2080]],"type":"Polygon","properties":{"GEOID":"482015401011"}},{"arcs":[[-4055,-5544,-7248,-3523,-3533]],"type":"Polygon","properties":{"GEOID":"482012407072"}},{"arcs":[[-6369,-2135,-5301,-3835,-5124,-4759,7356,-2137]],"type":"Polygon","properties":{"GEOID":"482012412011"}},{"arcs":[[-6906,7357,-6242,-6903,-2789,-7120,-613]],"type":"Polygon","properties":{"GEOID":"482013231002"}},{"arcs":[[-7007,-4008,-1174,-6905,7358,-4732]],"type":"Polygon","properties":{"GEOID":"482013228004"}},{"arcs":[[-3809,7359,-4215,-7001]],"type":"Polygon","properties":{"GEOID":"482013112001"}},{"arcs":[[-3476,7360,-6364,7361,-6030,7362,-6244,-4917,-4162]],"type":"Polygon","properties":{"GEOID":"482015335001"}},{"arcs":[[-5529,7363,-6958]],"type":"Polygon","properties":{"GEOID":"482012510002"}},{"arcs":[[-51,-5280,-2359,-3721,-5077,7364]],"type":"Polygon","properties":{"GEOID":"482015521022"}},{"arcs":[[-4083,-6744,-4767,7365,-257,-363]],"type":"Polygon","properties":{"GEOID":"482013309021"}},{"arcs":[[-4305,-5843,-6957,-7179]],"type":"Polygon","properties":{"GEOID":"482012515051"}},{"arcs":[[-2284,-5674,-455,-1147,7366,-5344,-3216]],"type":"Polygon","properties":{"GEOID":"482013316023"}},{"arcs":[[7367,7368,-6480,-6478,7369,7370,-1797]],"type":"Polygon","properties":{"GEOID":"482014116002"}},{"arcs":[[-6623,-6272,-5184,-5719,-6252,-3292,7371,-6631]],"type":"Polygon","properties":{"GEOID":"482012521001"}},{"arcs":[[-4589,-7141,-4995]],"type":"Polygon","properties":{"GEOID":"482013433013"}},{"arcs":[[-2886,-7154,-6230,-6825,7372]],"type":"Polygon","properties":{"GEOID":"482014129011"}},{"arcs":[[-206,-5447,-1877,-7342,7373]],"type":"Polygon","properties":{"GEOID":"482012529022"}},{"arcs":[[-4279,-1266,-1676,-1827,-620,-4944,7374]],"type":"Polygon","properties":{"GEOID":"482014224062"}},{"arcs":[[-744,-4258,-4031,-6833,-7230,-6747]],"type":"Polygon","properties":{"GEOID":"482015302002"}},{"arcs":[[-6592,7375,7376,-6923]],"type":"Polygon","properties":{"GEOID":"482015308003"}},{"arcs":[[-1551,-178,-6566,-5673,-6758,-6565,-3462]],"type":"Polygon","properties":{"GEOID":"482014523001"}},{"arcs":[[-7198,-4459,-6676,-5164]],"type":"Polygon","properties":{"GEOID":"482015425001"}},{"arcs":[[-4661,-7373,-6822,-2558]],"type":"Polygon","properties":{"GEOID":"482014208001"}},{"arcs":[[-524,-7276,-1057,7377,-4060,-5882,-6689,-3541]],"type":"Polygon","properties":{"GEOID":"482014547004"}},{"arcs":[[-2000,7378,-6949,-148,-6948,-2689,-5277]],"type":"Polygon","properties":{"GEOID":"482015508002"}},{"arcs":[[-6396,-5226,-7052,7379,-2468,7380,-5007,-2663]],"type":"Polygon","properties":{"GEOID":"482012105003"}},{"arcs":[[-5053,-6075,7381,7382]],"type":"Polygon","properties":{"GEOID":"482013412011"}},{"arcs":[[-1955,-6037,-3397,-4213,-2052,-4131]],"type":"Polygon","properties":{"GEOID":"482014314031"}},{"arcs":[[7383,-6784,-5961,-3562]],"type":"Polygon","properties":{"GEOID":"482014512002"}},{"arcs":[[7384,-5161,-4505,7385,-7020,-5560]],"type":"Polygon","properties":{"GEOID":"482015338041"}},{"arcs":[[-5752,7386,7387,-1319,-1714,7388,-6151]],"type":"Polygon","properties":{"GEOID":"482015420022"}},{"arcs":[[-1090,-5883,-4063,-2570,-6497,-5848]],"type":"Polygon","properties":{"GEOID":"482014551033"}},{"arcs":[[-401,-932,-6347,7389,7390,-6355]],"type":"Polygon","properties":{"GEOID":"482013126032"}},{"arcs":[[-1177,-7239,-1052,-4624,-1258,-3162]],"type":"Polygon","properties":{"GEOID":"482015224011"}},{"arcs":[[-6737,7391,-7336,-5771,-3988]],"type":"Polygon","properties":{"GEOID":"482012115012"}},{"arcs":[[-5885,-6656,-2315,7392,-7104,-2955]],"type":"Polygon","properties":{"GEOID":"482012214002"}},{"arcs":[[-3344,7393,-3306,-4341,-4392]],"type":"Polygon","properties":{"GEOID":"482015538043"}},{"arcs":[[-6000,-7236,-1948,-2187,7394,-2877,-5964]],"type":"Polygon","properties":{"GEOID":"482014541001"}},{"arcs":[[7395,-4526,-1116,-419]],"type":"Polygon","properties":{"GEOID":"482015110041"}},{"arcs":[[-3595,-7364,-5528,7396,-7128,-2145]],"type":"Polygon","properties":{"GEOID":"482012510003"}},{"arcs":[[-4314,-4705,-4934,-501,-4415,-6530,-527,7397,-6232]],"type":"Polygon","properties":{"GEOID":"482014133021"}},{"arcs":[[7398,-5276,-2734,-1093]],"type":"Polygon","properties":{"GEOID":"482013427001"}},{"arcs":[[-5067,7399,-1095,-7195,-13,-6975]],"type":"Polygon","properties":{"GEOID":"482013424001"}},{"arcs":[[-7193,-2998,7400,-4252,-696,-2993]],"type":"Polygon","properties":{"GEOID":"482013403021"}},{"arcs":[[-6900,-1452,-2129,-5829,-2807]],"type":"Polygon","properties":{"GEOID":"482013234003"}},{"arcs":[[-6821,-1492,-934,-7082]],"type":"Polygon","properties":{"GEOID":"482014332022"}},{"arcs":[[-7075,-4413,-6586,-438,-3380,-5006]],"type":"Polygon","properties":{"GEOID":"482014104011"}},{"arcs":[[-3942,-6989,-6452,-6471,-6467,7401]],"type":"Polygon","properties":{"GEOID":"482013130002"}},{"arcs":[[-2855,-2852,-3628,-5864,-2844,-5090]],"type":"Polygon","properties":{"GEOID":"482013106003"}},{"arcs":[[-4217,-2157,-2163,-641]],"type":"Polygon","properties":{"GEOID":"482013113002"}},{"arcs":[[-5583,-5662,-4171,-6950,-7379]],"type":"Polygon","properties":{"GEOID":"482015506034"}},{"arcs":[[-5755,-6928,-6926,-5839]],"type":"Polygon","properties":{"GEOID":"482015319002"}},{"arcs":[[-5421,-7225,-4833,-1340,-7316,-7260]],"type":"Polygon","properties":{"GEOID":"482015549022"}},{"arcs":[[7402,-7253,-4325,-6194,7403,-5735,-4575]],"type":"Polygon","properties":{"GEOID":"482015518002"}},{"arcs":[[-7291,7404,-7345,-2626,7405,7406,-6713]],"type":"Polygon","properties":{"GEOID":"482015536022"}},{"arcs":[[-5086,-5576,-33,-1370,-5799]],"type":"Polygon","properties":{"GEOID":"482015202001"}},{"arcs":[[-7232,-2124,-1442,-4528,7407,-6414]],"type":"Polygon","properties":{"GEOID":"482015111002"}},{"arcs":[[-3143,-2893,-3776,7408]],"type":"Polygon","properties":{"GEOID":"482014126003"}},{"arcs":[[-6255,7409,-5887,7410,-6321]],"type":"Polygon","properties":{"GEOID":"482012526023"}},{"arcs":[[-4945,-1744,-540,-4897]],"type":"Polygon","properties":{"GEOID":"482014233031"}},{"arcs":[[-6759,-7152,-4786,7411]],"type":"Polygon","properties":{"GEOID":"482014309002"}},{"arcs":[[-3726,-7309,-1359,-6500,-2267]],"type":"Polygon","properties":{"GEOID":"482015221023"}},{"arcs":[[-6543,-898,7412,7413,-4136]],"type":"Polygon","properties":{"GEOID":"482012502021"}},{"arcs":[[-2110,-3534,-3521,-1333]],"type":"Polygon","properties":{"GEOID":"482015503031"}},{"arcs":[[-3499,-2636,-7019,-6954,-7099,-3763,7414]],"type":"Polygon","properties":{"GEOID":"482015329003"}},{"arcs":[[-2632,-5449,-1613,-6927,-5753,-3063]],"type":"Polygon","properties":{"GEOID":"482015331002"}},{"arcs":[[-7395,-6142,-4049,-4285,7415,-7150]],"type":"Polygon","properties":{"GEOID":"482014540002"}},{"arcs":[[-7166,7416,7417,-3629]],"type":"Polygon","properties":{"GEOID":"482012539001"}},{"arcs":[[-1547,-747,-4242,-176,-3156,-4440]],"type":"Polygon","properties":{"GEOID":"482014522031"}},{"arcs":[[-6150,7418,7419,7420,-7158,-5594,-2905]],"type":"Polygon","properties":{"GEOID":"482013305003"}},{"arcs":[[-1030,-1557,-5522]],"type":"Polygon","properties":{"GEOID":"482014504011"}},{"arcs":[[-1454,-1159,-7132,7421,7422,7423,-708]],"type":"Polygon","properties":{"GEOID":"482012506012"}},{"arcs":[[-4328,-6546,-6777,-7256,-2579]],"type":"Polygon","properties":{"GEOID":"482014333002"}},{"arcs":[[-2418,7424,-704,-5093]],"type":"Polygon","properties":{"GEOID":"482012407051"}},{"arcs":[[-2438,-6924,-7377,7425,-4731,-7055]],"type":"Polygon","properties":{"GEOID":"482015317001"}},{"arcs":[[7426,-726,-6739]],"type":"Polygon","properties":{"GEOID":"482015423032"}},{"arcs":[[7427,-3885,-4034,-4362,-3034]],"type":"Polygon","properties":{"GEOID":"482014234014"}},{"arcs":[[-6789,-4622,-806,-5138,-4894,7428]],"type":"Polygon","properties":{"GEOID":"482014221003"}},{"arcs":[[7429,-2665,-5010,-3974,-6834,-160]],"type":"Polygon","properties":{"GEOID":"482015116003"}},{"arcs":[[-5538,-3840,7430,-5428,-2138,-7357,-4673,-7219,-7329]],"type":"Polygon","properties":{"GEOID":"482012412022"}},{"arcs":[[-4165,-6246,-1609,-9]],"type":"Polygon","properties":{"GEOID":"482015334011"}},{"arcs":[[-1624,-6269,-1317,7431,7432,-7213,-6686]],"type":"Polygon","properties":{"GEOID":"482012504041"}},{"arcs":[[-4579,-4185]],"type":"Polygon","properties":{"GEOID":"482015336002"}},{"arcs":[[-3771,-6781,-7288]],"type":"Polygon","properties":{"GEOID":"482012303002"}},{"arcs":[[7433,-7331,-6604,-1276,-247,-5454,-5441]],"type":"Polygon","properties":{"GEOID":"482014536031"}},{"arcs":[[7434,-3997,-5456,-7297]],"type":"Polygon","properties":{"GEOID":"482015510002"}},{"arcs":[[-4561,-5935,7435,7436,-3474,-2430,-7110,-7271]],"type":"Polygon","properties":{"GEOID":"482015555032"}},{"arcs":[[-6477,-5760,-3900,7437,-7370]],"type":"Polygon","properties":{"GEOID":"482014116001"}},{"arcs":[[-2601,-2367]],"type":"Polygon","properties":{"GEOID":"482015212011"}},{"arcs":[[-5484,-6405,-885,7438,-6654,-6070,-4826,-4374]],"type":"Polygon","properties":{"GEOID":"482013333022"}},{"arcs":[[7439,7440,-192,7441,-3861,-3009,-5088,-2782]],"type":"Polygon","properties":{"GEOID":"482013240002"}},{"arcs":[[-6867,-6629,-6868,7442,-7084,7443]],"type":"Polygon","properties":{"GEOID":"482012320002"}},{"arcs":[[-5878,-5913,-5787,-7220,-6128,7444,-6017]],"type":"Polygon","properties":{"GEOID":"482015534011"}},{"arcs":[[-5606,7445,-7140,7446,-2996,-5315]],"type":"Polygon","properties":{"GEOID":"482013402031"}},{"arcs":[[-6762,-6884,7447,-5692,-1519,-574,-7183]],"type":"Polygon","properties":{"GEOID":"482014311021"}},{"arcs":[[-6971,-7356,-4940,-6650,-6799]],"type":"Polygon","properties":{"GEOID":"482015407001"}},{"arcs":[[-5649,-5580,7448]],"type":"Polygon","properties":{"GEOID":"482015545023"}},{"arcs":[[-4091,-6483,7449]],"type":"Polygon","properties":{"GEOID":"482015108013"}},{"arcs":[[-6967,-6210,-6606]],"type":"Polygon","properties":{"GEOID":"482015409042"}},{"arcs":[[-309,-7254,-7403,-4574]],"type":"Polygon","properties":{"GEOID":"482015517021"}},{"arcs":[[-5354,-3419,-4578,-170,-6304,-6447]],"type":"Polygon","properties":{"GEOID":"482012324031"}},{"arcs":[[-1466,-4848,-6315,7450,-5135]],"type":"Polygon","properties":{"GEOID":"482014520021"}},{"arcs":[[-705,-7425,-2417,-5918,-941,-3530,-186]],"type":"Polygon","properties":{"GEOID":"482012407033"}},{"arcs":[[-5136,-7451,-6316,-6493,7451]],"type":"Polygon","properties":{"GEOID":"482014520011"}},{"arcs":[[-3857,7452]],"type":"Polygon","properties":{"GEOID":"482015218002"}},{"arcs":[[-2745,-6456,-4716,7453,-1856,-6911,-4411,7454]],"type":"Polygon","properties":{"GEOID":"482014104021"}},{"arcs":[[-7023,7455,-7036,-4182,-2653,-5160]],"type":"Polygon","properties":{"GEOID":"482015337021"}},{"arcs":[[-7060,-7143,-103,-5773,-7335,-6734]],"type":"Polygon","properties":{"GEOID":"482012125001"}},{"arcs":[[-6920,-7035,-3015,-4549,-5627,-2723,-1126,-4630,-1212,-3402,-2742,-7071,-6848,-7138,-7446,-5605]],"type":"Polygon","properties":{"GEOID":"482013437003"}},{"arcs":[[7456,-3232,-6992,-2839,-2190]],"type":"Polygon","properties":{"GEOID":"482013110023"}},{"arcs":[[-814,-5893]],"type":"Polygon","properties":{"GEOID":"482014117002"}},{"arcs":[[-5794,7457,-3321]],"type":"Polygon","properties":{"GEOID":"482015502021"}},{"arcs":[[-1853,-7454,-4715,-5514,-3639,-6148,-4905]],"type":"Polygon","properties":{"GEOID":"482014107031"}},{"arcs":[[-7324,7458,-6475,-5682,-6393,-6434]],"type":"Polygon","properties":{"GEOID":"482012207021"}},{"arcs":[[-7284,-2725,-1594]],"type":"Polygon","properties":{"GEOID":"482013428011"}},{"arcs":[[-3206,-7077,-4369,-3604,-1667,-1737]],"type":"Polygon","properties":{"GEOID":"482014215012"}},{"arcs":[[-3751,-6067,-1342]],"type":"Polygon","properties":{"GEOID":"482015301011"}},{"arcs":[[-4429,-6496,-3467,-6218,-1552,-3461,-6608,-4881,-2511]],"type":"Polygon","properties":{"GEOID":"482014521012"}},{"arcs":[[-5046,-207,-7374,-7341,-6253]],"type":"Polygon","properties":{"GEOID":"482012528002"}},{"arcs":[[-6563,-7333,7459,-5680,-3333,7460,-4199]],"type":"Polygon","properties":{"GEOID":"482013415021"}},{"arcs":[[-7126,7461,-1824,-6661,-7125]],"type":"Polygon","properties":{"GEOID":"482015412051"}},{"arcs":[[-4738,-2424,-5937,7462]],"type":"Polygon","properties":{"GEOID":"482015548071"}},{"arcs":[[-7408,-4527,-7396,-7095]],"type":"Polygon","properties":{"GEOID":"482015110042"}},{"arcs":[[-7404,-7081,-6643,-5634,-5736]],"type":"Polygon","properties":{"GEOID":"482015518003"}},{"arcs":[[-5261,-7302,-7087,7463]],"type":"Polygon","properties":{"GEOID":"482015553033"}},{"arcs":[[-3043,-7098,-5507,-6877,-2024,-6349,-6882]],"type":"Polygon","properties":{"GEOID":"482014303001"}},{"arcs":[[-6678,-7210,-1502,-214]],"type":"Polygon","properties":{"GEOID":"482014552002"}},{"arcs":[[-1050,-6817,-6801,-1468,-6804,-2980,-4625]],"type":"Polygon","properties":{"GEOID":"482015222022"}},{"arcs":[[-3450,-2958,7464,-7083,-7280]],"type":"Polygon","properties":{"GEOID":"482012317001"}},{"arcs":[[-4017,-6991,-5776,7465,-2426,7466,-1799,-2154,-4216,-7360]],"type":"Polygon","properties":{"GEOID":"482013114001"}},{"arcs":[[7467,-7265,-7340,-5645,-7176,-6251,7468,-5888]],"type":"Polygon","properties":{"GEOID":"482012533002"}},{"arcs":[[-866,-5604,7469,7470,7471]],"type":"Polygon","properties":{"GEOID":"482013421002"}},{"arcs":[[-7008,-3370,-4058,-3787,-4852,-7203,7472]],"type":"Polygon","properties":{"GEOID":"482013241011"}},{"arcs":[[-1356,-6506,-6816]],"type":"Polygon","properties":{"GEOID":"482015211001"}},{"arcs":[[-591,7473,-6448,-2978,-5613,-7144,-7058]],"type":"Polygon","properties":{"GEOID":"482012325001"}},{"arcs":[[-7447,-7139,-6516,-4253,-7401,-2997]],"type":"Polygon","properties":{"GEOID":"482013402032"}},{"arcs":[[-1696,-4808,7474,7475]],"type":"Polygon","properties":{"GEOID":"482015416034"}},{"arcs":[[-4245,-4593,-5967,-63,-4567]],"type":"Polygon","properties":{"GEOID":"482013214013"}},{"arcs":[[-4568,-3129,-2810,-5548]],"type":"Polygon","properties":{"GEOID":"482013208002"}},{"arcs":[[-7393,-2953,-4474,-2545,-5255,-7105]],"type":"Polygon","properties":{"GEOID":"482012205003"}},{"arcs":[[-3343,-6418,-4631,-6419,-3307,-7394]],"type":"Polygon","properties":{"GEOID":"482015538042"}},{"arcs":[[-709,7476,7477,-895,-6542]],"type":"Polygon","properties":{"GEOID":"482012501021"}},{"arcs":[[-2692,7478,-3066,-6388,7479,-5373]],"type":"Polygon","properties":{"GEOID":"482015338024"}},{"arcs":[[-2439,-7056,-4251,-6750]],"type":"Polygon","properties":{"GEOID":"482015312002"}},{"arcs":[[-2760,-6863,-7073,-6569,-6502,-6548,7480,-3027]],"type":"Polygon","properties":{"GEOID":"482013502011"}},{"arcs":[[-3554,7481,-6952,-7018,-5728,-5867,-2372,-7286]],"type":"Polygon","properties":{"GEOID":"482015328001"}},{"arcs":[[7482,-4130,-4150,-6595,-6589,-2443,-1428]],"type":"Polygon","properties":{"GEOID":"482015308001"}},{"arcs":[[-5650,-7449,-5579,-7045,-2342,-7111]],"type":"Polygon","properties":{"GEOID":"482015545022"}},{"arcs":[[-779,-6046,-7275,-522,-2087]],"type":"Polygon","properties":{"GEOID":"482014546002"}},{"arcs":[[-1209,-7445,-6132,-1929,-2624]],"type":"Polygon","properties":{"GEOID":"482015534012"}},{"arcs":[[-5960,-6857,-7062,-6859]],"type":"Polygon","properties":{"GEOID":"482013505002"}},{"arcs":[[-7426,-7376,-4792,-7080,-4728]],"type":"Polygon","properties":{"GEOID":"482015309002"}},{"arcs":[[-5409,-5850,-6499,7483,-7350]],"type":"Polygon","properties":{"GEOID":"482014551021"}},{"arcs":[[-2401,-4272,-6782]],"type":"Polygon","properties":{"GEOID":"482015428003"}},{"arcs":[[-1316,7484,-7432]],"type":"Polygon","properties":{"GEOID":"482012504043"}},{"arcs":[[-6200,-5707,7485,-7352,7486,-4453,-5231,-6317]],"type":"Polygon","properties":{"GEOID":"482015430072"}},{"arcs":[[-5740,-7411,-5886,-7146,-7148]],"type":"Polygon","properties":{"GEOID":"482012526011"}},{"arcs":[[-3575,-7287,-6539]],"type":"Polygon","properties":{"GEOID":"482015524011"}},{"arcs":[[7487,-3263,-550,-6525,-5978]],"type":"Polygon","properties":{"GEOID":"482015430102"}},{"arcs":[[-733,-5089,-6225,-243]],"type":"Polygon","properties":{"GEOID":"482013236012"}},{"arcs":[[-6725,-2178,7488,-6461,-755]],"type":"Polygon","properties":{"GEOID":"482014101022"}},{"arcs":[[-5630,-2099,-5431]],"type":"Polygon","properties":{"GEOID":"482015205021"}},{"arcs":[[-3728,-224,-4865,-3880,-5858,-1949,-6544]],"type":"Polygon","properties":{"GEOID":"482014328032"}},{"arcs":[[-7327,-6406,-6417,7489]],"type":"Polygon","properties":{"GEOID":"482014320062"}},{"arcs":[[7490,7491,-7185,-3469,-7437]],"type":"Polygon","properties":{"GEOID":"482015555041"}},{"arcs":[[-3257,-6354,7492,-6385,-6464,-2779,-2010,-6035,-4708,7493,-4463,-4080,-7161,-5109,7494,-5860]],"type":"Polygon","properties":{"GEOID":"482013341013"}},{"arcs":[[7495,-6427,-6324,-6401]],"type":"Polygon","properties":{"GEOID":"482015529023"}},{"arcs":[[-6966,-2207,-6541,-5437,-6331,-2645]],"type":"Polygon","properties":{"GEOID":"482015521012"}},{"arcs":[[-1990,-5358,-5362,-5394,-7013,-552]],"type":"Polygon","properties":{"GEOID":"482015421083"}},{"arcs":[[-4749,-5102,7496,-5402,-5217,-4735,-7463,-5936,-4559]],"type":"Polygon","properties":{"GEOID":"482015548061"}},{"arcs":[[-2936,7497,-310,-4573,-6073]],"type":"Polygon","properties":{"GEOID":"482015517034"}},{"arcs":[[7498,-5585,-3243,-5952,-7478]],"type":"Polygon","properties":{"GEOID":"482012501022"}},{"arcs":[[-6869,-6628,7499,-2462,-2458,-4613,7500]],"type":"Polygon","properties":{"GEOID":"482012319002"}},{"arcs":[[-7381,-2469,-7380,-7051,-6754,-4266,-3582,-5359,-5174,-5008]],"type":"Polygon","properties":{"GEOID":"482012104001"}},{"arcs":[[-1558,-3568,-3911,-508,-7121]],"type":"Polygon","properties":{"GEOID":"482014506002"}},{"arcs":[[-281,-3227,-605,-1755,-7057]],"type":"Polygon","properties":{"GEOID":"482012202002"}},{"arcs":[[-7061,-4695,-2565,-4139]],"type":"Polygon","properties":{"GEOID":"482012116001"}},{"arcs":[[-5574,7501,-6144,-6670]],"type":"Polygon","properties":{"GEOID":"482014226013"}},{"arcs":[[-2754,-700,7502,-5193,7503]],"type":"Polygon","properties":{"GEOID":"482013405013"}},{"arcs":[[-7250,-7038,-3348,-868,-1269]],"type":"Polygon","properties":{"GEOID":"482015405031"}},{"arcs":[[-7462,-7127,-3275,-3873]],"type":"Polygon","properties":{"GEOID":"482015412052"}},{"arcs":[[-767,-1592,-3256,-4416]],"type":"Polygon","properties":{"GEOID":"482013143011"}},{"arcs":[[7504,-4290,-2042,-6105,-6889]],"type":"Polygon","properties":{"GEOID":"482013335022"}},{"arcs":[[-5700,7505,-4959,-6114,-1936,-5283]],"type":"Polygon","properties":{"GEOID":"482015525012"}},{"arcs":[[-2695,-1764,7506,-7369,7507,-2012,-4212]],"type":"Polygon","properties":{"GEOID":"482014319021"}},{"arcs":[[7508,-5306,-2292,-6062]],"type":"Polygon","properties":{"GEOID":"482012323062"}},{"arcs":[[-5778,-3228,-7457,-2189,-5391]],"type":"Polygon","properties":{"GEOID":"482013110022"}},{"arcs":[[-1167,7509,-1302,-1835,-7199]],"type":"Polygon","properties":{"GEOID":"482012535011"}},{"arcs":[[-7372,-3294,-6257,-4193,-4112,-4077,-3235,-6632]],"type":"Polygon","properties":{"GEOID":"482012522023"}},{"arcs":[[7510,-48,-458,-5144,-6215,-4920,-2344]],"type":"Polygon","properties":{"GEOID":"482015544042"}},{"arcs":[[-6121,-3181,-4502,-7314,-4702,-4313,7511]],"type":"Polygon","properties":{"GEOID":"482014132041"}},{"arcs":[[-4621,-6790,-7429,-4893,-3761]],"type":"Polygon","properties":{"GEOID":"482014222004"}},{"arcs":[[-3796,-5636,-4936,-7355]],"type":"Polygon","properties":{"GEOID":"482015401012"}},{"arcs":[[-3705,-4866,-7285,-7106]],"type":"Polygon","properties":{"GEOID":"482012229004"}},{"arcs":[[-7258,-2322,7512,7513,-4725]],"type":"Polygon","properties":{"GEOID":"482015526024"}},{"arcs":[[-4350,-6921,-6917,-487]],"type":"Polygon","properties":{"GEOID":"482013423004"}},{"arcs":[[-211,-3803,-5791,-6981,-5897,-5965]],"type":"Polygon","properties":{"GEOID":"482013215002"}},{"arcs":[[-3464,-1527,-6609]],"type":"Polygon","properties":{"GEOID":"482014524011"}},{"arcs":[[-1375,-911,-4321,-1751,-6793,-5141,-2312]],"type":"Polygon","properties":{"GEOID":"482012213021"}},{"arcs":[[-1002,-3437,-3862,-7442,-196,-7012,-7229,-1036]],"type":"Polygon","properties":{"GEOID":"482013240003"}},{"arcs":[[-5826,-1062,7514,-7406]],"type":"Polygon","properties":{"GEOID":"482015530022"}},{"arcs":[[-4942,-7337,7515]],"type":"Polygon","properties":{"GEOID":"482015517041"}},{"arcs":[[7516,-7089,-7304,7517,-5657,-5425,7518,7519]],"type":"Polygon","properties":{"GEOID":"482015553034"}},{"arcs":[[-5939,7520,-7491,-7436]],"type":"Polygon","properties":{"GEOID":"482015555031"}},{"arcs":[[7521,-4555,-3516,-5835]],"type":"Polygon","properties":{"GEOID":"482014514043"}},{"arcs":[[-5485,-3544,-1793,-757,-7325]],"type":"Polygon","properties":{"GEOID":"482015107022"}},{"arcs":[[7522,-2214,-2316,-6287,-6428,-7496,-6400]],"type":"Polygon","properties":{"GEOID":"482015529022"}},{"arcs":[[-6365,-7361,-3475,-4507,-4582]],"type":"Polygon","properties":{"GEOID":"482015335002"}},{"arcs":[[-4993,-5547,-3187,-7117]],"type":"Polygon","properties":{"GEOID":"482012331011"}},{"arcs":[[7523,-5075,-7115,-6134,-6488]],"type":"Polygon","properties":{"GEOID":"482012505002"}},{"arcs":[[7524,-6310,7525,-404,-3630,-7418]],"type":"Polygon","properties":{"GEOID":"482012539002"}},{"arcs":[[-4844,7526,-6064,7527,-6767,-6751]],"type":"Polygon","properties":{"GEOID":"482012312001"}},{"arcs":[[7528,-5016,7529,-5820]],"type":"Polygon","properties":{"GEOID":"482014307001"}},{"arcs":[[-6769,-2476,-6768,-7528,-6063,-6446,-7474,-590,-5368,-6771]],"type":"Polygon","properties":{"GEOID":"482012311001"}},{"arcs":[[7530,-6154,-4757,-4556,-7041]],"type":"Polygon","properties":{"GEOID":"482015555012"}},{"arcs":[[-3915,7531,-7093,-6229,-409,-3865,-6785,-7384,-3561]],"type":"Polygon","properties":{"GEOID":"482014511001"}},{"arcs":[[-6792,-4664,-7202,-2536,-1010,-5051]],"type":"Polygon","properties":{"GEOID":"482014217002"}},{"arcs":[[-7079,-4382,-1739,-7322,-2552,-4846,-3046]],"type":"Polygon","properties":{"GEOID":"482014214033"}},{"arcs":[[-4332,-3589,-6813,-4222]],"type":"Polygon","properties":{"GEOID":"482012117001"}},{"arcs":[[-6976,-12,-6904,-6240]],"type":"Polygon","properties":{"GEOID":"482013226003"}},{"arcs":[[-6985,-6988,-5336,-2824,-6986,-886,-1289]],"type":"Polygon","properties":{"GEOID":"482013135001"}},{"arcs":[[-6996,-4986,-2848,-2854,-3423]],"type":"Polygon","properties":{"GEOID":"482013103001"}},{"arcs":[[-7119,-2868,-5116,-4682,7532]],"type":"Polygon","properties":{"GEOID":"482012332001"}},{"arcs":[[-3823,7533,-3317,-6122,-7512,-4312,-2881]],"type":"Polygon","properties":{"GEOID":"482014131001"}},{"arcs":[[7534,-7162,-7159,-7421]],"type":"Polygon","properties":{"GEOID":"482013305002"}},{"arcs":[[-5446,-7349,-1161,-2869,-7263,-1879]],"type":"Polygon","properties":{"GEOID":"482012530002"}},{"arcs":[[-2425,-7466,-5171,7535,-7009,-7473,7536,-3383,-7467]],"type":"Polygon","properties":{"GEOID":"482013242002"}},{"arcs":[[7537,-1215,-4979,-2770,-2795,-6908,-6974,-962]],"type":"Polygon","properties":{"GEOID":"482013327002"}},{"arcs":[[-3020,-3160,-4288,-7505,-7066]],"type":"Polygon","properties":{"GEOID":"482013331001"}},{"arcs":[[7538,-5208,-6707,-6618,-1622,-7114,-5073]],"type":"Polygon","properties":{"GEOID":"482012507022"}},{"arcs":[[-6598,-6397,-2661,-7430,-159,-4397]],"type":"Polygon","properties":{"GEOID":"482015116004"}},{"arcs":[[-7100,-1652,-7482,-3555,-1066]],"type":"Polygon","properties":{"GEOID":"482015327001"}},{"arcs":[[-4637,7539,-1864,-4076,-2040,-7037,-7456,-7025,-3067,-7479]],"type":"Polygon","properties":{"GEOID":"482015337013"}},{"arcs":[[-5095,-6602,-5783,-835,-2491]],"type":"Polygon","properties":{"GEOID":"482014528022"}},{"arcs":[[-7480,-6387,-3069,-7024,-5162,-7385,-7233,-5374]],"type":"Polygon","properties":{"GEOID":"482015338021"}},{"arcs":[[-7044,-1327,-7298,-1151,-5279,-5702]],"type":"Polygon","properties":{"GEOID":"482015513001"}},{"arcs":[[-884,-6404,7540,-7259,-3299,-6655,-7439]],"type":"Polygon","properties":{"GEOID":"482013333012"}},{"arcs":[[-6913,-4646,-1862,7541,-627,-6389,-1135]],"type":"Polygon","properties":{"GEOID":"482014115041"}},{"arcs":[[-5309,-6140,-6314,-6138,-4240]],"type":"Polygon","properties":{"GEOID":"482014323021"}},{"arcs":[[-5590,-6282,7542,-263,-4765]],"type":"Polygon","properties":{"GEOID":"482013308021"}},{"arcs":[[-5738,-7147,-3649]],"type":"Polygon","properties":{"GEOID":"482012523061"}},{"arcs":[[-7389,-1713,-1322,-723,7543]],"type":"Polygon","properties":{"GEOID":"482015420011"}},{"arcs":[[-5516,-5603,-1686,-634,7544]],"type":"Polygon","properties":{"GEOID":"482015418021"}},{"arcs":[[7545,-7043,-6265,-6690,-7015,7546,-5265]],"type":"Polygon","properties":{"GEOID":"482015560004"}},{"arcs":[[-6607,-6040,-7249,-5369,-6163]],"type":"Polygon","properties":{"GEOID":"482015406023"}},{"arcs":[[-3667,-1388,-6169,-5310,-4448]],"type":"Polygon","properties":{"GEOID":"482015413022"}},{"arcs":[[-7487,-7354,-4454]],"type":"Polygon","properties":{"GEOID":"482015410063"}},{"arcs":[[-7312,-6528,-6261,-3674,7547,-5987,-1658,-2391,-3658]],"type":"Polygon","properties":{"GEOID":"482015422022"}},{"arcs":[[-7508,-7368,-1796,-6449,-2013]],"type":"Polygon","properties":{"GEOID":"482014319022"}},{"arcs":[[-7118,-3189,-4923,-851,-2867]],"type":"Polygon","properties":{"GEOID":"482012331034"}},{"arcs":[[-6460,7548,-6858,-5563,7549,-3296,-6112]],"type":"Polygon","properties":{"GEOID":"482013501011"}},{"arcs":[[-6736,-7334,-7392]],"type":"Polygon","properties":{"GEOID":"482012115013"}},{"arcs":[[-1836,-1307,7550,-7174,-172]],"type":"Polygon","properties":{"GEOID":"482012536011"}},{"arcs":[[-3817,-1525,-7434,-45]],"type":"Polygon","properties":{"GEOID":"482014530011"}},{"arcs":[[-7391,7551,-3512,-774,-6356]],"type":"Polygon","properties":{"GEOID":"482013126021"}},{"arcs":[[-4900,-6443,-5811,-6036,-1953,-515,-6373]],"type":"Polygon","properties":{"GEOID":"482014315062"}},{"arcs":[[-7386,-4509,-5448,-7021]],"type":"Polygon","properties":{"GEOID":"482015338031"}},{"arcs":[[-1343,-6069,-6748,-7094,-6408,-2119]],"type":"Polygon","properties":{"GEOID":"482015301022"}},{"arcs":[[7552,-495,-7033,-6084,-6159,-6757,7553,-3057]],"type":"Polygon","properties":{"GEOID":"482014535014"}},{"arcs":[[7554,-1986,-6275,-3221,-7414]],"type":"Polygon","properties":{"GEOID":"482012502011"}},{"arcs":[[-4070,-1563,-4871,-5096,-2490,-4393]],"type":"Polygon","properties":{"GEOID":"482014528011"}},{"arcs":[[-7537,-7204,-6979,-4174,-4230,-4984,-6980,-3124,-6469,-3384]],"type":"Polygon","properties":{"GEOID":"482013205001"}},{"arcs":[[-5599,-3351,-5343,-6800,-6648,-4806]],"type":"Polygon","properties":{"GEOID":"482015405041"}},{"arcs":[[-6430,-1435,-6466,-2775,-6463]],"type":"Polygon","properties":{"GEOID":"482013138023"}},{"arcs":[[-1166,-2916,-1303,-7510]],"type":"Polygon","properties":{"GEOID":"482012535012"}},{"arcs":[[-2658,-4398,-4107,-1627,-3527,-7301]],"type":"Polygon","properties":{"GEOID":"482015115025"}},{"arcs":[[-1417,-7262,7555,7556]],"type":"Polygon","properties":{"GEOID":"482015549041"}},{"arcs":[[-598,-6581,-6381,-4401,7557,-6352]],"type":"Polygon","properties":{"GEOID":"482013140033"}},{"arcs":[[-7214,-7433,-7485,-6575,-6439,-6579,-7306,-6683]],"type":"Polygon","properties":{"GEOID":"482012520032"}},{"arcs":[[-5763,-2676,-2385,-2037,-4075,-6616,-7246]],"type":"Polygon","properties":{"GEOID":"482012401022"}},{"arcs":[[-3744,-1697,-7476,7558,-6741,-3210]],"type":"Polygon","properties":{"GEOID":"482015416035"}},{"arcs":[[-3431,-5660,-4726,-7514,7559,-6294,-4955,-5698,-5411,-1981]],"type":"Polygon","properties":{"GEOID":"482015526041"}},{"arcs":[[-2067,-6424,-6336,-2618,-7317]],"type":"Polygon","properties":{"GEOID":"482015549061"}},{"arcs":[[-5793,-3524,-7247,-6615,-3322,-7458]],"type":"Polygon","properties":{"GEOID":"482015502011"}},{"arcs":[[-6291,-7435,-7296]],"type":"Polygon","properties":{"GEOID":"482015512011"}},{"arcs":[[-2282,-3453,-450,-3884,-7428]],"type":"Polygon","properties":{"GEOID":"482014223033"}},{"arcs":[[-7273,-2217,-7300,-7305,-5910,-3775,-6423]],"type":"Polygon","properties":{"GEOID":"482015550011"}},{"arcs":[[-3115,-2862,-7027,7560]],"type":"Polygon","properties":{"GEOID":"482012544002"}},{"arcs":[[-6363,-5490,-70,-2007,-6028,-7362]],"type":"Polygon","properties":{"GEOID":"482012216023"}},{"arcs":[[-5573,-5052,-1698,-7502]],"type":"Polygon","properties":{"GEOID":"482014226022"}},{"arcs":[[-6684,-7307,-7278,-6621,-6634,-7215]],"type":"Polygon","properties":{"GEOID":"482012520011"}},{"arcs":[[-532,-5040,-5951,-648,-3949,-5981,-5293,-6052,7561,-2239]],"type":"Polygon","properties":{"GEOID":"482015503072"}},{"arcs":[[-5938,-7003,-6015,-7184,-7492,-7521]],"type":"Polygon","properties":{"GEOID":"482015555042"}},{"arcs":[[-6131,-1400,-2614,-5948,-1931]],"type":"Polygon","properties":{"GEOID":"482015532012"}},{"arcs":[[-7208,-6079,-3785,-1249,-4167]],"type":"Polygon","properties":{"GEOID":"482015504043"}},{"arcs":[[-3938,-7197,-5000]],"type":"Polygon","properties":{"GEOID":"482014231003"}},{"arcs":[[-6710,-448,-5824,-5899,-6098]],"type":"Polygon","properties":{"GEOID":"482012517013"}},{"arcs":[[-6722,-1897,-6726,-5932,-4486,-6455,-3032,7562]],"type":"Polygon","properties":{"GEOID":"482014102011"}},{"arcs":[[-699,-1579,7563,-4928,-5194,-7503]],"type":"Polygon","properties":{"GEOID":"482013405011"}},{"arcs":[[-3833,7564,-1096]],"type":"Polygon","properties":{"GEOID":"482013508031"}},{"arcs":[[-7471,7565,-5340,-193,-7441]],"type":"Polygon","properties":{"GEOID":"482013420022"}},{"arcs":[[-1965,-2275,-3867]],"type":"Polygon","properties":{"GEOID":"482014510051"}},{"arcs":[[-3700,-6057,-346]],"type":"Polygon","properties":{"GEOID":"482015410052"}},{"arcs":[[-7261,-7315,-7556]],"type":"Polygon","properties":{"GEOID":"482015549042"}},{"arcs":[[-7558,-3379,-4400,-6380,-2822,-6034,-6386,-7493,-6353]],"type":"Polygon","properties":{"GEOID":"482013140051"}},{"arcs":[[-4007,-6066,-1761,-3800,-6243,-7358,-1172]],"type":"Polygon","properties":{"GEOID":"482013228003"}},{"arcs":[[-805,-849,-7182,-109,-5139]],"type":"Polygon","properties":{"GEOID":"482013303011"}},{"arcs":[[-261,-6533,-1782,-7116,-7533,-4681,-6308]],"type":"Polygon","properties":{"GEOID":"482012328012"}},{"arcs":[[-7565,-3832,-1649,-7383,7566,-6644,-5257,-6108]],"type":"Polygon","properties":{"GEOID":"482013508044"}},{"arcs":[[-6524,-7282,-6375,-367,-6370,-3716,-6117]],"type":"Polygon","properties":{"GEOID":"482015515022"}},{"arcs":[[-5320,-6094,-6512,-4782]],"type":"Polygon","properties":{"GEOID":"482014517004"}},{"arcs":[[-5496,-384,-5289,-6987,-6983,-4012,-5856,-6302]],"type":"Polygon","properties":{"GEOID":"482013132011"}},{"arcs":[[7567,-4409,-7295]],"type":"Polygon","properties":{"GEOID":"482014104013"}},{"arcs":[[-3355,-7516,-7338,-2348,7568]],"type":"Polygon","properties":{"GEOID":"482015519011"}},{"arcs":[[-7133,7569,-5270]],"type":"Polygon","properties":{"GEOID":"482015560001"}},{"arcs":[[-3203,-7481,-6547,-25]],"type":"Polygon","properties":{"GEOID":"482013502022"}},{"arcs":[[-4434,-6806,7570,-1484,-5017,-7529,-5819,-890,-1472]],"type":"Polygon","properties":{"GEOID":"482014307004"}},{"arcs":[[-6601,-4052,-6091,-548,-5464,-2470]],"type":"Polygon","properties":{"GEOID":"482014336022"}},{"arcs":[[-1544,-1510,-221,-3645]],"type":"Polygon","properties":{"GEOID":"482014325013"}},{"arcs":[[7571,-3939,-4999,-1539]],"type":"Polygon","properties":{"GEOID":"482014229001"}},{"arcs":[[-7378,-1056,-4433,-5667]],"type":"Polygon","properties":{"GEOID":"482014549012"}},{"arcs":[[-6788,-7243,-1015,-3303,-1584,-6227,-7092,-7532]],"type":"Polygon","properties":{"GEOID":"482014508011"}},{"arcs":[[-5655,7572,-6699,-681,-1337,-4832,-7224]],"type":"Polygon","properties":{"GEOID":"482015552002"}},{"arcs":[[-4085,7573,-7419,-6149]],"type":"Polygon","properties":{"GEOID":"482013341021"}},{"arcs":[[-1566,-4746,-6511,-1577,-7235,-6222,-1045]],"type":"Polygon","properties":{"GEOID":"482014543052"}},{"arcs":[[-7136,-5501,-7268,-4302,-4385]],"type":"Polygon","properties":{"GEOID":"482012515043"}},{"arcs":[[-6088,-4615,-6778,-6545]],"type":"Polygon","properties":{"GEOID":"482014227022"}},{"arcs":[[-2823,-6379,-6580]],"type":"Polygon","properties":{"GEOID":"482013140031"}},{"arcs":[[-5828,-2756,7574,-5921,-673]],"type":"Polygon","properties":{"GEOID":"482013406002"}},{"arcs":[[-2928,-4206,-7244,-6718]],"type":"Polygon","properties":{"GEOID":"482019802001"}},{"arcs":[[-3101,-2484,-3590,-4331,-2499]],"type":"Polygon","properties":{"GEOID":"482012302005"}},{"arcs":[[-6660,-6700,-5746,-3651,-662,-5805,-7101,-1604]],"type":"Polygon","properties":{"GEOID":"482012523033"}},{"arcs":[[7575,-7330,-5403,-7497,7576]],"type":"Polygon","properties":{"GEOID":"482015548031"}},{"arcs":[[-4294,-3001,-5872]],"type":"Polygon","properties":{"GEOID":"482012542003"}},{"arcs":[[-7346,-7405,-7290,-6338]],"type":"Polygon","properties":{"GEOID":"482015536012"}},{"arcs":[[-512,-1253,-6939,-1865,-7540,-4636]],"type":"Polygon","properties":{"GEOID":"482015505003"}},{"arcs":[[-6692,-583,-955,-7310,-7016]],"type":"Polygon","properties":{"GEOID":"482015557041"}},{"arcs":[[-6936,-5536,-5920,-6696]],"type":"Polygon","properties":{"GEOID":"482012413011"}},{"arcs":[[-459,-52,-7365,-5080,-6965,-2643,7577]],"type":"Polygon","properties":{"GEOID":"482015521031"}},{"arcs":[[-5316,-3000,-7194,-2994,-5827,-4316,-2428]],"type":"Polygon","properties":{"GEOID":"482013403011"}},{"arcs":[[-6113,-5942,-3265,-2229]],"type":"Polygon","properties":{"GEOID":"482015547011"}},{"arcs":[[-7274,-6177,-5388,-5748,-2940,-6691,-7272]],"type":"Polygon","properties":{"GEOID":"482015544061"}},{"arcs":[[-6007,-5985,-5658,-7518,-7303]],"type":"Polygon","properties":{"GEOID":"482015553043"}},{"arcs":[[-6123,-6137,7578,-4913,7579,-7211,-6126]],"type":"Polygon","properties":{"GEOID":"482012504072"}},{"arcs":[[-1247,-2843,-6993,-1808]],"type":"Polygon","properties":{"GEOID":"482013109004"}},{"arcs":[[-6794,-1752,-6435,-6391,-279,-1184,-5260]],"type":"Polygon","properties":{"GEOID":"482012204002"}},{"arcs":[[-954,-6704,-6205,-6203,-7238,-5331,-7311]],"type":"Polygon","properties":{"GEOID":"482015430041"}},{"arcs":[[-4720,-2938,-3690,-5780]],"type":"Polygon","properties":{"GEOID":"482015517053"}},{"arcs":[[-6998,-7171,-3116,-7561,-7029,7580,-7186]],"type":"Polygon","properties":{"GEOID":"482012546003"}},{"arcs":[[-6421,-6181,-5984,-2244,7581]],"type":"Polygon","properties":{"GEOID":"482012409061"}},{"arcs":[[-7407,-7515,-2240,7582,-3071,-6944,-6714]],"type":"Polygon","properties":{"GEOID":"482015530023"}},{"arcs":[[-7053,-867,-7472,-7440,-2781]],"type":"Polygon","properties":{"GEOID":"482013240001"}},{"arcs":[[-4827,-6072,-3714,-4351,-809,-5382]],"type":"Polygon","properties":{"GEOID":"482013338023"}},{"arcs":[[-6432,-4092,-7450,-6482,-5721]],"type":"Polygon","properties":{"GEOID":"482015108022"}},{"arcs":[[-1830,-258,-7366,-4766,-264,-7543,-6281,7583,-6009]],"type":"Polygon","properties":{"GEOID":"482013308023"}},{"arcs":[[-1412,-998,-2380,-2675]],"type":"Polygon","properties":{"GEOID":"482012406002"}},{"arcs":[[-2339,-6943,-2622,7584]],"type":"Polygon","properties":{"GEOID":"482015535004"}},{"arcs":[[-7547,-7014,-5266]],"type":"Polygon","properties":{"GEOID":"482015560003"}},{"arcs":[[-6932,-5023,-5800,-1374,-5503,-7097,7585]],"type":"Polygon","properties":{"GEOID":"482015225003"}},{"arcs":[[-7583,-7562,-6051]],"type":"Polygon","properties":{"GEOID":"482015504052"}},{"arcs":[[-6914,-760,-7563,-3033,-2746,-7455,-4410,-7568,-7294]],"type":"Polygon","properties":{"GEOID":"482014103003"}},{"arcs":[[-7371,-7438,-6588,-5891,-7076]],"type":"Polygon","properties":{"GEOID":"482014117001"}},{"arcs":[[-3932,-6311,-7525,-7417,-7165,-4607,-5107]],"type":"Polygon","properties":{"GEOID":"482012538003"}},{"arcs":[[-6642,-3147,7586,-3858,-7453,-3856,-4938,-5635]],"type":"Polygon","properties":{"GEOID":"482015218001"}},{"arcs":[[-1181,-118,-2310,-6284,-7541,-1396]],"type":"Polygon","properties":{"GEOID":"482013210013"}},{"arcs":[[-6883,-1975,-5971,-1967,-3979,-5690,-7448]],"type":"Polygon","properties":{"GEOID":"482014312062"}},{"arcs":[[-7513,-5641,-795,-6293,-7560]],"type":"Polygon","properties":{"GEOID":"482015526031"}},{"arcs":[[-2846,-5865,-4598,-3869,-3118,-382,-5091]],"type":"Polygon","properties":{"GEOID":"482013119002"}},{"arcs":[[-5695,-7192,-3756,-4387,-7178,-4023]],"type":"Polygon","properties":{"GEOID":"482012514022"}},{"arcs":[[-462,-6561,-5681,-7460,-7332]],"type":"Polygon","properties":{"GEOID":"482013415023"}},{"arcs":[[-2398,-7313,-5165,-6679,-6818,-6572]],"type":"Polygon","properties":{"GEOID":"482015426001"}},{"arcs":[[-6846,-6844,-6850,-7070]],"type":"Polygon","properties":{"GEOID":"482013417001"}},{"arcs":[[-7072,-6861,-7064,7587,-6855,-7549,-6459,-3025]],"type":"Polygon","properties":{"GEOID":"482013505001"}},{"arcs":[[-1146,-6892,-6865,-5345,-7367]],"type":"Polygon","properties":{"GEOID":"482013316021"}},{"arcs":[[-4733,-7359,-6907,-611,-276]],"type":"Polygon","properties":{"GEOID":"482013229003"}},{"arcs":[[-3146,-6641,-7339,-5435,-6491,-562,-3707,-6054,-6212,-7587]],"type":"Polygon","properties":{"GEOID":"482015216001"}},{"arcs":[[-3839,-6935,7588,-6178,-7049,-5426,-7431]],"type":"Polygon","properties":{"GEOID":"482012414003"}},{"arcs":[[-2639,-4774,-6959,-5637,-5058]],"type":"Polygon","properties":{"GEOID":"482012511003"}},{"arcs":[[-5705,-460,-7578,-2642]],"type":"Polygon","properties":{"GEOID":"482015522001"}},{"arcs":[[-7255,-5118,-7582,-2247,-7047,-4358,-4758,-5123]],"type":"Polygon","properties":{"GEOID":"482012408021"}},{"arcs":[[-7443,-6870,-7501,-4614,-2456,-2448,-7085]],"type":"Polygon","properties":{"GEOID":"482012319004"}},{"arcs":[[-6444,-1769,-6442,7589,-6875,-5505]],"type":"Polygon","properties":{"GEOID":"482014316001"}},{"arcs":[[-817,-7409,-3779,-6885,-3606]],"type":"Polygon","properties":{"GEOID":"482014127002"}},{"arcs":[[-5841,-6925,-2437,-1235,-7269]],"type":"Polygon","properties":{"GEOID":"482015319001"}},{"arcs":[[-1418,-7557,-7318,-2616,-3346,-4391,-3287,-5993]],"type":"Polygon","properties":{"GEOID":"482015549051"}},{"arcs":[[-1654,-5244,-3391,-7223,-7109,-5906,-3483]],"type":"Polygon","properties":{"GEOID":"482012225022"}},{"arcs":[[-376,-3405,-5788,-7123,-570]],"type":"Polygon","properties":{"GEOID":"482015410091"}},{"arcs":[[-7470,-5607,-5338,-7566]],"type":"Polygon","properties":{"GEOID":"482013420013"}},{"arcs":[[-3609,-5071,-3318,-7534,-3822,-2890]],"type":"Polygon","properties":{"GEOID":"482014124003"}},{"arcs":[[-7564,-1578,-4255,-1918,7590,-4929]],"type":"Polygon","properties":{"GEOID":"482013413032"}},{"arcs":[[-4930,-7591,-1917,-6521,-4768,-6472,-1774]],"type":"Polygon","properties":{"GEOID":"482013413021"}},{"arcs":[[-7216,-5969,-1190,-3696,-6614]],"type":"Polygon","properties":{"GEOID":"482014519033"}},{"arcs":[[-3171,-685,-6673,-6198,-5097]],"type":"Polygon","properties":{"GEOID":"482015544072"}},{"arcs":[[-2215,-7523,-6399]],"type":"Polygon","properties":{"GEOID":"482015529012"}},{"arcs":[[-1380,-7227,7591,-4794,-2164]],"type":"Polygon","properties":{"GEOID":"482013116003"}},{"arcs":[[-4662,-2556,-1728,-7201]],"type":"Polygon","properties":{"GEOID":"482014208003"}},{"arcs":[[-7590,-4898,-6372,-2015,-6876]],"type":"Polygon","properties":{"GEOID":"482014316002"}},{"arcs":[[-7551,-1306,-4478,-7348,-7168,-3281,-7170,-7175]],"type":"Polygon","properties":{"GEOID":"482012536022"}},{"arcs":[[-3121,-391,-4798,-7292,-7031,-1216,-7538,-2827]],"type":"Polygon","properties":{"GEOID":"482013117011"}},{"arcs":[[-2935,-6371,-372,-6330,-7252,-308,-7498]],"type":"Polygon","properties":{"GEOID":"482015342011"}},{"arcs":[[-6933,-7586,-7096,-6879,7592,7593]],"type":"Polygon","properties":{"GEOID":"482015225004"}},{"arcs":[[-3356,-7569,-3718,-5581]],"type":"Polygon","properties":{"GEOID":"482015519023"}},{"arcs":[[-7153,-5816,-6610,-6219]],"type":"Polygon","properties":{"GEOID":"482014311012"}},{"arcs":[[-3073,7594,-5178,-6947,-6945]],"type":"Polygon","properties":{"GEOID":"482015530012"}},{"arcs":[[-5685,-936,-1491,-7257,-3934,-7572,-1538,-1842]],"type":"Polygon","properties":{"GEOID":"482014334002"}},{"arcs":[[-2340,-7585,-2627,-7344]],"type":"Polygon","properties":{"GEOID":"482015535001"}},{"arcs":[[-6829,-7444,-7465,-6830]],"type":"Polygon","properties":{"GEOID":"482012321001"}},{"arcs":[[7595,-5076,-7524,-6487,-7130]],"type":"Polygon","properties":{"GEOID":"482012507013"}},{"arcs":[[-4485,-5065,-6107,7596,-2750]],"type":"Polygon","properties":{"GEOID":"482013508012"}},{"arcs":[[-618,-2788,-6902,-6897,-4653,-3615]],"type":"Polygon","properties":{"GEOID":"482013232003"}},{"arcs":[[-4707,-2899,-3140,-5589,-7494]],"type":"Polygon","properties":{"GEOID":"482013313003"}},{"arcs":[[-3985,-4547,-496,-7553,-3056,7597,-5272,-923]],"type":"Polygon","properties":{"GEOID":"482014535021"}},{"arcs":[[-7129,-7397,-6708,-5209,-7539,-5072,-7596]],"type":"Polygon","properties":{"GEOID":"482012507011"}},{"arcs":[[-7281,-2451,-2455,-3819]],"type":"Polygon","properties":{"GEOID":"482012316001"}},{"arcs":[[-6671,-6147,-4280,-7375,-4943,-4895,-3038,-5350]],"type":"Polygon","properties":{"GEOID":"482014233012"}},{"arcs":[[-5190,-6773,-6473,-7459,-7323]],"type":"Polygon","properties":{"GEOID":"482012208001"}},{"arcs":[[-1013,-7189,-6824,-5862,-5028,-6791,-2403]],"type":"Polygon","properties":{"GEOID":"482014219001"}},{"arcs":[[7598,-7593,-6878,-6508]],"type":"Polygon","properties":{"GEOID":"482015225002"}},{"arcs":[[-1582,-6221,-4237,-139]],"type":"Polygon","properties":{"GEOID":"482014310012"}},{"arcs":[[-5588,-6125,-3245]],"type":"Polygon","properties":{"GEOID":"482012503053"}},{"arcs":[[-4403,-5352,-1112,-7283,-7004,-7536,-5170,-4584,-7122]],"type":"Polygon","properties":{"GEOID":"482012337031"}},{"arcs":[[-6898,-1601,-3134,-1599,-6896,-7054,-2780,-7048]],"type":"Polygon","properties":{"GEOID":"482013238021"}},{"arcs":[[-7046,-2591,-6048,-4570,-6047,-3079,-3433,7599,-6681,-49,-7511]],"type":"Polygon","properties":{"GEOID":"482015543021"}},{"arcs":[[-7595,-6053,-5297,-7207,-3442,-2361,-5179]],"type":"Polygon","properties":{"GEOID":"482015504053"}},{"arcs":[[-7267,-5924,-5517,-7545,-1685,-5602,-695,-6043,-7289]],"type":"Polygon","properties":{"GEOID":"482015418022"}},{"arcs":[[-3513,-7552,-7390,-6348,-3943,-7402,-7326,-6583]],"type":"Polygon","properties":{"GEOID":"482013126031"}},{"arcs":[[-1104,-5003,-2496,-1725,7600,-7180]],"type":"Polygon","properties":{"GEOID":"482014401011"}},{"arcs":[[-6245,-7363,-6029,-4128,-7483,-1427,-2026]],"type":"Polygon","properties":{"GEOID":"482015333011"}},{"arcs":[[-1861,-5083,-623,-7542]],"type":"Polygon","properties":{"GEOID":"482014115032"}},{"arcs":[[-5103,-4747,-4557,-4756]],"type":"Polygon","properties":{"GEOID":"482015554041"}},{"arcs":[[-7548,-3673,-6152,-7544,-7427,-6738,-5988]],"type":"Polygon","properties":{"GEOID":"482015423041"}},{"arcs":[[-2180,-4204,-7206,-6481,-7507,-1763]],"type":"Polygon","properties":{"GEOID":"482014318041"}},{"arcs":[[-5305,-6633,-5761,-2293]],"type":"Polygon","properties":{"GEOID":"482012324041"}},{"arcs":[[-6099,-5905,-6617]],"type":"Polygon","properties":{"GEOID":"482012504031"}},{"arcs":[[-5901,-715,-5830,-6576,-6437]],"type":"Polygon","properties":{"GEOID":"482012519031"}},{"arcs":[[-6594,-1849,-3846,-6376,-4789,-6591]],"type":"Polygon","properties":{"GEOID":"482015306003"}},{"arcs":[[-3968,-7328,-7490,-6416,-4878,-6089]],"type":"Polygon","properties":{"GEOID":"482014320061"}},{"arcs":[[-1470,-6803,-1485,-7571,-6805]],"type":"Polygon","properties":{"GEOID":"482015223022"}},{"arcs":[[-6742,-7559,-7475,-4807,-6653,-7240]],"type":"Polygon","properties":{"GEOID":"482015417012"}},{"arcs":[[-4062,-5670,-6096,-2571]],"type":"Polygon","properties":{"GEOID":"482014549021"}},{"arcs":[[-6211,-5628,-2242]],"type":"Polygon","properties":{"GEOID":"482015321012"}},{"arcs":[[-2060,-416,-3768]],"type":"Polygon","properties":{"GEOID":"482015110033"}},{"arcs":[[-6223,-4544,-5137,-7452,-6492,-4952]],"type":"Polygon","properties":{"GEOID":"482014520014"}},{"arcs":[[-5806,-4388,-6646,-5196]],"type":"Polygon","properties":{"GEOID":"482015217022"}},{"arcs":[[-7519,-6006,-7221,-7576,7601]],"type":"Polygon","properties":{"GEOID":"482015548032"}},{"arcs":[[-5950,-6042,-3946,-646]],"type":"Polygon","properties":{"GEOID":"482015503041"}},{"arcs":[[-7424,7602,-7422,-7131,-6489,-1866,-7499,-7477]],"type":"Polygon","properties":{"GEOID":"482012506021"}},{"arcs":[[-897,-6688,-1987,-7555,-7413]],"type":"Polygon","properties":{"GEOID":"482012502014"}},{"arcs":[[-7319,-1691,-7387,-5751]],"type":"Polygon","properties":{"GEOID":"482015421042"}},{"arcs":[[-3415,-1424,-3237,-4079,-2969,-4971]],"type":"Polygon","properties":{"GEOID":"482012324052"}},{"arcs":[[-2755,-7504,-5192,-2260,-428,-7575]],"type":"Polygon","properties":{"GEOID":"482013405014"}},{"arcs":[[-4274,-4802,-6571,7603]],"type":"Polygon","properties":{"GEOID":"482015427003"}},{"arcs":[[-5745,-5837,-5329,-1308,-5319]],"type":"Polygon","properties":{"GEOID":"482014516052"}},{"arcs":[[-5973,-5974,-3905,-7522,-5834,-5744]],"type":"Polygon","properties":{"GEOID":"482014515011"}},{"arcs":[[-5768,-5889,-7469,-6250,-7188,7604,-5104,-4628,-1124,-4587,-5274,-7399,-1092,-7400,-7006]],"type":"Polygon","properties":{"GEOID":"482013436011"}},{"arcs":[[-6786,-141,-749,-1548,-4439,-6217]],"type":"Polygon","properties":{"GEOID":"482014522043"}},{"arcs":[[-7398,-526,-6233]],"type":"Polygon","properties":{"GEOID":"482014133022"}},{"arcs":[[-7343,-1881,-7266,-7468,-7410]],"type":"Polygon","properties":{"GEOID":"482012529012"}},{"arcs":[[-2177,-738,-2056,-4227,-7489]],"type":"Polygon","properties":{"GEOID":"482014106021"}},{"arcs":[[-1903,-637,-5176,-1893,-6723,-4492]],"type":"Polygon","properties":{"GEOID":"482015103012"}},{"arcs":[[-7603,-7423]],"type":"Polygon","properties":{"GEOID":"482012506022"}},{"arcs":[[-505,-3952,-5151,-4309,-1512,-5199]],"type":"Polygon","properties":{"GEOID":"482014330063"}},{"arcs":[[-4912,-7579,-6136,-6026,-7212,-7580]],"type":"Polygon","properties":{"GEOID":"482012504073"}},{"arcs":[[-4830,-7078,-4552,-5825,-252,-6403]],"type":"Polygon","properties":{"GEOID":"482014211043"}},{"arcs":[[-5158,-4210,-3810,-6728,-7245]],"type":"Polygon","properties":{"GEOID":"482013101022"}},{"arcs":[[-7063,-6856,-7588]],"type":"Polygon","properties":{"GEOID":"482013505005"}},{"arcs":[[-6638,-5307,-7509,-6061]],"type":"Polygon","properties":{"GEOID":"482012323061"}},{"arcs":[[-3500,-7415,-3762,-6963]],"type":"Polygon","properties":{"GEOID":"482015326005"}},{"arcs":[[-5977,-4126,-3264,-7488]],"type":"Polygon","properties":{"GEOID":"482015430101"}},{"arcs":[[-4419,-6964,-3876,-3088,-7308,-3738]],"type":"Polygon","properties":{"GEOID":"482015325042"}},{"arcs":[[-7600,-3432,-1983,-6680]],"type":"Polygon","properties":{"GEOID":"482015523042"}},{"arcs":[[-7520,-7602,-7577,-5101,-4754,-6153,7605]],"type":"Polygon","properties":{"GEOID":"482015554011"}},{"arcs":[[-1473,-892,-5821,-7530,-5015,-6766,-6881,-6760,-7412,-4785]],"type":"Polygon","properties":{"GEOID":"482014306002"}},{"arcs":[[-1690,-7241,-351,-1320,-7388]],"type":"Polygon","properties":{"GEOID":"482015419021"}},{"arcs":[[-7592,-7226,-1368,-2115,-4659,-5532]],"type":"Polygon","properties":{"GEOID":"482013201001"}},{"arcs":[[-7500,-6627,-6635,-1641,-3958,-6060,-7527,-4843,-6636,-2463]],"type":"Polygon","properties":{"GEOID":"482012312004"}},{"arcs":[[-4960,-7506,-5699]],"type":"Polygon","properties":{"GEOID":"482015525021"}},{"arcs":[[-6596,-4481,-2748,-6360]],"type":"Polygon","properties":{"GEOID":"482013506042"}},{"arcs":[[-5714,-5861,-7495,-5108,-7320,-6167,-7321,-1718,-7160,-7535,-7420,-7574,-4084,-5725]],"type":"Polygon","properties":{"GEOID":"482013341022"}},{"arcs":[[-7486,-5706,-2647,-5797,-3403,-374,-7353]],"type":"Polygon","properties":{"GEOID":"482015410081"}},{"arcs":[[-5688,-457,-5675,-3215,-5229]],"type":"Polygon","properties":{"GEOID":"482013316032"}},{"arcs":[[-1354,-6934,-7594,-7599,-6507]],"type":"Polygon","properties":{"GEOID":"482015210001"}}]}}}