{"type":"Topology","arcs":[[[1501,1087],[16,-77]],[[1517,1010],[-80,-10]],[[1437,1000],[-22,95],[86,-8]],[[4787,3962],[80,-124]],[[4867,3838],[-42,7]],[[4825,3845],[-39,28]],[[4786,3873],[1,89]],[[4787,2631],[45,2]],[[4832,2633],[66,0]],[[4898,2633],[-3,-41]],[[4895,2592],[-6,-49]],[[4889,2543],[-124,1]],[[4765,2544],[22,87]],[[2110,1639],[42,0]],[[2152,1639],[-7,-70]],[[2145,1569],[-40,0]],[[2105,1569],[5,70]],[[1330,2700],[64,35]],[[1394,2735],[38,-37],[7,-72]],[[1439,2626],[-5,-5]],[[1434,2621],[-10,-10]],[[1424,2611],[-67,32]],[[1357,2643],[-27,57]],[[3570,3060],[112,-3]],[[3682,3057],[32,-26]],[[3714,3031],[-61,-50]],[[3653,2981],[-79,25],[-4,54]],[[1531,4226],[164,-224]],[[1695,4002],[-93,0]],[[1602,4002],[-27,88],[-146,2]],[[1429,4092],[0,133],[102,1]],[[2826,3920],[68,0]],[[2894,3920],[-12,-75]],[[2882,3845],[-12,-87]],[[2870,3758],[-24,3]],[[2846,3761],[16,62],[-36,97]],[[1626,847],[0,-23]],[[1626,824],[-85,-8]],[[1541,816],[-14,50]],[[1527,866],[99,-19]],[[3141,2072],[123,-2]],[[3264,2070],[-1,-10]],[[3263,2060],[-61,-139]],[[3202,1921],[-64,6]],[[3138,1927],[3,145]],[[3075,4062],[0,81]],[[3075,4143],[57,-1]],[[3132,4142],[0,-1]],[[3132,4141],[7,-133]],[[3139,4008],[-73,8]],[[3066,4016],[9,46]],[[2928,4169],[118,-26]],[[3046,4143],[29,0]],[[3075,4062],[-115,-9],[-45,22]],[[2915,4075],[13,94]],[[1394,2735],[119,-16]],[[1513,2719],[0,-14]],[[1513,2705],[-74,-79]],[[4473,3652],[50,0]],[[4523,3652],[1,-92]],[[4524,3560],[-86,12]],[[4438,3572],[35,80]],[[5107,2143],[60,-7]],[[5167,2136],[-1,-65]],[[5166,2071],[-59,0],[0,72]],[[2446,2201],[38,0]],[[2484,2201],[-13,-106],[4,-146]],[[2475,1949],[-56,0]],[[2419,1949],[-2,83]],[[2417,2032],[1,118],[28,51]],[[4846,1896],[37,0]],[[4883,1896],[-37,-68]],[[4846,1828],[0,68]],[[4203,1817],[91,-2]],[[4294,1815],[-57,-94]],[[4237,1721],[-67,8]],[[4170,1729],[33,88]],[[4570,1636],[56,0]],[[4626,1636],[-39,-46]],[[4587,1590],[-17,46]],[[1911,2961],[64,10]],[[1975,2971],[47,-1]],[[2022,2970],[0,-108]],[[2022,2862],[-38,0]],[[1984,2862],[-61,45]],[[1923,2907],[-13,0]],[[1910,2907],[1,54]],[[3264,3931],[4,87]],[[3268,4018],[131,-1]],[[3399,4017],[-1,-168]],[[3398,3849],[-134,-7]],[[3264,3842],[0,89]],[[4938,3002],[26,-10]],[[4964,2992],[-11,-44]],[[4953,2948],[-28,8]],[[4925,2956],[13,46]],[[2643,3239],[42,39],[100,3]],[[2785,3281],[0,-22]],[[2785,3259],[0,-23]],[[2785,3236],[-65,-4]],[[2720,3232],[-77,7]],[[4829,3391],[-2,83]],[[4827,3474],[84,10]],[[4911,3484],[0,-118]],[[4911,3366],[0,-69]],[[4911,3297],[-57,9]],[[4854,3306],[-39,2]],[[4815,3308],[14,83]],[[4907,1721],[32,0]],[[4939,1721],[-34,-46]],[[4905,1675],[2,46]],[[3087,4735],[139,-3],[-1,-86]],[[3225,4646],[-102,1]],[[3123,4647],[-36,88]],[[2978,2472],[29,0]],[[3007,2472],[76,-25]],[[3083,2447],[-2,-74]],[[3081,2373],[-14,0]],[[3067,2373],[-87,1]],[[2980,2374],[-4,1]],[[2976,2375],[2,97]],[[1925,2218],[125,77]],[[2050,2295],[-1,-32]],[[2049,2263],[27,-40]],[[2076,2223],[0,-21]],[[2076,2202],[-29,-69]],[[2047,2133],[-52,0]],[[1995,2133],[-69,0],[-27,-44]],[[1899,2089],[-20,-3]],[[1879,2086],[57,87],[-11,45]],[[1866,1638],[50,0]],[[1916,1638],[-2,-90]],[[1914,1548],[0,-56]],[[1914,1492],[-48,57]],[[1866,1549],[0,89]],[[4108,3294],[23,0]],[[4131,3294],[44,0]],[[4175,3294],[-1,-89]],[[4174,3205],[-39,0]],[[4135,3205],[-34,40]],[[4101,3245],[7,49]],[[1325,1725],[-51,49]],[[1274,1774],[51,-49]],[[3836,4898],[2,185],[95,-2]],[[3933,5081],[23,-67],[55,-47]],[[4011,4967],[-1,-234]],[[4010,4733],[-117,-4]],[[3893,4729],[-87,3]],[[3806,4732],[32,105],[-2,61]],[[3511,4475],[-5,-152]],[[3506,4323],[-94,1]],[[3412,4324],[0,61],[35,92],[64,-2]],[[2720,2150],[-4,-109]],[[2716,2041],[-89,22]],[[2627,2063],[-25,84]],[[2602,2147],[118,3]],[[4767,2168],[41,22],[0,57]],[[4808,2247],[33,0]],[[4841,2247],[12,-57],[45,-7]],[[4898,2183],[-1,-22]],[[4897,2161],[-90,0]],[[4807,2161],[-40,7]],[[3656,3436],[97,1]],[[3753,3437],[-2,-75]],[[3751,3362],[-25,-50]],[[3726,3312],[-71,1]],[[3655,3313],[1,123]],[[3389,2646],[2,121]],[[3391,2767],[117,20]],[[3508,2787],[56,-11],[-4,-159]],[[3560,2617],[-171,6]],[[3389,2623],[0,23]],[[2702,4701],[89,-1]],[[2791,4700],[5,-88]],[[2796,4612],[-95,-1]],[[2701,4611],[1,90]],[[2967,3921],[51,-2]],[[3018,3919],[36,0]],[[3054,3919],[0,-76]],[[3054,3843],[-77,1]],[[2977,3844],[-10,0]],[[2967,3844],[0,77]],[[4186,3567],[68,0]],[[4254,3567],[69,0]],[[4323,3567],[29,0]],[[4352,3567],[-39,-55]],[[4313,3512],[-127,12]],[[4186,3524],[0,43]],[[4868,1046],[102,-9],[60,-24],[48,25]],[[5078,1038],[75,43]],[[5153,1081],[-3,-187]],[[5150,894],[-15,1]],[[5135,895],[-8,51],[-56,36],[-132,-73],[-72,126]],[[4867,1035],[1,11]],[[4697,3494],[130,-20]],[[4829,3391],[-20,34],[-110,-17]],[[4699,3408],[-2,67]],[[4697,3475],[0,19]],[[2669,3145],[50,-1]],[[2719,3144],[66,0]],[[2785,3144],[0,-178]],[[2785,2966],[-115,2]],[[2670,2968],[-1,177]],[[4043,4142],[121,2],[-2,63],[109,5]],[[4271,4212],[0,-68]],[[4271,4144],[0,-34]],[[4271,4110],[0,-97]],[[4271,4013],[-201,-4]],[[4070,4009],[-101,1]],[[3969,4010],[74,132]],[[4010,4733],[-42,-82],[-7,-100]],[[3961,4551],[-70,0]],[[3891,4551],[-11,54],[13,124]],[[2110,1722],[1,29]],[[2111,1751],[86,-1]],[[2197,1750],[0,-65]],[[2197,1685],[-87,-4]],[[2110,1681],[0,41]],[[4191,2339],[12,1]],[[4203,2340],[2,-77]],[[4205,2263],[-14,76]],[[3138,3931],[126,0]],[[3264,3842],[-30,0]],[[3234,3842],[-96,1]],[[3138,3843],[0,88]],[[4206,2776],[81,11]],[[4287,2787],[6,-81]],[[4293,2706],[-1,-102]],[[4292,2604],[-87,1]],[[4205,2605],[1,171]],[[4552,2545],[118,2]],[[4670,2547],[0,-61],[-38,-38],[-81,3]],[[4551,2451],[1,94]],[[3533,2481],[77,-1]],[[3610,2480],[43,-81],[-31,-26]],[[3622,2373],[-46,0]],[[3576,2373],[-45,1]],[[3531,2374],[2,107]],[[1462,2942],[9,-8]],[[1471,2934],[41,-36],[1,-58]],[[1513,2840],[0,-121]],[[1394,2735],[-10,52],[77,58],[1,97]],[[3104,1406],[80,33]],[[3184,1439],[19,-42],[-65,-29]],[[3138,1368],[-34,38]],[[4372,1714],[83,7]],[[4455,1721],[-84,-80]],[[4371,1641],[1,73]],[[35,3713],[44,-16]],[[79,3697],[33,-124],[83,-38],[1,-48],[184,-1]],[[380,3486],[-2,-178]],[[378,3308],[-54,23],[-245,1],[-49,19]],[[30,3351],[5,362]],[[3398,3849],[0,-43]],[[3398,3806],[0,-36]],[[3398,3770],[-141,-17]],[[3257,3753],[-19,0]],[[3238,3753],[-4,89]],[[2026,4426],[171,-208]],[[2197,4218],[0,-54]],[[2197,4164],[-40,0]],[[2157,4164],[-130,1]],[[2027,4165],[-1,261]],[[3627,352],[95,54]],[[3722,406],[129,73]],[[3851,479],[40,-71],[51,-29],[131,-144]],[[4073,235],[-88,-37],[-102,0]],[[3883,198],[-104,41],[-152,113]],[[2881,3049],[78,38]],[[2959,3087],[-6,-190]],[[2953,2897],[-57,15],[-49,54],[-44,0]],[[2803,2966],[78,83]],[[3558,1601],[58,126]],[[3616,1727],[60,7]],[[3676,1734],[-21,-31]],[[3655,1703],[-69,-102]],[[3586,1601],[-28,0]],[[1400,3869],[61,0]],[[1461,3869],[32,-99]],[[1493,3770],[17,-112]],[[1510,3658],[-112,1]],[[1398,3659],[2,210]],[[4204,2428],[85,-1]],[[4289,2427],[-1,-135]],[[4288,2292],[1,-12]],[[4289,2280],[-3,-25]],[[4286,2255],[-81,0]],[[4205,2255],[0,4]],[[4205,2259],[0,4]],[[4203,2340],[1,88]],[[2447,4355],[81,-23]],[[2528,4332],[-25,-79]],[[2503,4253],[-58,21]],[[2445,4274],[2,81]],[[2608,3208],[35,31]],[[2720,3232],[-1,-88]],[[2669,3145],[-59,0]],[[2610,3145],[-2,63]],[[1513,2705],[90,86]],[[1603,2791],[6,5]],[[1609,2796],[6,-109],[37,-2]],[[1652,2685],[-2,-23]],[[1650,2662],[-37,0]],[[1613,2662],[-100,2],[0,41]],[[4030,2207],[0,-23]],[[4030,2184],[-1,-104]],[[4029,2080],[-120,1]],[[3909,2081],[2,32],[78,91],[41,3]],[[4305,3360],[127,-4],[4,-21]],[[4436,3335],[-92,-39],[-52,-2]],[[4292,3294],[13,66]],[[4938,3002],[47,92]],[[4985,3094],[-21,-102]],[[1381,2025],[49,13]],[[1430,2038],[-1,-77]],[[1429,1961],[-35,-13]],[[1394,1948],[-45,-19]],[[1349,1929],[-5,21]],[[1344,1950],[37,75]],[[693,1457],[35,33],[68,-13]],[[796,1477],[-97,-77]],[[699,1400],[-6,57]],[[1962,700],[36,0],[18,89],[185,-2]],[[2201,787],[24,-174],[96,-5]],[[2321,608],[-2,-257]],[[2319,351],[-57,2]],[[2262,353],[-20,144],[-72,-10]],[[2170,487],[-82,81],[-75,12],[-54,35]],[[1959,615],[3,85]],[[4202,1992],[0,16]],[[4202,2008],[87,-1]],[[4289,2007],[-1,-76],[74,-8]],[[4362,1923],[-14,-22]],[[4348,1901],[-147,1]],[[4201,1902],[1,90]],[[1984,1806],[91,1]],[[2075,1807],[11,0]],[[2086,1807],[25,0]],[[2111,1807],[0,-56]],[[2110,1722],[-51,23]],[[2059,1745],[-76,22]],[[1983,1767],[1,39]],[[3746,1533],[108,-11]],[[3854,1522],[0,-83]],[[3854,1439],[-2,-118]],[[3852,1321],[-87,7]],[[3765,1328],[-2,162],[-17,43]],[[2138,2349],[46,20]],[[2184,2369],[72,-2]],[[2256,2367],[44,-2]],[[2300,2365],[-44,-38],[-1,-47]],[[2255,2280],[17,-59]],[[2272,2221],[-22,1]],[[2250,2222],[-52,0]],[[2198,2222],[-1,108],[-59,19]],[[3130,3555],[109,9],[8,70]],[[3247,3634],[14,18]],[[3261,3652],[19,-114]],[[3280,3538],[21,-85]],[[3301,3453],[-75,47],[-96,14]],[[3130,3514],[0,41]],[[4372,1769],[66,-11]],[[4438,1758],[17,-37]],[[4372,1714],[0,55]],[[4271,4110],[142,-28]],[[4413,4082],[111,8]],[[4524,4090],[0,-82]],[[4524,4008],[-137,5]],[[4387,4013],[-116,0]],[[4458,2732],[42,0]],[[4500,2732],[12,-68]],[[4512,2664],[-41,-1]],[[4471,2663],[-13,69]],[[4894,1973],[3,100]],[[4897,2073],[1,60]],[[4898,2133],[55,3]],[[4953,2136],[-1,-29]],[[4952,2107],[0,-34]],[[4952,2073],[1,-101],[37,-76]],[[4990,1896],[-56,0]],[[4934,1896],[-21,0]],[[4913,1896],[-19,0]],[[4894,1896],[0,77]],[[4803,1765],[2,131]],[[4805,1896],[41,0]],[[4846,1828],[2,-108]],[[4848,1720],[-46,0]],[[4802,1720],[1,45]],[[893,2234],[79,-6]],[[972,2228],[-35,-51]],[[937,2177],[-44,57]],[[1552,3456],[116,5],[-8,-114]],[[1660,3347],[-90,-51]],[[1570,3296],[17,48],[-35,112]],[[4524,3741],[1,19]],[[4525,3760],[95,-20]],[[4620,3740],[-4,-89]],[[4616,3651],[-93,1]],[[4523,3652],[1,89]],[[3450,1325],[1,67]],[[3451,1392],[3,7]],[[3454,1399],[23,40]],[[3477,1439],[53,-65]],[[3530,1374],[51,-68]],[[3581,1306],[-42,-34],[-90,43]],[[3449,1315],[1,10]],[[3270,4822],[43,-9]],[[3313,4813],[2,-77],[41,0],[1,-87]],[[3357,4649],[-24,-1]],[[3333,4648],[-108,-2]],[[3087,4735],[2,88],[181,-1]],[[2905,4000],[10,75]],[[3066,4016],[-59,3]],[[3007,4019],[-103,-21]],[[2904,3998],[1,2]],[[1765,4691],[173,-166]],[[1938,4525],[-38,1]],[[1900,4526],[-135,1]],[[1765,4527],[0,164]],[[2937,2635],[107,-9],[-3,-53],[57,-21]],[[3098,2552],[-198,-29]],[[2900,2523],[37,112]],[[3314,3661],[71,-6]],[[3385,3655],[-3,-14]],[[3382,3641],[-5,-26]],[[3377,3615],[-2,-64]],[[3375,3551],[-41,1]],[[3334,3552],[-20,109]],[[4271,4212],[0,21]],[[4271,4233],[184,-14],[13,-67]],[[4468,4152],[-55,0]],[[4413,4152],[-142,-8]],[[3653,2790],[74,-7]],[[3727,2783],[43,-24],[0,-55],[74,-71],[5,-84]],[[3849,2549],[-162,-3]],[[3687,2546],[0,59],[-34,98],[0,87]],[[4206,2545],[85,0]],[[4291,2545],[-2,-118]],[[4204,2428],[2,117]],[[2128,2164],[70,-1]],[[2198,2163],[0,-121]],[[2198,2042],[-75,-2]],[[2123,2040],[5,124]],[[4029,1905],[52,-1]],[[4081,1904],[71,-1]],[[4152,1903],[1,-86]],[[4153,1817],[-126,0]],[[4027,1817],[2,88]],[[3723,3997],[60,-52]],[[3783,3945],[121,-4]],[[3904,3941],[-13,-12]],[[3891,3929],[-66,-66]],[[3825,3863],[-6,52],[-95,-6]],[[3724,3909],[-1,88]],[[4479,1469],[3,86]],[[4482,1555],[47,-1]],[[4529,1554],[12,0]],[[4541,1554],[10,-152],[-59,-9]],[[4492,1393],[-13,76]],[[1760,2443],[54,-1]],[[1814,2442],[-1,-45]],[[1813,2397],[-1,-44]],[[1812,2353],[-82,2]],[[1730,2355],[30,88]],[[1874,3753],[157,17]],[[2031,3770],[56,-1]],[[2087,3769],[40,-1]],[[2127,3768],[51,-70],[1,-63],[39,-30]],[[2218,3605],[-130,-1],[-1,-60]],[[2087,3544],[-49,-6]],[[2038,3538],[-46,67],[-81,-1]],[[1911,3604],[-10,97],[-27,52]],[[2619,4412],[105,-57]],[[2724,4355],[8,-99]],[[2732,4256],[-57,1]],[[2675,4257],[-56,1]],[[2619,4258],[-1,73]],[[2618,4331],[1,81]],[[4794,2778],[81,65]],[[4875,2843],[4,-68]],[[4879,2775],[-16,-1]],[[4863,2774],[-69,4]],[[1541,5337],[253,-1]],[[1794,5336],[-72,-47],[-29,-57]],[[1693,5232],[-152,105]],[[1466,2549],[38,-89]],[[1504,2460],[-11,0]],[[1493,2460],[-132,0]],[[1361,2460],[-7,13]],[[1354,2473],[42,74],[70,2]],[[4627,1898],[92,-1]],[[4719,1897],[-1,-65]],[[4718,1832],[-64,1]],[[4654,1833],[-34,0]],[[4620,1833],[7,65]],[[2967,4735],[120,0]],[[3123,4647],[-155,2]],[[2968,4649],[-1,50]],[[2967,4699],[0,36]],[[4452,1316],[115,-57],[74,-4]],[[4641,1255],[0,-38]],[[4641,1217],[-141,-4]],[[4500,1213],[-56,48]],[[4444,1261],[8,55]],[[2076,2092],[1,72]],[[2077,2164],[51,0]],[[2123,2040],[-47,1]],[[2076,2041],[0,51]],[[1609,1467],[30,92]],[[1639,1559],[61,-36]],[[1700,1523],[-53,-53]],[[1647,1470],[-34,-34]],[[1613,1436],[-5,5]],[[1608,1441],[1,26]],[[1337,3872],[63,-3]],[[1398,3659],[-1,0]],[[1397,3659],[-62,0]],[[1335,3659],[2,213]],[[2886,5093],[-16,-93]],[[2870,5000],[-64,1]],[[2806,5001],[-15,0]],[[2791,5001],[1,96],[94,-4]],[[4362,4460],[127,15]],[[4489,4475],[-36,-127]],[[4453,4348],[-67,8]],[[4386,4356],[-24,104]],[[2610,3058],[0,87]],[[2670,2968],[-61,1]],[[2609,2969],[1,89]],[[1397,3659],[8,-95]],[[1405,3564],[-11,-66],[49,-81]],[[1443,3417],[-89,48]],[[1354,3465],[-21,36],[2,158]],[[4539,4892],[36,1]],[[4575,4893],[40,0]],[[4615,4893],[1,-18]],[[4616,4875],[-78,-39]],[[4538,4836],[1,56]],[[4371,1375],[0,92]],[[4371,1467],[108,2]],[[4492,1393],[-27,-50]],[[4465,1343],[-94,27]],[[4371,1370],[0,5]],[[4289,2007],[-1,72]],[[4288,2079],[87,-1]],[[4375,2078],[0,-60]],[[4375,2018],[-13,-95]],[[1798,798],[148,-2]],[[1946,796],[19,0]],[[1965,796],[-3,-96]],[[1962,700],[-211,3]],[[1751,703],[47,95]],[[2207,5298],[29,36]],[[2236,5334],[286,-2]],[[2522,5332],[-74,-134],[-22,-95]],[[2426,5103],[-6,0]],[[2420,5103],[-158,21]],[[2262,5124],[-18,92],[-37,82]],[[4757,3267],[72,-18]],[[4829,3249],[14,-27]],[[4843,3222],[-85,-25]],[[4758,3197],[-1,70]],[[1908,1939],[82,0]],[[1990,1939],[43,-43]],[[2033,1896],[-46,-52]],[[1987,1844],[-79,54]],[[1908,1898],[0,41]],[[5176,2786],[-2,-175]],[[5174,2611],[-79,60]],[[5095,2671],[0,115],[81,0]],[[1990,1939],[2,38]],[[1992,1977],[2,38]],[[1994,2015],[59,-3],[1,-95]],[[2054,1917],[-21,-21]],[[1688,2945],[48,53]],[[1736,2998],[57,-58]],[[1793,2940],[1,-32]],[[1794,2908],[-37,-92]],[[1757,2816],[-81,39]],[[1676,2855],[-39,39]],[[1637,2894],[51,51]],[[4457,2165],[92,-2]],[[4549,2163],[-1,-87]],[[4548,2076],[-54,1]],[[4494,2077],[-37,88]],[[1680,1321],[29,60]],[[1709,1381],[99,-5]],[[1808,1376],[-2,-96]],[[1806,1280],[-63,0],[0,-53]],[[1743,1227],[-60,7]],[[1683,1234],[-3,87]],[[4371,1561],[0,-94]],[[4371,1375],[-160,4]],[[4211,1379],[-32,0]],[[4179,1379],[-8,146]],[[4171,1525],[200,36]],[[4832,2693],[33,25]],[[4865,2718],[36,-5]],[[4901,2713],[-3,-80]],[[4832,2633],[0,60]],[[4629,1989],[91,-2]],[[4720,1987],[0,-43]],[[4720,1944],[-1,-47]],[[4627,1898],[2,91]],[[1831,1780],[29,62]],[[1860,1842],[48,4]],[[1908,1846],[1,-92]],[[1909,1754],[-38,-43]],[[1871,1711],[-40,69]],[[1815,1103],[48,9]],[[1863,1112],[37,-1]],[[1900,1111],[17,-73]],[[1917,1038],[-19,0]],[[1898,1038],[-84,0]],[[1814,1038],[1,65]],[[1776,1682],[55,98]],[[1871,1711],[-59,-67]],[[1812,1644],[-36,38]],[[3365,703],[140,-2],[84,-18],[75,42]],[[3664,725],[-12,-164],[18,-92],[52,-63]],[[3627,352],[-166,-47],[-101,16]],[[3360,321],[-30,13]],[[3330,334],[37,44],[-15,221],[13,104]],[[4902,1447],[95,-34]],[[4997,1413],[98,-2]],[[5095,1411],[62,6]],[[5157,1417],[0,-82]],[[5157,1335],[-40,-40]],[[5117,1295],[-96,53],[-14,34],[-81,15],[-25,-36]],[[4901,1361],[-15,-2]],[[4886,1359],[16,88]],[[4500,2732],[52,-1]],[[4552,2731],[1,-61]],[[4553,2670],[-22,0]],[[4531,2670],[-19,-6]],[[1430,2038],[1,12]],[[1431,2050],[72,-1],[2,92]],[[1505,2141],[28,7]],[[1533,2148],[46,-93],[36,-10]],[[1615,2045],[-186,-84]],[[3726,3312],[3,-94]],[[3729,3218],[-75,1]],[[3654,3219],[1,94]],[[4117,2429],[87,-1]],[[4191,2339],[-75,0]],[[4116,2339],[1,90]],[[4291,2545],[86,0]],[[4377,2545],[0,-30]],[[4377,2515],[7,-89]],[[4384,2426],[-39,1]],[[4345,2427],[-56,0]],[[3993,2506],[72,-23],[19,-52]],[[4084,2431],[-75,-26]],[[4009,2405],[-43,-42]],[[3966,2363],[-20,48]],[[3946,2411],[47,95]],[[2714,1787],[1,38]],[[2715,1825],[159,-1]],[[2874,1824],[13,0]],[[2887,1824],[-1,-95]],[[2886,1729],[-85,1]],[[2801,1730],[-88,0]],[[2713,1730],[1,57]],[[1312,1857],[47,-21]],[[1359,1836],[-90,-56]],[[1269,1780],[-25,29]],[[1244,1809],[68,48]],[[1793,2940],[47,47]],[[1840,2987],[71,-26]],[[1910,2907],[-34,0]],[[1876,2907],[-82,1]],[[3841,1124],[10,85]],[[3851,1209],[89,-5]],[[3940,1204],[-1,-85]],[[3939,1119],[-98,5]],[[2653,1628],[62,-67]],[[2715,1561],[-131,-1],[69,68]],[[2554,2351],[99,-29]],[[2653,2322],[-8,-65],[44,-64]],[[2689,2193],[-147,6]],[[2542,2199],[40,58]],[[2582,2257],[-28,94]],[[1773,3574],[32,-54],[-109,-1],[-20,37]],[[1676,3556],[97,18]],[[1241,3991],[-1,-41],[-93,22],[-70,-11]],[[1077,3961],[16,106],[31,15],[97,-59],[20,-32]],[[1251,3874],[-2,-87]],[[1249,3787],[-129,0]],[[1120,3787],[-1,49],[132,38]],[[3361,3425],[14,126]],[[3377,3615],[26,-6]],[[3403,3609],[40,-69],[54,0]],[[3497,3540],[-12,-101]],[[3485,3439],[-124,-14]],[[3457,3229],[80,13]],[[3537,3242],[-1,-104],[117,0]],[[3653,3138],[1,-29]],[[3654,3109],[-123,11],[-126,-36]],[[3405,3084],[52,145]],[[3653,3138],[1,81]],[[3729,3218],[25,6]],[[3754,3224],[0,-87],[74,-1]],[[3828,3136],[0,-3]],[[3828,3133],[0,-38],[-174,14]],[[2076,2202],[1,-38]],[[2076,2092],[-29,41]],[[3357,4649],[130,-3]],[[3487,4646],[-19,-107]],[[3468,4539],[-90,-17],[-57,56]],[[3321,4578],[12,70]],[[1070,3259],[39,-110]],[[1109,3149],[-63,-6]],[[1046,3143],[-21,60],[45,56]],[[1217,2479],[57,62],[43,103]],[[1317,2644],[40,-1]],[[1424,2611],[42,-62]],[[1354,2473],[-137,6]],[[4470,4891],[69,1]],[[4538,4836],[-8,-32]],[[4530,4804],[-56,2]],[[4474,4806],[-4,85]],[[1822,3126],[35,-40]],[[1857,3086],[-39,-5],[-82,-83]],[[1736,2998],[-47,46]],[[1689,3044],[43,44],[90,38]],[[2754,3893],[72,27]],[[2846,3761],[-20,-1]],[[2826,3760],[-46,24],[-26,109]],[[2919,1509],[43,-24]],[[2962,1485],[94,-52]],[[3056,1433],[43,-24]],[[3099,1409],[5,-3]],[[3104,1406],[-69,-47],[-119,-1]],[[2916,1358],[3,151]],[[1974,1038],[15,0]],[[1989,1038],[39,-66]],[[2028,972],[0,-67]],[[2028,905],[-60,-20]],[[1968,885],[6,153]],[[1513,2840],[51,0]],[[1564,2840],[39,-49]],[[3217,2600],[14,13]],[[3231,2613],[48,-68]],[[3279,2545],[-19,2]],[[3260,2547],[-42,4]],[[3218,2551],[-1,49]],[[1728,2443],[32,0]],[[1730,2355],[-2,-1]],[[1728,2354],[-28,2]],[[1700,2356],[28,87]],[[1595,2545],[18,117]],[[1650,2662],[0,-114]],[[1650,2548],[-48,-14]],[[1602,2534],[-7,11]],[[1888,2536],[14,0]],[[1902,2536],[0,-43]],[[1902,2493],[-3,-53]],[[1899,2440],[-38,54]],[[1861,2494],[27,42]],[[1470,5062],[61,1]],[[1531,5063],[165,1]],[[1696,5064],[150,13],[146,-1]],[[1992,5076],[-12,-81],[-61,-207]],[[1919,4788],[-153,2],[-1,-99]],[[1765,4691],[-120,110],[-316,249]],[[1329,5050],[141,12]],[[4060,3273],[8,22]],[[4068,3295],[40,-1]],[[4101,3245],[-41,28]],[[4139,3392],[48,-1]],[[4187,3391],[-1,-97]],[[4186,3294],[-11,0]],[[4131,3294],[8,98]],[[3858,3504],[68,6]],[[3926,3510],[74,-3]],[[4000,3507],[17,-9]],[[4017,3498],[-43,-26]],[[3974,3472],[-69,-31]],[[3905,3441],[-49,-4]],[[3856,3437],[-15,0]],[[3841,3437],[17,67]],[[4524,3480],[173,14]],[[4697,3475],[-85,-43]],[[4612,3432],[-86,-59]],[[4526,3373],[-2,107]],[[4187,3391],[60,40]],[[4247,3431],[22,-9]],[[4269,3422],[-13,-128]],[[4256,3294],[-70,0]],[[4616,3651],[4,-73]],[[4620,3578],[-96,-18]],[[3754,3224],[69,1]],[[3823,3225],[51,-2]],[[3874,3223],[-1,-22]],[[3873,3201],[-45,-65]],[[3751,3362],[105,0]],[[3856,3362],[28,0]],[[3884,3362],[0,-50]],[[3884,3312],[-9,0]],[[3875,3312],[-32,0]],[[3843,3312],[-117,0]],[[3238,3753],[-101,3]],[[3137,3756],[1,87]],[[3132,4141],[95,0]],[[3227,4141],[-1,-79],[42,-44]],[[3268,4018],[-129,-10]],[[4670,2703],[22,2]],[[4692,2705],[17,-123],[-39,7]],[[4670,2589],[0,114]],[[4569,2841],[36,-11]],[[4605,2830],[-53,-75]],[[4552,2755],[17,86]],[[2785,3259],[87,-6]],[[2872,3253],[-1,-66]],[[2871,3187],[0,-50]],[[2871,3137],[-86,7]],[[2785,3144],[0,92]],[[3576,2373],[45,-26],[-1,-93],[-89,10]],[[3531,2264],[0,110]],[[3357,2479],[88,-1]],[[3445,2478],[-5,-49]],[[3440,2429],[-84,1],[1,49]],[[2310,2032],[48,0]],[[2358,2032],[59,0]],[[2419,1949],[-2,31],[-108,0]],[[2309,1980],[1,52]],[[3038,2199],[28,0]],[[3066,2199],[57,-8]],[[3123,2191],[-33,-47],[-72,-8]],[[3018,2136],[20,63]],[[3123,2191],[20,-3]],[[3143,2188],[0,-65]],[[3143,2123],[-2,-51]],[[3141,2072],[-124,6]],[[3017,2078],[1,58]],[[4152,1903],[49,-1]],[[4348,1901],[-54,-86]],[[4203,1817],[-50,0]],[[4206,607],[42,24]],[[4248,631],[22,-53],[-14,-91],[-49,-32]],[[4207,455],[-1,152]],[[4375,2018],[46,59]],[[4421,2077],[26,0]],[[4447,2077],[9,-41],[-46,-48],[36,-68]],[[4446,1920],[-11,-21]],[[4435,1899],[-60,-1]],[[4375,1898],[-27,3]],[[4453,2339],[96,38]],[[4549,2377],[0,-109]],[[4549,2268],[-97,4]],[[4452,2272],[1,67]],[[3285,1452],[61,5],[-5,75]],[[3341,1532],[93,11]],[[3434,1543],[8,-49],[83,17]],[[3525,1511],[-9,-12]],[[3516,1499],[-185,-58]],[[3331,1441],[-47,-4]],[[3284,1437],[1,15]],[[3363,1623],[56,-28]],[[3419,1595],[15,-52]],[[3341,1532],[-6,46]],[[3335,1578],[28,45]],[[3612,1915],[115,-9]],[[3727,1906],[0,-64]],[[3727,1842],[-111,8]],[[3616,1850],[-4,65]],[[4863,2774],[-30,-54]],[[4833,2720],[-1,-27]],[[4787,2631],[0,90]],[[4787,2721],[-10,35]],[[4777,2756],[17,22]],[[3852,1321],[93,16]],[[3945,1337],[74,0]],[[4019,1337],[35,-47],[3,-83]],[[4057,1207],[-117,-3]],[[3940,1204],[-89,90],[1,27]],[[3676,1734],[51,108]],[[3727,1906],[17,0]],[[3744,1906],[26,-55],[10,-150]],[[3780,1701],[-125,2]],[[1819,3735],[55,18]],[[1911,3604],[-92,1]],[[1819,3605],[0,130]],[[3749,4732],[57,0]],[[3891,4551],[-138,1],[-4,180]],[[2894,3920],[73,1]],[[2967,3844],[-85,1]],[[3953,3673],[59,-1]],[[4012,3672],[-2,-145],[28,-10]],[[4038,3517],[-21,-19]],[[4000,3507],[-47,166]],[[2898,2374],[78,1]],[[2980,2374],[0,-57]],[[2980,2317],[-1,-118]],[[2979,2199],[-36,0]],[[2943,2199],[-25,1]],[[2918,2200],[-21,36]],[[2897,2236],[1,138]],[[3295,2378],[143,-2]],[[3438,2376],[6,-114]],[[3444,2262],[-178,16]],[[3266,2278],[29,100]],[[2429,2798],[71,1]],[[2500,2799],[-6,-95],[-67,0]],[[2427,2704],[2,94]],[[2312,2910],[47,60]],[[2359,2970],[71,0]],[[2430,2970],[-1,-172]],[[2429,2798],[-47,-2],[-18,98],[-52,16]],[[2175,3238],[-56,1]],[[2119,3239],[56,-1]],[[2132,3041],[125,63]],[[2257,3104],[0,-34]],[[2257,3070],[-1,-47],[-116,-12]],[[2140,3011],[-8,30]],[[4355,4965],[14,107],[146,-6],[-45,-88],[-53,-62],[-62,49]],[[4790,4785],[88,1],[-1,-55]],[[4877,4731],[-87,-4]],[[4790,4727],[0,58]],[[4576,4610],[164,27]],[[4740,4637],[175,-17]],[[4915,4620],[0,-122],[-40,-49],[-67,0],[7,52],[-75,-4]],[[4740,4497],[-112,45],[-52,68]],[[4095,4236],[74,127]],[[4169,4363],[58,34]],[[4227,4397],[44,-70]],[[4271,4327],[0,-94]],[[4043,4142],[52,94]],[[4839,3743],[-3,53]],[[4836,3796],[42,-36]],[[4878,3760],[4,-110]],[[4882,3650],[-51,0]],[[4831,3650],[8,93]],[[2300,3764],[42,-1]],[[2342,3763],[5,-25]],[[2347,3738],[-31,-6]],[[2316,3732],[-16,32]],[[4545,1825],[75,8]],[[4620,1833],[-13,-110]],[[4607,1723],[-63,1]],[[4544,1724],[1,101]],[[714,2445],[40,19]],[[754,2464],[59,-35]],[[813,2429],[7,-94]],[[820,2335],[19,-53]],[[839,2282],[-89,0]],[[750,2282],[-53,0]],[[697,2282],[17,163]],[[984,1569],[0,-67]],[[984,1502],[0,-53]],[[984,1449],[-11,0]],[[973,1449],[-57,0],[0,104],[68,16]],[[4952,2107],[55,-35]],[[5007,2072],[-55,1]],[[4718,1832],[-2,-111]],[[4716,1721],[-46,1]],[[4670,1722],[-16,111]],[[665,1507],[28,-50]],[[699,1400],[-51,-38]],[[648,1362],[-47,86],[-70,65]],[[531,1513],[134,-6]],[[778,2239],[66,-1]],[[844,2238],[0,-15]],[[844,2223],[-2,-52]],[[842,2171],[-59,61]],[[783,2232],[-5,7]],[[3664,725],[34,-10]],[[3698,715],[38,-31],[115,-205]],[[1624,786],[3,-78]],[[1627,708],[0,-42]],[[1627,666],[-69,2]],[[1558,668],[66,118]],[[3854,1439],[57,23],[34,-49],[0,-76]],[[3873,3201],[54,0]],[[3927,3201],[-3,-69]],[[3924,3132],[-96,1]],[[3374,4324],[38,0]],[[3506,4323],[89,-23]],[[3595,4300],[-12,-19]],[[3583,4281],[-75,-110]],[[3508,4171],[-129,46]],[[3379,4217],[-3,19]],[[3376,4236],[-2,88]],[[2344,4212],[101,-30]],[[2445,4182],[0,-61]],[[2445,4121],[2,-114],[25,-36]],[[2472,3971],[-18,-68]],[[2454,3903],[-39,0]],[[2415,3903],[-68,1]],[[2347,3904],[-3,177]],[[2344,4081],[0,131]],[[3184,1439],[19,-1]],[[3203,1438],[81,-1]],[[3284,1437],[-11,-86]],[[3273,1351],[-16,-117],[47,-53]],[[3304,1181],[-128,-43],[2,186],[-16,17]],[[3162,1341],[-24,27]],[[3780,1701],[7,-1]],[[3787,1700],[89,-30],[0,-86]],[[3876,1584],[-102,3],[-29,24]],[[3745,1611],[35,90]],[[3110,2585],[107,15]],[[3218,2551],[-97,3]],[[3121,2554],[-11,31]],[[1609,2796],[43,37]],[[1652,2833],[43,-80],[-43,-68]],[[3001,3709],[21,48]],[[3022,3757],[33,-1]],[[3055,3756],[82,0]],[[3137,3756],[-3,-60]],[[3134,3696],[-133,13]],[[2782,4045],[96,27],[8,-70]],[[2886,4002],[-81,-10]],[[2805,3992],[-23,53]],[[2987,3615],[73,1],[71,-24]],[[3131,3592],[-1,-37]],[[3130,3514],[-142,-1]],[[2988,3513],[-26,-1]],[[2962,3512],[25,103]],[[2118,3153],[75,0]],[[2193,3153],[64,-1]],[[2257,3152],[0,-48]],[[2132,3041],[-6,45]],[[2126,3086],[-8,67]],[[4785,3804],[51,-8]],[[4839,3743],[-54,-5]],[[4785,3738],[0,66]],[[2243,3765],[42,-1]],[[2285,3764],[-16,-31]],[[2269,3733],[-26,32]],[[2201,787],[98,0]],[[2299,787],[14,-107]],[[2313,680],[8,-72]],[[2262,353],[-93,0]],[[2169,353],[1,134]],[[3961,4551],[139,-3]],[[4100,4548],[-12,-95]],[[4088,4453],[-97,-6],[-48,25]],[[3943,4472],[18,79]],[[697,2224],[20,1]],[[717,2225],[27,-38]],[[744,2187],[20,18]],[[764,2205],[21,-38]],[[785,2167],[-35,-50]],[[750,2117],[-43,1]],[[707,2118],[-10,106]],[[854,2115],[78,-6]],[[932,2109],[0,-90],[-68,0]],[[864,2019],[-10,96]],[[1269,2237],[32,0]],[[1301,2237],[76,-3]],[[1377,2234],[0,-46]],[[1377,2188],[0,-9]],[[1377,2179],[-66,-34]],[[1311,2145],[-42,92]],[[1369,1624],[184,-18]],[[1553,1606],[27,-13]],[[1580,1593],[-22,-38]],[[1558,1555],[-28,-32]],[[1530,1523],[-119,6]],[[1411,1529],[-34,2]],[[1377,1531],[-32,18]],[[1345,1549],[24,75]],[[1714,1037],[50,76]],[[1764,1113],[52,32]],[[1816,1145],[-1,-42]],[[1814,1038],[-100,-1]],[[1949,1800],[38,44]],[[2054,1917],[21,-110]],[[1984,1806],[-35,-6]],[[2888,1904],[68,-1]],[[2956,1903],[25,0]],[[2981,1903],[1,-93]],[[2982,1810],[-95,14]],[[2887,1824],[1,80]],[[2196,1569],[0,63]],[[2196,1632],[113,2]],[[2309,1634],[3,-94]],[[2312,1540],[-116,29]],[[5007,1494],[73,-4],[15,-79]],[[4997,1413],[10,81]],[[2027,1359],[150,0],[19,31]],[[2196,1390],[49,8]],[[2245,1398],[-40,-173]],[[2205,1225],[-71,-31],[-106,12]],[[2028,1206],[-1,153]],[[4544,1724],[-89,-3]],[[4438,1758],[17,68],[90,-1]],[[4626,1636],[90,-1]],[[4716,1635],[5,-84]],[[4721,1551],[-127,2]],[[4594,1553],[-7,37]],[[1000,2100],[2,133]],[[1002,2233],[-10,48]],[[992,2281],[110,-18]],[[1102,2263],[-3,-176]],[[1099,2087],[-35,-65],[-82,-3]],[[982,2019],[18,81]],[[1269,1780],[5,-6]],[[1325,1725],[-94,-52]],[[1231,1673],[-14,68],[52,39]],[[4953,2136],[4,30]],[[4957,2166],[109,-15]],[[5066,2151],[-17,-79]],[[5049,2072],[-42,0]],[[4546,1898],[81,0]],[[4545,1825],[1,73]],[[4971,1721],[113,-2]],[[5084,1719],[-3,-88]],[[5081,1631],[-106,56],[-4,34]],[[831,1524],[84,113]],[[915,1637],[71,-5],[-2,-63]],[[973,1449],[-16,-42],[-88,-2],[0,98],[-38,21]],[[2301,1145],[-1,-103]],[[2300,1042],[-87,0]],[[2213,1042],[-21,60],[7,69],[102,-26]],[[3851,479],[48,28]],[[3899,507],[182,-206]],[[4081,301],[17,-53]],[[4098,248],[-25,-13]],[[1668,956],[145,-1]],[[1813,955],[0,-21]],[[1813,934],[-146,-26]],[[1667,908],[1,48]],[[4278,1717],[94,-3]],[[4371,1641],[-72,-6],[-21,82]],[[2205,1225],[-31,-183]],[[2174,1042],[-57,0]],[[2117,1042],[-6,82],[-82,13]],[[2029,1137],[-1,69]],[[2117,1042],[-62,-13]],[[2055,1029],[-26,9]],[[2029,1038],[-2,0]],[[2027,1038],[2,99]],[[785,2167],[33,-51]],[[818,2116],[-68,1]],[[4640,1204],[113,-3]],[[4753,1201],[19,-86]],[[4772,1115],[-132,0]],[[4640,1115],[0,89]],[[926,2613],[125,-1]],[[1051,2612],[3,-60]],[[1054,2552],[-54,-6]],[[1000,2546],[-81,-20]],[[919,2526],[7,87]],[[813,2429],[35,0],[4,94]],[[852,2523],[67,3]],[[919,2526],[-12,-100]],[[907,2426],[-1,-53]],[[906,2373],[-86,-38]],[[4380,2716],[0,39],[78,5]],[[4458,2760],[0,-28]],[[4471,2663],[-5,-31]],[[4466,2632],[-44,63],[-42,2]],[[4380,2697],[0,19]],[[3517,1699],[-1,-99]],[[3516,1600],[-97,-5]],[[3363,1623],[-13,37]],[[3350,1660],[63,38],[104,1]],[[1350,1376],[78,0]],[[1428,1376],[-8,-45]],[[1420,1331],[-29,-68],[-46,-8]],[[1345,1255],[5,121]],[[2447,4491],[36,-18],[84,15]],[[2567,4488],[51,-36]],[[2618,4452],[3,0]],[[2621,4452],[-2,-40]],[[2619,4412],[-72,5],[-103,-20]],[[2444,4397],[3,94]],[[2676,4224],[55,0],[7,-80]],[[2738,4144],[-41,-2]],[[2697,4142],[-21,82]],[[2886,5093],[0,9]],[[2886,5102],[168,-7]],[[3054,5095],[-42,-97]],[[3012,4998],[-94,1]],[[2918,4999],[-48,1]],[[1252,3990],[0,93]],[[1252,4083],[172,10]],[[1424,4093],[0,-90]],[[1424,4003],[-83,1],[-4,-132]],[[1337,3872],[-86,2]],[[1251,3874],[1,116]],[[3012,4998],[-37,-85]],[[2975,4913],[-8,-43]],[[2967,4870],[-99,0]],[[2868,4870],[37,32],[13,97]],[[4407,3651],[66,1]],[[4438,3572],[-86,-5]],[[4352,3567],[55,84]],[[2197,4218],[147,-137]],[[2347,3904],[-106,-1]],[[2241,3903],[-15,97],[-29,64],[0,100]],[[4527,3133],[169,47]],[[4696,3180],[-2,-197],[-56,-25],[-91,30]],[[4547,2988],[-20,145]],[[1750,3829],[63,9]],[[1813,3838],[61,-85]],[[1819,3735],[-47,-2]],[[1772,3733],[-22,96]],[[4010,4733],[175,-6]],[[4185,4727],[0,-178]],[[4185,4549],[-85,-1]],[[4552,4416],[-24,-39]],[[4528,4377],[24,39]],[[2136,2838],[2,1]],[[2138,2839],[58,-131],[23,-109]],[[2219,2599],[-63,69],[-53,28]],[[2103,2696],[-19,34],[52,108]],[[3761,1130],[80,-6]],[[3939,1119],[0,-17]],[[3939,1102],[-2,-71]],[[3937,1031],[-123,4],[-59,-13]],[[3755,1022],[-60,109]],[[3695,1131],[66,-1]],[[4308,665],[58,33]],[[4366,698],[53,-97]],[[4419,601],[27,-49]],[[4446,552],[-71,-40]],[[4375,512],[-48,83],[-19,70]],[[3789,2044],[11,-139]],[[3800,1905],[-56,1]],[[3612,1915],[89,177],[88,-48]],[[3089,2668],[90,48]],[[3179,2716],[52,-103]],[[3110,2585],[-21,83]],[[4211,1379],[6,-42]],[[4217,1337],[-40,0]],[[4177,1337],[2,42]],[[4879,2775],[32,0]],[[4911,2775],[-10,-62]],[[4865,2718],[-32,2]],[[2196,1642],[1,43]],[[2197,1750],[112,12]],[[2309,1762],[0,-128]],[[2196,1632],[0,10]],[[4720,2075],[87,-1]],[[4807,2074],[-1,-83]],[[4806,1991],[-86,-4]],[[4720,1987],[0,88]],[[2962,1602],[149,0]],[[3111,1602],[-1,-84]],[[3110,1518],[-148,2]],[[2962,1520],[0,82]],[[4102,178],[58,-1]],[[4160,177],[8,-26]],[[4168,151],[-26,-12],[50,-104]],[[4192,35],[-76,56],[-14,87]],[[3851,1209],[-87,2]],[[3764,1211],[1,117]],[[3382,3641],[100,14]],[[3482,3655],[126,-5]],[[3608,3650],[-19,-20]],[[3589,3630],[-75,-75]],[[3514,3555],[-20,43],[-91,11]],[[4413,4152],[0,-70]],[[4524,4008],[-24,-183]],[[4500,3825],[-150,5]],[[4350,3830],[-29,0]],[[4321,3830],[50,91],[16,92]],[[4377,2515],[32,-89]],[[4409,2426],[-25,0]],[[4579,4005],[121,0]],[[4700,4005],[-7,-85]],[[4693,3920],[-115,39],[1,46]],[[1506,2340],[19,-38]],[[1525,2302],[0,-36]],[[1525,2266],[-111,-29]],[[1414,2237],[-37,-3]],[[1377,2234],[38,67],[61,-3],[30,42]],[[2806,2149],[90,0],[22,51]],[[2943,2199],[4,-120]],[[2947,2079],[-59,-57]],[[2888,2022],[-82,23]],[[2806,2045],[0,104]],[[1634,2218],[37,-45],[58,-7],[84,50]],[[1813,2216],[101,18]],[[1914,2234],[11,-16]],[[1925,2218],[-131,-64],[-143,-98]],[[1651,2056],[-2,7]],[[1649,2063],[-16,87]],[[1633,2150],[1,68]],[[1525,2266],[26,0]],[[1551,2266],[84,-1]],[[1635,2265],[0,-23]],[[1635,2242],[-1,-24]],[[1634,2218],[-220,19]],[[2609,3503],[3,0]],[[2612,3503],[48,0]],[[2660,3503],[88,0]],[[2748,3503],[74,-1]],[[2822,3502],[-36,-92]],[[2786,3410],[-177,-1]],[[2609,3409],[0,94]],[[2076,2041],[-1,-81]],[[2075,1960],[-21,-43]],[[1994,2015],[1,118]],[[4868,1046],[9,33]],[[4877,1079],[134,77],[67,-118]],[[1377,1531],[-5,-39]],[[1372,1492],[-44,27]],[[1328,1519],[17,30]],[[1652,2833],[24,22]],[[1757,2816],[49,-30]],[[1806,2786],[32,-52]],[[1838,2734],[162,-127]],[[2000,2607],[-96,-13]],[[1904,2594],[-71,23],[-12,68],[-46,49],[-66,-17],[18,-76],[-48,-74]],[[1679,2567],[-29,-19]],[[4167,3124],[116,33],[108,9],[113,62],[88,4],[108,65]],[[4700,3297],[50,0]],[[4750,3297],[7,-30]],[[4758,3197],[-62,-17]],[[4527,3133],[-106,-30]],[[4421,3103],[-153,-41],[-149,8]],[[4119,3070],[48,54]],[[1867,57],[27,147]],[[1894,204],[28,156]],[[1922,360],[59,-2]],[[1981,358],[12,-168]],[[1993,190],[-14,-43],[-102,-90]],[[1877,57],[-10,0]],[[2703,5083],[49,22]],[[2752,5105],[135,74]],[[2887,5179],[-1,-77]],[[2791,5001],[-86,2]],[[2705,5003],[-2,80]],[[2080,111],[56,66],[67,40]],[[2203,217],[35,-62],[-103,-89]],[[2135,66],[-55,45]],[[4024,1463],[86,3],[-1,-86],[70,-1]],[[4177,1337],[-151,0]],[[4026,1337],[-2,126]],[[1656,3867],[80,7]],[[1736,3874],[14,-45]],[[1772,3733],[-62,1]],[[1710,3734],[-54,133]],[[4764,2248],[44,-1]],[[4767,2168],[-46,-18]],[[4721,2150],[0,98],[43,0]],[[4505,705],[78,-29]],[[4583,676],[121,17]],[[4704,693],[15,-40],[-104,-58]],[[4615,595],[-30,-18]],[[4585,577],[-17,32]],[[4568,609],[-40,63]],[[4528,672],[-23,33]],[[509,2538],[22,52],[80,17],[45,-41]],[[656,2566],[-58,-30]],[[598,2536],[-87,1]],[[511,2537],[-2,1]],[[2959,3087],[65,28]],[[3024,3115],[13,-45],[60,-34],[61,-78]],[[3158,2958],[-73,-37],[0,-50],[-74,7],[-61,-46]],[[2950,2832],[3,65]],[[1247,3658],[88,1]],[[1354,3465],[-96,0]],[[1258,3465],[-11,193]],[[4030,2343],[86,-4]],[[4116,2339],[0,-84],[-87,1]],[[4029,2256],[1,87]],[[4772,1115],[-1,-63]],[[4771,1052],[-102,15],[-37,-18]],[[4632,1049],[8,66]],[[4697,3558],[116,30],[87,-14]],[[4900,3574],[11,-90]],[[4697,3494],[0,64]],[[3322,3314],[74,0]],[[3396,3314],[0,-51]],[[3396,3263],[0,-45]],[[3396,3218],[-75,0]],[[3321,3218],[1,96]],[[4409,2426],[23,0]],[[4432,2426],[-48,0]],[[3036,4378],[61,-1]],[[3097,4377],[98,0]],[[3195,4377],[-5,-43],[-57,-87]],[[3133,4247],[-89,110]],[[3044,4357],[-8,21]],[[1806,1280],[-9,-17]],[[1797,1263],[-11,-41]],[[1786,1222],[-43,5]],[[1797,1263],[97,22]],[[1894,1285],[88,-2]],[[1982,1283],[-2,-76]],[[1980,1207],[-46,-2]],[[1934,1205],[-98,11]],[[1836,1216],[-50,6]],[[2928,4169],[26,201]],[[2954,4370],[4,64]],[[2958,4434],[40,0],[38,-56]],[[3044,4357],[2,-214]],[[1461,3869],[143,-2]],[[1604,3867],[1,-134]],[[1605,3733],[-112,37]],[[3703,2373],[4,38]],[[3707,2411],[95,5]],[[3802,2416],[-15,-94]],[[3787,2322],[-60,-65],[-5,-59]],[[3722,2198],[-27,-4]],[[3695,2194],[8,179]],[[1748,806],[50,-8]],[[1751,703],[-100,5]],[[1651,708],[0,53],[83,0],[14,45]],[[4704,693],[30,30]],[[4734,723],[6,4]],[[4740,727],[-4,-227]],[[4736,500],[-50,-32]],[[4686,468],[-71,127]],[[1511,1335],[72,71]],[[1583,1406],[97,-85]],[[1680,1321],[-127,-31]],[[1553,1290],[-42,45]],[[1312,1857],[81,58]],[[1393,1915],[0,-35]],[[1393,1880],[-34,-44]],[[3516,1499],[-39,-60]],[[3454,1399],[-123,16]],[[3331,1415],[0,26]],[[1890,2746],[72,53]],[[1962,2799],[43,-69]],[[2005,2730],[-62,-51],[-53,67]],[[3884,3362],[21,79]],[[3974,3472],[2,-90]],[[3976,3382],[-1,-75]],[[3975,3307],[-53,4]],[[3922,3311],[-38,1]],[[1654,1974],[70,23]],[[1724,1997],[9,-150]],[[1733,1847],[-112,30]],[[1621,1877],[33,97]],[[275,3799],[9,51],[67,71]],[[351,3921],[60,-15]],[[411,3906],[-36,-65],[-7,-82],[-53,-9]],[[315,3750],[-24,10]],[[291,3760],[-16,39]],[[1510,3658],[44,-138]],[[1554,3520],[-37,-89],[-112,133]],[[4549,2163],[85,-29]],[[4634,2134],[3,-59]],[[4637,2075],[-5,0]],[[4632,2075],[-84,1]],[[4026,1656],[1,73]],[[4027,1729],[107,0]],[[4134,1729],[0,-30]],[[4134,1699],[2,-58]],[[4136,1641],[-110,2]],[[4026,1643],[0,13]],[[4208,3743],[69,0]],[[4277,3743],[0,-90]],[[4277,3653],[-19,0]],[[4258,3653],[-55,1]],[[4203,3654],[5,89]],[[3777,3614],[44,16]],[[3821,3630],[23,-30],[-1,-96]],[[3843,3504],[-103,1]],[[3740,3505],[0,95],[37,14]],[[2590,5034],[113,49]],[[2705,5003],[-2,-120]],[[2703,4883],[-126,-36]],[[2577,4847],[-9,112],[22,75]],[[2454,3903],[24,-83]],[[2478,3820],[-33,-58]],[[2445,3762],[-25,-2]],[[2420,3760],[-26,93],[21,50]],[[4698,3652],[99,-2]],[[4797,3650],[0,-33],[-100,-24]],[[4697,3593],[1,59]],[[1176,1544],[-10,-30]],[[1166,1514],[-172,-6]],[[994,1508],[95,69],[87,-33]],[[1714,1037],[-46,-81]],[[1668,956],[-33,0]],[[1635,956],[-26,69]],[[1609,1025],[57,27],[48,-15]],[[4124,811],[37,131]],[[4161,942],[123,-2]],[[4284,940],[0,-85],[68,-59]],[[4352,796],[-6,-59]],[[4346,737],[-27,49],[-55,-29]],[[4264,757],[-94,0]],[[4170,757],[-71,2]],[[4099,759],[25,52]],[[844,2223],[49,11]],[[937,2177],[1,-69]],[[938,2108],[-6,1]],[[854,2115],[-12,56]],[[4450,938],[64,4]],[[4514,942],[23,-43]],[[4537,899],[-3,-58]],[[4534,841],[-84,18]],[[4450,859],[0,79]],[[2301,1145],[0,116]],[[2301,1261],[83,-1]],[[2384,1260],[0,-309]],[[2384,951],[-85,1]],[[2299,952],[1,90]],[[2870,3758],[7,0]],[[2877,3758],[-1,-91]],[[2876,3667],[-22,-27],[-19,-110]],[[2835,3530],[-55,139],[46,91]],[[4287,2787],[70,27]],[[4357,2814],[-26,-108]],[[4331,2706],[-38,0]],[[2309,1862],[76,-39]],[[2385,1823],[-27,-101],[4,-87]],[[2362,1635],[-53,-1]],[[2309,1762],[0,44]],[[2309,1806],[0,56]],[[4366,1157],[134,1]],[[4500,1158],[0,-70]],[[4500,1088],[-131,33]],[[4369,1121],[-3,36]],[[1605,3733],[105,1]],[[1710,3734],[38,-128]],[[1748,3606],[-7,0]],[[1741,3606],[-93,0]],[[1648,3606],[-21,38]],[[1627,3644],[-22,89]],[[4284,940],[83,0]],[[4367,940],[-1,-90]],[[4366,850],[-14,-54]],[[5084,1719],[78,0]],[[5162,1719],[-2,-88]],[[5160,1631],[-79,-1]],[[5081,1630],[0,1]],[[4258,3653],[-4,-86]],[[4186,3567],[17,87]],[[1965,796],[3,89]],[[2028,905],[92,43]],[[2120,948],[58,4]],[[2178,952],[23,-165]],[[1894,4350],[6,176]],[[1938,4525],[88,-99]],[[2027,4165],[23,-45]],[[2050,4120],[-161,48]],[[1889,4168],[5,182]],[[2785,3281],[1,129]],[[2786,3410],[87,-23]],[[2873,3387],[-1,-115]],[[2872,3272],[0,-19]],[[4805,1921],[1,47]],[[4806,1968],[0,2]],[[4806,1970],[88,3]],[[4894,1896],[-11,0]],[[4805,1896],[0,25]],[[4720,1944],[36,10]],[[4756,1954],[49,-33]],[[4805,1896],[-86,1]],[[2198,4408],[98,-1]],[[2296,4407],[48,0]],[[2344,4407],[0,-116]],[[2344,4291],[-54,-9]],[[2290,4282],[-92,84]],[[2198,4366],[0,42]],[[978,1809],[35,79]],[[1013,1888],[3,6]],[[1016,1894],[31,-8]],[[1047,1886],[3,-107]],[[1050,1779],[-60,-85],[-49,-27]],[[941,1667],[-4,46],[41,96]],[[818,2116],[36,-1]],[[864,2019],[-29,7]],[[835,2026],[-113,17]],[[722,2043],[-15,75]],[[1216,748],[41,72],[129,-16]],[[1386,804],[-1,-196],[-38,-62]],[[1347,546],[-1,70],[-128,1],[-2,131]],[[2289,2137],[5,83]],[[2294,2220],[64,-11]],[[2358,2209],[0,-177]],[[2310,2032],[-38,-1]],[[2272,2031],[17,106]],[[2242,2548],[48,-36]],[[2290,2512],[10,-147]],[[2256,2367],[-84,148]],[[2172,2515],[70,33]],[[1551,2266],[177,88]],[[1728,2354],[-1,-54]],[[1727,2300],[0,-2]],[[1727,2298],[-91,1],[-1,-34]],[[1433,3221],[39,21]],[[1472,3242],[98,54]],[[1660,3347],[19,-92],[38,-27]],[[1717,3228],[29,-20]],[[1746,3208],[-10,-52],[-77,-82]],[[1659,3074],[-31,31]],[[1628,3105],[-196,69]],[[1432,3174],[1,47]],[[3854,1522],[172,-7]],[[4026,1515],[-2,-52]],[[4026,1337],[-7,0]],[[4017,3498],[86,-26]],[[4103,3472],[-6,-74]],[[4097,3398],[-121,-16]],[[4029,2597],[176,8]],[[4292,2604],[-1,-59]],[[4206,2545],[-175,3]],[[4031,2548],[-8,0]],[[4023,2548],[6,49]],[[2198,1938],[0,43]],[[2198,1981],[74,-2],[0,52]],[[2309,1980],[0,-85]],[[2309,1895],[0,-33]],[[2309,1806],[-112,1]],[[2197,1807],[1,131]],[[2791,4371],[53,-1]],[[2844,4370],[25,-33],[-18,-105],[-60,-40]],[[2791,4192],[0,64]],[[2791,4256],[0,115]],[[1916,1638],[67,-1]],[[1983,1637],[31,0]],[[2014,1637],[-31,-88],[-69,-1]],[[1648,1113],[37,-9]],[[1685,1104],[67,31]],[[1752,1135],[12,-22]],[[1609,1025],[-46,47]],[[1563,1072],[53,-1],[32,42]],[[3129,3398],[1,116]],[[3301,3453],[60,-28]],[[3361,3425],[-80,-73]],[[3281,3352],[-9,-8]],[[3272,3344],[-15,30],[-128,24]],[[1491,1397],[59,-12],[58,56]],[[1613,1436],[-30,-30]],[[1511,1335],[-20,22]],[[1491,1357],[-5,18]],[[1486,1375],[5,22]],[[4446,552],[122,57]],[[4585,577],[-130,-76]],[[4455,501],[-9,51]],[[4699,3408],[2,-42]],[[4701,3366],[-95,0]],[[4606,3366],[6,66]],[[2582,2969],[27,0]],[[2785,2966],[-1,-16]],[[2784,2950],[-164,-142]],[[2620,2808],[-11,-9]],[[2609,2799],[-29,85]],[[2580,2884],[2,85]],[[2720,2150],[86,-1]],[[2806,2045],[-90,-4]],[[4755,2331],[142,3]],[[4897,2334],[1,-80]],[[4898,2254],[-57,-7]],[[4764,2248],[-9,83]],[[3007,4019],[11,-100]],[[2894,3920],[10,78]],[[1727,2300],[85,2]],[[1812,2302],[1,-65]],[[1813,2237],[-87,4]],[[1726,2241],[1,57]],[[4525,4153],[11,-54],[164,-1],[0,-93]],[[4579,4005],[-9,0]],[[4570,4005],[-46,3]],[[4524,4090],[1,63]],[[4738,500],[39,4]],[[4777,504],[86,21],[26,-48],[-136,-79]],[[4753,398],[-35,23]],[[4718,421],[20,79]],[[2675,3965],[43,0],[14,-76]],[[2732,3889],[-24,-51]],[[2708,3838],[-9,1]],[[2699,3839],[14,50]],[[2713,3889],[-38,76]],[[2257,3070],[26,-67],[-27,-33]],[[2256,2970],[-112,0]],[[2144,2970],[-4,41]],[[1704,1527],[74,78]],[[1778,1605],[51,-63]],[[1829,1542],[24,-76]],[[1853,1466],[-60,17]],[[1793,1483],[-93,40]],[[1700,1523],[4,4]],[[430,2415],[41,65]],[[471,2480],[37,-29],[90,5]],[[598,2456],[75,-156]],[[673,2300],[-26,-19],[-175,7],[1,32]],[[473,2320],[-43,95]],[[4721,2140],[0,10]],[[4807,2161],[0,-87]],[[4720,2075],[1,65]],[[982,1927],[0,92]],[[1099,2087],[17,-2]],[[1116,2085],[9,-150]],[[1125,1935],[-73,40],[-36,-81]],[[1013,1888],[-31,39]],[[907,2426],[85,8]],[[992,2434],[0,-109]],[[992,2325],[-86,-9],[0,57]],[[2378,3729],[27,-38],[73,4]],[[2478,3695],[34,-91]],[[2512,3604],[-123,3]],[[2389,3607],[-11,122]],[[4572,5255],[115,0],[179,-213]],[[4866,5042],[-59,-54],[-17,-203]],[[4790,4785],[-56,10],[-77,94],[-42,4]],[[4615,4893],[2,93]],[[4617,4986],[-10,123]],[[4607,5109],[-35,146]],[[4911,3297],[54,0]],[[4965,3297],[3,-32]],[[4968,3265],[-43,-13]],[[4925,3252],[-14,45]],[[3511,4475],[45,13]],[[3556,4488],[97,-30]],[[3653,4458],[-18,-96],[-40,-62]],[[1923,2907],[-1,-86]],[[1922,2821],[-47,0]],[[1875,2821],[1,86]],[[3395,3136],[1,82]],[[3396,3263],[61,-34]],[[3405,3084],[-8,-4]],[[3397,3080],[-3,-2]],[[3394,3078],[1,58]],[[3514,3555],[-17,-15]],[[3789,2044],[42,-27]],[[3831,2017],[24,-112]],[[3855,1905],[-55,0]],[[4594,1553],[-53,1]],[[4529,1554],[-11,82],[52,0]],[[2930,3456],[58,57]],[[3129,3398],[-127,-16]],[[3002,3382],[-23,4]],[[2979,3386],[-49,70]],[[5064,2246],[17,-88]],[[5081,2158],[-15,-7]],[[4957,2166],[0,81],[107,-1]],[[4575,4893],[2,85],[40,8]],[[1922,360],[17,101]],[[1939,461],[103,-24],[51,-48],[-28,-33]],[[2065,356],[-84,2]],[[3195,4377],[65,-2],[2,-50],[90,-2]],[[3352,4323],[22,1]],[[3376,4236],[-187,0],[-57,-15]],[[3132,4221],[1,26]],[[4716,1721],[86,-1]],[[4802,1720],[-5,-40]],[[4797,1680],[-80,-14]],[[4717,1666],[-1,55]],[[2954,2523],[53,-51]],[[2978,2472],[-24,51]],[[3908,787],[138,-200]],[[4046,587],[-18,-29]],[[4028,558],[-46,-39],[-83,-12]],[[3698,715],[116,69],[94,3]],[[3279,2545],[98,0]],[[3377,2545],[-25,-62]],[[3352,2483],[-57,-105]],[[3295,2378],[-38,0]],[[3257,2378],[3,169]],[[4446,1920],[100,-1]],[[4546,1919],[0,-21]],[[4546,1898],[-111,1]],[[1525,2302],[75,55],[100,-1]],[[2822,3502],[54,0]],[[2876,3502],[0,-35]],[[2876,3467],[-3,-80]],[[4454,2426],[95,-3]],[[4549,2423],[0,-46]],[[4453,2339],[1,87]],[[1660,3347],[58,36]],[[1718,3383],[-1,-155]],[[3067,2373],[0,-56]],[[3067,2317],[-87,0]],[[2602,3854],[9,48]],[[2611,3902],[102,-13]],[[2699,3839],[-36,-77]],[[2663,3762],[-46,0]],[[2617,3762],[-2,0]],[[2615,3762],[-13,92]],[[1999,3181],[0,16]],[[1999,3197],[119,-1]],[[2118,3196],[0,-43]],[[2126,3086],[-128,-2]],[[1998,3084],[1,97]],[[5155,5110],[-8,-91],[-52,-63]],[[5095,4956],[-41,4],[12,90],[35,50],[54,10]],[[2975,4913],[262,-2]],[[3237,4911],[33,-89]],[[2967,4735],[0,135]],[[4806,1991],[0,-21]],[[4806,1968],[-50,-14]],[[3110,1486],[-11,-77]],[[3056,1433],[54,53]],[[2512,3604],[105,23]],[[2617,3627],[0,-24]],[[2617,3603],[-5,-100]],[[2609,3503],[-235,-7]],[[2374,3496],[-34,8]],[[2340,3504],[49,39],[0,64]],[[4825,3845],[11,-49]],[[4785,3804],[1,69]],[[2618,3948],[0,18]],[[2618,3966],[57,-1]],[[2611,3902],[7,46]],[[1501,1087],[51,23]],[[1552,1110],[11,-38]],[[1609,1025],[-44,-25]],[[1565,1000],[-48,10]],[[766,2719],[98,-21]],[[864,2698],[-24,-78]],[[840,2620],[-21,0]],[[819,2620],[-66,1]],[[753,2621],[13,98]],[[1908,1846],[0,52]],[[1949,1800],[-40,-46]],[[4965,3297],[28,-1]],[[4993,3296],[-1,-35]],[[4992,3261],[-24,4]],[[2111,1807],[86,0]],[[2197,1807],[0,-57]],[[1236,2151],[18,85]],[[1254,2236],[15,1]],[[1311,2145],[-48,-23]],[[1263,2122],[-27,-14]],[[1236,2108],[0,43]],[[1366,2437],[104,-55]],[[1470,2382],[36,-42]],[[1301,2237],[-37,68]],[[1264,2305],[-16,106],[118,26]],[[1832,2536],[56,0]],[[1861,2494],[-29,42]],[[2621,4452],[43,16]],[[2664,4468],[66,2],[61,-79]],[[2791,4391],[0,-20]],[[2791,4371],[-67,-16]],[[3143,2123],[122,-3]],[[3265,2120],[-1,-50]],[[3761,1130],[3,81]],[[2196,1642],[-44,-3]],[[2110,1639],[0,42]],[[3273,1351],[177,-26]],[[3449,1315],[-16,-107]],[[3433,1208],[-79,0],[-42,-36]],[[3312,1172],[-8,9]],[[1434,2621],[135,-28],[26,-48]],[[1602,2534],[-54,-81],[-44,7]],[[4620,3740],[79,-1]],[[4699,3739],[-1,-87]],[[4698,3652],[-82,-1]],[[3657,3498],[83,7]],[[3843,3504],[15,0]],[[3841,3437],[-88,0]],[[3656,3436],[1,62]],[[2784,2950],[0,-158]],[[2784,2792],[-143,-10],[-21,26]],[[4289,2280],[163,-8]],[[4549,2268],[0,-17]],[[4549,2251],[-173,3],[0,-61]],[[4376,2193],[-91,1],[1,61]],[[4179,1204],[59,-2]],[[4238,1202],[39,-35]],[[4277,1167],[-31,-8]],[[4246,1159],[-59,1]],[[4187,1160],[-8,44]],[[3054,3843],[1,-87]],[[3022,3757],[-44,0]],[[2978,3757],[-1,87]],[[2144,2970],[-122,0]],[[2022,2970],[-24,114]],[[3851,4287],[29,85]],[[3880,4372],[289,-9]],[[4095,4236],[-119,1],[-82,-31]],[[3894,4206],[-44,27],[1,54]],[[1151,1817],[68,23]],[[1219,1840],[25,-31]],[[1231,1673],[14,-37]],[[1245,1636],[-80,0],[-14,181]],[[3399,4017],[85,22]],[[3484,4039],[-51,-208]],[[3433,3831],[-35,-25]],[[3560,2617],[-16,-73]],[[3544,2544],[-167,1]],[[3377,2545],[12,78]],[[1741,3606],[32,-32]],[[1676,3556],[-28,50]],[[2663,3762],[38,-1]],[[2701,3761],[10,0]],[[2711,3761],[-4,-48],[45,-41],[-10,-46]],[[2742,3626],[-125,47]],[[2617,3673],[0,89]],[[4084,2431],[33,-2]],[[4030,2343],[-21,62]],[[4637,2075],[83,0]],[[4629,1989],[3,86]],[[5117,1295],[-24,-54],[-82,35]],[[5011,1276],[-62,85]],[[4949,1361],[-48,0]],[[2028,972],[1,66]],[[2055,1029],[65,-81]],[[2888,2022],[0,-31]],[[2888,1991],[-172,5]],[[2716,1996],[0,45]],[[4606,3366],[0,-68]],[[4606,3298],[-80,0]],[[4526,3298],[0,75]],[[3537,3242],[117,-23]],[[3138,3931],[1,77]],[[1580,1593],[59,-34]],[[1609,1467],[-54,-1],[3,89]],[[2994,2078],[23,0]],[[3138,1927],[-51,6]],[[3087,1933],[-55,31]],[[3032,1964],[1,79],[-39,35]],[[1982,1283],[3,76]],[[1985,1359],[42,0]],[[2028,1206],[-48,1]],[[4641,1217],[-1,-13]],[[4640,1115],[-78,3],[-62,40]],[[4500,1158],[0,55]],[[4898,2254],[0,-71]],[[839,2282],[5,-44]],[[778,2239],[-28,43]],[[1989,1038],[38,0]],[[5083,1896],[81,1]],[[5164,1897],[-2,-178]],[[5084,1719],[-1,177]],[[4831,3650],[-34,0]],[[4797,3650],[-12,49]],[[4785,3699],[0,39]],[[4028,558],[-29,-115],[61,-47],[83,47],[-61,91]],[[4082,534],[117,-140]],[[4199,394],[-12,-77],[-49,21],[-57,-37]],[[3143,2188],[10,11]],[[3153,2199],[112,20],[0,-99]],[[2983,3202],[68,-2],[1,51]],[[3052,3251],[81,-34]],[[3133,3217],[-87,-77]],[[3046,3140],[-97,0],[-10,46]],[[2939,3186],[44,16]],[[4552,2615],[74,-13]],[[4626,2602],[44,-13]],[[4670,2589],[0,-42]],[[4552,2545],[0,70]],[[3131,3592],[0,42]],[[3131,3634],[116,0]],[[2956,2079],[38,-1]],[[3032,1964],[1,-61],[-52,0]],[[2956,1903],[0,176]],[[1382,975],[55,25]],[[1565,1000],[-11,-43]],[[1554,957],[-26,0]],[[1528,957],[-145,14]],[[1383,971],[-1,4]],[[4011,4967],[95,-49],[132,-119],[117,-43]],[[4355,4756],[6,-32]],[[4361,4724],[-176,3]],[[4529,4727],[112,0]],[[4641,4727],[93,0]],[[4734,4727],[6,-90]],[[4576,4610],[-64,109]],[[4512,4719],[17,8]],[[4634,2134],[18,5]],[[4652,2139],[41,1]],[[4693,2140],[28,0]],[[972,2228],[30,5]],[[1000,2100],[-62,8]],[[3856,3437],[0,-75]],[[4524,3560],[0,-80]],[[4524,3480],[-79,1]],[[4445,3481],[-120,0]],[[4325,3481],[-12,31]],[[3179,2716],[89,33]],[[3268,2749],[14,-95]],[[3282,2654],[-51,-41]],[[4526,3373],[-81,-34]],[[4445,3339],[0,142]],[[665,1507],[74,49],[95,34],[31,58]],[[865,1648],[12,7]],[[877,1655],[38,-18]],[[831,1524],[-35,-47]],[[2608,3213],[1,196]],[[2608,3208],[0,5]],[[2196,1569],[-51,0]],[[1393,1880],[92,19],[129,-37]],[[1614,1862],[-14,-85]],[[1600,1777],[-28,-50]],[[1572,1727],[-54,-14],[-21,-73]],[[1497,1640],[-111,55]],[[1386,1695],[7,185]],[[1894,4350],[-16,0]],[[1878,4350],[-25,88],[-88,89]],[[4097,3398],[-49,-56],[-2,-47]],[[4046,3295],[-59,6]],[[3987,3301],[-12,6]],[[1726,2241],[-91,1]],[[4734,4727],[56,0]],[[4877,4731],[61,52]],[[4938,4783],[3,-158],[-26,-5]],[[4549,2251],[0,-88]],[[4457,2165],[-81,-14]],[[4376,2151],[0,42]],[[4549,2377],[144,-8]],[[4693,2369],[-7,-74]],[[4686,2295],[-68,-29]],[[4618,2266],[-69,2]],[[3653,4458],[98,47]],[[3751,4505],[8,-96],[78,7],[43,-44]],[[3851,4287],[-194,-8]],[[3657,4279],[-74,2]],[[3745,1611],[-159,-10]],[[1787,2537],[45,-1]],[[1899,2440],[-86,-43]],[[1814,2442],[-27,95]],[[4246,1159],[-35,-115]],[[4211,1044],[-46,-11]],[[4165,1033],[22,127]],[[2184,3879],[57,24]],[[2347,3904],[22,-123]],[[2369,3781],[-185,74]],[[2184,3855],[0,24]],[[2050,2295],[48,29]],[[2098,2324],[40,25]],[[2198,2222],[-61,0]],[[2137,2222],[0,65],[-88,-24]],[[1528,957],[-1,-91]],[[1541,816],[-91,-12]],[[1450,804],[-64,0]],[[1386,804],[-3,167]],[[1857,3086],[-17,-99]],[[3875,3312],[-1,-89]],[[3823,3225],[20,87]],[[1914,1492],[39,-55]],[[1953,1437],[-100,29]],[[1829,1542],[37,7]],[[3081,2373],[93,5]],[[3174,2378],[-1,-95]],[[3173,2283],[-106,34]],[[1050,1779],[100,38]],[[1150,1817],[1,0]],[[1245,1636],[15,-18]],[[1260,1618],[-84,-74]],[[994,1508],[-10,-6]],[[915,1637],[26,30]],[[2667,667],[8,-1]],[[2675,666],[-2,-76],[-83,-1]],[[2590,589],[-162,1],[0,61]],[[2428,651],[0,17],[239,-1]],[[4875,2843],[22,6]],[[4897,2849],[32,2]],[[4929,2851],[-18,-76]],[[598,2456],[116,-11]],[[697,2282],[-23,-3]],[[674,2279],[-1,21]],[[3168,3250],[71,65]],[[3239,3315],[33,29]],[[3281,3352],[41,-38]],[[3321,3218],[-86,-34]],[[3235,3184],[-44,3],[-23,63]],[[3531,1945],[81,-30]],[[3616,1850],[1,-15]],[[3617,1835],[-89,0]],[[3528,1835],[3,110]],[[2500,2884],[80,0]],[[2609,2799],[-109,0]],[[2500,2799],[0,85]],[[1984,2862],[-25,-41]],[[1959,2821],[-37,0]],[[2362,1635],[36,-119]],[[2398,1516],[56,-59]],[[2454,1457],[-55,-7]],[[2399,1450],[-90,-26]],[[2309,1424],[3,116]],[[4202,2079],[86,0]],[[4202,2008],[0,71]],[[4500,1088],[-2,-60]],[[4498,1028],[-129,1]],[[4369,1029],[0,92]],[[3202,1921],[-58,-127]],[[3144,1794],[-60,8]],[[3084,1802],[3,131]],[[2050,4120],[36,-80]],[[2086,4040],[-70,-3]],[[2016,4037],[-131,0]],[[1885,4037],[4,131]],[[4075,3832],[35,0]],[[4110,3832],[98,-1]],[[4208,3831],[0,-88]],[[4208,3743],[-120,0]],[[4088,3743],[-13,89]],[[3433,3831],[140,98]],[[3573,3929],[24,-76],[-57,-15],[-17,-67]],[[3523,3771],[-36,-1]],[[3487,3770],[-59,5],[-29,-55]],[[3399,3720],[-1,50]],[[2801,1730],[-1,-157]],[[2800,1573],[-86,48]],[[2714,1621],[-1,109]],[[3617,1835],[0,-99]],[[3617,1736],[-89,1]],[[3528,1737],[0,98]],[[3921,3765],[123,0]],[[4044,3765],[0,-107]],[[4044,3658],[-32,14]],[[3953,3673],[-32,-8]],[[3921,3665],[0,100]],[[2703,4805],[0,78]],[[2703,4883],[117,18]],[[2820,4901],[48,-31]],[[2868,4870],[-14,-40]],[[2854,4830],[-54,-88]],[[2800,4742],[-58,57],[-39,2]],[[2703,4801],[0,4]],[[4700,4005],[63,0]],[[4763,4005],[24,-43]],[[4786,3873],[-95,-8]],[[4691,3865],[2,55]],[[470,2176],[204,103]],[[697,2282],[0,-58]],[[707,2118],[-152,1],[-129,-46],[-109,-3]],[[317,2070],[31,39],[122,67]],[[3629,1175],[41,1]],[[3670,1176],[25,-45]],[[3755,1022],[-165,-4]],[[3590,1018],[37,18],[2,139]],[[1493,2460],[-23,-78]],[[1366,2437],[-5,23]],[[4145,5321],[296,-2]],[[4441,5319],[-1,-54]],[[4440,5265],[-48,-64],[-37,-121],[-108,-20]],[[4247,5060],[-66,22]],[[4181,5082],[1,108],[-35,9],[-2,122]],[[1635,956],[-81,1]],[[2290,4282],[-92,16]],[[2198,4298],[0,68]],[[1808,1376],[86,0]],[[1894,1376],[0,-91]],[[1236,2108],[-68,-27]],[[1168,2081],[-4,99],[72,-29]],[[1125,1935],[39,-37]],[[1164,1898],[55,-58]],[[1150,1817],[-32,70]],[[1118,1887],[7,48]],[[4797,1680],[0,-44],[-81,-1]],[[4716,1635],[1,31]],[[4530,4804],[-1,-77]],[[4512,4719],[-70,36]],[[4442,4755],[32,51]],[[2448,4703],[254,-2]],[[2701,4611],[-80,1]],[[2621,4612],[-54,1]],[[2567,4613],[-124,10]],[[2443,4623],[5,80]],[[2174,1042],[39,0]],[[2299,952],[0,-165]],[[2178,952],[-4,90]],[[1659,3074],[30,-30]],[[1688,2945],[-93,95]],[[1595,3040],[33,65]],[[2534,1900],[71,-44],[49,2]],[[2654,1858],[60,-71]],[[2714,1621],[-113,62]],[[2601,1683],[-52,82],[-15,135]],[[4548,239],[57,-3]],[[4605,236],[-57,3]],[[4964,3374],[29,-78]],[[4993,3296],[-29,78]],[[3445,2478],[88,3]],[[3531,2374],[-59,2]],[[3472,2376],[-32,53]],[[3227,4141],[151,8]],[[3378,4149],[21,-4],[0,-128]],[[1813,2237],[0,-21]],[[3589,3630],[0,-85]],[[3589,3545],[-36,-61],[-56,56]],[[4274,3830],[47,0]],[[4350,3830],[0,-88]],[[4350,3742],[-73,1]],[[4277,3743],[-3,87]],[[2183,3765],[60,0]],[[2269,3733],[-1,-44]],[[2268,3689],[-59,29]],[[2209,3718],[-26,47]],[[3257,2378],[-75,0]],[[3182,2378],[5,104],[-65,65]],[[3122,2547],[-1,7]],[[2947,2079],[9,0]],[[2888,1904],[0,87]],[[2694,992],[122,-8]],[[2816,984],[0,-80],[-108,1]],[[2708,905],[-14,87]],[[4992,3261],[-61,-20]],[[4931,3241],[-6,11]],[[4553,2670],[-1,-14]],[[4552,2656],[0,-41]],[[4552,2545],[-48,0]],[[4504,2545],[-32,75]],[[4472,2620],[59,50]],[[1047,1886],[71,1]],[[2978,3757],[-101,1]],[[4038,3517],[12,10]],[[4050,3527],[39,34]],[[4089,3561],[14,-89]],[[2110,1639],[-96,-2]],[[2014,1637],[45,108]],[[2285,4609],[0,-106]],[[2285,4503],[-86,20]],[[2199,4523],[5,87],[81,-1]],[[2046,2437],[52,1]],[[2098,2438],[0,-114]],[[1914,2234],[132,203]],[[2800,1573],[-14,-90],[84,-35],[10,-90]],[[2880,1358],[-63,0]],[[2817,1358],[-49,95],[-7,106],[-46,2]],[[2653,1628],[-11,12]],[[2642,1640],[-41,43]],[[2300,2365],[131,-27],[55,13],[-3,57]],[[2483,2408],[86,9]],[[2569,2417],[-11,-44]],[[2558,2373],[-4,-22]],[[2582,2257],[-122,24],[-205,-1]],[[4718,1832],[44,-66],[41,-1]],[[4026,1515],[145,10]],[[3508,4171],[152,-133]],[[3660,4038],[0,-2]],[[3660,4036],[-1,-46]],[[3659,3990],[-86,-61]],[[3573,3929],[-1,110],[-88,0]],[[3484,4039],[4,101],[20,31]],[[2089,4015],[76,34],[-8,115]],[[2184,3879],[-95,2]],[[2089,3881],[0,134]],[[4369,1029],[-64,0],[-3,71],[67,21]],[[2450,3060],[160,-2]],[[2582,2969],[-87,0]],[[2495,2969],[-65,1]],[[2430,2970],[20,90]],[[4693,2369],[21,86]],[[4714,2455],[130,0],[45,62]],[[4889,2517],[8,-183]],[[4755,2331],[-69,-36]],[[1030,1246],[89,13],[43,57],[57,-24]],[[1219,1292],[-7,-66]],[[1212,1226],[15,-54]],[[1227,1172],[-185,8]],[[1042,1180],[-12,66]],[[3253,1691],[28,30],[94,26],[39,60],[16,175]],[[3430,1982],[62,2]],[[3492,1984],[4,-11]],[[3496,1973],[-12,-55],[29,-60],[-106,-140],[-57,-58]],[[3335,1578],[-47,-8],[-3,-118]],[[3203,1438],[-23,43],[44,72],[29,138]],[[3624,3665],[34,34]],[[3658,3699],[83,82]],[[3741,3781],[80,-151]],[[3777,3614],[0,50],[-153,1]],[[2977,905],[110,95],[5,122],[-58,59],[68,100]],[[3102,1281],[60,60]],[[3312,1172],[199,-226]],[[3511,946],[-10,-66],[-192,1],[-1,-177]],[[3308,704],[-115,5]],[[3193,709],[-19,33],[-184,3],[-13,160]],[[4370,1284],[1,55]],[[4371,1339],[0,31]],[[4465,1343],[-13,-27]],[[4444,1261],[-74,1]],[[4370,1262],[0,22]],[[3922,3311],[5,-110]],[[2344,4291],[0,-79]],[[2197,4218],[1,80]],[[4271,4013],[11,-67],[-74,-115]],[[4110,3832],[-1,94],[-40,5],[1,78]],[[1857,3086],[94,-1]],[[1951,3085],[24,-114]],[[1377,2179],[4,-154]],[[1344,1950],[-47,20]],[[1297,1970],[-34,152]],[[1168,748],[48,0]],[[1347,546],[1,-78],[188,-5],[4,113],[88,0]],[[1628,576],[0,-180],[87,-27]],[[1715,369],[-12,-144]],[[1703,225],[-53,-3]],[[1650,222],[-267,-5],[-66,13],[-170,-15],[-101,35],[-157,1]],[[889,251],[31,41],[248,456]],[[1166,1514],[0,-17]],[[1166,1497],[-43,-73],[-117,-105],[24,-73]],[[1030,1246],[-132,58],[-23,65],[82,23],[27,57]],[[2105,1569],[-43,0],[1,-100]],[[2063,1469],[-73,-41]],[[1990,1428],[-3,1]],[[1987,1429],[-34,8]],[[4895,2592],[84,6]],[[4979,2598],[90,0],[0,-35],[104,-25]],[[5173,2538],[-3,-244]],[[5170,2294],[-106,-16]],[[5064,2278],[-166,-24]],[[4889,2517],[0,26]],[[4419,601],[64,14],[45,57]],[[648,1362],[-83,-61],[-92,-114]],[[473,1187],[1,313],[57,13]],[[840,2620],[67,-7]],[[907,2613],[19,0]],[[852,2523],[-33,97]],[[2800,4742],[-9,-42]],[[2702,4701],[1,100]],[[1512,1476],[-21,-79]],[[1491,1397],[21,79]],[[5011,1276],[-8,-30]],[[5003,1246],[-58,-20],[4,135]],[[1853,1466],[41,-90]],[[1808,1376],[-15,107]],[[530,4187],[34,39],[6,73]],[[570,4299],[56,37],[153,57],[58,-10]],[[837,4383],[27,-103],[70,-63],[97,-10],[48,-52],[78,-7]],[[1157,4148],[-66,-36],[-73,6],[-62,-104]],[[956,4014],[-166,40],[-146,-54],[-82,-7],[-88,-58]],[[474,3935],[2,116],[54,136]],[[2372,3761],[48,-1]],[[2445,3762],[170,0]],[[2617,3673],[0,-1]],[[2617,3672],[-139,23]],[[2378,3729],[-6,32]],[[4903,1860],[31,36]],[[4990,1896],[59,0]],[[5049,1896],[34,0]],[[4971,1721],[-32,0]],[[4907,1721],[-1,0]],[[4906,1721],[-3,139]],[[3451,1392],[-120,23]],[[4549,2423],[2,28]],[[4670,2547],[95,-3]],[[4765,2544],[-51,-89]],[[3487,4646],[138,14],[36,25]],[[3661,4685],[-8,-227]],[[3556,4488],[-88,51]],[[1199,5345],[163,-4]],[[1362,5341],[108,-279]],[[1329,5050],[-24,0]],[[1305,5050],[-8,45],[-98,250]],[[3862,3651],[59,14]],[[3921,3665],[5,-155]],[[3821,3630],[41,21]],[[3891,3929],[30,-78]],[[3921,3851],[0,-86]],[[3862,3651],[0,124],[-60,66]],[[3802,3841],[23,22]],[[2617,3672],[0,-45]],[[411,3906],[56,23]],[[467,3929],[158,-112],[188,-17],[24,-21]],[[837,3779],[-113,-67],[21,-82],[68,-70],[69,-45],[13,-94],[51,-47],[96,0],[45,-53]],[[1087,3321],[-25,-55]],[[1062,3266],[-44,32],[-43,-43],[-107,-54],[-62,45]],[[806,3246],[10,44],[-108,56]],[[708,3346],[-251,289],[-142,115]],[[5160,1631],[-1,-98]],[[5159,1533],[-79,4]],[[5080,1537],[1,93]],[[5081,2158],[26,-15]],[[5166,2071],[-2,-174]],[[5049,1896],[0,176]],[[4371,1561],[111,-6]],[[1794,5336],[442,-2]],[[2207,5298],[-174,-169]],[[2033,5129],[-41,-53]],[[1696,5064],[-3,168]],[[1778,1605],[34,39]],[[1812,1644],[54,-6]],[[2619,4159],[78,-17]],[[2738,4144],[54,24]],[[2792,4168],[-6,-64]],[[2786,4104],[-47,-6],[-28,-56]],[[2711,4042],[-32,60],[-59,44]],[[2620,4146],[-1,13]],[[2617,3603],[82,-29],[-39,-71]],[[1888,367],[34,-7]],[[1894,204],[-119,28]],[[1775,232],[-5,82],[101,7],[17,46]],[[3657,4279],[3,-136]],[[3660,4143],[0,-41]],[[3660,4102],[0,-64]],[[4246,4549],[97,-1],[19,70],[-1,106]],[[4355,4756],[87,-1]],[[4740,4497],[0,-45],[-76,1],[-124,132],[-75,-48],[45,-51]],[[4510,4486],[-21,-11]],[[4362,4460],[-15,0]],[[4347,4460],[-88,-43]],[[4259,4417],[-13,132]],[[2362,1635],[98,0]],[[2460,1635],[-56,-51],[-6,-68]],[[3110,1518],[0,-32]],[[2962,1485],[0,35]],[[4544,1724],[21,-54]],[[4565,1670],[5,-34]],[[4371,1561],[0,80]],[[3714,3031],[31,-75]],[[3745,2956],[0,-32]],[[3745,2924],[-92,57]],[[1679,1771],[47,-16]],[[1726,1755],[50,-73]],[[1704,1527],[-14,188]],[[1690,1715],[-11,56]],[[3927,3201],[78,2]],[[4005,3203],[47,-8]],[[4052,3195],[29,-13]],[[4081,3182],[-157,-50]],[[2198,2042],[0,-61]],[[2198,1938],[-45,4]],[[2153,1942],[-78,18]],[[2689,2193],[118,7]],[[2807,2200],[-1,-51]],[[2602,2147],[-25,-2]],[[2577,2145],[-35,54]],[[2358,2209],[88,-8]],[[4097,3398],[42,-6]],[[4068,3295],[-22,0]],[[2640,1078],[13,60]],[[2653,1138],[62,-1],[-1,-110],[103,15]],[[2817,1042],[86,0],[0,-59],[-87,1]],[[2694,992],[-14,75],[-40,11]],[[3690,1405],[75,-77]],[[3764,1211],[-77,1]],[[3687,1212],[3,193]],[[1512,1476],[18,47]],[[4248,631],[24,14]],[[4272,645],[36,20]],[[4375,512],[-54,-31]],[[4321,481],[-119,-62]],[[4202,419],[5,36]],[[5157,1335],[-3,-164]],[[5154,1171],[-34,21],[-108,-3]],[[5012,1189],[-9,57]],[[4605,2830],[47,-31]],[[4652,2799],[-45,-69]],[[4607,2730],[-55,1]],[[4552,2731],[0,24]],[[982,1927],[-143,-11],[-4,110]],[[2089,4015],[-3,25]],[[992,2325],[0,-44]],[[992,2281],[-153,1]],[[3084,1802],[-102,8]],[[4941,728],[88,110],[106,57]],[[5150,894],[-1,-122]],[[5149,772],[-50,-10],[42,-82],[-18,-61],[-75,-45]],[[5048,574],[-68,118],[-39,36]],[[4963,1547],[117,-10]],[[5159,1533],[-2,-116]],[[5007,1494],[-81,14]],[[4926,1508],[37,39]],[[3313,4813],[35,32]],[[3348,4845],[62,-19],[252,-5]],[[3662,4821],[-1,-136]],[[1736,3874],[34,24]],[[1770,3898],[43,-60]],[[2,381],[109,82],[131,51],[20,-13],[151,71],[111,96],[81,41],[27,77],[95,-47],[33,-100],[54,37],[97,-27],[-5,141],[-34,65],[50,30],[37,115],[92,-6],[35,-43]],[[1086,951],[82,-203]],[[889,251],[-105,-63],[-238,-91],[-73,-15]],[[473,82],[-473,-1],[2,300]],[[2528,4811],[49,36]],[[2703,4805],[-78,0],[0,-52],[-89,4],[-8,54]],[[1453,1277],[58,58]],[[1553,1290],[0,-94]],[[1553,1196],[-63,-42]],[[1490,1154],[-37,123]],[[4025,1555],[1,88]],[[4136,1641],[35,-68]],[[4171,1573],[0,-48]],[[4026,1515],[-1,40]],[[4247,3431],[22,-9]],[[3239,3315],[-192,4]],[[3047,3319],[-45,63]],[[3610,2480],[0,65]],[[3610,2545],[77,1]],[[3687,2546],[20,-135]],[[3703,2373],[-81,0]],[[2178,3238],[79,-14],[0,-72]],[[2193,3153],[-15,85]],[[2445,4182],[174,-23]],[[2620,4146],[-1,-86]],[[2619,4060],[-83,0]],[[2536,4060],[-59,0],[-32,61]],[[378,3308],[39,0]],[[417,3308],[37,-175],[46,-18]],[[500,3115],[3,-70],[67,-39],[0,-50],[70,-91],[0,-93]],[[640,2772],[-127,0],[-31,-108],[-2,-109]],[[480,2555],[-94,52],[-111,28],[-88,42],[-111,28],[-52,35]],[[24,2740],[6,611]],[[4044,3658],[159,-4]],[[4186,3567],[-52,1]],[[4134,3568],[-47,36]],[[4087,3604],[-43,54]],[[1919,4788],[108,-1],[-2,-262]],[[2025,4525],[1,-99]],[[4256,3294],[36,0]],[[4436,3335],[9,4]],[[4526,3298],[-81,0],[-96,-92],[-175,-1]],[[4246,4549],[-61,0]],[[4044,3765],[44,-22]],[[5064,2246],[0,32]],[[5170,2294],[-3,-158]],[[165,4209],[106,-1],[-1,-185],[-14,-18]],[[256,4005],[-89,21],[-49,48]],[[118,4074],[-36,119]],[[82,4193],[83,16]],[[4929,2851],[24,97]],[[4985,3094],[-27,98]],[[4958,3192],[190,-85],[5,-161],[25,-57]],[[5178,2889],[-2,-103]],[[5095,2671],[-115,22],[-1,-95]],[[2522,5332],[106,0]],[[2628,5332],[5,-49],[94,-81]],[[2727,5202],[-102,-101],[-199,2]],[[2807,2200],[-1,31]],[[2806,2231],[91,5]],[[2714,1483],[-12,-126]],[[2702,1357],[-124,53]],[[2578,1410],[-15,79],[151,-6]],[[1650,222],[-2,-135],[-100,-27]],[[1548,60],[-1075,22]],[[1992,1977],[-83,12]],[[1909,1989],[-10,100]],[[4848,1720],[58,1]],[[4905,1675],[14,-102],[44,-26]],[[4963,1547],[-242,4]],[[1927,1179],[0,-41]],[[1927,1138],[-27,-27]],[[1863,1112],[-12,45],[76,22]],[[1531,5063],[1,157],[74,18],[87,-6]],[[4350,3742],[2,-89]],[[4352,3653],[-75,0]],[[4641,4727],[-25,41],[0,107]],[[1490,1154],[-115,4]],[[1375,1158],[15,51],[63,68]],[[1393,1915],[1,33]],[[1615,2045],[34,18]],[[1651,2056],[12,-40]],[[1663,2016],[-9,-42]],[[1621,1877],[-7,-15]],[[4375,1898],[-3,-129]],[[4278,1717],[-41,4]],[[2608,3213],[-158,-153]],[[2359,2970],[-62,1]],[[2297,2971],[7,48],[59,108],[22,130],[-11,239]],[[3485,3439],[43,0]],[[3528,3439],[-9,-4]],[[3519,3435],[-31,-23],[-23,-97]],[[3465,3315],[-69,-1]],[[1816,1145],[20,71]],[[1934,1205],[-7,-26]],[[2268,3679],[28,8]],[[2296,3687],[51,51]],[[2342,3763],[30,-2]],[[2340,3504],[-36,-1]],[[2304,3503],[-2,108],[-34,68]],[[4186,3524],[2,-52]],[[4188,3472],[-85,0]],[[4089,3561],[45,7]],[[4350,3742],[174,-1]],[[4407,3651],[-55,2]],[[1741,2549],[46,-12]],[[1728,2443],[13,106]],[[1902,2493],[65,-54],[79,-2]],[[1812,2302],[0,51]],[[2138,2839],[172,-37]],[[2310,2802],[77,-99]],[[2387,2703],[17,-70]],[[2404,2633],[21,-59]],[[2425,2574],[0,-32],[-135,-30]],[[2242,2548],[-23,51]],[[3876,1584],[149,-29]],[[3746,1533],[-1,78]],[[1214,2476],[3,3]],[[1264,2305],[-33,1]],[[1231,2306],[-60,38],[-4,-93]],[[1167,2251],[-65,12]],[[1102,2263],[15,101],[97,112]],[[4029,2233],[176,26]],[[4205,2255],[-3,-63]],[[4202,2192],[-72,-18]],[[4130,2174],[-100,10]],[[4030,2207],[-1,26]],[[2285,3764],[15,0]],[[2316,3732],[-20,-45]],[[2268,3679],[0,10]],[[2785,2966],[18,0]],[[2950,2832],[0,-40],[-166,0]],[[837,2806],[70,-69]],[[907,2737],[-43,-39]],[[766,2719],[71,87]],[[2272,2221],[22,-1]],[[2289,2137],[-39,-1],[0,86]],[[1428,1376],[5,-1]],[[1433,1375],[53,0]],[[1491,1357],[-53,-32]],[[1438,1325],[-18,6]],[[3395,3002],[97,55],[78,3]],[[3745,2924],[-18,-141]],[[3653,2790],[-68,17],[-77,-20]],[[3391,2767],[4,235]],[[4867,3838],[11,-78]],[[2033,5129],[110,-5],[-2,-77],[97,-3],[24,80]],[[2420,5103],[-18,-166]],[[2402,4937],[1,-109],[-22,-89]],[[2381,4739],[-91,0],[-5,-130]],[[2199,4523],[-174,2]],[[3054,3843],[84,0]],[[3195,4526],[1,27]],[[3196,4553],[125,25]],[[3321,4578],[-7,-199],[38,-56]],[[3195,4377],[0,149]],[[4050,3527],[37,77]],[[4325,3481],[-137,-9]],[[1633,2150],[-100,-2]],[[1505,2141],[-73,46]],[[1432,2187],[-55,1]],[[3098,2552],[23,2]],[[3122,2547],[-39,-100]],[[2954,2523],[-54,-9]],[[2900,2514],[0,9]],[[2495,2573],[47,36],[97,0]],[[2639,2609],[-18,-187]],[[2621,2422],[-52,-5]],[[2483,2408],[12,165]],[[2387,2703],[40,1]],[[2609,2799],[28,-74]],[[2637,2725],[-134,-76],[-99,-16]],[[2495,2969],[5,-85]],[[4897,2161],[1,-28]],[[4897,2073],[-90,1]],[[4670,1722],[-47,0]],[[4623,1722],[-16,1]],[[656,2566],[16,12]],[[672,2578],[60,-22],[-18,-111]],[[598,2456],[0,80]],[[47,4233],[35,-40]],[[118,4074],[18,-54],[114,-145],[25,-76]],[[291,3760],[-117,73],[-20,-88],[-75,3],[0,-51]],[[35,3713],[12,520]],[[4777,504],[31,55],[74,-7],[43,58],[16,118]],[[5048,574],[29,-52]],[[5077,522],[-166,-83]],[[4911,439],[-104,-59],[-54,18]],[[16,2071],[301,-1]],[[722,2043],[22,-78]],[[744,1965],[-80,-30],[-58,54],[-44,-7],[-107,32],[-20,-31],[-222,-32],[-50,29],[-148,4]],[[15,1984],[1,87]],[[2587,374],[143,-1]],[[2730,373],[-23,-31],[8,-75],[-42,-38],[13,-49],[-34,-41],[15,-53],[-30,-42]],[[2637,44],[-262,4]],[[2375,48],[0,124],[-37,1],[-11,75]],[[2327,248],[-8,103]],[[2319,351],[119,26],[149,-3]],[[3883,198],[-96,-17],[-38,-157]],[[3749,24],[-286,5]],[[3463,29],[-74,126],[-29,1],[0,165]],[[2384,1260],[88,-1],[-10,142],[-63,49]],[[2454,1457],[124,-47]],[[2702,1357],[-35,-155]],[[2667,1202],[-14,-64]],[[2640,1078],[-11,-53],[-51,-33]],[[2578,992],[-71,0],[0,-50]],[[2507,942],[-36,8]],[[2471,950],[-87,1]],[[4134,1729],[36,0]],[[4237,1721],[-40,-86]],[[4197,1635],[-19,59],[-44,5]],[[764,2205],[19,27]],[[4877,1079],[9,63]],[[4886,1142],[-4,59]],[[4882,1201],[130,-12]],[[5154,1171],[-1,-90]],[[744,1965],[133,-310]],[[865,1648],[-90,103],[-67,20],[-129,-31],[-90,-6],[-335,41],[-84,32],[-55,49]],[[15,1856],[0,128]],[[4464,779],[64,43]],[[4528,822],[60,-7],[44,-83],[-49,-56]],[[4505,705],[-41,74]],[[978,1809],[-101,50],[-56,83],[-77,23]],[[2076,2223],[61,-1]],[[2198,2222],[0,-59]],[[1000,2546],[-8,-112]],[[4903,1860],[10,36]],[[2301,1261],[8,163]],[[2702,1357],[115,1]],[[2817,1358],[-1,-183]],[[2816,1175],[-79,-8],[-70,35]],[[3525,1511],[61,90]],[[3746,1533],[-159,-10]],[[3587,1523],[-71,-24]],[[3654,3109],[28,-52]],[[3395,3002],[2,78]],[[2883,372],[219,4]],[[3102,376],[-2,-179]],[[3100,197],[-107,5],[-3,28],[-106,2],[-1,140]],[[1980,1207],[-3,-68],[-50,-1]],[[4466,2632],[6,-12]],[[4504,2545],[-127,0]],[[4377,2545],[3,152]],[[2708,905],[-64,-1],[0,-87]],[[2644,817],[-75,0]],[[2569,817],[-4,90]],[[2565,907],[13,85]],[[1231,2306],[-8,-64]],[[1223,2242],[-56,9]],[[1219,1840],[130,89]],[[380,3486],[130,-4],[-4,-177]],[[506,3305],[-89,3]],[[708,3346],[-72,-40],[-130,-1]],[[1051,2612],[27,-1]],[[1078,2611],[31,-24],[124,58],[84,-1]],[[1214,2476],[-142,-13],[-18,89]],[[2565,907],[-58,35]],[[3282,2654],[107,-8]],[[1898,1038],[-19,-75]],[[1879,963],[-66,3]],[[1813,966],[1,72]],[[3581,1306],[3,-4]],[[3584,1302],[86,-126]],[[3629,1175],[-196,7],[0,26]],[[2886,4002],[19,-2]],[[2826,3920],[-21,72]],[[1746,3208],[76,-82]],[[1838,2734],[52,12]],[[2005,2730],[73,-28]],[[2078,2702],[-15,-86]],[[2063,2616],[-63,-9]],[[3151,3138],[83,-1]],[[3234,3137],[3,0]],[[3237,3137],[-2,-96]],[[3235,3041],[-66,0],[-18,97]],[[2619,4060],[-1,-19]],[[2618,4041],[0,-75]],[[2618,3948],[-86,13]],[[2532,3961],[4,99]],[[4081,3182],[54,23]],[[4174,3205],[-7,-81]],[[4119,3070],[0,-116]],[[4119,2954],[-117,-1],[-73,-40],[-46,43],[-138,0]],[[3132,4221],[0,-79]],[[2007,3933],[82,-52]],[[2089,3881],[-2,-112]],[[2031,3770],[-48,119],[24,44]],[[1168,748],[41,68],[69,67],[82,159]],[[1360,1042],[22,-67]],[[3230,5328],[185,-2]],[[3415,5326],[-10,-139]],[[3405,5187],[-11,-267],[-46,-75]],[[3237,4911],[-9,179],[2,238]],[[3511,946],[11,38],[68,34]],[[3755,1022],[53,-71]],[[3808,951],[104,-164]],[[3912,787],[-4,0]],[[3365,703],[-57,1]],[[3378,4149],[1,68]],[[2816,1175],[1,-8]],[[2817,1167],[0,-125]],[[2880,1358],[36,0]],[[3102,1281],[-96,3],[-16,-118],[-173,1]],[[1109,3149],[2,-8]],[[1111,3141],[-13,-128]],[[1098,3013],[-106,-4],[1,81],[53,53]],[[837,2806],[37,52],[131,118],[99,28]],[[1104,3004],[30,-35],[84,-14],[55,45]],[[1273,3000],[99,-3],[18,23]],[[1390,3020],[72,-78]],[[1330,2700],[8,188],[-93,-10],[-67,-31],[-96,44]],[[1082,2891],[-76,1],[-26,-63],[-5,-93]],[[975,2736],[-68,1]],[[1082,2891],[-4,-280]],[[907,2613],[68,123]],[[1595,3040],[-26,-29]],[[1569,3011],[0,58],[-170,26]],[[1399,3095],[33,79]],[[4563,2859],[72,24],[23,-61],[47,-2]],[[4705,2820],[-12,-70]],[[4693,2750],[-41,49]],[[4569,2841],[-6,18]],[[2732,3889],[22,4]],[[2826,3760],[-115,1]],[[2701,3761],[7,77]],[[3921,3851],[154,-19]],[[4188,3472],[-1,-81]],[[3608,3650],[16,15]],[[3657,3498],[-57,-8]],[[3600,3490],[-11,55]],[[3660,4036],[63,-39]],[[3724,3909],[17,-128]],[[3658,3699],[1,291]],[[4699,3739],[86,-40]],[[4698,3819],[87,-15]],[[4699,3739],[-1,80]],[[4815,3308],[-65,-11]],[[4700,3297],[1,69]],[[4697,3593],[0,-35]],[[4697,3558],[-77,20]],[[4570,4005],[-12,-171]],[[4558,3834],[-33,-8]],[[4525,3826],[-25,-1]],[[3519,3435],[99,-6],[-8,-116]],[[3610,3313],[-80,0]],[[3530,3313],[-65,2]],[[3399,3720],[-14,-65]],[[3314,3661],[-53,-9]],[[3261,3652],[-4,101]],[[4552,2656],[76,1],[-2,-55]],[[3676,5325],[171,-2]],[[3847,5323],[-8,-83],[94,-159]],[[3836,4898],[-173,-8]],[[3663,4890],[0,30]],[[3663,4920],[67,76],[9,88],[-25,84],[-48,67],[10,90]],[[4902,1447],[24,61]],[[326,1013],[34,67],[113,107]],[[1042,1180],[1,-12]],[[1043,1168],[-45,-18],[-163,-144],[-129,-29],[-70,29],[-310,7]],[[2309,1424],[-64,-26]],[[2196,1390],[0,5]],[[2196,1395],[-23,51],[-110,23]],[[4623,1722],[6,-66],[-64,14]],[[505,2521],[6,16]],[[471,2480],[34,41]],[[1116,2085],[52,-4]],[[1297,1970],[-63,-20],[-70,-52]],[[3987,3301],[-20,-86],[38,-12]],[[2730,373],[153,-1]],[[3100,197],[0,-77],[41,-85]],[[3141,35],[-504,9]],[[1733,1847],[34,-1]],[[1767,1846],[-1,-66],[-40,-25]],[[1679,1771],[-79,6]],[[3894,4206],[-68,-62],[-166,-1]],[[1904,2594],[-2,-58]],[[1741,2549],[-62,18]],[[3237,3137],[158,-1]],[[3394,3078],[-88,-45]],[[3306,3033],[-71,8]],[[3225,4646],[-29,-93]],[[3196,4553],[-176,9],[-55,20]],[[2965,4582],[3,67]],[[256,4005],[10,-46],[85,-38]],[[2478,3820],[41,31],[83,3]],[[3997,2633],[32,-36]],[[4023,2548],[-88,2]],[[3935,2550],[-36,39],[42,47],[56,-3]],[[4607,2730],[63,-27]],[[4331,2706],[49,10]],[[4357,2814],[84,36]],[[4441,2850],[17,-90]],[[3849,2549],[68,1]],[[3917,2550],[0,-33]],[[3917,2517],[-8,0]],[[3909,2517],[-65,-7]],[[3844,2510],[5,39]],[[3544,2544],[66,1]],[[3533,2481],[11,63]],[[2937,2635],[53,45],[99,-12]],[[1386,1695],[-61,30]],[[2385,1823],[70,-41]],[[2455,1782],[20,-82],[148,-60]],[[2623,1640],[-163,-5]],[[2979,2199],[59,0]],[[4352,796],[85,17],[14,-41]],[[4451,772],[-93,-54]],[[4358,718],[-12,19]],[[2007,3933],[9,104]],[[2218,3605],[-9,113]],[[2304,3503],[-81,6],[-136,35]],[[2184,3855],[-1,-90]],[[2183,3765],[-56,3]],[[3894,4206],[13,-197],[24,-40]],[[3931,3969],[-27,-28]],[[3783,3945],[-3,157],[-120,0]],[[1431,2050],[1,137]],[[1553,1196],[50,11]],[[1603,1207],[1,-74],[44,-20]],[[1552,1110],[1,86]],[[1813,966],[0,-11]],[[1983,1637],[0,130]],[[2153,1942],[-67,-135]],[[2896,1669],[57,-6],[9,-61]],[[2919,1509],[-24,13]],[[2895,1522],[1,147]],[[1990,1428],[153,-38],[53,5]],[[1985,1359],[2,70]],[[2886,1729],[10,-60]],[[2895,1522],[-95,51]],[[4440,5265],[132,-10]],[[4607,5109],[-118,-111],[-45,-90],[26,-17]],[[4355,4756],[0,209]],[[4355,4965],[-108,95]],[[2835,3530],[-13,-28]],[[2748,3503],[15,59],[-21,64]],[[4519,4342],[9,35]],[[4552,4416],[11,16]],[[4563,4432],[60,-89],[78,-78],[-1,-132],[63,-128]],[[4525,4153],[0,104]],[[4525,4257],[-6,85]],[[4271,4327],[147,-16],[55,-52],[52,-2]],[[4525,4153],[-57,-1]],[[4938,4783],[36,40]],[[4974,4823],[25,76],[42,-1]],[[5041,4898],[167,-3]],[[5208,4895],[-22,-1422]],[[5186,3473],[-126,1],[-76,18],[-73,-8]],[[4900,3574],[-18,76]],[[4563,4432],[-53,54]],[[2876,3502],[86,10]],[[2930,3456],[-54,11]],[[5149,772],[-5,-319]],[[5144,453],[-67,69]],[[3905,2081],[4,0]],[[4029,2080],[0,-88]],[[4029,1992],[0,-51]],[[4029,1941],[-137,35]],[[3892,1976],[13,105]],[[400,2321],[73,-1]],[[470,2176],[-59,39],[-11,106]],[[1497,1640],[56,-34]],[[1369,1624],[-83,1]],[[1286,1625],[-26,-7]],[[4740,727],[28,134],[36,57]],[[4804,918],[63,117]],[[4738,500],[-2,0]],[[3102,376],[86,-45]],[[3188,331],[142,3]],[[3463,29],[-322,6]],[[1626,847],[41,61]],[[1813,934],[0,-52]],[[1813,882],[-15,-84]],[[1748,806],[-122,18]],[[2867,657],[82,96],[0,123],[28,29]],[[3193,709],[-5,-378]],[[3102,376],[-4,44],[-73,56],[-140,143],[-18,38]],[[3054,5095],[75,164]],[[3129,5259],[36,69]],[[3165,5328],[65,0]],[[4259,4417],[-34,-15]],[[4225,4402],[-7,59],[-130,-8]],[[4029,2080],[98,0]],[[4127,2080],[75,-1]],[[4202,1992],[-173,0]],[[4130,2174],[-3,-94]],[[4082,534],[124,73]],[[4202,419],[-3,-25]],[[3895,1905],[134,0]],[[4027,1817],[0,-88]],[[4026,1656],[-31,5],[1,111],[-89,1],[-12,132]],[[3800,1905],[44,-68],[-2,-65],[-55,-72]],[[4081,1904],[-52,37]],[[4202,2192],[0,-113]],[[4686,2295],[-8,-74],[15,-81]],[[4652,2139],[-34,127]],[[3517,1699],[11,38]],[[3617,1736],[-1,-9]],[[3558,1601],[-42,-1]],[[4345,2427],[8,-88]],[[4353,2339],[-65,-47]],[[4498,1028],[16,-86]],[[4450,938],[-83,2]],[[4367,940],[2,89]],[[3685,1407],[5,-2]],[[3687,1212],[-17,-36]],[[3584,1302],[15,36],[86,69]],[[4177,1337],[-3,-51]],[[4174,1286],[5,-82]],[[4179,1204],[-122,3]],[[4371,1339],[-154,-2]],[[54,4593],[74,-24],[298,1],[33,50]],[[459,4620],[66,-67],[22,-57],[-6,-129],[29,-68]],[[530,4187],[-97,65],[-207,107]],[[226,4359],[-35,-2],[-35,101],[-66,3],[-37,47]],[[53,4508],[1,85]],[[1819,3605],[-71,1]],[[4629,1989],[-82,1]],[[4547,1990],[1,86]],[[4376,2151],[-91,-33]],[[4285,2118],[3,-39]],[[1879,963],[60,-37],[-3,112]],[[1936,1038],[38,0]],[[1946,796],[-27,40],[-58,5],[-48,41]],[[4594,1553],[23,-94],[-1,-85]],[[4616,1374],[25,-119]],[[1411,1529],[5,-38]],[[1416,1491],[-44,1]],[[1651,708],[-24,0]],[[1624,786],[2,38]],[[3600,3490],[-72,-51]],[[4352,3653],[-29,-86]],[[4525,3826],[0,-66]],[[4386,4356],[-35,26],[-4,78]],[[2889,5330],[276,-2]],[[3129,5259],[-108,-5],[-134,-75]],[[2887,5179],[2,151]],[[2727,5202],[25,-97]],[[2590,5034],[-107,-81],[-81,-16]],[[1878,4350],[-115,1]],[[1763,4351],[2,176]],[[3931,3969],[38,41]],[[4031,2548],[86,-20],[0,-99]],[[3993,2506],[-17,4]],[[3976,2510],[47,38]],[[4029,2256],[-54,1]],[[3975,2257],[-9,106]],[[956,4014],[43,-54],[78,1]],[[1241,3991],[11,-1]],[[1120,3787],[-240,1],[-43,-9]],[[467,3929],[7,6]],[[1909,1964],[0,25]],[[1908,1939],[1,25]],[[1909,1964],[-83,6],[-5,-66],[-49,-7]],[[1772,1897],[19,124],[88,65]],[[1875,2821],[-69,-35]],[[3939,1102],[84,14]],[[4023,1116],[4,-89],[61,6]],[[4088,1033],[11,-91]],[[4099,942],[-118,1]],[[3981,943],[-3,69],[-41,19]],[[2313,680],[115,-29]],[[2590,589],[-3,-215]],[[2098,2438],[41,9]],[[2139,2447],[46,-22],[-1,-56]],[[2786,4104],[-4,-59]],[[2754,3893],[5,61],[-45,55]],[[2714,4009],[-3,33]],[[2199,4523],[-1,-115]],[[1510,3658],[117,-14]],[[2038,3538],[-153,-70]],[[1885,3468],[-167,-85]],[[1552,3456],[2,64]],[[1765,4527],[-260,1],[0,154],[-85,28],[0,123],[-70,5],[66,87],[-113,0]],[[1303,4925],[2,125]],[[4854,3306],[-25,-57]],[[3802,2416],[42,94]],[[3909,2517],[-19,-77]],[[3890,2440],[-1,-68],[-102,-50]],[[4547,2988],[16,-129]],[[4569,2841],[-128,9]],[[4441,2850],[-2,193],[-18,60]],[[5174,2611],[-1,-73]],[[4451,772],[13,7]],[[4366,698],[-8,20]],[[1703,225],[72,7]],[[1867,57],[-319,3]],[[3741,3781],[61,60]],[[3195,4526],[-68,-4],[-30,-145]],[[2958,4434],[7,148]],[[1443,3417],[-26,-55]],[[1417,3362],[-23,-35],[-84,-12]],[[1310,3315],[-52,150]],[[1417,3362],[55,-120]],[[1433,3221],[0,65],[-122,1]],[[1311,3287],[-1,28]],[[3530,3313],[7,-71]],[[1885,4037],[-105,-10]],[[1780,4027],[-19,169],[2,155]],[[1453,1277],[-15,48]],[[4376,2151],[-1,-34]],[[4375,2117],[-90,1]],[[5186,3473],[-8,-584]],[[4958,3192],[-23,42]],[[4935,3234],[-4,7]],[[4964,3374],[-53,-8]],[[1637,2894],[-73,-3],[0,-51]],[[1471,2934],[94,29],[4,48]],[[4029,2233],[0,23]],[[832,5352],[367,-7]],[[1303,4925],[2,-202],[85,-194]],[[1390,4529],[-162,-8],[-264,0],[-91,-80],[-46,-16]],[[827,4425],[-9,35],[-139,249],[-16,147],[2,233],[60,43],[-3,39],[-68,43],[56,89],[124,1],[-2,48]],[[1375,1158],[-28,8]],[[1347,1166],[-2,89]],[[4686,1374],[66,-24]],[[4752,1350],[0,-66]],[[4752,1284],[-56,-4],[-10,94]],[[4284,1225],[34,-66]],[[4318,1159],[-20,-1]],[[4298,1158],[-21,9]],[[4238,1202],[46,23]],[[1390,4529],[96,-238],[45,-65]],[[1429,4092],[-5,1]],[[1252,4083],[-23,44],[-72,21]],[[837,4383],[-10,42]],[[4546,1919],[1,71]],[[1683,1234],[-80,-27]],[[1603,3929],[101,-14],[22,44]],[[1726,3959],[44,-61]],[[1656,3867],[-52,0]],[[1604,3867],[-1,62]],[[2503,4253],[116,-91]],[[2619,4162],[0,-3]],[[2445,4182],[0,92]],[[2796,4612],[-5,-89]],[[2791,4523],[-90,4]],[[2701,4527],[0,84]],[[2344,4407],[100,-10]],[[2444,4397],[3,-42]],[[2796,4612],[60,30]],[[2856,4642],[-9,-208],[-56,0]],[[2791,4434],[0,89]],[[2791,4256],[-59,0]],[[2567,4613],[-8,-88]],[[2559,4525],[-116,-6]],[[2443,4519],[0,104]],[[2820,4901],[-14,100]],[[4519,4342],[-66,6]],[[2791,4434],[0,-43]],[[2664,4468],[37,59]],[[1424,4003],[178,-1]],[[1602,4002],[1,-73]],[[4882,1201],[17,35],[-9,112]],[[4890,1348],[-4,11]],[[2618,4452],[3,160]],[[2449,4740],[36,6],[43,65]],[[2448,4703],[1,37]],[[2542,2199],[-58,2]],[[1433,1375],[-17,116]],[[4199,394],[107,-100],[41,-63]],[[4347,231],[-187,-54]],[[4102,178],[-4,70]],[[4455,501],[41,-77]],[[4496,424],[-83,-33],[-92,90]],[[4211,1044],[49,0],[38,114]],[[4318,1159],[48,-2]],[[4161,942],[4,91]],[[4206,2776],[-84,4],[-2,108]],[[4120,2888],[-1,66]],[[3173,2283],[-20,-84]],[[3066,2199],[1,118]],[[3182,2378],[-8,0]],[[3808,951],[173,-8]],[[4099,942],[62,0]],[[4124,811],[-150,2],[-62,-26]],[[2653,2322],[153,-91]],[[2732,1954],[142,-130]],[[2715,1825],[17,129]],[[2618,4041],[96,-32]],[[1283,1365],[36,124]],[[1319,1489],[9,30]],[[1350,1376],[-67,-11]],[[4649,162],[50,-38],[123,56],[42,37]],[[4864,217],[-9,-213]],[[4855,4],[-183,3]],[[4672,7],[-23,155]],[[4693,2750],[84,6]],[[4787,2721],[-95,-16]],[[3487,3770],[-5,-115]],[[3280,3538],[54,14]],[[3138,3931],[-84,-12]],[[4305,3360],[20,121]],[[4447,2077],[47,0]],[[4347,231],[31,-82]],[[4378,149],[-90,25],[-1,-58],[-39,-28],[-39,77],[-41,-14]],[[480,2555],[29,-17]],[[505,2521],[-103,13],[-11,-108]],[[391,2426],[-7,-105]],[[384,2321],[-309,3],[-55,35]],[[20,2359],[4,381]],[[2577,2145],[8,-81],[-32,-27],[-34,-98]],[[2519,1939],[-44,10]],[[2309,1895],[187,-1]],[[2496,1894],[-52,-51],[11,-61]],[[3655,3313],[-45,0]],[[2256,2970],[41,1]],[[2312,2910],[-2,-108]],[[2136,2838],[-114,24]],[[3173,2283],[20,-9]],[[3193,2274],[119,-52],[218,-53]],[[3530,2169],[-89,-9],[-23,-77],[74,-99]],[[3430,1982],[-22,50],[-61,26],[-84,2]],[[2627,2063],[0,-151],[27,-54]],[[2534,1900],[-15,39]],[[1450,804],[-15,-66],[44,-41],[79,-29]],[[1627,666],[1,-44]],[[1628,622],[0,-46]],[[2567,4488],[-8,37]],[[2119,2484],[53,31]],[[2139,2447],[-20,37]],[[4843,3222],[92,12]],[[4958,3192],[-61,-64],[0,-75]],[[4897,3053],[-15,-70],[-34,-28]],[[4848,2955],[-59,-39],[0,-65],[-84,-31]],[[1264,2305],[5,-68]],[[1254,2236],[-31,6]],[[4192,35],[30,-21]],[[4222,14],[-473,10]],[[2381,4739],[8,0]],[[2389,4739],[-43,-172],[-2,-160]],[[2296,4407],[-11,96]],[[4170,757],[36,-150]],[[4082,534],[-36,53]],[[4046,587],[30,62],[23,110]],[[2876,3667],[116,1]],[[2992,3668],[-5,-53]],[[3253,1691],[-143,0]],[[3110,1691],[34,103]],[[4897,3053],[1,-133]],[[4898,2920],[-1,-71]],[[4794,2778],[16,93],[41,12],[-3,72]],[[3234,3137],[1,47]],[[4378,149],[51,-138]],[[4429,11],[-207,3]],[[3444,2262],[87,-1]],[[3531,2261],[-1,-92]],[[3193,2274],[73,4]],[[4052,3195],[8,78]],[[3605,1461],[80,-54]],[[3530,1374],[66,28],[9,59]],[[3661,4685],[88,47]],[[3943,4472],[-75,41],[-117,-8]],[[430,2415],[-39,11]],[[2623,1640],[19,0]],[[2715,1561],[-1,-78]],[[6,752],[233,133],[87,128]],[[1043,1168],[43,-217]],[[2,381],[4,371]],[[2327,248],[-85,-1],[-39,-30]],[[2203,217],[-35,62]],[[2168,279],[1,74]],[[2178,3238],[-3,0]],[[2119,3239],[-1,-43]],[[1999,3197],[0,49],[-114,222]],[[2558,2373],[68,-19],[182,-1]],[[2808,2353],[-2,-122]],[[4367,1221],[3,41]],[[4366,1157],[1,64]],[[1767,1846],[93,-4]],[[5095,4956],[-54,-58]],[[4974,4823],[2,155],[-17,131],[125,16],[40,68],[31,-83]],[[4698,3819],[0,7]],[[4698,3826],[-7,39]],[[1959,2821],[3,-22]],[[3415,5326],[261,-1]],[[3663,4920],[-174,1],[1,256],[-85,10]],[[4752,1251],[138,97]],[[4882,1201],[-129,0]],[[4753,1201],[-1,50]],[[4505,331],[43,6],[115,67],[44,-63]],[[4707,341],[-35,-153],[-23,-26]],[[4649,162],[-44,74]],[[4548,239],[-43,92]],[[4421,2077],[-46,1]],[[4375,2078],[0,39]],[[2519,1939],[-23,-45]],[[3047,3319],[5,-68]],[[2983,3202],[0,56]],[[2983,3258],[-37,41],[46,46],[-13,41]],[[3531,2261],[0,3]],[[3695,2194],[-165,-25]],[[3357,2479],[-5,4]],[[1319,1489],[-39,19]],[[1280,1508],[6,117]],[[2471,950],[0,-133],[98,0]],[[2644,817],[23,-150]],[[717,2225],[27,-38]],[[1587,1616],[32,5],[71,94]],[[1580,1593],[7,23]],[[1752,1135],[-9,92]],[[2447,4491],[-4,28]],[[3826,2203],[31,-6],[0,-116],[48,0]],[[3892,1976],[-61,41]],[[3789,2044],[-8,97],[45,62]],[[3605,1461],[-18,62]],[[165,4209],[6,105],[55,45]],[[2791,4192],[1,-24]],[[2676,4224],[-1,33]],[[2628,5332],[261,-2]],[[1999,3181],[-41,0],[-7,-96]],[[1166,1497],[53,-47]],[[1219,1450],[33,-109]],[[1252,1341],[-33,-49]],[[4272,645],[-30,91],[22,21]],[[3847,5323],[298,-2]],[[4181,5082],[-156,5],[-14,-120]],[[2792,4168],[136,1]],[[2372,3761],[-3,20]],[[4886,1142],[-114,-27]],[[640,2772],[12,-52],[114,-1]],[[753,2621],[-81,-43]],[[1391,3060],[8,35]],[[1390,3020],[1,40]],[[4724,1006],[47,46]],[[4804,918],[-80,88]],[[3895,1905],[-40,0]],[[1985,1359],[-91,17]],[[2992,3668],[9,41]],[[3134,3696],[-3,-62]],[[5144,453],[-6,-453],[-141,2]],[[4997,2],[-27,43],[26,50],[60,42],[-66,47]],[[4990,184],[0,123],[-79,132]],[[4284,1225],[83,-4]],[[3917,2550],[18,0]],[[3976,2510],[-59,7]],[[4721,1551],[3,-123],[28,-78]],[[4686,1374],[-70,0]],[[1715,369],[173,-2]],[[2621,2422],[99,9],[180,92]],[[2900,2514],[-10,-141]],[[2890,2373],[-82,-20]],[[2808,2353],[-1,15],[-186,30],[0,24]],[[2791,4700],[56,0]],[[2847,4700],[120,-1]],[[2968,4649],[-112,-7]],[[4652,963],[72,43]],[[4734,723],[-28,51],[-21,131],[-33,58]],[[1062,3266],[8,-7]],[[1098,3013],[6,-9]],[[500,3115],[0,109],[273,-1],[33,23]],[[4686,468],[-6,-45],[-92,54],[-71,-12],[-16,-77]],[[4501,388],[-5,36]],[[4353,2339],[100,0]],[[1936,1038],[-19,0]],[[4441,5319],[774,-6],[-7,-418]],[[4938,4783],[-29,66],[5,135],[-48,58]],[[2637,2725],[2,-116]],[[2495,2573],[-70,1]],[[4174,1286],[196,-2]],[[4752,1251],[0,33]],[[1362,5341],[179,-4]],[[3438,2376],[34,0]],[[3111,1602],[-1,89]],[[3523,3771],[101,-106]],[[1360,1042],[15,116]],[[1212,1226],[62,40],[71,-11]],[[1347,1166],[-120,6]],[[1939,461],[20,154]],[[2169,353],[-104,3]],[[4864,217],[126,-33]],[[4997,2],[-142,2]],[[1249,3787],[-2,-129]],[[1311,3287],[-74,1]],[[1237,3288],[-111,4],[-39,29]],[[3663,4890],[-1,-69]],[[4171,1573],[26,62]],[[4454,2426],[-22,0]],[[4208,3831],[66,-1]],[[4558,3834],[104,20],[36,-28]],[[1939,461],[-138,46],[-35,36],[-111,25],[-27,54]],[[4057,1207],[3,-15]],[[4060,1192],[-37,-76]],[[3890,2440],[56,-29]],[[3975,2257],[-149,-47]],[[3826,2210],[-104,-12]],[[4925,2956],[-27,-36]],[[381,5364],[51,-78],[-27,-163],[57,-120],[-73,-128]],[[389,4875],[-70,61],[-42,9],[-21,-81],[-197,7]],[[59,4871],[5,496],[317,-3]],[[400,2321],[-16,0]],[[1695,4002],[85,25]],[[1726,3959],[-31,43]],[[3073,3137],[78,1]],[[3306,3033],[-148,-75]],[[3024,3115],[49,22]],[[2528,4332],[90,-1]],[[2619,4258],[0,-96]],[[4366,850],[84,9]],[[4534,841],[-6,-19]],[[2375,48],[-227,4]],[[2148,52],[-13,14]],[[1572,1727],[15,-111]],[[2716,1996],[16,-42]],[[3826,2210],[0,-7]],[[3531,1945],[-35,28]],[[2103,2696],[-25,6]],[[2844,4370],[110,0]],[[4707,341],[11,80]],[[2675,666],[192,-9]],[[1111,3141],[117,7]],[[1228,3148],[-18,-29],[53,-68],[10,-51]],[[1280,1508],[-61,-58]],[[2119,2484],[-29,39]],[[2090,2523],[-47,44],[20,49]],[[2090,2523],[-44,-86]],[[4060,1192],[37,-37],[11,-88],[-20,-34]],[[2890,2373],[8,1]],[[4632,1049],[20,-86]],[[4652,963],[-115,-64]],[[2000,190],[60,55],[108,34]],[[2080,111],[-80,79]],[[1767,1846],[5,51]],[[4606,3298],[94,-1]],[[1663,2016],[61,-19]],[[2000,190],[-7,0]],[[1237,3288],[24,-71],[-33,-69]],[[1391,3060],[-88,74],[-75,14]],[[2389,4739],[60,1]],[[2532,3961],[-60,10]],[[1685,1104],[-2,130]],[[2873,3387],[106,-1]],[[2983,3258],[-111,14]],[[1252,1341],[31,24]],[[754,2464],[98,59]],[[16,2071],[4,288]],[[4505,331],[-4,57]],[[1709,1381],[-62,89]],[[2939,3186],[-68,1]],[[3997,2633],[36,50],[-6,57],[63,47],[30,101]],[[4227,4397],[-2,5]],[[381,5364],[451,-12]],[[459,4620],[-77,110],[-18,62],[25,83]],[[3391,2767],[-123,-18]],[[2871,3137],[10,-88]],[[54,4593],[5,278]],[[2847,4700],[33,84],[-26,46]],[[2454,3903],[157,-1]],[[6,752],[4,843],[5,261]],[[3133,3217],[35,33]],[[3073,3137],[-27,3]],[[47,4233],[6,275]],[[2148,52],[-271,5]],[[4672,7],[-243,4]]],"transform":{"scale":[0.00009963087248322211,0.00008300931619154151],"translate":[-97.550582,32.548666]},"objects":{"Geometry\\48-439":{"type":"GeometryCollection","geometries":[{"arcs":[[0,1,2]],"type":"Polygon","properties":{"GEOID":"484391055151"}},{"arcs":[[3,4,5,6]],"type":"Polygon","properties":{"GEOID":"484391135203"}},{"arcs":[[7,8,9,10,11,12]],"type":"Polygon","properties":{"GEOID":"484391131092"}},{"arcs":[[13,14,15,16]],"type":"Polygon","properties":{"GEOID":"484391047023"}},{"arcs":[[17,18,19,20,21,22]],"type":"Polygon","properties":{"GEOID":"484391006023"}},{"arcs":[[23,24,25,26]],"type":"Polygon","properties":{"GEOID":"484391065262"}},{"arcs":[[27,28,29,30]],"type":"Polygon","properties":{"GEOID":"484391141063"}},{"arcs":[[31,32,33,34,35]],"type":"Polygon","properties":{"GEOID":"484391139172"}},{"arcs":[[36,37,38,39]],"type":"Polygon","properties":{"GEOID":"484391110321"}},{"arcs":[[40,41,42,43,44]],"type":"Polygon","properties":{"GEOID":"484391063002"}},{"arcs":[[45,46,47,48,49,50]],"type":"Polygon","properties":{"GEOID":"484391138033"}},{"arcs":[[51,52,-46,53,54]],"type":"Polygon","properties":{"GEOID":"484391138032"}},{"arcs":[[55,56,57,-19]],"type":"Polygon","properties":{"GEOID":"484391105004"}},{"arcs":[[58,59,60,61]],"type":"Polygon","properties":{"GEOID":"484391136381"}},{"arcs":[[62,63,64]],"type":"Polygon","properties":{"GEOID":"484391130071"}},{"arcs":[[65,66,67,68,69]],"type":"Polygon","properties":{"GEOID":"484391038002"}},{"arcs":[[70,71,72]],"type":"Polygon","properties":{"GEOID":"484391115563"}},{"arcs":[[73,74,75,76]],"type":"Polygon","properties":{"GEOID":"484391115521"}},{"arcs":[[77,78,79]],"type":"Polygon","properties":{"GEOID":"484391115691"}},{"arcs":[[80,81,82,83,84,85,86]],"type":"Polygon","properties":{"GEOID":"484391003002"}},{"arcs":[[87,88,89,90,91]],"type":"Polygon","properties":{"GEOID":"484391132151"}},{"arcs":[[92,93,94,95]],"type":"Polygon","properties":{"GEOID":"484391131212"}},{"arcs":[[96,97,98,99,100]],"type":"Polygon","properties":{"GEOID":"484391102042"}},{"arcs":[[101,102,103,104,105,106,107]],"type":"Polygon","properties":{"GEOID":"484391065234"}},{"arcs":[[108,109,110]],"type":"Polygon","properties":{"GEOID":"484391115712"}},{"arcs":[[111,112,113]],"type":"Polygon","properties":{"GEOID":"484391139522"}},{"arcs":[[114,115,116,117,118,119,120]],"type":"Polygon","properties":{"GEOID":"484391014015"}},{"arcs":[[121,122,123,124,125,126,127,128,129]],"type":"Polygon","properties":{"GEOID":"484391237004"}},{"arcs":[[130,131,132,133,134]],"type":"Polygon","properties":{"GEOID":"484391056001"}},{"arcs":[[135,136,137,138,139,140]],"type":"Polygon","properties":{"GEOID":"484391136191"}},{"arcs":[[141,142]],"type":"Polygon","properties":{"GEOID":"484391054054"}},{"arcs":[[143,144,145,146,147,148]],"type":"Polygon","properties":{"GEOID":"484391139061"}},{"arcs":[[149,150,151]],"type":"Polygon","properties":{"GEOID":"484391138152"}},{"arcs":[[152,153,154,155]],"type":"Polygon","properties":{"GEOID":"484391037011"}},{"arcs":[[156,157,158,159,160,161]],"type":"Polygon","properties":{"GEOID":"484391220021"}},{"arcs":[[162,163,164,165,166]],"type":"Polygon","properties":{"GEOID":"484391134043"}},{"arcs":[[167,168,169,170,171]],"type":"Polygon","properties":{"GEOID":"484391065222"}},{"arcs":[[172,173,174,175]],"type":"Polygon","properties":{"GEOID":"484391139504"}},{"arcs":[[176,177,178,179,180,181]],"type":"Polygon","properties":{"GEOID":"484391138083"}},{"arcs":[[182,183,184,185,186,187]],"type":"Polygon","properties":{"GEOID":"484391136282"}},{"arcs":[[188,189,190,191,192,193]],"type":"Polygon","properties":{"GEOID":"484391115642"}},{"arcs":[[194,-102,195,196,197]],"type":"Polygon","properties":{"GEOID":"484391135133"}},{"arcs":[[198,199,200,201,202]],"type":"Polygon","properties":{"GEOID":"484391102022"}},{"arcs":[[203,204,205,206,207,208,209]],"type":"Polygon","properties":{"GEOID":"484391136341"}},{"arcs":[[-147,210,211,212]],"type":"Polygon","properties":{"GEOID":"484391139082"}},{"arcs":[[213,214,215,216,217]],"type":"Polygon","properties":{"GEOID":"484391047011"}},{"arcs":[[218,219,220]],"type":"Polygon","properties":{"GEOID":"484391216141"}},{"arcs":[[221,-92,222,223,224]],"type":"Polygon","properties":{"GEOID":"484391132143"}},{"arcs":[[225,226,227,228,229]],"type":"Polygon","properties":{"GEOID":"484391131081"}},{"arcs":[[230,231,232]],"type":"Polygon","properties":{"GEOID":"484391217025"}},{"arcs":[[233,234,235,236,237]],"type":"Polygon","properties":{"GEOID":"484391065123"}},{"arcs":[[238,239,240,-56,241]],"type":"Polygon","properties":{"GEOID":"484391105003"}},{"arcs":[[242,243,244]],"type":"Polygon","properties":{"GEOID":"484391114051"}},{"arcs":[[245,246,247]],"type":"Polygon","properties":{"GEOID":"484391115251"}},{"arcs":[[248,249,250,251,252]],"type":"Polygon","properties":{"GEOID":"484391142063"}},{"arcs":[[-223,-91,253,254,255,256,257]],"type":"Polygon","properties":{"GEOID":"484391132152"}},{"arcs":[[258,259,260,261,262]],"type":"Polygon","properties":{"GEOID":"484391139301"}},{"arcs":[[263,264,265,266,267]],"type":"Polygon","properties":{"GEOID":"484391113062"}},{"arcs":[[268,269,270,271]],"type":"Polygon","properties":{"GEOID":"484391103012"}},{"arcs":[[272,273,274,275,276]],"type":"Polygon","properties":{"GEOID":"484391216101"}},{"arcs":[[277,278,279,280,281]],"type":"Polygon","properties":{"GEOID":"484391140093"}},{"arcs":[[282,283,284,285,286,287,288,-220,289]],"type":"Polygon","properties":{"GEOID":"484391216053"}},{"arcs":[[290,291,292,293]],"type":"Polygon","properties":{"GEOID":"484391139362"}},{"arcs":[[294,-101,295,-199,296,297]],"type":"Polygon","properties":{"GEOID":"484391102045"}},{"arcs":[[298,299,300,301,302,303]],"type":"Polygon","properties":{"GEOID":"484391105005"}},{"arcs":[[304,305,306,307]],"type":"Polygon","properties":{"GEOID":"484391115052"}},{"arcs":[[308,309,310]],"type":"Polygon","properties":{"GEOID":"484391135113"}},{"arcs":[[311,312,-93]],"type":"Polygon","properties":{"GEOID":"484391131211"}},{"arcs":[[313,314,315,316,317,318]],"type":"Polygon","properties":{"GEOID":"484391024014"}},{"arcs":[[319,320,321]],"type":"Polygon","properties":{"GEOID":"484391109072"}},{"arcs":[[322,323,324,325,326,327,328]],"type":"Polygon","properties":{"GEOID":"484391110272"}},{"arcs":[[329,330,331,332,333,334]],"type":"Polygon","properties":{"GEOID":"484391227022"}},{"arcs":[[335,336,337,338,-214,339,340,341]],"type":"Polygon","properties":{"GEOID":"484391048031"}},{"arcs":[[342,343,344,345,346]],"type":"Polygon","properties":{"GEOID":"484391115311"}},{"arcs":[[347,348,349,350,351,352,353,354]],"type":"Polygon","properties":{"GEOID":"484391236002"}},{"arcs":[[355,356,357,358,359,360]],"type":"Polygon","properties":{"GEOID":"484391132173"}},{"arcs":[[361,362,-246,363]],"type":"Polygon","properties":{"GEOID":"484391115591"}},{"arcs":[[364,365,366,367,368,-207]],"type":"Polygon","properties":{"GEOID":"484391136332"}},{"arcs":[[369,370,371,372]],"type":"Polygon","properties":{"GEOID":"484391131172"}},{"arcs":[[373,374,375,376,377,378,379,380,381,382]],"type":"Polygon","properties":{"GEOID":"484391219042"}},{"arcs":[[383,384,-73,385,386,387]],"type":"Polygon","properties":{"GEOID":"484391115562"}},{"arcs":[[388,389,390]],"type":"Polygon","properties":{"GEOID":"484391052013"}},{"arcs":[[391,392,393]],"type":"Polygon","properties":{"GEOID":"484391140133"}},{"arcs":[[394,395,396,397,398]],"type":"Polygon","properties":{"GEOID":"484391135162"}},{"arcs":[[399,400,401,402,403,404,405]],"type":"Polygon","properties":{"GEOID":"484391115324"}},{"arcs":[[406,407,408,409,-112,410]],"type":"Polygon","properties":{"GEOID":"484391139521"}},{"arcs":[[411,-54,-51,412,413,414]],"type":"Polygon","properties":{"GEOID":"484391138031"}},{"arcs":[[415,416,417,418]],"type":"Polygon","properties":{"GEOID":"484391141101"}},{"arcs":[[419,420,421]],"type":"Polygon","properties":{"GEOID":"484391065072"}},{"arcs":[[422,423,424,425,426,427]],"type":"Polygon","properties":{"GEOID":"484391132171"}},{"arcs":[[428,429,430,431,-205]],"type":"Polygon","properties":{"GEOID":"484391136321"}},{"arcs":[[432,433,434,435]],"type":"Polygon","properties":{"GEOID":"484391065212"}},{"arcs":[[436,437,-283,438]],"type":"Polygon","properties":{"GEOID":"484391216051"}},{"arcs":[[439,440,441,442]],"type":"Polygon","properties":{"GEOID":"484391041001"}},{"arcs":[[443,444,445,446,447]],"type":"Polygon","properties":{"GEOID":"484391115261"}},{"arcs":[[448,449,450,451,452,453]],"type":"Polygon","properties":{"GEOID":"484391136111"}},{"arcs":[[454,455,456,457,458]],"type":"Polygon","properties":{"GEOID":"484391115402"}},{"arcs":[[459,460,461,462,463]],"type":"Polygon","properties":{"GEOID":"484391027001"}},{"arcs":[[464,465,466,467,468,469,470,471]],"type":"Polygon","properties":{"GEOID":"484391140031"}},{"arcs":[[472,473,474,475,476,477]],"type":"Polygon","properties":{"GEOID":"484391139471"}},{"arcs":[[478,479,480,481]],"type":"Polygon","properties":{"GEOID":"484391131162"}},{"arcs":[[482,483,484]],"type":"Polygon","properties":{"GEOID":"484391141131"}},{"arcs":[[485,486,487,488,489]],"type":"Polygon","properties":{"GEOID":"484391106001"}},{"arcs":[[490,491,492,493,494]],"type":"Polygon","properties":{"GEOID":"484391115225"}},{"arcs":[[495,-114,496,497,498]],"type":"Polygon","properties":{"GEOID":"484391139523"}},{"arcs":[[499,500,501,502,503]],"type":"Polygon","properties":{"GEOID":"484391115401"}},{"arcs":[[504,505,-443,506,507]],"type":"Polygon","properties":{"GEOID":"484391041002"}},{"arcs":[[508,509,510,511,512,513]],"type":"Polygon","properties":{"GEOID":"484391055051"}},{"arcs":[[514,-282,515,516,517]],"type":"Polygon","properties":{"GEOID":"484391140091"}},{"arcs":[[518,519,520,521]],"type":"Polygon","properties":{"GEOID":"484391139422"}},{"arcs":[[522,523,524,525]],"type":"Polygon","properties":{"GEOID":"484391136352"}},{"arcs":[[526,-297,-203,527,528]],"type":"Polygon","properties":{"GEOID":"484391102021"}},{"arcs":[[-517,529,530,531,532]],"type":"Polygon","properties":{"GEOID":"484391140102"}},{"arcs":[[533,534,535,536,537]],"type":"Polygon","properties":{"GEOID":"484391137101"}},{"arcs":[[538,539,-459,540,541,542]],"type":"Polygon","properties":{"GEOID":"484391115403"}},{"arcs":[[543,544,545,546,-332]],"type":"Polygon","properties":{"GEOID":"484391227011"}},{"arcs":[[547,548,549,550,551]],"type":"Polygon","properties":{"GEOID":"484391110233"}},{"arcs":[[552,553,554,555,556,557]],"type":"Polygon","properties":{"GEOID":"484391139322"}},{"arcs":[[558,559,560,561]],"type":"Polygon","properties":{"GEOID":"484391065231"}},{"arcs":[[562,563,564,565,566]],"type":"Polygon","properties":{"GEOID":"484391043012"}},{"arcs":[[567,568,569]],"type":"Polygon","properties":{"GEOID":"484391130041"}},{"arcs":[[570,571,572,573,-564]],"type":"Polygon","properties":{"GEOID":"484391043022"}},{"arcs":[[574,575,576,577,578,579,580]],"type":"Polygon","properties":{"GEOID":"484391005031"}},{"arcs":[[581,582,583,584]],"type":"Polygon","properties":{"GEOID":"484391224012"}},{"arcs":[[585,586,587,588,589,590]],"type":"Polygon","properties":{"GEOID":"484391055024"}},{"arcs":[[591,-539,592,593,594,595]],"type":"Polygon","properties":{"GEOID":"484391115161"}},{"arcs":[[596,597,598,-9,599]],"type":"Polygon","properties":{"GEOID":"484391131153"}},{"arcs":[[600,601,602,-491,603]],"type":"Polygon","properties":{"GEOID":"484391229022"}},{"arcs":[[604,605,606,607,608]],"type":"Polygon","properties":{"GEOID":"484391042023"}},{"arcs":[[609,610,611,612,613,614]],"type":"Polygon","properties":{"GEOID":"484391057051"}},{"arcs":[[615,-609,616,617]],"type":"Polygon","properties":{"GEOID":"484391042022"}},{"arcs":[[618,619,-264,620,621,622]],"type":"Polygon","properties":{"GEOID":"484391113181"}},{"arcs":[[623,624,625,626,627,628,629,630]],"type":"Polygon","properties":{"GEOID":"484391115542"}},{"arcs":[[631,632,633,634,-371]],"type":"Polygon","properties":{"GEOID":"484391131171"}},{"arcs":[[635,636,637,638,639,-315]],"type":"Polygon","properties":{"GEOID":"484391025003"}},{"arcs":[[-166,640,641,642]],"type":"Polygon","properties":{"GEOID":"484391134082"}},{"arcs":[[643,-290,-219,644,645]],"type":"Polygon","properties":{"GEOID":"484391216151"}},{"arcs":[[646,647,648,649,650,-438]],"type":"Polygon","properties":{"GEOID":"484391217034"}},{"arcs":[[651,652,653,654,655]],"type":"Polygon","properties":{"GEOID":"484391216121"}},{"arcs":[[656,657,658,659,660,661,662]],"type":"Polygon","properties":{"GEOID":"484391046022"}},{"arcs":[[663,664,665,666]],"type":"Polygon","properties":{"GEOID":"484391054071"}},{"arcs":[[667,668,-87,669,670,-577]],"type":"Polygon","properties":{"GEOID":"484391004011"}},{"arcs":[[671,672,673,674]],"type":"Polygon","properties":{"GEOID":"484391114021"}},{"arcs":[[675,676]],"type":"Polygon","properties":{"GEOID":"484391059024"}},{"arcs":[[677,678,679,680,681]],"type":"Polygon","properties":{"GEOID":"484391035001"}},{"arcs":[[682,683]],"type":"Polygon","properties":{"GEOID":"484391140132"}},{"arcs":[[684,685]],"type":"Polygon","properties":{"GEOID":"484391141082"}},{"arcs":[[686,687,688]],"type":"Polygon","properties":{"GEOID":"484391141072"}},{"arcs":[[689,-426,690,691,692,693]],"type":"Polygon","properties":{"GEOID":"484391132232"}},{"arcs":[[694,695,696,697,698]],"type":"Polygon","properties":{"GEOID":"484391134092"}},{"arcs":[[699,-642,700,701,702,703,-697]],"type":"Polygon","properties":{"GEOID":"484391134083"}},{"arcs":[[704,-505,705,-126]],"type":"Polygon","properties":{"GEOID":"484391237005"}},{"arcs":[[-409,706,707,708,709]],"type":"Polygon","properties":{"GEOID":"484391139122"}},{"arcs":[[710,711,712]],"type":"Polygon","properties":{"GEOID":"484391104012"}},{"arcs":[[713,714,-22,715,-490,716]],"type":"Polygon","properties":{"GEOID":"484391106003"}},{"arcs":[[717,-538,718,719,720]],"type":"Polygon","properties":{"GEOID":"484391137112"}},{"arcs":[[721,722,723,724]],"type":"Polygon","properties":{"GEOID":"484391005061"}},{"arcs":[[725,-36,726,727]],"type":"Polygon","properties":{"GEOID":"484391139173"}},{"arcs":[[728,729,730,731,732,733]],"type":"Polygon","properties":{"GEOID":"484391111031"}},{"arcs":[[734,735,736,737,738]],"type":"Polygon","properties":{"GEOID":"484391110203"}},{"arcs":[[739,740,-299,-57,-241]],"type":"Polygon","properties":{"GEOID":"484391105002"}},{"arcs":[[741,742,743,744,745]],"type":"Polygon","properties":{"GEOID":"484391065202"}},{"arcs":[[746,-464,747,748,749]],"type":"Polygon","properties":{"GEOID":"484391022013"}},{"arcs":[[750,-303,751,752,753]],"type":"Polygon","properties":{"GEOID":"484391007001"}},{"arcs":[[754,755,756,757,758]],"type":"Polygon","properties":{"GEOID":"484391021022"}},{"arcs":[[759,760,761,762,763,764,765]],"type":"Polygon","properties":{"GEOID":"484391141111"}},{"arcs":[[766,767,-141,768]],"type":"Polygon","properties":{"GEOID":"484391136192"}},{"arcs":[[769,770,771,-137,772]],"type":"Polygon","properties":{"GEOID":"484391136183"}},{"arcs":[[773,774,775,776,777,778,779,780]],"type":"Polygon","properties":{"GEOID":"484391136071"}},{"arcs":[[781,-198,782,783,784]],"type":"Polygon","properties":{"GEOID":"484391135141"}},{"arcs":[[785,786,787,788,-771]],"type":"Polygon","properties":{"GEOID":"484391135122"}},{"arcs":[[-398,789,790,-60]],"type":"Polygon","properties":{"GEOID":"484391135092"}},{"arcs":[[791,792,793,794,-702]],"type":"Polygon","properties":{"GEOID":"484391134084"}},{"arcs":[[795,796,797,798,799,800,-165]],"type":"Polygon","properties":{"GEOID":"484391134042"}},{"arcs":[[-224,-258,801,802]],"type":"Polygon","properties":{"GEOID":"484391132141"}},{"arcs":[[803,804,805,-49]],"type":"Polygon","properties":{"GEOID":"484391132072"}},{"arcs":[[806,807,808]],"type":"Polygon","properties":{"GEOID":"484391131091"}},{"arcs":[[809,810,811]],"type":"Polygon","properties":{"GEOID":"484391131041"}},{"arcs":[[812,813,814,815,816,-99]],"type":"Polygon","properties":{"GEOID":"484391101022"}},{"arcs":[[-237,817,818]],"type":"Polygon","properties":{"GEOID":"484391065132"}},{"arcs":[[819,820,821]],"type":"Polygon","properties":{"GEOID":"484391065032"}},{"arcs":[[822,823,-69,824,825]],"type":"Polygon","properties":{"GEOID":"484391045051"}},{"arcs":[[826,827,828,829]],"type":"Polygon","properties":{"GEOID":"484391036013"}},{"arcs":[[-829,830,831,832,833,834]],"type":"Polygon","properties":{"GEOID":"484391036011"}},{"arcs":[[835,-334,836,-74,837,-446]],"type":"Polygon","properties":{"GEOID":"484391115262"}},{"arcs":[[838,839,840]],"type":"Polygon","properties":{"GEOID":"484391113041"}},{"arcs":[[-547,841,842,843,844,845,846,-333]],"type":"Polygon","properties":{"GEOID":"484391228011"}},{"arcs":[[847,848,849,850]],"type":"Polygon","properties":{"GEOID":"484391222001"}},{"arcs":[[851,852,853,854,855,856,857]],"type":"Polygon","properties":{"GEOID":"484391216114"}},{"arcs":[[858,859,-853,860,861]],"type":"Polygon","properties":{"GEOID":"484391216112"}},{"arcs":[[862,863,864,865]],"type":"Polygon","properties":{"GEOID":"484391216081"}},{"arcs":[[-482,866,867,-600,-8,868,869,870]],"type":"Polygon","properties":{"GEOID":"484391131152"}},{"arcs":[[871,872,873,874,875]],"type":"Polygon","properties":{"GEOID":"484391115332"}},{"arcs":[[876,-864,877,878,879,-275]],"type":"Polygon","properties":{"GEOID":"484391115292"}},{"arcs":[[880,-472,881,882]],"type":"Polygon","properties":{"GEOID":"484391140063"}},{"arcs":[[883,-148,-213,884]],"type":"Polygon","properties":{"GEOID":"484391139083"}},{"arcs":[[885,-182,886,-33]],"type":"Polygon","properties":{"GEOID":"484391138091"}},{"arcs":[[887,888,889,-776,890]],"type":"Polygon","properties":{"GEOID":"484391136291"}},{"arcs":[[891,-120,892,893,894,895,896,897]],"type":"Polygon","properties":{"GEOID":"484391014021"}},{"arcs":[[898,899,900,901]],"type":"Polygon","properties":{"GEOID":"484391013013"}},{"arcs":[[902,903,904]],"type":"Polygon","properties":{"GEOID":"484391001023"}},{"arcs":[[905,906,907,908]],"type":"Polygon","properties":{"GEOID":"484391001021"}},{"arcs":[[909,910]],"type":"Polygon","properties":{"GEOID":"484391050093"}},{"arcs":[[911,912,913,914]],"type":"Polygon","properties":{"GEOID":"484391002013"}},{"arcs":[[915]],"type":"Polygon","properties":{"GEOID":"484391137071"}},{"arcs":[[916,917,918]],"type":"Polygon","properties":{"GEOID":"484391137162"}},{"arcs":[[919,920,921,922]],"type":"Polygon","properties":{"GEOID":"484391137121"}},{"arcs":[[923,924,925,926,-429,-204,927]],"type":"Polygon","properties":{"GEOID":"484391136342"}},{"arcs":[[928,929,930,931,932]],"type":"Polygon","properties":{"GEOID":"484391135221"}},{"arcs":[[933,934,935,936]],"type":"Polygon","properties":{"GEOID":"484391050088"}},{"arcs":[[937,938,939,940]],"type":"Polygon","properties":{"GEOID":"484391115221"}},{"arcs":[[941,942,943,944,945,946,947]],"type":"Polygon","properties":{"GEOID":"484391107033"}},{"arcs":[[948,949,950,951]],"type":"Polygon","properties":{"GEOID":"484391109063"}},{"arcs":[[952,953,-378]],"type":"Polygon","properties":{"GEOID":"484391219072"}},{"arcs":[[-493,954,955,956]],"type":"Polygon","properties":{"GEOID":"484391115223"}},{"arcs":[[957,-322,958,959,960]],"type":"Polygon","properties":{"GEOID":"484391109073"}},{"arcs":[[961,962,963,964,965]],"type":"Polygon","properties":{"GEOID":"484391052071"}},{"arcs":[[966,967,-265,-620]],"type":"Polygon","properties":{"GEOID":"484391113182"}},{"arcs":[[968,969,970,971]],"type":"Polygon","properties":{"GEOID":"484391110331"}},{"arcs":[[972,-872,-345]],"type":"Polygon","properties":{"GEOID":"484391115303"}},{"arcs":[[-795,973,974,975,-703]],"type":"Polygon","properties":{"GEOID":"484391134074"}},{"arcs":[[976,-151,977,978,979,980,981,982]],"type":"Polygon","properties":{"GEOID":"484391138142"}},{"arcs":[[983,984,985,986,987,988,989,990]],"type":"Polygon","properties":{"GEOID":"484391139231"}},{"arcs":[[-244,991,992,993,994,995,996]],"type":"Polygon","properties":{"GEOID":"484391114053"}},{"arcs":[[997,998,999,1000]],"type":"Polygon","properties":{"GEOID":"484391115462"}},{"arcs":[[1001,-746,1002,1003]],"type":"Polygon","properties":{"GEOID":"484391065201"}},{"arcs":[[1004,1005,-301]],"type":"Polygon","properties":{"GEOID":"484391007002"}},{"arcs":[[1006,1007,1008,1009,1010]],"type":"Polygon","properties":{"GEOID":"484391138101"}},{"arcs":[[1011,1012,1013]],"type":"Polygon","properties":{"GEOID":"484391139202"}},{"arcs":[[1014,1015,-361,1016,1017,1018]],"type":"Polygon","properties":{"GEOID":"484391138111"}},{"arcs":[[1019,1020,1021,-912,1022,1023]],"type":"Polygon","properties":{"GEOID":"484391002012"}},{"arcs":[[1024,-929,1025,1026]],"type":"Polygon","properties":{"GEOID":"484391135212"}},{"arcs":[[1027,1028,1029]],"type":"Polygon","properties":{"GEOID":"484391050081"}},{"arcs":[[1030,1031,1032,-324]],"type":"Polygon","properties":{"GEOID":"484391110271"}},{"arcs":[[-327,1033,1034]],"type":"Polygon","properties":{"GEOID":"484391110283"}},{"arcs":[[1035,1036,1037,1038]],"type":"Polygon","properties":{"GEOID":"484391139582"}},{"arcs":[[1039,1040,1041,1042,1043,1044,1045]],"type":"Polygon","properties":{"GEOID":"484391052041"}},{"arcs":[[1046,1047,1048]],"type":"Polygon","properties":{"GEOID":"484391052031"}},{"arcs":[[1049,1050,1051,1052,1053,1054]],"type":"Polygon","properties":{"GEOID":"484391024011"}},{"arcs":[[1055,1056,1057,1058,1059,1060,1061,1062]],"type":"Polygon","properties":{"GEOID":"484391055143"}},{"arcs":[[1063,1064,1065,-615,1066]],"type":"Polygon","properties":{"GEOID":"484391055113"}},{"arcs":[[1067,-565,-574,1068,-336,1069]],"type":"Polygon","properties":{"GEOID":"484391048033"}},{"arcs":[[1070,1071,1072,1073,1074]],"type":"Polygon","properties":{"GEOID":"484391062012"}},{"arcs":[[1075,1076,1077,1078]],"type":"Polygon","properties":{"GEOID":"484391059011"}},{"arcs":[[1079,-625,1080]],"type":"Polygon","properties":{"GEOID":"484391115383"}},{"arcs":[[1081,1082,1083,1084,1085]],"type":"Polygon","properties":{"GEOID":"484391110032"}},{"arcs":[[-941,1086,-363,1087]],"type":"Polygon","properties":{"GEOID":"484391115581"}},{"arcs":[[-79,1088,1089,1090,1091]],"type":"Polygon","properties":{"GEOID":"484391115694"}},{"arcs":[[1092,1093,1094,1095,1096,1097]],"type":"Polygon","properties":{"GEOID":"484391023013"}},{"arcs":[[1098,-142,1099,1100]],"type":"Polygon","properties":{"GEOID":"484391109031"}},{"arcs":[[1101,1102,1103,1104,-953,-377]],"type":"Polygon","properties":{"GEOID":"484391219071"}},{"arcs":[[1105,-495,-938,1106]],"type":"Polygon","properties":{"GEOID":"484391115224"}},{"arcs":[[1107,1108,1109]],"type":"Polygon","properties":{"GEOID":"484391115711"}},{"arcs":[[1110,1111,-952,1112]],"type":"Polygon","properties":{"GEOID":"484391109062"}},{"arcs":[[1113,1114,1115]],"type":"Polygon","properties":{"GEOID":"484391060051"}},{"arcs":[[1116,1117,1118,1119,-266]],"type":"Polygon","properties":{"GEOID":"484391113061"}},{"arcs":[[1120,1121,1122,1123]],"type":"Polygon","properties":{"GEOID":"484391110241"}},{"arcs":[[1124,-248,1125]],"type":"Polygon","properties":{"GEOID":"484391115254"}},{"arcs":[[-1085,1126,1127,1128,1129]],"type":"Polygon","properties":{"GEOID":"484391060062"}},{"arcs":[[-1129,1130,1131,1132,1133]],"type":"Polygon","properties":{"GEOID":"484391060061"}},{"arcs":[[1134,1135,-1044]],"type":"Polygon","properties":{"GEOID":"484391052062"}},{"arcs":[[1136,1137,1138,1139]],"type":"Polygon","properties":{"GEOID":"484391115613"}},{"arcs":[[1140,1141,1142,1143,1144]],"type":"Polygon","properties":{"GEOID":"484391107062"}},{"arcs":[[1145,1146,1147,1148,1149,-944]],"type":"Polygon","properties":{"GEOID":"484391107032"}},{"arcs":[[1150,1151,-373,1152,1153,1154]],"type":"Polygon","properties":{"GEOID":"484391131121"}},{"arcs":[[1155,1156,-859,1157,1158]],"type":"Polygon","properties":{"GEOID":"484391216093"}},{"arcs":[[1159,1160,1161,1162]],"type":"Polygon","properties":{"GEOID":"484391055183"}},{"arcs":[[1163,1164,1165,1166,1167,1168]],"type":"Polygon","properties":{"GEOID":"484391139344"}},{"arcs":[[1169,1170,1171]],"type":"Polygon","properties":{"GEOID":"484391139462"}},{"arcs":[[1172,1173,1174,1175,1176,-519]],"type":"Polygon","properties":{"GEOID":"484391139434"}},{"arcs":[[1177,1178,1179,1180,1181,1182]],"type":"Polygon","properties":{"GEOID":"484391140123"}},{"arcs":[[-1176,1183,1184,1185,1186]],"type":"Polygon","properties":{"GEOID":"484391139431"}},{"arcs":[[1187,-62,1188,1189]],"type":"Polygon","properties":{"GEOID":"484391136382"}},{"arcs":[[-260,1190,-990,1191,1192]],"type":"Polygon","properties":{"GEOID":"484391139317"}},{"arcs":[[1193,1194,1195]],"type":"Polygon","properties":{"GEOID":"484391131201"}},{"arcs":[[1196,1197,-881,1198,1199]],"type":"Polygon","properties":{"GEOID":"484391140152"}},{"arcs":[[1200,1201,1202,-1036,-211]],"type":"Polygon","properties":{"GEOID":"484391139571"}},{"arcs":[[1203,1204]],"type":"Polygon","properties":{"GEOID":"484391136361"}},{"arcs":[[1205,1206,1207,1208]],"type":"Polygon","properties":{"GEOID":"484391232001"}},{"arcs":[[1209,-675,1210,1211,1212,1213,1214]],"type":"Polygon","properties":{"GEOID":"484391114023"}},{"arcs":[[1215,1216,1217,1218,1219]],"type":"Polygon","properties":{"GEOID":"484391113044"}},{"arcs":[[1220,1221,-878,-863,1222]],"type":"Polygon","properties":{"GEOID":"484391216061"}},{"arcs":[[1223,1224,-742,-1002,1225]],"type":"Polygon","properties":{"GEOID":"484391065153"}},{"arcs":[[-594,1226,1227,1228]],"type":"Polygon","properties":{"GEOID":"484391115163"}},{"arcs":[[-867,-481,1229,1230,-598,1231]],"type":"Polygon","properties":{"GEOID":"484391131161"}},{"arcs":[[1232,-216,1233,1234,-1077,1235]],"type":"Polygon","properties":{"GEOID":"484391045032"}},{"arcs":[[1236,1237,1238,1239]],"type":"Polygon","properties":{"GEOID":"484391219061"}},{"arcs":[[1240,1241,1242,1243]],"type":"Polygon","properties":{"GEOID":"484391061021"}},{"arcs":[[1244,1245,1246,1247]],"type":"Polygon","properties":{"GEOID":"484391113093"}},{"arcs":[[-346,-876,-673,1248,1249]],"type":"Polygon","properties":{"GEOID":"484391115341"}},{"arcs":[[1250,1251,1252,1253,1254,-691,-425]],"type":"Polygon","properties":{"GEOID":"484391132212"}},{"arcs":[[-432,1255,-365,-206]],"type":"Polygon","properties":{"GEOID":"484391136331"}},{"arcs":[[-368,1256,1257,1258,1259]],"type":"Polygon","properties":{"GEOID":"484391136224"}},{"arcs":[[1260,1261,-649]],"type":"Polygon","properties":{"GEOID":"484391217033"}},{"arcs":[[1262,1263,1264]],"type":"Polygon","properties":{"GEOID":"484391135192"}},{"arcs":[[1265,1266,1267,1268,1269]],"type":"Polygon","properties":{"GEOID":"484391022021"}},{"arcs":[[1270,-896,1271,1272,1273,1274]],"type":"Polygon","properties":{"GEOID":"484391037021"}},{"arcs":[[1275,1276,1277,1278,1279,1280,1281]],"type":"Polygon","properties":{"GEOID":"484391026022"}},{"arcs":[[1282,1283,1284,1285,1286,-1268]],"type":"Polygon","properties":{"GEOID":"484391026023"}},{"arcs":[[1287,1288,1289,1290,1291,1292,1293]],"type":"Polygon","properties":{"GEOID":"484391102044"}},{"arcs":[[-127,-706,-508,1294,1295,-573,1296]],"type":"Polygon","properties":{"GEOID":"484391043021"}},{"arcs":[[1297,1298,-189]],"type":"Polygon","properties":{"GEOID":"484391115631"}},{"arcs":[[-1062,1299,1300,1301]],"type":"Polygon","properties":{"GEOID":"484391055132"}},{"arcs":[[-302,-1006,1302,-579,1303,1304,1305,1306,1307,1308,-752]],"type":"Polygon","properties":{"GEOID":"484391007003"}},{"arcs":[[1309,1310,1311,-562,1312,-1194,1313,1314,1315]],"type":"Polygon","properties":{"GEOID":"484391065242"}},{"arcs":[[1316,1317,1318,1319,1320,1321]],"type":"Polygon","properties":{"GEOID":"484391110151"}},{"arcs":[[1322,1323,1324,-1173,-522,1325,1326]],"type":"Polygon","properties":{"GEOID":"484391139421"}},{"arcs":[[1327,1328,1329]],"type":"Polygon","properties":{"GEOID":"484391110301"}},{"arcs":[[1330,-1229,1331,1332]],"type":"Polygon","properties":{"GEOID":"484391115302"}},{"arcs":[[1333,1334,-1200,1335,1336]],"type":"Polygon","properties":{"GEOID":"484391140141"}},{"arcs":[[1337,-157,1338,1339]],"type":"Polygon","properties":{"GEOID":"484391220023"}},{"arcs":[[1340,1341,1342,1343,1344,1345,1346]],"type":"Polygon","properties":{"GEOID":"484391113151"}},{"arcs":[[1347,1348,1349,1350]],"type":"Polygon","properties":{"GEOID":"484391142071"}},{"arcs":[[-270,1351,1352,1353,1354]],"type":"Polygon","properties":{"GEOID":"484391103013"}},{"arcs":[[1355,-533,1356,1357]],"type":"Polygon","properties":{"GEOID":"484391140111"}},{"arcs":[[1358,1359,1360]],"type":"Polygon","properties":{"GEOID":"484391216132"}},{"arcs":[[-1139,1361,1362,1363]],"type":"Polygon","properties":{"GEOID":"484391115611"}},{"arcs":[[1364,1365,-103,-195,1366]],"type":"Polygon","properties":{"GEOID":"484391135101"}},{"arcs":[[1367,1368,1369,1370,1371]],"type":"Polygon","properties":{"GEOID":"484391133011"}},{"arcs":[[-1262,1372,1373]],"type":"Polygon","properties":{"GEOID":"484391217031"}},{"arcs":[[1374,1375,1376,1377,1378]],"type":"Polygon","properties":{"GEOID":"484391138121"}},{"arcs":[[1379,1380,1381,-589]],"type":"Polygon","properties":{"GEOID":"484391055023"}},{"arcs":[[1382,1383,1384,1385,1386,1387,-1381]],"type":"Polygon","properties":{"GEOID":"484391057032"}},{"arcs":[[1388,1389,1390,-1379,1391,-52]],"type":"Polygon","properties":{"GEOID":"484391138123"}},{"arcs":[[1392,1393,1394,-279]],"type":"Polygon","properties":{"GEOID":"484391140122"}},{"arcs":[[1395,1396,1397,1398,1399,1400]],"type":"Polygon","properties":{"GEOID":"484391065143"}},{"arcs":[[1401,-552,1402,1403]],"type":"Polygon","properties":{"GEOID":"484391110232"}},{"arcs":[[1404,1405,1406,1407,1408,-1343]],"type":"Polygon","properties":{"GEOID":"484391113152"}},{"arcs":[[1409,1410,1411,1412]],"type":"Polygon","properties":{"GEOID":"484391055032"}},{"arcs":[[1413,1414,1415,-664]],"type":"Polygon","properties":{"GEOID":"484391054072"}},{"arcs":[[-856,1416,-402,1417,1418]],"type":"Polygon","properties":{"GEOID":"484391114101"}},{"arcs":[[1419,1420,1421]],"type":"Polygon","properties":{"GEOID":"484391008001"}},{"arcs":[[1422,-778,1423,1424,1425,1426,-798]],"type":"Polygon","properties":{"GEOID":"484391136072"}},{"arcs":[[1427,1428,1429,1430]],"type":"Polygon","properties":{"GEOID":"484391054033"}},{"arcs":[[1431,1432,1433,1434,1435]],"type":"Polygon","properties":{"GEOID":"484391142053"}},{"arcs":[[-281,1436,1437,-530,-516]],"type":"Polygon","properties":{"GEOID":"484391140101"}},{"arcs":[[1438,1439,1440,1441,-583]],"type":"Polygon","properties":{"GEOID":"484391221004"}},{"arcs":[[1442,1443,1444,1445,1446,1447]],"type":"Polygon","properties":{"GEOID":"484391115523"}},{"arcs":[[1448,1449,1450,1451,1452]],"type":"Polygon","properties":{"GEOID":"484391136243"}},{"arcs":[[1453,1454,1455,1456]],"type":"Polygon","properties":{"GEOID":"484391136132"}},{"arcs":[[1457,-1327,1458,1459,1460]],"type":"Polygon","properties":{"GEOID":"484391139402"}},{"arcs":[[-988,1461,1462,1463,1464]],"type":"Polygon","properties":{"GEOID":"484391139233"}},{"arcs":[[1465,1466,1467]],"type":"Polygon","properties":{"GEOID":"484391135102"}},{"arcs":[[1468,1469,1470]],"type":"Polygon","properties":{"GEOID":"484391109051"}},{"arcs":[[1471,1472,1473,1474]],"type":"Polygon","properties":{"GEOID":"484391055112"}},{"arcs":[[1475,1476,1477,1478,1479,1480,1481,1482]],"type":"Polygon","properties":{"GEOID":"484391115671"}},{"arcs":[[1483,-391,1484,1485,-1047,1486,-964]],"type":"Polygon","properties":{"GEOID":"484391052011"}},{"arcs":[[1487,1488,1489,1490,1491]],"type":"Polygon","properties":{"GEOID":"484391115681"}},{"arcs":[[-1114,1492,1493,1494,1495,1496]],"type":"Polygon","properties":{"GEOID":"484391060021"}},{"arcs":[[-727,-35,1497,1498,1499,1500]],"type":"Polygon","properties":{"GEOID":"484391102062"}},{"arcs":[[1501,1502,1503,-227]],"type":"Polygon","properties":{"GEOID":"484391131071"}},{"arcs":[[1504,1505,1506,-1235,1507,1508]],"type":"Polygon","properties":{"GEOID":"484391045041"}},{"arcs":[[1509,1510,1511,1512]],"type":"Polygon","properties":{"GEOID":"484391115421"}},{"arcs":[[1513,1514,1515,1516,1517,1518]],"type":"Polygon","properties":{"GEOID":"484391140061"}},{"arcs":[[1519,1520,1521,-1478]],"type":"Polygon","properties":{"GEOID":"484391115672"}},{"arcs":[[-1109,1522,1523,1524,1525]],"type":"Polygon","properties":{"GEOID":"484391115722"}},{"arcs":[[-100,-817,-200,-296]],"type":"Polygon","properties":{"GEOID":"484391102041"}},{"arcs":[[-1452,1526,-183,1527]],"type":"Polygon","properties":{"GEOID":"484391136372"}},{"arcs":[[1528,-738,1529,1530,1531,-323,-550]],"type":"Polygon","properties":{"GEOID":"484391110193"}},{"arcs":[[1532,-417,1533,-263,1534,1535,1536]],"type":"Polygon","properties":{"GEOID":"484391141094"}},{"arcs":[[1537,1538,1539,1540,-813,-98]],"type":"Polygon","properties":{"GEOID":"484391101032"}},{"arcs":[[1541,1542,1543,-383,1544,-71,-385,1545]],"type":"Polygon","properties":{"GEOID":"484391219053"}},{"arcs":[[1546,1547,-1546,1548,-603]],"type":"Polygon","properties":{"GEOID":"484391219054"}},{"arcs":[[1549,1550,1551,1552,1553,1554]],"type":"Polygon","properties":{"GEOID":"484391139314"}},{"arcs":[[1555,1556,1557,1558,1559,1560]],"type":"Polygon","properties":{"GEOID":"484391023023"}},{"arcs":[[-1045,-1136,1561,-1049,1562,1563,1564]],"type":"Polygon","properties":{"GEOID":"484391052032"}},{"arcs":[[1565,1566,1567]],"type":"Polygon","properties":{"GEOID":"484391110311"}},{"arcs":[[1568,1569,1570,-823,1571,1572]],"type":"Polygon","properties":{"GEOID":"484391235003"}},{"arcs":[[1573,1574,-350,1575,1576]],"type":"Polygon","properties":{"GEOID":"484391233022"}},{"arcs":[[1577,1578,1579,1580,-1284]],"type":"Polygon","properties":{"GEOID":"484391022022"}},{"arcs":[[1581,1582,-393,1583,1584,1585,1586,1587,1588]],"type":"Polygon","properties":{"GEOID":"484391005052"}},{"arcs":[[1589,1590,-1333,1591,-873,-973,-344]],"type":"Polygon","properties":{"GEOID":"484391115304"}},{"arcs":[[-777,1592,1593,1594,-1424]],"type":"Polygon","properties":{"GEOID":"484391136185"}},{"arcs":[[1595,-229,1596,-437,1597,1598,1599]],"type":"Polygon","properties":{"GEOID":"484391131083"}},{"arcs":[[1600,1601,-1572,-826,1602,1603,-1509,1604,1605]],"type":"Polygon","properties":{"GEOID":"484391045021"}},{"arcs":[[1606,1607,1608,1609]],"type":"Polygon","properties":{"GEOID":"484391139481"}},{"arcs":[[1610,1611,1612,-132]],"type":"Polygon","properties":{"GEOID":"484391048022"}},{"arcs":[[1613,1614,1615,-1064,-1475,1616,1617]],"type":"Polygon","properties":{"GEOID":"484391055114"}},{"arcs":[[1618,-360,1619,1620,1621,1622]],"type":"Polygon","properties":{"GEOID":"484391132131"}},{"arcs":[[1623,-513,1624,-1410,1625,1626,1627]],"type":"Polygon","properties":{"GEOID":"484391055054"}},{"arcs":[[1628,-1345,1629,1630]],"type":"Polygon","properties":{"GEOID":"484391113112"}},{"arcs":[[-783,-197,1631,1632,1633]],"type":"Polygon","properties":{"GEOID":"484391135143"}},{"arcs":[[1634,-528,-202,1635,1636,1637,1638,1639]],"type":"Polygon","properties":{"GEOID":"484391103021"}},{"arcs":[[1640,-1275,1641,-153]],"type":"Polygon","properties":{"GEOID":"484391037012"}},{"arcs":[[1642,1643,1644,-158,-1338,1645]],"type":"Polygon","properties":{"GEOID":"484391221001"}},{"arcs":[[-414,1646,-177,-886,1647]],"type":"Polygon","properties":{"GEOID":"484391138081"}},{"arcs":[[-1580,1648,1649,1650,1651]],"type":"Polygon","properties":{"GEOID":"484391027003"}},{"arcs":[[1652,-1263,1653,1654,-367,1655]],"type":"Polygon","properties":{"GEOID":"484391137091"}},{"arcs":[[1656,1657,1658,1659]],"type":"Polygon","properties":{"GEOID":"484391115651"}},{"arcs":[[1660,1661,1662,1663,1664]],"type":"Polygon","properties":{"GEOID":"484391139183"}},{"arcs":[[-914,1665,1666,1667]],"type":"Polygon","properties":{"GEOID":"484391002011"}},{"arcs":[[1668,1669,1670,1671,1672,1673]],"type":"Polygon","properties":{"GEOID":"484391056003"}},{"arcs":[[1674,1675,1676,1677,1678]],"type":"Polygon","properties":{"GEOID":"484391108052"}},{"arcs":[[1679,-1339,-162,1680,-1237,1681]],"type":"Polygon","properties":{"GEOID":"484391220011"}},{"arcs":[[1682,-1097,1683,1684,1685,-1557,1686]],"type":"Polygon","properties":{"GEOID":"484391023024"}},{"arcs":[[-1149,1687,1688,1689]],"type":"Polygon","properties":{"GEOID":"484391107042"}},{"arcs":[[1690,1691,1692,1693]],"type":"Polygon","properties":{"GEOID":"484391050073"}},{"arcs":[[1694,1695,1696,1697,1698,1699]],"type":"Polygon","properties":{"GEOID":"484391137141"}},{"arcs":[[1700,1701,1702,1703]],"type":"Polygon","properties":{"GEOID":"484391065183"}},{"arcs":[[1704,1705,1706,-978,-150]],"type":"Polygon","properties":{"GEOID":"484391138153"}},{"arcs":[[-670,-86,1707,1708,1709]],"type":"Polygon","properties":{"GEOID":"484391004021"}},{"arcs":[[1710,-1370,1711,-699,1712,1713,1714]],"type":"Polygon","properties":{"GEOID":"484391134101"}},{"arcs":[[-1255,1715,-692]],"type":"Polygon","properties":{"GEOID":"484391132231"}},{"arcs":[[1716,1717,1718,-1221]],"type":"Polygon","properties":{"GEOID":"484391115061"}},{"arcs":[[-80,-1092,1719,-457,1720]],"type":"Polygon","properties":{"GEOID":"484391115252"}},{"arcs":[[1721,-1017,-1619,1722,1723,1724]],"type":"Polygon","properties":{"GEOID":"484391132122"}},{"arcs":[[1725,1726,-1103,1727]],"type":"Polygon","properties":{"GEOID":"484391130061"}},{"arcs":[[-1698,-535,1728]],"type":"Polygon","properties":{"GEOID":"484391137102"}},{"arcs":[[1729,1730,1731,-1319]],"type":"Polygon","properties":{"GEOID":"484391110281"}},{"arcs":[[-1377,1732,1733,-983,1734,1735]],"type":"Polygon","properties":{"GEOID":"484391138132"}},{"arcs":[[1736,1737,1738,1739]],"type":"Polygon","properties":{"GEOID":"484391115702"}},{"arcs":[[1740,-115,1741]],"type":"Polygon","properties":{"GEOID":"484391014013"}},{"arcs":[[1742,1743,1744,-1117,-968,1745]],"type":"Polygon","properties":{"GEOID":"484391114061"}},{"arcs":[[-744,1746,1747,1748,1749,1750]],"type":"Polygon","properties":{"GEOID":"484391065022"}},{"arcs":[[-1232,-597,-868]],"type":"Polygon","properties":{"GEOID":"484391131151"}},{"arcs":[[1751,1752,1753,-845]],"type":"Polygon","properties":{"GEOID":"484391228021"}},{"arcs":[[1754,-749,-1578,-1283,-1267]],"type":"Polygon","properties":{"GEOID":"484391022023"}},{"arcs":[[1755,1756,1757,-1539,-1292]],"type":"Polygon","properties":{"GEOID":"484391101031"}},{"arcs":[[1758,1759,-848,1760]],"type":"Polygon","properties":{"GEOID":"484391217042"}},{"arcs":[[1761,1762,-1584]],"type":"Polygon","properties":{"GEOID":"484391005051"}},{"arcs":[[-119,1763,1764,-893]],"type":"Polygon","properties":{"GEOID":"484391014032"}},{"arcs":[[1765,1766,-1664,1767,1768,1769,1770]],"type":"Polygon","properties":{"GEOID":"484391139181"}},{"arcs":[[1771,1772,1773,-1024,1774,1775]],"type":"Polygon","properties":{"GEOID":"484391002021"}},{"arcs":[[1776,1777]],"type":"Polygon","properties":{"GEOID":"484391137152"}},{"arcs":[[-1185,1778,1779,-411,-496,1780]],"type":"Polygon","properties":{"GEOID":"484391139533"}},{"arcs":[[-1239,1781,-1543,1782,-1547,-602]],"type":"Polygon","properties":{"GEOID":"484391219052"}},{"arcs":[[1783,-731,1784]],"type":"Polygon","properties":{"GEOID":"484391061024"}},{"arcs":[[-1693,1785,1786,1787,-1288,1788,1789,1790]],"type":"Polygon","properties":{"GEOID":"484391050071"}},{"arcs":[[-6,1791,-1025,1792]],"type":"Polygon","properties":{"GEOID":"484391135202"}},{"arcs":[[1793,1794,-1665,-1767,1795]],"type":"Polygon","properties":{"GEOID":"484391139182"}},{"arcs":[[1796,1797,-1617,1798,1799,-1]],"type":"Polygon","properties":{"GEOID":"484391055153"}},{"arcs":[[1800,1801,1802,1803,1804]],"type":"Polygon","properties":{"GEOID":"484391107052"}},{"arcs":[[1805,-566,-1068,1806,-607]],"type":"Polygon","properties":{"GEOID":"484391043013"}},{"arcs":[[1807,1808,1809,-1702]],"type":"Polygon","properties":{"GEOID":"484391065184"}},{"arcs":[[1810,1811,-215,-339]],"type":"Polygon","properties":{"GEOID":"484391047012"}},{"arcs":[[1812,1813,-1055,1814,1815,1816]],"type":"Polygon","properties":{"GEOID":"484391024012"}},{"arcs":[[1817,1818,-1270,-1051,1819,1820]],"type":"Polygon","properties":{"GEOID":"484391230022"}},{"arcs":[[1821,-759,1822]],"type":"Polygon","properties":{"GEOID":"484391021021"}},{"arcs":[[1823,1824,1825,1826,-473,-1167]],"type":"Polygon","properties":{"GEOID":"484391139491"}},{"arcs":[[1827,1828,-41,-833]],"type":"Polygon","properties":{"GEOID":"484391036022"}},{"arcs":[[-1249,-672,-1210,1829]],"type":"Polygon","properties":{"GEOID":"484391114022"}},{"arcs":[[-217,-1233,1830,-14,1831]],"type":"Polygon","properties":{"GEOID":"484391047013"}},{"arcs":[[1832,-406,1833,1834,1835,-995]],"type":"Polygon","properties":{"GEOID":"484391114112"}},{"arcs":[[1836,-754,1837,-486,-716,-21]],"type":"Polygon","properties":{"GEOID":"484391007004"}},{"arcs":[[1838,1839,1840,-397]],"type":"Polygon","properties":{"GEOID":"484391135163"}},{"arcs":[[1841,-1456,1842,-781,1843,-163,1844]],"type":"Polygon","properties":{"GEOID":"484391134041"}},{"arcs":[[-1637,1845,1846]],"type":"Polygon","properties":{"GEOID":"484391103022"}},{"arcs":[[-286,1847,-850,1848,1849,1850]],"type":"Polygon","properties":{"GEOID":"484391223001"}},{"arcs":[[1851,1852,1853,1854,1855]],"type":"Polygon","properties":{"GEOID":"484391115432"}},{"arcs":[[-180,1856,-1008,1857,1858]],"type":"Polygon","properties":{"GEOID":"484391138093"}},{"arcs":[[-1775,-1023,-915,-1668,1859,1860]],"type":"Polygon","properties":{"GEOID":"484391002023"}},{"arcs":[[1861,1862,-924,1863,1864]],"type":"Polygon","properties":{"GEOID":"484391136401"}},{"arcs":[[1865,1866,-666,-1101,1867,1868]],"type":"Polygon","properties":{"GEOID":"484391054082"}},{"arcs":[[-90,1869,1870,1871,-254]],"type":"Polygon","properties":{"GEOID":"484391132103"}},{"arcs":[[-171,1872,1873,1874]],"type":"Polygon","properties":{"GEOID":"484391065221"}},{"arcs":[[-1517,1875,-684,1876]],"type":"Polygon","properties":{"GEOID":"484391140131"}},{"arcs":[[-1769,1877,1878,1879,1880,1881]],"type":"Polygon","properties":{"GEOID":"484391102051"}},{"arcs":[[-653,1882,-646,-1359,1883]],"type":"Polygon","properties":{"GEOID":"484391216131"}},{"arcs":[[-1441,1884,-1240,-601,1885]],"type":"Polygon","properties":{"GEOID":"484391229012"}},{"arcs":[[1886,1887,1888,-629]],"type":"Polygon","properties":{"GEOID":"484391115541"}},{"arcs":[[1889,-1132,1890,-1530,-737]],"type":"Polygon","properties":{"GEOID":"484391110201"}},{"arcs":[[-1642,-1274,1891,1892,1893]],"type":"Polygon","properties":{"GEOID":"484391046011"}},{"arcs":[[-784,-1634,1894,1895,1896]],"type":"Polygon","properties":{"GEOID":"484391135142"}},{"arcs":[[1897,-700,-696]],"type":"Polygon","properties":{"GEOID":"484391134091"}},{"arcs":[[-806,-88,-222,1898]],"type":"Polygon","properties":{"GEOID":"484391132142"}},{"arcs":[[-1058,1899,-509,1900]],"type":"Polygon","properties":{"GEOID":"484391055052"}},{"arcs":[[1901,-834,-45,1902,1903,1904]],"type":"Polygon","properties":{"GEOID":"484391063001"}},{"arcs":[[1905,1906,-1086,1907,-1385]],"type":"Polygon","properties":{"GEOID":"484391110031"}},{"arcs":[[-502,1908,-1140,1909,1910]],"type":"Polygon","properties":{"GEOID":"484391115601"}},{"arcs":[[-1645,1911,-159]],"type":"Polygon","properties":{"GEOID":"484391220022"}},{"arcs":[[-946,1912,-962,1913]],"type":"Polygon","properties":{"GEOID":"484391052072"}},{"arcs":[[1914,-1133,-1890,-736]],"type":"Polygon","properties":{"GEOID":"484391110202"}},{"arcs":[[1915,1916,-1523,1917]],"type":"Polygon","properties":{"GEOID":"484391115362"}},{"arcs":[[-1026,-933,1918,1919,1920]],"type":"Polygon","properties":{"GEOID":"484391135211"}},{"arcs":[[1921,1922,1923,-1118,-1745]],"type":"Polygon","properties":{"GEOID":"484391113072"}},{"arcs":[[1924,1925,-1828,-832]],"type":"Polygon","properties":{"GEOID":"484391036021"}},{"arcs":[[1926,1927,1928,1929,1930]],"type":"Polygon","properties":{"GEOID":"484391132062"}},{"arcs":[[1931,1932,1933,-231,1934]],"type":"Polygon","properties":{"GEOID":"484391131103"}},{"arcs":[[1935,1936,-356,-1016]],"type":"Polygon","properties":{"GEOID":"484391132163"}},{"arcs":[[1937,-1905,1938,-1072,1939]],"type":"Polygon","properties":{"GEOID":"484391062023"}},{"arcs":[[1940,-2,-1800,1941,1942,1943,1944]],"type":"Polygon","properties":{"GEOID":"484391055161"}},{"arcs":[[1945,1946,1947,-1201,-146]],"type":"Polygon","properties":{"GEOID":"484391139561"}},{"arcs":[[1948,1949,1950,-920,1951,1952]],"type":"Polygon","properties":{"GEOID":"484391137122"}},{"arcs":[[1953,1954,1955,-1682,-1885,-1440]],"type":"Polygon","properties":{"GEOID":"484391221005"}},{"arcs":[[-390,1956,-1093,1957,-1485]],"type":"Polygon","properties":{"GEOID":"484391052012"}},{"arcs":[[-1844,-780,1958,-796,-164]],"type":"Polygon","properties":{"GEOID":"484391134044"}},{"arcs":[[-186,-1189,-61,1959,1960,1961,1962]],"type":"Polygon","properties":{"GEOID":"484391136281"}},{"arcs":[[1963,1964,1965,-1225]],"type":"Polygon","properties":{"GEOID":"484391065152"}},{"arcs":[[-1961,-785,1966,1967]],"type":"Polygon","properties":{"GEOID":"484391135112"}},{"arcs":[[1968,1969,1970,-1111,1971,-320,-958]],"type":"Polygon","properties":{"GEOID":"484391109071"}},{"arcs":[[1972,-1293,-1538,-97,-295,1973]],"type":"Polygon","properties":{"GEOID":"484391102043"}},{"arcs":[[-1831,-1236,-1076,1974,-15]],"type":"Polygon","properties":{"GEOID":"484391047021"}},{"arcs":[[1975,1976,1977,1978,1979,1980]],"type":"Polygon","properties":{"GEOID":"484391054053"}},{"arcs":[[-418,-1533,1981,1982]],"type":"Polygon","properties":{"GEOID":"484391141095"}},{"arcs":[[-1595,1983,1984,1985,-1425]],"type":"Polygon","properties":{"GEOID":"484391136181"}},{"arcs":[[-1581,-1652,1986,-1285]],"type":"Polygon","properties":{"GEOID":"484391027004"}},{"arcs":[[1987,-918,1988,1989,-921,-1951]],"type":"Polygon","properties":{"GEOID":"484391137123"}},{"arcs":[[-1850,1990,-582,1991,1992]],"type":"Polygon","properties":{"GEOID":"484391223002"}},{"arcs":[[1993,1994,1995,1996,-849]],"type":"Polygon","properties":{"GEOID":"484391217023"}},{"arcs":[[-1707,1997,1998,-1862,1999,2000,-979]],"type":"Polygon","properties":{"GEOID":"484391136402"}},{"arcs":[[-276,-880,-1001,2001]],"type":"Polygon","properties":{"GEOID":"484391115463"}},{"arcs":[[2002,-1823,-758,2003,-461,2004]],"type":"Polygon","properties":{"GEOID":"484391021012"}},{"arcs":[[-1855,2005,2006,2007]],"type":"Polygon","properties":{"GEOID":"484391115443"}},{"arcs":[[2008,-1192,2009,2010,2011]],"type":"Polygon","properties":{"GEOID":"484391139303"}},{"arcs":[[2012,2013,-355,2014,2015,-123]],"type":"Polygon","properties":{"GEOID":"484391237002"}},{"arcs":[[-1944,2016,-39,2017,2018,2019]],"type":"Polygon","properties":{"GEOID":"484391110323"}},{"arcs":[[-723,2020,-668,-576]],"type":"Polygon","properties":{"GEOID":"484391005062"}},{"arcs":[[-800,2021,-793,2022]],"type":"Polygon","properties":{"GEOID":"484391134085"}},{"arcs":[[-134,2023,2024,-1671,2025]],"type":"Polygon","properties":{"GEOID":"484391056004"}},{"arcs":[[-118,2026,2027,2028,-1764]],"type":"Polygon","properties":{"GEOID":"484391014031"}},{"arcs":[[-1560,2029,2030,-1869,2031,2032,-1471,2033,-949,-1112,2034]],"type":"Polygon","properties":{"GEOID":"484391109053"}},{"arcs":[[2035,2036,2037,2038]],"type":"Polygon","properties":{"GEOID":"484391112032"}},{"arcs":[[2039,2040,2041,-1230,-480]],"type":"Polygon","properties":{"GEOID":"484391131163"}},{"arcs":[[2042,-948,2043,2044,-1677]],"type":"Polygon","properties":{"GEOID":"484391108054"}},{"arcs":[[2045,2046,-1622,2047,-1372,2048,2049]],"type":"Polygon","properties":{"GEOID":"484391133013"}},{"arcs":[[2050,-866,2051,2052,2053]],"type":"Polygon","properties":{"GEOID":"484391216082"}},{"arcs":[[2054,-1639,2055,2056]],"type":"Polygon","properties":{"GEOID":"484391001012"}},{"arcs":[[-85,2057,2058,-1708]],"type":"Polygon","properties":{"GEOID":"484391004022"}},{"arcs":[[-1507,2059,2060,2061,2062,2063,-1078]],"type":"Polygon","properties":{"GEOID":"484391059012"}},{"arcs":[[2064,-544,-331,2065]],"type":"Polygon","properties":{"GEOID":"484391227021"}},{"arcs":[[-1512,2066,2067,2068]],"type":"Polygon","properties":{"GEOID":"484391115423"}},{"arcs":[[-1903,-44,2069,2070,2071]],"type":"Polygon","properties":{"GEOID":"484391062021"}},{"arcs":[[-1536,2072,2073,2074,2075]],"type":"Polygon","properties":{"GEOID":"484391141091"}},{"arcs":[[-20,-58,-304,-751,-1837]],"type":"Polygon","properties":{"GEOID":"484391105006"}},{"arcs":[[2076,2077,2078,2079,2080]],"type":"Polygon","properties":{"GEOID":"484391136252"}},{"arcs":[[-1872,2081,2082,2083,2084,2085,-255]],"type":"Polygon","properties":{"GEOID":"484391132182"}},{"arcs":[[-662,2086,2087,2088]],"type":"Polygon","properties":{"GEOID":"484391046031"}},{"arcs":[[-2053,2089,2090,2091]],"type":"Polygon","properties":{"GEOID":"484391216083"}},{"arcs":[[2092,2093,2094,-888,2095,2096]],"type":"Polygon","properties":{"GEOID":"484391136261"}},{"arcs":[[2097,2098,2099,2100,2101,2102,2103]],"type":"Polygon","properties":{"GEOID":"484391139441"}},{"arcs":[[-1264,2104,2105,-7,2106,2107]],"type":"Polygon","properties":{"GEOID":"484391135201"}},{"arcs":[[2108,-2044,2109,-1046,2110,2111]],"type":"Polygon","properties":{"GEOID":"484391108072"}},{"arcs":[[2112,2113,-1214,2114,2115]],"type":"Polygon","properties":{"GEOID":"484391114081"}},{"arcs":[[-488,2116,-1818,2117]],"type":"Polygon","properties":{"GEOID":"484391022011"}},{"arcs":[[2118,2119,2120,2121,2122]],"type":"Polygon","properties":{"GEOID":"484391139551"}},{"arcs":[[-1799,-1474,2123,-1942]],"type":"Polygon","properties":{"GEOID":"484391055162"}},{"arcs":[[-1554,2124,2125]],"type":"Polygon","properties":{"GEOID":"484391139315"}},{"arcs":[[-588,2126,2127,-1383,-1380]],"type":"Polygon","properties":{"GEOID":"484391057031"}},{"arcs":[[-1817,2128,2129]],"type":"Polygon","properties":{"GEOID":"484391023012"}},{"arcs":[[2130,2131,-1866,-2031,2132,2133]],"type":"Polygon","properties":{"GEOID":"484391024022"}},{"arcs":[[-1739,2134,2135]],"type":"Polygon","properties":{"GEOID":"484391115701"}},{"arcs":[[-720,2136,-1953,2137,2138]],"type":"Polygon","properties":{"GEOID":"484391137113"}},{"arcs":[[2139,-176,2140,2141,2142,2143]],"type":"Polygon","properties":{"GEOID":"484391139343"}},{"arcs":[[2144,-1115,-1497,2145,-1031,-1532,2146]],"type":"Polygon","properties":{"GEOID":"484391110191"}},{"arcs":[[-1587,2147,-724,-575,2148,2149]],"type":"Polygon","properties":{"GEOID":"484391005041"}},{"arcs":[[2150,2151,-663,-2089,2152,2153]],"type":"Polygon","properties":{"GEOID":"484391046051"}},{"arcs":[[2154,2155]],"type":"Polygon","properties":{"GEOID":"484391113121"}},{"arcs":[[2156,2157]],"type":"Polygon","properties":{"GEOID":"484391065181"}},{"arcs":[[-821,2158,-238,2159,2160]],"type":"Polygon","properties":{"GEOID":"484391065034"}},{"arcs":[[2161,2162,-89,-805]],"type":"Polygon","properties":{"GEOID":"484391132071"}},{"arcs":[[-1987,-1651,2163,-1276,-1286]],"type":"Polygon","properties":{"GEOID":"484391026021"}},{"arcs":[[-1254,2164,2165,-1716]],"type":"Polygon","properties":{"GEOID":"484391132221"}},{"arcs":[[2166,-1259,2167,2168,2169]],"type":"Polygon","properties":{"GEOID":"484391136232"}},{"arcs":[[2170,-1030,2171,2172,2173]],"type":"Polygon","properties":{"GEOID":"484391050087"}},{"arcs":[[-1003,-745,-1751,2174,2175,2176]],"type":"Polygon","properties":{"GEOID":"484391065021"}},{"arcs":[[-1892,-1273,2177,-1940,-1071,2178]],"type":"Polygon","properties":{"GEOID":"484391062011"}},{"arcs":[[2179,2180,2181]],"type":"Polygon","properties":{"GEOID":"484391112022"}},{"arcs":[[-1810,2182,2183,-1703]],"type":"Polygon","properties":{"GEOID":"484391065185"}},{"arcs":[[-634,2184,2185,-1935,2186,2187,2188]],"type":"Polygon","properties":{"GEOID":"484391131182"}},{"arcs":[[2189,-2133,-2030,-1559]],"type":"Polygon","properties":{"GEOID":"484391023021"}},{"arcs":[[-34,-887,-181,-1859,2190,-1498]],"type":"Polygon","properties":{"GEOID":"484391138092"}},{"arcs":[[2191,2192,2193,-1593,-890]],"type":"Polygon","properties":{"GEOID":"484391136294"}},{"arcs":[[-340,-218,-1832,2194,2195]],"type":"Polygon","properties":{"GEOID":"484391048032"}},{"arcs":[[2196,2197,2198]],"type":"Polygon","properties":{"GEOID":"484391139312"}},{"arcs":[[2199,2200,-2013,-122,-1278,2201]],"type":"Polygon","properties":{"GEOID":"484391233011"}},{"arcs":[[-2153,-2088,2202,2203,2204,-676,2205,2206]],"type":"Polygon","properties":{"GEOID":"484391111042"}},{"arcs":[[2207,2208,2209,2210,-682,2211,-351]],"type":"Polygon","properties":{"GEOID":"484391231002"}},{"arcs":[[2212,-388,-1737,-955]],"type":"Polygon","properties":{"GEOID":"484391115572"}},{"arcs":[[2213,-595,-1331,-1591]],"type":"Polygon","properties":{"GEOID":"484391115301"}},{"arcs":[[2214,2215,2216,2217,2218,2219]],"type":"Polygon","properties":{"GEOID":"484391132102"}},{"arcs":[[2220,-261,-1193,-2009,2221,2222]],"type":"Polygon","properties":{"GEOID":"484391139306"}},{"arcs":[[-2069,2223]],"type":"Polygon","properties":{"GEOID":"484391115441"}},{"arcs":[[2224,-529,-1635,2225,2226,2227]],"type":"Polygon","properties":{"GEOID":"484391049001"}},{"arcs":[[2228,2229,2230,-1643,2231,-1995]],"type":"Polygon","properties":{"GEOID":"484391217024"}},{"arcs":[[2232,2233,2234,2235,2236]],"type":"Polygon","properties":{"GEOID":"484391055201"}},{"arcs":[[2237,2238,2239,2240,-1158,-862,2241,-858,-993,2242]],"type":"Polygon","properties":{"GEOID":"484391216091"}},{"arcs":[[2243,2244,2245,-1454,2246]],"type":"Polygon","properties":{"GEOID":"484391136122"}},{"arcs":[[2247,2248,-996,-1836,2249,2250,2251,2252]],"type":"Polygon","properties":{"GEOID":"484391114052"}},{"arcs":[[2253,2254,-542,2255,-504,2256,2257]],"type":"Polygon","properties":{"GEOID":"484391115411"}},{"arcs":[[-2022,-799,-1427,2258,-974,-794]],"type":"Polygon","properties":{"GEOID":"484391134071"}},{"arcs":[[-2125,-1553,2259,-991,-1191,2260]],"type":"Polygon","properties":{"GEOID":"484391139316"}},{"arcs":[[-208,2261,-2078,2262]],"type":"Polygon","properties":{"GEOID":"484391136223"}},{"arcs":[[2263,2264,-81,-669,-2021]],"type":"Polygon","properties":{"GEOID":"484391003003"}},{"arcs":[[-1815,-1054,2265,-319,2266,2267]],"type":"Polygon","properties":{"GEOID":"484391024013"}},{"arcs":[[2268,-1568,2269,2270,2271,2272,2273,2274]],"type":"Polygon","properties":{"GEOID":"484391110181"}},{"arcs":[[-950,-2034,-1470,2275,2276,2277]],"type":"Polygon","properties":{"GEOID":"484391109052"}},{"arcs":[[-133,-1613,-2195,-17,2278,2279,2280,2281,-2024]],"type":"Polygon","properties":{"GEOID":"484391048021"}},{"arcs":[[-11,2282,2283,2284,2285,2286,-1644,-2231,2287]],"type":"Polygon","properties":{"GEOID":"484391130051"}},{"arcs":[[-1346,-1629,-1218,2288]],"type":"Polygon","properties":{"GEOID":"484391113113"}},{"arcs":[[-960,2289,2290]],"type":"Polygon","properties":{"GEOID":"484391108091"}},{"arcs":[[-1803,2291,2292,-1145,-1147,2293]],"type":"Polygon","properties":{"GEOID":"484391107061"}},{"arcs":[[-2103,2294,-173,2295]],"type":"Polygon","properties":{"GEOID":"484391139442"}},{"arcs":[[2296,2297]],"type":"Polygon","properties":{"GEOID":"484391055141"}},{"arcs":[[-1888,2298,2299]],"type":"Polygon","properties":{"GEOID":"484391115551"}},{"arcs":[[-1672,2300,-2127,2301]],"type":"Polygon","properties":{"GEOID":"484391057012"}},{"arcs":[[2302,2303,2304,2305,2306,2307]],"type":"Polygon","properties":{"GEOID":"484391141083"}},{"arcs":[[2308,-1464,2309,-1770,-1882,2310,2311,-1691,2312]],"type":"Polygon","properties":{"GEOID":"484391050074"}},{"arcs":[[2313,-380,2314,2315,-1918,-1108,2316,-109,2317,2318]],"type":"Polygon","properties":{"GEOID":"484391115361"}},{"arcs":[[-1418,-401,2319]],"type":"Polygon","properties":{"GEOID":"484391114102"}},{"arcs":[[2320,-232,2321,2322,-2229,-1994,-1760]],"type":"Polygon","properties":{"GEOID":"484391217022"}},{"arcs":[[-708,2323,2324,-1706,2325]],"type":"Polygon","properties":{"GEOID":"484391139121"}},{"arcs":[[2326,2327,-766,2328,2329]],"type":"Polygon","properties":{"GEOID":"484391141123"}},{"arcs":[[2330,2331,-774,-1843,-1455,2332]],"type":"Polygon","properties":{"GEOID":"484391136131"}},{"arcs":[[-452,2333,2334,-2097,-2331,2335,2336]],"type":"Polygon","properties":{"GEOID":"484391136123"}},{"arcs":[[-2312,2337,-1786,-1692]],"type":"Polygon","properties":{"GEOID":"484391050072"}},{"arcs":[[2338,2339,2340,2341,2342,2343,2344,-1434]],"type":"Polygon","properties":{"GEOID":"484391006012"}},{"arcs":[[-1525,2345,2346,2347]],"type":"Polygon","properties":{"GEOID":"484391115721"}},{"arcs":[[-1104,-1727,2348,-65,2349,-1916,-2316,2350]],"type":"Polygon","properties":{"GEOID":"484391130072"}},{"arcs":[[2351,-455,-540,-592]],"type":"Polygon","properties":{"GEOID":"484391115404"}},{"arcs":[[-484,2352,-553,2353,2354,-762,2355]],"type":"Polygon","properties":{"GEOID":"484391141132"}},{"arcs":[[2356,2357,-135,-2026,-1670]],"type":"Polygon","properties":{"GEOID":"484391056002"}},{"arcs":[[2358,-1171,2359,2360,2361,2362,2363]],"type":"Polygon","properties":{"GEOID":"484391139192"}},{"arcs":[[2364,-1289,-1788]],"type":"Polygon","properties":{"GEOID":"484391102052"}},{"arcs":[[2365,-1318,2366,2367]],"type":"Polygon","properties":{"GEOID":"484391110223"}},{"arcs":[[-980,-2001,2368,2369,2370,-2215]],"type":"Polygon","properties":{"GEOID":"484391138141"}},{"arcs":[[2371,-1947,2372,-2138,-1952,-923,2373,2374,-523,2375,2376,2377]],"type":"Polygon","properties":{"GEOID":"484391137131"}},{"arcs":[[2378,2379,-2060]],"type":"Polygon","properties":{"GEOID":"484391059022"}},{"arcs":[[-1243,2380,-1785,-730,2381]],"type":"Polygon","properties":{"GEOID":"484391061023"}},{"arcs":[[-247,-1087,2382,2383,-1721,-456,-2352,2384]],"type":"Polygon","properties":{"GEOID":"484391115253"}},{"arcs":[[-26,2385,2386,2387]],"type":"Polygon","properties":{"GEOID":"484391065261"}},{"arcs":[[2388,2389,-618,-2357,-1669,2390,2391]],"type":"Polygon","properties":{"GEOID":"484391054041"}},{"arcs":[[2392,2393,2394,2395,-975]],"type":"Polygon","properties":{"GEOID":"484391134073"}},{"arcs":[[-507,-442,2396,-1601,2397,2398,-1295]],"type":"Polygon","properties":{"GEOID":"484391044001"}},{"arcs":[[-680,2399,2400,-1641,-156,2401,2402]],"type":"Polygon","properties":{"GEOID":"484391035002"}},{"arcs":[[2403,-70,-824,-1571]],"type":"Polygon","properties":{"GEOID":"484391235001"}},{"arcs":[[2404,-773,-136,-768,2405,-1984]],"type":"Polygon","properties":{"GEOID":"484391136182"}},{"arcs":[[2406,2407,2408,-2180,2409]],"type":"Polygon","properties":{"GEOID":"484391112023"}},{"arcs":[[2410,-1250,2411,2412]],"type":"Polygon","properties":{"GEOID":"484391115342"}},{"arcs":[[2413,-1059,-1901,-514,-1624,-2297]],"type":"Polygon","properties":{"GEOID":"484391055053"}},{"arcs":[[-840,2414,2415,-1220,2416,2417,2418]],"type":"Polygon","properties":{"GEOID":"484391113042"}},{"arcs":[[-1887,-628,2419,2420,2421,-2299]],"type":"Polygon","properties":{"GEOID":"484391115553"}},{"arcs":[[-811,2422,2423,2424,2425]],"type":"Polygon","properties":{"GEOID":"484391131042"}},{"arcs":[[-1563,-1048,-1486,-1958,-1098,-1683,2426]],"type":"Polygon","properties":{"GEOID":"484391109012"}},{"arcs":[[-262,-2221,2427,-2073,-1535]],"type":"Polygon","properties":{"GEOID":"484391139305"}},{"arcs":[[-1150,-1690,2428,2429,-945]],"type":"Polygon","properties":{"GEOID":"484391107043"}},{"arcs":[[-1939,-1904,-2072,2430,-1073]],"type":"Polygon","properties":{"GEOID":"484391062022"}},{"arcs":[[2431,-192,2432,2433,2434]],"type":"Polygon","properties":{"GEOID":"484391115661"}},{"arcs":[[2435,-2347,2436,-626,-1080,2437,2438]],"type":"Polygon","properties":{"GEOID":"484391115381"}},{"arcs":[[2439,2440,2441,-2324,-707,-408]],"type":"Polygon","properties":{"GEOID":"484391139123"}},{"arcs":[[2442,2443,-1197,-1335]],"type":"Polygon","properties":{"GEOID":"484391140151"}},{"arcs":[[-1783,-1542,-1548]],"type":"Polygon","properties":{"GEOID":"484391219051"}},{"arcs":[[2444,2445,-2275,2446,2447]],"type":"Polygon","properties":{"GEOID":"484391110102"}},{"arcs":[[2448,-1460,-2098,2449]],"type":"Polygon","properties":{"GEOID":"484391139392"}},{"arcs":[[2450,-1413,2451,2452,2453]],"type":"Polygon","properties":{"GEOID":"484391055034"}},{"arcs":[[2454,-1447,2455,2456,-2214,2457]],"type":"Polygon","properties":{"GEOID":"484391115532"}},{"arcs":[[-787,2458]],"type":"Polygon","properties":{"GEOID":"484391135123"}},{"arcs":[[-1723,-1623,-2047,2459,2460]],"type":"Polygon","properties":{"GEOID":"484391132121"}},{"arcs":[[2461,2462,2463,-1396,2464,-235]],"type":"Polygon","properties":{"GEOID":"484391065121"}},{"arcs":[[2465,-1021,2466]],"type":"Polygon","properties":{"GEOID":"484391050091"}},{"arcs":[[2467,-2364,2468,2469,2470,-985]],"type":"Polygon","properties":{"GEOID":"484391139242"}},{"arcs":[[-252,2471,2472,2473,2474,2475,2476]],"type":"Polygon","properties":{"GEOID":"484391142073"}},{"arcs":[[2477,-1528,2478,2479,2480]],"type":"Polygon","properties":{"GEOID":"484391136301"}},{"arcs":[[2481,2482,-1534,-416,-764]],"type":"Polygon","properties":{"GEOID":"484391141112"}},{"arcs":[[-772,-789,2483,-310,2484,-1967,-1897,2485,-138]],"type":"Polygon","properties":{"GEOID":"484391135111"}},{"arcs":[[-1948,-2372,2486,-1202]],"type":"Polygon","properties":{"GEOID":"484391139572"}},{"arcs":[[2487,-2080,-1453,-2478,-2094]],"type":"Polygon","properties":{"GEOID":"484391136262"}},{"arcs":[[2488,-2286,2489,-63,-2349,-1726]],"type":"Polygon","properties":{"GEOID":"484391130073"}},{"arcs":[[2490,2491,2492,2493]],"type":"Polygon","properties":{"GEOID":"484391142041"}},{"arcs":[[-10,-599,-1231,-2042,2494,-94,-313,2495,2496,2497,-570,2498,-2283]],"type":"Polygon","properties":{"GEOID":"484391130031"}},{"arcs":[[2499,2500,2501,-555]],"type":"Polygon","properties":{"GEOID":"484391139413"}},{"arcs":[[2502,2503,-897,-1271,-2401]],"type":"Polygon","properties":{"GEOID":"484391035004"}},{"arcs":[[2504,2505,2506]],"type":"Polygon","properties":{"GEOID":"484391059023"}},{"arcs":[[-2274,2507,2508,-2447]],"type":"Polygon","properties":{"GEOID":"484391110182"}},{"arcs":[[-128,-1297,-572,2509,2510]],"type":"Polygon","properties":{"GEOID":"484391042041"}},{"arcs":[[-2135,-1738,-387,2511,-2318,-111,2512,2513,-1090]],"type":"Polygon","properties":{"GEOID":"484391115703"}},{"arcs":[[-12,-2288,-2230,-2323]],"type":"Polygon","properties":{"GEOID":"484391217021"}},{"arcs":[[2514,2515,-611,2516]],"type":"Polygon","properties":{"GEOID":"484391057053"}},{"type":null,"properties":{"GEOID":"484391115255"}},{"arcs":[[-2356,-761,2517]],"type":"Polygon","properties":{"GEOID":"484391141121"}},{"arcs":[[-2169,2518,2519,-1450]],"type":"Polygon","properties":{"GEOID":"484391136242"}},{"arcs":[[-1697,-919,-1988,-1950,2520,-536]],"type":"Polygon","properties":{"GEOID":"484391137142"}},{"arcs":[[-1128,-2147,-1531,-1891,-1131]],"type":"Polygon","properties":{"GEOID":"484391110192"}},{"arcs":[[-2454,2521,2522]],"type":"Polygon","properties":{"GEOID":"484391055033"}},{"arcs":[[2523,-316,-640,2524,-1280,2525,2526,-1431,2527,-1976,-1415]],"type":"Polygon","properties":{"GEOID":"484391054051"}},{"arcs":[[-837,-847,2528,-364,-1125,2529,-75]],"type":"Polygon","properties":{"GEOID":"484391115592"}},{"arcs":[[-1789,-1294,-1973,2530,-2228,-907,2531,2532]],"type":"Polygon","properties":{"GEOID":"484391050094"}},{"arcs":[[-1621,-694,2533,2534,2535,2536,-1368,-2048]],"type":"Polygon","properties":{"GEOID":"484391132132"}},{"arcs":[[2537,-1387,2538,-2517,-610,-1066]],"type":"Polygon","properties":{"GEOID":"484391057052"}},{"arcs":[[2539,2540,-935,2541,-2313,-1694,-1791,2542,2543]],"type":"Polygon","properties":{"GEOID":"484391050082"}},{"arcs":[[-2479,-188,2544,2545,-2194,2546]],"type":"Polygon","properties":{"GEOID":"484391136293"}},{"arcs":[[2547,-399,-59,-1188,2548,-2519]],"type":"Polygon","properties":{"GEOID":"484391136241"}},{"arcs":[[2549,-2005,-460,-747,2550]],"type":"Polygon","properties":{"GEOID":"484391021011"}},{"arcs":[[-462,-2004,-757,2551,-2202,-1277,-2164,-1650,2552]],"type":"Polygon","properties":{"GEOID":"484391020002"}},{"arcs":[[2553,2554,2555,2556,2557,-1574,2558,-1207]],"type":"Polygon","properties":{"GEOID":"484391232003"}},{"arcs":[[-1000,2559,-2458,-1590,-343,2560]],"type":"Polygon","properties":{"GEOID":"484391115461"}},{"arcs":[[2561,-717,-489,-2118,-1821,2562,2563,2564,2565]],"type":"Polygon","properties":{"GEOID":"484391230011"}},{"arcs":[[2566,-288,2567,2568,2569,-305,2570]],"type":"Polygon","properties":{"GEOID":"484391225001"}},{"arcs":[[-2172,-1029,2571,-937,2572,-2540,2573]],"type":"Polygon","properties":{"GEOID":"484391050083"}},{"arcs":[[-1636,2574,-271,-1355,2575,-1846]],"type":"Polygon","properties":{"GEOID":"484391103011"}},{"arcs":[[2576,2577,-1801,2578]],"type":"Polygon","properties":{"GEOID":"484391107053"}},{"arcs":[[-353,2579,-1569,2580]],"type":"Polygon","properties":{"GEOID":"484391235002"}},{"arcs":[[2581,2582,-1627,2583,2584,-1161]],"type":"Polygon","properties":{"GEOID":"484391055171"}},{"arcs":[[2585,-27,-2388,2586,-433,2587,-169,2588]],"type":"Polygon","properties":{"GEOID":"484391065263"}},{"arcs":[[-5,2589,-930,-1792]],"type":"Polygon","properties":{"GEOID":"484391135204"}},{"arcs":[[-763,-2355,2590,-557,2591,2592,2593,-2199,2594,-2482]],"type":"Polygon","properties":{"GEOID":"484391139324"}},{"arcs":[[2595,-803,-1009,-1857]],"type":"Polygon","properties":{"GEOID":"484391138094"}},{"arcs":[[2596,2597,2598,-1733,2599]],"type":"Polygon","properties":{"GEOID":"484391138161"}},{"arcs":[[-2480,-2547,-2193,2600]],"type":"Polygon","properties":{"GEOID":"484391136303"}},{"arcs":[[-187,-1963,2601,-2545]],"type":"Polygon","properties":{"GEOID":"484391136283"}},{"arcs":[[-748,-463,-2553,-1649,-1579]],"type":"Polygon","properties":{"GEOID":"484391027002"}},{"arcs":[[-1269,-1287,-1282,2602,-638,2603,2604,-1052]],"type":"Polygon","properties":{"GEOID":"484391026012"}},{"arcs":[[-421,2605,-2177,2606,-116,-1741,2607,2608]],"type":"Polygon","properties":{"GEOID":"484391014012"}},{"arcs":[[2609,2610,2611,-2209,2612]],"type":"Polygon","properties":{"GEOID":"484391012021"}},{"arcs":[[2613,-904,-2056,2614,2615,-2556]],"type":"Polygon","properties":{"GEOID":"484391012022"}},{"arcs":[[-2227,2616,-2057,-903,-908]],"type":"Polygon","properties":{"GEOID":"484391001011"}},{"arcs":[[-161,2617,-375,2618,-1681]],"type":"Polygon","properties":{"GEOID":"484391220012"}},{"arcs":[[-954,-1105,-2351,-2315,-379]],"type":"Polygon","properties":{"GEOID":"484391219081"}},{"arcs":[[-1912,-2287,-2489,-1728,-1102,-376,-2618,-160]],"type":"Polygon","properties":{"GEOID":"484391219041"}},{"arcs":[[-494,-957,2619,2620,-939]],"type":"Polygon","properties":{"GEOID":"484391115222"}},{"arcs":[[-1349,2621,2622,-2043,2623]],"type":"Polygon","properties":{"GEOID":"484391108051"}},{"arcs":[[2624,-2493,2625,-1436,2626,-249,2627]],"type":"Polygon","properties":{"GEOID":"484391142052"}},{"arcs":[[2628,-2435,2629,2630,2631,-1658]],"type":"Polygon","properties":{"GEOID":"484391115652"}},{"arcs":[[2632,-2111,-1565,2633,2634,2635]],"type":"Polygon","properties":{"GEOID":"484391108074"}},{"arcs":[[2636,2637,2638,2639,2640,2641]],"type":"Polygon","properties":{"GEOID":"484391112041"}},{"arcs":[[-621,-268,2642,2643,2644]],"type":"Polygon","properties":{"GEOID":"484391113173"}},{"arcs":[[2645,-2062,2646,-2506,2647,2648,-2407,2649,2650,2651,2652,-1495]],"type":"Polygon","properties":{"GEOID":"484391060023"}},{"arcs":[[2653,-76,2654,2655,-1445]],"type":"Polygon","properties":{"GEOID":"484391115533"}},{"arcs":[[-965,-1487,-1562,-1135,-1043,2656]],"type":"Polygon","properties":{"GEOID":"484391052061"}},{"arcs":[[2657,2658,2659,-2421,2660,-190,-1299]],"type":"Polygon","properties":{"GEOID":"484391115632"}},{"arcs":[[-2635,2661,-1970,2662,2663]],"type":"Polygon","properties":{"GEOID":"484391108081"}},{"arcs":[[2664,2665,-1341,2666]],"type":"Polygon","properties":{"GEOID":"484391113161"}},{"arcs":[[-1564,-2427,-1687,-1556,2667,-2634]],"type":"Polygon","properties":{"GEOID":"484391109013"}},{"arcs":[[2668,-2015,2669,-440,-506,-705,-125]],"type":"Polygon","properties":{"GEOID":"484391237001"}},{"arcs":[[-1144,2670,-1688,-1148]],"type":"Polygon","properties":{"GEOID":"484391107041"}},{"arcs":[[-381,-2314,2671]],"type":"Polygon","properties":{"GEOID":"484391115363"}},{"arcs":[[-2063,-2646,-1494,2672]],"type":"Polygon","properties":{"GEOID":"484391060022"}},{"arcs":[[2673,2674,2675,-2648]],"type":"Polygon","properties":{"GEOID":"484391111022"}},{"arcs":[[2676,-2002,-2561,2677,2678,-855]],"type":"Polygon","properties":{"GEOID":"484391115464"}},{"arcs":[[-1713,-698,2679,-24,-2586,2680]],"type":"Polygon","properties":{"GEOID":"484391065251"}},{"arcs":[[2681,2682,2683]],"type":"Polygon","properties":{"GEOID":"484391112042"}},{"arcs":[[-2539,-1386,2684,-2515]],"type":"Polygon","properties":{"GEOID":"484391057061"}},{"arcs":[[-1154,2685,-2188,2686,2687]],"type":"Polygon","properties":{"GEOID":"484391131122"}},{"arcs":[[-2650,-2410,-2182,2688,2689,2690,2691]],"type":"Polygon","properties":{"GEOID":"484391112024"}},{"arcs":[[-2016,-2669,-124]],"type":"Polygon","properties":{"GEOID":"484391237003"}},{"arcs":[[2692,2693,-2564]],"type":"Polygon","properties":{"GEOID":"484391230013"}},{"arcs":[[-317,-2524,-1414,-667,-1867,2694]],"type":"Polygon","properties":{"GEOID":"484391054081"}},{"arcs":[[2695,2696,-2472,-251]],"type":"Polygon","properties":{"GEOID":"484391142062"}},{"arcs":[[-1435,-2345,2697,-2696,-250,-2627]],"type":"Polygon","properties":{"GEOID":"484391142061"}},{"arcs":[[2698,2699,-714,-2562,2700,-1142]],"type":"Polygon","properties":{"GEOID":"484391106002"}},{"arcs":[[-2692,2701,-2651]],"type":"Polygon","properties":{"GEOID":"484391112021"}},{"arcs":[[2702,-172,-1875,-1747,-743,-1966]],"type":"Polygon","properties":{"GEOID":"484391065191"}},{"arcs":[[-614,2703,2704,2705]],"type":"Polygon","properties":{"GEOID":"484391110252"}},{"arcs":[[-1834,-405,2706,2707,-2113,2708]],"type":"Polygon","properties":{"GEOID":"484391115323"}},{"arcs":[[2709,-415,-1648,-32,2710,-1013]],"type":"Polygon","properties":{"GEOID":"484391139201"}},{"arcs":[[-1586,2711,-725,-2148]],"type":"Polygon","properties":{"GEOID":"484391005063"}},{"arcs":[[2712,-1422,2713,2714,2715,-1306]],"type":"Polygon","properties":{"GEOID":"484391008003"}},{"arcs":[[2716,2717,2718,2719]],"type":"Polygon","properties":{"GEOID":"484391133021"}},{"arcs":[[-2470,2720,2721,-1794,2722,2723]],"type":"Polygon","properties":{"GEOID":"484391139251"}},{"arcs":[[-704,-976,-2396,2724,-139,2725,-1316,2726,2727,-2386,-25,-2680]],"type":"Polygon","properties":{"GEOID":"484391065093"}},{"arcs":[[-1378,-1736,2728,-47,-53,-1392]],"type":"Polygon","properties":{"GEOID":"484391138122"}},{"arcs":[[2729,2730,-466,2731]],"type":"Polygon","properties":{"GEOID":"484391140032"}},{"arcs":[[-2531,-1974,-298,-527,-2225]],"type":"Polygon","properties":{"GEOID":"484391049002"}},{"arcs":[[2732,2733,-1945,-2020,-1566,-2269]],"type":"Polygon","properties":{"GEOID":"484391110312"}},{"arcs":[[2734,2735,2736,-2440,-407,-1780,2737]],"type":"Polygon","properties":{"GEOID":"484391139531"}},{"arcs":[[2738,-2115,2739,2740,2741,-1746,-967,-619,2742,-2251]],"type":"Polygon","properties":{"GEOID":"484391114082"}},{"arcs":[[-981,-2220,-1870,-2163,2743]],"type":"Polygon","properties":{"GEOID":"484391132104"}},{"arcs":[[-2676,2744,2745,-2408,-2649]],"type":"Polygon","properties":{"GEOID":"484391060043"}},{"arcs":[[-2204,2746,-733,-245,-997,-2249,2747,-2745,-2675]],"type":"Polygon","properties":{"GEOID":"484391111021"}},{"arcs":[[-712,2748,2749,2750]],"type":"Polygon","properties":{"GEOID":"484391104011"}},{"arcs":[[2751,2752,2753,2754,-242,-18,2755,2756,2757,-2577]],"type":"Polygon","properties":{"GEOID":"484391006022"}},{"arcs":[[-719,-537,-2521,-1949,-2137]],"type":"Polygon","properties":{"GEOID":"484391137111"}},{"arcs":[[-2757,2758,-2699,-1141,-2293,2759]],"type":"Polygon","properties":{"GEOID":"484391006024"}},{"arcs":[[-1588,-2150,2760,2761,2762]],"type":"Polygon","properties":{"GEOID":"484391104021"}},{"arcs":[[2763,2764,2765,-2423,-810,2766]],"type":"Polygon","properties":{"GEOID":"484391131191"}},{"arcs":[[-1662,2767,-728,2768,-1879,2769]],"type":"Polygon","properties":{"GEOID":"484391139174"}},{"arcs":[[2770,-2081,-2488,-2093,-2335]],"type":"Polygon","properties":{"GEOID":"484391136251"}},{"arcs":[[-2546,2771,-770,-2405,-1594]],"type":"Polygon","properties":{"GEOID":"484391136184"}},{"arcs":[[-1253,2772,-2247,-1457,-1842,2773,2774,-2165]],"type":"Polygon","properties":{"GEOID":"484391136133"}},{"arcs":[[-2217,2775,-454,2776,-2245,2777]],"type":"Polygon","properties":{"GEOID":"484391136113"}},{"arcs":[[2778,-1920,-1466,-1840]],"type":"Polygon","properties":{"GEOID":"484391135172"}},{"arcs":[[2779,-1027,-1921,-2779,2780]],"type":"Polygon","properties":{"GEOID":"484391135171"}},{"arcs":[[-196,-108,2781,-1311,2782,-1632]],"type":"Polygon","properties":{"GEOID":"484391135131"}},{"arcs":[[-1841,-1468,2783,2784,-790]],"type":"Polygon","properties":{"GEOID":"484391135091"}},{"arcs":[[-1655,2785,2786,2787,-1257]],"type":"Polygon","properties":{"GEOID":"484391135191"}},{"arcs":[[-801,-2023,-792,-701,-641]],"type":"Polygon","properties":{"GEOID":"484391134081"}},{"arcs":[[2788,2789,2790,-2536]],"type":"Polygon","properties":{"GEOID":"484391134032"}},{"arcs":[[-256,-2086,2791,-423,2792,2793]],"type":"Polygon","properties":{"GEOID":"484391132161"}},{"arcs":[[2794,-1932,-2186]],"type":"Polygon","properties":{"GEOID":"484391131102"}},{"arcs":[[2795,2796,-144,2797,2798,2799]],"type":"Polygon","properties":{"GEOID":"484391139063"}},{"arcs":[[-2438,-1081,-624,2800]],"type":"Polygon","properties":{"GEOID":"484391115382"}},{"arcs":[[2801,-2290,-959,-321,-1972,-1113,-951,-2278,-2237,2802,2803]],"type":"Polygon","properties":{"GEOID":"484391109061"}},{"arcs":[[-16,-1975,-1079,-2064,2804,-1083,2805,2806,-2279]],"type":"Polygon","properties":{"GEOID":"484391047022"}},{"arcs":[[-940,-2621,2807,-2383]],"type":"Polygon","properties":{"GEOID":"484391115692"}},{"arcs":[[-2430,-1094,-1957,-389,-1484,-963,-1913]],"type":"Polygon","properties":{"GEOID":"484391052014"}},{"arcs":[[2808,-1350,-2624,-1676,2809]],"type":"Polygon","properties":{"GEOID":"484391108053"}},{"arcs":[[2810,-2129,-1816,-2268,2811,-2131,-1685]],"type":"Polygon","properties":{"GEOID":"484391024023"}},{"arcs":[[-1426,-1986,2812,-2393,-2259]],"type":"Polygon","properties":{"GEOID":"484391134072"}},{"arcs":[[2813,-2684,2814,2815,-2638]],"type":"Polygon","properties":{"GEOID":"484391112043"}},{"arcs":[[-2528,-1430,2816,2817,-2389,2818,-1977]],"type":"Polygon","properties":{"GEOID":"484391054034"}},{"arcs":[[-2756,-23,-715,-2700,-2759]],"type":"Polygon","properties":{"GEOID":"484391006021"}},{"arcs":[[-2000,-1865,2819,-2369]],"type":"Polygon","properties":{"GEOID":"484391136392"}},{"arcs":[[-1663,-2770,-1878,-1768]],"type":"Polygon","properties":{"GEOID":"484391139171"}},{"arcs":[[2820,-755,-1822,-2003,-2550,2821,-1308]],"type":"Polygon","properties":{"GEOID":"484391021023"}},{"arcs":[[2822,-1715,2823,2824,-2719]],"type":"Polygon","properties":{"GEOID":"484391133022"}},{"arcs":[[-497,-113,2825,2826,2827]],"type":"Polygon","properties":{"GEOID":"484391139511"}},{"arcs":[[-2492,2828,-1432,-2626]],"type":"Polygon","properties":{"GEOID":"484391142051"}},{"arcs":[[2829,-1771,-2310,-1463]],"type":"Polygon","properties":{"GEOID":"484391139161"}},{"arcs":[[2830,-1600,2831,2832]],"type":"Polygon","properties":{"GEOID":"484391065091"}},{"arcs":[[-2425,2833,-809,-1933,-2795,-2185,-633]],"type":"Polygon","properties":{"GEOID":"484391131101"}},{"arcs":[[-228,-1504,2834,-1155,-2688,-647,-1597]],"type":"Polygon","properties":{"GEOID":"484391131072"}},{"arcs":[[2835,2836,-1151,-2835,-1503]],"type":"Polygon","properties":{"GEOID":"484391131023"}},{"arcs":[[2837,2838,2839,2840,2841]],"type":"Polygon","properties":{"GEOID":"484391065144"}},{"arcs":[[2842,-2462,-234,2843]],"type":"Polygon","properties":{"GEOID":"484391065122"}},{"arcs":[[-1226,-1004,-2606,-420,2844]],"type":"Polygon","properties":{"GEOID":"484391065071"}},{"arcs":[[-665,-1416,-1981,2845,-143,-1099]],"type":"Polygon","properties":{"GEOID":"484391054052"}},{"arcs":[[2846,2847,2848,-2379,-1506]],"type":"Polygon","properties":{"GEOID":"484391045042"}},{"arcs":[[-895,2849,-830,-835,-1902,-1938,-2178,-1272]],"type":"Polygon","properties":{"GEOID":"484391036012"}},{"arcs":[[-2668,-1561,-2035,-1971,-2662]],"type":"Polygon","properties":{"GEOID":"484391109011"}},{"arcs":[[2850,2851,2852,-1479]],"type":"Polygon","properties":{"GEOID":"484391115684"}},{"arcs":[[-2074,-2428,-2223,-2730,2853]],"type":"Polygon","properties":{"GEOID":"484391140033"}},{"arcs":[[2854,-2173,-2574,-2544,2855,-469]],"type":"Polygon","properties":{"GEOID":"484391050085"}},{"arcs":[[-2222,-2012,2856,2857,-467,-2731]],"type":"Polygon","properties":{"GEOID":"484391139304"}},{"arcs":[[-2820,2858,2859,-450,2860,-2370]],"type":"Polygon","properties":{"GEOID":"484391136391"}},{"arcs":[[-2604,-637,2861]],"type":"Polygon","properties":{"GEOID":"484391025002"}},{"arcs":[[-1053,-2605,-2862,-636,-314,-2266]],"type":"Polygon","properties":{"GEOID":"484391025001"}},{"arcs":[[2862,2863,-1618,-1798,2864]],"type":"Polygon","properties":{"GEOID":"484391055124"}},{"arcs":[[-1067,-2706,2865,-1121,-1472]],"type":"Polygon","properties":{"GEOID":"484391055111"}},{"arcs":[[-341,-2196,-1612,2866]],"type":"Polygon","properties":{"GEOID":"484391048042"}},{"arcs":[[-2399,2867,-337,-1069,-1296]],"type":"Polygon","properties":{"GEOID":"484391044003"}},{"arcs":[[2868,-1244,-2382,-729,2869,2870]],"type":"Polygon","properties":{"GEOID":"484391061022"}},{"arcs":[[-2281,2871,-2806,-1082,-1907,2872]],"type":"Polygon","properties":{"GEOID":"484391058001"}},{"arcs":[[-661,2873,-2871,2874,-2087]],"type":"Polygon","properties":{"GEOID":"484391046032"}},{"arcs":[[2875,-1700,2876,-721,-2139,-2373,2877,2878,-2121],[-916]],"type":"Polygon","properties":{"GEOID":"484391137072"}},{"arcs":[[-2769,-1501,2879,-1291,2880,-1880]],"type":"Polygon","properties":{"GEOID":"484391102061"}},{"arcs":[[2881,-1204,2882,2883,-2105,-1653,2884,2885]],"type":"Polygon","properties":{"GEOID":"484391137092"}},{"arcs":[[2886,-2885,2887,-430,-927]],"type":"Polygon","properties":{"GEOID":"484391136322"}},{"arcs":[[-922,-1990,2888,2889,2890,2891,2892,-1366,2893,-931,-2590,-4,-2106,-2884,2894,-2374]],"type":"Polygon","properties":{"GEOID":"484399800001"}},{"arcs":[[-1467,-1919,-932,-2894,-1365,-2784]],"type":"Polygon","properties":{"GEOID":"484391135103"}},{"arcs":[[2895,-1018,-1722,2896,-1757]],"type":"Polygon","properties":{"GEOID":"484391101043"}},{"arcs":[[-2434,2897,2898,-2630]],"type":"Polygon","properties":{"GEOID":"484391115662"}},{"arcs":[[2899,-307,2900,2901,2902,2903]],"type":"Polygon","properties":{"GEOID":"484391115063"}},{"arcs":[[2904,-1678,-2045,-2109,2905]],"type":"Polygon","properties":{"GEOID":"484391108073"}},{"arcs":[[-2812,-2267,-318,-2695,-2132]],"type":"Polygon","properties":{"GEOID":"484391024021"}},{"arcs":[[-2846,-1980,2906,-1056,2907,2908,-2032,-1868,-1100]],"type":"Polygon","properties":{"GEOID":"484391109032"}},{"arcs":[[-1407,2909,2910,-193,-2432,-2629,-1657,2911]],"type":"Polygon","properties":{"GEOID":"484391115641"}},{"arcs":[[-72,-1545,-382,-2672,-2319,-2512,-386]],"type":"Polygon","properties":{"GEOID":"484391115561"}},{"arcs":[[-110,-2317,-1110,-1526,-2348,-2436,-2513]],"type":"Polygon","properties":{"GEOID":"484391115713"}},{"arcs":[[-2683,2912,2913,-622,-2645,2914,-2815]],"type":"Polygon","properties":{"GEOID":"484391113172"}},{"arcs":[[2915,-1123,2916,2917,-1402,2918,-37]],"type":"Polygon","properties":{"GEOID":"484391110242"}},{"arcs":[[2919,-2253,2920,-2913,2921]],"type":"Polygon","properties":{"GEOID":"484391113171"}},{"arcs":[[-1689,-2671,-1143,-2701,-2566,-1095,-2429]],"type":"Polygon","properties":{"GEOID":"484391107044"}},{"arcs":[[-1175,2922,2923,2924,-2738,-1779,-1184]],"type":"Polygon","properties":{"GEOID":"484391139532"}},{"arcs":[[-1203,-2487,-2378,2925,2926,-1037]],"type":"Polygon","properties":{"GEOID":"484391139581"}},{"arcs":[[2927,2928,-2066,-330,2929,-2901]],"type":"Polygon","properties":{"GEOID":"484391226002"}},{"arcs":[[-2570,2930,-2928,-306]],"type":"Polygon","properties":{"GEOID":"484391225002"}},{"arcs":[[2931,-841,-2419,2932,-1923]],"type":"Polygon","properties":{"GEOID":"484391113043"}},{"arcs":[[2933,-448,2934,-1443,2935]],"type":"Polygon","properties":{"GEOID":"484391115451"}},{"arcs":[[-1222,2936,-998,-879]],"type":"Polygon","properties":{"GEOID":"484391115291"}},{"arcs":[[-2930,-335,-836,-445,2937,-2902]],"type":"Polygon","properties":{"GEOID":"484391226001"}},{"arcs":[[-2569,2938,-2929,-2931]],"type":"Polygon","properties":{"GEOID":"484391225003"}},{"arcs":[[-1996,2939,-1955,2940]],"type":"Polygon","properties":{"GEOID":"484391221003"}},{"arcs":[[-1849,-1997,-2941,-1954,-1439,-1991]],"type":"Polygon","properties":{"GEOID":"484391221002"}},{"arcs":[[-861,-852,-2242]],"type":"Polygon","properties":{"GEOID":"484391216113"}},{"arcs":[[2941,-2091,2942,-273,2943,-1156]],"type":"Polygon","properties":{"GEOID":"484391216102"}},{"arcs":[[-865,-877,-274,-2943,-2090,-2052]],"type":"Polygon","properties":{"GEOID":"484391216084"}},{"arcs":[[-651,2944,2945,-284]],"type":"Polygon","properties":{"GEOID":"484391216052"}},{"arcs":[[-2068,2946,-1488,2947,2948]],"type":"Polygon","properties":{"GEOID":"484391115422"}},{"arcs":[[2949,-2413,2950,-2708,2951]],"type":"Polygon","properties":{"GEOID":"484391115343"}},{"arcs":[[-1592,-1332,2952,2953,2954,-874]],"type":"Polygon","properties":{"GEOID":"484391115331"}},{"arcs":[[-593,-543,-2255,2955,-1227]],"type":"Polygon","properties":{"GEOID":"484391115162"}},{"arcs":[[2956,2957,-2303,2958,2959,2960]],"type":"Polygon","properties":{"GEOID":"484391142031"}},{"arcs":[[-1336,-1199,-883,2961,-1515]],"type":"Polygon","properties":{"GEOID":"484391140062"}},{"arcs":[[-1442,-1886,2962,2963]],"type":"Polygon","properties":{"GEOID":"484391229011"}},{"arcs":[[-2568,-287,-1851,-1993,2964,2965,-2065,-2939]],"type":"Polygon","properties":{"GEOID":"484391224021"}},{"arcs":[[-2705,2966,2967,-739,-1529,-549,2968,-2917,-1122,-2866]],"type":"Polygon","properties":{"GEOID":"484391110262"}},{"arcs":[[-541,-458,-1720,2969,2970,-500,-2256]],"type":"Polygon","properties":{"GEOID":"484391115405"}},{"arcs":[[-1061,2971,2972,-1300]],"type":"Polygon","properties":{"GEOID":"484391055133"}},{"arcs":[[-2919,-1404,2973,-969,2974]],"type":"Polygon","properties":{"GEOID":"484391110231"}},{"arcs":[[-2969,-548,-2918]],"type":"Polygon","properties":{"GEOID":"484391110261"}},{"arcs":[[-2166,-2775,2975,-2534,-693]],"type":"Polygon","properties":{"GEOID":"484391132222"}},{"arcs":[[-1451,-2520,2976,-184,-1527]],"type":"Polygon","properties":{"GEOID":"484391136371"}},{"arcs":[[-1258,-2788,2977,-395,-2548,-2168]],"type":"Polygon","properties":{"GEOID":"484391136233"}},{"arcs":[[-2376,-526,2978]],"type":"Polygon","properties":{"GEOID":"484391136351"}},{"arcs":[[-779,-1423,-797,-1959]],"type":"Polygon","properties":{"GEOID":"484391136073"}},{"arcs":[[2979,-2924,2980,2981]],"type":"Polygon","properties":{"GEOID":"484391139412"}},{"arcs":[[-556,-2502,2982,-1323,-1458,2983,-2592]],"type":"Polygon","properties":{"GEOID":"484391139411"}},{"arcs":[[-1983,2984,2985]],"type":"Polygon","properties":{"GEOID":"484391141092"}},{"arcs":[[-2860,2986,-209,-2263,-2077,-2771,-2334,-451]],"type":"Polygon","properties":{"GEOID":"484391136222"}},{"arcs":[[-1599,2987,-1883,-652,2988,2989]],"type":"Polygon","properties":{"GEOID":"484391216153"}},{"arcs":[[-1884,-1361,2990,2991,-654]],"type":"Polygon","properties":{"GEOID":"484391216133"}},{"arcs":[[-2307,2992,-685,2993,-1183,-689,2994,-2340,2995]],"type":"Polygon","properties":{"GEOID":"484391141071"}},{"arcs":[[2996,-2510,-571,-563,2997]],"type":"Polygon","properties":{"GEOID":"484391043011"}},{"arcs":[[-129,-2511,-2997,2998,2999]],"type":"Polygon","properties":{"GEOID":"484391042042"}},{"arcs":[[-671,-1710,3000,-1304,-578]],"type":"Polygon","properties":{"GEOID":"484391004023"}},{"arcs":[[3001,3002,3003,3004,3005,-1212]],"type":"Polygon","properties":{"GEOID":"484391114094"}},{"arcs":[[3006,-2038,3007,-2642,-325,-1033]],"type":"Polygon","properties":{"GEOID":"484391112033"}},{"arcs":[[3008,3009,-348,-2014,-2201]],"type":"Polygon","properties":{"GEOID":"484391233013"}},{"arcs":[[-2362,3010,-1014,-2711,-726,3011,3012]],"type":"Polygon","properties":{"GEOID":"484391139191"}},{"arcs":[[-2595,3013,-1555,-2126,-2261,-259,-2483]],"type":"Polygon","properties":{"GEOID":"484391139321"}},{"arcs":[[3014,-1518,-1877,-683,-1876,-1516,-2962,-882,-471,3015,3016,-1762,-392,3017,-1437]],"type":"Polygon","properties":{"GEOID":"484391140134"}},{"arcs":[[-2329,-765,-419,3018,3019]],"type":"Polygon","properties":{"GEOID":"484391141102"}},{"arcs":[[-2782,-107,3020,-559,-1312]],"type":"Polygon","properties":{"GEOID":"484391065232"}},{"arcs":[[3021,-2841,3022,3023,-1398]],"type":"Polygon","properties":{"GEOID":"484391065145"}},{"arcs":[[-1314,-1196,3024,-2767,3025,3026]],"type":"Polygon","properties":{"GEOID":"484391131024"}},{"arcs":[[-569,3027,-2284,-2499]],"type":"Polygon","properties":{"GEOID":"484391130042"}},{"arcs":[[-2852,3028,-2667,-1347,-2289,-1217,3029]],"type":"Polygon","properties":{"GEOID":"484391113114"}},{"arcs":[[-2273,3030,-2367,-1317,3031,-2508]],"type":"Polygon","properties":{"GEOID":"484391110222"}},{"arcs":[[-2619,-374,-1544,-1782,-1238]],"type":"Polygon","properties":{"GEOID":"484391219062"}},{"arcs":[[3032,-2336,-2333,-2246]],"type":"Polygon","properties":{"GEOID":"484391136121"}},{"arcs":[[-2827,-2597,3033,-1375,-1391,3034]],"type":"Polygon","properties":{"GEOID":"484391138163"}},{"arcs":[[-1357,-532,3035,3036,3037]],"type":"Polygon","properties":{"GEOID":"484391140112"}},{"arcs":[[-3037,3038,-1582,3039,3040]],"type":"Polygon","properties":{"GEOID":"484391140113"}},{"arcs":[[-2537,-2791,3041,-695,-1712,-1369]],"type":"Polygon","properties":{"GEOID":"484391134103"}},{"arcs":[[-2985,-1982,-1537,-2076,3042,3043]],"type":"Polygon","properties":{"GEOID":"484391141093"}},{"arcs":[[-2584,-1626,-2451,3044]],"type":"Polygon","properties":{"GEOID":"484391055172"}},{"arcs":[[3045,3046,-2965]],"type":"Polygon","properties":{"GEOID":"484391224023"}},{"arcs":[[-372,-635,-2189,-2686,-1153]],"type":"Polygon","properties":{"GEOID":"484391131181"}},{"arcs":[[-2893,3047,-2497,3048,3049,-2183,-1809,-2157,3050,-104]],"type":"Polygon","properties":{"GEOID":"484391065186"}},{"arcs":[[-2761,-2149,-581,3051,-740,-240,3052]],"type":"Polygon","properties":{"GEOID":"484391005042"}},{"arcs":[[-1360,-645,-221,-289,-2567,3053]],"type":"Polygon","properties":{"GEOID":"484391216142"}},{"arcs":[[-1598,-439,-644,-2988]],"type":"Polygon","properties":{"GEOID":"484391216152"}},{"arcs":[[3054,-2330,-3020,3055,3056,3057]],"type":"Polygon","properties":{"GEOID":"484391141052"}},{"arcs":[[-1162,-2585,-3045,-2523,3058,3059]],"type":"Polygon","properties":{"GEOID":"484391055173"}},{"arcs":[[3060,3061,3062]],"type":"Polygon","properties":{"GEOID":"484391115142"}},{"arcs":[[3063,3064,3065,-1853,3066]],"type":"Polygon","properties":{"GEOID":"484391115433"}},{"arcs":[[-3057,3067,-31,3068,-1179,3069,-2305,3070]],"type":"Polygon","properties":{"GEOID":"484391141061"}},{"arcs":[[3071,-2963,-604,-1106,-1753]],"type":"Polygon","properties":{"GEOID":"484391229021"}},{"arcs":[[-2306,-3070,-1178,-2994,-686,-2993]],"type":"Polygon","properties":{"GEOID":"484391141081"}},{"arcs":[[-1412,-591,3072,-2863,-2452]],"type":"Polygon","properties":{"GEOID":"484391055031"}},{"arcs":[[3073,3074,-2443,-1334,3075,3076]],"type":"Polygon","properties":{"GEOID":"484391140144"}},{"arcs":[[-293,3077,3078,-2468,3079]],"type":"Polygon","properties":{"GEOID":"484391139381"}},{"arcs":[[-558,-2591,-2354]],"type":"Polygon","properties":{"GEOID":"484391139323"}},{"arcs":[[-175,3080,3081,3082]],"type":"Polygon","properties":{"GEOID":"484391139501"}},{"arcs":[[-1552,3083,3084,-294,-3080,-984,-2260]],"type":"Polygon","properties":{"GEOID":"484391139371"}},{"arcs":[[3085,3086,3087,-3081]],"type":"Polygon","properties":{"GEOID":"484391139503"}},{"arcs":[[-1827,-1610,3088,-474]],"type":"Polygon","properties":{"GEOID":"484391139472"}},{"arcs":[[-2143,3089,3090,3091]],"type":"Polygon","properties":{"GEOID":"484391139342"}},{"arcs":[[-410,-710,-2598,-2826]],"type":"Polygon","properties":{"GEOID":"484391139512"}},{"arcs":[[-520,-1177,-1187,-2100,3092]],"type":"Polygon","properties":{"GEOID":"484391139433"}},{"arcs":[[-2375,-2895,-2883,-1205,-2882,3093,-524]],"type":"Polygon","properties":{"GEOID":"484391136362"}},{"arcs":[[-3082,-3088,3094,-1825,3095]],"type":"Polygon","properties":{"GEOID":"484391139492"}},{"arcs":[[3096,3097,-3077,-1393,-278,-515,-1181]],"type":"Polygon","properties":{"GEOID":"484391140124"}},{"arcs":[[-1549,-384,-2213,-492]],"type":"Polygon","properties":{"GEOID":"484391115571"}},{"arcs":[[3098,3099,-630,-1889,-2300,-2422,-2660]],"type":"Polygon","properties":{"GEOID":"484391115552"}},{"arcs":[[3100,-2141,-3083,-3096,-1824,-1166]],"type":"Polygon","properties":{"GEOID":"484391139351"}},{"arcs":[[-2981,-2923,-1174,-1325]],"type":"Polygon","properties":{"GEOID":"484391139432"}},{"arcs":[[3101,-2450,-2104,-2296,-2140,3102]],"type":"Polygon","properties":{"GEOID":"484391139391"}},{"arcs":[[-2212,-681,3103,-66,-2404,-1570,-2580,-352]],"type":"Polygon","properties":{"GEOID":"484391231001"}},{"arcs":[[-1060,-2414,-2298,-1628,-2583,3104,-2972]],"type":"Polygon","properties":{"GEOID":"484391055142"}},{"arcs":[[-2412,-1830,-1215,-2114,-2951]],"type":"Polygon","properties":{"GEOID":"484391114024"}},{"arcs":[[-1924,3105,3106,-1245,3107,-1119]],"type":"Polygon","properties":{"GEOID":"484391113081"}},{"arcs":[[-2417,-1219,-1631,3108,3109]],"type":"Polygon","properties":{"GEOID":"484391113123"}},{"arcs":[[-2007,3110,-3065,3111,-1513,-2224,-2949,-1520,-1477,3112]],"type":"Polygon","properties":{"GEOID":"484391115442"}},{"arcs":[[-1315,-3027,-2836,-1502,-226,3113,3114,-2727]],"type":"Polygon","properties":{"GEOID":"484391131021"}},{"arcs":[[-2029,3115,-1925,-831,-828,3116]],"type":"Polygon","properties":{"GEOID":"484391014034"}},{"arcs":[[-2607,-2176,3117,-2027,-117]],"type":"Polygon","properties":{"GEOID":"484391014011"}},{"arcs":[[-1854,-3066,-3111,-2006]],"type":"Polygon","properties":{"GEOID":"484391115444"}},{"arcs":[[3118,-3005,3119,-1476,3120,-2741]],"type":"Polygon","properties":{"GEOID":"484391114072"}},{"arcs":[[3121,-2503,-2400,-679]],"type":"Polygon","properties":{"GEOID":"484391035003"}},{"arcs":[[3122,-658,3123]],"type":"Polygon","properties":{"GEOID":"484391046021"}},{"arcs":[[3124,-3012,-2768,-1661,-1795,-2722]],"type":"Polygon","properties":{"GEOID":"484391139194"}},{"arcs":[[3125,3126,-1301,-2973,-3105,-2582,-1160,3127]],"type":"Polygon","properties":{"GEOID":"484391055131"}},{"arcs":[[-3051,-2158,-1808,-1701,-105]],"type":"Polygon","properties":{"GEOID":"484391065182"}},{"arcs":[[3128,3129,3130,3131]],"type":"Polygon","properties":{"GEOID":"484391113142"}},{"arcs":[[-2766,3132,-870,3133,-807,-2834,-2424]],"type":"Polygon","properties":{"GEOID":"484391131043"}},{"arcs":[[-1735,-982,-2744,-2162,-804,-48,-2729]],"type":"Polygon","properties":{"GEOID":"484391138131"}},{"arcs":[[-2792,-2085,3134,-1251,-424]],"type":"Polygon","properties":{"GEOID":"484391132211"}},{"arcs":[[3135,-427,-690,-1620,-359]],"type":"Polygon","properties":{"GEOID":"484391132174"}},{"arcs":[[-413,-50,-1899,3136,-178,-1647]],"type":"Polygon","properties":{"GEOID":"484391138082"}},{"arcs":[[-1962,-1968,-2485,-309,3137]],"type":"Polygon","properties":{"GEOID":"484391135121"}},{"arcs":[[3138,-584,-2964,-3072,-1752,-844]],"type":"Polygon","properties":{"GEOID":"484391228022"}},{"arcs":[[-3107,3139,3140,-1246]],"type":"Polygon","properties":{"GEOID":"484391113091"}},{"arcs":[[-2476,3141,-1351,-2809,3142,3143,3144,3145]],"type":"Polygon","properties":{"GEOID":"484391108062"}},{"arcs":[[-3104,-2403,3146,3147,-67]],"type":"Polygon","properties":{"GEOID":"484391038001"}},{"arcs":[[3148,3149,-2847,-1505,-1604]],"type":"Polygon","properties":{"GEOID":"484391045053"}},{"arcs":[[-2535,-2976,-2774,-1845,-167,3150,-2789]],"type":"Polygon","properties":{"GEOID":"484391134031"}},{"arcs":[[-83,-1860,-1667,3151,-2532,-906,3152,-2554,-1206,3153]],"type":"Polygon","properties":{"GEOID":"484391002022"}},{"arcs":[[3154,3155,3156,-2239,3157,-42,-1829,-1926,-3116]],"type":"Polygon","properties":{"GEOID":"484391013022"}},{"arcs":[[-2402,-155,3158,-2151,3159,-3147]],"type":"Polygon","properties":{"GEOID":"484391046042"}},{"arcs":[[-1567,-2019,3160,-971,3161,3162,-2270]],"type":"Polygon","properties":{"GEOID":"484391110333"}},{"arcs":[[-2142,-3101,-1165,3163,-3090]],"type":"Polygon","properties":{"GEOID":"484391139352"}},{"arcs":[[3164,-1576,-349,-3010,3165]],"type":"Polygon","properties":{"GEOID":"484391233021"}},{"arcs":[[-431,-2888,-1656,-366,-1256]],"type":"Polygon","properties":{"GEOID":"484391136333"}},{"arcs":[[-1195,-1313,-561,3166,-3049,3167,3168,3169,-2764,-3025]],"type":"Polygon","properties":{"GEOID":"484391131202"}},{"arcs":[[-2693,-2563,3170,-1814,3171]],"type":"Polygon","properties":{"GEOID":"484391230012"}},{"arcs":[[-267,-1120,-3108,-1248,3172,3173,-2643]],"type":"Polygon","properties":{"GEOID":"484391113063"}},{"arcs":[[-2197,-2594,3174,3175,-1551,3176]],"type":"Polygon","properties":{"GEOID":"484391139311"}},{"arcs":[[-1482,3177,-2932,3178,3179]],"type":"Polygon","properties":{"GEOID":"484391115512"}},{"arcs":[[-1281,-2525,-639,-2603]],"type":"Polygon","properties":{"GEOID":"484391026011"}},{"arcs":[[-1500,3180,3181,-1019,-2896,-1756,-2880]],"type":"Polygon","properties":{"GEOID":"484391138112"}},{"arcs":[[-2070,-43,-3158,-2238,3182,3183]],"type":"Polygon","properties":{"GEOID":"484391064001"}},{"arcs":[[-3169,3184,3185,-2040,-479,3186]],"type":"Polygon","properties":{"GEOID":"484391131192"}},{"arcs":[[-1371,-1711,-2823,-2718,3187,-2049]],"type":"Polygon","properties":{"GEOID":"484391133012"}},{"arcs":[[-3141,3188,3189,-3173,-1247]],"type":"Polygon","properties":{"GEOID":"484391113092"}},{"arcs":[[-901,3190,3191,-3156,3192]],"type":"Polygon","properties":{"GEOID":"484391013021"}},{"arcs":[[-769,-140,-2725,-2395,3193]],"type":"Polygon","properties":{"GEOID":"484391136193"}},{"arcs":[[3194,-2952,-2707,-404,3195]],"type":"Polygon","properties":{"GEOID":"484391115321"}},{"arcs":[[3196,-885,-212,-1039,3197,-1998,-2325]],"type":"Polygon","properties":{"GEOID":"484391139081"}},{"arcs":[[-3069,-30,-3097,-1180]],"type":"Polygon","properties":{"GEOID":"484391141062"}},{"arcs":[[-1699,-1729,-534,-718,-2877]],"type":"Polygon","properties":{"GEOID":"484391137103"}},{"arcs":[[-2810,-1675,3198,-3143]],"type":"Polygon","properties":{"GEOID":"484391108063"}},{"arcs":[[-2549,-1190,-185,-2977]],"type":"Polygon","properties":{"GEOID":"484391136373"}},{"arcs":[[-2849,3199,-2206,-677,3200,-2507,-2647,-2061,-2380]],"type":"Polygon","properties":{"GEOID":"484391059021"}},{"arcs":[[3201,-2804,3202,-2445,3203]],"type":"Polygon","properties":{"GEOID":"484391110103"}},{"arcs":[[-1034,-326,-2641,3204,3205,3206]],"type":"Polygon","properties":{"GEOID":"484391110293"}},{"arcs":[[-617,-608,-1807,-1070,-342,-2867,-1611,-131,-2358]],"type":"Polygon","properties":{"GEOID":"484391048041"}},{"arcs":[[-3016,-470,-2856,-2543,-1790,-2533,-3152,-1666,-913,-1022,-2466,3207,-911,3208,-1773,3209]],"type":"Polygon","properties":{"GEOID":"484391050095"}},{"arcs":[[-1326,-521,-3093,-2099,-1459]],"type":"Polygon","properties":{"GEOID":"484391139423"}},{"arcs":[[3210,3211,-3122,-678,-2211]],"type":"Polygon","properties":{"GEOID":"484391015003"}},{"arcs":[[3212,-2257,-503,-1911,-1510,3213]],"type":"Polygon","properties":{"GEOID":"484391115412"}},{"arcs":[[-2818,3214,-605,-616,-2390]],"type":"Polygon","properties":{"GEOID":"484391042021"}},{"arcs":[[-1778,3215,-2890,3216]],"type":"Polygon","properties":{"GEOID":"484391137151"}},{"arcs":[[-3026,-812,-2426,-632,-370,-1152,-2837]],"type":"Polygon","properties":{"GEOID":"484391131022"}},{"arcs":[[-2107,-1793,-2780,3217,3218]],"type":"Polygon","properties":{"GEOID":"484391135194"}},{"arcs":[[-1709,-2059,3219,-1420,-2713,-1305,-3001]],"type":"Polygon","properties":{"GEOID":"484391008002"}},{"arcs":[[3220,-2800,3221,-2736]],"type":"Polygon","properties":{"GEOID":"484391139542"}},{"arcs":[[3222,-3099,3223,3224]],"type":"Polygon","properties":{"GEOID":"484391115131"}},{"arcs":[[3225,3226,3227,-2155,3228]],"type":"Polygon","properties":{"GEOID":"484391113192"}},{"arcs":[[-3046,-1992,-585,-3139,-843,3229,3230]],"type":"Polygon","properties":{"GEOID":"484391224011"}},{"arcs":[[-441,-2670,-354,-2581,-1573,-1602,-2397]],"type":"Polygon","properties":{"GEOID":"484391236001"}},{"arcs":[[-825,-68,-3148,3231,-3149,-1603]],"type":"Polygon","properties":{"GEOID":"484391045052"}},{"arcs":[[-1724,-2461,3232,-1927,3233,3234]],"type":"Polygon","properties":{"GEOID":"484391132063"}},{"arcs":[[3235,-818,-236,-2465,-1401,3236,-3192]],"type":"Polygon","properties":{"GEOID":"484391065131"}},{"arcs":[[-1748,-1874,-2844,-2159,-820,3237]],"type":"Polygon","properties":{"GEOID":"484391065031"}},{"arcs":[[-2908,-1063,-1302,-3127,3238,3239]],"type":"Polygon","properties":{"GEOID":"484391055193"}},{"arcs":[[-2578,-2758,-2760,-2292,-1802]],"type":"Polygon","properties":{"GEOID":"484391107051"}},{"arcs":[[-2146,-1496,-2653,3240,-2690,3241,-2039,-3007,-1032]],"type":"Polygon","properties":{"GEOID":"484391060044"}},{"arcs":[[3242,-1041]],"type":"Polygon","properties":{"GEOID":"484391052042"}},{"arcs":[[3243,-2391,-1674,-510,-1900,3244]],"type":"Polygon","properties":{"GEOID":"484391054043"}},{"arcs":[[-1382,-1388,-2538,-1065,-1616,3245]],"type":"Polygon","properties":{"GEOID":"484391055121"}},{"arcs":[[-3091,-3164,-1164,3246]],"type":"Polygon","properties":{"GEOID":"484391139341"}},{"arcs":[[-3137,-225,-2596,-179]],"type":"Polygon","properties":{"GEOID":"484391138084"}},{"arcs":[[3247,-2904,3248,-1717,3249]],"type":"Polygon","properties":{"GEOID":"484391115064"}},{"arcs":[[-2678,-347,-2411,-2950,-3195,3250]],"type":"Polygon","properties":{"GEOID":"484391115312"}},{"arcs":[[-2959,-2308,-2996,-2339,-1433,-2829,-2491,3251]],"type":"Polygon","properties":{"GEOID":"484391142042"}},{"arcs":[[-2252,-2743,-623,-2914,-2921]],"type":"Polygon","properties":{"GEOID":"484391113183"}},{"arcs":[[-475,-3089,-1609,3252,-2360,-1170,3253]],"type":"Polygon","properties":{"GEOID":"484391139463"}},{"arcs":[[3254,-2982,-1324,-2983,-2501]],"type":"Polygon","properties":{"GEOID":"484391139414"}},{"arcs":[[-3017,-3210,-1772,3255,-2264,-722,-2712,-1585,-1763]],"type":"Polygon","properties":{"GEOID":"484391003001"}},{"arcs":[[3256,3257,3258,-2233,-2277]],"type":"Polygon","properties":{"GEOID":"484391055202"}},{"arcs":[[-1480,-2853,-3030,-1216,-2416,3259]],"type":"Polygon","properties":{"GEOID":"484391115513"}},{"arcs":[[3260,-2123,3261,-145,-2797]],"type":"Polygon","properties":{"GEOID":"484391139552"}},{"arcs":[[-2361,3262,-55,-412,-2710,-1012,-3011]],"type":"Polygon","properties":{"GEOID":"484391139203"}},{"arcs":[[-989,-1465,-2309,3263,-2010]],"type":"Polygon","properties":{"GEOID":"484391139232"}},{"arcs":[[-3224,-2659,3264,-1138]],"type":"Polygon","properties":{"GEOID":"484391115621"}},{"arcs":[[3265,-1805,3266,-2622,-1348,-3142,-2475]],"type":"Polygon","properties":{"GEOID":"484391142072"}},{"arcs":[[-3201,-2205,-2674,-2505]],"type":"Polygon","properties":{"GEOID":"484391111041"}},{"arcs":[[-846,-1754,-1107,-1088,-362,-2529]],"type":"Polygon","properties":{"GEOID":"484391115582"}},{"arcs":[[-2868,-2398,-1606,-1811,-338]],"type":"Polygon","properties":{"GEOID":"484391044002"}},{"arcs":[[3267,-2762,-3053,-239,-2755,3268]],"type":"Polygon","properties":{"GEOID":"484391104022"}},{"arcs":[[3269,-1362,-3265,-2658,-1298,-194,-2911,3270]],"type":"Polygon","properties":{"GEOID":"484391115623"}},{"arcs":[[-3249,-2903,-2938,-444,-2934,3271,-1718]],"type":"Polygon","properties":{"GEOID":"484391115062"}},{"arcs":[[-2025,-2282,-2873,3272,-2301]],"type":"Polygon","properties":{"GEOID":"484391057011"}},{"arcs":[[3273,-1011,3274,-1936,-1015,-3182]],"type":"Polygon","properties":{"GEOID":"484391138102"}},{"arcs":[[-1744,-3179,-1922]],"type":"Polygon","properties":{"GEOID":"484391113071"}},{"arcs":[[-2899,3275,3276,3277,-2631]],"type":"Polygon","properties":{"GEOID":"484391113201"}},{"arcs":[[-3214,-3112,-3064,3278]],"type":"Polygon","properties":{"GEOID":"484391115431"}},{"arcs":[[3279,-2832,-2990,3280,-2839]],"type":"Polygon","properties":{"GEOID":"484391065141"}},{"arcs":[[-1091,3281,-3061,3282,-2970]],"type":"Polygon","properties":{"GEOID":"484391115143"}},{"arcs":[[-1943,-2124,-1473,-1124,-2916,-40,-2017]],"type":"Polygon","properties":{"GEOID":"484391110322"}},{"arcs":[[3283,-2368,-3031,-2272]],"type":"Polygon","properties":{"GEOID":"484391110221"}},{"arcs":[[-2793,-428,-3136,-358]],"type":"Polygon","properties":{"GEOID":"484391132172"}},{"arcs":[[3284,-2609,3285,3286,3287]],"type":"Polygon","properties":{"GEOID":"484391015001"}},{"arcs":[[3288,3289,-498,3290,-3086,-174]],"type":"Polygon","properties":{"GEOID":"484391139505"}},{"arcs":[[3291,-3271,-2910,-1406,3292]],"type":"Polygon","properties":{"GEOID":"484391115622"}},{"arcs":[[-2343,3293,-713,-2751,3294,-2752,-2579,-3266,-2474,3295]],"type":"Polygon","properties":{"GEOID":"484391006011"}},{"arcs":[[-1630,-1344,-1409,3296,3297,-3109]],"type":"Polygon","properties":{"GEOID":"484391113111"}},{"arcs":[[-2946,3298,-851,-1848,-285]],"type":"Polygon","properties":{"GEOID":"484391222002"}},{"arcs":[[-2516,-2685,-1908,-1130,-1134,-1915,-735,-2968,3299,-612]],"type":"Polygon","properties":{"GEOID":"484391057062"}},{"arcs":[[3300,-2891,-3216,-1777,-3217,-2889,3301,-1695,-2876,-2120]],"type":"Polygon","properties":{"GEOID":"484391137153"}},{"arcs":[[-2616,3302,-2610,3303,-2557]],"type":"Polygon","properties":{"GEOID":"484391012023"}},{"arcs":[[3304,-2258,-3213,-3279,-3067,-1852,-2954]],"type":"Polygon","properties":{"GEOID":"484391115434"}},{"arcs":[[-709,-2326,-1705,-152,-977,-1734,-2599]],"type":"Polygon","properties":{"GEOID":"484391138151"}},{"arcs":[[-2514,-2439,-2801,-631,-3100,-3223,3305,-3062,-3282]],"type":"Polygon","properties":{"GEOID":"484391115132"}},{"arcs":[[3306,-485,-2518,-760,-2328]],"type":"Polygon","properties":{"GEOID":"484391141122"}},{"arcs":[[3307,-2160,-819,-3236,-3191,-900]],"type":"Polygon","properties":{"GEOID":"484391013011"}},{"arcs":[[-1784,-2381,-1242,3308,-3183,-2243,-992,-243,-732]],"type":"Polygon","properties":{"GEOID":"484391064002"}},{"arcs":[[-2084,3309,-2773,-1252,-3135]],"type":"Polygon","properties":{"GEOID":"484391132213"}},{"arcs":[[-3006,-3119,-2740,-1213]],"type":"Polygon","properties":{"GEOID":"484391114092"}},{"arcs":[[-1010,-802,-257,-2794,-357,-1937,-3275]],"type":"Polygon","properties":{"GEOID":"484391132162"}},{"arcs":[[-2522,-2453,-2865,-1797,-3,-1941,-2734,3310]],"type":"Polygon","properties":{"GEOID":"484391055152"}},{"arcs":[[3311,-3060,3312,-2235]],"type":"Polygon","properties":{"GEOID":"484391055181"}},{"arcs":[[3313,-328,-1035,3314,-1731]],"type":"Polygon","properties":{"GEOID":"484391110282"}},{"arcs":[[3315,-3277,3316,-3130]],"type":"Polygon","properties":{"GEOID":"484391113141"}},{"arcs":[[-2709,-2116,-2739,-2250,-1835]],"type":"Polygon","properties":{"GEOID":"484391114111"}},{"arcs":[[-2995,-688,3317,-1358,-3038,-3041,3318,3319,-2341]],"type":"Polygon","properties":{"GEOID":"484391067001"}},{"arcs":[[-3222,-2799,3320,-2441,-2737]],"type":"Polygon","properties":{"GEOID":"484391139541"}},{"arcs":[[-1765,-3117,-827,-2850,-894]],"type":"Polygon","properties":{"GEOID":"484391014033"}},{"arcs":[[3321,-2655,-2530,-1126,-2385,-596,-2457]],"type":"Polygon","properties":{"GEOID":"484391115256"}},{"arcs":[[-2687,-2187,-233,-2321,-1759,3322,-1373,-1261,-648]],"type":"Polygon","properties":{"GEOID":"484391217041"}},{"arcs":[[3323,-2170,-1449,-2079]],"type":"Polygon","properties":{"GEOID":"484391136231"}},{"arcs":[[-2787,3324,-3218,-2781,-1839,-396,-2978]],"type":"Polygon","properties":{"GEOID":"484391135161"}},{"arcs":[[-2652,-2702,-2691,-3241]],"type":"Polygon","properties":{"GEOID":"484391060042"}},{"arcs":[[-2974,-1403,-551,-329,-3314,3325,-3162,-970]],"type":"Polygon","properties":{"GEOID":"484391110212"}},{"arcs":[[-674,-875,3326,3327,-3002,-1211]],"type":"Polygon","properties":{"GEOID":"484391114093"}},{"arcs":[[-1438,-3018,-394,-1583,-3039,-3036,-531]],"type":"Polygon","properties":{"GEOID":"484391140103"}},{"arcs":[[-2858,-2174,-2855,-468]],"type":"Polygon","properties":{"GEOID":"484391050084"}},{"arcs":[[-1399,-3024,3328,-655,-2992,3329,3330]],"type":"Polygon","properties":{"GEOID":"484391216123"}},{"arcs":[[-3168,-2496,-312,-96,3331,-3185]],"type":"Polygon","properties":{"GEOID":"484391131221"}},{"arcs":[[3332,3333,3334]],"type":"Polygon","properties":{"GEOID":"484391142033"}},{"arcs":[[-3199,-1679,-2905,3335,-3144]],"type":"Polygon","properties":{"GEOID":"484391108061"}},{"arcs":[[3336,-3043,-2075,-2854,-2732,-465,-1198,-2444,-3075,3337]],"type":"Polygon","properties":{"GEOID":"484391140034"}},{"arcs":[[-1686,-2134,-2190,-1558]],"type":"Polygon","properties":{"GEOID":"484391023022"}},{"arcs":[[-3321,-2798,-149,-884,-3197,-2442]],"type":"Polygon","properties":{"GEOID":"484391139062"}},{"arcs":[[-2875,-2870,-734,-2747,-2203]],"type":"Polygon","properties":{"GEOID":"484391111032"}},{"arcs":[[3338,-2720,-2825,3339,-1353,3340]],"type":"Polygon","properties":{"GEOID":"484391133023"}},{"arcs":[[3341,-477,3342,-3078,-292]],"type":"Polygon","properties":{"GEOID":"484391139363"}},{"arcs":[[-2198,-3177,-1550,-3014]],"type":"Polygon","properties":{"GEOID":"484391139313"}},{"arcs":[[-2656,-3322,-2456,-1446]],"type":"Polygon","properties":{"GEOID":"484391115531"}},{"arcs":[[3343,-1491,3344,-2665,-3029,-2851,-1522]],"type":"Polygon","properties":{"GEOID":"484391115683"}},{"arcs":[[-1329,-3205,-2640,3345,3346]],"type":"Polygon","properties":{"GEOID":"484391110302"}},{"arcs":[[-2096,-891,-775,-2332]],"type":"Polygon","properties":{"GEOID":"484391136292"}},{"arcs":[[-2790,-3151,-643,-1898,-3042]],"type":"Polygon","properties":{"GEOID":"484391134102"}},{"arcs":[[3347,-3245,-1057,-2907,-1979]],"type":"Polygon","properties":{"GEOID":"484391054055"}},{"arcs":[[-2232,-1646,-1340,-1680,-1956,-2940]],"type":"Polygon","properties":{"GEOID":"484391221006"}},{"arcs":[[-947,-1914,-966,-2657,-1042,-3243,-1040,-2110]],"type":"Polygon","properties":{"GEOID":"484391052043"}},{"arcs":[[-1985,-2406,-767,-3194,-2394,-2813]],"type":"Polygon","properties":{"GEOID":"484391136194"}},{"arcs":[[-2786,-1654,-1265,-2108,-3219,-3325]],"type":"Polygon","properties":{"GEOID":"484391135193"}},{"arcs":[[-154,-1894,3348,-3124,-657,-2152,-3159]],"type":"Polygon","properties":{"GEOID":"484391046041"}},{"arcs":[[-3232,-3160,-2154,-2207,-3200,-2848,-3150]],"type":"Polygon","properties":{"GEOID":"484391046052"}},{"arcs":[[-447,-838,-77,-2654,-1444,-2935]],"type":"Polygon","properties":{"GEOID":"484391115522"}},{"arcs":[[-3237,-1400,-3331,3349,-3250,-1223,-2051,3350,-2240,-3157]],"type":"Polygon","properties":{"GEOID":"484391216062"}},{"arcs":[[-3283,-3063,-3306,-3225,-1137,-1909,-501,-2971]],"type":"Polygon","properties":{"GEOID":"484391115141"}},{"arcs":[[-3220,-2058,-84,-3154,-1209,3351,-2714,-1421]],"type":"Polygon","properties":{"GEOID":"484391009001"}},{"arcs":[[-1864,-928,-210,-2987,-2859]],"type":"Polygon","properties":{"GEOID":"484391136394"}},{"arcs":[[-1608,3352,-1389,-3263,-3253]],"type":"Polygon","properties":{"GEOID":"484391139482"}},{"arcs":[[-2565,-2694,-3172,-1813,-2130,-2811,-1684,-1096]],"type":"Polygon","properties":{"GEOID":"484391023011"}},{"arcs":[[3353,-1659,-2632,-3278,-3316,-3129,-3227]],"type":"Polygon","properties":{"GEOID":"484391113193"}},{"arcs":[[-2037,3354,-2922,-2682,-2814,-2637,-3008]],"type":"Polygon","properties":{"GEOID":"484391112031"}},{"arcs":[[-1417,-2679,-3251,-3196,-403]],"type":"Polygon","properties":{"GEOID":"484391115322"}},{"arcs":[[-2750,3355,3356,-2753,-3295]],"type":"Polygon","properties":{"GEOID":"484391066001"}},{"arcs":[[-580,-1303,-1005,-300,-741,-3052]],"type":"Polygon","properties":{"GEOID":"484391105001"}},{"arcs":[[-1469,-2033,-2909,-3240,3357,-3257,-2276]],"type":"Polygon","properties":{"GEOID":"484391055191"}},{"arcs":[[-2840,-3281,-2989,-656,-3329,-3023]],"type":"Polygon","properties":{"GEOID":"484391216122"}},{"arcs":[[-2469,-2363,-3013,-3125,-2721]],"type":"Polygon","properties":{"GEOID":"484391139193"}},{"arcs":[[-1395,-1519,-3015,-280]],"type":"Polygon","properties":{"GEOID":"484391140121"}},{"arcs":[[-2715,-3352,-1208,-2559,-1577,-3165,3358,3359]],"type":"Polygon","properties":{"GEOID":"484391232002"}},{"arcs":[[-3273,-1906,-1384,-2128]],"type":"Polygon","properties":{"GEOID":"484391057013"}},{"arcs":[[-2821,-1307,-2716,-3360,3360,-2552,-756]],"type":"Polygon","properties":{"GEOID":"484391020001"}},{"arcs":[[-3328,3361,-3003]],"type":"Polygon","properties":{"GEOID":"484391114091"}},{"arcs":[[-2807,-2872,-2280]],"type":"Polygon","properties":{"GEOID":"484391058002"}},{"arcs":[[-2600,-1376,-3034]],"type":"Polygon","properties":{"GEOID":"484391138162"}},{"arcs":[[-2955,-1856,-2008,-3113,-3120,-3004,-3362,-3327]],"type":"Polygon","properties":{"GEOID":"484391114071"}},{"arcs":[[-1893,-2179,-1075,-659,-3123,-3349]],"type":"Polygon","properties":{"GEOID":"484391046012"}},{"arcs":[[-1719,-3272,-2936,-1448,-2455,-2560,-999,-2937]],"type":"Polygon","properties":{"GEOID":"484391115452"}},{"arcs":[[-2944,-277,-2677,-854,-860,-1157]],"type":"Polygon","properties":{"GEOID":"484391216111"}},{"arcs":[[-3330,-2991,-3054,-2571,-308,-2900,-3248,-3350]],"type":"Polygon","properties":{"GEOID":"484391115051"}},{"arcs":[[-3287,3362,-898,-2504,-3212]],"type":"Polygon","properties":{"GEOID":"484391014022"}},{"arcs":[[-2067,-1511,-1910,-1364,3363,3364,-1489,-2947]],"type":"Polygon","properties":{"GEOID":"484391115602"}},{"arcs":[[-2948,-1492,-3344,-1521]],"type":"Polygon","properties":{"GEOID":"484391115682"}},{"arcs":[[3365,-3206,-1328,3366]],"type":"Polygon","properties":{"GEOID":"484391110291"}},{"arcs":[[-3351,-2054,-2092,-2942,-1159,-2241]],"type":"Polygon","properties":{"GEOID":"484391216092"}},{"arcs":[[-1881,-2881,-1290,-2365,-1787,-2338,-2311]],"type":"Polygon","properties":{"GEOID":"484391102053"}},{"arcs":[[-3019,-2986,-3044,-3337,-28,-3068,-3056]],"type":"Polygon","properties":{"GEOID":"484391141103"}},{"arcs":[[-1228,-2956,-2254,-3305,-2953]],"type":"Polygon","properties":{"GEOID":"484391115164"}},{"arcs":[[-2689,-2181,-2409,-2746,-2748,-2248,-2920,-3355,-2036,-3242]],"type":"Polygon","properties":{"GEOID":"484391060041"}},{"arcs":[[-2999,-2998,-567,-1806,-606,-3215,3367]],"type":"Polygon","properties":{"GEOID":"484391042031"}},{"arcs":[[-3359,-3166,-3009,-2200,-3361]],"type":"Polygon","properties":{"GEOID":"484391233012"}},{"arcs":[[-2486,-1896,3368,-1310,-2726]],"type":"Polygon","properties":{"GEOID":"484391065241"}},{"arcs":[[3369,-1428,-2527]],"type":"Polygon","properties":{"GEOID":"484391054032"}},{"arcs":[[-487,-1838,-753,-1309,-2822,-2551,-750,-1755,-1266,-1819,-2117]],"type":"Polygon","properties":{"GEOID":"484391022012"}},{"arcs":[[-2011,-3264,-2542,-934,-2572,-1028,-2171,-2857]],"type":"Polygon","properties":{"GEOID":"484391139302"}},{"arcs":[[-1732,-3315,-3207,-3366,3370,-1320]],"type":"Polygon","properties":{"GEOID":"484391110152"}},{"arcs":[[-2122,-2879,-2878,-1946,-3262]],"type":"Polygon","properties":{"GEOID":"484391139562"}},{"arcs":[[-2342,-3320,3371,-3356,-2749,-711,-3294]],"type":"Polygon","properties":{"GEOID":"484391104013"}},{"arcs":[[-3319,-3040,-1589,-2763,-3268,3372,-3372]],"type":"Polygon","properties":{"GEOID":"484391104014"}},{"arcs":[[3373,-3103,-2144,-3092,-3247,-1169,-3084,-3176]],"type":"Polygon","properties":{"GEOID":"484391139331"}},{"arcs":[[-2371,-2861,-449,-2776,-2216]],"type":"Polygon","properties":{"GEOID":"484391136393"}},{"arcs":[[-3209,-910,-3208,-2467,-1020,-1774]],"type":"Polygon","properties":{"GEOID":"484391050092"}},{"arcs":[[-2471,-2724,3374,-986]],"type":"Polygon","properties":{"GEOID":"484391139241"}},{"arcs":[[-590,-3246,-1615,3375]],"type":"Polygon","properties":{"GEOID":"484391055122"}},{"arcs":[[-1776,-1861,-82,-2265,-3256]],"type":"Polygon","properties":{"GEOID":"484391003004"}},{"arcs":[[3376,-3235,3377,-1540]],"type":"Polygon","properties":{"GEOID":"484391101041"}},{"arcs":[[-3302,-1989,-917,-1696]],"type":"Polygon","properties":{"GEOID":"484391137161"}},{"arcs":[[-3259,3378,-3128,-1163,-3312,-2234]],"type":"Polygon","properties":{"GEOID":"484391055182"}},{"arcs":[[-687,-1182,-518,-1356,-3318]],"type":"Polygon","properties":{"GEOID":"484391140092"}},{"arcs":[[-3047,-3231,-545,-2966]],"type":"Polygon","properties":{"GEOID":"484391224022"}},{"arcs":[[-1146,-943,3379]],"type":"Polygon","properties":{"GEOID":"484391107031"}},{"arcs":[[-2897,-1725,-3377,-1758]],"type":"Polygon","properties":{"GEOID":"484391101042"}},{"arcs":[[-2808,-2620,-956,-1740,-2136,-1089,-78,-2384]],"type":"Polygon","properties":{"GEOID":"484391115693"}},{"arcs":[[-3145,-3336,-2906,-2112,-2633,3380]],"type":"Polygon","properties":{"GEOID":"484391108071"}},{"arcs":[[-3297,-1408,-2912,-1660,-3354,-3226,3381]],"type":"Polygon","properties":{"GEOID":"484391113191"}},{"arcs":[[-511,-1673,-2302,-587,3382]],"type":"Polygon","properties":{"GEOID":"484391055022"}},{"arcs":[[-2742,-3121,-1483,-3180,-1743]],"type":"Polygon","properties":{"GEOID":"484391114062"}},{"arcs":[[-3373,-3269,-2754,-3357]],"type":"Polygon","properties":{"GEOID":"484391066002"}},{"arcs":[[-369,-1260,-2167,-3324,-2262]],"type":"Polygon","properties":{"GEOID":"484391136221"}},{"arcs":[[-791,-2785,-1367,-782,-1960]],"type":"Polygon","properties":{"GEOID":"484391135093"}},{"arcs":[[-1541,-3378,-3234,-1931,3383,-814]],"type":"Polygon","properties":{"GEOID":"484391132064"}},{"arcs":[[-3238,-822,-2161,-3308,-899,-1749]],"type":"Polygon","properties":{"GEOID":"484391065033"}},{"arcs":[[-3114,-230,-1596,-2831,3384]],"type":"Polygon","properties":{"GEOID":"484391131082"}},{"arcs":[[-3332,-95,-2495,-2041,-3186]],"type":"Polygon","properties":{"GEOID":"484391131222"}},{"arcs":[[-2191,-1858,-1007,-3274,-3181,-1499]],"type":"Polygon","properties":{"GEOID":"484391138103"}},{"arcs":[[-512,-3383,-586,-1411,-1625]],"type":"Polygon","properties":{"GEOID":"484391055021"}},{"arcs":[[3385,-2926,-2377,-2979,-525,-3094,-2886,-2887,-926]],"type":"Polygon","properties":{"GEOID":"484391136323"}},{"arcs":[[-436,-2463,-2843,-1873,-170,-2588]],"type":"Polygon","properties":{"GEOID":"484391065211"}},{"arcs":[[-453,-2337,-3033,-2777]],"type":"Polygon","properties":{"GEOID":"484391136112"}},{"arcs":[[-435,-2842,-3022,-1397,-2464]],"type":"Polygon","properties":{"GEOID":"484391065142"}},{"arcs":[[-2226,-1640,-2055,-2617]],"type":"Polygon","properties":{"GEOID":"484391001013"}},{"arcs":[[-3118,-2175,-1750,-902,-3193,-3155,-2028]],"type":"Polygon","properties":{"GEOID":"484391013012"}},{"arcs":[[-3333,3386,-3058,-3071,-2304,-2958,3387]],"type":"Polygon","properties":{"GEOID":"484391141051"}},{"arcs":[[-1820,-1050,-3171]],"type":"Polygon","properties":{"GEOID":"484391230021"}},{"arcs":[[-1481,-3260,-2415,-839,-3178]],"type":"Polygon","properties":{"GEOID":"484391115511"}},{"arcs":[[-808,-3134,-869,-13,-2322,-1934]],"type":"Polygon","properties":{"GEOID":"484391131093"}},{"arcs":[[-1638,-1847,-2576,-1354,-3340,-2824,-1714,-2681,-2589,3388,-1964,-1224,-2845,-422,-3285,-2611,-3303,-2615]],"type":"Polygon","properties":{"GEOID":"484391012011"}},{"arcs":[[-816,3389,-272,-2575,-201]],"type":"Polygon","properties":{"GEOID":"484391101023"}},{"arcs":[[-2018,-38,-2975,-972,-3161]],"type":"Polygon","properties":{"GEOID":"484391110332"}},{"arcs":[[-2095,-2481,-2601,-2192,-889]],"type":"Polygon","properties":{"GEOID":"484391136302"}},{"arcs":[[-3095,-3087,-3291,-2828,-3035,-1390,-3353,-1607,-1826]],"type":"Polygon","properties":{"GEOID":"484391139502"}},{"arcs":[[-1605,-1508,-1234,-1812]],"type":"Polygon","properties":{"GEOID":"484391045031"}},{"arcs":[[-3334,-3388,-2957,3390]],"type":"Polygon","properties":{"GEOID":"484391142032"}},{"arcs":[[-3198,-1038,-2927,-3386,-925,-1863,-1999]],"type":"Polygon","properties":{"GEOID":"484391136403"}},{"arcs":[[-29,-3338,-3074,-3098]],"type":"Polygon","properties":{"GEOID":"484391140143"}},{"arcs":[[-2101,-1186,-1781,-499,-3290,3391]],"type":"Polygon","properties":{"GEOID":"484391139452"}},{"arcs":[[-2612,-3288,-3211,-2210]],"type":"Polygon","properties":{"GEOID":"484391015002"}},{"arcs":[[-2102,-3392,-3289,-2295]],"type":"Polygon","properties":{"GEOID":"484391139451"}},{"arcs":[[-3389,-168,-2703,-1965]],"type":"Polygon","properties":{"GEOID":"484391065151"}},{"arcs":[[-2218,-2778,-2244,-3310,-2083]],"type":"Polygon","properties":{"GEOID":"484391132181"}},{"arcs":[[3392,-1766,-2830,-1462]],"type":"Polygon","properties":{"GEOID":"484391139162"}},{"arcs":[[-2663,-1969,-961,-2291,-2802,-3202,3393]],"type":"Polygon","properties":{"GEOID":"484391108082"}},{"arcs":[[-936,-2541,-2573]],"type":"Polygon","properties":{"GEOID":"484391050086"}},{"arcs":[[-1363,-3270,-3292,-3364]],"type":"Polygon","properties":{"GEOID":"484391115612"}},{"arcs":[[-2558,-3304,-2613,-2208,-1575]],"type":"Polygon","properties":{"GEOID":"484391017001"}},{"arcs":[[-3073,-3376,-1614,-2864]],"type":"Polygon","properties":{"GEOID":"484391055123"}},{"arcs":[[-650,-1374,-3323,-1761,-3299,-2945]],"type":"Polygon","properties":{"GEOID":"484391217032"}},{"arcs":[[-1074,-2431,-2071,-3184,-3309,-1241,-2869,-2874,-660]],"type":"Polygon","properties":{"GEOID":"484391061011"}},{"arcs":[[-1929,3394,-2050,-3188,-2717,-3339,3395]],"type":"Polygon","properties":{"GEOID":"484391133014"}},{"arcs":[[-2219,-2082,-1871]],"type":"Polygon","properties":{"GEOID":"484391132101"}},{"arcs":[[-1084,-2805,-2673,-1493,-1116,-2145,-1127]],"type":"Polygon","properties":{"GEOID":"484391060052"}},{"arcs":[[-2460,-2046,-3395,-1928,-3233]],"type":"Polygon","properties":{"GEOID":"484391132061"}},{"arcs":[[-3076,-1337,-1514,-1394]],"type":"Polygon","properties":{"GEOID":"484391140142"}},{"arcs":[[-3267,-1804,-2294,-3380,-942,-2623]],"type":"Polygon","properties":{"GEOID":"484391107063"}},{"arcs":[[-1279,-130,-3000,-3368,-2817,-1429,-3370,-2526]],"type":"Polygon","properties":{"GEOID":"484391054031"}},{"arcs":[[-1168,-478,-3342,-291,-3085]],"type":"Polygon","properties":{"GEOID":"484391139361"}},{"arcs":[[-3358,-3239,-3126,-3379,-3258]],"type":"Polygon","properties":{"GEOID":"484391055192"}},{"arcs":[[-2765,-3170,-3187,-871,-3133]],"type":"Polygon","properties":{"GEOID":"484391131193"}},{"arcs":[[-3021,-106,-1704,-2184,-3050,-3167,-560]],"type":"Polygon","properties":{"GEOID":"484391065233"}},{"arcs":[[-1633,-2783,-3369,-1895]],"type":"Polygon","properties":{"GEOID":"484391135132"}},{"arcs":[[-3384,-1930,-3396,-3341,-1352,-269,-3390,-815]],"type":"Polygon","properties":{"GEOID":"484391101021"}},{"arcs":[[-3230,-842,-546]],"type":"Polygon","properties":{"GEOID":"484391228012"}},{"arcs":[[-2960,-3252,-2494,-2625,3396]],"type":"Polygon","properties":{"GEOID":"484391142043"}},{"arcs":[[-3286,-2608,-1742,-121,-892,-3363]],"type":"Polygon","properties":{"GEOID":"484391014014"}},{"arcs":[[-3326,-1730,-2366,-3284,-2271,-3163]],"type":"Polygon","properties":{"GEOID":"484391110211"}},{"arcs":[[-1490,-3365,-3293,-1405,-1342,-2666,-3345]],"type":"Polygon","properties":{"GEOID":"484391113162"}},{"arcs":[[-1978,-2819,-2392,-3244,-3348]],"type":"Polygon","properties":{"GEOID":"484391054042"}},{"arcs":[[-2602,-3138,-311,-2484,-788,-2459,-786,-2772]],"type":"Polygon","properties":{"GEOID":"484391135124"}},{"arcs":[[-2593,-2984,-1461,-2449,-3102,-3374,-3175]],"type":"Polygon","properties":{"GEOID":"484391139401"}},{"arcs":[[-3343,-476,-3254,-1172,-2359,-3079]],"type":"Polygon","properties":{"GEOID":"484391139461"}},{"arcs":[[-2803,-2236,-3313,-3059,-3311,-2733,-2446,-3203]],"type":"Polygon","properties":{"GEOID":"484391110101"}},{"arcs":[[-909,-905,-2614,-2555,-3153]],"type":"Polygon","properties":{"GEOID":"484391001022"}},{"arcs":[[-2697,-2698,-2344,-3296,-2473]],"type":"Polygon","properties":{"GEOID":"484391142074"}},{"arcs":[[-994,-857,-1419,-2320,-400,-1833]],"type":"Polygon","properties":{"GEOID":"484391114103"}},{"arcs":[[-3375,-2723,-1796,-3393,-987]],"type":"Polygon","properties":{"GEOID":"484391139252"}},{"arcs":[[-613,-3300,-2967,-2704]],"type":"Polygon","properties":{"GEOID":"484391110251"}},{"arcs":[[-2387,-2728,-3115,-3385,-2833,-3280,-2838,-434,-2587]],"type":"Polygon","properties":{"GEOID":"484391065092"}},{"arcs":[[-3371,-3367,-1330,-3347,3397,-1321]],"type":"Polygon","properties":{"GEOID":"484391110292"}},{"arcs":[[-2418,-3110,-3298,-3382,-3229,-2156,-3228,-3132,3398,-3189,-3140,-3106,-2933]],"type":"Polygon","properties":{"GEOID":"484391113122"}}]}}}