{"type":"Topology","arcs":[[[572,23764],[255,-71],[163,-43],[174,-49],[53,-22],[113,-58],[60,-33]],[[1390,23488],[-68,-111],[-99,-174],[-115,-212],[-36,-62],[-21,-52],[-5,-39],[6,-70],[29,-117]],[[1081,22651],[-22,-23],[1,-16],[-51,-35],[-11,3],[-33,-24],[0,-30],[-13,-29],[-29,-10],[-13,-21],[6,-11],[-17,-16],[-44,4],[-27,-22],[-10,-17],[-48,-19],[8,-20],[-45,-61],[-7,-20],[-47,-17],[-12,2],[-34,-21],[-16,3],[-28,-19],[-41,-8],[-23,3],[-28,-21],[-14,-27],[-26,-26],[-69,-15],[-23,14],[-52,-12],[-31,-13],[-34,-21],[-34,-29],[-13,16],[-25,14],[-27,-13],[-60,-66]],[[89,22028],[-2,31],[-29,59],[42,147],[54,185],[-13,6],[21,24],[35,65],[43,49],[59,134],[19,80],[33,88],[8,54],[-4,69],[-7,55],[0,43],[70,241],[-82,9],[-7,11],[21,48],[30,41],[-1,36],[-14,30],[5,13],[194,-11],[8,229]],[[16778,3592],[47,7],[128,39],[68,29],[100,48],[42,22],[62,44],[337,261],[292,230],[180,140],[236,176],[-90,127],[-23,24],[-58,44],[-83,72],[-78,58],[-21,20],[-140,182],[-38,53],[-60,105],[-35,55],[-10,23],[-5,38],[4,83],[7,44],[25,93],[21,94],[17,111],[1,35],[-7,337],[-8,86],[-16,99],[-20,81],[-129,492],[-6,35],[-9,172],[-4,47],[-32,244],[-14,84],[-33,164],[-24,146]],[[17402,7836],[111,-70],[58,-47],[343,-292],[39,-30],[36,-22],[378,-192],[147,-74],[214,-101],[188,-81],[45,-23],[46,-28],[108,-74]],[[19115,6802],[105,-70],[103,-50],[174,-75],[81,-40],[124,-78]],[[19702,6489],[70,-47],[73,-45],[70,-52],[161,-123],[86,-37],[72,-18],[253,-62],[290,-72],[44,-15],[118,-58]],[[20939,5960],[326,-167],[83,-31],[246,-70],[83,-28],[29,-18],[33,-30],[32,-48],[47,-121],[22,-41],[77,-127],[-20,-23],[-68,-9],[-3,-22],[-14,-3],[-22,-112],[19,-25],[15,-3],[-1,-27],[-10,-49],[1,-54],[18,-19],[-16,-61],[11,-46],[-4,-29],[2,-69],[-2,-74],[4,-7],[-52,-187],[-37,-40],[-20,-1],[-46,-38],[-67,-61],[-36,-29],[-63,-99],[-27,-57]],[[21479,4135],[-33,0],[-40,-11],[-60,-23],[-56,-32],[-18,-22],[-22,-9],[-42,-50],[-44,-83],[-6,-38],[-4,-58],[2,-32],[14,-61],[17,-17],[-49,-3],[1,-16],[35,-50],[-2,-19],[25,-19],[22,-2],[13,-29],[-25,-63],[11,-4],[4,-41],[-4,-20],[5,-35],[-9,-83],[-18,-59],[38,8],[-12,-37],[-23,-20],[-11,8],[-15,-35],[-12,-40],[28,-8],[13,9],[3,-38],[-49,-9],[-7,8],[-27,-43],[1,-14],[-15,-17],[3,-24],[-24,-12],[-22,-35],[4,-26],[-17,-42],[-9,-4],[-20,-59],[-48,-88],[-39,-50],[-50,-84],[-51,-97],[-18,-44],[-34,-97],[-13,-24],[-70,-83],[-81,-80],[-26,-18],[-50,-26],[-88,-42],[-173,-66],[-25,-14],[-32,-10],[-28,-17],[-63,-22],[-77,-12],[-42,-3],[-92,17],[-45,-4],[-29,3],[-60,-4],[-32,-8],[-32,15],[-28,2],[-12,11],[-74,-1],[-20,12],[3,27],[-34,-4],[-13,-30],[-47,5],[-11,14],[-33,-4],[-8,-11],[-24,-3],[-28,6],[-15,14],[-24,-7],[-84,8],[-19,-9],[-47,6],[-80,6],[-56,-12],[-76,24],[-33,-1],[-25,7],[-9,13],[-37,-2],[-6,-7],[-76,1],[-83,-2],[-73,-19],[-21,-14],[-38,-15],[-307,-76],[-92,-35],[-95,-60],[-54,-56],[-97,90],[48,50],[8,131],[42,50],[57,23],[20,23],[0,64],[16,23],[33,26],[9,34],[2,33],[10,19],[4,30],[9,13],[0,54],[-7,16],[-18,-5],[14,39],[-14,40],[-19,32],[-28,-1],[-14,10],[19,18],[4,15],[-44,83],[-22,32],[-60,75],[-83,77],[-131,99],[-55,35],[-42,21],[-81,34],[-100,30],[-40,1],[-49,-14],[-34,-17],[-56,-43],[-31,-33],[-24,-34],[-18,-35],[-18,-49],[-17,-72],[10,-119],[-5,-116],[-13,-53],[-18,-29],[-22,-15],[-38,-9],[-25,-17],[-9,-15],[8,-14],[-22,-108]],[[17105,2278],[4,146],[-7,22],[-21,15],[-137,21],[-15,8],[-127,12],[-54,22],[-47,29],[-22,20],[-41,79],[-18,46],[-11,72],[14,37],[25,3],[23,-61],[61,23],[39,-46],[-11,-25],[-22,-17],[15,-18],[26,-4],[33,-15],[15,20],[29,3],[-2,19],[-14,12],[-7,22],[12,9],[44,-5],[33,19],[7,44],[-3,13],[-32,43],[-18,10],[-8,51],[46,16],[14,22],[8,60],[15,31],[21,25],[24,17],[17,37],[5,29],[-11,46],[-24,8],[10,55],[-50,6],[-45,-23],[-25,9],[-15,-15],[-18,37],[-14,87],[-6,22],[-40,194],[-2,22]],[[10834,22458],[26,4],[54,-1]],[[10914,22461],[44,-10],[46,-20],[62,-46],[139,-119],[202,-172],[68,-56],[151,-129],[206,-175],[21,-22],[8,-25]],[[11861,21687],[-67,7],[-48,17],[-57,35],[-99,82],[-40,35],[-55,-67],[-36,-59],[-29,-26],[-55,-22],[-42,-4],[-36,13],[-18,18],[-18,32],[-5,29],[5,19],[80,169],[6,24],[-60,3],[-97,-8],[-268,-29]],[[10922,21955],[15,16],[31,49],[21,10],[5,22],[-45,27],[-12,33],[4,60],[15,14],[61,26],[-16,34],[-47,36],[-27,64],[-32,-24],[-18,3],[-2,17],[-16,3],[-28,-8],[-8,-13],[-39,1],[-16,18],[9,35],[-5,8],[31,29],[7,17],[24,26]],[[14011,18894],[25,-4],[60,-21],[22,-4],[4,20],[31,-10],[53,6],[14,-5],[44,10],[7,11],[38,23],[23,6],[17,18],[28,0],[30,24],[16,-15],[29,10],[30,3],[69,25],[69,-14],[5,6],[71,30],[23,14],[21,28],[23,11],[38,40],[54,12],[24,-4],[56,16],[15,-4]],[[14950,19126],[83,-127],[40,-68],[30,-58],[28,-69],[12,-38],[7,-58],[-5,-52],[-24,-97],[-12,-72],[-1,-115],[-2,-62],[-8,-48],[-12,-46],[-32,-101],[-30,-62],[-26,-34],[-56,-62],[-33,-54],[-24,-58]],[[14885,17845],[-16,-49],[-55,-334],[-8,2]],[[14806,17464],[-325,174],[-274,3],[-5,-2]],[[14202,17639],[-36,238],[-10,29]],[[14156,17906],[-1,15],[-64,138],[-25,44],[-35,77]],[[14031,18180],[-93,203],[-18,44],[-7,57],[6,41],[25,71],[6,25],[2,44],[-5,54],[6,60],[14,35],[44,80]],[[9222,21023],[38,11],[190,47],[103,28],[45,-3],[35,-20]],[[9633,21086],[89,-51],[155,-54],[18,-10],[63,-47],[38,-18],[75,-24],[47,-19],[22,-13],[130,-90],[45,-34],[60,-42],[36,-20],[139,-54]],[[10550,20610],[-14,-4],[-27,9],[-2,-16],[-20,-14],[1,-36],[-53,-20],[-17,-15],[-13,-23],[0,-26],[-23,-24],[-21,-12],[-19,-1],[-64,-27],[-42,-8],[-42,0],[44,-115],[48,-132]],[[10286,20146],[-83,-23],[-185,-53],[-98,-11],[-110,-7],[-104,0]],[[9706,20052],[-126,288],[-46,83]],[[9534,20423],[-118,156],[-62,78],[-28,47]],[[9326,20704],[-32,103],[-35,125],[-37,91]],[[2384,20470],[71,-8],[83,6],[82,23],[51,21],[63,34],[261,158]],[[2995,20704],[9,-59],[-2,-46],[-9,-88],[-13,-90],[-43,-350],[-2,-41],[4,-69]],[[2939,19961],[19,-210],[17,-181]],[[2975,19570],[-91,22],[-55,41],[-34,44],[-46,39],[-36,17],[-42,10],[-35,2],[-111,-5],[-128,6],[-66,13]],[[2331,19759],[11,22],[22,6],[12,25],[-13,57],[19,21],[6,58],[-5,15],[2,41],[-25,53],[1,59],[-18,39],[2,19],[-9,30],[-25,43],[3,22],[24,49],[26,9],[17,25],[4,24],[-17,18],[15,30],[1,46]],[[15897,7607],[67,52],[392,315],[76,63],[26,18],[108,88],[96,73],[87,68],[150,113]],[[16899,8397],[305,-403],[32,-37],[38,-39],[30,-22],[98,-60]],[[16778,3592],[-33,13],[-26,22],[-11,22],[-238,893],[-103,397],[-31,114],[-97,337],[-21,83],[-26,148],[-56,360],[-49,303],[-61,361],[-55,369],[-41,249],[-10,79],[-17,210],[-6,55]],[[7187,20130],[88,3],[37,15],[23,16],[56,55],[39,30],[134,71],[178,58],[202,62],[97,32]],[[8041,20472],[147,-348],[42,-101]],[[8230,20023],[64,-152],[20,-52],[48,-110],[33,-62]],[[8395,19647],[55,-103],[61,-105]],[[8511,19439],[-56,8],[-237,38],[-41,5]],[[8177,19490],[-118,20],[-137,35],[-116,39],[-96,38],[-82,39],[-64,34],[-63,38],[-140,93],[-90,70],[-82,76]],[[7189,19972],[-2,158]],[[21778,7594],[91,-2],[36,-8],[36,-12],[38,-22],[65,-47],[57,-29],[49,-9],[38,2],[37,8],[96,37],[72,16],[98,13],[110,4],[68,-2],[220,-9],[48,-4],[90,-18],[246,-75],[53,-10],[42,0],[111,25],[35,3],[48,-4],[36,-10],[154,-62],[71,-31],[35,-19],[105,-62],[64,-34],[30,-11],[44,-8],[38,0],[236,14],[117,6],[112,1],[71,-8],[202,-59],[42,-8],[63,3],[72,18],[193,52],[41,7],[34,-1],[43,-7],[73,-29],[43,-12],[49,-5],[281,9],[124,2],[38,-1],[66,5],[72,16],[64,28],[483,236],[131,64],[61,25],[60,17],[254,54],[373,99],[70,27],[39,11],[121,22],[74,-9],[62,5],[38,9],[51,-3]],[[27992,7802],[-6,-19],[-239,-557],[-221,-506],[-202,-465],[-152,-352],[-47,-113],[-72,-163],[-131,-302],[-140,-325],[-77,-172],[-31,-45],[-6,-42],[-15,-44],[-6,-30],[6,-18],[-21,-20],[-8,-23],[-28,-32],[-2,-29],[-18,-29],[-15,-12],[-1,-19],[-23,-29],[11,-22],[-1,-18],[-15,-5],[-11,-33],[5,-17],[-16,-48],[-27,-56],[-12,6],[-15,-39],[-19,-9],[-36,-34],[-36,-21],[7,-31],[-32,-5],[-37,6],[-38,-39],[6,-22],[30,-17],[6,-19],[27,-4],[3,-17],[31,-35],[-11,-43],[3,-11],[68,-37],[15,-16],[61,-86],[16,-7],[74,-47],[17,-23],[8,-28],[-4,-43],[-42,-22],[-13,-34],[9,-58],[9,-25],[15,-12],[10,-39],[-4,-25],[7,-31],[19,-20],[13,-34],[41,-33],[48,-9],[33,6],[48,-7],[25,-25],[39,-20],[18,2],[19,-21],[39,-22],[13,-23],[-41,-62],[13,-21],[7,-81],[-18,-66],[1,-8],[-43,-66],[-30,-4],[-29,-51],[-14,-34],[5,-63],[-18,-39],[-26,-28],[-3,-28],[19,-18],[23,-10],[78,4],[46,-7],[7,-14],[-24,-35],[-60,-44],[-82,-32],[-35,-21],[-30,-11],[-53,4],[-35,-3],[-13,-13],[-16,-52],[-16,-19],[-74,-40],[-50,7],[-29,-3],[-22,-31],[-27,-23],[-24,-4],[2,-38],[-7,-13],[13,-20],[-1,-52],[-12,-16],[-22,4],[-9,13],[-17,-9],[-38,3],[-26,12],[-23,21],[-10,20],[-17,10],[-15,24],[-42,-4],[-1,18],[-21,15],[12,43],[-2,15],[-18,10],[-46,48],[-26,-3],[-29,-22],[-11,-36],[-18,5],[-36,-2],[-7,16],[-42,-22],[-11,26],[28,13],[5,19],[-18,47],[-38,-12],[-15,-24],[-21,2],[-20,-41],[12,-19],[-36,-3],[9,-32],[-4,-19],[-34,3],[-6,26],[-27,22],[2,29],[-21,12],[9,16],[-6,30],[8,31],[-3,36],[-25,15],[-28,28],[-14,32],[-29,45],[-15,8],[-64,17],[-10,32],[14,18],[-18,16],[-9,20],[17,20],[-14,7],[-37,38],[-26,-2],[4,35],[-77,13],[-25,-7],[-37,9],[-14,-9],[-37,25],[-38,61],[-6,15],[2,31],[-6,23],[-33,24],[-49,13],[-45,-27],[-23,28],[-34,-17],[-25,26],[-11,40],[-15,18],[-3,24],[14,42],[28,5],[15,21],[25,-5],[27,-30],[32,-1],[0,17],[-44,55],[-9,39],[-13,25],[-38,16],[-39,-13],[-28,-1],[-24,11],[-14,15],[-22,-8],[-8,-85],[5,-27],[17,-24],[-7,-16],[-64,-41],[-23,-2],[-25,12],[-20,-5],[-8,-27],[3,-45],[-4,-34],[-9,-21],[-27,-34],[1,-22],[34,-35],[2,-28],[-22,-27],[-34,-18],[-94,-43],[-35,-24],[-3,-34],[13,-13],[52,-27],[42,4],[51,17],[34,-3],[27,-17],[31,-48],[24,-60],[50,-74],[15,-30],[15,-46],[1,-21],[-10,-32],[-15,-13],[-40,-12],[-43,-37],[-24,-29],[-23,-34],[-52,-124],[-28,2],[-9,-9],[-92,-10],[-81,1],[-8,-13],[5,-36],[-20,-8],[2,25],[-24,36],[-33,17],[-31,-13],[-31,0],[2,12],[22,10],[19,18],[-56,-8],[-65,-2],[-32,-15],[-33,5],[-22,-17],[-14,6],[-61,-11],[-24,-23],[-55,-20],[-29,-2],[-22,-15],[-29,-11],[64,-36],[35,-9],[-14,-20],[-38,-1],[-13,-15],[-17,-3],[-14,-35],[-47,-26],[-24,15],[-16,-9],[-18,-23],[-25,-10],[-20,-38],[-16,-5],[-32,-62],[-17,-43],[-15,-48],[-1,-20],[-15,-55],[0,-63],[-7,-22],[6,-41],[-4,-35],[9,-47],[-2,-45],[5,-75],[5,-17],[4,-51],[-5,-29],[16,-110],[-1,-39],[7,-18],[1,-50],[13,-137],[2,-74],[-2,-50],[-24,-97],[-26,-70],[-26,-50],[-33,-45],[-55,-84],[-57,-63],[-46,-46],[-63,-55],[-35,-26],[22,-35],[-273,-79],[-71,9],[-89,-22],[-104,2],[-50,-10],[-68,8],[-70,-1],[-34,-5],[-87,-1],[-85,18],[-37,11],[-55,23],[-88,24],[-58,25],[-67,12],[-41,21],[-59,40],[-98,43],[-97,49],[-110,50],[-24,15],[-59,26],[-96,59],[-86,41],[-76,44],[-13,17],[-7,27],[-51,46],[-29,24],[-52,75],[-30,33],[-26,61],[-46,40],[-37,95],[-16,65],[-15,35],[-27,39],[-4,84],[-20,124],[3,76],[-4,13],[10,33],[-18,57],[7,30],[-13,85],[4,21],[-13,51],[94,93],[40,26],[30,26],[22,32],[9,31],[23,48],[14,55],[37,27],[19,30],[29,29],[17,28],[-3,40],[23,34],[-33,17],[14,25],[36,-18],[15,46],[16,23],[9,34],[-30,31],[121,208],[8,19],[44,64],[48,96],[32,46],[56,112],[18,26],[14,-5],[21,48],[36,62],[-3,12],[20,53],[2,18],[17,25],[2,45],[14,47],[10,77],[12,39],[6,83],[10,62],[-4,41],[-2,90],[-9,45],[-6,61],[5,11],[-7,43],[-10,119],[-7,30],[-14,14],[8,42],[-14,46],[-34,47],[-68,55],[-21,11],[-20,0],[-55,21],[-28,6],[-21,11],[-115,15]],[[20939,5960],[36,66],[129,227],[342,269],[14,13],[7,26],[-13,565],[13,40],[114,131],[111,130],[73,81],[13,25],[0,61]],[[21477,12221],[10,53],[96,-28],[49,-22],[61,406],[28,151],[16,74]],[[21737,12855],[144,-36],[21,-1],[129,-28],[85,-22],[61,-20],[101,-40],[87,-44],[37,67],[18,53],[5,56],[40,3],[64,13],[226,75],[73,17],[22,49],[60,165]],[[22910,13162],[628,-202]],[[23538,12960],[0,-77],[-6,-106],[-13,-104],[-20,-104],[-25,-94],[-24,-77],[-31,-85],[-35,-83],[-63,-129],[-74,-122],[-58,-82],[-49,-62],[-108,-128],[-169,-200],[-144,-168],[-443,-522],[-97,-115],[-103,-129],[-87,-115]],[[21989,10458],[-258,59]],[[21731,10517],[25,144],[-1,37],[-10,24],[-148,221],[-25,48],[-42,71],[-155,246],[-16,44],[-7,56],[3,42],[37,232],[77,479],[8,60]],[[7821,21955],[29,-36],[18,-38],[7,-63],[26,-32],[22,-8],[60,2],[17,-3],[35,-23]],[[8035,21754],[37,-17],[34,2],[29,12],[82,54],[37,13],[109,3],[47,4]],[[8410,21825],[-21,-61],[-10,-106],[-129,-2],[-196,-1],[-74,11],[-37,-3],[-93,-30],[-57,-15],[-38,-14],[-20,-1]],[[7735,21603],[-6,0]],[[7729,21603],[-1,60],[-15,49],[-18,26],[-74,76],[84,82],[29,17],[51,18],[36,24]],[[6738,21944],[49,149],[3,32],[15,43],[22,34],[48,51],[15,29],[18,98],[12,47],[81,216],[4,22],[0,116]],[[7005,22781],[196,3],[218,4],[71,3],[54,-9],[37,-13]],[[7581,22769],[-100,-373],[-19,-86],[2,-87]],[[7464,22223],[-21,-65],[-73,-115]],[[7370,22043],[-33,-53],[-106,-136],[-34,-54],[-101,-146],[-82,-140]],[[7014,21514],[-51,27],[-171,84],[-137,71]],[[6655,21696],[56,162],[27,86]],[[6321,22762],[243,9],[53,-1]],[[6617,22770],[223,8],[165,3]],[[6738,21944],[-44,20],[-251,126],[15,45],[-14,319],[-111,-4],[-12,312]],[[7336,21304],[23,13],[89,39],[35,10],[67,10],[62,0],[89,-17]],[[7701,21359],[361,-79],[58,-8],[73,-3],[130,5]],[[8323,21274],[105,4],[138,9],[66,10],[37,11],[81,33],[54,31],[123,85],[76,39]],[[9003,21496],[27,-64],[26,-52],[31,-75],[99,-208],[36,-74]],[[9326,20704],[-37,3],[-229,6],[-73,5],[-210,25]],[[8777,20743],[-54,4],[-291,-22],[-52,-8],[-41,-10],[-60,-31]],[[8279,20676],[-130,-87],[-125,-80]],[[8024,20509],[-48,75],[-98,115],[-121,135],[-56,60],[-214,232],[-99,111],[-52,67]],[[5085,19432],[87,-39],[214,-114],[20,-15],[25,-29],[45,-64],[22,-20],[31,-17],[56,-4]],[[5585,19130],[12,-98],[-7,-46],[-67,-182],[-12,-37],[-64,-172]],[[5447,18595],[-55,5],[-527,36]],[[4865,18636],[-1,30],[-61,53]],[[4803,18719],[68,184],[73,204],[29,-4],[52,139],[60,190]],[[12045,21151],[87,17],[351,85],[52,12],[75,9]],[[12610,21274],[97,-221],[113,-255],[-32,-10],[-96,-10],[-223,-23],[5,-50],[-151,-18],[32,-300],[-215,-22],[-8,-8]],[[12132,20357],[-17,176],[-8,30],[-20,180],[-8,94],[-21,221],[-13,93]],[[7735,21603],[246,-100],[226,-86],[129,-54],[-13,-89]],[[7701,21359],[9,49],[19,195]],[[4450,17029],[7,12],[31,108],[183,389],[20,37],[60,76],[20,32],[46,102],[66,176],[20,72],[12,27],[28,40]],[[4943,18100],[126,-1]],[[5069,18099],[10,-34],[17,-37],[160,-318],[22,-50],[8,-34],[2,-52],[-7,-44],[-9,-28],[-27,-50],[-148,-212],[52,-37],[46,66],[32,-18],[72,-34],[152,-62],[-101,-245],[-10,-29],[-6,-49],[-10,-30],[-63,-156]],[[5261,16646],[-43,12],[-140,47],[-35,16],[-64,41],[-38,20],[-77,22],[-62,16]],[[4802,16820],[-64,17],[-30,11],[-42,27],[-68,73],[-57,42],[-50,25],[-41,14]],[[8511,19439],[118,-17],[116,-13],[169,-10],[206,-4],[48,-4],[82,-20],[36,-16],[48,-27],[65,-53],[38,-46],[26,-41],[66,-126],[27,-43],[42,-48],[44,-39],[69,-44],[70,-26],[252,-55]],[[10033,18807],[-10,-51],[-24,-89],[-13,-39],[-47,-167],[-7,-33]],[[9932,18428],[-56,100],[8,20],[30,114],[-12,14],[-71,43],[-54,28],[-16,-1],[-63,-21],[-35,-18],[-97,-69],[-26,-26],[-16,-28],[-45,-117],[-20,-40],[-187,-185]],[[9272,18242],[-152,156],[-30,29],[-129,132],[-10,13],[-99,103]],[[8852,18675],[-160,172],[-34,45],[-32,79],[-31,191],[-26,131],[-17,55],[-41,91]],[[10286,20146],[135,-369]],[[10421,19777],[44,-122],[22,-64],[2,-68],[269,10]],[[10758,19533],[8,-75],[1,-175]],[[10767,19283],[-521,-6],[-23,-4],[-142,-2],[-70,-15]],[[10011,19256],[-27,38],[-54,58],[-51,46],[-24,39],[-68,180]],[[9787,19617],[-42,121],[-6,35],[0,59],[6,90],[-4,41],[-35,89]],[[10033,18807],[8,44],[17,109],[11,101],[0,37]],[[10069,19098],[-13,68],[-15,38],[-30,52]],[[10767,19283],[163,2],[-16,-99],[-76,-266],[3,-6]],[[10841,18914],[-6,-26],[24,-5],[13,-20],[27,-16],[-1,-11],[-68,-210],[-49,-156],[-4,-22],[-13,-153],[3,-163],[9,-79],[54,-7],[18,-20],[79,-137],[25,-48],[34,-57],[4,-14],[100,-164],[14,-91],[77,-137],[2,-17],[-150,-102],[-111,-76],[-210,-154],[-129,-87],[-381,398],[-125,133],[-14,3],[-124,128]],[[9939,17604],[19,22],[13,26],[36,110],[15,76],[-1,128],[-13,64],[-36,91],[-25,83],[-14,96],[-4,88],[3,40]],[[12154,19697],[79,-207],[18,-55]],[[12251,19435],[-82,-110],[-78,-110],[-106,71]],[[11985,19286],[9,23],[-4,23],[-19,30],[-20,15],[-89,38],[-29,31],[-2,43],[41,98],[26,31],[24,8],[72,2],[31,-7],[28,2],[22,14],[26,32],[27,19],[26,9]],[[11580,19309],[149,16],[60,12],[46,0],[34,-5],[47,-13],[69,-33]],[[12251,19435],[10,-30],[2,-50],[28,-179],[7,-31]],[[12298,19145],[-56,-10],[47,-328],[-376,-33],[-319,-23],[-13,182],[-38,-3],[-14,-9]],[[11529,18921],[-35,374],[86,14]],[[10550,20610],[8,24],[31,21],[18,-3],[47,10],[3,7],[37,15],[17,13],[7,74],[41,74],[18,10],[28,2]],[[10805,20857],[93,-133],[71,-133],[19,-38],[90,-173],[22,-55],[8,-48]],[[11108,20277],[-129,-10],[-273,-20],[-52,-7],[-59,-13],[-309,-81]],[[11108,20277],[51,-270],[23,-62]],[[11182,19945],[-89,-23],[-364,-99],[-308,-46]],[[10758,19533],[282,11],[5,51],[219,-20]],[[11264,19575],[-22,-263],[-2,-51],[7,-69],[37,-316]],[[11284,18876],[-279,12],[-81,-1],[-63,15],[-20,12]],[[1967,20572],[149,163],[150,168],[74,98],[30,45],[61,109],[61,142],[23,31],[35,27],[27,13],[42,11],[35,16],[31,32]],[[2685,21427],[50,-41],[24,-35],[19,-39],[14,-48],[25,-234],[17,-62],[20,-37],[58,-85],[68,-106],[15,-36]],[[2384,20470],[-163,28],[-81,20],[-173,54]],[[1011,20345],[4,221],[6,79],[8,46],[28,101],[7,48]],[[1064,20840],[143,-41],[209,-65]],[[1416,20734],[215,-64]],[[1631,20670],[-41,-129],[-25,-39],[-69,-65],[-24,-30],[-19,-32],[-34,-92],[-31,-39],[-86,-57],[-108,-32],[-40,-18],[-61,-51]],[[1093,20086],[-25,24],[-36,55],[-12,32],[-7,42],[-2,106]],[[5812,21402],[8,17],[27,27],[50,30],[26,37]],[[5923,21513],[88,-80],[41,-44]],[[6052,21389],[-71,-52],[18,-66],[19,-104],[50,-190],[-12,-28]],[[6056,20949],[-124,74],[-140,89]],[[5792,21112],[28,67],[-2,144],[-8,47],[2,32]],[[6052,21389],[46,34],[63,36],[126,84],[54,47],[28,39],[87,166]],[[6456,21795],[70,-36],[34,-15],[95,-48]],[[7014,21514],[138,-70],[94,-51],[55,-47],[35,-42]],[[7336,21304],[-117,-58],[-42,-9],[-73,3]],[[7104,21240],[-112,8],[-78,-4],[-77,-14],[-115,-36],[-47,-24],[-34,-25],[-226,-154]],[[6415,20991],[-8,11],[-193,208],[-162,179]],[[5871,21620],[44,18],[16,15],[18,32],[14,15],[43,29],[13,20],[8,65],[37,57],[10,24],[5,44],[16,37]],[[6095,21976],[361,-181]],[[5923,21513],[-25,42],[-27,65]],[[5447,18595],[301,-20],[771,-53]],[[6519,18522],[-8,-8],[-32,-81],[-52,-120],[-22,-56]],[[6405,18257],[-46,-109]],[[6359,18148],[-8,-16],[-82,-194],[-95,-228],[-28,-60]],[[6146,17650],[-11,8],[-75,85],[-29,39],[-110,100]],[[5921,17882],[-105,96],[-146,130],[-85,53],[-56,51],[-46,57],[-20,38],[-17,58],[-17,20],[-51,31]],[[5378,18416],[19,36],[50,143]],[[6359,18148],[115,-51],[39,-1],[53,11],[23,-116],[14,-61],[13,-26],[21,-24],[-18,-39],[39,-15],[18,-24],[28,-78],[52,-82],[-19,-42],[-54,-83],[55,-20],[60,-5],[19,-9],[-1,-35],[55,-51]],[[6871,17397],[-25,-39],[-76,-94],[-112,-118],[-14,-25],[-1,-20],[6,-68],[-6,-24],[-42,-114]],[[6601,16895],[-128,32],[-36,6],[-57,-2],[-37,-7]],[[6343,16924],[3,13],[-9,54],[-7,15],[-11,58],[-13,94],[-27,179],[-20,44],[-78,115],[-14,24],[-25,30],[-9,23],[-3,35],[16,42]],[[6405,18257],[138,-58],[46,-10],[45,-4],[58,16],[35,24],[49,40],[72,28],[54,24],[50,29],[52,43],[58,-73],[153,-184],[-32,-69],[25,-16],[46,-7],[-37,-93],[63,-26],[25,-19],[67,-73],[17,-27],[24,-14]],[[7413,17788],[-100,-111],[-68,-79],[-54,-27],[-49,117],[-27,-7],[-100,-36],[-175,-59],[-19,-17],[35,-22],[32,-9],[30,-19],[40,-16],[3,-18],[-58,-47],[-32,-41]],[[6689,18953],[96,-37],[102,-64],[58,-21],[125,-19],[133,-27]],[[7203,18785],[79,-18],[44,-25],[178,-146],[43,-36]],[[7547,18560],[12,-23],[9,-49],[4,-63],[-3,-42]],[[7569,18383],[-45,40],[-11,-53]],[[7513,18370],[-54,40],[-49,26],[-62,22],[-69,11],[-760,53]],[[6519,18522],[43,110],[86,209],[22,56],[0,13],[19,43]],[[8782,17601],[106,139]],[[8888,17740],[289,-216],[265,-196],[33,-27],[109,-81]],[[9584,17220],[-59,-79],[-17,-26],[-211,140],[-189,129],[-184,122],[-47,33],[-95,62]],[[8291,18203],[182,-136],[270,-202],[51,64],[78,105],[35,38],[11,-8],[103,-93],[27,-21]],[[9048,17950],[-160,-210]],[[8782,17601],[-88,60],[-56,-74],[-48,34],[-8,-16],[-68,28],[-16,-38],[-26,24],[-73,56],[-295,256],[-7,1]],[[8097,17932],[68,107],[30,44],[48,57],[48,63]],[[7683,18792],[13,25],[5,27],[74,294],[13,30],[16,22],[111,90],[95,76],[34,30],[133,104]],[[8852,18675],[-50,-22],[-346,-55],[-126,-12]],[[8330,18586],[-223,-18],[-24,4],[-39,18],[-191,106],[-125,69],[-45,27]],[[7683,18792],[-132,-215],[-4,-17]],[[7203,18785],[2,72],[-4,245],[-2,14],[-4,265]],[[7195,19381],[1,77],[-3,223],[-3,127]],[[7190,19808],[-1,164]],[[7104,21240],[68,-360],[4,-46],[3,-229],[2,-76],[6,-399]],[[7189,19972],[-47,48],[-52,58],[-50,64],[-58,82],[-80,135],[-45,67],[-39,46],[-68,60],[-61,41],[-64,39],[-123,70],[-151,93],[-141,82]],[[6210,20857],[59,38],[146,96]],[[8395,19647],[75,43],[144,101],[48,30],[47,47],[37,53],[30,30]],[[8776,19951],[38,28],[48,22],[49,12],[82,4]],[[8993,20017],[161,8]],[[9154,20025],[0,-82],[-9,-227],[-7,-157],[4,-24],[-6,-28],[7,-20],[33,1],[21,11],[10,27],[88,19],[-2,24],[25,11],[30,-20],[34,10],[13,-7]],[[9395,19563],[-2,-10],[14,-42],[24,2],[19,-41],[16,-19],[30,-1],[28,-23],[30,3],[13,-6],[19,-29],[43,-7],[52,8],[36,-9],[53,-79],[5,-41],[-3,-29],[28,3],[36,-8],[65,-41],[32,33],[38,-4],[27,-69],[38,-12],[3,-14],[30,-30]],[[1416,20734],[26,39],[-2,9],[21,31],[-15,40],[20,38],[-16,17],[0,25],[10,27],[35,34],[8,-1],[42,35],[14,7],[42,45],[65,107],[28,20],[1,16],[25,50],[21,58],[-6,38],[9,16],[-13,30],[20,22],[0,65],[52,34],[6,9]],[[1809,21545],[68,-45],[63,-27],[133,-32],[44,-5],[206,-4],[65,11],[174,74]],[[2562,21517],[24,13]],[[2586,21530],[21,-38],[22,-26],[56,-39]],[[1967,20572],[-83,26],[-253,72]],[[2331,19759],[-123,51],[-70,17],[-155,23],[-84,10],[-53,9],[-121,2],[-56,17],[-88,41],[-5,5],[-107,54],[-83,30],[-40,8],[-97,-1],[-35,3]],[[1214,20028],[-53,15],[-33,16],[-35,27]],[[1301,21846],[15,-9],[157,-120]],[[1473,21717],[56,-33],[239,-115],[30,-17]],[[1798,21552],[11,-7]],[[1064,20840],[16,135],[11,198],[-2,86],[-6,108],[-12,60],[-30,32]],[[1041,21459],[0,13],[145,209],[115,165]],[[11264,19575],[12,146],[-3,27],[-23,54]],[[11250,19802],[126,26],[13,-68],[10,-31],[19,-30],[33,-39],[11,-30],[6,-60],[88,7],[24,-268]],[[11529,18921],[-114,-28],[-131,-17]],[[8271,22187],[68,29],[26,1],[50,-7],[40,7],[18,-5],[21,5]],[[8494,22217],[30,-46]],[[8524,22171],[-32,-89],[-50,-148],[-32,-109]],[[8035,21754],[20,9],[19,28],[23,4],[6,24],[15,10],[13,43],[53,75],[23,21],[15,74],[0,63],[11,26],[38,56]],[[4448,19033],[44,-37],[149,-134],[49,-43],[113,-100]],[[4865,18636],[-272,17],[-190,14]],[[4403,18667],[22,311],[8,29],[15,26]],[[14969,16898],[41,30],[48,25],[40,7],[36,-4],[81,-25],[46,-2],[141,11],[0,63],[66,166],[95,241]],[[15563,17410],[157,-58],[156,-75]],[[15876,17277],[-321,-589]],[[15555,16688],[-81,-150],[-108,-194]],[[15366,16344],[-55,-103],[-84,-165],[-119,-233]],[[15108,15843],[-34,-67]],[[15074,15776],[-57,31],[-172,90],[-17,41],[-18,27],[-11,49],[0,43],[-13,29],[-30,27],[-67,46],[10,26],[24,37],[39,24],[150,79],[50,46],[26,37],[20,41],[15,43],[16,66],[0,57],[-10,83],[-21,113],[-15,42],[-24,45]],[[15555,16688],[25,-6],[81,14],[311,45],[14,3],[251,33],[388,53],[80,10]],[[16705,16840],[68,-94],[37,-59],[145,-292],[169,-343]],[[17124,16052],[-120,-16],[-25,-9],[-19,-18],[-99,-134],[-13,-15],[-21,-6],[-57,1],[-27,-20]],[[16743,15835],[-3,22],[5,118],[9,195],[-11,19],[-74,29],[-23,18],[-10,74],[-157,-15],[-62,-21],[-117,-70],[-46,-15],[-24,-3],[-235,-17],[-314,-18],[-14,3],[-268,168],[-33,22]],[[16743,15835],[-7,-12],[-78,-92],[-67,-97],[-6,-35],[2,-70],[-10,-32],[-111,-147],[-60,-73],[-36,-63],[-26,-28],[-71,-14],[-137,-22],[-197,-29],[-17,-1]],[[15922,15120],[7,39],[-59,-8]],[[15870,15151],[-12,37],[-3,41],[87,263],[-53,20],[-79,56],[-37,13],[-222,24],[-39,9],[-14,10],[-93,99],[-51,39],[-90,45],[-31,-62],[-49,32],[-41,47],[-35,19]],[[15870,15151],[-214,-24],[-303,89],[-173,47],[-113,36],[-163,50],[71,136],[138,270],[-39,21]],[[16477,13593],[157,-46],[15,-16],[5,-112],[6,-19],[23,-47],[10,-59],[3,-169],[-2,-23],[-23,-52],[-6,-35],[11,-261],[-1,-22]],[[16675,12732],[-110,-3],[-49,-8],[-90,-25],[-47,-17]],[[16379,12679],[-21,-3],[-54,136],[-17,4],[-166,240],[-86,121],[-64,53],[37,180],[53,49],[53,40],[11,62],[27,86],[323,-92],[2,38]],[[19933,8845],[44,-60],[37,-39],[55,-33],[114,-42],[67,-29],[90,-50],[41,-31],[309,-227],[41,-29],[115,-76],[-47,-85],[-63,-105],[-97,-153],[-306,-456],[-125,-185],[-272,-407],[-82,-119],[-99,-147],[-53,-83]],[[19115,6802],[1,9],[7,246],[11,33],[435,439],[119,122],[38,45],[26,43],[144,245],[31,65],[44,168],[3,34],[-3,217],[-4,108],[-3,37],[-31,232]],[[6953,24465],[-9,-59],[-136,-621]],[[6808,23785],[-25,-117]],[[6783,23668],[-277,64]],[[6506,23732],[-122,31],[-36,6],[-137,31],[-117,15],[-171,-2],[-218,-4]],[[5705,23809],[4,107],[13,29],[39,70],[31,68],[15,47],[23,41],[51,46],[76,48],[20,22],[39,94],[19,37],[104,170],[26,30],[25,13],[21,0],[72,-18],[63,-3],[47,5],[57,14],[40,23],[14,22],[14,50],[21,19],[56,0],[118,-28],[107,-15],[31,-10],[26,-23],[24,-41],[40,-101],[12,-60]],[[6506,23732],[-35,-155],[-16,-33],[-30,-23],[-45,-54],[-46,-16],[-32,-34],[-124,-331],[-9,-59],[-6,-151],[12,-61],[5,-59]],[[6180,22756],[-134,-5]],[[6046,22751],[-242,4]],[[5804,22755],[-21,102],[-35,155],[-12,54]],[[5736,23066],[-4,41],[-1,130],[-12,106],[-5,69],[0,109],[-4,174],[-5,114]],[[20007,13162],[42,194],[10,52],[49,236]],[[20108,13644],[240,-2],[84,-2],[160,-9],[169,-14],[247,-25]],[[21008,13592],[134,-15],[104,-14],[131,-25],[482,-100],[136,-27],[333,-69],[126,-32],[77,-23],[217,-69],[37,-16],[125,-40]],[[21737,12855],[-128,31],[-66,33],[-36,12],[-95,14],[-51,10],[-456,151],[-73,17],[-93,11],[-121,3],[-46,-5],[-99,-22],[-69,-12]],[[20404,13098],[-236,-56],[-81,-29],[-78,-41]],[[20009,12972],[-11,103],[2,51],[7,36]],[[6808,23785],[47,-22],[2,-13],[20,-17],[3,-26],[14,-6],[18,-36],[18,-17],[23,1],[19,-32],[18,0],[16,-18],[31,3],[25,-8],[31,-26],[21,9],[25,-12],[30,18],[10,-6],[42,13],[5,14],[54,4],[39,-32],[20,-11],[23,2],[36,-40],[33,-11],[0,-24],[21,-18],[37,18],[27,-1],[33,-32],[32,-22],[32,8],[127,-29]],[[7740,23416],[-75,-303],[-84,-344]],[[6617,22770],[0,143],[6,51],[34,163],[45,194],[61,256],[20,91]],[[5585,19130],[9,4],[86,12],[27,10],[178,92]],[[5885,19248],[20,-16],[42,-21],[137,-43],[9,-7],[161,-52],[77,-23]],[[6331,19086],[262,-93],[37,-18],[59,-22]],[[5582,21896],[47,-26],[80,-56],[68,-55],[40,-45],[29,-42],[25,-52]],[[5812,21402],[-25,6],[-33,36],[-45,30],[-26,7],[-18,23],[-62,34],[-17,19],[-65,12],[-56,2],[-19,23],[-26,6],[-57,-2]],[[5363,21598],[219,298]],[[9272,18242],[-224,-292]],[[8291,18203],[-34,26],[44,58],[17,13],[73,36],[15,13],[45,59],[-22,37],[-83,90],[-16,51]],[[7513,18370],[-6,-184],[-6,1],[-4,-80],[-12,-98],[21,-116],[0,-22],[40,-207],[-52,-34],[-81,158]],[[8097,17932],[-5,0],[-138,120],[-139,119],[-210,176],[-36,36]],[[8024,20509],[17,-37]],[[5804,22123],[291,-147]],[[5582,21896],[63,80],[78,57],[81,90]],[[4291,20404],[51,175]],[[4342,20579],[97,329],[22,63],[20,47],[42,78],[32,50],[65,79],[122,125],[29,33],[38,51],[60,99],[89,170]],[[4958,21703],[102,-78],[206,-152]],[[5266,21473],[-50,-64],[-140,-184],[-32,-29],[-69,-48],[-14,-13]],[[4961,21135],[-9,-9],[-105,-171],[-71,-121],[-11,-38],[-5,-149],[-2,-295]],[[4758,20352],[-25,-4],[-31,13],[-18,-3],[-44,29],[-31,-3],[-15,9],[1,17],[-39,14],[-32,33],[-54,-4],[-18,-28],[-1,-13],[-30,-16],[-31,-1],[-16,11],[-41,-9],[-17,12],[-25,-5]],[[15876,14919],[77,-102],[77,-88]],[[16030,14729],[105,-109],[74,-67],[246,-229],[85,-83],[112,-115],[261,-282],[47,-45],[43,-35],[52,-37],[64,-34]],[[17119,13693],[-17,-263],[-3,-33],[-17,-98],[31,-2],[308,0],[127,-12]],[[17548,13285],[81,-9],[83,-15],[55,-1]],[[17767,13260],[-31,-204],[-45,-288]],[[17691,12768],[-119,3],[-163,-21],[-116,-8],[-68,-1],[-192,5],[-57,0]],[[16976,12746],[-48,0],[-253,-14]],[[16477,13593],[30,441],[-151,80],[12,41],[-172,32],[-162,9],[-44,116],[34,14],[-68,166],[53,21],[-77,185],[-76,189],[20,32]],[[9307,24897],[123,1101]],[[9430,25998],[44,-81],[26,-77],[30,-58],[85,-133],[14,-25],[18,-50],[79,-272],[22,-62],[17,-38],[38,-68],[80,-136],[36,-53],[37,-38],[44,-36],[192,-128],[6,-6],[128,-85],[10,-5],[121,-81],[46,-36],[50,-62]],[[10553,24468],[-47,-116],[-10,-36],[-70,-184],[-27,-82],[-73,-199]],[[10326,23851],[-41,-106],[-26,-36],[-143,-176],[-43,-54],[-26,-28],[-144,-176],[-35,-54],[-32,-69],[-50,-137]],[[9786,23015],[-227,81],[75,357],[3,22],[-246,38],[29,246],[23,208],[2,30],[-157,0],[-46,9],[-33,13]],[[9209,24019],[98,878]],[[15998,17499],[74,-36],[197,-93],[40,-15],[391,-131],[135,-42],[-76,-275],[8,-58]],[[16767,16849],[-62,-9]],[[16705,16840],[-49,49],[-44,26],[-282,140],[-30,10],[-144,71],[-7,8],[-273,133]],[[15876,17277],[122,222]],[[2586,21530],[131,87],[39,30],[35,44],[20,36],[42,60],[20,16],[45,8],[84,-2],[53,7],[73,22],[48,6],[54,2],[94,-9],[60,-11],[66,-25],[74,-41],[40,-17],[136,-42]],[[3700,21701],[-56,-222],[1,-16],[27,-34],[-39,-43],[-108,-156],[-29,-61],[-5,-24],[0,-53],[14,-94],[3,-42]],[[3508,20956],[-71,-9],[-53,-15],[-53,-23],[-34,-20],[-302,-185]],[[20930,14859],[31,32],[-4,15],[19,26],[23,0],[10,13],[45,26],[23,37],[4,16],[22,22],[7,42],[23,35],[29,52],[30,77],[85,111],[-3,74],[-19,43],[-26,9],[-8,25],[24,53],[32,57],[10,27],[41,22],[19,1],[63,29],[23,20],[14,-31],[5,-37],[20,8],[23,-18],[21,-3],[24,57],[5,1],[80,-30],[45,3],[121,2],[154,127],[64,112],[-37,47]],[[21972,15961],[43,22]],[[22015,15983],[277,-336],[49,-60],[100,-138],[72,-118],[83,-150],[19,-39]],[[22615,15142],[-97,-19],[-212,-47],[-178,-37],[-160,-35],[4,-33],[-129,-166],[-81,-106],[-116,-151],[-215,-279]],[[21431,14269],[-49,38],[-21,24],[-112,134],[-52,-44],[-42,48],[51,44],[15,18],[44,83],[-132,82],[-108,-88],[-41,-32],[-189,-155]],[[20795,14421],[13,54],[-4,25],[24,18],[13,50],[-4,27],[18,34],[23,35],[14,6],[18,48],[14,52],[-1,32],[-9,21],[16,36]],[[21477,12221],[-154,35],[-184,40],[-14,11],[-12,28],[-5,43],[-30,-2],[-34,11],[-75,14],[-39,2],[-1,17],[-24,74],[-15,59],[-44,155],[-5,11],[8,68],[-255,59],[-104,28],[-32,42],[-23,46],[-16,59],[-15,77]],[[19180,11327],[55,185],[17,100],[2,128],[-1,83],[-1,232],[0,276],[-2,256],[0,133]],[[19250,12720],[117,15],[129,37],[76,26],[137,43],[100,33],[68,32],[132,66]],[[21731,10517],[-1690,388],[-457,104],[-94,77],[-98,82],[-112,78],[-80,70],[-20,11]],[[11043,22972],[43,-17],[74,-17],[94,-13],[127,-15],[33,-24]],[[11414,22886],[48,-90],[92,-167],[47,-73],[175,-216],[97,-114],[74,-90]],[[11947,22136],[9,-52],[13,-100],[7,-90],[19,-197]],[[11995,21697],[-108,-10],[-26,0]],[[10914,22461],[7,33],[52,63],[-19,29],[-14,41],[124,92],[-28,46],[-32,26],[-27,42],[-110,-63],[-28,51],[5,45],[39,-3],[33,10],[58,34],[69,65]],[[10553,24468],[183,-231],[38,-38],[116,-72],[41,-37],[124,-130],[24,-31],[20,-41],[16,-50],[16,-67]],[[11131,23771],[5,-80]],[[11136,23691],[7,-132],[-6,-120],[7,-61],[11,-27],[124,-219],[60,-103],[68,-126],[7,-17]],[[11043,22972],[-63,39],[-74,67],[-26,34],[-87,135],[-22,41],[-126,305],[-19,36],[-24,31],[-48,41],[-132,90],[-12,3],[-84,57]],[[9057,22664],[92,824],[60,531]],[[9786,23015],[-41,-116],[-27,-60],[-11,-45],[3,-46],[8,-28]],[[9718,22720],[59,-181],[57,-141],[13,-43],[10,-74],[12,-41]],[[9869,22240],[-64,-27],[-60,-16],[-60,-4],[-45,7],[-252,51],[-123,14],[-61,9],[-102,23],[-52,4]],[[9050,22301],[-5,47],[-4,76],[1,72],[3,57],[12,111]],[[12403,22082],[17,10],[4,-49],[22,-38],[31,-28],[108,-81],[24,-13],[42,-5],[32,8],[116,114],[61,51],[48,35],[13,-27],[74,-237],[329,101],[12,-45],[0,-114],[11,-46],[47,13],[160,32],[31,2],[58,-10],[40,-18],[112,-76]],[[13795,21661],[-236,-340],[-66,-98]],[[13493,21223],[-71,23],[-71,13],[-139,-1],[-113,1],[-462,16],[-27,-1]],[[12610,21274],[-56,129],[-36,96],[-18,57],[-40,150],[-23,108],[-21,130],[-10,88],[-3,50]],[[7370,22043],[26,-14],[66,-21],[10,42],[16,16],[20,5],[24,-6],[34,-21],[201,-39],[28,-18],[26,-32]],[[5261,16646],[29,-5],[124,-8],[66,-1],[67,5]],[[5547,16637],[83,11],[76,16],[24,1],[89,-14],[28,-1],[43,7],[39,14],[91,45],[37,30],[38,38],[38,32],[62,46],[66,35],[82,27]],[[6601,16895],[48,-14],[94,-57],[32,-16],[96,-37],[50,-12],[53,98],[100,35],[44,29],[119,-27],[10,-114],[15,-42],[13,-16],[-4,-21],[7,-15],[19,-76],[-4,-13],[49,-24],[37,-9],[129,-8],[54,1],[122,7],[74,-6],[125,-1],[40,9],[0,-15],[-27,-74],[-8,-11],[-2,-34],[-169,-476],[-29,-83],[-21,6],[-65,8],[-76,-11],[-73,-3],[-82,-1],[-119,5],[-13,8],[-46,5],[-54,12],[-55,17],[-53,20],[-55,11],[-132,4],[-27,2],[-13,10],[-32,6],[-75,-1],[-63,-10],[-52,-16],[-63,-32],[-76,-59],[-51,-23],[-68,-10],[-86,-22],[-9,-8],[-60,-15],[-46,-19],[-78,-50],[-33,-35],[-64,-37],[-76,-30],[-46,-9],[-60,-2],[-64,14],[-110,30],[-58,25],[-70,23],[-24,4],[-113,36],[-139,51]],[[5188,15777],[-14,44],[-34,56],[-27,30],[-104,97],[-118,112],[-45,52],[-38,64],[-20,47],[-12,43],[-7,52],[-6,92],[-9,208],[3,32],[21,72],[24,42]],[[11182,19945],[68,-143]],[[15023,19854],[158,104]],[[15181,19958],[20,-23],[28,-19],[76,-78],[13,-21],[22,-58],[-5,-57],[-27,-77],[-10,-36],[1,-42],[13,-46],[12,-21],[55,-57],[3,-16],[19,-17],[24,4],[16,14],[90,29],[32,30],[40,5],[27,-8],[28,-58],[91,-113],[22,-32],[31,-61],[43,-47],[18,-7],[61,14],[26,-9],[48,-32],[34,-48],[27,-34],[32,-19],[18,-20],[11,-59],[10,-27],[33,-59],[24,-12],[37,20],[24,3],[37,-7],[29,22],[47,-27],[23,6],[18,-8],[15,-29],[36,-6],[33,-21],[58,-60],[32,-11],[12,-18],[33,-17],[31,-30],[16,-23]],[[16668,18635],[-18,-21],[-31,-47],[-274,-463]],[[16345,18104],[-88,-147],[-259,-458]],[[15563,17410],[-195,71],[-65,27],[-67,31],[-28,19],[-51,52],[-71,95],[-51,56],[-57,43],[-63,31],[-30,10]],[[14950,19126],[-27,47],[-18,40],[-83,202],[-18,65],[-5,48],[4,60],[16,58],[19,39],[43,61],[62,55],[80,53]],[[21693,10000],[18,-9],[25,-29],[32,3],[39,-3],[51,-27],[24,14],[26,28],[-1,24],[20,12],[27,-16],[22,29],[27,-7],[27,24],[31,-9],[35,12],[41,-25],[29,8],[60,3],[17,-19],[20,-3],[39,23],[36,5],[24,-22],[30,-15],[-2,-13],[51,0],[30,-12],[20,9],[17,-44],[24,0],[14,18],[26,11],[17,-3],[9,-23],[46,-30],[64,-21],[27,2],[11,18],[37,9],[25,-10],[24,-24],[30,-1],[39,7],[9,13],[45,-4],[14,56],[18,13],[30,5],[13,-7],[32,12],[16,17],[33,12],[2,25],[50,55],[21,40],[24,5],[11,33],[189,-42],[19,25],[33,7],[36,-16],[20,10],[17,-4],[6,19],[31,15],[31,-21],[11,48],[22,-3],[23,-45],[32,-22],[19,-29],[10,-34],[-6,-25],[34,-16],[49,-13],[24,-28],[55,-7],[69,33],[3,-25],[39,-24],[2,-12],[52,-1],[22,-18],[29,-42],[35,-28],[23,7],[12,-14],[1,-21],[17,-2],[2,-21],[27,-15],[26,-22],[36,-3],[6,-24],[24,-3],[22,-13],[26,-6],[25,7],[19,-13],[-4,-21],[21,-51],[-7,-14],[6,-30],[-7,-27],[16,-45],[13,-8],[16,-35],[5,-30],[74,-71],[375,-94],[102,1],[5,14],[53,-2],[24,-15],[62,-8],[28,7],[11,-12],[52,-8],[22,3],[30,-18],[-2,-21],[-22,-14],[-15,-39],[16,-10],[21,1],[7,-17],[51,-27],[20,14],[54,-41],[34,-1],[31,-35],[-4,-22],[2,-43],[-26,-9],[8,-33],[34,-21],[21,-26],[19,-6],[22,21],[28,-14],[36,-29],[228,-77],[379,-35],[165,-67],[44,5],[40,-37],[27,1],[17,-12],[11,18],[23,-2],[27,30],[13,-7],[36,18],[16,24],[20,15],[8,30],[23,27],[16,0],[38,28],[49,16],[1,-16],[23,-5],[23,-16],[37,9],[8,22],[21,6],[20,-6],[49,-1],[3,11],[26,1],[17,-8],[39,-1],[35,22],[21,-7],[23,-37],[20,-9],[22,16],[73,14],[18,1],[18,40],[11,-3],[18,16]],[[27329,8916],[23,14],[8,37],[18,8],[10,59],[-18,24],[-6,21],[12,17],[9,30],[47,21],[28,23],[1,33],[21,28],[-10,29],[3,16],[24,41],[29,2],[22,12],[27,-6],[15,-12],[21,0],[20,29],[16,9],[2,23],[25,32],[22,9],[40,-19],[23,10],[22,0],[16,10],[43,13],[21,29],[29,9],[17,30],[29,12],[8,-16],[40,15],[40,-14],[16,16],[21,-14],[15,25],[98,35],[15,25],[38,1],[-7,13],[12,25],[13,6],[2,33],[26,14],[1,17],[22,7],[0,13],[22,32],[21,21],[19,-11],[25,4],[5,23],[18,-1],[10,23],[27,26],[10,28],[16,11],[45,16],[9,13],[29,9],[29,2],[11,25],[23,22],[0,48],[20,9],[20,20],[32,5],[-3,32],[17,7],[19,-20],[13,5],[13,44],[25,6],[22,13],[34,9],[13,14],[25,3],[-3,21],[31,74],[14,10],[4,23],[13,6],[-1,41],[10,15],[-15,20],[6,35],[-5,31],[-27,17],[-3,-26],[-11,-14],[1,-30],[-18,-17],[-13,2],[-36,38],[-6,14],[14,32],[-35,49],[-2,16],[34,27],[3,67],[-5,18],[8,33],[-14,8],[-22,-31],[2,-31],[-36,-2],[-12,27],[24,30],[5,37],[-5,24],[6,29],[21,32],[23,13],[58,1],[21,13],[-15,44],[21,7],[31,-4],[80,-53],[33,5],[0,13],[34,17]],[[29080,10829],[-7,-36],[6,-16],[43,-32],[-2,-37],[46,-27],[30,6],[32,-11],[33,2],[-21,-58],[-81,-161],[-66,-151],[-222,-498],[-182,-417],[-99,-217],[-290,-668],[-129,-303],[-128,-281],[-51,-122]],[[21778,7594],[-3,169],[-31,615],[-6,40],[-20,55],[-109,238],[-12,29],[-15,249],[-13,171],[-12,182],[9,57],[50,108],[-139,67],[72,153],[67,132],[77,141]],[[21335,14147],[28,34],[68,88]],[[22615,15142],[47,-96],[105,-206],[142,-283],[132,-262],[77,-150],[128,-253],[35,-78],[23,-43],[74,-148],[28,-61],[38,-94],[36,-114],[21,-83],[16,-87],[12,-82],[7,-93],[2,-49]],[[21008,13592],[-15,21],[-42,46]],[[20951,13659],[15,9],[73,102],[129,165],[92,113],[14,23],[61,76]],[[16668,18635],[28,-28],[41,-28],[36,7],[35,-2],[63,-23],[28,-2],[34,-14],[48,0],[32,-4],[22,8],[20,-21],[48,-4],[29,4],[67,-25],[14,-14],[24,6],[17,-11],[27,-1],[21,-9],[56,-60],[99,-88],[39,-29],[36,-22],[31,-4],[28,5],[41,15],[30,-2],[68,-45],[53,-40],[40,-23],[40,-16],[41,-32],[2,-25],[-10,-48],[11,-40],[19,-23],[26,-19],[39,23],[33,-16],[6,-23],[24,-49],[39,-23],[29,-26],[36,-24],[6,-10],[-4,-49],[25,-25],[8,-20],[2,-28],[26,-21],[33,-4],[16,20],[33,-2],[83,-31],[22,-20],[9,-47],[49,-24],[32,-30],[42,12],[15,-26],[21,7],[53,-12],[39,-30],[-2,-30],[41,-6],[50,-35],[48,4],[16,-10],[47,-8],[36,-22],[35,-15],[13,-14],[29,-9],[30,-26],[35,32],[75,-6],[65,-35],[114,-41],[87,-19],[20,-7],[43,-61],[26,-51]],[[19476,17141],[-216,-57],[-37,-22],[-328,-247],[-117,-92],[-55,-40],[-78,-37],[-171,-56],[-73,-27],[-204,-93],[-17,-4],[-121,-55]],[[18059,16411],[-92,-42],[-40,-24],[-461,-213],[-72,-29],[-94,-23],[-176,-28]],[[16767,16849],[63,6],[63,-7],[118,-26],[62,-9],[171,-18],[97,-13],[80,-7],[101,1],[-63,200],[-150,466],[-10,37],[-954,625]],[[2265,18046],[161,1],[43,-5],[56,-15],[180,-91],[45,-20],[56,-15],[69,-14],[54,-14],[71,-37],[53,-38],[114,-62]],[[3167,17736],[94,-60],[11,-11],[132,-87],[69,-51],[138,-105],[58,-37],[80,-33],[113,-42],[100,-41],[94,-53],[103,-65],[56,-38],[95,-48],[56,-18],[84,-18]],[[5188,15777],[-69,24],[-92,11],[-39,14],[-46,1],[-57,-7],[-16,13],[-67,19],[-95,7],[-80,-6],[-104,-1],[-84,-10],[-99,-21],[-34,-4],[-166,-58],[-31,-22],[-72,-39],[-15,-4],[-58,-34],[-73,-26],[-90,-17],[-94,-2],[-41,-5],[-105,-6],[-132,1],[-107,5],[-47,-5],[-139,-5],[-74,-5],[-38,-7],[-109,4],[-74,8],[-145,22],[-31,7],[-67,8],[-47,14],[-21,-12],[-16,23],[-50,9],[-10,7],[-135,25],[-75,7],[-112,0],[-54,-5],[-45,-8],[-26,-13],[-36,-3],[-88,1],[-112,19],[-67,21],[-56,12],[-74,24],[-99,27],[-128,38],[-77,21],[-99,19],[-63,8],[-81,4],[-42,5],[-211,-7],[-54,-11],[-79,2],[-68,9],[-104,9],[-92,24],[-37,17],[-74,50],[-18,5],[-30,21],[-68,60],[-21,30],[-43,48],[-86,104],[101,66],[13,-2],[12,21],[30,24],[38,-2],[24,10],[62,17],[105,34],[54,11],[68,4],[60,-8],[88,3],[37,-5],[49,10],[47,26],[23,5],[34,-2],[77,-30],[20,-1],[61,26],[18,4],[48,-13],[42,-37],[31,-10],[58,2],[50,-13],[18,17],[-1,17],[-13,34],[5,16],[34,11],[20,20],[-39,18],[-58,22],[-38,34],[-7,32],[8,31],[28,72],[5,46],[-12,24],[6,32],[19,31],[14,39],[38,51],[1,20],[28,35],[29,17],[25,31],[19,56],[29,38],[40,19],[9,28],[63,44],[93,16],[63,-8],[169,-78],[80,-4],[169,75],[67,25],[127,-13],[56,15],[36,26],[8,34],[4,53],[-32,84],[-6,37],[-14,36],[-37,28],[-19,22],[-11,33],[-2,31],[-8,29],[-30,184],[19,89],[3,34],[10,30],[0,52]],[[18715,11638],[84,-75],[27,-28],[80,-63],[68,-41],[118,-66],[88,-38]],[[21989,10458],[-106,-151],[-62,-95],[-73,-118],[-55,-94]],[[19933,8845],[-92,129],[-44,59],[-74,83],[-71,68],[-48,32],[-38,16],[-35,8],[-126,9],[-280,17],[-50,8],[-60,25],[-43,32],[-270,237],[-37,36],[-201,200],[-155,149],[-32,37],[-39,33]],[[18238,10023],[44,40],[23,25],[34,47],[36,76],[17,62],[53,297],[24,127],[32,106],[36,75],[88,170],[24,63],[8,34],[34,224],[15,114],[5,54],[4,101]],[[14969,16898],[-78,137],[-71,129],[-19,49],[-12,51],[-3,53],[3,40],[17,107]],[[3972,19561],[46,4],[156,-1],[142,-2]],[[4316,19562],[156,3],[99,-1],[122,-3]],[[4693,19561],[59,-3],[24,-6],[103,-35],[66,-24],[67,-30]],[[5012,19463],[73,-31]],[[4448,19033],[-33,24],[-178,120],[-31,10],[-97,20],[-44,13],[-135,53]],[[3930,19273],[19,141],[23,147]],[[12524,23439],[202,-31],[57,-8],[172,-26],[63,-17],[64,-27],[43,-24],[135,-86],[42,-23],[79,-34],[128,-43],[242,-41]],[[13751,23079],[15,-87],[-4,-33],[15,-28],[29,-16],[19,-3],[35,-23],[51,-1],[34,-28],[39,-11],[19,-26],[21,-12],[35,-9],[28,-35],[36,-26],[15,-17],[29,-95],[14,-32],[29,-106],[12,-24],[2,-22],[19,-33],[16,-65],[6,-9],[45,-146]],[[14310,22192],[-128,-70],[-61,-44],[-60,-52],[-60,-69],[-27,-37],[-179,-259]],[[12403,22082],[-3,61],[-2,116],[3,94],[5,66],[10,99],[45,330],[26,218],[20,202],[6,67],[11,104]],[[704,20427],[83,0],[71,19],[12,-29],[45,-51],[54,-20],[42,-1]],[[1214,20028],[-34,-122],[-8,-12]],[[1172,19894],[-86,79],[-146,119],[-179,139],[-26,24],[-15,25],[-16,46],[0,101]],[[9395,19563],[147,26],[120,8],[125,20]],[[6321,22762],[-141,-6]],[[3783,22687],[183,-33]],[[3966,22654],[56,-11],[142,-19],[121,-22],[137,-22]],[[4422,22580],[268,-43],[206,-33],[7,12]],[[4903,22516],[134,-23],[64,-15],[79,-36],[119,-61],[60,115],[25,42],[27,36],[47,50],[70,54],[43,25],[69,28],[63,15],[57,8],[44,1]],[[5804,22755],[58,-261]],[[5862,22494],[20,-91],[9,-65],[-5,-45],[-31,-78],[-51,-92]],[[5363,21598],[-97,-125]],[[4958,21703],[-73,51],[-139,101],[-41,32],[-198,144],[-239,174]],[[4268,22205],[-82,63],[-55,45],[-81,72],[-101,104]],[[3949,22489],[-56,61],[-55,64],[-55,73]],[[5012,19463],[41,117],[33,121]],[[5086,19701],[19,-20],[44,-27],[63,26],[48,-8],[86,-7],[101,0],[28,-17],[38,6],[52,1]],[[5565,19655],[-20,-92],[40,-2],[161,-3],[10,3],[33,-83],[50,-158],[22,-43],[24,-29]],[[1301,21846],[104,137],[82,113]],[[1487,22096],[178,237],[16,25],[30,58],[17,59],[5,61],[-4,70],[3,52],[11,42],[27,52],[31,38],[56,41],[69,34],[41,26]],[[1967,22891],[31,-47],[25,-60],[16,-30],[42,-43],[178,-96]],[[2259,22615],[-23,-44],[-17,-45],[-15,-54],[-12,-27],[-21,-28],[-47,-34],[-41,-11],[0,-25],[-32,-55],[-2,-34],[28,-62],[3,-28],[-14,-16],[-109,-76],[-21,-17],[-88,-87],[-18,-15],[-34,-18],[-25,-6],[-38,0],[-40,11],[-47,28],[-86,-144],[-51,-59],[-36,-52]],[[4714,19936],[28,188],[12,118],[4,110]],[[4961,21135],[31,-31],[25,-45],[6,-27],[4,-53]],[[5027,20979],[13,-169],[8,-41],[19,-46],[17,-30],[51,-70],[86,-125],[30,-47],[17,-40],[4,-54],[15,-53],[85,-157],[26,-45],[26,-35],[79,-81],[68,-51],[46,-53]],[[5617,19882],[-11,-40],[-41,-187]],[[5086,19701],[32,31],[-89,36],[-34,59],[-39,53],[-52,-61],[-33,-11],[-25,21],[-29,16],[-16,19],[-3,23],[-48,23],[-36,26]],[[1798,21552],[61,82],[17,17],[91,45],[29,21],[21,31],[16,65],[39,77],[4,20],[-6,33],[30,28],[12,30],[18,25],[34,24],[22,24],[62,115],[78,-48],[49,-9]],[[2375,22132],[-2,-85],[6,-62],[10,-40],[32,-82],[31,-92],[70,-168],[40,-86]],[[3316,24016],[75,67],[30,31],[38,49],[42,71],[15,33],[14,45]],[[3530,24312],[102,-22],[43,0],[47,7],[57,21],[51,32],[48,49],[30,49],[24,72],[13,87],[-10,38],[-13,23],[-66,93],[-52,76]],[[3804,24837],[68,50],[40,51],[16,39],[24,86],[24,48],[35,52],[36,37],[26,21]],[[4073,25221],[24,-43],[37,-44],[109,-102],[25,-34],[19,-49],[22,-103],[16,-58],[44,-134],[17,-41],[27,-49],[57,-80],[43,-50]],[[4513,24434],[-199,-80],[-173,-77],[-119,-66],[-126,-79],[-75,-52],[-58,-43],[-74,-59],[-59,-52]],[[3630,23926],[-85,6],[-46,18],[-3,30],[-32,3],[-70,32],[-17,-13],[-61,14]],[[5486,23848],[135,-23],[84,-16]],[[5736,23066],[-55,-9],[-31,3],[-44,22],[-26,-1],[-168,-48],[-31,-21],[-52,-81],[-16,-19],[-35,-20],[-28,56],[-74,79]],[[5176,23027],[37,59],[110,155],[37,32],[33,63],[15,49],[24,134],[19,60],[8,58],[-4,72],[1,33],[8,41],[22,65]],[[2259,22615],[164,-86]],[[2423,22529],[-20,-45],[-11,-35],[-9,-133],[-8,-184]],[[2409,26780],[87,3],[47,20],[30,23],[31,45],[45,116],[20,35],[28,34],[33,28],[81,40],[33,13]],[[2844,27137],[21,-45],[54,-65],[33,-22],[50,-21],[172,-47],[39,-13],[35,-22],[32,-30],[20,-33],[11,-27],[7,-38],[-5,-58],[-21,-51],[-29,-35],[-42,-30],[-40,-15],[-114,-27],[-41,-14],[-34,-23],[-38,-49],[-15,-36],[-13,-124],[-18,-40],[-42,-53],[-34,-38]],[[2832,26181],[-103,73],[-22,12],[-89,38]],[[2618,26304],[12,45],[3,68],[-15,47],[-37,56],[-27,25],[-83,58],[-34,40],[-15,33],[-11,50],[-2,54]],[[2440,24586],[151,58],[40,6],[249,-52],[47,-3],[115,9],[102,5]],[[3144,24609],[107,1],[126,-1],[86,15],[32,10]],[[3495,24634],[22,-63],[22,-81],[4,-65],[-2,-55],[-11,-58]],[[3316,24016],[-51,-50],[-44,-53],[-38,-34],[-50,-36],[-56,-30],[-35,-13],[-50,-9],[-385,-53]],[[2607,23738],[-29,113],[-19,142],[-6,105],[-8,56],[-52,244],[-6,16],[-23,101],[-24,71]],[[4693,19561],[13,203],[8,172]],[[3495,24634],[54,22],[43,28],[44,32],[168,121]],[[8232,22996],[63,9],[7,-48],[13,-6],[59,6],[16,-14],[52,4],[38,-40],[24,7],[42,-24],[74,-27],[54,-33],[14,7],[22,-12],[29,21],[42,16],[34,3],[29,-2],[5,50],[81,-16],[40,-6],[-7,-35],[43,-30],[17,-24],[-27,-23],[19,-39],[6,-31],[-1,-43],[37,-2]],[[9050,22301],[-127,6],[-41,3],[-68,18],[-44,22],[-87,56],[-54,12],[-34,4],[-81,25],[-117,24]],[[8397,22471],[-131,424],[-34,101]],[[1796,18842],[180,-11],[274,-18],[59,-5]],[[2309,18808],[176,-11]],[[2485,18797],[304,-20]],[[2789,18777],[-30,-168],[48,-18],[155,-40],[138,-31],[144,-30],[252,-68]],[[3496,18422],[-87,-172],[-30,-66],[-67,-134],[-74,-147],[-69,-153],[-2,-14]],[[2265,18046],[12,38],[5,31],[-14,40],[-24,21],[-41,24],[-61,27],[-34,5],[-46,-3],[-38,-14],[-75,-4],[-29,6],[-29,13],[-42,47],[-16,12],[-15,22],[-46,25],[-18,35],[-10,43],[-34,57],[-52,97],[2,33],[29,15],[12,60],[39,33],[21,0],[35,30],[-3,42],[-7,22],[10,39]],[[6302,20187],[86,-24],[68,-22],[25,-12],[34,-30],[112,-125],[44,-23],[20,-5],[83,21],[101,-8],[69,6],[59,-14],[77,-36],[39,-37],[29,-53],[14,-12],[28,-5]],[[7195,19381],[-48,4],[-70,19],[-152,-4],[-32,-6],[-49,-24],[-30,-30],[-16,-29],[-15,-50],[0,-29],[11,-66],[-1,-45],[-9,-29],[-25,-38],[-31,-33],[-29,-44],[-10,-24]],[[6331,19086],[18,49],[3,43],[12,48],[127,300],[-9,30],[-185,139],[2,241],[3,251]],[[9869,22240],[19,-27],[144,-156]],[[10032,22057],[-16,-13],[-223,-197],[-53,-40],[-58,-35],[-39,-18],[11,-66],[156,-425],[21,-36],[-169,-104],[-29,-37]],[[9003,21496],[-51,109],[-38,70],[-48,67],[-69,85],[-130,156],[-39,52],[-81,98],[-23,38]],[[8494,22217],[-35,69],[-18,45],[-44,140]],[[3496,18422],[3,-12],[90,-45],[124,-57],[64,-66],[152,-128],[22,-9],[162,-1]],[[4113,18104],[154,-3],[424,-1],[27,1],[225,-1]],[[1081,22651],[25,-94],[13,-36],[21,-36],[64,-79],[91,-107],[57,-62],[75,-90],[44,-41],[16,-10]],[[1301,21846],[-100,63],[-48,-32],[-1,-34],[-12,-22],[-34,-14],[22,-27],[16,-5],[3,-17],[-21,-39],[-100,-42],[-45,-65],[-38,-74],[-184,-153],[-22,-23],[-29,-10],[-37,-6],[-34,-10],[-43,8],[-52,2],[-19,-9],[-25,6],[-20,-10],[-38,-33],[-45,-2],[-21,37],[-19,13],[-56,6],[-42,30],[-24,-15],[-28,-3]],[[205,21366],[-6,56],[9,37],[-23,24],[-19,32],[-56,113],[-10,36],[-9,62],[0,37],[12,52],[-14,213]],[[709,20868],[176,-3],[37,-2],[93,-12],[49,-11]],[[704,20427],[5,441]],[[7040,25207],[10,-58],[14,-116],[14,-90],[16,-59],[16,-37],[40,-70],[26,-38],[100,-152]],[[7276,24587],[-70,-34],[-219,-80],[-34,-8]],[[5486,23848],[-141,28],[-73,26],[-153,61],[-22,5],[-59,22]],[[5038,23990],[-49,19],[-59,28],[-79,63]],[[4851,24100],[-52,40],[-93,79],[-70,68],[-58,67],[-65,80]],[[4513,24434],[115,44],[206,80],[43,20],[139,52],[297,114],[377,148],[123,45],[64,21],[103,28],[150,35],[268,54],[92,20],[190,36],[125,26],[235,50]],[[11995,21697],[16,-139],[13,-157],[8,-78],[13,-172]],[[12132,20357],[-9,-9],[-28,-4]],[[12095,20344],[-14,42],[6,14],[-19,33],[-42,40],[-20,7],[-24,20],[-36,37],[-10,28],[-17,8],[-48,-8],[-9,-11],[-33,-17],[-10,-20],[-30,3],[-13,26],[11,106],[-17,15],[-66,15],[-35,-16],[-33,4],[-50,-27],[-248,159],[-20,38],[-104,117],[-18,40],[-39,28],[-30,3],[-42,-26],[-18,-6],[-39,24],[-59,26],[-27,8],[-12,28],[-2,34],[7,50],[15,27],[21,24],[-4,16],[-38,3],[-69,-18],[-30,5],[-48,-27],[-24,-26],[-15,1],[-25,41],[2,25],[19,25],[21,11],[30,56],[8,44],[-15,47],[-28,35],[-4,37],[16,14],[-2,15],[21,48],[20,3],[16,32],[5,30],[-17,58],[6,20],[18,12],[43,7],[18,18],[13,28],[-33,102],[33,42],[14,34]],[[18059,16411],[51,-111],[8,-50],[-2,-55],[-24,-161],[-18,-130],[-18,-106]],[[18056,15798],[-30,-180],[-10,-46],[-29,-72],[-5,-35],[2,-35],[-31,-13],[-12,-12],[-35,-72],[-100,-214],[-7,-30],[-80,-37],[-4,-12],[71,-155]],[[17786,14885],[-8,0],[-105,-41]],[[17673,14844],[-57,180],[-45,148],[-125,-50],[-13,-3],[-72,5]],[[17361,15124],[19,218],[1,58],[-4,49],[-15,84],[-30,87],[-24,51],[-39,65],[-31,60],[-75,171],[-39,85]],[[23538,12960],[391,-126],[259,-90],[195,-66],[51,-18],[551,-193],[78,-22],[137,-23],[32,-3],[150,-5]],[[25382,12414],[-6,-64],[-8,-172],[16,-103],[24,-305],[9,-52],[32,-88],[22,-45],[34,-51],[43,-42],[36,-28],[77,-43],[107,-42],[43,-21],[171,-121],[31,-25],[122,-110],[32,-25],[75,-47],[37,-37],[22,-46],[18,-25],[103,-123],[229,-270],[24,-17],[82,-40],[98,-62],[101,-57],[24,-18],[26,-29],[23,-40],[29,-59],[11,-48],[1,-32],[-6,-42],[-17,-62],[-7,-44],[-3,-89],[-5,-68],[5,-89],[1,-75],[7,-98],[-1,-104],[6,-33],[39,-114],[31,-74],[18,-29],[34,-25],[25,-29],[59,-99],[56,-99],[17,-38]],[[7518,25290],[78,7],[90,4],[115,2],[72,-3],[112,-7],[141,-17],[78,-13],[81,-17],[93,-22],[136,-39],[95,-33],[662,-242],[36,-13]],[[9209,24019],[-31,13],[-153,75],[-143,58]],[[8882,24165],[-67,32],[-94,55],[-174,108],[-32,18],[-158,61],[-25,-40],[-144,-218],[-23,-66],[-29,-37],[-53,-55],[-68,-76],[-64,-76],[-71,-77],[-56,-42]],[[7824,23752],[-31,53],[-22,30],[-267,405],[-133,205],[-95,142]],[[7040,25207],[172,33],[144,30],[75,11],[87,9]],[[16666,8705],[227,200],[51,43],[70,47],[274,165],[54,39],[51,43],[392,362],[396,365],[57,54]],[[16899,8397],[-233,308]],[[14764,12661],[-11,-233],[-26,-114],[-3,-29],[2,-127],[11,-43],[70,-104],[19,-33],[36,-75],[135,-300],[53,-117],[20,-37],[45,-58],[97,-87],[40,-50],[23,-42],[19,-79]],[[15294,11133],[79,-464]],[[15373,10669],[4,-41],[16,-85],[113,-657],[91,-532],[116,-675],[37,-209],[142,-829],[5,-34]],[[17105,2278],[-43,20],[-15,1],[-61,22],[-131,61],[-63,9],[-79,28],[-63,33],[-54,40],[-42,50],[-38,54],[-15,14],[-21,1],[-17,24],[-30,2],[0,-11],[-58,2],[13,29],[78,-2],[18,7],[-8,16],[-39,16],[18,18],[13,32],[-21,31],[24,76],[10,100],[14,36],[-4,44],[21,37],[0,13],[16,47],[28,55],[27,43],[22,69],[4,60],[-9,58],[-36,58],[-1,20],[-56,48],[-35,0],[-30,32],[-36,14],[-22,20],[-52,13],[-14,15],[1,21],[-31,0],[-27,9],[-5,31],[-56,16],[-21,27],[-55,34],[-15,26],[-27,21],[-20,31],[-32,30],[-61,80],[-80,-12],[-35,1],[-70,12],[25,18],[44,0],[5,8],[53,21],[-19,16],[-48,0],[-48,-12],[-24,4],[-51,49],[-11,28],[57,14],[45,7],[29,-24],[40,13],[5,-28],[32,-24],[10,6],[-15,35],[-15,54],[-14,22],[11,16],[-13,41],[-66,-8],[5,21],[46,8],[19,8],[-16,27],[9,36],[-9,90],[-3,64],[-5,14],[-3,80],[-9,24],[-1,49],[-18,33],[0,18],[10,20],[1,27],[-22,37],[2,30],[-16,26],[-15,54],[-12,92],[-12,55],[-1,23],[-16,66],[-8,15],[-18,82],[-18,37],[-9,33],[-20,24],[-74,60],[-18,26],[-65,43],[-76,29],[-11,16],[-46,-1],[-28,-5],[-13,12],[-16,-3],[-32,-18],[-27,-5],[7,-29],[21,-4],[40,-27],[32,19],[28,-15],[31,-39],[34,-3],[12,-29],[40,-63],[9,-40],[-9,-30],[-31,-43],[-8,-37],[-17,-19],[-5,-24],[-18,-21],[-30,-13],[-9,3],[-37,41],[-109,93],[-34,15],[-12,19],[20,54],[-17,37],[-8,33],[-1,31],[7,25],[20,22],[22,7],[-7,20],[-43,1],[-48,-18],[-91,-19],[-58,-24],[-17,0],[-30,-14],[-54,-15],[-19,-11],[-53,-10],[-54,5],[-38,-6],[41,-46],[13,-36],[7,-48],[-41,-14],[-21,54],[-20,32],[-25,24],[-16,23],[-153,-5],[-28,-10],[-16,1],[-29,17],[-46,2],[-45,22],[-39,39],[-58,31],[-59,45],[-28,14],[-88,66],[-71,81],[-38,56],[-26,56],[-29,81],[0,20],[-13,39],[-16,18],[6,22],[-18,58],[-11,9],[-23,43],[21,-5],[-20,119],[1,83],[20,52],[-6,11],[8,41],[34,91],[1,17],[61,118],[9,27],[13,3],[4,20],[49,81],[15,37],[8,3],[15,37],[14,9],[25,43],[12,42],[36,46],[7,28],[53,89],[1,20],[22,29],[14,29],[-25,10],[14,26],[27,-5],[9,31],[20,32],[-3,22],[13,5],[21,52],[14,45],[70,-40],[38,-31],[13,32],[16,98],[-2,25],[14,34],[17,85],[9,23],[5,45],[8,18],[7,42],[-8,26],[11,58],[-1,32],[-8,78],[-11,21],[-14,115],[-24,151],[-10,37],[17,4],[10,-59],[17,-2],[2,39],[-11,35],[-19,34],[-14,14],[-24,92],[-15,67],[-5,36],[-15,50],[4,15],[-7,34],[-7,87],[-18,49],[0,57],[-17,15],[-9,84],[-17,41],[-6,59],[-19,15],[5,15],[-7,72],[-17,70],[2,37],[-17,16],[-4,83],[-7,22],[2,59],[-4,15],[4,42],[-3,74],[4,40],[3,69],[5,15],[-1,56],[8,5],[8,64],[2,93],[-2,42],[8,9],[-5,33],[7,23],[-8,23],[8,14],[-5,83],[2,43],[-5,21],[10,32],[-10,59],[11,43],[-6,22],[18,20],[-1,21],[-18,3],[17,60],[-6,15],[-17,8],[9,63],[-20,21],[12,24],[-3,34],[3,39],[-8,15],[2,46],[-7,37],[5,23],[-7,9],[-3,59],[-19,68],[-4,44],[-10,23],[-4,47],[-12,16],[3,18],[-14,71],[-7,8],[-3,32],[13,63],[23,31],[13,30],[-4,21],[24,69],[40,59],[10,27],[55,92],[43,59],[17,18],[15,31],[26,35],[20,83],[22,31],[16,59],[4,40],[16,60],[4,34],[15,94],[9,41],[3,74],[8,58],[-3,96],[3,119],[-5,51],[0,105],[6,40],[1,92],[145,-1]],[[5792,21112],[-181,118],[-107,74],[-238,169]],[[9554,26729],[-48,-195],[-22,-104],[-20,-133],[-34,-299]],[[7518,25290],[9,20],[-9,16],[13,23],[-1,24],[15,4],[6,28],[31,87],[-19,6],[-1,14],[27,4],[3,20]],[[7592,25536],[15,34],[8,36],[1,38],[16,41],[6,38],[23,62],[-35,25],[-7,15],[6,28],[-36,44],[-7,29],[-23,24],[-20,40],[5,15],[-57,57]],[[7487,26062],[0,58],[34,36],[-6,16],[28,29],[22,29],[26,12],[32,2],[13,17],[23,-22],[15,-1],[23,-17],[38,-15],[23,-3],[42,-25],[32,21],[66,27],[10,30],[-5,37],[-15,27],[-26,4],[-35,29],[0,23],[-18,22],[-1,15],[29,49],[44,17],[21,-14],[46,-3],[47,-30],[39,62],[-12,15],[9,46],[14,17],[22,5],[31,18],[51,78],[10,3],[40,-21],[10,-15],[-2,-29],[-15,-44],[-6,-31],[13,-55],[73,-8],[47,45],[17,3],[24,23],[33,4],[16,9],[9,25],[28,30],[41,20],[90,18],[71,-9],[40,-12],[0,17],[-29,22],[2,25],[16,19],[37,13],[41,28],[25,34],[33,9],[11,-11],[2,-34],[23,-15],[14,1],[15,-21],[30,-8],[58,-1],[26,12],[29,-6],[28,-15],[29,-25],[4,-20],[27,0],[5,35],[78,10],[42,14],[27,2],[39,-13],[12,-35],[26,-29],[30,2],[56,21],[62,45],[43,20],[25,4]],[[13926,19501],[5,-83],[25,1],[31,16],[105,7]],[[14092,19442],[2,-13],[11,-200]],[[14105,19229],[-275,-14],[-35,-6]],[[13795,19209],[-11,282],[133,7],[9,3]],[[15294,11133],[461,7],[92,2],[229,11],[15,0],[153,-22],[10,-131],[2,-5]],[[16256,10995],[8,-107],[25,-34],[28,-15],[-24,-29],[-46,-22],[-29,-6],[-41,0],[1,-76],[20,-1],[-14,-31],[-34,-35],[4,-63],[-1,-33],[-13,-30],[8,-40],[-21,-328]],[[16127,10145],[-159,11],[-75,8],[-41,-17]],[[15852,10147],[-27,29],[-127,114],[-98,87],[-112,103],[-48,54],[-34,51],[-33,84]],[[18680,12668],[56,-8],[43,-1],[124,13],[68,8],[71,15],[119,17],[89,8]],[[18715,11638],[2,106],[-9,494],[-4,301],[-3,38],[-21,91]],[[18680,12668],[-52,160],[-47,139],[-40,127],[-31,80],[22,12],[109,92],[55,32],[22,9],[63,10],[48,-5],[188,-31],[53,-12],[142,-7],[85,4],[168,-6],[53,-7],[114,-25],[58,-6],[220,-52],[97,-20]],[[5547,16637],[-6,50],[-39,144],[-3,38],[15,135],[-7,87],[2,36],[9,31],[18,32],[29,34],[43,35],[32,48],[116,292],[0,8],[39,5],[41,85],[32,76],[53,109]],[[11857,25148],[8,-113],[30,-259],[14,-167],[-5,-145],[-58,6],[-70,24],[-29,18],[-25,-24],[-41,-24],[-30,-26],[-101,-115],[-25,-58],[-5,-49],[4,-37],[10,-34],[25,-45],[36,-40],[41,-25],[34,-8],[43,2],[62,16],[83,11],[152,9],[55,-5],[54,-19],[111,-65],[58,-29],[90,-35],[46,-12],[63,-11],[58,-2],[78,2]],[[12623,23889],[-52,-213],[-27,-126],[-20,-111]],[[12524,23439],[-582,88]],[[11942,23527],[-448,69],[-152,25],[-64,16],[-69,23],[-73,31]],[[11131,23771],[126,24],[-106,381],[-14,42],[-83,296],[-119,432],[-63,248]],[[10872,25194],[25,23],[-29,41],[20,52],[11,41],[1,22],[13,62],[27,46],[4,40],[9,21],[26,15],[29,-8],[49,3],[11,10],[20,47],[35,39],[62,31],[32,26],[43,8],[36,-14],[60,-39],[15,-26],[3,-35],[59,-36],[29,-33],[28,-19],[57,-70],[28,-14],[14,-19],[-8,-43],[22,-11],[53,-43],[16,-19],[11,-41],[-6,-50],[15,-24],[73,-29],[42,-9],[50,9]],[[2331,19759],[-15,-39],[12,-24],[-21,-38],[-15,-10],[-23,-28],[-16,-34],[-7,-60],[-33,-2],[-8,-37],[35,-26],[10,-28],[13,4],[14,-30],[-10,-8],[23,-23],[32,1],[20,-19],[2,-35],[27,-13],[-6,-43],[23,-48],[18,-14],[-12,-31],[25,-39],[-5,-41],[38,-80],[37,-25],[11,-62],[10,-18],[11,-46],[-7,-25],[-15,-10],[-14,-31]],[[2309,18808],[-2,33],[-23,45],[-191,173],[-42,38],[-276,251],[-90,84],[-178,160],[-150,135],[-94,83],[-91,84]],[[1390,23488],[100,-59],[70,-38],[479,-267],[55,-28]],[[2094,23096],[-46,-107],[-35,-55],[-46,-43]],[[4291,20404],[-23,-75],[-20,-55],[-30,-67],[-36,-70],[-74,-119]],[[4108,20018],[-44,-76],[-32,-72],[-25,-72],[-15,-57],[-10,-55],[-11,-93],[1,-32]],[[3930,19273],[-37,14],[-55,36],[-30,31],[-45,79],[-43,56],[-10,29],[0,37],[-66,-6],[-85,7],[-25,-4],[-108,0],[-103,-4]],[[3323,19548],[46,31],[31,15],[16,31],[5,39],[16,31],[21,9],[3,25],[-12,25],[60,10],[34,-3],[60,14],[33,-5],[17,4],[45,29],[49,14],[37,16],[28,5],[35,35],[18,6],[38,109],[45,90],[22,23],[0,20],[33,56],[12,38],[57,110],[11,17],[26,-3],[10,8],[-7,22],[15,6],[13,36],[23,6],[22,-5],[16,-25],[27,-11],[24,2],[25,22],[14,4]],[[9272,18242],[89,-89],[121,-123],[137,-138],[101,-106],[163,-167]],[[9883,17619],[-268,-361],[-31,-38]],[[9554,26729],[15,9],[48,-1],[27,-9],[31,6],[-30,26],[11,23],[25,9],[31,-8],[67,0],[38,-8],[55,-40],[9,-33],[27,-39],[34,-35],[22,-14],[43,-46],[5,-56],[-32,-41],[-19,-40],[2,-14],[41,-43],[19,-8],[1,-18],[13,-20],[-4,-56],[-10,-16],[2,-23],[40,-54],[17,-34],[-3,-16],[26,-32],[2,-14],[-13,-25],[42,-22],[37,-33],[10,-28],[31,-5],[26,-49],[-4,-41],[-10,-7],[-53,-11],[-13,-13],[-21,1],[-22,-26],[-8,-27],[55,-34],[32,-12],[25,-24],[23,-53],[1,-30],[-19,-44],[0,-17],[12,-17],[84,-72],[20,-5],[16,24],[28,6],[19,-58],[9,-6],[65,-19],[11,-16],[-10,-24],[60,-43],[28,6],[18,45],[15,-2],[10,-16],[33,-27],[23,-56],[22,-28],[61,-16],[44,-33],[11,-26],[16,-9],[51,2]],[[17992,13793],[44,13],[92,20],[78,13],[48,4],[99,3],[86,-4],[66,-7],[386,-61],[120,-19]],[[19011,13755],[371,-59],[130,-17],[94,-10],[258,-20],[139,-4],[88,-1]],[[20091,13644],[17,0]],[[18680,12668],[-84,21],[-84,17],[-102,9],[-46,-2],[-75,10],[-175,13]],[[18114,12736],[-19,60],[-13,59],[8,27],[0,60],[5,22],[43,46],[6,12],[-1,71],[-11,32],[12,17],[20,57],[59,-16],[44,149],[13,22],[51,45],[-140,164],[-132,151],[-67,79]],[[17459,13624],[62,5],[73,16],[87,27],[93,39],[120,48]],[[17894,13759],[26,-59],[2,-15],[-49,6],[-46,0],[0,-40],[-28,-179],[-4,-31],[-28,-181]],[[17548,13285],[15,99],[-1,173],[-88,-5],[-15,72]],[[11947,22136],[-9,78],[-1,106],[8,112],[4,117],[3,30],[3,127],[3,29],[2,94],[4,116],[-4,123],[-7,124],[0,64],[-10,249],[-1,22]],[[6056,20949],[154,-92]],[[6210,20857],[-73,-49],[-41,-37],[-25,-31],[-92,-132],[-19,-24],[-93,-132],[-22,-39]],[[5845,20413],[-66,12],[-121,57],[-42,23],[-17,19],[-55,80],[42,87],[-416,378],[-9,0],[-111,-76],[-23,-14]],[[17457,14729],[275,-522],[9,-22],[116,-220],[32,-52],[103,-120]],[[17992,13793],[-98,-34]],[[17459,13624],[-43,-2],[-93,7],[-71,15],[-75,24],[-58,25]],[[16030,14729],[83,-2],[57,-7],[61,-13],[47,-17],[18,-11],[99,-45],[65,-25],[144,-53],[210,-75],[34,-11],[50,-9],[84,-5],[100,13],[87,21],[63,30],[23,17],[117,114],[85,78]],[[3183,18751],[50,-4],[473,-32],[21,-1]],[[3727,18714],[-11,-66],[-21,-46],[-39,-49],[-29,-22],[-51,-25]],[[3576,18506],[-24,21],[-20,9],[-227,50],[-131,25],[9,140]],[[5378,18416],[-41,-51],[-39,-33],[-32,-20],[-128,-68],[-30,-27],[-30,-52],[-8,-37],[-1,-29]],[[4113,18104],[0,28],[7,37],[15,26],[31,28],[127,88],[28,28],[57,122],[12,38],[6,48],[7,120]],[[8716,20212],[40,-178],[20,-83]],[[8230,20023],[120,42],[63,24],[55,51],[30,20],[29,9],[189,43]],[[2939,19961],[192,18],[39,10],[64,33],[99,68],[47,27],[40,15],[276,90],[41,18],[62,43],[33,35],[75,101],[50,54],[159,134],[40,66]],[[4156,20673],[170,-89],[16,-5]],[[3323,19548],[-137,-3],[-69,1],[-91,13],[-51,11]],[[9534,20423],[-29,-13],[-112,-22],[-192,-46],[-45,-6]],[[9156,20336],[-38,-6],[-43,-16],[-51,-26],[-62,-18]],[[8962,20270],[-2,6],[11,256],[-202,22],[8,189]],[[4403,18667],[-450,31],[-102,8],[-124,8]],[[3727,18714],[4,31],[40,60],[93,116],[19,34],[18,47],[9,109],[18,125],[2,37]],[[27286,12701],[-54,-8],[-525,-81],[-10,-2],[-531,-82],[-167,-25],[-136,-23],[-157,-23],[-173,-27],[-82,-10],[-69,-6]],[[22015,15983],[42,17],[87,13],[86,-14],[65,-26],[61,-66],[92,-164],[45,-42],[44,-48],[27,-18],[23,-7],[54,-5],[75,-44],[20,-3],[18,18],[39,1],[38,14],[14,-2],[21,-20],[48,-34],[28,1],[22,-19],[10,-20],[30,-14],[20,-18],[53,8],[44,-1],[22,-9],[30,-41],[32,-23],[18,-24],[40,-14],[50,1],[39,-24],[71,-11],[57,-1],[55,-38],[43,-19],[52,10],[56,-2],[72,10],[51,10],[13,-4],[31,-33],[53,-38],[26,-36],[7,-19],[33,-43],[20,9],[52,-4],[56,-1],[56,-29],[43,-31],[28,-41],[-9,-55],[12,-53],[71,-39],[32,-13],[28,-23],[27,-47],[50,-14],[68,-45],[24,-50],[12,-46],[25,-48],[47,-32],[19,-6],[35,20],[55,-13],[24,-22],[29,-15],[26,-51],[40,-32],[69,-23],[24,1],[19,-18],[6,-22],[30,-49],[12,-5],[118,-17],[47,32],[42,-4],[35,-51],[35,-9],[49,-2],[14,-18],[2,-28],[18,-13],[51,10],[90,49],[7,24],[35,16],[30,-17],[32,7],[47,-7],[50,-23],[30,18],[21,5],[32,-3],[33,18],[18,25],[36,22],[31,-3],[22,-14],[21,-32],[6,-25],[2,-42],[26,-42],[2,-29],[51,-28],[45,-4],[32,-36],[57,-118],[35,-49],[28,-23],[26,4],[40,18],[56,-19],[71,6],[20,-7],[-1,-26],[17,-14],[21,-5],[46,0],[26,-6],[38,-41],[7,-20],[-8,-55],[30,-50],[0,-12],[-16,-59],[-25,-64],[16,-34],[0,-88],[18,-37],[15,-9],[27,-2],[42,-20],[17,4],[20,-10],[24,-25],[23,-11],[47,-32],[46,-16],[45,-8],[25,-13],[26,-80],[18,-16],[99,-68],[9,-12],[-3,-34],[-12,-20],[-4,-23],[17,-54],[15,-13],[39,-15],[15,-23],[32,3],[28,-23],[10,-27],[43,-63],[5,-21],[-5,-57],[9,-36]],[[15852,10147],[29,-33],[21,-30],[54,-89],[114,-185],[58,-97],[41,-87],[30,-101],[74,-285],[23,-77],[30,-64],[23,-36],[92,-100],[116,-118],[40,-46],[69,-94]],[[2975,19570],[3,-9],[-21,-168],[1,-54],[10,-45],[49,-152],[6,-47],[-2,-46],[-18,-60],[-25,-55],[-13,-61],[-10,-108]],[[2955,18765],[-166,12]],[[3873,26315],[28,-20],[22,-2],[10,12],[24,1],[23,-23],[4,-15],[24,-20],[19,-4],[42,-28],[10,-19],[23,21],[3,24],[11,32],[42,-10],[19,-25],[41,-21],[15,-14],[32,4],[36,-9],[8,-9],[8,-40],[74,-41],[23,-19],[12,-23],[46,-19],[22,-37],[21,-24],[-3,-16],[37,-57],[21,1],[13,-30],[34,-21],[17,-39],[32,-10],[12,-26],[25,-11],[50,6],[52,11],[25,-27],[24,-13],[20,7],[27,29],[29,-6],[10,-13],[23,2],[17,30],[30,20],[24,-13],[7,-58],[18,-32],[28,-13],[20,-1],[9,-24],[21,-17],[23,0],[6,-17],[45,-32],[31,-30],[19,-37],[48,-25],[9,-28],[27,-8],[11,6],[21,-10],[9,-29],[15,-29],[25,-1],[29,20],[34,10],[7,-7],[9,-36],[-2,-21],[12,-19],[43,-6],[26,6],[31,29],[40,16],[12,-2],[19,-26],[-15,-36],[33,-34],[22,4],[10,13],[61,15],[20,-15],[18,-23],[29,-5],[47,-22],[32,8],[23,-21],[26,16],[10,28],[13,76],[-16,23],[3,39],[24,36],[23,-9],[19,-47],[15,-17],[18,-5],[32,4],[43,-24],[30,-27],[58,-28],[28,1],[17,-12],[22,16],[28,-11],[10,-18],[54,-6],[30,15],[15,40],[-31,40],[-31,10],[-15,39],[-19,35],[3,37],[-4,54],[25,25],[38,-3],[24,-17],[11,-18],[52,-29],[29,-21],[33,5],[26,-23],[9,-25],[40,-9],[28,13],[44,-34],[20,-1],[12,14],[31,5],[21,15],[34,7],[18,35],[0,49],[14,27],[14,5]],[[6894,25599],[31,-34]],[[6925,25565],[40,-47],[35,-66],[16,-57],[24,-188]],[[4073,25221],[-22,52],[-10,62],[-1,96]],[[4040,25431],[-14,71],[-29,53],[-93,125],[-27,29],[-48,33],[-33,14],[-258,87]],[[3538,25843],[10,104],[14,40],[59,64],[80,76],[91,73],[43,42],[28,39],[10,34]],[[1371,26650],[56,-49],[83,-87],[26,-45],[50,-119],[25,-81],[1,-43],[-15,-96],[-2,-63],[9,-46]],[[1604,26021],[17,-60],[21,-47],[27,-41],[58,-74],[37,-57],[10,-34],[29,-79],[24,-46],[19,-25],[30,-29],[49,-32]],[[1925,25497],[-19,-37],[-8,-25],[-4,-43],[6,-29],[30,-101],[19,-37],[16,-21],[81,-84],[117,-147],[164,-202],[36,-47],[28,-44],[49,-94]],[[2607,23738],[21,-81],[4,-39],[19,-111],[-1,-19],[14,-76]],[[2664,23412],[-343,132],[-307,119],[-556,221],[-143,60],[-90,42],[-143,72],[-120,67],[-116,71],[-87,58],[-84,58]],[[675,24312],[107,383],[105,282],[-119,97],[61,84],[8,19],[2,169],[3,16],[2,116],[-19,253],[255,-93],[291,1012]],[[12573,19436],[219,5],[162,10],[246,11],[246,5],[-7,-158],[-3,-116],[125,3],[234,13]],[[14105,19229],[36,-6],[39,-26],[-39,-56],[-26,-57],[-104,-190]],[[14011,18894],[-55,4],[-5,-4],[-76,24],[-29,3],[-53,-11],[-20,16],[-49,20],[-22,-3],[-46,13],[-101,-15],[-70,-8],[-18,-12],[-44,-5],[-35,-17],[-68,-10]],[[13320,18889],[0,9],[-149,91],[-188,107],[-30,19],[-238,54],[-4,45],[-164,-27]],[[12547,19187],[-7,55],[-2,39],[5,54],[15,59],[15,42]],[[17361,15124],[-6,-68],[-1,-51],[11,-75],[14,-46],[28,-61],[50,-94]],[[15876,14919],[18,49],[14,81],[14,71]],[[4851,24100],[-46,-48],[-38,-14],[-28,1],[-89,35],[-124,37],[-35,7],[-51,-3],[-55,-26],[-47,-42],[-72,-70],[-12,-19],[0,-21],[15,-85],[-2,-16],[-44,-121],[-19,-26],[-73,-46],[-25,-23],[-7,-39],[11,-23],[81,-130],[-2,-35],[-32,-66],[-16,-70],[-24,-50],[-15,-23],[-26,-20],[-98,-32],[-21,-10],[-58,-134],[6,-31],[59,-90],[26,-20],[-10,-32],[-14,-161]],[[3783,22687],[-47,57],[-103,135],[-56,64],[-76,74],[-98,82],[-51,35],[-45,27],[-87,46],[-56,26],[-97,36]],[[3067,23269],[21,36],[36,50],[104,132],[166,200],[44,50],[68,72],[49,48],[75,69]],[[2955,18765],[228,-14]],[[3576,18506],[-30,-21],[-27,-28],[-23,-35]],[[3508,20956],[90,-7],[63,-18],[41,-17],[248,-131]],[[3950,20783],[206,-110]],[[2423,22529],[8,15],[155,257],[79,140]],[[2665,22941],[29,92],[9,46],[-5,99],[-16,128],[-18,106]],[[2664,23412],[72,-25],[171,-61],[160,-57]],[[3949,22489],[-120,-269]],[[3829,22220],[-38,10],[-126,58],[-47,13],[-101,21],[-39,13],[-50,23],[-79,43],[-63,44],[-49,27],[-26,6]],[[3211,22478],[5,26],[18,-2],[135,-29],[58,-16],[68,-12],[44,-12],[23,1],[34,24],[11,29],[-12,56],[4,56],[-19,4],[-103,3],[-94,17],[-20,16],[19,112],[-103,22],[-228,58],[-45,9],[-78,20],[-22,-62],[-75,-174],[-60,-160],[-12,-37]],[[2759,22427],[-61,21],[-66,14],[-40,2],[-54,8],[-60,22],[-51,26],[-4,9]],[[11108,20277],[57,5],[312,20],[132,10],[77,10],[255,18],[115,1],[39,3]],[[12132,20357],[9,-101],[1,-131],[-7,-106],[-1,-218],[5,-43],[15,-61]],[[9939,17604],[-39,38],[-17,-23]],[[7592,25536],[-194,-16],[-50,3],[-48,16],[-136,70],[-56,19],[-37,2],[-49,-7],[-52,-24],[-45,-34]],[[6894,25599],[34,22],[27,-1],[11,11],[8,32],[46,49],[6,23],[23,19],[28,2],[26,17],[46,12],[45,-2],[33,14],[29,50],[32,3],[10,18],[22,-6],[28,18],[35,44],[32,9],[18,-8],[31,36],[9,29],[-2,15],[12,21],[4,36]],[[9869,22240],[82,39],[44,12],[64,3],[61,-10],[82,-29],[55,-12],[87,-5],[51,8],[34,13],[47,27]],[[10476,22286],[65,50],[21,12],[224,95],[48,15]],[[10805,20857],[-72,97],[-104,147],[-58,88],[-33,64],[-11,52],[-17,120],[-28,57],[-96,171],[-37,61],[-32,40],[-220,239],[-19,14],[-46,50]],[[7740,23416],[84,336]],[[7824,23752],[52,-77],[174,-264],[34,-62],[41,-95]],[[8125,23254],[55,-134],[30,-68],[22,-56]],[[8397,22471],[-131,36],[-53,5],[-64,0],[-45,7],[-165,61],[-39,18],[-261,143],[-58,28]],[[8882,24165],[-55,-139],[-52,-136],[-57,-162],[-14,-31],[-37,-59],[-14,-54],[-17,-33],[-23,-28],[-59,-61],[-50,-85],[-33,-35],[-33,-16],[-299,-66],[-14,-6]],[[5038,23990],[-66,-115],[-5,-16],[-38,-66],[-9,-26],[-6,-51],[6,-48],[18,-65],[1,-29],[-8,-50],[-26,-51],[-40,-42],[-33,-26],[-28,-35],[-16,-35],[-13,-49],[-24,-44],[-27,-31],[-76,-72],[-69,-49],[-35,-44],[-16,-41],[-9,-82],[-26,-71],[-10,-41],[-10,-64],[-27,-55],[-20,-51],[-9,-48],[5,-13]],[[1371,26650],[141,443],[-9,2],[36,123],[110,-38],[75,-28],[14,-13],[32,-11],[23,-20],[56,-23],[24,-2],[36,-11],[27,-14],[56,-12],[19,-13],[72,41],[11,-3],[34,35],[23,13],[21,-3],[5,23],[15,26],[18,-1],[3,18],[31,29],[27,10],[12,18],[4,25],[11,10],[23,-1],[18,16],[32,9],[92,-3],[19,3],[73,26],[74,66],[39,29],[4,9],[45,26],[23,2],[20,-12],[38,-3],[9,-13],[17,9],[10,-13],[34,-7]],[[2868,27417],[-30,-41],[-11,-84],[0,-50],[4,-51],[13,-54]],[[2409,26780],[-74,-5],[-120,-4],[-48,-6],[-75,-22],[-47,-21],[-39,-23],[-48,-43],[-25,-40],[-19,-56],[-2,-58],[19,-165],[0,-31],[-11,-53],[-31,-54],[-75,-82],[-30,-26],[-47,-30],[-55,-24],[-78,-16]],[[13282,17839],[189,8],[85,12],[51,4]],[[13607,17863],[219,26],[149,9],[181,8]],[[14202,17639],[-7,-2],[-99,-8],[-224,-21],[-73,-1],[-49,-18],[-20,-22],[-17,-47],[-151,117],[-143,102],[-137,100]],[[1796,18842],[-1,19],[-17,20],[0,24],[-14,16],[-57,35],[-52,36],[-80,24],[-57,31],[-25,-7],[-36,1],[-43,21],[-20,17],[-22,5],[-11,21],[-46,47],[-27,-11],[-37,-5],[-31,-17],[-17,-1],[-6,25],[-49,5],[-23,16],[-37,11],[-45,-13],[-49,10],[-24,-1],[-25,15],[-18,19]],[[927,19205],[-1,6],[45,194],[46,54],[5,40],[16,28],[29,4],[20,40],[21,4],[21,59],[-5,23],[15,35],[1,31],[-8,15],[18,62],[-5,10],[10,38],[-2,14],[19,32]],[[10476,22286],[-27,36],[-15,40],[4,40],[41,109],[1,47],[-9,45],[-13,38],[-147,228],[-38,-21],[-42,-33],[-45,-44],[-38,-15],[-1,93],[9,53],[-4,8],[-45,-1],[-91,-39],[-37,-8],[-51,-21],[-27,-17],[-118,-84],[-65,-20]],[[6046,22751],[27,-60],[17,-24],[5,-34],[-39,-83],[9,-101],[-55,-8],[-24,9],[-24,32],[-33,16],[-67,-4]],[[17457,14729],[61,46],[52,28],[103,41]],[[17786,14885],[23,9],[100,46],[58,24],[256,87],[80,39]],[[18303,15090],[3,-19],[94,-394],[13,-48],[-2,-18],[-29,-126],[197,-43],[27,-18],[68,-113],[18,-21],[142,-106],[39,-27],[39,-18],[89,-8],[80,20],[45,0],[43,-18]],[[19169,14133],[-14,-36],[-13,-83],[-18,-52],[-17,-31],[-69,-108],[-19,-38],[-8,-30]],[[1041,21459],[-155,-221],[-132,-191],[-27,-53],[-13,-45],[-5,-81]],[[709,20868],[-82,-3],[-127,-29],[-146,-8],[-62,24]],[[292,20852],[-15,35],[8,53],[-28,127],[-23,84],[-14,79],[-6,109],[-9,27]],[[16256,10995],[10,-4],[192,33],[410,74],[23,5]],[[16891,11103],[11,-30],[-18,-9],[3,-18],[9,-313],[-2,-25],[-79,-424],[-13,-25],[-409,-94],[-142,-28],[-124,8]],[[14031,18180],[-269,-90],[-38,-20],[-31,-30],[-60,-78],[-19,-32],[-7,-26],[0,-41]],[[13282,17839],[-68,49],[80,92],[21,44],[10,53],[-5,25],[-17,39],[-1,45],[-7,22],[21,48],[1,18],[16,21],[-2,37],[-44,53],[-11,27],[-23,28],[-61,47],[-15,4],[-55,52],[-5,25],[8,23],[-3,17],[9,71],[-3,54],[15,85],[47,38],[60,33],[30,-1],[23,12],[17,-11]],[[2618,26304],[-56,-133],[-9,-58],[3,-40],[12,-39],[16,-32],[19,-25],[42,-38],[67,-55],[12,-2]],[[2724,25882],[-181,-212],[-18,-18],[-48,-39],[-35,-21],[-77,-29]],[[2365,25563],[-275,-84],[-35,-6],[-47,1],[-35,6],[-48,17]],[[20672,13980],[18,12],[66,53],[35,47],[87,71],[29,-22],[16,1],[53,16],[25,13],[162,134],[24,15],[88,-123],[60,-50]],[[20951,13659],[-28,28],[-79,59],[-54,47],[-26,32],[-60,94],[-32,61]],[[2832,26181],[31,-30],[25,-35],[15,-30],[11,-38],[5,-34]],[[2919,26014],[-55,-15],[-35,-18],[-42,-30],[-63,-69]],[[4108,20018],[21,-20],[23,-47],[2,-21],[34,-20],[22,-21],[15,-36],[22,-9],[12,-26],[6,-32],[21,-44],[-3,-14],[8,-36],[4,-67],[21,-63]],[[5845,20413],[-4,-6],[-182,-406],[-25,-62],[-17,-57]],[[27286,12701],[10,-24],[3,-31],[9,-38],[13,-20],[59,-21],[21,13],[42,-3],[29,-14],[28,-53],[-30,-10],[-16,6],[-36,-72],[2,-54],[5,-11],[38,13],[10,-20],[36,-30],[66,-20],[22,13],[10,20],[19,7],[18,-17],[15,3],[31,-13],[9,-21],[1,-26],[9,-9],[31,-3],[11,-9],[0,-30],[21,-37],[77,-63],[41,-29],[33,-15],[23,-21],[18,-36],[12,-5],[37,3],[36,-30],[30,-7],[56,-23],[37,-25],[49,-22],[16,-26],[47,-46],[10,-41],[-4,-44],[4,-46],[19,-46],[-3,-23],[-21,-25],[0,-20],[56,-41],[6,-22],[-6,-38],[1,-65],[7,-16],[24,-25],[17,-10],[34,4],[45,-36],[17,4],[33,-5],[28,11],[26,-4],[17,-37],[-5,-13],[-28,-21],[-13,-46],[3,-32],[15,-25],[18,1],[16,-22],[21,-9],[38,8],[17,32],[17,-1],[17,-17],[0,-38],[60,-82],[11,-43],[43,-28],[17,-6],[20,-23],[29,-18],[38,-62],[27,-23],[37,-23],[11,-14],[44,32],[33,-18]],[[16006,12306],[29,-25],[88,-65],[117,-97],[331,-265],[39,-40],[169,-224]],[[16779,11590],[-206,9],[-273,19],[-35,4],[-70,16],[-53,17],[-116,49],[-31,15]],[[15995,11719],[3,133],[-2,74],[5,177],[3,198],[2,5]],[[2365,25563],[33,-109],[18,-34],[55,-61],[-22,-25],[-8,-36],[8,-27],[17,-20],[63,54],[43,-43],[31,39],[36,33],[65,38],[91,61],[33,53],[26,58],[60,19],[-13,-53],[1,-38],[-8,-23],[130,-105],[48,-53],[21,-44],[12,-54],[22,-32],[56,-35],[24,-18],[28,-44],[26,-33],[56,-55]],[[3317,24976],[-48,-48],[-12,-18],[-80,-166],[-24,-61],[-9,-74]],[[19101,15250],[45,-4]],[[19146,15246],[27,-4],[118,-33],[54,-3],[29,4],[85,22],[109,11],[56,-5],[31,-8],[41,-19],[122,-72]],[[19818,15139],[18,-18],[210,-258]],[[20046,14863],[-523,-420],[-58,-45]],[[19465,14398],[-14,21],[-83,103],[-17,12],[-309,36]],[[19042,14570],[33,232],[17,70],[27,58],[8,33],[5,61],[-7,42],[-24,91],[-3,26],[3,67]],[[20284,15341],[-42,31],[-241,-194],[-60,75],[-17,0],[-106,-114]],[[19146,15246],[59,247],[-100,25],[-6,7],[8,38],[47,193],[221,-53],[9,32],[55,-17],[24,18],[37,-3],[32,5],[22,21],[25,36],[20,11],[5,33],[37,14],[18,21],[7,25],[37,32],[8,27],[-1,21],[31,71],[24,-4],[13,-32],[40,-39],[15,-4],[15,13],[29,-26],[39,-20],[3,-32],[-7,-126],[-10,-28],[4,-26],[60,1],[10,-38],[14,-20],[53,-52],[71,-57],[44,-47],[164,-122],[-38,-50]],[[18303,15090],[100,59]],[[18403,15149],[18,9]],[[18421,15158],[39,-67],[26,-53],[7,-39],[5,-193],[11,-55],[20,-40],[39,-47],[47,-32],[63,-19],[364,-43]],[[19465,14398],[-227,-182],[-32,-28],[-37,-55]],[[20046,14863],[153,-192]],[[20199,14671],[115,-141]],[[20314,14530],[-37,-32],[-89,-71],[-154,192],[-247,-199],[116,-144],[2,-13],[-63,-321],[57,-12],[60,-20],[-8,-45],[180,-37],[-40,-184]],[[3317,24976],[60,60],[35,41],[28,48],[8,34],[12,126],[7,29],[19,43],[10,70],[19,213],[9,74]],[[3524,25714],[252,-37],[-10,-146],[-21,8],[-100,6],[-12,-105],[8,0],[207,-36],[47,0],[94,20],[51,7]],[[9706,20052],[-113,-4],[-174,-10],[-218,-10]],[[9201,20028],[-4,83],[-33,117],[-1,53],[-7,55]],[[9201,20028],[-47,-3]],[[8993,20017],[4,60],[-19,121],[-15,56],[-1,16]],[[20284,15341],[251,-189],[136,-101]],[[20671,15051],[-74,-63],[-34,-24],[-306,-247],[-58,-46]],[[20548,14203],[64,49],[75,81],[108,88]],[[20672,13980],[-49,96],[-75,127]],[[8279,20676],[36,-68],[29,-32],[43,-24],[-2,-7],[141,-59],[70,-36],[114,-63],[229,-122]],[[8939,20265],[-223,-53]],[[8939,20265],[23,5]],[[12623,23889],[19,102],[8,67],[7,82],[9,206],[-3,86],[-13,138],[-13,83],[-15,76],[-36,140],[-93,279]],[[12493,25148],[25,36],[-20,82],[10,57],[15,23],[50,37],[28,31],[20,13],[13,33],[16,7],[59,-12],[102,-15],[12,-9],[7,-31],[62,-45],[25,-8],[30,-21],[16,-26],[20,-13],[3,-35],[52,-45],[38,-71],[18,-69],[14,-26],[22,-22],[17,-70],[17,-35],[3,-26],[-14,-54],[9,-44],[-8,-52],[5,-38],[-1,-32],[-11,-48],[20,-42],[3,-76],[6,-59],[-3,-49],[19,-136],[11,-44],[66,-108],[26,-27],[24,-49],[13,-35],[37,-28],[12,-30],[4,-28],[21,-27],[43,-33],[7,0],[57,-63],[39,-29],[17,-19],[37,-63],[38,-53],[16,-32],[79,-139],[12,-36],[-1,-25],[-10,-38],[-12,-22],[-5,-30],[4,-16],[-1,-95],[12,-73],[13,-37]],[[7464,22223],[203,11],[31,11],[11,-8],[37,-5],[59,-60],[28,-12],[39,3],[59,-26],[51,7],[21,33],[1,17],[-20,40],[17,1],[24,-12],[12,-26],[38,14],[20,2],[26,-20],[10,-16],[53,1],[8,-16],[33,5],[5,15],[41,5]],[[13493,21223],[13,-5],[-88,-131],[-98,-189],[-157,-309],[-26,-48],[-87,-144],[-23,-44]],[[13027,20353],[-145,-286]],[[12882,20067],[-91,-176],[-19,-40],[-33,-90],[-26,-55],[-39,-69],[-39,-79]],[[12635,19558],[-62,-122]],[[12547,19187],[-249,-42]],[[12635,19558],[33,-15],[29,-8],[65,12],[177,12],[97,4],[-10,147],[27,0],[-1,18],[69,1],[-8,159],[3,22],[19,41],[9,69],[-254,45],[-8,2]],[[13027,20353],[39,-29],[62,-54],[23,-30],[34,31],[14,3],[18,-33],[27,-6],[-3,24],[38,15],[39,41],[43,-35],[36,-24],[48,-14],[81,-37],[17,-18],[34,-24],[40,-10],[36,-14],[49,9],[21,-3],[50,-33],[30,-23],[29,-12],[34,-24],[21,-29],[27,8],[31,-8],[31,7],[15,-3],[105,3],[40,-7],[0,24],[-11,35],[26,14],[12,24],[32,18],[57,39],[10,-8],[51,4],[26,38],[50,37],[5,14],[48,1],[76,-36],[42,-8],[77,-28],[15,-9],[24,4],[36,-5],[66,-22],[37,-26],[8,-52],[52,-30],[33,-39],[31,-23],[1,-31],[-10,-21],[-1,-41],[8,-13],[44,-22],[42,-8]],[[14092,19442],[-2,60],[6,46],[15,60],[36,83],[-67,29],[-44,17],[-29,1],[-37,-12],[-18,-13],[-25,-35],[-8,-34],[7,-143]],[[4268,22205],[-101,-96],[-47,-65]],[[4120,22044],[-77,70],[-3,7],[-57,54],[-26,15],[-36,11],[-92,19]],[[18114,12736],[-258,19],[-165,13]],[[14764,12661],[234,-3],[57,-171],[18,-25],[45,-27],[-5,-283],[82,-17],[217,-82],[163,-60],[56,-25],[53,-32],[33,-24],[100,-88],[71,-49],[56,-32],[51,-24]],[[16779,11590],[65,-86],[23,-44],[15,-49],[1,-42],[1,-182],[7,-84]],[[5176,23027],[-18,-16],[-37,-15],[-58,-49],[8,-37],[-7,-32],[-40,-99],[-20,-32],[-35,-38],[-34,-54],[-21,-61],[-11,-78]],[[16779,11590],[228,-10],[115,-8],[102,-19],[240,-55],[39,166],[13,71],[59,260],[53,238],[-108,59],[-90,42],[-86,31],[-57,16],[-26,17],[-32,32],[-141,122],[-23,23],[-83,72],[-13,28],[7,71]],[[19476,17141],[20,-32],[33,-29],[21,-13],[59,-8],[37,-17],[65,-16],[55,-25],[43,-14],[49,-34],[26,-31],[42,-25],[75,-23],[77,-37],[27,-26],[13,-36],[-7,-37],[3,-19],[19,-18],[41,-8],[58,-24],[32,-26],[42,-13],[35,-24],[14,-18],[32,-27],[50,-30],[43,8],[51,-18],[48,-13],[67,-10],[23,7],[46,2],[40,-34],[69,-93],[42,-39],[51,-53],[58,-10],[31,-2],[22,6],[33,30],[29,-13],[44,-45],[110,-94],[53,-82],[35,-35],[42,-30],[101,-46],[119,-47],[74,-7],[121,1],[27,7],[61,29],[61,17],[34,-6]],[[20930,14859],[-259,192]],[[19101,15250],[-37,-1],[-95,-6],[-50,8],[-115,39],[-49,7],[-44,-3],[-66,-21],[-179,-89],[-45,-26]],[[18403,15149],[-1,15],[63,371],[3,24],[9,162],[-2,9],[-28,11],[-106,2],[-76,-10],[-39,15],[-52,37],[-29,5],[-39,0],[-50,8]],[[3950,20783],[9,18],[53,27],[23,38],[24,9],[31,1],[45,28],[13,17],[4,28],[-8,65],[-20,47],[-24,26],[-44,37],[-18,37],[-12,58],[-8,104],[1,104],[34,5],[0,35],[7,22],[65,152],[5,39],[11,31],[41,-16],[34,-25],[18,13],[73,40],[36,33],[61,-64],[59,31],[-28,48],[-34,47],[-49,45],[-108,75],[-41,31],[-83,75]],[[2919,26014],[58,4],[69,-10],[32,-11],[460,-154]],[[3538,25843],[-14,-129]],[[927,19205],[-18,31],[-18,45],[-11,41],[-19,44],[3,43],[-24,47],[-4,51],[11,35],[16,12],[8,28],[28,22],[0,30],[-6,42],[-19,8],[-11,32],[-14,11],[-5,33],[-13,33],[4,37],[-4,37],[4,35],[-31,22],[-11,31],[-1,25],[-14,29],[-30,47],[-34,32],[-13,-17],[-35,-7],[-32,0],[-82,-10],[-51,20],[-43,34],[-37,10],[-39,38],[-35,18],[-16,15],[-70,46],[-55,58],[-8,28],[12,16],[7,52],[-14,63],[4,62],[21,108],[37,105],[15,60],[12,65]],[[20314,14530],[73,-90],[40,-54],[53,-83],[27,-35],[41,-65]],[[2665,22941],[-172,44],[-207,52],[-70,16],[-52,14],[-70,29]],[[572,23764],[7,111],[105,334],[-28,32],[19,71]],[[14310,22192],[17,-42],[33,-105],[41,-123],[-12,-42],[-30,-37],[-3,-48],[30,-16],[5,-24],[30,-9],[20,-14],[-6,-53],[23,-28],[16,-28],[8,-31],[22,-53],[33,-32],[35,-13],[39,-42],[20,-15],[17,-36],[76,-20],[29,-23],[1,-18],[24,-22],[58,-22],[28,-17],[28,-8],[30,-26],[25,-5],[9,-19],[-3,-36],[20,-17],[14,-21],[53,-15],[7,-28],[32,-5],[27,5],[25,-23],[36,-4],[15,17],[21,-5],[22,-31],[30,-33],[27,-21],[17,-29],[2,-25],[-5,-40],[13,-31],[25,-43],[5,-46],[-4,-59],[-21,-34],[-7,-26],[-33,-36],[9,-26],[-7,-23],[-30,-50],[-8,-24],[22,-28],[-4,-47],[-81,-108],[-49,-102],[-27,-67],[-11,-38],[23,-45],[4,-15],[43,-72],[23,-32]],[[5845,20413],[62,-32],[42,-40],[23,-17],[103,-62],[47,-23],[180,-52]],[[3700,21701],[58,-16],[66,-5],[45,11],[30,24],[68,100],[51,82],[102,147]],[[11857,25148],[45,4],[-1,-37],[5,-53],[-18,-42],[15,-15],[44,-18],[50,9],[45,-15],[36,-4],[32,-17],[30,5],[43,17],[68,51],[11,25],[-12,18],[-46,30],[0,12],[43,26],[22,18],[31,8],[18,-6],[56,-60],[71,-2],[50,21],[-2,25]],[[2759,22427],[84,-29],[46,-8],[60,2],[48,16],[54,34],[3,7],[44,22],[30,8],[48,4],[35,-5]],[[16006,12306],[3,36],[15,7],[-53,131],[126,58],[15,-35],[280,143],[-13,33]],[[2868,27417],[16,-9],[15,8],[15,-17],[37,-3],[21,12],[33,-29],[29,-47],[-13,-22],[29,-61],[29,-8],[1,-21],[11,-17],[14,1],[50,-27],[25,2],[10,-30],[51,-23],[37,-23],[43,-2],[28,-44],[-3,-24],[36,5],[0,-15],[40,-16],[32,-36],[31,1],[1,-30],[19,-7],[-18,-29],[35,0],[25,-29],[2,-30],[-11,-19],[35,-41],[9,-25],[28,-3],[4,-21],[18,-15],[33,-4],[41,-17],[9,-10],[18,-65],[-19,-29],[-25,3],[-19,-49],[-1,-18],[22,-13],[-5,-53],[-16,-36],[26,-21],[8,-25],[41,-22],[28,9],[30,-8],[13,-13],[35,-1],[22,-36]]],"transform":{"scale":[0.000016349988038686558,0.000013055579836829904],"translate":[-77.655399,37.351956]},"objects":{"Geometry\\51-087":{"type":"GeometryCollection","geometries":[{"arcs":[[0,1,2,3]],"type":"Polygon","properties":{"GEOID":"510872001402"}},{"arcs":[[4,5,6,7,8,9,10]],"type":"Polygon","properties":{"GEOID":"510872016022"}},{"arcs":[[11,12,13,14]],"type":"Polygon","properties":{"GEOID":"510872008012"}},{"arcs":[[15,16,17,18,19,20,21]],"type":"Polygon","properties":{"GEOID":"510872008051"}},{"arcs":[[22,23,24,25,26,27,28]],"type":"Polygon","properties":{"GEOID":"510872005031"}},{"arcs":[[29,30,31,32,33]],"type":"Polygon","properties":{"GEOID":"510872001241"}},{"arcs":[[34,35,-5,36]],"type":"Polygon","properties":{"GEOID":"510872016021"}},{"arcs":[[37,38,39,40,41,42,43]],"type":"Polygon","properties":{"GEOID":"510872003051"}},{"arcs":[[44,45,-9,46]],"type":"Polygon","properties":{"GEOID":"510872016012"}},{"arcs":[[47,48,49,50,51,52]],"type":"Polygon","properties":{"GEOID":"510872014042"}},{"arcs":[[53,54,55,56,57]],"type":"Polygon","properties":{"GEOID":"510872004112"}},{"arcs":[[58,59,60,61,62,63,64]],"type":"Polygon","properties":{"GEOID":"510872004071"}},{"arcs":[[65,66,-59,67]],"type":"Polygon","properties":{"GEOID":"510872004072"}},{"arcs":[[68,69,70,71,-29,72,73,74,75]],"type":"Polygon","properties":{"GEOID":"510872004091"}},{"arcs":[[76,77,78,79,80]],"type":"Polygon","properties":{"GEOID":"510872001061"}},{"arcs":[[81,82,83]],"type":"Polygon","properties":{"GEOID":"510872008021"}},{"arcs":[[-57,84,-70,85]],"type":"Polygon","properties":{"GEOID":"510872004121"}},{"arcs":[[86,87,88,89,90]],"type":"Polygon","properties":{"GEOID":"510872001091"}},{"arcs":[[91,92,93,94,95]],"type":"Polygon","properties":{"GEOID":"510872005011"}},{"arcs":[[-26,96,97,98,99,100,101]],"type":"Polygon","properties":{"GEOID":"510872005021"}},{"arcs":[[-93,102,103,-100,104,105,106]],"type":"Polygon","properties":{"GEOID":"510872005022"}},{"arcs":[[107,108,109]],"type":"Polygon","properties":{"GEOID":"510872007001"}},{"arcs":[[110,-109,111,112,113]],"type":"Polygon","properties":{"GEOID":"510872007002"}},{"arcs":[[114,115,116,-25]],"type":"Polygon","properties":{"GEOID":"510872006001"}},{"arcs":[[-117,117,118,-97]],"type":"Polygon","properties":{"GEOID":"510872006002"}},{"arcs":[[119,120,121,-105,-99]],"type":"Polygon","properties":{"GEOID":"510872006004"}},{"arcs":[[122,123,-30,124]],"type":"Polygon","properties":{"GEOID":"510872001221"}},{"arcs":[[125,126,127,128,129]],"type":"Polygon","properties":{"GEOID":"510872001243"}},{"arcs":[[130,131,132,133,134]],"type":"Polygon","properties":{"GEOID":"510872001251"}},{"arcs":[[135,136,-64,137,138,139,140]],"type":"Polygon","properties":{"GEOID":"510872001261"}},{"arcs":[[141,142,-136,-132,143]],"type":"Polygon","properties":{"GEOID":"510872001262"}},{"arcs":[[144,145,146,147,148,149,150]],"type":"Polygon","properties":{"GEOID":"510872002011"}},{"arcs":[[-148,151,152,153,154]],"type":"Polygon","properties":{"GEOID":"510872002021"}},{"arcs":[[-147,155,156,-152]],"type":"Polygon","properties":{"GEOID":"510872002022"}},{"arcs":[[157,158,159,160,161,162]],"type":"Polygon","properties":{"GEOID":"510872002024"}},{"arcs":[[163,164,165]],"type":"Polygon","properties":{"GEOID":"510872003011"}},{"arcs":[[166,167,-164,168,169]],"type":"Polygon","properties":{"GEOID":"510872003021"}},{"arcs":[[170,-42,-96,171,172]],"type":"Polygon","properties":{"GEOID":"510872003031"}},{"arcs":[[-43,-171,173,-159,174,175,176]],"type":"Polygon","properties":{"GEOID":"510872003032"}},{"arcs":[[-140,177,-44,178,179]],"type":"Polygon","properties":{"GEOID":"510872003052"}},{"arcs":[[180,181,182,183,184,-103,-92,-41]],"type":"Polygon","properties":{"GEOID":"510872004041"}},{"arcs":[[185,186,187,188,-123,189,-128]],"type":"Polygon","properties":{"GEOID":"510872001222"}},{"arcs":[[-129,-190,-125,-34,190,191]],"type":"Polygon","properties":{"GEOID":"510872001242"}},{"arcs":[[192,193,194,-186,-127,195,196]],"type":"Polygon","properties":{"GEOID":"510872001223"}},{"arcs":[[197,198,-114,199,-121]],"type":"Polygon","properties":{"GEOID":"510872007003"}},{"arcs":[[200,201,202,-55,203]],"type":"Polygon","properties":{"GEOID":"510872004113"}},{"arcs":[[204,-80,205,206]],"type":"Polygon","properties":{"GEOID":"510872001063"}},{"arcs":[[207,208,209,210,211,212,213]],"type":"Polygon","properties":{"GEOID":"510872010022"}},{"arcs":[[-211,214,215,216,217]],"type":"Polygon","properties":{"GEOID":"510872010031"}},{"arcs":[[-212,-218,218,219,220]],"type":"Polygon","properties":{"GEOID":"510872010032"}},{"arcs":[[-213,-221,221]],"type":"Polygon","properties":{"GEOID":"510872010033"}},{"arcs":[[222,223,224]],"type":"Polygon","properties":{"GEOID":"510872011021"}},{"arcs":[[225,-7,226]],"type":"Polygon","properties":{"GEOID":"510872015022"}},{"arcs":[[227,228,229,230,231]],"type":"Polygon","properties":{"GEOID":"510872004141"}},{"arcs":[[-231,232,233,234,235,236]],"type":"Polygon","properties":{"GEOID":"510872004143"}},{"arcs":[[237,238,239,-49,240,241,242]],"type":"Polygon","properties":{"GEOID":"510872017011"}},{"arcs":[[-229,243,244,-60,-67,245]],"type":"Polygon","properties":{"GEOID":"510872004131"}},{"arcs":[[-78,246,247,248,-163,-145]],"type":"Polygon","properties":{"GEOID":"510872002012"}},{"arcs":[[249,-144,-131,250,251]],"type":"Polygon","properties":{"GEOID":"510872001252"}},{"arcs":[[-172,-95,252,-167,253]],"type":"Polygon","properties":{"GEOID":"510872003023"}},{"arcs":[[-162,254,-156,-146]],"type":"Polygon","properties":{"GEOID":"510872002023"}},{"arcs":[[-174,-173,-254,-170,255,-160]],"type":"Polygon","properties":{"GEOID":"510872003022"}},{"arcs":[[-139,-76,256,-38,-178]],"type":"Polygon","properties":{"GEOID":"510872003053"}},{"arcs":[[257,-142,-250,258]],"type":"Polygon","properties":{"GEOID":"510872001263"}},{"arcs":[[259,260,261,262,263,264]],"type":"Polygon","properties":{"GEOID":"510872001271"}},{"arcs":[[265,266,267,268,269,270,271,-223,272]],"type":"Polygon","properties":{"GEOID":"510872011022"}},{"arcs":[[273,274,275,276,277,278]],"type":"Polygon","properties":{"GEOID":"510872009062"}},{"arcs":[[279,280,281,282]],"type":"Polygon","properties":{"GEOID":"510872010013"}},{"arcs":[[283,284,285,-124,-189]],"type":"Polygon","properties":{"GEOID":"510872001272"}},{"arcs":[[286,287,288,289,290,291]],"type":"Polygon","properties":{"GEOID":"510872014031"}},{"arcs":[[-241,-48,292]],"type":"Polygon","properties":{"GEOID":"510872017012"}},{"arcs":[[293,294,-242,-293,-53,295]],"type":"Polygon","properties":{"GEOID":"510879801001"}},{"arcs":[[296,297,298,299,-13,300]],"type":"Polygon","properties":{"GEOID":"510872009051"}},{"arcs":[[301,302,303,-297,304,-276]],"type":"Polygon","properties":{"GEOID":"510872009053"}},{"arcs":[[305,-278,306,307,308,309]],"type":"Polygon","properties":{"GEOID":"510872009061"}},{"arcs":[[-210,-282,-215]],"type":"Polygon","properties":{"GEOID":"510872010023"}},{"arcs":[[310,311,312,313]],"type":"Polygon","properties":{"GEOID":"510872009041"}},{"arcs":[[-63,314,-58,-86,-69,-138]],"type":"Polygon","properties":{"GEOID":"510872004111"}},{"arcs":[[-90,315,316,-154,317,318]],"type":"Polygon","properties":{"GEOID":"510872001081"}},{"arcs":[[-119,319,-198,-120,-98]],"type":"Polygon","properties":{"GEOID":"510872006003"}},{"arcs":[[320,321,322,323,-283,-209,324,-17,325]],"type":"Polygon","properties":{"GEOID":"510872010011"}},{"arcs":[[326,327,328,-45,329]],"type":"Polygon","properties":{"GEOID":"510872016011"}},{"arcs":[[330,-290,331,-50,-240,332,333]],"type":"Polygon","properties":{"GEOID":"510872014033"}},{"arcs":[[-323,334,335,336,-216,-281,337]],"type":"Polygon","properties":{"GEOID":"510872010012"}},{"arcs":[[338,339,-91,-319,340]],"type":"Polygon","properties":{"GEOID":"510872001082"}},{"arcs":[[341,-296,-52,342,-330,-47,-8,-226,343,344]],"type":"Polygon","properties":{"GEOID":"510872015021"}},{"arcs":[[-18,-325,-208,345]],"type":"Polygon","properties":{"GEOID":"510872010021"}},{"arcs":[[346,347,348,349,-81,-205,350,351]],"type":"Polygon","properties":{"GEOID":"510872001062"}},{"arcs":[[352,353,354,-311,355]],"type":"Polygon","properties":{"GEOID":"510872009043"}},{"arcs":[[356,-130,-192,357,358]],"type":"Polygon","properties":{"GEOID":"510872001232"}},{"arcs":[[359,-101,-104,-185]],"type":"Polygon","properties":{"GEOID":"510872004042"}},{"arcs":[[-230,-246,-66,360,-233]],"type":"Polygon","properties":{"GEOID":"510872004142"}},{"arcs":[[361,362,363,364,365,366,-259,-252,367,-262,368,369,370]],"type":"Polygon","properties":{"GEOID":"510872001514"}},{"arcs":[[371,372,373,-247,-77,-350]],"type":"Polygon","properties":{"GEOID":"510872001532"}},{"arcs":[[374,375,376,377,-193]],"type":"Polygon","properties":{"GEOID":"510872001423"}},{"arcs":[[378,-264,379,380,381,-373,382]],"type":"Polygon","properties":{"GEOID":"510872001533"}},{"arcs":[[383,384,-187,-195]],"type":"Polygon","properties":{"GEOID":"510872001421"}},{"arcs":[[385,386,387,388,389,390]],"type":"Polygon","properties":{"GEOID":"510872001494"}},{"arcs":[[391,-237,392,393]],"type":"Polygon","properties":{"GEOID":"510872001512"}},{"arcs":[[-378,394,395,-384,-194]],"type":"Polygon","properties":{"GEOID":"510872001422"}},{"arcs":[[396,397,398,399]],"type":"Polygon","properties":{"GEOID":"510872001462"}},{"arcs":[[400,401,402,-386,403,404]],"type":"Polygon","properties":{"GEOID":"510872001491"}},{"arcs":[[-383,-372,-349,405]],"type":"Polygon","properties":{"GEOID":"510872001531"}},{"arcs":[[406,-387,-403]],"type":"Polygon","properties":{"GEOID":"510872001493"}},{"arcs":[[407,-310,408,409]],"type":"Polygon","properties":{"GEOID":"510872004161"}},{"arcs":[[410,411,412,413,414,-339,415]],"type":"Polygon","properties":{"GEOID":"510872001331"}},{"arcs":[[416,-176,417,-249,418]],"type":"Polygon","properties":{"GEOID":"510872001312"}},{"arcs":[[-409,-309,419,420,-23,-72,421,-202,422]],"type":"Polygon","properties":{"GEOID":"510872005033"}},{"arcs":[[423,424,-87,-340,-415]],"type":"Polygon","properties":{"GEOID":"510872001341"}},{"arcs":[[425,-375,426,427,-3]],"type":"Polygon","properties":{"GEOID":"510872001391"}},{"arcs":[[428,-126,-357,429]],"type":"Polygon","properties":{"GEOID":"510872001233"}},{"arcs":[[430,431,-232,-392,432,433,434,435]],"type":"Polygon","properties":{"GEOID":"510872001501"}},{"arcs":[[-175,-158,-418]],"type":"Polygon","properties":{"GEOID":"510872001311"}},{"arcs":[[-14,-300,436,-84,437,438]],"type":"Polygon","properties":{"GEOID":"510872008013"}},{"arcs":[[-337,439,440,441,442,443]],"type":"Polygon","properties":{"GEOID":"510872011032"}},{"arcs":[[-343,-51,444,445,-327]],"type":"Polygon","properties":{"GEOID":"510872014043"}},{"arcs":[[446,-279,447,448,449,-431,450]],"type":"Polygon","properties":{"GEOID":"510872004164"}},{"arcs":[[451,-344,-227,-6,-36,452]],"type":"Polygon","properties":{"GEOID":"510872015023"}},{"arcs":[[453,454,455,-37,-11,456]],"type":"Polygon","properties":{"GEOID":"510872016024"}},{"arcs":[[-251,-135,457,-368]],"type":"Polygon","properties":{"GEOID":"510872001253"}},{"arcs":[[458,-274,-447,459,460,461]],"type":"Polygon","properties":{"GEOID":"510872004151"}},{"arcs":[[462,463,464,465]],"type":"Polygon","properties":{"GEOID":"510872008072"}},{"arcs":[[466,467,468,469,-455]],"type":"Polygon","properties":{"GEOID":"510872015031"}},{"arcs":[[470,-294,-342,471]],"type":"Polygon","properties":{"GEOID":"510872014062"}},{"arcs":[[-243,-295,-471,472]],"type":"Polygon","properties":{"GEOID":"510872014061"}},{"arcs":[[-149,-155,-317,473]],"type":"Polygon","properties":{"GEOID":"510872001092"}},{"arcs":[[474,475,476,477,-303,478,479]],"type":"Polygon","properties":{"GEOID":"510872009073"}},{"arcs":[[-191,480,-412,481,-358]],"type":"Polygon","properties":{"GEOID":"510872001361"}},{"arcs":[[482,483,-376,-426,-2]],"type":"Polygon","properties":{"GEOID":"510872001411"}},{"arcs":[[484,485,-352,486,487]],"type":"Polygon","properties":{"GEOID":"510872001381"}},{"arcs":[[-253,488,489,-165,-168]],"type":"Polygon","properties":{"GEOID":"510872003012"}},{"arcs":[[-459,490,-479,-302,-275]],"type":"Polygon","properties":{"GEOID":"510872009071"}},{"arcs":[[491,492,493,-238,-473,494,495]],"type":"Polygon","properties":{"GEOID":"510872014064"}},{"arcs":[[496,497,-269,498]],"type":"Polygon","properties":{"GEOID":"510872011023"}},{"arcs":[[-477,-356,-314,-82,-437,-299,499]],"type":"Polygon","properties":{"GEOID":"510872009081"}},{"arcs":[[-458,-134,500,501,502,-380,-263]],"type":"Polygon","properties":{"GEOID":"510872001522"}},{"arcs":[[503,504,-497,505,-267,506]],"type":"Polygon","properties":{"GEOID":"510872011042"}},{"arcs":[[507,508,509]],"type":"Polygon","properties":{"GEOID":"510872001333"}},{"arcs":[[-206,-79,-151,510,-88,-425,511]],"type":"Polygon","properties":{"GEOID":"510872001343"}},{"arcs":[[512,-181,-40,513]],"type":"Polygon","properties":{"GEOID":"510872004173"}},{"arcs":[[514,515,-260,-488,516,-32]],"type":"Polygon","properties":{"GEOID":"510872001382"}},{"arcs":[[-73,-28,517,518,519]],"type":"Polygon","properties":{"GEOID":"510872004183"}},{"arcs":[[-351,-207,520,521]],"type":"Polygon","properties":{"GEOID":"510872001064"}},{"arcs":[[522,-445,-332,-289,523]],"type":"Polygon","properties":{"GEOID":"510872014032"}},{"arcs":[[-506,-499,-268]],"type":"Polygon","properties":{"GEOID":"510872011024"}},{"arcs":[[-470,524,-453,-35,-456]],"type":"Polygon","properties":{"GEOID":"510872016023"}},{"arcs":[[-33,525,526,-413,-481]],"type":"Polygon","properties":{"GEOID":"510872001352"}},{"arcs":[[527,528,529,-436,-389,530,531,532]],"type":"Polygon","properties":{"GEOID":"510872001481"}},{"arcs":[[533,534,535,-405,536,537,538]],"type":"Polygon","properties":{"GEOID":"510872001473"}},{"arcs":[[539,-465,540,541,542,543]],"type":"Polygon","properties":{"GEOID":"510872008061"}},{"arcs":[[-219,-217,-444,544,-507,-266,545]],"type":"Polygon","properties":{"GEOID":"510872011041"}},{"arcs":[[-390,-435,546,-362,547,548]],"type":"Polygon","properties":{"GEOID":"510872001502"}},{"arcs":[[-527,549,-510,550,-414]],"type":"Polygon","properties":{"GEOID":"510872001332"}},{"arcs":[[-286,551,552,-515,-31]],"type":"Polygon","properties":{"GEOID":"510872001383"}},{"arcs":[[553,554,555,-548,-371,556,557,558,559]],"type":"Polygon","properties":{"GEOID":"510872001443"}},{"arcs":[[560,-438,561,-110,-111,-199,-320,-118]],"type":"Polygon","properties":{"GEOID":"510872007004"}},{"arcs":[[-94,-107,562,-489]],"type":"Polygon","properties":{"GEOID":"510872005012"}},{"arcs":[[-461,563,-529,564]],"type":"Polygon","properties":{"GEOID":"510872004153"}},{"arcs":[[-324,-338,-280]],"type":"Polygon","properties":{"GEOID":"510872010014"}},{"arcs":[[-203,-422,-71,-85,-56]],"type":"Polygon","properties":{"GEOID":"510872004122"}},{"arcs":[[-150,-474,-316,-89,-511]],"type":"Polygon","properties":{"GEOID":"510872001093"}},{"arcs":[[565,566,-15,-439,-561,-116,567,-420]],"type":"Polygon","properties":{"GEOID":"510872008011"}},{"arcs":[[568,569,570,-410,571,-245]],"type":"Polygon","properties":{"GEOID":"510872004132"}},{"arcs":[[-449,572,-570]],"type":"Polygon","properties":{"GEOID":"510872004163"}},{"arcs":[[-434,573,-363,-547]],"type":"Polygon","properties":{"GEOID":"510872001503"}},{"arcs":[[-448,-306,-408,-571,-573]],"type":"Polygon","properties":{"GEOID":"510872004162"}},{"arcs":[[574,575,-397,576,-534]],"type":"Polygon","properties":{"GEOID":"510872001451"}},{"arcs":[[577,578,-20,579]],"type":"Polygon","properties":{"GEOID":"510872008052"}},{"arcs":[[-482,-411,580,581]],"type":"Polygon","properties":{"GEOID":"510872001362"}},{"arcs":[[-277,-305,-301,-12,-567,582,-307]],"type":"Polygon","properties":{"GEOID":"510872009054"}},{"arcs":[[-235,583,-366]],"type":"Polygon","properties":{"GEOID":"510872004073"}},{"arcs":[[584,-442,585,586,587,-492,-504]],"type":"Polygon","properties":{"GEOID":"510872014051"}},{"arcs":[[-517,-487,-522,-508,-550,-526]],"type":"Polygon","properties":{"GEOID":"510872001351"}},{"arcs":[[-228,-432,-450,-569,-244]],"type":"Polygon","properties":{"GEOID":"510872004133"}},{"arcs":[[-564,-460,-451,-530]],"type":"Polygon","properties":{"GEOID":"510872004152"}},{"arcs":[[-427,-197,588,589,590]],"type":"Polygon","properties":{"GEOID":"510872001393"}},{"arcs":[[591,592,-468]],"type":"Polygon","properties":{"GEOID":"510872015033"}},{"arcs":[[-542,-22,593,-578,594]],"type":"Polygon","properties":{"GEOID":"510872008054"}},{"arcs":[[-568,-115,-24,-421]],"type":"Polygon","properties":{"GEOID":"510872005032"}},{"arcs":[[-577,-400,595,596,597,-535]],"type":"Polygon","properties":{"GEOID":"510872001452"}},{"arcs":[[598,-334,599]],"type":"Polygon","properties":{"GEOID":"510872014034"}},{"arcs":[[-399,600,601,-596]],"type":"Polygon","properties":{"GEOID":"510872001461"}},{"arcs":[[602,-347,-486]],"type":"Polygon","properties":{"GEOID":"510872001371"}},{"arcs":[[-503,603,-381]],"type":"Polygon","properties":{"GEOID":"510872001521"}},{"arcs":[[-523,604,-328,-446]],"type":"Polygon","properties":{"GEOID":"510872014041"}},{"arcs":[[605,606,607]],"type":"Polygon","properties":{"GEOID":"510872015042"}},{"arcs":[[-598,608,609,-401,-536]],"type":"Polygon","properties":{"GEOID":"510872001472"}},{"arcs":[[610,611,612,613,614,615]],"type":"Polygon","properties":{"GEOID":"510872012051"}},{"arcs":[[616,-612,617]],"type":"Polygon","properties":{"GEOID":"510872012041"}},{"arcs":[[618,619,620,-615,621,-587]],"type":"Polygon","properties":{"GEOID":"510872012062"}},{"arcs":[[-622,-614,622,623,624,-493,-588]],"type":"Polygon","properties":{"GEOID":"510872012053"}},{"arcs":[[625,626,-531,-388,-407,-402,-610]],"type":"Polygon","properties":{"GEOID":"510872001483"}},{"arcs":[[-518,-27,627,628]],"type":"Polygon","properties":{"GEOID":"510872004174"}},{"arcs":[[-519,-629,629,-183,630]],"type":"Polygon","properties":{"GEOID":"510872004171"}},{"arcs":[[-617,631,632,-623,-613]],"type":"Polygon","properties":{"GEOID":"510872012043"}},{"arcs":[[633,-291,-331,-599,634]],"type":"Polygon","properties":{"GEOID":"510872014035"}},{"arcs":[[-75,635,636,-514,-39,-257]],"type":"Polygon","properties":{"GEOID":"510872004182"}},{"arcs":[[-583,-566,-308]],"type":"Polygon","properties":{"GEOID":"510872009052"}},{"arcs":[[637,-631,-182,-513,-637]],"type":"Polygon","properties":{"GEOID":"510872004172"}},{"arcs":[[-443,-585,-545]],"type":"Polygon","properties":{"GEOID":"510872011031"}},{"arcs":[[-353,-476,638,639]],"type":"Polygon","properties":{"GEOID":"510872009044"}},{"arcs":[[-62,640,-204,-54,-315]],"type":"Polygon","properties":{"GEOID":"510872004114"}},{"arcs":[[-584,-234,-361,-68,-65,-137,-143,-258,-367]],"type":"Polygon","properties":{"GEOID":"510872004074"}},{"arcs":[[-83,-313,641,642,643,644,-544,645,-112,-108,-562]],"type":"Polygon","properties":{"GEOID":"510872008022"}},{"arcs":[[646,-643,647,-326,-16,-541,-464,648,-466,-540,-645]],"type":"Polygon","properties":{"GEOID":"510872008074"}},{"arcs":[[-463,-649]],"type":"Polygon","properties":{"GEOID":"510872008071"}},{"arcs":[[-520,-638,-636,-74]],"type":"Polygon","properties":{"GEOID":"510872004181"}},{"arcs":[[-557,-370,649,650]],"type":"Polygon","properties":{"GEOID":"510872001441"}},{"arcs":[[-498,-505,-496,651,-270]],"type":"Polygon","properties":{"GEOID":"510872014063"}},{"arcs":[[652,-607,653,-592,-467,-454]],"type":"Polygon","properties":{"GEOID":"510872015032"}},{"arcs":[[-478,-500,-298,-304]],"type":"Polygon","properties":{"GEOID":"510872009082"}},{"arcs":[[-433,-394,654,-364,-574]],"type":"Polygon","properties":{"GEOID":"510872001513"}},{"arcs":[[-593,-654,655,-271,-652,-495,-472,-345,-452,-525,-469]],"type":"Polygon","properties":{"GEOID":"510872015041"}},{"arcs":[[-572,-423,-201,-641,-61]],"type":"Polygon","properties":{"GEOID":"510872004115"}},{"arcs":[[-336,656,-287,657,-632,-618,-611,658,-620,659,-440]],"type":"Polygon","properties":{"GEOID":"510872012032"}},{"arcs":[[-650,-369,-261,-516,-553,660]],"type":"Polygon","properties":{"GEOID":"510872001274"}},{"arcs":[[-602,661,662,-626,-609,-597]],"type":"Polygon","properties":{"GEOID":"510872001471"}},{"arcs":[[-590,-430,-359,-582,663]],"type":"Polygon","properties":{"GEOID":"510872001231"}},{"arcs":[[664,-635,-600,-333,-239,-494,-625]],"type":"Polygon","properties":{"GEOID":"510872012052"}},{"arcs":[[-538,-555,665,-483,-1,666]],"type":"Polygon","properties":{"GEOID":"510872001401"}},{"arcs":[[-312,-355,667,-321,-648,-642]],"type":"Polygon","properties":{"GEOID":"510872009042"}},{"arcs":[[-551,-509,-521,-512,-424]],"type":"Polygon","properties":{"GEOID":"510872001342"}},{"arcs":[[-265,-379,-406,-348,-603,-485]],"type":"Polygon","properties":{"GEOID":"510872001372"}},{"arcs":[[-382,-604,668,-419,-248,-374]],"type":"Polygon","properties":{"GEOID":"510872001322"}},{"arcs":[[669,-661,-552,-285]],"type":"Polygon","properties":{"GEOID":"510872001273"}},{"arcs":[[-404,-391,-549,-556,-537]],"type":"Polygon","properties":{"GEOID":"510872001492"}},{"arcs":[[-647,-644]],"type":"Polygon","properties":{"GEOID":"510872008073"}},{"arcs":[[670,-639,-475]],"type":"Polygon","properties":{"GEOID":"510872009072"}},{"arcs":[[-658,-292,-634,-665,-624,-633]],"type":"Polygon","properties":{"GEOID":"510872012042"}},{"arcs":[[-396,-560,671,-558,-651,-670,-284,-188,-385]],"type":"Polygon","properties":{"GEOID":"510872001431"}},{"arcs":[[-659,-616,-621]],"type":"Polygon","properties":{"GEOID":"510872012061"}},{"arcs":[[-666,-554,-395,-377,-484]],"type":"Polygon","properties":{"GEOID":"510872001412"}},{"arcs":[[-196,-429,-589]],"type":"Polygon","properties":{"GEOID":"510872001392"}},{"arcs":[[-21,-579,-594]],"type":"Polygon","properties":{"GEOID":"510872008053"}},{"arcs":[[-141,-180,-501,-133]],"type":"Polygon","properties":{"GEOID":"510872001254"}},{"arcs":[[-672,-559]],"type":"Polygon","properties":{"GEOID":"510872001442"}},{"arcs":[[-224,-272,-656,-606,672]],"type":"Polygon","properties":{"GEOID":"510872015043"}},{"arcs":[[-630,-628,-102,-360,-184]],"type":"Polygon","properties":{"GEOID":"510872004043"}},{"arcs":[[-532,-627,-663]],"type":"Polygon","properties":{"GEOID":"510872001482"}},{"arcs":[[-393,-236,-365,-655]],"type":"Polygon","properties":{"GEOID":"510872001511"}},{"arcs":[[-660,-619,-586,-441]],"type":"Polygon","properties":{"GEOID":"510872012031"}},{"arcs":[[-502,-179,-177,-417,-669]],"type":"Polygon","properties":{"GEOID":"510872001321"}},{"arcs":[[673,-533,-662,-601,-398,-576]],"type":"Polygon","properties":{"GEOID":"510872001463"}}]}}}