{"type":"Topology","arcs":[[[409,6791],[31,15],[13,-21],[16,-6],[253,-2]],[[722,6777],[-5,-168]],[[717,6609],[-4,-168],[-107,0]],[[606,6441],[-204,0]],[[402,6441],[0,23],[-2,20],[-8,25],[12,15],[0,56],[3,122],[2,51],[0,38]],[[3117,12530],[75,0]],[[3192,12530],[80,0]],[[3272,12530],[-4,-341]],[[3268,12189],[-119,0]],[[3149,12189],[-116,1]],[[3033,12190],[3,170],[78,0],[1,120],[2,50]],[[5205,10802],[2,85]],[[5207,10887],[118,-1]],[[5325,10886],[118,-2],[-2,-84],[0,-84]],[[5441,10716],[-236,2]],[[5205,10718],[0,84]],[[3549,9593],[0,65]],[[3549,9658],[271,-3],[41,0]],[[3861,9655],[0,-129]],[[3861,9526],[-28,0],[-284,0]],[[3549,9526],[0,67]],[[5892,11914],[0,10],[132,0]],[[6024,11924],[94,0],[0,5],[183,11]],[[6301,11940],[133,-450],[30,-82],[18,-247],[8,-24]],[[6490,11137],[-90,-2],[-101,1],[-72,-1]],[[6227,11135],[-4,74],[-6,76]],[[6217,11285],[-7,89]],[[6210,11374],[-5,57],[-11,43],[-21,33],[-19,48],[-11,40]],[[6143,11595],[-8,31],[-12,69],[-12,38],[-21,-8],[-166,0]],[[5924,11725],[0,44],[-42,1]],[[5882,11770],[1,12],[8,28],[1,104]],[[2549,7676],[16,-8],[-2,-201],[-3,-194]],[[2560,7273],[-19,1],[0,5],[-54,0],[-68,0]],[[2419,7279],[3,187],[0,104],[127,106]],[[5913,10937],[2,198]],[[5915,11135],[2,0]],[[5917,11135],[229,0]],[[6146,11135],[-5,-339]],[[6141,10796],[-230,1]],[[5911,10797],[2,140]],[[3861,8850],[1,96]],[[3862,8946],[92,0]],[[3954,8946],[251,-1],[274,-1]],[[4479,8944],[42,1],[105,-2],[-17,34],[31,-1],[36,2],[46,5]],[[4722,8983],[56,1],[0,-42]],[[4778,8942],[2,-64],[5,-99],[3,-42],[8,-35],[-1,-12],[0,-69],[5,-18],[18,-30],[3,-3]],[[4821,8570],[-9,-17],[-18,0],[-100,0],[-36,-47],[0,-50]],[[4658,8456],[-132,1],[-200,-1]],[[4326,8456],[-159,0],[-131,-1]],[[4036,8455],[-176,-2]],[[3860,8453],[0,73],[1,70],[-1,26],[1,228]],[[4975,9267],[39,-71],[26,-37],[7,-20],[2,-14]],[[5049,9125],[4,-26],[3,-57],[-11,-98]],[[5045,8944],[-14,-3],[-15,1],[-58,-3],[-94,1]],[[4864,8940],[0,191],[1,59],[-2,6],[1,61],[48,0],[30,-2],[33,12]],[[5645,9837],[66,101]],[[5711,9938],[20,31],[35,-28]],[[5766,9941],[34,-28]],[[5800,9913],[-13,-9],[-39,-62],[-31,24],[-37,-57]],[[5680,9809],[-35,28]],[[4745,10636],[89,-1]],[[4834,10635],[93,-2]],[[4927,10633],[142,-1]],[[5069,10632],[-1,-166]],[[5068,10466],[-142,2]],[[4926,10468],[-183,2]],[[4743,10470],[2,166]],[[4340,10306],[120,-2],[36,-2],[26,1]],[[4522,10303],[-1,-84],[-4,-263]],[[4517,9956],[-142,3],[-1,-60],[-38,40]],[[4336,9939],[4,367]],[[4180,9944],[39,0],[113,-1],[4,-4]],[[4517,9956],[-3,-182]],[[4514,9774],[0,-61]],[[4514,9713],[-47,-1],[-168,3]],[[4299,9715],[-121,1]],[[4178,9716],[2,228]],[[4026,10313],[40,-2],[79,-2],[39,1]],[[4184,10310],[-2,-170],[-2,-196]],[[4180,9944],[-158,2]],[[4022,9946],[2,131],[1,65],[1,54],[-4,13],[-30,35],[34,34],[0,35]],[[4517,9956],[221,-1]],[[4738,9955],[-1,-87],[-1,-35],[-1,-62],[-1,-61]],[[4734,9710],[-88,0],[0,-21],[-44,0],[1,84],[-89,1]],[[5474,7142],[97,58]],[[5571,7200],[23,11],[45,26],[58,56],[41,43],[2,13],[17,12],[34,34],[-3,4],[212,192],[40,22]],[[6040,7613],[153,-271]],[[6193,7342],[-211,-121],[-65,-43],[-50,-39]],[[5867,7139],[-39,56],[-31,-25],[-118,-97],[-36,49],[-26,-20],[-93,1]],[[5524,7103],[-50,39]],[[4780,7631],[28,2],[30,-5],[19,-2]],[[4857,7626],[62,6],[96,1],[130,0]],[[5145,7633],[50,-92]],[[5195,7541],[-103,-76],[-5,0],[-1,-68]],[[5086,7397],[-1,-52],[-3,-48]],[[5082,7297],[-3,-28],[-7,-34],[-6,-26],[-32,-101]],[[5034,7108],[-15,-48]],[[5019,7060],[-27,81],[-16,47]],[[4976,7188],[-6,16],[-18,39],[-17,30],[-108,141],[-51,0]],[[4776,7414],[4,217]],[[2039,2761],[182,-3]],[[2221,2758],[312,-5],[308,4]],[[2841,2757],[-2,-60]],[[2839,2697],[-8,1],[-7,6],[-17,35],[-17,11],[-25,-1],[-9,-4],[-13,-20],[-12,-7],[-2,-7],[0,-17],[-6,-23],[8,-17],[0,-8],[-7,-14],[2,-9],[10,-4],[14,6],[7,-4],[2,-14],[-5,-16],[0,-14],[3,-9],[-9,-12],[-5,-12],[-23,-9],[-19,-19],[-9,-1],[-9,-13],[-5,-13],[6,-10],[-10,-13],[-1,-8],[-9,-2],[-1,-12],[-8,1],[-8,-8],[-7,2],[-6,9],[-9,-4],[-8,5],[-6,-2],[6,-13],[-4,-12],[-19,3],[-26,1],[-26,-12],[-12,0],[-9,3],[-15,-5],[-4,-15],[-7,-17],[-16,-16],[-17,9],[-7,-2],[-2,15],[-8,9],[-29,12],[-13,11],[-2,6],[1,25],[2,10],[14,25],[3,26],[-5,13],[-1,11],[26,14],[8,12],[-1,12],[-14,33],[-5,6],[-9,5],[-23,-3],[-12,-3],[9,-14],[-10,-5],[-12,-10],[1,-18],[-7,-3],[-10,14],[-4,-4],[3,-12],[-8,-5],[-8,-15],[-2,-17],[-9,7],[-9,-14],[-5,8],[-9,-3],[-4,6],[-13,1],[-5,7],[-18,12],[-9,12],[-7,-3],[-9,-16],[-19,-3],[-14,1],[-8,11],[0,15],[-8,15],[-11,-6],[-6,9],[-12,-2],[-27,10],[-2,9],[-14,-4],[-18,10],[-4,10],[8,12],[-5,8],[-8,1],[-5,11],[-16,1],[-6,8],[7,30],[-6,10],[-13,-1],[-7,6],[0,9],[7,5],[-17,17],[5,10],[6,3],[-8,18]],[[431,10119],[43,1],[27,-2],[32,-7],[35,-9],[22,-3],[26,-2],[27,2],[19,4],[42,11],[70,12],[249,7],[86,1]],[[1109,10134],[2,-11],[12,-17],[12,-11],[16,-10],[29,-1],[22,-4],[20,-14],[11,-33],[11,-11],[36,-50],[9,-9],[21,-14],[19,-7],[13,-1],[0,-17],[-7,-24],[37,-26],[18,-15],[19,-19],[20,-24],[51,-67],[29,-32],[38,-34],[27,-18],[25,-14],[35,-15],[40,-12],[12,-2]],[[1686,9622],[-28,-44],[-92,-1],[0,-118],[-7,-1],[-2,-42],[7,-28],[38,-49],[3,-16],[-3,-9],[-15,-15],[-9,-22],[-1,-26],[3,-54],[3,-12],[13,-26],[4,-17],[0,-20]],[[1600,9122],[-81,-3]],[[1519,9119],[-1,19],[-27,0],[-143,-6],[-4,0],[-129,0],[-2,-20]],[[1213,9112],[-190,-1],[-107,0],[-35,2],[-16,-1],[-69,1],[-79,-4],[-2,130],[-2,209],[-281,-4]],[[432,9444],[-33,0]],[[399,9444],[-5,337]],[[394,9781],[-2,157],[41,1],[35,2],[23,10],[19,4],[-1,85],[-77,-1],[-1,80]],[[4019,9717],[159,-1]],[[4178,9716],[-2,-256]],[[4176,9460],[-160,0]],[[4016,9460],[3,257]],[[2292,10490],[82,0]],[[2374,10490],[-1,-20],[-2,-234],[-1,-85]],[[2370,10151],[-81,0]],[[2289,10151],[3,339]],[[4658,8409],[0,47]],[[4821,8570],[4,21],[14,11]],[[4839,8602],[-1,-147],[1,-46],[-1,-147],[1,-39],[2,-6]],[[4841,8217],[-33,-1],[-59,2]],[[4749,8218],[-91,0]],[[4658,8218],[0,97]],[[4658,8315],[0,94]],[[6193,7342],[59,-105],[512,-459]],[[6764,6778],[-324,-10],[-64,4],[-100,5],[-253,5],[-69,-2]],[[5954,6780],[1,43],[1,12],[45,62],[42,62],[-121,101],[-19,27]],[[5903,7087],[-36,52]],[[5894,6781],[60,-1]],[[6764,6778],[84,-76]],[[6848,6702],[-479,-1],[-17,11],[-41,-37],[-22,27],[-16,13],[-97,-80],[0,-25]],[[6176,6610],[-158,3]],[[6018,6613],[1,42],[-28,1],[-20,-4],[-27,-11]],[[5944,6641],[-40,111],[-10,29]],[[5895,6428],[17,0],[8,-18],[20,13],[-2,2],[57,0],[28,2]],[[6023,6427],[147,-1],[3,20],[3,164]],[[6848,6702],[185,-166],[-14,-250],[199,-520]],[[7218,5766],[-195,-3],[-3,11],[-73,-1],[-30,0],[-129,-2]],[[6788,5771],[-77,-1]],[[6711,5770],[-78,-1]],[[6633,5769],[1,339],[-156,-1],[-7,1],[-134,-2],[-112,-1],[-67,3],[-57,-2]],[[6101,6106],[-52,87],[-56,93],[-9,13],[-36,40],[-22,31],[-12,20],[-19,38]],[[3778,2771],[290,-2],[314,-4],[261,-11]],[[4643,2754],[-1,-12],[-22,-2],[-13,-11],[-11,-21],[-25,-27],[-18,-14],[-25,-21],[-1,-8],[-18,-50],[-3,-13],[-12,-12],[1,-14],[-2,-22],[4,-11],[18,-35],[5,-5],[30,-22],[12,-16],[13,-32],[-2,-13],[2,-17],[-29,-34],[-2,-7],[12,-19],[12,-47],[12,-24],[7,-18],[26,-5],[5,-7],[1,-16],[7,-14],[-2,-20],[-18,-45],[-1,-14],[-10,-28]],[[4595,2078],[-229,8],[-152,3]],[[4214,2089],[-162,3],[-289,3]],[[3763,2095],[15,676]],[[5525,15868],[-10,-339],[-210,3],[10,-23]],[[5315,15509],[-111,1],[0,4],[-239,4]],[[4965,15518],[-2,20],[-12,63],[-7,76],[-6,40],[-7,21],[-11,20],[-71,88],[-32,33],[401,-8],[307,-3]],[[6524,2381],[122,-4],[226,-5]],[[6872,2372],[131,-4],[264,2]],[[7267,2370],[65,-134],[-54,-370],[63,-381],[29,-61]],[[7370,1424],[-156,-45],[-68,-26],[-480,11]],[[6666,1364],[-10,21],[-52,164],[-17,70],[-44,202],[-4,22],[-2,22],[2,45],[10,133]],[[6549,2043],[4,25],[2,67],[0,65],[-2,40],[-5,44],[-8,41],[-16,56]],[[5520,13508],[28,-1],[270,785],[117,341],[197,573],[-2,7]],[[6130,15213],[30,-2],[11,52],[-76,272],[-50,104],[-53,302],[-20,62],[-36,80],[-21,35],[-79,111],[-19,31]],[[5817,16260],[341,-14],[889,0],[2091,0],[1559,0],[4490,0],[1116,-1],[1775,0],[2290,0],[690,0],[180,2],[720,7],[0,-60],[1619,7],[2331,9],[2525,11],[1425,7],[192,-37],[335,-3056],[23,-314],[80,-881],[120,-1318],[121,-1326],[89,-982],[89,-982],[79,-807],[149,-1518],[227,-2325],[113,-1154],[133,-1436],[9,-91],[-763,0],[-1145,0],[-1145,0],[-763,0],[-1910,0],[-2864,0],[-2864,1],[-1910,0],[-1629,0],[-4887,0],[-1629,0],[-833,8],[-416,4],[-624,5],[-209,2],[9,-12],[-123,-1]],[[7912,8],[-1,11],[-65,351],[-175,200],[-225,692],[-76,162]],[[7267,2370],[-35,74],[25,305],[63,95],[7,4],[58,132]],[[7385,2980],[37,83],[28,351],[-107,240],[-44,437]],[[7299,4091],[-16,161],[42,366],[-5,448],[-49,563],[-53,137]],[[6040,7613],[-45,80],[-237,535],[-49,281],[1,12]],[[5710,8521],[26,374],[140,284],[268,169],[38,43],[14,165],[-63,163],[158,190],[159,238],[238,423],[-8,210]],[[6680,10780],[-2,63],[-133,117],[-55,177]],[[6301,11940],[-19,67],[-36,62],[-497,620],[-147,303],[-89,340],[0,83],[7,93]],[[1441,15577],[485,7],[41,0],[33,1],[33,-1]],[[2033,15584],[-8,-34],[-4,-34],[-2,-30],[1,-22],[3,-26],[7,-35],[10,-27],[17,-62],[5,-26],[2,-36],[-4,-164]],[[2060,15088],[-55,40],[-131,97],[-53,38],[-97,72],[-75,54],[-75,56],[-36,25],[-29,18],[-42,20],[-27,7]],[[1440,15515],[1,62]],[[1446,15803],[1,40],[3,76]],[[1450,15919],[228,4],[14,-3],[8,-8],[31,-35],[21,9],[28,-2],[22,-25],[67,65],[23,10],[21,-2],[53,-16],[18,45],[16,14],[11,4],[16,1],[44,1]],[[2071,15981],[-1,-88],[-3,-129],[-1,-48],[-6,-43],[-27,-89]],[[1441,15577],[5,226]],[[1461,16269],[317,2],[312,2]],[[2090,16273],[0,-28],[1,-31],[-5,-49],[-6,-77],[1,-17],[-1,-48],[0,-42],[-9,0]],[[1450,15919],[11,350]],[[2090,16273],[305,-1]],[[2395,16272],[-10,-691]],[[2385,15581],[-100,1],[-58,1],[-118,2],[-76,-1]],[[3740,13885],[16,0],[171,-4],[292,-10]],[[4219,13871],[-2,-61],[-24,3],[-28,9],[-14,3],[-48,3],[-78,2],[-21,-4],[-10,-5],[-16,-17],[-9,-25],[-2,-57],[-42,1],[-3,-181],[-82,1]],[[3840,13543],[-45,153],[-55,189]],[[703,11520],[139,0],[19,21],[2,292],[-1,51],[159,0]],[[1021,11884],[0,-3],[198,0],[12,0],[0,-16],[10,-33]],[[1241,11832],[-10,-5],[-122,-100],[-17,23],[-31,0],[0,81],[-19,0],[0,-26],[-16,0],[0,-11],[16,0],[0,-34],[-16,0],[-1,-10],[16,0],[0,-49],[-13,-11],[27,-38],[-17,-14],[0,-42],[-13,0],[-1,-21],[14,0],[0,-26],[13,-5],[28,0],[0,-25],[13,1],[0,34],[21,0],[0,11],[20,0],[2,8],[21,0],[21,2],[0,-55],[-10,-2],[0,-15],[45,0],[0,37],[4,0],[0,42],[19,-1],[0,-40],[39,0],[0,-22],[61,0]],[[1335,11519],[0,-20]],[[1335,11499],[-42,0],[0,-49],[-176,1],[-8,-4],[-15,25],[-2,26],[-59,-1],[-14,1],[-54,0]],[[965,11498],[-69,1],[-135,-1],[-58,-1]],[[703,11497],[0,23]],[[5907,10400],[162,-1],[136,-102]],[[6205,10297],[-51,-77]],[[6154,10220],[-67,49],[-25,20],[0,55],[-156,1]],[[5906,10345],[1,55]],[[6723,2846],[3,82]],[[6726,2928],[226,-5],[4,123],[-60,1]],[[6896,3047],[4,127],[-44,2],[-1,17],[-7,19],[-3,24]],[[6845,3236],[1,26],[15,-11],[6,0],[12,10],[11,-3],[9,-20],[6,-5],[18,-4],[18,3],[11,0],[18,-9],[14,-14],[0,-12],[8,-15],[15,-5],[18,-26],[8,-18],[-1,-21],[20,-29],[3,-14],[-2,-26],[8,-7],[13,-4],[38,10],[13,-3],[22,-19],[30,-20],[26,-4],[23,-6],[22,-10],[137,0]],[[6872,2372],[6,174]],[[6878,2546],[7,174],[2,82],[-165,4],[1,40]],[[717,6609],[156,1],[4,168],[122,0]],[[999,6778],[20,1]],[[1019,6779],[7,-31],[0,-50],[-4,-173],[2,-51],[2,-29]],[[1026,6445],[-6,-338]],[[1020,6107],[-19,-1],[3,-23],[4,-35],[-5,-146],[-3,-67],[1,-51],[2,-13]],[[1003,5771],[-302,-2]],[[701,5769],[5,336],[6,276],[-62,1],[-1,-39],[-45,0],[2,98]],[[1641,5775],[5,336]],[[1646,6111],[98,0],[-1,-63],[5,0],[-3,-19],[1,-76],[-2,-22],[55,2]],[[1799,5933],[31,1],[125,1]],[[1955,5935],[-3,-160],[-3,-215]],[[1949,5560],[-60,-13],[-24,-2],[-23,1],[-61,7],[-144,21]],[[1637,5574],[4,201]],[[1955,5935],[204,3],[91,2],[21,20]],[[2271,5960],[-4,-181]],[[2267,5779],[-4,-186]],[[2263,5593],[-3,-151]],[[2260,5442],[-313,-3]],[[1947,5439],[2,121]],[[2271,5960],[36,34],[90,86],[39,37]],[[2436,6117],[89,1],[-2,-83],[-82,-1],[-2,-85],[44,0],[0,-6],[23,-1],[21,-10],[12,-13],[43,0],[3,13],[-4,-151]],[[2581,5781],[-314,-2]],[[4092,6625],[2,95],[0,32],[2,42],[1,157],[4,23],[14,32],[9,8],[18,11],[14,1],[1,106]],[[4157,7132],[38,-1]],[[4195,7131],[113,-3]],[[4308,7128],[-3,-90],[-1,-78]],[[4304,6960],[-3,-171]],[[4301,6789],[2,-18],[-2,-149]],[[4301,6622],[-2,-169]],[[4299,6453],[-153,2],[-56,2]],[[4090,6457],[0,84],[2,84]],[[3846,6547],[39,-2],[75,-2],[0,45],[76,-2],[-1,15],[-5,26],[62,-2]],[[4090,6457],[-56,0]],[[4034,6457],[-188,4]],[[3846,6461],[0,86]],[[2381,15247],[313,-5],[317,2]],[[3011,15244],[-6,-338]],[[3005,14906],[-315,-2]],[[2690,14904],[-257,4],[-57,0]],[[2376,14908],[5,339]],[[1325,5553],[1,11]],[[1326,5564],[29,3],[106,17],[59,6],[46,-4],[71,-12]],[[1947,5439],[-3,-336]],[[1944,5103],[-27,0],[-4,5],[16,37],[-35,0],[0,20],[-32,0],[0,-21],[-52,0],[1,42],[41,0],[0,58],[-30,1],[2,-18],[-35,0],[0,-41],[-104,0],[-15,5],[-16,11],[-11,3],[-10,-3],[-176,-22],[-13,-4],[-69,-75],[-31,-32]],[[1344,5069],[-10,13],[-15,30],[4,253],[0,54],[1,18],[1,116]],[[1921,3436],[313,-5],[-7,-357],[-6,-316]],[[2039,2761],[-131,2]],[[1908,2763],[7,374],[0,35],[1,63],[1,25],[4,176]],[[2841,2757],[309,7],[313,4]],[[3463,2768],[-7,-339],[-7,-336]],[[3449,2093],[-317,-3],[-39,0],[-2,26],[-3,13],[-11,22],[-15,19],[-24,15],[-27,7],[-182,-2]],[[2829,2190],[10,507]],[[3449,2093],[-1,-87],[-54,0],[-1,-19],[-217,-2],[-3,-179],[271,1],[158,1],[44,-8],[23,0],[-1,10],[0,31],[23,-3],[39,-8],[28,-1]],[[3758,1829],[-8,-411]],[[3750,1418],[-35,-2],[-44,2],[-233,0],[-312,-2],[-309,0]],[[2817,1416],[5,364],[7,410]],[[3463,2768],[315,3]],[[3763,2095],[-5,-266]],[[14,4079],[189,2]],[[203,4081],[31,1],[92,1],[184,3],[38,0],[134,2]],[[682,4088],[-1,-80],[2,-51],[10,-42],[13,-37],[25,-49],[14,-45],[4,-17]],[[749,3767],[3,-13],[2,-37],[-2,-188],[-1,-25],[3,-52],[10,-41],[8,-20],[12,-23],[19,-29]],[[803,3339],[-32,11],[-22,12],[-15,11],[-42,33],[-17,11],[-29,11],[-38,7],[-13,-1],[-196,10]],[[399,3444],[81,271],[7,36],[5,37],[5,71],[-17,0],[-14,-8],[-23,-66],[-85,4],[0,-4],[-105,6],[-242,-84]],[[11,3707],[0,119],[3,253]],[[5958,3197],[258,-1]],[[6216,3196],[53,-1],[-1,-32],[-19,-10],[-7,-7],[-17,-25],[-9,-18],[-17,-26],[-11,-20],[-15,-23],[-15,-27],[-14,-6],[-15,0],[-37,3],[-17,-2],[-8,-7],[-33,-63],[-10,-8],[-19,0],[-17,-3],[-15,2],[-15,9],[-7,1]],[[5951,2933],[7,264]],[[6469,2636],[62,-1],[-1,-41],[79,-2],[4,0]],[[6613,2592],[7,-40],[258,-6]],[[6524,2381],[-15,46],[-15,65],[-16,73],[-9,71]],[[6524,3187],[88,-3],[6,165]],[[6618,3349],[6,-21],[55,-1],[12,-2],[29,-12],[19,-12]],[[6739,3301],[-9,-251]],[[6730,3050],[-3,-81]],[[6727,2969],[-73,1],[-2,25],[-47,0],[2,58],[-63,1]],[[6544,3054],[-19,123],[-1,10]],[[6334,2979],[138,-4],[9,81],[63,-2]],[[6727,2969],[-1,-41]],[[6723,2846],[-61,2],[-4,-119],[-37,3],[-33,23],[25,-163]],[[6469,2636],[-5,41]],[[6464,2677],[-6,43],[0,92],[1,41],[-129,4]],[[6330,2857],[4,122]],[[4882,14866],[68,-2],[0,-24],[28,0],[0,10],[21,0]],[[4999,14850],[-6,-59],[-5,-31],[-13,-62],[0,-23],[1,-30],[7,-74],[-1,-45],[-4,-64],[-4,-20],[-7,-19],[-49,-113],[28,-2],[0,-7],[122,-3],[0,-7],[40,-2],[-1,-18]],[[5107,14271],[-2,-85],[-3,0],[-4,-169],[23,0],[-1,-50],[5,0],[-1,-23],[-5,0],[-2,-96],[-1,-105],[-3,-146]],[[5113,13597],[0,-14]],[[5113,13583],[-31,-31],[-19,-17],[-31,-23],[-18,0]],[[5014,13512],[-35,-19],[-34,-16]],[[4945,13477],[-2,59],[-7,147],[-2,27],[-5,35],[-6,0],[-9,61],[-22,148]],[[4892,13954],[-11,67],[16,0],[-26,169],[4,338],[2,63],[5,275]],[[4219,13871],[104,-4]],[[4323,13867],[105,-3],[20,2],[20,7],[22,13],[19,19],[12,17],[23,43]],[[4544,13965],[22,-17],[7,-13],[9,11],[7,-12],[13,3],[16,-8],[15,-2],[20,-8],[12,-14],[17,-40],[1,-8],[24,1],[40,-1],[2,131],[30,12],[40,6],[28,-3],[-1,-48],[46,-1]],[[4945,13477],[-26,-10],[-29,-9],[-38,-8],[-31,-3],[-32,-2],[-213,6],[-16,3],[-85,2]],[[4475,13456],[-30,0],[-100,3]],[[4345,13459],[-39,1],[-213,6],[-231,8]],[[3862,13474],[-22,69]],[[11,1428],[318,-10],[308,-10],[382,3],[244,2],[327,2]],[[1590,1415],[299,0]],[[1889,1415],[309,1]],[[2198,1416],[309,-1],[310,1]],[[3750,1418],[-4,-246],[-7,-429],[-6,-338],[-5,-298],[2,-41]],[[3730,66],[-227,2],[-404,1],[-315,0],[-360,0],[-558,0],[-196,-2],[-450,-3],[-592,-5],[-316,0],[-311,-3],[-1,204],[0,126],[1,127],[3,197],[3,191],[0,38],[-1,13],[2,51],[0,74],[3,79],[0,272]],[[5006,2739],[275,-4],[324,-4]],[[5605,2731],[340,-3]],[[5945,2728],[-9,-339]],[[5936,2389],[-9,-337]],[[5927,2052],[-311,3],[-338,5],[-293,5]],[[4985,2065],[10,337],[11,337]],[[6350,3399],[146,-4]],[[6496,3395],[24,-38],[9,-6],[89,-2]],[[6524,3187],[-182,6]],[[6342,3193],[8,206]],[[6730,3050],[166,-3]],[[6739,3301],[106,-65]],[[6788,5771],[0,-124],[78,0],[0,-127]],[[6866,5520],[-78,0]],[[6788,5520],[-78,-1]],[[6710,5519],[1,251]],[[6866,5520],[78,1],[0,-82],[4,-300]],[[6948,5139],[-157,-2]],[[6791,5137],[-2,213]],[[6789,5350],[-1,85],[0,85]],[[6948,5139],[3,-205]],[[6951,4934],[-158,-1]],[[6793,4933],[-2,204]],[[6634,5136],[157,1]],[[6793,4933],[-158,-2],[-1,205]],[[5835,4757],[64,569],[1,107]],[[5900,5433],[20,-1]],[[5920,5432],[28,0],[61,4],[114,-1]],[[6123,5435],[29,-24],[40,-30],[31,-24],[28,-26],[29,-30],[46,-62],[6,-9],[11,-29],[9,-28],[31,-77],[52,-108],[39,-67],[36,-73],[42,-90]],[[6552,4758],[-233,-2],[-157,0]],[[6162,4756],[-157,1],[-164,1],[-6,-1]],[[6795,4759],[159,1]],[[6954,4760],[-2,-337]],[[6952,4423],[-158,-1]],[[6794,4422],[1,337]],[[6952,4423],[0,-267],[-4,-36],[-2,-10],[-17,-24]],[[6929,4086],[-321,-1]],[[6608,4085],[-4,151],[165,0],[0,22],[3,14],[20,56],[2,14],[0,80]],[[3848,6973],[1,67],[-3,87],[1,13]],[[3847,7140],[310,-8]],[[3846,6547],[2,85],[-1,80],[2,88],[0,118],[0,25],[-1,30]],[[4032,6287],[72,0],[40,0],[41,-1],[113,-1]],[[4298,6285],[-2,-170]],[[4296,6115],[-147,2],[-194,2]],[[3955,6119],[1,46],[75,0],[1,122]],[[4034,6457],[-2,-170]],[[3955,6119],[-112,2]],[[3843,6121],[2,245],[1,95]],[[4298,6285],[2,105],[-1,63]],[[4301,6622],[157,-2]],[[4458,6620],[-2,-152],[-6,-355]],[[4450,6113],[-154,2]],[[4304,6960],[107,-3],[60,-1],[69,1]],[[4540,6957],[-1,-84]],[[4539,6873],[-77,-1],[-86,2],[-1,-86]],[[4375,6788],[-74,1]],[[4540,6957],[230,1]],[[4770,6958],[-2,-84]],[[4768,6874],[-153,-1],[-1,-87]],[[4614,6786],[-77,0]],[[4537,6786],[2,87]],[[4536,6704],[1,82]],[[4614,6786],[-2,-82],[154,1]],[[4766,6705],[-1,-84]],[[4765,6621],[-230,-1]],[[4535,6620],[1,84]],[[5070,6240],[1,362],[1,16],[1,161],[3,8]],[[5076,6787],[155,1]],[[5231,6788],[14,0]],[[5245,6788],[-3,-83],[-1,-162],[-44,4],[-3,-97],[-2,-84],[-4,-129],[0,-40],[6,-85]],[[5194,6112],[-125,1]],[[5069,6113],[1,127]],[[5245,6788],[146,0]],[[5391,6788],[-1,-273]],[[5390,6515],[0,-65],[-6,-339]],[[5384,6111],[-32,-1],[-106,2],[-52,0]],[[4323,13867],[-89,197],[-59,147],[-240,9]],[[3935,14220],[9,479],[-42,48]],[[3902,14747],[0,25],[43,0],[141,-7],[-1,-42],[175,-8],[-3,-13],[10,-30],[9,-15],[28,-36],[16,-35],[-1,-6],[4,-12],[10,-13],[0,-7],[23,-40],[7,-8],[61,-93],[3,-8],[0,-32],[-8,-23],[-5,-5],[-4,-28],[4,-18],[-1,-37],[-7,-24],[1,-18],[8,-29],[19,-45],[3,-16],[6,-6],[11,-19],[4,-17],[7,-9],[9,-20],[3,-15],[13,-22],[17,-21],[37,-30]],[[4475,13456],[2,-12],[12,-35],[14,-23],[19,-20],[10,-16],[11,-9],[0,-6],[-4,-202],[36,-1],[41,-37],[70,-10],[178,33],[20,4],[-7,-10],[-21,-22],[-10,-17],[-20,-42],[-12,-16],[-7,-15],[-6,-20],[-16,-17],[-20,-29],[-15,-33],[-7,-9],[-12,-25],[-19,-24]],[[4712,12843],[-41,0],[-63,2],[-113,3],[-2,-100],[15,-14],[-1,-55],[-187,4],[-16,116],[0,8],[-13,46],[-22,1]],[[4269,12854],[-13,73],[0,206],[20,59],[58,176],[9,40],[2,51]],[[4269,12854],[-164,4],[-1,-31],[3,-23],[-4,-6],[5,-15],[-3,-19],[49,-76],[-12,1],[-5,8],[-14,-9],[-124,3],[-3,-85],[-3,0],[0,-29],[-12,0],[0,-29],[-18,0],[-24,-4],[-15,-1],[1,51],[37,-1],[0,-5],[19,-1],[2,105],[-67,2],[1,76],[10,0],[1,12],[19,-1],[1,39],[38,0],[0,15],[-28,1],[3,25],[-26,1]],[[3935,12862],[0,24],[-5,1],[2,57],[-22,0],[2,87],[2,84],[3,170],[-30,97],[-25,92]],[[5113,13583],[-2,-72],[60,-1]],[[5171,13510],[-7,-337]],[[5164,13173],[-117,2],[-2,-84],[-40,0]],[[5005,13091],[2,85],[-19,0],[2,132],[-4,12],[14,1],[0,23],[-17,1],[3,140],[27,15],[1,12]],[[4980,1897],[5,168]],[[5927,2052],[311,-1]],[[6238,2051],[-7,-240],[-12,-325],[-4,-112]],[[6215,1374],[-308,3],[-196,2]],[[5711,1379],[-118,1],[-313,5],[-1,-4],[-220,8],[-93,1]],[[4966,1390],[6,224],[8,283]],[[6320,5642],[-1,-161],[1,-48],[-197,2]],[[6123,5435],[-20,11],[-94,36],[1,213],[31,0],[18,-11],[12,-5],[182,-1],[4,-15],[8,-20],[55,-1]],[[5960,6025],[22,-4],[29,4],[139,-1]],[[6150,6024],[63,-106],[17,-29],[90,-152]],[[6320,5737],[0,-95]],[[5920,5432],[20,151],[2,27],[8,60],[5,59],[3,42],[1,45],[1,88],[0,121]],[[5560,6086],[0,4],[69,0],[0,-85],[-35,0],[0,-29],[69,-4],[0,3],[38,-2],[0,20],[-38,0],[0,28],[45,-1],[1,70],[29,0],[-1,-63],[59,-1]],[[5796,6026],[164,-1]],[[5900,5433],[-44,4],[-160,1]],[[5696,5438],[3,235],[-141,88]],[[5558,5761],[2,325]],[[5468,9643],[94,146]],[[5562,9789],[6,0]],[[5568,9789],[45,0]],[[5613,9789],[-80,-123],[-67,-103]],[[5466,9563],[2,80]],[[1182,6445],[156,1]],[[1338,6446],[313,3]],[[1651,6449],[-2,-168]],[[1649,6281],[-49,-2],[-264,-2],[-24,0],[-133,-1],[3,169]],[[1026,6445],[27,23],[5,-11],[10,-9],[16,-4],[98,1]],[[1649,6281],[-3,-170]],[[1646,6111],[-141,-1]],[[1505,6110],[-171,-1]],[[1334,6109],[-188,-2],[-126,0]],[[2144,6788],[138,2]],[[2282,6790],[-3,-294]],[[2279,6496],[-1,-44]],[[2278,6452],[-174,-1]],[[2104,6451],[0,44],[37,0],[0,55],[3,15],[9,17],[8,9],[-37,41],[9,12],[8,16],[2,14],[1,114]],[[1019,6779],[56,0],[228,3]],[[1303,6782],[39,1]],[[1342,6783],[-4,-337]],[[1969,6786],[175,2]],[[2104,6451],[-98,-1]],[[2006,6450],[-42,-1]],[[1964,6449],[5,337]],[[5001,12838],[300,-7]],[[5301,12831],[-1,-59],[8,-36],[8,-22]],[[5316,12714],[-153,2],[-125,2],[-39,2]],[[4999,12720],[1,60],[-17,0],[0,32],[18,0],[0,26]],[[5171,13510],[0,2],[75,-2],[7,-3],[72,-2]],[[5325,13505],[3,-6],[0,-76],[1,-25],[9,-86],[2,-12],[4,-42],[9,-71],[9,-38],[8,-25],[9,-38],[16,-50],[6,-28],[-50,0],[0,-28],[6,-24],[0,-30],[19,-1],[21,-96],[-96,2]],[[5301,12831],[-21,48],[-44,108],[2,100],[1,85],[-75,1]],[[5460,12325],[79,-2],[75,0],[1,84],[3,55],[-2,19],[-10,10],[32,0],[19,-33],[17,-26],[16,-20],[25,-28],[6,-12],[4,-16],[10,-16],[2,-15],[10,-5],[26,-44]],[[5773,12276],[-1,-39],[-242,3],[-71,0]],[[5459,12240],[1,85]],[[5773,12276],[72,-124],[38,-67],[11,-17],[97,-88],[33,-56]],[[5892,11914],[-46,0]],[[5846,11914],[1,117],[-78,0],[1,122],[-311,3]],[[5459,12156],[-2,0],[2,84]],[[5846,11914],[-58,0],[0,15],[-20,0],[0,52],[-154,1]],[[5614,11982],[-77,1]],[[5537,11983],[-79,1]],[[5458,11984],[1,172]],[[5341,12327],[119,-2]],[[5458,11984],[-117,2]],[[5341,11986],[1,129],[-3,24],[2,188]],[[5148,12329],[156,-2]],[[5304,12327],[37,0]],[[5341,11986],[-88,1],[-106,2]],[[5147,11989],[3,114],[-4,4],[1,53],[-2,0]],[[5145,12160],[3,169]],[[6334,2979],[8,214]],[[6543,4421],[32,288]],[[6575,4709],[9,-18],[52,0],[0,68],[159,0]],[[6608,4085],[-88,-1]],[[6520,4084],[7,150],[1,44],[11,108],[4,35]],[[4247,7469],[69,-2]],[[4316,7467],[-2,-130],[-3,-40]],[[4311,7297],[-1,-72]],[[4310,7225],[-2,-97]],[[4195,7131],[1,47],[8,-1],[12,37],[44,55],[-16,15],[3,185]],[[2344,7277],[41,1],[34,1]],[[2560,7273],[20,0],[0,-45],[23,-1],[0,-13]],[[2603,7214],[-26,-13],[-24,-22],[-16,-21],[-12,-29]],[[2525,7129],[-182,-2]],[[2343,7127],[1,150]],[[2278,6452],[0,-50]],[[2278,6402],[-4,-287]],[[2274,6115],[-39,0],[-1,42],[-8,25],[-11,15],[-19,15],[-19,7],[-13,1],[-53,-1],[-25,7],[-13,9],[-7,9],[-8,17],[-48,157],[-4,32]],[[2274,6115],[0,-1],[-3,-154]],[[1955,5935],[3,180],[6,334]],[[5548,6786],[35,0]],[[5583,6786],[148,-2]],[[5731,6784],[12,-34],[24,-78],[7,-18],[36,-73],[34,-58],[43,-76]],[[5887,6447],[-26,1],[-156,1],[-43,1],[-114,0]],[[5548,6450],[-1,64]],[[5547,6514],[4,187],[-3,85]],[[5887,6447],[8,-19]],[[5895,6428],[-171,1],[-1,-85],[56,-1],[-1,-98],[20,0],[0,-8]],[[5798,6237],[-140,1],[-113,0]],[[5545,6238],[2,132],[1,80]],[[5536,11812],[1,171]],[[5614,11982],[-1,-215]],[[5613,11767],[0,-158]],[[5613,11609],[-39,-27],[-5,-7],[-36,5],[3,232]],[[5613,11609],[-1,-136]],[[5612,11473],[-86,0]],[[5526,11473],[0,20],[-4,16],[-7,16],[-10,14],[-26,27],[-13,20],[-11,24],[-51,113],[12,7],[20,17],[14,24],[7,26],[1,15],[78,0]],[[5526,11473],[-31,1],[-68,-2]],[[5427,11472],[-8,9],[-12,6],[-13,11],[-13,21],[-6,20],[-1,13],[-5,14],[-4,16],[-6,12],[-15,15],[-3,49],[5,29],[3,3],[5,24],[0,13],[-4,24],[-10,22],[-13,13],[-14,9],[-10,11],[-13,19],[-13,8],[-16,6],[-6,6],[-15,-1],[-6,8],[-14,-4],[-18,6],[-32,18],[-24,37],[1,80]],[[5882,11770],[-115,-1],[-20,2],[-26,9],[-9,1],[-64,1],[-21,-6],[-14,-9]],[[5924,11725],[-1,-94]],[[5923,11631],[-164,0],[-70,0],[1,34],[-77,-56]],[[5923,11631],[0,-47]],[[5923,11584],[0,-111]],[[5923,11473],[-79,-1]],[[5844,11472],[-86,0],[-146,1]],[[5111,12498],[192,-3]],[[5303,12495],[3,0],[-2,-168]],[[5148,12329],[-39,1],[2,168]],[[4995,12500],[116,-2]],[[5145,12160],[-55,1],[-23,23]],[[5067,12184],[-76,75],[4,241]],[[6552,4758],[23,-49]],[[6543,4421],[-224,-3]],[[6319,4418],[0,169],[-119,0],[1,121],[-26,-5],[-13,0],[0,53]],[[6633,5769],[-312,0]],[[6321,5769],[-1,-32]],[[6150,6024],[-49,82]],[[5796,6026],[1,41],[5,1],[1,42],[-8,0],[2,42],[1,85]],[[2838,6477],[33,29]],[[2871,6506],[38,35]],[[2909,6541],[16,14],[11,-15],[40,35],[-11,16],[61,54],[88,78],[0,28],[-8,1],[-1,-24],[-18,0],[0,40],[19,0],[0,-15],[17,0],[0,-22],[11,10],[0,27],[12,0],[-1,-17],[16,-19],[-61,-54],[13,-17],[26,23],[44,0],[0,6],[20,-1],[0,-21],[20,0]],[[3223,6668],[-3,-211],[-2,-119],[-10,0],[-69,0],[-2,-108],[4,-9],[-1,-47],[20,0],[-1,-28],[35,0],[21,-3],[-1,-24]],[[3214,6119],[-68,0]],[[3146,6119],[0,27],[7,0],[0,23],[-16,0],[1,46],[-21,-2],[-21,3],[-23,8],[-15,-22],[-13,16],[12,18],[-8,10],[-7,22],[1,48],[5,22],[-65,1],[-2,-135],[-38,0]],[[2943,6204],[-40,0],[1,84],[-58,0],[-1,-34],[-1,-15],[-19,0],[0,25],[-19,0],[2,170],[30,-1],[0,44]],[[3529,6302],[20,-1],[1,92],[20,1],[0,30],[20,0],[0,14],[20,0],[-1,-10],[20,1],[0,-4],[19,0],[0,-8],[20,0],[0,18],[19,0],[-1,-101],[-20,-1],[0,-25],[-6,-7],[29,-31],[-50,-54],[-40,-46],[69,1],[0,-51]],[[3668,6120],[-98,0]],[[3570,6120],[-248,-1]],[[3322,6119],[1,60],[147,0],[1,56],[57,0],[1,67]],[[2576,5587],[5,194]],[[2581,5781],[157,1],[1,43],[157,0]],[[2896,5825],[-1,-43]],[[2895,5782],[-2,-92]],[[2893,5690],[-2,-91],[65,3],[105,-5],[22,-5],[45,-12],[26,-10],[46,-15]],[[3200,5555],[-31,-109]],[[3169,5446],[-281,0],[-315,-1]],[[2573,5445],[3,142]],[[2895,5782],[20,1],[4,194],[111,0],[2,98],[-27,-1],[1,45]],[[3006,6119],[48,0],[-1,-44],[4,0],[1,20],[25,1],[0,23],[63,0]],[[3214,6119],[0,-56]],[[3214,6063],[-4,-275],[-2,-97],[-315,-1]],[[2260,5442],[-4,-336]],[[2256,5106],[0,-56],[-312,-3],[-1,-20]],[[1943,5027],[-42,0],[0,39],[43,0],[0,37]],[[1651,6449],[156,0]],[[1807,6449],[-4,-302],[-2,-79],[-2,-135]],[[1807,6449],[157,0]],[[6143,11595],[-32,-10],[-188,-1]],[[6210,11374],[-173,0],[1,99],[-115,0]],[[6217,11285],[-28,0],[-67,-6],[-202,1]],[[5920,11280],[3,193]],[[6227,11135],[-81,0]],[[5917,11135],[3,145]],[[538,12174],[221,2]],[[759,12176],[163,1],[-1,-6],[82,1],[0,8],[20,-1]],[[1023,12179],[-2,-295]],[[703,11520],[0,86],[-5,26],[-4,13],[-51,92],[-38,67],[-21,46],[-26,81],[-13,56],[-5,28],[-1,23],[-1,136]],[[124,12170],[193,2],[221,2]],[[703,11497],[-67,-2],[-91,-11],[-61,-3],[-30,-2],[-44,-9],[-43,-6],[-37,-2],[-54,6],[-40,0],[-109,-5],[-11,-1]],[[116,11462],[1,126],[1,96],[2,166],[0,54],[2,92],[2,174]],[[3267,4435],[79,0]],[[3346,4435],[271,0]],[[3617,4435],[197,-1]],[[3814,4434],[-4,-336]],[[3810,4098],[-312,1],[-311,0]],[[3187,4099],[-5,0],[4,169],[77,-1],[4,168]],[[3169,5446],[35,0]],[[3204,5446],[-2,-133],[-3,-204]],[[3199,5109],[-223,0],[-407,-1]],[[2569,5108],[4,337]],[[3204,5446],[313,0],[312,0],[2,0]],[[3831,5446],[-5,-338]],[[3826,5108],[-280,0]],[[3546,5108],[-347,1]],[[3546,5108],[2,-37],[10,-37],[0,-20],[18,0],[13,4],[10,-21],[25,-11],[7,-11],[1,-9],[-5,-10],[-15,-12],[13,-24],[0,-36],[-51,-62],[5,-51],[-43,0]],[[3536,4771],[-67,0],[-2,-74],[-39,0],[-6,-8],[-11,9],[-11,-6],[-12,6],[-18,0],[1,74],[-39,0]],[[3332,4772],[-137,0]],[[3195,4772],[4,337]],[[695,5122],[74,0],[13,4],[15,-21],[17,15],[11,-15],[21,19],[159,1],[1,44],[155,-101],[0,-59],[32,-28],[36,-39],[16,17],[13,-7]],[[1258,4952],[24,-16],[34,-20],[-2,-151]],[[1314,4765],[-314,-1],[-313,-2]],[[687,4762],[1,42],[0,52],[1,24],[0,28],[1,96],[3,38],[2,80]],[[21,5120],[298,-1],[109,0],[267,3]],[[687,4762],[-314,-3]],[[373,4759],[-355,-4]],[[18,4755],[3,365]],[[687,4426],[0,20],[-3,87],[-1,15],[1,36],[-1,10],[1,64],[3,104]],[[1314,4765],[0,-28],[81,0],[-1,-81],[-81,0],[-3,-226],[-1,-126],[49,-1],[-1,-67],[-48,0],[-1,-142]],[[1308,4094],[-315,-2],[-2,-84],[-6,0]],[[985,4008],[-212,-2],[3,83],[-94,-1]],[[682,4088],[2,82],[-1,84],[1,7],[-3,57],[4,54],[3,45],[-1,9]],[[687,4426],[-50,0],[-108,-3],[-4,-8],[-17,1],[-55,2],[-56,-1],[-30,2]],[[367,4419],[7,337],[-1,3]],[[965,11498],[17,-17],[20,-10],[0,-67],[16,1],[0,-44],[-20,0],[-1,-40],[21,-1],[0,-10],[-21,1],[0,-21],[21,0],[0,-5],[-21,0],[0,-49],[21,0]],[[1018,11236],[-1,-15],[-20,0],[0,-70],[-17,0],[1,-126],[5,-30],[26,-2],[0,-8],[33,0]],[[1045,10985],[0,-13],[18,-7],[23,-11],[12,-11],[12,13],[-19,18],[-2,11],[22,0],[0,-11],[19,-15],[-14,-9],[-13,-14],[13,-18],[10,-16],[14,-36],[-18,-6],[-9,23],[-37,-19],[9,-27],[-68,0],[-7,-4]],[[1010,10833],[-15,21],[-56,46],[-8,9],[-14,21],[-8,20],[-3,29],[4,24],[1,16],[-3,21],[-8,21],[-11,22],[-15,21],[-15,16],[-13,9],[-16,7],[-17,2],[0,5],[-24,2],[-88,-1],[2,353]],[[1010,10833],[-10,-5],[-3,-15]],[[997,10813],[-301,-11],[-328,-8]],[[368,10794],[-262,-6]],[[106,10788],[2,165],[1,92],[4,280],[3,98],[0,39]],[[997,10813],[1,-11],[87,2]],[[1085,10804],[1,-32],[4,-42],[5,-28],[2,-34],[-5,-27],[-10,-20],[-18,-23],[-12,-25],[-3,-12],[-4,-34],[-49,-1],[1,-57],[30,1],[1,-22],[4,0]],[[1032,10448],[1,-26],[7,-13],[12,-5],[6,-11],[-1,-14],[-15,-8],[-5,-13],[-1,-34],[-7,-10],[-1,-10],[4,-13],[16,-35],[11,-35],[17,-14],[13,-34],[14,-24],[6,-15]],[[431,10119],[-41,0]],[[390,10119],[-3,338],[132,2],[-2,21],[-5,29],[-9,23],[-11,21],[-19,29],[-39,48],[-32,43],[-10,16],[-9,20],[-10,38],[-5,47]],[[390,10119],[-291,-5]],[[99,10114],[3,234],[0,105],[0,98],[2,60],[0,91],[2,86]],[[394,9781],[-296,-4]],[[98,9777],[1,337]],[[399,9444],[-264,-4],[-39,3]],[[96,9443],[1,38],[0,216],[1,80]],[[203,4081],[3,160],[7,21],[14,11],[24,8],[31,5],[20,0],[1,75],[-9,39],[15,6],[58,13]],[[14,4079],[3,94],[-1,55],[1,21],[-3,168],[1,39],[3,122],[-1,85],[1,92]],[[1943,5027],[-4,-260]],[[1939,4767],[-3,-340],[-5,-342],[-4,-246]],[[1927,3839],[-234,-1],[-1,-34]],[[1692,3804],[-8,0],[2,45],[-19,-3],[-26,5],[-14,8],[-18,14],[-27,30],[-14,18],[-12,20],[-6,16],[-6,18],[-3,39],[4,34],[11,27],[39,57],[16,26],[10,25],[8,27],[4,26],[1,23],[-1,39],[3,25],[6,22],[12,28],[20,57],[10,22],[11,15],[19,18],[13,18],[8,15],[12,27],[5,18],[1,15],[7,50],[7,26],[25,57],[4,20],[2,22],[-3,26],[-8,31],[-14,20],[-23,22],[-20,28],[-24,20],[-31,13],[-22,11],[-23,20],[0,6],[-24,19],[-25,15],[-28,10],[-28,4],[-56,0],[-27,4],[-25,8],[-13,7],[-22,15],[-38,37]],[[2256,5106],[313,2]],[[2569,5108],[-1,-132]],[[2568,4976],[0,-32],[1,-15],[1,-55],[-1,-19],[3,-23],[7,-25],[1,-14],[0,-52],[-6,-14],[-23,-22],[-22,-24],[-25,-18],[-20,-7],[-16,-2],[-101,2]],[[2367,4656],[-75,1],[-13,1],[-27,7],[-15,9],[-25,26],[-23,14],[-12,3],[-30,-3],[-21,4],[-14,11]],[[2112,4729],[-6,9],[-6,30],[-161,-1]],[[2112,4729],[-24,-32],[-16,-30],[-15,-46],[-21,-43],[-8,-33],[-1,-14],[2,-52],[7,-23],[19,-25],[9,-17],[12,-38],[21,-32],[12,-8],[11,-2],[26,-1],[56,-14],[12,-1],[22,5],[42,28],[13,6],[18,4],[24,0],[17,-4],[18,-12],[18,-5],[23,0],[9,-3],[60,-31]],[[2478,4306],[-72,-184],[0,-3]],[[2406,4119],[-48,-117],[-12,-28],[-12,-23],[-21,-35],[-36,-44],[-36,-38],[-68,-55],[-10,-11]],[[2163,3768],[-47,1],[-35,-22],[-48,-42],[-30,-27],[0,26],[-78,1]],[[1925,3705],[2,134]],[[5560,6086],[-17,25]],[[5543,6111],[0,0],[2,127]],[[6018,6613],[-4,-166],[9,-20]],[[5887,6447],[38,1],[-24,42],[-53,88],[103,45],[-7,18]],[[5731,6784],[163,-3]],[[1213,9112],[-2,-28],[2,-74],[6,-32]],[[1219,8978],[-58,-11],[-29,-4],[-34,-3],[-223,-17],[-151,17]],[[724,8960],[-28,3],[-160,19]],[[536,8982],[0,125],[-2,118],[-26,-2],[-73,-17],[-3,238]],[[404,8997],[132,-15]],[[724,8960],[-6,-57],[2,-132]],[[720,8771],[-315,-3]],[[405,8768],[-134,-2],[-46,0]],[[225,8766],[-2,108],[2,40],[155,-84],[25,1],[-1,166]],[[95,9023],[26,5],[20,-1],[263,-30]],[[225,8766],[-132,-1]],[[93,8765],[2,152],[1,33],[-1,73]],[[1340,10455],[80,2]],[[1420,10457],[80,2]],[[1500,10459],[0,-318]],[[1500,10141],[-4,0],[13,-49]],[[1509,10092],[-167,-3],[0,137]],[[1342,10226],[-2,229]],[[1509,10092],[12,-48]],[[1521,10044],[30,-119],[154,-167],[172,7],[18,3]],[[1895,9768],[2,-102],[26,-13],[31,-27]],[[1954,9626],[-9,-7]],[[1945,9619],[-12,-10],[-43,7],[-29,2],[-135,-1],[-40,5]],[[1109,10134],[88,2],[0,4],[-21,22],[-12,9],[-44,29],[-12,11],[-7,11],[-7,22],[-1,17],[36,2],[4,-13],[16,-14],[35,-9],[63,-1],[95,0]],[[1032,10448],[70,1],[169,4],[69,2]],[[1659,10462],[158,4]],[[1817,10466],[-1,-233]],[[1816,10233],[-158,-4]],[[1658,10229],[1,233]],[[2374,10490],[41,0]],[[2415,10490],[0,-86],[45,0],[0,65],[39,0]],[[2499,10469],[-2,-319]],[[2497,10150],[-84,1]],[[2413,10151],[-43,0]],[[2221,10490],[71,0]],[[2289,10151],[-71,0]],[[2218,10151],[2,85],[1,254]],[[2747,4891],[54,67],[82,0],[-2,-128],[79,0],[-1,-58],[115,0]],[[3074,4772],[-4,-217],[121,-1],[-2,-118]],[[3189,4436],[-314,-1]],[[2875,4435],[6,337],[-206,0],[-12,0]],[[2663,4772],[7,16],[17,27],[60,76]],[[2478,4306],[30,78]],[[2508,4384],[19,46],[22,58],[28,70],[86,214]],[[2875,4435],[-5,-238]],[[2870,4197],[-35,2],[-22,8],[-12,8],[-16,22],[-4,13],[-11,49],[-18,-7],[-43,-28],[-16,-7],[-19,-2],[-16,2],[-15,6],[-9,7],[-10,17],[-7,20],[-10,12],[-10,-10],[-24,-12],[-14,-2],[-3,-198],[-57,0],[-35,1],[-58,21]],[[2870,4197],[-2,-99],[4,0],[-4,-162]],[[2868,3936],[-1,-59]],[[2867,3877],[-159,-3],[-152,-3],[-2,-83],[1,-26],[-315,5],[-77,1]],[[3189,4436],[78,-1]],[[3187,4099],[-5,-159],[-314,-4]],[[2857,3431],[200,3],[343,6],[104,2],[289,6]],[[3793,3448],[-15,-677]],[[2841,2757],[12,495],[4,179]],[[2152,10491],[69,-1]],[[2218,10151],[-74,0]],[[2144,10151],[8,85],[0,169],[0,86]],[[2375,9711],[7,9],[8,19],[2,10],[2,109],[3,16],[6,14],[9,12],[21,15],[15,4],[-4,20],[-6,10],[-11,9],[-14,2],[0,12]],[[2413,9972],[159,0],[32,10]],[[2604,9982],[-1,-78]],[[2603,9904],[0,-114]],[[2603,9790],[1,-138]],[[2604,9652],[-157,46],[-72,13]],[[1786,10051],[189,5]],[[1975,10056],[1,-216]],[[1976,9840],[-190,-5],[0,56],[1,95],[-1,65]],[[1521,10044],[145,3],[120,4]],[[1976,9840],[0,-63]],[[1976,9777],[-81,-9]],[[2312,9722],[63,-11]],[[2604,9652],[0,-138],[4,0],[1,-118],[1,-12],[-6,-15],[0,-10]],[[2604,9359],[-116,34],[-125,39],[-29,11],[-43,22],[1,9],[20,55],[0,193]],[[1954,9626],[62,-21],[115,-43],[13,-7],[0,95],[10,2],[12,16],[3,79]],[[2169,9747],[143,-25]],[[2604,9359],[1,-69]],[[2605,9290],[0,-23]],[[2605,9267],[-36,18],[-33,-2],[-38,13],[-28,0],[-22,-2],[-26,1],[-21,5],[-20,9],[-20,13],[-42,43],[-14,12],[-47,37],[-24,7],[-26,2],[-26,-5],[-22,-12],[-25,-27]],[[2135,9379],[-11,-8],[-23,-9],[-25,0],[-18,7]],[[2058,9369],[11,7],[7,0],[23,-9],[13,4],[10,7],[13,16],[3,13],[-25,0],[-21,9],[-16,11],[-14,19],[-9,25],[-6,20],[-6,39],[-5,15],[-14,12],[-31,12],[-16,10],[-10,11],[-20,29]],[[1976,9777],[45,-4],[148,-26]],[[803,3339],[30,-37],[101,-117],[10,-15],[19,-39],[10,-35],[-6,-2],[3,-15],[2,-36],[0,-89]],[[972,2954],[-1,-212],[-5,-319],[-2,-134],[1,-17]],[[965,2272],[-17,-1],[-8,3],[-143,147],[-297,303],[-38,45],[-63,83],[-103,138]],[[296,2990],[13,21],[23,43],[9,24],[12,38],[7,36],[4,38],[3,100],[5,51],[11,49],[16,54]],[[12,2607],[9,26],[14,29],[14,27],[18,27],[15,19],[195,231],[19,24]],[[965,2272],[4,-21],[7,-20],[8,-14],[25,-40]],[[1009,2177],[64,-91]],[[1073,2086],[106,-151],[59,-86],[42,-67],[27,-51],[102,-197],[11,-19],[15,-20],[16,-17],[16,-14],[18,-14],[20,-11],[19,-9],[21,-7],[22,-5],[23,-3]],[[11,1428],[0,383],[4,83],[-4,191],[0,339],[4,162],[-3,21]],[[12,2607],[-1,7],[0,352],[0,91],[0,240],[0,410]],[[2593,6456],[78,0],[1,84]],[[2672,6540],[78,0],[1,85],[79,0],[-1,-52],[2,-11],[5,-11],[35,-45]],[[2838,6477],[-55,-49]],[[2783,6428],[-12,18],[-11,-8],[5,-7],[-55,-1],[0,-19],[7,0],[0,-17],[-12,-2],[-1,-12],[-10,0],[-24,-21],[0,-8],[-18,0],[0,-39],[-61,-54]],[[2591,6258],[2,198]],[[2278,6402],[25,1],[11,7],[12,3],[117,2],[27,2],[82,1],[1,37],[40,1]],[[2591,6258],[-25,-24],[-130,-117]],[[2279,6496],[160,2]],[[2439,6498],[41,1],[17,4],[11,8],[7,10],[10,20],[69,0],[42,-1],[36,0]],[[2058,9369],[-41,19],[-25,9],[-29,0],[-15,-1],[-20,-6],[-19,-15],[-35,-53]],[[1874,9322],[-91,14],[-24,-96],[-50,-1],[0,-29],[-6,-14],[-7,-40],[-2,-31],[-94,-3]],[[2135,9379],[-1,-7],[1,-198]],[[2135,9174],[1,-186]],[[2136,8988],[-57,-5],[-99,-16]],[[1980,8967],[-1,50],[-21,-6],[-20,-2],[-9,-8],[-33,40],[-17,8],[-58,6],[3,30],[2,111],[7,52],[19,43],[22,31]],[[1980,8967],[-44,-8],[-27,-3],[-25,1],[-34,9],[-69,26],[-39,10],[-40,1]],[[1702,9003],[-41,0],[-38,-2],[-103,-2]],[[1520,8999],[-1,120]],[[1702,9003],[-29,-128],[-8,-49],[0,-21],[32,1],[0,-20],[-31,0]],[[1666,8786],[-43,-2],[-158,-6],[0,20]],[[1465,8798],[-1,201],[56,0]],[[2347,9172],[258,-1],[1,27]],[[2606,9198],[107,-1],[1,-25],[-12,0],[1,-20],[-6,0],[0,-20],[20,0],[-3,-18]],[[2714,9114],[-23,0],[0,-33],[-6,0],[0,-25],[-12,0],[0,-7],[-68,0],[0,-26],[-17,-1],[0,28],[-21,0],[0,-30],[-39,-3]],[[2528,9017],[0,27],[-35,0],[0,-6],[-22,0],[0,-25],[-51,-4],[0,24],[-36,0],[0,-16],[-16,0],[-5,-12],[-12,0]],[[2351,9005],[-4,0],[0,167]],[[2605,9267],[2,-45],[-1,-24]],[[2347,9172],[-133,2],[-79,0]],[[2636,8448],[73,-2],[17,1],[38,4]],[[2764,8451],[2,-66],[1,-122]],[[2767,8263],[-161,-1],[0,38]],[[2606,8300],[0,70],[23,57],[7,21]],[[2767,8263],[0,-78]],[[2767,8185],[-7,-2]],[[2760,8183],[-154,-42],[-49,-15],[-28,-18]],[[2529,8108],[0,192],[77,0]],[[2760,8183],[0,-73],[-1,0],[-1,-131]],[[2758,7979],[0,-77]],[[2758,7902],[-111,-1],[1,78],[-120,-1]],[[2528,7978],[1,130]],[[2528,7901],[0,77]],[[2758,7902],[0,-29],[19,17],[0,-87]],[[2777,7803],[-56,1],[-37,-4]],[[2684,7800],[-37,4],[-120,-1],[1,98]],[[3195,4772],[-121,0]],[[2747,4891],[-6,7],[-73,67],[10,13],[-110,-2]],[[3332,4772],[-1,-56],[-4,-225],[0,-22],[19,0],[0,-34]],[[2282,6790],[244,2]],[[2526,6792],[-1,-97],[-3,-21],[-5,-15],[-5,-24],[0,-11],[-44,-1],[-1,-12],[-5,-19],[-22,-49],[-1,-8],[0,-37]],[[3006,6119],[-64,1]],[[2942,6120],[1,84]],[[5384,6111],[159,0]],[[5558,5761],[-97,60]],[[5461,5821],[-27,17],[11,22],[1,17],[-35,21],[1,37],[-29,0]],[[5383,5935],[1,176]],[[5068,5942],[37,0],[183,0],[35,-28],[60,-44],[0,65]],[[5461,5821],[0,-47],[-117,0]],[[5344,5774],[-277,0]],[[5067,5774],[1,84],[0,84]],[[5068,5942],[1,171]],[[5696,5438],[-236,0],[-79,0],[-79,0]],[[5302,5438],[1,81],[39,0],[2,255]],[[5302,5438],[-199,0],[-38,0]],[[5065,5438],[1,311],[1,25]],[[4759,6113],[310,0]],[[5067,5774],[-225,4],[-54,2],[-29,-5]],[[4759,5775],[0,338]],[[5065,5438],[-130,1],[-103,-2],[-76,0]],[[4756,5437],[3,338]],[[4449,5777],[1,336]],[[4450,6113],[309,0]],[[4756,5437],[-309,3]],[[4447,5440],[2,337]],[[3837,6121],[6,0]],[[4449,5777],[-309,3]],[[4140,5780],[-307,2]],[[3833,5782],[4,339]],[[4447,5440],[-305,2]],[[4142,5442],[-2,128],[-1,55],[1,155]],[[2210,8453],[82,-1],[0,6]],[[2292,8458],[158,-6]],[[2450,8452],[87,-1],[69,0],[30,-3]],[[2529,8108],[-132,-86],[-9,-6],[-58,-28],[-97,-40],[-30,-12]],[[2203,7936],[3,169],[3,0],[2,213],[-1,94],[0,41]],[[2528,7901],[-211,-3],[-114,0]],[[2203,7898],[0,38]],[[2684,7800],[-75,-74],[-54,-45]],[[2555,7681],[-179,89],[-17,7],[-30,11],[-28,7],[-26,3]],[[2275,7798],[-15,1],[-59,1]],[[2201,7800],[2,98]],[[2777,7803],[55,2],[125,-1],[-1,-85],[-35,0],[-2,-209]],[[2919,7510],[0,-7]],[[2919,7503],[-55,25],[-145,72]],[[2719,7600],[-74,37]],[[2645,7637],[-90,44]],[[2018,7935],[2,168],[-1,0]],[[2019,8103],[1,88]],[[2020,8191],[113,1],[-1,-86],[-3,-190],[74,20]],[[2201,7800],[-184,-1]],[[2017,7799],[-1,8],[2,128]],[[1665,8443],[186,8],[88,3],[0,-7],[43,2]],[[1982,8449],[-1,-82],[41,0],[-2,-176]],[[2019,8103],[-350,-3]],[[1669,8100],[-2,82],[0,71],[-2,84],[0,106]],[[2018,7935],[-256,-3],[-66,1],[-26,-1]],[[1670,7932],[0,53]],[[1670,7985],[0,96],[-1,19]],[[1670,7878],[0,54]],[[2017,7799],[-193,0]],[[1824,7799],[-155,-1]],[[1669,7798],[1,80]],[[1354,8097],[154,2]],[[1508,8099],[161,1]],[[1670,7985],[-316,-3]],[[1354,7982],[0,115]],[[1354,7930],[0,52]],[[1670,7878],[-283,1],[-33,3],[0,48]],[[5233,9862],[23,-32],[6,-13],[3,-26]],[[5265,9791],[-3,-113],[-1,-55]],[[5261,9623],[0,-57]],[[5261,9566],[-161,2],[0,-56],[41,-1],[-1,-55]],[[5140,9456],[-41,0],[-121,-3],[-30,0]],[[4948,9453],[3,37],[10,34],[7,15],[38,51],[43,33],[31,32],[47,72],[33,54],[27,29],[46,52]],[[1406,13556],[171,1],[139,1]],[[1716,13558],[-2,-200],[-2,-90]],[[1712,13268],[-151,-38],[-12,-4]],[[1549,13226],[-24,-5],[-126,-32]],[[1399,13189],[5,278],[2,89]],[[2386,11847],[161,0]],[[2547,11847],[-5,-336]],[[2542,11511],[-81,0],[-39,1],[-41,-1]],[[2381,11511],[4,252],[1,84]],[[5958,4082],[22,0]],[[5980,4082],[329,-1]],[[6309,4081],[-8,-24],[-3,-26],[-4,-105]],[[6294,3926],[-4,-134],[-31,-1],[-14,-5],[-21,-13],[-21,-24],[-10,-22],[-5,-22],[-2,-15],[0,-52],[5,-27],[9,-47],[2,-69],[7,-28],[12,-25],[3,-18],[-1,-23]],[[6223,3401],[-259,2]],[[5964,3403],[-1,164],[-1,163],[-2,261],[1,22],[-3,69]],[[4142,5442],[-155,2]],[[3987,5444],[-156,2]],[[3831,5446],[4,325],[-2,11]],[[4142,5442],[-1,-51],[1,-11],[-4,-45],[-3,-229]],[[4135,5106],[-153,1]],[[3982,5107],[3,253],[2,84]],[[5065,5438],[-1,-420],[-1,-109],[-17,-1],[-23,-7],[-30,-13],[-178,-80],[-12,-6],[-51,-34],[-15,-4],[-296,2]],[[4441,4766],[-183,1]],[[4258,4767],[3,146],[4,191],[179,-1],[3,337]],[[4258,4767],[-128,1]],[[4130,4768],[5,338]],[[4441,4766],[-2,-178],[-1,-158],[-183,1]],[[4255,4431],[2,149],[1,113],[0,74]],[[3819,4716],[1,55]],[[3820,4771],[310,-3]],[[4255,4431],[-46,1],[-3,-21],[3,-15],[-1,-24],[-82,0],[0,-1],[-256,1],[1,62],[-57,0]],[[3814,4434],[5,282]],[[4255,4431],[-2,-100],[-1,-180],[-1,-57]],[[4251,4094],[-149,1]],[[4102,4095],[-292,3]],[[4251,4094],[121,1],[50,-2]],[[4422,4093],[-8,-51],[-1,-17],[-5,-186],[-5,-184],[-151,0],[-121,3],[-40,0]],[[4091,3658],[4,148],[7,289]],[[5835,4757],[-13,-105],[2,-1],[-29,-231],[-39,-331],[-2,-7]],[[5754,4082],[-6,-54],[0,-7],[-34,-280]],[[5714,3741],[-49,0],[0,11],[11,330],[-680,5],[-413,4],[-86,1],[-73,2],[-2,-1]],[[1063,8095],[98,1]],[[1161,8096],[-1,-167],[194,1]],[[1669,7798],[-58,-1],[-146,0]],[[1465,7797],[-112,0]],[[1353,7797],[-115,0]],[[1238,7797],[-186,-1]],[[1052,7796],[7,50],[3,53],[3,70],[0,34],[-2,92]],[[1161,8096],[47,0]],[[1208,8096],[142,1]],[[1350,8097],[4,0]],[[1347,8491],[68,-2],[0,-30],[28,0],[0,-21],[23,0]],[[1466,8438],[1,-111],[20,0],[20,3],[1,-231]],[[1350,8097],[-3,394]],[[1066,8498],[185,-5],[96,-2]],[[1208,8096],[-1,144],[0,113],[-1,82],[-150,-1]],[[1056,8434],[1,15],[9,49]],[[995,8434],[61,0]],[[1063,8095],[-67,-1]],[[996,8094],[-1,340]],[[996,8094],[-113,0]],[[883,8094],[-4,24],[0,146],[-8,0],[-12,7],[-6,12],[-15,97],[0,53],[157,1]],[[720,8770],[41,1],[16,-108],[15,-95],[44,-23],[30,-13],[46,-13],[31,-8],[43,-7],[43,-5],[37,-1]],[[883,8094],[-154,0]],[[729,8094],[-2,0]],[[727,8094],[-6,84],[0,237],[-1,355]],[[3536,4771],[0,-30],[28,0],[-1,-25],[31,1],[50,-1],[21,0]],[[3665,4716],[3,-19],[-4,-27],[-42,-189],[-4,-20],[-1,-26]],[[4591,16253],[320,-3],[306,-4],[182,0],[5,9],[124,-5]],[[5528,16250],[-3,-382]],[[4965,15518],[-48,1],[0,-3],[-27,0]],[[4890,15516],[-68,2],[-34,95],[-11,34],[-113,319],[3,0],[-50,142],[-26,115],[0,30]],[[5113,13597],[20,25],[19,26],[22,34],[72,115],[20,33],[19,37],[20,53],[11,35],[9,39],[6,41],[2,29],[2,47],[2,171],[2,72]],[[5339,14354],[35,-1],[43,47],[15,19],[20,32],[15,28],[4,13],[3,26],[1,56],[9,1],[13,-13],[20,-14],[12,-1],[22,-6],[28,-16],[19,-13],[23,3],[54,-2],[23,-7],[15,-2],[-1,15],[8,63],[10,54],[6,14],[16,58],[8,15],[6,-2],[7,26],[12,19],[17,22],[3,11],[16,27],[18,16],[1,15],[6,39],[10,25],[7,8],[3,23],[9,18],[5,14],[10,15],[14,42],[6,4],[10,25],[3,12],[0,16],[3,18],[12,32],[8,23],[8,11],[5,-1],[1,23],[4,8]],[[5964,15212],[1,3],[165,-2]],[[5520,13508],[-195,8],[0,-11]],[[85,8092],[321,1]],[[406,8093],[321,1]],[[729,8094],[4,-72],[0,-225]],[[733,7797],[-4,-262],[136,1],[5,-5],[-1,-28],[7,-8],[86,0],[0,-43]],[[962,7452],[-235,-1]],[[727,7451],[-342,5],[-315,6]],[[70,7462],[0,9],[7,187],[0,36],[2,178],[4,119],[2,101]],[[727,7451],[-3,-338],[-1,-195]],[[723,6918],[-1,-141]],[[409,6791],[-31,-11],[8,42],[9,88],[-2,18],[-7,31],[-6,17],[-12,18],[-17,15],[-11,5],[-27,6],[-30,23],[-13,15],[-8,18],[-11,44],[-17,31],[-21,27],[-25,43],[-14,20],[-39,36],[-18,20],[-19,19],[-14,9],[-16,4]],[[68,7329],[2,133]],[[962,7452],[41,0]],[[1003,7452],[-1,-28],[0,-66],[7,-71],[4,-69],[2,-52],[0,-50]],[[1015,7116],[-22,0],[3,-43],[-1,-105],[-24,0],[-15,-3],[-53,-23],[-25,-10],[-37,-9],[-21,-3],[-41,-2],[-56,0]],[[1015,7116],[-2,-188],[0,-11],[-2,-57],[-2,-25],[-10,-57]],[[1347,7120],[156,0]],[[1503,7120],[156,1]],[[1659,7121],[-2,-174]],[[1657,6947],[-52,-40],[-19,33],[-33,50],[-37,-29],[-16,-7],[-17,-2],[-2,14],[-12,19],[-14,-17],[-17,-11],[-27,-5],[-66,-1],[-1,-83],[-39,-1]],[[1305,6867],[2,147],[39,1],[1,105]],[[1015,7116],[171,2]],[[1186,7118],[161,2]],[[1305,6867],[-2,-85]],[[5346,14858],[3,145],[3,191]],[[5352,15194],[1,43]],[[5353,15237],[50,-2],[0,-16],[66,-1],[0,-7],[19,-1],[1,-4],[26,0],[1,11],[19,0],[0,16],[194,-3],[87,0],[7,-2],[0,-15],[141,-1]],[[5339,14354],[2,166],[3,186],[2,152]],[[5315,15509],[10,-29],[11,-36],[8,-34],[4,-27],[5,-47],[1,-48],[-1,-51]],[[5352,15194],[-363,7],[4,-40],[-4,-51],[1,-23],[20,-78],[-1,-26],[-9,-120]],[[5000,14863],[-1,-13]],[[4882,14866],[6,336],[3,191],[-12,0],[2,112],[9,0],[0,11]],[[5346,14858],[-151,2],[-195,3]],[[5339,14354],[-37,0],[-23,2],[-20,7],[-13,8],[-20,21],[-10,16],[-17,-29],[-13,-35],[-7,-36],[-1,-38],[-71,1]],[[2395,16272],[322,-1]],[[2717,16271],[-2,-50],[-10,-94],[-1,-62]],[[2704,16065],[-2,-146],[-4,-338]],[[2698,15581],[-61,-4],[-170,4],[-82,0]],[[2704,16065],[166,0],[56,-1],[53,-4],[42,-5],[-1,-84],[-5,-390]],[[3015,15581],[-317,0]],[[1003,7452],[46,0],[186,2]],[[1235,7454],[0,-58],[-29,-1],[-7,-12],[-2,-103],[-6,0],[-1,-78],[-2,0],[-2,-84]],[[1508,7457],[156,1]],[[1664,7458],[-3,-168]],[[1661,7290],[-2,-169]],[[1503,7120],[5,337]],[[1003,7452],[25,168],[22,169]],[[1050,7789],[2,7]],[[1238,7797],[-2,-13],[-1,-321],[0,-9]],[[1824,7799],[1,-41],[16,0],[4,-242]],[[1845,7516],[-180,-2]],[[1665,7514],[4,284]],[[2017,7799],[-1,-5],[-3,-252]],[[2013,7542],[-37,0],[-1,-25],[-86,-1]],[[1889,7516],[-44,0]],[[2275,7798],[0,-86],[37,0],[-1,-167]],[[2311,7545],[-112,-1]],[[2199,7544],[2,256]],[[2919,7503],[0,-7],[56,-28],[-25,-3],[-31,1],[-2,-84],[0,-37]],[[2917,7345],[0,-48]],[[2917,7297],[-218,1]],[[2699,7298],[21,24],[9,7],[-11,26],[-1,14],[1,98],[1,133]],[[2699,7298],[-13,-33],[-9,-16],[-20,-20],[-25,-12]],[[2632,7217],[-4,20],[5,22],[16,23],[7,16],[-14,0],[2,169],[1,170]],[[2632,7217],[-29,-3]],[[2549,7676],[6,5]],[[2344,7277],[-1,-2],[-53,0],[0,12]],[[2290,7287],[1,173],[19,17],[1,68]],[[2783,6428],[-57,-51],[-23,-20],[-2,-238],[45,0]],[[2746,6119],[-4,-192],[5,-8],[12,-11],[79,15],[21,3],[39,2],[-2,-103]],[[3535,6795],[0,171]],[[3535,6966],[234,5],[79,2]],[[3846,6461],[-53,0],[-52,95],[-9,12],[-10,8],[-26,11],[-17,16],[-16,18],[-29,-30],[-64,70],[-12,7],[-25,0]],[[3533,6668],[2,127]],[[3532,6458],[1,210]],[[3837,6121],[-169,-1]],[[3529,6302],[3,156]],[[2161,7408],[1,135]],[[2162,7543],[37,1]],[[2290,7287],[-21,0],[0,-9],[-60,-1],[0,9],[-39,0]],[[2170,7286],[0,8],[-28,0]],[[2142,7294],[15,3],[13,8],[39,33],[0,2],[-48,68]],[[2013,7542],[149,1]],[[2161,7408],[-38,-30],[-112,-1],[2,165]],[[2142,7294],[-11,0],[0,34],[-43,-35]],[[2088,7293],[-4,0],[-195,-2]],[[1889,7291],[1,169],[-1,56]],[[1664,7458],[1,56]],[[1889,7291],[-86,0],[-142,-1]],[[1972,7198],[116,95]],[[2170,7286],[-20,-1],[-1,-160],[-3,-242]],[[2146,6883],[-2,-95]],[[1969,6786],[3,412]],[[1657,6947],[114,87],[83,67],[118,97]],[[1969,6786],[-157,0]],[[1812,6786],[-156,-1]],[[1656,6785],[1,162]],[[2868,8212],[99,26],[110,28],[80,22],[17,4],[4,120],[0,41],[46,-1],[58,1],[118,0],[2,-34]],[[3402,8419],[-1,-52],[0,-46],[20,2]],[[3421,8323],[-3,-110]],[[3418,8213],[-2,-98],[-179,-2]],[[3237,8113],[-47,0],[-321,-2],[-1,101]],[[2767,8185],[101,27]],[[3237,8113],[1,-42],[-1,-76],[25,1],[5,-51],[122,1],[-1,-43]],[[3388,7903],[-116,-3]],[[3272,7900],[-73,0],[-294,1],[0,80],[-147,-2]],[[3272,7900],[2,-56],[0,-41],[114,2],[0,-19],[56,1],[-3,-149]],[[3441,7638],[0,-19],[-2,-149]],[[3439,7470],[-19,-1],[-214,-3],[-1,-86],[0,-12],[-197,98],[-89,44]],[[3982,5107],[-108,2],[-48,-1]],[[4031,7727],[75,-2],[60,0],[44,-2],[112,-3]],[[4322,7720],[-2,-85]],[[4320,7635],[-147,4],[-34,1],[-106,1]],[[4033,7641],[17,50],[-19,0],[0,36]],[[3858,7815],[1,43]],[[3859,7858],[174,-4]],[[4033,7854],[-1,-43],[-1,-84]],[[4031,7727],[-44,0],[1,34],[-130,2]],[[3858,7763],[0,52]],[[3550,7985],[76,1]],[[3626,7986],[79,0]],[[3705,7986],[-3,-174]],[[3702,7812],[-2,-85],[-1,-85]],[[3699,7642],[-155,-3]],[[3544,7639],[6,346]],[[3388,7903],[37,1],[-8,17],[-7,25],[1,38],[100,1]],[[3511,7985],[39,0]],[[3544,7639],[-103,-1]],[[3699,7642],[-1,-84]],[[3698,7558],[-119,-3],[-1,-83],[-38,0]],[[3540,7472],[-101,-2]],[[3698,7558],[-1,-83]],[[3697,7475],[-1,-75],[2,0],[-1,-94]],[[3697,7306],[-1,-71],[-78,-69],[-5,13],[2,126],[-74,-2],[0,15],[-4,30]],[[3537,7348],[1,111],[2,13]],[[3699,7642],[113,3],[44,0]],[[3856,7645],[-2,-122],[-2,-45]],[[3852,7478],[-155,-3]],[[3852,7478],[-5,-110]],[[3847,7368],[1,-57]],[[3848,7311],[-37,-2],[-114,-3]],[[3856,7645],[177,-4]],[[4033,7641],[-23,-64]],[[4010,7577],[-31,-88],[-16,-14]],[[3963,7475],[-66,-59],[-50,-48]],[[4010,7577],[38,-27],[7,6],[108,-2],[155,-4]],[[4318,7550],[-2,-83]],[[4247,7469],[-284,6]],[[4415,7465],[13,17],[4,150]],[[4432,7632],[43,-1],[82,0]],[[4557,7631],[-5,-168],[-4,0]],[[4548,7463],[-77,1],[-43,1]],[[4428,7465],[-13,0]],[[4318,7550],[2,85]],[[4320,7635],[112,-3]],[[4415,7465],[-99,2]],[[4557,7631],[36,0],[187,0]],[[4776,7414],[0,-25]],[[4776,7389],[-230,1]],[[4546,7390],[2,73]],[[3097,9776],[0,13]],[[3097,9789],[1,31],[0,162]],[[3098,9982],[97,0],[11,0],[29,8],[18,10],[62,-47]],[[3315,9953],[47,-37],[-3,-4],[-1,-149],[117,-1],[0,-40],[75,0]],[[3550,9722],[-1,-64]],[[3549,9593],[-39,1],[-207,2]],[[3303,9596],[-210,1]],[[3093,9597],[3,41],[1,138]],[[3792,10314],[79,0],[39,-1]],[[3910,10313],[-4,-366]],[[3906,9947],[-39,2]],[[3867,9949],[-75,0]],[[3792,9949],[2,196],[-3,85]],[[3791,10230],[1,84]],[[4184,10310],[156,-4]],[[4522,10303],[220,-3]],[[4742,10300],[-1,-168],[-2,-66],[3,-18],[17,-35],[17,-30],[9,-28]],[[4785,9955],[-47,0]],[[5066,10297],[136,-1]],[[5202,10296],[-1,-84]],[[5201,10212],[-1,-84]],[[5200,10128],[-135,1]],[[5065,10129],[1,168]],[[5064,10074],[1,55]],[[5200,10128],[4,-5],[-2,-171]],[[5202,9952],[-77,0],[-62,0]],[[5063,9952],[1,122]],[[5202,10296],[156,-2]],[[5358,10294],[79,0]],[[5437,10294],[-1,-84]],[[5436,10210],[-32,0],[-203,2]],[[5436,10210],[0,-84],[135,-1]],[[5571,10125],[-8,-59],[-26,-44],[-32,-28],[-17,-3]],[[5488,9991],[-42,-8],[-38,-1],[-46,-9],[-29,-10],[-54,-49],[-46,-52]],[[5233,9862],[-28,38],[-3,6],[0,46]],[[5386,9790],[44,0]],[[5430,9790],[132,-1]],[[5468,9643],[0,33],[-87,1]],[[5381,9677],[2,109],[3,4]],[[5265,9791],[121,-1]],[[5381,9677],[0,-56]],[[5381,9621],[-120,2]],[[5381,9621],[-2,-168]],[[5379,9453],[-120,1]],[[5259,9454],[2,112]],[[4742,10300],[45,-1],[45,1],[93,-1]],[[4925,10299],[-2,-169]],[[4923,10130],[-2,-177]],[[4921,9953],[-136,2]],[[5571,10125],[55,-1]],[[5626,10124],[-2,-116]],[[5624,10008],[-9,-13],[-26,0],[-18,-19],[-3,-187]],[[5430,9790],[3,184],[55,17]],[[4658,8409],[-88,0],[-1,-48],[-44,-1],[-5,-2],[-37,2],[-46,0],[-109,1]],[[4328,8361],[0,37]],[[4328,8398],[-1,47],[-1,11]],[[4658,8315],[-44,-1],[-177,-2],[-109,1]],[[4328,8313],[0,48]],[[5068,10466],[-2,-169]],[[5066,10297],[-141,2]],[[4925,10299],[1,169]],[[4525,10638],[87,-1]],[[4612,10637],[133,-1]],[[4743,10470],[-220,2]],[[4523,10472],[2,166]],[[4743,10470],[0,-86],[-1,-84]],[[4522,10303],[1,169]],[[4321,10645],[43,1],[37,-6],[46,-1]],[[4447,10639],[78,-1]],[[4523,10472],[-181,4]],[[4342,10476],[-22,0]],[[4320,10476],[1,169]],[[4188,10648],[133,-3]],[[4320,10476],[-134,3]],[[4186,10479],[2,169]],[[4342,10476],[-2,-170]],[[4184,10310],[2,169]],[[4029,10482],[157,-3]],[[4026,10313],[3,169]],[[3557,10569],[1,85]],[[3558,10654],[108,0]],[[3666,10654],[-2,-170],[-108,0]],[[3556,10484],[1,85]],[[3329,10315],[187,-1],[38,1]],[[3554,10315],[0,-84]],[[3554,10231],[-39,-1],[-187,0]],[[3328,10230],[1,85]],[[3327,10082],[225,0]],[[3552,10082],[-1,-130]],[[3551,9952],[-225,1]],[[3326,9953],[1,129]],[[3079,10146],[115,0],[0,84],[134,0]],[[3328,10230],[-1,-148]],[[3327,10082],[-92,0],[-153,1]],[[3082,10083],[0,47],[-3,16]],[[3326,9953],[-11,0]],[[3098,9982],[-17,1]],[[3081,9983],[1,100]],[[2881,10084],[1,64]],[[2882,10148],[197,-2]],[[3081,9983],[-200,1]],[[2881,9984],[0,100]],[[2782,10233],[0,85]],[[2782,10318],[101,-1]],[[2883,10317],[-1,-169]],[[2881,10084],[-100,1],[1,148]],[[2881,9984],[-206,1]],[[2675,9985],[0,164],[1,85],[106,-1]],[[2604,10150],[1,170]],[[2605,10320],[43,-1],[134,-1]],[[2675,9985],[-62,1],[-9,-3]],[[2604,9983],[0,167]],[[4036,8376],[0,79]],[[4328,8398],[-121,-8],[-40,-2],[0,-73]],[[4167,8315],[-6,-4],[-82,2],[-44,-1]],[[4035,8312],[1,64]],[[3707,8438],[36,4],[97,11],[20,0]],[[4036,8376],[-132,-11]],[[3904,8365],[-93,-8],[-102,-9]],[[3709,8348],[-1,86],[-1,4]],[[3904,8365],[0,-148]],[[3904,8217],[-85,-1]],[[3819,8216],[-110,0]],[[3709,8216],[0,132]],[[4035,8312],[0,-94]],[[4035,8218],[-131,-1]],[[3402,8419],[107,9],[39,3],[40,1],[80,0],[39,6]],[[3709,8348],[-80,-7],[-17,0],[-24,-3],[-86,-8],[-81,-7]],[[3709,8216],[-80,-1]],[[3629,8215],[-82,-1]],[[3547,8214],[-129,-1]],[[3709,8216],[0,-99],[-2,-4],[-2,-127]],[[3626,7986],[2,130],[1,99]],[[2604,9982],[0,1]],[[2881,9984],[0,-90]],[[2881,9894],[-100,1],[0,7],[-178,2]],[[2881,9894],[-1,-105]],[[2880,9789],[-277,1]],[[2880,9789],[0,-63]],[[2880,9726],[0,-115]],[[2880,9611],[-276,41]],[[3097,9789],[-11,94],[-5,10],[-117,1],[0,-49],[7,-25],[0,-24],[2,-8],[-93,1]],[[3097,9776],[-16,11],[-1,-63],[-162,1],[-38,1]],[[3093,9597],[-48,0],[-127,8],[-38,6]],[[3551,9952],[-1,-230]],[[4035,8218],[1,-97],[-2,-132]],[[4034,7989],[-87,0]],[[3947,7989],[0,132],[-43,0],[0,96]],[[3947,7989],[-86,-1]],[[3861,7988],[-81,-1]],[[3780,7987],[2,131],[37,0],[0,98]],[[3780,7987],[-75,-1]],[[4207,8218],[119,0]],[[4326,8218],[-1,-97],[5,0]],[[4330,8121],[-2,-129]],[[4328,7992],[-1,-10]],[[4327,7982],[-48,1],[-62,51]],[[4217,8034],[-44,37],[-7,3]],[[4166,8074],[0,48],[41,0],[0,96]],[[4327,7982],[-1,-78]],[[4326,7904],[-108,1],[-46,0],[-8,1]],[[4164,7906],[1,54],[52,74]],[[4164,7906],[-87,2]],[[4077,7908],[2,166],[87,0]],[[4035,8218],[172,0]],[[4077,7908],[-43,1]],[[4034,7909],[0,80]],[[4525,8218],[133,0]],[[4658,8218],[1,-96]],[[4659,8122],[-134,0]],[[4525,8122],[0,96]],[[4487,8122],[38,0]],[[4659,8122],[-4,-134]],[[4655,7988],[-89,-1]],[[4566,7987],[-22,1],[-59,4]],[[4485,7992],[2,92],[0,38]],[[4330,8121],[33,1],[124,0]],[[4485,7992],[-43,0],[-114,0]],[[3547,8214],[0,-78],[1,-20],[-36,0],[1,-43],[-2,-88]],[[4326,8218],[156,-1],[43,1]],[[4749,8218],[0,-96],[-2,-50],[-3,-84]],[[4744,7988],[-89,0]],[[4841,8217],[183,0],[35,0],[0,48],[78,-2],[0,-28],[129,0]],[[5266,8235],[4,-9],[25,-80],[-11,-74],[-26,-75],[-31,-46],[-43,-152],[-38,-58],[-39,-26]],[[5107,7715],[-47,129],[-43,120],[0,24],[-160,0]],[[4857,7988],[-70,1]],[[4787,7989],[-43,-1]],[[4781,7716],[2,127]],[[4783,7843],[4,146]],[[4857,7988],[1,-144],[-1,-169],[0,-49]],[[4780,7631],[1,85]],[[5359,10463],[1,170]],[[5360,10633],[80,-1]],[[5440,10632],[-3,-338]],[[5358,10294],[1,169]],[[5204,10634],[156,-1]],[[5359,10463],[-156,2]],[[5203,10465],[1,169]],[[5202,10296],[1,169]],[[5069,10632],[117,-2],[18,4]],[[5203,10465],[-135,1]],[[5107,7715],[12,-34],[26,-48]],[[4783,7843],[-131,0],[-1,-40]],[[4651,7803],[-90,0]],[[4561,7803],[5,184]],[[4781,7716],[-87,0],[1,85],[-18,2],[-26,0]],[[4557,7631],[3,85]],[[4560,7716],[1,87]],[[4561,7803],[-81,-1],[-2,-2],[-153,4]],[[4325,7804],[1,100]],[[4560,7716],[-82,0],[-156,4]],[[4322,7720],[2,59],[1,25]],[[4325,7804],[-221,5],[24,34],[-7,9],[-88,2]],[[4033,7854],[1,55]],[[5945,2728],[307,-2],[73,-2],[-1,-43],[140,-4]],[[6524,2381],[-278,7],[-310,1]],[[5440,10632],[0,3]],[[5440,10635],[54,-3],[5,2],[86,-2]],[[5585,10632],[-13,-48],[-39,-67],[-6,-32]],[[5527,10485],[-1,-6],[3,-50],[18,-56],[31,-54],[11,-22],[5,-26],[-1,-43],[-22,-103]],[[4458,6620],[77,0]],[[4765,6621],[-2,-144]],[[4763,6477],[-4,-364]],[[2259,13218],[121,-2],[-4,-338]],[[2376,12878],[-80,2]],[[2296,12880],[-39,0]],[[2257,12880],[2,236],[0,102]],[[2143,13220],[116,-2]],[[2257,12880],[-79,1]],[[2178,12881],[-38,1]],[[2140,12882],[3,338]],[[2022,13222],[121,-2]],[[2140,12882],[-41,0],[-17,-4],[-61,3]],[[2021,12881],[1,341]],[[1500,10141],[122,3],[1,85],[35,0]],[[1816,10233],[0,-85],[-30,-1],[0,-96]],[[95,9023],[0,32],[2,138],[-2,39],[0,60],[1,52],[0,32],[0,67]],[[1508,7457],[-40,0]],[[1468,7457],[1,166],[-4,29],[-1,55],[1,90]],[[6710,5519],[-78,-1]],[[6632,5518],[-159,-1],[-1,-2],[-151,254]],[[1436,14907],[2,332],[2,276]],[[2060,15088],[116,-85],[41,-33],[19,-18],[45,-42]],[[2281,14910],[-110,2],[-105,1],[-14,-336],[-3,-199],[-5,-141]],[[2044,14237],[-118,-1],[-198,-1],[-97,-1],[-217,-2]],[[1414,14232],[10,313],[3,26],[6,261],[3,75]],[[207,16154],[127,-174],[87,-119],[117,-158],[36,-47],[24,-25],[21,-18],[29,-20],[43,-23],[122,-48]],[[813,15522],[-3,-268],[-5,-358]],[[805,14896],[-175,-7],[-169,-5],[-208,-7],[-74,-1]],[[179,14876],[1,280],[5,239],[8,83],[5,64],[2,101],[5,316],[-2,54],[4,141]],[[2500,13552],[161,-2]],[[2661,13550],[88,-115],[63,-82],[0,-12],[-1,-215],[4,-85],[-3,-106],[-1,-57],[-5,-6]],[[2806,12872],[-78,0]],[[2728,12872],[-79,0],[-70,1]],[[2579,12873],[1,85],[-2,12],[1,73],[14,-2],[19,-8],[8,-6],[17,-6],[15,-1],[2,105]],[[2654,13125],[2,85],[1,99],[-4,34],[-155,2]],[[2498,13345],[0,108],[2,99]],[[4328,8313],[0,-47]],[[4328,8266],[-161,2],[0,47]],[[3695,12014],[39,-1],[159,0]],[[3893,12013],[-2,-175]],[[3891,11838],[-2,-88]],[[3889,11750],[-115,-1],[1,93],[1,104],[-81,68]],[[3199,10654],[41,-1]],[[3240,10653],[18,1],[35,-1],[40,0]],[[3333,10653],[-1,-85]],[[3332,10568],[-1,-84]],[[3331,10484],[-1,-85]],[[3330,10399],[-93,0],[1,85],[-41,0],[2,170]],[[4037,11160],[35,-1]],[[4072,11159],[44,-2]],[[4116,11157],[0,-57],[-3,-162],[33,-37]],[[4146,10901],[-112,2]],[[4034,10903],[3,199],[0,58]],[[2263,5593],[141,-3],[6,1],[63,-2],[103,-2]],[[4546,7390],[-1,-96]],[[4545,7294],[-77,-1],[-43,1]],[[4425,7294],[3,171]],[[3861,9526],[0,-65]],[[3861,9461],[-313,1]],[[3548,9462],[1,64]],[[3548,9462],[0,-63]],[[3548,9399],[0,-56]],[[3548,9343],[0,-77]],[[3548,9266],[-1,-64]],[[3547,9202],[0,-71]],[[3547,9131],[-42,0],[-2,-3],[-28,2],[-24,0],[-63,3],[-77,0]],[[3311,9133],[-6,12],[-15,14],[-18,10],[-13,13],[-17,27]],[[3242,9209],[9,85],[4,30],[7,31],[7,18],[11,21],[12,17],[17,17],[9,6],[-17,30],[5,3],[1,93],[-2,32],[-2,4]],[[3242,9209],[-10,31],[-12,22],[-12,11],[-13,9],[-25,9],[-28,3],[-33,15],[-14,2],[-8,-5],[-12,-27],[-9,-11],[-9,-3]],[[3057,9265],[-6,35],[-4,41],[0,37],[6,74],[15,59],[7,20],[18,66]],[[2647,8791],[28,21],[8,9],[6,17],[4,33],[3,103],[3,57]],[[2699,9031],[127,0],[68,4],[24,2],[148,10],[15,11],[16,7],[31,5],[-10,21],[-27,40],[-101,1],[0,177]],[[2990,9309],[15,-15],[39,-29],[13,0]],[[3311,9133],[2,-4],[5,-42],[-5,-26],[-10,-18],[-43,-51],[-12,-17],[-12,-38],[-4,-32],[7,-23],[6,-14]],[[3245,8868],[-24,0],[-28,-4],[-124,-24],[-33,-9],[-52,-23],[-43,-25],[-22,-11],[-19,-8],[-25,-7],[-25,-5],[-47,-8],[-43,-2]],[[2760,8742],[0,6],[-125,-1],[2,25],[10,19]],[[2605,9290],[20,-4],[23,10],[22,5],[41,5],[26,-1],[51,1],[47,9],[17,5],[16,9],[25,5],[49,-6],[21,-7],[27,-12]],[[2699,9031],[15,83]],[[2647,8791],[-32,3],[-16,-6],[-19,-21],[-14,1],[1,21],[22,1],[16,13],[0,18],[-76,0]],[[2529,8821],[-1,196]],[[2293,8913],[20,0],[-1,50],[-1,17],[22,1],[4,-6],[14,0],[0,30]],[[2529,8821],[-36,0],[0,-32],[-43,0]],[[2450,8789],[-30,0],[0,32],[-127,0]],[[2293,8821],[0,92]],[[2136,8988],[21,2],[0,-23],[11,0],[2,-51],[13,-1],[110,-1],[0,-1]],[[2293,8821],[-306,3],[-7,4]],[[1980,8828],[0,139]],[[1980,8828],[0,-35],[1,-146]],[[1981,8647],[1,-191]],[[1982,8456],[0,-7]],[[1665,8443],[-2,276],[3,67]],[[1219,8978],[4,-35],[1,-48],[7,-20],[11,-9],[23,-2],[39,9],[1,-55],[40,-1],[1,-24],[119,5]],[[1665,8443],[-199,-5]],[[720,8770],[0,1]],[[5267,9366],[159,13]],[[5426,9379],[-7,-20],[-7,-12],[-10,-9],[-13,-6]],[[5389,9332],[7,-89],[-9,-36]],[[5387,9207],[-2,-42],[-9,-14],[-12,-4],[-81,-7]],[[5283,9140],[-16,226]],[[4513,9456],[220,-2],[43,-1],[139,0]],[[4915,9453],[33,0]],[[4948,9453],[-3,-51],[6,-59],[21,-70],[3,-6]],[[4864,8940],[-86,2]],[[4722,8983],[4,23],[0,63],[-46,1],[0,58],[5,5],[1,65],[-109,1],[-23,-1],[0,64],[-42,0]],[[4512,9262],[1,194]],[[4330,9263],[182,-1]],[[4512,9262],[-1,-136]],[[4511,9126],[-182,0]],[[4329,9126],[1,137]],[[4015,9264],[1,126],[2,65],[-2,5]],[[4176,9460],[-2,-197]],[[4174,9263],[-83,0],[0,-63],[-74,0],[-2,-1]],[[4015,9199],[0,65]],[[4174,9263],[-1,-64],[39,1],[0,-73]],[[4212,9127],[-39,0]],[[4173,9127],[-158,0]],[[4015,9127],[0,72]],[[3779,9129],[84,-1]],[[3863,9128],[152,-1]],[[4173,9127],[0,-56]],[[4173,9071],[-302,1],[-93,1]],[[3778,9073],[1,56]],[[4173,9071],[-1,-63],[-223,1],[0,-54],[5,-9]],[[3862,8946],[-85,-1]],[[3777,8945],[1,128]],[[4212,9127],[117,-1]],[[4511,9126],[42,2],[14,2],[-4,-24],[-15,-37],[-2,-9],[3,-14],[-14,-7],[-27,-16],[-18,-8],[-10,-2],[-1,-69]],[[5259,9454],[-40,1]],[[5219,9455],[-79,1]],[[4918,9708],[1,63],[2,182]],[[4921,9953],[142,-1]],[[4915,9453],[3,255]],[[4019,9717],[1,62],[0,24],[2,75],[0,68]],[[2654,13125],[-158,3]],[[2496,13128],[2,85],[0,132]],[[3906,9947],[116,-1]],[[4019,9717],[-68,1],[-9,7],[0,11],[-33,1],[-1,-11],[-10,-8],[-37,0]],[[3861,9718],[1,64],[4,33],[1,134]],[[3861,9655],[0,63]],[[4016,9460],[-155,1]],[[3550,9722],[168,-2]],[[3718,9720],[143,-2]],[[2450,8789],[0,-51],[-1,-116]],[[2449,8622],[0,-152],[1,-18]],[[2292,8458],[0,17],[1,276],[0,70]],[[2210,8453],[0,26],[2,62],[2,111],[4,51],[0,27],[-30,-10],[-91,-35],[-49,-17],[-67,-21]],[[2210,8453],[-228,3]],[[2760,8742],[4,-291]],[[2636,8448],[27,93],[8,30],[5,31],[0,19],[-70,0],[-40,1],[-117,0]],[[3546,8946],[117,0]],[[3663,8946],[114,-1]],[[3861,8850],[-121,-61],[-22,-8],[-16,-4],[-34,-5],[-23,0],[-28,1],[-71,0]],[[3546,8773],[0,173]],[[3548,9266],[78,0],[0,-41],[26,0],[4,16],[26,-1],[-1,25],[182,0]],[[3863,9265],[0,-64]],[[3863,9201],[-316,1]],[[3863,9201],[0,-73]],[[3779,9129],[-114,1]],[[3665,9130],[-118,1]],[[3548,9343],[15,-3],[24,0],[276,-1]],[[3863,9339],[0,-74]],[[4299,9715],[-1,-129],[-3,-124]],[[4295,9462],[-41,-3],[-39,0],[-39,1]],[[4514,9713],[0,-78],[-3,-175],[2,-4]],[[4513,9456],[-164,0],[-54,6]],[[5379,9453],[68,-1]],[[5447,9452],[-10,-15],[-8,-20],[-3,-22],[0,-16]],[[5267,9366],[-8,88]],[[5005,13091],[-1,-75],[-3,-178]],[[4999,12720],[-2,-130]],[[4997,12590],[-1,-18],[-56,1],[-1,-72],[56,-1]],[[5067,12184],[-215,4],[-17,1],[-1,-23],[3,-22],[0,-14],[26,-8],[39,-22],[30,-37],[34,-25],[90,-24],[37,-36],[20,-24],[14,-28],[-3,-235],[-1,-112]],[[5123,11579],[-1,-32],[-1,-49],[-274,3],[1,97],[-19,30]],[[4829,11628],[1,21],[-23,34],[-24,33],[-14,17],[62,-1],[0,22],[-85,1],[21,-21],[3,-14],[-97,1]],[[4673,11721],[9,32],[7,17],[28,51],[54,97],[12,32],[4,14],[5,27],[1,65],[2,59],[0,51],[2,53],[5,35],[9,44],[6,34],[3,53],[0,35],[-1,46],[-3,23],[-8,36],[-6,32],[-13,70],[-8,44],[-8,74],[0,23],[1,33],[3,29],[14,61],[8,27],[13,35],[45,86],[52,98],[12,21],[10,30],[8,32],[2,17],[3,108],[1,132]],[[3736,9950],[56,-1]],[[3718,9720],[12,37],[7,35],[3,45],[-4,113]],[[2541,11422],[81,0],[44,0],[7,1],[23,21],[11,8],[19,7],[15,1]],[[2741,11460],[-4,-208],[-1,-78],[2,-6]],[[2738,11168],[-121,1]],[[2617,11169],[-79,0],[3,253]],[[3424,12359],[44,-1],[-2,-85],[79,-1]],[[3545,12272],[39,0],[-2,-84]],[[3582,12188],[-194,1]],[[3388,12189],[2,170],[34,0]],[[3332,10568],[225,1]],[[3556,10484],[-225,0]],[[4031,10651],[117,-2],[40,-1]],[[4029,10482],[2,169]],[[5915,11135],[-76,0]],[[5839,11135],[5,337]],[[5949,2861],[160,0],[148,-1],[73,-3]],[[5945,2728],[4,133]],[[4768,6874],[-1,-87],[-1,-82]],[[5064,10074],[-47,0],[1,55],[-95,1]],[[3665,9130],[-1,-57],[-1,-127]],[[3546,8946],[1,185]],[[1878,13897],[159,2]],[[2037,13899],[-3,-171],[-3,-168]],[[2031,13560],[-50,-1],[-109,0]],[[1872,13559],[5,297],[1,41]],[[1656,11162],[161,3]],[[1817,11165],[162,2]],[[1979,11167],[-1,-218]],[[1978,10949],[-40,18],[-282,135]],[[1656,11102],[0,60]],[[2959,12531],[158,-1]],[[3033,12190],[-81,0]],[[2952,12190],[4,25],[3,316]],[[3879,11099],[2,109],[39,-45]],[[3920,11163],[39,-45],[-3,-213]],[[3956,10905],[-79,2]],[[3877,10907],[2,192]],[[5790,10460],[117,-1]],[[5907,10459],[0,-59]],[[5906,10345],[0,-55]],[[5906,10290],[-118,0]],[[5788,10290],[2,170]],[[6789,5350],[-156,-2]],[[6633,5348],[-1,85],[0,85]],[[4425,7294],[-114,3]],[[4536,6704],[-77,0],[-86,1],[2,83]],[[1468,7457],[-116,-1]],[[1352,7456],[1,341]],[[5140,9456],[8,-100],[4,-53]],[[5152,9303],[12,-174]],[[5164,9129],[-98,-8],[-17,4]],[[27,5770],[351,-1],[323,0]],[[701,5769],[-6,-336],[-297,-1],[-329,0],[-47,4]],[[22,5436],[0,22],[5,312]],[[3740,13885],[-32,109]],[[3708,13994],[-29,102],[-39,130],[295,-6]],[[5152,9303],[79,7],[-4,53],[-8,92]],[[5283,9140],[-119,-11]],[[5883,10122],[105,0],[10,-9],[0,-11],[7,-7],[8,3],[9,-9]],[[6022,10089],[-117,-177],[-93,2],[-12,-1]],[[5766,9941],[97,153],[20,28]],[[5447,9452],[18,27]],[[5465,9479],[184,284],[31,46]],[[6022,10089],[34,28],[8,-5],[0,-11],[-7,-5],[-16,-20],[-6,-19],[5,-15],[12,-9],[13,-2],[26,-16],[-8,-11],[-36,-42],[-72,-80],[-26,-28],[-25,-18],[-21,-9],[-35,-6],[-29,-1],[-31,-6],[-24,-11],[-12,-7],[-53,-50],[-23,-26],[-14,-19],[-37,-54],[-22,-34],[-50,-78],[-35,-59],[-23,-46],[-6,-13],[-91,-87],[-29,2]],[[5613,9789],[32,48]],[[5465,9479],[1,84]],[[2385,15581],[-4,-334]],[[2376,14908],[-95,2]],[[3200,5555],[13,38],[10,17],[18,24],[107,123],[30,39],[49,80],[99,169],[44,75]],[[1334,6109],[-5,-336]],[[1329,5773],[-326,-2]],[[4643,2754],[363,-15]],[[4985,2065],[-266,9]],[[4719,2074],[-124,4]],[[1050,7789],[-57,0],[-60,3],[-46,4],[-72,1],[-82,0]],[[6549,2043],[-311,8]],[[6666,1364],[-451,10]],[[402,6441],[-84,1],[-276,5]],[[42,6447],[2,83],[1,46],[2,77],[2,37],[2,99],[5,68],[4,206],[0,58],[8,208]],[[27,5770],[1,41],[1,87],[4,124],[0,86],[1,44],[4,148],[4,147]],[[1692,3804],[-4,-205],[-77,0],[-1,5],[-311,0],[10,490],[-1,0]],[[1258,4952],[37,54],[23,33],[26,30]],[[1337,2782],[189,335],[31,52],[31,50],[16,24],[26,32],[51,63],[51,50],[51,48]],[[1783,3436],[139,118]],[[1922,3554],[-1,-118]],[[1908,2763],[-271,-1],[-258,0],[-23,8],[-19,12]],[[3810,4098],[-8,-286],[-9,-364]],[[2857,3431],[10,446]],[[1922,3554],[3,151]],[[3214,6063],[29,1],[1,33],[-15,0],[1,22],[92,0]],[[6680,10780],[-149,6],[-117,13],[-150,0],[-8,-3]],[[6256,10796],[-115,0]],[[5460,12325],[1,55],[-47,114],[-8,0],[-18,45]],[[5388,12539],[-18,44]],[[5370,12583],[-54,131]],[[3546,8773],[-166,1],[-21,1],[-25,6],[-17,8],[-32,24],[-13,15],[-27,40]],[[175,14203],[101,2],[53,2],[17,-2],[11,-5],[14,-11],[17,-17],[13,-8],[17,-6],[58,-2]],[[476,14156],[-2,-110],[0,-27],[-1,-182],[-5,-65],[-9,-82],[-2,-45],[1,-15],[7,-78]],[[465,13552],[5,-65],[-3,-60],[-5,-39],[-3,-14],[-17,-60],[-10,-35],[-16,-59],[-2,-18]],[[414,13202],[-3,-63],[0,-21],[-274,-6]],[[137,13112],[0,42],[11,0],[4,189],[0,84],[3,205],[5,163],[5,98],[0,24],[3,10],[7,276]],[[4789,11125],[31,18]],[[4820,11143],[209,-1]],[[5029,11142],[-4,-210]],[[5025,10932],[-143,1]],[[4882,10933],[-21,59],[-14,33],[-28,49],[-30,51]],[[1975,10471],[1,86]],[[1976,10557],[71,0]],[[2047,10557],[4,-37],[-1,-368],[94,-1]],[[2218,10151],[1,-178]],[[2219,9973],[-117,0],[-1,74],[-18,19],[-108,0]],[[1975,10066],[-1,86],[1,319]],[[2219,9973],[194,-1]],[[1975,10056],[0,10]],[[3552,10082],[2,149]],[[3554,10315],[108,-1],[-1,-83],[34,0],[-2,-86],[63,0],[-4,19],[1,66],[38,0]],[[3736,9950],[-147,1],[-38,1]],[[3555,10399],[1,85]],[[3666,10654],[38,0]],[[3704,10654],[92,0]],[[3796,10654],[-2,-170]],[[3794,10484],[-2,-170]],[[3554,10315],[1,84]],[[4614,10808],[5,0]],[[4619,10808],[216,-3]],[[4835,10805],[-1,-170]],[[4612,10637],[2,171]],[[4447,10639],[1,90],[-59,2]],[[4389,10731],[-5,25],[-16,57],[126,-3],[120,-2]],[[5351,8865],[1,56],[5,35],[8,27],[23,54],[23,41],[12,48],[5,34],[-3,50],[-38,-3]],[[6022,10089],[26,39],[9,4],[20,3],[14,5],[18,13],[8,10],[37,57]],[[6205,10297],[10,16],[9,20],[4,20],[2,26],[-2,21],[-12,44],[-5,13]],[[6211,10457],[34,169]],[[6245,10626],[6,84]],[[6251,10710],[5,86]],[[5710,8521],[-163,-8],[-143,-17]],[[5404,8496],[-42,243],[-10,51],[-2,56],[1,19]],[[5909,10628],[336,-2]],[[6211,10457],[-147,0],[-157,2]],[[5907,10459],[2,169]],[[3796,10654],[78,0]],[[3874,10654],[40,-2],[117,-1]],[[4029,10482],[-156,2],[-79,0]],[[3910,10313],[0,20],[4,4],[37,-44],[35,33],[17,-20],[11,7],[12,0]],[[5056,8778],[16,32],[-1,4],[4,27],[276,24]],[[5404,8496],[-72,-5],[-37,7]],[[5295,8498],[-18,23],[-24,48],[-40,60]],[[5213,8629],[-22,33],[-79,80],[-56,36]],[[5528,16250],[67,-4],[212,14],[10,0]],[[1073,2086],[312,2],[211,0],[303,2]],[[1899,2090],[-4,-265],[-6,-410]],[[4734,9710],[48,0],[52,-1],[84,-1]],[[3015,15581],[-4,-337]],[[2526,6792],[70,1]],[[2596,6793],[314,0]],[[2910,6793],[-2,-169],[1,-83]],[[6319,4418],[-1,-337]],[[6318,4081],[-9,0]],[[5980,4082],[13,39],[6,29],[2,20],[1,249],[317,-1]],[[4043,11496],[80,-2]],[[4123,11494],[-3,-81],[-4,-256]],[[4072,11159],[1,101],[-35,1],[3,155],[2,80]],[[3925,11499],[32,0]],[[3957,11499],[86,-3]],[[4037,11160],[-47,1]],[[3990,11161],[1,102],[-70,2],[2,154],[2,80]],[[3563,11163],[2,159]],[[3565,11322],[1,184]],[[3566,11506],[90,0],[11,-3],[218,-2]],[[3885,11501],[40,-2]],[[3990,11161],[-70,2]],[[3879,11099],[-39,0],[-154,-1]],[[3686,11098],[-124,0]],[[3562,11098],[1,65]],[[3246,11162],[129,0]],[[3375,11162],[188,1]],[[3562,11098],[-1,-94]],[[3561,11004],[-38,1],[-223,-1],[-56,1]],[[3244,11005],[2,157]],[[3561,11004],[-1,-97]],[[3560,10907],[-317,-1]],[[3243,10906],[1,99]],[[3560,10907],[0,-85],[-1,-84]],[[3559,10738],[-114,-1],[1,86],[-204,-1]],[[3242,10822],[1,84]],[[3559,10738],[-1,-84]],[[3558,10654],[-225,-1]],[[3240,10653],[2,169]],[[3130,11163],[116,-1]],[[3199,10654],[-38,0]],[[3161,10654],[-39,0]],[[3122,10654],[1,86],[2,84],[4,274],[1,65]],[[3015,11164],[115,-1]],[[3122,10654],[-38,1]],[[3084,10655],[-80,1]],[[3004,10656],[1,85],[2,84],[-2,21],[2,253],[1,61],[7,4]],[[2930,11165],[85,-1]],[[3004,10656],[-80,1]],[[2924,10657],[3,186],[3,322]],[[2812,11167],[118,-2]],[[2924,10657],[-38,0]],[[2886,10657],[-73,1]],[[2813,10658],[1,85]],[[2814,10743],[1,84],[2,186]],[[2817,11013],[1,69],[-4,77],[-2,8]],[[2451,10830],[160,0]],[[2611,10830],[-1,-86],[36,1],[168,-2]],[[2813,10658],[-169,2],[-35,-1],[-145,0]],[[2464,10659],[1,128],[14,8],[-28,35]],[[6251,10710],[-342,2]],[[5909,10712],[2,85]],[[5909,10628],[0,84]],[[5883,10122],[21,32],[2,136]],[[5883,10122],[-136,0],[-112,2]],[[5635,10124],[0,56],[36,-1],[1,76],[-5,37],[121,-2]],[[5527,10485],[12,-1],[-2,-23],[119,0],[134,-1]],[[5635,10124],[-9,0]],[[5754,10797],[157,0]],[[5909,10712],[-109,0],[-47,0],[-39,1],[-75,1]],[[5639,10714],[1,84],[114,-1]],[[2611,10830],[206,183]],[[2738,11168],[74,-1]],[[2611,10830],[6,339]],[[2079,11510],[36,0]],[[2115,11510],[113,0]],[[2228,11510],[75,2],[78,-1]],[[2542,11511],[-1,-89]],[[2541,11422],[-161,-1],[-1,-85],[-78,1],[-24,-2],[-54,-33],[-20,-18]],[[2203,11284],[-87,160],[-37,66]],[[1979,11167],[1,85]],[[1980,11252],[171,1],[52,31]],[[2451,10830],[-155,0]],[[2296,10830],[-126,0],[-87,66],[-105,53]],[[1982,11510],[40,-1],[57,1]],[[1980,11252],[2,258]],[[1655,11505],[41,1]],[[1696,11506],[75,0],[48,2]],[[1819,11508],[1,-90],[-1,-84],[82,1],[0,-84],[-82,-2],[0,-79],[-2,-5]],[[1656,11162],[-1,169]],[[1655,11331],[0,174]],[[1819,11508],[83,0],[80,2]],[[1476,11196],[20,47],[-1,85],[160,3]],[[1656,11102],[1,-26]],[[1657,11076],[-43,1],[-158,-3]],[[1456,11074],[1,82],[19,40]],[[1338,10905],[50,-1],[18,-13],[13,-2],[16,4],[14,13],[9,0],[-2,168]],[[1657,11076],[2,-253]],[[1659,10823],[-43,-1]],[[1616,10822],[-197,-4]],[[1419,10818],[-80,-2]],[[1339,10816],[-1,89]],[[1336,11279],[140,-83]],[[1338,10905],[-1,84]],[[1337,10989],[-1,251]],[[1336,11240],[0,39]],[[1045,10985],[8,0],[0,83],[142,2]],[[1195,11070],[0,-43],[-12,-41],[113,1],[41,2]],[[1339,10816],[-254,-2],[0,-10]],[[1986,11845],[125,0]],[[2111,11845],[2,-83],[2,-252]],[[1982,11510],[4,335]],[[3702,7812],[156,3]],[[3858,7763],[-2,-118]],[[2497,10150],[107,0]],[[2413,9972],[0,179]],[[5303,12495],[1,46],[84,-2]],[[3268,12189],[120,0]],[[3582,12188],[-4,-8],[-3,-170]],[[3575,12010],[-48,0]],[[3527,12010],[-28,0],[1,83],[-241,1]],[[3259,12094],[1,38],[8,57]],[[2883,10317],[38,-1]],[[2921,10316],[160,-1]],[[3081,10315],[-2,-169]],[[4295,9462],[1,-72],[0,-52],[11,-25],[15,-25],[8,-25]],[[4330,9263],[-117,0],[-39,0]],[[4116,11157],[78,-2]],[[4194,11155],[-3,-256]],[[4191,10899],[-37,3],[-8,-1]],[[4514,11481],[79,-1]],[[4593,11480],[-3,-129],[-5,-228]],[[4585,11123],[-39,0]],[[4546,11123],[-38,0]],[[4508,11123],[6,358]],[[5909,10628],[-118,0],[-39,-1],[-39,3],[-75,1]],[[5638,10631],[1,83]],[[6634,5136],[-1,212]],[[2746,6119],[196,1]],[[1018,11236],[175,2]],[[1193,11238],[2,-168]],[[1335,11499],[1,-220]],[[1336,11240],[-22,0],[-122,71],[1,-73]],[[1616,10822],[0,-84],[1,-255],[7,0],[-1,-22]],[[1623,10461],[-123,-2]],[[1420,10457],[1,21],[-2,255],[0,85]],[[1659,10823],[120,2]],[[1779,10825],[0,-85],[-2,-212],[41,1],[-1,-63]],[[1659,10462],[-36,-1]],[[1779,10825],[198,3]],[[1977,10828],[-1,-169]],[[1976,10659],[0,-102]],[[1975,10471],[-35,-3],[-123,-2]],[[2293,10640],[3,190]],[[2464,10659],[-1,-42],[-1,-12]],[[2462,10605],[-34,-51],[-7,-16],[-6,-24],[0,-24]],[[2292,10490],[1,150]],[[1976,10659],[43,1],[123,0],[6,-15],[6,-24],[8,-11],[14,16],[12,8],[22,6],[12,1],[71,-1]],[[2152,10491],[-19,-1],[2,66],[-88,1]],[[1977,10828],[1,121]],[[2886,10657],[-1,-85]],[[2885,10572],[-249,2],[-66,1],[-1,-26],[-10,-18],[-97,74]],[[5023,10803],[48,0]],[[5071,10803],[-1,-84],[-1,-87]],[[4927,10633],[1,171],[95,-1]],[[1838,12206],[167,0]],[[2005,12206],[-12,-59],[-2,-32],[-3,-182]],[[1988,11933],[-80,2],[-11,-3],[-44,81]],[[1853,12013],[-18,34],[3,159]],[[1807,6449],[5,337]],[[3002,10486],[2,170]],[[3084,10655],[-3,-255]],[[3081,10400],[-80,0],[1,86]],[[3369,12529],[71,0]],[[3440,12529],[68,-90],[64,-82],[-26,1],[-1,-86]],[[3424,12359],[-55,170]],[[3665,4716],[154,0]],[[2960,12701],[39,1],[195,-2],[-2,-170]],[[2959,12531],[1,170]],[[2885,10572],[-1,-85]],[[2884,10487],[-246,3],[-32,1],[-19,-1],[-172,0]],[[2884,10487],[0,-86]],[[2884,10401],[-278,3],[-54,0]],[[2552,10404],[0,66],[-4,-1],[-49,0]],[[2884,10401],[-1,-84]],[[2605,10320],[-53,-1],[0,85]],[[3002,10486],[-80,1],[-1,-171]],[[3330,10399],[-1,-84]],[[3329,10315],[-171,0]],[[3158,10315],[3,339]],[[3555,10399],[-30,0],[-195,0]],[[3877,10907],[-1,-83]],[[3876,10824],[-179,0]],[[3697,10824],[-7,183],[-4,68],[0,23]],[[3876,10824],[-1,-85]],[[3875,10739],[-1,-85]],[[3704,10654],[-7,170]],[[3956,10905],[78,-2]],[[4191,10899],[-1,-50]],[[4190,10849],[0,-32]],[[4190,10817],[-314,7]],[[4190,10817],[-1,-85]],[[4189,10732],[-40,1],[-227,5],[-47,1]],[[4189,10732],[-1,-84]],[[3859,7858],[1,54],[1,76]],[[4545,7294],[-1,-73]],[[4544,7221],[-77,0],[-157,4]],[[4997,12590],[163,-3],[109,-1],[101,-3]],[[1656,6785],[-314,-2]],[[1154,13650],[7,-6]],[[1161,13644],[-12,-16],[-2,-13],[12,-23],[26,-31],[-5,-9]],[[1180,13552],[-193,-3],[-207,-2]],[[780,13547],[1,124],[43,1],[1,72],[103,1],[10,-15],[7,-19],[7,-14],[28,17],[30,29],[112,-126],[32,33]],[[465,13552],[49,9]],[[514,13561],[9,-26],[27,-46],[23,-32],[54,-58],[19,-26],[131,-142],[21,-20],[59,-67]],[[857,13144],[-15,-16],[-73,-1],[-169,-5],[-144,-3],[2,84],[-44,-1]],[[736,12871],[28,3]],[[764,12874],[-2,-336],[-1,-337],[-2,-25]],[[538,12174],[1,24],[-4,32],[-8,37],[15,7],[19,17],[1,11],[9,39],[2,28],[-5,28],[-8,20],[-5,25],[1,20],[32,180],[10,15],[70,66],[40,41],[14,24],[8,17],[5,19],[1,47]],[[764,12874],[229,2],[72,2],[42,5]],[[1107,12883],[54,-58],[67,-75],[163,-192]],[[1391,12558],[-1,-185],[-2,-37]],[[1388,12336],[-39,-78],[-8,-31],[0,-23]],[[1341,12204],[0,-23]],[[1341,12181],[-162,-1],[0,-8],[-135,-1],[0,7],[-21,1]],[[1107,12883],[25,0],[38,-5],[222,2]],[[1392,12880],[-1,-322]],[[1719,13852],[27,19],[15,9],[32,12],[32,5],[53,0]],[[1872,13559],[-155,-1]],[[1717,13558],[0,47],[-31,171],[-1,25],[5,17],[17,25],[12,9]],[[4839,8602],[226,-1],[24,-12],[73,0],[14,9],[4,-7],[33,38]],[[5295,8498],[-29,-43],[-45,-58],[0,-50],[20,-52],[25,-60]],[[4328,8266],[-1,-29],[-1,-19]],[[3863,9265],[44,-1],[108,0]],[[3958,11771],[24,-24],[12,4],[52,12]],[[4046,11763],[41,-119]],[[4087,11644],[4,-8],[27,-74],[26,-69]],[[4144,11493],[-21,1]],[[3957,11499],[4,248],[-3,24]],[[2525,7129],[-26,-80],[-24,-70]],[[2475,6979],[-35,-52],[-37,-35],[-25,-7],[-54,0],[-40,-2]],[[2284,6883],[4,244],[55,0]],[[1392,12880],[313,3],[62,0]],[[1767,12883],[12,-25],[11,-20],[11,-11],[30,-22],[12,-10],[20,-23],[-139,-140],[-9,-15],[-4,-18],[0,-57]],[[1711,12542],[-36,0]],[[1675,12542],[-196,1],[-13,-3],[-15,-8],[-18,-20],[-42,46]],[[2037,13899],[2,84],[1,45],[2,79]],[[2042,14107],[33,-29],[39,-28],[292,-202],[29,-21],[30,-27],[17,-17],[18,-21],[56,-73],[34,-45],[40,-53],[31,-41]],[[2500,13552],[-157,3],[-312,5]],[[2044,14237],[311,-6],[316,-3]],[[2671,14228],[-3,-103],[-3,-233]],[[2665,13892],[-4,-199],[-6,-53],[13,-7],[21,-24],[10,-16],[-1,-43]],[[2698,13550],[-37,0]],[[2042,14107],[2,130]],[[3005,14906],[-10,-335],[-3,-3]],[[2992,14568],[-77,-1],[1,26],[-2,17],[-6,20],[-9,13],[-17,17],[-93,61],[-14,-18],[-17,-5],[-47,2],[-27,2]],[[2684,14702],[5,201],[1,1]],[[2992,14568],[-8,-292],[6,-27],[1,-18]],[[2991,14231],[-17,-1]],[[2974,14230],[-123,120],[-138,136],[-34,33],[5,183]],[[2671,14228],[157,1]],[[2828,14229],[-1,-80],[-4,-210],[3,-25],[0,-24]],[[2826,13890],[-122,0],[-39,2]],[[3301,14230],[39,0],[-3,-170],[254,-2],[25,5],[12,-68],[80,-1]],[[3840,13543],[-105,2],[0,57],[-4,10],[-10,5],[-38,1]],[[3683,13618],[-31,-6],[-14,-8],[-12,-14]],[[3626,13590],[-168,165],[-139,136]],[[3319,13891],[-25,24],[7,315]],[[3483,13208],[114,-2]],[[3597,13206],[-4,-342]],[[3593,12864],[-116,1]],[[3477,12865],[6,343]],[[3407,13209],[-38,0]],[[3369,13209],[-128,1]],[[3241,13210],[-3,66],[1,49],[4,31],[40,-1],[27,8],[14,10],[26,26],[16,12],[27,13],[5,-31],[0,-49],[-1,-101],[10,-34]],[[2579,12873],[-87,2]],[[2492,12875],[3,169],[1,0],[0,84]],[[3158,10315],[-77,0]],[[3081,10315],[0,85]],[[1335,11499],[159,3]],[[1494,11502],[40,0],[79,2],[42,1]],[[6929,4086],[-9,-284],[-283,9],[-127,4]],[[6510,3815],[4,122],[4,93],[2,54]],[[1347,7120],[5,336]],[[5356,7129],[76,0],[40,-1],[-1,17]],[[5471,7145],[3,-3]],[[5524,7103],[61,-46]],[[5585,7057],[0,-80]],[[5585,6977],[-192,2]],[[5393,6979],[0,64],[-37,-1],[0,87]],[[4593,11480],[87,-1]],[[4680,11479],[-3,-102],[1,-14],[14,-42],[22,-71],[4,-19],[1,-23],[0,-87]],[[4719,11121],[-56,1]],[[4663,11122],[-78,1]],[[1716,13558],[1,0]],[[2031,13560],[-4,-9],[-3,-206]],[[2024,13345],[-20,-3],[-149,-39],[-143,-35]],[[2348,11935],[1,80],[2,83],[6,20],[10,10]],[[2367,12128],[240,-281]],[[2607,11847],[-60,0]],[[2386,11847],[-39,0]],[[2347,11847],[1,88]],[[3863,9339],[-3,59]],[[3860,9398],[1,63]],[[2492,12875],[-116,3]],[[2022,13222],[2,123]],[[2021,12881],[-74,2],[-46,0]],[[1901,12883],[0,22],[-25,0],[-11,19],[1,297],[-154,0],[0,47]],[[1901,12883],[-72,0]],[[1829,12883],[-68,86],[-59,78],[-145,168],[-8,11]],[[1829,12883],[-62,0]],[[1392,12880],[7,309]],[[2021,12881],[-2,-337]],[[2019,12544],[-47,0]],[[1972,12544],[-223,-1]],[[1749,12543],[-38,-1]],[[1972,12544],[0,-66],[4,-26],[-20,-18],[-45,-49],[-79,-82],[-18,-8],[-33,-1]],[[1781,12294],[0,46],[-5,35],[-33,0],[1,90],[5,78]],[[2019,12544],[-2,-279],[-12,-59]],[[1838,12206],[-57,0]],[[1781,12206],[0,88]],[[1653,12262],[31,29],[-10,12],[1,191],[0,48]],[[1781,12206],[-114,0]],[[1667,12206],[-43,-1]],[[1624,12205],[0,26],[29,31]],[[1388,12336],[-1,-47],[124,1],[1,71],[-19,21],[34,25],[126,-145]],[[1624,12205],[-194,0]],[[1430,12205],[-89,-1]],[[2296,12880],[-1,-84],[-1,-53],[23,-37],[15,-34],[3,-16],[-1,-117]],[[2334,12539],[-165,3],[-12,6],[-8,15]],[[2149,12563],[72,61],[-41,55],[1,47],[-2,18],[-4,12],[-11,19],[-17,19],[26,27],[4,14],[1,46]],[[2149,12563],[-19,-17]],[[2130,12546],[-15,-12],[-16,8],[-27,2],[-53,0]],[[6223,3401],[-7,-205]],[[5958,3197],[6,206]],[[5711,9938],[-85,67],[-2,3]],[[1235,7454],[117,2]],[[1651,6449],[5,336]],[[5390,6515],[38,-1],[119,0]],[[2806,12872],[155,0]],[[2961,12872],[-1,-171]],[[2960,12701],[-234,1]],[[2726,12702],[0,86],[2,84]],[[2687,12702],[39,0]],[[2959,12531],[-156,1]],[[2803,12532],[-117,1]],[[2686,12533],[1,169]],[[2493,12729],[46,-4],[12,4],[19,-2],[39,0],[26,-5],[34,-17],[18,-3]],[[2686,12533],[-39,0]],[[2647,12533],[-135,2]],[[2512,12535],[-23,1]],[[2489,12536],[4,193]],[[2493,12729],[0,101],[-1,45]],[[3276,12870],[51,0],[37,-4]],[[3364,12866],[37,0],[76,-1]],[[3477,12865],[-3,-166]],[[3474,12699],[-151,0],[-24,85],[-23,86]],[[2961,12872],[273,-2]],[[3234,12870],[42,0]],[[3474,12699],[-1,-85]],[[3473,12614],[-1,-86]],[[3472,12528],[-32,1]],[[3369,12529],[-97,1]],[[3593,12864],[115,-3],[32,7],[32,1],[49,-5],[88,-1]],[[3909,12863],[-7,-340]],[[3902,12523],[-238,4]],[[3664,12527],[3,169],[-38,0],[-39,2]],[[3590,12698],[3,166]],[[3473,12614],[76,0],[2,84],[39,0]],[[3664,12527],[-77,1],[-115,0]],[[3909,12863],[26,-1]],[[4712,12843],[-7,-14],[-14,-19],[-13,-27],[-7,-19],[-18,-27],[-8,-16],[-18,-30],[-12,-31],[-6,-38],[-4,-30],[3,-18],[1,-43],[8,-22],[-12,-16],[-19,-7],[-25,-18],[-37,5],[-17,-5],[-17,-16],[-7,-3],[-26,-27],[-29,-29]],[[4428,12393],[-11,15],[-18,56],[-9,80],[-11,42],[-23,23],[-21,6],[-23,0],[20,-102],[-131,3]],[[4201,12516],[-67,2]],[[4134,12518],[-7,0],[-58,19],[-27,4],[-23,-1],[-39,-8],[-49,-9],[-29,0]],[[4200,12178],[3,180],[0,116],[-2,42]],[[4428,12393],[-21,-23],[-10,-13],[-5,-12],[0,-12],[4,-18],[13,-16],[8,-5],[54,-11],[26,-13],[11,-7],[27,-25],[8,-22],[3,-51],[2,-46],[8,-25],[24,-23],[-1,-82],[-112,5],[49,-124]],[[4516,11870],[-20,9]],[[4496,11879],[-42,115]],[[4454,11994],[-43,108],[-18,48],[-23,124],[-7,0],[-149,2],[-1,-99],[-2,-132]],[[4211,12045],[-11,7],[0,126]],[[4454,11994],[-184,8],[-8,19],[-51,24]],[[3900,12363],[156,-2]],[[4056,12361],[-2,-113],[0,-68],[146,-2]],[[4496,11879],[-62,30],[-61,28],[-45,21],[-113,53],[-15,9],[-184,86]],[[4016,12106],[-111,52]],[[3905,12158],[-9,25],[4,180]],[[4056,12361],[75,-1],[2,117],[1,41]],[[3901,12457],[1,66]],[[3900,12363],[1,94]],[[3905,12158],[28,-80]],[[3933,12078],[-40,-21],[1,32],[-159,2],[2,95],[-19,0]],[[3718,12186],[1,30],[4,12],[19,16],[13,17],[5,19],[-1,49],[1,24],[-4,42],[5,15],[7,7],[37,27],[16,9],[18,5],[30,-1],[32,0]],[[3582,12188],[136,-2]],[[3933,12078],[56,-153]],[[3989,11925],[-52,1],[-13,86],[-31,1]],[[3695,12014],[-9,-6],[-9,4],[-26,-9],[-8,7],[-17,3],[-51,-3]],[[3527,12010],[24,-85]],[[3551,11925],[-295,1]],[[3256,11926],[3,168]],[[3254,11854],[2,72]],[[3551,11925],[24,-83],[-1,-29],[-40,0]],[[3534,11813],[-56,0],[-57,5]],[[3421,11818],[-89,9],[-79,1]],[[3253,11828],[1,26]],[[3254,11854],[-118,1],[5,294],[7,28],[1,12]],[[2942,11938],[4,218],[6,34]],[[3253,11828],[-63,1],[-38,0],[-64,0]],[[3088,11829],[-37,15],[-73,1],[-37,0]],[[2941,11845],[1,93]],[[2952,12190],[-153,1]],[[2799,12191],[2,171],[1,87],[1,83]],[[2799,12191],[-123,1],[-39,1]],[[2637,12193],[6,44],[4,296]],[[2637,12193],[1,-1]],[[2638,12192],[-102,3]],[[2536,12195],[-29,63],[-2,13],[1,57],[3,90],[3,117]],[[2412,12537],[77,-1]],[[2536,12195],[-106,3]],[[2430,12198],[-23,0]],[[2407,12198],[3,236],[2,103]],[[2334,12539],[78,-2]],[[2407,12198],[-41,1]],[[2366,12199],[-40,45],[-34,50],[-9,19],[-14,39],[-8,16],[-34,40],[-22,26],[-38,45],[-15,25],[-22,42]],[[2366,12199],[-178,4]],[[2188,12203],[-82,1]],[[2106,12204],[-101,2]],[[2942,11938],[-41,10],[-38,6],[-59,1],[-18,2],[-23,6],[-15,6],[-37,24],[-38,12],[-43,2]],[[2630,12007],[1,138],[7,47]],[[2628,11847],[2,160]],[[2941,11845],[-224,1],[-35,1],[-21,-13],[-18,-4],[-15,0]],[[2628,11830],[0,17]],[[2367,12128],[62,60],[1,10]],[[2628,11847],[-21,0]],[[2348,11935],[-39,1],[-121,-1],[-1,177],[0,83],[1,8]],[[2347,11847],[-119,-1]],[[2228,11846],[-117,-1]],[[2111,11845],[-3,169],[40,0],[-1,98],[-40,1],[-2,83],[1,8]],[[1986,11845],[2,88]],[[1662,11939],[74,2],[80,52],[2,-4],[35,24]],[[1986,11845],[-284,-5]],[[1702,11840],[-42,-1]],[[1660,11839],[2,100]],[[1664,12009],[3,197]],[[1662,11939],[2,70]],[[1664,12009],[-124,-2],[-26,-4],[-24,-13],[-43,-36]],[[1447,11954],[-52,69],[34,30],[1,152]],[[1447,11954],[13,-16],[14,-11],[-6,-11],[-5,-21],[-1,-17],[37,1],[0,-42]],[[1499,11837],[-162,-3]],[[1337,11834],[4,347]],[[1660,11839],[-161,-2]],[[1696,11506],[2,176],[1,8],[8,14],[-7,24],[2,112]],[[1494,11502],[2,113],[4,21],[8,14],[-9,15],[-2,12],[2,160]],[[1335,11519],[2,315]],[[2228,11846],[0,-336]],[[2941,11845],[-6,-337]],[[2935,11508],[-1,-90]],[[2934,11418],[-118,2],[-18,11],[-18,16],[-24,11],[-15,2]],[[2741,11460],[0,44],[-77,1],[0,6],[-40,1],[4,318]],[[2934,11418],[-4,-253]],[[3059,11265],[143,144],[5,3],[1,45],[2,37],[-5,11]],[[3205,11505],[48,-1]],[[3253,11504],[-4,-93],[-3,-249]],[[3130,11163],[-1,13],[-9,19],[-61,70]],[[3048,11506],[74,0],[83,-1]],[[3059,11265],[-60,69],[-26,-1],[1,76],[66,67],[8,7],[0,23]],[[2935,11508],[74,-1]],[[3009,11507],[39,-1]],[[3407,11505],[119,1]],[[3526,11506],[40,0]],[[3565,11322],[-159,0]],[[3406,11322],[1,85],[0,98]],[[3375,11162],[1,160],[30,0]],[[3253,11504],[154,1]],[[3088,11829],[-2,-158]],[[3086,11671],[-74,1],[-3,-165]],[[3253,11828],[0,-81],[-1,-79]],[[3252,11668],[-5,2],[-161,1]],[[3252,11668],[-1,-85],[2,-79]],[[3889,11750],[-4,-249]],[[3526,11506],[1,31],[-4,21],[-11,18],[-33,25],[-11,14],[-36,56],[96,0],[4,85],[2,57]],[[3407,11505],[2,81],[2,114],[8,7],[2,111]],[[3989,11925],[28,-85],[15,-37],[14,-40]],[[3958,11771],[-67,67]],[[4496,11879],[23,-55],[3,-10],[31,-75],[23,-57],[-57,3]],[[4519,11685],[-78,2]],[[4441,11687],[3,138],[-233,8],[-51,2],[1,10],[2,147],[-37,17]],[[4126,12009],[-111,52],[1,45]],[[4516,11870],[3,-7],[48,-23],[-39,0],[35,-90],[15,0],[0,-28],[95,-1]],[[4829,11628],[-2,-150]],[[4827,11478],[-147,1]],[[4514,11481],[5,204]],[[4514,11481],[-78,3]],[[4436,11484],[-79,2]],[[4357,11486],[4,204],[80,-3]],[[4126,12009],[-3,-173],[5,-84],[-1,-46]],[[4127,11706],[-2,-104],[-38,42]],[[4194,11155],[76,-2]],[[4270,11153],[9,-23]],[[4279,11130],[48,-128],[9,-51],[91,-2]],[[4427,10949],[78,-2],[-1,-9],[39,0]],[[4543,10938],[78,-1]],[[4621,10937],[-2,-129]],[[4389,10731],[-21,-4],[-46,0],[-30,3],[-102,119]],[[4621,10937],[39,-1]],[[4660,10936],[177,-3]],[[4837,10933],[-3,-123],[1,-5]],[[4719,11121],[58,0],[12,4]],[[4882,10933],[-45,0]],[[4660,10936],[3,186]],[[4543,10938],[2,58],[1,127]],[[4430,11125],[78,-2]],[[4427,10949],[3,176]],[[5427,11472],[11,-15],[11,-18],[31,-27],[26,-27],[34,-24],[15,-14],[5,-8],[16,-14],[14,-24],[13,-40],[2,-16],[8,-23],[10,-31],[5,-12],[7,-43]],[[5635,11136],[-18,-2]],[[5617,11134],[-11,0],[-119,3],[-39,0],[-117,2]],[[5331,11139],[-119,1]],[[5212,11140],[-78,1]],[[5134,11141],[0,25]],[[5134,11166],[2,66],[4,243],[2,105],[-19,-1]],[[4824,11302],[39,-1],[163,-1],[22,-1],[32,-47],[41,-64],[13,-22]],[[5134,11141],[-105,1]],[[4820,11143],[4,159]],[[4824,11302],[3,176]],[[4430,11125],[5,268],[1,91]],[[4430,11125],[-116,4]],[[4314,11129],[2,138],[38,-2],[2,122],[1,99]],[[4281,11489],[76,-3]],[[4314,11129],[-35,1]],[[4270,11153],[7,0],[4,301],[0,35]],[[4199,11491],[82,-2]],[[4194,11155],[5,336]],[[4144,11493],[55,-2]],[[5130,10932],[4,209]],[[5212,11140],[4,-84],[-6,-13],[-3,-156]],[[5207,10887],[-78,0],[1,45]],[[5130,10932],[-105,0]],[[5205,10802],[-134,1]],[[5023,10803],[2,129]],[[5205,10718],[-1,-84]],[[5441,10716],[-1,-81]],[[5617,11134],[0,-36],[-9,-36],[-13,-63],[-12,-46],[4,-41],[10,-57],[4,-53],[1,-29],[-6,-79],[-11,-62]],[[5325,10886],[6,253]],[[5760,11135],[79,0]],[[5913,10937],[-117,0],[1,84],[-39,-1],[-108,1]],[[5650,11021],[18,94],[92,-1],[0,21]],[[5754,10797],[3,138],[-39,2],[-75,0],[2,55],[5,29]],[[5635,11136],[125,-1]],[[5638,10631],[-53,1]],[[5903,7087],[-126,-102],[0,-21]],[[5777,6964],[-76,19],[-22,6],[-23,14],[-71,54]],[[5894,6781],[-23,63],[-88,115],[-6,5]],[[5583,6786],[2,191]],[[5548,6786],[-80,1]],[[5468,6787],[2,65],[0,63],[-78,1],[1,63]],[[5157,7108],[79,1],[0,19],[120,1]],[[5468,6787],[-77,1]],[[5231,6788],[2,159],[-78,0],[2,161]],[[5034,7108],[42,0],[81,0]],[[5076,6787],[0,80],[0,32],[-50,141],[-7,20]],[[4770,6958],[3,169]],[[4773,7127],[0,34]],[[4773,7161],[8,-5],[7,-11],[7,-21],[20,-14],[21,-4],[19,5],[14,-1],[11,3],[40,19],[12,8],[26,23],[12,13],[6,12]],[[5070,6240],[-157,0],[1,127],[-37,0],[1,84],[-1,26],[-5,33],[-57,-21],[-26,-7],[-26,-5]],[[4545,7294],[225,0],[5,-2]],[[4775,7292],[-1,-71]],[[4774,7221],[-230,0]],[[4774,7221],[-1,-60]],[[4773,7127],[-39,-2],[-191,-1]],[[4543,7124],[1,97]],[[4540,6957],[2,104],[1,63]],[[4543,7124],[-77,0],[-158,4]],[[3223,6668],[2,122]],[[3225,6790],[155,3]],[[3380,6793],[-1,-89],[-3,-246],[156,0]],[[2910,6793],[276,-3]],[[3186,6790],[39,0]],[[2917,7297],[12,-8],[9,-15],[-1,-42],[-4,-21],[-13,-30],[-5,-23],[0,-29]],[[2915,7129],[-2,-167]],[[2913,6962],[-50,0],[-24,-7],[-5,25],[-8,32],[-8,26],[-21,-9],[-18,-4],[-23,0]],[[2756,7025],[1,104],[-156,1],[-76,-1]],[[2597,6836],[31,0],[8,2],[11,12],[30,68],[4,19],[0,25],[35,-6],[39,-15],[1,84]],[[2913,6962],[-3,-169]],[[2596,6793],[1,43]],[[2597,6836],[2,126],[-78,-1],[-12,3],[-34,15]],[[2146,6883],[59,0],[39,1],[40,-1]],[[3847,7140],[1,171]],[[3535,6966],[1,92],[-10,28]],[[3526,7086],[-12,25],[-6,30],[1,28],[26,142],[2,37]],[[3526,7086],[-82,-64],[-147,-131],[-72,-67]],[[3225,6824],[1,137]],[[3226,6961],[1,85]],[[3227,7046],[1,166],[-23,-4],[-28,-11],[-12,51],[-9,14],[-9,2],[-18,0],[-25,6],[6,18],[-2,18],[-10,14],[-27,21],[-14,2],[-69,-39],[-11,18],[-13,12],[-11,7],[-17,5],[-19,-1]],[[3186,6790],[39,34]],[[3535,6795],[-155,-2]],[[2913,6962],[275,-1],[38,0]],[[2915,7129],[196,0],[-1,-84],[78,0],[39,1]],[[4776,7389],[-1,-97]],[[5195,7541],[42,-75]],[[5237,7466],[47,-84]],[[5284,7382],[-168,-1],[0,15],[-30,1]],[[5284,7382],[44,-77]],[[5328,7305],[-72,-32],[-38,0],[0,24],[-36,0]],[[5182,7297],[-86,-1],[-14,1]],[[5328,7305],[34,-60],[16,-25],[34,-26],[59,-49]],[[5157,7108],[-10,19],[1,53],[34,0],[0,117]],[[5237,7466],[237,2],[34,0],[22,-102],[12,-45],[9,-33],[12,-35],[1,-21],[7,-32]],[[135,12758],[50,5],[99,2],[167,4],[22,1],[31,6],[31,8],[35,14],[21,10],[80,44],[28,11],[37,8]],[[124,12170],[2,86],[5,272],[0,72],[4,158]],[[857,13144],[25,-26]],[[882,13118],[46,-48]],[[928,13070],[152,-161],[27,-26]],[[135,12758],[2,23],[1,86],[-1,151],[0,94]],[[882,13118],[29,28],[85,93],[18,22],[54,68],[49,64],[42,102],[21,57]],[[1180,13552],[226,4]],[[1399,13189],[-315,-80],[-148,-37],[-8,-2]],[[1406,13556],[4,337],[72,1],[26,-6],[12,-6],[57,-32],[27,-6],[21,4],[16,9],[48,38],[30,-43]],[[2974,14230],[-146,-1]],[[1161,13644],[21,19],[6,-1],[22,-20],[14,1],[15,32],[3,12],[13,44],[15,63],[8,72],[3,14],[4,46],[6,42],[13,54],[5,24],[4,32],[12,41],[14,26],[32,48],[8,17],[5,22]],[[1384,14232],[30,0]],[[813,15522],[42,-17],[33,-54],[99,-160],[110,-175],[20,-34],[31,-61],[28,-64],[21,-54]],[[1197,14903],[-142,-2],[-186,-2],[-64,-3]],[[1132,15573],[178,3]],[[1310,15576],[131,1]],[[1436,14907],[-239,-4]],[[813,15522],[2,50],[20,5],[215,-3],[24,-3],[58,2]],[[1384,14232],[-247,-7],[-36,-3],[0,2],[-369,-3],[-36,-6],[-26,-9],[-52,-24]],[[618,14182],[-32,-15],[-42,-12],[-45,0],[-23,1]],[[175,14203],[-3,32],[3,119],[6,255],[1,36],[-3,45],[-1,55],[1,131]],[[514,13561],[34,2],[35,-4],[32,-10],[22,-4],[28,-2],[115,4]],[[1345,15838],[-7,-17],[-28,-32],[-6,-17],[-3,-113],[1,-12],[7,-18],[2,-14],[-1,-39]],[[1132,15573],[-1,27],[1,34],[14,25],[29,22],[-6,15],[-4,17],[-1,15],[1,47],[2,12],[13,20],[-11,22],[-2,11],[0,34],[28,-2],[23,-6],[65,-19],[37,-3],[25,-6]],[[1154,13650],[-32,39],[-94,106],[-75,82],[-33,39],[-49,53],[-46,41],[-41,34],[-79,60],[-39,30],[-48,48]],[[3534,14904],[231,-3]],[[3765,14901],[137,-154]],[[3301,14230],[9,338],[224,-2],[19,0],[-88,300],[68,-1],[1,39]],[[2698,13550],[219,0],[240,0],[128,0],[119,-2],[126,0],[44,1],[14,7],[18,14],[20,20]],[[3683,13618],[12,-72],[18,-120],[5,-59],[7,-108],[6,-54],[-134,1]],[[3483,13208],[-76,1]],[[3241,13210],[5,-19],[19,-30],[9,-25],[2,-10],[-6,-80],[-2,-22],[-8,-25],[-18,-76],[-6,-31],[-2,-22]],[[3369,13209],[-5,-343]],[[3608,15606],[6,20],[5,23],[1,24],[0,72],[-5,15],[-22,38],[-10,13],[-21,36],[-7,18],[-9,16],[0,15],[-8,6],[-9,20],[-5,26],[-6,13],[-32,36],[-24,34],[-11,24],[-6,18],[-1,51],[1,23],[4,26],[6,17],[14,25],[12,29],[17,21]],[[3498,16265],[160,-2],[312,-5],[311,-3],[310,-2]],[[3765,14901],[-64,77],[-74,93],[2,3],[-51,63],[-20,21],[-25,17],[-65,34],[-15,12],[-18,25],[-6,16],[-14,68],[-16,61]],[[3399,15391],[-10,35],[98,-1],[1,18],[9,31],[9,21],[9,31],[13,15],[20,18],[14,9],[17,5],[20,16],[9,17]],[[406,8093],[-1,675]],[[85,8092],[3,253],[-1,17],[2,59],[1,20],[3,257],[0,67]],[[6223,3401],[53,0],[74,-2]],[[5949,2861],[2,72]],[[6929,4086],[148,4],[222,1]],[[6496,3395],[0,56],[5,130],[7,196],[2,38]],[[6954,4760],[-3,174]],[[3820,4771],[6,337]],[[1329,5773],[-3,-209]],[[1325,5553],[-103,-11],[-33,0],[-29,4],[-69,15],[-40,10],[-15,1],[-15,-2],[-15,-9],[-26,-22],[-29,-41],[-56,-72],[-50,-55],[-116,-131],[-19,-23],[-7,-16],[-8,-42],[0,-37]],[[21,5120],[1,316]],[[4595,2078],[0,-10],[5,-20],[12,-8],[4,-23],[6,-14],[-8,-24],[-7,-32],[0,-9],[5,-30],[4,-28],[0,-26],[-10,-12],[-26,-40],[-15,-22],[2,-10],[15,-13],[9,-18],[5,-18],[-7,-23],[-6,-31],[2,-21],[5,-12],[18,-35],[27,-25],[0,-17],[9,-10],[2,-11],[-4,-12],[1,-19],[6,-10],[5,-28],[-4,-18],[4,-7],[13,-3],[14,-16],[7,-11],[-13,0],[-8,-13]],[[4667,1399],[-319,9],[-28,0],[-123,3]],[[4197,1411],[5,170],[12,508]],[[4719,2074],[-1,-8],[-2,-42],[-7,-23],[-30,-36],[-7,-21],[-2,-75],[1,-19],[3,-11],[18,-16],[12,-5],[35,1],[36,-2],[-1,-80],[66,1],[2,4],[2,73],[-3,10],[-14,18],[2,59],[151,-5]],[[4966,1390],[-299,9]],[[1446,15803],[-35,8],[-31,15],[-35,12]],[[207,16154],[1,97],[207,2],[99,1],[315,5],[195,5],[120,1],[317,4]],[[7912,8],[-54,-1],[-162,-2],[-448,-5],[-104,0],[-281,8]],[[6863,8],[-6,8],[-28,53],[-10,28],[-10,48],[-1,31],[3,26],[4,21],[15,58],[7,36],[3,30],[2,43],[-3,111],[3,184],[-464,8],[-186,4],[-308,3],[-116,3]],[[5768,703],[-11,118],[-14,173],[-4,47],[-13,146],[-13,156],[-2,36]],[[3011,15244],[322,-1],[14,41],[45,91],[7,16]],[[3534,14904],[-212,2],[-317,0]],[[3860,9398],[-312,1]],[[5056,8778],[-10,6],[-18,34],[8,44],[9,82]],[[2717,16271],[387,-3],[223,-2]],[[3327,16266],[5,-12],[5,-29],[1,-23],[1,-72],[0,-124],[1,-19],[1,-68],[6,-42],[14,-44],[7,-15],[19,-46],[10,-31],[13,-53],[8,-71]],[[3418,15617],[-86,0],[-49,-11],[-45,-11],[-42,-8],[-42,-5],[-28,-1],[-111,0]],[[3327,16266],[171,-1]],[[3608,15606],[-54,8],[-32,2],[-104,1]],[[6318,4081],[160,3]],[[6478,4084],[1,-18],[6,-25],[-6,-165],[-5,-12],[-8,-3],[-37,1],[-11,5],[-3,7],[0,24],[-39,2],[-45,20],[-19,5],[-18,1]],[[3301,14230],[-216,0],[-94,1]],[[749,3767],[85,0],[154,0],[0,70],[-1,92],[-1,10],[-1,69]],[[1783,3436],[-234,0],[-253,0],[-181,-1],[-30,-6],[-23,-7],[-23,-10],[-15,-10],[-44,-32],[-29,-16],[-39,-15],[-23,-5],[-23,-2],[-25,0],[-38,7]],[[3319,13891],[-25,0],[-290,-1],[-178,0]],[[1337,11834],[-87,0],[-9,-2]],[[4281,11489],[3,87],[3,124],[-84,3],[-76,3]],[[1009,2177],[33,25],[37,31],[35,35],[17,25],[18,32],[10,25],[16,46],[9,28],[116,1],[240,1],[364,0]],[[1904,2426],[-5,-336]],[[3750,1418],[284,-4],[163,-3]],[[4966,1390],[-8,-335],[-8,-338]],[[4950,717],[-2,-337],[-1,-205],[-5,-61],[-11,-51],[-5,-35]],[[4926,28],[-304,9],[-92,5],[-199,0],[-101,4],[-388,17],[-80,3],[-32,0]],[[4950,717],[313,-5],[311,-6]],[[5574,706],[-4,-423],[-6,-9],[0,-60],[-1,-51],[6,0],[-1,-112],[-2,-21]],[[5566,30],[-296,3],[-161,-1],[-63,1],[-111,-5],[-9,0]],[[5768,703],[-194,3]],[[6863,8],[-381,7],[-662,11],[-196,4],[-58,0]],[[6520,4084],[-42,0]],[[2367,4656],[1,-22],[-6,-32],[5,-43],[7,-16],[14,-23],[4,-17],[16,-34],[7,-23],[10,-14],[9,-16],[11,-8],[14,-12],[37,-6],[12,-6]],[[5680,3404],[19,164],[21,177],[-6,-4]],[[5754,4082],[204,0]],[[5605,2731],[5,74],[6,64],[7,52],[4,39],[5,41],[17,141],[12,100],[19,162]],[[5006,2739],[12,377],[9,296],[318,-5],[335,-3]],[[1329,5773],[156,1]],[[1485,5774],[156,1]],[[4091,3658],[-6,-212],[-292,2]],[[1899,2090],[28,-1],[27,-11],[28,-22],[26,-23],[11,-7],[20,-8],[28,-1],[46,0],[96,-3],[-11,-598]],[[972,2954],[5,1],[68,-4],[16,-3],[29,-13],[147,-99],[36,-24],[37,-13],[27,-17]],[[1908,2763],[-4,-337]],[[1505,6110],[0,-21],[3,-15],[7,-25],[1,-37],[6,-8],[-2,-15],[-8,-6],[-26,-1],[-1,-80],[2,0],[-2,-128]]],"transform":{"scale":[0.000031645254135433556,0.000021536532907269418],"translate":[-88.069947,42.842117]},"objects":{"Geometry\\55-079":{"type":"GeometryCollection","geometries":[{"arcs":[[0,1,2,3,4]],"type":"Polygon","properties":{"GEOID":"550791010003"}},{"arcs":[[5,6,7,8,9,10]],"type":"Polygon","properties":{"GEOID":"550790028002"}},{"arcs":[[11,12,13,14,15]],"type":"Polygon","properties":{"GEOID":"550790071002"}},{"arcs":[[16,17,18,19,20]],"type":"Polygon","properties":{"GEOID":"550790122003"}},{"arcs":[[21,22,23,24,25,26,27,28,29,30]],"type":"Polygon","properties":{"GEOID":"550790803002"}},{"arcs":[[31,32,33]],"type":"Polygon","properties":{"GEOID":"550791016005"}},{"arcs":[[34,35,36,37,38,39]],"type":"Polygon","properties":{"GEOID":"550790074001"}},{"arcs":[[40,41,42,43,44,45,46,47,48,49,50]],"type":"Polygon","properties":{"GEOID":"550791868001"}},{"arcs":[[51,52,53,54]],"type":"Polygon","properties":{"GEOID":"550791863002"}},{"arcs":[[55,56,57,58,59]],"type":"Polygon","properties":{"GEOID":"550791870003"}},{"arcs":[[60,61,62,63,64,65,66]],"type":"Polygon","properties":{"GEOID":"550791857001"}},{"arcs":[[67,68,69,70]],"type":"Polygon","properties":{"GEOID":"550791855002"}},{"arcs":[[71,-70,72,73,74,75,76]],"type":"Polygon","properties":{"GEOID":"550791859001"}},{"arcs":[[77,78,79,80]],"type":"Polygon","properties":{"GEOID":"550791854002"}},{"arcs":[[81,82,83,-73]],"type":"Polygon","properties":{"GEOID":"550791860001"}},{"arcs":[[84,85,86,87,88,89]],"type":"Polygon","properties":{"GEOID":"550790181001"}},{"arcs":[[90,91,92,93,94,95,96,97,98,99]],"type":"Polygon","properties":{"GEOID":"550791866001"}},{"arcs":[[100,101,102,103]],"type":"Polygon","properties":{"GEOID":"550791872002"}},{"arcs":[[104,105,106,107,108,109,110,111,112]],"type":"Polygon","properties":{"GEOID":"550791853001"}},{"arcs":[[113,114,115,116]],"type":"Polygon","properties":{"GEOID":"550791861002"}},{"arcs":[[117,118,119,120]],"type":"Polygon","properties":{"GEOID":"550790910003"}},{"arcs":[[121,-47,122,123,124,125,126,127]],"type":"Polygon","properties":{"GEOID":"550791865002"}},{"arcs":[[128,129,130,131,-88]],"type":"Polygon","properties":{"GEOID":"550790182002"}},{"arcs":[[132,-130,133,134,135,136,137]],"type":"Polygon","properties":{"GEOID":"550790208004"}},{"arcs":[[138,139,-135,140,141,142,143,144,145]],"type":"Polygon","properties":{"GEOID":"550791851002"}},{"arcs":[[146,147,148,149,150]],"type":"Polygon","properties":{"GEOID":"550791602031"}},{"arcs":[[151,152,153]],"type":"Polygon","properties":{"GEOID":"550790301001"}},{"arcs":[[154,155,156,157,158,159]],"type":"Polygon","properties":{"GEOID":"550791602023"}},{"arcs":[[160,161,162,163,-157,164,165,166,-141,-134,-129,-87,167,168,169,-24,170]],"type":"Polygon","properties":{"GEOID":"550799900000"}},{"arcs":[[171,172,173,174]],"type":"Polygon","properties":{"GEOID":"550790001021"}},{"arcs":[[175,176,177,-172,178]],"type":"Polygon","properties":{"GEOID":"550790001012"}},{"arcs":[[179,180,-177,181]],"type":"Polygon","properties":{"GEOID":"550790001011"}},{"arcs":[[-181,182,183,184,-178]],"type":"Polygon","properties":{"GEOID":"550790001013"}},{"arcs":[[185,186,187]],"type":"Polygon","properties":{"GEOID":"550790601011"}},{"arcs":[[188,189,190,191,192,193,194]],"type":"Polygon","properties":{"GEOID":"550790034004"}},{"arcs":[[195,196,197,198]],"type":"Polygon","properties":{"GEOID":"550790076002"}},{"arcs":[[199,200,201,202,-165,-156,203,204]],"type":"Polygon","properties":{"GEOID":"550791707002"}},{"arcs":[[-3,205,206,207,208,209,210,211]],"type":"Polygon","properties":{"GEOID":"550791201021"}},{"arcs":[[212,213,214,215,216,217]],"type":"Polygon","properties":{"GEOID":"550791202011"}},{"arcs":[[-216,218,219,220,221,222,223]],"type":"Polygon","properties":{"GEOID":"550791202021"}},{"arcs":[[224,225,226,-220]],"type":"Polygon","properties":{"GEOID":"550791202022"}},{"arcs":[[227,228,229,230,231,232,233,234,235]],"type":"Polygon","properties":{"GEOID":"550790201001"}},{"arcs":[[236,-236,237,238,239]],"type":"Polygon","properties":{"GEOID":"550790201002"}},{"arcs":[[240,241,242,243,244]],"type":"Polygon","properties":{"GEOID":"550790501013"}},{"arcs":[[245,246,-217,-224,247,248,249]],"type":"Polygon","properties":{"GEOID":"550791202031"}},{"arcs":[[250,-101,251,252]],"type":"Polygon","properties":{"GEOID":"550791501003"}},{"arcs":[[-103,253,254,255,256]],"type":"Polygon","properties":{"GEOID":"550791873002"}},{"arcs":[[-256,257,258,259,260]],"type":"Polygon","properties":{"GEOID":"550791873003"}},{"arcs":[[-255,261,-151,262,-258]],"type":"Polygon","properties":{"GEOID":"550791873001"}},{"arcs":[[263,264,265,266,267,268,269]],"type":"Polygon","properties":{"GEOID":"550791503011"}},{"arcs":[[270,271,272]],"type":"Polygon","properties":{"GEOID":"550791703003"}},{"arcs":[[273,274,-204,-155,275]],"type":"Polygon","properties":{"GEOID":"550791705001"}},{"arcs":[[276,277,278,279,280,281]],"type":"Polygon","properties":{"GEOID":"550791706001"}},{"arcs":[[282,-281,283,-200,284,-274,285,286,287]],"type":"Polygon","properties":{"GEOID":"550791706002"}},{"arcs":[[288,289,290,291,292,293,294,295]],"type":"Polygon","properties":{"GEOID":"550790601012"}},{"arcs":[[296,297,298,-295,299,300,301,302,-187]],"type":"Polygon","properties":{"GEOID":"550790601013"}},{"arcs":[[303,304,305,306,-260,307,308]],"type":"Polygon","properties":{"GEOID":"550791872001"}},{"arcs":[[309,310,311,312,313,314]],"type":"Polygon","properties":{"GEOID":"550791602032"}},{"arcs":[[315,316,-277,317,318]],"type":"Polygon","properties":{"GEOID":"550791706004"}},{"arcs":[[-280,319,-201,-284]],"type":"Polygon","properties":{"GEOID":"550791707003"}},{"arcs":[[320,-202,-320,-279]],"type":"Polygon","properties":{"GEOID":"550791707001"}},{"arcs":[[-143,321,322,323,324]],"type":"Polygon","properties":{"GEOID":"550791801001"}},{"arcs":[[-323,325,326,327,328]],"type":"Polygon","properties":{"GEOID":"550791802001"}},{"arcs":[[-327,329,330,331]],"type":"Polygon","properties":{"GEOID":"550791802002"}},{"arcs":[[332,-332,333]],"type":"Polygon","properties":{"GEOID":"550791802003"}},{"arcs":[[334,335,336,337,338,339]],"type":"Polygon","properties":{"GEOID":"550791803002"}},{"arcs":[[340,341,342,343]],"type":"Polygon","properties":{"GEOID":"550791804001"}},{"arcs":[[-343,344,345,346]],"type":"Polygon","properties":{"GEOID":"550791804002"}},{"arcs":[[347,348,-228,-237,349]],"type":"Polygon","properties":{"GEOID":"550790201003"}},{"arcs":[[350,351,352,353]],"type":"Polygon","properties":{"GEOID":"550790202002"}},{"arcs":[[-239,354,-354,355,356]],"type":"Polygon","properties":{"GEOID":"550790202003"}},{"arcs":[[357,-234,358,359,360,-352]],"type":"Polygon","properties":{"GEOID":"550790203002"}},{"arcs":[[361,362,363,364,-232]],"type":"Polygon","properties":{"GEOID":"550790204001"}},{"arcs":[[-363,365,366,367,368,369]],"type":"Polygon","properties":{"GEOID":"550790205001"}},{"arcs":[[370,-369,371,372,373,374]],"type":"Polygon","properties":{"GEOID":"550790205003"}},{"arcs":[[375,376,377,378,379,380]],"type":"Polygon","properties":{"GEOID":"550790206001"}},{"arcs":[[381,382,383,384,-379]],"type":"Polygon","properties":{"GEOID":"550790206002"}},{"arcs":[[-298,385,386,387]],"type":"Polygon","properties":{"GEOID":"550790601022"}},{"arcs":[[-301,388,389,390]],"type":"Polygon","properties":{"GEOID":"550790602003"}},{"arcs":[[-302,-391,391,392]],"type":"Polygon","properties":{"GEOID":"550790602004"}},{"arcs":[[-293,393,394,395,396]],"type":"Polygon","properties":{"GEOID":"550790701001"}},{"arcs":[[397,-314,398,399,400,401,402]],"type":"Polygon","properties":{"GEOID":"550791602021"}},{"arcs":[[403,404]],"type":"Polygon","properties":{"GEOID":"550791852003"}},{"arcs":[[405,406,407,-405,-337,408]],"type":"Polygon","properties":{"GEOID":"550791852004"}},{"arcs":[[409,410,-409,-336,411,412,413]],"type":"Polygon","properties":{"GEOID":"550791852002"}},{"arcs":[[414,415,416,417,418]],"type":"Polygon","properties":{"GEOID":"550790110001"}},{"arcs":[[419,420,421,422]],"type":"Polygon","properties":{"GEOID":"550790195001"}},{"arcs":[[423,-423,424,425,426,427,-209]],"type":"Polygon","properties":{"GEOID":"550790195002"}},{"arcs":[[428,429,430,431,432]],"type":"Polygon","properties":{"GEOID":"550790196001"}},{"arcs":[[433,434,435,-420,-424,-208]],"type":"Polygon","properties":{"GEOID":"550790194002"}},{"arcs":[[436,-433,437,438,439]],"type":"Polygon","properties":{"GEOID":"550790196002"}},{"arcs":[[440,441,442,443]],"type":"Polygon","properties":{"GEOID":"550790701004"}},{"arcs":[[444,445,446,-395]],"type":"Polygon","properties":{"GEOID":"550790702001"}},{"arcs":[[447,448,449]],"type":"Polygon","properties":{"GEOID":"550790702005"}},{"arcs":[[-449,450,-22,451,452,453]],"type":"Polygon","properties":{"GEOID":"550790702004"}},{"arcs":[[-453,454,455,456,457]],"type":"Polygon","properties":{"GEOID":"550790702002"}},{"arcs":[[458,-450,-454,-458,459,460]],"type":"Polygon","properties":{"GEOID":"550790703002"}},{"arcs":[[461,462,-461,463,464,465]],"type":"Polygon","properties":{"GEOID":"550790703003"}},{"arcs":[[-318,-282,-283,466]],"type":"Polygon","properties":{"GEOID":"550791706003"}},{"arcs":[[467,468,-344,-347,469,470]],"type":"Polygon","properties":{"GEOID":"550791804003"}},{"arcs":[[471,472,473,474,-230,475]],"type":"Polygon","properties":{"GEOID":"550790188001"}},{"arcs":[[476,-33,477,478,479,480]],"type":"Polygon","properties":{"GEOID":"550790193001"}},{"arcs":[[-438,-432,481,482,483]],"type":"Polygon","properties":{"GEOID":"550790197001"}},{"arcs":[[-439,-484,484,-219,485]],"type":"Polygon","properties":{"GEOID":"550790197002"}},{"arcs":[[486,487,488,489,490,491]],"type":"Polygon","properties":{"GEOID":"550790207001"}},{"arcs":[[-490,492,493,494,495]],"type":"Polygon","properties":{"GEOID":"550790207002"}},{"arcs":[[496,-456,497,498,499]],"type":"Polygon","properties":{"GEOID":"550790801001"}},{"arcs":[[-500,500,501,502]],"type":"Polygon","properties":{"GEOID":"550790801002"}},{"arcs":[[-464,-460,-457,-497,-503,503,504]],"type":"Polygon","properties":{"GEOID":"550790801003"}},{"arcs":[[-455,-452,-31,505,-498]],"type":"Polygon","properties":{"GEOID":"550790802001"}},{"arcs":[[-506,-30,506,507,-499]],"type":"Polygon","properties":{"GEOID":"550790802002"}},{"arcs":[[-508,508,509,510,511,-501]],"type":"Polygon","properties":{"GEOID":"550790802003"}},{"arcs":[[512,513,-462,514]],"type":"Polygon","properties":{"GEOID":"550790703004"}},{"arcs":[[515,-515,-466,516,517]],"type":"Polygon","properties":{"GEOID":"550790703005"}},{"arcs":[[-339,518,-468,519,520]],"type":"Polygon","properties":{"GEOID":"550791805001"}},{"arcs":[[-145,521,522,-407,523]],"type":"Polygon","properties":{"GEOID":"550791851001"}},{"arcs":[[-146,-524,-406,-411,524,-494]],"type":"Polygon","properties":{"GEOID":"550791852001"}},{"arcs":[[525,526,527,528,529,530,531]],"type":"Polygon","properties":{"GEOID":"550791203001"}},{"arcs":[[532,533,534,535]],"type":"Polygon","properties":{"GEOID":"550791204001"}},{"arcs":[[536,537,538,539,540,541,542,543]],"type":"Polygon","properties":{"GEOID":"550791204003"}},{"arcs":[[544,545,-530,546,547,-540]],"type":"Polygon","properties":{"GEOID":"550791204004"}},{"arcs":[[-248,-223,548,549,550]],"type":"Polygon","properties":{"GEOID":"550791202032"}},{"arcs":[[-422,551,552,-214,-425]],"type":"Polygon","properties":{"GEOID":"550790197004"}},{"arcs":[[553,-486,-215,-553]],"type":"Polygon","properties":{"GEOID":"550790197003"}},{"arcs":[[-507,-29,554,-509]],"type":"Polygon","properties":{"GEOID":"550790803001"}},{"arcs":[[-555,-28,555,-510]],"type":"Polygon","properties":{"GEOID":"550790803003"}},{"arcs":[[-556,-27,556,557]],"type":"Polygon","properties":{"GEOID":"550790803004"}},{"arcs":[[-557,-26,558,-37,559]],"type":"Polygon","properties":{"GEOID":"550790803005"}},{"arcs":[[560,561,562,-189,563]],"type":"Polygon","properties":{"GEOID":"550790901001"}},{"arcs":[[564,-564,-195,565,566]],"type":"Polygon","properties":{"GEOID":"550790901002"}},{"arcs":[[567,568,569,570,571,572]],"type":"Polygon","properties":{"GEOID":"550791205013"}},{"arcs":[[-543,573,574,575,576]],"type":"Polygon","properties":{"GEOID":"550791205021"}},{"arcs":[[577,578,579,580,-575]],"type":"Polygon","properties":{"GEOID":"550791205022"}},{"arcs":[[-581,581,582,583,584]],"type":"Polygon","properties":{"GEOID":"550791205023"}},{"arcs":[[585,586,587,588]],"type":"Polygon","properties":{"GEOID":"550791301001"}},{"arcs":[[589,-589,590,591,592]],"type":"Polygon","properties":{"GEOID":"550791301002"}},{"arcs":[[593,-588,594,595,596,597]],"type":"Polygon","properties":{"GEOID":"550791301003"}},{"arcs":[[-591,-594,598,599]],"type":"Polygon","properties":{"GEOID":"550791302001"}},{"arcs":[[-194,600,601,602,603]],"type":"Polygon","properties":{"GEOID":"550790902001"}},{"arcs":[[-566,-604,604,605,606,607]],"type":"Polygon","properties":{"GEOID":"550790902002"}},{"arcs":[[-606,608,609,610,-105,611,612]],"type":"Polygon","properties":{"GEOID":"550790903001"}},{"arcs":[[-607,-613,613,614]],"type":"Polygon","properties":{"GEOID":"550790903002"}},{"arcs":[[-614,-612,-113,615,616]],"type":"Polygon","properties":{"GEOID":"550791853002"}},{"arcs":[[-616,-112,617,618]],"type":"Polygon","properties":{"GEOID":"550791853003"}},{"arcs":[[-599,-598,-265,619]],"type":"Polygon","properties":{"GEOID":"550791302002"}},{"arcs":[[-592,-600,-620,-264,620]],"type":"Polygon","properties":{"GEOID":"550791302003"}},{"arcs":[[-249,-551,621,622,623,624]],"type":"Polygon","properties":{"GEOID":"550791401001"}},{"arcs":[[-550,625,626,627,628,629,-622]],"type":"Polygon","properties":{"GEOID":"550791402011"}},{"arcs":[[-623,-630,630,631,632,633,634]],"type":"Polygon","properties":{"GEOID":"550791402012"}},{"arcs":[[-495,-525,-410,635,636]],"type":"Polygon","properties":{"GEOID":"550790207003"}},{"arcs":[[-137,637,-139,-493,638]],"type":"Polygon","properties":{"GEOID":"550790208003"}},{"arcs":[[639,-138,-639,-489]],"type":"Polygon","properties":{"GEOID":"550790208001"}},{"arcs":[[-110,640,641,642,643]],"type":"Polygon","properties":{"GEOID":"550790906001"}},{"arcs":[[644,-643,645,646,647,648]],"type":"Polygon","properties":{"GEOID":"550790906002"}},{"arcs":[[649,-649,650,651]],"type":"Polygon","properties":{"GEOID":"550790906003"}},{"arcs":[[652,653,654,655,656,657]],"type":"Polygon","properties":{"GEOID":"550790907001"}},{"arcs":[[-657,658,659,660,661,662,-106,663]],"type":"Polygon","properties":{"GEOID":"550790907002"}},{"arcs":[[664,-658,-664,-611]],"type":"Polygon","properties":{"GEOID":"550790907003"}},{"arcs":[[665,666,667,668]],"type":"Polygon","properties":{"GEOID":"550790908002"}},{"arcs":[[669,670,671,672,673,-119]],"type":"Polygon","properties":{"GEOID":"550790910002"}},{"arcs":[[674,-121,675,676]],"type":"Polygon","properties":{"GEOID":"550790910004"}},{"arcs":[[677,678,679,680,681]],"type":"Polygon","properties":{"GEOID":"550791402021"}},{"arcs":[[682,683,-681,684,685,-632]],"type":"Polygon","properties":{"GEOID":"550791402022"}},{"arcs":[[-686,686,687,688,-633]],"type":"Polygon","properties":{"GEOID":"550791402023"}},{"arcs":[[-685,-680,689,-573,690,-687]],"type":"Polygon","properties":{"GEOID":"550791402024"}},{"arcs":[[691,692,-262,-254,693]],"type":"Polygon","properties":{"GEOID":"550791501001"}},{"arcs":[[694,-677,695,696]],"type":"Polygon","properties":{"GEOID":"550790910005"}},{"arcs":[[697,698,699,700,701,702]],"type":"Polygon","properties":{"GEOID":"550790911001"}},{"arcs":[[703,704,705]],"type":"Polygon","properties":{"GEOID":"550790911004"}},{"arcs":[[706,-706,707,708,-660]],"type":"Polygon","properties":{"GEOID":"550790911002"}},{"arcs":[[709,-703,710,711]],"type":"Polygon","properties":{"GEOID":"550790912001"}},{"arcs":[[712,713,-712,714,715,716,717,718,-662]],"type":"Polygon","properties":{"GEOID":"550790912002"}},{"arcs":[[-709,719,-713,-661]],"type":"Polygon","properties":{"GEOID":"550790912003"}},{"arcs":[[-268,720,721,722,723]],"type":"Polygon","properties":{"GEOID":"550791503012"}},{"arcs":[[724,-723,725,726,727,-304,728]],"type":"Polygon","properties":{"GEOID":"550791503013"}},{"arcs":[[-269,-724,-725,729]],"type":"Polygon","properties":{"GEOID":"550791503014"}},{"arcs":[[730,731,-526,732,733,734]],"type":"Polygon","properties":{"GEOID":"550790198002"}},{"arcs":[[-483,735,-735,736,-225,-485]],"type":"Polygon","properties":{"GEOID":"550790198003"}},{"arcs":[[-431,737,738,-731,-736,-482]],"type":"Polygon","properties":{"GEOID":"550790198004"}},{"arcs":[[-663,-719,739,740,-107]],"type":"Polygon","properties":{"GEOID":"550790912004"}},{"arcs":[[-740,-718,741,742,743,744]],"type":"Polygon","properties":{"GEOID":"550790913002"}},{"arcs":[[-108,-741,-745,745,746,747]],"type":"Polygon","properties":{"GEOID":"550790913003"}},{"arcs":[[-747,748,749,750]],"type":"Polygon","properties":{"GEOID":"550790913004"}},{"arcs":[[751,752,753,754,755]],"type":"Polygon","properties":{"GEOID":"550790914001"}},{"arcs":[[-717,756,-752,757,-742]],"type":"Polygon","properties":{"GEOID":"550790914002"}},{"arcs":[[758,759,760,761]],"type":"Polygon","properties":{"GEOID":"550791001001"}},{"arcs":[[-761,762,763,764,765]],"type":"Polygon","properties":{"GEOID":"550791001002"}},{"arcs":[[-765,766,767,768,769]],"type":"Polygon","properties":{"GEOID":"550791001003"}},{"arcs":[[770,-769,771,772,773]],"type":"Polygon","properties":{"GEOID":"550791001004"}},{"arcs":[[-576,-585,774,-678,775,-627]],"type":"Polygon","properties":{"GEOID":"550791205011"}},{"arcs":[[-775,-584,776,-568,-690,-679]],"type":"Polygon","properties":{"GEOID":"550791205012"}},{"arcs":[[777,778,-738,-430]],"type":"Polygon","properties":{"GEOID":"550790198001"}},{"arcs":[[-531,-546,779,780]],"type":"Polygon","properties":{"GEOID":"550790199001"}},{"arcs":[[781,-636,-414,782,783,784]],"type":"Polygon","properties":{"GEOID":"550790209001"}},{"arcs":[[785,-784,786,787,788]],"type":"Polygon","properties":{"GEOID":"550790209002"}},{"arcs":[[-380,-385,-785,-786,789]],"type":"Polygon","properties":{"GEOID":"550790209003"}},{"arcs":[[-787,-783,-413,790,791]],"type":"Polygon","properties":{"GEOID":"550790210001"}},{"arcs":[[-788,-792,792,793]],"type":"Polygon","properties":{"GEOID":"550790210002"}},{"arcs":[[794,-790,-789,795,796]],"type":"Polygon","properties":{"GEOID":"550790211001"}},{"arcs":[[-796,-794,797,798]],"type":"Polygon","properties":{"GEOID":"550790212001"}},{"arcs":[[799,800,-797,-799,801,802]],"type":"Polygon","properties":{"GEOID":"550790212002"}},{"arcs":[[803,-356,-353,-361,-800,804,805,806]],"type":"Polygon","properties":{"GEOID":"550790213001"}},{"arcs":[[-805,-803,807,808]],"type":"Polygon","properties":{"GEOID":"550790214001"}},{"arcs":[[809,810,811,-762,-766,812,813]],"type":"Polygon","properties":{"GEOID":"550791002001"}},{"arcs":[[-813,-770,-771,814,815]],"type":"Polygon","properties":{"GEOID":"550791002002"}},{"arcs":[[-815,-774,816,817,818,819]],"type":"Polygon","properties":{"GEOID":"550791002003"}},{"arcs":[[-773,820,821,822,823,824,-817]],"type":"Polygon","properties":{"GEOID":"550791002004"}},{"arcs":[[825,826,827,-816,-820,828,829]],"type":"Polygon","properties":{"GEOID":"550791003002"}},{"arcs":[[830,831,-827,832,833]],"type":"Polygon","properties":{"GEOID":"550791004001"}},{"arcs":[[-833,-826,834,835,836]],"type":"Polygon","properties":{"GEOID":"550791004002"}},{"arcs":[[837,-835,-830,838,839,840]],"type":"Polygon","properties":{"GEOID":"550791004003"}},{"arcs":[[841,842,-837,843,844]],"type":"Polygon","properties":{"GEOID":"550791005001"}},{"arcs":[[845,-844,-836,-838,846]],"type":"Polygon","properties":{"GEOID":"550791005002"}},{"arcs":[[847,848,849,850,851,852]],"type":"Polygon","properties":{"GEOID":"550790113001"}},{"arcs":[[853,854,855,856,857]],"type":"Polygon","properties":{"GEOID":"550790014002"}},{"arcs":[[858,859,860,861]],"type":"Polygon","properties":{"GEOID":"550790035001"}},{"arcs":[[862,863,864,865,866,867]],"type":"Polygon","properties":{"GEOID":"550791702001"}},{"arcs":[[-806,-809,868,869,870]],"type":"Polygon","properties":{"GEOID":"550790214002"}},{"arcs":[[-869,871,872,873]],"type":"Polygon","properties":{"GEOID":"550790215001"}},{"arcs":[[-802,-798,874,875,876]],"type":"Polygon","properties":{"GEOID":"550790216001"}},{"arcs":[[-872,-808,-877,877,878]],"type":"Polygon","properties":{"GEOID":"550790216002"}},{"arcs":[[-876,879,880]],"type":"Polygon","properties":{"GEOID":"550790217001"}},{"arcs":[[881,882,-878,-881,883,884]],"type":"Polygon","properties":{"GEOID":"550790217002"}},{"arcs":[[-884,885,886,887,-571]],"type":"Polygon","properties":{"GEOID":"550790217003"}},{"arcs":[[-887,888,889,890]],"type":"Polygon","properties":{"GEOID":"550790217004"}},{"arcs":[[-880,-875,-793,-791,-412,-335,891,892,893,-889,-886]],"type":"Polygon","properties":{"GEOID":"550790217005"}},{"arcs":[[894,895,-847,-841,896,897,898,899,900]],"type":"Polygon","properties":{"GEOID":"550791005003"}},{"arcs":[[901,902,903,-845,-846,-896]],"type":"Polygon","properties":{"GEOID":"550791005004"}},{"arcs":[[904,905,-842,-904,906]],"type":"Polygon","properties":{"GEOID":"550791006002"}},{"arcs":[[907,-907,-903,908,909]],"type":"Polygon","properties":{"GEOID":"550791007001"}},{"arcs":[[910,-909,-902,-895,911,912]],"type":"Polygon","properties":{"GEOID":"550791007002"}},{"arcs":[[-913,913,914]],"type":"Polygon","properties":{"GEOID":"550791007003"}},{"arcs":[[915,-910,-911,-915,916,917,918]],"type":"Polygon","properties":{"GEOID":"550791007004"}},{"arcs":[[-583,919,920,-569,-777]],"type":"Polygon","properties":{"GEOID":"550790218002"}},{"arcs":[[921,922,-154,923,924]],"type":"Polygon","properties":{"GEOID":"550790301003"}},{"arcs":[[-292,925,926,927,-161,928,-445,-394]],"type":"Polygon","properties":{"GEOID":"550790351001"}},{"arcs":[[929,930,-918,931,932,933,934,935]],"type":"Polygon","properties":{"GEOID":"550791009002"}},{"arcs":[[-935,936,937,-1,938,939]],"type":"Polygon","properties":{"GEOID":"550791010001"}},{"arcs":[[-934,940,941,942,-937]],"type":"Polygon","properties":{"GEOID":"550791011001"}},{"arcs":[[-938,-943,943,-206,-2]],"type":"Polygon","properties":{"GEOID":"550791011002"}},{"arcs":[[944,945,946,947,948]],"type":"Polygon","properties":{"GEOID":"550791012001"}},{"arcs":[[949,950,-949,951,-434,-207,-944]],"type":"Polygon","properties":{"GEOID":"550791012003"}},{"arcs":[[952,953,954,-927,955]],"type":"Polygon","properties":{"GEOID":"550790351002"}},{"arcs":[[-924,-153,956,-954,957,958,-289,959]],"type":"Polygon","properties":{"GEOID":"550790352001"}},{"arcs":[[-953,960,-958]],"type":"Polygon","properties":{"GEOID":"550790352002"}},{"arcs":[[-959,-961,-956,961,-290]],"type":"Polygon","properties":{"GEOID":"550790352003"}},{"arcs":[[-962,-926,-291]],"type":"Polygon","properties":{"GEOID":"550790352004"}},{"arcs":[[962,963,964,965,-184]],"type":"Polygon","properties":{"GEOID":"550790501011"}},{"arcs":[[966,967,-965]],"type":"Polygon","properties":{"GEOID":"550790501012"}},{"arcs":[[968,969,-950,-942]],"type":"Polygon","properties":{"GEOID":"550791013001"}},{"arcs":[[970,971,972,-946,973]],"type":"Polygon","properties":{"GEOID":"550791013004"}},{"arcs":[[974,975,-900,976,-969]],"type":"Polygon","properties":{"GEOID":"550791014004"}},{"arcs":[[-840,977,978,979]],"type":"Polygon","properties":{"GEOID":"550791015001"}},{"arcs":[[-839,980,981,982,-978]],"type":"Polygon","properties":{"GEOID":"550791015002"}},{"arcs":[[-819,983,984,985]],"type":"Polygon","properties":{"GEOID":"550791015004"}},{"arcs":[[-823,986,987,988,989]],"type":"Polygon","properties":{"GEOID":"550791016001"}},{"arcs":[[-824,-990,990,991]],"type":"Polygon","properties":{"GEOID":"550791016002"}},{"arcs":[[-825,-992,992,-478,-32,993]],"type":"Polygon","properties":{"GEOID":"550791016003"}},{"arcs":[[-818,-994,-34,-477,994,995,-984]],"type":"Polygon","properties":{"GEOID":"550791016004"}},{"arcs":[[-734,996,997,-538,-226,-737]],"type":"Polygon","properties":{"GEOID":"550790199004"}},{"arcs":[[998,999,-350,-240,1000,1001]],"type":"Polygon","properties":{"GEOID":"550790200001"}},{"arcs":[[1002,-1001,-357,-804,1003,-533,1004]],"type":"Polygon","properties":{"GEOID":"550790200002"}},{"arcs":[[1005,1006,-985,-996,1007,1008,1009]],"type":"Polygon","properties":{"GEOID":"550791017001"}},{"arcs":[[1010,-1006,1011]],"type":"Polygon","properties":{"GEOID":"550791017002"}},{"arcs":[[-982,-1012,-1010,1012,1013,1014]],"type":"Polygon","properties":{"GEOID":"550791017003"}},{"arcs":[[1015,-979,-983,-1015,1016,-972]],"type":"Polygon","properties":{"GEOID":"550791017004"}},{"arcs":[[1017,-1013,-1009,1018,1019,-437,1020]],"type":"Polygon","properties":{"GEOID":"550791018001"}},{"arcs":[[1021,-1021,1022,1023,1024]],"type":"Polygon","properties":{"GEOID":"550791018002"}},{"arcs":[[-973,-1017,-1014,-1018,-1022,-947]],"type":"Polygon","properties":{"GEOID":"550791018003"}},{"arcs":[[1025,1026,1027,1028,1029]],"type":"Polygon","properties":{"GEOID":"550791101001"}},{"arcs":[[-764,1030,-1030,1031,1032,1033,-767]],"type":"Polygon","properties":{"GEOID":"550791101002"}},{"arcs":[[-768,-1034,1034,1035,1036,-821,-772]],"type":"Polygon","properties":{"GEOID":"550791101003"}},{"arcs":[[-870,-874,1037,-579]],"type":"Polygon","properties":{"GEOID":"550790215003"}},{"arcs":[[1038,1039,1040,1041]],"type":"Polygon","properties":{"GEOID":"550790169003"}},{"arcs":[[1042,1043,1044,1045,1046]],"type":"Polygon","properties":{"GEOID":"550790170002"}},{"arcs":[[1047,1048,1049,1050,1051,1052]],"type":"Polygon","properties":{"GEOID":"550790171001"}},{"arcs":[[-1033,1053,1054,-1053,1055,-1035]],"type":"Polygon","properties":{"GEOID":"550790171002"}},{"arcs":[[-1056,-1052,1056,1057,1058,-1036]],"type":"Polygon","properties":{"GEOID":"550790172001"}},{"arcs":[[-1058,1059,1060,1061,1062]],"type":"Polygon","properties":{"GEOID":"550790172002"}},{"arcs":[[-1057,1063,1064,1065,-1060]],"type":"Polygon","properties":{"GEOID":"550790173001"}},{"arcs":[[-1066,1066,1067,1068,-1061]],"type":"Polygon","properties":{"GEOID":"550790173002"}},{"arcs":[[-1065,1069,1070,1071,1072,-1067]],"type":"Polygon","properties":{"GEOID":"550790173003"}},{"arcs":[[1073,1074,-472,1075,-1072]],"type":"Polygon","properties":{"GEOID":"550790174002"}},{"arcs":[[1076,1077,1078,1079,1080]],"type":"Polygon","properties":{"GEOID":"550790175001"}},{"arcs":[[1081,1082,-1077,1083,-1075]],"type":"Polygon","properties":{"GEOID":"550790175004"}},{"arcs":[[-1079,1084,-100,1085,1086,1087]],"type":"Polygon","properties":{"GEOID":"550790176001"}},{"arcs":[[1088,1089,1090,1091,1092,-17,1093,1094,1095]],"type":"Polygon","properties":{"GEOID":"550790096002"}},{"arcs":[[1096,1097,1098,1099,1100,1101]],"type":"Polygon","properties":{"GEOID":"550790099001"}},{"arcs":[[1102,-71,-72,-79]],"type":"Polygon","properties":{"GEOID":"550791854001"}},{"arcs":[[1103,1104,1105,-82,-69]],"type":"Polygon","properties":{"GEOID":"550791855001"}},{"arcs":[[1106,1107,1108,1109,1110]],"type":"Polygon","properties":{"GEOID":"550790106001"}},{"arcs":[[1111,-1110,1112,1113,1114]],"type":"Polygon","properties":{"GEOID":"550790106002"}},{"arcs":[[1115,1116,1117,1118,-1108]],"type":"Polygon","properties":{"GEOID":"550790107001"}},{"arcs":[[-1119,1119,1120,1121,1122,-1113,-1109]],"type":"Polygon","properties":{"GEOID":"550790107002"}},{"arcs":[[1123,1124,-415,1125,1126]],"type":"Polygon","properties":{"GEOID":"550790110002"}},{"arcs":[[1127,-1127,1128,1129,-849]],"type":"Polygon","properties":{"GEOID":"550790111001"}},{"arcs":[[-850,-1130,1130,1131,1132]],"type":"Polygon","properties":{"GEOID":"550790111002"}},{"arcs":[[1133,1134,1135,1136,-1105]],"type":"Polygon","properties":{"GEOID":"550791856001"}},{"arcs":[[-1121,1137,1138,1139,-416,-1125,1140]],"type":"Polygon","properties":{"GEOID":"550790112001"}},{"arcs":[[-1122,-1141,-1124,-1128,-848]],"type":"Polygon","properties":{"GEOID":"550790112002"}},{"arcs":[[-48,-122,1141,1142,1143]],"type":"Polygon","properties":{"GEOID":"550790157001"}},{"arcs":[[-1142,-128,1144,1145]],"type":"Polygon","properties":{"GEOID":"550790157002"}},{"arcs":[[-65,1146,1147,1148]],"type":"Polygon","properties":{"GEOID":"550791857003"}},{"arcs":[[1149,1150,-67,1151,1152]],"type":"Polygon","properties":{"GEOID":"550790084001"}},{"arcs":[[-1152,1153,-1104,1154]],"type":"Polygon","properties":{"GEOID":"550790084002"}},{"arcs":[[1155,1156,-1153,1157,1158,1159]],"type":"Polygon","properties":{"GEOID":"550790085001"}},{"arcs":[[1160,-1160,1161,1162]],"type":"Polygon","properties":{"GEOID":"550790086001"}},{"arcs":[[-1162,-1159,1163,-1103,1164]],"type":"Polygon","properties":{"GEOID":"550790086002"}},{"arcs":[[1165,-1165,-78,1166]],"type":"Polygon","properties":{"GEOID":"550790087002"}},{"arcs":[[1167,1168,1169,1170]],"type":"Polygon","properties":{"GEOID":"550790089001"}},{"arcs":[[1171,1172,1173,1174]],"type":"Polygon","properties":{"GEOID":"550790090001"}},{"arcs":[[1175,1176,1177,1178]],"type":"Polygon","properties":{"GEOID":"550790090003"}},{"arcs":[[1179,1180,1181,1182]],"type":"Polygon","properties":{"GEOID":"550790091002"}},{"arcs":[[-1182,-1179,1183,-1091,1184,1185]],"type":"Polygon","properties":{"GEOID":"550790091003"}},{"arcs":[[1186,1187,-1183,-1186,1188,1189]],"type":"Polygon","properties":{"GEOID":"550790092002"}},{"arcs":[[1190,1191,1192,-1187,1193]],"type":"Polygon","properties":{"GEOID":"550790093001"}},{"arcs":[[-1194,-1190,1194,1195]],"type":"Polygon","properties":{"GEOID":"550790093002"}},{"arcs":[[1196,1197,-1191,-1196,1198,1199]],"type":"Polygon","properties":{"GEOID":"550790093003"}},{"arcs":[[1200,-49,-1144,1201,1202,1203]],"type":"Polygon","properties":{"GEOID":"550790158001"}},{"arcs":[[1204,-50,-1201,1205,1206,1207]],"type":"Polygon","properties":{"GEOID":"550790159001"}},{"arcs":[[-1207,1208,1209,1210,1211]],"type":"Polygon","properties":{"GEOID":"550790159002"}},{"arcs":[[-1206,-1204,1212,1213,-1209]],"type":"Polygon","properties":{"GEOID":"550790159003"}},{"arcs":[[1214,-1208,1215,-1027]],"type":"Polygon","properties":{"GEOID":"550790160001"}},{"arcs":[[-1216,-1212,1216,1217,1218,-1028]],"type":"Polygon","properties":{"GEOID":"550790160002"}},{"arcs":[[-1217,1219,-1049,1220]],"type":"Polygon","properties":{"GEOID":"550790161001"}},{"arcs":[[1221,-1199,-1195,1222,1223,-700]],"type":"Polygon","properties":{"GEOID":"550790094001"}},{"arcs":[[-1224,1224,1225,-701]],"type":"Polygon","properties":{"GEOID":"550790094002"}},{"arcs":[[-1226,1226,1227,1228,-702]],"type":"Polygon","properties":{"GEOID":"550790094003"}},{"arcs":[[-1223,-1189,-1185,-1090,1229,-1225]],"type":"Polygon","properties":{"GEOID":"550790095001"}},{"arcs":[[-1230,-1089,1230,-1227]],"type":"Polygon","properties":{"GEOID":"550790095002"}},{"arcs":[[-1231,-1096,1231,-1228]],"type":"Polygon","properties":{"GEOID":"550790095003"}},{"arcs":[[-1178,1232,-1092,-1184]],"type":"Polygon","properties":{"GEOID":"550790096001"}},{"arcs":[[-1214,1233,1234,1235]],"type":"Polygon","properties":{"GEOID":"550790162001"}},{"arcs":[[-1210,-1236,1236,1237,1238]],"type":"Polygon","properties":{"GEOID":"550790162002"}},{"arcs":[[-1211,-1239,1239,-1220]],"type":"Polygon","properties":{"GEOID":"550790162003"}},{"arcs":[[1240,1241,1242,1243,1244,1245,1246]],"type":"Polygon","properties":{"GEOID":"550790163001"}},{"arcs":[[-1245,1247,1248,1249]],"type":"Polygon","properties":{"GEOID":"550790163002"}},{"arcs":[[-1246,-1250,1250,1251]],"type":"Polygon","properties":{"GEOID":"550790163003"}},{"arcs":[[-1234,1252,-1247,-1252,1253,1254]],"type":"Polygon","properties":{"GEOID":"550790163004"}},{"arcs":[[1255,1256,1257,1258]],"type":"Polygon","properties":{"GEOID":"550790164001"}},{"arcs":[[1259,-1258,1260,1261,1262,1263]],"type":"Polygon","properties":{"GEOID":"550790164002"}},{"arcs":[[1264,-1264,1265,-1243]],"type":"Polygon","properties":{"GEOID":"550790164003"}},{"arcs":[[-1029,-1219,1266,-1054,-1032]],"type":"Polygon","properties":{"GEOID":"550790161003"}},{"arcs":[[1267,-1259,-1260,-1265,-1242]],"type":"Polygon","properties":{"GEOID":"550790164004"}},{"arcs":[[-1257,-126,1268,1269,-1261]],"type":"Polygon","properties":{"GEOID":"550790165001"}},{"arcs":[[-125,1270,1271,1272,1273,1274,-1269]],"type":"Polygon","properties":{"GEOID":"550790165002"}},{"arcs":[[1275,1276,-1274,1277,-91,1278]],"type":"Polygon","properties":{"GEOID":"550790166001"}},{"arcs":[[1279,1280,1281,-1117,1282]],"type":"Polygon","properties":{"GEOID":"550790079002"}},{"arcs":[[1283,-1280,1284,1285]],"type":"Polygon","properties":{"GEOID":"550790080001"}},{"arcs":[[-1285,-1283,-1116,1286]],"type":"Polygon","properties":{"GEOID":"550790080002"}},{"arcs":[[1287,-1286,1288,-64]],"type":"Polygon","properties":{"GEOID":"550790081001"}},{"arcs":[[-1273,1289,-92,-1278]],"type":"Polygon","properties":{"GEOID":"550790166002"}},{"arcs":[[-1262,-1270,-1275,-1277,1290,1291,1292]],"type":"Polygon","properties":{"GEOID":"550790167001"}},{"arcs":[[-1276,1293,-1291]],"type":"Polygon","properties":{"GEOID":"550790167002"}},{"arcs":[[1294,1295,-1292,-1294,-1279,-1085]],"type":"Polygon","properties":{"GEOID":"550790167003"}},{"arcs":[[-1248,-1244,-1266,-1263,-1293,1296,1297]],"type":"Polygon","properties":{"GEOID":"550790168001"}},{"arcs":[[-1297,-1296,1298,1299]],"type":"Polygon","properties":{"GEOID":"550790168002"}},{"arcs":[[-1254,-1251,-1249,-1298,1300,1301]],"type":"Polygon","properties":{"GEOID":"550790169001"}},{"arcs":[[-1301,-1300,-1039,-1045]],"type":"Polygon","properties":{"GEOID":"550790169002"}},{"arcs":[[1302,-286,-276,1303,-312]],"type":"Polygon","properties":{"GEOID":"550791704002"}},{"arcs":[[-1118,-1282,1304,1305,1306,1307,-1120]],"type":"Polygon","properties":{"GEOID":"550790079001"}},{"arcs":[[1308,-374,1309,1310,-801,-360]],"type":"Polygon","properties":{"GEOID":"550790203001"}},{"arcs":[[1311,1312,1313,1314]],"type":"Polygon","properties":{"GEOID":"550790013002"}},{"arcs":[[1315,-1315,1316,1317,1318]],"type":"Polygon","properties":{"GEOID":"550790013003"}},{"arcs":[[1319,-1319,1320,1321]],"type":"Polygon","properties":{"GEOID":"550790013004"}},{"arcs":[[1322,-668,1323,-707,-659,-656]],"type":"Polygon","properties":{"GEOID":"550790908003"}},{"arcs":[[-618,-111,-644,-645,-650,1324]],"type":"Polygon","properties":{"GEOID":"550790906004"}},{"arcs":[[-897,-980,-1016,-971,1325,1326]],"type":"Polygon","properties":{"GEOID":"550791014001"}},{"arcs":[[-522,-144,-325,1327,1328]],"type":"Polygon","properties":{"GEOID":"550791801003"}},{"arcs":[[1329,-174,1330,1331,1332,1333]],"type":"Polygon","properties":{"GEOID":"550790001022"}},{"arcs":[[1334,1335,1336,1337]],"type":"Polygon","properties":{"GEOID":"550790002011"}},{"arcs":[[1338,1339,1340,1341,1342,1343,1344]],"type":"Polygon","properties":{"GEOID":"550790012001"}},{"arcs":[[-1202,-1143,-1146,1345,1346]],"type":"Polygon","properties":{"GEOID":"550790158002"}},{"arcs":[[1347,1348,1349,1350]],"type":"Polygon","properties":{"GEOID":"550790042004"}},{"arcs":[[1351,1352,1353,1354,1355,1356]],"type":"Polygon","properties":{"GEOID":"550790061001"}},{"arcs":[[1357,1358,1359,1360,1361]],"type":"Polygon","properties":{"GEOID":"550790065002"}},{"arcs":[[-222,1362,-544,-577,-626,-549]],"type":"Polygon","properties":{"GEOID":"550791202033"}},{"arcs":[[-1080,-1088,1363,1364,1365]],"type":"Polygon","properties":{"GEOID":"550790175002"}},{"arcs":[[-20,1366,1367,1368]],"type":"Polygon","properties":{"GEOID":"550790122002"}},{"arcs":[[-1094,-21,-1369,1369,1370,1371,1372,1373,1374,1375,1376]],"type":"Polygon","properties":{"GEOID":"550790123001"}},{"arcs":[[-1095,-1377,1377,1378]],"type":"Polygon","properties":{"GEOID":"550790124001"}},{"arcs":[[1379,1380,1381,-1378,-1376,1382,1383,1384]],"type":"Polygon","properties":{"GEOID":"550790125001"}},{"arcs":[[1385,-1381,1386,-753,-757,-716]],"type":"Polygon","properties":{"GEOID":"550790125002"}},{"arcs":[[-754,-1387,-1380,1387,1388]],"type":"Polygon","properties":{"GEOID":"550790126001"}},{"arcs":[[1389,-755,-1389,1390,1391,1392]],"type":"Polygon","properties":{"GEOID":"550790126002"}},{"arcs":[[-744,1393,-1393,1394,1395]],"type":"Polygon","properties":{"GEOID":"550790126003"}},{"arcs":[[-749,-746,-1396,1396,1397,1398,-831,1399]],"type":"Polygon","properties":{"GEOID":"550790127001"}},{"arcs":[[-642,1400,-750,-1400,1401,-905,-908,-916,1402,-646]],"type":"Polygon","properties":{"GEOID":"550790128002"}},{"arcs":[[1403,1404,1405,1406,1407]],"type":"Polygon","properties":{"GEOID":"550790143002"}},{"arcs":[[1408,1409,1410,-55,1411,-45,1412,1413]],"type":"Polygon","properties":{"GEOID":"550791863001"}},{"arcs":[[1414,1415,1416,1417]],"type":"Polygon","properties":{"GEOID":"550790146002"}},{"arcs":[[1418,-116,1419,1420,1421]],"type":"Polygon","properties":{"GEOID":"550790148001"}},{"arcs":[[-1421,1422,1423,1424,1425]],"type":"Polygon","properties":{"GEOID":"550790148002"}},{"arcs":[[1426,1427,-1425,1428,1429,1430]],"type":"Polygon","properties":{"GEOID":"550790149001"}},{"arcs":[[-1430,1431,-42,1432,1433]],"type":"Polygon","properties":{"GEOID":"550790149002"}},{"arcs":[[-1429,-1424,1434,-1417,1435,-43,-1432]],"type":"Polygon","properties":{"GEOID":"550791864002"}},{"arcs":[[-1416,-1413,-44,-1436]],"type":"Polygon","properties":{"GEOID":"550791864001"}},{"arcs":[[-1133,1436,1437,-851]],"type":"Polygon","properties":{"GEOID":"550790113002"}},{"arcs":[[1438,1439,-1114,-1123,-853,-1410,1440]],"type":"Polygon","properties":{"GEOID":"550790114001"}},{"arcs":[[-80,-77,-114,1441]],"type":"Polygon","properties":{"GEOID":"550791858001"}},{"arcs":[[-1344,1442,1443]],"type":"Polygon","properties":{"GEOID":"550790012003"}},{"arcs":[[-1099,1444,-1442,1445,1446]],"type":"Polygon","properties":{"GEOID":"550791858002"}},{"arcs":[[-19,1447,-1446,-117,1448,-1367]],"type":"Polygon","properties":{"GEOID":"550791861001"}},{"arcs":[[1449,1450,-1448,-18,-1093]],"type":"Polygon","properties":{"GEOID":"550790122001"}},{"arcs":[[-1392,1451,1452,-811,1453]],"type":"Polygon","properties":{"GEOID":"550790129001"}},{"arcs":[[-1395,-1454,-810,1454,-1397]],"type":"Polygon","properties":{"GEOID":"550790129002"}},{"arcs":[[-1455,1455,-1398]],"type":"Polygon","properties":{"GEOID":"550790129003"}},{"arcs":[[-1391,-1388,-1385,1456,-759,1457,-1452]],"type":"Polygon","properties":{"GEOID":"550790130001"}},{"arcs":[[-1229,-1232,-1379,-1382,-1386,-715,-711]],"type":"Polygon","properties":{"GEOID":"550790124002"}},{"arcs":[[1458,1459,-1433,-41,1460,1461]],"type":"Polygon","properties":{"GEOID":"550790134002"}},{"arcs":[[1462,1463,1464,-1373]],"type":"Polygon","properties":{"GEOID":"550790135001"}},{"arcs":[[-1465,1465,-1427,1466,1467,-1374]],"type":"Polygon","properties":{"GEOID":"550790135002"}},{"arcs":[[1468,1469,-1463,-1372]],"type":"Polygon","properties":{"GEOID":"550790136001"}},{"arcs":[[-76,1470,1471,-115]],"type":"Polygon","properties":{"GEOID":"550791862002"}},{"arcs":[[-75,1472,1473,-1471]],"type":"Polygon","properties":{"GEOID":"550791862001"}},{"arcs":[[-1132,1474,1475,-1404,1476]],"type":"Polygon","properties":{"GEOID":"550790143001"}},{"arcs":[[-294,-397,1477,-444,1478,1479,-518,1480,1481,1482,1483]],"type":"Polygon","properties":{"GEOID":"550790602001"}},{"arcs":[[1484,-1100,-1447,-1451,1485]],"type":"Polygon","properties":{"GEOID":"550790097001"}},{"arcs":[[1486,1487,1488,1489]],"type":"Polygon","properties":{"GEOID":"550790037002"}},{"arcs":[[1490,1491,1492,1493]],"type":"Polygon","properties":{"GEOID":"550790025002"}},{"arcs":[[1494,-1171,1495,-1355]],"type":"Polygon","properties":{"GEOID":"550790062002"}},{"arcs":[[-758,-756,-1390,-1394,-743]],"type":"Polygon","properties":{"GEOID":"550790913001"}},{"arcs":[[1496,-1163,-1166,1497]],"type":"Polygon","properties":{"GEOID":"550790087001"}},{"arcs":[[-1458,-812,-1453]],"type":"Polygon","properties":{"GEOID":"550790130002"}},{"arcs":[[-511,-558,-560,-36,1498,1499]],"type":"Polygon","properties":{"GEOID":"550790804001"}},{"arcs":[[1500,-287,-1303,1501]],"type":"Polygon","properties":{"GEOID":"550791704001"}},{"arcs":[[-368,1502,-372]],"type":"Polygon","properties":{"GEOID":"550790205002"}},{"arcs":[[-1148,-1111,-1112,1503,-1135]],"type":"Polygon","properties":{"GEOID":"550791856003"}},{"arcs":[[-1468,1504,-1459,1505]],"type":"Polygon","properties":{"GEOID":"550790134003"}},{"arcs":[[1506,1507,1508,1509]],"type":"Polygon","properties":{"GEOID":"550790006001"}},{"arcs":[[1510,1511,1512,1513,1514]],"type":"Polygon","properties":{"GEOID":"550790053001"}},{"arcs":[[1515,-11,1516,1517]],"type":"Polygon","properties":{"GEOID":"550790028001"}},{"arcs":[[1518,1519,1520,1521]],"type":"Polygon","properties":{"GEOID":"550790065004"}},{"arcs":[[-1299,-1295,-1078,-1083,-1040]],"type":"Polygon","properties":{"GEOID":"550790168003"}},{"arcs":[[1522,1523,-199,1524,1525,1526]],"type":"Polygon","properties":{"GEOID":"550790077001"}},{"arcs":[[-1328,-324,-329,1527,1528]],"type":"Polygon","properties":{"GEOID":"550791802005"}},{"arcs":[[-1084,-1081,-1366,1529,-473]],"type":"Polygon","properties":{"GEOID":"550790175003"}},{"arcs":[[-364,-370,-371,1530]],"type":"Polygon","properties":{"GEOID":"550790204002"}},{"arcs":[[-898,-1327,1531,1532]],"type":"Polygon","properties":{"GEOID":"550791014002"}},{"arcs":[[-852,1533,1534,1535,-52,-1411]],"type":"Polygon","properties":{"GEOID":"550790144001"}},{"arcs":[[1536,1537,1538]],"type":"Polygon","properties":{"GEOID":"550791201011"}},{"arcs":[[-386,-297,-186,1539,1540]],"type":"Polygon","properties":{"GEOID":"550790601021"}},{"arcs":[[1541,-1437,-1477,-1408,1542,-1535]],"type":"Polygon","properties":{"GEOID":"550790144002"}},{"arcs":[[1543,1544,-58,1545]],"type":"Polygon","properties":{"GEOID":"550791870001"}},{"arcs":[[-1476,1546,1547,-59,-1545,1548,-1405]],"type":"Polygon","properties":{"GEOID":"550791869001"}},{"arcs":[[-418,1549,-60,-1548,1550]],"type":"Polygon","properties":{"GEOID":"550791870002"}},{"arcs":[[-185,1551,-245,1552,-1331,-173]],"type":"Polygon","properties":{"GEOID":"550790001023"}},{"arcs":[[1553,-534,-1004,-807,-871,-578,-574,-542]],"type":"Polygon","properties":{"GEOID":"550791204002"}},{"arcs":[[-428,1554,1555,-210]],"type":"Polygon","properties":{"GEOID":"550791201023"}},{"arcs":[[1556,-315,1557,1558,-148]],"type":"Polygon","properties":{"GEOID":"550791602033"}},{"arcs":[[-917,-914,-912,-901,-976,1559,-932]],"type":"Polygon","properties":{"GEOID":"550791009001"}},{"arcs":[[-1304,-160,1560,-399,-313]],"type":"Polygon","properties":{"GEOID":"550791602022"}},{"arcs":[[-1561,-159,1561,-400]],"type":"Polygon","properties":{"GEOID":"550791602024"}},{"arcs":[[-939,-5,1562,1563]],"type":"Polygon","properties":{"GEOID":"550791010002"}},{"arcs":[[-1563,-4,-212,-1537,1564]],"type":"Polygon","properties":{"GEOID":"550791201022"}},{"arcs":[[-625,1565,-595,-587,1566]],"type":"Polygon","properties":{"GEOID":"550791401002"}},{"arcs":[[1567,1568,1569,-253,1570]],"type":"Polygon","properties":{"GEOID":"550791503041"}},{"arcs":[[-688,-691,-572,1571,-692,1572]],"type":"Polygon","properties":{"GEOID":"550791501002"}},{"arcs":[[1573,-634,-689,-1573,-694,-102,-251,-1570]],"type":"Polygon","properties":{"GEOID":"550791501004"}},{"arcs":[[-1560,-975,-941,-933]],"type":"Polygon","properties":{"GEOID":"550791009003"}},{"arcs":[[-548,1574,-535,-1554,-541]],"type":"Polygon","properties":{"GEOID":"550791204005"}},{"arcs":[[-559,-25,-170,1575,1576,-38]],"type":"Polygon","properties":{"GEOID":"550790074002"}},{"arcs":[[-446,-929,-171,-23,-451,-448,1577,1578,1579,-442]],"type":"Polygon","properties":{"GEOID":"550790702003"}},{"arcs":[[-1375,-1506,-1462,1580,-1383]],"type":"Polygon","properties":{"GEOID":"550790133001"}},{"arcs":[[1581,1582,1583,1584,1585]],"type":"Polygon","properties":{"GEOID":"550790003011"}},{"arcs":[[1586,1587,1588,1589,1590]],"type":"Polygon","properties":{"GEOID":"550790069003"}},{"arcs":[[1591,1592,1593,-696,1594,1595,1596]],"type":"Polygon","properties":{"GEOID":"550790909004"}},{"arcs":[[-1596,1597,-698,-710,-714,-720,-708,-705,1598]],"type":"Polygon","properties":{"GEOID":"550790911003"}},{"arcs":[[1599,-1173,1600,-1101,-1485,1601,-1177]],"type":"Polygon","properties":{"GEOID":"550790098001"}},{"arcs":[[1602,-1170,1603,1604,1605,1606,-1102,-1601,1607]],"type":"Polygon","properties":{"GEOID":"550790089002"}},{"arcs":[[1608,1609,1610,-61,-1151,1611]],"type":"Polygon","properties":{"GEOID":"550790067002"}},{"arcs":[[-1612,-1150,-1157,1612,1613]],"type":"Polygon","properties":{"GEOID":"550790066003"}},{"arcs":[[1614,-1406,-1549,1615,-197,1616,1617,1618,1619,-1576,-169,1620,1621]],"type":"Polygon","properties":{"GEOID":"550799800001"}},{"arcs":[[1622,-1618,1623,1624]],"type":"Polygon","properties":{"GEOID":"550790075003"}},{"arcs":[[1625,1626,-1498,1627,-1606]],"type":"Polygon","properties":{"GEOID":"550790088002"}},{"arcs":[[1628,-81,-1445,-1098]],"type":"Polygon","properties":{"GEOID":"550790099002"}},{"arcs":[[-1628,-1167,-1629,-1097,-1607]],"type":"Polygon","properties":{"GEOID":"550790088001"}},{"arcs":[[1629,-1622,1630,1631,1632]],"type":"Polygon","properties":{"GEOID":"550791874001"}},{"arcs":[[-1602,-1486,-1450,-1233]],"type":"Polygon","properties":{"GEOID":"550790097002"}},{"arcs":[[-923,1633,-162,-928,-955,-957,-152]],"type":"Polygon","properties":{"GEOID":"550790301002"}},{"arcs":[[1634,1635,-305,-728]],"type":"Polygon","properties":{"GEOID":"550791503032"}},{"arcs":[[-74,-84,1636,-1441,-1409,-1473]],"type":"Polygon","properties":{"GEOID":"550790141001"}},{"arcs":[[-109,-748,-751,-1401,-641]],"type":"Polygon","properties":{"GEOID":"550790128001"}},{"arcs":[[-966,-968,1637,-241,-1552]],"type":"Polygon","properties":{"GEOID":"550790501014"}},{"arcs":[[-1399,-1456,-814,-828,-832]],"type":"Polygon","properties":{"GEOID":"550791003001"}},{"arcs":[[1638,1639,1640,-527,-732,-739,-779]],"type":"Polygon","properties":{"GEOID":"550790198005"}},{"arcs":[[1641,1642,-864,1643]],"type":"Polygon","properties":{"GEOID":"550791805003"}},{"arcs":[[1644,1645,-1359,1646]],"type":"Polygon","properties":{"GEOID":"550790047002"}},{"arcs":[[1647,1648,-1647,-1358,1649,1650]],"type":"Polygon","properties":{"GEOID":"550790047003"}},{"arcs":[[1651,1652,1653,1654,-1651,1655,-1519,1656,1657,1658]],"type":"Polygon","properties":{"GEOID":"550790047004"}},{"arcs":[[1659,1660,-1659,1661,1662,1663]],"type":"Polygon","properties":{"GEOID":"550790048001"}},{"arcs":[[-1663,1664,1665,1666]],"type":"Polygon","properties":{"GEOID":"550790048002"}},{"arcs":[[-1666,1667,1668,1669]],"type":"Polygon","properties":{"GEOID":"550790048003"}},{"arcs":[[-1669,1670,1671,-1353,1672]],"type":"Polygon","properties":{"GEOID":"550790048004"}},{"arcs":[[1673,-1664,-1667,-1670,-1673,-1352,1674,1675,1676]],"type":"Polygon","properties":{"GEOID":"550790049001"}},{"arcs":[[1677,-1677,1678,1679,1680]],"type":"Polygon","properties":{"GEOID":"550790049002"}},{"arcs":[[1681,-1681,1682,1683]],"type":"Polygon","properties":{"GEOID":"550790049003"}},{"arcs":[[1684,-1684,1685,1686,1687,1688,1689]],"type":"Polygon","properties":{"GEOID":"550790050001"}},{"arcs":[[1690,1691,-1688,1692,1693]],"type":"Polygon","properties":{"GEOID":"550790050002"}},{"arcs":[[-39,-1577,-1620,1694,1695]],"type":"Polygon","properties":{"GEOID":"550790075001"}},{"arcs":[[-1695,-1619,-1623,1696]],"type":"Polygon","properties":{"GEOID":"550790075002"}},{"arcs":[[-1624,-1617,-196,-1524]],"type":"Polygon","properties":{"GEOID":"550790076001"}},{"arcs":[[1697,-1525,-198,-1616,-1544]],"type":"Polygon","properties":{"GEOID":"550790076003"}},{"arcs":[[-1526,-1698,1698,1699]],"type":"Polygon","properties":{"GEOID":"550790077002"}},{"arcs":[[1700,-1527,-1700,1701,-1138,-1308]],"type":"Polygon","properties":{"GEOID":"550790077003"}},{"arcs":[[1702,-1696,1703,1704]],"type":"Polygon","properties":{"GEOID":"550790078001"}},{"arcs":[[1705,-1689,-1692]],"type":"Polygon","properties":{"GEOID":"550790050003"}},{"arcs":[[-1489,1706,-1690,-1706,1707]],"type":"Polygon","properties":{"GEOID":"550790050004"}},{"arcs":[[1708,1709,1710,-861,1711,1712,1713]],"type":"Polygon","properties":{"GEOID":"550790051001"}},{"arcs":[[1714,1715,-1713,-1490,-1708,-1691,1716,1717,-1513]],"type":"Polygon","properties":{"GEOID":"550790051002"}},{"arcs":[[1718,-1714,-1716,1719]],"type":"Polygon","properties":{"GEOID":"550790051003"}},{"arcs":[[1720,1721,1722,-1511,1723,1724]],"type":"Polygon","properties":{"GEOID":"550790052001"}},{"arcs":[[1725,-1720,-1715,-1512,-1723]],"type":"Polygon","properties":{"GEOID":"550790052002"}},{"arcs":[[1726,-1724,-1515,1727,1728,1729]],"type":"Polygon","properties":{"GEOID":"550790054002"}},{"arcs":[[1730,-1729,1731,1732,1733,1734,1735]],"type":"Polygon","properties":{"GEOID":"550790054003"}},{"arcs":[[1736,-1730,-1731,1737,1738,1739]],"type":"Polygon","properties":{"GEOID":"550790054004"}},{"arcs":[[-603,1740,1741,-1738,-1736,1742,-609,-605]],"type":"Polygon","properties":{"GEOID":"550790055002"}},{"arcs":[[-1402,-834,-843,-906]],"type":"Polygon","properties":{"GEOID":"550791006001"}},{"arcs":[[1743,1744,-1709,-1719,1745]],"type":"Polygon","properties":{"GEOID":"550790035004"}},{"arcs":[[1746,-1047,1747,-1064,-1051]],"type":"Polygon","properties":{"GEOID":"550790170004"}},{"arcs":[[-673,1748,-1200,-1222,-699,1749]],"type":"Polygon","properties":{"GEOID":"550790909001"}},{"arcs":[[-1578,-459,-463,-514,1750]],"type":"Polygon","properties":{"GEOID":"550790703001"}},{"arcs":[[1751,-1493,1752,1753,1754,1755]],"type":"Polygon","properties":{"GEOID":"550790026001"}},{"arcs":[[1756,1757,1758,-1188,-1193]],"type":"Polygon","properties":{"GEOID":"550790092001"}},{"arcs":[[-1672,-1168,-1495,-1354]],"type":"Polygon","properties":{"GEOID":"550790062001"}},{"arcs":[[-1472,1759,1760,-1420]],"type":"Polygon","properties":{"GEOID":"550790147001"}},{"arcs":[[1761,1762,1763,-1360]],"type":"Polygon","properties":{"GEOID":"550790065001"}},{"arcs":[[1764,1765,1766,1767,1768]],"type":"Polygon","properties":{"GEOID":"550790045003"}},{"arcs":[[-1704,-1697,1769,1770]],"type":"Polygon","properties":{"GEOID":"550790078002"}},{"arcs":[[-1528,-328,-333,1771]],"type":"Polygon","properties":{"GEOID":"550791802004"}},{"arcs":[[1772,-780,-545,-539,-998]],"type":"Polygon","properties":{"GEOID":"550790199002"}},{"arcs":[[1773,1774,-1741,-602]],"type":"Polygon","properties":{"GEOID":"550790055003"}},{"arcs":[[-193,1775,-1740,1776,-1774,-601]],"type":"Polygon","properties":{"GEOID":"550790055004"}},{"arcs":[[-1734,1777,1778,-654,1779]],"type":"Polygon","properties":{"GEOID":"550790056001"}},{"arcs":[[-1743,-1735,-1780,-653,-665,-610]],"type":"Polygon","properties":{"GEOID":"550790056002"}},{"arcs":[[-1733,1780,1781,-666,1782,-1778]],"type":"Polygon","properties":{"GEOID":"550790057001"}},{"arcs":[[1783,1784,1785,-1592,1786,-1782]],"type":"Polygon","properties":{"GEOID":"550790057002"}},{"arcs":[[1787,-1717,-1694,1788,1789,-670,-118,1790]],"type":"Polygon","properties":{"GEOID":"550790058001"}},{"arcs":[[1791,-1791,-675,-695,1792,-1593,-1786]],"type":"Polygon","properties":{"GEOID":"550790058002"}},{"arcs":[[1793,-1718,-1788,-1792,-1785]],"type":"Polygon","properties":{"GEOID":"550790058003"}},{"arcs":[[-1693,-1687,1794,1795,-1789]],"type":"Polygon","properties":{"GEOID":"550790059001"}},{"arcs":[[1796,1797,-63,1798]],"type":"Polygon","properties":{"GEOID":"550790070003"}},{"arcs":[[1799,1800,1801,1802]],"type":"Polygon","properties":{"GEOID":"550790033001"}},{"arcs":[[-1023,-440,-554,1803]],"type":"Polygon","properties":{"GEOID":"550790196003"}},{"arcs":[[1804,-1680,1805,1806]],"type":"Polygon","properties":{"GEOID":"550790060001"}},{"arcs":[[-1071,-1041,-1082,-1074]],"type":"Polygon","properties":{"GEOID":"550790174001"}},{"arcs":[[1807,1808,-1491,1809]],"type":"Polygon","properties":{"GEOID":"550790025001"}},{"arcs":[[-667,-1787,-1597,-1599,-704,-1324]],"type":"Polygon","properties":{"GEOID":"550790909003"}},{"arcs":[[-1289,-1287,-1107,-1147]],"type":"Polygon","properties":{"GEOID":"550790081002"}},{"arcs":[[1810,-885,-570,-921]],"type":"Polygon","properties":{"GEOID":"550790218001"}},{"arcs":[[-829,-986,-1007,-1011,-981]],"type":"Polygon","properties":{"GEOID":"550791015003"}},{"arcs":[[1811,-6,-1516,1812]],"type":"Polygon","properties":{"GEOID":"550790020003"}},{"arcs":[[-1761,-1418,-1435,-1423]],"type":"Polygon","properties":{"GEOID":"550790147002"}},{"arcs":[[-1796,1813,1814,-1790]],"type":"Polygon","properties":{"GEOID":"550790059002"}},{"arcs":[[-1815,1815,1816,1817,-671]],"type":"Polygon","properties":{"GEOID":"550790059003"}},{"arcs":[[-1817,1818,-1192,-1198,1819]],"type":"Polygon","properties":{"GEOID":"550790059004"}},{"arcs":[[-1816,-1814,-1795,-1686,-1683,-1805,1820,-1757,-1819]],"type":"Polygon","properties":{"GEOID":"550790060003"}},{"arcs":[[-1675,-1357,1821,1822,1823]],"type":"Polygon","properties":{"GEOID":"550790061002"}},{"arcs":[[-1496,-1603,1824,-1356]],"type":"Polygon","properties":{"GEOID":"550790062003"}},{"arcs":[[-1825,-1608,-1172,-1822]],"type":"Polygon","properties":{"GEOID":"550790062004"}},{"arcs":[[-1657,-1522,1825,1826,1827]],"type":"Polygon","properties":{"GEOID":"550790063001"}},{"arcs":[[-1827,1828,1829,-1626,-1605,1830]],"type":"Polygon","properties":{"GEOID":"550790063002"}},{"arcs":[[-1668,-1665,-1662,-1658,-1828,-1831,-1604,-1169,-1671]],"type":"Polygon","properties":{"GEOID":"550790063003"}},{"arcs":[[-1521,1831,-1361,-1764,1832,1833,1834,-1826]],"type":"Polygon","properties":{"GEOID":"550790064001"}},{"arcs":[[-1835,1835,1836,-1829]],"type":"Polygon","properties":{"GEOID":"550790064002"}},{"arcs":[[-1837,1837,-1497,-1627,-1830]],"type":"Polygon","properties":{"GEOID":"550790064003"}},{"arcs":[[-1650,-1362,-1832,-1520,-1656]],"type":"Polygon","properties":{"GEOID":"550790065003"}},{"arcs":[[-1174,-1600,-1176,-1181]],"type":"Polygon","properties":{"GEOID":"550790090002"}},{"arcs":[[-1467,-1431,-1434,-1460,-1505]],"type":"Polygon","properties":{"GEOID":"550790134001"}},{"arcs":[[-1218,-1221,-1048,-1055,-1267]],"type":"Polygon","properties":{"GEOID":"550790161002"}},{"arcs":[[-1237,-1235,-1255,-1302,-1044,1838]],"type":"Polygon","properties":{"GEOID":"550790170001"}},{"arcs":[[-1530,-1365,1839,1840,-474]],"type":"Polygon","properties":{"GEOID":"550790187001"}},{"arcs":[[-238,-235,-358,-351,-355]],"type":"Polygon","properties":{"GEOID":"550790202001"}},{"arcs":[[1841,-1579,-1751,-513,-516,-1480]],"type":"Polygon","properties":{"GEOID":"550790701002"}},{"arcs":[[-1779,-1783,-669,-1323,-655]],"type":"Polygon","properties":{"GEOID":"550790908001"}},{"arcs":[[-948,-1025,1842,-435,-952]],"type":"Polygon","properties":{"GEOID":"550791012002"}},{"arcs":[[-227,-537,-1363,-221]],"type":"Polygon","properties":{"GEOID":"550791202023"}},{"arcs":[[1843,1844,1845,1846]],"type":"Polygon","properties":{"GEOID":"550790003021"}},{"arcs":[[1847,1848,1849,-1584]],"type":"Polygon","properties":{"GEOID":"550790003031"}},{"arcs":[[1850,1851,-561,1852]],"type":"Polygon","properties":{"GEOID":"550790004001"}},{"arcs":[[1853,1854,1855,1856,1857,1858,-562,-1852]],"type":"Polygon","properties":{"GEOID":"550790005012"}},{"arcs":[[1859,1860,-1855]],"type":"Polygon","properties":{"GEOID":"550790005023"}},{"arcs":[[1861,-1510,1862,1863]],"type":"Polygon","properties":{"GEOID":"550790006002"}},{"arcs":[[-1504,-1115,-1440,-1136]],"type":"Polygon","properties":{"GEOID":"550791856002"}},{"arcs":[[1864,-1632,1865,-1271,-124]],"type":"Polygon","properties":{"GEOID":"550791865001"}},{"arcs":[[-1240,-1238,-1839,-1043,-1747,-1050]],"type":"Polygon","properties":{"GEOID":"550790170005"}},{"arcs":[[-1203,-1347,1866,-1241,-1253,-1213]],"type":"Polygon","properties":{"GEOID":"550790158003"}},{"arcs":[[-1464,1867,-1422,-1426,-1428,-1466]],"type":"Polygon","properties":{"GEOID":"550790137002"}},{"arcs":[[1868,1869,1870,1871,-1645,-1649,1872]],"type":"Polygon","properties":{"GEOID":"550790042002"}},{"arcs":[[-480,1873,1874,1875]],"type":"Polygon","properties":{"GEOID":"550790193002"}},{"arcs":[[1876,1877,1878,1879,-1861]],"type":"Polygon","properties":{"GEOID":"550790016002"}},{"arcs":[[-676,-120,-674,-1750,-1598,-1595]],"type":"Polygon","properties":{"GEOID":"550790909002"}},{"arcs":[[-443,-1580,-1842,-1479]],"type":"Polygon","properties":{"GEOID":"550790701005"}},{"arcs":[[1880,1881,-1339,1882,-1508]],"type":"Polygon","properties":{"GEOID":"550790006004"}},{"arcs":[[1883,1884,1885,1886,-1882,1887]],"type":"Polygon","properties":{"GEOID":"550790006005"}},{"arcs":[[-243,1888,1889,1890]],"type":"Polygon","properties":{"GEOID":"550790007001"}},{"arcs":[[-1890,1891,1892,1893]],"type":"Polygon","properties":{"GEOID":"550790007002"}},{"arcs":[[1894,1895,1896,-1885]],"type":"Polygon","properties":{"GEOID":"550790008002"}},{"arcs":[[1897,-1540,-188,1898,1899,1900,1901]],"type":"Polygon","properties":{"GEOID":"550790009002"}},{"arcs":[[1902,1903,1904,1905]],"type":"Polygon","properties":{"GEOID":"550790010001"}},{"arcs":[[1906,1907,1908]],"type":"Polygon","properties":{"GEOID":"550790011002"}},{"arcs":[[-1443,-1343,1909,1910]],"type":"Polygon","properties":{"GEOID":"550790012002"}},{"arcs":[[-1806,-1679,-1676,-1824,1911,1912]],"type":"Polygon","properties":{"GEOID":"550790061003"}},{"arcs":[[1913,1914,-1725,-1727,-1737,-1776]],"type":"Polygon","properties":{"GEOID":"550790054001"}},{"arcs":[[-470,-346,1915,1916]],"type":"Polygon","properties":{"GEOID":"550791701002"}},{"arcs":[[-365,-1531,-375,-1309,-359,-233]],"type":"Polygon","properties":{"GEOID":"550790204003"}},{"arcs":[[-1532,-1326,-974,-945,1917]],"type":"Polygon","properties":{"GEOID":"550791013003"}},{"arcs":[[1918,1919,-90,1920,1921,1922,1923]],"type":"Polygon","properties":{"GEOID":"550790183003"}},{"arcs":[[1924,1925,1926,1927,-1766]],"type":"Polygon","properties":{"GEOID":"550790045002"}},{"arcs":[[-66,-1149,-1134,-1154]],"type":"Polygon","properties":{"GEOID":"550791857002"}},{"arcs":[[1928,-1863,-1509,1929,1930,-855]],"type":"Polygon","properties":{"GEOID":"550790014001"}},{"arcs":[[1931,1932,1933,-859,1934,1935]],"type":"Polygon","properties":{"GEOID":"550790031004"}},{"arcs":[[-1793,-697,-1594]],"type":"Polygon","properties":{"GEOID":"550790910006"}},{"arcs":[[-1449,-1419,-1868,-1470,1936,1937]],"type":"Polygon","properties":{"GEOID":"550790137001"}},{"arcs":[[-1912,-1823,-1175,-1180,-1759]],"type":"Polygon","properties":{"GEOID":"550790091001"}},{"arcs":[[-1930,-1883,-1345,-1444,-1911,1938,-1312,-1316,-1320,1939]],"type":"Polygon","properties":{"GEOID":"550790013001"}},{"arcs":[[-1931,-1940,-1322,1940,1941]],"type":"Polygon","properties":{"GEOID":"550790015001"}},{"arcs":[[-856,-1942,1942,1943]],"type":"Polygon","properties":{"GEOID":"550790015002"}},{"arcs":[[-857,-1944,1944,-1877,1945]],"type":"Polygon","properties":{"GEOID":"550790015003"}},{"arcs":[[-1945,-1943,-1941,1946,1947,1948,1949,-1878]],"type":"Polygon","properties":{"GEOID":"550790016001"}},{"arcs":[[-1949,1950,1951]],"type":"Polygon","properties":{"GEOID":"550790017001"}},{"arcs":[[-1951,-1948,1952,-1800,1953,1954]],"type":"Polygon","properties":{"GEOID":"550790017002"}},{"arcs":[[1955,-1879,-1950,-1952,-1955,1956,1957,1958]],"type":"Polygon","properties":{"GEOID":"550790017003"}},{"arcs":[[1959,-1959,1960,1961,-1857]],"type":"Polygon","properties":{"GEOID":"550790017004"}},{"arcs":[[-1856,-1880,-1956,-1960]],"type":"Polygon","properties":{"GEOID":"550790017005"}},{"arcs":[[-1317,-1314,1962,1963,1964]],"type":"Polygon","properties":{"GEOID":"550790018002"}},{"arcs":[[-1321,-1318,-1965,1965,1966,-1947]],"type":"Polygon","properties":{"GEOID":"550790018003"}},{"arcs":[[-867,1967,-271,1968]],"type":"Polygon","properties":{"GEOID":"550791703001"}},{"arcs":[[-1702,-1699,-1546,-57,1969,-1139]],"type":"Polygon","properties":{"GEOID":"550790108001"}},{"arcs":[[1970,-1918,-951,-970]],"type":"Polygon","properties":{"GEOID":"550791013002"}},{"arcs":[[-1024,-1804,-552,1971]],"type":"Polygon","properties":{"GEOID":"550790196004"}},{"arcs":[[1972,-491,-496,-637,-782,-384]],"type":"Polygon","properties":{"GEOID":"550790207005"}},{"arcs":[[-1341,1973,1974,1975,1976]],"type":"Polygon","properties":{"GEOID":"550790019001"}},{"arcs":[[1977,-1976,-1813,1978,1979,1980]],"type":"Polygon","properties":{"GEOID":"550790019002"}},{"arcs":[[1981,-1981,1982,1983,1984,1985]],"type":"Polygon","properties":{"GEOID":"550790019003"}},{"arcs":[[-1910,-1342,-1977,-1978,-1982,1986]],"type":"Polygon","properties":{"GEOID":"550790019004"}},{"arcs":[[1987,1988,1989,1990]],"type":"Polygon","properties":{"GEOID":"550790020001"}},{"arcs":[[1991,1992,-1991,1993,1994,1995,-1808,1996,-7,-1812,-1975]],"type":"Polygon","properties":{"GEOID":"550790020002"}},{"arcs":[[1997,1998,1999,2000,2001]],"type":"Polygon","properties":{"GEOID":"550790021001"}},{"arcs":[[2002,-2001,2003,-1995]],"type":"Polygon","properties":{"GEOID":"550790021002"}},{"arcs":[[-1990,-1905,-2002,-2003,-1994]],"type":"Polygon","properties":{"GEOID":"550790021003"}},{"arcs":[[2004,-392,-390,2005,2006,2007,2008,-1999]],"type":"Polygon","properties":{"GEOID":"550790022001"}},{"arcs":[[2009,-2007,2010,2011,2012,2013,2014]],"type":"Polygon","properties":{"GEOID":"550790023001"}},{"arcs":[[2015,-2014]],"type":"Polygon","properties":{"GEOID":"550790023002"}},{"arcs":[[2016,2017,-2015,-2016,-2013,2018,2019,2020]],"type":"Polygon","properties":{"GEOID":"550790023003"}},{"arcs":[[2021,-2008,-2010,-2018]],"type":"Polygon","properties":{"GEOID":"550790023004"}},{"arcs":[[2022,-2009,-2022,-2017,2023]],"type":"Polygon","properties":{"GEOID":"550790023005"}},{"arcs":[[-2024,-2021,2024,2025,2026]],"type":"Polygon","properties":{"GEOID":"550790024001"}},{"arcs":[[2027,-2026,2028,2029,-1348,2030,-1753]],"type":"Polygon","properties":{"GEOID":"550790024002"}},{"arcs":[[-1996,-2004,-2000,-2023,-2027,-2028,-1492,-1809]],"type":"Polygon","properties":{"GEOID":"550790024003"}},{"arcs":[[-1997,-1810,-1494,-1752,-8]],"type":"Polygon","properties":{"GEOID":"550790025003"}},{"arcs":[[-1755,2031,2032,2033]],"type":"Polygon","properties":{"GEOID":"550790026002"}},{"arcs":[[2034,-2033,2035,2036,2037,2038]],"type":"Polygon","properties":{"GEOID":"550790026003"}},{"arcs":[[-9,-1756,-2034,-2035,2039]],"type":"Polygon","properties":{"GEOID":"550790027001"}},{"arcs":[[2040,-1517,-10,-2040,-2039,2041,2042,2043]],"type":"Polygon","properties":{"GEOID":"550790027002"}},{"arcs":[[-1979,-1518,2044,2045]],"type":"Polygon","properties":{"GEOID":"550790029001"}},{"arcs":[[-1983,-1980,-2046,2046,2047]],"type":"Polygon","properties":{"GEOID":"550790029002"}},{"arcs":[[-1984,-2048,2048,2049,2050]],"type":"Polygon","properties":{"GEOID":"550790030001"}},{"arcs":[[2051,-1985,-2051,2052,2053,2054]],"type":"Polygon","properties":{"GEOID":"550790030002"}},{"arcs":[[-1966,-1964,2055,-2055,2056,2057]],"type":"Polygon","properties":{"GEOID":"550790030003"}},{"arcs":[[-1967,-2058,2058,2059,2060,-1953]],"type":"Polygon","properties":{"GEOID":"550790030004"}},{"arcs":[[-2049,-2047,-2045,-2041,2061,2062]],"type":"Polygon","properties":{"GEOID":"550790031001"}},{"arcs":[[2063,-2062,-2044,2064,2065]],"type":"Polygon","properties":{"GEOID":"550790031002"}},{"arcs":[[2066,-2053,-2050,-2063,-2064,2067,-1933]],"type":"Polygon","properties":{"GEOID":"550790031003"}},{"arcs":[[-2059,-2057,-2054,-2067,-1932,2068]],"type":"Polygon","properties":{"GEOID":"550790032001"}},{"arcs":[[-2060,-2069,-1936,2069,2070,2071]],"type":"Polygon","properties":{"GEOID":"550790032002"}},{"arcs":[[-1801,-2061,-2072,-1744,2072]],"type":"Polygon","properties":{"GEOID":"550790032003"}},{"arcs":[[2073,-1802,-2073,2074,2075,2076]],"type":"Polygon","properties":{"GEOID":"550790033002"}},{"arcs":[[2077,-1957,-1954,-1803,-2074,2078]],"type":"Polygon","properties":{"GEOID":"550790033003"}},{"arcs":[[-1961,-1958,-2078,2079,2080]],"type":"Polygon","properties":{"GEOID":"550790033004"}},{"arcs":[[-1858,-1962,-2081,2081,2082,2083]],"type":"Polygon","properties":{"GEOID":"550790033005"}},{"arcs":[[-2080,-2079,-2077,2084,-2082]],"type":"Polygon","properties":{"GEOID":"550790033006"}},{"arcs":[[-2075,-1746,-1726,-1722,2085]],"type":"Polygon","properties":{"GEOID":"550790034001"}},{"arcs":[[-2085,-2076,-2086,-1721,-1915,2086]],"type":"Polygon","properties":{"GEOID":"550790034002"}},{"arcs":[[2087,-2083,-2087,-1914,-192]],"type":"Polygon","properties":{"GEOID":"550790034003"}},{"arcs":[[-2071,2088,-1710,-1745]],"type":"Polygon","properties":{"GEOID":"550790035003"}},{"arcs":[[-2065,2089,2090,2091,2092]],"type":"Polygon","properties":{"GEOID":"550790036001"}},{"arcs":[[-860,-1934,-2068,-2066,-2093,-1487,-1712]],"type":"Polygon","properties":{"GEOID":"550790036002"}},{"arcs":[[-2092,2093,-1685,-1707,-1488]],"type":"Polygon","properties":{"GEOID":"550790037001"}},{"arcs":[[2094,2095,2096,-1674,2097]],"type":"Polygon","properties":{"GEOID":"550790038001"}},{"arcs":[[2098,-2095,2099]],"type":"Polygon","properties":{"GEOID":"550790038002"}},{"arcs":[[-2091,2100,2101,-2100,-2098,-1678,-1682,-2094]],"type":"Polygon","properties":{"GEOID":"550790038003"}},{"arcs":[[2102,2103,-1653,2104,2105]],"type":"Polygon","properties":{"GEOID":"550790039001"}},{"arcs":[[-2105,-1652,-1661,2106]],"type":"Polygon","properties":{"GEOID":"550790039002"}},{"arcs":[[2107,-2106,-2107,-1660,-2097]],"type":"Polygon","properties":{"GEOID":"550790039003"}},{"arcs":[[-2043,2108,2109,-2101,-2090]],"type":"Polygon","properties":{"GEOID":"550790040001"}},{"arcs":[[-2042,2110,2111,-2109]],"type":"Polygon","properties":{"GEOID":"550790040002"}},{"arcs":[[-2112,2112,-2096,-2099,-2102,-2110]],"type":"Polygon","properties":{"GEOID":"550790040003"}},{"arcs":[[-2036,-2032,-1754,-2031,-1351,2113,-1654,-2104,2114]],"type":"Polygon","properties":{"GEOID":"550790041001"}},{"arcs":[[-2037,-2115,-2103,2115]],"type":"Polygon","properties":{"GEOID":"550790041002"}},{"arcs":[[-2111,-2038,-2116,-2108,-2113]],"type":"Polygon","properties":{"GEOID":"550790041003"}},{"arcs":[[-2030,2116,-1869,2117,-1349]],"type":"Polygon","properties":{"GEOID":"550790042001"}},{"arcs":[[-1350,-2118,-1873,-1648,-1655,-2114]],"type":"Polygon","properties":{"GEOID":"550790042003"}},{"arcs":[[-2019,2118,2119,2120,2121]],"type":"Polygon","properties":{"GEOID":"550790043001"}},{"arcs":[[2122,-1483,2123,2124,-1925,-1765,2125,-2119,-2012]],"type":"Polygon","properties":{"GEOID":"550790043002"}},{"arcs":[[-2120,-2126,2126,2127,2128]],"type":"Polygon","properties":{"GEOID":"550790043003"}},{"arcs":[[-2020,-2122,2129,2130,-1870,-2117,-2029,-2025]],"type":"Polygon","properties":{"GEOID":"550790043004"}},{"arcs":[[-1763,2131,2132,2133,2134,2135,2136,-1609,-1614,2137,-1833]],"type":"Polygon","properties":{"GEOID":"550790066001"}},{"arcs":[[-1836,-1834,-2138,-1613,-1156,-1161,-1838]],"type":"Polygon","properties":{"GEOID":"550790066002"}},{"arcs":[[2138,2139,2140,-1610,-2137]],"type":"Polygon","properties":{"GEOID":"550790067001"}},{"arcs":[[-1927,2141,-1591,2142,-2140,2143]],"type":"Polygon","properties":{"GEOID":"550790068001"}},{"arcs":[[-1767,-1928,-2144,-2139,-2136,2144]],"type":"Polygon","properties":{"GEOID":"550790068002"}},{"arcs":[[2145,-1768,-2145,-2135,2146]],"type":"Polygon","properties":{"GEOID":"550790068003"}},{"arcs":[[-517,-465,-505,2147,2148,2149,2150,2151,2152,2153,-1481]],"type":"Polygon","properties":{"GEOID":"550790044001"}},{"arcs":[[2154,-2153,2155,-1588,2156]],"type":"Polygon","properties":{"GEOID":"550790044002"}},{"arcs":[[-2124,-1482,-2154,-2155,2157]],"type":"Polygon","properties":{"GEOID":"550790044003"}},{"arcs":[[-2125,-2158,-2157,-1587,-2142,-1926]],"type":"Polygon","properties":{"GEOID":"550790045001"}},{"arcs":[[-2127,-1769,-2146,2158]],"type":"Polygon","properties":{"GEOID":"550790046001"}},{"arcs":[[-2128,-2159,2159,2160]],"type":"Polygon","properties":{"GEOID":"550790046002"}},{"arcs":[[2161,-2161,2162,-2133,2163]],"type":"Polygon","properties":{"GEOID":"550790046003"}},{"arcs":[[2164,-2164,-2132,2165]],"type":"Polygon","properties":{"GEOID":"550790046004"}},{"arcs":[[-1872,2166,-2166,-1762,-1646]],"type":"Polygon","properties":{"GEOID":"550790047001"}},{"arcs":[[2167,-2152,2168,2169]],"type":"Polygon","properties":{"GEOID":"550790069001"}},{"arcs":[[-2156,-2168,2170,-1589]],"type":"Polygon","properties":{"GEOID":"550790069002"}},{"arcs":[[-2171,-2170,-12,2171,-1797,2172]],"type":"Polygon","properties":{"GEOID":"550790070001"}},{"arcs":[[-2172,-16,2173,-1288,-1798]],"type":"Polygon","properties":{"GEOID":"550790070002"}},{"arcs":[[-2141,-2143,-1590,-2173,-1799,-62,-1611]],"type":"Polygon","properties":{"GEOID":"550790070004"}},{"arcs":[[-15,2174,-1305,-1281,-1284,-2174]],"type":"Polygon","properties":{"GEOID":"550790071001"}},{"arcs":[[-2150,2175,-1306,-2175,-14,2176]],"type":"Polygon","properties":{"GEOID":"550790072002"}},{"arcs":[[2177,-1499,-35,2178,2179]],"type":"Polygon","properties":{"GEOID":"550790073001"}},{"arcs":[[-2163,-2160,-2147,-2134]],"type":"Polygon","properties":{"GEOID":"550790068004"}},{"arcs":[[-2179,-40,-1703,2180]],"type":"Polygon","properties":{"GEOID":"550790073002"}},{"arcs":[[-2149,2181,-2180,-2181,-1705,-1771,2182,-2176]],"type":"Polygon","properties":{"GEOID":"550790073003"}},{"arcs":[[-132,2183,2184,-1921,-89]],"type":"Polygon","properties":{"GEOID":"550790181002"}},{"arcs":[[-131,-133,2185,-2184]],"type":"Polygon","properties":{"GEOID":"550790182001"}},{"arcs":[[-1922,-2185,-2186,-640,-488,2186]],"type":"Polygon","properties":{"GEOID":"550790183001"}},{"arcs":[[-1923,-2187,-487,2187,2188]],"type":"Polygon","properties":{"GEOID":"550790183002"}},{"arcs":[[2189,-1924,-2189,2190,-382,-378,2191]],"type":"Polygon","properties":{"GEOID":"550790184001"}},{"arcs":[[-97,2192,-2192,-377,2193]],"type":"Polygon","properties":{"GEOID":"550790184002"}},{"arcs":[[-373,-1503,-367,2194,2195,2196,-98,-2194,-376,2197,-1310]],"type":"Polygon","properties":{"GEOID":"550790185001"}},{"arcs":[[-2198,-381,-795,-1311]],"type":"Polygon","properties":{"GEOID":"550790185002"}},{"arcs":[[2198,2199,2200,-1840]],"type":"Polygon","properties":{"GEOID":"550790186001"}},{"arcs":[[-2201,2201,-2196,2202,2203]],"type":"Polygon","properties":{"GEOID":"550790186002"}},{"arcs":[[-2203,-2195,-366,2204]],"type":"Polygon","properties":{"GEOID":"550790186003"}},{"arcs":[[-1841,-2204,2205,-475]],"type":"Polygon","properties":{"GEOID":"550790187002"}},{"arcs":[[-2206,-2205,-362,-231]],"type":"Polygon","properties":{"GEOID":"550790187003"}},{"arcs":[[2206,2207,2208,-1005,-536,-1575,-547,-529]],"type":"Polygon","properties":{"GEOID":"550790191002"}},{"arcs":[[2209,2210,-2207,-528,-1641]],"type":"Polygon","properties":{"GEOID":"550790191003"}},{"arcs":[[-479,-993,-991,-989,2211,2212,2213,2214]],"type":"Polygon","properties":{"GEOID":"550790192001"}},{"arcs":[[2215,-2214,2216,-1640,2217]],"type":"Polygon","properties":{"GEOID":"550790192002"}},{"arcs":[[-1874,-2215,-2216,2218]],"type":"Polygon","properties":{"GEOID":"550790192003"}},{"arcs":[[2219,-1875,-2219,-2218,-1639,-778,-429,-1020]],"type":"Polygon","properties":{"GEOID":"550790192004"}},{"arcs":[[-1008,-995,-481,-1876,-2220,-1019]],"type":"Polygon","properties":{"GEOID":"550790193003"}},{"arcs":[[-1843,-1972,-421,-436]],"type":"Polygon","properties":{"GEOID":"550790194001"}},{"arcs":[[-1068,-1073,-1076,-476,-229,-349,2220]],"type":"Polygon","properties":{"GEOID":"550790188002"}},{"arcs":[[-1062,-1069,-2221,-348,-1000,2221,2222]],"type":"Polygon","properties":{"GEOID":"550790189001"}},{"arcs":[[-822,-1037,-1059,-1063,-2223,2223,2224,2225,2226,-987]],"type":"Polygon","properties":{"GEOID":"550790190001"}},{"arcs":[[2227,-2224,-2222,-999,2228,-2208,-2211]],"type":"Polygon","properties":{"GEOID":"550790190002"}},{"arcs":[[2229,-2225,-2228,-2210,-2217]],"type":"Polygon","properties":{"GEOID":"550790190003"}},{"arcs":[[2230,-2226,-2230,-2213]],"type":"Polygon","properties":{"GEOID":"550790190004"}},{"arcs":[[-988,-2227,-2231,-2212]],"type":"Polygon","properties":{"GEOID":"550790190005"}},{"arcs":[[-2229,-1002,-1003,-2209]],"type":"Polygon","properties":{"GEOID":"550790191001"}},{"arcs":[[-1307,-2183,-1770,-1625,-1523,-1701]],"type":"Polygon","properties":{"GEOID":"550790078003"}},{"arcs":[[-1087,2231,-2199,-1364]],"type":"Polygon","properties":{"GEOID":"550790176002"}},{"arcs":[[-2200,-2232,-1086,-99,-2197,-2202]],"type":"Polygon","properties":{"GEOID":"550791866002"}},{"arcs":[[2232,2233,2234,-94]],"type":"Polygon","properties":{"GEOID":"550790179001"}},{"arcs":[[-2235,2235,2236,2237,-95]],"type":"Polygon","properties":{"GEOID":"550790179002"}},{"arcs":[[-2237,2238,-1919,-2190,2239]],"type":"Polygon","properties":{"GEOID":"550790179003"}},{"arcs":[[-96,-2238,-2240,-2193]],"type":"Polygon","properties":{"GEOID":"550790179004"}},{"arcs":[[-85,-1920,-2239,-2236,-2234,2240]],"type":"Polygon","properties":{"GEOID":"550790180001"}},{"arcs":[[2241,-1853,-565,2242]],"type":"Polygon","properties":{"GEOID":"550790004002"}},{"arcs":[[-1585,-1850,2243,2244,2245,-1854,-1851,-2242,2246]],"type":"Polygon","properties":{"GEOID":"550790005011"}},{"arcs":[[2247,2248,-858,2249,-2245]],"type":"Polygon","properties":{"GEOID":"550790005021"}},{"arcs":[[-1946,-1860,-2246,-2250]],"type":"Polygon","properties":{"GEOID":"550790005022"}},{"arcs":[[-1864,-1929,-854,2250]],"type":"Polygon","properties":{"GEOID":"550790006003"}},{"arcs":[[-1553,-244,-1891,-1894,2251,-1895,-1884,-1332]],"type":"Polygon","properties":{"GEOID":"550790007003"}},{"arcs":[[2252,2253,-1333,-1888,-1881,-1507,-1862,-2251,-2249,-1845]],"type":"Polygon","properties":{"GEOID":"550790003042"}},{"arcs":[[2254,2255,-1336]],"type":"Polygon","properties":{"GEOID":"550790002021"}},{"arcs":[[2256,2257,-175,-1330,2258,-2255,2259]],"type":"Polygon","properties":{"GEOID":"550790002022"}},{"arcs":[[-1337,-2256,-2259,-1334,-2254,2260,2261,-1582,2262]],"type":"Polygon","properties":{"GEOID":"550790002023"}},{"arcs":[[-1846,-2248,-2244,-1849,2263]],"type":"Polygon","properties":{"GEOID":"550790003032"}},{"arcs":[[2264,-2257,2265]],"type":"Polygon","properties":{"GEOID":"550790002013"}},{"arcs":[[-2253,-1844,2266,-2261]],"type":"Polygon","properties":{"GEOID":"550790003041"}},{"arcs":[[2267,2268,-387,-1541,-1898,2269]],"type":"Polygon","properties":{"GEOID":"550790009001"}},{"arcs":[[2270,-1900,2271,-1903,2272,-1909,2273,-1992,-1974,-1340,-1887]],"type":"Polygon","properties":{"GEOID":"550790011001"}},{"arcs":[[-1908,2274,-1988,-1993,-2274]],"type":"Polygon","properties":{"GEOID":"550790011003"}},{"arcs":[[-1970,-56,-1550,-417,-1140]],"type":"Polygon","properties":{"GEOID":"550790108002"}},{"arcs":[[-1474,-1414,-1415,-1760]],"type":"Polygon","properties":{"GEOID":"550790146001"}},{"arcs":[[-136,-140,-638]],"type":"Polygon","properties":{"GEOID":"550790208002"}},{"arcs":[[2275,2276,-925,-960,-296,-299,-388,-2269,2277,2278]],"type":"Polygon","properties":{"GEOID":"550790401001"}},{"arcs":[[-502,-512,-1500,-2178,-2182,-2148,-504]],"type":"Polygon","properties":{"GEOID":"550790804002"}},{"arcs":[[-396,-447,-441,-1478]],"type":"Polygon","properties":{"GEOID":"550790701003"}},{"arcs":[[-647,-1403,-919,-931,2279]],"type":"Polygon","properties":{"GEOID":"550791008002"}},{"arcs":[[-651,-648,-2280,-930,2280]],"type":"Polygon","properties":{"GEOID":"550791008001"}},{"arcs":[[-272,-1968,2281,-319,-467,-288,-1501,2282]],"type":"Polygon","properties":{"GEOID":"550791703002"}},{"arcs":[[-1916,2283,-166,-203,-321,-278,-317,2284]],"type":"Polygon","properties":{"GEOID":"550791701001"}},{"arcs":[[-142,-167,-2284,-345,-342,2285,-330,-326,-322]],"type":"Polygon","properties":{"GEOID":"550791801002"}},{"arcs":[[-205,-275,-285]],"type":"Polygon","properties":{"GEOID":"550791705002"}},{"arcs":[[-1038,-873,-879,-883,2286]],"type":"Polygon","properties":{"GEOID":"550790215002"}},{"arcs":[[-1158,-1155,-68,-1164]],"type":"Polygon","properties":{"GEOID":"550790085002"}},{"arcs":[[-899,-1533,-1971,-977]],"type":"Polygon","properties":{"GEOID":"550791014003"}},{"arcs":[[-2070,-1935,-862,-1711,-2089]],"type":"Polygon","properties":{"GEOID":"550790035002"}},{"arcs":[[-1514,-1794,-1784,-1781,-1732,-1728]],"type":"Polygon","properties":{"GEOID":"550790053002"}},{"arcs":[[-2006,-389,-300,-1484,-2123,-2011]],"type":"Polygon","properties":{"GEOID":"550790602002"}},{"arcs":[[-1046,-1042,-1070,-1748]],"type":"Polygon","properties":{"GEOID":"550790170003"}},{"arcs":[[-1818,-1820,-1197,-1749,-672]],"type":"Polygon","properties":{"GEOID":"550790910001"}},{"arcs":[[-1313,-1939,-1987,-1986,-2052,-2056,-1963]],"type":"Polygon","properties":{"GEOID":"550790018001"}},{"arcs":[[-1346,-1145,-127,-1256,-1268,-1867]],"type":"Polygon","properties":{"GEOID":"550790157003"}},{"arcs":[[-1807,-1913,-1758,-1821]],"type":"Polygon","properties":{"GEOID":"550790060002"}},{"arcs":[[-1384,-1581,-1461,-51,-1205,-1215,-1026,-1031,-763,-760,-1457]],"type":"Polygon","properties":{"GEOID":"550791868002"}},{"arcs":[[-1538,-211,-1556,2287,-246,2288,-590,2289]],"type":"Polygon","properties":{"GEOID":"550791201013"}},{"arcs":[[-149,2290,2291,2292]],"type":"Polygon","properties":{"GEOID":"550791602053"}},{"arcs":[[-1559,2293,-403,2294,-2291]],"type":"Polygon","properties":{"GEOID":"550791602051"}},{"arcs":[[-182,-176,2295,-2266,-2260,-1335,2296]],"type":"Polygon","properties":{"GEOID":"550790002014"}},{"arcs":[[-401,-1562,-158,-164,2297,2298,2299]],"type":"Polygon","properties":{"GEOID":"550791603011"}},{"arcs":[[-2262,-2267,-1847,-2264,-1848,-1583]],"type":"Polygon","properties":{"GEOID":"550790003022"}},{"arcs":[[2300,-2278,-2268,2301,-242]],"type":"Polygon","properties":{"GEOID":"550790501041"}},{"arcs":[[-1368,-1938,2302,-1370]],"type":"Polygon","properties":{"GEOID":"550790136002"}},{"arcs":[[-2303,-1937,-1469,-1371]],"type":"Polygon","properties":{"GEOID":"550790136003"}},{"arcs":[[-1106,-1137,-1439,-1637,-83]],"type":"Polygon","properties":{"GEOID":"550791860002"}},{"arcs":[[-2272,-1899,-303,-393,-2005,-1998,-1904]],"type":"Polygon","properties":{"GEOID":"550790010003"}},{"arcs":[[-53,-1536,-1543,-1407,-1615,-1630,2303]],"type":"Polygon","properties":{"GEOID":"550791874002"}},{"arcs":[[-1412,-54,-2304,-1633,-1865,-123,-46]],"type":"Polygon","properties":{"GEOID":"550791874003"}},{"arcs":[[2304,2305,2306,-967,-964]],"type":"Polygon","properties":{"GEOID":"550790501031"}},{"arcs":[[2307,-2276,2308,-2306]],"type":"Polygon","properties":{"GEOID":"550790501032"}},{"arcs":[[-2307,-2309,-2279,-2301,-1638]],"type":"Polygon","properties":{"GEOID":"550790501033"}},{"arcs":[[-1643,2309,2310,-865]],"type":"Polygon","properties":{"GEOID":"550791702002"}},{"arcs":[[-1889,-2302,-2270,2311,-1892]],"type":"Polygon","properties":{"GEOID":"550790501042"}},{"arcs":[[2312,-596,-1566,-624,-635,-1574,-1569,2313,-267]],"type":"Polygon","properties":{"GEOID":"550791503044"}},{"arcs":[[-2252,-1893,-2312,-1902,2314,-1896]],"type":"Polygon","properties":{"GEOID":"550790008003"}},{"arcs":[[-1897,-2315,-1901,-2271,-1886]],"type":"Polygon","properties":{"GEOID":"550790008001"}},{"arcs":[[-1907,-2273,-1906,-1989,-2275]],"type":"Polygon","properties":{"GEOID":"550790010002"}},{"arcs":[[-563,-1859,-2084,2315,-190]],"type":"Polygon","properties":{"GEOID":"550790901004"}},{"arcs":[[-2121,-2129,-2162,2316,-2130]],"type":"Polygon","properties":{"GEOID":"550790043006"}},{"arcs":[[-2131,-2317,-2165,-2167,-1871]],"type":"Polygon","properties":{"GEOID":"550790043005"}},{"arcs":[[-2316,-2088,-191]],"type":"Polygon","properties":{"GEOID":"550790901003"}},{"arcs":[[-1775,-1777,-1739,-1742]],"type":"Polygon","properties":{"GEOID":"550790055001"}},{"arcs":[[2317,2318,-1635,-727]],"type":"Polygon","properties":{"GEOID":"550791503033"}},{"arcs":[[2319,-2292,-2295,2320,2321,2322,-308]],"type":"Polygon","properties":{"GEOID":"550791603021"}},{"arcs":[[2323,2324,2325,-2322]],"type":"Polygon","properties":{"GEOID":"550791603012"}},{"arcs":[[-402,-2300,2326,-2324,-2321]],"type":"Polygon","properties":{"GEOID":"550791603022"}},{"arcs":[[-2327,-2299,2327,-2325]],"type":"Polygon","properties":{"GEOID":"550791603013"}},{"arcs":[[-1272,-1866,-1631,-1621,-168,-86,-2241,-2233,-93,-1290]],"type":"Polygon","properties":{"GEOID":"550790180002"}},{"arcs":[[-520,-471,2328,-2310,-1642]],"type":"Polygon","properties":{"GEOID":"550791805004"}},{"arcs":[[-629,2329,-683,-631]],"type":"Polygon","properties":{"GEOID":"550791402014"}},{"arcs":[[2330,-893,2331,-868,-1969,-273,-2283,-1502,-311,2332]],"type":"Polygon","properties":{"GEOID":"550791601012"}},{"arcs":[[-263,-150,-2293,-2320,-259]],"type":"Polygon","properties":{"GEOID":"550791602061"}},{"arcs":[[-2333,-310,2333]],"type":"Polygon","properties":{"GEOID":"550791601011"}},{"arcs":[[-404,-408,-523,-1329,-1529,-1772,-334,-331,-2286,-341,-469,-519,-338]],"type":"Polygon","properties":{"GEOID":"550791803001"}},{"arcs":[[-1129,-1126,-419,-1551,-1547,-1475,-1131]],"type":"Polygon","properties":{"GEOID":"550790110003"}},{"arcs":[[2334,2335,-218,-247,-2288]],"type":"Polygon","properties":{"GEOID":"550791202012"}},{"arcs":[[-888,-891,2336,-1572]],"type":"Polygon","properties":{"GEOID":"550791601021"}},{"arcs":[[-597,-2313,-266]],"type":"Polygon","properties":{"GEOID":"550791503042"}},{"arcs":[[-1558,-398,-2294]],"type":"Polygon","properties":{"GEOID":"550791602052"}},{"arcs":[[-340,-521,-1644,-863,-2332,-892]],"type":"Polygon","properties":{"GEOID":"550791805002"}},{"arcs":[[-2151,-2177,-13,-2169]],"type":"Polygon","properties":{"GEOID":"550790072001"}},{"arcs":[[2337,-306,-1636]],"type":"Polygon","properties":{"GEOID":"550791872004"}},{"arcs":[[-628,-776,-682,-684,-2330]],"type":"Polygon","properties":{"GEOID":"550791402013"}},{"arcs":[[-2311,-2329,-1917,-2285,-316,-2282,-866]],"type":"Polygon","properties":{"GEOID":"550791702003"}},{"arcs":[[-582,-580,-2287,-882,-1811,-920]],"type":"Polygon","properties":{"GEOID":"550791205024"}},{"arcs":[[2338,-1571,2339,-2318,-726,-722]],"type":"Polygon","properties":{"GEOID":"550791503031"}},{"arcs":[[-2340,-252,-104,-257,-261,-307,-2338,-2319]],"type":"Polygon","properties":{"GEOID":"550791872003"}},{"arcs":[[-1438,-1542,-1534]],"type":"Polygon","properties":{"GEOID":"550790144003"}},{"arcs":[[-2191,-2188,-492,-1973,-383]],"type":"Polygon","properties":{"GEOID":"550790207004"}},{"arcs":[[-427,2340,-2335,-1555]],"type":"Polygon","properties":{"GEOID":"550791202013"}},{"arcs":[[-250,-1567,-586,-2289]],"type":"Polygon","properties":{"GEOID":"550791201012"}},{"arcs":[[-1568,-2339,-721,-2314]],"type":"Polygon","properties":{"GEOID":"550791503043"}},{"arcs":[[-2337,-890,-894,-2331,-2334,-1557,-147,-693]],"type":"Polygon","properties":{"GEOID":"550791601022"}},{"arcs":[[-733,-532,-781,-1773,-997]],"type":"Polygon","properties":{"GEOID":"550790199003"}},{"arcs":[[-2296,-179,-2258,-2265]],"type":"Polygon","properties":{"GEOID":"550790002012"}},{"arcs":[[-426,-213,-2336,-2341]],"type":"Polygon","properties":{"GEOID":"550791202014"}}]}}}